# 
# Wavefront OBJ file
# Converted by the DEEP Exploration Deep Exploration 6.5 x64 6.5.0.9182
# Right Hemisphere, LTD
# http://www.righthemisphere.com/
# 
mtllib Sea_Star.mtl
# object see_star_pivot
g see_star_pivot
v -1.41871 0.03816 2.60832
v 0.70713 -0.50317 2.60729
v 1.87859 1.35138 2.60686
v 0.47734 3.03788 2.60739
v -1.56191 2.22651 2.60716
v -1.13952 0.02251 2.76386
v 0.80924 -0.24317 2.76287
v 1.66369 1.52912 2.76082
v 0.24182 2.88769 2.76215
v -1.48895 1.95676 2.76350
v -0.97891 -0.11900 2.76845
v 0.99277 -0.13217 2.76991
v 1.61492 1.73663 2.76805
v 0.02994 2.90791 2.76597
v -1.57426 1.76052 2.76697
v -0.94774 -0.37692 2.61299
v 1.24701 -0.18394 2.61223
v 1.74183 1.96295 2.61166
v -0.14752 3.09741 2.61201
v -1.80977 1.65075 2.61279
v -1.02695 -0.57482 2.60321
v 1.41072 -0.31972 2.60245
v 1.92024 2.07600 2.59970
v -0.19913 3.30168 2.59917
v -2.01954 1.66511 2.59991
v -1.22390 -0.50095 2.57351
v 1.28097 -0.48517 2.57394
v 2.03727 1.90159 2.57082
v 0.00270 3.36066 2.57286
v -2.01171 1.87488 2.57175
v -1.40709 -0.39737 2.61196
v 1.12614 -0.62785 2.61176
v 2.12627 1.71108 2.61094
v 0.21146 3.38332 2.61063
v -1.97094 2.08083 2.61150
v -1.53468 -0.10939 2.56601
v 0.81198 -0.66097 2.56557
v 2.06042 1.40221 2.56486
v 0.48467 3.22666 2.56482
v -1.73721 2.29241 2.56663
v -1.26913 -0.09886 2.88027
v 0.88590 -0.40284 2.87869
v 1.83801 1.55133 2.87990
v 0.27411 3.06127 2.87861
v -1.64410 2.04275 2.88081
v -1.32437 -0.18046 2.86308
v 0.94613 -0.47973 2.86009
v 1.92975 1.58593 2.85991
v 0.27124 3.15932 2.86022
v -1.73912 2.06831 2.86195
v -1.26217 -0.28042 2.93772
v 1.06059 -0.45074 2.93445
v 1.94083 1.70408 2.93740
v 0.16249 3.20529 2.93724
v -1.81446 1.97831 2.93612
v -1.15546 -0.31233 2.86762
v 1.12324 -0.36046 2.86473
v 1.87099 1.79017 2.86397
v 0.05980 3.16643 2.86467
v -1.81281 1.86761 2.86755
v -1.09826 -0.33589 2.79544
v 1.16260 -0.31333 2.79427
v 1.83832 1.84349 2.79379
v -0.00290 3.15271 2.79426
v -1.81578 1.80655 2.79541
v -1.04847 -0.28285 2.84672
v 1.12763 -0.25011 2.84513
v 1.76679 1.82853 2.84399
v -0.01308 3.08077 2.84609
v -1.75237 1.77354 2.84831
v -1.05646 -0.19868 2.95477
v 1.72392 1.75523 2.94990
v 0.04566 3.01690 2.95014
v -1.67321 1.80937 2.95294
v 0.93111 -0.30117 2.98098
v 1.75593 1.62795 2.97970
v 0.17805 3.00532 2.97965
v -1.62223 1.93219 2.97919
v -1.15760 -0.11058 2.98013
v 1.04490 -0.23169 2.95202
v -1.84461 0.38098 2.66980
v 0.25000 -0.80084 2.67131
v 2.02181 0.82304 2.67016
v 1.02218 3.01063 2.67129
v -1.36597 2.73644 2.67169
v -1.99461 0.24944 2.69430
v 0.32891 -0.98548 2.69434
v 2.22057 0.84209 2.69525
v 1.06760 3.20598 2.69523
v -1.53873 2.83957 2.69704
v -1.99391 0.51002 3.09031
v 0.08167 -0.90337 3.09040
v 2.06726 0.62978 3.09065
v 1.21821 2.99411 3.09109
v -1.28894 2.92081 3.09104
v -1.94151 0.59915 3.03314
v 0.01156 -0.82711 3.03179
v 1.97082 0.59068 3.03283
v 1.22806 2.89091 3.03342
v -1.18796 2.89785 3.03478
v -2.02580 0.86688 3.08207
v -0.26866 -0.82578 3.08196
v 1.88380 0.32329 3.08166
v 1.45609 2.72551 3.08190
v -0.96037 3.06086 3.08199
v -2.08553 0.91029 3.16552
v -0.32798 -0.86989 3.16511
v 1.90693 0.25322 3.16510
v 1.52909 2.72312 3.16568
v -0.93529 3.12958 3.16584
v -2.15605 0.98901 3.06594
v -0.42558 -0.91044 3.06590
v 1.91535 0.14791 3.06582
v 1.63267 2.70185 3.06574
v -0.88309 3.22163 3.06580
v -2.05208 0.94131 2.99510
v -0.34788 -0.82662 2.99519
v 1.86028 0.24785 2.99496
v 1.52047 2.67864 2.99606
v -0.89633 3.10796 2.99584
v -2.08411 1.02768 2.88762
v -0.43941 -0.83096 2.88671
v 1.83617 0.15959 2.88573
v 1.59731 2.62973 2.88730
v -0.82431 3.16536 2.88773
v -2.21418 1.06364 2.93556
v -0.51303 -0.94354 2.93455
v 1.91991 0.05551 2.93135
v 1.72341 2.67610 2.93459
v -0.83460 3.29995 2.93441
v -1.98799 1.27917 2.60200
v -0.64931 -0.66287 2.60031
v 1.60989 0.01231 2.60165
v 1.66786 2.36978 2.60085
v -0.55655 3.15197 2.60109
v -2.17361 1.30390 2.62358
v -0.72931 -0.82984 2.62287
v 1.74548 -0.11578 2.62235
v 1.82882 2.45827 2.62149
v -0.59063 3.33464 2.62196
v -2.47124 1.08947 2.75236
v -0.61819 -1.17969 2.75286
v 2.11233 -0.12018 2.75419
v 1.94705 2.80657 2.75276
v -0.88670 3.55199 2.75151
v -2.35452 1.04767 2.94454
v -0.54275 -1.08190 2.94513
v 2.04257 -0.01561 2.94433
v 1.82712 2.77185 2.94375
v -0.89064 3.42720 2.94267
v -2.67783 0.87763 2.86579
v -0.47939 -1.43994 2.86447
v 2.40350 -0.06866 2.86522
v 1.99046 3.09977 2.86740
v -1.15257 3.68301 2.86818
v -2.73644 0.47598 2.86383
v -0.11668 -1.62262 2.86440
v 2.68755 0.22233 2.86425
v 1.80099 3.45891 2.86387
v -1.55137 3.61596 2.86392
v -2.56950 0.86006 3.23602
v -0.42777 -1.34213 3.23321
v 2.32622 0.01002 3.23567
v 1.89123 3.04950 3.23589
v -1.13422 3.57422 3.23518
v -2.38380 1.00694 3.05587
v -0.51177 -1.12225 3.05627
v 2.09023 -0.00047 3.05637
v 1.82723 2.82301 3.05634
v -0.93652 3.44491 3.05598
v -2.30952 0.31164 3.17068
v 0.17196 -1.25807 3.16408
v 2.43824 0.60474 3.17034
v 1.36422 3.33921 3.17187
v -1.57415 3.16575 3.17447
v -2.39554 0.28399 2.76285
v 0.17111 -1.35619 2.76225
v 2.52356 0.57574 2.76273
v 1.41284 3.41329 2.76306
v -1.62712 3.23317 2.76338
v -2.00172 0.96276 2.83873
v -0.35244 -0.77316 2.83845
v 1.80774 0.26010 2.83803
v 1.49309 2.63417 2.83897
v -0.86197 3.06782 2.83898
v -1.96696 0.88345 2.92164
v -0.26682 -0.76124 2.92175
v 1.82362 0.34513 2.92127
v 1.41758 2.67620 2.92212
v -0.92592 3.00925 2.92128
v -1.94529 0.79351 2.96772
v -0.17451 -0.77239 2.96714
v 1.86301 0.42934 2.96612
v 1.34763 2.73712 2.96721
v -1.00632 2.96322 2.96604
v -1.92418 0.66208 2.95215
v -0.04353 -0.79331 2.95094
v 1.91946 0.54976 2.95067
v 1.25393 2.83122 2.95074
v -1.12312 2.90051 2.95164
v -1.89528 1.03573 2.65157
v -0.38887 -0.64969 2.64968
v 1.67740 0.26367 2.65204
v 1.44905 2.51100 2.65236
v -0.75854 2.98802 2.65255
v -1.81482 0.86700 2.72757
v -0.20407 -0.62397 2.72737
v 1.71285 0.44780 2.72662
v 1.28481 2.60092 2.72805
v -0.89499 2.85979 2.72767
v -1.79011 0.75139 2.78837
v -0.08623 -0.63609 2.78820
v 1.75990 0.55554 2.78840
v 1.19706 2.67938 2.78937
v -0.99696 2.80083 2.78853
v -1.82961 0.60845 2.78335
v 0.03882 -0.71668 2.78437
v 1.87538 0.64891 2.78409
v 1.14371 2.81810 2.78470
v -1.14543 2.79216 2.78454
v -1.38211 1.93579 2.65348
v -1.08700 0.11845 2.65425
v 0.73591 -0.16225 2.65164
v 1.56335 1.48202 2.65268
v 0.25548 2.77860 2.65345
v -1.45799 1.72607 2.69278
v -0.91011 -0.01907 2.69417
v 0.91828 -0.03744 2.69405
v 1.50080 1.69592 2.69451
v 0.03173 2.78539 2.69485
v -1.63678 1.58871 2.53002
v -0.83557 -0.23142 2.52983
v 1.14317 -0.03224 2.52954
v 1.56502 1.91210 2.53087
v -0.15376 2.91343 2.53086
v -1.75606 1.34718 2.46796
v -0.64256 -0.41943 2.47013
v 1.38179 0.09334 2.47074
v 1.51966 2.17727 2.46967
v -0.41980 2.95221 2.46799
v -1.70198 1.10489 2.53190
v -0.39570 -0.44211 2.53437
v 1.47968 0.32119 2.53452
v 1.33304 2.34017 2.53604
v -0.63247 2.82523 2.53507
v -1.61376 0.90762 2.62908
v -0.17964 -0.42069 2.62772
v 1.52622 0.53348 2.62791
v 1.14585 2.44971 2.62994
v -0.79416 2.68094 2.62955
v -1.59443 0.76283 2.66126
v -0.03676 -0.44676 2.66034
v 1.59510 0.66096 2.66047
v 1.04462 2.55467 2.66440
v -0.92544 2.61757 2.66300
v -1.64716 0.61650 2.59542
v 0.08593 -0.54226 2.59473
v 1.72360 0.74866 2.59544
v 1.00198 2.70448 2.59622
v -1.08092 2.62319 2.59553
v -1.60799 0.40451 2.50195
v 0.30059 -0.56984 2.50362
v 1.81651 0.94329 2.50238
v 0.84618 2.85310 2.50169
v -1.27072 2.52017 2.50257
v -1.34123 0.19222 2.50853
v 0.58344 -0.38231 2.51025
v 1.72541 1.27127 2.50918
v 0.50549 2.86795 2.50869
v -1.38945 2.20183 2.51088
v -1.35596 -0.71786 2.41033
v 1.44563 -0.67764 2.41197
v 2.27222 1.99939 2.41077
v -0.01772 3.61252 2.40919
v -2.25992 1.93359 2.41016
v -1.55984 -0.57020 2.43176
v 1.24192 -0.82577 2.43200
v 2.34973 1.75990 2.43074
v 0.23411 3.61327 2.43192
v -2.18221 2.17294 2.43090
v -1.70911 -0.27397 2.35217
v 0.91415 -0.87562 2.35091
v 2.29639 1.43278 2.34989
v 0.52892 3.46129 2.35160
v -1.94656 2.40636 2.35019
v -2.02644 -0.00895 2.42907
v 0.56285 -1.09530 2.42640
v 2.39687 1.02957 2.42507
v 0.94293 3.43323 2.42778
v -1.79319 2.79058 2.42997
v -2.56010 0.08578 2.50068
v 0.30862 -1.57417 2.49964
v 2.77364 0.64109 2.49928
v 1.42899 3.67212 2.50307
v -1.86958 3.32823 2.50395
v -2.85381 0.43276 2.70036
v -0.11234 -1.74665 2.70071
v 2.80750 0.18773 2.69998
v 1.87045 3.56229 2.70031
v -1.62857 3.71412 2.70095
v -2.85738 0.71709 2.64090
v -0.38440 -1.66211 2.64189
v 2.64321 -0.04557 2.64189
v 2.04036 3.33431 2.64053
v -1.35911 3.80633 2.64298
v -2.72444 1.15069 2.43359
v -0.75484 -1.40153 2.43406
v 2.28091 -0.31720 2.43410
v 2.18837 2.90582 2.43502
v -0.90585 3.81290 2.43448
v -2.32911 1.42552 2.39507
v -0.89483 -0.94073 2.39577
v 1.79981 -0.30733 2.39531
v 2.02961 2.45104 2.39506
v -0.52189 3.52224 2.39563
v -2.23951 1.69524 2.37447
v -1.12302 -0.77163 2.37410
v 1.56844 -0.47256 2.37434
v 2.11566 2.18021 2.37445
v -0.23715 3.51854 2.37140
v -1.34648 0.95101 2.60433
v -0.13941 -0.15266 2.60425
v 1.28337 0.65394 2.60538
v 0.95479 2.25775 2.60405
v -0.66968 2.44043 2.60554
v -1.32793 0.82045 2.62013
v -0.00905 -0.17553 2.61995
v 1.34556 0.77132 2.62065
v 0.86400 2.35139 2.61952
v -0.78868 2.38214 2.62242
v -1.02913 0.89816 2.64214
v 0.00897 0.13286 2.64143
v 1.05800 0.88402 2.64200
v 0.66807 2.11313 2.64155
v -0.62243 2.12203 2.64273
v -1.04323 1.00367 2.62542
v -0.09531 0.15207 2.62514
v 1.00759 0.79100 2.62445
v 0.74024 2.03705 2.62410
v -0.52723 2.16741 2.62355
v -0.75703 1.05627 2.66307
v -0.05743 0.44060 2.66353
v 0.74472 0.91596 2.66256
v 0.54036 1.82580 2.66273
v -0.38839 1.91168 2.66162
v -0.74356 0.98745 2.65934
v 0.01347 0.43183 2.66116
v 0.77434 0.97953 2.65871
v 0.48901 1.87362 2.66013
v -0.44939 1.87803 2.66001
v -0.55611 1.04552 2.71472
v 0.01543 0.62898 2.71357
v 0.58890 1.04216 2.71536
v 0.37238 1.71622 2.71582
v -0.33538 1.71666 2.71216
v -0.55945 1.07847 2.70763
v -0.01654 0.63557 2.70682
v 0.57161 1.01544 2.70546
v 0.39303 1.69139 2.70641
v -0.30580 1.73024 2.70593
v -1.33318 0.69370 2.54206
v 0.11060 -0.21964 2.54310
v 1.42434 0.87098 2.54248
v 0.79422 2.45692 2.54090
v -0.91075 2.34815 2.54275
v -0.93607 0.27461 2.66346
v 0.63034 0.02814 2.66422
v 1.34903 1.44367 2.66262
v 0.22546 2.56322 2.66293
v -1.18637 1.84145 2.66400
v -0.80463 0.17643 2.70417
v 0.76517 0.12340 2.70454
v 1.30050 1.59954 2.70320
v 0.06186 2.56548 2.70411
v -1.23904 1.68601 2.70312
v -1.10821 0.36627 2.54951
v 0.49067 -0.10680 2.54964
v 1.43396 1.26859 2.54653
v 0.41857 2.59005 2.54789
v -1.15247 2.03263 2.54819
v -1.27580 0.52279 2.49885
v 0.29021 -0.21727 2.49624
v 1.47817 1.04271 2.49847
v 0.64687 2.56224 2.49985
v -1.05544 2.24098 2.49944
v -0.69461 0.04660 2.58401
v 0.92226 0.18769 2.58364
v 1.28766 1.77033 2.58510
v -0.10397 2.60577 2.58455
v -1.32864 1.54115 2.58367
v -0.53402 -0.08089 2.44837
v 1.09298 0.30118 2.44697
v 1.23275 1.96656 2.44648
v -0.30830 2.61442 2.44809
v -1.40012 1.34893 2.44755
v -0.32463 -0.13929 2.49548
v 1.21351 0.48192 2.49645
v 1.09799 2.13727 2.49635
v -0.51236 2.53848 2.49528
v -1.39103 1.13110 2.49471
v -0.99872 0.79548 2.58870
v 0.11668 0.12988 2.58974
v 1.09373 0.98493 2.58850
v 0.58289 2.17846 2.58818
v -0.71056 2.06157 2.58920
v -0.93552 0.67243 2.58110
v 0.25303 0.15279 2.57863
v 1.11501 1.12159 2.58132
v 0.45921 2.24094 2.58045
v -0.80777 1.96309 2.57964
v -0.83313 0.55880 2.62183
v 0.39100 0.21322 2.62561
v 1.09933 1.27243 2.62444
v 0.30983 2.27279 2.62197
v -0.88398 1.83220 2.62434
v -0.74363 0.47950 2.72555
v 0.49629 0.27546 2.72473
v 1.07295 1.39107 2.72492
v 0.19120 2.28430 2.72595
v -0.93221 1.72111 2.72546
v -0.65341 0.41073 2.74797
v 0.58910 0.33970 2.74848
v 1.04054 1.49921 2.74813
v 0.07707 2.28699 2.74874
v -0.96987 1.61395 2.74931
v -0.55494 0.34633 2.64618
v 0.67803 0.41099 2.64322
v 0.99937 1.60768 2.64482
v -0.03923 2.28128 2.64520
v -1.00025 1.50185 2.64525
v -0.41079 0.26895 2.52631
v 0.79821 0.52636 2.52463
v 0.92753 1.75590 2.52453
v -0.20210 2.25892 2.52534
v -1.02935 1.33993 2.52549
v -0.23877 0.20003 2.53949
v 0.91758 0.66928 2.53852
v 0.82905 1.91330 2.53998
v -0.38183 2.21390 2.54024
v -1.04134 1.15351 2.53651
v -0.14454 0.50117 2.59528
v 0.66023 0.85156 2.59509
v 0.57535 1.72530 2.59442
v -0.28167 1.91429 2.59405
v -0.72610 1.15761 2.59385
v -0.29567 0.57283 2.58120
v 0.54557 0.72995 2.58182
v 0.65591 1.57883 2.58274
v -0.11703 1.94563 2.58165
v -0.70548 1.32362 2.58343
v -0.43276 0.62251 2.67259
v 0.45529 0.61458 2.67194
v 0.73785 1.45658 2.67162
v 0.02574 1.98595 2.67020
v -0.69961 1.47133 2.67124
v -0.50289 0.63665 2.75725
v 0.42065 0.55301 2.75644
v 0.78629 1.40341 2.75523
v 0.08953 2.01549 2.75508
v -0.70743 1.54252 2.75431
v -0.54444 0.67474 2.74751
v 0.37092 0.52445 2.74798
v 0.79743 1.34871 2.74849
v 0.14434 2.00924 2.74736
v -0.68468 1.59271 2.74792
v -0.57794 0.74254 2.69646
v 0.29671 0.51401 2.69619
v 0.78469 1.27449 2.69713
v 0.21089 1.97404 2.69589
v -0.63073 1.64527 2.69671
v -0.63119 0.82927 2.65214
v 0.19796 0.49046 2.65097
v 0.77645 1.17366 2.65184
v 0.30514 1.93523 2.65173
v -0.56473 1.72235 2.65177
v -0.69208 0.92056 2.63744
v 0.09240 0.45998 2.63920
v 0.77281 1.06422 2.64007
v 0.40826 1.89815 2.64094
v -0.49782 1.80898 2.64158
v -0.46192 1.03973 2.79603
v 0.04992 0.71630 2.79574
v 0.51610 1.10285 2.79607
v 0.29268 1.66616 2.79656
v -0.31187 1.62598 2.79545
v -0.42887 0.95716 2.80992
v 0.13877 0.72329 2.80876
v 0.53650 1.18965 2.80871
v 0.21559 1.71185 2.80865
v -0.37981 1.56802 2.80861
v -0.43609 0.79032 2.80013
v 0.29489 0.66272 2.80050
v 0.64113 1.31958 2.79864
v 0.12489 1.85216 2.79983
v -0.54148 1.52553 2.80026
v -0.41344 0.77242 2.79486
v 0.32025 0.67988 2.79615
v 0.63360 1.34852 2.79504
v 0.09600 1.85320 2.79464
v -0.55215 1.49734 2.79558
v -0.32560 0.83723 2.81405
v 0.28536 0.78327 2.81439
v 0.52454 1.34643 2.81373
v 0.06309 1.74910 2.81390
v -0.46214 1.43493 2.81366
v -0.18560 0.81916 2.74172
v 0.34685 0.90983 2.74313
v 0.42292 1.44455 2.74264
v -0.06133 1.68217 2.74228
v -0.43709 1.29559 2.74209
v -0.39711 0.88303 2.83617
v 0.21873 0.72949 2.83563
v 0.55483 1.26765 2.83480
v 0.14721 1.75365 2.83510
v -0.44118 1.51653 2.83597
v -0.28023 0.99716 2.98547
v 0.14741 0.87300 2.98788
v 0.39708 1.24425 2.98829
v 0.12109 1.59712 2.98918
v -0.29838 1.44167 2.98731
v -0.22564 0.97032 2.96881
v 0.18773 0.91946 2.96817
v 0.36567 1.29729 2.96899
v 0.06161 1.58189 2.96844
v -0.30507 1.38064 2.96887
v -0.16694 1.01688 3.08337
v 0.16199 0.98961 3.08350
v 0.29161 1.29449 3.08465
v 0.04060 1.51131 3.08480
v -0.24338 1.33940 3.08430
v -0.18615 1.04981 3.13456
v 0.12626 0.98008 3.13594
v 0.29006 1.25753 3.13755
v 0.07500 1.49826 3.13733
v -0.21670 1.36639 3.13409
v -0.04300 0.75133 2.75910
v 0.45386 1.02478 2.75946
v 0.34724 1.58237 2.75941
v -0.21611 1.65354 2.75972
v -0.45517 1.13794 2.75762
v -0.01497 0.89677 2.95312
v 0.32287 1.09893 2.95165
v 0.23854 1.48111 2.95309
v -0.15329 1.51856 2.95302
v -0.31059 1.15771 2.95331
v 0.04511 0.86023 2.97902
v 0.37789 1.14199 2.97962
v 0.21315 1.54657 2.98018
v -0.22308 1.51352 2.97918
v -0.32693 1.08927 2.97927
v 0.02232 0.95558 3.12292
v 0.28050 1.14978 3.12334
v 0.17253 1.45475 3.12189
v -0.14918 1.44890 3.12238
v -0.24318 1.14008 3.12236
v -0.01376 0.95633 3.07237
v 0.26668 1.11773 3.07186
v 0.20115 1.43306 3.07178
v -0.11915 1.46720 3.07169
v -0.25172 1.17441 3.07183
v 0.09951 0.85840 2.98180
v 0.39648 1.19402 2.98234
v 0.16856 1.58042 2.98261
v -0.26700 1.48008 2.97949
v -0.31190 1.03619 2.98226
v 0.07664 0.94965 3.11445
v 0.30390 1.20028 3.11603
v 0.13346 1.49344 3.11530
v -0.19624 1.42123 3.11356
v -0.22949 1.08751 3.11220
v -0.07407 1.01719 3.17647
v 0.19330 1.07625 3.17728
v 0.21823 1.35081 3.17797
v -0.03657 1.46084 3.17927
v -0.21751 1.25091 3.17822
v -0.08494 0.99786 3.09329
v 0.20568 1.06211 3.09304
v 0.23631 1.35855 3.09371
v -0.03737 1.47835 3.09397
v -0.23640 1.25533 3.09380
v -0.06199 1.04769 3.22575
v 0.16354 1.10080 3.22287
v 0.18675 1.33140 3.22473
v -0.02775 1.42589 3.22760
v -0.18400 1.24823 3.22768
v 0.01637 1.00612 3.20004
v 0.22894 1.16088 3.19923
v 0.14668 1.41056 3.19730
v -0.11529 1.41031 3.19805
v -0.19690 1.15976 3.19816
v 0.06189 1.00172 3.18875
v 0.24788 1.20254 3.18893
v 0.11387 1.44161 3.18814
v -0.15351 1.38704 3.18672
v -0.18392 1.11769 3.18486
v 0.10166 1.03312 3.20869
v 0.23217 1.25031 3.21065
v 0.06393 1.44158 3.21088
v -0.16929 1.34005 3.20992
v -0.14353 1.08913 3.20733
v 0.01381 1.04581 3.23776
v 0.19317 1.16969 3.23968
v 0.12738 1.38138 3.23795
v -0.09245 1.38143 3.23713
v -0.16290 1.17257 3.23678
v 0.06545 1.08470 3.27052
v 0.17085 1.23162 3.27151
v 0.06231 1.37662 3.27007
v -0.10708 1.31759 3.26768
v -0.10626 1.13881 3.26917
v 0.04638 1.04100 3.23467
v 0.20523 1.19991 3.23420
v 0.10230 1.40047 3.23185
v -0.11976 1.36506 3.23288
v -0.15454 1.14215 3.23199
v -0.13162 1.22745 3.27190
v -0.02791 1.08777 3.27488
v 0.13582 1.14536 3.27096
v 0.13472 1.31895 3.27209
v -0.03178 1.37123 3.27415
v -0.11818 0.94749 2.94105
v 0.24335 1.01476 2.94065
v 0.29086 1.37830 2.94006
v -0.04003 1.53846 2.94151
v -0.29283 1.27134 2.94053
v -0.01375 1.14467 3.31106
v 0.08910 1.17435 3.31236
v 0.09166 1.28180 3.31153
v -0.00939 1.31779 3.31240
v -0.07473 1.23242 3.31190
v -0.04569 1.18574 3.31785
v 0.03947 1.15748 3.31747
v 0.09343 1.22947 3.31883
v 0.04096 1.30331 3.31937
v -0.04544 1.27592 3.31935
v 0.01630 1.23015 3.33316
v -3.46870 0.53088 2.63173
v -0.39525 -2.30067 2.63204
v 3.24751 -0.25286 2.63189
v 2.42563 3.84467 2.63137
v -1.72545 4.32917 2.63242
v -3.40507 0.24863 2.65790
v -0.10706 -2.32751 2.65742
v 3.36197 0.01302 2.65672
v 2.20816 4.03566 2.65504
v -1.97432 4.18118 2.65684
v -3.23138 -0.28752 2.42548
v 0.45668 -2.32805 2.42640
v 3.53650 0.54883 2.42504
v 1.75251 4.36706 2.42515
v -2.43082 3.85013 2.42723
v -3.52244 0.98104 2.28274
v -0.83969 -2.21266 2.28186
v 3.02666 -0.64879 2.28141
v 2.73412 3.51189 2.28400
v -1.31393 4.51934 2.28255
v -4.21564 0.82688 2.18249
v -0.90747 -2.91951 2.18204
v 3.67778 -0.93100 2.18179
v 3.20428 4.04400 2.18339
v -1.67524 5.13005 2.18079
v -3.98311 0.04728 2.67168
v -0.09397 -2.93984 2.67088
v 3.94783 -0.16355 2.67088
v 2.55721 4.53794 2.67145
v -2.34424 4.66823 2.67153
v -4.29166 0.22787 2.73242
v -0.36091 -3.17768 2.73159
v 4.09363 -0.49058 2.72975
v 2.91329 4.57460 2.73008
v -2.26932 5.01792 2.73092
v -4.18671 0.07162 2.80914
v -0.18029 -3.12649 2.80858
v 4.09871 -0.30282 2.80750
v 2.73660 4.63841 2.80870
v -2.38413 4.86988 2.80876
v -4.34605 -0.08695 2.79896
v -0.07957 -3.32592 2.79862
v 4.32027 -0.26757 2.79804
v 2.77150 4.86040 2.79875
v -2.58451 4.97198 2.79835
v -4.29625 -0.22115 2.63339
v 0.06431 -3.32018 2.63323
v 4.35898 -0.13032 2.63364
v 2.65295 4.93926 2.63323
v -2.69670 4.88321 2.63370
v -4.65298 -0.22113 2.59172
v -0.04629 -3.65995 2.59130
v 4.64917 -0.34137 2.59266
v 2.94245 5.14973 2.59184
v -2.80692 5.22396 2.59177
v -4.52425 -0.06155 2.77369
v -0.15760 -3.48825 2.77220
v 4.44985 -0.39375 2.77466
v 2.93164 4.94604 2.77228
v -2.61384 5.14904 2.77522
v -4.56472 0.10942 2.71438
v -0.33324 -3.47403 2.71240
v 4.38069 -0.55567 2.71566
v 3.06432 4.82964 2.71285
v -2.46507 5.24120 2.71267
v -4.73450 0.08505 2.51174
v -0.36175 -3.64110 2.50977
v 4.53360 -0.63594 2.51128
v 3.18597 4.94856 2.50948
v -2.54067 5.39448 2.51059
v -4.46022 0.26460 2.47767
v -0.45047 -3.32418 2.47854
v 4.20537 -0.62103 2.47820
v 3.07126 4.64229 2.47715
v -2.28366 5.18914 2.47720
v -4.44876 0.21673 2.65596
v -0.39952 -3.33002 2.65611
v 4.22470 -0.57596 2.65590
v 3.03339 4.67487 2.65538
v -2.32710 5.16345 2.65483
v -4.07338 0.34378 2.60871
v -0.40374 -2.93350 2.60793
v 3.84673 -0.45708 2.60893
v 2.80455 4.35141 2.60826
v -2.09027 4.84603 2.60827
v -4.41676 0.04581 2.93433
v -0.22654 -3.35268 2.93452
v 4.29604 -0.41683 2.93498
v 2.90682 4.79180 2.93447
v -2.47805 5.07987 2.93453
v -4.43401 0.20607 2.84835
v -0.38327 -3.31986 2.84992
v 4.21889 -0.55722 2.84907
v 3.01607 4.67337 2.84672
v -2.32979 5.14464 2.84569
v -5.15960 -0.05612 2.41327
v -0.35937 -4.09001 2.41062
v 4.96049 -0.77149 2.41179
v 3.44796 5.31330 2.41019
v -2.80642 5.75525 2.41169
v -5.08203 -0.36409 2.49227
v -0.04271 -4.11162 2.49167
v 5.07884 -0.47697 2.49169
v 3.20472 5.51675 2.49217
v -3.07493 5.58669 2.49221
v -5.60722 -0.17249 2.41606
v -0.38687 -4.55214 2.41548
v 5.39026 -0.94061 2.41650
v 3.74188 5.67083 2.41543
v -3.05545 6.14469 2.41513
v -5.52503 -0.50087 2.47816
v -0.04960 -4.57513 2.47799
v 5.51795 -0.62707 2.47685
v 3.48274 5.88807 2.47747
v -3.34243 5.96571 2.47764
v -5.70905 -0.46519 2.63801
v -0.13931 -4.73880 2.63675
v 5.64535 -0.76281 2.63667
v 3.65206 5.96716 2.63805
v -3.36498 6.15088 2.63770
v -5.71080 -0.22899 2.57122
v -0.36498 -4.66893 2.57308
v 5.50905 -0.95570 2.57374
v 3.79312 5.77898 2.57289
v -3.14397 6.22849 2.57379
v -5.91420 -0.23521 2.52510
v -0.42318 -4.86376 2.52485
v 5.67631 -1.06998 2.52710
v 3.95388 5.90166 2.52533
v -3.20996 6.41731 2.52421
v -5.92354 -0.19334 2.34347
v -0.46492 -4.85933 2.34339
v 5.65955 -1.10893 2.34370
v 3.98678 5.87329 2.34325
v -3.17279 6.44013 2.34277
v -6.19709 -0.36929 2.36138
v -0.38223 -5.17390 2.36125
v 5.98355 -1.12816 2.36081
v 4.10419 6.17678 2.36210
v -3.42458 6.64559 2.36125
v -6.00184 -0.34231 2.56740
v -0.34736 -4.97957 2.56799
v 5.80814 -1.03345 2.57037
v 3.96229 6.04027 2.56724
v -3.33778 6.46582 2.56945
v -5.93860 -0.49512 2.56871
v -0.18231 -4.96816 2.56731
v 5.84920 -0.87469 2.56791
v 3.82103 6.12806 2.56834
v -3.46533 6.36116 2.56855
v -6.10427 -0.68517 2.39127
v -0.05346 -5.18291 2.39045
v 6.09483 -0.81856 2.39169
v 3.84288 6.37727 2.39083
v -3.69643 6.45973 2.39144
v -5.82445 -0.54769 2.55245
v -0.09748 -4.87463 2.55203
v 5.78688 -0.76538 2.55174
v 3.69747 6.10167 2.55295
v -3.47891 6.23616 2.55287
v -5.79503 -0.68619 2.41075
v 0.04253 -4.88898 2.40991
v 5.84472 -0.63583 2.41026
v 3.59211 6.19677 2.41106
v -3.60208 6.16519 2.41117
v -5.98519 -0.32767 2.69703
v -0.35610 -4.95746 2.70084
v 5.78804 -1.03592 2.69898
v 3.95638 6.01543 2.69975
v -3.31781 6.45737 2.69582
v -5.91226 -0.49833 2.67966
v -0.17195 -4.94261 2.67913
v 5.82911 -0.85646 2.67834
v 3.79710 6.11410 2.67933
v -3.45998 6.33536 2.67916
v -6.65324 -0.54749 2.26215
v -0.35367 -5.66271 2.26188
v 6.45778 -1.25232 2.26243
v 4.36807 6.58874 2.26217
v -3.73439 7.02413 2.25995
v -6.60899 -0.85949 2.29602
v -0.04364 -5.71693 2.29539
v 6.60503 -0.97392 2.29427
v 4.14901 6.81511 2.29639
v -4.01805 6.88579 2.29536
v -7.12768 -1.01470 2.23158
v -0.05620 -6.25812 2.23025
v 7.11598 -1.15334 2.23044
v 4.47723 7.24558 2.23136
v -4.32576 7.33119 2.22988
v -7.16196 -0.71032 2.19625
v -0.35617 -6.19656 2.19425
v 6.96505 -1.41955 2.19621
v 4.68390 7.01952 2.19582
v -4.04714 7.45780 2.19622
v -7.65996 -0.88099 2.12013
v -0.34757 -6.72291 2.11877
v 7.46811 -1.57414 2.11942
v 4.98598 7.45015 2.11828
v -4.36329 7.87852 2.11900
v -7.60955 -1.15878 2.17458
v -0.06795 -6.76112 2.17430
v 7.59067 -1.31997 2.17432
v 4.78230 7.64538 2.17413
v -4.61188 7.74501 2.17436
v -8.06019 -1.28383 2.14196
v -0.08819 -7.22820 2.14159
v 8.02877 -1.48369 2.14108
v 5.07332 8.01146 2.14193
v -4.87013 8.13466 2.14228
v -8.13381 -1.03205 2.08491
v -0.35060 -7.21962 2.08484
v 7.94036 -1.73034 2.08445
v 5.28070 7.85087 2.08466
v -4.65316 8.28268 2.08533
v -8.31905 -1.09106 2.26092
v -0.35115 -7.41384 2.25891
v 8.12338 -1.79135 2.25968
v 5.39527 8.00602 2.25888
v -4.76457 8.43889 2.26002
v -8.25674 -1.23527 2.29695
v -0.19489 -7.39940 2.29626
v 8.15812 -1.63730 2.29612
v 5.26071 8.08760 2.29693
v -4.88406 8.33443 2.29631
v -8.36963 -1.37369 2.24010
v -0.09794 -7.55057 2.23944
v 8.33179 -1.59317 2.23952
v 5.27104 8.26620 2.23964
v -5.05148 8.40137 2.24003
v -8.34609 -1.47265 2.05572
v 0.00225 -7.55826 2.05421
v 8.37081 -1.49916 2.05473
v 5.19383 8.33211 2.05491
v -5.13774 8.34856 2.05522
v -8.68287 -1.46139 2.03144
v -0.11189 -7.87519 2.03039
v 8.63726 -1.70590 2.03129
v 5.47265 8.52123 2.03080
v -5.23158 8.67237 2.03154
v -8.57139 -1.33031 2.23957
v -0.20130 -7.72987 2.23669
v 8.46866 -1.74660 2.23875
v 5.45935 8.35206 2.23545
v -5.07604 8.60756 2.23509
v -8.61176 -1.16929 2.20316
v -0.36702 -7.71560 2.20264
v 8.40656 -1.89937 2.20114
v 5.58470 8.24138 2.20278
v -4.93201 8.69654 2.20131
v -8.73088 -1.21586 2.02227
v -0.35883 -7.84295 2.01967
v 8.53047 -1.93178 2.02077
v 5.65385 8.34981 2.01951
v -5.01194 8.79165 2.02119
v -8.46721 -1.06623 2.19257
v -0.41861 -7.54820 2.18981
v 8.23075 -1.89772 2.19151
v 5.52983 8.07524 2.19032
v -4.78921 8.58935 2.19321
v -8.46191 -1.03196 2.06901
v -0.45038 -7.53242 2.06724
v 8.20604 -1.92262 2.06831
v 5.54617 8.04398 2.06783
v -4.75512 8.59459 2.06907
v -8.37339 -1.06241 2.33860
v -0.39894 -7.45897 2.33308
v 8.15164 -1.85035 2.33376
v 5.46049 8.01560 2.33466
v -4.75672 8.50149 2.33849
v -8.35867 -1.26537 2.41056
v -0.19810 -7.50882 2.41119
v 8.26248 -1.67420 2.41035
v 5.32576 8.17466 2.41036
v -4.94695 8.42666 2.41098
v -9.17407 -1.37081 1.88474
v -0.34978 -8.31453 1.88426
v 8.98101 -2.06798 1.88461
v 5.92313 8.73643 1.88278
v -5.29692 9.16733 1.88396
v -9.12712 -1.58197 1.91205
v -0.13441 -8.33505 1.91093
v 9.06720 -1.86946 1.91201
v 5.76122 8.87989 1.91158
v -5.48324 9.05742 1.91043
v -9.54732 -1.73766 1.89408
v -0.11648 -8.78249 1.89252
v 9.49815 -1.99054 1.89311
v 6.00991 9.25275 1.89282
v -5.76097 9.40896 1.89341
v -9.79166 -1.60504 1.99414
v -0.31645 -8.97345 1.99198
v 9.61829 -2.24054 1.99323
v 6.28442 9.28958 1.99331
v -5.71083 9.68246 1.99483
v -9.67532 -1.74422 2.06726
v -0.15061 -8.90316 2.06412
v 9.60535 -2.06054 2.06579
v 6.10830 9.33080 2.06476
v -5.80585 9.52818 2.06537
v -9.86759 -1.87775 1.99300
v -0.08523 -9.12824 1.99725
v 9.83797 -2.06641 1.99393
v 6.18813 9.55003 1.99683
v -5.99208 9.67007 1.99333
v -9.83490 -1.93411 1.82548
v -0.01750 -9.11741 1.82524
v 9.84715 -2.00017 1.82520
v 6.12704 9.58036 1.82481
v -6.03740 9.62171 1.82529
v -10.17501 -1.96374 1.74828
v -0.09500 -9.44978 1.74791
v 10.13959 -2.17645 1.74848
v 6.38473 9.80517 1.74912
v -6.17018 9.93606 1.74796
v -9.98409 -1.82726 1.91745
v -0.16582 -9.22600 1.91715
v 9.90358 -2.17432 1.91749
v 6.31082 9.58303 1.91737
v -5.98041 9.79549 1.91815
v -9.99828 -1.72394 1.88224
v -0.26806 -9.20705 1.88119
v 9.85344 -2.26518 1.88160
v 6.38161 9.50602 1.88228
v -5.88716 9.84106 1.88230
v -10.22968 -1.77650 1.71974
v -0.28912 -9.44332 1.71778
v 10.07333 -2.35966 1.71905
v 6.53863 9.68533 1.71951
v -6.00911 10.04582 1.71973
v -9.94121 -1.58240 1.76749
v -0.38547 -9.10985 1.76726
v 9.72661 -2.34878 1.76842
v 6.41999 9.35853 1.76759
v -5.73515 9.83199 1.76786
v -9.91527 -1.61736 1.87891
v -0.34289 -9.09479 1.87719
v 9.72560 -2.30392 1.87841
v 6.37872 9.37173 1.87871
v -5.76014 9.79642 1.87955
v -9.60783 -1.53005 1.82720
v -0.33195 -8.77606 1.82568
v 9.42516 -2.19433 1.82775
v 6.18077 9.12000 1.82723
v -5.58294 9.53047 1.82652
v -9.93079 -1.65829 2.01763
v -0.30902 -9.12002 2.01830
v 9.76081 -2.27846 2.01903
v 6.36473 9.41317 2.01947
v -5.80442 9.79628 2.01981
v -9.96779 -1.79338 2.04139
v -0.19377 -9.19880 2.04203
v 9.87112 -2.19187 2.04189
v 6.31559 9.54409 2.04331
v -5.94372 9.78907 2.04280
v -10.71654 -1.96350 1.61193
v -0.26176 -9.96416 1.61075
v 10.57752 -2.49547 1.61263
v 6.82221 10.12266 1.61144
v -6.33742 10.45122 1.61208
v -10.65675 -2.14364 1.63095
v -0.07335 -9.96309 1.62914
v 10.63465 -2.31434 1.63064
v 6.66864 10.23362 1.63223
v -6.49015 10.33867 1.63101
v -11.07309 -2.32176 1.46016
v -0.03221 -10.41448 1.45982
v 11.07643 -2.41477 1.46026
v 6.90095 10.62215 1.46024
v -6.78758 10.67947 1.45904
v -11.36051 -2.19012 1.44477
v -0.24676 -10.64665 1.44379
v 11.23072 -2.69068 1.44420
v 7.21070 10.68412 1.44396
v -6.75112 10.99348 1.44379
v -11.28635 -2.32915 1.51450
v -0.09123 -10.62014 1.51475
v 11.25329 -2.53463 1.51469
v 7.06734 10.75271 1.51532
v -6.86120 10.88139 1.51407
v -11.39221 -2.48589 1.35549
v 0.02564 -10.76903 1.35668
v 11.43175 -2.46853 1.35690
v 7.06170 10.94345 1.35685
v -7.04305 10.93224 1.35642
v -11.35610 -2.56304 1.24216
v 0.10889 -10.75765 1.24218
v 11.44695 -2.38632 1.24259
v 6.98837 10.98313 1.24238
v -7.10560 10.87417 1.24272
v -11.70749 -2.61464 1.05389
v 0.05079 -11.10921 1.05529
v 11.76488 -2.55063 1.05959
v 7.24272 11.23436 1.05854
v -7.26455 11.19364 1.05760
v -11.56300 -2.46646 1.27849
v -0.04615 -10.92458 1.27872
v 11.56185 -2.58546 1.27896
v 7.21342 11.03155 1.27913
v -7.08069 11.10290 1.27869
v -11.58896 -2.32642 1.24026
v -0.18869 -10.90945 1.23883
v 11.49773 -2.71552 1.23922
v 7.31994 10.93098 1.24049
v -6.95235 11.17248 1.24001
v -11.78647 -2.37912 1.00783
v -0.19785 -11.11114 1.00750
v 11.68811 -2.78802 1.00882
v 7.44494 11.08836 1.00914
v -7.06283 11.33900 1.00715
v -11.51917 -2.16933 1.18431
v -0.31445 -10.79135 1.18451
v 11.34778 -2.80040 1.18455
v 7.35047 10.76041 1.18210
v -6.78108 11.15046 1.18328
v -11.49214 -2.21856 1.26101
v -0.25969 -10.78093 1.26080
v 11.35454 -2.74381 1.26046
v 7.30108 10.78487 1.26122
v -6.82001 11.10947 1.26061
v -11.15616 -2.11497 1.41952
v -0.25394 -10.42956 1.42110
v 11.02243 -2.63156 1.42101
v 7.08933 10.50357 1.41896
v -6.61731 10.82202 1.41930
v -11.54281 -2.22511 1.46600
v -0.26979 -10.83122 1.46487
v 11.39834 -2.76978 1.46449
v 7.33752 10.81899 1.46568
v -6.84044 11.15566 1.46560
v -11.50974 -2.34021 1.56658
v -0.14899 -10.83714 1.56724
v 11.44147 -2.65606 1.56803
v 7.24292 10.89420 1.56792
v -6.93983 11.08885 1.56765
v -12.13561 -2.55623 0.84760
v -0.13732 -11.49748 0.84714
v 12.07505 -2.85058 0.85133
v 7.62430 11.43738 0.85215
v -7.33996 11.61924 0.85211
v -12.07060 -2.76595 0.86587
v 0.08210 -11.50149 0.86839
v 12.14700 -2.64255 0.87247
v 7.44827 11.56986 0.87221
v -7.52043 11.49293 0.87155
v -12.37568 -2.64857 0.73835
v -0.12413 -11.75460 0.74055
v 12.32241 -2.91609 0.73947
v 7.76298 11.65234 0.74033
v -7.50167 11.81761 0.73953
v -12.29098 -2.87915 0.71368
v 0.12174 -11.74559 0.71495
v 12.38887 -2.67917 0.71320
v 7.55887 11.78953 0.71592
v -7.69526 11.66569 0.71560
v -11.87242 -3.06260 0.79829
v 0.42705 -11.40445 0.80098
v 12.15946 -2.28464 0.80023
v 7.11216 11.69159 0.79897
v -7.74063 11.21152 0.79996
v -11.62398 -3.00893 0.85912
v 0.45486 -11.15314 0.86510
v 11.92862 -2.18073 0.86359
v 6.94204 11.50408 0.86168
v -7.61292 10.99137 0.86053
v -11.27761 -2.96077 0.97285
v 0.51473 -10.80761 0.97688
v 11.61884 -2.01668 0.97563
v 6.69102 11.25932 0.97267
v -7.45856 10.67685 0.97243
v -10.89514 -2.84413 1.05855
v 0.52346 -10.40755 1.06179
v 11.24098 -1.88478 1.06152
v 6.44865 10.94151 1.05997
v -7.23059 10.34865 1.05915
v -10.45163 -2.71150 1.11016
v 0.53027 -9.94358 1.10905
v 10.80187 -1.73524 1.10811
v 6.16951 10.57128 1.10831
v -6.96601 9.96838 1.10883
v -10.02577 -2.61346 1.08906
v 0.56709 -9.50689 1.08435
v 10.39982 -1.56399 1.08743
v 5.88178 10.24370 1.09107
v -6.74108 9.59244 1.08657
v -9.66714 -2.56617 1.08421
v 0.63483 -9.15317 1.08519
v 10.08253 -1.39049 1.08426
v 5.62004 9.99393 1.08578
v -6.58631 9.26705 1.08467
v -9.29484 -2.52066 1.16393
v 0.70663 -8.78479 1.16427
v 9.75378 -1.20940 1.16232
v 5.34638 9.73623 1.16193
v -6.42825 8.92681 1.16446
v -8.88648 -2.46370 1.20405
v 0.77757 -8.37819 1.20201
v 9.38990 -1.01528 1.20212
v 5.04889 9.45039 1.20173
v -6.24751 8.55607 1.20382
v -8.48084 -2.41750 1.27631
v 0.85863 -7.97846 1.27527
v 9.03462 -0.81510 1.27518
v 4.74775 9.17549 1.27584
v -6.07820 8.18485 1.27719
v -8.12986 -2.37687 1.36715
v 0.92970 -7.63255 1.36711
v 8.72544 -0.64322 1.36168
v 4.48678 8.93729 1.36851
v -5.93200 7.86291 1.36877
v -7.77596 -2.31343 1.40525
v 0.97984 -7.27666 1.40716
v 8.40041 -0.48768 1.39675
v 4.23891 8.67576 1.40224
v -5.75958 7.54666 1.40206
v -7.37421 -2.23634 1.45183
v 1.02963 -6.87002 1.45241
v 8.03220 -0.31230 1.44782
v 3.95879 8.37841 1.45232
v -5.56322 7.18843 1.45163
v -6.91350 -2.10442 1.50505
v 1.04565 -6.39079 1.50400
v 7.58096 -0.14965 1.49905
v 3.66285 8.00150 1.50643
v -5.29669 6.79033 1.50640
v -6.38504 -1.95828 1.59551
v 1.06903 -5.84291 1.59295
v 7.06883 0.04465 1.59249
v 3.32343 7.56994 1.59175
v -4.99191 6.33395 1.59269
v -5.91152 -1.83191 1.64666
v 1.09147 -5.35286 1.63842
v 6.61117 0.22009 1.64234
v 3.01821 7.18603 1.63509
v -4.72534 5.92314 1.64341
v -5.53662 -1.73465 1.63374
v 1.11659 -4.96685 1.62958
v 6.25119 0.36305 1.63083
v 2.76943 6.89011 1.62837
v -4.51876 5.59591 1.63395
v -5.14677 -1.65360 1.67013
v 1.15939 -4.57130 1.66454
v 5.88832 0.52616 1.66726
v 2.50173 6.59641 1.66519
v -4.32191 5.24976 1.67019
v -4.69000 -1.51990 1.71759
v 1.17620 -4.09592 1.71585
v 5.44101 0.68806 1.71727
v 2.20665 6.22302 1.72189
v -4.05358 4.85646 1.71859
v -4.28602 -1.40220 1.77892
v 1.18916 -3.67472 1.77699
v 5.04474 0.83030 1.77849
v 1.95119 5.88697 1.77664
v -3.81582 4.50904 1.77834
v -4.12708 -0.78824 2.09291
v 0.65603 -3.33459 2.09146
v 4.55565 0.42766 2.09033
v 2.18301 5.29832 2.09263
v -3.18364 4.54738 2.09333
v -4.47412 -0.85602 2.09799
v 0.61309 -3.68508 2.09679
v 4.87596 0.27870 2.09758
v 2.42350 5.55670 2.09594
v -3.35547 4.85651 2.09893
v -4.87983 -0.95258 2.06193
v 0.57891 -4.10116 2.06367
v 5.26146 0.11810 2.06139
v 2.69497 5.87428 2.06419
v -3.57266 5.21241 2.06180
v -5.31956 -1.10299 2.02688
v 0.58563 -4.56555 2.02709
v 5.70496 -0.01896 2.02906
v 2.96275 6.25403 2.02780
v -3.85122 5.58373 2.03015
v -5.67413 -1.19765 1.94662
v 0.56594 -4.93211 1.94540
v 6.04769 -0.15207 1.94812
v 3.19537 6.53854 1.94841
v -4.05057 5.89239 1.94655
v -6.02639 -1.29068 1.98307
v 0.54558 -5.29610 1.98422
v 6.38738 -0.28316 1.98548
v 3.42489 6.82112 1.98617
v -4.24865 6.19870 1.98786
v -6.49488 -1.42500 1.93740
v 0.52842 -5.78311 1.93399
v 6.84480 -0.45019 1.93558
v 3.72509 7.20488 1.93457
v -4.52029 6.60283 1.93692
v -7.48468 -1.72328 1.77839
v -7.01763 -1.58142 1.83842
v 0.50658 -6.81661 1.77501
v 0.51686 -6.32847 1.83886
v 7.82077 -0.79108 1.77559
v 7.35967 -0.63037 1.83912
v 4.34955 8.02877 1.77868
v 4.05447 7.63962 1.84082
v -5.10982 7.45189 1.77796
v -4.83094 7.05124 1.83912
v -7.89449 -1.83670 1.70646
v 0.48903 -7.24187 1.70673
v 8.21937 -0.93953 1.70594
v 4.61440 8.36117 1.70649
v -5.34400 7.80647 1.70557
v -8.24051 -1.94575 1.65473
v 0.48475 -7.60437 1.65270
v 8.56327 -1.05510 1.65263
v 4.83076 8.65281 1.65320
v -5.55492 8.10201 1.65365
v -8.60911 -1.98376 1.64730
v 0.40597 -7.96623 1.64696
v 8.88466 -1.23946 1.64775
v 5.10568 8.90101 1.64778
v -5.70449 8.44102 1.64715
v -9.40907 -2.11901 1.60891
v -9.01683 -2.02951 1.66486
v 0.28889 -8.76895 1.60858
v 0.32532 -8.36858 1.66488
v 9.61077 -1.60072 1.60881
v 9.24134 -1.44217 1.66577
v 5.67302 9.48112 1.60907
v 5.40914 9.17696 1.66451
v -6.08136 9.15956 1.60863
v -5.87452 8.81436 1.66403
v -9.77534 -2.22829 1.51922
v 0.27861 -9.15045 1.51773
v 9.97195 -1.72679 1.52022
v 5.90497 9.78472 1.52105
v -6.29911 9.47388 1.52035
v -10.15319 -2.27553 1.49980
v 0.20726 -9.52499 1.49794
v 10.30463 -1.91195 1.49870
v 6.18343 10.04466 1.50093
v -6.46044 9.81890 1.50033
v -10.57869 -2.40229 1.46519
v 0.19661 -9.96893 1.46386
v 10.72297 -2.05997 1.46306
v 6.45340 10.39712 1.46586
v -6.71241 10.18447 1.46578
v -10.97302 -2.57377 1.32589
v 0.23901 -10.39743 1.32665
v 11.14446 -2.15098 1.32798
v 6.67138 10.76792 1.32704
v -6.99721 10.50652 1.32621
v -11.31975 -2.74245 1.10409
v 0.29198 -10.77874 1.10288
v 11.52363 -2.21913 1.10481
v 6.85312 11.10746 1.10391
v -7.26342 10.78368 1.10088
v -11.98048 -2.95701 0.85349
v -11.66917 -2.83098 0.95010
v 0.29200 -11.47454 0.85400
v 0.26949 -11.13980 0.95452
v 12.18554 -2.43370 0.85618
v 11.85936 -2.35275 0.95226
v 7.26161 11.67058 0.85484
v 7.08372 11.38550 0.95258
v -7.67454 11.34690 0.85593
v -7.45785 11.08943 0.95295
v -12.16523 -3.07434 0.71250
v 0.34494 -11.68508 0.71322
v 12.40222 -2.44963 0.71463
v 7.34262 11.87167 0.71359
v -7.84036 11.48587 0.71414
v -11.94405 -3.19459 0.68863
v 0.52909 -11.51278 0.69179
v 12.29304 -2.22367 0.68849
v 7.09366 11.83913 0.68954
v -7.88805 11.23833 0.69233
v -11.62294 -3.22075 0.76028
v 0.65333 -11.21616 0.76062
v 12.05350 -2.01188 0.76079
v 6.81968 11.67467 0.75946
v -7.81205 10.92548 0.76037
v -11.24181 -3.15008 0.78446
v 0.70423 -10.83257 0.78778
v 11.70267 -1.84661 0.78499
v 6.55447 11.39209 0.78152
v -7.62508 10.58642 0.78288
v -10.82453 -3.08536 0.84916
v 0.76958 -10.41696 0.85072
v 11.32728 -1.65343 0.85113
v 6.25598 11.09516 0.84748
v -7.43433 10.21219 0.84839
v -10.37937 -2.95768 0.84311
v 0.79263 -9.95207 0.84195
v 10.89141 -1.49790 0.84273
v 5.96428 10.73464 0.84131
v -7.18233 9.82133 0.84221
v -9.96251 -2.87614 0.82563
v 0.84251 -9.52920 0.82114
v 10.50545 -1.31911 0.82457
v 5.67506 10.42241 0.82293
v -6.97661 9.44875 0.82370
v -9.60441 -2.82522 0.82965
v 0.90128 -9.17313 0.82888
v 10.18504 -1.14479 0.83141
v 5.41779 10.16626 0.82911
v -6.81400 9.12668 0.82904
v -9.23116 -2.77255 0.94012
v 0.96488 -8.80161 0.94038
v 9.85014 -0.96878 0.94016
v 5.14767 9.90177 0.93877
v -6.64622 8.78891 0.94009
v -8.83071 -2.70399 0.99251
v 1.02167 -8.39900 0.99076
v 9.48683 -0.78786 0.99194
v 4.86357 9.61124 0.99049
v -6.45830 8.42899 0.99231
v -8.42235 -2.67122 1.06148
v 1.11627 -8.00030 1.05774
v 9.13621 -0.57566 1.05942
v 4.55251 9.34444 1.05876
v -6.30065 8.05076 1.06063
v -8.06701 -2.61726 1.10794
v 1.17806 -7.64687 1.10816
v 8.81699 -0.41036 1.10550
v 4.29553 9.09388 1.10747
v -6.14005 7.72943 1.10771
v -7.72028 -2.55413 1.12434
v 1.22597 -7.29809 1.12536
v 8.49903 -0.25771 1.12102
v 4.05356 8.83775 1.12124
v -5.97152 7.42048 1.12066
v -7.32972 -2.49742 1.16723
v 1.29061 -6.90850 1.16621
v 8.14893 -0.07672 1.16207
v 3.77047 8.56241 1.16542
v -5.79599 7.06657 1.16432
v -6.87301 -2.36814 1.19669
v 1.30774 -6.43415 1.19446
v 7.70337 0.08728 1.19204
v 3.47648 8.18997 1.19646
v -5.53480 6.67056 1.19746
v -6.34591 -2.26107 1.25935
v 1.37103 -5.90000 1.26011
v 7.21428 0.31089 1.25679
v 3.11563 7.79108 1.25734
v -5.26692 6.20403 1.25746
v -5.86353 -2.17245 1.31620
v 1.43360 -5.41330 1.31451
v 6.77242 0.52289 1.31320
v 2.77714 7.43623 1.31310
v -5.03427 5.77252 1.31430
v -5.46536 -2.10164 1.31519
v 1.48983 -5.01284 1.31381
v 6.41002 0.70274 1.31464
v 2.49628 7.14547 1.31239
v -4.84402 5.41588 1.31334
v -5.06012 -1.98350 1.29457
v 1.49952 -4.59077 1.29037
v 6.01213 0.84423 1.29250
v 2.23923 6.81050 1.29105
v -4.60991 5.06463 1.29641
v -4.59747 -1.84503 1.36379
v 1.51693 -4.10882 1.36463
v 5.55769 1.00640 1.36433
v 1.94131 6.43123 1.36541
v -4.33345 4.66844 1.36368
v -4.19096 -1.73661 1.44590
v 1.53501 -3.68781 1.44373
v 5.16360 1.15466 1.44441
v 1.67829 6.10186 1.44509
v -4.10484 4.31512 1.44619
v -3.84798 -1.62990 1.46700
v 1.53717 -3.32820 1.46322
v 4.82513 1.27299 1.46964
v 1.46499 5.81268 1.46582
v -3.89647 4.02252 1.46735
v -3.95139 -1.29713 1.77632
v 1.19270 -3.32476 1.77379
v 4.71308 0.94218 1.77447
v 1.74243 5.60591 1.77529
v -3.61282 4.22349 1.77509
v -3.57446 -1.22206 1.90498
v 1.23944 -2.94337 1.90600
v 4.36426 1.10398 1.90692
v 1.48264 5.32257 1.90065
v -3.42525 3.88790 1.90519
v -3.45856 -1.56987 1.54166
v 1.60428 -2.94003 1.54072
v 4.47552 1.45450 1.54471
v 1.18366 5.53660 1.54093
v -3.71989 3.67026 1.54201
v -3.75989 -0.64421 2.23416
v 0.63236 -2.94122 2.23772
v 4.17393 0.52670 2.23572
v 1.97069 4.96612 2.23546
v -2.93339 4.24293 2.23777
v -3.01728 -0.96140 2.07254
v 1.16478 -2.33337 2.07529
v 3.76040 1.22020 2.07366
v 1.18314 4.78707 2.07348
v -3.00547 3.43847 2.07335
v -2.81002 -1.50651 1.74767
v 1.74786 -2.30518 1.75059
v 3.91498 1.78492 1.75237
v 0.69457 5.10720 1.74994
v -3.45845 3.07293 1.74652
v -2.30110 -1.08896 2.12059
v 1.50689 -1.69137 2.12216
v 3.25554 1.74448 2.12169
v 0.52861 4.46906 2.12126
v -2.90444 2.71780 2.11950
v -2.46537 -0.58992 2.27769
v 0.98121 -1.69310 2.27870
v 3.09507 1.24404 2.27957
v 0.95479 4.16185 2.27836
v -2.48186 3.02842 2.27976
v -2.08326 -1.31939 2.01592
v 1.79282 -1.55492 2.01620
v 3.21342 2.05762 2.01352
v 0.21729 4.52639 2.01503
v -3.05589 2.43962 2.01461
v -2.36810 -1.68841 1.70406
v 2.05548 -1.93968 1.70445
v 3.65937 2.18801 1.70128
v 0.23147 4.98877 1.69918
v -3.49314 2.59607 1.70058
v -4.97039 1.46577 1.61967
v -1.74492 -3.43933 1.61571
v 3.91322 -1.89021 1.61837
v 4.19111 3.97011 1.62154
v -1.30116 6.04475 1.61805
v -5.33039 1.29959 1.59958
v -1.70136 -3.83375 1.59858
v 4.30227 -1.96738 1.59766
v 4.38321 4.31724 1.59911
v -1.57064 6.33615 1.59754
v -5.68687 1.15939 1.60093
v -1.67584 -4.21561 1.59730
v 4.67274 -2.06353 1.59903
v 4.58736 4.64096 1.59797
v -1.81694 6.62900 1.59400
v -5.98861 1.01657 1.56959
v -1.63734 -4.54695 1.57003
v 4.99960 -2.12910 1.57082
v 4.75147 4.93103 1.57119
v -2.04494 6.87283 1.56564
v -6.31004 0.93382 1.55668
v -1.65649 -4.87844 1.55623
v 5.30894 -2.25117 1.55865
v 4.96036 5.18904 1.55606
v -2.22311 7.15269 1.55252
v -6.66253 0.78270 1.53185
v -1.62288 -5.26067 1.53222
v 5.68269 -2.34172 1.53980
v 5.15933 5.51779 1.53292
v -2.47666 7.43978 1.52602
v -7.00234 0.56458 1.48254
v -1.52136 -5.65102 1.48437
v 6.08552 -2.36237 1.48836
v 5.30608 5.89293 1.48570
v -2.78784 7.69746 1.47901
v -7.43452 0.35324 1.44946
v -1.45226 -6.12768 1.45002
v 6.56028 -2.44185 1.45206
v 5.52896 6.31950 1.44943
v -3.12096 8.04496 1.44857
v -7.93540 0.15402 1.37974
v -1.41919 -6.66615 1.38251
v 7.08166 -2.58083 1.38666
v 5.82033 6.77415 1.38333
v -3.46022 8.46495 1.38628
v -8.40395 -0.04044 1.37594
v -1.37884 -7.17151 1.37815
v 7.57525 -2.70049 1.38601
v 6.08435 7.20687 1.37878
v -3.79036 8.85020 1.38095
v -8.76036 -0.23512 1.30916
v -1.30172 -7.57014 1.30892
v 7.97854 -2.74643 1.31178
v 6.25707 7.57436 1.30981
v -4.08777 9.12637 1.31092
v -9.10836 -0.37878 1.25698
v -1.27321 -7.94632 1.25903
v 8.34462 -2.83430 1.25917
v 6.45203 7.89638 1.25600
v -4.33178 9.41350 1.25974
v -9.49413 -0.55319 1.18316
v -1.22648 -8.36612 1.18305
v 8.75928 -2.91800 1.18308
v 6.66003 8.26344 1.17703
v -4.61783 9.72531 1.18548
v -9.93250 -0.73413 1.12439
v -1.18900 -8.83834 1.12359
v 9.21996 -3.02824 1.12532
v 6.90841 8.66788 1.12309
v -4.92652 10.08393 1.12388
v -10.31327 -0.95031 0.99529
v -1.10410 -9.26806 1.00237
v 9.65443 -3.07770 1.00231
v 7.08765 9.06654 0.99532
v -5.25005 10.37822 0.99772
v -10.64742 -1.21472 0.90346
v -0.95336 -9.66823 0.90425
v 10.07994 -3.05684 0.91247
v 7.20506 9.47717 0.90396
v -5.60658 10.61411 0.90132
v -11.02356 -1.43494 0.86228
v -0.85948 -10.09357 0.86204
v 10.51478 -3.10376 0.86325
v 7.38357 9.87503 0.86242
v -5.93407 10.90760 0.86373
v -11.40919 -1.66648 0.81276
v -0.75509 -10.53199 0.81497
v 10.96459 -3.14821 0.80801
v 7.56015 10.29023 0.81350
v -6.28638 11.19896 0.81654
v -11.78083 -1.85707 0.76632
v -0.69302 -10.94200 0.76594
v 11.37433 -3.21080 0.76567
v 7.74787 10.66331 0.76859
v -6.57092 11.49585 0.76612
v -12.08395 -2.06867 0.74881
v -0.58224 -11.29296 0.74665
v 11.74200 -3.21182 0.74895
v 7.86626 11.01475 0.75040
v -6.86113 11.71534 0.75006
v -11.88480 -2.27429 0.91888
v -0.32812 -11.17152 0.91970
v 11.70564 -2.93254 0.92394
v 7.58821 11.06065 0.92454
v -6.99369 11.46730 0.92103
v -11.58809 -2.08902 1.09066
v -0.40774 -10.82957 1.09114
v 11.35609 -2.90511 1.08969
v 7.45138 10.73689 1.08947
v -6.72630 11.24030 1.08978
v -11.21826 -1.95602 1.31135
v -0.41787 -10.43617 1.31850
v 10.97896 -2.79576 1.31088
v 7.23459 10.41152 1.31229
v -6.48644 10.92775 1.30917
v -10.79995 -1.82342 1.47883
v -0.41900 -9.99982 1.47801
v 10.56254 -2.65814 1.47967
v 6.97328 10.05829 1.47914
v -6.23042 10.57288 1.47737
v -10.38425 -1.63990 1.53200
v -0.46744 -9.54853 1.53124
v 10.11825 -2.56214 1.53282
v 6.74461 9.66548 1.53307
v -5.92712 10.23480 1.53154
v -10.02500 -1.45281 1.57608
v -0.53434 -9.14895 1.57560
v 9.71766 -2.50185 1.57620
v 6.56225 9.30306 1.57367
v -5.63801 9.95135 1.57585
v -11.94739 -2.19454 0.83358
v -0.42354 -11.20647 0.83351
v 11.70898 -3.03344 0.83555
v 7.68469 11.03307 0.83562
v -6.93712 11.55130 0.83458
v -11.64637 -2.02154 0.90534
v -0.49187 -10.86571 0.90388
v 11.36391 -2.99494 0.90398
v 7.54055 10.71663 0.90448
v -6.68061 11.31766 0.90424
v -11.29846 -1.83969 1.05345
v -0.55732 -10.47913 1.05738
v 10.97570 -2.93766 1.05243
v 7.36639 10.36509 1.05456
v -6.40141 11.04136 1.05291
v -10.91127 -1.63754 1.16518
v -0.63139 -10.04886 1.16566
v 10.54324 -2.87527 1.16647
v 7.17367 9.97288 1.16664
v -6.08926 10.73486 1.16264
v -10.51667 -1.41555 1.18452
v -0.72228 -9.60541 1.18430
v 10.09365 -2.82265 1.18757
v 6.98239 9.56203 1.18367
v -5.75575 10.42826 1.18099
v -10.14795 -1.20449 1.22244
v -0.81005 -9.18979 1.22374
v 9.67130 -2.77546 1.22285
v 6.80738 9.17489 1.22023
v -5.44044 10.14378 1.22059
v -9.65412 -1.31920 1.63820
v -0.54755 -8.75547 1.63945
v 9.33883 -2.39169 1.63676
v 6.34116 8.97699 1.63589
v -5.39624 9.63974 1.63737
v -9.24872 -1.17685 1.72087
v -0.55723 -8.32500 1.71834
v 8.92743 -2.26898 1.72125
v 6.09742 8.62352 1.72005
v -5.13526 9.29821 1.71974
v -8.83478 -1.03402 1.77955
v -0.56546 -7.88800 1.77863
v 8.50739 -2.14117 1.77639
v 5.84712 8.26486 1.77915
v -4.87070 8.94816 1.77690
v -8.52177 -0.86609 1.86196
v -0.62772 -7.53821 1.86110
v 8.15673 -2.09266 1.86144
v 5.69232 7.94504 1.86098
v -4.61466 8.70398 1.86258
v -8.16632 -0.76756 1.90195
v -0.61226 -7.16987 1.90040
v 7.81117 -1.96336 1.90203
v 5.46239 7.65630 1.90167
v -4.41204 8.39511 1.90273
v -7.72347 -0.60879 1.91161
v -0.62662 -6.69959 1.90966
v 7.35949 -1.83248 1.91054
v 5.19807 7.26731 1.91027
v -4.12382 8.02344 1.91138
v -9.77874 -1.03643 1.30752
v -0.85598 -8.78684 1.30975
v 9.27402 -2.69608 1.31122
v 6.60742 8.82191 1.30524
v -5.16522 9.84695 1.31017
v -9.35680 -0.88192 1.37584
v -0.87140 -8.33767 1.37627
v 8.84102 -2.57117 1.37526
v 6.35796 8.44932 1.37604
v -4.88794 9.49303 1.37696
v -8.96325 -0.71483 1.45129
v -0.90883 -7.91274 1.45264
v 8.42566 -2.47629 1.45310
v 6.13913 8.08316 1.45286
v -4.60768 9.17128 1.45314
v -8.62539 -0.56315 1.49427
v -0.94849 -7.54387 1.49572
v 8.06217 -2.39992 1.49422
v 5.95468 7.76100 1.49521
v -4.35893 8.89630 1.49634
v -8.29031 -0.39428 1.62670
v -1.00523 -7.17211 1.62672
v 7.69167 -2.34036 1.62907
v 5.78177 7.42767 1.62525
v -4.09544 8.62954 1.62624
v -7.84859 -0.19772 1.67255
v -1.05672 -6.69232 1.67433
v 7.21960 -2.24158 1.67756
v 5.54188 7.00857 1.67436
v -3.77049 8.27095 1.67536
v -7.35981 0.02824 1.73107
v -1.12086 -6.15789 1.73390
v 6.69173 -2.13696 1.73696
v 5.28032 6.53857 1.73495
v -3.40586 7.87380 1.73083
v -6.89809 0.23262 1.71324
v -1.17134 -5.65445 1.71310
v 6.19656 -2.02889 1.71263
v 5.02485 6.10120 1.71287
v -3.06994 7.49727 1.71308
v -6.53242 0.43359 1.71059
v -1.24932 -5.24477 1.70903
v 5.78330 -1.97779 1.71143
v 4.84785 5.72396 1.70987
v -2.76656 7.21037 1.70835
v -6.21912 0.61991 1.78661
v -1.32890 -4.88905 1.78551
v 5.42062 -1.94089 1.78588
v 4.70214 5.38973 1.78538
v -2.49387 6.96927 1.78123
v -7.22122 -0.41469 1.94898
v -0.65566 -6.16203 1.94785
v 6.83907 -1.69408 1.94862
v 4.90577 6.81517 1.94844
v -3.78425 7.60545 1.94935
v -6.74433 -0.22877 2.01345
v -0.68490 -5.65076 2.01307
v 6.34417 -1.56426 2.01342
v 4.62895 6.38423 2.01458
v -3.46031 7.20883 2.01397
v -6.36845 -0.00919 2.03835
v -0.77759 -5.22545 2.03822
v 5.91087 -1.52096 2.03904
v 4.45408 5.98587 2.03838
v -3.13593 6.91882 2.03598
v -6.05512 0.16135 2.02058
v -0.84397 -4.87409 2.01726
v 5.55738 -1.47407 2.02117
v 4.30058 5.66426 2.02145
v -2.87633 6.67411 2.01919
v -5.72786 0.25607 2.08297
v -0.83204 -4.53403 2.08337
v 5.23665 -1.35827 2.08311
v 4.09156 5.39452 2.08370
v -2.68512 6.39197 2.08255
v -5.31746 0.32833 2.10357
v -0.77312 -4.12198 2.10431
v 4.86230 -1.17513 2.10281
v 3.80204 5.09606 2.10575
v -2.49020 6.02396 2.10309
v -4.93733 0.46975 2.08538
v -0.78998 -3.71636 2.08630
v 4.47180 -1.06591 2.08640
v 3.57727 4.75755 2.08637
v -2.23833 5.70603 2.08621
v -4.63314 0.66495 2.12840
v -0.88152 -3.36660 2.12556
v 4.11089 -1.04575 2.12834
v 3.44642 4.42078 2.12676
v -1.95860 5.47691 2.12483
v -5.89510 0.70850 1.74843
v -1.31390 -4.55340 1.75203
v 5.10603 -1.82297 1.75093
v 4.49289 5.12689 1.75096
v -2.30751 6.68983 1.74987
v -5.55336 0.84492 1.82737
v -1.33599 -4.18543 1.82697
v 4.74899 -1.73092 1.82870
v 4.29536 4.81644 1.82488
v -2.07280 6.40591 1.82618
v -4.84203 1.14675 1.84328
v -5.20239 1.01298 1.89188
v -1.40351 -3.41587 1.83965
v -1.38746 -3.80007 1.88863
v 3.99601 -1.55826 1.84010
v 4.36696 -1.65965 1.88792
v 3.89949 4.15323 1.84487
v 4.11124 4.47418 1.89123
v -1.56508 5.82375 1.83938
v -1.80464 6.12476 1.88781
v -4.38280 1.31756 1.89694
v -1.42352 -2.92642 1.89328
v 3.52464 -1.42489 1.89461
v 3.62926 3.74467 1.90079
v -1.26048 5.44019 1.89534
v -3.66564 1.46559 1.97731
v -1.34568 -2.19930 1.97958
v 2.85725 -1.12487 1.97954
v 3.13479 3.20393 1.97949
v -0.89692 4.80520 1.97976
v -4.49677 1.64709 1.64407
v -1.77233 -2.93294 1.64115
v 3.42291 -1.75791 1.64155
v 3.91465 3.54472 1.64672
v -0.98120 5.65109 1.64353
v -3.01819 1.56152 2.20736
v -1.23660 -1.55402 2.20788
v 2.27691 -0.82180 2.20659
v 2.66711 2.74601 2.20798
v -0.60574 4.21857 2.20643
v -3.16259 1.95827 2.10286
v -1.65761 -1.56819 2.10178
v 2.16111 -1.22763 2.10315
v 3.01687 2.50987 2.10272
v -0.27328 4.47884 2.10303
v -3.79755 1.96113 1.76899
v -1.85804 -2.17260 1.77090
v 2.67274 -1.59997 1.76737
v 3.53295 2.88082 1.76991
v -0.46683 5.08331 1.76870
v -3.55238 2.33017 1.71406
v -3.14095 2.24302 2.05874
v -2.13605 -1.82851 1.71933
v -1.92249 -1.46079 2.05881
v 2.26033 -1.76130 1.71835
v 1.97693 -1.44551 2.05875
v 3.55231 2.43851 1.71517
v 3.16700 2.26714 2.05902
v -0.04005 4.96416 1.71348
v 0.00449 4.54717 2.06064
v -2.64674 2.08277 2.22997
v -1.61820 -1.04041 2.23299
v 1.67081 -1.02558 2.23058
v 2.67323 2.10591 2.23136
v 0.00459 4.02690 2.23029
v -2.56192 2.28893 2.19731
v -1.78716 -0.89556 2.19802
v 1.48098 -1.14238 2.19802
v 2.72527 1.88935 2.19710
v 0.22684 4.00930 2.19565
v -2.17860 2.75834 2.31403
v -2.11480 -0.38567 2.31380
v 0.89454 -1.29710 2.31494
v 2.69073 1.28429 2.31344
v 0.79196 3.79048 2.31457
v -2.63787 1.61468 2.34672
v -1.16957 -1.17587 2.34731
v 1.93849 -0.64232 2.34884
v 2.39078 2.47926 2.34749
v -0.43760 3.87396 2.34734
v -2.65529 1.84477 2.25770
v -1.39451 -1.12241 2.25988
v 1.81796 -0.83887 2.25964
v 2.54059 2.30378 2.25894
v -0.22448 3.96217 2.25879
v -2.42114 2.52304 2.30533
v -1.96658 -0.68982 2.30832
v 1.22986 -1.24931 2.30804
v 2.74889 1.61721 2.30562
v 0.49285 3.94843 2.30615
v -12.17027 -2.40028 0.83203
v -0.29572 -11.48150 0.82949
v 12.01045 -2.99641 0.83169
v 7.74372 11.33092 0.83377
v -7.20190 11.69964 0.83330
v -12.15101 -2.30558 0.79053
v -0.38002 -11.43420 0.78977
v 11.93907 -3.06244 0.79146
v 7.78475 11.24242 0.79274
v -7.10501 11.71137 0.79233
v -12.27581 -2.28053 0.68943
v -0.44354 -11.54518 0.69204
v 12.02445 -3.15596 0.69114
v 7.89857 11.29697 0.69069
v -7.12061 11.83540 0.69124
v -12.37031 -2.44741 0.70823
v -0.31382 -11.68711 0.70810
v 12.19976 -3.07594 0.70888
v 7.87701 11.48657 0.70924
v -7.30869 11.87449 0.70851
v -12.43206 -2.23401 0.53840
v -0.53654 -11.67563 0.53928
v 12.12083 -3.28417 0.53940
v 8.05411 11.35282 0.54084
v -7.12875 11.99783 0.54276
v -12.57351 -2.45311 0.55571
v -0.37146 -11.88476 0.55626
v 12.36847 -3.19120 0.55574
v 8.03777 11.61053 0.55530
v -7.37799 12.06716 0.55686
v -12.68904 -2.72035 0.63811
v -0.15245 -12.07341 0.63756
v 12.61745 -3.04169 0.63763
v 7.97270 11.89287 0.63688
v -7.66642 12.09271 0.63833
v -12.56395 -3.03988 0.62531
v 0.18652 -12.05214 0.62719
v 12.70152 -2.71182 0.62430
v 7.68501 12.07436 0.62684
v -7.92995 11.87435 0.62736
v -12.34555 -3.24493 0.60416
v 0.44930 -11.90851 0.60757
v 12.65015 -2.42239 0.61081
v 7.38970 12.11017 0.60612
v -8.05533 11.60325 0.60812
v -12.05588 -3.42349 0.61863
v 0.70562 -11.68526 0.62079
v 12.52087 -2.10792 0.62275
v 7.05207 12.08610 0.62010
v -8.13114 11.27341 0.62192
v -11.65530 -3.47724 0.65373
v 0.88430 -11.32591 0.65487
v 12.24060 -1.83004 0.64832
v 6.70465 11.90750 0.64877
v -8.06231 10.87847 0.65478
v -11.21855 -3.43847 0.67826
v 0.97888 -10.90140 0.67912
v 11.86608 -1.60032 0.66588
v 6.37928 11.61959 0.66892
v -7.88815 10.48047 0.68106
v -10.76215 -3.35544 0.68934
v 1.03396 -10.45042 0.69468
v 11.43839 -1.40172 0.68183
v 6.06708 11.28168 0.68549
v -7.66810 10.08318 0.69536
v -10.33974 -3.22194 0.69613
v 1.05970 -9.99540 0.68217
v 11.02632 -1.26840 0.69665
v 5.78249 10.93748 0.67449
v -7.42412 9.69955 0.68233
v -9.94152 -3.12129 0.64765
v 1.09272 -9.58324 0.63558
v 10.64070 -1.12511 0.64761
v 5.52502 10.61202 0.62914
v -7.20739 9.34680 0.63427
v -9.57502 -3.12039 0.65393
v 1.19322 -9.23541 0.65196
v 10.33532 -0.89432 0.65542
v 5.22472 10.38733 0.64894
v -7.08822 9.00524 0.65107
v -9.20191 -3.00983 0.76876
v 1.20119 -8.84725 0.77092
v 9.96694 -0.75807 0.77138
v 4.98424 10.07594 0.77198
v -6.86332 8.68750 0.77046
v -8.80926 -2.92436 0.83243
v 1.24251 -8.44941 0.83432
v 9.59885 -0.59771 0.83263
v 4.71559 9.78039 0.83436
v -6.66497 8.34062 0.83493
v -8.38256 -2.93850 0.89605
v 1.38629 -8.04562 0.89621
v 9.26334 -0.33433 0.89664
v 4.36197 9.53947 0.89620
v -6.54369 7.92968 0.89627
v -8.02490 -2.84831 0.91581
v 1.41131 -7.67851 0.91587
v 8.91959 -0.19669 0.91604
v 4.12512 9.25640 0.91608
v -6.34676 7.61775 0.91578
v -7.69122 -2.80694 0.93365
v 1.47675 -7.34823 0.93477
v 8.62639 -0.03171 0.93471
v 3.87768 9.02739 0.93437
v -6.20620 7.31230 0.93416
v -7.32425 -2.69377 0.92654
v 1.48151 -6.96324 0.92688
v 8.26263 0.09205 0.92680
v 3.65053 8.71954 0.92620
v -5.98402 6.99933 0.92626
v -6.85579 -2.61192 0.94954
v 1.54886 -6.49327 0.95044
v 7.83562 0.29950 0.95024
v 3.31847 8.37789 0.95073
v -5.76115 6.57859 0.95081
v -6.32642 -2.58796 0.98704
v 1.68210 -5.98154 0.98606
v 7.38833 0.58122 0.98519
v 2.91770 8.03577 0.98270
v -5.57006 6.08531 0.98716
v -5.87652 -2.34145 0.98976
v 1.59258 -5.47810 0.98984
v 6.88433 0.65512 0.99003
v 2.68574 7.58239 0.98954
v -5.20076 5.73075 0.98946
v -5.44865 -2.34969 0.99905
v 1.73316 -5.07397 0.99937
v 6.54295 0.91437 0.99946
v 2.33489 7.33821 0.99922
v -5.07808 5.32134 0.99950
v -5.01238 -2.27199 0.97255
v 1.79096 -4.63505 0.97132
v 6.14380 1.10677 0.97148
v 2.03142 7.01513 0.97077
v -4.86110 4.93508 0.96940
v -4.55338 -2.12184 1.08969
v 1.79536 -4.15407 1.09063
v 5.68708 1.25724 1.09062
v 1.74293 6.63110 1.09086
v -4.58768 4.54095 1.09090
v -4.18225 -1.91323 1.15456
v 1.70724 -3.73398 1.15390
v 5.25984 1.30209 1.15433
v 1.57049 6.23841 1.15383
v -4.26825 4.25397 1.15383
v -3.82505 -1.95225 1.26057
v 1.85432 -3.40701 1.26039
v 4.99526 1.54373 1.26107
v 1.26119 6.05574 1.25814
v -4.19410 3.90285 1.25997
v -3.48739 -1.73028 1.20423
v 1.74833 -3.01691 1.20337
v 4.58817 1.55930 1.20292
v 1.11573 5.68018 1.20177
v -3.87975 3.64909 1.20303
v -3.00656 -1.87850 1.30775
v 2.04077 -2.60598 1.30852
v 4.29141 1.97028 1.30913
v 0.63659 5.52163 1.30782
v -3.87296 3.14580 1.30715
v -3.08999 -1.92059 0.95295
v 2.05343 -2.69887 0.95299
v 4.38366 1.95377 0.95243
v 0.67875 5.60546 0.95302
v -3.94094 3.21116 0.95246
v -3.53243 -1.80333 0.97954
v 1.80257 -3.08338 0.98067
v 4.66901 1.59324 0.98065
v 1.10860 5.76682 0.98047
v -3.96582 3.66839 0.97909
v -3.85642 -1.91194 0.96136
v 1.80514 -3.42359 0.96233
v 4.99184 1.48635 0.96438
v 1.31135 6.04009 0.96439
v -4.16534 3.94435 0.96213
v -4.20841 -1.93372 0.89395
v 1.72047 -3.76421 0.89350
v 5.29274 1.30189 0.89482
v 1.57829 6.26900 0.89477
v -4.29679 4.26955 0.89367
v -4.57036 -2.11705 0.79459
v 1.78331 -4.16664 0.79413
v 5.69271 1.23719 0.79647
v 1.76345 6.63250 0.79603
v -4.58293 4.55900 0.79527
v -4.97730 -2.46964 0.62671
v 1.98713 -4.66211 0.62715
v 6.22790 1.28510 0.62387
v 1.88457 7.15414 0.62677
v -5.03756 4.83906 0.62953
v -5.48103 -2.36200 0.72794
v 1.73349 -5.10855 0.72821
v 6.57526 0.90358 0.72843
v 2.35392 7.36717 0.72816
v -5.09793 5.34903 0.72834
v -5.90491 -2.34683 0.77050
v 1.58758 -5.50758 0.77065
v 6.91002 0.64281 0.77017
v 2.70598 7.60380 0.77014
v -5.21532 5.75770 0.77033
v -6.33177 -2.60148 0.71973
v 1.69589 -5.99175 0.72115
v 7.40330 0.59476 0.71982
v 2.90451 8.05841 0.71977
v -5.58859 6.08410 0.71832
v -6.86169 -2.63601 0.73269
v 1.56834 -6.50575 0.73274
v 7.85371 0.31594 0.73206
v 3.31018 8.39981 0.73235
v -5.78392 6.57874 0.73305
v -7.34036 -2.73255 0.71320
v 1.51140 -6.99173 0.71342
v 8.29864 0.11271 0.71310
v 3.63948 8.76003 0.71336
v -6.02597 7.00333 0.71346
v -7.71014 -2.83192 0.69146
v 1.49197 -7.37343 0.69156
v 8.65581 -0.02331 0.69104
v 3.87908 9.05881 0.69115
v -6.23477 7.32314 0.69131
v -8.04353 -2.83455 0.68198
v 1.39202 -7.69175 0.68194
v 8.92754 -0.21740 0.68201
v 4.14886 9.25616 0.68225
v -6.34092 7.63893 0.68214
v -8.38068 -2.94903 0.63278
v 1.39680 -8.04730 0.63288
v 9.26715 -0.32515 0.63304
v 4.35429 9.54663 0.63319
v -6.55276 7.92522 0.63318
v -8.80702 -2.97984 0.60663
v 1.29453 -8.46197 0.60806
v 9.63008 -0.54966 0.60902
v 4.67895 9.82353 0.60982
v -6.71476 8.32018 0.60911
v -9.21080 -3.04170 0.55432
v 1.23301 -8.86530 0.56365
v 9.99420 -0.73292 0.56933
v 4.96634 10.10928 0.57378
v -6.90031 8.68382 0.57008
v -9.56174 -3.20942 0.44682
v 1.30519 -9.25320 0.45605
v 10.39903 -0.76944 0.45615
v 5.15451 10.46160 0.45960
v -7.19767 8.94979 0.45736
v -9.93736 -3.15667 0.49864
v 1.11584 -9.58424 0.49382
v 10.65774 -1.09285 0.50812
v 5.53462 10.60965 0.49101
v -7.22837 9.33290 0.49448
v -10.35229 -3.24776 0.50175
v 1.07027 -10.01094 0.49062
v 11.04133 -1.26051 0.48445
v 5.80318 10.94562 0.47350
v -7.44066 9.70698 0.49338
v -10.77526 -3.36717 0.48078
v 1.05533 -10.46258 0.49266
v 11.39747 -1.45968 0.42042
v 6.07610 11.29257 0.48289
v -7.69554 10.08128 0.49334
v -11.22062 -3.49718 0.45398
v 1.04139 -10.92346 0.45778
v 11.85175 -1.64339 0.40478
v 6.36729 11.66113 0.43426
v -7.95554 10.45591 0.46270
v -11.67025 -3.52896 0.43636
v 0.93488 -11.35973 0.43758
v 12.26662 -1.83389 0.40467
v 6.70236 11.95104 0.41761
v -8.12374 10.87346 0.44180
v -12.09874 -3.51232 0.40806
v 0.78517 -11.75976 0.41565
v 12.61854 -2.06001 0.40755
v 7.03589 12.19418 0.41014
v -8.24273 11.28683 0.41737
v -12.39695 -3.28672 0.43757
v 0.47891 -11.97669 0.43750
v 12.72785 -2.41523 0.43820
v 7.40437 12.18591 0.44185
v -8.11597 11.64020 0.44009
v -12.64620 -3.10444 0.41117
v 0.22099 -12.15158 0.41741
v 12.80412 -2.70970 0.41175
v 7.71839 12.17843 0.41766
v -8.01584 11.93430 0.41395
v -12.80412 -2.76126 0.34243
v -0.15101 -12.19418 0.34509
v 12.73554 -3.07714 0.34173
v 8.04468 11.99657 0.34245
v -7.74159 12.19063 0.34280
v -12.63152 -2.46105 0.36625
v -0.38212 -11.94014 0.36577
v 12.41956 -3.21900 0.36552
v 8.07856 11.65033 0.36660
v -7.40211 12.11807 0.36702
v -12.47456 -2.21580 0.38545
v -0.56460 -11.71255 0.38327
v 12.14563 -3.32300 0.38685
v 8.09787 11.36190 0.38565
v -7.12507 12.05516 0.38634
v -3.59608 -1.60754 0.66833
v 1.59892 -3.08352 0.66904
v 4.60692 1.39889 0.67091
v 1.27224 5.65063 0.66740
v -3.79839 3.79009 0.66886
v -3.93563 -1.66501 0.64955
v 1.54948 -3.42337 0.64922
v 4.91571 1.24918 0.64874
v 1.51419 5.89366 0.65067
v -3.95852 4.09410 0.64901
v -4.28981 -1.72236 0.60834
v 1.49504 -3.77714 0.60663
v 5.23545 1.08910 0.60561
v 1.76458 6.14947 0.60629
v -4.12130 4.41414 0.60871
v -4.66904 -1.82372 0.56638
v 1.47267 -4.16976 0.56629
v 5.60193 0.94533 0.56741
v 2.01370 6.45403 0.56704
v -4.33473 4.74337 0.56751
v -5.11979 -1.96942 0.53925
v 1.47077 -4.64366 0.54050
v 6.05180 0.79624 0.54331
v 2.29340 6.83643 0.54255
v -4.61432 5.12600 0.53795
v -5.56995 -2.07930 0.54991
v 1.43722 -5.10591 0.55017
v 6.48168 0.62362 0.54963
v 2.59005 7.19225 0.54820
v -4.85722 5.52066 0.54996
v -5.97609 -2.18230 0.55047
v 1.41113 -5.52388 0.55037
v 6.87066 0.46782 0.55112
v 2.85962 7.51305 0.55097
v -5.08027 5.87551 0.55105
v -6.41788 -2.29852 0.56458
v 1.38361 -5.97973 0.56474
v 7.29579 0.30145 0.56516
v 3.14949 7.86564 0.56477
v -5.32809 6.25920 0.56387
v -6.92004 -2.42343 0.54738
v 1.34726 -6.49619 0.54785
v 7.77613 0.10836 0.54736
v 3.48049 8.26361 0.54609
v -5.60017 6.69939 0.54795
v -7.41188 -2.52570 0.53846
v 1.29419 -6.99532 0.53807
v 8.23422 -0.09695 0.53798
v 3.81722 8.63560 0.53700
v -5.85174 7.13322 0.53739
v -7.80624 -2.61902 0.50831
v 1.26052 -7.39947 0.50827
v 8.60798 -0.25457 0.50863
v 4.08407 8.94166 0.50887
v -6.06139 7.48082 0.50856
v -8.14131 -2.67185 0.48707
v 1.20658 -7.73426 0.48818
v 8.91063 -0.40745 0.48614
v 4.32251 9.18256 0.48606
v -6.21485 7.78314 0.48779
v -8.46993 -2.72158 0.47063
v 1.15145 -8.06206 0.47241
v 9.20307 -0.56448 0.47388
v 4.56136 9.41355 0.47270
v -6.36187 8.08119 0.47285
v -8.87840 -2.75010 0.47814
v 1.05010 -8.45880 0.47626
v 9.55228 -0.77849 0.47855
v 4.87354 9.67828 0.47902
v -6.51703 8.45996 0.47917
v -9.38633 -2.87874 0.43085
v 1.00815 -8.98110 0.42330
v 10.04056 -0.96903 0.43141
v 5.20570 10.08361 0.43177
v -6.80069 8.90122 0.43172
v -9.60423 -3.01209 0.43195
v 1.08914 -9.23175 0.43063
v 10.30304 -0.97690 0.43408
v 5.30044 10.32365 0.43666
v -7.00764 9.05975 0.43577
v -9.88831 -2.95035 0.42572
v 0.92949 -9.47975 0.42011
v 10.49105 -1.20986 0.42220
v 5.57995 10.43382 0.41709
v -7.02158 9.35648 0.42473
v -10.40222 -3.07771 0.40687
v 0.88375 -10.00166 0.39743
v 10.97504 -1.42128 0.39848
v 5.93191 10.83401 0.39748
v -7.29845 9.80785 0.40651
v -10.84681 -3.17671 0.42218
v 0.84113 -10.45671 0.40924
v 11.37811 -1.61889 0.38335
v 6.23014 11.17844 0.41859
v -7.53254 10.20131 0.42480
v -11.27195 -3.26029 0.41608
v 0.79485 -10.89174 0.41090
v 11.78167 -1.81600 0.37400
v 6.53378 11.49705 0.40363
v -7.74339 10.57818 0.41733
v -11.67512 -3.32289 0.37050
v 0.73305 -11.29691 0.37029
v 12.15313 -1.98644 0.35176
v 6.81832 11.78500 0.35883
v -7.92630 10.94316 0.37221
v -12.04137 -3.31508 0.32315
v 0.61209 -11.64325 0.32570
v 12.44790 -2.18563 0.31927
v 7.10620 11.99571 0.32214
v -8.03460 11.29383 0.32410
v -12.30200 -3.17062 0.32767
v 0.39716 -11.84837 0.32726
v 12.57273 -2.45218 0.32895
v 7.39621 12.03411 0.32877
v -7.97816 11.58628 0.32764
v -12.47574 -2.99377 0.30951
v 0.17182 -11.95812 0.30929
v 12.60494 -2.69616 0.31063
v 7.64215 11.99043 0.31064
v -7.86155 11.80713 0.30856
v -12.56104 -2.73889 0.24829
v -0.09558 -11.95878 0.24847
v 12.52574 -2.95215 0.24771
v 7.86038 11.83539 0.24664
v -7.64445 11.96550 0.24917
v -12.50661 -2.47916 0.23570
v -0.32603 -11.82782 0.23411
v 12.32991 -3.13133 0.23385
v 7.96911 11.59253 0.23431
v -7.38098 11.99532 0.23456
v -12.35279 -2.27111 0.27884
v -0.47750 -11.61543 0.27580
v 12.08050 -3.20822 0.27888
v 7.96821 11.33184 0.27830
v -7.13548 11.91600 0.27960
v -12.23436 -1.92695 0.57580
v -0.76805 -11.38418 0.58062
v 11.77264 -3.41446 0.58036
v 8.07510 10.99527 0.58591
v -6.78151 11.90196 0.59250
v -11.94921 -1.62308 0.64197
v -0.99890 -11.03244 0.64899
v 11.36278 -3.53312 0.64397
v 8.03175 10.56717 0.64062
v -6.43082 11.73815 0.63448
v -11.49879 -1.52218 0.65293
v -0.92735 -10.57209 0.65383
v 10.95342 -3.32569 0.63795
v 7.71572 10.23429 0.65584
v -6.24021 11.37088 0.56627
v -11.11434 -1.29471 0.72092
v -1.01791 -10.13460 0.71703
v 10.50424 -3.26933 0.72007
v 7.53601 9.81820 0.71658
v -5.85494 11.04956 0.71762
v -10.73210 -1.09525 0.72686
v -1.09127 -9.71207 0.72738
v 10.07804 -3.20117 0.75102
v 7.34135 9.43096 0.72734
v -5.52382 10.73175 0.72692
v -10.53758 -0.69416 0.82664
v -1.40399 -9.39591 0.82939
v 9.68022 -3.40074 0.83582
v 7.41028 8.99237 0.82823
v -5.07918 10.66215 0.83176
v -10.05288 -0.52453 0.90647
v -1.42735 -8.88704 0.91081
v 9.19135 -3.27218 0.91174
v 7.13247 8.56502 0.91110
v -4.76235 10.26242 0.91031
v -9.62121 -0.23507 1.01179
v -1.56773 -8.38818 1.01278
v 8.67500 -3.24760 1.01122
v 6.95150 8.08057 1.01220
v -4.35531 9.94355 1.01259
v -9.18774 -0.12113 1.05346
v -1.54264 -7.94186 1.05366
v 8.25767 -3.08779 1.05366
v 6.67011 7.73381 1.05354
v -4.11188 9.56902 1.05439
v -8.82593 -0.03273 1.09633
v -1.51174 -7.56987 1.09539
v 7.91361 -2.94579 1.09666
v 6.42777 7.45046 1.09643
v -3.91598 9.25088 1.09654
v -8.49019 0.20996 1.10217
v -1.64339 -7.17649 1.10300
v 7.49878 -2.94931 1.10420
v 6.30331 7.05424 1.10394
v -3.57885 9.00894 1.10433
v -8.01057 0.44886 1.07966
v -1.72126 -6.64599 1.08020
v 6.96960 -2.86174 1.08290
v 6.05126 6.58093 1.07966
v -3.20687 8.62289 1.08023
v -7.48344 0.56935 1.17610
v -1.67243 -6.10697 1.17554
v 6.47301 -2.64038 1.17532
v 5.69549 6.17344 1.17552
v -2.93018 8.15647 1.17519
v -7.06173 0.77461 1.24184
v -1.73713 -5.64226 1.24146
v 6.00921 -2.56122 1.24280
v 5.47448 5.75945 1.24135
v -2.60466 7.81871 1.24075
v -6.77946 1.08325 1.30446
v -1.94804 -5.27932 1.30599
v 5.59990 -2.65256 1.30739
v 5.42920 5.34367 1.30487
v -2.22886 7.64224 1.30163
v -6.40477 1.24254 1.35352
v -1.98284 -4.87330 1.35502
v 5.20340 -2.55695 1.35456
v 5.21818 4.99461 1.35328
v -1.95559 7.34168 1.35456
v -6.02402 1.19190 1.33499
v -1.81695 -4.52545 1.33613
v 4.92580 -2.28999 1.33543
v 4.88084 4.81096 1.33561
v -1.88795 6.96084 1.33398
v -5.78474 1.43956 1.38195
v -1.97446 -4.22187 1.38195
v 4.58648 -2.34874 1.38199
v 4.83152 4.47140 1.38137
v -1.57770 6.81193 1.38216
v -5.39620 1.50619 1.35441
v -1.91539 -3.83222 1.35348
v 4.23345 -2.16652 1.35206
v 4.55300 4.19086 1.35302
v -1.39650 6.46093 1.35320
v -5.02481 1.65129 1.35672
v -1.93811 -3.43480 1.35539
v 3.84855 -2.07186 1.35622
v 4.34162 3.85365 1.35682
v -1.14209 6.15409 1.35654
v -4.58263 1.83888 1.35533
v -1.98405 -2.95612 1.35548
v 3.37930 -1.96390 1.35491
v 4.09498 3.44104 1.35526
v -0.82613 5.79202 1.35496
v -4.00737 2.06395 1.35312
v -2.01256 -2.33606 1.35315
v 2.78091 -1.79910 1.35167
v 3.76024 2.92151 1.35230
v -0.43384 5.31396 1.35236
v -3.75921 2.38090 1.37253
v -2.24362 -2.00527 1.37393
v 2.39536 -1.91947 1.37360
v 3.75105 2.51961 1.37312
v -0.05638 5.17720 1.37275
v -3.81467 2.70365 1.38685
v -2.56820 -1.95693 1.38660
v 2.24723 -2.21103 1.38621
v 3.98260 2.28983 1.38700
v 0.23337 5.33073 1.38732
v -3.81915 2.77112 1.01160
v -2.63296 -1.94045 1.01250
v 2.21070 -2.26788 1.01340
v 4.02331 2.23600 1.01348
v 0.29625 5.35494 1.01270
v -3.74375 2.40171 1.04679
v -2.25790 -1.98362 1.04785
v 2.37095 -1.92682 1.04721
v 3.75250 2.49440 1.04556
v -0.03166 5.16785 1.04797
v -3.98532 2.06454 1.04311
v -2.00079 -2.31099 1.04730
v 2.76211 -1.78666 1.04570
v 3.74541 2.90760 1.04201
v -0.42564 5.29408 1.04233
v -4.48003 1.78840 1.03321
v -1.90325 -2.87334 1.03350
v 3.32566 -1.86278 1.03362
v 3.98088 3.42200 1.03287
v -0.84191 5.67786 1.03321
v -4.93779 1.60205 1.03430
v -1.86802 -3.36697 1.03427
v 3.80713 -1.98105 1.03483
v 4.24226 3.84219 1.03419
v -1.16231 6.05573 1.03482
v -5.33114 1.50282 1.01313
v -1.89370 -3.77132 1.01357
v 4.18313 -2.13250 1.01322
v 4.50070 4.15466 1.01391
v -1.37775 6.39924 1.01360
v -5.71508 1.43036 1.00064
v -1.94566 -4.15886 1.00047
v 4.53522 -2.30279 0.99974
v 4.77160 4.43702 1.00044
v -1.56415 6.74330 1.00034
v -5.96720 1.19406 1.04642
v -1.79885 -4.47206 1.04637
v 4.88131 -2.25609 1.04672
v 4.83348 4.78020 1.04757
v -1.87146 6.90770 1.04736
v -6.34708 1.25383 0.96765
v -1.97162 -4.81488 0.96834
v 5.15114 -2.52925 0.96788
v 5.17905 4.95133 0.96748
v -1.92932 7.28818 0.96852
v -6.71663 1.05849 0.93540
v -1.90574 -5.22744 0.93421
v 5.56391 -2.59239 0.93454
v 5.36204 5.32810 0.93600
v -2.23139 7.57786 0.93646
v -7.01812 0.78713 0.93995
v -1.73620 -5.59752 0.94005
v 5.96870 -2.54704 0.94041
v 5.44837 5.72271 0.93919
v -2.57816 7.78328 0.93921
v -7.44008 0.57978 0.90754
v -1.67385 -6.06477 0.90584
v 6.43346 -2.63022 0.90658
v 5.67066 6.13787 0.90601
v -2.90291 8.12646 0.90490
v -8.06041 0.64407 0.74459
v -1.91455 -6.63169 0.74835
v 6.89588 -3.03983 0.74527
v 6.20288 6.45303 0.74722
v -3.03601 8.72994 0.74622
v -8.57652 0.18378 0.78634
v -1.64354 -7.26610 0.78620
v 7.58365 -2.97699 0.78594
v 6.35465 7.12778 0.78626
v -3.63329 9.08012 0.78686
v -8.80496 -0.02954 0.89395
v -1.50714 -7.54880 0.89365
v 7.89442 -2.93658 0.89405
v 6.41163 7.43632 0.89414
v -3.90384 9.23448 0.89420
v -9.07545 -0.03144 0.75080
v -1.59346 -7.80668 0.75079
v 8.11373 -3.09516 0.75112
v 6.63217 7.59443 0.75080
v -3.99496 9.48619 0.75236
v 8.63419 -3.24575 0.68829
v 6.93493 8.04330 0.68817
v -4.32676 9.91394 0.68882
v -9.58463 -0.21578 0.68729
v -1.57567 -8.34783 0.68809
v 9.18957 -3.23909 0.70515
v 7.10254 8.57198 0.70365
v -4.77563 10.23751 0.70330
v -10.03124 -0.54354 0.70188
v -1.40114 -8.87365 0.70344
v 9.69483 -3.49708 0.58136
v 7.49396 8.97807 0.58109
v -5.04293 10.73495 0.58229
v -10.58492 -0.64542 0.57767
v -1.47986 -9.43295 0.58020
v 10.07416 -3.20325 0.65506
v 7.33902 9.42773 0.65304
v -5.52395 10.73374 0.65484
v -10.73060 -1.09219 0.65229
v -1.09098 -9.70751 0.65346
v 10.49477 -3.29303 0.56528
v 7.55623 9.81120 0.57056
v -5.88145 11.08542 0.55944
v -11.12082 -1.26784 0.57796
v -1.04623 -10.13188 0.56375
v 10.94759 -3.34884 0.53169
v 7.72809 10.25048 0.58097
v -6.18255 11.66706 0.46799
v -11.51680 -1.50316 0.59482
v -0.96311 -10.57706 0.53025
v 11.33715 -3.63247 0.40537
v 8.16431 10.50520 0.40854
v -6.41809 11.84982 0.45155
v -12.07407 -1.42050 0.41863
v -1.09331 -11.03664 0.40759
v 11.75961 -3.44776 0.40474
v 8.10139 10.96710 0.40325
v -6.76303 11.95737 0.42457
v -12.23114 -1.89993 0.41244
v -0.79006 -11.38088 0.39359
v 11.71687 -3.26465 0.32435
v 7.91108 10.97592 0.32141
v -6.81917 11.76153 0.32144
v -12.10008 -2.01246 0.32181
v -0.63593 -11.28541 0.31818
v 11.31766 -3.25304 0.38676
v 7.77950 10.61705 0.38641
v -6.53322 11.53768 0.38860
v -11.77999 -1.79380 0.39181
v -0.75128 -10.90192 0.38186
v 10.91280 -3.21238 0.37615
v 7.61567 10.25170 0.37961
v -6.27483 11.29818 0.41092
v -11.42557 -1.58204 0.39150
v -0.83715 -10.50272 0.37777
v 10.47154 -3.15697 0.41901
v 7.42432 9.82591 0.41893
v -5.89108 10.94778 0.41832
v -11.02552 -1.36483 0.42193
v -0.92396 -10.06820 0.41936
v 10.06636 -3.10855 0.48467
v 7.24973 9.44712 0.48313
v -5.56649 10.64804 0.48386
v -10.66376 -1.16721 0.48461
v -1.00283 -9.66823 0.48561
v 9.68409 -3.08265 0.55633
v 7.10441 9.09226 0.55739
v -5.26991 10.40101 0.55628
v -10.33884 -0.96356 0.55543
v -1.09760 -9.29701 0.55626
v 9.19186 -3.00320 0.56842
v 6.87760 8.64776 0.56807
v -4.91875 10.04694 0.56854
v -9.89401 -0.73754 0.56677
v -1.17326 -8.80400 0.56848
v 8.66389 -2.91853 0.56388
v 6.63389 8.17237 0.56341
v -4.54208 9.66758 0.56481
v -9.41709 -0.49699 0.56316
v -1.25661 -8.27585 0.56279
v 8.14987 -2.81822 0.57151
v 6.37983 7.71443 0.57092
v -4.18385 9.28565 0.56997
v -8.94271 -0.27498 0.56880
v -1.32021 -7.75589 0.56968
v 7.56466 -2.71133 0.57949
v 6.09767 7.19049 0.57851
v -3.77371 8.85474 0.57975
v -8.40599 -0.01738 0.57762
v -1.39922 -7.16598 0.57821
v 6.94133 -2.60336 0.59535
v 5.80207 6.63129 0.59535
v -3.33185 8.40167 0.59507
v -7.83816 0.26091 0.59587
v -1.48875 -6.54016 0.59518
v 6.40944 -2.44810 0.63363
v 5.49027 6.17307 0.63391
v -2.99278 7.96338 0.63389
v -7.31674 0.44832 0.63374
v -1.50573 -5.98597 0.63453
v 5.95220 -2.34760 0.62813
v 5.25544 5.76871 0.62709
v -2.68056 7.61501 0.62660
v -6.88974 0.63822 0.62587
v -1.55317 -5.52077 0.62765
v 5.56361 -2.29365 0.63319
v 5.08281 5.41528 0.63142
v -2.39969 7.34112 0.63261
v -6.54191 0.82150 0.63189
v -1.62003 -5.13443 0.63415
v 5.18075 -2.18574 0.68969
v 4.86189 5.08534 0.68827
v -2.15386 7.02863 0.68952
v -6.16921 0.95900 0.68884
v -1.63811 -4.73691 0.68812
v 4.85567 -2.03757 0.73891
v 4.61806 4.82475 0.73939
v -1.97953 6.71712 0.73937
v -5.81865 1.02865 0.73927
v -1.59274 -4.38267 0.74028
v 4.52100 -1.98845 0.71118
v 4.46913 4.51983 0.71160
v -1.73679 6.48096 0.71217
v -5.51936 1.18679 0.71081
v -1.65244 -4.04832 0.71135
v 4.16736 -1.88586 0.71468
v 4.26289 4.21469 0.71470
v -1.50980 6.19056 0.71469
v -5.17221 1.31032 0.71536
v -1.66259 -3.67998 0.71601
v 3.78688 -1.79836 0.71208
v 4.06137 3.88040 0.71312
v -1.25471 5.89501 0.71405
v -4.81321 1.46340 0.71310
v -1.69842 -3.29131 0.71265
v 3.30298 -1.68670 0.72555
v 3.80615 3.45462 0.72610
v -0.92900 5.52056 0.72760
v -4.35516 1.65477 0.72892
v -1.74021 -2.79634 0.72714
v 2.74466 -1.61006 0.75589
v 3.56521 2.94633 0.75434
v -0.51946 5.13381 0.75479
v -3.86091 1.92559 0.75602
v -1.84285 -2.24250 0.75542
v 2.19701 -1.69870 0.71684
v 3.48052 2.39997 0.71255
v -0.02553 4.88443 0.71292
v -3.47336 2.31953 0.71139
v -2.09619 -1.75028 0.71434
v 2.82570 -1.11857 0.53240
v 3.12167 3.17507 0.52642
v -0.87205 4.78615 0.52137
v -3.63934 1.48314 0.52250
v -1.35199 -2.16817 0.52626
v 3.39637 -1.22637 0.50888
v 3.39637 3.68587 0.51092
v -1.27325 5.20444 0.50813
v -4.16257 1.23356 0.50410
v -1.27685 -2.74328 0.50588
v 3.55096 -0.73143 0.26872
v 2.97441 3.98521 0.26905
v -1.68925 4.89432 0.26801
v -3.99554 0.73998 0.26835
v -0.75705 -2.73706 0.26835
v 2.97018 -0.58223 0.27529
v 2.65269 3.47942 0.27748
v -1.30767 4.43226 0.27683
v -3.43800 0.96052 0.27538
v -0.79414 -2.13877 0.27652
v 3.09862 -0.08667 0.18695
v 2.22121 3.75401 0.18606
v -1.70227 4.10678 0.18574
v -3.25004 0.48398 0.18625
v -0.28361 -2.10771 0.18728
v 3.68010 -0.28538 0.17358
v 2.59034 4.24563 0.17488
v -2.05568 4.60969 0.17531
v -3.83768 0.30302 0.17448
v -0.29327 -2.72212 0.17605
v 3.20553 0.32494 0.23973
v 1.86576 3.98220 0.22962
v -2.02988 3.83945 0.22632
v -3.09614 0.09039 0.23305
v 0.13666 -2.08391 0.22235
v 3.31222 0.67340 0.13489
v 1.56482 4.19180 0.13572
v -2.32312 3.61728 0.13204
v -2.97661 -0.25652 0.13453
v 0.50703 -2.07668 0.13274
v 3.87652 0.44712 0.13722
v 1.95426 4.65905 0.13614
v -2.64565 4.13249 0.13638
v -3.56630 -0.40494 0.13734
v 0.46458 -2.68272 0.13811
v 3.98820 0.84141 0.19842
v 1.61358 4.88718 0.19864
v -2.96651 3.87965 0.20208
v -3.42479 -0.78980 0.19820
v 0.87439 -2.66707 0.19854
v 3.44405 1.09469 0.20466
v 1.20446 4.44820 0.20370
v -2.67705 3.35410 0.20239
v -2.83556 -0.67397 0.20688
v 0.94782 -2.07166 0.20176
v 3.62547 1.59575 0.40732
v 0.78283 4.77733 0.40372
v -3.11644 3.05573 0.40715
v -2.68773 -1.18702 0.40595
v 1.48102 -2.08970 0.40510
v 4.11605 1.29249 0.38711
v 1.22239 5.15003 0.38267
v -3.33620 3.58916 0.38694
v -3.26328 -1.22746 0.39082
v 1.34175 -2.64909 0.38867
v 4.24730 1.67207 0.67785
v 0.90338 5.39060 0.67710
v -3.66517 3.35926 0.67734
v -3.14456 -1.61382 0.67485
v 1.74531 -2.65672 0.67607
v 3.82682 1.98880 0.74398
v 0.47243 5.08771 0.74441
v -3.50923 2.85635 0.74272
v -2.61870 -1.62092 0.74092
v 1.91474 -2.15860 0.74270
v 3.73951 -0.04843 0.22469
v 3.16239 0.16955 0.20878
v 2.38310 4.37575 0.22536
v 1.99779 3.89397 0.20831
v -2.24378 4.45281 0.22556
v -1.90494 3.93661 0.21096
v -3.74697 0.07609 0.22596
v -3.15156 0.23942 0.20885
v -0.04887 -2.70517 0.22426
v -0.02016 -2.08934 0.20788
v 3.24812 0.44516 0.11303
v 3.81619 0.22920 0.15562
v 1.76197 4.06106 0.11270
v 2.14272 4.53388 0.15359
v -2.13671 3.76473 0.11268
v -2.46857 4.27314 0.15409
v -3.05974 -0.03423 0.11151
v -3.64544 -0.19297 0.15430
v 0.26910 -2.08603 0.11227
v 0.23885 -2.69289 0.15511
v 2.69241 0.65792 0.15249
v 1.38772 3.59772 0.15307
v -1.81082 3.26612 0.14944
v -2.48457 0.12118 0.14944
v 0.29929 -1.49133 0.15148
v 2.77019 0.88193 0.16069
v 1.19845 3.74200 0.15613
v -2.00718 3.13022 0.15479
v -2.41507 -0.10712 0.16093
v 0.53669 -1.49596 0.16153
v 2.92790 1.32595 0.22327
v 0.82514 4.02853 0.22320
v -2.39492 2.86338 0.22402
v -2.28211 -0.55876 0.22276
v 1.00742 -1.50894 0.22308
v 3.16481 1.88012 0.39852
v 0.37113 4.42582 0.39648
v -2.91132 2.55514 0.39921
v -2.14818 -1.14619 0.39740
v 1.60720 -1.56336 0.39812
v 2.63491 0.53301 0.25961
v 1.48958 3.50477 0.25529
v -1.69153 3.33383 0.25449
v -2.51154 0.25573 0.25674
v 0.16277 -1.47571 0.25821
v 2.58207 0.38361 0.22814
v 1.61520 3.40838 0.22424
v -1.56092 3.42352 0.22466
v -2.55625 0.40736 0.22880
v 0.00418 -1.47122 0.22815
v 2.51600 0.10540 0.17184
v 1.85896 3.25991 0.16853
v -1.34451 3.60937 0.16836
v -2.66629 0.67098 0.17207
v -0.27985 -1.49396 0.17484
v 2.39276 -0.44796 0.26338
v 2.34813 2.97124 0.25878
v -0.91885 3.98556 0.25894
v -2.89255 1.19132 0.26149
v -0.84540 -1.54834 0.26118
v 2.27722 -1.07688 0.44766
v 2.91017 2.66700 0.44627
v -0.45560 4.42554 0.44694
v -3.16747 1.76774 0.44871
v -1.47885 -1.63253 0.44762
v 2.63694 2.13208 0.32317
v -0.03136 4.00068 0.32340
v -2.63324 2.04080 0.32225
v -1.57255 -1.03961 0.32478
v 1.68448 -0.98328 0.32308
v 2.37384 1.55005 0.20644
v 0.44084 3.57055 0.20645
v -2.07749 2.35638 0.20776
v -1.70211 -0.41416 0.20616
v 1.04939 -0.91263 0.20632
v 2.19198 1.09721 0.18062
v 0.81545 3.25869 0.17543
v -1.66556 2.61661 0.17565
v -1.82123 0.05954 0.18095
v 0.56195 -0.87947 0.18235
v 2.10433 0.85632 0.13509
v 1.01769 3.09951 0.13549
v -1.45228 2.75932 0.13636
v -1.89182 0.30580 0.13486
v 0.30634 -0.87072 0.13438
v 2.03957 0.74277 0.26580
v 1.10543 3.00332 0.26550
v -1.33330 2.81337 0.26528
v -1.90688 0.43639 0.26226
v 0.17701 -0.84477 0.26014
v 1.98172 0.59421 0.21938
v 1.22858 2.90250 0.22000
v -1.20009 2.89920 0.22275
v -1.94671 0.58966 0.21994
v 0.01859 -0.83499 0.21864
v 1.90448 0.29951 0.17819
v 1.48565 2.73872 0.17225
v -0.96398 3.09325 0.17315
v -2.05733 0.87351 0.17983
v -0.28502 -0.85226 0.18194
v 1.77345 -0.31527 0.20973
v 2.02936 2.42378 0.20936
v -0.49647 3.51296 0.20990
v -2.31276 1.44760 0.21081
v -0.90987 -0.91802 0.21130
v 1.06437 -0.14108 0.24273
v 1.64430 1.80275 0.24407
v -0.02484 2.95503 0.24384
v -1.63678 1.72376 0.24263
v -0.96353 -0.18973 0.24395
v 1.33378 0.47439 0.24679
v 1.14209 2.24852 0.25078
v -0.60429 2.61549 0.24871
v -1.49315 1.06728 0.24611
v -0.29493 -0.25608 0.24602
v 1.42584 0.76924 0.28895
v 0.89057 2.42840 0.28806
v -0.85280 2.43185 0.28664
v -1.39471 0.77461 0.28681
v 0.01362 -0.25200 0.28934
v 1.46405 0.92050 0.38418
v 0.76074 2.51092 0.38015
v -0.97160 2.33175 0.38404
v -1.33568 0.63027 0.38390
v 0.16803 -0.24209 0.37934
v 1.52164 1.05271 0.27131
v 0.65092 2.60671 0.27110
v -1.09659 2.25797 0.27142
v -1.30517 0.48903 0.27136
v 0.31275 -0.25579 0.27142
v 1.59617 1.29642 0.24668
v 0.44161 2.75193 0.24875
v -1.29928 2.10442 0.24894
v -1.22188 0.24834 0.24754
v 0.56717 -0.24988 0.24995
v 3.87214 -1.34071 0.49685
v 3.65358 4.10212 0.49598
v -1.58986 5.57745 0.49305
v -4.61347 1.04378 0.49709
v -1.23638 -3.23141 0.49746
v 4.02499 -0.86142 0.25794
v 3.24462 4.39577 0.25806
v -1.99636 5.27826 0.25798
v -4.45549 0.56655 0.25740
v -0.73398 -3.22828 0.25802
v 4.15426 -0.44607 0.19234
v 2.88873 4.64640 0.19504
v -2.34491 5.01749 0.19387
v -4.31540 0.15433 0.19290
v -0.29884 -3.22216 0.19412
v 4.21540 -0.22667 0.19487
v 2.69948 4.77162 0.19226
v -2.52388 4.87653 0.19492
v -4.23581 -0.05895 0.19415
v -0.07151 -3.21294 0.19486
v 4.25280 -0.09012 0.21693
v 2.57880 4.85413 0.22509
v -2.63468 4.78882 0.21863
v -4.18720 -0.19130 0.21290
v 0.07126 -3.20781 0.21706
v 3.77735 0.09456 0.22717
v 2.25841 4.45645 0.22644
v -2.35899 4.35931 0.22662
v -3.69325 -0.06118 0.22492
v 0.09839 -2.69731 0.22457
v 4.29219 0.02959 0.11960
v 2.47979 4.92561 0.11961
v -2.73664 4.71485 0.11967
v -4.14795 -0.31158 0.11906
v 0.19625 -3.20727 0.11934
v 4.35268 0.24587 0.13989
v 2.29297 5.04937 0.14120
v -2.91275 4.57497 0.13955
v -4.06958 -0.52161 0.14122
v 0.42036 -3.19769 0.13961
v 4.44599 0.63385 0.17910
v 1.95282 5.25790 0.18057
v -3.21463 4.31614 0.18151
v -3.91691 -0.89115 0.17857
v 0.81883 -3.16684 0.17865
v 4.53418 1.06952 0.34910
v 1.56492 5.47922 0.34754
v -3.54448 4.01630 0.35025
v -3.73194 -1.29452 0.35073
v 1.25894 -3.11743 0.35225
v 4.84270 0.92671 0.32918
v 1.79647 5.72615 0.32908
v -3.70931 4.31193 0.32900
v -4.06604 -1.35910 0.33224
v 1.21892 -3.45307 0.33023
v 4.75764 0.50474 0.16325
v 2.17143 5.51494 0.16273
v -3.39225 4.60283 0.16194
v -4.24562 -0.96949 0.16396
v 0.79216 -3.50224 0.16264
v 4.66885 0.12481 0.13192
v 2.50514 5.31311 0.13188
v -3.09721 4.85865 0.13252
v -4.39692 -0.60985 0.13380
v 0.40258 -3.53627 0.13286
v 4.61363 -0.08330 0.14465
v 2.68637 5.19589 0.14474
v -2.92997 4.99443 0.14495
v -4.47409 -0.40899 0.14442
v 0.18832 -3.54679 0.14654
v 4.57525 -0.20257 0.21939
v 2.78867 5.12325 0.21888
v -2.83043 5.06839 0.21996
v -4.51267 -0.29074 0.22474
v 0.06252 -3.54820 0.21857
v 4.53718 -0.33333 0.17527
v 2.90077 5.04617 0.17500
v -2.72127 5.15072 0.17846
v -4.55921 -0.16200 0.17511
v -0.07278 -3.55087 0.17884
v 4.47669 -0.54255 0.19584
v 3.08041 4.92351 0.19980
v -2.54920 5.28549 0.19698
v -4.63298 0.04303 0.19777
v -0.29099 -3.55906 0.19902
v 4.36499 -0.94013 0.26219
v 3.42473 4.69467 0.26184
v -2.22507 5.54206 0.26191
v -4.77672 0.43011 0.26351
v -0.70378 -3.57597 0.26267
v 4.23196 -1.41948 0.48498
v 3.84091 4.41915 0.48185
v -1.83329 5.85362 0.47894
v -4.95147 0.89752 0.48242
v -1.20136 -3.59754 0.48444
v 4.56560 -1.50104 0.47418
v 4.02029 4.71207 0.47309
v -2.05692 6.11457 0.47222
v -5.26927 0.76729 0.47178
v -1.17858 -3.94014 0.46838
v 4.67152 -1.02183 0.24896
v 3.59713 4.96092 0.24765
v -2.42526 5.78799 0.24808
v -5.07224 0.31612 0.24630
v -0.68705 -3.89247 0.24637
v 4.76894 -0.63622 0.19136
v 3.26030 5.17303 0.19186
v -2.73086 5.53316 0.19097
v -4.92477 -0.05326 0.19034
v -0.28971 -3.86620 0.19184
v 4.82767 -0.42928 0.20925
v 3.08131 5.29199 0.21308
v -2.90037 5.40087 0.20835
v -4.85139 -0.25524 0.20897
v -0.07493 -3.85876 0.20751
v 4.86857 -0.29042 0.25760
v 2.96189 5.37459 0.25718
v -3.01550 5.31145 0.25696
v -4.80241 -0.39141 0.25409
v 0.07035 -3.85370 0.25971
v 4.90571 -0.16935 0.13944
v 2.85857 5.44763 0.13981
v -3.11615 5.23617 0.13884
v -4.76151 -0.51211 0.14095
v 0.19682 -3.85249 0.14017
v 4.96170 0.03376 0.12789
v 2.68260 5.56339 0.12721
v -3.28067 5.10451 0.12673
v -4.68702 -0.70868 0.12646
v 0.40719 -3.84246 0.12409
v 5.05509 0.38268 0.15222
v 2.37937 5.75976 0.15135
v -3.56177 4.87825 0.15567
v -4.55737 -1.04559 0.15236
v 0.76739 -3.82352 0.15350
v 5.15842 0.78604 0.29025
v 2.02808 5.98299 0.29035
v -3.88246 4.61136 0.28874
v -4.40388 -1.43349 0.28895
v 1.18186 -3.79729 0.29222
v 5.49714 0.62899 0.27111
v 2.28120 6.25750 0.26909
v -4.06375 4.93776 0.27057
v -4.77089 -1.50341 0.27370
v 1.13859 -4.16805 0.27065
v 5.38339 0.24119 0.15145
v 2.61624 6.02822 0.15555
v -3.74429 5.18432 0.14832
v -4.90624 -1.12422 0.15072
v 0.73480 -4.17945 0.15055
v 5.29016 -0.06920 0.10021
v 2.88216 5.84394 0.10069
v -3.48600 5.38080 0.09939
v -5.01342 -0.81832 0.10047
v 0.41049 -4.18722 0.10095
v 5.22638 -0.27415 0.09179
v 3.05771 5.71960 0.09079
v -3.31351 5.50950 0.09175
v -5.08225 -0.61470 0.09049
v 0.19637 -4.18936 0.09367
v 5.18971 -0.38700 0.24374
v 3.15406 5.65019 0.24620
v -3.21663 5.58061 0.24453
v -5.12020 -0.49963 0.23812
v 0.07455 -4.18949 0.23718
v 5.14790 -0.53023 0.17019
v 3.27649 5.56586 0.16896
v -3.09952 5.67037 0.17015
v -5.16893 -0.36112 0.16887
v -0.07150 -4.19465 0.17208
v 5.08797 -0.73721 0.17588
v 3.45427 5.44566 0.17433
v -2.92983 5.80235 0.17568
v -5.24241 -0.15892 0.17714
v -0.28676 -4.20081 0.17533
v 4.99441 -1.11723 0.23586
v 3.78801 5.23934 0.23217
v -2.63057 6.05549 0.23318
v -5.39092 0.20349 0.23130
v -0.67798 -4.22999 0.23231
v 4.89828 -1.59555 0.45634
v 4.21355 4.99902 0.45425
v -2.27127 6.38581 0.45505
v -5.59404 0.64863 0.45318
v -1.16525 -4.28593 0.45149
v 5.24425 -1.72177 0.43782
v 4.43936 5.28998 0.43815
v -2.47723 6.69118 0.43684
v -5.94755 0.54614 0.43645
v -1.17512 -4.65434 0.43835
v 5.34916 -1.24073 0.21586
v 4.01493 5.53761 0.21517
v -2.84474 6.36349 0.21787
v -5.74973 0.09514 0.21542
v -0.68571 -4.60494 0.21461
v 5.45125 -0.85094 0.16270
v 3.67506 5.75565 0.16030
v -3.15659 6.10818 0.16231
v -5.60295 -0.28089 0.16194
v -0.28303 -4.58149 0.16282
v 5.51265 -0.64523 0.20258
v 3.49905 5.87764 0.20326
v -3.32661 5.97762 0.20547
v -5.53215 -0.48302 0.20389
v -0.06847 -4.57691 0.20357
v 5.55986 -0.49845 0.25136
v 3.37493 5.96701 0.24317
v -3.45134 5.88727 0.24655
v -5.48379 -0.62978 0.25205
v 0.08625 -4.57575 0.25462
v 5.60857 -0.38648 0.10095
v 3.28209 6.05023 0.10391
v -3.55787 5.82485 0.10254
v -5.45831 -0.74987 0.10242
v 0.20730 -4.58769 0.10124
v 5.68660 -0.19629 0.07858
v 3.12554 6.18197 0.08135
v -3.73185 5.71666 0.07920
v -5.40829 -0.94818 0.07676
v 0.41220 -4.60291 0.07825
v 5.78555 0.09630 0.11420
v 2.87808 6.36586 0.11624
v -3.98352 5.53839 0.11573
v -5.31660 -1.24338 0.11309
v 0.72100 -4.60637 0.11279
v 5.91711 0.47783 0.23457
v 2.55547 6.60986 0.23410
v -4.31378 5.30726 0.23660
v -5.19894 -1.63139 0.23126
v 1.12474 -4.61414 0.23405
v 6.38002 0.31875 0.23185
v 2.85050 6.99986 0.23342
v -4.59536 5.70799 0.23295
v -5.66722 -1.77235 0.23228
v 1.11700 -5.10366 0.23017
v 6.24898 -0.06005 0.10555
v 3.16905 6.75855 0.10701
v -4.26733 5.93616 0.10508
v -5.78338 -1.38952 0.10493
v 0.71725 -5.09495 0.10156
v 6.14282 -0.34469 0.06487
v 3.40743 6.56990 0.06545
v -4.01393 6.10500 0.06586
v -5.86533 -1.09703 0.06601
v 0.41246 -5.08326 0.06590
v 6.05433 -0.52908 0.08516
v 3.55550 6.42792 0.08532
v -3.83310 6.20176 0.08461
v -5.90091 -0.89451 0.08402
v 0.20890 -5.05437 0.08463
v 5.98891 -0.64266 0.21517
v 3.64363 6.33120 0.21317
v -3.71384 6.25551 0.20970
v -5.91549 -0.76479 0.21229
v 0.08075 -5.02833 0.21449
v 5.92850 -0.78340 0.12929
v 3.75929 6.23064 0.12751
v -3.58228 6.33392 0.13045
v -5.94964 -0.61561 0.12889
v -0.07143 -5.01433 0.12986
v 5.85615 -0.98917 0.13625
v 3.93147 6.09837 0.13252
v -3.40336 6.45766 0.13355
v -6.01196 -0.40714 0.13552
v -0.28926 -5.00934 0.13535
v 5.73874 -1.36695 0.19252
v 4.25461 5.86991 0.19414
v -3.08629 6.69404 0.19575
v -6.13870 -0.03239 0.19433
v -0.68438 -5.01416 0.19587
v 5.61993 -1.83252 0.40292
v 4.66005 5.61377 0.40533
v -2.71719 7.00073 0.40469
v -6.31611 0.41284 0.40551
v -1.16301 -5.04537 0.40558
v 5.99831 -1.92309 0.37566
v 4.86282 5.94528 0.37785
v -2.97059 7.29563 0.37927
v -6.67409 0.26076 0.38382
v -1.13161 -5.43304 0.37938
v 6.11831 -1.48178 0.17592
v 4.48138 6.19499 0.17572
v -3.32435 7.01126 0.17127
v -6.51371 -0.16184 0.17390
v -0.67766 -5.41079 0.17288
v 6.24550 -1.12427 0.11320
v 4.18078 6.42654 0.11540
v -3.63865 6.79591 0.11165
v -6.40631 -0.52636 0.11371
v -0.29743 -5.42126 0.11202
v 6.32584 -0.92173 0.09798
v 4.01290 6.56546 0.09768
v -3.82278 6.67949 0.09970
v -6.35225 -0.73719 0.09731
v -0.08024 -5.43514 0.09799
v 6.38732 -0.78389 0.20226
v 3.89942 6.66740 0.20207
v -3.95349 6.60367 0.20145
v -6.32057 -0.88631 0.20282
v 0.07010 -5.45111 0.20683
v 6.45141 -0.66567 0.08791
v 3.80927 6.76448 0.08636
v -4.07501 6.54740 0.08705
v -6.30381 -1.01872 0.08854
v 0.20199 -5.47642 0.08728
v 6.53213 -0.48161 0.06492
v 3.65786 6.89786 0.06347
v -4.24843 6.44453 0.06381
v -6.26036 -1.21506 0.06472
v 0.40234 -5.49532 0.06467
v 6.64128 -0.19442 0.09699
v 3.41883 7.08973 0.10020
v -4.50488 6.27654 0.09913
v -6.17930 -1.50979 0.10076
v 0.70833 -5.50975 0.09922
v 6.77683 0.17168 0.24607
v 3.11159 7.33251 0.24518
v -4.82851 6.06040 0.24891
v -6.07466 -1.88664 0.24641
v 1.09814 -5.52567 0.24760
v 7.20449 0.00785 0.25611
v 3.40110 7.68759 0.25792
v -5.07927 6.44434 0.25729
v -6.51631 -2.00683 0.25446
v 1.07633 -5.98353 0.25474
v 7.07766 -0.35977 0.10311
v 3.71098 7.45417 0.10495
v -4.76120 6.66702 0.10467
v -6.62983 -1.63400 0.10216
v 0.68684 -5.97642 0.10232
v 6.97735 -0.64679 0.07166
v 3.95263 7.27025 0.06923
v -4.51145 6.83998 0.06976
v -6.71774 -1.34284 0.07104
v 0.38263 -5.96982 0.07221
v 6.90922 -0.83054 0.09562
v 4.10613 7.14850 0.09497
v -4.34840 6.94879 0.09543
v -6.77068 -1.15456 0.09564
v 0.18705 -5.96131 0.09500
v 6.84977 -0.94504 0.19353
v 4.19625 7.05773 0.19027
v -4.23446 7.00552 0.19362
v -6.78981 -1.02734 0.19265
v 0.05974 -5.94087 0.18843
v 6.79455 -1.07808 0.09670
v 4.30650 6.96291 0.09836
v -4.11026 7.08090 0.10162
v -6.82337 -0.88629 0.09718
v -0.08411 -5.92924 0.09593
v 6.71235 -1.27537 0.11227
v 4.46890 6.82389 0.11008
v -3.92743 7.19270 0.11122
v -6.87292 -0.67843 0.11013
v -0.29723 -5.91224 0.10976
v 6.58139 -1.61784 0.17580
v 4.75464 6.59309 0.17237
v -3.62003 7.39282 0.17580
v -6.96829 -0.32442 0.17506
v -0.66382 -5.89343 0.17293
v 6.46302 -2.03430 0.37358
v 5.11375 6.35205 0.37361
v -3.27924 7.66031 0.37265
v -7.11734 0.08251 0.37356
v -1.09723 -5.90960 0.37187
v 6.99690 -2.17347 0.37639
v 5.41116 6.81645 0.37506
v -3.62907 8.08681 0.37500
v -7.63130 -0.11773 0.37405
v -1.06312 -6.45986 0.37670
v 7.09598 -1.77744 0.16915
v 5.06409 7.03441 0.17073
v -3.94246 7.82445 0.16824
v -7.47815 -0.49792 0.16936
v -0.65574 -6.43190 0.16922
v 7.21452 -1.43287 0.11691
v 4.77346 7.25299 0.11646
v -4.24119 7.61534 0.11542
v -7.37167 -0.84639 0.11595
v -0.29149 -6.43833 0.11597
v 7.29050 -1.23406 0.10863
v 4.60802 7.38636 0.10939
v -4.41920 7.49838 0.11100
v -7.31627 -1.05172 0.10906
v -0.07881 -6.44837 0.11015
v 7.33647 -1.09991 0.19616
v 4.49400 7.47187 0.19206
v -4.53644 7.41683 0.18957
v -7.27411 -1.18864 0.19505
v 0.06440 -6.45102 0.19903
v 7.38688 -0.98884 0.08958
v 4.40409 7.55524 0.09138
v -4.64126 7.35684 0.08890
v -7.25008 -1.30754 0.08963
v 0.18366 -6.46430 0.08840
v 7.45275 -0.81428 0.08136
v 4.25892 7.67055 0.07928
v -4.79752 7.25491 0.08128
v -7.20080 -1.48671 0.07989
v 0.36992 -6.47375 0.07982
v 7.54581 -0.54313 0.11926
v 4.02906 7.84364 0.11798
v -5.03220 7.09031 0.12002
v -7.11670 -1.76152 0.11945
v 0.65714 -6.47869 0.11972
v 7.66798 -0.18665 0.27170
v 3.72529 8.07190 0.26464
v -5.34052 6.87366 0.27138
v -7.00567 -2.12233 0.26957
v 1.03396 -6.48450 0.27176
v 8.15713 -0.38690 0.25700
v 4.07057 8.47237 0.25664
v -5.61645 7.32456 0.26021
v -7.51989 -2.24479 0.25985
v 0.99449 -7.01171 0.25696
v 8.06459 -0.74819 0.11679
v 4.38488 8.27312 0.11442
v -5.33156 7.56096 0.11554
v -7.65700 -1.89975 0.11637
v 0.62183 -7.03523 0.11680
v 7.98435 -1.00559 0.07405
v 4.60596 8.11676 0.07169
v -5.11488 7.72242 0.07396
v -7.74369 -1.64388 0.07196
v 0.35201 -7.03861 0.07328
v 7.91987 -1.17468 0.07594
v 4.74605 8.00356 0.07504
v -4.96331 7.82134 0.07419
v -7.79086 -1.46974 0.07430
v 0.17206 -7.02907 0.07690
v 7.87060 -1.28136 0.19399
v 4.83220 7.92357 0.19320
v -4.86092 7.87848 0.19279
v -7.81335 -1.35461 0.19230
v 0.05546 -7.01543 0.19223
v 7.82337 -1.41243 0.18630
v 4.94209 7.83825 0.18872
v -4.74548 7.95671 0.18417
v -7.85208 -1.22094 0.18756
v -0.08388 -7.01099 0.18836
v 7.76066 -1.59670 0.15113
v 5.09819 7.72118 0.15263
v -4.58643 8.06909 0.14943
v -7.90989 -1.03460 0.14941
v -0.27895 -7.00801 0.15296
v 7.66669 -1.92220 0.17053
v 5.37922 7.53122 0.16802
v -4.31826 8.27783 0.16536
v -8.02527 -0.71560 0.16772
v -0.61819 -7.01937 0.16804
v 7.58858 -2.31837 0.34482
v 5.72876 7.33564 0.34755
v -4.02221 8.55207 0.34222
v -8.19455 -0.34968 0.34476
v -1.01506 -7.06642 0.34834
v 8.15780 -2.45106 0.34672
v 6.03474 7.83479 0.34409
v -4.40265 8.99706 0.33797
v -8.73470 -0.57503 0.34172
v -0.96819 -7.64986 0.34710
v 8.22106 -2.07115 0.17720
v 5.69304 8.01212 0.17286
v -4.67883 8.72481 0.17098
v -8.56182 -0.92007 0.17260
v -0.58918 -7.59303 0.17210
v 8.29910 -1.76813 0.13957
v 5.42812 8.18029 0.14048
v -4.92154 8.52391 0.13979
v -8.44601 -1.21249 0.13931
v -0.27583 -7.57342 0.14013
v 8.35260 -1.60089 0.13382
v 5.28506 8.28297 0.13372
v -5.06304 8.42019 0.13415
v -8.39091 -1.37890 0.13340
v -0.09955 -7.57280 0.13471
v 8.39810 -1.47078 0.18470
v 5.17585 8.36658 0.18361
v -5.17561 8.34257 0.18429
v -8.35228 -1.51013 0.18344
v 0.03628 -7.57606 0.18560
v 8.44724 -1.36375 0.09919
v 5.08965 8.44702 0.09882
v -5.27895 8.28540 0.09764
v -8.32794 -1.62752 0.10010
v 0.15427 -7.59051 0.09853
v 8.50055 -1.20300 0.06865
v 4.95239 8.54699 0.06687
v -5.41678 8.18526 0.06891
v -8.27701 -1.78848 0.06943
v 0.32468 -7.59061 0.06870
v 8.55667 -0.94390 0.09676
v 4.72369 8.68019 0.09814
v -5.61429 8.00942 0.09818
v -8.17050 -2.03034 0.09778
v 0.58788 -7.56392 0.09626
v 8.59012 -0.56809 0.24643
v 4.37545 8.82906 0.24444
v -5.85971 7.72575 0.25130
v -7.97653 -2.35313 0.24834
v 0.95210 -7.47900 0.25295
v 8.66703 -2.56705 0.36075
v 6.30207 8.28326 0.35891
v -4.74665 9.38976 0.35294
v -9.21412 -0.78101 0.35741
v -0.92293 -8.17045 0.35799
v 8.70305 -2.21311 0.17925
v 5.97675 8.42657 0.17413
v -4.98539 9.12276 0.17290
v -9.03460 -1.08933 0.17714
v -0.57488 -8.09513 0.17490
v 8.74102 -1.91235 0.14963
v 5.70144 8.55639 0.14804
v -5.19431 8.90057 0.14759
v -8.88851 -1.35562 0.14709
v -0.27621 -8.03826 0.14973
v 8.77507 -1.74343 0.13192
v 5.55117 8.64103 0.13257
v -5.32111 8.78364 0.13168
v -8.81746 -1.51254 0.13323
v -0.10475 -8.01861 0.13246
v 8.81113 -1.61935 0.17933
v 5.44373 8.71372 0.18451
v -5.42468 8.70322 0.18662
v -8.77226 -1.63557 0.18763
v 0.02532 -8.01448 0.18297
v 8.85063 -1.51732 0.05650
v 5.36026 8.78304 0.05480
v -5.51515 8.64504 0.05570
v -8.74506 -1.74004 0.05564
v 0.13354 -8.02084 0.05533
v 8.89622 -1.35283 0.06416
v 5.21755 8.87677 0.06193
v -5.64871 8.53897 0.06401
v -8.68498 -1.89991 0.06391
v 0.30412 -8.01290 0.06390
v 8.93267 -1.09794 0.10385
v 4.98555 8.99105 0.10288
v -5.82834 8.35424 0.10432
v -8.56492 -2.12719 0.10517
v 0.55711 -7.96873 0.10528
v 8.93293 -0.71927 0.23644
v 4.62583 9.10768 0.23584
v -6.04882 8.04901 0.23981
v -8.34240 -2.43326 0.23680
v 0.91324 -7.85144 0.24467
v 9.21200 -0.84807 0.22867
v 4.83446 9.33338 0.22788
v -6.19908 8.31693 0.23110
v -8.64392 -2.49255 0.22987
v 0.87922 -8.15697 0.23321
v 9.55313 -1.00396 0.20558
v 5.08894 9.60902 0.20664
v -6.38502 8.64284 0.20587
v -9.01187 -2.56590 0.20852
v 0.83617 -8.52940 0.20163
v 9.51315 -1.32170 0.09961
v 5.37694 9.47453 0.09303
v -6.16660 8.87621 0.09820
v -9.16587 -2.28792 0.09705
v 0.52277 -8.58984 0.10176
v 9.20001 -1.20081 0.10818
v 5.16519 9.21414 0.10050
v -5.98446 8.59426 0.10452
v -8.84149 -2.20149 0.10571
v 0.54155 -8.25463 0.11085
v 9.16876 -1.44758 0.06032
v 5.39157 9.10661 0.05963
v -5.81288 8.77600 0.05835
v -8.96119 -1.98262 0.05976
v 0.29799 -8.30122 0.05890
v 9.47580 -1.55101 0.04505
v 5.58466 9.36691 0.04711
v -6.00101 9.04008 0.04758
v -9.27048 -2.08002 0.04596
v 0.29486 -8.62531 0.04782
v 9.44842 -1.72440 0.02445
v 5.74031 9.28882 0.02741
v -5.87854 9.16420 0.02615
v -9.35002 -1.92348 0.02388
v 0.12163 -8.65290 0.02492
v 9.13858 -1.60781 0.07771
v 5.53300 9.02917 0.08140
v -5.69475 8.88793 0.07674
v -9.03003 -1.83704 0.08047
v 0.13818 -8.32174 0.08133
v 9.11307 -1.72126 0.17334
v 5.63571 8.96884 0.17012
v -5.60694 8.96538 0.16980
v -9.07782 -1.72768 0.16838
v 0.02019 -8.33289 0.17488
v 9.44614 -1.84185 0.17008
v 5.85212 9.24953 0.16590
v -5.80665 9.25809 0.16613
v -9.41658 -1.82954 0.17146
v 0.01196 -8.68689 0.17589
v 9.44597 -1.98928 0.16361
v 5.99241 9.20309 0.16443
v -5.71943 9.37713 0.16341
v -9.50410 -1.70763 0.16305
v -0.13124 -8.73241 0.16395
v 9.08997 -1.85220 0.10512
v 5.75209 8.90668 0.10608
v -5.51180 9.05707 0.10567
v -9.13527 -1.60919 0.10659
v -0.11091 -8.35164 0.10475
v 9.08392 -2.02994 0.15385
v 5.91926 8.84628 0.15129
v -5.40267 9.19733 0.15074
v -9.23512 -1.46198 0.15149
v -0.28185 -8.40087 0.15163
v 9.47264 -2.18028 0.13987
v 6.18231 9.16978 0.13677
v -5.62942 9.54737 0.13572
v -9.63826 -1.56942 0.13579
v -0.30428 -8.81725 0.13695
v 9.53678 -2.48201 0.19061
v 6.49140 9.13603 0.18225
v -5.50127 9.83122 0.18117
v -9.86799 -1.36071 0.18424
v -0.57391 -8.97156 0.18368
v 9.11444 -2.34784 0.16449
v 6.23100 8.77726 0.16551
v -5.24085 9.47266 0.16612
v -9.44630 -1.22284 0.16521
v -0.57511 -8.52820 0.16335
v 9.14800 -2.67981 0.35890
v 6.55832 8.70541 0.35603
v -5.06938 9.76349 0.35116
v -9.66994 -0.97131 0.35371
v -0.88359 -8.66289 0.35258
v 9.60548 -2.80462 0.31433
v 6.81617 9.10385 0.31617
v -5.37070 10.12970 0.31697
v -10.11230 -1.14133 0.31349
v -0.85712 -9.13624 0.31427
v 9.98959 -2.85985 0.31512
v 6.98789 9.45149 0.31571
v -5.64830 10.40070 0.31560
v -10.45538 -1.32329 0.31554
v -0.79114 -9.51816 0.31449
v 10.40667 -2.92485 0.29101
v 7.18113 9.82892 0.29017
v -5.94851 10.70352 0.28705
v -10.83321 -1.51398 0.28947
v -0.72362 -9.93449 0.29078
v 10.85478 -2.99924 0.24309
v 7.39450 10.23752 0.23835
v -6.27279 11.03753 0.23013
v -11.24484 -1.71729 0.23552
v -0.65667 -10.38228 0.23779
v 11.26248 -3.05463 0.22110
v 7.57182 10.60710 0.21789
v -6.56992 11.31519 0.21606
v -11.60628 -1.91652 0.21788
v -0.58110 -10.78797 0.21903
v 11.64879 -3.10148 0.19043
v 7.73258 10.95591 0.18864
v -6.84950 11.57358 0.18986
v -11.94129 -2.10460 0.19163
v -0.50704 -11.17085 0.19054
v 11.98253 -3.09696 0.16087
v 7.83013 11.27361 0.15958
v -7.12039 11.76481 0.16023
v -12.20803 -2.30228 0.15861
v -0.40077 -11.48733 0.16059
v 12.21420 -3.02309 0.13905
v 7.83112 11.51576 0.13918
v -7.35088 11.84038 0.13961
v -12.35080 -2.49820 0.13994
v -0.25939 -11.68435 0.13907
v 9.92498 -2.60616 0.16386
v 6.72640 9.46843 0.16611
v -5.74603 10.15628 0.16941
v -10.25378 -1.49097 0.16622
v -0.56966 -9.37869 0.16434
v 10.34720 -2.70066 0.17217
v 6.94821 9.83991 0.16940
v -6.02730 10.48483 0.16006
v -10.65181 -1.66105 0.16899
v -0.52896 -9.80914 0.17249
v 10.80294 -2.79286 0.12770
v 7.17697 10.24535 0.12617
v -6.34434 10.82647 0.12357
v -11.07517 -1.85382 0.12440
v -0.47525 -10.27054 0.12786
v 11.22034 -2.87445 0.08527
v 7.38246 10.61766 0.08758
v -6.63543 11.13603 0.08843
v -11.45950 -2.03564 0.08975
v -0.42391 -10.69292 0.08741
v 11.59964 -2.93763 0.08180
v 7.56020 10.95805 0.08271
v -6.90460 11.41018 0.08249
v -11.80365 -2.20674 0.08420
v -0.36794 -11.07367 0.08196
v 11.91275 -2.95739 0.09626
v 7.67545 11.24973 0.09632
v -7.14608 11.61004 0.09752
v -12.06877 -2.37431 0.09583
v -0.28977 -11.37754 0.09759
v 11.88681 -2.81755 0.08508
v 7.53448 11.26828 0.08589
v -7.20690 11.48192 0.08694
v -11.96554 -2.47221 0.08484
v -0.16497 -11.30968 0.08588
v 11.59343 -2.77364 0.06079
v 7.40209 11.00280 0.06277
v -6.99561 11.27395 0.06056
v -11.70243 -2.33545 0.05963
v -0.21354 -11.01723 0.06071
v 11.21782 -2.69218 0.07041
v 7.20827 10.67098 0.06928
v -6.73964 10.98732 0.06833
v -11.35046 -2.18074 0.06710
v -0.25204 -10.63470 0.06885
v 10.79363 -2.58978 0.11488
v 6.97968 10.29923 0.11111
v -6.45657 10.65504 0.10735
v -10.94711 -2.01406 0.11084
v -0.28584 -10.19962 0.11467
v 10.33109 -2.47903 0.14969
v 6.73161 9.89346 0.14512
v -6.14747 10.29352 0.14265
v -10.50787 -1.83175 0.14729
v -0.32304 -9.72555 0.14784
v 9.89191 -2.34371 0.15111
v 6.46709 9.51778 0.14883
v -5.87220 9.92574 0.14701
v -10.07317 -1.68291 0.15110
v -0.33028 -9.26600 0.15033
v 9.88654 -2.15904 0.11866
v 6.29024 9.56973 0.11817
v -5.97598 9.77348 0.11855
v -9.95998 -1.82901 0.11928
v -0.15650 -9.20374 0.11833
v 10.33941 -2.30712 0.13068
v 6.57090 9.95463 0.13084
v -6.25550 10.15972 0.12996
v -10.41333 -1.97545 0.13166
v -0.15754 -9.67953 0.13213
v 10.80007 -2.43373 0.11747
v 6.83344 10.35283 0.12066
v -6.55284 10.53220 0.12079
v -10.86078 -2.14393 0.11764
v -0.13560 -10.15755 0.11749
v 11.22722 -2.54544 0.05660
v 7.07177 10.72516 0.05806
v -6.83350 10.87399 0.05733
v -11.27195 -2.30466 0.05712
v -0.11024 -10.59830 0.05773
v 11.59920 -2.64276 0.08922
v 7.27911 11.04891 0.08845
v -7.07715 11.17086 0.08756
v -11.63006 -2.44472 0.08872
v -0.08727 -10.98170 0.08796
v 11.88309 -2.69326 0.08636
v 7.41501 11.30327 0.08480
v -7.27710 11.37864 0.08468
v -11.88888 -2.57093 0.08458
v -0.04746 -11.26757 0.08396
v 11.87909 -2.58387 0.17534
v 7.31194 11.33396 0.17920
v -7.33729 11.28952 0.18546
v -11.82312 -2.65540 0.18518
v 0.05416 -11.23219 0.18151
v 11.59867 -2.52014 0.17869
v 7.16298 11.08720 0.17623
v -7.14915 11.07238 0.17708
v -11.55783 -2.54358 0.17835
v 0.02842 -10.94444 0.18047
v 11.22906 -2.41945 0.15207
v 6.95366 10.76567 0.15424
v -6.90708 10.77506 0.15153
v -11.20039 -2.40576 0.15016
v 0.00960 -10.56179 0.14344
v 10.81770 -2.29691 0.19330
v 6.70896 10.41252 0.19219
v -6.64727 10.43298 0.19292
v -10.79458 -2.26508 0.19377
v -0.00068 -10.13234 0.19612
v 10.36753 -2.15635 0.19869
v 6.43610 10.02780 0.19681
v -6.36655 10.05397 0.19779
v -10.34787 -2.11336 0.19728
v -0.00584 -9.66058 0.19903
v 9.89914 -2.00106 0.17278
v 6.14269 9.63117 0.17055
v -6.07804 9.65382 0.16788
v -9.87778 -1.96377 0.16855
v -0.00074 -9.16691 0.17536
v 9.91512 -1.88064 0.00106
v 6.03351 9.68374 0.00191
v -6.16286 9.56462 0.00024
v -9.81940 -2.07166 0.00071
v 0.11672 -9.14479 0.00001
v 10.40451 -2.02812 0.02861
v 6.32761 10.10201 0.02992
v -6.47251 9.97048 0.02938
v -10.29993 -2.24056 0.03072
v 0.12798 -9.65598 0.02744
v 10.85063 -2.15894 0.02044
v 6.59705 10.48247 0.02420
v -6.75744 10.33626 0.02250
v -10.73889 -2.39877 0.01837
v 0.14253 -10.11906 0.01938
v 11.25793 -2.28874 0.01561
v 6.83957 10.83283 0.01537
v -7.01009 10.68389 0.01561
v -11.14572 -2.53181 0.01675
v 0.14447 -10.54803 0.01507
v 11.63166 -2.38865 0.08739
v 7.04779 11.15841 0.08695
v -7.25350 10.98469 0.09283
v -11.50674 -2.66951 0.09063
v 0.16459 -10.93465 0.09100
v 11.92254 -2.45666 0.06824
v 7.20226 11.41406 0.06727
v -7.44774 11.21081 0.06607
v -11.78244 -2.78516 0.06770
v 0.18937 -11.23201 0.06710
v 11.96507 -2.31533 0.09926
v 7.08253 11.49863 0.10111
v -7.56546 11.12249 0.10002
v -11.73471 -2.92377 0.10096
v 0.33613 -11.22921 0.09990
v 11.66555 -2.24417 0.12777
v 6.92066 11.23490 0.12997
v -7.36326 10.88957 0.13548
v -11.44958 -2.80452 0.13180
v 0.30679 -10.92035 0.13267
v 11.29316 -2.11527 0.10405
v 6.69084 10.91908 0.09980
v -7.14382 10.56203 0.10479
v -11.07107 -2.69669 0.10451
v 0.30869 -10.52192 0.10513
v 10.89981 -1.94852 0.07063
v 6.44100 10.58295 0.06223
v -6.92769 10.19065 0.07521
v -10.65079 -2.60448 0.08071
v 0.34904 -10.09266 0.07074
v 10.45242 -1.85017 0.01141
v 6.18112 10.19843 0.01438
v -6.61764 9.85404 0.01225
v -10.23515 -2.41478 0.01243
v 0.31011 -9.64408 0.01423
v 9.94824 -1.70721 0.03642
v 5.87951 9.76814 0.03584
v -6.29173 9.44416 0.03531
v -9.74479 -2.23100 0.03581
v 0.29176 -9.12308 0.03762
v 9.98745 -1.49352 0.07848
v 5.68730 9.87213 0.07427
v -6.45003 9.29361 0.07452
v -9.65062 -2.42771 0.07631
v 0.50332 -9.09380 0.08028
v 10.49546 -1.65354 0.08315
v 5.99963 10.30545 0.07840
v -6.76786 9.72153 0.08236
v -10.15553 -2.59551 0.08894
v 0.50096 -9.62077 0.08026
v 10.95944 -1.75683 0.15133
v 6.25084 10.71186 0.14861
v -7.08301 10.07714 0.16271
v -10.59135 -2.78495 0.17097
v 0.50805 -10.07350 0.13113
v 11.35478 -1.91815 0.20279
v 6.51507 11.04421 0.20500
v -7.31153 10.43943 0.20849
v -11.00607 -2.89392 0.20829
v 0.47625 -10.50158 0.18649
v 11.70830 -2.08478 0.21881
v 6.78287 11.32513 0.22446
v -7.49016 10.78613 0.23192
v -11.39120 -2.95598 0.23328
v 0.46328 -10.90637 0.21596
v 12.00929 -2.19780 0.19607
v 6.98663 11.57371 0.20407
v -7.66715 11.05464 0.20362
v -11.70152 -3.04119 0.20518
v 0.45941 -11.23393 0.19941
v 10.02767 -1.21371 0.20038
v 5.43434 9.99646 0.20008
v -6.64706 9.09122 0.19933
v -9.51886 -2.67748 0.20117
v 0.77498 -9.04533 0.18754
v 10.52385 -1.42076 0.20751
v 5.78839 10.40299 0.20469
v -6.92444 9.55129 0.21135
v -10.04207 -2.80032 0.21182
v 0.73024 -9.57667 0.20509
v 10.98156 -1.56241 0.26402
v 6.07699 10.79011 0.25851
v -7.21166 9.93461 0.27469
v -10.49524 -2.95424 0.27595
v 0.72380 -10.04088 0.23740
v 11.38852 -1.74335 0.30531
v 6.36269 11.12673 0.31156
v -7.43382 10.32004 0.32235
v -10.93078 -3.04295 0.32750
v 0.65927 -10.47849 0.28973
v 11.75290 -1.93201 0.29854
v 6.64712 11.41827 0.29847
v -7.62531 10.67900 0.30154
v -11.33131 -3.12071 0.29839
v 0.63124 -10.89917 0.29108
v 12.07810 -2.07733 0.25780
v 6.88758 11.68060 0.25765
v -7.80244 10.98971 0.25885
v -11.68121 -3.19015 0.25901
v 0.60364 -11.26031 0.25830
v 12.33038 -2.24326 0.20979
v 7.12494 11.86791 0.20958
v -7.90395 11.27685 0.21119
v -11.98514 -3.19912 0.20875
v 0.52018 -11.55358 0.20940
v 12.46511 -2.44609 0.16898
v 7.36032 11.93278 0.17029
v -7.89309 11.52134 0.17006
v -12.21476 -3.11188 0.17062
v 0.36745 -11.74513 0.16855
v 12.46445 -2.66634 0.19508
v 7.56888 11.86434 0.19672
v -7.76373 11.69758 0.19691
v -12.34182 -2.93524 0.19754
v 0.15832 -11.81140 0.19790
v 12.38100 -2.86622 0.16205
v 7.73361 11.72345 0.16136
v -7.57834 11.81177 0.16182
v -12.39394 -2.72362 0.16289
v -0.05858 -11.79499 0.16077
v 12.12845 -2.92178 0.09818
v 7.70823 11.46595 0.09757
v -7.34118 11.70816 0.09918
v -12.22220 -2.52979 0.09762
v -0.18934 -11.57189 0.09891
v 12.08291 -2.81932 0.12432
v 7.59651 11.45425 0.12319
v -7.36476 11.59873 0.12497
v -12.12550 -2.58598 0.12613
v -0.10568 -11.49681 0.12314
v 12.05635 -2.70895 0.16191
v 7.48405 11.46297 0.16306
v -7.40844 11.49384 0.16106
v -12.03889 -2.65988 0.16176
v -0.01092 -11.43719 0.16653
v 12.01373 -2.61346 0.20059
v 7.38051 11.45375 0.18684
v -7.43017 11.39277 0.19689
v -11.94845 -2.71097 0.20376
v 0.06870 -11.36914 0.18994
v 12.09107 -2.52455 0.13524
v 7.31914 11.55348 0.13614
v -7.54454 11.36535 0.13660
v -11.95887 -2.82903 0.13359
v 0.17642 -11.41378 0.13558
v 12.15738 -2.41045 0.11777
v 7.23093 11.65162 0.11857
v -7.66506 11.31232 0.12024
v -11.94491 -2.96068 0.11778
v 0.30554 -11.44161 0.11931
v 12.22655 -2.32142 0.16437
v 7.16691 11.74564 0.16312
v -7.77305 11.28071 0.16560
v -11.94873 -3.07286 0.16528
v 0.41130 -11.47953 0.16559
v 12.21163 -2.64709 0.19936
v 7.47389 11.62960 0.20234
v -7.56937 11.53640 0.20075
v -12.12757 -2.80116 0.19975
v 0.09701 -11.56725 0.19544
v 12.21572 -2.77216 0.12329
v 7.59333 11.59572 0.12182
v -7.49963 11.63896 0.12355
v -12.20501 -2.70239 0.12304
v -0.02004 -11.60950 0.12191
v 12.26979 -2.50289 0.09096
v 7.35360 11.72985 0.09172
v -7.70240 11.45231 0.09072
v -12.08893 -2.95082 0.09355
v 0.25276 -11.57718 0.09112
v 12.33715 -2.66135 0.22814
v 7.52529 11.74476 0.23018
v -7.66221 11.62068 0.22918
v -12.23800 -2.86298 0.22842
v 0.12269 -11.68972 0.22945
v 12.27457 -2.81821 0.17535
v 7.65519 11.63584 0.17793
v -7.51953 11.71048 0.17799
v -12.27959 -2.69913 0.17653
v -0.04648 -11.67870 0.17795
v 12.34049 -2.47805 0.15289
v 7.35202 11.80464 0.15466
v -7.77370 11.47419 0.15470
v -12.13307 -3.01371 0.15258
v 0.29770 -11.63600 0.15449
v 1.09708 1.00174 0.36364
v 0.56851 2.18715 0.36227
v -0.72264 2.05008 0.36254
v -0.99014 0.78134 0.36609
v 0.13327 0.13275 0.36498
v 1.11442 1.16485 0.38531
v 0.41831 2.25460 0.38351
v -0.83448 1.92764 0.38446
v -0.90922 0.63590 0.38642
v 0.29386 0.16623 0.38593
v 1.15161 1.37543 0.29604
v 0.22928 2.35460 0.29509
v -0.98671 1.78003 0.29375
v -0.81627 0.44622 0.29438
v 0.50532 0.19564 0.29536
v 0.97174 0.63282 0.27758
v 0.88021 1.95377 0.27605
v -0.40491 2.27454 0.27820
v -1.10719 1.15251 0.27656
v -0.25637 0.13691 0.27506
v 0.76344 0.34162 0.30693
v 1.09246 1.66620 0.30619
v -0.06557 2.38805 0.30584
v -1.10975 1.50956 0.30763
v -0.59681 0.24489 0.30936
v 0.51733 0.64370 0.29511
v 0.72832 1.52416 0.29568
v -0.04423 1.99809 0.29560
v -0.73313 1.41008 0.29431
v -0.38497 0.57372 0.29617
v 0.66039 0.79978 0.37459
v 0.62374 1.70821 0.38458
v -0.25236 1.95465 0.38129
v -0.75677 1.19993 0.37765
v -0.18970 0.48671 0.38958
v 0.80798 1.04605 0.26979
v 0.43652 1.92612 0.26845
v -0.51523 1.84411 0.26954
v -0.73125 0.91440 0.27089
v 0.08584 0.42141 0.27148
v 0.81167 1.20246 0.33698
v 0.28869 1.97755 0.33797
v -0.60937 1.72005 0.33868
v -0.64257 0.78574 0.33856
v 0.23631 0.46577 0.33834
v 0.77400 1.34887 0.38278
v 0.13446 1.98970 0.38436
v -0.66751 1.57836 0.38022
v -0.52536 0.68566 0.38573
v 0.36647 0.54630 0.38295
v 0.56392 1.84156 0.22925
v 0.69918 2.07331 0.40780
v -0.39631 1.93964 0.22690
v -0.57341 2.13937 0.40826
v -0.78578 1.05686 0.22790
v -1.02949 0.94889 0.40810
v -0.06574 0.41407 0.22914
v -0.03921 0.14906 0.41088
v 0.76821 0.89814 0.22666
v 1.02726 0.84142 0.41206
v -0.28555 1.76691 0.20152
v -0.58884 1.10957 0.20319
v -0.05472 0.61848 0.20222
v 0.57722 0.97177 0.20197
v 0.43513 1.68261 0.20274
v -0.36204 1.69268 0.29773
v -0.54112 1.01507 0.29549
v 0.05091 0.63394 0.29916
v 0.59429 1.07584 0.29593
v 0.34156 1.73210 0.29711
v -0.45607 1.60584 0.27486
v -0.48620 0.89766 0.27439
v 0.17831 0.64872 0.27532
v 0.61895 1.20325 0.27408
v 0.22820 1.79475 0.27553
v -0.36560 1.43891 0.33357
v -0.29659 0.93434 0.32976
v 0.20411 0.83740 0.33250
v 0.44410 1.28458 0.32991
v 0.09535 1.65360 0.33223
v -0.44191 1.22768 0.29459
v -0.12033 0.79970 0.29003
v 0.38771 0.96160 0.29297
v 0.38143 1.49752 0.29245
v -0.12733 1.65925 0.29029
v -0.02174 1.65668 0.41075
v -0.40483 1.32415 0.42139
v -0.20323 0.86520 0.41328
v 0.30218 0.90432 0.41914
v 0.40965 1.39549 0.41467
v -0.22255 1.53619 0.35135
v -0.35139 1.10403 0.34477
v 0.03033 0.84334 0.34868
v 0.38819 1.11716 0.34461
v 0.23521 1.54822 0.34908
v -0.11916 1.41254 0.41973
v -0.20087 1.17037 0.40774
v 0.01925 1.00358 0.41966
v 0.22752 1.14986 0.40864
v 0.14841 1.40585 0.41842
v -0.13209 1.33001 0.43531
v -0.12625 1.13087 0.45268
v 0.07749 1.06319 0.43545
v 0.19420 1.22670 0.45531
v 0.06533 1.39202 0.45063
v -0.14544 1.28457 0.40802
v -0.07432 1.10245 0.43118
v 0.11554 1.09155 0.40842
v 0.16715 1.27680 0.43077
v 0.01148 1.38696 0.42739
v -0.16716 1.23925 0.38733
v -0.03615 1.06224 0.40705
v 0.16137 1.11247 0.39002
v 0.16101 1.32921 0.40673
v -0.04175 1.39742 0.40587
v -0.06546 1.22148 0.55746
v 0.01223 1.14819 0.56312
v 0.08843 1.18444 0.55714
v 0.07010 1.28542 0.57137
v -0.03087 1.29847 0.56325
v -0.02233 1.19053 0.60290
v 0.04453 1.17519 0.58907
v 0.07064 1.23309 0.60404
v 0.01830 1.28309 0.60544
v -0.03901 1.25485 0.59030
v 0.01240 1.22487 0.66361
# 3942 verticies
vt 0.65038 0.34611
vt 0.64232 0.34870
vt 0.64915 0.35075
vt 0.65215 0.35024
vt 0.65013 0.34263
vt 0.64218 0.34346
vt 0.64161 0.35407
vt 0.64919 0.35287
vt 0.62787 0.34450
vt 0.62549 0.34913
vt 0.63372 0.34062
vt 0.70454 0.33250
vt 0.70486 0.34030
vt 0.70862 0.33538
vt 0.70894 0.33258
vt 0.70112 0.33136
vt 0.69981 0.33831
vt 0.70981 0.34303
vt 0.71065 0.33611
vt 0.69759 0.35064
vt 0.70152 0.35447
vt 0.69508 0.34429
vt 0.70954 0.28255
vt 0.71755 0.28492
vt 0.71394 0.28017
vt 0.71128 0.27906
vt 0.70703 0.28489
vt 0.71361 0.28838
vt 0.72231 0.28181
vt 0.71542 0.27868
vt 0.72524 0.29454
vt 0.73061 0.29268
vt 0.71788 0.29440
vt 0.65944 0.26070
vt 0.66553 0.25439
vt 0.65889 0.25592
vt 0.65646 0.25788
vt 0.66087 0.26371
vt 0.66738 0.25909
vt 0.66451 0.24904
vt 0.65815 0.25402
vt 0.67890 0.25127
vt 0.67945 0.24591
vt 0.67546 0.25759
vt 0.61557 0.30049
vt 0.61060 0.29373
vt 0.61000 0.30013
vt 0.61136 0.30275
vt 0.61954 0.29972
vt 0.61670 0.29289
vt 0.60412 0.29380
vt 0.60762 0.30055
vt 0.61281 0.28054
vt 0.60714 0.27893
vt 0.61830 0.28508
vt 0.65617 0.34754
vt 0.65460 0.35057
vt 0.65671 0.34427
vt 0.70767 0.32809
vt 0.71012 0.33055
vt 0.70462 0.32643
vt 0.70623 0.27838
vt 0.70974 0.27710
vt 0.70330 0.28027
vt 0.65379 0.26225
vt 0.65409 0.25865
vt 0.65446 0.26551
vt 0.61549 0.30604
vt 0.61149 0.30513
vt 0.61949 0.30592
vt 0.65658 0.35256
vt 0.66187 0.35400
vt 0.66285 0.34897
vt 0.71259 0.32963
vt 0.71557 0.32577
vt 0.71105 0.32305
vt 0.70966 0.27469
vt 0.70686 0.27088
vt 0.70225 0.27370
vt 0.65161 0.25787
vt 0.64628 0.25926
vt 0.64711 0.26438
vt 0.60989 0.30726
vt 0.60989 0.31231
vt 0.61607 0.31229
vt 0.65666 0.35469
vt 0.66197 0.35992
vt 0.67192 0.35784
vt 0.67228 0.36302
vt 0.66949 0.35098
vt 0.71462 0.33038
vt 0.72120 0.32800
vt 0.72252 0.31889
vt 0.72755 0.32062
vt 0.71515 0.31827
vt 0.71130 0.27327
vt 0.71139 0.26711
vt 0.70240 0.26277
vt 0.70621 0.25930
vt 0.69886 0.26862
vt 0.65082 0.25595
vt 0.64439 0.25394
vt 0.63551 0.26112
vt 0.63361 0.25656
vt 0.64020 0.26603
vt 0.60750 0.30767
vt 0.60310 0.31338
vt 0.60928 0.32222
vt 0.60349 0.32348
vt 0.61616 0.31870
vt 0.65474 0.35412
vt 0.65598 0.36123
vt 0.65574 0.36864
vt 0.66207 0.36840
vt 0.66939 0.37001
vt 0.71351 0.33178
vt 0.72058 0.33363
vt 0.72729 0.33693
vt 0.72907 0.33140
vt 0.73307 0.32582
vt 0.71219 0.27469
vt 0.71693 0.26956
vt 0.72305 0.26537
vt 0.71802 0.26200
vt 0.71384 0.25673
vt 0.65271 0.25550
vt 0.64956 0.24963
vt 0.64822 0.24254
vt 0.64223 0.24618
vt 0.63468 0.24856
vt 0.60765 0.30582
vt 0.59958 0.30803
vt 0.59035 0.30865
vt 0.59297 0.31469
vt 0.59406 0.32191
vt 0.65197 0.35337
vt 0.64987 0.35996
vt 0.64883 0.36668
vt 0.71197 0.33390
vt 0.71762 0.33834
vt 0.72353 0.34205
vt 0.71366 0.27669
vt 0.72057 0.27366
vt 0.72686 0.27019
vt 0.65542 0.25488
vt 0.65546 0.24766
vt 0.65500 0.24071
vt 0.60777 0.30317
vt 0.59930 0.30215
vt 0.59061 0.30185
vt 0.64003 0.36192
vt 0.71686 0.34760
vt 0.72989 0.27761
vt 0.66394 0.24073
vt 0.59419 0.29313
vt 0.62849 0.35821
vt 0.71074 0.35584
vt 0.73574 0.28560
vt 0.67468 0.23872
vt 0.59674 0.28228
vt 0.61753 0.33902
vt 0.61555 0.34115
vt 0.62427 0.33799
vt 0.61882 0.33733
vt 0.62964 0.33606
vt 0.69021 0.35709
vt 0.69190 0.35957
vt 0.69055 0.35110
vt 0.68881 0.35539
vt 0.68972 0.34597
vt 0.72865 0.30319
vt 0.73172 0.30267
vt 0.72293 0.30064
vt 0.72645 0.30375
vt 0.71752 0.29946
vt 0.68910 0.25174
vt 0.68994 0.24891
vt 0.68409 0.25562
vt 0.68869 0.25384
vt 0.68052 0.25977
vt 0.61774 0.27103
vt 0.61512 0.26955
vt 0.61970 0.27664
vt 0.61978 0.27191
vt 0.62274 0.28084
vt 0.61394 0.34945
vt 0.61267 0.34314
vt 0.61487 0.36050
vt 0.69948 0.36436
vt 0.69326 0.36280
vt 0.71004 0.36855
vt 0.73939 0.29816
vt 0.73539 0.30270
vt 0.74790 0.29103
vt 0.68886 0.24054
vt 0.69162 0.24579
vt 0.68590 0.23041
vt 0.60569 0.26860
vt 0.61267 0.26711
vt 0.59286 0.26971
vt 0.61373 0.33714
vt 0.61172 0.33869
vt 0.60896 0.34114
vt 0.68759 0.35966
vt 0.68869 0.36196
vt 0.69043 0.36520
vt 0.73009 0.30642
vt 0.73271 0.30637
vt 0.73647 0.30617
vt 0.69289 0.25180
vt 0.69396 0.24955
vt 0.69539 0.24622
vt 0.61941 0.26742
vt 0.61753 0.26584
vt 0.61470 0.26361
vt 0.61702 0.33553
vt 0.68667 0.35627
vt 0.72648 0.30589
vt 0.69083 0.25467
vt 0.62156 0.27007
vt 0.61222 0.33510
vt 0.60973 0.33631
vt 0.61572 0.33349
vt 0.68528 0.36019
vt 0.68597 0.36275
vt 0.68440 0.35663
vt 0.72968 0.30858
vt 0.73236 0.30900
vt 0.72594 0.30795
vt 0.69485 0.25300
vt 0.69639 0.25088
vt 0.69266 0.25592
vt 0.62154 0.26582
vt 0.61999 0.26382
vt 0.62369 0.26862
vt 0.60632 0.33787
vt 0.68679 0.36621
vt 0.73593 0.30968
vt 0.69860 0.24811
vt 0.61807 0.26100
vt 0.61112 0.33108
vt 0.60777 0.33216
vt 0.60505 0.33428
vt 0.68112 0.35961
vt 0.68156 0.36280
vt 0.68310 0.36585
vt 0.72754 0.31188
vt 0.73071 0.31276
vt 0.73416 0.31267
vt 0.69727 0.25605
vt 0.69947 0.25373
vt 0.70081 0.25078
vt 0.62590 0.26427
vt 0.62441 0.26158
vt 0.62194 0.25955
vt 0.61431 0.33086
vt 0.68152 0.35685
vt 0.72506 0.31047
vt 0.69485 0.25760
vt 0.62646 0.26696
vt 0.61637 0.32681
vt 0.67787 0.35361
vt 0.72059 0.31229
vt 0.69490 0.26196
vt 0.63123 0.26798
vt 0.59969 0.33219
vt 0.68016 0.36940
vt 0.73638 0.31656
vt 0.70569 0.25045
vt 0.62400 0.25476
vt 0.62052 0.32365
vt 0.67539 0.34903
vt 0.71527 0.31259
vt 0.69306 0.26646
vt 0.63534 0.27082
vt 0.58796 0.33311
vt 0.67939 0.37907
vt 0.74501 0.32117
vt 0.71393 0.24518
vt 0.62283 0.24529
vt 0.60083 0.33983
vt 0.59385 0.34492
vt 0.68768 0.37152
vt 0.69136 0.37935
vt 0.74130 0.31108
vt 0.75008 0.31126
vt 0.70233 0.24414
vt 0.70642 0.23698
vt 0.61581 0.25640
vt 0.61040 0.25078
vt 0.60614 0.34624
vt 0.60215 0.35332
vt 0.69479 0.36962
vt 0.70081 0.37616
vt 0.74241 0.30425
vt 0.75114 0.30192
vt 0.69612 0.24042
vt 0.69793 0.23221
vt 0.60898 0.26149
vt 0.60102 0.25811
vt 0.62095 0.33079
vt 0.68275 0.35121
vt 0.72006 0.30725
vt 0.68958 0.26055
vt 0.62738 0.27263
vt 0.62293 0.33396
vt 0.68631 0.35072
vt 0.72093 0.30407
vt 0.68671 0.25863
vt 0.62406 0.27486
vt 0.62565 0.32820
vt 0.68104 0.34639
vt 0.71470 0.30688
vt 0.68699 0.26488
vt 0.63105 0.27607
vt 0.62806 0.33173
vt 0.68508 0.34568
vt 0.71548 0.30324
vt 0.68357 0.26290
vt 0.62742 0.27875
vt 0.62602 0.30471
vt 0.62592 0.30042
vt 0.62492 0.29497
vt 0.65662 0.33861
vt 0.65196 0.33755
vt 0.64582 0.33707
vt 0.69900 0.32442
vt 0.69662 0.32791
vt 0.69448 0.33285
vt 0.69902 0.28418
vt 0.70174 0.28737
vt 0.70602 0.29085
vt 0.65677 0.27055
vt 0.66126 0.26917
vt 0.66672 0.26659
vt 0.62500 0.30983
vt 0.66187 0.34093
vt 0.70286 0.32089
vt 0.69682 0.27974
vt 0.65113 0.27113
vt 0.62542 0.31574
vt 0.66815 0.34240
vt 0.70632 0.31618
vt 0.69325 0.27521
vt 0.64481 0.27303
vt 0.62824 0.32061
vt 0.67378 0.34163
vt 0.70743 0.31118
vt 0.68850 0.27250
vt 0.63995 0.27659
vt 0.63198 0.32504
vt 0.67912 0.34004
vt 0.70770 0.30615
vt 0.68338 0.27049
vt 0.63568 0.28073
vt 0.63410 0.32793
vt 0.68253 0.33931
vt 0.70818 0.30306
vt 0.68036 0.26899
vt 0.63282 0.28312
vt 0.63614 0.33135
vt 0.68644 0.33884
vt 0.70914 0.29965
vt 0.67718 0.26698
vt 0.62934 0.28554
vt 0.63979 0.33489
vt 0.69084 0.33709
vt 0.70898 0.29537
vt 0.67267 0.26560
vt 0.62608 0.28935
vt 0.65455 0.38002
vt 0.64832 0.37824
vt 0.66084 0.37989
vt 0.73708 0.34290
vt 0.73379 0.34752
vt 0.73889 0.33744
vt 0.73318 0.25956
vt 0.73675 0.26370
vt 0.72813 0.25628
vt 0.64766 0.23095
vt 0.65376 0.22913
vt 0.64163 0.23466
vt 0.57553 0.30858
vt 0.57565 0.30212
vt 0.57829 0.31494
vt 0.64047 0.37412
vt 0.72817 0.35256
vt 0.73971 0.26997
vt 0.66157 0.22886
vt 0.57886 0.29400
vt 0.63223 0.36829
vt 0.72092 0.35712
vt 0.74135 0.27758
vt 0.66984 0.23051
vt 0.58481 0.28583
vt 0.62715 0.37591
vt 0.72689 0.36501
vt 0.75194 0.27534
vt 0.67342 0.22017
vt 0.57448 0.28050
vt 0.59307 0.36628
vt 0.60656 0.37707
vt 0.62072 0.38985
vt 0.71121 0.38986
vt 0.72394 0.38348
vt 0.73867 0.37705
vt 0.76842 0.29912
vt 0.76852 0.28522
vt 0.76926 0.26944
vt 0.70392 0.21651
vt 0.69170 0.21000
vt 0.67826 0.20214
vt 0.58741 0.24884
vt 0.57341 0.25954
vt 0.55650 0.27155
vt 0.58119 0.35669
vt 0.70002 0.39501
vt 0.76780 0.31114
vt 0.71451 0.22247
vt 0.59949 0.23960
vt 0.56947 0.34735
vt 0.68939 0.39985
vt 0.76716 0.32246
vt 0.72467 0.22795
vt 0.61066 0.23063
vt 0.58260 0.32075
vt 0.57198 0.32685
vt 0.55441 0.33834
vt 0.66685 0.37858
vt 0.67134 0.38898
vt 0.67878 0.40706
vt 0.73981 0.33174
vt 0.75051 0.33251
vt 0.76853 0.33484
vt 0.72258 0.25351
vt 0.72753 0.24524
vt 0.73678 0.23209
vt 0.63591 0.23916
vt 0.63009 0.23188
vt 0.62125 0.21924
vt 0.64084 0.32347
vt 0.63924 0.32117
vt 0.63690 0.31720
vt 0.67951 0.33218
vt 0.67676 0.33273
vt 0.67209 0.33340
vt 0.69989 0.30301
vt 0.69951 0.30550
vt 0.69860 0.30963
vt 0.67699 0.27600
vt 0.67945 0.27717
vt 0.68343 0.27934
vt 0.63923 0.28785
vt 0.64145 0.28595
vt 0.64535 0.28299
vt 0.64304 0.32589
vt 0.68253 0.33118
vt 0.69993 0.30017
vt 0.67401 0.27500
vt 0.63701 0.29027
vt 0.64724 0.31894
vt 0.64603 0.31743
vt 0.64931 0.32026
vt 0.67640 0.32538
vt 0.67451 0.32590
vt 0.67832 0.32410
vt 0.69182 0.30324
vt 0.69172 0.30498
vt 0.69115 0.30120
vt 0.67412 0.28289
vt 0.67593 0.28354
vt 0.67170 0.28280
vt 0.64578 0.29214
vt 0.64717 0.29072
vt 0.64483 0.29424
vt 0.64475 0.31444
vt 0.67105 0.32602
vt 0.69070 0.30790
vt 0.67863 0.28537
vt 0.65013 0.28885
vt 0.65126 0.31558
vt 0.65073 0.31495
vt 0.65259 0.31242
vt 0.67392 0.32098
vt 0.67311 0.32123
vt 0.67092 0.31890
vt 0.68640 0.30379
vt 0.68639 0.30454
vt 0.68324 0.30558
vt 0.67269 0.28763
vt 0.67349 0.28788
vt 0.67344 0.29087
vt 0.65052 0.29462
vt 0.65107 0.29400
vt 0.65430 0.29486
vt 0.65465 0.31484
vt 0.67402 0.31793
vt 0.68324 0.30265
vt 0.67033 0.28993
vt 0.65223 0.29730
vt 0.64616 0.32820
vt 0.68568 0.32939
vt 0.69922 0.29693
vt 0.67033 0.27452
vt 0.63514 0.29345
vt 0.65442 0.33092
vt 0.65742 0.33166
vt 0.65024 0.32985
vt 0.69064 0.32348
vt 0.69224 0.32125
vt 0.68842 0.32657
vt 0.69491 0.29076
vt 0.69317 0.28866
vt 0.69730 0.29368
vt 0.66207 0.27622
vt 0.65915 0.27708
vt 0.66612 0.27509
vt 0.63417 0.30116
vt 0.63419 0.30391
vt 0.63427 0.29732
vt 0.66152 0.33268
vt 0.69449 0.31820
vt 0.69083 0.28573
vt 0.65510 0.27824
vt 0.63427 0.30772
vt 0.66701 0.33356
vt 0.69709 0.31393
vt 0.68735 0.28209
vt 0.64983 0.28026
vt 0.63504 0.31275
vt 0.65202 0.32179
vt 0.68063 0.32233
vt 0.69012 0.29868
vt 0.66863 0.28286
vt 0.64382 0.29694
vt 0.65482 0.32323
vt 0.68288 0.32048
vt 0.68899 0.29617
vt 0.66554 0.28303
vt 0.64296 0.29970
vt 0.65712 0.32445
vt 0.68479 0.31898
vt 0.68810 0.29408
vt 0.66296 0.28315
vt 0.64224 0.30197
vt 0.65865 0.32498
vt 0.68577 0.31791
vt 0.68731 0.29289
vt 0.66140 0.28345
vt 0.64209 0.30340
vt 0.66172 0.32536
vt 0.68707 0.31550
vt 0.68524 0.29098
vt 0.65857 0.28467
vt 0.64257 0.30614
vt 0.66644 0.32597
vt 0.68917 0.31175
vt 0.68208 0.28795
vt 0.65416 0.28655
vt 0.64334 0.31041
vt 0.66622 0.31921
vt 0.68205 0.30965
vt 0.67728 0.29320
vt 0.65813 0.29219
vt 0.65082 0.30842
vt 0.66148 0.31871
vt 0.68006 0.31348
vt 0.68060 0.29613
vt 0.66243 0.29018
vt 0.64992 0.30418
vt 0.65971 0.32092
vt 0.68185 0.31568
vt 0.68357 0.29540
vt 0.66272 0.28742
vt 0.64693 0.30325
vt 0.65890 0.32059
vt 0.68126 0.31625
vt 0.68396 0.29607
vt 0.66358 0.28729
vt 0.64706 0.30246
vt 0.65897 0.31783
vt 0.67838 0.31529
vt 0.68193 0.29812
vt 0.66504 0.28964
vt 0.65016 0.30180
vt 0.65675 0.31651
vt 0.67637 0.31671
vt 0.68274 0.30028
vt 0.66763 0.28961
vt 0.65099 0.29955
vt 0.65897 0.31155
vt 0.66008 0.31259
vt 0.65766 0.30996
vt 0.67173 0.31335
vt 0.67315 0.31273
vt 0.66968 0.31398
vt 0.67759 0.30305
vt 0.67740 0.30164
vt 0.67759 0.30500
vt 0.66876 0.29477
vt 0.66721 0.29450
vt 0.67080 0.29538
vt 0.65626 0.30122
vt 0.65705 0.29996
vt 0.65836 0.29837
vt 0.66134 0.31325
vt 0.67422 0.31187
vt 0.67685 0.30045
vt 0.66577 0.29462
vt 0.65592 0.30250
vt 0.66633 0.31428
vt 0.66302 0.31391
vt 0.67684 0.30795
vt 0.67542 0.31065
vt 0.67364 0.29697
vt 0.67598 0.29904
vt 0.66099 0.29637
vt 0.66397 0.29494
vt 0.65631 0.30713
vt 0.65571 0.30414
vt 0.66433 0.31139
vt 0.66370 0.31022
vt 0.66218 0.30994
vt 0.67314 0.30876
vt 0.67171 0.30894
vt 0.67095 0.31016
vt 0.67321 0.30033
vt 0.67291 0.30162
vt 0.67393 0.30267
vt 0.66443 0.29768
vt 0.66569 0.29830
vt 0.66713 0.29773
vt 0.65884 0.30452
vt 0.65991 0.30362
vt 0.65974 0.30221
vt 0.66657 0.31126
vt 0.67369 0.30679
vt 0.67134 0.29923
vt 0.66266 0.29898
vt 0.65967 0.30645
vt 0.66665 0.30974
vt 0.67211 0.30625
vt 0.67024 0.30040
vt 0.66357 0.30026
vt 0.66132 0.30605
vt 0.66327 0.30854
vt 0.66449 0.30866
vt 0.66663 0.30870
vt 0.66979 0.30880
vt 0.67030 0.30778
vt 0.67101 0.30594
vt 0.67212 0.30322
vt 0.67123 0.30245
vt 0.66956 0.30124
vt 0.66711 0.29944
vt 0.66602 0.30000
vt 0.66423 0.30110
vt 0.66156 0.30272
vt 0.66181 0.30383
vt 0.66241 0.30573
vt 0.66957 0.31052
vt 0.66878 0.31159
vt 0.67386 0.30397
vt 0.67474 0.30499
vt 0.66846 0.29818
vt 0.66982 0.29777
vt 0.66065 0.30118
vt 0.66063 0.29988
vt 0.66138 0.30885
vt 0.66000 0.30848
vt 0.66872 0.30897
vt 0.67197 0.30421
vt 0.66806 0.29986
vt 0.66231 0.30201
vt 0.66275 0.30768
vt 0.66827 0.30809
vt 0.66699 0.30747
vt 0.66503 0.30713
vt 0.67090 0.30432
vt 0.66985 0.30524
vt 0.66888 0.30684
vt 0.66782 0.30080
vt 0.66845 0.30202
vt 0.66980 0.30339
vt 0.66322 0.30249
vt 0.66469 0.30230
vt 0.66653 0.30152
vt 0.66352 0.30704
vt 0.66380 0.30569
vt 0.66356 0.30383
vt 0.66896 0.30793
vt 0.67095 0.30367
vt 0.66718 0.30058
vt 0.66277 0.30299
vt 0.66391 0.30757
vt 0.66852 0.30498
vt 0.66773 0.30561
vt 0.66685 0.30623
vt 0.66777 0.30312
vt 0.66817 0.30401
vt 0.66561 0.30322
vt 0.66666 0.30314
vt 0.66504 0.30515
vt 0.66528 0.30420
vt 0.66595 0.30574
vt 0.66675 0.30454
vt 0.57078 0.37127
vt 0.58435 0.37992
vt 0.55751 0.36323
vt 0.71004 0.41115
vt 0.72146 0.40404
vt 0.69942 0.41753
vt 0.78641 0.31132
vt 0.78602 0.29782
vt 0.78644 0.32373
vt 0.72405 0.20769
vt 0.71229 0.20135
vt 0.73487 0.21366
vt 0.58887 0.22703
vt 0.57635 0.23661
vt 0.60014 0.21800
vt 0.60016 0.39064
vt 0.73527 0.39556
vt 0.78539 0.28140
vt 0.69794 0.19369
vt 0.56024 0.24841
vt 0.61361 0.40158
vt 0.74862 0.38871
vt 0.78576 0.26597
vt 0.68505 0.18563
vt 0.54353 0.25885
vt 0.54277 0.35640
vt 0.68960 0.42520
vt 0.78769 0.33609
vt 0.74628 0.21863
vt 0.61010 0.20807
vt 0.56316 0.37909
vt 0.55288 0.37451
vt 0.53867 0.37018
vt 0.71414 0.42169
vt 0.70692 0.42765
vt 0.69814 0.43641
vt 0.79724 0.31409
vt 0.79840 0.32359
vt 0.80056 0.33618
vt 0.73217 0.20053
vt 0.74074 0.20446
vt 0.75253 0.20943
vt 0.58556 0.21730
vt 0.59337 0.21030
vt 0.60256 0.20046
vt 0.57660 0.38271
vt 0.57172 0.37971
vt 0.58340 0.39059
vt 0.57816 0.38718
vt 0.59540 0.39854
vt 0.72175 0.41222
vt 0.71747 0.41485
vt 0.73073 0.41019
vt 0.72615 0.41302
vt 0.74147 0.40360
vt 0.79327 0.30219
vt 0.79326 0.30730
vt 0.79620 0.29351
vt 0.79627 0.29899
vt 0.79600 0.28051
vt 0.71997 0.19765
vt 0.72431 0.20024
vt 0.71437 0.19079
vt 0.71896 0.19354
vt 0.70340 0.18429
vt 0.57687 0.22810
vt 0.58143 0.22472
vt 0.56709 0.23116
vt 0.57231 0.22769
vt 0.55438 0.23965
vt 0.56778 0.38139
vt 0.57155 0.38330
vt 0.57359 0.38442
vt 0.56928 0.38564
vt 0.71759 0.41904
vt 0.72048 0.41690
vt 0.72219 0.41571
vt 0.72176 0.42003
vt 0.79684 0.30964
vt 0.79656 0.30599
vt 0.79645 0.30385
vt 0.79988 0.30676
vt 0.72822 0.19857
vt 0.72496 0.19693
vt 0.72309 0.19592
vt 0.72744 0.19465
vt 0.58168 0.22048
vt 0.57848 0.22312
vt 0.57666 0.22455
vt 0.57751 0.22004
vt 0.57430 0.38808
vt 0.72568 0.41684
vt 0.79928 0.30163
vt 0.72283 0.19246
vt 0.57325 0.22361
vt 0.57616 0.39565
vt 0.73287 0.41921
vt 0.80513 0.29706
vt 0.72242 0.18538
vt 0.56636 0.22155
vt 0.59042 0.40489
vt 0.74585 0.41112
vt 0.80515 0.28132
vt 0.70962 0.17711
vt 0.55146 0.23063
vt 0.56393 0.38856
vt 0.56058 0.39948
vt 0.57190 0.40582
vt 0.58558 0.41384
vt 0.72239 0.42622
vt 0.72999 0.43512
vt 0.73997 0.42836
vt 0.75233 0.41988
vt 0.80535 0.31001
vt 0.81672 0.30950
vt 0.81674 0.29708
vt 0.81656 0.28157
vt 0.73318 0.19203
vt 0.73942 0.18304
vt 0.72944 0.17625
vt 0.71690 0.16792
vt 0.57792 0.21374
vt 0.57267 0.20454
vt 0.56176 0.21122
vt 0.54769 0.21948
vt 0.55167 0.38449
vt 0.54906 0.39534
vt 0.71429 0.43434
vt 0.72154 0.44281
vt 0.80758 0.32179
vt 0.81817 0.32135
vt 0.74419 0.19662
vt 0.74982 0.18853
vt 0.58717 0.20481
vt 0.58210 0.19678
vt 0.55621 0.41086
vt 0.56763 0.41692
vt 0.54502 0.40589
vt 0.73714 0.44540
vt 0.74752 0.43829
vt 0.72772 0.45246
vt 0.82898 0.31041
vt 0.82931 0.29743
vt 0.82915 0.32261
vt 0.74751 0.17433
vt 0.73741 0.16660
vt 0.75727 0.18121
vt 0.56901 0.19333
vt 0.55773 0.19955
vt 0.57901 0.18697
vt 0.58126 0.42431
vt 0.75982 0.42913
vt 0.82894 0.28166
vt 0.72484 0.15802
vt 0.54395 0.20717
vt 0.55792 0.41774
vt 0.56199 0.41945
vt 0.55107 0.41802
vt 0.55487 0.41960
vt 0.54254 0.41507
vt 0.74353 0.44775
vt 0.74692 0.44487
vt 0.74034 0.45396
vt 0.74363 0.45141
vt 0.73353 0.45999
vt 0.83458 0.30683
vt 0.83430 0.30228
vt 0.83761 0.31352
vt 0.83752 0.30917
vt 0.83835 0.32298
vt 0.74811 0.16805
vt 0.74433 0.16555
vt 0.75524 0.16972
vt 0.75176 0.16721
vt 0.76310 0.17474
vt 0.56407 0.19005
vt 0.56028 0.19256
vt 0.56868 0.18412
vt 0.56498 0.18631
vt 0.57617 0.17888
vt 0.56323 0.42353
vt 0.56789 0.42616
vt 0.57820 0.43277
vt 0.75095 0.44582
vt 0.75534 0.44287
vt 0.76576 0.43641
vt 0.83749 0.29974
vt 0.83773 0.29432
vt 0.83871 0.28182
vt 0.74434 0.16161
vt 0.74028 0.15830
vt 0.73118 0.15028
vt 0.55699 0.19073
vt 0.55232 0.19291
vt 0.54123 0.19738
vt 0.55798 0.42070
vt 0.55999 0.42106
vt 0.56029 0.42474
vt 0.74617 0.44911
vt 0.74733 0.44749
vt 0.75052 0.44916
vt 0.83724 0.30565
vt 0.83667 0.30368
vt 0.83989 0.30228
vt 0.74882 0.16527
vt 0.74691 0.16455
vt 0.74783 0.16127
vt 0.56200 0.18826
vt 0.56058 0.18973
vt 0.55833 0.18735
vt 0.55651 0.42306
vt 0.74730 0.45176
vt 0.84000 0.30650
vt 0.75122 0.16371
vt 0.56184 0.18530
vt 0.55252 0.42765
vt 0.74888 0.45808
vt 0.84593 0.30945
vt 0.75721 0.16108
vt 0.56264 0.17847
vt 0.54221 0.42511
vt 0.74116 0.46612
vt 0.84757 0.32094
vt 0.76716 0.16685
vt 0.57179 0.17166
vt 0.56306 0.43223
vt 0.55081 0.44034
vt 0.56046 0.44524
vt 0.54182 0.43712
vt 0.75802 0.45071
vt 0.75801 0.46692
vt 0.76721 0.46045
vt 0.75028 0.47346
vt 0.84566 0.29740
vt 0.85845 0.30821
vt 0.85912 0.29683
vt 0.85876 0.31853
vt 0.74769 0.15403
vt 0.76421 0.15112
vt 0.75591 0.14360
vt 0.77233 0.15735
vt 0.55258 0.18406
vt 0.55851 0.16720
vt 0.54874 0.17121
vt 0.56714 0.16243
vt 0.57510 0.44086
vt 0.57210 0.45249
vt 0.77110 0.44371
vt 0.77922 0.45306
vt 0.84809 0.28259
vt 0.86085 0.28270
vt 0.73782 0.14336
vt 0.74623 0.13360
vt 0.53935 0.18765
vt 0.53631 0.17482
vt 0.54829 0.45395
vt 0.55784 0.45895
vt 0.54009 0.45064
vt 0.76730 0.47720
vt 0.77672 0.47088
vt 0.75988 0.48305
vt 0.87234 0.30804
vt 0.87339 0.29666
vt 0.87216 0.31756
vt 0.77306 0.14092
vt 0.76511 0.13290
vt 0.78014 0.14714
vt 0.55528 0.15408
vt 0.54534 0.15739
vt 0.56341 0.15049
vt 0.56964 0.46601
vt 0.78886 0.46329
vt 0.87527 0.28241
vt 0.75552 0.12245
vt 0.53271 0.16055
vt 0.54615 0.46739
vt 0.55562 0.47181
vt 0.56750 0.47811
vt 0.77673 0.48718
vt 0.78570 0.48059
vt 0.79738 0.47257
vt 0.88610 0.30775
vt 0.88678 0.29654
vt 0.88817 0.28238
vt 0.78185 0.13081
vt 0.77387 0.12302
vt 0.76410 0.11279
vt 0.55213 0.14115
vt 0.54237 0.14448
vt 0.52984 0.14784
vt 0.53846 0.46451
vt 0.76988 0.49281
vt 0.88604 0.31674
vt 0.78854 0.13674
vt 0.55983 0.13792
vt 0.54371 0.47952
vt 0.55347 0.48348
vt 0.53652 0.47681
vt 0.78505 0.49669
vt 0.79380 0.48959
vt 0.77863 0.50188
vt 0.89877 0.30794
vt 0.89903 0.29660
vt 0.89858 0.31630
vt 0.79038 0.12186
vt 0.78209 0.11414
vt 0.79646 0.12754
vt 0.54991 0.12902
vt 0.53993 0.13264
vt 0.55707 0.12626
vt 0.54928 0.48718
vt 0.54494 0.48599
vt 0.55118 0.49108
vt 0.55527 0.49298
vt 0.56542 0.48861
vt 0.56410 0.49743
vt 0.79430 0.49588
vt 0.79104 0.49931
vt 0.79862 0.49623
vt 0.80250 0.49335
vt 0.80467 0.48082
vt 0.81108 0.48729
vt 0.90421 0.30048
vt 0.90472 0.30522
vt 0.90732 0.29750
vt 0.90766 0.29267
vt 0.89941 0.28255
vt 0.90864 0.28217
vt 0.78846 0.11300
vt 0.79232 0.11580
vt 0.78837 0.10875
vt 0.78502 0.10529
vt 0.77186 0.10465
vt 0.77788 0.09763
vt 0.54234 0.12638
vt 0.54641 0.12429
vt 0.53896 0.12434
vt 0.53470 0.12555
vt 0.52769 0.13677
vt 0.52543 0.12791
vt 0.53975 0.48761
vt 0.54232 0.48836
vt 0.53479 0.48630
vt 0.78939 0.50505
vt 0.79152 0.50308
vt 0.78541 0.50903
vt 0.90801 0.31030
vt 0.90791 0.30739
vt 0.90846 0.31595
vt 0.79831 0.11684
vt 0.79608 0.11495
vt 0.80278 0.12029
vt 0.55016 0.11943
vt 0.54761 0.12052
vt 0.55498 0.11704
vt 0.54597 0.48977
vt 0.54797 0.48972
vt 0.54402 0.49181
vt 0.79479 0.50043
vt 0.79565 0.49855
vt 0.79538 0.50336
vt 0.90803 0.30318
vt 0.90716 0.30128
vt 0.91064 0.30471
vt 0.79305 0.11203
vt 0.79105 0.11139
vt 0.79594 0.11118
vt 0.54382 0.12178
vt 0.54236 0.12324
vt 0.54459 0.11880
vt 0.54829 0.49321
vt 0.79883 0.50009
vt 0.91041 0.29995
vt 0.79227 0.10814
vt 0.54038 0.12060
vt 0.55068 0.49998
vt 0.80568 0.50175
vt 0.91617 0.29597
vt 0.79326 0.10134
vt 0.53584 0.11634
vt 0.56173 0.50588
vt 0.81661 0.49455
vt 0.91790 0.28299
vt 0.78483 0.09144
vt 0.52424 0.11871
vt 0.54122 0.49666
vt 0.53990 0.50868
vt 0.54843 0.51168
vt 0.55906 0.51616
vt 0.79770 0.50886
vt 0.80683 0.51720
vt 0.81402 0.51077
vt 0.82348 0.50317
vt 0.91638 0.30674
vt 0.92873 0.30562
vt 0.92854 0.29587
vt 0.92904 0.28368
vt 0.80132 0.10843
vt 0.80888 0.09885
vt 0.80161 0.09238
vt 0.79296 0.08379
vt 0.54523 0.11265
vt 0.54189 0.10123
vt 0.53340 0.10452
vt 0.52258 0.10783
vt 0.53440 0.49565
vt 0.53321 0.50694
vt 0.79289 0.51485
vt 0.80159 0.52259
vt 0.91785 0.31438
vt 0.92945 0.31321
vt 0.80790 0.11254
vt 0.81490 0.10352
vt 0.55172 0.10875
vt 0.54841 0.09813
vt 0.53725 0.52044
vt 0.54673 0.52358
vt 0.53072 0.51816
vt 0.81532 0.52651
vt 0.82295 0.51931
vt 0.80976 0.53136
vt 0.94134 0.30548
vt 0.94086 0.29489
vt 0.94146 0.31293
vt 0.81739 0.08976
vt 0.80935 0.08284
vt 0.82287 0.09480
vt 0.53943 0.08917
vt 0.53021 0.09302
vt 0.54587 0.08671
vt 0.55655 0.52661
vt 0.83071 0.51159
vt 0.94023 0.28389
vt 0.80080 0.07584
vt 0.52057 0.09715
vt 0.53874 0.52652
vt 0.54315 0.52827
vt 0.54446 0.53145
vt 0.54790 0.53266
vt 0.82133 0.52842
vt 0.82502 0.52528
vt 0.82849 0.52571
vt 0.83129 0.52320
vt 0.94669 0.30218
vt 0.94666 0.29730
vt 0.94931 0.29495
vt 0.94931 0.29117
vt 0.81868 0.08366
vt 0.81511 0.08033
vt 0.81522 0.07680
vt 0.81245 0.07423
vt 0.53545 0.08504
vt 0.53114 0.08665
vt 0.52841 0.08489
vt 0.52512 0.08614
vt 0.53304 0.52813
vt 0.53588 0.52861
vt 0.54104 0.52998
vt 0.53939 0.52928
vt 0.53782 0.53213
vt 0.81974 0.53463
vt 0.82166 0.53221
vt 0.82551 0.52809
vt 0.82406 0.52925
vt 0.82572 0.53226
vt 0.95037 0.30753
vt 0.94978 0.30445
vt 0.94913 0.29877
vt 0.94908 0.30065
vt 0.95244 0.30133
vt 0.82509 0.08473
vt 0.82246 0.08301
vt 0.81788 0.07955
vt 0.81922 0.08088
vt 0.82205 0.07895
vt 0.53932 0.07980
vt 0.53675 0.08136
vt 0.53187 0.08381
vt 0.53356 0.08324
vt 0.53343 0.07971
vt 0.54176 0.53343
vt 0.82884 0.52926
vt 0.95220 0.29700
vt 0.81871 0.07613
vt 0.52961 0.08143
vt 0.54318 0.53970
vt 0.83499 0.53145
vt 0.95793 0.29383
vt 0.82036 0.06984
vt 0.52574 0.07709
vt 0.55471 0.53563
vt 0.55165 0.54382
vt 0.83731 0.51835
vt 0.84269 0.52577
vt 0.94971 0.28343
vt 0.95886 0.28438
vt 0.80704 0.06868
vt 0.81400 0.06265
vt 0.51829 0.08836
vt 0.51720 0.07958
vt 0.53449 0.53715
vt 0.53266 0.54956
vt 0.54073 0.55185
vt 0.54866 0.55466
vt 0.82845 0.53819
vt 0.83865 0.54687
vt 0.84453 0.54049
vt 0.85072 0.53446
vt 0.95863 0.30305
vt 0.97203 0.30104
vt 0.97115 0.29276
vt 0.97070 0.28441
vt 0.82761 0.07572
vt 0.83558 0.06493
vt 0.82874 0.05973
vt 0.82216 0.05415
vt 0.53385 0.07308
vt 0.52935 0.06109
vt 0.52216 0.06528
vt 0.51474 0.06885
vt 0.52872 0.52770
vt 0.52757 0.53734
vt 0.52631 0.54870
vt 0.81702 0.53849
vt 0.82515 0.54472
vt 0.83480 0.55232
vt 0.95154 0.31223
vt 0.96142 0.30961
vt 0.97353 0.30733
vt 0.82928 0.08716
vt 0.83429 0.07836
vt 0.84128 0.06827
vt 0.54309 0.07716
vt 0.53916 0.06807
vt 0.53459 0.05705
vt 0.52992 0.56239
vt 0.53819 0.56475
vt 0.52428 0.56033
vt 0.84902 0.55652
vt 0.85502 0.54972
vt 0.84450 0.56068
vt 0.98662 0.29966
vt 0.98544 0.29148
vt 0.98649 0.30556
vt 0.84510 0.05401
vt 0.83761 0.04890
vt 0.84967 0.05808
vt 0.52426 0.04838
vt 0.51733 0.05327
vt 0.52918 0.04566
vt 0.54561 0.56648
vt 0.85997 0.54333
vt 0.98356 0.28400
vt 0.83055 0.04467
vt 0.51115 0.05787
vt 0.53485 0.56975
vt 0.53088 0.56843
vt 0.53619 0.57338
vt 0.53910 0.57432
vt 0.54293 0.57594
vt 0.85807 0.55542
vt 0.85503 0.55866
vt 0.86207 0.55570
vt 0.86428 0.55326
vt 0.86759 0.55023
vt 0.99286 0.29228
vt 0.99298 0.29698
vt 0.00878 0.27755
vt 0.01121 0.28097
vt 0.01547 0.28103
vt 0.01414 0.27184
vt 0.02375 0.27163
vt 0.02090 0.28140
vt 0.84338 0.04548
vt 0.84705 0.04804
vt 0.84318 0.04160
vt 0.84040 0.03976
vt 0.83690 0.03695
vt 0.51664 0.04690
vt 0.51995 0.04449
vt 0.51335 0.04561
vt 0.51100 0.04739
vt 0.50769 0.04947
vt 0.52600 0.57017
vt 0.52801 0.57090
vt 0.53273 0.57223
vt 0.53091 0.57176
vt 0.52950 0.57452
vt 0.85427 0.56433
vt 0.85593 0.56261
vt 0.85943 0.55854
vt 0.85816 0.56007
vt 0.86003 0.56270
vt 0.02142 0.36843
vt 0.02726 0.37316
vt 0.02596 0.36449
vt 0.02304 0.36502
vt 0.99804 0.29189
vt 0.99767 0.29519
vt 0.01958 0.36263
vt 0.01698 0.36595
vt 0.85317 0.04817
vt 0.85112 0.04673
vt 0.84645 0.04384
vt 0.84817 0.04485
vt 0.85071 0.04268
vt 0.52176 0.03903
vt 0.52003 0.04033
vt 0.51633 0.04352
vt 0.51771 0.04228
vt 0.51652 0.03919
vt 0.53332 0.57558
vt 0.86282 0.55945
vt 0.00418 0.28055
vt 0.00782 0.28426
vt 0.84696 0.04045
vt 0.51360 0.04181
vt 0.53376 0.58100
vt 0.86820 0.56134
vt 0.01097 0.28951
vt 0.84820 0.03510
vt 0.50970 0.03877
vt 0.53840 0.58332
vt 0.87264 0.55779
vt 0.01691 0.28973
vt 0.84383 0.03144
vt 0.50565 0.04141
vt 0.52669 0.57862
vt 0.52477 0.58716
vt 0.53023 0.58908
vt 0.53496 0.59031
vt 0.86254 0.56737
vt 0.86988 0.57261
vt 0.87448 0.56801
vt 0.87801 0.56395
vt 0.00362 0.28687
vt 0.00341 0.29219
vt 0.00452 0.30127
vt 0.01052 0.29945
vt 0.01541 0.29767
vt 0.85536 0.03955
vt 0.85936 0.03106
vt 0.85372 0.02787
vt 0.84891 0.02554
vt 0.51521 0.03391
vt 0.50900 0.02741
vt 0.50519 0.03136
vt 0.50231 0.03493
vt 0.02060 0.35798
vt 0.52340 0.56965
vt 0.52283 0.57817
vt 0.52097 0.58531
vt 0.85254 0.56673
vt 0.86022 0.57116
vt 0.86625 0.57577
vt 0.02926 0.36335
vt 0.02428 0.35611
vt 0.02029 0.34935
vt 0.01552 0.35004
vt 0.85601 0.04964
vt 0.85970 0.04122
vt 0.86338 0.03382
vt 0.52375 0.03705
vt 0.51765 0.03064
vt 0.51227 0.02484
vt 0.03455 0.37175
vt 0.52192 0.59328
vt 0.52814 0.59559
vt 0.51769 0.58999
vt 0.87455 0.57753
vt 0.87990 0.57265
vt 0.86939 0.58064
vt 0.00512 0.30948
vt 0.01165 0.30661
vt 0.01947 0.34365
vt 0.01349 0.34322
vt 0.86306 0.02489
vt 0.85658 0.02154
vt 0.86784 0.02878
vt 0.50431 0.02206
vt 0.50031 0.02687
vt 0.50906 0.01941
vt 0.53355 0.59630
vt 0.88323 0.56783
vt 0.01639 0.30352
vt 0.85113 0.01987
vt 0.49811 0.03130
vt 0.51746 0.60032
vt 0.52553 0.60304
vt 0.51303 0.59431
vt 0.87918 0.58420
vt 0.88581 0.57831
vt 0.87178 0.58673
vt 0.00820 0.31975
vt 0.01417 0.31409
vt 0.02016 0.33753
vt 0.01218 0.33456
vt 0.86702 0.01717
vt 0.85924 0.01425
vt 0.87265 0.02238
vt 0.49744 0.01597
vt 0.49411 0.02246
vt 0.50579 0.01341
vt 0.53298 0.60296
vt 0.88942 0.57141
vt 0.01883 0.30891
vt 0.85232 0.01335
vt 0.49294 0.02867
vt 0.53840 0.59032
vt 0.54204 0.58520
vt 0.53916 0.59423
vt 0.54531 0.58886
vt 0.87964 0.56061
vt 0.87608 0.55501
vt 0.88392 0.56146
vt 0.88099 0.55327
vt 0.01890 0.29602
vt 0.02147 0.29014
vt 0.02062 0.29901
vt 0.02559 0.29260
vt 0.84530 0.02458
vt 0.84052 0.02854
vt 0.84526 0.02061
vt 0.83813 0.02404
vt 0.50070 0.03787
vt 0.50245 0.04333
vt 0.49765 0.03669
vt 0.49834 0.04395
vt 0.54699 0.57796
vt 0.55124 0.58111
vt 0.87130 0.54713
vt 0.87607 0.54428
vt 0.02657 0.28222
vt 0.03201 0.28501
vt 0.83337 0.03371
vt 0.83013 0.02931
vt 0.50398 0.05137
vt 0.49945 0.05248
vt 0.55145 0.56884
vt 0.55695 0.57182
vt 0.86469 0.53878
vt 0.86972 0.53488
vt 0.03259 0.27369
vt 0.04191 0.27729
vt 0.82550 0.04038
vt 0.82124 0.03563
vt 0.50566 0.06051
vt 0.50017 0.06219
vt 0.55560 0.55751
vt 0.56184 0.56092
vt 0.85637 0.52935
vt 0.86219 0.52515
vt 0.97084 0.27690
vt 0.98342 0.27790
vt 0.97214 0.27001
vt 0.98455 0.27190
vt 0.81652 0.04891
vt 0.81188 0.04331
vt 0.50796 0.07150
vt 0.50132 0.07298
vt 0.55924 0.54730
vt 0.56628 0.55137
vt 0.84928 0.52052
vt 0.85608 0.51605
vt 0.95949 0.27600
vt 0.96104 0.26826
vt 0.80814 0.05642
vt 0.80310 0.04972
vt 0.50951 0.08180
vt 0.50178 0.08292
vt 0.56251 0.53909
vt 0.56955 0.54299
vt 0.84423 0.51287
vt 0.85126 0.50834
vt 0.95036 0.27458
vt 0.95188 0.26630
vt 0.80096 0.06232
vt 0.79599 0.05590
vt 0.51039 0.09056
vt 0.50291 0.09159
vt 0.57272 0.53356
vt 0.56550 0.53008
vt 0.84487 0.50047
vt 0.83828 0.50513
vt 0.94150 0.26598
vt 0.94050 0.27393
vt 0.78822 0.06274
vt 0.79355 0.06891
vt 0.50409 0.10132
vt 0.51159 0.09997
vt 0.56880 0.52045
vt 0.57577 0.52403
vt 0.83221 0.49636
vt 0.83882 0.49190
vt 0.92976 0.27262
vt 0.93086 0.26475
vt 0.78524 0.07581
vt 0.78017 0.06962
vt 0.51262 0.11038
vt 0.50530 0.11142
vt 0.57162 0.51072
vt 0.57893 0.51442
vt 0.82597 0.48783
vt 0.83304 0.48301
vt 0.91907 0.27153
vt 0.92022 0.26309
vt 0.77716 0.08297
vt 0.77176 0.07659
vt 0.51400 0.12087
vt 0.50642 0.12200
vt 0.57392 0.50220
vt 0.58187 0.50627
vt 0.82030 0.48056
vt 0.82782 0.47539
vt 0.90968 0.27081
vt 0.91088 0.26179
vt 0.77013 0.08935
vt 0.76421 0.08241
vt 0.51530 0.13015
vt 0.50706 0.13134
vt 0.57620 0.49380
vt 0.58432 0.49847
vt 0.81476 0.47326
vt 0.82290 0.46800
vt 0.90033 0.26993
vt 0.90180 0.26027
vt 0.76307 0.09570
vt 0.75711 0.08824
vt 0.51656 0.13952
vt 0.50796 0.14038
vt 0.58714 0.48949
vt 0.57872 0.48434
vt 0.81699 0.45982
vt 0.80844 0.46508
vt 0.89149 0.25931
vt 0.88973 0.26913
vt 0.74889 0.09506
vt 0.75512 0.10295
vt 0.50890 0.15099
vt 0.51797 0.15024
vt 0.58079 0.47296
vt 0.58941 0.47866
vt 0.80036 0.45611
vt 0.80940 0.45075
vt 0.87726 0.26899
vt 0.87928 0.25869
vt 0.74662 0.11236
vt 0.74011 0.10418
vt 0.52064 0.16273
vt 0.51119 0.16348
vt 0.58323 0.45994
vt 0.59232 0.46652
vt 0.79103 0.44593
vt 0.80108 0.44021
vt 0.86289 0.26898
vt 0.86522 0.25763
vt 0.73713 0.12359
vt 0.73009 0.11483
vt 0.52408 0.17726
vt 0.51387 0.17809
vt 0.58648 0.44899
vt 0.59616 0.45639
vt 0.78330 0.43657
vt 0.79387 0.43062
vt 0.85013 0.26848
vt 0.85238 0.25654
vt 0.72828 0.13326
vt 0.72047 0.12401
vt 0.52654 0.19052
vt 0.51525 0.19167
vt 0.58971 0.44076
vt 0.59916 0.44834
vt 0.77781 0.42883
vt 0.78859 0.42257
vt 0.84005 0.26746
vt 0.84200 0.25504
vt 0.72104 0.14082
vt 0.71297 0.13182
vt 0.52825 0.20129
vt 0.51682 0.20291
vt 0.59342 0.43239
vt 0.60298 0.43998
vt 0.77210 0.42093
vt 0.78302 0.41430
vt 0.82959 0.26660
vt 0.83118 0.25371
vt 0.71366 0.14898
vt 0.70506 0.14044
vt 0.53028 0.21258
vt 0.51850 0.21515
vt 0.59810 0.42249
vt 0.60757 0.43057
vt 0.76475 0.41194
vt 0.77543 0.40571
vt 0.81699 0.26636
vt 0.81839 0.25383
vt 0.70515 0.15915
vt 0.69634 0.15088
vt 0.53314 0.22620
vt 0.52067 0.22936
vt 0.60280 0.41437
vt 0.61187 0.42295
vt 0.75850 0.40387
vt 0.76919 0.39833
vt 0.80578 0.26627
vt 0.80716 0.25397
vt 0.69792 0.16847
vt 0.68906 0.16029
vt 0.53622 0.23800
vt 0.52289 0.24186
vt 0.60781 0.40835
vt 0.61612 0.41677
vt 0.75409 0.39671
vt 0.76453 0.39173
vt 0.79649 0.26565
vt 0.79758 0.25371
vt 0.69160 0.17614
vt 0.68314 0.16874
vt 0.53882 0.24801
vt 0.52563 0.25273
vt 0.54072 0.59994
vt 0.89032 0.56222
vt 0.02366 0.30304
vt 0.84471 0.01466
vt 0.49300 0.03566
vt 0.54896 0.59425
vt 0.88762 0.55180
vt 0.02986 0.29682
vt 0.83602 0.01764
vt 0.49301 0.04395
vt 0.55639 0.58588
vt 0.88257 0.54123
vt 0.03748 0.29019
vt 0.82682 0.02292
vt 0.49352 0.05308
vt 0.56301 0.57598
vt 0.87582 0.53109
vt 0.04720 0.28432
vt 0.81732 0.02946
vt 0.49370 0.06284
vt 0.56778 0.56549
vt 0.86884 0.52144
vt 0.05938 0.28140
vt 0.05824 0.27400
vt 0.80818 0.03645
vt 0.49404 0.07310
vt 0.57299 0.55597
vt 0.86317 0.51228
vt 0.07151 0.28027
vt 0.07053 0.27256
vt 0.79880 0.04242
vt 0.49379 0.08316
vt 0.57661 0.54727
vt 0.85909 0.50395
vt 0.08170 0.27733
vt 0.08037 0.26921
vt 0.79138 0.04913
vt 0.49523 0.09193
vt 0.57940 0.53756
vt 0.85154 0.49672
vt 0.09225 0.27495
vt 0.09130 0.26734
vt 0.78385 0.05637
vt 0.49683 0.10157
vt 0.58199 0.52773
vt 0.84505 0.48846
vt 0.10274 0.27221
vt 0.10174 0.26512
vt 0.77607 0.06367
vt 0.49857 0.11163
vt 0.58578 0.51813
vt 0.84006 0.47861
vt 0.11392 0.27037
vt 0.11259 0.26253
vt 0.76703 0.07030
vt 0.49923 0.12248
vt 0.58885 0.50998
vt 0.83437 0.47106
vt 0.12353 0.26918
vt 0.12229 0.26127
vt 0.75929 0.07609
vt 0.49977 0.13188
vt 0.59122 0.50249
vt 0.82995 0.46361
vt 0.13222 0.26774
vt 0.13148 0.25953
vt 0.75237 0.08172
vt 0.50066 0.14058
vt 0.59387 0.49399
vt 0.82398 0.45593
vt 0.14233 0.26673
vt 0.14221 0.25869
vt 0.74442 0.08830
vt 0.50156 0.15072
vt 0.59690 0.48373
vt 0.81728 0.44630
vt 0.15468 0.26523
vt 0.15434 0.25613
vt 0.73480 0.09678
vt 0.50294 0.16341
vt 0.60061 0.47285
vt 0.81071 0.43515
vt 0.16825 0.26356
vt 0.16836 0.25308
vt 0.72426 0.10634
vt 0.50447 0.17769
vt 0.60371 0.46279
vt 0.80226 0.42623
vt 0.18087 0.26248
vt 0.18098 0.25269
vt 0.71479 0.11592
vt 0.50601 0.19123
vt 0.60688 0.45472
vt 0.79756 0.41745
vt 0.19158 0.26112
vt 0.19085 0.25089
vt 0.70655 0.12415
vt 0.50743 0.20323
vt 0.61048 0.44652
vt 0.79243 0.40867
vt 0.20263 0.25943
vt 0.20245 0.24928
vt 0.69862 0.13304
vt 0.50914 0.21570
vt 0.61467 0.43780
vt 0.78431 0.40088
vt 0.21475 0.25935
vt 0.21535 0.24950
vt 0.69014 0.14309
vt 0.51050 0.22952
vt 0.61762 0.42992
vt 0.77702 0.39480
vt 0.22493 0.25906
vt 0.22485 0.25033
vt 0.68353 0.15315
vt 0.51281 0.24238
vt 0.62116 0.42407
vt 0.77367 0.38847
vt 0.23310 0.25827
vt 0.23157 0.24906
vt 0.67776 0.16149
vt 0.51457 0.25385
vt 0.62323 0.41182
vt 0.62738 0.42035
vt 0.76048 0.38388
vt 0.76957 0.38235
vt 0.78714 0.25291
vt 0.24175 0.25785
vt 0.23851 0.24894
vt 0.67530 0.17760
vt 0.67030 0.16937
vt 0.52796 0.26551
vt 0.51517 0.26657
vt 0.63506 0.40326
vt 0.75370 0.37042
vt 0.76923 0.25287
vt 0.66404 0.19468
vt 0.53804 0.28561
vt 0.63738 0.41736
vt 0.76840 0.37310
vt 0.25167 0.25360
vt 0.24664 0.24032
vt 0.66019 0.18005
vt 0.51766 0.28428
vt 0.63938 0.38724
vt 0.73972 0.35940
vt 0.75169 0.26240
vt 0.66117 0.21481
vt 0.56119 0.29273
vt 0.64790 0.40608
vt 0.64847 0.39230
vt 0.64698 0.41684
vt 0.75794 0.36043
vt 0.74606 0.35367
vt 0.76799 0.36542
vt 0.75948 0.24642
vt 0.74815 0.25548
vt 0.25963 0.24921
vt 0.25563 0.23986
vt 0.65161 0.20061
vt 0.65223 0.21514
vt 0.65104 0.18859
vt 0.53690 0.30224
vt 0.55662 0.30283
vt 0.52018 0.30016
vt 0.65536 0.40871
vt 0.65452 0.39412
vt 0.76134 0.35512
vt 0.74918 0.34920
vt 0.75477 0.24299
vt 0.74443 0.25177
vt 0.64428 0.20355
vt 0.64625 0.21715
vt 0.53671 0.31201
vt 0.55664 0.30965
vt 0.65465 0.41962
vt 0.76990 0.36103
vt 0.26511 0.24581
vt 0.25909 0.24170
vt 0.64345 0.19279
vt 0.52037 0.31278
vt 0.52698 0.36761
vt 0.52616 0.37948
vt 0.53746 0.38148
vt 0.52933 0.35167
vt 0.51727 0.37838
vt 0.51750 0.36596
vt 0.51758 0.35013
vt 0.69115 0.44359
vt 0.69870 0.45179
vt 0.70568 0.44418
vt 0.68182 0.43226
vt 0.69290 0.45757
vt 0.68556 0.44925
vt 0.67661 0.43913
vt 0.80181 0.34639
vt 0.81194 0.34583
vt 0.81045 0.33516
vt 0.78891 0.34654
vt 0.22716 0.38037
vt 0.22543 0.38835
vt 0.23398 0.39028
vt 0.23720 0.38136
vt 0.79077 0.35519
vt 0.80220 0.35425
vt 0.76191 0.21421
vt 0.76642 0.20678
vt 0.75685 0.20182
vt 0.75611 0.22276
vt 0.25839 0.21361
vt 0.25110 0.21751
vt 0.25526 0.22304
vt 0.26316 0.22006
vt 0.25852 0.22901
vt 0.26733 0.22852
vt 0.60945 0.19252
vt 0.60381 0.18678
vt 0.59661 0.19447
vt 0.61754 0.19935
vt 0.60947 0.18081
vt 0.61450 0.18642
vt 0.62192 0.19161
vt 0.53600 0.39253
vt 0.52580 0.39092
vt 0.51715 0.38950
vt 0.71302 0.45211
vt 0.70637 0.45938
vt 0.70010 0.46513
vt 0.82048 0.33438
vt 0.82201 0.34472
vt 0.21745 0.38044
vt 0.21607 0.38938
vt 0.76166 0.19421
vt 0.77074 0.19915
vt 0.25360 0.20721
vt 0.24567 0.21146
vt 0.59153 0.18755
vt 0.59862 0.18059
vt 0.60499 0.17514
vt 0.52457 0.40064
vt 0.53366 0.40274
vt 0.51661 0.39938
vt 0.71240 0.46656
vt 0.71931 0.46033
vt 0.70635 0.47203
vt 0.83077 0.34375
vt 0.83023 0.33448
vt 0.20890 0.38020
vt 0.20774 0.38816
vt 0.77484 0.19270
vt 0.76728 0.18737
vt 0.24973 0.20108
vt 0.24271 0.20490
vt 0.59542 0.17410
vt 0.58809 0.17969
vt 0.60173 0.16924
vt 0.52412 0.41031
vt 0.53269 0.41210
vt 0.51581 0.40963
vt 0.71902 0.47310
vt 0.72571 0.46691
vt 0.71293 0.47958
vt 0.83964 0.34376
vt 0.83905 0.33394
vt 0.19957 0.38021
vt 0.19891 0.38956
vt 0.77996 0.18669
vt 0.77204 0.18086
vt 0.24503 0.19442
vt 0.23714 0.19951
vt 0.59196 0.16765
vt 0.58465 0.17296
vt 0.59892 0.16222
vt 0.52332 0.42120
vt 0.53199 0.42269
vt 0.51495 0.42026
vt 0.72658 0.48050
vt 0.73326 0.47387
vt 0.72016 0.48702
vt 0.84975 0.34255
vt 0.84874 0.33250
vt 0.18988 0.37926
vt 0.18821 0.38871
vt 0.78503 0.17894
vt 0.77678 0.17320
vt 0.24071 0.18685
vt 0.23222 0.19131
vt 0.58835 0.15993
vt 0.58077 0.16531
vt 0.59568 0.15479
vt 0.52249 0.43247
vt 0.53150 0.43430
vt 0.51461 0.43144
vt 0.73465 0.48807
vt 0.74186 0.48121
vt 0.72854 0.49415
vt 0.86008 0.33993
vt 0.85943 0.33012
vt 0.17961 0.37806
vt 0.17779 0.38638
vt 0.78938 0.17017
vt 0.78157 0.16421
vt 0.23624 0.17873
vt 0.22863 0.18249
vt 0.58488 0.15162
vt 0.57666 0.15668
vt 0.59198 0.14717
vt 0.52177 0.44544
vt 0.53088 0.44787
vt 0.51334 0.44453
vt 0.74431 0.49665
vt 0.75204 0.48991
vt 0.73791 0.50341
vt 0.87267 0.33812
vt 0.87248 0.32802
vt 0.16752 0.37651
vt 0.16625 0.38556
vt 0.79586 0.16031
vt 0.78821 0.15373
vt 0.23087 0.16914
vt 0.22306 0.17388
vt 0.58119 0.14150
vt 0.57233 0.14589
vt 0.58917 0.13690
vt 0.52134 0.46019
vt 0.53022 0.46210
vt 0.51239 0.45908
vt 0.75559 0.50617
vt 0.76287 0.49911
vt 0.74859 0.51372
vt 0.88700 0.33688
vt 0.88638 0.32639
vt 0.15347 0.37548
vt 0.15167 0.38577
vt 0.80406 0.14951
vt 0.79593 0.14288
vt 0.22349 0.15836
vt 0.21448 0.16358
vt 0.57675 0.12946
vt 0.56797 0.13398
vt 0.58566 0.12468
vt 0.52063 0.47354
vt 0.52903 0.47491
vt 0.51202 0.47307
vt 0.76608 0.51472
vt 0.77251 0.50778
vt 0.76005 0.52225
vt 0.90019 0.33463
vt 0.89909 0.32494
vt 0.13986 0.37406
vt 0.13808 0.38385
vt 0.81097 0.13874
vt 0.80318 0.13295
vt 0.21648 0.14753
vt 0.20789 0.15250
vt 0.57251 0.11826
vt 0.56438 0.12268
vt 0.58070 0.11333
vt 0.51995 0.48430
vt 0.52770 0.48521
vt 0.51309 0.48362
vt 0.77464 0.52174
vt 0.78021 0.51507
vt 0.76974 0.52754
vt 0.91106 0.33224
vt 0.90967 0.32384
vt 0.12938 0.37405
vt 0.12786 0.38133
vt 0.81640 0.12955
vt 0.80935 0.12476
vt 0.21009 0.13995
vt 0.20360 0.14358
vt 0.56907 0.10884
vt 0.56171 0.11315
vt 0.57568 0.10518
vt 0.52730 0.49471
vt 0.51933 0.49391
vt 0.51158 0.49301
vt 0.78790 0.52105
vt 0.78241 0.52803
vt 0.77683 0.53459
vt 0.91936 0.32228
vt 0.92109 0.33108
vt 0.12018 0.37169
vt 0.11842 0.38023
vt 0.81467 0.11687
vt 0.82216 0.12172
vt 0.20618 0.13176
vt 0.19864 0.13611
vt 0.55844 0.10471
vt 0.56598 0.10017
vt 0.57346 0.09619
vt 0.52636 0.50564
vt 0.51887 0.50456
vt 0.51079 0.50375
vt 0.79653 0.52836
vt 0.79119 0.53480
vt 0.78557 0.54187
vt 0.93062 0.32096
vt 0.93214 0.32941
vt 0.10937 0.36982
vt 0.10733 0.37872
vt 0.82128 0.10801
vt 0.82838 0.11282
vt 0.20078 0.12268
vt 0.19274 0.12707
vt 0.55497 0.09459
vt 0.56211 0.09056
vt 0.56984 0.08618
vt 0.52446 0.51700
vt 0.51711 0.51619
vt 0.50950 0.51625
vt 0.80524 0.53664
vt 0.80033 0.54313
vt 0.79599 0.55025
vt 0.94264 0.31989
vt 0.94457 0.32789
vt 0.09531 0.37488
vt 0.09683 0.36656
vt 0.82866 0.09879
vt 0.83569 0.10301
vt 0.18798 0.11574
vt 0.19525 0.11140
vt 0.55175 0.08345
vt 0.55857 0.07929
vt 0.56524 0.07438
vt 0.52305 0.52727
vt 0.51656 0.52734
vt 0.50975 0.52789
vt 0.81353 0.54359
vt 0.80996 0.54974
vt 0.80666 0.55650
vt 0.95335 0.31842
vt 0.95624 0.32553
vt 0.08483 0.36479
vt 0.08329 0.37229
vt 0.83494 0.09021
vt 0.84201 0.09321
vt 0.18909 0.10131
vt 0.18230 0.10511
vt 0.54799 0.07368
vt 0.55335 0.06925
vt 0.55899 0.06431
vt 0.51367 0.53834
vt 0.52081 0.53763
vt 0.50816 0.53860
vt 0.81888 0.55768
vt 0.82195 0.55103
vt 0.81638 0.56256
vt 0.96691 0.32187
vt 0.96406 0.31586
vt 0.07457 0.35974
vt 0.07353 0.36445
vt 0.84691 0.08328
vt 0.84057 0.08093
vt 0.18691 0.09021
vt 0.18240 0.09268
vt 0.54935 0.05814
vt 0.54426 0.06324
vt 0.55323 0.05457
vt 0.52016 0.54861
vt 0.51398 0.54894
vt 0.50939 0.54944
vt 0.83165 0.55799
vt 0.82882 0.56381
vt 0.82684 0.56820
vt 0.97567 0.31320
vt 0.97818 0.31895
vt 0.06209 0.36402
vt 0.06259 0.35917
vt 0.84698 0.07096
vt 0.85274 0.07351
vt 0.17634 0.08447
vt 0.17996 0.08150
vt 0.53931 0.05251
vt 0.54385 0.04756
vt 0.54664 0.04339
vt 0.51940 0.55987
vt 0.51417 0.55963
vt 0.50935 0.56020
vt 0.84162 0.56521
vt 0.83884 0.57008
vt 0.83672 0.57502
vt 0.98769 0.31027
vt 0.98949 0.31528
vt 0.04987 0.35727
vt 0.04722 0.36297
vt 0.85409 0.06054
vt 0.85879 0.06302
vt 0.17323 0.07193
vt 0.16962 0.07517
vt 0.53266 0.04235
vt 0.53591 0.03867
vt 0.53856 0.03292
vt 0.52019 0.56937
vt 0.51623 0.56977
vt 0.51157 0.57021
vt 0.85068 0.56999
vt 0.84887 0.57447
vt 0.84646 0.58042
vt 0.03298 0.36150
vt 0.04044 0.36814
vt 0.03651 0.35796
vt 0.04030 0.35333
vt 0.85972 0.05120
vt 0.86492 0.05294
vt 0.16499 0.06354
vt 0.15988 0.06686
vt 0.52601 0.03429
vt 0.52842 0.03022
vt 0.53096 0.02456
vt 0.52015 0.57796
vt 0.51610 0.57848
vt 0.51080 0.57953
vt 0.85867 0.57390
vt 0.85709 0.57831
vt 0.85553 0.58427
vt 0.02677 0.35462
vt 0.02974 0.35159
vt 0.03307 0.34712
vt 0.86279 0.04243
vt 0.86766 0.04329
vt 0.15596 0.05595
vt 0.16192 0.05343
vt 0.51936 0.02829
vt 0.52129 0.02430
vt 0.52319 0.01893
vt 0.51580 0.58552
vt 0.51917 0.58347
vt 0.51143 0.58805
vt 0.86409 0.58115
vt 0.86363 0.57695
vt 0.86480 0.58648
vt 0.02447 0.34602
vt 0.02325 0.34968
vt 0.02598 0.34143
vt 0.86905 0.03507
vt 0.86497 0.03644
vt 0.16025 0.04423
vt 0.15563 0.04722
vt 0.51443 0.02003
vt 0.51477 0.02425
vt 0.51377 0.01462
vt 0.53732 0.32747
vt 0.66710 0.41417
vt 0.76933 0.34803
vt 0.74971 0.23628
vt 0.63245 0.20672
vt 0.56051 0.31810
vt 0.66217 0.39417
vt 0.75157 0.34269
vt 0.73835 0.24796
vt 0.63877 0.22187
vt 0.51889 0.32880
vt 0.66415 0.42660
vt 0.77666 0.35754
vt 0.25752 0.23785
vt 0.26816 0.23914
vt 0.63396 0.19447
vt 0.15351 0.04199
vt 0.15836 0.03747
vt 0.50796 0.58900
vt 0.50891 0.59654
vt 0.50691 0.57974
vt 0.86468 0.59048
vt 0.87264 0.59152
vt 0.85407 0.58917
vt 0.02782 0.33853
vt 0.02215 0.33365
vt 0.03582 0.34383
vt 0.16396 0.04285
vt 0.16275 0.03532
vt 0.16673 0.05216
vt 0.51413 0.01062
vt 0.50447 0.00857
vt 0.52454 0.01483
vt 0.51256 0.60694
vt 0.88304 0.59101
vt 0.01497 0.32677
vt 0.87612 0.01826
vt 0.87021 0.00951
vt 0.48880 0.01194
vt 0.52426 0.60850
vt 0.89010 0.58292
vt 0.01831 0.31794
vt 0.86041 0.00845
vt 0.48852 0.02102
vt 0.53292 0.60762
vt 0.89340 0.57500
vt 0.02183 0.31214
vt 0.85268 0.00849
vt 0.48874 0.02784
vt 0.54247 0.60531
vt 0.17026 0.59418
vt 0.16943 0.58523
vt 0.16386 0.58434
vt 0.16499 0.59378
vt 0.02682 0.30658
vt 0.84400 0.00894
vt 0.48850 0.03510
vt 0.55188 0.59920
vt 0.17143 0.57498
vt 0.16588 0.57312
vt 0.03341 0.30131
vt 0.83444 0.01168
vt 0.48830 0.04354
vt 0.56023 0.59024
vt 0.17542 0.56440
vt 0.17002 0.56167
vt 0.04172 0.29626
vt 0.82452 0.01715
vt 0.48853 0.05277
vt 0.56728 0.57964
vt 0.18132 0.55406
vt 0.17682 0.55113
vt 0.05216 0.29136
vt 0.81465 0.02462
vt 0.48878 0.06269
vt 0.57218 0.56850
vt 0.18814 0.54416
vt 0.18384 0.54130
vt 0.06143 0.28705
vt 0.80537 0.03184
vt 0.48913 0.07307
vt 0.57687 0.55787
vt 0.19066 0.53285
vt 0.19424 0.53444
vt 0.07305 0.28433
vt 0.79637 0.03909
vt 0.48994 0.08364
vt 0.58085 0.54957
vt 0.19779 0.52593
vt 0.19354 0.52322
vt 0.08282 0.28212
vt 0.78870 0.04553
vt 0.49086 0.09214
vt 0.58434 0.54091
vt 0.20356 0.51810
vt 0.19948 0.51448
vt 0.09272 0.28048
vt 0.78106 0.05160
vt 0.49162 0.10123
vt 0.58742 0.53086
vt 0.20897 0.50900
vt 0.20385 0.50562
vt 0.10357 0.27836
vt 0.77263 0.05850
vt 0.49275 0.11166
vt 0.59134 0.52137
vt 0.21447 0.49981
vt 0.20897 0.49595
vt 0.11461 0.27677
vt 0.76353 0.06492
vt 0.49334 0.12236
vt 0.59411 0.51317
vt 0.21962 0.49234
vt 0.21486 0.48866
vt 0.12397 0.27538
vt 0.75601 0.07089
vt 0.49411 0.13162
vt 0.59638 0.50556
vt 0.22362 0.48498
vt 0.21869 0.48126
vt 0.13259 0.27376
vt 0.74908 0.07670
vt 0.49525 0.14034
vt 0.59871 0.49712
vt 0.22883 0.47709
vt 0.22448 0.47343
vt 0.14242 0.27246
vt 0.74136 0.08343
vt 0.49633 0.15030
vt 0.60188 0.48670
vt 0.23530 0.46689
vt 0.23056 0.46364
vt 0.15517 0.27104
vt 0.73127 0.09216
vt 0.49764 0.16340
vt 0.60578 0.47646
vt 0.24166 0.45602
vt 0.23646 0.45199
vt 0.16842 0.26972
vt 0.72055 0.10127
vt 0.49886 0.17735
vt 0.60848 0.46661
vt 0.24875 0.44683
vt 0.24412 0.44319
vt 0.18096 0.26877
vt 0.71116 0.11084
vt 0.50012 0.19076
vt 0.61226 0.45937
vt 0.25358 0.43809
vt 0.24735 0.43434
vt 0.19189 0.26825
vt 0.70220 0.11850
vt 0.50080 0.20286
vt 0.61688 0.45201
vt 0.25818 0.42858
vt 0.25128 0.42358
vt 0.20303 0.26733
vt 0.69328 0.12678
vt 0.50170 0.21552
vt 0.62034 0.44326
vt 0.26500 0.41972
vt 0.25923 0.41468
vt 0.21494 0.26677
vt 0.68520 0.13717
vt 0.50280 0.22898
vt 0.62215 0.43552
vt 0.27001 0.41242
vt 0.26481 0.40838
vt 0.22513 0.26586
vt 0.67924 0.14722
vt 0.50483 0.24158
vt 0.62491 0.42988
vt 0.27261 0.40561
vt 0.26645 0.40216
vt 0.23395 0.26465
vt 0.67372 0.15582
vt 0.50646 0.25330
vt 0.62906 0.42588
vt 0.27569 0.39944
vt 0.26984 0.39759
vt 0.24280 0.26377
vt 0.66766 0.16338
vt 0.50683 0.26517
vt 0.63715 0.42541
vt 0.27701 0.39082
vt 0.26853 0.38970
vt 0.25392 0.26114
vt 0.65826 0.17115
vt 0.50595 0.28127
vt 0.64546 0.42581
vt 0.27645 0.38201
vt 0.26842 0.38285
vt 0.26371 0.25611
vt 0.64974 0.17867
vt 0.50630 0.29740
vt 0.63635 0.43446
vt 0.63247 0.43456
vt 0.64351 0.43591
vt 0.28662 0.39260
vt 0.28424 0.40242
vt 0.28590 0.38042
vt 0.25607 0.27013
vt 0.24443 0.27270
vt 0.26894 0.26411
vt 0.65485 0.16150
vt 0.66239 0.15492
vt 0.64593 0.16904
vt 0.49293 0.27704
vt 0.49442 0.26243
vt 0.49130 0.29489
vt 0.63120 0.43811
vt 0.28136 0.40952
vt 0.23553 0.27397
vt 0.66716 0.14785
vt 0.49468 0.25148
vt 0.62901 0.44220
vt 0.27803 0.41708
vt 0.22612 0.27523
vt 0.67281 0.13989
vt 0.49409 0.24004
vt 0.62857 0.44916
vt 0.27381 0.42492
vt 0.21631 0.27663
vt 0.67779 0.13025
vt 0.49273 0.22847
vt 0.62601 0.45969
vt 0.26823 0.43470
vt 0.20414 0.27813
vt 0.68557 0.11816
vt 0.49136 0.21468
vt 0.61859 0.46593
vt 0.26096 0.44337
vt 0.19195 0.27705
vt 0.69723 0.11093
vt 0.49247 0.20154
vt 0.61442 0.47111
vt 0.25490 0.45145
vt 0.18107 0.27662
vt 0.70675 0.10461
vt 0.49279 0.18984
vt 0.61333 0.48068
vt 0.24877 0.46086
vt 0.16915 0.27795
vt 0.71516 0.09471
vt 0.49132 0.17707
vt 0.60832 0.49061
vt 0.24147 0.47127
vt 0.15569 0.27857
vt 0.72690 0.08601
vt 0.49074 0.16302
vt 0.60510 0.50083
vt 0.23451 0.48163
vt 0.14266 0.27979
vt 0.73742 0.07726
vt 0.48963 0.14961
vt 0.60258 0.50993
vt 0.22902 0.49014
vt 0.13218 0.28118
vt 0.74583 0.06990
vt 0.48854 0.13895
vt 0.59965 0.51749
vt 0.22447 0.49735
vt 0.12340 0.28242
vt 0.75336 0.06441
vt 0.48773 0.13010
vt 0.59757 0.52545
vt 0.22022 0.50460
vt 0.11484 0.28411
vt 0.76009 0.05836
vt 0.48657 0.12153
vt 0.59362 0.53475
vt 0.21476 0.51350
vt 0.10420 0.28571
vt 0.76901 0.05207
vt 0.48584 0.11109
vt 0.58891 0.54689
vt 0.20749 0.52464
vt 0.09067 0.28761
vt 0.78001 0.04396
vt 0.48515 0.09810
vt 0.58422 0.55167
vt 0.20173 0.52854
vt 0.08369 0.28639
vt 0.78672 0.04221
vt 0.48695 0.09197
vt 0.58288 0.55913
vt 0.20035 0.53584
vt 0.07702 0.28988
vt 0.79174 0.03624
vt 0.48432 0.08525
vt 0.57686 0.57119
vt 0.19299 0.54714
vt 0.06362 0.29230
vt 0.80224 0.02805
vt 0.48401 0.07274
vt 0.57159 0.58335
vt 0.18676 0.55725
vt 0.05329 0.29598
vt 0.81180 0.02007
vt 0.48360 0.06198
vt 0.56462 0.59476
vt 0.18143 0.56709
vt 0.04421 0.30079
vt 0.82145 0.01189
vt 0.48312 0.05217
vt 0.55510 0.60378
vt 0.17707 0.57652
vt 0.03635 0.30495
vt 0.83227 0.00662
vt 0.48362 0.04312
vt 0.54433 0.61035
vt 0.17497 0.58559
vt 0.03018 0.30971
vt 0.84305 0.00345
vt 0.48403 0.03491
vt 0.53396 0.61237
vt 0.17524 0.59305
vt 0.02557 0.31441
vt 0.85223 0.00335
vt 0.48444 0.02829
vt 0.52514 0.61370
vt 0.17797 0.59896
vt 0.17262 0.60198
vt 0.02319 0.31959
vt 0.86000 0.00289
vt 0.48318 0.02269
vt 0.51616 0.61470
vt 0.17896 0.60927
vt 0.18367 0.60399
vt 0.02239 0.32612
vt 0.86803 0.00195
vt 0.48009 0.01693
vt 0.50312 0.60261
vt 0.50420 0.59569
vt 0.18806 0.61095
vt 0.19062 0.60661
vt 0.02589 0.33160
vt 0.16827 0.02842
vt 0.16158 0.02585
vt 0.16736 0.03551
vt 0.47533 0.01064
vt 0.47173 0.01505
vt 0.50380 0.58885
vt 0.86350 0.59479
vt 0.87085 0.59582
vt 0.03085 0.33571
vt 0.16850 0.04218
vt 0.51612 0.00653
vt 0.50782 0.00445
vt 0.50201 0.58013
vt 0.85269 0.59436
vt 0.03859 0.33979
vt 0.17202 0.05040
vt 0.52789 0.00943
vt 0.41216 0.41042
vt 0.42045 0.40262
vt 0.41430 0.39696
vt 0.40742 0.40718
vt 0.41436 0.41424
vt 0.42359 0.40781
vt 0.29443 0.40718
vt 0.29769 0.39598
vt 0.29127 0.41483
vt 0.24502 0.28396
vt 0.25769 0.28153
vt 0.23601 0.28518
vt 0.36214 0.18367
vt 0.35123 0.18827
vt 0.35867 0.20005
vt 0.36988 0.19462
vt 0.35683 0.17504
vt 0.34605 0.17972
vt 0.48064 0.25665
vt 0.47810 0.27044
vt 0.48164 0.24680
vt 0.41650 0.41903
vt 0.42615 0.41363
vt 0.28781 0.42248
vt 0.22694 0.28642
vt 0.35052 0.16597
vt 0.34045 0.17117
vt 0.48178 0.23674
vt 0.41762 0.42540
vt 0.42815 0.42063
vt 0.28380 0.43058
vt 0.21731 0.28780
vt 0.34406 0.15597
vt 0.33434 0.16203
vt 0.48131 0.22610
vt 0.41829 0.43472
vt 0.42949 0.43000
vt 0.27811 0.44017
vt 0.20541 0.28886
vt 0.33656 0.14359
vt 0.32710 0.15113
vt 0.48089 0.21316
vt 0.43034 0.44094
vt 0.41935 0.44457
vt 0.27069 0.44970
vt 0.19259 0.28838
vt 0.31925 0.13935
vt 0.32855 0.13233
vt 0.48171 0.19968
vt 0.42039 0.45393
vt 0.43105 0.45077
vt 0.26433 0.45792
vt 0.18166 0.28810
vt 0.32093 0.12254
vt 0.31210 0.12955
vt 0.48204 0.18822
vt 0.42136 0.46472
vt 0.43212 0.46172
vt 0.25783 0.46723
vt 0.16979 0.28877
vt 0.31250 0.11221
vt 0.30386 0.11942
vt 0.48136 0.17580
vt 0.42344 0.47713
vt 0.43370 0.47400
vt 0.25044 0.47747
vt 0.15659 0.28935
vt 0.30230 0.10140
vt 0.29442 0.10880
vt 0.48083 0.16218
vt 0.42562 0.48957
vt 0.43578 0.48723
vt 0.24284 0.48836
vt 0.14287 0.29046
vt 0.29218 0.09130
vt 0.28408 0.09820
vt 0.47986 0.14812
vt 0.42779 0.49974
vt 0.43787 0.49917
vt 0.23596 0.49800
vt 0.13070 0.29155
vt 0.28379 0.08360
vt 0.27479 0.08910
vt 0.47908 0.13579
vt 0.43010 0.50823
vt 0.43986 0.50878
vt 0.23047 0.50574
vt 0.12099 0.29250
vt 0.27650 0.07759
vt 0.26723 0.08208
vt 0.47856 0.12605
vt 0.43244 0.51666
vt 0.44174 0.51669
vt 0.22613 0.51223
vt 0.11306 0.29357
vt 0.26937 0.07176
vt 0.26090 0.07650
vt 0.47795 0.11813
vt 0.43555 0.52732
vt 0.44434 0.52638
vt 0.22089 0.52021
vt 0.10340 0.29485
vt 0.26049 0.06460
vt 0.25308 0.06989
vt 0.47740 0.10856
vt 0.43981 0.54110
vt 0.44817 0.53993
vt 0.21334 0.53109
vt 0.09006 0.29638
vt 0.24933 0.05545
vt 0.24238 0.06071
vt 0.47712 0.09552
vt 0.45271 0.55403
vt 0.44513 0.55432
vt 0.45099 0.56825
vt 0.45599 0.56731
vt 0.20507 0.54212
vt 0.19737 0.55127
vt 0.07615 0.29770
vt 0.06388 0.29762
vt 0.23117 0.05142
vt 0.23773 0.04748
vt 0.22595 0.03895
vt 0.22184 0.04222
vt 0.47736 0.08216
vt 0.47922 0.07084
vt 0.45664 0.58023
vt 0.46109 0.57902
vt 0.19119 0.56085
vt 0.05347 0.29992
vt 0.21609 0.03136
vt 0.21273 0.03441
vt 0.47950 0.06029
vt 0.46341 0.59093
vt 0.46770 0.58864
vt 0.18568 0.57006
vt 0.04528 0.30424
vt 0.20587 0.02524
vt 0.20330 0.02887
vt 0.47910 0.05068
vt 0.47127 0.59993
vt 0.47413 0.59657
vt 0.18126 0.57803
vt 0.03837 0.30779
vt 0.19601 0.02027
vt 0.19492 0.02428
vt 0.48002 0.04250
vt 0.48014 0.60608
vt 0.48122 0.60173
vt 0.17926 0.58551
vt 0.03288 0.31191
vt 0.18652 0.01766
vt 0.18705 0.02212
vt 0.48065 0.03528
vt 0.48845 0.60801
vt 0.48784 0.60325
vt 0.17968 0.59159
vt 0.02921 0.31609
vt 0.17867 0.01864
vt 0.18075 0.02300
vt 0.48055 0.02956
vt 0.49560 0.60677
vt 0.49346 0.60225
vt 0.18200 0.59633
vt 0.02734 0.32041
vt 0.17284 0.02215
vt 0.17608 0.02582
vt 0.47911 0.02507
vt 0.49842 0.59898
vt 0.18654 0.60005
vt 0.02724 0.32540
vt 0.17279 0.03064
vt 0.47575 0.02123
vt 0.49988 0.59354
vt 0.19234 0.60188
vt 0.03002 0.32983
vt 0.17196 0.03646
vt 0.46951 0.02034
vt 0.49947 0.58738
vt 0.19835 0.60536
vt 0.19874 0.60058
vt 0.03456 0.33316
vt 0.17333 0.04234
vt 0.46229 0.01837
vt 0.46240 0.02348
vt 0.49722 0.57920
vt 0.20764 0.60185
vt 0.20648 0.59645
vt 0.04191 0.33590
vt 0.17749 0.04952
vt 0.45278 0.02474
vt 0.45503 0.03037
vt 0.50679 0.57083
vt 0.84422 0.58552
vt 0.04338 0.34947
vt 0.16966 0.06104
vt 0.53294 0.01960
vt 0.50805 0.56055
vt 0.83536 0.57800
vt 0.05115 0.35437
vt 0.17436 0.07075
vt 0.53861 0.02487
vt 0.50597 0.54972
vt 0.82495 0.57157
vt 0.06344 0.35530
vt 0.18275 0.07943
vt 0.54813 0.03966
vt 0.50736 0.53869
vt 0.81600 0.56332
vt 0.07491 0.35826
vt 0.18767 0.08978
vt 0.55379 0.05393
vt 0.50520 0.52845
vt 0.80460 0.56146
vt 0.08563 0.35963
vt 0.19342 0.09855
vt 0.56284 0.06051
vt 0.50430 0.51652
vt 0.79311 0.55528
vt 0.09780 0.36075
vt 0.20025 0.10826
vt 0.56981 0.07086
vt 0.50368 0.50325
vt 0.78060 0.54807
vt 0.11126 0.36203
vt 0.20789 0.11894
vt 0.57673 0.08246
vt 0.50402 0.48991
vt 0.76930 0.53946
vt 0.12455 0.36368
vt 0.21502 0.12976
vt 0.58169 0.09463
vt 0.50817 0.48329
vt 0.76630 0.53174
vt 0.13045 0.36875
vt 0.21481 0.13733
vt 0.58040 0.10258
vt 0.50429 0.47569
vt 0.75718 0.53071
vt 0.13854 0.36516
vt 0.22256 0.14094
vt 0.58694 0.10680
vt 0.50488 0.45907
vt 0.74318 0.52061
vt 0.15445 0.36706
vt 0.23072 0.15381
vt 0.59334 0.12031
vt 0.50638 0.44394
vt 0.73262 0.50882
vt 0.16886 0.36903
vt 0.23759 0.16553
vt 0.59583 0.13343
vt 0.50699 0.43084
vt 0.72274 0.50008
vt 0.18111 0.36992
vt 0.24363 0.17499
vt 0.59888 0.14300
vt 0.50701 0.41983
vt 0.71410 0.49337
vt 0.19123 0.37044
vt 0.24861 0.18269
vt 0.60282 0.14993
vt 0.50779 0.40853
vt 0.70633 0.48537
vt 0.20144 0.37145
vt 0.25320 0.19076
vt 0.60616 0.15759
vt 0.50834 0.39834
vt 0.69988 0.47738
vt 0.21064 0.37183
vt 0.25745 0.19772
vt 0.60828 0.16438
vt 0.50817 0.38830
vt 0.69318 0.47070
vt 0.21945 0.37161
vt 0.26194 0.20392
vt 0.61166 0.16951
vt 0.50788 0.37701
vt 0.68604 0.46295
vt 0.22923 0.37163
vt 0.26669 0.21101
vt 0.61567 0.17497
vt 0.50777 0.36444
vt 0.67905 0.45440
vt 0.23936 0.37222
vt 0.27107 0.21869
vt 0.61983 0.18024
vt 0.50668 0.34827
vt 0.67041 0.44442
vt 0.24944 0.37958
vt 0.25177 0.37100
vt 0.27516 0.22888
vt 0.62621 0.18471
vt 0.50612 0.32823
vt 0.66077 0.43327
vt 0.26257 0.37879
vt 0.26531 0.37122
vt 0.27560 0.24138
vt 0.63529 0.18706
vt 0.50563 0.31208
vt 0.65274 0.42805
vt 0.26750 0.37955
vt 0.27363 0.37471
vt 0.27144 0.25046
vt 0.64275 0.18383
vt 0.48696 0.31246
vt 0.64996 0.43972
vt 0.28232 0.36816
vt 0.28126 0.25645
vt 0.63832 0.17269
vt 0.49257 0.33008
vt 0.65722 0.44037
vt 0.26885 0.36337
vt 0.28406 0.24261
vt 0.63458 0.17953
vt 0.49516 0.34880
vt 0.66383 0.45035
vt 0.25448 0.36223
vt 0.28327 0.22865
vt 0.62981 0.17688
vt 0.49696 0.36428
vt 0.67158 0.46010
vt 0.24181 0.36247
vt 0.27976 0.21731
vt 0.62553 0.17309
vt 0.49749 0.37629
vt 0.67796 0.46845
vt 0.23181 0.36196
vt 0.27589 0.20896
vt 0.62268 0.16859
vt 0.49799 0.38726
vt 0.68468 0.47651
vt 0.22219 0.36172
vt 0.27159 0.20129
vt 0.61961 0.16346
vt 0.49842 0.39732
vt 0.69176 0.48307
vt 0.21325 0.36179
vt 0.26718 0.19451
vt 0.61644 0.15934
vt 0.49832 0.40772
vt 0.69812 0.49169
vt 0.20380 0.36144
vt 0.26272 0.18711
vt 0.61508 0.15247
vt 0.49789 0.41919
vt 0.70660 0.50072
vt 0.19335 0.36059
vt 0.25790 0.17873
vt 0.61156 0.14455
vt 0.49802 0.43019
vt 0.71593 0.50699
vt 0.18316 0.36029
vt 0.25263 0.17097
vt 0.60716 0.13842
vt 0.49814 0.44309
vt 0.72604 0.51469
vt 0.17101 0.36012
vt 0.24598 0.16181
vt 0.60390 0.13033
vt 0.49601 0.45792
vt 0.73553 0.52771
vt 0.15713 0.35728
vt 0.24008 0.14976
vt 0.60307 0.11655
vt 0.49624 0.47480
vt 0.75105 0.53736
vt 0.14085 0.35634
vt 0.23084 0.13711
vt 0.59497 0.10304
vt 0.49620 0.49007
vt 0.49615 0.50324
vt 0.76414 0.54622
vt 0.77557 0.55498
vt 0.12593 0.35507
vt 0.11293 0.35369
vt 0.22250 0.12526
vt 0.21526 0.11477
vt 0.58914 0.09073
vt 0.58414 0.07836
vt 0.09939 0.35341
vt 0.20681 0.10457
vt 0.57598 0.06679
vt 0.49756 0.51662
vt 0.78909 0.56151
vt 0.08714 0.35154
vt 0.20028 0.09430
vt 0.56902 0.05473
vt 0.49811 0.52893
vt 0.80117 0.56924
vt 0.07650 0.35232
vt 0.19290 0.08693
vt 0.55822 0.05048
vt 0.50125 0.53890
vt 0.81324 0.56831
vt 0.06611 0.35020
vt 0.18770 0.07766
vt 0.55313 0.03988
vt 0.50079 0.54913
vt 0.82127 0.57513
vt 0.05483 0.34867
vt 0.18062 0.06780
vt 0.54715 0.02470
vt 0.50165 0.56051
vt 0.83160 0.58229
vt 0.04731 0.34341
vt 0.17704 0.05862
vt 0.53944 0.01585
vt 0.49999 0.57052
vt 0.84018 0.59169
vt 0.05060 0.33842
vt 0.18304 0.05743
vt 0.44533 0.03297
vt 0.44905 0.03964
vt 0.49488 0.56964
vt 0.21677 0.59674
vt 0.21445 0.59035
vt 0.05909 0.34215
vt 0.18778 0.06647
vt 0.44046 0.04215
vt 0.44423 0.05020
vt 0.49502 0.55926
vt 0.22491 0.58982
vt 0.22261 0.58345
vt 0.07006 0.34335
vt 0.19488 0.07583
vt 0.43483 0.05631
vt 0.43958 0.06243
vt 0.49398 0.54781
vt 0.23389 0.58256
vt 0.23155 0.57585
vt 0.08057 0.34409
vt 0.20136 0.08433
vt 0.43040 0.06792
vt 0.43637 0.07362
vt 0.49292 0.53735
vt 0.24240 0.57638
vt 0.23976 0.56882
vt 0.09068 0.34323
vt 0.20864 0.09136
vt 0.42616 0.07742
vt 0.43409 0.08370
vt 0.49015 0.52766
vt 0.25084 0.57124
vt 0.24712 0.56211
vt 0.10276 0.34389
vt 0.21610 0.10081
vt 0.42354 0.09039
vt 0.43213 0.09602
vt 0.48870 0.51557
vt 0.26022 0.56253
vt 0.25583 0.55354
vt 0.11529 0.34375
vt 0.22433 0.11012
vt 0.42126 0.10424
vt 0.43077 0.10881
vt 0.48707 0.50306
vt 0.27035 0.55307
vt 0.26473 0.54432
vt 0.12853 0.34425
vt 0.23249 0.12036
vt 0.41959 0.11755
vt 0.42978 0.12214
vt 0.48630 0.48964
vt 0.28026 0.54362
vt 0.27418 0.53443
vt 0.14338 0.34488
vt 0.24142 0.13192
vt 0.41777 0.13223
vt 0.42871 0.13672
vt 0.48576 0.47446
vt 0.29188 0.53284
vt 0.28500 0.52336
vt 0.15901 0.34580
vt 0.25041 0.14427
vt 0.41564 0.14721
vt 0.42742 0.15145
vt 0.48562 0.45825
vt 0.30456 0.52130
vt 0.29657 0.51181
vt 0.17325 0.34729
vt 0.25769 0.15603
vt 0.41486 0.16012
vt 0.42673 0.16451
vt 0.48635 0.44331
vt 0.31488 0.50998
vt 0.30652 0.50057
vt 0.18550 0.34777
vt 0.26433 0.16573
vt 0.41420 0.17049
vt 0.42605 0.17541
vt 0.48633 0.43037
vt 0.32363 0.50017
vt 0.31518 0.49067
vt 0.19566 0.34819
vt 0.26958 0.17385
vt 0.41294 0.17852
vt 0.42514 0.18395
vt 0.48622 0.41959
vt 0.33132 0.49214
vt 0.32224 0.48245
vt 0.20610 0.34856
vt 0.27480 0.18228
vt 0.41197 0.18649
vt 0.42441 0.19242
vt 0.48599 0.40846
vt 0.33856 0.48335
vt 0.32892 0.47365
vt 0.21587 0.34843
vt 0.27983 0.19009
vt 0.41209 0.19363
vt 0.42399 0.20021
vt 0.48517 0.39816
vt 0.34397 0.47442
vt 0.33448 0.46476
vt 0.22499 0.34838
vt 0.28426 0.19751
vt 0.41098 0.19940
vt 0.42292 0.20703
vt 0.48430 0.38835
vt 0.34993 0.46647
vt 0.33999 0.45650
vt 0.23408 0.34873
vt 0.28807 0.20529
vt 0.41001 0.20534
vt 0.42124 0.21327
vt 0.48351 0.37842
vt 0.35555 0.45724
vt 0.34545 0.44825
vt 0.24364 0.34924
vt 0.29140 0.21401
vt 0.40882 0.21079
vt 0.41833 0.21924
vt 0.48228 0.36796
vt 0.36178 0.44745
vt 0.35123 0.43937
vt 0.25639 0.34936
vt 0.29531 0.22587
vt 0.40512 0.21577
vt 0.41350 0.22638
vt 0.47945 0.35403
vt 0.36935 0.43450
vt 0.35845 0.42716
vt 0.27176 0.35020
vt 0.29806 0.24045
vt 0.39862 0.21944
vt 0.40506 0.23260
vt 0.47389 0.33851
vt 0.37842 0.42011
vt 0.36664 0.41251
vt 0.28671 0.35186
vt 0.30001 0.25460
vt 0.38823 0.21867
vt 0.39516 0.23722
vt 0.46465 0.32505
vt 0.38784 0.40750
vt 0.37417 0.39817
vt 0.30024 0.36829
vt 0.29933 0.38180
vt 0.30307 0.35354
vt 0.28715 0.27268
vt 0.27277 0.27694
vt 0.30336 0.26992
vt 0.37570 0.22788
vt 0.37954 0.20663
vt 0.36783 0.21402
vt 0.38343 0.24355
vt 0.46498 0.30104
vt 0.47341 0.28695
vt 0.45037 0.31311
vt 0.39370 0.38882
vt 0.39898 0.40607
vt 0.40432 0.39253
vt 0.38186 0.38226
vt 0.27336 0.33513
vt 0.25707 0.33522
vt 0.28951 0.33542
vt 0.31313 0.23596
vt 0.30829 0.22082
vt 0.31741 0.25099
vt 0.41622 0.24509
vt 0.42465 0.23601
vt 0.40604 0.25280
vt 0.45612 0.34881
vt 0.46367 0.36242
vt 0.44571 0.33692
vt 0.35308 0.40502
vt 0.34572 0.42034
vt 0.35998 0.38967
vt 0.24393 0.33527
vt 0.30367 0.20860
vt 0.42989 0.22737
vt 0.46772 0.37465
vt 0.33906 0.43249
vt 0.27431 0.32235
vt 0.25759 0.32346
vt 0.24410 0.32428
vt 0.32559 0.23183
vt 0.31915 0.21643
vt 0.31343 0.20407
vt 0.42690 0.25493
vt 0.43485 0.24366
vt 0.43962 0.23347
vt 0.44256 0.35744
vt 0.45144 0.36949
vt 0.45668 0.38056
vt 0.34163 0.39889
vt 0.33526 0.41464
vt 0.32935 0.42711
vt 0.29104 0.32127
vt 0.33176 0.24721
vt 0.41704 0.26500
vt 0.43131 0.34706
vt 0.34747 0.38301
vt 0.25786 0.31722
vt 0.27467 0.31585
vt 0.29138 0.31406
vt 0.32495 0.21409
vt 0.33187 0.22961
vt 0.33878 0.24495
vt 0.44056 0.24769
vt 0.43274 0.25979
vt 0.42314 0.27079
vt 0.44524 0.37323
vt 0.43607 0.36191
vt 0.42452 0.35245
vt 0.32975 0.41162
vt 0.33575 0.39586
vt 0.34090 0.37995
vt 0.24419 0.31857
vt 0.31855 0.20173
vt 0.44489 0.23666
vt 0.45114 0.38363
vt 0.32436 0.42430
vt 0.25800 0.31351
vt 0.27473 0.31180
vt 0.25808 0.30961
vt 0.27468 0.30750
vt 0.29111 0.31007
vt 0.29088 0.30580
vt 0.32843 0.21268
vt 0.33560 0.22815
vt 0.33204 0.21119
vt 0.33954 0.22652
vt 0.34250 0.24330
vt 0.34638 0.24161
vt 0.44406 0.25008
vt 0.43642 0.26260
vt 0.44782 0.25257
vt 0.44044 0.26554
vt 0.42690 0.27371
vt 0.43085 0.27680
vt 0.44165 0.37546
vt 0.43231 0.36473
vt 0.43798 0.37786
vt 0.42842 0.36782
vt 0.42118 0.35569
vt 0.41759 0.35916
vt 0.32649 0.40984
vt 0.33221 0.39419
vt 0.32305 0.40801
vt 0.32839 0.39249
vt 0.33711 0.37867
vt 0.33304 0.37727
vt 0.25815 0.30397
vt 0.27467 0.30171
vt 0.29060 0.29991
vt 0.27425 0.29080
vt 0.25808 0.29375
vt 0.28974 0.28816
vt 0.33732 0.20900
vt 0.34498 0.22434
vt 0.35182 0.23934
vt 0.35513 0.22004
vt 0.34695 0.20493
vt 0.36244 0.23478
vt 0.45345 0.25616
vt 0.44615 0.26966
vt 0.43649 0.28117
vt 0.45749 0.27736
vt 0.46422 0.26265
vt 0.44799 0.28986
vt 0.43280 0.38139
vt 0.42322 0.37208
vt 0.41272 0.36401
vt 0.41412 0.38054
vt 0.42390 0.38812
vt 0.40356 0.37405
vt 0.31805 0.40541
vt 0.32303 0.39009
vt 0.32742 0.37530
vt 0.31278 0.38599
vt 0.30886 0.40094
vt 0.31596 0.37163
vt 0.24419 0.30550
vt 0.24413 0.31106
vt 0.24454 0.29560
vt 0.33057 0.19608
vt 0.32548 0.19836
vt 0.33990 0.19234
vt 0.45771 0.24385
vt 0.45218 0.24074
vt 0.46788 0.24964
vt 0.43906 0.39077
vt 0.44418 0.38774
vt 0.43024 0.39606
vt 0.31288 0.41805
vt 0.31773 0.42076
vt 0.30440 0.41304
vt 0.24424 0.31497
vt 0.32193 0.20018
vt 0.44831 0.23867
vt 0.44776 0.38555
vt 0.32120 0.42254
vt 0.30792 0.30485
vt 0.30742 0.29836
vt 0.30830 0.30933
vt 0.35304 0.25754
vt 0.35897 0.25508
vt 0.34892 0.25933
vt 0.41853 0.28714
vt 0.42418 0.29202
vt 0.41458 0.28378
vt 0.40555 0.35012
vt 0.40061 0.35573
vt 0.40892 0.34631
vt 0.33857 0.36161
vt 0.33214 0.35977
vt 0.34292 0.36281
vt 0.30622 0.28616
vt 0.36990 0.25038
vt 0.43527 0.30118
vt 0.39188 0.36658
vt 0.31995 0.35653
vt 0.30875 0.31343
vt 0.34515 0.26106
vt 0.41092 0.28073
vt 0.41197 0.34277
vt 0.34696 0.36383
vt 0.30844 0.32104
vt 0.33763 0.26330
vt 0.40491 0.27437
vt 0.41855 0.33682
vt 0.35403 0.36677
vt 0.30666 0.33658
vt 0.32165 0.26707
vt 0.39366 0.26047
vt 0.43289 0.32529
vt 0.36779 0.37361
vt 0.32686 0.28522
vt 0.37893 0.26973
vt 0.41674 0.31315
vt 0.37723 0.35562
vt 0.32617 0.33800
vt 0.32439 0.29789
vt 0.36572 0.27088
vt 0.41008 0.30158
vt 0.38835 0.34661
vt 0.33775 0.34445
vt 0.32426 0.30427
vt 0.35946 0.27263
vt 0.40553 0.29638
vt 0.39324 0.34151
vt 0.34396 0.34669
vt 0.32441 0.30888
vt 0.35502 0.27413
vt 0.40196 0.29273
vt 0.39653 0.33769
vt 0.34843 0.34803
vt 0.32445 0.31348
vt 0.35060 0.27559
vt 0.39851 0.28903
vt 0.39995 0.33396
vt 0.35284 0.34949
vt 0.32452 0.32123
vt 0.34294 0.27812
vt 0.39262 0.28273
vt 0.40569 0.32767
vt 0.36037 0.35198
vt 0.33773 0.32875
vt 0.33502 0.32014
vt 0.34317 0.33414
vt 0.33997 0.29257
vt 0.34762 0.28730
vt 0.33641 0.29925
vt 0.37696 0.28368
vt 0.38528 0.28921
vt 0.36894 0.28229
vt 0.40003 0.31430
vt 0.39628 0.32272
vt 0.39876 0.30697
vt 0.37287 0.34225
vt 0.36336 0.34208
vt 0.38036 0.33885
vt 0.33492 0.31382
vt 0.35389 0.28524
vt 0.38983 0.29431
vt 0.39190 0.32790
vt 0.35707 0.34012
vt 0.33482 0.30923
vt 0.35839 0.28374
vt 0.39315 0.29799
vt 0.38872 0.33162
vt 0.35251 0.33879
vt 0.33530 0.30497
vt 0.36284 0.28292
vt 0.39575 0.30172
vt 0.38531 0.33483
vt 0.34847 0.33698
vt 0.23470 0.33504
vt 0.30013 0.20009
vt 0.43279 0.22071
vt 0.46952 0.38389
vt 0.33384 0.44079
vt 0.23505 0.32453
vt 0.30952 0.19578
vt 0.44218 0.22630
vt 0.45922 0.38858
vt 0.32488 0.43524
vt 0.23509 0.31901
vt 0.31445 0.19337
vt 0.44729 0.22911
vt 0.45397 0.39123
vt 0.32010 0.43245
vt 0.23498 0.31539
vt 0.31768 0.19168
vt 0.45078 0.23085
vt 0.45053 0.39315
vt 0.31689 0.43071
vt 0.23498 0.31170
vt 0.32100 0.19001
vt 0.45434 0.23268
vt 0.44707 0.39505
vt 0.31367 0.42887
vt 0.23509 0.30628
vt 0.32596 0.18771
vt 0.45964 0.23546
vt 0.44211 0.39768
vt 0.30901 0.42607
vt 0.23553 0.29653
vt 0.33513 0.18392
vt 0.46949 0.24074
vt 0.43337 0.40226
vt 0.30081 0.42086
vt 0.22700 0.29728
vt 0.33046 0.17595
vt 0.47046 0.23213
vt 0.43566 0.40864
vt 0.29708 0.42810
vt 0.22689 0.30624
vt 0.32223 0.17993
vt 0.46148 0.22797
vt 0.44372 0.40458
vt 0.30470 0.43283
vt 0.22674 0.31147
vt 0.31745 0.18220
vt 0.45640 0.22547
vt 0.44853 0.40230
vt 0.30911 0.43566
vt 0.22674 0.31574
vt 0.31363 0.18419
vt 0.45231 0.22350
vt 0.45244 0.40035
vt 0.31279 0.43787
vt 0.22687 0.31953
vt 0.31030 0.18605
vt 0.44870 0.22185
vt 0.45597 0.39855
vt 0.31613 0.43976
vt 0.22685 0.32493
vt 0.30552 0.18850
vt 0.44371 0.21934
vt 0.46110 0.39613
vt 0.32075 0.44259
vt 0.22628 0.33494
vt 0.29648 0.19257
vt 0.43472 0.21421
vt 0.47085 0.39233
vt 0.32907 0.44829
vt 0.21731 0.33503
vt 0.29212 0.18486
vt 0.43606 0.20686
vt 0.47212 0.40131
vt 0.32401 0.45622
vt 0.21789 0.32528
vt 0.30091 0.18072
vt 0.44491 0.21147
vt 0.46273 0.40458
vt 0.31601 0.45043
vt 0.21796 0.32003
vt 0.30557 0.17829
vt 0.44977 0.21377
vt 0.45775 0.40666
vt 0.31154 0.44753
vt 0.21791 0.31595
vt 0.30916 0.17628
vt 0.45359 0.21545
vt 0.45401 0.40837
vt 0.30810 0.44540
vt 0.21775 0.31129
vt 0.31324 0.17385
vt 0.45805 0.21723
vt 0.44972 0.41045
vt 0.30409 0.44303
vt 0.21770 0.30613
vt 0.31783 0.17129
vt 0.46303 0.21932
vt 0.44493 0.41266
vt 0.29964 0.44027
vt 0.21758 0.29814
vt 0.32500 0.16730
vt 0.47088 0.22243
vt 0.43759 0.41616
vt 0.29274 0.43603
vt 0.20624 0.29886
vt 0.31828 0.15713
vt 0.47113 0.21074
vt 0.43918 0.42570
vt 0.28704 0.44529
vt 0.20667 0.30636
vt 0.31177 0.16141
vt 0.46393 0.20854
vt 0.44626 0.42246
vt 0.29362 0.44922
vt 0.20724 0.31134
vt 0.30763 0.16450
vt 0.45913 0.20723
vt 0.45087 0.42007
vt 0.29814 0.45157
vt 0.20775 0.31601
vt 0.30388 0.16727
vt 0.45475 0.20600
vt 0.45519 0.41787
vt 0.30238 0.45382
vt 0.20781 0.31998
vt 0.30047 0.16931
vt 0.45104 0.20456
vt 0.45888 0.41632
vt 0.30577 0.45598
vt 0.20775 0.32535
vt 0.29569 0.17198
vt 0.44598 0.20243
vt 0.46391 0.41444
vt 0.31026 0.45905
vt 0.20731 0.33535
vt 0.28674 0.17665
vt 0.43666 0.19822
vt 0.47334 0.41138
vt 0.31844 0.46503
vt 0.19647 0.33541
vt 0.28087 0.16776
vt 0.43728 0.18870
vt 0.47423 0.42237
vt 0.31198 0.47426
vt 0.19642 0.32560
vt 0.28926 0.16257
vt 0.44652 0.19198
vt 0.46507 0.42551
vt 0.30376 0.46856
vt 0.19615 0.32022
vt 0.29373 0.15951
vt 0.45159 0.19354
vt 0.46008 0.42751
vt 0.29912 0.46566
vt 0.19585 0.31584
vt 0.29731 0.15693
vt 0.45567 0.19469
vt 0.45604 0.42923
vt 0.29530 0.46333
vt 0.19493 0.31132
vt 0.30069 0.15377
vt 0.45990 0.19528
vt 0.45195 0.43157
vt 0.29104 0.46144
vt 0.19398 0.30631
vt 0.30449 0.15028
vt 0.46468 0.19596
vt 0.44732 0.43409
vt 0.28633 0.45926
vt 0.19330 0.29877
vt 0.31067 0.14564
vt 0.47185 0.19759
vt 0.44025 0.43714
vt 0.27969 0.45535
vt 0.18247 0.29876
vt 0.30383 0.13624
vt 0.47210 0.18655
vt 0.44102 0.44709
vt 0.27341 0.46375
vt 0.18320 0.30646
vt 0.29776 0.14114
vt 0.46485 0.18516
vt 0.44819 0.44421
vt 0.28009 0.46781
vt 0.18391 0.31149
vt 0.29394 0.14451
vt 0.46013 0.18440
vt 0.45282 0.44206
vt 0.28457 0.47024
vt 0.18473 0.31582
vt 0.29077 0.14758
vt 0.45606 0.18393
vt 0.45678 0.43999
vt 0.28863 0.47221
vt 0.18517 0.32039
vt 0.28715 0.15046
vt 0.45179 0.18300
vt 0.46102 0.43819
vt 0.29269 0.47463
vt 0.18564 0.32580
vt 0.28285 0.15380
vt 0.44671 0.18181
vt 0.46599 0.43615
vt 0.29736 0.47748
vt 0.18603 0.33535
vt 0.27506 0.15931
vt 0.43776 0.17937
vt 0.47483 0.43301
vt 0.30541 0.48284
vt 0.17356 0.33514
vt 0.26791 0.14929
vt 0.43814 0.16780
vt 0.47525 0.44581
vt 0.29721 0.49293
vt 0.17292 0.32574
vt 0.27533 0.14343
vt 0.44697 0.16970
vt 0.46666 0.44887
vt 0.28932 0.48767
vt 0.17236 0.32033
vt 0.27946 0.13991
vt 0.45201 0.17064
vt 0.46171 0.45087
vt 0.28464 0.48477
vt 0.17191 0.31594
vt 0.28280 0.13707
vt 0.45614 0.17140
vt 0.45767 0.45250
vt 0.28090 0.48244
vt 0.17121 0.31192
vt 0.28567 0.13420
vt 0.45991 0.17178
vt 0.45400 0.45427
vt 0.27730 0.48056
vt 0.17083 0.30697
vt 0.28955 0.13103
vt 0.46452 0.17268
vt 0.44940 0.45597
vt 0.27309 0.47778
vt 0.17037 0.29927
vt 0.29561 0.12617
vt 0.47166 0.17410
vt 0.44218 0.45845
vt 0.26662 0.47335
vt 0.15725 0.29975
vt 0.28648 0.11564
vt 0.47118 0.16072
vt 0.44349 0.47100
vt 0.25898 0.48359
vt 0.15767 0.30712
vt 0.28079 0.12040
vt 0.46430 0.15947
vt 0.45035 0.46882
vt 0.26503 0.48794
vt 0.15806 0.31184
vt 0.27724 0.12351
vt 0.45988 0.15874
vt 0.45469 0.46726
vt 0.26898 0.49064
vt 0.15857 0.31589
vt 0.27435 0.12627
vt 0.45617 0.15829
vt 0.45839 0.46573
vt 0.27251 0.49282
vt 0.15894 0.32010
vt 0.27119 0.12901
vt 0.45225 0.15759
vt 0.46226 0.46433
vt 0.27611 0.49523
vt 0.15928 0.32543
vt 0.26707 0.13242
vt 0.44718 0.15659
vt 0.46711 0.46269
vt 0.28052 0.49835
vt 0.15961 0.33458
vt 0.25985 0.13808
vt 0.43840 0.15463
vt 0.47543 0.46016
vt 0.28799 0.50397
vt 0.14439 0.33379
vt 0.25086 0.12589
vt 0.43930 0.14013
vt 0.47568 0.47581
vt 0.27725 0.51530
vt 0.14441 0.32514
vt 0.25776 0.12064
vt 0.44753 0.14216
vt 0.46782 0.47776
vt 0.27061 0.50966
vt 0.14416 0.32006
vt 0.26165 0.11735
vt 0.45233 0.14309
vt 0.46317 0.47921
vt 0.26650 0.50653
vt 0.14389 0.31651
vt 0.26426 0.11498
vt 0.45566 0.14363
vt 0.45995 0.48033
vt 0.26358 0.50445
vt 0.14340 0.31226
vt 0.26728 0.11204
vt 0.45964 0.14412
vt 0.45610 0.48181
vt 0.25999 0.50207
vt 0.14295 0.30766
vt 0.27062 0.10889
vt 0.46395 0.14472
vt 0.45190 0.48332
vt 0.25615 0.49943
vt 0.14274 0.30068
vt 0.27597 0.10443
vt 0.47043 0.14599
vt 0.44542 0.48514
vt 0.25063 0.49508
vt 0.12902 0.30184
vt 0.26570 0.09425
vt 0.46963 0.13213
vt 0.44769 0.49867
vt 0.24269 0.50600
vt 0.12864 0.30872
vt 0.26012 0.09825
vt 0.46325 0.13029
vt 0.45409 0.49752
vt 0.24765 0.51081
vt 0.12885 0.31320
vt 0.25679 0.10121
vt 0.45906 0.12949
vt 0.45817 0.49629
vt 0.25118 0.51360
vt 0.12934 0.31701
vt 0.25417 0.10394
vt 0.45549 0.12909
vt 0.46162 0.49494
vt 0.25437 0.51575
vt 0.12963 0.32083
vt 0.25141 0.10653
vt 0.45192 0.12851
vt 0.46505 0.49376
vt 0.25744 0.51804
vt 0.12984 0.32540
vt 0.24801 0.10955
vt 0.44761 0.12767
vt 0.46918 0.49250
vt 0.26103 0.52090
vt 0.12970 0.33353
vt 0.24158 0.11452
vt 0.43993 0.12566
vt 0.47655 0.49080
vt 0.26703 0.52640
vt 0.11687 0.33371
vt 0.23303 0.10490
vt 0.44028 0.11275
vt 0.47794 0.50376
vt 0.25841 0.53625
vt 0.11793 0.32591
vt 0.23966 0.10075
vt 0.44757 0.11566
vt 0.47085 0.50451
vt 0.25336 0.53021
vt 0.11816 0.32141
vt 0.24323 0.09813
vt 0.45174 0.11697
vt 0.46680 0.50529
vt 0.25020 0.52705
vt 0.11802 0.31780
vt 0.24592 0.09572
vt 0.45520 0.11771
vt 0.46349 0.50628
vt 0.24738 0.52471
vt 0.11775 0.31361
vt 0.24901 0.09283
vt 0.45922 0.11844
vt 0.45963 0.50752
vt 0.24405 0.52206
vt 0.11770 0.30921
vt 0.25227 0.09004
vt 0.46328 0.11937
vt 0.45568 0.50856
vt 0.24077 0.51921
vt 0.11850 0.30252
vt 0.25789 0.08646
vt 0.46942 0.12161
vt 0.44946 0.50922
vt 0.23633 0.51419
vt 0.10589 0.33441
vt 0.22525 0.09703
vt 0.44068 0.10149
vt 0.47988 0.51471
vt 0.25120 0.54480
vt 0.10871 0.32662
vt 0.23299 0.09415
vt 0.44768 0.10626
vt 0.47253 0.51373
vt 0.24748 0.53748
vt 0.10976 0.32198
vt 0.23719 0.09198
vt 0.45189 0.10847
vt 0.46822 0.51377
vt 0.24482 0.53360
vt 0.10983 0.31804
vt 0.24019 0.08959
vt 0.45549 0.10952
vt 0.46470 0.51458
vt 0.24198 0.53090
vt 0.10992 0.31400
vt 0.24325 0.08712
vt 0.45919 0.11057
vt 0.46107 0.51543
vt 0.23910 0.52815
vt 0.11025 0.30964
vt 0.24674 0.08460
vt 0.46322 0.11192
vt 0.45707 0.51611
vt 0.23613 0.52501
vt 0.11110 0.30302
vt 0.25235 0.08103
vt 0.46932 0.11426
vt 0.45084 0.51671
vt 0.23183 0.51996
vt 0.10247 0.30354
vt 0.24588 0.07473
vt 0.46941 0.10572
vt 0.45259 0.52550
vt 0.22649 0.52667
vt 0.08959 0.30435
vt 0.23610 0.06546
vt 0.46986 0.09305
vt 0.45569 0.53867
vt 0.21838 0.53669
vt 0.10194 0.30973
vt 0.08940 0.31018
vt 0.24087 0.07829
vt 0.23164 0.06899
vt 0.46374 0.10371
vt 0.46464 0.09124
vt 0.45834 0.52465
vt 0.46104 0.53756
vt 0.23056 0.53118
vt 0.22220 0.54070
vt 0.10142 0.31430
vt 0.23711 0.08079
vt 0.45957 0.10205
vt 0.46257 0.52413
vt 0.23348 0.53462
vt 0.08919 0.31490
vt 0.22804 0.07181
vt 0.46044 0.08973
vt 0.46533 0.53663
vt 0.22537 0.54400
vt 0.10083 0.31917
vt 0.08881 0.32045
vt 0.23315 0.08338
vt 0.22377 0.07501
vt 0.45525 0.10023
vt 0.45563 0.08779
vt 0.46703 0.52357
vt 0.47032 0.53566
vt 0.23663 0.53832
vt 0.22900 0.54795
vt 0.09997 0.32299
vt 0.22975 0.08515
vt 0.45187 0.09839
vt 0.47059 0.52353
vt 0.23881 0.54153
vt 0.08818 0.32491
vt 0.22014 0.07741
vt 0.45180 0.08600
vt 0.47437 0.53512
vt 0.23173 0.55132
vt 0.09819 0.32778
vt 0.08685 0.32975
vt 0.22499 0.08689
vt 0.21575 0.07954
vt 0.44766 0.09534
vt 0.44774 0.08337
vt 0.47516 0.52415
vt 0.47893 0.53517
vt 0.24105 0.54605
vt 0.23420 0.55542
vt 0.09459 0.33513
vt 0.21715 0.08895
vt 0.44127 0.08979
vt 0.48230 0.52590
vt 0.24388 0.55364
vt 0.08418 0.33646
vt 0.20917 0.08193
vt 0.44229 0.07900
vt 0.48539 0.53598
vt 0.23702 0.56158
vt 0.07347 0.33673
vt 0.20165 0.07386
vt 0.44446 0.06758
vt 0.48756 0.54668
vt 0.22923 0.56951
vt 0.06245 0.33600
vt 0.19417 0.06473
vt 0.44825 0.05547
vt 0.48919 0.55834
vt 0.22042 0.57760
vt 0.05325 0.33358
vt 0.18833 0.05588
vt 0.45250 0.04456
vt 0.49017 0.56911
vt 0.21235 0.58491
vt 0.04458 0.33199
vt 0.18231 0.04826
vt 0.45747 0.03496
vt 0.49285 0.57869
vt 0.20503 0.59150
vt 0.03747 0.33040
vt 0.17760 0.04195
vt 0.46318 0.02786
vt 0.49558 0.58638
vt 0.19846 0.59623
vt 0.03294 0.32820
vt 0.17547 0.03694
vt 0.46856 0.02429
vt 0.49664 0.59196
vt 0.19317 0.59826
vt 0.03019 0.32492
vt 0.17554 0.03212
vt 0.47353 0.02409
vt 0.49579 0.59660
vt 0.18830 0.59754
vt 0.07557 0.33075
vt 0.20718 0.07142
vt 0.44916 0.07128
vt 0.48195 0.54650
vt 0.22651 0.56434
vt 0.06439 0.33045
vt 0.19918 0.06237
vt 0.45229 0.05900
vt 0.48415 0.55846
vt 0.21787 0.57293
vt 0.05467 0.32917
vt 0.19231 0.05378
vt 0.45584 0.04777
vt 0.48618 0.56953
vt 0.20999 0.58084
vt 0.04603 0.32827
vt 0.18599 0.04638
vt 0.46009 0.03817
vt 0.48920 0.57912
vt 0.20304 0.58770
vt 0.03920 0.32751
vt 0.18101 0.04075
vt 0.46466 0.03114
vt 0.49225 0.58635
vt 0.19732 0.59273
vt 0.03482 0.32618
vt 0.17843 0.03645
vt 0.46886 0.02742
vt 0.49377 0.59143
vt 0.19288 0.59517
vt 0.04030 0.32483
vt 0.04678 0.32503
vt 0.03632 0.32371
vt 0.18373 0.03930
vt 0.18881 0.04448
vt 0.18137 0.03532
vt 0.46618 0.03368
vt 0.46250 0.04049
vt 0.46978 0.03044
vt 0.48941 0.58676
vt 0.48621 0.57984
vt 0.49072 0.59139
vt 0.19593 0.58989
vt 0.20106 0.58480
vt 0.19189 0.59208
vt 0.05548 0.32543
vt 0.19543 0.05177
vt 0.45870 0.05011
vt 0.48288 0.57017
vt 0.20781 0.57767
vt 0.06542 0.32609
vt 0.20281 0.06022
vt 0.45559 0.06139
vt 0.48030 0.55892
vt 0.21560 0.56952
vt 0.07659 0.32599
vt 0.21116 0.06908
vt 0.45299 0.07362
vt 0.47763 0.54690
vt 0.22395 0.56065
vt 0.07685 0.32130
vt 0.21459 0.06626
vt 0.45691 0.07526
vt 0.47351 0.54800
vt 0.22090 0.55747
vt 0.06593 0.32174
vt 0.20614 0.05776
vt 0.45897 0.06338
vt 0.47655 0.55979
vt 0.21303 0.56636
vt 0.05616 0.32153
vt 0.19866 0.04958
vt 0.46165 0.05247
vt 0.47946 0.57086
vt 0.20561 0.57453
vt 0.04749 0.32137
vt 0.19188 0.04229
vt 0.46513 0.04301
vt 0.48281 0.58074
vt 0.19878 0.58164
vt 0.04106 0.32163
vt 0.18656 0.03727
vt 0.46835 0.03625
vt 0.48621 0.58760
vt 0.19394 0.58691
vt 0.03792 0.32157
vt 0.18412 0.03476
vt 0.47036 0.03331
vt 0.48786 0.59087
vt 0.19142 0.58926
vt 0.04761 0.31744
vt 0.04103 0.31798
vt 0.03692 0.31899
vt 0.19477 0.03957
vt 0.18918 0.03432
vt 0.18510 0.03182
vt 0.46814 0.04521
vt 0.47118 0.03841
vt 0.47295 0.03396
vt 0.47935 0.58213
vt 0.48290 0.58942
vt 0.48606 0.59338
vt 0.19603 0.57864
vt 0.19105 0.58418
vt 0.18855 0.58811
vt 0.05640 0.31691
vt 0.20207 0.04672
vt 0.46528 0.05480
vt 0.47544 0.57213
vt 0.20265 0.57116
vt 0.06592 0.31619
vt 0.20978 0.05437
vt 0.46351 0.06539
vt 0.47178 0.56145
vt 0.20928 0.56271
vt 0.07679 0.31578
vt 0.21837 0.06278
vt 0.46164 0.07689
vt 0.46872 0.54956
vt 0.21708 0.55393
vt 0.07656 0.31070
vt 0.22167 0.05960
vt 0.46606 0.07835
vt 0.46426 0.55104
vt 0.21359 0.55070
vt 0.06554 0.30994
vt 0.21328 0.05079
vt 0.46886 0.06753
vt 0.46625 0.56349
vt 0.20530 0.55872
vt 0.05594 0.31164
vt 0.20535 0.04314
vt 0.46963 0.05680
vt 0.47097 0.57418
vt 0.19909 0.56777
vt 0.04727 0.31348
vt 0.19745 0.03654
vt 0.47129 0.04705
vt 0.47597 0.58386
vt 0.19311 0.57596
vt 0.04064 0.31458
vt 0.19135 0.03138
vt 0.47387 0.04007
vt 0.47998 0.59132
vt 0.18820 0.58189
vt 0.03625 0.31623
vt 0.18655 0.02882
vt 0.47538 0.03511
vt 0.48383 0.59566
vt 0.18570 0.58650
vt 0.03984 0.31099
vt 0.04644 0.30867
vt 0.03494 0.31389
vt 0.19347 0.02796
vt 0.20050 0.03261
vt 0.18725 0.02571
vt 0.47687 0.04158
vt 0.47523 0.04898
vt 0.47790 0.03556
vt 0.47687 0.59368
vt 0.47179 0.58628
vt 0.48222 0.59829
vt 0.18490 0.57968
vt 0.18952 0.57296
vt 0.18272 0.58560
vt 0.05461 0.30551
vt 0.20914 0.03825
vt 0.47489 0.05848
vt 0.46592 0.57708
vt 0.19542 0.56448
vt 0.06447 0.30390
vt 0.21756 0.04598
vt 0.47392 0.06885
vt 0.46139 0.56588
vt 0.20201 0.55565
vt 0.07625 0.30485
vt 0.22588 0.05572
vt 0.47110 0.07993
vt 0.45916 0.55263
vt 0.20979 0.54705
vt 0.03163 0.31705
vt 0.18215 0.02584
vt 0.47809 0.03078
vt 0.48731 0.60007
vt 0.18256 0.59052
vt 0.03030 0.32093
vt 0.17828 0.02843
vt 0.47635 0.02700
vt 0.49198 0.59907
vt 0.18481 0.59451
vt 0.03223 0.32438
vt 0.17756 0.03302
vt 0.47230 0.02625
vt 0.49391 0.59500
vt 0.18936 0.59563
vt 0.03338 0.32131
vt 0.18060 0.03101
vt 0.47374 0.02928
vt 0.49035 0.59578
vt 0.18757 0.59249
vt 0.03344 0.31766
vt 0.18322 0.02780
vt 0.47636 0.03185
vt 0.48684 0.59785
vt 0.18458 0.58969
vt 0.34383 0.30577
vt 0.34318 0.30984
vt 0.34354 0.31363
vt 0.36082 0.29144
vt 0.36513 0.29082
vt 0.35720 0.29293
vt 0.38811 0.30567
vt 0.38590 0.30202
vt 0.38305 0.29919
vt 0.37921 0.32950
vt 0.38254 0.32658
vt 0.38480 0.32334
vt 0.35209 0.32960
vt 0.35592 0.33145
vt 0.35976 0.33228
vt 0.34592 0.30255
vt 0.36915 0.29177
vt 0.38852 0.30943
vt 0.37532 0.33092
vt 0.34954 0.32670
vt 0.34840 0.29845
vt 0.37423 0.29286
vt 0.38902 0.31411
vt 0.37052 0.33283
vt 0.34625 0.32314
vt 0.34405 0.31822
vt 0.35266 0.29486
vt 0.37947 0.29568
vt 0.38752 0.31931
vt 0.36463 0.33333
vt 0.35417 0.31841
vt 0.35239 0.31501
vt 0.35656 0.32100
vt 0.35599 0.30415
vt 0.35879 0.30143
vt 0.35400 0.30699
vt 0.37111 0.30118
vt 0.37486 0.30290
vt 0.36755 0.30031
vt 0.37938 0.31359
vt 0.37858 0.31732
vt 0.37905 0.31018
vt 0.36839 0.32409
vt 0.36430 0.32471
vt 0.37189 0.32290
vt 0.34818 0.31295
vt 0.35941 0.29693
vt 0.37968 0.30223
vt 0.38062 0.32130
vt 0.36078 0.32790
vt 0.34882 0.31041
vt 0.34908 0.30779
vt 0.36220 0.29670
vt 0.36494 0.29614
vt 0.38091 0.30464
vt 0.38245 0.30687
vt 0.37840 0.32300
vt 0.37640 0.32495
vt 0.35841 0.32656
vt 0.35585 0.32556
vt 0.37592 0.30686
vt 0.37474 0.31928
vt 0.36107 0.32204
vt 0.35415 0.31139
vt 0.36312 0.30181
vt 0.37182 0.31142
vt 0.37200 0.31289
vt 0.37192 0.30907
vt 0.36865 0.31671
vt 0.36687 0.31728
vt 0.37142 0.31631
vt 0.36154 0.31609
vt 0.36046 0.31502
vt 0.36295 0.31806
vt 0.36064 0.31017
vt 0.36167 0.30877
vt 0.35873 0.31197
vt 0.36661 0.30715
vt 0.36831 0.30756
vt 0.36418 0.30612
vt 0.37210 0.31427
vt 0.36534 0.31790
vt 0.35949 0.31397
vt 0.36243 0.30747
vt 0.36989 0.30790
vt 0.36781 0.31127
vt 0.36774 0.31342
vt 0.36490 0.31408
vt 0.36352 0.31235
vt 0.36530 0.31040
vt 0.36724 0.31233
vt 0.36616 0.31327
vt 0.36463 0.31296
vt 0.36487 0.31166
vt 0.36634 0.31132
vt 0.36585 0.31233
vt 0.00195 0.28311
# 4159 texture verticies
vn 0.06872 0.75008 0.65777
vn -0.21679 0.52567 0.82260
vn -0.54074 0.51445 0.66553
vn 0.06814 0.53846 0.83989
vn -0.20944 0.44035 0.87306
vn -0.12166 0.30807 0.94355
vn -0.44443 -0.27286 0.85325
vn -0.77908 0.10586 0.61793
vn 0.61276 -0.22860 0.75649
vn 0.13630 -0.65495 0.74328
vn 0.32916 0.06259 0.94220
vn -0.69817 0.29386 0.65284
vn -0.56101 -0.04203 0.82674
vn -0.65029 -0.36659 0.66538
vn -0.48455 0.22293 0.84588
vn -0.47937 -0.06640 0.87510
vn -0.32614 -0.01652 0.94518
vn 0.12396 -0.50705 0.85296
vn -0.33624 -0.70648 0.62276
vn 0.40457 0.51440 0.75612
vn 0.66775 -0.07877 0.74021
vn 0.03822 0.33579 0.94116
vn -0.49308 -0.56822 0.65878
vn -0.13020 -0.54699 0.82695
vn 0.14320 -0.73482 0.66297
vn -0.37773 -0.38701 0.84115
vn -0.08694 -0.47848 0.87379
vn -0.08578 -0.31559 0.94501
vn 0.52064 -0.03906 0.85288
vn 0.57351 -0.54462 0.61195
vn -0.35948 0.54735 0.75577
vn 0.27967 0.61103 0.74056
vn -0.30186 0.14282 0.94259
vn 0.38628 -0.64265 0.66166
vn 0.48071 -0.29648 0.82524
vn 0.74413 -0.09506 0.66124
vn 0.25380 -0.47911 0.84026
vn 0.42903 -0.23216 0.87295
vn 0.27590 -0.17737 0.94468
vn 0.19604 0.48334 0.85320
vn 0.69475 0.37209 0.61552
vn -0.63280 -0.17497 0.75429
vn -0.49510 0.45475 0.74032
vn -0.23173 -0.24322 0.94188
vn 0.73614 0.16347 0.65679
vn 0.42833 0.36935 0.82469
vn 0.31350 0.67580 0.66709
vn 0.52971 0.09373 0.84298
vn 0.35126 0.33327 0.87496
vn 0.25162 0.20683 0.94547
vn -0.39862 0.33473 0.85385
vn -0.14739 0.77334 0.61662
vn -0.02663 -0.65460 0.75551
vn -0.58225 -0.32881 0.74355
vn 0.16063 -0.29217 0.94278
vn 0.79409 0.13307 0.59305
vn 0.53952 -0.35073 0.76544
vn 0.44382 0.04101 0.89518
vn 0.11857 0.79596 0.59362
vn 0.50674 0.40071 0.76331
vn 0.09091 0.43717 0.89477
vn -0.71825 0.35595 0.59784
vn -0.23881 0.60710 0.75789
vn -0.37884 0.21884 0.89922
vn -0.56254 -0.57174 0.59721
vn -0.64298 -0.03809 0.76493
vn -0.33073 -0.28636 0.89923
vn 0.37713 -0.71198 0.59233
vn -0.15696 -0.61296 0.77437
vn 0.17670 -0.40880 0.89536
vn 0.61543 -0.60463 0.50563
vn 0.58652 -0.16352 0.79325
vn 0.56503 -0.18270 0.80459
vn 0.76521 0.39600 0.50757
vn 0.33833 0.50676 0.79292
vn 0.34815 0.48412 0.80276
vn -0.14935 0.84561 0.51248
vn -0.37560 0.47926 0.79325
vn -0.34759 0.48255 0.80394
vn -0.84434 0.13091 0.51957
vn -0.57190 -0.20814 0.79348
vn -0.56512 -0.17802 0.80557
vn -0.39206 -0.76787 0.50661
vn 0.01992 -0.60815 0.79358
vn 0.00082 -0.59377 0.80464
vn 0.28158 -0.74111 0.60949
vn -0.15859 -0.43797 0.88489
vn -0.10583 0.40983 0.90600
vn -0.62388 0.08844 0.77650
vn 0.15446 0.24885 0.95614
vn 0.79133 0.04247 0.60991
vn 0.36864 -0.28432 0.88502
vn -0.42268 0.02215 0.90601
vn -0.27557 -0.56644 0.77667
vn -0.19295 0.22465 0.95514
vn 0.20484 0.76353 0.61243
vn 0.38482 0.26165 0.88513
vn -0.14646 -0.39731 0.90592
vn 0.45426 -0.44076 0.77420
vn -0.26981 -0.11252 0.95632
vn -0.65456 0.44477 0.61134
vn -0.13123 0.44950 0.88359
vn 0.33460 -0.26490 0.90436
vn 0.55620 0.30133 0.77449
vn 0.02201 -0.29110 0.95644
vn -0.63277 -0.49427 0.59607
vn -0.46676 0.01730 0.88422
vn 0.36019 0.23191 0.90359
vn -0.11173 0.62456 0.77294
vn 0.28798 -0.07373 0.95479
vn 0.13195 -0.82565 0.54853
vn -0.17857 -0.67851 0.71256
vn -0.12226 -0.42853 0.89522
vn -0.22484 -0.39270 0.89176
vn -0.53936 -0.25249 0.80333
vn 0.82418 -0.12795 0.55169
vn 0.59030 -0.37595 0.71428
vn 0.37050 -0.25184 0.89404
vn 0.30526 -0.33174 0.89262
vn 0.07163 -0.58984 0.80433
vn 0.37053 0.74954 0.54855
vn 0.54047 0.44471 0.71423
vn 0.35115 0.27145 0.89611
vn 0.40772 0.18481 0.89421
vn 0.57993 -0.11503 0.80650
vn -0.58221 0.59490 0.55419
vn -0.25597 0.65222 0.71351
vn -0.15672 0.42015 0.89382
vn -0.05059 0.44694 0.89313
vn 0.29187 0.51779 0.80418
vn -0.74659 -0.37632 0.54863
vn -0.69967 -0.04626 0.71297
vn -0.44603 -0.01332 0.89492
vn -0.43977 0.09086 0.89350
vn -0.40604 0.43569 0.80331
vn -0.40089 -0.35340 0.84522
vn -0.57347 -0.50032 0.64870
vn -0.32132 -0.35311 0.87868
vn 0.22169 -0.49248 0.84162
vn 0.29766 -0.69782 0.65150
vn 0.23601 -0.41654 0.87795
vn 0.53232 0.06064 0.84437
vn 0.75757 0.07109 0.64887
vn 0.46832 0.09533 0.87840
vn 0.10980 0.52381 0.84473
vn 0.16974 0.74020 0.65060
vn 0.05218 0.47617 0.87780
vn -0.46291 0.27107 0.84394
vn -0.65503 0.38883 0.64788
vn -0.43560 0.19687 0.87835
vn -0.37410 -0.21324 0.90254
vn 0.08521 -0.42245 0.90237
vn 0.42936 -0.04916 0.90180
vn 0.17657 0.39207 0.90283
vn -0.32280 0.28834 0.90148
vn -0.10186 -0.58367 0.80558
vn 0.52356 -0.27859 0.80516
vn 0.42805 0.41252 0.80411
vn -0.26215 0.53090 0.80587
vn -0.58863 -0.08542 0.80388
vn 0.88415 0.02318 0.46663
vn 0.66374 -0.43559 0.60804
vn 0.82028 -0.16638 0.54723
vn 0.87418 0.05057 0.48296
vn 0.45392 -0.34756 0.82046
vn 0.24158 0.85398 0.46082
vn 0.61699 0.49976 0.60792
vn 0.39879 0.73262 0.55157
vn 0.21029 0.84882 0.48507
vn 0.46927 0.32864 0.81963
vn -0.72964 0.49677 0.46994
vn -0.27631 0.74126 0.61171
vn -0.56811 0.61561 0.54615
vn -0.74249 0.45782 0.48898
vn -0.16527 0.54756 0.82028
vn -0.69718 -0.54958 0.46034
vn -0.79224 -0.03610 0.60914
vn -0.75422 -0.35887 0.54988
vn -0.67098 -0.56589 0.47912
vn -0.57464 0.01409 0.81829
vn 0.30183 -0.82997 0.46910
vn -0.21065 -0.76263 0.61157
vn 0.10478 -0.82946 0.54865
vn 0.33417 -0.80564 0.48916
vn -0.18935 -0.54107 0.81939
vn -0.08482 -0.86890 0.48767
vn -0.02911 -0.64099 0.76699
vn -0.00346 -0.47881 0.87791
vn 0.80152 -0.34854 0.48589
vn 0.60095 -0.22331 0.76746
vn 0.45352 -0.14877 0.87874
vn 0.58091 0.65431 0.48417
vn 0.39993 0.50247 0.76654
vn 0.28021 0.38545 0.87915
vn -0.44071 0.75246 0.48947
vn -0.34793 0.53698 0.76851
vn -0.27912 0.38669 0.87895
vn -0.85126 -0.18530 0.49094
vn -0.61782 -0.16583 0.76863
vn -0.45324 -0.14628 0.87931
vn 0.81599 0.33609 0.47033
vn 0.46032 0.49851 0.73457
vn -0.52810 0.36687 0.76584
vn -0.06372 0.87797 0.47446
vn -0.32749 0.58552 0.74156
vn -0.50553 -0.38712 0.77109
vn -0.85410 0.21132 0.47525
vn -0.66263 -0.12806 0.73792
vn 0.21131 -0.60543 0.76734
vn -0.46901 -0.74891 0.46815
vn -0.08204 -0.67623 0.73210
vn 0.64295 0.01265 0.76580
vn 0.56460 -0.68183 0.46512
vn 0.61770 -0.28949 0.73120
vn 0.18531 0.61802 0.76401
vn 0.84828 0.24020 0.47193
vn 0.04761 0.87904 0.47437
vn -0.82327 0.30472 0.47893
vn -0.54924 -0.69187 0.46866
vn 0.48916 -0.73206 0.47415
vn 0.67362 0.67059 0.31072
vn 0.32801 0.84179 0.42872
vn 0.72894 0.54425 0.41526
vn -0.43337 0.84502 0.31327
vn -0.70007 0.57108 0.42870
vn -0.29045 0.85969 0.42021
vn -0.93862 -0.14895 0.31114
vn -0.76235 -0.49043 0.42226
vn -0.90753 -0.00774 0.41992
vn -0.15371 -0.93962 0.30576
vn 0.23607 -0.87442 0.42387
vn -0.27235 -0.86767 0.41591
vn 0.84345 -0.44128 0.30638
vn 0.90748 -0.04221 0.41797
vn 0.73556 -0.53248 0.41883
vn -0.17992 0.88346 0.43258
vn -0.89344 0.09785 0.43839
vn -0.37858 -0.81826 0.43259
vn 0.66509 -0.60950 0.43146
vn 0.79224 0.44071 0.42205
vn 0.54109 0.66462 0.51526
vn 0.05698 0.89389 0.44466
vn -0.11314 0.94832 0.29647
vn -0.46762 0.72104 0.51131
vn -0.83226 0.33397 0.44249
vn -0.93481 0.18933 0.30046
vn -0.82724 -0.22592 0.51442
vn -0.57729 -0.68817 0.43949
vn -0.48264 -0.82393 0.29697
vn -0.04255 -0.85809 0.51174
vn 0.47964 -0.75756 0.44277
vn 0.64853 -0.69997 0.29908
vn 0.80205 -0.30167 0.51547
vn 0.87102 0.22930 0.43445
vn 0.87866 0.38474 0.28272
vn 0.66822 0.60090 0.43862
vn -0.37773 0.81992 0.43018
vn -0.89444 -0.10051 0.43575
vn -0.18475 -0.88191 0.43370
vn 0.77626 -0.45472 0.43664
vn 0.51821 0.47060 0.71414
vn -0.28933 0.63506 0.71623
vn -0.69040 -0.07333 0.71970
vn -0.13990 -0.67981 0.71993
vn 0.60261 -0.34706 0.71862
vn -0.34256 0.82331 0.45257
vn -0.88783 -0.07187 0.45453
vn -0.21394 -0.86399 0.45579
vn 0.75746 -0.46873 0.45448
vn 0.68310 0.57306 0.45274
vn 0.22688 0.36014 0.90489
vn -0.26754 0.32038 0.90872
vn -0.39210 -0.15537 0.90671
vn 0.03075 -0.42365 0.90531
vn 0.41306 -0.10313 0.90484
vn -0.41082 0.48222 0.77375
vn -0.58466 -0.24205 0.77433
vn 0.05108 -0.63244 0.77293
vn 0.61538 -0.14918 0.77399
vn 0.33293 0.53893 0.77376
vn -0.73829 0.53791 0.40692
vn -0.55251 0.35433 0.75444
vn -0.73881 -0.53426 0.41077
vn -0.50857 -0.41401 0.75495
vn 0.28227 -0.86766 0.40926
vn 0.23901 -0.61065 0.75497
vn 0.91312 -0.00120 0.40768
vn 0.65569 0.04049 0.75395
vn 0.28422 0.86741 0.40843
vn 0.16539 0.63391 0.75552
vn -0.78028 -0.33696 0.52689
vn -0.24193 -0.31626 0.91730
vn 0.08086 -0.84234 0.53285
vn 0.22797 -0.32852 0.91657
vn 0.82978 -0.18367 0.52701
vn 0.38312 0.11670 0.91630
vn 0.43267 0.73191 0.52641
vn 0.01169 0.39880 0.91696
vn -0.56141 0.63749 0.52767
vn -0.37551 0.13239 0.91732
vn 0.53072 0.50346 0.68181
vn -0.32124 0.66364 0.67556
vn -0.72822 -0.09687 0.67846
vn -0.12729 -0.72092 0.68123
vn 0.64282 -0.34690 0.68296
vn 0.72897 0.07068 0.68089
vn 0.15968 0.71331 0.68242
vn -0.63274 0.36794 0.68136
vn -0.54545 -0.48282 0.68511
vn 0.29394 -0.66702 0.68460
vn 0.17787 0.38406 0.90601
vn -0.30771 0.28547 0.90765
vn -0.36417 -0.20213 0.90913
vn 0.07897 -0.41497 0.90640
vn 0.41934 -0.04946 0.90648
vn 0.35976 -0.09711 0.92798
vn 0.20036 0.31252 0.92854
vn -0.23570 0.28569 0.92889
vn -0.34899 -0.13561 0.92726
vn 0.01644 -0.36957 0.92906
vn -0.12712 -0.12359 0.98416
vn 0.07956 0.43289 0.89793
vn 0.07807 0.38002 0.92168
vn 0.07819 -0.15482 0.98484
vn -0.38719 0.21582 0.89639
vn -0.33563 0.18960 0.92271
vn 0.17425 0.02781 0.98431
vn -0.31383 -0.30541 0.89902
vn -0.28879 -0.26692 0.91943
vn 0.02793 0.16765 0.98545
vn 0.19167 -0.39913 0.89664
vn 0.16323 -0.35058 0.92220
vn -0.15307 0.07880 0.98507
vn 0.44322 0.05581 0.89467
vn 0.38108 0.04430 0.92348
vn -0.20272 -0.55110 0.80944
vn 0.46212 -0.36510 0.80817
vn 0.48819 0.33036 0.80779
vn -0.16348 0.56549 0.80839
vn -0.58829 0.01977 0.80841
vn -0.07174 -0.11155 0.99117
vn 0.08206 -0.10008 0.99159
vn 0.11789 0.04618 0.99195
vn -0.00875 0.12861 0.99166
vn -0.12700 0.03257 0.99137
vn -0.05021 0.33339 0.94145
vn -0.33093 0.05370 0.94213
vn -0.15590 -0.30105 0.94078
vn 0.23629 -0.24315 0.94077
vn 0.30385 0.15227 0.94047
vn -0.06992 0.32339 0.94368
vn -0.32405 0.03002 0.94556
vn -0.13102 -0.29889 0.94525
vn 0.24026 -0.21606 0.94636
vn 0.28743 0.16537 0.94342
vn 0.07139 -0.18273 0.98057
vn 0.18945 0.01067 0.98183
vn 0.05183 0.18957 0.98050
vn -0.16814 0.10211 0.98046
vn -0.15071 -0.12489 0.98066
vn 0.09159 -0.35678 0.92969
vn 0.37400 -0.02506 0.92709
vn 0.13611 0.34206 0.92977
vn -0.28694 0.23255 0.92929
vn -0.31682 -0.20112 0.92692
vn -0.04098 -0.11759 0.99222
vn 0.09842 -0.07227 0.99252
vn 0.10079 0.07568 0.99203
vn -0.03753 0.11652 0.99248
vn -0.12213 -0.00070 0.99251
vn -0.28243 -0.24775 0.92674
vn -0.16836 -0.38143 0.90894
vn -0.23108 -0.23219 0.94482
vn 0.14813 -0.34639 0.92632
vn 0.31443 -0.27418 0.90882
vn 0.14843 -0.29515 0.94385
vn 0.37509 0.03160 0.92645
vn 0.35934 0.21105 0.90903
vn 0.32501 0.05001 0.94439
vn 0.08563 0.36487 0.92711
vn -0.09047 0.40757 0.90868
vn 0.05290 0.32254 0.94508
vn -0.32245 0.19184 0.92694
vn -0.41487 0.04063 0.90897
vn -0.29243 0.15153 0.94421
vn -0.11260 -0.22996 0.96666
vn 0.18395 -0.17630 0.96700
vn 0.22330 0.12066 0.96725
vn -0.04727 0.25300 0.96631
vn -0.25373 0.03377 0.96669
vn -0.00199 -0.20387 0.97900
vn 0.19131 -0.06106 0.97963
vn 0.11511 0.16454 0.97963
vn -0.12266 0.16479 0.97867
vn -0.19619 -0.06870 0.97816
vn -0.03220 -0.30300 0.95245
vn 0.27718 -0.12249 0.95298
vn 0.20077 0.22697 0.95298
vn -0.15418 0.26430 0.95204
vn -0.29986 -0.06799 0.95156
vn -0.00095 -0.08133 0.99669
vn 0.05991 -0.41727 0.90680
vn -0.05641 -0.47433 0.87854
vn 0.07722 -0.02715 0.99664
vn 0.41340 -0.07054 0.90781
vn 0.43292 -0.19969 0.87904
vn 0.04942 0.06719 0.99652
vn 0.19577 0.37147 0.90757
vn 0.32302 0.34828 0.87997
vn -0.04834 0.06761 0.99654
vn -0.29173 0.30194 0.90760
vn -0.23155 0.41887 0.87803
vn -0.07855 -0.02378 0.99663
vn -0.37714 -0.18443 0.90760
vn -0.47068 -0.09518 0.87715
vn -0.13247 0.31523 0.93972
vn -0.34016 -0.03028 0.93988
vn -0.07647 -0.33141 0.94038
vn 0.28998 -0.17391 0.94110
vn 0.25533 0.22380 0.94059
vn -0.24939 0.49908 0.82989
vn -0.55111 -0.08375 0.83022
vn -0.09122 -0.55057 0.82979
vn 0.49400 -0.25620 0.83086
vn 0.39736 0.39253 0.82947
vn -0.20103 0.24212 0.94919
vn -0.32458 0.26422 0.90820
vn -0.29553 0.34401 0.89124
vn -0.28997 -0.11619 0.94996
vn -0.35064 -0.22793 0.90835
vn -0.41842 -0.17602 0.89103
vn 0.02108 -0.31299 0.94952
vn 0.11031 -0.40429 0.90796
vn 0.03751 -0.45352 0.89045
vn 0.30359 -0.07815 0.94959
vn 0.41821 -0.02347 0.90805
vn 0.43988 -0.10603 0.89178
vn 0.17046 0.26496 0.94907
vn 0.14981 0.39058 0.90830
vn 0.23525 0.38798 0.89114
vn -0.03405 -0.10436 0.99396
vn -0.13667 0.25080 0.95834
vn -0.16068 0.38075 0.91061
vn 0.08395 -0.06715 0.99420
vn -0.27577 -0.05556 0.95962
vn -0.40708 -0.03658 0.91266
vn 0.08523 0.06364 0.99433
vn -0.03687 -0.27813 0.95984
vn -0.09337 -0.39793 0.91265
vn -0.02983 0.10286 0.99425
vn 0.25512 -0.11776 0.95971
vn 0.34817 -0.21023 0.91356
vn -0.09862 0.00202 0.99512
vn 0.19852 0.20520 0.95838
vn 0.30663 0.26465 0.91430
vn -0.00919 -0.33406 0.94251
vn 0.31700 -0.11306 0.94166
vn 0.20411 0.25805 0.94433
vn -0.18203 0.27851 0.94303
vn -0.32316 -0.09244 0.94182
vn -0.09406 -0.20659 0.97390
vn -0.21047 0.29663 0.93151
vn -0.28353 -0.14155 0.94846
vn 0.15889 -0.15131 0.97563
vn -0.34485 -0.10455 0.93282
vn 0.05667 -0.30841 0.94957
vn 0.19738 0.09779 0.97544
vn -0.01036 -0.36912 0.92933
vn 0.31118 -0.05613 0.94869
vn -0.02815 0.21629 0.97592
vn 0.34961 -0.12450 0.92859
vn 0.14532 0.28183 0.94840
vn -0.20168 0.03953 0.97865
vn 0.21299 0.28633 0.93416
vn -0.21333 0.22592 0.95050
vn -0.33409 0.26196 0.90541
vn -0.35354 -0.23341 0.90583
vn 0.12011 -0.40449 0.90662
vn 0.42299 -0.01397 0.90603
vn 0.14250 0.39724 0.90658
vn -0.40355 -0.00081 0.91496
vn -0.45112 0.28481 0.84580
vn -0.67008 0.21297 0.71108
vn -0.12946 -0.37816 0.91664
vn -0.39273 -0.35190 0.84967
vn -0.39803 -0.57670 0.71343
vn 0.29833 -0.27607 0.91367
vn 0.18904 -0.50978 0.83928
vn 0.43197 -0.54709 0.71700
vn 0.35265 0.20276 0.91352
vn 0.54361 0.02531 0.83895
vn 0.66189 0.23194 0.71282
vn -0.10937 0.38974 0.91441
vn 0.09454 0.51885 0.84962
vn -0.02571 0.70046 0.71323
vn -0.68058 0.10610 0.72495
vn -0.30021 -0.61732 0.72718
vn 0.48192 -0.48719 0.72828
vn 0.60880 0.31375 0.72864
vn -0.16281 0.67548 0.71918
vn -0.19869 -0.04257 0.97914
vn -0.01945 -0.20679 0.97819
vn 0.18966 -0.08159 0.97845
vn 0.13287 0.15481 0.97897
vn -0.10753 0.17538 0.97861
vn -0.39502 0.19969 0.89671
vn 0.09041 -0.15619 0.98358
vn -0.42360 0.23378 0.87516
vn -0.30810 -0.31115 0.89903
vn 0.18536 0.04643 0.98157
vn -0.35869 -0.32850 0.87374
vn 0.20515 -0.38908 0.89807
vn 0.01294 0.19125 0.98146
vn 0.20786 -0.43765 0.87479
vn 0.43975 0.07064 0.89534
vn -0.17603 0.06827 0.98201
vn 0.48264 0.06056 0.87373
vn 0.06548 0.43530 0.89790
vn -0.12053 -0.14855 0.98153
vn 0.09398 0.47844 0.87308
vn 0.51099 -0.36967 0.77603
vn 0.51409 0.37431 0.77175
vn -0.19661 0.59826 0.77681
vn -0.63116 -0.00533 0.77563
vn -0.19301 -0.59946 0.77679
vn 0.11277 -0.23385 0.96571
vn 0.25403 0.03131 0.96669
vn 0.04800 0.25469 0.96583
vn -0.22745 0.12273 0.96603
vn -0.18932 -0.18542 0.96425
vn -0.44203 0.00699 0.89697
vn -0.14276 -0.41605 0.89807
vn 0.35080 -0.25981 0.89969
vn 0.34595 0.25971 0.90159
vn -0.13338 0.41394 0.90048
vn -0.55630 0.17389 0.81258
vn -0.34464 -0.47317 0.81076
vn 0.34227 -0.46756 0.81500
vn 0.55621 0.18198 0.81087
vn -0.00062 0.58403 0.81173
vn -0.31495 0.06007 0.94721
vn -0.15598 -0.28399 0.94606
vn 0.21435 -0.23027 0.94923
vn 0.28190 0.13516 0.94987
vn -0.04387 0.30760 0.95050
vn 0.31224 -0.30072 0.90115
vn 0.39991 0.21060 0.89203
vn -0.07860 0.44422 0.89246
vn -0.44671 0.05653 0.89289
vn -0.19714 -0.40783 0.89152
vn 0.44694 -0.52301 0.72574
vn 0.64179 0.25845 0.72202
vn -0.04693 0.68373 0.72823
vn -0.66813 0.16477 0.72557
vn -0.36267 -0.58091 0.72870
vn 0.17036 -0.38138 0.90859
vn 0.41772 0.03560 0.90788
vn 0.09119 0.40910 0.90792
vn -0.35694 0.21078 0.91003
vn -0.31107 -0.27747 0.90898
vn -0.04982 -0.64952 0.75871
vn 0.60129 -0.24801 0.75957
vn 0.42130 0.49252 0.76154
vn -0.33728 0.55839 0.75792
vn -0.62975 -0.15690 0.76078
vn 0.10425 -0.67272 0.73251
vn 0.66716 -0.10835 0.73699
vn 0.30932 0.60442 0.73417
vn -0.47513 0.48568 0.73374
vn -0.60681 -0.31398 0.73021
vn 0.09793 -0.41357 0.90519
vn 0.41977 -0.03860 0.90681
vn 0.16995 0.38067 0.90896
vn -0.32929 0.27893 0.90209
vn -0.36743 -0.22429 0.90260
vn -0.35493 -0.14327 0.92385
vn 0.00237 -0.39244 0.91977
vn 0.37183 -0.12143 0.92033
vn 0.20927 0.32001 0.92401
vn -0.23830 0.30777 0.92114
vn -0.39399 -0.36499 0.84353
vn 0.20847 -0.49641 0.84268
vn 0.54038 0.04996 0.83994
vn 0.11429 0.52897 0.84091
vn -0.45653 0.28218 0.84377
vn -0.69854 -0.09711 0.70896
vn -0.12382 -0.69524 0.70803
vn 0.62378 -0.32727 0.70979
vn 0.49970 0.49688 0.70951
vn -0.27844 0.62481 0.72944
vn -0.84091 0.02700 0.54050
vn -0.72277 -0.27831 0.63258
vn -0.83095 0.27514 0.48354
vn -0.28450 -0.79577 0.53461
vn 0.00813 -0.78882 0.61458
vn -0.50845 -0.71098 0.48579
vn 0.65938 -0.53665 0.52652
vn 0.75817 -0.22969 0.61026
vn 0.50928 -0.71202 0.48338
vn 0.70317 0.46558 0.53739
vn 0.45569 0.64779 0.61050
vn 0.83569 0.25778 0.48495
vn -0.46980 0.63457 0.61368
vn -0.21296 0.82556 0.52259
vn -0.00518 0.87022 0.49263
vn -0.44531 -0.65015 0.61563
vn 0.48689 -0.62734 0.60776
vn 0.75198 0.27026 0.60124
vn -0.02927 0.79784 0.60216
vn -0.74820 0.25044 0.61439
vn -0.23591 -0.83476 0.49752
vn -0.14344 -0.79188 0.59359
vn 0.72173 -0.47653 0.50201
vn 0.72387 -0.36663 0.58445
vn 0.68094 0.53907 0.49571
vn 0.57385 0.58015 0.57803
vn -0.30023 0.81262 0.49951
vn -0.37631 0.72606 0.57552
vn -0.86860 -0.03676 0.49415
vn -0.80325 -0.12616 0.58212
vn -0.22151 -0.87403 0.43244
vn -0.49311 -0.68499 0.53631
vn -0.72311 -0.35968 0.58970
vn 0.78115 -0.46488 0.41676
vn 0.52237 -0.67242 0.52439
vn 0.09219 -0.81076 0.57807
vn 0.68514 0.60315 0.40841
vn 0.80165 0.28570 0.52511
vn 0.79687 -0.16726 0.58054
vn -0.36253 0.83709 0.40970
vn -0.01501 0.85245 0.52260
vn 0.41776 0.69541 0.58471
vn -0.89829 -0.06451 0.43464
vn -0.81201 0.25511 0.52493
vn -0.56453 0.58653 0.58077
vn -0.34891 -0.87707 0.33018
vn 0.73507 -0.60680 0.30244
vn 0.79556 0.52376 0.30455
vn -0.25189 0.92194 0.29426
vn -0.94829 0.05765 0.31212
vn -0.36457 -0.80671 0.46509
vn 0.65056 -0.57732 0.49342
vn 0.74186 0.46298 0.48507
vn -0.20646 0.85893 0.46864
vn -0.88658 0.08935 0.45387
vn -0.66871 -0.40471 0.62372
vn -0.53338 -0.55149 0.64138
vn -0.34918 -0.67037 0.65474
vn 0.13732 -0.75560 0.64048
vn 0.38320 -0.64163 0.66443
vn 0.52505 -0.49672 0.69108
vn 0.75606 -0.12223 0.64299
vn 0.73324 0.14908 0.66343
vn 0.62800 0.36521 0.68720
vn 0.36467 0.67384 0.64262
vn 0.11161 0.74190 0.66116
vn -0.14129 0.71055 0.68932
vn -0.56770 0.52679 0.63262
vn -0.67768 0.35024 0.64659
vn -0.71576 0.09524 0.69182
vn -0.23451 -0.85436 0.46376
vn -0.48384 -0.79560 0.36459
vn 0.73436 -0.50070 0.45827
vn 0.60067 -0.72083 0.34582
vn 0.69646 0.54595 0.46571
vn 0.86092 0.35539 0.36401
vn -0.32977 0.82606 0.45703
vn -0.07676 0.93073 0.35757
vn -0.88289 -0.07763 0.46311
vn -0.90865 0.21736 0.35652
vn -0.08650 -0.76721 0.63553
vn 0.67993 -0.36777 0.63438
vn 0.55451 0.55570 0.61945
vn -0.40289 0.66160 0.63243
vn -0.75480 -0.18383 0.62967
vn -0.00520 -0.70697 0.70723
vn -0.11783 -0.60946 0.78401
vn -0.48990 -0.41694 0.76561
vn 0.64359 -0.23342 0.72890
vn 0.53925 -0.32564 0.77664
vn 0.26030 -0.57896 0.77269
vn 0.40354 0.56005 0.72353
vn 0.45748 0.42689 0.78005
vn 0.62467 0.03646 0.78004
vn -0.42454 0.57333 0.70076
vn -0.27878 0.55382 0.78458
vn 0.17670 0.60221 0.77854
vn -0.65878 -0.24485 0.71137
vn -0.60517 -0.07939 0.79213
vn -0.54164 0.32537 0.77509
vn 0.05445 -0.69915 0.71290
vn 0.64301 -0.11871 0.75660
vn 0.29142 0.58672 0.75554
vn -0.50180 0.46813 0.72735
vn -0.59709 -0.34128 0.72596
vn 0.32795 -0.28141 0.90181
vn 0.07945 -0.39437 0.91551
vn -0.16647 -0.37815 0.91065
vn 0.36334 0.22451 0.90420
vn 0.41219 -0.04225 0.91012
vn -0.09119 0.40960 0.90770
vn 0.17246 0.37335 0.91152
vn -0.43543 0.03028 0.89971
vn -0.32177 0.26859 0.90792
vn -0.35684 -0.21946 0.90802
vn -0.00158 -0.00951 0.99995
vn -0.06609 0.51943 0.85195
vn 0.25541 -0.25305 0.93313
vn -0.27022 0.50680 0.81862
vn -0.51344 0.09822 0.85249
vn 0.31770 0.16465 0.93379
vn -0.56734 -0.10244 0.81709
vn -0.24900 -0.45867 0.85300
vn -0.05835 0.35392 0.93345
vn -0.07949 -0.56977 0.81795
vn 0.35866 -0.37948 0.85285
vn -0.35472 0.05262 0.93349
vn 0.51571 -0.24852 0.81993
vn 0.47273 0.22501 0.85199
vn -0.15918 -0.31968 0.93406
vn 0.39745 0.41640 0.81771
vn 0.02783 -0.53128 0.84674
vn 0.51302 -0.14053 0.84679
vn 0.29075 0.44470 0.84718
vn -0.33533 0.41589 0.84533
vn -0.49765 -0.18971 0.84638
vn -0.09265 -0.60107 0.79381
vn 0.54444 -0.28047 0.79052
vn 0.43166 0.42756 0.79427
vn -0.27776 0.54235 0.79291
vn -0.60279 -0.09752 0.79192
vn -0.25761 0.43745 0.86156
vn -0.49716 -0.11466 0.86005
vn -0.04830 -0.50883 0.85951
vn 0.46508 -0.20055 0.86225
vn 0.33375 0.38323 0.86125
vn -0.39287 0.73986 0.54613
vn -0.26837 0.43008 0.86198
vn -0.21100 0.51372 0.83161
vn -0.82355 -0.14577 0.54820
vn -0.49697 -0.12137 0.85924
vn -0.55407 -0.04022 0.83149
vn -0.11769 -0.82842 0.54760
vn -0.03676 -0.50900 0.85998
vn -0.13009 -0.54026 0.83138
vn 0.75228 -0.36604 0.54780
vn 0.46964 -0.18757 0.86270
vn 0.47418 -0.28612 0.83264
vn 0.58236 0.60109 0.54731
vn 0.32934 0.38956 0.86010
vn 0.41967 0.35996 0.83325
vn 0.50041 0.04929 0.86439
vn 0.00750 0.88145 0.47222
vn 0.12812 -0.66135 0.73905
vn 0.16000 -0.70419 0.69175
vn 0.01862 -0.57259 0.81963
vn 0.10850 0.49204 0.86379
vn -0.83319 0.28076 0.47642
vn 0.66747 -0.08360 0.73992
vn 0.72003 -0.06446 0.69095
vn 0.55170 -0.16352 0.81785
vn -0.43915 0.25308 0.86203
vn -0.53084 -0.70457 0.47095
vn 0.28360 0.61071 0.73933
vn 0.27877 0.66488 0.69298
vn 0.32332 0.47384 0.81911
vn -0.37416 -0.33888 0.86323
vn 0.51231 -0.71949 0.46890
vn -0.49263 0.46022 0.73858
vn -0.54387 0.47322 0.69301
vn -0.35247 0.45438 0.81811
vn 0.20578 -0.46038 0.86354
vn 0.84284 0.26295 0.46956
vn -0.58888 -0.32492 0.74003
vn -0.61827 -0.36958 0.69365
vn -0.54118 -0.19413 0.81819
vn -0.40000 0.90004 0.17299
vn -0.18439 0.79903 0.57232
vn -0.27631 -0.15946 0.94775
vn -0.78062 0.40214 0.47845
vn -0.97821 -0.10142 0.18117
vn -0.81532 0.07285 0.57441
vn 0.07127 -0.31382 0.94681
vn -0.62240 -0.61944 0.47844
vn -0.21144 -0.96142 0.17598
vn -0.33023 -0.75203 0.57044
vn 0.30886 -0.03070 0.95061
vn 0.39536 -0.78295 0.48029
vn 0.85139 -0.49577 0.17130
vn 0.61963 -0.54559 0.56427
vn 0.13261 0.28418 0.94956
vn 0.86939 0.13121 0.47640
vn 0.73598 0.65440 0.17348
vn 0.71312 0.41707 0.56348
vn -0.22779 0.21371 0.94997
vn 0.14669 0.86560 0.47877
vn -0.48910 -0.52060 0.69982
vn 0.34449 -0.62567 0.69991
vn 0.69642 0.13253 0.70529
vn 0.09228 0.70551 0.70267
vn -0.64320 0.30546 0.70214
vn -0.37753 -0.27098 0.88546
vn 0.13791 -0.44378 0.88546
vn 0.46451 -0.00551 0.88555
vn 0.15068 0.43940 0.88556
vn -0.37169 0.27785 0.88580
vn 0.04682 -0.57708 0.81535
vn 0.56404 -0.13222 0.81509
vn 0.30031 0.49574 0.81490
vn -0.37887 0.43830 0.81508
vn -0.53498 -0.22267 0.81499
vn -0.48673 0.47700 0.73183
vn -0.22223 0.40126 0.88860
vn -0.03409 -0.21316 0.97642
vn 0.08285 -0.53293 0.84209
vn -0.60355 -0.31996 0.73031
vn -0.45129 -0.08612 0.88821
vn 0.18949 -0.09643 0.97714
vn 0.53363 -0.08497 0.84144
vn 0.11492 -0.67329 0.73039
vn -0.05606 -0.45655 0.88793
vn 0.15381 0.15211 0.97632
vn 0.24502 0.47985 0.84245
vn 0.67654 -0.09845 0.72980
vn 0.41550 -0.19624 0.88817
vn -0.09621 0.18881 0.97729
vn -0.38177 0.37741 0.84369
vn 0.30309 0.61146 0.73092
vn 0.31412 0.33658 0.88772
vn -0.21189 -0.03169 0.97678
vn -0.47963 -0.24469 0.84266
vn -0.27540 0.47705 0.83461
vn -0.16409 0.47184 0.86628
vn -0.54021 -0.11378 0.83381
vn -0.49977 -0.00867 0.86612
vn -0.05620 -0.55006 0.83323
vn -0.14688 -0.47786 0.86607
vn 0.50122 -0.22457 0.83567
vn 0.40998 -0.28522 0.86635
vn 0.37167 0.40973 0.83306
vn 0.39952 0.30241 0.86541
vn -0.00502 0.54352 0.83938
vn 0.33600 -0.36555 0.86803
vn -0.24536 0.51923 0.81865
vn -0.51860 0.16533 0.83888
vn 0.45249 0.20563 0.86774
vn -0.56879 -0.07304 0.81924
vn -0.31581 -0.44165 0.83977
vn -0.05617 0.49478 0.86720
vn -0.10763 -0.56261 0.81968
vn 0.32169 -0.43759 0.83966
vn -0.48678 0.09771 0.86804
vn 0.50236 -0.27719 0.81902
vn 0.51535 0.17253 0.83943
vn -0.24202 -0.43223 0.86868
vn 0.41882 0.39286 0.81869
vn 0.07363 -0.56278 0.82332
vn 0.56127 -0.10794 0.82056
vn 0.27192 0.49929 0.82266
vn -0.38899 0.41630 0.82181
vn -0.51267 -0.24325 0.82341
vn 0.28083 0.72087 0.63363
vn 0.40593 -0.29704 0.86428
vn -0.33913 0.75969 0.55486
vn -0.45843 0.85673 0.23633
vn -0.25856 0.49443 0.82987
vn -0.59664 0.49440 0.63213
vn 0.41699 0.29327 0.86030
vn -0.82830 -0.08825 0.55329
vn -0.95652 -0.17309 0.23477
vn -0.54994 -0.09608 0.82966
vn -0.65105 -0.41446 0.63588
vn -0.14764 0.48743 0.86059
vn -0.17065 -0.81441 0.55463
vn -0.12587 -0.96402 0.23413
vn -0.08179 -0.55123 0.83034
vn 0.19244 -0.75137 0.63120
vn -0.50881 0.00430 0.86087
vn 0.71943 -0.41627 0.55601
vn 0.87225 -0.42815 0.23636
vn 0.50137 -0.24686 0.82927
vn 0.77251 -0.04434 0.63346
vn -0.15770 -0.47713 0.86457
vn 0.61729 0.55711 0.55551
vn 0.67180 0.70369 0.23132
vn 0.39021 0.40369 0.82751
vn 0.02522 -0.85643 0.51565
vn 0.05275 -0.64606 0.76146
vn 0.10113 -0.55435 0.82611
vn 0.82294 -0.24003 0.51493
vn 0.63202 -0.14981 0.76033
vn 0.56383 -0.07601 0.82239
vn 0.48200 0.70915 0.51457
vn 0.33483 0.55332 0.76271
vn 0.24608 0.51139 0.82336
vn -0.52762 0.67521 0.51547
vn -0.42304 0.49042 0.76193
vn -0.41231 0.39569 0.82063
vn -0.80582 -0.29110 0.51567
vn -0.59648 -0.25037 0.76258
vn -0.49844 -0.26836 0.82434
vn -0.40532 0.44067 0.80095
vn -0.48849 -0.69780 0.52389
vn -0.55907 -0.58189 0.59063
vn -0.53520 -0.24829 0.80741
vn 0.51484 -0.67448 0.52916
vn 0.38162 -0.70904 0.59298
vn 0.07947 -0.58928 0.80401
vn 0.80615 0.28020 0.52116
vn 0.79209 0.14189 0.59368
vn 0.58167 -0.12096 0.80438
vn -0.01888 0.84732 0.53075
vn 0.10764 0.79746 0.59370
vn 0.29378 0.53115 0.79471
vn -0.81278 0.25364 0.52445
vn -0.72394 0.35277 0.59285
vn -0.91778 0.21600 0.33319
vn -0.48780 -0.80559 0.33628
vn 0.61941 -0.71299 0.32859
vn 0.86903 0.35858 0.34089
vn -0.07634 0.94149 0.32827
vn -0.51258 0.28130 0.81125
vn -0.42514 -0.40113 0.81139
vn 0.24863 -0.52878 0.81153
vn 0.57994 0.07452 0.81124
vn 0.11044 0.57646 0.80963
vn -0.30414 0.52061 0.79779
vn -0.59019 -0.12676 0.79725
vn -0.05934 -0.59866 0.79880
vn 0.55225 -0.24276 0.79755
vn 0.40305 0.45007 0.79687
vn -0.20931 -0.32484 0.92232
vn -0.27361 0.30349 0.91271
vn -0.06395 -0.23898 0.96892
vn -0.28652 0.48803 0.82446
vn 0.24513 -0.29911 0.92220
vn -0.37266 -0.16754 0.91272
vn 0.20828 -0.13694 0.96843
vn -0.55131 -0.12152 0.82541
vn 0.35967 0.13895 0.92268
vn 0.04416 -0.40480 0.91334
vn 0.19519 0.15711 0.96810
vn -0.05573 -0.56103 0.82592
vn -0.02122 0.38664 0.92199
vn 0.39925 -0.08421 0.91297
vn -0.08780 0.23262 0.96860
vn 0.51706 -0.22656 0.82542
vn -0.37205 0.10180 0.92261
vn 0.20564 0.35394 0.91238
vn -0.24682 -0.01001 0.96901
vn 0.37704 0.42080 0.82509
vn 0.09569 -0.54750 0.83131
vn 0.04198 -0.53489 0.84388
vn 0.55484 -0.07912 0.82819
vn 0.52498 -0.12354 0.84210
vn 0.24680 0.50071 0.82968
vn 0.28160 0.45934 0.84244
vn -0.40278 0.39251 0.82686
vn -0.35453 0.40909 0.84081
vn -0.49287 -0.26135 0.82993
vn -0.49914 -0.20442 0.84206
vn -0.24754 0.36997 0.89546
vn -0.06430 -0.23280 0.97040
vn -0.27613 0.46318 0.84215
vn -0.42844 -0.12201 0.89529
vn 0.20044 -0.13142 0.97085
vn -0.52118 -0.12055 0.84489
vn -0.01600 -0.44322 0.89627
vn 0.18765 0.15160 0.97047
vn -0.04596 -0.53052 0.84643
vn 0.41857 -0.15238 0.89531
vn -0.08420 0.22484 0.97075
vn 0.49343 -0.20807 0.84453
vn 0.27397 0.34863 0.89632
vn -0.24129 -0.01124 0.97039
vn 0.35519 0.40408 0.84295
vn 0.03454 -0.54978 0.83459
vn 0.53439 -0.13633 0.83417
vn 0.29780 0.46814 0.83196
vn -0.35340 0.42171 0.83503
vn -0.51093 -0.20407 0.83505
vn -0.20954 0.35122 0.91254
vn -0.03288 -0.21089 0.97696
vn 0.04957 -0.55529 0.83018
vn -0.40079 -0.08910 0.91183
vn 0.19035 -0.09669 0.97694
vn 0.54324 -0.12344 0.83045
vn -0.03693 -0.40690 0.91272
vn 0.15171 0.15150 0.97674
vn 0.28708 0.48204 0.82778
vn 0.37665 -0.16181 0.91211
vn -0.09514 0.18835 0.97748
vn -0.36516 0.42150 0.83005
vn 0.26928 0.30653 0.91298
vn -0.20892 -0.03442 0.97733
vn -0.51382 -0.21735 0.82991
vn -0.25452 0.51245 0.82013
vn -0.56354 -0.08442 0.82176
vn -0.09267 -0.55992 0.82335
vn 0.50652 -0.26237 0.82134
vn 0.40576 0.39991 0.82184
vn 0.10471 0.50939 0.85414
vn 0.25661 -0.43269 0.86425
vn -0.20238 0.57567 0.79224
vn -0.45435 0.25490 0.85357
vn 0.49248 0.11072 0.86325
vn -0.60988 -0.01514 0.79235
vn -0.38438 -0.35076 0.85394
vn 0.04691 0.50295 0.86304
vn -0.17335 -0.58255 0.79410
vn 0.21565 -0.47479 0.85327
vn -0.46186 0.19990 0.86413
vn 0.50241 -0.34705 0.79192
vn 0.51817 0.05683 0.85339
vn -0.33375 -0.37863 0.86328
vn 0.48496 0.36888 0.79293
vn 0.71744 0.04247 0.69532
vn 0.37339 0.86000 0.34781
vn 0.22269 -0.80931 0.54354
vn 0.04826 -0.73100 0.68067
vn 0.05096 -0.57282 0.81809
vn 0.01539 -0.59710 0.80202
vn 0.17555 0.68964 0.70256
vn -0.70847 0.61293 0.34985
vn 0.84008 -0.04110 0.54090
vn 0.71147 -0.18163 0.67884
vn 0.55869 -0.12807 0.81943
vn 0.57085 -0.17337 0.80254
vn -0.59977 0.38353 0.70227
vn -0.80433 -0.48145 0.34822
vn 0.29992 0.78597 0.54065
vn 0.38976 0.62037 0.68061
vn 0.29856 0.49758 0.81442
vn 0.33564 0.49959 0.79860
vn -0.54974 -0.45303 0.70182
vn 0.21041 -0.91183 0.35255
vn -0.65696 0.52594 0.54018
vn -0.46938 0.56297 0.68025
vn -0.37712 0.43701 0.81658
vn -0.36482 0.47244 0.80231
vn 0.25712 -0.66349 0.70261
vn 0.93160 -0.08003 0.35458
vn -0.70310 -0.46111 0.54132
vn -0.68114 -0.27333 0.67922
vn -0.53156 -0.22488 0.81662
vn -0.56112 -0.20079 0.80301
vn -0.29856 0.83115 0.46910
vn -0.22276 0.96046 0.16702
vn -0.42627 0.60478 0.67271
vn -0.88187 -0.03110 0.47047
vn -0.98464 0.08298 0.15361
vn -0.70344 -0.21817 0.67645
vn -0.24375 -0.84841 0.46987
vn -0.37971 -0.91194 0.15553
vn -0.00688 -0.73848 0.67424
vn 0.73228 -0.49253 0.47030
vn 0.75033 -0.64165 0.15905
vn 0.69892 -0.23764 0.67456
vn 0.69791 0.54270 0.46733
vn 0.84126 0.51371 0.16845
vn 0.44057 0.59252 0.67440
vn 0.18228 0.78959 0.58594
vn -0.01939 -0.28658 0.95786
vn -0.69407 0.48358 0.53330
vn -0.70776 0.41287 0.57325
vn 0.25745 -0.11382 0.95957
vn -0.68151 -0.51043 0.52442
vn -0.60519 -0.54353 0.58166
vn 0.19170 0.21012 0.95870
vn 0.27642 -0.80372 0.52690
vn 0.32886 -0.74194 0.58428
vn -0.14667 0.24838 0.95749
vn 0.84957 0.01863 0.52715
vn 0.79861 0.08427 0.59592
vn -0.28709 -0.06239 0.95587
vn 0.24241 0.81373 0.52829
vn -0.52838 -0.53049 0.66287
vn 0.34001 -0.67176 0.65813
vn 0.74087 0.11453 0.66182
vn 0.11857 0.74202 0.65980
vn -0.67289 0.33917 0.65740
vn -0.30000 -0.39906 0.86646
vn 0.28494 -0.40786 0.86745
vn 0.47450 0.14423 0.86836
vn 0.01223 0.49591 0.86829
vn -0.47138 0.16362 0.86662
vn 0.01599 -0.61897 0.78525
vn 0.59431 -0.17463 0.78505
vn 0.34887 0.51267 0.78451
vn -0.37757 0.49156 0.78474
vn -0.58352 -0.20611 0.78551
vn -0.63646 0.38168 0.67026
vn -0.30674 0.32399 0.89495
vn -0.07356 -0.19618 0.97781
vn 0.08402 -0.59386 0.80017
vn -0.56078 -0.48647 0.66998
vn -0.40406 -0.19120 0.89453
vn 0.16421 -0.13077 0.97772
vn 0.59096 -0.10305 0.80009
vn 0.28830 -0.68446 0.66963
vn 0.05472 -0.44240 0.89515
vn 0.17496 0.11553 0.97777
vn 0.28253 0.52985 0.79964
vn 0.73976 0.06478 0.66974
vn 0.43844 -0.08461 0.89477
vn -0.05428 0.20105 0.97808
vn -0.41717 0.43153 0.79985
vn 0.16529 0.72621 0.66730
vn 0.21387 0.39169 0.89489
vn -0.21035 0.00932 0.97758
vn -0.53761 -0.26375 0.80088
vn -0.39678 0.59848 0.69598
vn -0.33944 0.59614 0.72759
vn -0.68909 -0.19233 0.69869
vn -0.67055 -0.13833 0.72885
vn -0.03172 -0.71465 0.69876
vn -0.07571 -0.68130 0.72808
vn 0.66969 -0.24911 0.69962
vn 0.62564 -0.28132 0.72763
vn 0.44353 0.56213 0.69806
vn 0.46053 0.50574 0.72948
vn -0.13653 0.54990 0.82399
vn 0.32620 -0.19480 0.92501
vn -0.33363 0.64042 0.69177
vn -0.56282 0.04026 0.82560
vn 0.28281 0.25093 0.92577
vn -0.70892 -0.11790 0.69536
vn -0.21211 -0.52431 0.82469
vn -0.14781 0.34878 0.92548
vn -0.10820 -0.71344 0.69231
vn 0.43377 -0.36526 0.82367
vn -0.37770 -0.03446 0.92529
vn 0.64991 -0.32284 0.68803
vn 0.48172 0.29810 0.82406
vn -0.08220 -0.37135 0.92485
vn 0.50513 0.51306 0.69398
vn 0.06657 -0.67836 0.73171
vn 0.66601 -0.14634 0.73145
vn 0.34437 0.58883 0.73123
vn -0.45399 0.50837 0.73174
vn -0.62256 -0.27445 0.73287
vn 0.02293 0.74027 0.67192
vn 0.39528 -0.31582 0.86256
vn -0.16829 -0.85382 0.49262
vn 0.07134 -0.80856 0.58407
vn -0.69540 0.25437 0.67210
vn 0.41042 0.28680 0.86562
vn 0.75621 -0.41302 0.50750
vn 0.78917 -0.18008 0.58718
vn -0.45408 -0.57979 0.67650
vn -0.13696 0.48655 0.86285
vn 0.63346 0.59417 0.49568
vn 0.41540 0.69395 0.58811
vn 0.40936 -0.61744 0.67170
vn -0.50627 0.01554 0.86224
vn -0.37721 0.77826 0.50201
vn -0.53346 0.60742 0.58861
vn 0.71153 0.20122 0.67323
vn -0.17687 -0.47778 0.86049
vn -0.86254 -0.10721 0.49450
vn -0.74485 -0.31675 0.58725
vn -0.44030 0.73427 0.51671
vn -0.58333 0.76585 0.27055
vn -0.56583 -0.13062 0.81411
vn -0.59441 0.62235 0.50928
vn -0.81926 0.40751 0.40343
vn -0.83008 -0.19432 0.52269
vn -0.90648 -0.31612 0.27993
vn -0.05547 -0.56412 0.82383
vn -0.77949 -0.36043 0.51234
vn -0.64448 -0.64685 0.40772
vn -0.07135 -0.85025 0.52153
vn 0.02988 -0.95926 0.28095
vn 0.53208 -0.22279 0.81686
vn 0.11503 -0.85047 0.51329
vn 0.42457 -0.80958 0.40536
vn 0.78883 -0.33664 0.51422
vn 0.92078 -0.27613 0.27553
vn 0.37209 0.42685 0.82422
vn 0.84156 -0.15558 0.51727
vn 0.90143 0.15013 0.40606
vn 0.56238 0.64557 0.51669
vn 0.54370 0.79288 0.27519
vn -0.30286 0.48839 0.81838
vn 0.40203 0.75488 0.51820
vn 0.12981 0.90394 0.40749
vn -0.66882 -0.46885 0.57694
vn 0.23670 -0.77679 0.58358
vn 0.81444 -0.01665 0.58001
vn 0.26104 0.76605 0.58739
vn -0.65095 0.49071 0.57920
vn -0.19310 -0.41859 0.88741
vn 0.33807 -0.31480 0.88691
vn 0.40254 0.22431 0.88749
vn -0.08755 0.44964 0.88891
vn -0.45708 0.05496 0.88772
vn 0.02610 -0.73556 0.67695
vn 0.09809 -0.66608 0.73940
vn 0.70809 -0.20563 0.67552
vn 0.66596 -0.11122 0.73765
vn 0.41222 0.61064 0.67616
vn 0.31592 0.59703 0.73739
vn -0.45487 0.57754 0.67790
vn -0.46936 0.48333 0.73899
vn -0.69181 -0.25142 0.67689
vn -0.60417 -0.29909 0.73860
vn -0.49382 0.38985 0.77728
vn -0.36612 0.24250 0.89842
vn -0.12455 -0.36108 0.92418
vn 0.02796 -0.61375 0.78901
vn -0.52472 -0.35017 0.77592
vn -0.34407 -0.27188 0.89872
vn 0.30616 -0.22949 0.92391
vn 0.59125 -0.16008 0.79044
vn 0.16925 -0.60489 0.77811
vn 0.15338 -0.40835 0.89985
vn 0.31464 0.22400 0.92240
vn 0.33503 0.51500 0.78901
vn 0.62997 -0.02760 0.77613
vn 0.43998 0.01854 0.89782
vn -0.10784 0.36454 0.92492
vn -0.38439 0.48118 0.78785
vn 0.21822 0.59023 0.77718
vn 0.11851 0.42487 0.89746
vn -0.38154 0.00828 0.92432
vn -0.57550 -0.21533 0.78895
vn -0.41014 0.63945 0.65030
vn -0.39404 0.62094 0.67762
vn -0.42663 0.58342 0.69109
vn -0.73252 -0.19534 0.65212
vn -0.71006 -0.18478 0.67946
vn -0.68613 -0.22474 0.69189
vn -0.04277 -0.75744 0.65151
vn -0.04751 -0.73088 0.68085
vn 0.00328 -0.72225 0.69162
vn 0.70875 -0.27989 0.64756
vn 0.68212 -0.27307 0.67833
vn 0.68511 -0.22021 0.69435
vn 0.48044 0.58987 0.64903
vn 0.47043 0.57019 0.67349
vn 0.42721 0.59045 0.68474
vn -0.31565 0.43500 0.84329
vn -0.11887 -0.32914 0.93677
vn -0.52337 0.54034 0.65888
vn -0.51091 -0.16447 0.84376
vn 0.27744 -0.21250 0.93695
vn -0.67548 -0.33102 0.65891
vn 0.00050 -0.53906 0.84227
vn 0.28840 0.19783 0.93685
vn 0.10641 -0.74748 0.65570
vn 0.50991 -0.16476 0.84430
vn -0.09512 0.33484 0.93746
vn 0.74148 -0.12315 0.65958
vn 0.32107 0.43733 0.84003
vn -0.34888 0.01243 0.93709
vn 0.35751 0.66498 0.65573
vn -0.06144 -0.63735 0.76812
vn 0.58331 -0.25456 0.77133
vn 0.42057 0.47701 0.77174
vn -0.32397 0.55113 0.76896
vn -0.62635 -0.13833 0.76717
vn 0.20196 -0.22724 0.95267
vn -0.23016 0.74345 0.62794
vn -0.04544 -0.83368 0.55037
vn -0.11759 -0.71916 0.68482
vn -0.18440 -0.58293 0.79132
vn 0.28056 0.12543 0.95161
vn -0.78000 0.00927 0.62571
vn 0.78373 -0.29758 0.54516
vn 0.65045 -0.33175 0.68327
vn 0.48866 -0.35306 0.79785
vn -0.03544 0.30579 0.95144
vn -0.24696 -0.73808 0.62790
vn 0.51589 0.65766 0.54895
vn 0.51183 0.51776 0.68553
vn 0.48975 0.36200 0.79315
vn -0.30142 0.05936 0.95164
vn 0.62430 -0.47457 0.62051
vn -0.46456 0.69570 0.54788
vn -0.33664 0.64833 0.68289
vn -0.19618 0.57915 0.79127
vn -0.15002 -0.26585 0.95227
vn 0.63941 0.44838 0.62459
vn -0.80159 -0.22314 0.55467
vn -0.72020 -0.11826 0.68362
vn -0.61179 -0.01036 0.79095
vn -0.63765 0.47878 0.60346
vn -0.66386 0.70508 0.24932
vn -0.30779 -0.17512 0.93520
vn -0.77401 0.56678 0.28226
vn -0.86131 0.26433 0.43390
vn -0.66050 -0.45583 0.59662
vn -0.88004 -0.40453 0.24877
vn 0.06742 -0.34954 0.93449
vn -0.78031 -0.55716 0.28406
vn -0.51964 -0.73328 0.43850
vn 0.23303 -0.76303 0.60289
vn 0.11997 -0.96028 0.25192
vn 0.34406 -0.04403 0.93791
vn 0.28237 -0.91805 0.27830
vn 0.53059 -0.72682 0.43612
vn 0.80312 -0.02519 0.59528
vn 0.94871 -0.20437 0.24120
vn 0.14818 0.31338 0.93800
vn 0.95699 -0.01594 0.28968
vn 0.89841 0.19883 0.39157
vn 0.26807 0.75461 0.59891
vn 0.47788 0.84261 0.24828
vn -0.25175 0.23321 0.93927
vn 0.31135 0.90646 0.28530
vn 0.08520 0.91543 0.39335
vn -0.70184 -0.51212 0.49513
vn 0.27488 -0.82420 0.49510
vn 0.86591 -0.00042 0.50020
vn 0.30843 0.78262 0.54072
vn -0.64641 0.53776 0.54127
vn -0.47177 -0.32643 0.81907
vn 0.16055 -0.54620 0.82212
vn 0.56840 -0.01441 0.82263
vn 0.11036 0.53815 0.83560
vn -0.47641 0.27201 0.83609
vn -0.19444 -0.44497 0.87418
vn 0.35374 -0.32310 0.87777
vn 0.41761 0.24868 0.87393
vn -0.11136 0.47594 0.87240
vn -0.48447 0.03853 0.87396
vn -0.62448 0.18117 0.75974
vn -0.43916 0.04414 0.89732
vn -0.37689 -0.21205 0.90166
vn -0.27012 -0.41080 0.87079
vn -0.37241 -0.53747 0.75660
vn -0.18714 -0.40107 0.89673
vn 0.08202 -0.42512 0.90141
vn 0.30589 -0.39130 0.86794
vn 0.39234 -0.51402 0.76279
vn 0.32783 -0.30534 0.89404
vn 0.43910 -0.04702 0.89721
vn 0.46913 0.18108 0.86436
vn 0.62209 0.25201 0.74128
vn 0.38781 0.21998 0.89510
vn 0.17739 0.40112 0.89869
vn -0.03156 0.50014 0.86537
vn -0.04822 0.67251 0.73852
vn -0.08580 0.43675 0.89548
vn -0.32387 0.29464 0.89905
vn -0.48072 0.12718 0.86760
vn -0.61252 0.48693 0.62267
vn -0.49216 0.36062 0.79229
vn -0.47771 0.25864 0.83958
vn -0.65581 -0.43050 0.62015
vn -0.49589 -0.35613 0.79200
vn -0.38886 -0.37281 0.84250
vn 0.20442 -0.75366 0.62467
vn 0.18488 -0.58350 0.79079
vn 0.23852 -0.49529 0.83534
vn 0.77776 -0.03586 0.62753
vn 0.61027 -0.00826 0.79215
vn 0.54720 0.07579 0.83356
vn 0.27589 0.72888 0.62659
vn 0.19366 0.57537 0.79464
vn 0.09888 0.54081 0.83531
vn -0.43567 0.03336 0.89949
vn -0.33790 -0.23572 0.91119
vn -0.55092 0.24769 0.79696
vn -0.17017 -0.40281 0.89933
vn 0.12166 -0.39603 0.91014
vn -0.40772 -0.44195 0.79903
vn 0.34106 -0.28670 0.89525
vn 0.41895 -0.01208 0.90793
vn 0.29956 -0.52829 0.79446
vn 0.38086 0.23442 0.89442
vn 0.13481 0.39822 0.90733
vn 0.59463 0.12472 0.79427
vn -0.10377 0.43171 0.89603
vn -0.33273 0.25162 0.90883
vn 0.06740 0.60320 0.79473
vn -0.26700 -0.34521 0.89974
vn 0.24641 -0.36209 0.89898
vn 0.41186 0.12194 0.90305
vn 0.01035 0.44139 0.89726
vn -0.41450 0.14984 0.89763
vn -0.72292 0.05645 0.68862
vn -0.53535 -0.47618 0.69761
vn -0.70999 0.43665 0.55250
vn -0.27565 -0.67202 0.68732
vn 0.27803 -0.65170 0.70569
vn -0.63916 -0.53800 0.54958
vn 0.55584 -0.46602 0.68838
vn 0.70981 0.04972 0.70264
vn 0.31629 -0.77208 0.55123
vn 0.61710 0.37703 0.69068
vn 0.15251 0.68451 0.71287
vn 0.83350 0.07243 0.54775
vn -0.17084 0.70523 0.68809
vn -0.61412 0.36229 0.70115
vn 0.19003 0.80611 0.56042
vn -0.40591 -0.50076 0.76451
vn 0.34717 -0.52822 0.77489
vn 0.60514 0.15135 0.78160
vn 0.03183 0.62758 0.77790
vn -0.59656 0.22414 0.77063
vn -0.13696 -0.50818 0.85029
vn -0.11295 -0.50913 0.85325
vn -0.16999 -0.43428 0.88459
vn -0.09709 -0.41453 0.90484
vn 0.43935 -0.29792 0.84748
vn 0.45440 -0.26989 0.84893
vn 0.36050 -0.30160 0.88265
vn 0.37589 -0.22406 0.89917
vn 0.42058 0.33157 0.84450
vn 0.39376 0.34726 0.85109
vn 0.39565 0.25707 0.88169
vn 0.33214 0.29190 0.89693
vn -0.18888 0.49747 0.84667
vn -0.21389 0.48134 0.85004
vn -0.12145 0.45433 0.88252
vn -0.17618 0.39922 0.89977
vn -0.52647 -0.03431 0.84950
vn -0.52371 -0.05814 0.84991
vn -0.46728 0.02463 0.88377
vn -0.42420 -0.04266 0.90456
vn -0.09570 -0.60808 0.78809
vn -0.01964 -0.51724 0.85562
vn 0.54509 -0.27427 0.79225
vn 0.49563 -0.17965 0.84975
vn 0.43387 0.43610 0.78840
vn 0.32719 0.42447 0.84426
vn -0.28546 0.54936 0.78531
vn -0.30114 0.43775 0.84716
vn -0.60897 -0.10182 0.78663
vn -0.49799 -0.14452 0.85506
vn 0.05658 -0.65362 0.75470
vn 0.07486 -0.57746 0.81298
vn 0.63571 -0.14675 0.75785
vn 0.58255 -0.10485 0.80601
vn 0.33464 0.56426 0.75473
vn 0.28353 0.52268 0.80400
vn -0.43060 0.49780 0.75284
vn -0.41211 0.43738 0.79929
vn -0.60646 -0.25338 0.75366
vn -0.53430 -0.25222 0.80679
vn 0.14793 -0.71147 0.68697
vn 0.17067 -0.60237 0.77976
vn 0.71935 -0.07116 0.69099
vn 0.63003 -0.02157 0.77627
vn 0.29320 0.66474 0.68714
vn 0.21238 0.59569 0.77462
vn -0.53667 0.48732 0.68884
vn -0.50384 0.39950 0.76586
vn -0.62901 -0.36173 0.68811
vn -0.52770 -0.34861 0.77459
vn 0.13865 -0.72243 0.67740
vn 0.11492 -0.64451 0.75591
vn 0.72644 -0.09164 0.68109
vn 0.61966 -0.10653 0.77760
vn 0.31612 0.66659 0.67508
vn 0.30202 0.56163 0.77030
vn -0.53496 0.50415 0.67797
vn -0.45181 0.46369 0.76214
vn -0.64312 -0.35208 0.68003
vn -0.57868 -0.30987 0.75439
vn 0.01447 -0.72560 0.68797
vn -0.03628 -0.60525 0.79521
vn 0.69204 -0.21465 0.68921
vn 0.56442 -0.23126 0.79244
vn 0.41595 0.59487 0.68783
vn 0.39562 0.46429 0.79241
vn -0.44438 0.57553 0.68651
vn -0.32693 0.52016 0.78902
vn -0.68571 -0.23731 0.68810
vn -0.58874 -0.15285 0.79374
vn -0.05458 -0.63743 0.76857
vn 0.00245 -0.71218 0.70199
vn 0.58570 -0.24660 0.77210
vn 0.67853 -0.21502 0.70239
vn 0.41434 0.48171 0.77219
vn 0.41446 0.57857 0.70248
vn -0.32916 0.54271 0.77273
vn -0.42517 0.57329 0.70041
vn -0.62157 -0.14303 0.77019
vn -0.67730 -0.22386 0.70083
vn 0.00551 -0.68794 0.72575
vn -0.02633 -0.63485 0.77218
vn 0.65861 -0.20524 0.72396
vn 0.59117 -0.21529 0.77728
vn 0.39997 0.56101 0.72478
vn 0.39212 0.49716 0.77400
vn -0.41033 0.55608 0.72278
vn -0.34834 0.52508 0.77650
vn -0.65252 -0.21840 0.72562
vn -0.60845 -0.16963 0.77525
vn -0.04994 -0.65490 0.75406
vn -0.04067 -0.61001 0.79135
vn 0.60856 -0.25404 0.75174
vn 0.56344 -0.22880 0.79384
vn 0.42125 0.50464 0.75358
vn 0.38864 0.46673 0.79443
vn -0.34404 0.56387 0.75079
vn -0.32204 0.51677 0.79325
vn -0.63975 -0.15366 0.75307
vn -0.59089 -0.14992 0.79270
vn -0.01158 -0.67464 0.73805
vn 0.01917 -0.66532 0.74632
vn 0.63592 -0.22426 0.73845
vn 0.63771 -0.19488 0.74522
vn 0.39674 0.54070 0.74178
vn 0.37102 0.54353 0.75294
vn -0.39094 0.54961 0.73830
vn -0.40535 0.52785 0.74637
vn -0.64262 -0.20375 0.73859
vn -0.62605 -0.22506 0.74660
vn 0.03635 -0.64815 0.76064
vn 0.08500 -0.69979 0.70928
vn 0.62734 -0.16627 0.76079
vn 0.69066 -0.13440 0.71058
vn 0.35205 0.54749 0.75916
vn 0.33295 0.60625 0.72222
vn -0.41248 0.50376 0.75901
vn -0.48096 0.50996 0.71318
vn -0.60544 -0.23835 0.75936
vn -0.63209 -0.30046 0.71427
vn 0.09295 -0.74185 0.66409
vn 0.06997 -0.63807 0.76679
vn 0.73272 -0.13673 0.66666
vn 0.62889 -0.12598 0.76722
vn 0.35682 0.64623 0.67459
vn 0.32108 0.56052 0.76336
vn -0.50826 0.54805 0.66431
vn -0.43129 0.48020 0.76381
vn -0.67788 -0.31282 0.66530
vn -0.59036 -0.26027 0.76403
vn 0.06911 -0.64468 0.76132
vn 0.09108 -0.71267 0.69556
vn 0.63432 -0.13362 0.76144
vn 0.70585 -0.13180 0.69599
vn 0.32573 0.56452 0.75843
vn 0.34140 0.62754 0.69974
vn -0.43891 0.47971 0.75977
vn -0.50009 0.52126 0.69152
vn -0.59079 -0.26724 0.76128
vn -0.65057 -0.30748 0.69442
vn 0.05146 -0.63299 0.77245
vn 0.11638 -0.73422 0.66886
vn 0.61532 -0.13885 0.77595
vn 0.73450 -0.11711 0.66842
vn 0.33162 0.54487 0.77016
vn 0.34182 0.66064 0.66836
vn -0.42103 0.47281 0.77407
vn -0.52983 0.52823 0.66352
vn -0.58523 -0.24831 0.77191
vn -0.66041 -0.33964 0.66971
vn 0.12921 -0.57393 0.80865
vn 0.08531 -0.78446 0.61429
vn 0.58587 -0.05429 0.80858
vn 0.76687 -0.15719 0.62226
vn 0.23626 0.54175 0.80665
vn 0.39361 0.68037 0.61820
vn -0.44330 0.39106 0.80657
vn -0.52653 0.57827 0.62320
vn -0.51023 -0.30027 0.80592
vn -0.71741 -0.32117 0.61820
vn 0.13555 -0.59458 0.79253
vn 0.18123 -0.69845 0.69234
vn 0.60668 -0.05586 0.79298
vn 0.71452 -0.04047 0.69845
vn 0.24072 0.56052 0.79238
vn 0.26463 0.66833 0.69521
vn -0.45612 0.40871 0.79051
vn -0.55304 0.45496 0.69796
vn -0.52818 -0.30711 0.79165
vn -0.61079 -0.38706 0.69074
vn 0.06650 -0.63358 0.77081
vn 0.14007 -0.70592 0.69431
vn 0.62448 -0.13784 0.76878
vn 0.71066 -0.08869 0.69792
vn 0.32258 0.55221 0.76877
vn 0.30304 0.65027 0.69664
vn -0.42304 0.48428 0.76584
vn -0.52240 0.49418 0.69490
vn -0.58283 -0.25821 0.77048
vn -0.63463 -0.34813 0.68997
vn 0.07900 -0.61590 0.78386
vn 0.13092 -0.73282 0.66771
vn 0.61092 -0.11677 0.78303
vn 0.73402 -0.10366 0.67117
vn 0.29816 0.54578 0.78309
vn 0.32340 0.66883 0.66938
vn -0.42688 0.45265 0.78287
vn -0.53615 0.51946 0.66536
vn -0.56086 -0.26740 0.78354
vn -0.65409 -0.35328 0.66885
vn 0.11290 -0.56993 0.81390
vn 0.05256 -0.73291 0.67829
vn 0.57993 -0.06629 0.81196
vn 0.71135 -0.17005 0.68196
vn 0.24415 0.52741 0.81378
vn 0.39093 0.62441 0.67623
vn -0.42987 0.39045 0.81410
vn -0.48331 0.55682 0.67555
vn -0.50637 -0.28508 0.81383
vn -0.68194 -0.27915 0.67605
vn 0.01610 -0.62907 0.77718
vn 0.16143 -0.66743 0.72696
vn 0.60685 -0.18440 0.77313
vn 0.68336 -0.05431 0.72806
vn 0.35840 0.51392 0.77938
vn 0.26664 0.63749 0.72285
vn -0.38412 0.49912 0.77674
vn -0.52616 0.44878 0.72233
vn -0.59424 -0.20912 0.77662
vn -0.58611 -0.36087 0.72543
vn -0.26373 -0.68120 0.68294
vn 0.55428 -0.45310 0.69820
vn 0.59982 0.41889 0.68172
vn -0.19380 0.69658 0.69081
vn -0.71217 0.04080 0.70082
vn -0.07329 -0.73781 0.67102
vn 0.67009 -0.29469 0.68127
vn 0.52021 0.63794 0.56782
vn -0.39695 0.65975 0.63808
vn -0.71000 -0.15493 0.68694
vn 0.10259 -0.75980 0.64201
vn 0.74321 -0.13569 0.65516
vn 0.41348 0.77895 0.47146
vn -0.55573 0.57110 0.60416
vn -0.66844 -0.32457 0.66921
vn 0.16827 -0.81804 0.54999
vn 0.82369 -0.09473 0.55907
vn 0.38701 0.80732 0.44549
vn -0.63279 0.58607 0.50606
vn -0.71870 -0.40333 0.56639
vn 0.23620 -0.73855 0.63147
vn 0.79498 -0.01960 0.60632
vn 0.26802 0.79042 0.55081
vn -0.70575 0.54001 0.45858
vn -0.65609 -0.45005 0.60580
vn 0.13880 -0.77971 0.61056
vn 0.84424 -0.11656 0.52314
vn 0.33866 0.69383 0.63554
vn -0.61277 0.59662 0.51822
vn -0.71945 -0.37713 0.58323
vn 0.06139 -0.85556 0.51405
vn 0.78525 -0.19824 0.58659
vn 0.43386 0.65738 0.61613
vn -0.51905 0.65512 0.54900
vn -0.77561 -0.30107 0.55478
vn 0.05161 -0.83920 0.54136
vn 0.80887 -0.21043 0.54905
vn 0.44830 0.70180 0.55363
vn -0.52355 0.64645 0.55497
vn -0.77731 -0.30440 0.55057
vn -0.00817 -0.81107 0.58489
vn 0.76494 -0.25565 0.59119
vn 0.48056 0.64900 0.58981
vn -0.46545 0.65650 0.59361
vn -0.77188 -0.24155 0.58809
vn 0.10749 -0.91470 0.38957
vn 0.90136 -0.17784 0.39487
vn 0.45227 0.80035 0.39357
vn -0.62442 0.67495 0.39312
vn -0.83457 -0.38719 0.39188
vn 0.09255 -0.89220 0.44205
vn 0.87615 -0.19250 0.44193
vn 0.45052 0.77191 0.44855
vn -0.59497 0.67016 0.44374
vn -0.81967 -0.36170 0.44419
vn 0.17577 -0.85473 0.48840
vn 0.86920 -0.09828 0.48460
vn 0.36005 0.79140 0.49402
vn -0.64459 0.58376 0.49369
vn -0.75605 -0.43162 0.49203
vn 0.17417 -0.88319 0.43548
vn 0.89446 -0.10573 0.43446
vn 0.37385 0.81355 0.44539
vn -0.65950 0.60964 0.43978
vn -0.78341 -0.43899 0.43994
vn 0.09074 -0.90976 0.40510
vn 0.89232 -0.18939 0.40976
vn 0.45136 0.78757 0.41953
vn -0.61342 0.67345 0.41252
vn -0.83664 -0.36742 0.40626
vn 0.25570 -0.87131 0.41886
vn 0.90742 -0.02648 0.41938
vn 0.30497 0.85119 0.42715
vn -0.71610 0.55233 0.42677
vn -0.74698 -0.51246 0.42356
vn 0.14917 -0.94126 0.30296
vn 0.94137 -0.15162 0.30140
vn 0.43762 0.84574 0.30531
vn -0.66672 0.68061 0.30375
vn -0.85059 -0.42876 0.30441
vn 0.09284 -0.92484 0.36886
vn 0.90785 -0.19526 0.37105
vn 0.46946 0.80158 0.37023
vn -0.62037 0.68921 0.37434
vn -0.84705 -0.38026 0.37136
vn 0.20423 -0.87417 0.44058
vn 0.89429 -0.07580 0.44102
vn 0.34814 0.83019 0.43541
vn -0.67909 0.58686 0.44095
vn -0.77143 -0.46485 0.43452
vn 0.30741 -0.87577 0.37220
vn 0.92735 0.01813 0.37375
vn 0.26470 0.89244 0.36536
vn -0.76423 0.53029 0.36708
vn -0.74052 -0.56214 0.36828
vn 0.10811 -0.94544 0.30733
vn 0.93277 -0.18270 0.31075
vn 0.46101 0.83478 0.30102
vn -0.65624 0.69090 0.30333
vn -0.86273 -0.40025 0.30904
vn 0.21961 -0.89515 0.38791
vn 0.91824 -0.06734 0.39025
vn 0.35148 0.85694 0.37699
vn -0.70628 0.59623 0.38168
vn -0.78466 -0.48440 0.38687
vn -0.11736 -0.78399 0.60958
vn 0.02896 -0.90311 0.42844
vn 0.70821 -0.36209 0.60608
vn 0.86541 -0.25714 0.43005
vn 0.56275 0.56514 0.60326
vn 0.51238 0.74809 0.42171
vn -0.36343 0.70684 0.60688
vn -0.54920 0.71821 0.42726
vn -0.78312 -0.13059 0.60800
vn -0.84939 -0.30527 0.43051
vn -0.15175 -0.63970 0.75350
vn 0.56415 -0.34227 0.75139
vn 0.49497 0.43202 0.75390
vn -0.25447 0.60617 0.75352
vn -0.65472 -0.05577 0.75381
vn -0.22778 -0.90176 0.36736
vn 0.78888 -0.49452 0.36487
vn 0.71853 0.59536 0.35954
vn -0.33857 0.86714 0.36529
vn -0.92755 -0.05933 0.36897
vn -0.09860 -0.45669 0.88415
vn 0.40492 -0.23159 0.88454
vn 0.34361 0.31665 0.88412
vn -0.19374 0.42629 0.88360
vn -0.46618 -0.04974 0.88329
vn -0.24143 -0.62605 0.74146
vn -0.29614 -0.35551 0.88652
vn -0.17646 -0.91728 0.35702
vn 0.52451 -0.42086 0.74011
vn 0.25052 -0.38816 0.88689
vn 0.81877 -0.45162 0.35448
vn 0.55464 0.37174 0.74444
vn 0.45052 0.11637 0.88515
vn 0.68113 0.63885 0.35768
vn -0.18144 0.64252 0.74448
vn 0.03160 0.46530 0.88459
vn -0.40030 0.84252 0.36045
vn -0.66748 0.02941 0.74405
vn -0.43327 0.17052 0.88498
vn -0.92523 -0.11690 0.36095
vn -0.49517 -0.49119 0.71661
vn -0.37667 -0.31899 0.86969
vn 0.31830 -0.62110 0.71619
vn 0.18469 -0.45735 0.86990
vn 0.68888 0.10301 0.71752
vn 0.49717 0.03082 0.86711
vn 0.11472 0.69027 0.71440
vn 0.12248 0.48336 0.86681
vn -0.62035 0.32044 0.71588
vn -0.42122 0.26544 0.86725
vn -0.59313 -0.74014 0.31685
vn 0.52121 -0.79046 0.32172
vn 0.91111 0.24273 0.33312
vn 0.05344 0.94165 0.33231
vn -0.87944 0.34181 0.33128
vn -0.29939 0.65588 0.69296
vn -0.27571 0.60490 0.74705
vn -0.21733 0.43772 0.87245
vn -0.32777 0.64769 0.68780
vn -0.26329 0.87983 0.39570
vn -0.34394 0.92808 0.14273
vn -0.37232 0.90898 0.18745
vn -0.71532 -0.08065 0.69413
vn -0.66177 -0.07387 0.74606
vn -0.48462 -0.06796 0.87208
vn -0.71645 -0.11291 0.68844
vn -0.91707 0.02471 0.39797
vn -0.98787 -0.04413 0.14891
vn -0.97859 -0.07245 0.19265
vn -0.14135 -0.70813 0.69179
vn -0.13403 -0.65473 0.74389
vn -0.08369 -0.48294 0.87165
vn -0.11895 -0.71675 0.68711
vn -0.30522 -0.86513 0.39799
vn -0.26105 -0.95421 0.14609
vn -0.23722 -0.95287 0.18915
vn 0.63457 -0.35305 0.68751
vn 0.58532 -0.32302 0.74368
vn 0.43510 -0.22461 0.87191
vn 0.64881 -0.33348 0.68399
vn 0.73213 -0.55601 0.39350
vn 0.82771 -0.54360 0.13931
vn 0.83639 -0.51724 0.18142
vn 0.52881 0.48877 0.69388
vn 0.48731 0.45368 0.74613
vn 0.35171 0.34099 0.87179
vn 0.51261 0.51268 0.68876
vn 0.75304 0.52278 0.39954
vn 0.77438 0.61618 0.14374
vn 0.74842 0.63643 0.18662
vn -0.29883 0.45873 0.83682
vn -0.30883 0.55049 0.77562
vn -0.51465 0.80778 0.28744
vn -0.53042 -0.13804 0.83642
vn -0.61919 -0.11740 0.77641
vn -0.92730 -0.23294 0.29301
vn -0.03394 -0.54589 0.83717
vn -0.08187 -0.62770 0.77414
vn -0.06493 -0.95414 0.29225
vn 0.51268 -0.19765 0.83552
vn 0.57106 -0.27057 0.77503
vn 0.88914 -0.35388 0.29016
vn 0.34822 0.42697 0.83453
vn 0.42745 0.46367 0.77608
vn 0.60501 0.73936 0.29548
vn -0.27083 0.60169 0.75141
vn -0.22420 0.47560 0.85061
vn -0.24598 0.85699 0.45284
vn -0.64018 -0.02885 0.76768
vn -0.51348 -0.07544 0.85478
vn -0.89032 0.03519 0.45397
vn -0.14309 -0.64605 0.74977
vn -0.09898 -0.51545 0.85119
vn -0.31191 -0.83738 0.44889
vn 0.57280 -0.33269 0.74914
vn 0.45986 -0.25430 0.85080
vn 0.70158 -0.55373 0.44853
vn 0.50095 0.40346 0.76568
vn 0.37370 0.36986 0.85062
vn 0.73857 0.49441 0.45833
vn -0.17147 0.56071 0.81006
vn -0.23226 0.43766 0.86863
vn -0.21191 0.90731 0.36316
vn -0.60390 0.02074 0.79679
vn -0.48650 -0.07474 0.87048
vn -0.88405 0.04872 0.46486
vn -0.22320 -0.54390 0.80892
vn -0.07145 -0.48361 0.87236
vn -0.32835 -0.82579 0.45854
vn 0.45635 -0.37314 0.80778
vn 0.44590 -0.21633 0.86855
vn 0.68896 -0.55744 0.46325
vn 0.47484 0.36043 0.80288
vn 0.35493 0.35157 0.86627
vn 0.79175 0.48810 0.36728
vn -0.39140 0.44062 0.80788
vn -0.31756 0.41099 0.85454
vn -0.56932 0.71774 0.40090
vn -0.53518 -0.22192 0.81507
vn -0.48700 -0.17209 0.85628
vn -0.88901 -0.36025 0.28264
vn 0.04242 -0.57969 0.81373
vn 0.01653 -0.51036 0.85980
vn 0.06520 -0.95985 0.27282
vn 0.56591 -0.13952 0.81257
vn 0.49559 -0.14642 0.85613
vn 0.93055 -0.23934 0.27711
vn 0.30158 0.50636 0.80787
vn 0.30095 0.42927 0.85156
vn 0.50230 0.76305 0.40675
vn -0.36796 0.54564 0.75291
vn -0.26257 0.50403 0.82281
vn -0.56065 0.74946 0.35212
vn -0.63324 -0.18077 0.75255
vn -0.55962 -0.09151 0.82368
vn -0.88521 -0.30223 0.35364
vn -0.01599 -0.66030 0.75084
vn -0.08382 -0.55773 0.82578
vn 0.02094 -0.93791 0.34625
vn 0.61983 -0.22457 0.75192
vn 0.50712 -0.25446 0.82346
vn 0.89408 -0.27772 0.35142
vn 0.41086 0.51571 0.75183
vn 0.40386 0.40438 0.82060
vn 0.54219 0.75757 0.36347
vn -0.32581 0.61393 0.71898
vn -0.27439 0.49284 0.82572
vn -0.37220 0.80875 0.45539
vn -0.68609 -0.11852 0.71780
vn -0.55230 -0.10657 0.82681
vn -0.88339 -0.10364 0.45703
vn -0.10239 -0.69169 0.71490
vn -0.07239 -0.55588 0.82810
vn -0.17855 -0.87399 0.45195
vn 0.62505 -0.30767 0.71739
vn 0.51021 -0.23929 0.82609
vn 0.77632 -0.43581 0.45540
vn 0.49206 0.49292 0.71757
vn 0.38742 0.40834 0.82654
vn 0.65540 0.59777 0.46166
vn -0.30612 0.62497 0.71812
vn -0.28047 0.47332 0.83505
vn -0.32809 0.83781 0.43639
vn -0.69086 -0.09647 0.71652
vn -0.53172 -0.12277 0.83798
vn -0.90032 -0.05273 0.43201
vn -0.12854 -0.68835 0.71390
vn -0.04667 -0.53719 0.84217
vn -0.23301 -0.87254 0.42938
vn 0.61513 -0.32950 0.71627
vn 0.50238 -0.21087 0.83854
vn 0.75817 -0.48841 0.43201
vn 0.50681 0.47975 0.71623
vn 0.35735 0.40895 0.83968
vn 0.69911 0.56919 0.43273
vn -0.37095 0.52515 0.76591
vn -0.34788 0.49364 0.79706
vn -0.48218 0.78247 0.39400
vn -0.61360 -0.19494 0.76517
vn -0.57300 -0.17853 0.79987
vn -0.89357 -0.22279 0.38975
vn 0.00064 -0.64398 0.76504
vn -0.00128 -0.59493 0.80377
vn -0.06535 -0.92106 0.38391
vn 0.60825 -0.20132 0.76779
vn 0.56900 -0.19218 0.79956
vn 0.85353 -0.34724 0.38848
vn 0.37830 0.51759 0.76746
vn 0.35766 0.48058 0.80070
vn 0.59795 0.70203 0.38680
vn -0.34986 0.46656 0.81235
vn -0.42631 0.48803 0.76163
vn -0.41787 0.75153 0.51047
vn -0.55566 -0.18939 0.80955
vn -0.59454 -0.25449 0.76273
vn -0.84655 -0.16657 0.50558
vn 0.01712 -0.58563 0.81040
vn 0.06518 -0.63941 0.76610
vn -0.09740 -0.85930 0.50211
vn 0.56206 -0.16911 0.80962
vn 0.62890 -0.14401 0.76403
vn 0.78326 -0.35813 0.50818
vn 0.33413 0.47992 0.81119
vn 0.32823 0.55511 0.76428
vn 0.58233 0.63172 0.51169
vn -0.33143 0.50145 0.79919
vn -0.32121 0.46957 0.82239
vn -0.28311 0.84298 0.45742
vn -0.57783 -0.16047 0.80023
vn -0.54827 -0.15898 0.82105
vn -0.88931 -0.00471 0.45727
vn -0.02560 -0.59675 0.80202
vn -0.01367 -0.57236 0.81989
vn -0.26497 -0.84869 0.45773
vn 0.56491 -0.20952 0.79811
vn 0.54159 -0.18716 0.81954
vn 0.72293 -0.51381 0.46192
vn 0.37150 0.46789 0.80192
vn 0.34808 0.45084 0.82194
vn 0.71457 0.53340 0.45263
vn -0.34635 0.51654 0.78309
vn -0.29043 0.40596 0.86651
vn -0.45798 0.75596 0.46774
vn -0.59693 -0.16878 0.78434
vn -0.47768 -0.15218 0.86525
vn -0.85894 -0.20128 0.47086
vn -0.02232 -0.61992 0.78435
vn -0.00375 -0.50256 0.86453
vn -0.07577 -0.87972 0.46943
vn 0.59063 -0.21257 0.77844
vn 0.47354 -0.15495 0.86704
vn 0.81027 -0.34188 0.47601
vn 0.38135 0.48733 0.78554
vn 0.29630 0.40583 0.86458
vn 0.57599 0.67122 0.46659
vn -0.34818 0.52091 0.77937
vn -0.40286 0.40786 0.81936
vn -0.49444 0.71779 0.49022
vn -0.60416 -0.17045 0.77842
vn -0.51100 -0.25132 0.82202
vn -0.83552 -0.25032 0.48914
vn -0.02514 -0.62512 0.78012
vn 0.08198 -0.56394 0.82174
vn -0.02058 -0.87424 0.48506
vn 0.58987 -0.21799 0.77752
vn 0.55666 -0.09237 0.82559
vn 0.82355 -0.28163 0.49239
vn 0.38556 0.49571 0.77822
vn 0.26131 0.51112 0.81882
vn 0.52432 0.69443 0.49280
vn -0.42446 0.54225 0.72512
vn -0.48722 0.40482 0.77378
vn -0.64960 0.63059 0.42470
vn -0.64336 -0.23502 0.72859
vn -0.53676 -0.33952 0.77241
vn -0.80051 -0.42145 0.42610
vn 0.02378 -0.68542 0.72776
vn 0.15054 -0.60901 0.77875
vn 0.14981 -0.88156 0.44767
vn 0.66171 -0.19199 0.72476
vn 0.63233 -0.04074 0.77363
vn 0.89286 -0.12337 0.43310
vn 0.38191 0.57565 0.72303
vn 0.23024 0.58890 0.77472
vn 0.39312 0.80640 0.44180
vn -0.49210 0.59609 0.63444
vn -0.43543 0.62504 0.64787
vn -0.60819 0.58111 0.54076
vn -0.71799 -0.29004 0.63275
vn -0.72489 -0.22542 0.65094
vn -0.75426 -0.40241 0.51881
vn 0.05307 -0.76243 0.64489
vn -0.01550 -0.75873 0.65122
vn 0.14758 -0.82293 0.54864
vn 0.74893 -0.20020 0.63168
vn 0.71862 -0.25436 0.64722
vn 0.84332 -0.12480 0.52273
vn 0.41454 0.65155 0.63532
vn 0.45872 0.61023 0.64590
vn 0.36663 0.76116 0.53500
vn -0.45593 0.67472 0.58041
vn -0.42752 0.60318 0.67334
vn -0.45984 0.75197 0.47233
vn -0.78030 -0.22590 0.58318
vn -0.71128 -0.22375 0.66635
vn -0.86453 -0.20277 0.45985
vn -0.02368 -0.81392 0.58049
vn 0.00062 -0.73775 0.67507
vn -0.07170 -0.88449 0.46102
vn 0.76458 -0.28031 0.58038
vn 0.70648 -0.24136 0.66531
vn 0.82447 -0.34783 0.44639
vn 0.50152 0.64022 0.58189
vn 0.44497 0.60049 0.66439
vn 0.57574 0.71788 0.39138
vn -0.52079 0.65228 0.55074
vn -0.42909 0.53518 0.72764
vn -0.37772 0.71620 0.58685
vn -0.77858 -0.29751 0.55254
vn -0.64094 -0.24152 0.72860
vn -0.81560 -0.11802 0.56646
vn 0.04110 -0.83259 0.55236
vn 0.03129 -0.68577 0.72714
vn -0.14862 -0.82956 0.53828
vn 0.80530 -0.21677 0.55182
vn 0.66274 -0.18378 0.72595
vn 0.78580 -0.39492 0.47597
vn 0.46033 0.69691 0.54992
vn 0.40813 0.62344 0.66690
vn 0.53606 0.49242 0.68568
vn -0.50381 0.53926 0.67481
vn -0.29824 0.40328 0.86511
vn -0.43541 0.56838 0.69811
vn -0.66692 -0.31031 0.67744
vn -0.46896 -0.19254 0.86198
vn -0.79469 -0.23266 0.56065
vn 0.08453 -0.73160 0.67648
vn 0.03045 -0.51201 0.85844
vn -0.03364 -0.82068 0.57040
vn 0.72057 -0.14399 0.67827
vn 0.47518 -0.15086 0.86686
vn 0.74361 -0.26496 0.61387
vn 0.36428 0.64424 0.67250
vn 0.36308 0.41921 0.83213
vn 0.42062 0.48847 0.76451
vn -0.38083 0.38042 0.84276
vn -0.43131 0.30777 0.84808
vn -0.71482 0.46736 0.52020
vn -0.48598 -0.24573 0.83871
vn -0.46098 -0.30217 0.83438
vn -0.62203 -0.48893 0.61157
vn 0.08156 -0.54260 0.83602
vn 0.14930 -0.53648 0.83060
vn 0.27445 -0.73152 0.62414
vn 0.53900 -0.09281 0.83718
vn 0.52393 0.00439 0.85175
vn 0.83101 0.05507 0.55353
vn 0.25348 0.48126 0.83913
vn 0.16971 0.49862 0.85004
vn 0.19764 0.77691 0.59779
vn -0.56600 0.35733 0.74294
vn -0.45764 0.38288 0.80247
vn -0.72515 0.48339 0.49039
vn -0.51229 -0.42090 0.74860
vn -0.50427 -0.31446 0.80425
vn -0.69045 -0.53622 0.48555
vn 0.24704 -0.62233 0.74275
vn 0.14912 -0.58363 0.79821
vn 0.30209 -0.81312 0.49758
vn 0.66342 0.04974 0.74659
vn 0.60405 -0.03987 0.79595
vn 0.86518 0.04956 0.49901
vn 0.15902 0.64646 0.74619
vn 0.22519 0.55729 0.79920
vn 0.20542 0.81218 0.54605
vn -0.48540 0.49870 0.71811
vn -0.62410 -0.31623 0.71449
vn 0.10892 -0.69156 0.71406
vn 0.68666 -0.11825 0.71730
vn 0.32432 0.61674 0.71725
vn -0.38109 0.19928 0.90280
vn -0.30454 -0.30186 0.90340
vn 0.19261 -0.38421 0.90293
vn 0.42555 0.06285 0.90275
vn 0.07037 0.42444 0.90272
vn -0.55224 0.80749 0.20735
vn -0.94128 -0.27467 0.19632
vn -0.02709 -0.97850 0.20446
vn 0.92287 -0.32540 0.20599
vn 0.59609 0.77555 0.20786
vn -0.76752 0.58203 -0.26861
vn -0.84166 0.45119 -0.29670
vn -0.69750 0.58275 -0.41700
vn -0.79178 -0.54889 -0.26797
vn -0.68754 -0.66315 -0.29582
vn -0.75342 -0.46194 -0.46794
vn 0.28275 -0.92197 -0.26463
vn 0.41533 -0.86090 -0.29386
vn 0.22363 -0.86611 -0.44703
vn 0.96317 -0.00033 -0.26891
vn 0.94769 0.13194 -0.29064
vn 0.89927 -0.06122 -0.43308
vn 0.28880 0.92297 -0.25440
vn 0.15581 0.94286 -0.29450
vn 0.30602 0.89092 -0.33557
vn -0.80042 -0.06503 -0.59590
vn -0.18343 -0.79079 -0.58395
vn 0.69128 -0.41104 -0.59429
vn 0.61248 0.52984 -0.58663
vn -0.31105 0.74287 -0.59278
vn -0.78765 -0.59864 -0.14574
vn 0.31342 -0.94057 -0.13078
vn 0.98957 0.00629 -0.14394
vn 0.29143 0.94876 -0.12216
vn -0.81338 0.56555 -0.13627
vn -0.56667 -0.76757 -0.29952
vn 0.55660 -0.78164 -0.28147
vn 0.91715 0.27063 -0.29257
vn 0.01467 0.96254 -0.27073
vn -0.91150 0.30394 -0.27711
vn -0.31549 -0.87427 -0.36894
vn 0.74434 -0.57538 -0.33896
vn 0.74950 0.55151 -0.36618
vn -0.26904 0.89610 -0.35301
vn -0.94507 0.03160 -0.32534
vn 0.04249 -0.80624 -0.59007
vn 0.78825 -0.21891 -0.57510
vn 0.45284 0.72301 -0.52173
vn -0.53169 0.69843 -0.47906
vn -0.76993 -0.29427 -0.56623
vn 0.14870 -0.82969 -0.53806
vn 0.85806 -0.11522 -0.50045
vn 0.27037 0.61072 -0.74425
vn -0.55971 0.49031 -0.66808
vn -0.76109 -0.41437 -0.49904
vn 0.22031 -0.82057 -0.52738
vn 0.87525 -0.04769 -0.48132
vn 0.27183 0.68138 -0.67959
vn -0.70519 0.56109 -0.43346
vn -0.73371 -0.47384 -0.48698
vn 0.25628 -0.93321 -0.25186
vn 0.95885 -0.06427 -0.27656
vn 0.31747 0.83546 -0.44858
vn -0.63471 0.51921 -0.57234
vn -0.81482 -0.51054 -0.27462
vn 0.03019 -0.81692 -0.57596
vn 0.77858 -0.22426 -0.58610
vn 0.46967 0.75912 -0.45072
vn -0.55001 0.62590 -0.55294
vn -0.76556 -0.26784 -0.58496
vn 0.16142 -0.71856 -0.67647
vn 0.76764 -0.07336 -0.63667
vn 0.31433 0.71059 -0.62950
vn -0.55614 0.52847 -0.64142
vn -0.66080 -0.39774 -0.63651
vn 0.30987 -0.85062 -0.42477
vn 0.91895 0.03779 -0.39255
vn 0.25159 0.89221 -0.37505
vn -0.75864 0.52909 -0.38017
vn -0.72344 -0.57665 -0.37963
vn 0.13348 -0.90408 -0.40598
vn 0.90167 -0.15235 -0.40470
vn 0.42417 0.81275 -0.39939
vn -0.63766 0.65980 -0.39755
vn -0.82127 -0.40312 -0.40374
vn 0.16813 -0.90319 -0.39493
vn 0.90926 -0.11847 -0.39901
vn 0.39941 0.82558 -0.39861
vn -0.66616 0.63244 -0.39529
vn -0.80555 -0.43710 -0.40004
vn 0.19540 -0.89288 -0.40568
vn 0.90885 -0.09009 -0.40728
vn 0.36766 0.83712 -0.40504
vn -0.68263 0.60793 -0.40552
vn -0.78900 -0.46105 -0.40609
vn 0.15241 -0.89622 -0.41661
vn 0.89840 -0.13184 -0.41893
vn 0.40424 0.81314 -0.41880
vn -0.64776 0.63671 -0.41834
vn -0.80557 -0.42126 -0.41664
vn 0.23690 -0.89832 -0.37000
vn 0.92623 -0.05113 -0.37348
vn 0.33440 0.86548 -0.37300
vn -0.72340 0.58569 -0.36560
vn -0.77914 -0.50670 -0.36904
vn 0.14962 -0.90452 -0.39933
vn 0.90495 -0.13580 -0.40327
vn 0.40672 0.82056 -0.40157
vn -0.65534 0.64180 -0.39827
vn -0.81289 -0.42042 -0.40307
vn 0.23042 -0.89376 -0.38483
vn 0.92343 -0.05334 -0.38004
vn 0.33573 0.86435 -0.37440
vn -0.72171 0.58824 -0.36484
vn -0.78001 -0.49676 -0.38055
vn 0.25144 -0.84135 -0.47844
vn 0.87918 -0.02396 -0.47588
vn 0.29627 0.82854 -0.47513
vn -0.69592 0.54300 -0.46994
vn -0.72357 -0.49905 -0.47687
vn -0.03663 -0.92906 -0.36812
vn 0.87217 -0.31891 -0.37096
vn 0.57171 0.73121 -0.37213
vn -0.52238 0.76991 -0.36654
vn -0.89290 -0.25851 -0.36864
vn 0.24987 -0.87663 -0.41120
vn 0.91025 -0.03442 -0.41262
vn 0.30657 0.85382 -0.42071
vn -0.72053 0.55943 -0.40972
vn -0.75974 -0.51203 -0.40079
vn 0.45067 -0.75699 -0.47314
vn 0.85874 0.18980 -0.47596
vn 0.08265 0.87501 -0.47699
vn -0.80674 0.35115 -0.47525
vn -0.58368 -0.65747 -0.47649
vn 0.33305 -0.88451 -0.32669
vn 0.94509 0.04803 -0.32327
vn 0.24394 0.91465 -0.32236
vn -0.79660 0.51177 -0.32174
vn -0.73686 -0.59234 -0.32584
vn 0.16289 -0.91868 -0.35986
vn 0.92562 -0.12593 -0.35689
vn 0.40526 0.83996 -0.36088
vn -0.67345 0.64918 -0.35360
vn -0.82489 -0.43897 -0.35617
vn 0.13937 -0.95045 -0.27788
vn 0.94674 -0.16387 -0.27717
vn 0.45347 0.84614 -0.28001
vn -0.66501 0.69609 -0.27061
vn -0.86308 -0.42286 -0.27619
vn -0.13203 -0.94372 -0.30327
vn 0.85666 -0.41698 -0.30375
vn 0.66529 0.68176 -0.30430
vn -0.44196 0.84475 -0.30177
vn -0.93869 -0.16487 -0.30278
vn -0.06173 -0.94650 -0.31676
vn 0.88139 -0.35057 -0.31664
vn 0.60875 0.72606 -0.31978
vn -0.50439 0.80235 -0.31911
vn -0.91913 -0.23266 -0.31792
vn 0.00279 -0.66881 -0.74342
vn 0.12950 -0.72861 -0.67258
vn -0.01437 -0.63328 -0.77379
vn 0.63913 -0.20543 -0.74116
vn 0.73547 -0.10325 -0.66964
vn 0.59959 -0.20824 -0.77274
vn 0.39402 0.54284 -0.74167
vn 0.32824 0.67195 -0.66389
vn 0.38589 0.49986 -0.77539
vn -0.40148 0.54445 -0.73647
vn -0.53479 0.52641 -0.66097
vn -0.36015 0.52147 -0.77354
vn -0.63507 -0.21201 -0.74279
vn -0.65589 -0.34848 -0.66961
vn -0.60438 -0.17866 -0.77641
vn 0.17401 -0.71400 -0.67818
vn 0.73603 -0.05018 -0.67509
vn 0.27527 0.69260 -0.66673
vn -0.56913 0.48097 -0.66690
vn -0.62741 -0.38977 -0.67412
vn 0.26950 -0.66456 -0.69695
vn 0.71338 0.04746 -0.69917
vn 0.17887 0.69834 -0.69305
vn -0.61071 0.38352 -0.69278
vn -0.55229 -0.45817 -0.69646
vn 0.22322 -0.60488 -0.76439
vn 0.64397 0.02550 -0.76462
vn 0.18175 0.62277 -0.76100
vn -0.53897 0.36295 -0.76012
vn -0.50712 -0.40407 -0.76129
vn 0.17540 -0.50673 -0.84407
vn 0.53671 0.00949 -0.84372
vn 0.15537 0.51415 -0.84351
vn -0.44155 0.30713 -0.84303
vn -0.42749 -0.32312 -0.84430
vn 0.10425 -0.64559 -0.75653
vn 0.64930 -0.09804 -0.75418
vn 0.29158 0.58619 -0.75588
vn -0.46569 0.45942 -0.75635
vn -0.58274 -0.29714 -0.75639
vn 0.17326 -0.71280 -0.67963
vn 0.73273 -0.05718 -0.67811
vn 0.28030 0.67835 -0.67917
vn -0.55834 0.47691 -0.67883
vn -0.62308 -0.38363 -0.68161
vn 0.17598 -0.61664 -0.76733
vn 0.64218 -0.02369 -0.76619
vn 0.22019 0.60205 -0.76750
vn -0.50517 0.39668 -0.76645
vn -0.53021 -0.35567 -0.76966
vn 0.15863 -0.63962 -0.75215
vn 0.65635 -0.04661 -0.75301
vn 0.24543 0.60870 -0.75449
vn -0.51135 0.42304 -0.74804
vn -0.55800 -0.34947 -0.75266
vn 0.17892 -0.62397 -0.76069
vn 0.65133 -0.02039 -0.75852
vn 0.22039 0.61035 -0.76086
vn -0.51247 0.40384 -0.75782
vn -0.53709 -0.36397 -0.76096
vn 0.15192 -0.64681 -0.74737
vn 0.65980 -0.05961 -0.74907
vn 0.25723 0.61320 -0.74688
vn -0.50468 0.43627 -0.74496
vn -0.56623 -0.34012 -0.75080
vn 0.17583 -0.64455 -0.74407
vn 0.65884 -0.03447 -0.75150
vn 0.24203 0.62218 -0.74452
vn -0.52097 0.42316 -0.74130
vn -0.55607 -0.36117 -0.74856
vn 0.09271 -0.60609 -0.78997
vn 0.59925 -0.09526 -0.79487
vn 0.28424 0.54527 -0.78860
vn -0.43161 0.43945 -0.78778
vn -0.54585 -0.27466 -0.79158
vn 0.14715 -0.61034 -0.77835
vn 0.63333 -0.04779 -0.77240
vn 0.24295 0.59196 -0.76848
vn -0.48597 0.41832 -0.76736
vn -0.54338 -0.33467 -0.76989
vn 0.17537 -0.44787 -0.87673
vn 0.50192 0.02804 -0.86446
vn 0.11933 0.48278 -0.86757
vn -0.42996 0.27524 -0.85987
vn -0.38337 -0.32094 -0.86604
vn -0.03756 -0.13341 -0.99035
vn 0.14644 -0.07856 -0.98609
vn 0.13003 0.11211 -0.98515
vn -0.09498 0.15887 -0.98272
vn -0.15015 -0.01928 -0.98848
vn 0.09912 -0.51023 -0.85431
vn 0.51594 -0.06560 -0.85411
vn 0.23557 0.49298 -0.83754
vn -0.40477 0.37907 -0.83215
vn -0.45357 -0.24921 -0.85567
vn 0.12719 -0.52838 -0.83943
vn 0.55272 -0.04212 -0.83230
vn 0.19117 0.52226 -0.83108
vn -0.44504 0.38543 -0.80832
vn -0.46499 -0.27694 -0.84088
vn 0.07906 -0.41829 -0.90487
vn 0.46570 -0.05931 -0.88295
vn 0.17780 0.39818 -0.89991
vn -0.34662 0.30581 -0.88675
vn -0.39934 -0.22497 -0.88877
vn 0.12178 -0.39243 -0.91169
vn 0.41414 -0.01570 -0.91008
vn 0.14901 0.37730 -0.91402
vn -0.35141 0.25986 -0.89944
vn -0.34767 -0.23996 -0.90639
vn 0.14898 -0.53714 -0.83023
vn 0.55273 -0.02590 -0.83296
vn 0.17154 0.44690 -0.87799
vn -0.38622 0.30420 -0.87080
vn -0.46520 -0.30905 -0.82950
vn -0.13962 -0.54670 -0.82560
vn 0.48494 -0.30149 -0.82094
vn 0.42863 0.34779 -0.83386
vn -0.20121 0.52540 -0.82672
vn -0.56821 -0.04096 -0.82187
vn -0.45819 -0.54056 -0.70559
vn 0.37206 -0.59843 -0.70954
vn 0.68406 0.15862 -0.71197
vn 0.05450 0.70765 -0.70445
vn -0.65818 0.26860 -0.70332
vn -0.36410 -0.40139 -0.84043
vn 0.26401 -0.48166 -0.83564
vn 0.53501 0.10575 -0.83820
vn 0.06210 0.55004 -0.83282
vn -0.49820 0.22784 -0.83659
vn -0.48262 -0.08235 -0.87195
vn -0.06904 -0.49194 -0.86789
vn 0.44427 -0.21608 -0.86944
vn 0.34379 0.35365 -0.86991
vn -0.22813 0.43774 -0.86968
vn -0.54440 0.27168 -0.79361
vn -0.42675 -0.43791 -0.79128
vn 0.27887 -0.54216 -0.79265
vn 0.60388 0.10150 -0.79059
vn 0.08325 0.60318 -0.79325
vn -0.43047 0.46812 -0.77173
vn -0.56658 -0.25624 -0.78315
vn 0.06783 -0.62260 -0.77960
vn 0.61175 -0.12150 -0.78166
vn 0.30649 0.54721 -0.77886
vn -0.29144 0.53092 -0.79573
vn -0.57084 -0.10327 -0.81454
vn -0.07517 -0.58106 -0.81038
vn 0.52997 -0.25550 -0.80861
vn 0.35860 0.40485 -0.84114
vn 0.14240 -0.52004 -0.84219
vn 0.08273 -0.49314 -0.86601
vn 0.17543 -0.51423 -0.83952
vn 0.53869 -0.02345 -0.84218
vn 0.49549 -0.07803 -0.86510
vn 0.54243 0.00726 -0.84007
vn 0.18926 0.50657 -0.84117
vn 0.22550 0.45109 -0.86352
vn 0.16061 0.51713 -0.84070
vn -0.41543 0.34064 -0.84343
vn -0.35764 0.35273 -0.86468
vn -0.44293 0.31408 -0.83974
vn -0.44699 -0.29601 -0.84414
vn -0.44549 -0.23042 -0.86513
vn -0.43396 -0.32666 -0.83963
vn 0.17760 -0.49403 -0.85111
vn 0.52398 0.01456 -0.85160
vn 0.14931 0.50246 -0.85161
vn -0.43484 0.29654 -0.85028
vn -0.41705 -0.31854 -0.85124
vn 0.16852 -0.46033 -0.87161
vn 0.49030 0.01958 -0.87133
vn 0.13741 0.47193 -0.87086
vn -0.40353 0.27546 -0.87252
vn -0.38475 -0.30188 -0.87226
vn 0.17508 -0.41281 -0.89383
vn 0.44748 0.03766 -0.89350
vn 0.10414 0.43791 -0.89297
vn -0.37849 0.23288 -0.89583
vn -0.33953 -0.28709 -0.89571
vn 0.13149 -0.49660 -0.85796
vn 0.53818 -0.03022 -0.84229
vn 0.19338 0.50171 -0.84314
vn -0.41568 0.33709 -0.84474
vn -0.45052 -0.28890 -0.84473
vn 0.13019 -0.55922 -0.81873
vn 0.53126 -0.04381 -0.84608
vn 0.20321 0.49426 -0.84523
vn -0.40447 0.34502 -0.84697
vn -0.45367 -0.27870 -0.84647
vn 0.12357 -0.52397 -0.84272
vn 0.53721 -0.04583 -0.84220
vn 0.21159 0.49597 -0.84216
vn -0.40948 0.34992 -0.84254
vn -0.46063 -0.27734 -0.84315
vn 0.11384 -0.51560 -0.84923
vn 0.52679 -0.04837 -0.84862
vn 0.20768 0.48646 -0.84866
vn -0.39987 0.34551 -0.84896
vn -0.45321 -0.27038 -0.84941
vn 0.14433 -0.50663 -0.85000
vn 0.52470 -0.02195 -0.85100
vn 0.17932 0.49631 -0.84942
vn -0.41359 0.32676 -0.84981
vn -0.43696 -0.29222 -0.85069
vn 0.13891 -0.50478 -0.85200
vn 0.52083 -0.03309 -0.85302
vn 0.18526 0.48952 -0.85208
vn -0.40830 0.32868 -0.85162
vn -0.43846 -0.28585 -0.85208
vn 0.12114 -0.51220 -0.85028
vn 0.52657 -0.04188 -0.84910
vn 0.20800 0.48709 -0.84822
vn -0.39861 0.34690 -0.84898
vn -0.45124 -0.27594 -0.84867
vn 0.11457 -0.53801 -0.83512
vn 0.54785 -0.04628 -0.83530
vn 0.22288 0.50657 -0.83289
vn -0.41684 0.37002 -0.83026
vn -0.47657 -0.28391 -0.83203
vn 0.15722 -0.54628 -0.82271
vn 0.56214 -0.01163 -0.82696
vn 0.19131 0.53033 -0.82593
vn -0.45143 0.35314 -0.81945
vn -0.46877 -0.32090 -0.82297
vn 0.12761 -0.55974 -0.81879
vn 0.55477 -0.05271 -0.83033
vn 0.22217 0.52157 -0.82377
vn -0.43357 0.37818 -0.81792
vn -0.49051 -0.29182 -0.82112
vn 0.12656 -0.59562 -0.79323
vn 0.06347 -0.57727 -0.81408
vn 0.60149 -0.05272 -0.79714
vn 0.56912 -0.11022 -0.81483
vn 0.24287 0.56604 -0.78779
vn 0.27953 0.53991 -0.79395
vn -0.46301 0.41161 -0.78498
vn -0.42321 0.44210 -0.79085
vn -0.53154 -0.30878 -0.78875
vn -0.54290 -0.25581 -0.79989
vn 0.09442 -0.56303 -0.82103
vn 0.52680 -0.10667 -0.84327
vn 0.26559 0.48386 -0.83387
vn -0.40881 0.41752 -0.81151
vn -0.51518 -0.26081 -0.81644
vn 0.15100 -0.51345 -0.84473
vn 0.52881 -0.01618 -0.84859
vn 0.19082 0.48900 -0.85116
vn -0.42281 0.33742 -0.84106
vn -0.44408 -0.29869 -0.84473
vn 0.17635 -0.43153 -0.88469
vn 0.48427 0.02483 -0.87457
vn 0.13360 0.48557 -0.86393
vn -0.40571 0.25819 -0.87678
vn -0.36669 -0.30503 -0.87892
vn 0.04911 -0.50323 -0.86275
vn 0.49426 -0.10660 -0.86275
vn 0.24851 0.43907 -0.86340
vn -0.33600 0.38236 -0.86076
vn -0.46233 -0.20396 -0.86293
vn -0.31149 -0.46042 -0.83126
vn 0.33955 -0.42682 -0.83817
vn 0.51124 0.19200 -0.83772
vn -0.02398 0.54618 -0.83733
vn -0.52365 0.14388 -0.83969
vn -0.31647 -0.18756 -0.92987
vn 0.07746 -0.35411 -0.93199
vn 0.36516 -0.03522 -0.93028
vn 0.14086 0.33330 -0.93224
vn -0.27135 0.23940 -0.93223
vn -0.13634 -0.11470 -0.98400
vn 0.07216 -0.15715 -0.98494
vn 0.17678 0.01331 -0.98416
vn 0.03272 0.16479 -0.98579
vn -0.14959 0.08801 -0.98482
vn -0.34451 0.13963 -0.92834
vn -0.23343 -0.27002 -0.93413
vn 0.18753 -0.31305 -0.93104
vn 0.35264 0.08498 -0.93189
vn 0.02897 0.35912 -0.93284
vn -0.33870 0.42340 -0.84025
vn -0.50662 -0.18319 -0.84248
vn 0.02228 -0.54581 -0.83761
vn 0.52204 -0.14413 -0.84065
vn 0.29454 0.44766 -0.84430
vn -0.26958 0.53236 -0.80244
vn -0.59010 -0.09831 -0.80132
vn -0.08961 -0.59381 -0.79960
vn 0.53566 -0.26910 -0.80041
vn 0.42063 0.42387 -0.80213
vn -0.38416 0.84795 -0.36524
vn -0.82398 -0.08287 -0.56053
vn -0.18591 -0.80853 -0.55832
vn 0.72760 -0.50216 -0.46737
vn 0.45728 0.79725 -0.39407
vn -0.30674 0.94743 -0.09105
vn -0.95594 0.03538 -0.29144
vn -0.33004 -0.89559 -0.29831
vn 0.77433 -0.57802 -0.25750
vn 0.79527 0.54801 -0.25928
vn -0.45105 0.87406 -0.18048
vn -0.96028 -0.12764 -0.24814
vn -0.17680 -0.95024 -0.25650
vn 0.87291 -0.42535 -0.23897
vn 0.71081 0.66354 -0.23337
vn -0.59451 0.73470 -0.32676
vn -0.88324 -0.33151 -0.33164
vn 0.04204 -0.94845 -0.31412
vn 0.91354 -0.25078 -0.32023
vn 0.50868 0.80166 -0.31398
vn -0.49951 0.59670 -0.62805
vn -0.73811 -0.30108 -0.60378
vn 0.05861 -0.80514 -0.59018
vn 0.77500 -0.18900 -0.60304
vn 0.42328 0.67428 -0.60513
vn -0.35073 0.80346 -0.48108
vn -0.87481 -0.09014 -0.47600
vn -0.18480 -0.86040 -0.47494
vn 0.76102 -0.43964 -0.47704
vn 0.65438 0.58671 -0.47703
vn -0.34898 0.77527 -0.52647
vn -0.84581 -0.09445 -0.52505
vn -0.16899 -0.83615 -0.52181
vn 0.74066 -0.41999 -0.52443
vn 0.62810 0.56991 -0.52981
vn -0.27898 0.89391 -0.35085
vn -0.93726 0.01465 -0.34833
vn -0.30093 -0.88629 -0.35204
vn 0.74927 -0.56163 -0.35094
vn 0.75897 0.54392 -0.35792
vn -0.41288 0.88898 0.19809
vn -0.97241 -0.11866 0.20082
vn -0.18535 -0.96200 0.20051
vn 0.85746 -0.47492 0.19803
vn 0.71625 0.67058 0.19314
vn -0.48594 0.80715 -0.33521
vn -0.94861 -0.24212 -0.20376
vn -0.07892 -0.93635 -0.34207
vn 0.86632 -0.36679 -0.33904
vn 0.61692 0.70862 -0.34244
vn -0.24731 0.91304 -0.32433
vn -0.87832 -0.00473 -0.47806
vn -0.33663 -0.88054 -0.33365
vn 0.73895 -0.59152 -0.32259
vn 0.79059 0.52087 -0.32198
vn -0.24228 0.94140 -0.23466
vn -0.97032 0.06135 -0.23391
vn -0.36023 -0.90366 -0.23159
vn 0.75000 -0.61945 -0.23193
vn 0.82300 0.51982 -0.22901
vn -0.53783 0.78035 -0.31906
vn -0.90662 -0.27161 -0.32290
vn -0.02113 -0.94584 -0.32394
vn 0.89169 -0.31840 -0.32174
vn 0.58439 0.74645 -0.31828
vn -0.47375 0.78740 -0.39442
vn -0.89280 -0.20513 -0.40103
vn -0.08094 -0.91172 -0.40276
vn 0.84557 -0.35891 -0.39522
vn 0.60239 0.69560 -0.39149
vn -0.06551 0.92232 -0.38084
vn -0.89467 0.22469 -0.38610
vn -0.49441 -0.77883 -0.38598
vn 0.59303 -0.70923 -0.38119
vn 0.85676 0.34552 -0.38286
vn -0.32608 0.86791 -0.37472
vn -0.92522 -0.03840 -0.37749
vn -0.24522 -0.89412 -0.37472
vn 0.77206 -0.51265 -0.37565
vn 0.72304 0.58065 -0.37425
vn -0.39166 0.82374 -0.40993
vn -0.90490 -0.11544 -0.40967
vn -0.17116 -0.89764 -0.40613
vn 0.80152 -0.43745 -0.40769
vn 0.66205 0.62796 -0.40910
vn -0.22895 0.89243 -0.38878
vn -0.92080 0.05882 -0.38559
vn -0.34034 -0.85914 -0.38216
vn 0.71250 -0.58717 -0.38416
vn 0.77857 0.49488 -0.38591
vn -0.30790 0.87102 -0.38279
vn -0.92469 -0.02652 -0.37980
vn -0.26352 -0.88702 -0.37914
vn 0.76251 -0.52314 -0.38065
vn 0.73372 0.56211 -0.38169
vn -0.38558 0.85706 -0.34171
vn -0.93546 -0.09213 -0.34121
vn -0.19775 -0.92165 -0.33384
vn 0.81869 -0.46551 -0.33624
vn 0.69454 0.63473 -0.33872
vn -0.62900 0.72015 -0.29281
vn -0.87950 -0.38082 -0.28540
vn 0.09079 -0.95510 -0.28204
vn 0.93595 -0.20701 -0.28485
vn 0.49112 0.82149 -0.28974
vn -0.88872 0.16561 -0.42749
vn -0.42741 -0.80054 -0.42007
vn 0.62464 -0.65610 -0.42352
vn 0.81880 0.38473 -0.42609
vn -0.11688 0.89569 -0.42904
vn -0.56868 0.18218 -0.80213
vn -0.34867 -0.48572 -0.80156
vn 0.35356 -0.48000 -0.80287
vn 0.56531 0.18407 -0.80408
vn -0.00180 0.59906 -0.80070
vn -0.43730 0.47317 -0.76477
vn -0.59170 -0.27700 -0.75707
vn 0.07807 -0.64146 -0.76318
vn 0.63017 -0.12382 -0.76652
vn 0.31827 0.56169 -0.76368
vn -0.26017 0.58743 -0.76632
vn -0.64332 -0.06220 -0.76307
vn -0.14086 -0.62736 -0.76588
vn 0.55415 -0.32076 -0.76813
vn 0.47784 0.43001 -0.76600
vn -0.25405 0.63733 -0.72751
vn -0.68498 -0.04788 -0.72699
vn -0.16562 -0.66852 -0.72501
vn 0.58398 -0.36621 -0.72447
vn 0.53068 0.44263 -0.72281
vn -0.21276 0.62014 -0.75509
vn -0.65681 -0.00952 -0.75400
vn -0.19138 -0.62708 -0.75508
vn 0.54068 -0.37553 -0.75276
vn 0.52510 0.39856 -0.75194
vn -0.22224 0.56944 -0.79142
vn -0.61273 -0.03681 -0.78944
vn -0.15475 -0.58833 -0.79368
vn 0.51502 -0.32960 -0.79127
vn 0.47135 0.38865 -0.79169
vn -0.25960 0.60532 -0.75246
vn -0.65494 -0.05955 -0.75333
vn -0.14443 -0.64111 -0.75374
vn 0.56623 -0.33718 -0.75213
vn 0.49593 0.43456 -0.75180
vn -0.01595 0.63698 -0.77072
vn -0.61002 0.18202 -0.77119
vn -0.36249 -0.52617 -0.76925
vn 0.38432 -0.50981 -0.76967
vn 0.60382 0.21259 -0.76825
vn -0.18948 0.55532 -0.80976
vn -0.58670 -0.00706 -0.80977
vn -0.17569 -0.56290 -0.80763
vn 0.48271 -0.33981 -0.80717
vn 0.47415 0.35441 -0.80596
vn -0.31996 0.58825 -0.74269
vn -0.65861 -0.12385 -0.74223
vn -0.08393 -0.66651 -0.74075
vn 0.60830 -0.28754 -0.73980
vn 0.46428 0.48774 -0.73929
vn -0.25465 0.65617 -0.71035
vn -0.69875 -0.03675 -0.71442
vn -0.18214 -0.67583 -0.71420
vn 0.58720 -0.38096 -0.71419
vn 0.54391 0.43938 -0.71491
vn -0.14203 0.51580 -0.84485
vn -0.51746 0.06727 -0.85306
vn -0.18771 -0.49832 -0.84643
vn 0.41733 -0.33186 -0.84599
vn 0.44466 0.29400 -0.84607
vn -0.22893 0.52003 -0.82290
vn -0.51243 -0.08797 -0.85421
vn -0.11605 -0.55218 -0.82561
vn 0.48828 -0.28322 -0.82545
vn 0.42571 0.38135 -0.82058
vn -0.22060 0.50821 -0.83250
vn -0.18118 0.44608 -0.87646
vn -0.54712 -0.04954 -0.83559
vn -0.48095 -0.03485 -0.87606
vn -0.12018 -0.53356 -0.83718
vn -0.11421 -0.46166 -0.87967
vn 0.47347 -0.28060 -0.83492
vn 0.40669 -0.25298 -0.87784
vn 0.41957 0.37160 -0.82818
vn 0.37313 0.31650 -0.87213
vn -0.09313 -0.52553 -0.84567
vn 0.47213 -0.24905 -0.84561
vn 0.38515 0.37336 -0.84396
vn -0.23417 0.48066 -0.84506
vn -0.53121 -0.07604 -0.84382
vn -0.10666 -0.52310 -0.84557
vn 0.46306 -0.26491 -0.84581
vn 0.39330 0.35905 -0.84641
vn -0.21897 0.48081 -0.84904
vn -0.52802 -0.06016 -0.84710
vn -0.17415 -0.70255 -0.68999
vn 0.61679 -0.38577 -0.68611
vn 0.55666 0.47316 -0.68283
vn -0.26660 0.66673 -0.69599
vn -0.72106 -0.05243 -0.69088
vn -0.19458 -0.66314 -0.72276
vn 0.59424 -0.38690 -0.70512
vn 0.55550 0.48590 -0.67477
vn -0.24778 0.66065 -0.70862
vn -0.69283 -0.02057 -0.72081
vn -0.11250 -0.67241 -0.73158
vn 0.67861 -0.32341 -0.65947
vn 0.44683 0.38385 -0.80808
vn -0.35464 0.65625 -0.66600
vn -0.67301 -0.09930 -0.73294
vn -0.12944 -0.49152 -0.86119
vn 0.45421 -0.31646 -0.83279
vn 0.37461 0.29539 -0.87887
vn -0.18622 0.52114 -0.83291
vn -0.50741 -0.02360 -0.86138
vn -0.11214 -0.61086 -0.78376
vn 0.55167 -0.29757 -0.77917
vn 0.46867 0.44479 -0.76322
vn -0.27591 0.56157 -0.78007
vn -0.61588 -0.08311 -0.78345
vn -0.15512 -0.54367 -0.82484
vn 0.47897 -0.31544 -0.81920
vn 0.45848 0.38879 -0.79915
vn -0.20576 0.53612 -0.81868
vn -0.56600 -0.02243 -0.82410
vn -0.16585 -0.51989 -0.83798
vn 0.44360 -0.32135 -0.83663
vn 0.45373 0.33122 -0.82730
vn -0.16755 0.52393 -0.83512
vn -0.54510 0.00042 -0.83837
vn -0.12055 -0.56703 -0.81483
vn 0.49781 -0.29514 -0.81552
vn 0.44121 0.38032 -0.81283
vn -0.23276 0.53051 -0.81509
vn -0.57664 -0.06149 -0.81468
vn -0.15202 -0.53725 -0.82961
vn 0.47378 -0.30757 -0.82519
vn 0.43524 0.35854 -0.82584
vn -0.20208 0.52340 -0.82778
vn -0.56319 -0.02946 -0.82580
vn -0.14297 -0.50245 -0.85270
vn 0.43732 -0.29375 -0.84998
vn 0.41360 0.33065 -0.84830
vn -0.17958 0.49254 -0.85156
vn -0.52643 -0.02068 -0.84997
vn -0.11660 -0.48477 -0.86684
vn 0.42851 -0.26034 -0.86522
vn 0.37942 0.33043 -0.86421
vn -0.19199 0.45993 -0.86695
vn -0.49755 -0.03533 -0.86671
vn -0.09896 -0.46289 -0.88087
vn 0.41044 -0.24146 -0.87934
vn 0.35787 0.31638 -0.87854
vn -0.19115 0.43372 -0.88054
vn -0.47295 -0.04436 -0.87997
vn -0.11680 -0.43358 -0.89352
vn 0.37733 -0.24803 -0.89224
vn 0.35510 0.28081 -0.89165
vn -0.15841 0.42229 -0.89251
vn -0.45178 -0.02187 -0.89186
vn -0.13874 -0.43866 -0.88788
vn 0.37547 -0.26728 -0.88746
vn 0.37276 0.27250 -0.88701
vn -0.14542 0.43775 -0.88726
vn -0.46299 -0.00665 -0.88634
vn -0.11664 -0.45124 -0.88475
vn 0.39297 -0.25178 -0.88441
vn 0.36088 0.29582 -0.88445
vn -0.16571 0.43512 -0.88499
vn -0.46783 -0.02765 -0.88339
vn -0.12943 -0.42756 -0.89467
vn 0.36322 -0.25659 -0.89567
vn 0.36042 0.26512 -0.89432
vn -0.14200 0.42189 -0.89546
vn -0.44772 -0.00179 -0.89417
vn -0.19412 -0.40323 -0.89427
vn 0.32150 -0.30594 -0.89613
vn 0.38933 0.21444 -0.89579
vn -0.08906 0.43414 -0.89643
vn -0.44045 0.05487 -0.89610
vn -0.22006 -0.41639 -0.88215
vn 0.33100 -0.33533 -0.88204
vn 0.42076 0.20958 -0.88263
vn -0.07262 0.46530 -0.88217
vn -0.46531 0.07338 -0.88210
vn -0.15653 -0.43729 -0.88560
vn 0.37224 -0.28347 -0.88379
vn 0.38351 0.26591 -0.88443
vn -0.13468 0.44736 -0.88415
vn -0.46906 0.00463 -0.88316
vn -0.14453 -0.40425 -0.90316
vn 0.34103 -0.26304 -0.90250
vn 0.35292 0.24631 -0.90265
vn -0.11778 0.41449 -0.90240
vn -0.43082 0.01889 -0.90224
vn -0.11168 -0.41011 -0.90517
vn 0.35570 -0.23397 -0.90484
vn 0.33194 0.26755 -0.90456
vn -0.14918 0.39871 -0.90486
vn -0.42615 -0.01422 -0.90454
vn -0.12149 -0.40577 -0.90587
vn 0.34660 -0.24518 -0.90540
vn 0.34170 0.25520 -0.90450
vn -0.14116 0.40230 -0.90456
vn -0.42456 -0.01101 -0.90533
vn -0.11625 -0.40375 -0.90745
vn 0.34723 -0.23170 -0.90870
vn 0.32724 0.26034 -0.90837
vn -0.15131 0.39246 -0.90724
vn -0.41920 -0.01940 -0.90768
vn -0.03009 -0.39345 -0.91886
vn 0.36568 -0.14447 -0.91946
vn 0.25403 0.30372 -0.91827
vn -0.20738 0.34050 -0.91709
vn -0.38500 -0.09326 -0.91819
vn 0.17664 -0.33584 -0.92521
vn 0.37261 0.05958 -0.92607
vn 0.06155 0.37228 -0.92608
vn -0.33542 0.17223 -0.92619
vn -0.26647 -0.26707 -0.92610
vn 0.35087 -0.21076 -0.91240
vn 0.46440 -0.08632 -0.88141
vn 0.16351 -0.16924 -0.97192
vn 0.30911 0.26391 -0.91368
vn 0.22555 0.41460 -0.88161
vn 0.21165 0.10084 -0.97213
vn -0.15863 0.37513 -0.91330
vn -0.32722 0.34227 -0.88078
vn -0.03129 0.23128 -0.97238
vn -0.40527 -0.03199 -0.91364
vn -0.42645 -0.20493 -0.88099
vn -0.23141 0.04196 -0.97195
vn -0.09215 -0.39642 -0.91343
vn 0.05729 -0.46486 -0.88353
vn -0.10978 -0.20657 -0.97225
vn -0.07749 -0.29255 -0.95310
vn -0.08672 -0.29322 -0.95210
vn 0.03544 -0.24352 -0.96925
vn 0.25530 -0.15790 -0.95388
vn 0.25044 -0.17422 -0.95233
vn 0.24253 -0.04118 -0.96927
vn 0.22601 0.19162 -0.95509
vn 0.24104 0.18258 -0.95319
vn 0.11496 0.21586 -0.96963
vn -0.10905 0.27466 -0.95534
vn -0.10220 0.28413 -0.95332
vn -0.16805 0.17547 -0.97004
vn -0.29671 -0.01872 -0.95478
vn -0.30182 -0.00863 -0.95332
vn -0.21800 -0.10599 -0.97018
vn -0.08411 -0.30466 -0.94874
vn 0.25899 -0.17384 -0.95011
vn 0.24303 0.19175 -0.95088
vn -0.11054 0.29410 -0.94936
vn -0.31439 -0.01403 -0.94919
vn 0.00477 -0.02368 -0.99971
vn -0.01080 -0.02385 -0.99966
vn -0.02532 -0.10154 -0.99451
vn 0.02780 0.00049 -0.99961
vn 0.02387 -0.02033 -0.99951
vn 0.09494 -0.05688 -0.99386
vn 0.00555 0.02410 -0.99969
vn 0.02379 0.01430 -0.99961
vn 0.07825 0.06691 -0.99469
vn -0.01857 0.01456 -0.99972
vn -0.00508 0.02551 -0.99966
vn -0.04148 0.09792 -0.99433
vn -0.02363 -0.01259 -0.99964
vn -0.02967 0.00267 -0.99956
vn -0.10338 -0.00981 -0.99459
vn 0.02242 0.01219 -0.99967
vn -0.00265 0.02661 -0.99964
vn -0.02798 0.00414 -0.99960
vn -0.00813 -0.02448 -0.99967
vn 0.01796 -0.01419 -0.99974
vn 0.02208 0.11173 -0.99349
vn 0.04337 0.11856 -0.99200
vn 0.05389 0.18949 -0.98040
vn -0.10400 0.06192 -0.99265
vn -0.08090 0.06982 -0.99427
vn -0.15957 0.10415 -0.98168
vn -0.08338 -0.07695 -0.99354
vn -0.08484 -0.05037 -0.99512
vn -0.14106 -0.11583 -0.98320
vn 0.04584 -0.09281 -0.99463
vn 0.02957 -0.10683 -0.99384
vn 0.06494 -0.17069 -0.98318
vn 0.10359 0.01192 -0.99455
vn 0.08821 -0.00549 -0.99609
vn 0.17219 0.01106 -0.98500
vn 0.01737 0.14172 -0.98975
vn -0.14188 0.06646 -0.98765
vn -0.09690 -0.10204 -0.99005
vn 0.06496 -0.12286 -0.99030
vn 0.13116 0.02446 -0.99106
vn -0.10370 -0.20598 -0.97305
vn -0.12600 -0.27499 -0.95315
vn -0.11314 -0.27330 -0.95525
vn -0.09878 -0.26631 -0.95881
vn -0.12460 -0.32117 -0.93879
vn -0.10895 -0.22471 -0.96832
vn 0.18955 -0.16721 -0.96753
vn 0.22357 -0.20265 -0.95339
vn 0.22253 -0.18422 -0.95736
vn 0.20465 -0.16453 -0.96491
vn 0.25583 -0.21723 -0.94200
vn 0.17609 -0.17025 -0.96954
vn 0.21823 0.12426 -0.96795
vn 0.26795 0.15657 -0.95063
vn 0.24278 0.15411 -0.95776
vn 0.21819 0.14767 -0.96467
vn 0.29389 0.17762 -0.93919
vn 0.21905 0.11448 -0.96897
vn -0.04148 0.23580 -0.97091
vn -0.06159 0.30054 -0.95178
vn -0.06923 0.27748 -0.95823
vn -0.07434 0.25948 -0.96288
vn -0.08633 0.33881 -0.93689
vn -0.03991 0.23830 -0.97037
vn -0.24467 0.02540 -0.96927
vn -0.30123 0.03495 -0.95291
vn -0.27518 0.01727 -0.96124
vn -0.25208 0.00862 -0.96767
vn -0.34141 0.02747 -0.93951
vn -0.23224 0.03883 -0.97188
vn 0.02966 0.04801 -0.99841
vn 0.01793 0.11301 -0.99343
vn 0.00104 0.10301 -0.99468
vn 0.08725 0.24113 -0.96656
vn 0.08587 0.24712 -0.96517
vn 0.09908 0.17696 -0.97922
vn -0.03880 0.04562 -0.99821
vn -0.09848 0.05187 -0.99379
vn -0.09095 0.03243 -0.99533
vn -0.19916 0.15635 -0.96741
vn -0.20421 0.15669 -0.96630
vn -0.14067 0.14930 -0.97873
vn -0.05631 -0.02295 -0.99815
vn -0.08147 -0.07485 -0.99386
vn -0.06259 -0.08290 -0.99459
vn -0.21644 -0.14321 -0.96573
vn -0.21740 -0.14699 -0.96495
vn -0.18828 -0.08956 -0.97802
vn 0.00373 -0.05840 -0.99829
vn 0.05358 -0.10734 -0.99278
vn 0.06076 -0.08986 -0.99410
vn 0.06976 -0.24777 -0.96630
vn 0.07885 -0.25392 -0.96401
vn 0.02308 -0.20030 -0.97946
vn 0.05509 -0.01425 -0.99838
vn 0.11152 0.01703 -0.99362
vn 0.10028 0.03448 -0.99436
vn 0.25632 -0.00899 -0.96655
vn 0.26322 -0.00832 -0.96470
vn 0.19799 -0.03714 -0.97950
vn -0.00138 0.06509 -0.99788
vn -0.10414 -0.25448 -0.96145
vn 0.06232 0.23049 -0.97108
vn -0.06441 0.02032 -0.99772
vn 0.22533 -0.18555 -0.95645
vn -0.19835 0.12980 -0.97150
vn -0.03826 -0.05427 -0.99779
vn 0.23613 0.14887 -0.96025
vn -0.18530 -0.15559 -0.97029
vn 0.03772 -0.05439 -0.99781
vn -0.06301 0.25593 -0.96464
vn 0.08294 -0.22494 -0.97084
vn 0.06164 0.02092 -0.99788
vn -0.27469 0.01641 -0.96139
vn 0.24114 0.01364 -0.97039
vn -0.09009 -0.23595 -0.96758
vn 0.19183 -0.16048 -0.96822
vn 0.21274 0.13896 -0.96718
vn -0.07600 0.25172 -0.96481
vn -0.25368 0.01093 -0.96723
vn -0.19037 -0.32938 -0.92481
vn -0.03321 0.09138 -0.99526
vn -0.13437 -0.08566 -0.98722
vn 0.21173 -0.26144 -0.94171
vn -0.10251 0.02862 -0.99432
vn 0.03886 -0.15490 -0.98717
vn 0.31641 0.11921 -0.94110
vn -0.05971 -0.09169 -0.99400
vn 0.16344 -0.00911 -0.98651
vn -0.03548 0.37260 -0.92731
vn 0.08227 -0.05643 -0.99501
vn 0.05730 0.15240 -0.98666
vn -0.35921 0.07894 -0.92991
vn 0.08071 0.06110 -0.99486
vn -0.12537 0.10010 -0.98705
vn 0.02928 0.05965 -0.99779
vn -0.05131 0.04674 -0.99759
vn -0.06004 -0.03393 -0.99762
vn 0.01195 -0.06603 -0.99775
vn 0.06339 -0.00932 -0.99795
vn -0.00048 0.20261 -0.97926
vn -0.19818 0.06005 -0.97832
vn -0.11659 -0.16595 -0.97922
vn 0.11384 -0.15409 -0.98148
vn 0.17703 0.06211 -0.98224
vn -0.02320 0.07988 -0.99653
vn -0.08999 0.00013 -0.99594
vn -0.03063 -0.08682 -0.99575
vn 0.06489 -0.05053 -0.99661
vn 0.06276 0.04412 -0.99705
vn 0.00391 -0.07632 -0.99708
vn 0.07298 -0.02461 -0.99703
vn 0.04573 0.06240 -0.99700
vn -0.04647 0.05897 -0.99718
vn -0.06938 -0.02690 -0.99723
vn -0.07085 -0.02635 -0.99714
vn 0.00565 -0.07534 -0.99714
vn 0.07433 -0.01611 -0.99710
vn 0.04015 0.06542 -0.99705
vn -0.05133 0.05731 -0.99704
vn -0.10090 -0.00273 -0.99489
vn -0.06424 -0.09365 -0.99353
vn 0.06799 -0.08995 -0.99362
vn 0.08085 0.05832 -0.99502
vn -0.03184 0.09316 -0.99514
vn -0.26960 -0.27913 -0.92163
vn 0.23706 -0.38944 -0.89002
vn 0.44861 0.10873 -0.88709
vn 0.05613 0.38283 -0.92211
vn -0.33491 0.17151 -0.92651
vn -0.10571 0.02697 -0.99403
vn -0.06126 -0.09040 -0.99402
vn 0.06441 -0.08737 -0.99409
vn 0.10809 0.04062 -0.99331
vn -0.00754 0.11629 -0.99319
vn -0.06404 0.30780 -0.94929
vn -0.30452 0.03332 -0.95192
vn -0.12801 -0.28164 -0.95094
vn 0.23236 -0.21108 -0.94945
vn 0.26564 0.15667 -0.95126
vn -0.07813 0.07101 -0.99441
vn -0.08927 -0.05403 -0.99454
vn 0.02227 -0.10345 -0.99439
vn 0.10255 -0.00963 -0.99468
vn 0.04008 0.09394 -0.99477
vn -0.04355 0.02720 -0.99868
vn -0.03662 0.14269 -0.98909
vn -0.17699 0.07473 -0.98137
vn -0.03877 -0.03194 -0.99874
vn -0.14845 0.00575 -0.98890
vn -0.12720 -0.14444 -0.98130
vn 0.01750 -0.04811 -0.99869
vn -0.05033 -0.13751 -0.98922
vn 0.09768 -0.16624 -0.98124
vn 0.04870 0.00322 -0.99881
vn 0.11483 -0.09004 -0.98930
vn 0.18614 0.04421 -0.98153
vn 0.01088 0.04743 -0.99882
vn 0.12724 0.08854 -0.98791
vn 0.01922 0.19417 -0.98078
vn 0.22172 0.10104 -0.96986
vn -0.02816 0.23444 -0.97172
vn -0.23499 0.04521 -0.97095
vn -0.11179 -0.21758 -0.96962
vn 0.16941 -0.17519 -0.96985
vn 0.11913 0.10330 -0.98749
vn -0.00986 0.11049 -0.99383
vn -0.16189 -0.01997 -0.98661
vn -0.03150 -0.16023 -0.98658
vn 0.13212 -0.07621 -0.98830
vn -0.07431 -0.21327 -0.97416
vn 0.10384 -0.03793 -0.99387
vn 0.18942 0.12907 -0.97338
vn -0.06630 0.22662 -0.97172
vn -0.22560 0.01003 -0.97417
vn -0.07896 -0.25450 -0.96384
vn 0.21204 -0.15160 -0.96543
vn 0.20922 0.15633 -0.96529
vn -0.08201 0.25009 -0.96474
vn -0.26173 0.00227 -0.96514
vn -0.00548 -0.08671 -0.99622
vn 0.08114 -0.03268 -0.99617
vn 0.05472 0.05990 -0.99670
vn -0.04512 0.07660 -0.99604
vn -0.08290 -0.01611 -0.99643
vn 0.05064 0.07813 -0.99566
vn -0.04303 0.07197 -0.99648
vn -0.08169 -0.03232 -0.99613
vn 0.00642 -0.10172 -0.99479
vn 0.07822 -0.02186 -0.99670
vn 0.01142 -0.10607 -0.99429
vn 0.09644 -0.02100 -0.99512
vn 0.05955 0.09374 -0.99381
vn -0.07461 0.08164 -0.99387
vn -0.09786 -0.04320 -0.99426
vn -0.08282 -0.30099 -0.95002
vn 0.26399 -0.18090 -0.94741
vn 0.24765 0.19534 -0.94895
vn -0.11724 0.29765 -0.94745
vn -0.31211 -0.01166 -0.94998
vn 0.00685 0.03249 -0.99945
vn -0.03024 0.01490 -0.99943
vn -0.02619 -0.02148 -0.99943
vn 0.01790 -0.03330 -0.99929
vn 0.03236 0.00547 -0.99946
vn 0.03775 0.21420 -0.97606
vn -0.19385 0.09974 -0.97595
vn -0.15563 -0.14958 -0.97642
vn 0.09654 -0.19445 -0.97615
vn 0.21591 0.02708 -0.97604
vn 0.05301 0.18152 -0.98196
vn -0.15296 0.10753 -0.98236
vn -0.14911 -0.11770 -0.98179
vn 0.06535 -0.17866 -0.98174
vn 0.19375 0.00937 -0.98101
vn -0.02558 0.02847 -0.99927
vn -0.03327 -0.01310 -0.99936
vn 0.00516 -0.04339 -0.99904
vn 0.03794 -0.00547 -0.99927
vn 0.01491 0.03523 -0.99927
vn -0.16340 -0.38785 -0.90713
vn 0.31918 -0.27491 -0.90694
vn 0.36301 0.21819 -0.90588
vn -0.09065 0.40955 -0.90777
vn -0.41953 0.03677 -0.90700
vn -0.02236 -0.21548 -0.97625
vn 0.21040 -0.09117 -0.97336
vn 0.14664 0.16177 -0.97587
vn -0.09055 0.19132 -0.97734
vn -0.20428 -0.03662 -0.97823
vn 0.07110 0.19920 -0.97738
vn -0.16471 0.12704 -0.97813
vn -0.17194 -0.12139 -0.97760
vn 0.06506 -0.19748 -0.97814
vn 0.20559 -0.00048 -0.97864
vn -0.05935 -0.03694 -0.99755
vn 0.00511 -0.07016 -0.99752
vn 0.07023 -0.00628 -0.99751
vn 0.02992 0.06526 -0.99742
vn -0.05137 0.04887 -0.99748
vn -0.10944 -0.23769 -0.96516
vn 0.18732 -0.18017 -0.96564
vn 0.22765 0.12424 -0.96578
vn -0.04428 0.25436 -0.96610
vn -0.25275 0.03639 -0.96685
vn -0.12595 -0.25982 -0.95741
vn 0.20735 -0.20044 -0.95751
vn 0.25224 0.13760 -0.95783
vn -0.04966 0.28005 -0.95870
vn -0.28024 0.03780 -0.95919
vn -0.03424 -0.04621 -0.99834
vn 0.02726 -0.04627 -0.99856
vn 0.05062 0.01465 -0.99861
vn 0.00096 0.05436 -0.99852
vn -0.04628 0.01963 -0.99874
vn 0.03551 0.18467 -0.98216
vn -0.17703 0.09351 -0.97975
vn -0.14252 -0.12727 -0.98158
vn 0.07391 -0.16107 -0.98417
vn 0.17405 0.02061 -0.98452
vn -0.06508 -0.11872 -0.99079
vn 0.09559 -0.10956 -0.98937
vn 0.12663 0.05948 -0.99016
vn -0.01856 0.13294 -0.99095
vn -0.12953 0.02427 -0.99128
vn -0.18716 -0.47455 -0.86010
vn 0.38704 -0.32176 -0.86410
vn 0.42597 0.27180 -0.86295
vn -0.12629 0.48199 -0.86703
vn -0.49809 0.02736 -0.86670
vn -0.04820 0.06651 -0.99662
vn -0.07966 -0.02087 -0.99660
vn 0.00082 -0.07701 -0.99703
vn 0.07762 -0.02269 -0.99672
vn 0.04159 0.06364 -0.99711
vn 0.01940 0.20986 -0.97754
vn -0.18949 0.08525 -0.97818
vn -0.13994 -0.16029 -0.97710
vn 0.11052 -0.18173 -0.97712
vn 0.20683 0.04645 -0.97727
vn 0.02539 0.20139 -0.97918
vn -0.18406 0.08541 -0.97920
vn -0.14036 -0.14642 -0.97921
vn 0.09599 -0.17640 -0.97963
vn 0.19672 0.04048 -0.97962
vn -0.04168 -0.00261 -0.99913
vn -0.01021 -0.04171 -0.99908
vn 0.03424 -0.02223 -0.99917
vn 0.03181 0.03015 -0.99904
vn -0.01633 0.03912 -0.99910
vn -0.15444 -0.41389 -0.89713
vn 0.33518 -0.26241 -0.90487
vn 0.36097 0.23899 -0.90143
vn -0.11708 0.42769 -0.89631
vn -0.44618 0.02261 -0.89466
vn -0.14141 -0.39374 -0.90828
vn 0.32902 -0.25874 -0.90818
vn 0.35151 0.23395 -0.90648
vn -0.12066 0.39500 -0.91072
vn -0.41065 0.00624 -0.91177
vn 0.05090 0.27048 -0.96138
vn -0.23689 0.12559 -0.96338
vn -0.18956 -0.18338 -0.96459
vn 0.11573 -0.24514 -0.96255
vn 0.27301 0.03354 -0.96143
vn -0.07074 0.00623 -0.99748
vn -0.03332 -0.06295 -0.99746
vn 0.04820 -0.05110 -0.99753
vn 0.06320 0.03128 -0.99751
vn -0.01091 0.06855 -0.99759
vn -0.14160 -0.24840 -0.95825
vn 0.19897 -0.20962 -0.95732
vn 0.26011 0.12290 -0.95773
vn -0.03768 0.28266 -0.95848
vn -0.28058 0.04967 -0.95855
vn -0.14371 -0.29068 -0.94597
vn 0.23781 -0.22873 -0.94400
vn 0.29387 0.15151 -0.94376
vn -0.05977 0.32411 -0.94413
vn -0.32678 0.04677 -0.94394
vn -0.08611 -0.08418 -0.99272
vn 0.05677 -0.10532 -0.99282
vn 0.12014 0.01382 -0.99266
vn 0.01965 0.11918 -0.99268
vn -0.10658 0.05763 -0.99263
vn -0.03467 0.19958 -0.97927
vn -0.20200 0.03150 -0.97888
vn -0.08849 -0.18294 -0.97913
vn 0.14551 -0.13822 -0.97965
vn 0.18126 0.09588 -0.97875
vn -0.08612 -0.03440 -0.99569
vn 0.00988 -0.09040 -0.99586
vn 0.09821 -0.01534 -0.99505
vn 0.05054 0.08126 -0.99541
vn -0.05779 0.07130 -0.99578
vn -0.14999 -0.39101 -0.90808
vn 0.32270 -0.26560 -0.90847
vn 0.34601 0.22391 -0.91112
vn -0.10989 0.40234 -0.90887
vn -0.42001 0.02038 -0.90729
vn -0.00706 0.01484 -0.99986
vn -0.02016 -0.00435 -0.99979
vn -0.00280 -0.01887 -0.99982
vn 0.01313 -0.00984 -0.99987
vn 0.00883 0.01243 -0.99988
vn 0.06653 0.21255 -0.97488
vn -0.18380 0.12945 -0.97440
vn -0.18076 -0.13335 -0.97445
vn 0.06832 -0.18463 -0.98043
vn 0.22011 -0.00177 -0.97547
vn 0.09058 0.24340 -0.96569
vn -0.20386 0.16420 -0.96513
vn -0.22130 -0.14536 -0.96431
vn 0.06762 -0.25956 -0.96336
vn 0.26166 -0.01317 -0.96507
vn 0.00947 0.01082 -0.99990
vn -0.01288 0.01475 -0.99981
vn -0.01562 -0.00540 -0.99986
vn 0.00027 -0.01518 -0.99988
vn 0.01396 -0.00660 -0.99988
vn -0.12490 -0.36985 -0.92066
vn 0.31342 -0.23605 -0.91981
vn 0.31954 0.22652 -0.92010
vn -0.11654 0.37279 -0.92057
vn -0.39168 0.00740 -0.92007
vn -0.03747 -0.05726 -0.99766
vn 0.05023 -0.05975 -0.99695
vn 0.06687 0.03256 -0.99723
vn -0.00687 0.06946 -0.99756
vn -0.07099 0.02097 -0.99726
vn 0.05384 0.24670 -0.96760
vn -0.21536 0.12661 -0.96829
vn -0.19058 -0.16462 -0.96777
vn 0.10071 -0.22978 -0.96802
vn 0.25958 0.02470 -0.96541
vn -0.06415 -0.09515 -0.99339
vn 0.07105 -0.08926 -0.99347
vn 0.09773 0.03586 -0.99457
vn -0.00352 0.11473 -0.99339
vn -0.10546 0.03290 -0.99388
vn -0.10075 -0.26474 -0.95904
vn 0.22184 -0.18134 -0.95807
vn 0.24400 0.15440 -0.95740
vn -0.07153 0.28114 -0.95700
vn -0.28812 0.02139 -0.95736
vn -0.08346 -0.25609 -0.96304
vn 0.21748 -0.15902 -0.96302
vn 0.21489 0.16009 -0.96343
vn -0.08385 0.25647 -0.96291
vn -0.26849 -0.00161 -0.96328
vn -0.03555 -0.11115 -0.99317
vn 0.09151 -0.06529 -0.99366
vn 0.08506 0.06352 -0.99435
vn -0.03582 0.10959 -0.99333
vn -0.11321 -0.00130 -0.99357
vn 0.08894 0.24928 -0.96434
vn -0.20684 0.16003 -0.96520
vn -0.21949 -0.14993 -0.96403
vn 0.07452 -0.25603 -0.96379
vn 0.26522 -0.00601 -0.96417
vn -0.01726 -0.04368 -0.99890
vn 0.04529 -0.03937 -0.99820
vn 0.05869 0.03389 -0.99770
vn -0.01199 0.05035 -0.99866
vn -0.04960 0.00306 -0.99876
vn -0.12040 -0.36880 -0.92168
vn 0.31078 -0.22423 -0.92365
vn 0.31656 0.22679 -0.92106
vn -0.11913 0.36955 -0.92154
vn -0.38315 -0.00209 -0.92368
vn 0.01734 0.00276 -0.99985
vn 0.00356 0.01599 -0.99987
vn -0.01741 0.00713 -0.99982
vn -0.01251 -0.01035 -0.99987
vn 0.00919 -0.01501 -0.99985
vn 0.10787 0.21469 -0.97071
vn -0.17878 0.16630 -0.96973
vn -0.21653 -0.11450 -0.96954
vn 0.04206 -0.23633 -0.97076
vn 0.23671 -0.03553 -0.97093
vn 0.09788 0.22726 -0.96890
vn -0.18498 0.16236 -0.96924
vn -0.21628 -0.12835 -0.96786
vn 0.05284 -0.24305 -0.96857
vn 0.24740 -0.02281 -0.96864
vn 0.01627 0.05114 -0.99856
vn -0.03805 0.02576 -0.99894
vn -0.04569 -0.03314 -0.99841
vn 0.01822 -0.05006 -0.99858
vn 0.05404 0.00067 -0.99854
vn -0.13494 -0.37170 -0.91849
vn 0.31112 -0.24172 -0.91912
vn 0.32209 0.21830 -0.92120
vn -0.10837 0.38275 -0.91747
vn -0.40131 0.01486 -0.91582
vn -0.03132 -0.16212 -0.98627
vn 0.14689 -0.07817 -0.98606
vn 0.12767 0.11502 -0.98512
vn -0.07145 0.15568 -0.98522
vn -0.17346 -0.02213 -0.98459
vn 0.14979 0.26068 -0.95373
vn -0.19235 0.21735 -0.95695
vn -0.25901 -0.11877 -0.95854
vn 0.03180 -0.29788 -0.95407
vn 0.29502 -0.06623 -0.95319
vn 0.00250 -0.08766 -0.99615
vn 0.08060 -0.02121 -0.99652
vn 0.04128 0.06319 -0.99715
vn -0.05184 0.06614 -0.99646
vn -0.07620 -0.03201 -0.99658
vn -0.08129 -0.28811 -0.95414
vn 0.24959 -0.16570 -0.95407
vn 0.23725 0.18270 -0.95412
vn -0.10198 0.28115 -0.95423
vn -0.30019 -0.01335 -0.95379
vn -0.05671 -0.22867 -0.97185
vn 0.19748 -0.12464 -0.97235
vn 0.17852 0.14708 -0.97288
vn -0.08644 0.21738 -0.97225
vn -0.23391 -0.01559 -0.97213
vn 0.02955 0.01956 -0.99937
vn -0.01347 0.03766 -0.99920
vn -0.04040 -0.00172 -0.99918
vn -0.01054 -0.03968 -0.99916
vn 0.03455 -0.02263 -0.99915
vn 0.08207 0.21102 -0.97403
vn -0.16590 0.13695 -0.97659
vn -0.18568 -0.11736 -0.97558
vn 0.05673 -0.21455 -0.97506
vn 0.21852 -0.01172 -0.97576
vn -0.15177 -0.40017 -0.90379
vn 0.33598 -0.26879 -0.90270
vn 0.35174 0.23408 -0.90636
vn -0.11307 0.42004 -0.90044
vn -0.43769 0.02235 -0.89885
vn -0.11449 -0.32148 -0.93997
vn 0.27394 -0.21274 -0.93792
vn 0.27946 0.19071 -0.94103
vn -0.09711 0.32645 -0.94021
vn -0.34100 0.00899 -0.94002
vn 0.01266 0.07994 -0.99672
vn -0.07025 0.03744 -0.99683
vn -0.06031 -0.05771 -0.99651
vn 0.03504 -0.07432 -0.99662
vn 0.07679 0.01186 -0.99698
vn 0.07638 0.24408 -0.96674
vn -0.20834 0.14933 -0.96659
vn -0.21033 -0.15428 -0.96538
vn 0.08302 -0.24846 -0.96508
vn 0.26082 -0.00000 -0.96539
vn 0.08333 0.23490 -0.96844
vn -0.19776 0.15337 -0.96818
vn -0.21037 -0.14382 -0.96699
vn 0.07006 -0.24127 -0.96792
vn 0.25933 -0.00997 -0.96574
vn 0.00406 -0.00074 -0.99999
vn 0.00085 0.00341 -0.99999
vn -0.00854 -0.00138 -0.99996
vn -0.00530 -0.00292 -0.99998
vn 0.00125 -0.00461 -0.99999
vn -0.15364 -0.36219 -0.91936
vn 0.30286 -0.26060 -0.91671
vn 0.33781 0.20812 -0.91792
vn -0.09268 0.38190 -0.91955
vn -0.39451 0.03405 -0.91826
vn -0.09110 -0.19569 -0.97642
vn 0.16395 -0.14688 -0.97547
vn 0.18643 0.11164 -0.97610
vn -0.04839 0.20765 -0.97700
vn -0.21758 0.02385 -0.97575
vn 0.02961 0.19521 -0.98031
vn -0.17736 0.09042 -0.97998
vn -0.14623 -0.14117 -0.97913
vn 0.08950 -0.18413 -0.97882
vn 0.20020 0.03270 -0.97921
vn -0.02129 -0.07387 -0.99704
vn 0.05599 -0.04060 -0.99761
vn 0.05285 0.04012 -0.99780
vn -0.02285 0.06446 -0.99766
vn -0.06764 -0.00047 -0.99771
vn -0.05932 -0.25303 -0.96564
vn 0.21702 -0.13615 -0.96663
vn 0.19056 0.16055 -0.96846
vn -0.09779 0.23654 -0.96669
vn -0.25797 -0.01963 -0.96595
vn -0.07730 -0.25501 -0.96384
vn 0.22102 -0.14876 -0.96386
vn 0.20306 0.16141 -0.96577
vn -0.09158 0.24985 -0.96394
vn -0.26498 -0.00620 -0.96423
vn -0.04365 -0.12601 -0.99107
vn 0.09358 -0.07446 -0.99282
vn 0.09870 0.06583 -0.99294
vn -0.03431 0.11550 -0.99271
vn -0.12325 0.00514 -0.99236
vn 0.02433 0.15383 -0.98780
vn -0.14853 0.07292 -0.98622
vn -0.11892 -0.12294 -0.98526
vn 0.08053 -0.15125 -0.98521
vn 0.16323 0.02626 -0.98624
vn -0.10507 -0.26189 -0.95936
vn 0.21156 -0.17834 -0.96096
vn 0.24071 0.14544 -0.95964
vn -0.06239 0.26612 -0.96192
vn -0.28052 0.01668 -0.95970
vn -0.11968 -0.30672 -0.94425
vn 0.27359 -0.21286 -0.93800
vn 0.28923 0.18526 -0.93916
vn -0.09209 0.33461 -0.93785
vn -0.34146 0.01332 -0.93980
vn 0.00265 0.07168 -0.99742
vn -0.06416 0.01831 -0.99777
vn -0.04328 -0.06117 -0.99719
vn 0.04403 -0.05951 -0.99726
vn 0.07662 0.02038 -0.99685
vn 0.09844 0.22751 -0.96879
vn -0.19572 0.15872 -0.96773
vn -0.21490 -0.13465 -0.96731
vn 0.05870 -0.24312 -0.96822
vn 0.25648 -0.02477 -0.96623
vn -0.08501 -0.29037 -0.95313
vn 0.24815 -0.17343 -0.95307
vn 0.23648 0.17893 -0.95502
vn -0.09641 0.28439 -0.95385
vn -0.29818 -0.00502 -0.95450
vn -0.02167 -0.09659 -0.99509
vn 0.07907 -0.04414 -0.99589
vn 0.06687 0.06183 -0.99584
vn -0.03677 0.08509 -0.99569
vn -0.09082 -0.00853 -0.99583
vn 0.04789 0.05629 -0.99727
vn -0.03538 0.05878 -0.99764
vn -0.06811 -0.01601 -0.99755
vn -0.00540 -0.07478 -0.99719
vn 0.08276 -0.02852 -0.99616
vn -0.10408 -0.13995 -0.98467
vn 0.08064 -0.13953 -0.98693
vn 0.16481 0.03873 -0.98556
vn 0.01595 0.16702 -0.98582
vn -0.15480 0.05676 -0.98631
vn -0.16099 -0.35056 -0.92260
vn 0.28446 -0.25913 -0.92300
vn 0.33838 0.18902 -0.92183
vn -0.06859 0.37605 -0.92406
vn -0.38872 0.04181 -0.92040
vn 0.01366 0.07318 -0.99723
vn -0.04088 0.02737 -0.99879
vn -0.05107 -0.04477 -0.99769
vn 0.02549 -0.05744 -0.99802
vn 0.07032 0.00386 -0.99752
vn 0.07967 0.24292 -0.96677
vn -0.20950 0.14747 -0.96662
vn -0.20775 -0.15532 -0.96577
vn 0.08272 -0.24634 -0.96565
vn 0.26077 0.00214 -0.96540
vn 0.07081 0.27208 -0.95967
vn -0.22978 0.15066 -0.96151
vn -0.21597 -0.17502 -0.96059
vn 0.10286 -0.26306 -0.95928
vn 0.27173 0.01725 -0.96222
vn 0.09500 0.30266 -0.94835
vn -0.25352 0.18119 -0.95021
vn -0.25447 -0.18830 -0.94857
vn 0.09485 -0.30097 -0.94891
vn 0.30813 0.00205 -0.95134
vn -0.01161 0.13365 -0.99096
vn 0.03363 0.20205 -0.97880
vn -0.11287 0.01869 -0.99343
vn -0.16767 0.08623 -0.98207
vn -0.06501 -0.10893 -0.99192
vn -0.14083 -0.14190 -0.97981
vn 0.08672 -0.09430 -0.99176
vn 0.09077 -0.18695 -0.97817
vn 0.12361 0.05039 -0.99105
vn 0.20863 0.03170 -0.97748
vn -0.18556 -0.30438 -0.93430
vn 0.21955 -0.26445 -0.93908
vn 0.31975 0.13118 -0.93838
vn -0.02601 0.34967 -0.93651
vn -0.34623 0.08519 -0.93428
vn -0.13665 -0.39109 -0.91015
vn 0.32541 -0.24720 -0.91269
vn 0.33389 0.23045 -0.91401
vn -0.11934 0.39570 -0.91059
vn -0.41695 0.01085 -0.90887
vn -0.09555 -0.34971 -0.93197
vn -0.09875 -0.33306 -0.93772
vn 0.30609 -0.20212 -0.93030
vn 0.29198 -0.20126 -0.93501
vn 0.28656 0.22531 -0.93119
vn 0.27850 0.21594 -0.93585
vn -0.12986 0.34244 -0.93052
vn -0.11384 0.32647 -0.93833
vn -0.35998 -0.01965 -0.93275
vn -0.34336 -0.00468 -0.93919
vn 0.04051 0.06507 -0.99706
vn -0.04660 0.05613 -0.99734
vn -0.06800 -0.02819 -0.99729
vn 0.01121 -0.08389 -0.99641
vn 0.09676 -0.01824 -0.99514
vn 0.03483 0.13450 -0.99030
vn -0.11765 0.07550 -0.99018
vn -0.10994 -0.08895 -0.98995
vn 0.04588 -0.12533 -0.99105
vn 0.14660 0.00692 -0.98917
vn -0.02839 -0.05217 -0.99823
vn -0.04286 -0.12364 -0.99140
vn 0.02928 -0.03877 -0.99882
vn 0.10102 -0.07168 -0.99230
vn 0.04566 0.01437 -0.99885
vn 0.10001 0.07505 -0.99215
vn -0.00485 0.05108 -0.99868
vn -0.04129 0.11858 -0.99209
vn -0.04780 0.01181 -0.99879
vn -0.12373 -0.00214 -0.99231
vn -0.10317 -0.28492 -0.95298
vn 0.24451 -0.18415 -0.95200
vn 0.24830 0.17961 -0.95189
vn -0.08882 0.28799 -0.95350
vn -0.30043 0.00437 -0.95379
vn -0.08057 -0.28258 -0.95585
vn 0.25358 -0.16629 -0.95291
vn 0.24215 0.18453 -0.95253
vn -0.10398 0.27681 -0.95528
vn -0.29680 -0.01648 -0.95480
vn -0.10694 -0.30680 -0.94575
vn 0.26270 -0.20293 -0.94330
vn 0.27770 0.18185 -0.94330
vn -0.08851 0.31480 -0.94502
vn -0.32694 0.00599 -0.94503
vn -0.15280 -0.29893 -0.94196
vn 0.24145 -0.23585 -0.94132
vn 0.29313 0.16079 -0.94246
vn -0.05645 0.33092 -0.94197
vn -0.32838 0.05441 -0.94298
vn -0.10577 -0.35255 -0.92980
vn 0.29925 -0.20388 -0.93214
vn 0.28148 0.22295 -0.93331
vn -0.12933 0.34598 -0.92928
vn -0.36678 -0.00964 -0.93026
vn -0.02856 -0.35720 -0.93359
vn 0.32036 -0.13503 -0.93762
vn 0.22769 0.26819 -0.93607
vn -0.18507 0.30834 -0.93310
vn -0.34882 -0.08367 -0.93345
vn 0.03668 -0.22120 -0.97454
vn 0.21578 -0.03464 -0.97583
vn 0.09773 0.19481 -0.97596
vn -0.15202 0.15441 -0.97624
vn -0.20163 -0.10221 -0.97411
vn 0.17841 -0.08322 -0.98043
vn 0.14118 0.14979 -0.97859
vn -0.09827 0.17379 -0.97987
vn -0.19172 -0.04330 -0.98049
vn -0.02970 -0.20210 -0.97891
vn 0.35901 0.16269 -0.91905
vn -0.04478 0.39794 -0.91632
vn -0.38618 0.07846 -0.91908
vn -0.20011 -0.34338 -0.91763
vn 0.26213 -0.29993 -0.91724
vn -0.04791 -0.07600 -0.99596
vn 0.04777 -0.06525 -0.99673
vn 0.07107 0.01219 -0.99740
vn 0.00244 0.08301 -0.99655
vn -0.08472 0.02219 -0.99616
vn -0.11030 -0.04789 -0.99274
vn 0.00127 -0.11054 -0.99387
vn 0.09336 -0.03880 -0.99488
vn 0.06647 0.09183 -0.99355
vn -0.07831 0.08975 -0.99288
vn -0.05414 -0.03418 -0.99795
vn 0.02266 -0.05964 -0.99796
vn 0.06344 0.00611 -0.99797
vn 0.01671 0.06141 -0.99797
vn -0.05184 0.04033 -0.99784
vn 0.02068 0.01700 -0.99964
vn 0.00018 0.01972 -0.99981
vn -0.01789 0.01073 -0.99978
vn -0.01433 -0.01294 -0.99981
vn 0.01163 -0.01657 -0.99980
vn 0.16549 0.02594 -0.98587
vn 0.02625 0.16203 -0.98644
vn -0.14271 0.08508 -0.98610
vn -0.12654 -0.11253 -0.98556
vn 0.07496 -0.15281 -0.98541
vn 0.03198 0.21536 -0.97601
vn -0.20206 0.09324 -0.97493
vn -0.14732 -0.15204 -0.97733
vn 0.10344 -0.19226 -0.97588
vn 0.22335 0.04571 -0.97367
vn 0.22433 0.34734 -0.91051
vn 0.09714 0.36862 -0.92449
vn 0.08033 0.23849 -0.96782
vn -0.24979 0.30533 -0.91890
vn -0.31850 0.20813 -0.92479
vn -0.17710 0.16442 -0.97036
vn -0.38539 -0.16097 -0.90860
vn -0.30704 -0.24479 -0.91968
vn -0.20619 -0.13492 -0.96917
vn 0.03848 -0.43200 -0.90105
vn 0.14127 -0.37270 -0.91714
vn 0.07489 -0.23860 -0.96823
vn 0.38909 -0.10887 -0.91475
vn 0.39427 0.02318 -0.91870
vn 0.23484 -0.01663 -0.97189
vn 0.05056 0.28778 -0.95636
vn -0.27124 0.14087 -0.95215
vn -0.22263 -0.21690 -0.95047
vn 0.13283 -0.27313 -0.95276
vn 0.28274 0.03891 -0.95841
vn -0.01051 0.25986 -0.96559
vn -0.25951 0.07931 -0.96248
vn -0.16324 -0.23027 -0.95934
vn 0.16654 -0.21447 -0.96243
vn 0.24461 0.09393 -0.96506
vn 0.04185 0.14937 -0.98790
vn -0.13084 0.08943 -0.98736
vn -0.13291 -0.10284 -0.98578
vn 0.05577 -0.14833 -0.98736
vn 0.16291 0.00582 -0.98662
vn -0.05662 -0.24278 -0.96843
vn 0.21949 -0.13481 -0.96626
vn 0.18406 0.16452 -0.96905
vn -0.09976 0.23008 -0.96804
vn -0.24942 -0.02216 -0.96814
vn -0.10111 -0.16886 -0.98044
vn 0.14794 -0.15411 -0.97692
vn 0.17759 0.07486 -0.98125
vn -0.01564 0.19293 -0.98109
vn -0.18316 0.05243 -0.98168
vn -0.02162 -0.05655 -0.99817
vn 0.05009 -0.04237 -0.99785
vn 0.04287 0.02657 -0.99873
vn -0.01242 0.04858 -0.99874
vn -0.05862 0.00003 -0.99828
vn 0.08193 0.15969 -0.98376
vn -0.12643 0.13045 -0.98336
vn -0.18136 -0.08118 -0.98006
vn 0.01666 -0.19021 -0.98160
vn 0.18157 -0.04367 -0.98241
vn 0.03830 0.01017 -0.99921
vn -0.01982 0.01295 -0.99972
vn -0.03226 -0.01245 -0.99940
vn -0.01290 -0.04088 -0.99908
vn 0.02972 0.00535 -0.99954
vn 0.01694 -0.03981 -0.99906
vn 0.04887 0.00226 -0.99880
vn 0.02321 0.01854 -0.99956
vn -0.00576 0.03029 -0.99952
vn -0.04691 -0.03203 -0.99839
vn -0.04326 -0.35592 -0.93352
vn 0.04024 -0.23549 -0.97104
vn -0.07638 -0.30406 -0.94959
vn 0.32310 -0.14855 -0.93463
vn 0.22201 -0.03226 -0.97451
vn 0.20605 -0.07867 -0.97537
vn 0.23207 0.25643 -0.93829
vn 0.12084 0.20791 -0.97065
vn 0.15266 0.16078 -0.97511
vn -0.17616 0.30583 -0.93565
vn -0.16716 0.18480 -0.96846
vn -0.10194 0.20869 -0.97266
vn -0.34080 -0.07385 -0.93723
vn -0.20474 -0.09621 -0.97408
vn -0.29818 -0.03476 -0.95388
vn -0.00070 -0.21851 -0.97584
vn 0.21423 -0.07179 -0.97414
vn 0.11644 0.17501 -0.97766
vn -0.13037 0.16930 -0.97690
vn -0.18098 -0.06664 -0.98123
vn -0.04978 -0.25310 -0.96616
vn 0.25460 -0.17082 -0.95184
vn 0.18356 0.17034 -0.96814
vn -0.10355 0.22129 -0.96969
vn -0.28102 -0.01665 -0.95956
vn -0.14656 -0.54190 -0.82757
vn 0.38085 -0.22598 -0.89660
vn 0.42848 0.35203 -0.83215
vn -0.19802 0.51716 -0.83266
vn -0.43511 -0.04629 -0.89919
vn 0.06742 0.14177 -0.98760
vn -0.07999 0.09875 -0.99189
vn -0.13859 -0.07204 -0.98773
vn 0.03059 -0.16933 -0.98508
vn 0.18555 -0.04517 -0.98160
vn 0.20272 0.28297 -0.93746
vn -0.15549 0.22079 -0.96285
vn -0.34333 -0.11880 -0.93167
vn 0.01942 -0.38409 -0.92309
vn 0.27120 -0.09330 -0.95799
vn 0.19323 0.37405 -0.90705
vn -0.29647 0.29542 -0.90820
vn -0.38954 -0.18408 -0.90243
vn 0.06139 -0.43392 -0.89886
vn 0.43212 -0.06823 -0.89923
vn 0.11468 0.38458 -0.91594
vn -0.34155 0.23970 -0.90878
vn -0.33358 -0.25845 -0.90660
vn 0.14035 -0.40092 -0.90530
vn 0.41146 0.01563 -0.91130
vn 0.13435 0.38556 -0.91285
vn -0.24269 0.24352 -0.93904
vn -0.30891 -0.15635 -0.93815
vn 0.05882 -0.34549 -0.93658
vn 0.42027 -0.00155 -0.90740
vn 0.19024 0.19171 -0.96284
vn -0.16391 0.19892 -0.96621
vn -0.24862 -0.10239 -0.96318
vn 0.01683 -0.26547 -0.96397
vn 0.24844 -0.12344 -0.96075
vn 0.11679 0.49991 -0.85817
vn 0.15698 0.42554 -0.89122
vn 0.19356 0.36917 -0.90898
vn -0.44452 0.25212 -0.85956
vn -0.33854 0.27667 -0.89936
vn -0.29225 0.28522 -0.91282
vn -0.37311 -0.35353 -0.85779
vn -0.36130 -0.23484 -0.90239
vn -0.36305 -0.18726 -0.91276
vn 0.22194 -0.46707 -0.85591
vn 0.10984 -0.41481 -0.90325
vn 0.07640 -0.40285 -0.91207
vn 0.50268 0.05201 -0.86290
vn 0.43160 -0.01478 -0.90195
vn 0.40319 -0.06428 -0.91286
vn 0.24087 0.39511 -0.88649
vn -0.30552 0.34844 -0.88614
vn -0.44109 -0.19095 -0.87691
vn 0.05894 -0.48244 -0.87394
vn 0.44411 -0.10034 -0.89033
vn 0.25331 0.40133 -0.88021
vn -0.29919 0.36896 -0.87997
vn -0.46721 -0.19049 -0.86338
vn 0.04095 -0.50188 -0.86397
vn 0.41326 -0.12423 -0.90210
vn 0.16312 0.35886 -0.91903
vn -0.27527 0.26331 -0.92460
vn -0.35591 -0.19317 -0.91434
vn 0.06887 -0.40075 -0.91360
vn 0.38153 -0.03514 -0.92369
vn 0.23608 -0.01212 -0.97166
vn 0.09048 0.22100 -0.97107
vn -0.18603 0.14716 -0.97146
vn -0.20086 -0.12474 -0.97165
vn 0.06167 -0.23297 -0.97053
vn -0.01117 0.00953 -0.99989
vn -0.01826 -0.01575 -0.99971
vn 0.00497 -0.01758 -0.99983
vn 0.00951 -0.00116 -0.99995
vn 0.00875 0.00012 -0.99996
vn 0.25347 0.26823 -0.92941
vn -0.17919 0.33891 -0.92360
vn -0.36915 -0.05838 -0.92753
vn -0.04750 -0.36471 -0.92991
vn 0.32973 -0.16037 -0.93035
vn 0.33548 -0.10999 -0.93560
vn 0.20898 0.29264 -0.93311
vn -0.21347 0.28798 -0.93354
vn -0.33875 -0.10739 -0.93473
vn -0.00580 -0.35734 -0.93396
vn 0.20435 -0.17728 -0.96271
vn 0.23425 0.14203 -0.96174
vn -0.06734 0.25378 -0.96492
vn -0.27240 0.02614 -0.96183
vn -0.08701 -0.24674 -0.96517
vn 0.16829 0.18311 -0.96858
vn 0.23726 0.18516 -0.95364
vn 0.17718 -0.16230 -0.97071
vn -0.09760 0.26574 -0.95909
vn -0.15518 0.18829 -0.96978
vn 0.21942 0.09903 -0.97059
vn -0.24027 -0.04318 -0.96974
vn -0.30264 -0.01542 -0.95298
vn -0.03450 0.23758 -0.97076
vn -0.03148 -0.24511 -0.96898
vn -0.08259 -0.29426 -0.95215
vn -0.23175 0.03217 -0.97224
vn 0.21965 -0.10536 -0.96987
vn 0.24805 -0.16843 -0.95399
vn -0.11482 -0.21143 -0.97063
vn -0.04195 0.16066 -0.98612
vn -0.15185 0.00548 -0.98839
vn -0.04609 -0.14983 -0.98764
vn 0.12403 -0.10101 -0.98712
vn 0.12999 0.09188 -0.98725
vn -0.10908 -0.18574 -0.97653
vn 0.14833 -0.15808 -0.97622
vn 0.20209 0.08907 -0.97531
vn -0.02281 0.21503 -0.97634
vn -0.22039 0.03947 -0.97461
vn -0.15194 -0.34187 -0.92738
vn 0.28107 -0.25130 -0.92620
vn 0.32984 0.19341 -0.92401
vn -0.07556 0.36457 -0.92811
vn -0.38476 0.03573 -0.92233
vn -0.26034 -0.12989 -0.95674
vn -0.33963 -0.02052 -0.94034
vn 0.27644 0.33209 -0.90183
vn -0.01219 -0.29149 -0.95650
vn -0.10679 -0.31908 -0.94169
vn -0.25899 0.36604 -0.89383
vn 0.27145 -0.10308 -0.95692
vn 0.26356 -0.20962 -0.94159
vn -0.40543 -0.12501 -0.90554
vn 0.13206 0.26326 -0.95564
vn 0.25854 0.21663 -0.94140
vn -0.02173 -0.42937 -0.90287
vn -0.15255 0.24211 -0.95818
vn -0.09679 0.31865 -0.94292
vn 0.41680 -0.14450 -0.89744
vn -0.16429 0.01774 -0.98625
vn -0.05428 -0.15238 -0.98683
vn 0.12144 -0.10550 -0.98698
vn 0.14000 0.08748 -0.98628
vn -0.04251 0.14926 -0.98788
vn -0.19613 0.30096 -0.93325
vn -0.01639 0.19194 -0.98127
vn -0.35669 -0.09220 -0.92966
vn -0.18950 0.03715 -0.98118
vn -0.02375 -0.37160 -0.92809
vn -0.08806 -0.16601 -0.98219
vn 0.33310 -0.12589 -0.93445
vn 0.12324 -0.14893 -0.98114
vn 0.23479 0.27724 -0.93167
vn 0.16839 0.07728 -0.98269
vn 0.11645 -0.32267 -0.93932
vn 0.35284 -0.04679 -0.93451
vn 0.08924 0.32936 -0.93998
vn -0.26501 0.24729 -0.93200
vn -0.29141 -0.20003 -0.93545
vn 0.28491 -0.23028 -0.93048
vn 0.63938 0.05261 -0.76709
vn -0.04312 -0.35533 -0.93375
vn 0.40776 0.08519 -0.90911
vn 0.21054 0.59663 -0.77441
vn 0.42449 -0.35015 -0.83499
vn -0.11080 0.44830 -0.88699
vn -0.54998 0.27635 -0.78814
vn 0.23013 0.27740 -0.93279
vn -0.37442 0.16083 -0.91321
vn -0.50881 -0.36794 -0.77829
vn -0.15734 0.53037 -0.83304
vn -0.21116 -0.35315 -0.91143
vn 0.19944 -0.61855 -0.76001
vn -0.45076 -0.05547 -0.89092
vn 0.51093 0.00060 -0.85962
vn 0.11523 0.49603 -0.86063
vn -0.40996 0.31105 -0.85743
vn -0.40258 -0.33870 -0.85042
vn 0.17726 -0.47009 -0.86464
vn 0.48260 -0.61448 -0.62411
vn 0.76916 0.16546 -0.61726
vn 0.15604 0.78918 -0.59400
vn -0.68650 0.34732 -0.63882
vn -0.48315 -0.60668 -0.63127
vn 0.72417 -0.28541 -0.62779
vn 0.53201 0.54853 -0.64505
vn -0.39178 0.66698 -0.63375
vn -0.73547 -0.06529 -0.67440
vn -0.03855 -0.72803 -0.68446
vn 0.06087 0.07067 -0.99564
# 3942 normals
usemtl see_star
f  6/1/1 1/2/2 41/3/3 79/4/4
f  1/2/2 6/1/1 222/5/5 266/6/6
f  1/2/2 36/7/7 46/8/8 41/3/3
f  81/9/9 86/10/10 36/7/7 1/2/2
f  261/11/11 81/9/9 1/2/2 266/6/6
f  7/12/12 2/13/13 42/14/14 75/15/15
f  2/13/13 7/12/12 223/16/16 267/17/17
f  2/13/13 37/18/18 47/19/19 42/14/14
f  82/20/20 87/21/21 37/18/18 2/13/13
f  262/22/22 82/20/20 2/13/13 267/17/17
f  8/23/23 3/24/24 43/25/25 76/26/26
f  3/24/24 8/23/23 224/27/27 268/28/28
f  3/24/24 38/29/29 48/30/30 43/25/25
f  83/31/31 88/32/32 38/29/29 3/24/24
f  263/33/33 83/31/31 3/24/24 268/28/28
f  9/34/34 4/35/35 44/36/36 77/37/37
f  4/35/35 9/34/34 225/38/38 269/39/39
f  4/35/35 39/40/40 49/41/41 44/36/36
f  84/42/42 89/43/43 39/40/40 4/35/35
f  264/44/44 84/42/42 4/35/35 269/39/39
f  10/45/45 5/46/46 45/47/47 78/48/48
f  5/46/46 10/45/45 221/49/49 270/50/50
f  5/46/46 40/51/51 50/52/52 45/47/47
f  85/53/53 90/54/54 40/51/51 5/46/46
f  265/55/55 85/53/53 5/46/46 270/50/50
f  11/56/56 6/1/1 79/4/4 71/57/57
f  6/1/1 11/56/56 227/58/58 222/5/5
f  12/59/59 7/12/12 75/15/15 80/60/60
f  7/12/12 12/59/59 228/61/61 223/16/16
f  13/62/62 8/23/23 76/26/26 72/63/63
f  8/23/23 13/62/62 229/64/64 224/27/27
f  14/65/65 9/34/34 77/37/37 73/66/66
f  9/34/34 14/65/65 230/67/67 225/38/38
f  15/68/68 10/45/45 78/48/48 74/69/69
f  10/45/45 15/68/68 226/70/70 221/49/49
f  66/71/71 16/72/72 11/56/56 71/57/57
f  232/73/73 227/58/58 11/56/56 16/72/72
f  67/74/74 17/75/75 12/59/59 80/60/60
f  233/76/76 228/61/61 12/59/59 17/75/75
f  68/77/77 18/78/78 13/62/62 72/63/63
f  234/79/79 229/64/64 13/62/62 18/78/78
f  69/80/80 19/81/81 14/65/65 73/66/66
f  235/82/82 230/67/67 14/65/65 19/81/81
f  70/83/83 20/84/84 15/68/68 74/69/69
f  231/85/85 226/70/70 15/68/68 20/84/84
f  61/86/86 21/87/87 16/72/72 66/71/71
f  132/88/88 16/72/72 21/87/87 137/89/89
f  16/72/72 132/88/88 237/90/90 232/73/73
f  17/75/75 67/74/74 62/91/91 22/92/92
f  133/93/93 17/75/75 22/92/92 138/94/94
f  17/75/75 133/93/93 238/95/95 233/76/76
f  18/78/78 68/77/77 63/96/96 23/97/97
f  134/98/98 18/78/78 23/97/97 139/99/99
f  18/78/78 134/98/98 239/100/100 234/79/79
f  64/101/101 24/102/102 19/81/81 69/80/80
f  135/103/103 19/81/81 24/102/102 140/104/104
f  19/81/81 135/103/103 240/105/105 235/82/82
f  65/106/106 25/107/107 20/84/84 70/83/83
f  131/108/108 20/84/84 25/107/107 136/109/109
f  20/84/84 131/108/108 236/110/110 231/85/85
f  61/86/86 56/111/111 26/112/112 21/87/87
f  26/112/112 271/113/113 317/114/114 21/87/87
f  312/115/115 137/89/89 21/87/87 317/114/114
f  62/91/91 57/116/116 27/117/117 22/92/92
f  27/117/117 272/118/118 318/119/119 22/92/92
f  313/120/120 138/94/94 22/92/92 318/119/119
f  63/96/96 58/121/121 28/122/122 23/97/97
f  28/122/122 273/123/123 319/124/124 23/97/97
f  314/125/125 139/99/99 23/97/97 319/124/124
f  64/101/101 59/126/126 29/127/127 24/102/102
f  29/127/127 274/128/128 320/129/129 24/102/102
f  315/130/130 140/104/104 24/102/102 320/129/129
f  65/106/106 60/131/131 30/132/132 25/107/107
f  30/132/132 275/133/133 316/134/134 25/107/107
f  311/135/135 136/109/109 25/107/107 316/134/134
f  56/111/111 51/136/136 31/137/137 26/112/112
f  26/112/112 31/137/137 276/138/138 271/113/113
f  57/116/116 52/139/139 32/140/140 27/117/117
f  27/117/117 32/140/140 277/141/141 272/118/118
f  58/121/121 53/142/142 33/143/143 28/122/122
f  28/122/122 33/143/143 278/144/144 273/123/123
f  59/126/126 54/145/145 34/146/146 29/127/127
f  29/127/127 34/146/146 279/147/147 274/128/128
f  60/131/131 55/148/148 35/149/149 30/132/132
f  30/132/132 35/149/149 280/150/150 275/133/133
f  46/8/8 36/7/7 31/137/137 51/136/136
f  281/151/151 276/138/138 31/137/137 36/7/7
f  47/19/19 37/18/18 32/140/140 52/139/139
f  282/152/152 277/141/141 32/140/140 37/18/18
f  48/30/30 38/29/29 33/143/143 53/142/142
f  283/153/153 278/144/144 33/143/143 38/29/29
f  49/41/41 39/40/40 34/146/146 54/145/145
f  284/154/154 279/147/147 34/146/146 39/40/40
f  50/52/52 40/51/51 35/149/149 55/148/148
f  285/155/155 280/150/150 35/149/149 40/51/51
f  36/7/7 86/10/10 286/156/156 281/151/151
f  37/18/18 87/21/21 287/157/157 282/152/152
f  38/29/29 88/32/32 288/158/158 283/153/153
f  39/40/40 89/43/43 289/159/159 284/154/154
f  40/51/51 90/54/54 290/160/160 285/155/155
f  41/3/3 46/8/8 51/136/136 79/4/4
f  42/14/14 47/19/19 52/139/139 75/15/15
f  43/25/25 48/30/30 53/142/142 76/26/26
f  44/36/36 49/41/41 54/145/145 77/37/37
f  45/47/47 50/52/52 55/148/148 78/48/48
f  80/60/60 75/15/15 52/139/139 57/116/116
f  81/9/9 96/161/161 91/162/162 86/10/10
f  216/163/163 196/164/164 96/161/161 81/9/9
f  256/165/165 216/163/163 81/9/9 261/11/11
f  82/20/20 97/166/166 92/167/167 87/21/21
f  217/168/168 197/169/169 97/166/166 82/20/20
f  257/170/170 217/168/168 82/20/20 262/22/22
f  83/31/31 98/171/171 93/172/172 88/32/32
f  218/173/173 198/174/174 98/171/171 83/31/31
f  258/175/175 218/173/173 83/31/31 263/33/33
f  84/42/42 99/176/176 94/177/177 89/43/43
f  219/178/178 199/179/179 99/176/176 84/42/42
f  259/180/180 219/178/178 84/42/42 264/44/44
f  85/53/53 100/181/181 95/182/182 90/54/54
f  220/183/183 200/184/184 100/181/181 85/53/53
f  260/185/185 220/183/183 85/53/53 265/55/55
f  176/186/186 86/10/10 91/162/162 171/187/187
f  176/186/186 291/188/188 286/156/156 86/10/10
f  177/189/189 87/21/21 92/167/167 172/190/190
f  177/189/189 292/191/191 287/157/157 87/21/21
f  178/192/192 88/32/32 93/172/172 173/193/193
f  178/192/192 293/194/194 288/158/158 88/32/32
f  179/195/195 89/43/43 94/177/177 174/196/196
f  179/195/195 294/197/197 289/159/159 89/43/43
f  180/198/198 90/54/54 95/182/182 175/199/199
f  180/198/198 295/200/200 290/160/160 90/54/54
f  101/201/201 106/202/202 91/162/162 96/161/161
f  171/187/187 91/162/162 106/202/202 161/203/203
f  102/204/204 107/205/205 92/167/167 97/166/166
f  172/190/190 92/167/167 107/205/205 162/206/206
f  103/207/207 108/208/208 93/172/172 98/171/171
f  173/193/193 93/172/172 108/208/208 163/209/209
f  104/210/210 109/211/211 94/177/177 99/176/176
f  174/196/196 94/177/177 109/211/211 164/212/212
f  105/213/213 110/214/214 95/182/182 100/181/181
f  175/199/199 95/182/182 110/214/214 165/215/215
f  191/216/216 101/201/201 96/161/161 196/164/164
f  192/217/217 102/204/204 97/166/166 197/169/169
f  193/218/218 103/207/207 98/171/171 198/174/174
f  194/219/219 104/210/210 99/176/176 199/179/179
f  195/220/220 105/213/213 100/181/181 200/184/184
f  116/221/221 111/222/222 106/202/202 101/201/201
f  101/201/201 191/216/216 186/223/223 116/221/221
f  117/224/224 112/225/225 107/205/205 102/204/204
f  102/204/204 192/217/217 187/226/226 117/224/224
f  118/227/227 113/228/228 108/208/208 103/207/207
f  103/207/207 193/218/218 188/229/229 118/227/227
f  119/230/230 114/231/231 109/211/211 104/210/210
f  104/210/210 194/219/219 189/232/232 119/230/230
f  120/233/233 115/234/234 110/214/214 105/213/213
f  105/213/213 195/220/220 190/235/235 120/233/233
f  166/236/236 161/203/203 106/202/202 111/222/222
f  167/237/237 162/206/206 107/205/205 112/225/225
f  168/238/238 163/209/209 108/208/208 113/228/228
f  169/239/239 164/212/212 109/211/211 114/231/231
f  170/240/240 165/215/215 110/214/214 115/234/234
f  111/222/222 116/221/221 121/241/241 126/242/242
f  166/236/236 111/222/222 126/242/242 146/243/243
f  112/225/225 117/224/224 122/244/244 127/245/245
f  167/237/237 112/225/225 127/245/245 147/246/246
f  113/228/228 118/227/227 123/247/247 128/248/248
f  168/238/238 113/228/228 128/248/248 148/249/249
f  114/231/231 119/230/230 124/250/250 129/251/251
f  169/239/239 114/231/231 129/251/251 149/252/252
f  115/234/234 120/233/233 125/253/253 130/254/254
f  170/240/240 115/234/234 130/254/254 150/255/255
f  181/256/256 121/241/241 116/221/221 186/223/223
f  182/257/257 122/244/244 117/224/224 187/226/226
f  183/258/258 123/247/247 118/227/227 188/229/229
f  184/259/259 124/250/250 119/230/230 189/232/232
f  185/260/260 125/253/253 120/233/233 190/235/235
f  136/109/109 126/242/242 121/241/241 131/108/108
f  201/261/261 131/108/108 121/241/241 181/256/256
f  137/89/89 127/245/245 122/244/244 132/88/88
f  202/262/262 132/88/88 122/244/244 182/257/257
f  138/94/94 128/248/248 123/247/247 133/93/93
f  203/263/263 133/93/93 123/247/247 183/258/258
f  139/99/99 129/251/251 124/250/250 134/98/98
f  204/264/264 134/98/98 124/250/250 184/259/259
f  140/104/104 130/254/254 125/253/253 135/103/103
f  205/265/265 135/103/103 125/253/253 185/260/260
f  126/242/242 136/109/109 141/266/266 146/243/243
f  127/245/245 137/89/89 142/267/267 147/246/246
f  128/248/248 138/94/94 143/268/268 148/249/249
f  129/251/251 139/99/99 144/269/269 149/252/252
f  130/254/254 140/104/104 145/270/270 150/255/255
f  241/271/271 236/110/110 131/108/108 201/261/261
f  242/272/272 237/90/90 132/88/88 202/262/262
f  243/273/273 238/95/95 133/93/93 203/263/263
f  244/274/274 239/100/100 134/98/98 204/264/264
f  245/275/275 240/105/105 135/103/103 205/265/265
f  311/135/135 306/276/276 141/266/266 136/109/109
f  312/115/115 307/277/277 142/267/267 137/89/89
f  313/120/120 308/278/278 143/268/268 138/94/94
f  314/125/125 309/279/279 144/269/269 139/99/99
f  315/130/130 310/280/280 145/270/270 140/104/104
f  166/236/236 146/243/243 141/266/266 151/281/281
f  151/281/281 141/266/266 306/276/276 301/282/282
f  167/237/237 147/246/246 142/267/267 152/283/283
f  152/283/283 142/267/267 307/277/277 302/284/284
f  168/238/238 148/249/249 143/268/268 153/285/285
f  153/285/285 143/268/268 308/278/278 303/286/286
f  169/239/239 149/252/252 144/269/269 154/287/287
f  154/287/287 144/269/269 309/279/279 304/288/288
f  170/240/240 150/255/255 145/270/270 155/289/289
f  155/289/289 145/270/270 310/280/280 305/290/290
f  151/281/281 156/291/291 161/203/203 166/236/236
f  156/291/291 151/281/281 301/282/282 296/292/292
f  152/283/283 157/293/293 162/206/206 167/237/237
f  157/293/293 152/283/283 302/284/284 297/294/294
f  153/285/285 158/295/295 163/209/209 168/238/238
f  158/295/295 153/285/285 303/286/286 298/296/296
f  154/287/287 159/297/297 164/212/212 169/239/239
f  159/297/297 154/287/287 304/288/288 299/298/298
f  155/289/289 160/299/299 165/215/215 170/240/240
f  160/299/299 155/289/289 305/290/290 300/300/300
f  156/291/291 176/186/186 171/187/187 161/203/203
f  296/292/292 291/188/188 176/186/186 156/291/291
f  157/293/293 177/189/189 172/190/190 162/206/206
f  297/294/294 292/191/191 177/189/189 157/293/293
f  158/295/295 178/192/192 173/193/193 163/209/209
f  298/296/296 293/194/194 178/192/192 158/295/295
f  159/297/297 179/195/195 174/196/196 164/212/212
f  299/298/298 294/197/197 179/195/195 159/297/297
f  160/299/299 180/198/198 175/199/199 165/215/215
f  300/300/300 295/200/200 180/198/198 160/299/299
f  206/301/301 201/261/261 181/256/256 186/223/223
f  207/302/302 202/262/262 182/257/257 187/226/226
f  208/303/303 203/263/263 183/258/258 188/229/229
f  209/304/304 204/264/264 184/259/259 189/232/232
f  210/305/305 205/265/265 185/260/260 190/235/235
f  186/223/223 191/216/216 211/306/306 206/301/301
f  187/226/226 192/217/217 212/307/307 207/302/302
f  188/229/229 193/218/218 213/308/308 208/303/303
f  189/232/232 194/219/219 214/309/309 209/304/304
f  190/235/235 195/220/220 215/310/310 210/305/305
f  196/164/164 216/163/163 211/306/306 191/216/216
f  197/169/169 217/168/168 212/307/307 192/217/217
f  198/174/174 218/173/173 213/308/308 193/218/218
f  199/179/179 219/178/178 214/309/309 194/219/219
f  200/184/184 220/183/183 215/310/310 195/220/220
f  246/311/311 241/271/271 201/261/261 206/301/301
f  247/312/312 242/272/272 202/262/262 207/302/302
f  248/313/313 243/273/273 203/263/263 208/303/303
f  249/314/314 244/274/274 204/264/264 209/304/304
f  250/315/315 245/275/275 205/265/265 210/305/305
f  251/316/316 246/311/311 206/301/301 211/306/306
f  252/317/317 247/312/312 207/302/302 212/307/307
f  253/318/318 248/313/313 208/303/303 213/308/308
f  254/319/319 249/314/314 209/304/304 214/309/309
f  255/320/320 250/315/315 210/305/305 215/310/310
f  256/165/165 251/316/316 211/306/306 216/163/163
f  257/170/170 252/317/317 212/307/307 217/168/168
f  258/175/175 253/318/318 213/308/308 218/173/173
f  259/180/180 254/319/319 214/309/309 219/178/178
f  260/185/185 255/320/320 215/310/310 220/183/183
f  375/321/321 370/322/322 221/49/49 226/70/70
f  380/323/323 270/50/50 221/49/49 370/322/322
f  371/324/324 366/325/325 222/5/5 227/58/58
f  376/326/326 266/6/6 222/5/5 366/325/325
f  372/327/327 367/328/328 223/16/16 228/61/61
f  377/329/329 267/17/17 223/16/16 367/328/328
f  373/330/330 368/331/331 224/27/27 229/64/64
f  378/332/332 268/28/28 224/27/27 368/331/331
f  374/333/333 369/334/334 225/38/38 230/67/67
f  379/335/335 269/39/39 225/38/38 369/334/334
f  226/70/70 231/85/85 390/336/336 375/321/321
f  227/58/58 232/73/73 386/337/337 371/324/324
f  228/61/61 233/76/76 387/338/338 372/327/327
f  229/64/64 234/79/79 388/339/339 373/330/330
f  230/67/67 235/82/82 389/340/340 374/333/333
f  231/85/85 236/110/110 395/341/341 390/336/336
f  232/73/73 237/90/90 391/342/342 386/337/337
f  233/76/76 238/95/95 392/343/343 387/338/338
f  234/79/79 239/100/100 393/344/344 388/339/339
f  235/82/82 240/105/105 394/345/345 389/340/340
f  395/341/341 236/110/110 241/271/271 400/346/346
f  391/342/342 237/90/90 242/272/272 396/347/347
f  392/343/343 238/95/95 243/273/273 397/348/348
f  393/344/344 239/100/100 244/274/274 398/349/349
f  394/345/345 240/105/105 245/275/275 399/350/350
f  400/346/346 241/271/271 246/311/311 321/351/351
f  396/347/347 242/272/272 247/312/312 322/352/352
f  397/348/348 243/273/273 248/313/313 323/353/353
f  398/349/349 244/274/274 249/314/314 324/354/354
f  399/350/350 245/275/275 250/315/315 325/355/355
f  246/311/311 251/316/316 326/356/356 321/351/351
f  247/312/312 252/317/317 327/357/357 322/352/352
f  248/313/313 253/318/318 328/358/358 323/353/353
f  249/314/314 254/319/319 329/359/359 324/354/354
f  250/315/315 255/320/320 330/360/360 325/355/355
f  251/316/316 256/165/165 361/361/361 326/356/356
f  252/317/317 257/170/170 362/362/362 327/357/357
f  253/318/318 258/175/175 363/363/363 328/358/358
f  254/319/319 259/180/180 364/364/364 329/359/359
f  255/320/320 260/185/185 365/365/365 330/360/360
f  256/165/165 261/11/11 381/366/366 361/361/361
f  257/170/170 262/22/22 382/367/367 362/362/362
f  258/175/175 263/33/33 383/368/368 363/363/363
f  259/180/180 264/44/44 384/369/369 364/364/364
f  260/185/185 265/55/55 385/370/370 365/365/365
f  381/366/366 261/11/11 266/6/6 376/326/326
f  382/367/367 262/22/22 267/17/17 377/329/329
f  383/368/368 263/33/33 268/28/28 378/332/332
f  384/369/369 264/44/44 269/39/39 379/335/335
f  385/370/370 265/55/55 270/50/50 380/323/323
f  1798/371/371 271/113/113 276/138/138 1803/372/372
f  1818/373/373 317/114/114 271/113/113 1798/371/371
f  1799/374/374 272/118/118 277/141/141 1804/375/375
f  1819/376/376 318/119/119 272/118/118 1799/374/374
f  1800/377/377 273/123/123 278/144/144 1805/378/378
f  1820/379/379 319/124/124 273/123/123 1800/377/377
f  1801/380/380 274/128/128 279/147/147 1806/381/381
f  1821/382/382 320/129/129 274/128/128 1801/380/380
f  1797/383/383 275/133/133 280/150/150 1802/384/384
f  1817/385/385 316/134/134 275/133/133 1797/383/383
f  276/138/138 281/151/151 1823/386/386 1803/372/372
f  277/141/141 282/152/152 1824/387/387 1804/375/375
f  278/144/144 283/153/153 1825/388/388 1805/378/378
f  279/147/147 284/154/154 1826/389/389 1806/381/381
f  280/150/150 285/155/155 1822/390/390 1802/384/384
f  1808/391/391 1823/386/386 281/151/151 286/156/156
f  1809/392/392 1824/387/387 282/152/152 287/157/157
f  1810/393/393 1825/388/388 283/153/153 288/158/158
f  1811/394/394 1826/389/389 284/154/154 289/159/159
f  1807/395/395 1822/390/390 285/155/155 290/160/160
f  291/188/188 1442/396/396 1808/391/391 286/156/156
f  292/191/191 1443/397/397 1809/392/392 287/157/157
f  293/194/194 1444/398/398 1810/393/393 288/158/158
f  294/197/197 1445/399/399 1811/394/394 289/159/159
f  295/200/200 1446/400/400 1807/395/395 290/160/160
f  296/292/292 642/401/401 647/402/402 291/188/188
f  1442/396/396 291/188/188 647/402/402 1427/403/403
f  297/294/294 643/404/404 648/405/405 292/191/191
f  1443/397/397 292/191/191 648/405/405 1428/406/406
f  298/296/296 644/407/407 649/408/408 293/194/194
f  1444/398/398 293/194/194 649/408/408 1429/409/409
f  299/298/298 645/410/410 650/411/411 294/197/197
f  1445/399/399 294/197/197 650/411/411 1430/412/412
f  300/300/300 646/413/413 651/414/414 295/200/200
f  1446/400/400 295/200/200 651/414/414 1431/415/415
f  637/416/416 642/401/401 296/292/292 301/282/282
f  638/417/417 643/404/404 297/294/294 302/284/284
f  639/418/418 644/407/407 298/296/296 303/286/286
f  640/419/419 645/410/410 299/298/298 304/288/288
f  641/420/420 646/413/413 300/300/300 305/290/290
f  301/282/282 306/276/276 652/421/421 637/416/416
f  302/284/284 307/277/277 653/422/422 638/417/417
f  303/286/286 308/278/278 654/423/423 639/418/418
f  304/288/288 309/279/279 655/424/424 640/419/419
f  305/290/290 310/280/280 656/425/425 641/420/420
f  1812/426/426 1772/427/427 306/276/276 311/135/135
f  652/421/421 306/276/276 1772/427/427 1762/428/428
f  1813/429/429 1773/430/430 307/277/277 312/115/115
f  653/422/422 307/277/277 1773/430/430 1763/431/431
f  1814/432/432 1774/433/433 308/278/278 313/120/120
f  654/423/423 308/278/278 1774/433/433 1764/434/434
f  1815/435/435 1775/436/436 309/279/279 314/125/125
f  655/424/424 309/279/279 1775/436/436 1765/437/437
f  1816/438/438 1776/439/439 310/280/280 315/130/130
f  656/425/425 310/280/280 1776/439/439 1766/440/440
f  316/134/134 1817/385/385 1812/426/426 311/135/135
f  317/114/114 1818/373/373 1813/429/429 312/115/115
f  318/119/119 1819/376/376 1814/432/432 313/120/120
f  319/124/124 1820/379/379 1815/435/435 314/125/125
f  320/129/129 1821/382/382 1816/438/438 315/130/130
f  321/351/351 326/356/356 331/441/441 336/442/442
f  440/443/443 400/346/346 321/351/351 336/442/442
f  322/352/352 327/357/357 332/444/444 337/445/445
f  436/446/446 396/347/347 322/352/352 337/445/445
f  323/353/353 328/358/358 333/447/447 338/448/448
f  437/449/449 397/348/348 323/353/353 338/448/448
f  324/354/354 329/359/359 334/450/450 339/451/451
f  438/452/452 398/349/349 324/354/354 339/451/451
f  325/355/355 330/360/360 335/453/453 340/454/454
f  439/455/455 399/350/350 325/355/355 340/454/454
f  326/356/356 361/361/361 401/456/456 331/441/441
f  327/357/357 362/362/362 402/457/457 332/444/444
f  328/358/358 363/363/363 403/458/458 333/447/447
f  329/359/359 364/364/364 404/459/459 334/450/450
f  330/360/360 365/365/365 405/460/460 335/453/453
f  346/461/461 341/462/462 336/442/442 331/441/441
f  346/461/461 331/441/441 401/456/456 476/463/463
f  347/464/464 342/465/465 337/445/445 332/444/444
f  347/464/464 332/444/444 402/457/457 477/466/466
f  348/467/467 343/468/468 338/448/448 333/447/447
f  348/467/467 333/447/447 403/458/458 478/469/469
f  349/470/470 344/471/471 339/451/451 334/450/450
f  349/470/470 334/450/450 404/459/459 479/472/472
f  350/473/473 345/474/474 340/454/454 335/453/453
f  350/473/473 335/453/453 405/460/460 480/475/475
f  440/443/443 336/442/442 341/462/462 445/476/476
f  436/446/446 337/445/445 342/465/465 441/477/477
f  437/449/449 338/448/448 343/468/468 442/478/478
f  438/452/452 339/451/451 344/471/471 443/479/479
f  439/455/455 340/454/454 345/474/474 444/480/480
f  351/481/481 356/482/482 341/462/462 346/461/461
f  356/482/482 540/483/483 445/476/476 341/462/462
f  352/484/484 357/485/485 342/465/465 347/464/464
f  357/485/485 536/486/486 441/477/477 342/465/465
f  353/487/487 358/488/488 343/468/468 348/467/467
f  358/488/488 537/489/489 442/478/478 343/468/468
f  354/490/490 359/491/491 344/471/471 349/470/470
f  359/491/491 538/492/492 443/479/479 344/471/471
f  355/493/493 360/494/494 345/474/474 350/473/473
f  360/494/494 539/495/495 444/480/480 345/474/474
f  476/463/463 481/496/496 351/481/481 346/461/461
f  477/466/466 482/497/497 352/484/484 347/464/464
f  478/469/469 483/498/498 353/487/487 348/467/467
f  479/472/472 484/499/499 354/490/490 349/470/470
f  480/475/475 485/500/500 355/493/493 350/473/473
f  356/482/482 351/481/481 481/496/496 540/483/483
f  357/485/485 352/484/484 482/497/497 536/486/486
f  358/488/488 353/487/487 483/498/498 537/489/489
f  359/491/491 354/490/490 484/499/499 538/492/492
f  360/494/494 355/493/493 485/500/500 539/495/495
f  361/361/361 381/366/366 406/501/501 401/456/456
f  362/362/362 382/367/367 407/502/502 402/457/457
f  363/363/363 383/368/368 408/503/503 403/458/458
f  364/364/364 384/369/369 409/504/504 404/459/459
f  365/365/365 385/370/370 410/505/505 405/460/460
f  416/506/506 366/325/325 371/324/324 421/507/507
f  411/508/508 376/326/326 366/325/325 416/506/506
f  417/509/509 367/328/328 372/327/327 422/510/510
f  412/511/511 377/329/329 367/328/328 417/509/509
f  418/512/512 368/331/331 373/330/330 423/513/513
f  413/514/514 378/332/332 368/331/331 418/512/512
f  419/515/515 369/334/334 374/333/333 424/516/516
f  414/517/517 379/335/335 369/334/334 419/515/515
f  420/518/518 370/322/322 375/321/321 425/519/519
f  415/520/520 380/323/323 370/322/322 420/518/518
f  371/324/324 386/337/337 426/521/521 421/507/507
f  372/327/327 387/338/338 427/522/522 422/510/510
f  373/330/330 388/339/339 428/523/523 423/513/513
f  374/333/333 389/340/340 429/524/524 424/516/516
f  375/321/321 390/336/336 430/525/525 425/519/519
f  406/501/501 381/366/366 376/326/326 411/508/508
f  407/502/502 382/367/367 377/329/329 412/511/511
f  408/503/503 383/368/368 378/332/332 413/514/514
f  409/504/504 384/369/369 379/335/335 414/517/517
f  410/505/505 385/370/370 380/323/323 415/520/520
f  386/337/337 391/342/342 431/526/526 426/521/521
f  387/338/338 392/343/343 432/527/527 427/522/522
f  388/339/339 393/344/344 433/528/528 428/523/523
f  389/340/340 394/345/345 434/529/529 429/524/524
f  390/336/336 395/341/341 435/530/530 430/525/525
f  431/526/526 391/342/342 396/347/347 436/446/446
f  432/527/527 392/343/343 397/348/348 437/449/449
f  433/528/528 393/344/344 398/349/349 438/452/452
f  434/529/529 394/345/345 399/350/350 439/455/455
f  435/530/530 395/341/341 400/346/346 440/443/443
f  406/501/501 471/531/531 476/463/463 401/456/456
f  407/502/502 472/532/532 477/466/466 402/457/457
f  408/503/503 473/533/533 478/469/469 403/458/458
f  409/504/504 474/534/534 479/472/472 404/459/459
f  410/505/505 475/535/535 480/475/475 405/460/460
f  471/531/531 406/501/501 411/508/508 466/536/536
f  472/532/532 407/502/502 412/511/511 467/537/537
f  473/533/533 408/503/503 413/514/514 468/538/538
f  474/534/534 409/504/504 414/517/517 469/539/539
f  475/535/535 410/505/505 415/520/520 470/540/540
f  466/536/536 411/508/508 416/506/506 461/541/541
f  467/537/537 412/511/511 417/509/509 462/542/542
f  468/538/538 413/514/514 418/512/512 463/543/543
f  469/539/539 414/517/517 419/515/515 464/544/544
f  470/540/540 415/520/520 420/518/518 465/545/545
f  421/507/507 456/546/546 461/541/541 416/506/506
f  422/510/510 457/547/547 462/542/542 417/509/509
f  423/513/513 458/548/548 463/543/543 418/512/512
f  424/516/516 459/549/549 464/544/544 419/515/515
f  425/519/519 460/550/550 465/545/545 420/518/518
f  456/546/546 421/507/507 426/521/521 451/551/551
f  457/547/547 422/510/510 427/522/522 452/552/552
f  458/548/548 423/513/513 428/523/523 453/553/553
f  459/549/549 424/516/516 429/524/524 454/554/554
f  460/550/550 425/519/519 430/525/525 455/555/555
f  426/521/521 431/526/526 446/556/556 451/551/551
f  427/522/522 432/527/527 447/557/557 452/552/552
f  428/523/523 433/528/528 448/558/558 453/553/553
f  429/524/524 434/529/529 449/559/559 454/554/554
f  430/525/525 435/530/530 450/560/560 455/555/555
f  441/477/477 446/556/556 431/526/526 436/446/446
f  442/478/478 447/557/557 432/527/527 437/449/449
f  443/479/479 448/558/558 433/528/528 438/452/452
f  444/480/480 449/559/559 434/529/529 439/455/455
f  445/476/476 450/560/560 435/530/530 440/443/443
f  441/477/477 536/486/486 506/561/561 446/556/556
f  442/478/478 537/489/489 507/562/562 447/557/557
f  443/479/479 538/492/492 508/563/563 448/558/558
f  444/480/480 539/495/495 509/564/564 449/559/559
f  445/476/476 540/483/483 510/565/565 450/560/560
f  451/551/551 446/556/556 506/561/561 501/566/566
f  452/552/552 447/557/557 507/562/562 502/567/567
f  453/553/553 448/558/558 508/563/563 503/568/568
f  454/554/554 449/559/559 509/564/564 504/569/569
f  455/555/555 450/560/560 510/565/565 505/570/570
f  451/551/551 501/566/566 496/571/571 456/546/546
f  452/552/552 502/567/567 497/572/572 457/547/547
f  453/553/553 503/568/568 498/573/573 458/548/548
f  454/554/554 504/569/569 499/574/574 459/549/549
f  455/555/555 505/570/570 500/575/575 460/550/550
f  461/541/541 456/546/546 496/571/571 491/576/576
f  462/542/542 457/547/547 497/572/572 492/577/577
f  463/543/543 458/548/548 498/573/573 493/578/578
f  464/544/544 459/549/549 499/574/574 494/579/579
f  465/545/545 460/550/550 500/575/575 495/580/580
f  491/576/576 511/581/581 466/536/536 461/541/541
f  492/577/577 512/582/582 467/537/537 462/542/542
f  493/578/578 513/583/583 468/538/538 463/543/543
f  494/579/579 514/584/584 469/539/539 464/544/544
f  495/580/580 515/585/585 470/540/540 465/545/545
f  466/536/536 511/581/581 486/586/586 471/531/531
f  467/537/537 512/582/582 487/587/587 472/532/532
f  468/538/538 513/583/583 488/588/588 473/533/533
f  469/539/539 514/584/584 489/589/589 474/534/534
f  470/540/540 515/585/585 490/590/590 475/535/535
f  471/531/531 486/586/586 481/496/496 476/463/463
f  472/532/532 487/587/587 482/497/497 477/466/466
f  473/533/533 488/588/588 483/498/498 478/469/469
f  474/534/534 489/589/589 484/499/499 479/472/472
f  475/535/535 490/590/590 485/500/500 480/475/475
f  550/591/591 481/496/496 486/586/586 565/592/592
f  545/593/593 540/483/483 481/496/496 550/591/591
f  546/594/594 482/497/497 487/587/587 561/595/595
f  541/596/596 536/486/486 482/497/497 546/594/594
f  547/597/597 483/498/498 488/588/588 562/598/598
f  542/599/599 537/489/489 483/498/498 547/597/597
f  548/600/600 484/499/499 489/589/589 563/601/601
f  543/602/602 538/492/492 484/499/499 548/600/600
f  485/500/500 490/590/590 564/603/603 549/604/604
f  544/605/605 539/495/495 485/500/500 549/604/604
f  565/592/592 486/586/586 511/581/581 516/606/606
f  561/595/595 487/587/587 512/582/582 517/607/607
f  562/598/598 488/588/588 513/583/583 518/608/608
f  563/601/601 489/589/589 514/584/584 519/609/609
f  564/603/603 490/590/590 515/585/585 520/610/610
f  496/571/571 501/566/566 511/581/581 491/576/576
f  497/572/572 502/567/567 512/582/582 492/577/577
f  498/573/573 503/568/568 513/583/583 493/578/578
f  499/574/574 504/569/569 514/584/584 494/579/579
f  500/575/575 505/570/570 515/585/585 495/580/580
f  501/566/566 506/561/561 621/611/611 521/612/612
f  521/612/612 516/606/606 511/581/581 501/566/566
f  502/567/567 507/562/562 622/613/613 522/614/614
f  522/614/614 517/607/607 512/582/582 502/567/567
f  503/568/568 508/563/563 623/615/615 523/616/616
f  523/616/616 518/608/608 513/583/583 503/568/568
f  504/569/569 509/564/564 624/617/617 524/618/618
f  524/618/618 519/609/609 514/584/584 504/569/569
f  505/570/570 510/565/565 625/619/619 525/620/620
f  525/620/620 520/610/610 515/585/585 505/570/570
f  621/611/611 506/561/561 536/486/486 541/596/596
f  622/613/613 507/562/562 537/489/489 542/599/599
f  623/615/615 508/563/563 538/492/492 543/602/602
f  624/617/617 509/564/564 539/495/495 544/605/605
f  625/619/619 510/565/565 540/483/483 545/593/593
f  526/621/621 531/622/622 516/606/606 521/612/612
f  516/606/606 531/622/622 570/623/623 565/592/592
f  527/624/624 532/625/625 517/607/607 522/614/614
f  517/607/607 532/625/625 566/626/626 561/595/595
f  528/627/627 533/628/628 518/608/608 523/616/616
f  518/608/608 533/628/628 567/629/629 562/598/598
f  529/630/630 534/631/631 519/609/609 524/618/618
f  519/609/609 534/631/631 568/632/632 563/601/601
f  530/633/633 535/634/634 520/610/610 525/620/620
f  520/610/610 535/634/634 569/635/635 564/603/603
f  621/611/611 576/636/636 526/621/621 521/612/612
f  622/613/613 577/637/637 527/624/624 522/614/614
f  623/615/615 578/638/638 528/627/627 523/616/616
f  624/617/617 579/639/639 529/630/630 524/618/618
f  625/619/619 580/640/640 530/633/633 525/620/620
f  576/636/636 571/641/641 531/622/622 526/621/621
f  577/637/637 572/642/642 532/625/625 527/624/624
f  578/638/638 573/643/643 533/628/628 528/627/627
f  579/639/639 574/644/644 534/631/631 529/630/630
f  580/640/640 575/645/645 535/634/634 530/633/633
f  595/646/646 570/623/623 531/622/622 600/647/647
f  600/647/647 531/622/622 571/641/641 581/648/648
f  591/649/649 566/626/626 532/625/625 596/650/650
f  596/650/650 532/625/625 572/642/642 582/651/651
f  592/652/652 567/629/629 533/628/628 597/653/653
f  597/653/653 533/628/628 573/643/643 583/654/654
f  593/655/655 568/632/632 534/631/631 598/656/656
f  598/656/656 534/631/631 574/644/644 584/657/657
f  594/658/658 569/635/635 535/634/634 599/659/659
f  599/659/659 535/634/634 575/645/645 585/660/660
f  546/594/594 551/661/661 556/662/662 541/596/596
f  556/662/662 576/636/636 621/611/611 541/596/596
f  547/597/597 552/663/663 557/664/664 542/599/599
f  557/664/664 577/637/637 622/613/613 542/599/599
f  548/600/600 553/665/665 558/666/666 543/602/602
f  558/666/666 578/638/638 623/615/615 543/602/602
f  549/604/604 554/667/667 559/668/668 544/605/605
f  559/668/668 579/639/639 624/617/617 544/605/605
f  550/591/591 555/669/669 560/670/670 545/593/593
f  560/670/670 580/640/640 625/619/619 545/593/593
f  546/594/594 561/595/595 566/626/626 551/661/661
f  547/597/597 562/598/598 567/629/629 552/663/663
f  548/600/600 563/601/601 568/632/632 553/665/665
f  549/604/604 564/603/603 569/635/635 554/667/667
f  550/591/591 565/592/592 570/623/623 555/669/669
f  551/661/661 571/641/641 576/636/636 556/662/662
f  591/649/649 586/671/671 551/661/661 566/626/626
f  571/641/641 551/661/661 586/671/671 581/648/648
f  552/663/663 572/642/642 577/637/637 557/664/664
f  592/652/652 587/672/672 552/663/663 567/629/629
f  572/642/642 552/663/663 587/672/672 582/651/651
f  553/665/665 573/643/643 578/638/638 558/666/666
f  593/655/655 588/673/673 553/665/665 568/632/632
f  573/643/643 553/665/665 588/673/673 583/654/654
f  554/667/667 574/644/644 579/639/639 559/668/668
f  594/658/658 589/674/674 554/667/667 569/635/635
f  574/644/644 554/667/667 589/674/674 584/657/657
f  555/669/669 575/645/645 580/640/640 560/670/670
f  595/646/646 590/675/675 555/669/669 570/623/623
f  575/645/645 555/669/669 590/675/675 585/660/660
f  586/671/671 601/676/676 617/677/677 581/648/648
f  610/678/678 600/647/647 581/648/648 617/677/677
f  587/672/672 602/679/679 618/680/680 582/651/651
f  606/681/681 596/650/650 582/651/651 618/680/680
f  588/673/673 603/682/682 619/683/683 583/654/654
f  607/684/684 597/653/653 583/654/654 619/683/683
f  589/674/674 604/685/685 620/686/686 584/657/657
f  608/687/687 598/656/656 584/657/657 620/686/686
f  590/675/675 605/688/688 616/689/689 585/660/660
f  609/690/690 599/659/659 585/660/660 616/689/689
f  601/676/676 586/671/671 591/649/649 611/691/691
f  602/679/679 587/672/672 592/652/652 612/692/692
f  603/682/682 588/673/673 593/655/655 613/693/693
f  604/685/685 589/674/674 594/658/658 614/694/694
f  605/688/688 590/675/675 595/646/646 615/695/695
f  606/681/681 611/691/691 591/649/649 596/650/650
f  607/684/684 612/692/692 592/652/652 597/653/653
f  608/687/687 613/693/693 593/655/655 598/656/656
f  609/690/690 614/694/694 594/658/658 599/659/659
f  610/678/678 615/695/695 595/646/646 600/647/647
f  617/677/677 601/676/676 611/691/691 606/681/681
f  618/680/680 602/679/679 612/692/692 607/684/684
f  619/683/683 603/682/682 613/693/693 608/687/687
f  620/686/686 604/685/685 614/694/694 609/690/690
f  616/689/689 605/688/688 615/695/695 610/678/678
f  627/696/696 632/697/697 606/681/681 618/680/680
f  617/677/677 606/681/681 632/697/697 626/698/698
f  628/699/699 633/700/700 607/684/684 619/683/683
f  618/680/680 607/684/684 633/700/700 627/696/696
f  629/701/701 634/702/702 608/687/687 620/686/686
f  619/683/683 608/687/687 634/702/702 628/699/699
f  630/703/703 635/704/704 609/690/690 616/689/689
f  620/686/686 609/690/690 635/704/704 629/701/701
f  610/678/678 617/677/677 626/698/698 631/705/705
f  616/689/689 610/678/678 631/705/705 630/703/703
f  636/706/706 631/705/705 626/698/698 632/697/697
f  636/706/706 632/697/697 627/696/696 633/700/700
f  636/706/706 633/700/700 628/699/699 634/702/702
f  636/706/706 634/702/702 629/701/701 635/704/704
f  717/707/707 662/708/708 642/401/401 637/416/416
f  652/421/421 657/709/709 717/707/707 637/416/416
f  718/710/710 663/711/711 643/404/404 638/417/417
f  653/422/422 658/712/712 718/710/710 638/417/417
f  719/713/713 664/714/714 644/407/407 639/418/418
f  654/423/423 659/715/715 719/713/713 639/418/418
f  720/716/716 665/717/717 645/410/410 640/419/419
f  655/424/424 660/718/718 720/716/716 640/419/419
f  721/719/719 666/720/720 646/413/413 641/420/420
f  656/425/425 661/721/721 721/719/719 641/420/420
f  662/708/708 1422/722/722 647/402/402 642/401/401
f  663/711/711 1423/723/723 648/405/405 643/404/404
f  664/714/714 1424/724/724 649/408/408 644/407/407
f  665/717/717 1425/725/725 650/411/411 645/410/410
f  666/720/720 1426/726/726 651/414/414 646/413/413
f  1427/403/403 647/402/402 1422/722/722 1412/727/727
f  1428/406/406 648/405/405 1423/723/723 1413/728/728
f  1429/409/409 649/408/408 1424/724/724 1414/729/729
f  1430/412/412 650/411/411 1425/725/725 1415/730/730
f  1431/415/415 651/414/414 1426/726/726 1416/731/731
f  1762/428/428 1757/732/732 657/709/709 652/421/421
f  1763/431/431 1758/733/733 658/712/712 653/422/422
f  1764/434/434 1759/734/734 659/715/715 654/423/423
f  1765/437/437 1760/735/735 660/718/718 655/424/424
f  1766/440/440 1761/736/736 661/721/721 656/425/425
f  707/737/737 717/707/707 657/709/709 1732/738/738
f  1757/732/732 1747/739/739 1732/738/738 657/709/709
f  708/740/740 718/710/710 658/712/712 1733/741/741
f  1758/733/733 1749/742/742 1733/741/741 658/712/712
f  709/743/743 719/713/713 659/715/715 1734/744/744
f  1759/734/734 1751/745/745 1734/744/744 659/715/715
f  710/746/746 720/716/716 660/718/718 1735/747/747
f  1760/735/735 1753/748/748 1735/747/747 660/718/718
f  711/749/749 721/719/719 661/721/721 1736/750/750
f  1761/736/736 1755/751/751 1736/750/750 661/721/721
f  672/752/752 662/708/708 717/707/707 667/753/753
f  682/754/754 662/708/708 672/752/752 677/755/755
f  1422/722/722 662/708/708 682/754/754 1192/756/756
f  673/757/757 663/711/711 718/710/710 668/758/758
f  683/759/759 663/711/711 673/757/757 678/760/760
f  1423/723/723 663/711/711 683/759/759 1193/761/761
f  674/762/762 664/714/714 719/713/713 669/763/763
f  684/764/764 664/714/714 674/762/762 679/765/765
f  1424/724/724 664/714/714 684/764/764 1194/766/766
f  675/767/767 665/717/717 720/716/716 670/768/768
f  685/769/769 665/717/717 675/767/767 680/770/770
f  1425/725/725 665/717/717 685/769/769 1195/771/771
f  676/772/772 666/720/720 721/719/719 671/773/773
f  686/774/774 666/720/720 676/772/772 681/775/775
f  1426/726/726 666/720/720 686/774/774 1196/776/776
f  667/753/753 717/707/707 707/737/737 712/777/777
f  672/752/752 667/753/753 727/778/778 722/779/779
f  712/777/777 697/780/780 727/778/778 667/753/753
f  668/758/758 718/710/710 708/740/740 713/781/781
f  673/757/757 668/758/758 728/782/782 723/783/783
f  713/781/781 698/784/784 728/782/782 668/758/758
f  669/763/763 719/713/713 709/743/743 714/785/785
f  674/762/762 669/763/763 729/786/786 724/787/787
f  714/785/785 699/788/788 729/786/786 669/763/763
f  670/768/768 720/716/716 710/746/746 715/789/789
f  675/767/767 670/768/768 730/790/790 725/791/791
f  715/789/789 700/792/792 730/790/790 670/768/768
f  671/773/773 721/719/719 711/749/749 716/793/793
f  676/772/772 671/773/773 731/794/794 726/795/795
f  716/793/793 701/796/796 731/794/794 671/773/773
f  677/755/755 672/752/752 722/779/779 692/797/797
f  678/760/760 673/757/757 723/783/783 693/798/798
f  679/765/765 674/762/762 724/787/787 694/799/799
f  680/770/770 675/767/767 725/791/791 695/800/800
f  681/775/775 676/772/772 726/795/795 696/801/801
f  692/797/797 687/802/802 682/754/754 677/755/755
f  693/798/798 688/803/803 683/759/759 678/760/760
f  694/799/799 689/804/804 684/764/764 679/765/765
f  695/800/800 690/805/805 685/769/769 680/770/770
f  696/801/801 691/806/806 686/774/774 681/775/775
f  682/754/754 687/802/802 1197/807/807 1192/756/756
f  683/759/759 688/803/803 1198/808/808 1193/761/761
f  684/764/764 689/804/804 1199/809/809 1194/766/766
f  685/769/769 690/805/805 1200/810/810 1195/771/771
f  686/774/774 691/806/806 1201/811/811 1196/776/776
f  697/780/780 702/812/812 687/802/802 692/797/797
f  732/813/813 737/814/814 687/802/802 702/812/812
f  737/814/814 1202/815/815 1197/807/807 687/802/802
f  698/784/784 703/816/816 688/803/803 693/798/798
f  733/817/817 738/818/818 688/803/803 703/816/816
f  738/818/818 1203/819/819 1198/808/808 688/803/803
f  699/788/788 704/820/820 689/804/804 694/799/799
f  734/821/821 739/822/822 689/804/804 704/820/820
f  739/822/822 1204/823/823 1199/809/809 689/804/804
f  700/792/792 705/824/824 690/805/805 695/800/800
f  735/825/825 740/826/826 690/805/805 705/824/824
f  740/826/826 1205/827/827 1200/810/810 690/805/805
f  701/796/796 706/828/828 691/806/806 696/801/801
f  736/829/829 741/830/830 691/806/806 706/828/828
f  741/830/830 1206/831/831 1201/811/811 691/806/806
f  697/780/780 712/777/777 707/737/737 702/812/812
f  698/784/784 713/781/781 708/740/740 703/816/816
f  699/788/788 714/785/785 709/743/743 704/820/820
f  700/792/792 715/789/789 710/746/746 705/824/824
f  701/796/796 716/793/793 711/749/749 706/828/828
f  1727/832/832 702/812/812 707/737/737 1732/738/738
f  732/813/813 702/812/812 1727/832/832 1722/833/833
f  1728/834/834 703/816/816 708/740/740 1733/741/741
f  733/817/817 703/816/816 1728/834/834 1723/835/835
f  1729/836/836 704/820/820 709/743/743 1734/744/744
f  734/821/821 704/820/820 1729/836/836 1724/837/837
f  1730/838/838 705/824/824 710/746/746 1735/747/747
f  735/825/825 705/824/824 1730/838/838 1725/839/839
f  1731/840/840 706/828/828 711/749/749 1736/750/750
f  736/829/829 706/828/828 1731/840/840 1726/841/841
f  737/814/814 732/813/813 742/842/842 747/843/843
f  1722/833/833 1717/844/844 742/842/842 732/813/813
f  738/818/818 733/817/817 743/845/845 748/846/846
f  1723/835/835 1718/847/847 743/845/845 733/817/817
f  739/822/822 734/821/821 744/848/848 749/849/849
f  1724/837/837 1719/850/850 744/848/848 734/821/821
f  740/826/826 735/825/825 745/851/851 750/852/852
f  1725/839/839 1720/853/853 745/851/851 735/825/825
f  741/830/830 736/829/829 746/854/854 751/855/855
f  1726/841/841 1721/856/856 746/854/854 736/829/829
f  747/843/843 1207/857/857 1202/815/815 737/814/814
f  748/846/846 1208/858/858 1203/819/819 738/818/818
f  749/849/849 1209/859/859 1204/823/823 739/822/822
f  750/852/852 1210/860/860 1205/827/827 740/826/826
f  751/855/855 1211/861/861 1206/831/831 741/830/830
f  747/843/843 742/842/842 757/862/862 752/863/863
f  757/862/862 742/842/842 767/864/864 762/865/865
f  767/864/864 742/842/842 1717/844/844 1712/866/866
f  748/846/846 743/845/845 758/867/867 753/868/868
f  758/867/867 743/845/845 768/869/869 763/870/870
f  768/869/869 743/845/845 1718/847/847 1713/871/871
f  749/849/849 744/848/848 759/872/872 754/873/873
f  759/872/872 744/848/848 769/874/874 764/875/875
f  769/874/874 744/848/848 1719/850/850 1714/876/876
f  750/852/852 745/851/851 760/877/877 755/878/878
f  760/877/877 745/851/851 770/879/879 765/880/880
f  770/879/879 745/851/851 1720/853/853 1715/881/881
f  751/855/855 746/854/854 761/882/882 756/883/883
f  761/882/882 746/854/854 771/884/884 766/885/885
f  771/884/884 746/854/854 1721/856/856 1716/886/886
f  792/887/887 797/888/888 747/843/843 752/863/863
f  1207/857/857 747/843/843 797/888/888 1212/889/889
f  793/890/890 798/891/891 748/846/846 753/868/868
f  1208/858/858 748/846/846 798/891/891 1213/892/892
f  794/893/893 799/894/894 749/849/849 754/873/873
f  1209/859/859 749/849/849 799/894/894 1214/895/895
f  795/896/896 800/897/897 750/852/852 755/878/878
f  1210/860/860 750/852/852 800/897/897 1215/898/898
f  796/899/899 801/900/900 751/855/855 756/883/883
f  1211/861/861 751/855/855 801/900/900 1216/901/901
f  752/863/863 757/862/862 802/902/902 807/903/903
f  792/887/887 752/863/863 807/903/903 782/904/904
f  753/868/868 758/867/867 803/905/905 808/906/906
f  793/890/890 753/868/868 808/906/906 783/907/907
f  754/873/873 759/872/872 804/908/908 809/909/909
f  794/893/893 754/873/873 809/909/909 784/910/910
f  755/878/878 760/877/877 805/911/911 810/912/912
f  795/896/896 755/878/878 810/912/912 785/913/913
f  756/883/883 761/882/882 806/914/914 811/915/915
f  796/899/899 756/883/883 811/915/915 786/916/916
f  762/865/865 777/917/917 802/902/902 757/862/862
f  763/870/870 778/918/918 803/905/905 758/867/867
f  764/875/875 779/919/919 804/908/908 759/872/872
f  765/880/880 780/920/920 805/911/911 760/877/877
f  766/885/885 781/921/921 806/914/914 761/882/882
f  767/864/864 772/922/922 777/917/917 762/865/865
f  768/869/869 773/923/923 778/918/918 763/870/870
f  769/874/874 774/924/924 779/919/919 764/875/875
f  770/879/879 775/925/925 780/920/920 765/880/880
f  771/884/884 776/926/926 781/921/921 766/885/885
f  767/864/864 1712/866/866 1707/927/927 772/922/922
f  768/869/869 1713/871/871 1708/928/928 773/923/923
f  769/874/874 1714/876/876 1709/929/929 774/924/924
f  770/879/879 1715/881/881 1710/930/930 775/925/925
f  771/884/884 1716/886/886 1711/931/931 776/926/926
f  772/922/922 787/932/932 782/904/904 777/917/917
f  812/933/933 817/934/934 787/932/932 772/922/922
f  812/933/933 772/922/922 1707/927/927 1702/935/935
f  773/923/923 788/936/936 783/907/907 778/918/918
f  813/937/937 818/938/938 788/936/936 773/923/923
f  813/937/937 773/923/923 1708/928/928 1703/939/939
f  774/924/924 789/940/940 784/910/910 779/919/919
f  814/941/941 819/942/942 789/940/940 774/924/924
f  814/941/941 774/924/924 1709/929/929 1704/943/943
f  775/925/925 790/944/944 785/913/913 780/920/920
f  815/945/945 820/946/946 790/944/944 775/925/925
f  815/945/945 775/925/925 1710/930/930 1705/947/947
f  776/926/926 791/948/948 786/916/916 781/921/921
f  816/949/949 821/950/950 791/948/948 776/926/926
f  816/949/949 776/926/926 1711/931/931 1706/951/951
f  782/904/904 787/932/932 797/888/888 792/887/887
f  783/907/907 788/936/936 798/891/891 793/890/890
f  784/910/910 789/940/940 799/894/894 794/893/893
f  785/913/913 790/944/944 800/897/897 795/896/896
f  786/916/916 791/948/948 801/900/900 796/899/899
f  797/888/888 787/932/932 1217/952/952 1212/889/889
f  1217/952/952 787/932/932 817/934/934 1222/953/953
f  798/891/891 788/936/936 1218/954/954 1213/892/892
f  1218/954/954 788/936/936 818/938/938 1223/955/955
f  799/894/894 789/940/940 1219/956/956 1214/895/895
f  1219/956/956 789/940/940 819/942/942 1224/957/957
f  800/897/897 790/944/944 1220/958/958 1215/898/898
f  1220/958/958 790/944/944 820/946/946 1225/959/959
f  801/900/900 791/948/948 1221/960/960 1216/901/901
f  1221/960/960 791/948/948 821/950/950 1226/961/961
f  827/962/962 822/963/963 817/934/934 812/933/933
f  827/962/962 812/933/933 1702/935/935 1697/964/964
f  828/965/965 823/966/966 818/938/938 813/937/937
f  828/965/965 813/937/937 1703/939/939 1698/967/967
f  829/968/968 824/969/969 819/942/942 814/941/941
f  829/968/968 814/941/941 1704/943/943 1699/970/970
f  830/971/971 825/972/972 820/946/946 815/945/945
f  830/971/971 815/945/945 1705/947/947 1700/973/973
f  831/974/974 826/975/975 821/950/950 816/949/949
f  831/974/974 816/949/949 1706/951/951 1701/976/976
f  822/963/963 1228/977/977 1222/953/953 817/934/934
f  823/966/966 1230/978/978 1223/955/955 818/938/938
f  824/969/969 1232/979/979 1224/957/957 819/942/942
f  825/972/972 1234/980/980 1225/959/959 820/946/946
f  826/975/975 1236/981/981 1226/961/961 821/950/950
f  822/963/963 827/962/962 832/982/982 837/983/983
f  1228/977/977 822/963/963 837/983/983 1227/984/984
f  823/966/966 828/965/965 833/985/985 838/986/986
f  1230/978/978 823/966/966 838/986/986 1229/987/987
f  824/969/969 829/968/968 834/988/988 839/989/989
f  1232/979/979 824/969/969 839/989/989 1231/990/990
f  825/972/972 830/971/971 835/991/991 840/992/992
f  1234/980/980 825/972/972 840/992/992 1233/993/993
f  826/975/975 831/974/974 836/994/994 841/995/995
f  1236/981/981 826/975/975 841/995/995 1235/996/996
f  827/962/962 1697/964/964 1642/997/997 832/982/982
f  828/965/965 1698/967/967 1643/998/998 833/985/985
f  829/968/968 1699/970/970 1644/999/999 834/988/988
f  830/971/971 1700/973/973 1645/1000/1000 835/991/991
f  831/974/974 1701/976/976 1646/1001/1001 836/994/994
f  837/983/983 832/982/982 847/1002/1002 842/1003/1003
f  832/982/982 1642/997/997 1637/1004/1004 847/1002/1002
f  838/986/986 833/985/985 848/1005/1005 843/1006/1006
f  833/985/985 1643/998/998 1638/1007/1007 848/1005/1005
f  839/989/989 834/988/988 849/1008/1008 844/1009/1009
f  834/988/988 1644/999/999 1639/1010/1010 849/1008/1008
f  840/992/992 835/991/991 850/1011/1011 845/1012/1012
f  835/991/991 1645/1000/1000 1640/1013/1013 850/1011/1011
f  841/995/995 836/994/994 851/1014/1014 846/1015/1015
f  836/994/994 1646/1001/1001 1641/1016/1016 851/1014/1014
f  857/1017/1017 842/1003/1003 847/1002/1002 852/1018/1018
f  862/1019/1019 867/1020/1020 842/1003/1003 857/1017/1017
f  1237/1021/1021 842/1003/1003 867/1020/1020 1242/1022/1022
f  858/1023/1023 843/1006/1006 848/1005/1005 853/1024/1024
f  863/1025/1025 868/1026/1026 843/1006/1006 858/1023/1023
f  1238/1027/1027 843/1006/1006 868/1026/1026 1243/1028/1028
f  859/1029/1029 844/1009/1009 849/1008/1008 854/1030/1030
f  864/1031/1031 869/1032/1032 844/1009/1009 859/1029/1029
f  1239/1033/1033 844/1009/1009 869/1032/1032 1244/1034/1034
f  860/1035/1035 845/1012/1012 850/1011/1011 855/1036/1036
f  865/1037/1037 870/1038/1038 845/1012/1012 860/1035/1035
f  1240/1039/1039 845/1012/1012 870/1038/1038 1245/1040/1040
f  861/1041/1041 846/1015/1015 851/1014/1014 856/1042/1042
f  866/1043/1043 871/1044/1044 846/1015/1015 861/1041/1041
f  1241/1045/1045 846/1015/1015 871/1044/1044 1246/1046/1046
f  852/1018/1018 847/1002/1002 897/1047/1047 892/1048/1048
f  897/1047/1047 847/1002/1002 1637/1004/1004 1632/1049/1049
f  853/1024/1024 848/1005/1005 898/1050/1050 893/1051/1051
f  898/1050/1050 848/1005/1005 1638/1007/1007 1633/1052/1052
f  854/1030/1030 849/1008/1008 899/1053/1053 894/1054/1054
f  899/1053/1053 849/1008/1008 1639/1010/1010 1634/1055/1055
f  855/1036/1036 850/1011/1011 900/1056/1056 895/1057/1057
f  900/1056/1056 850/1011/1011 1640/1013/1013 1635/1058/1058
f  856/1042/1042 851/1014/1014 901/1059/1059 896/1060/1060
f  901/1059/1059 851/1014/1014 1641/1016/1016 1636/1061/1061
f  857/1017/1017 852/1018/1018 902/1062/1062 907/1063/1063
f  902/1062/1062 852/1018/1018 892/1048/1048 882/1064/1064
f  858/1023/1023 853/1024/1024 903/1065/1065 908/1066/1066
f  903/1065/1065 853/1024/1024 893/1051/1051 883/1067/1067
f  859/1029/1029 854/1030/1030 904/1068/1068 909/1069/1069
f  904/1068/1068 854/1030/1030 894/1054/1054 884/1070/1070
f  860/1035/1035 855/1036/1036 905/1071/1071 910/1072/1072
f  905/1071/1071 855/1036/1036 895/1057/1057 885/1073/1073
f  861/1041/1041 856/1042/1042 906/1074/1074 911/1075/1075
f  906/1074/1074 856/1042/1042 896/1060/1060 886/1076/1076
f  862/1019/1019 857/1017/1017 907/1063/1063 877/1077/1077
f  863/1025/1025 858/1023/1023 908/1066/1066 878/1078/1078
f  864/1031/1031 859/1029/1029 909/1069/1069 879/1079/1079
f  865/1037/1037 860/1035/1035 910/1072/1072 880/1080/1080
f  866/1043/1043 861/1041/1041 911/1075/1075 881/1081/1081
f  877/1077/1077 872/1082/1082 867/1020/1020 862/1019/1019
f  878/1078/1078 873/1083/1083 868/1026/1026 863/1025/1025
f  879/1079/1079 874/1084/1084 869/1032/1032 864/1031/1031
f  880/1080/1080 875/1085/1085 870/1038/1038 865/1037/1037
f  881/1081/1081 876/1086/1086 871/1044/1044 866/1043/1043
f  867/1020/1020 872/1082/1082 1247/1087/1087 1242/1022/1022
f  868/1026/1026 873/1083/1083 1248/1088/1088 1243/1028/1028
f  869/1032/1032 874/1084/1084 1249/1089/1089 1244/1034/1034
f  870/1038/1038 875/1085/1085 1250/1090/1090 1245/1040/1040
f  871/1044/1044 876/1086/1086 1251/1091/1091 1246/1046/1046
f  887/1092/1092 872/1082/1082 877/1077/1077 882/1064/1064
f  912/1093/1093 917/1094/1094 872/1082/1082 887/1092/1092
f  1247/1087/1087 872/1082/1082 917/1094/1094 1253/1095/1095
f  888/1096/1096 873/1083/1083 878/1078/1078 883/1067/1067
f  913/1097/1097 918/1098/1098 873/1083/1083 888/1096/1096
f  1248/1088/1088 873/1083/1083 918/1098/1098 1255/1099/1099
f  889/1100/1100 874/1084/1084 879/1079/1079 884/1070/1070
f  914/1101/1101 919/1102/1102 874/1084/1084 889/1100/1100
f  1249/1089/1089 874/1084/1084 919/1102/1102 1257/1103/1103
f  890/1104/1104 875/1085/1085 880/1080/1080 885/1073/1073
f  915/1105/1105 920/1106/1106 875/1085/1085 890/1104/1104
f  1250/1090/1090 875/1085/1085 920/1106/1106 1259/1107/1107
f  891/1108/1108 876/1086/1086 881/1081/1081 886/1076/1076
f  916/1109/1109 921/1110/1110 876/1086/1086 891/1108/1108
f  1251/1091/1091 876/1086/1086 921/1110/1110 1261/1111/1111
f  897/1047/1047 887/1092/1092 882/1064/1064 892/1048/1048
f  898/1050/1050 888/1096/1096 883/1067/1067 893/1051/1051
f  899/1053/1053 889/1100/1100 884/1070/1070 894/1054/1054
f  900/1056/1056 890/1104/1104 885/1073/1073 895/1057/1057
f  901/1059/1059 891/1108/1108 886/1076/1076 896/1060/1060
f  1632/1049/1049 1627/1112/1112 887/1092/1092 897/1047/1047
f  912/1093/1093 887/1092/1092 1627/1112/1112 1622/1113/1113
f  1633/1052/1052 1628/1114/1114 888/1096/1096 898/1050/1050
f  913/1097/1097 888/1096/1096 1628/1114/1114 1623/1115/1115
f  1634/1055/1055 1629/1116/1116 889/1100/1100 899/1053/1053
f  914/1101/1101 889/1100/1100 1629/1116/1116 1624/1117/1117
f  1635/1058/1058 1630/1118/1118 890/1104/1104 900/1056/1056
f  915/1105/1105 890/1104/1104 1630/1118/1118 1625/1119/1119
f  1636/1061/1061 1631/1120/1120 891/1108/1108 901/1059/1059
f  916/1109/1109 891/1108/1108 1631/1120/1120 1626/1121/1121
f  977/1122/1122 922/1123/1123 917/1094/1094 912/1093/1093
f  977/1122/1122 912/1093/1093 1622/1113/1113 1617/1124/1124
f  978/1125/1125 923/1126/1126 918/1098/1098 913/1097/1097
f  978/1125/1125 913/1097/1097 1623/1115/1115 1618/1127/1127
f  979/1128/1128 924/1129/1129 919/1102/1102 914/1101/1101
f  979/1128/1128 914/1101/1101 1624/1117/1117 1619/1130/1130
f  980/1131/1131 925/1132/1132 920/1106/1106 915/1105/1105
f  980/1131/1131 915/1105/1105 1625/1119/1119 1620/1133/1133
f  981/1134/1134 926/1135/1135 921/1110/1110 916/1109/1109
f  981/1134/1134 916/1109/1109 1626/1121/1121 1621/1136/1136
f  1253/1095/1095 917/1094/1094 922/1123/1123 1252/1137/1137
f  1255/1099/1099 918/1098/1098 923/1126/1126 1254/1138/1138
f  1257/1103/1103 919/1102/1102 924/1129/1129 1256/1139/1139
f  1259/1107/1107 920/1106/1106 925/1132/1132 1258/1140/1140
f  1261/1111/1111 921/1110/1110 926/1135/1135 1260/1141/1141
f  922/1123/1123 977/1122/1122 927/1142/1142 932/1143/1143
f  932/1143/1143 937/1144/1144 942/1145/1145 922/1123/1123
f  923/1126/1126 978/1125/1125 928/1146/1146 933/1147/1147
f  933/1147/1147 938/1148/1148 943/1149/1149 923/1126/1126
f  924/1129/1129 979/1128/1128 929/1150/1150 934/1151/1151
f  934/1151/1151 939/1152/1152 944/1153/1153 924/1129/1129
f  925/1132/1132 980/1131/1131 930/1154/1154 935/1155/1155
f  935/1155/1155 940/1156/1156 945/1157/1157 925/1132/1132
f  926/1135/1135 981/1134/1134 931/1158/1158 936/1159/1159
f  936/1159/1159 941/1160/1160 946/1161/1161 926/1135/1135
f  927/1142/1142 977/1122/1122 967/1162/1162 972/1163/1163
f  987/1164/1164 932/1143/1143 927/1142/1142 982/1165/1165
f  972/1163/1163 957/1166/1166 982/1165/1165 927/1142/1142
f  928/1146/1146 978/1125/1125 968/1167/1167 973/1168/1168
f  988/1169/1169 933/1147/1147 928/1146/1146 983/1170/1170
f  973/1168/1168 958/1171/1171 983/1170/1170 928/1146/1146
f  929/1150/1150 979/1128/1128 969/1172/1172 974/1173/1173
f  989/1174/1174 934/1151/1151 929/1150/1150 984/1175/1175
f  974/1173/1173 959/1176/1176 984/1175/1175 929/1150/1150
f  930/1154/1154 980/1131/1131 970/1177/1177 975/1178/1178
f  990/1179/1179 935/1155/1155 930/1154/1154 985/1180/1180
f  975/1178/1178 960/1181/1181 985/1180/1180 930/1154/1154
f  931/1158/1158 981/1134/1134 971/1182/1182 976/1183/1183
f  991/1184/1184 936/1159/1159 931/1158/1158 986/1185/1185
f  976/1183/1183 961/1186/1186 986/1185/1185 931/1158/1158
f  987/1164/1164 952/1187/1187 937/1144/1144 932/1143/1143
f  988/1169/1169 953/1188/1188 938/1148/1148 933/1147/1147
f  989/1174/1174 954/1189/1189 939/1152/1152 934/1151/1151
f  990/1179/1179 955/1190/1190 940/1156/1156 935/1155/1155
f  991/1184/1184 956/1191/1191 941/1160/1160 936/1159/1159
f  952/1187/1187 947/1192/1192 942/1145/1145 937/1144/1144
f  953/1188/1188 948/1193/1193 943/1149/1149 938/1148/1148
f  954/1189/1189 949/1194/1194 944/1153/1153 939/1152/1152
f  955/1190/1190 950/1195/1195 945/1157/1157 940/1156/1156
f  956/1191/1191 951/1196/1196 946/1161/1161 941/1160/1160
f  1262/1197/1197 942/1145/1145 947/1192/1192 1267/1198/1198
f  1263/1199/1199 943/1149/1149 948/1193/1193 1268/1200/1200
f  1264/1201/1201 944/1153/1153 949/1194/1194 1269/1202/1202
f  1265/1203/1203 945/1157/1157 950/1195/1195 1270/1204/1204
f  1266/1205/1205 946/1161/1161 951/1196/1196 1271/1206/1206
f  952/1187/1187 957/1166/1166 962/1207/1207 947/1192/1192
f  992/1208/1208 997/1209/1209 947/1192/1192 962/1207/1207
f  1267/1198/1198 947/1192/1192 997/1209/1209 1272/1210/1210
f  953/1188/1188 958/1171/1171 963/1211/1211 948/1193/1193
f  993/1212/1212 998/1213/1213 948/1193/1193 963/1211/1211
f  1268/1200/1200 948/1193/1193 998/1213/1213 1273/1214/1214
f  954/1189/1189 959/1176/1176 964/1215/1215 949/1194/1194
f  994/1216/1216 999/1217/1217 949/1194/1194 964/1215/1215
f  1269/1202/1202 949/1194/1194 999/1217/1217 1274/1218/1218
f  955/1190/1190 960/1181/1181 965/1219/1219 950/1195/1195
f  995/1220/1220 1000/1221/1221 950/1195/1195 965/1219/1219
f  1270/1204/1204 950/1195/1195 1000/1221/1221 1275/1222/1222
f  956/1191/1191 961/1186/1186 966/1223/1223 951/1196/1196
f  996/1224/1224 1001/1225/1225 951/1196/1196 966/1223/1223
f  1271/1206/1206 951/1196/1196 1001/1225/1225 1276/1226/1226
f  967/1162/1162 962/1207/1207 957/1166/1166 972/1163/1163
f  968/1167/1167 963/1211/1211 958/1171/1171 973/1168/1168
f  969/1172/1172 964/1215/1215 959/1176/1176 974/1173/1173
f  970/1177/1177 965/1219/1219 960/1181/1181 975/1178/1178
f  971/1182/1182 966/1223/1223 961/1186/1186 976/1183/1183
f  962/1207/1207 967/1162/1162 1582/1227/1227 1577/1228/1228
f  992/1208/1208 962/1207/1207 1577/1228/1228 1572/1229/1229
f  963/1211/1211 968/1167/1167 1583/1230/1230 1578/1231/1231
f  993/1212/1212 963/1211/1211 1578/1231/1231 1573/1232/1232
f  964/1215/1215 969/1172/1172 1584/1233/1233 1579/1234/1234
f  994/1216/1216 964/1215/1215 1579/1234/1234 1574/1235/1235
f  965/1219/1219 970/1177/1177 1585/1236/1236 1580/1237/1237
f  995/1220/1220 965/1219/1219 1580/1237/1237 1575/1238/1238
f  966/1223/1223 971/1182/1182 1586/1239/1239 1581/1240/1240
f  996/1224/1224 966/1223/1223 1581/1240/1240 1576/1241/1241
f  967/1162/1162 977/1122/1122 1617/1124/1124 1582/1227/1227
f  968/1167/1167 978/1125/1125 1618/1127/1127 1583/1230/1230
f  969/1172/1172 979/1128/1128 1619/1130/1130 1584/1233/1233
f  970/1177/1177 980/1131/1131 1620/1133/1133 1585/1236/1236
f  971/1182/1182 981/1134/1134 1621/1136/1136 1586/1239/1239
f  992/1208/1208 1057/1242/1242 1002/1243/1243 997/1209/1209
f  1057/1242/1242 992/1208/1208 1572/1229/1229 1567/1244/1244
f  993/1212/1212 1058/1245/1245 1003/1246/1246 998/1213/1213
f  1058/1245/1245 993/1212/1212 1573/1232/1232 1568/1247/1247
f  994/1216/1216 1059/1248/1248 1004/1249/1249 999/1217/1217
f  1059/1248/1248 994/1216/1216 1574/1235/1235 1569/1250/1250
f  995/1220/1220 1060/1251/1251 1005/1252/1252 1000/1221/1221
f  1060/1251/1251 995/1220/1220 1575/1238/1238 1570/1253/1253
f  996/1224/1224 1061/1254/1254 1006/1255/1255 1001/1225/1225
f  1061/1254/1254 996/1224/1224 1576/1241/1241 1571/1256/1256
f  1272/1210/1210 997/1209/1209 1002/1243/1243 1277/1257/1257
f  1273/1214/1214 998/1213/1213 1003/1246/1246 1278/1258/1258
f  1274/1218/1218 999/1217/1217 1004/1249/1249 1279/1259/1259
f  1275/1222/1222 1000/1221/1221 1005/1252/1252 1280/1260/1260
f  1276/1226/1226 1001/1225/1225 1006/1255/1255 1281/1261/1261
f  1012/1262/1262 1002/1243/1243 1057/1242/1242 1007/1263/1263
f  1012/1262/1262 1017/1264/1264 1022/1265/1265 1002/1243/1243
f  1277/1257/1257 1002/1243/1243 1022/1265/1265 1282/1266/1266
f  1013/1267/1267 1003/1246/1246 1058/1245/1245 1008/1268/1268
f  1013/1267/1267 1018/1269/1269 1023/1270/1270 1003/1246/1246
f  1278/1258/1258 1003/1246/1246 1023/1270/1270 1283/1271/1271
f  1014/1272/1272 1004/1249/1249 1059/1248/1248 1009/1273/1273
f  1014/1274/1272 1019/1275/1274 1024/1276/1275 1004/1277/1249
f  1279/1278/1259 1004/1277/1249 1024/1276/1275 1284/1279/1276
f  1015/1280/1277 1005/1252/1252 1060/1251/1251 1010/1281/1278
f  1015/1280/1277 1020/1282/1279 1025/1283/1280 1005/1252/1252
f  1280/1260/1260 1005/1252/1252 1025/1283/1280 1285/1284/1281
f  1016/1285/1282 1006/1255/1255 1061/1254/1254 1011/1286/1283
f  1016/1285/1282 1021/1287/1284 1026/1288/1285 1006/1255/1255
f  1281/1261/1261 1006/1255/1255 1026/1288/1285 1286/1289/1286
f  1007/1263/1263 1057/1242/1242 1047/1290/1287 1052/1291/1288
f  1067/1292/1289 1012/1262/1262 1007/1263/1263 1062/1293/1290
f  1052/1291/1288 1037/1294/1291 1062/1293/1290 1007/1263/1263
f  1008/1268/1268 1058/1245/1245 1048/1295/1292 1053/1296/1293
f  1068/1297/1294 1013/1267/1267 1008/1268/1268 1063/1298/1295
f  1053/1296/1293 1038/1299/1296 1063/1298/1295 1008/1268/1268
f  1009/1300/1273 1059/1301/1248 1049/1302/1297 1054/1303/1298
f  1069/1304/1299 1014/1272/1272 1009/1273/1273 1064/1305/1300
f  1054/1303/1298 1039/1306/1301 1064/1307/1300 1009/1300/1273
f  1010/1281/1278 1060/1251/1251 1050/1308/1302 1055/1309/1303
f  1070/1310/1304 1015/1280/1277 1010/1281/1278 1065/1311/1305
f  1055/1309/1303 1040/1312/1306 1065/1311/1305 1010/1281/1278
f  1011/1286/1283 1061/1254/1254 1051/1313/1307 1056/1314/1308
f  1071/1315/1309 1016/1285/1282 1011/1286/1283 1066/1316/1310
f  1056/1314/1308 1041/1317/1311 1066/1316/1310 1011/1286/1283
f  1017/1264/1264 1012/1262/1262 1067/1292/1289 1032/1318/1312
f  1018/1269/1269 1013/1267/1267 1068/1297/1294 1033/1319/1313
f  1019/1275/1274 1014/1274/1272 1069/1320/1299 1034/1321/1314
f  1020/1282/1279 1015/1280/1277 1070/1310/1304 1035/1322/1315
f  1021/1287/1284 1016/1285/1282 1071/1315/1309 1036/1323/1316
f  1032/1318/1312 1027/1324/1317 1022/1265/1265 1017/1264/1264
f  1033/1319/1313 1028/1325/1318 1023/1270/1270 1018/1269/1269
f  1034/1321/1314 1029/1326/1319 1024/1276/1275 1019/1275/1274
f  1035/1322/1315 1030/1327/1320 1025/1283/1280 1020/1282/1279
f  1036/1323/1316 1031/1328/1321 1026/1288/1285 1021/1287/1284
f  1282/1266/1266 1022/1265/1265 1027/1324/1317 1288/1329/1322
f  1283/1271/1271 1023/1270/1270 1028/1325/1318 1290/1330/1323
f  1284/1279/1276 1024/1276/1275 1029/1326/1319 1292/1331/1324
f  1285/1284/1281 1025/1283/1280 1030/1327/1320 1294/1332/1325
f  1286/1289/1286 1026/1288/1285 1031/1328/1321 1296/1333/1326
f  1037/1294/1291 1042/1334/1327 1027/1324/1317 1032/1318/1312
f  1072/1335/1328 1077/1336/1329 1027/1324/1317 1042/1334/1327
f  1288/1329/1322 1027/1324/1317 1077/1336/1329 1287/1337/1330
f  1038/1299/1296 1043/1338/1331 1028/1325/1318 1033/1319/1313
f  1073/1339/1332 1078/1340/1333 1028/1325/1318 1043/1338/1331
f  1290/1330/1323 1028/1325/1318 1078/1340/1333 1289/1341/1334
f  1039/1342/1301 1044/1343/1335 1029/1326/1319 1034/1321/1314
f  1074/1344/1336 1079/1345/1337 1029/1326/1319 1044/1343/1335
f  1292/1331/1324 1029/1326/1319 1079/1345/1337 1291/1346/1338
f  1035/1322/1315 1040/1312/1306 1045/1347/1339 1030/1327/1320
f  1075/1348/1340 1080/1349/1341 1030/1327/1320 1045/1347/1339
f  1294/1332/1325 1030/1327/1320 1080/1349/1341 1293/1350/1342
f  1036/1323/1316 1041/1317/1311 1046/1351/1343 1031/1328/1321
f  1076/1352/1344 1081/1353/1345 1031/1328/1321 1046/1351/1343
f  1296/1333/1326 1031/1328/1321 1081/1353/1345 1295/1354/1346
f  1047/1290/1287 1042/1334/1327 1037/1294/1291 1052/1291/1288
f  1048/1295/1292 1043/1338/1331 1038/1299/1296 1053/1296/1293
f  1049/1302/1297 1044/1355/1335 1039/1306/1301 1054/1303/1298
f  1050/1308/1302 1045/1347/1339 1040/1312/1306 1055/1309/1303
f  1051/1313/1307 1046/1351/1343 1041/1317/1311 1056/1314/1308
f  1562/1356/1347 1557/1357/1348 1042/1334/1327 1047/1290/1287
f  1557/1357/1348 1827/1358/1349 1072/1335/1328 1042/1334/1327
f  1563/1359/1350 1558/1360/1351 1043/1338/1331 1048/1295/1292
f  1558/1360/1351 1828/1361/1352 1073/1339/1332 1043/1338/1331
f  1564/1362/1353 1559/1363/1354 1044/1355/1335 1049/1302/1297
f  1559/1363/1354 1829/1364/1355 1074/1365/1336 1044/1355/1335
f  1565/1366/1356 1560/1367/1357 1045/1347/1339 1050/1308/1302
f  1560/1367/1357 1830/1368/1358 1075/1348/1340 1045/1347/1339
f  1566/1369/1359 1561/1370/1360 1046/1351/1343 1051/1313/1307
f  1561/1370/1360 1831/1371/1361 1076/1352/1344 1046/1351/1343
f  1567/1244/1244 1562/1356/1347 1047/1290/1287 1057/1242/1242
f  1568/1247/1247 1563/1359/1350 1048/1295/1292 1058/1245/1245
f  1569/1372/1250 1564/1362/1353 1049/1302/1297 1059/1301/1248
f  1570/1253/1253 1565/1366/1356 1050/1308/1302 1060/1251/1251
f  1571/1256/1256 1566/1369/1359 1051/1313/1307 1061/1254/1254
f  1082/1373/1362 1087/1374/1363 1077/1336/1329 1072/1335/1328
f  1842/1375/1364 1082/1373/1362 1072/1335/1328 1827/1358/1349
f  1083/1376/1365 1088/1377/1366 1078/1340/1333 1073/1339/1332
f  1843/1378/1367 1083/1376/1365 1073/1339/1332 1828/1361/1352
f  1084/1379/1368 1089/1380/1369 1079/1345/1337 1074/1344/1336
f  1844/1381/1370 1084/1382/1368 1074/1365/1336 1829/1364/1355
f  1085/1383/1371 1090/1384/1372 1080/1349/1341 1075/1348/1340
f  1845/1385/1373 1085/1383/1371 1075/1348/1340 1830/1368/1358
f  1086/1386/1374 1091/1387/1375 1081/1353/1345 1076/1352/1344
f  1846/1388/1376 1086/1386/1374 1076/1352/1344 1831/1371/1361
f  1287/1337/1330 1077/1336/1329 1087/1374/1363 1297/1389/1377
f  1289/1341/1334 1078/1340/1333 1088/1377/1366 1298/1390/1378
f  1291/1346/1338 1079/1345/1337 1089/1380/1369 1299/1391/1379
f  1293/1350/1342 1080/1349/1341 1090/1384/1372 1300/1392/1380
f  1295/1354/1346 1081/1353/1345 1091/1387/1375 1301/1393/1381
f  1857/1394/1382 1862/1395/1383 1087/1374/1363 1082/1373/1362
f  1852/1396/1384 1857/1394/1382 1082/1373/1362 1842/1375/1364
f  1858/1397/1385 1863/1398/1386 1088/1377/1366 1083/1376/1365
f  1853/1399/1387 1858/1397/1385 1083/1376/1365 1843/1378/1367
f  1859/1400/1388 1864/1401/1389 1089/1380/1369 1084/1379/1368
f  1854/1402/1390 1859/1403/1388 1084/1382/1368 1844/1381/1370
f  1860/1404/1391 1865/1405/1392 1090/1384/1372 1085/1383/1371
f  1855/1406/1393 1860/1404/1391 1085/1383/1371 1845/1385/1373
f  1861/1407/1394 1866/1408/1395 1091/1387/1375 1086/1386/1374
f  1856/1409/1396 1861/1407/1394 1086/1386/1374 1846/1388/1376
f  1087/1374/1363 1862/1395/1383 1867/1410/1397 1297/1389/1377
f  1088/1377/1366 1863/1398/1386 1868/1411/1398 1298/1390/1378
f  1089/1380/1369 1864/1401/1389 1869/1412/1399 1299/1391/1379
f  1090/1384/1372 1865/1405/1392 1870/1413/1400 1300/1392/1380
f  1091/1387/1375 1866/1408/1395 1871/1414/1401 1301/1393/1381
f  1092/1415/1402 1097/1416/1403 1288/1329/1322 1287/1337/1330
f  1287/1337/1330 1297/1389/1377 1302/1417/1404 1092/1415/1402
f  1092/1415/1402 1302/1417/1404 1307/1418/1405 1097/1416/1403
f  1093/1419/1406 1098/1420/1407 1290/1330/1323 1289/1341/1334
f  1289/1341/1334 1298/1390/1378 1303/1421/1408 1093/1419/1406
f  1093/1419/1406 1303/1421/1408 1308/1422/1409 1098/1420/1407
f  1094/1423/1410 1099/1424/1411 1292/1331/1324 1291/1346/1338
f  1291/1346/1338 1299/1391/1379 1304/1425/1412 1094/1423/1410
f  1094/1423/1410 1304/1425/1412 1309/1426/1413 1099/1424/1411
f  1095/1427/1414 1100/1428/1415 1294/1332/1325 1293/1350/1342
f  1293/1350/1342 1300/1392/1380 1305/1429/1416 1095/1427/1414
f  1095/1427/1414 1305/1429/1416 1310/1430/1417 1100/1428/1415
f  1096/1431/1418 1101/1432/1419 1296/1333/1326 1295/1354/1346
f  1295/1354/1346 1301/1393/1381 1306/1433/1420 1096/1431/1418
f  1096/1431/1418 1306/1433/1420 1311/1434/1421 1101/1432/1419
f  1102/1435/1422 1282/1266/1266 1288/1329/1322 1097/1416/1403
f  1097/1416/1403 1307/1418/1405 1312/1436/1423 1102/1435/1422
f  1103/1437/1424 1283/1271/1271 1290/1330/1323 1098/1420/1407
f  1098/1420/1407 1308/1422/1409 1313/1438/1425 1103/1437/1424
f  1104/1439/1426 1284/1279/1276 1292/1331/1324 1099/1424/1411
f  1099/1424/1411 1309/1426/1413 1314/1440/1427 1104/1439/1426
f  1105/1441/1428 1285/1284/1281 1294/1332/1325 1100/1428/1415
f  1100/1428/1415 1310/1430/1417 1315/1442/1429 1105/1441/1428
f  1106/1443/1430 1286/1289/1286 1296/1333/1326 1101/1432/1419
f  1101/1432/1419 1311/1434/1421 1316/1444/1431 1106/1443/1430
f  1107/1445/1432 1277/1257/1257 1282/1266/1266 1102/1435/1422
f  1102/1435/1422 1312/1436/1423 1317/1446/1433 1107/1445/1432
f  1108/1447/1434 1278/1258/1258 1283/1271/1271 1103/1437/1424
f  1103/1437/1424 1313/1438/1425 1318/1448/1435 1108/1447/1434
f  1109/1449/1436 1279/1278/1259 1284/1279/1276 1104/1439/1426
f  1104/1439/1426 1314/1440/1427 1319/1450/1437 1109/1449/1436
f  1110/1451/1438 1280/1260/1260 1285/1284/1281 1105/1441/1428
f  1105/1441/1428 1315/1442/1429 1320/1452/1439 1110/1451/1438
f  1111/1453/1440 1281/1261/1261 1286/1289/1286 1106/1443/1430
f  1106/1443/1430 1316/1444/1431 1321/1454/1441 1111/1453/1440
f  1112/1455/1442 1272/1210/1210 1277/1257/1257 1107/1445/1432
f  1322/1456/1443 1112/1455/1442 1107/1445/1432 1317/1446/1433
f  1113/1457/1444 1273/1214/1214 1278/1258/1258 1108/1447/1434
f  1323/1458/1445 1113/1457/1444 1108/1447/1434 1318/1448/1435
f  1114/1459/1446 1274/1218/1218 1279/1259/1259 1109/1460/1436
f  1324/1461/1447 1114/1459/1446 1109/1460/1436 1319/1462/1437
f  1115/1463/1448 1275/1222/1222 1280/1260/1260 1110/1451/1438
f  1325/1464/1449 1115/1463/1448 1110/1451/1438 1320/1452/1439
f  1116/1465/1450 1276/1226/1226 1281/1261/1261 1111/1453/1440
f  1326/1466/1451 1116/1465/1450 1111/1453/1440 1321/1454/1441
f  1112/1455/1442 1117/1467/1452 1267/1198/1198 1272/1210/1210
f  1322/1456/1443 1327/1468/1453 1117/1467/1452 1112/1455/1442
f  1113/1457/1444 1118/1469/1454 1268/1200/1200 1273/1214/1214
f  1323/1458/1445 1328/1470/1455 1118/1469/1454 1113/1457/1444
f  1114/1459/1446 1119/1471/1456 1269/1202/1202 1274/1218/1218
f  1324/1461/1447 1329/1472/1457 1119/1471/1456 1114/1459/1446
f  1115/1463/1448 1120/1473/1458 1270/1204/1204 1275/1222/1222
f  1325/1464/1449 1330/1474/1459 1120/1473/1458 1115/1463/1448
f  1116/1465/1450 1121/1475/1460 1271/1206/1206 1276/1226/1226
f  1326/1466/1451 1331/1476/1461 1121/1475/1460 1116/1465/1450
f  1117/1467/1452 1122/1477/1462 1262/1197/1197 1267/1198/1198
f  1327/1468/1453 1332/1478/1463 1122/1477/1462 1117/1467/1452
f  1118/1469/1454 1123/1479/1464 1263/1199/1199 1268/1200/1200
f  1328/1470/1455 1333/1480/1465 1123/1479/1464 1118/1469/1454
f  1119/1471/1456 1124/1481/1466 1264/1201/1201 1269/1202/1202
f  1329/1472/1457 1334/1482/1467 1124/1481/1466 1119/1471/1456
f  1120/1473/1458 1125/1483/1468 1265/1203/1203 1270/1204/1204
f  1330/1474/1459 1335/1484/1469 1125/1483/1468 1120/1473/1458
f  1121/1475/1460 1126/1485/1470 1266/1205/1205 1271/1206/1206
f  1331/1476/1461 1336/1486/1471 1126/1485/1470 1121/1475/1460
f  1122/1477/1462 1332/1478/1463 1337/1487/1472 1127/1488/1473
f  1123/1479/1464 1333/1480/1465 1338/1489/1474 1128/1490/1475
f  1124/1481/1466 1334/1482/1467 1339/1491/1476 1129/1492/1477
f  1125/1483/1468 1335/1484/1469 1340/1493/1478 1130/1494/1479
f  1126/1485/1470 1336/1486/1471 1341/1495/1480 1131/1496/1481
f  1132/1497/1482 1253/1095/1095 1252/1137/1137 1127/1488/1473
f  1342/1498/1483 1132/1497/1482 1127/1488/1473 1337/1487/1472
f  1133/1499/1484 1255/1099/1099 1254/1138/1138 1128/1490/1475
f  1343/1500/1485 1133/1499/1484 1128/1490/1475 1338/1489/1474
f  1134/1501/1486 1257/1103/1103 1256/1139/1139 1129/1492/1477
f  1344/1502/1487 1134/1501/1486 1129/1492/1477 1339/1491/1476
f  1135/1503/1488 1259/1107/1107 1258/1140/1140 1130/1494/1479
f  1345/1504/1489 1135/1503/1488 1130/1494/1479 1340/1493/1478
f  1136/1505/1490 1261/1111/1111 1260/1141/1141 1131/1496/1481
f  1346/1506/1491 1136/1505/1490 1131/1496/1481 1341/1495/1480
f  1132/1497/1482 1137/1507/1492 1247/1087/1087 1253/1095/1095
f  1132/1497/1482 1342/1498/1483 1347/1508/1493 1137/1507/1492
f  1133/1499/1484 1138/1509/1494 1248/1088/1088 1255/1099/1099
f  1133/1499/1484 1343/1500/1485 1348/1510/1495 1138/1509/1494
f  1134/1501/1486 1139/1511/1496 1249/1089/1089 1257/1103/1103
f  1134/1501/1486 1344/1502/1487 1349/1512/1497 1139/1511/1496
f  1135/1503/1488 1140/1513/1498 1250/1090/1090 1259/1107/1107
f  1135/1503/1488 1345/1504/1489 1350/1514/1499 1140/1513/1498
f  1136/1505/1490 1141/1515/1500 1251/1091/1091 1261/1111/1111
f  1136/1505/1490 1346/1506/1491 1351/1516/1501 1141/1515/1500
f  1242/1022/1022 1247/1087/1087 1137/1507/1492 1142/1517/1502
f  1352/1518/1503 1142/1517/1502 1137/1507/1492 1347/1508/1493
f  1243/1028/1028 1248/1088/1088 1138/1509/1494 1143/1519/1504
f  1353/1520/1505 1143/1519/1504 1138/1509/1494 1348/1510/1495
f  1244/1034/1034 1249/1089/1089 1139/1511/1496 1144/1521/1506
f  1354/1522/1507 1144/1521/1506 1139/1511/1496 1349/1512/1497
f  1245/1040/1040 1250/1090/1090 1140/1513/1498 1145/1523/1508
f  1355/1524/1509 1145/1523/1508 1140/1513/1498 1350/1514/1499
f  1246/1046/1046 1251/1091/1091 1141/1515/1500 1146/1525/1510
f  1356/1526/1511 1146/1525/1510 1141/1515/1500 1351/1516/1501
f  1242/1022/1022 1142/1517/1502 1147/1527/1512 1237/1021/1021
f  1357/1528/1513 1147/1527/1512 1142/1517/1502 1352/1518/1503
f  1243/1028/1028 1143/1519/1504 1148/1529/1514 1238/1027/1027
f  1358/1530/1515 1148/1529/1514 1143/1519/1504 1353/1520/1505
f  1244/1034/1034 1144/1521/1506 1149/1531/1516 1239/1033/1033
f  1359/1532/1517 1149/1531/1516 1144/1521/1506 1354/1522/1507
f  1245/1040/1040 1145/1523/1508 1150/1533/1518 1240/1039/1039
f  1360/1534/1519 1150/1533/1518 1145/1523/1508 1355/1524/1509
f  1246/1046/1046 1146/1525/1510 1151/1535/1520 1241/1045/1045
f  1361/1536/1521 1151/1535/1520 1146/1525/1510 1356/1526/1511
f  1147/1527/1512 1357/1528/1513 1362/1537/1522 1152/1538/1523
f  1148/1529/1514 1358/1530/1515 1363/1539/1524 1153/1540/1525
f  1149/1531/1516 1359/1532/1517 1364/1541/1526 1154/1542/1527
f  1150/1533/1518 1360/1534/1519 1365/1543/1528 1155/1544/1529
f  1151/1535/1520 1361/1536/1521 1366/1545/1530 1156/1546/1531
f  1157/1547/1532 1228/977/977 1227/984/984 1152/1538/1523
f  1152/1538/1523 1362/1537/1522 1367/1548/1533 1157/1547/1532
f  1158/1549/1534 1230/978/978 1229/987/987 1153/1540/1525
f  1153/1540/1525 1363/1539/1524 1368/1550/1535 1158/1549/1534
f  1159/1551/1536 1232/979/979 1231/990/990 1154/1542/1527
f  1154/1542/1527 1364/1541/1526 1369/1552/1537 1159/1551/1536
f  1160/1553/1538 1234/980/980 1233/993/993 1155/1544/1529
f  1155/1544/1529 1365/1543/1528 1370/1554/1539 1160/1553/1538
f  1161/1555/1540 1236/981/981 1235/996/996 1156/1546/1531
f  1156/1546/1531 1366/1545/1530 1371/1556/1541 1161/1555/1540
f  1228/977/977 1157/1547/1532 1162/1557/1542 1222/953/953
f  1372/1558/1543 1162/1557/1542 1157/1547/1532 1367/1548/1533
f  1230/978/978 1158/1549/1534 1163/1559/1544 1223/955/955
f  1373/1560/1545 1163/1559/1544 1158/1549/1534 1368/1550/1535
f  1232/979/979 1159/1551/1536 1164/1561/1546 1224/957/957
f  1374/1562/1547 1164/1561/1546 1159/1551/1536 1369/1552/1537
f  1234/980/980 1160/1553/1538 1165/1563/1548 1225/959/959
f  1375/1564/1549 1165/1563/1548 1160/1553/1538 1370/1554/1539
f  1236/981/981 1161/1555/1540 1166/1565/1550 1226/961/961
f  1376/1566/1551 1166/1565/1550 1161/1555/1540 1371/1556/1541
f  1167/1567/1552 1217/952/952 1222/953/953 1162/1557/1542
f  1377/1568/1553 1167/1567/1552 1162/1557/1542 1372/1558/1543
f  1168/1569/1554 1218/954/954 1223/955/955 1163/1559/1544
f  1378/1570/1555 1168/1569/1554 1163/1559/1544 1373/1560/1545
f  1169/1571/1556 1219/956/956 1224/957/957 1164/1561/1546
f  1379/1572/1557 1169/1571/1556 1164/1561/1546 1374/1562/1547
f  1170/1573/1558 1220/958/958 1225/959/959 1165/1563/1548
f  1380/1574/1559 1170/1573/1558 1165/1563/1548 1375/1564/1549
f  1171/1575/1560 1221/960/960 1226/961/961 1166/1565/1550
f  1381/1576/1561 1171/1575/1560 1166/1565/1550 1376/1566/1551
f  1167/1567/1552 1172/1577/1562 1212/889/889 1217/952/952
f  1382/1578/1563 1172/1577/1562 1167/1567/1552 1377/1568/1553
f  1168/1569/1554 1173/1579/1564 1213/892/892 1218/954/954
f  1383/1580/1565 1173/1579/1564 1168/1569/1554 1378/1570/1555
f  1169/1571/1556 1174/1581/1566 1214/895/895 1219/956/956
f  1384/1582/1567 1174/1581/1566 1169/1571/1556 1379/1572/1557
f  1170/1573/1558 1175/1583/1568 1215/898/898 1220/958/958
f  1385/1584/1569 1175/1583/1568 1170/1573/1558 1380/1574/1559
f  1171/1575/1560 1176/1585/1570 1216/901/901 1221/960/960
f  1386/1586/1571 1176/1585/1570 1171/1575/1560 1381/1576/1561
f  1212/889/889 1172/1577/1562 1177/1587/1572 1207/857/857
f  1172/1577/1562 1382/1578/1563 1387/1588/1573 1177/1587/1572
f  1213/892/892 1173/1579/1564 1178/1589/1574 1208/858/858
f  1173/1579/1564 1383/1580/1565 1388/1590/1575 1178/1589/1574
f  1214/895/895 1174/1581/1566 1179/1591/1576 1209/859/859
f  1174/1581/1566 1384/1582/1567 1389/1592/1577 1179/1591/1576
f  1215/898/898 1175/1583/1568 1180/1593/1578 1210/860/860
f  1175/1583/1568 1385/1584/1569 1390/1594/1579 1180/1593/1578
f  1216/901/901 1176/1585/1570 1181/1595/1580 1211/861/861
f  1176/1585/1570 1386/1586/1571 1391/1596/1581 1181/1595/1580
f  1207/857/857 1177/1587/1572 1182/1597/1582 1202/815/815
f  1177/1587/1572 1387/1588/1573 1392/1598/1583 1182/1597/1582
f  1208/858/858 1178/1589/1574 1183/1599/1584 1203/819/819
f  1178/1589/1574 1388/1590/1575 1393/1600/1585 1183/1599/1584
f  1209/859/859 1179/1591/1576 1184/1601/1586 1204/823/823
f  1179/1591/1576 1389/1592/1577 1394/1602/1587 1184/1601/1586
f  1210/860/860 1180/1593/1578 1185/1603/1588 1205/827/827
f  1180/1593/1578 1390/1594/1579 1395/1604/1589 1185/1603/1588
f  1211/861/861 1181/1595/1580 1186/1605/1590 1206/831/831
f  1181/1595/1580 1391/1596/1581 1396/1606/1591 1186/1605/1590
f  1187/1607/1592 1197/807/807 1202/815/815 1182/1597/1582
f  1397/1608/1593 1187/1607/1592 1182/1597/1582 1392/1598/1583
f  1188/1609/1594 1198/808/808 1203/819/819 1183/1599/1584
f  1398/1610/1595 1188/1609/1594 1183/1599/1584 1393/1600/1585
f  1189/1611/1596 1199/809/809 1204/823/823 1184/1601/1586
f  1399/1612/1597 1189/1611/1596 1184/1601/1586 1394/1602/1587
f  1190/1613/1598 1200/810/810 1205/827/827 1185/1603/1588
f  1400/1614/1599 1190/1613/1598 1185/1603/1588 1395/1604/1589
f  1191/1615/1600 1201/811/811 1206/831/831 1186/1605/1590
f  1401/1616/1601 1191/1615/1600 1186/1605/1590 1396/1606/1591
f  1192/756/756 1197/807/807 1187/1607/1592 1407/1617/1602
f  1402/1618/1603 1407/1617/1602 1187/1607/1592 1397/1608/1593
f  1193/761/761 1198/808/808 1188/1609/1594 1408/1619/1604
f  1403/1620/1605 1408/1619/1604 1188/1609/1594 1398/1610/1595
f  1194/766/766 1199/809/809 1189/1611/1596 1409/1621/1606
f  1404/1622/1607 1409/1621/1606 1189/1611/1596 1399/1612/1597
f  1195/771/771 1200/810/810 1190/1613/1598 1410/1623/1608
f  1405/1624/1609 1410/1623/1608 1190/1613/1598 1400/1614/1599
f  1196/776/776 1201/811/811 1191/1615/1600 1411/1625/1610
f  1406/1626/1611 1411/1625/1610 1191/1615/1600 1401/1616/1601
f  1192/756/756 1407/1617/1602 1412/727/727 1422/722/722
f  1193/761/761 1408/1619/1604 1413/728/728 1423/723/723
f  1194/766/766 1409/1621/1606 1414/729/729 1424/724/724
f  1195/771/771 1410/1623/1608 1415/730/730 1425/725/725
f  1196/776/776 1411/1625/1610 1416/731/731 1426/726/726
f  1297/1389/1377 1867/1410/1397 1872/1627/1612 1302/1417/1404
f  1298/1390/1378 1868/1411/1398 1873/1628/1613 1303/1421/1408
f  1299/1391/1379 1869/1412/1399 1874/1629/1614 1304/1425/1412
f  1300/1392/1380 1870/1413/1400 1875/1630/1615 1305/1429/1416
f  1301/1393/1381 1871/1414/1401 1876/1631/1616 1306/1433/1420
f  1877/1632/1617 1307/1418/1405 1302/1417/1404 1872/1627/1612
f  1878/1633/1618 1308/1422/1409 1303/1421/1408 1873/1628/1613
f  1879/1634/1619 1309/1426/1413 1304/1425/1412 1874/1629/1614
f  1880/1635/1620 1310/1430/1417 1305/1429/1416 1875/1630/1615
f  1881/1636/1621 1311/1434/1421 1306/1433/1420 1876/1631/1616
f  1307/1418/1405 1877/1632/1617 1882/1637/1622 1312/1436/1423
f  1308/1422/1409 1878/1633/1618 1883/1638/1623 1313/1438/1425
f  1309/1426/1413 1879/1634/1619 1884/1639/1624 1314/1440/1427
f  1310/1430/1417 1880/1635/1620 1885/1640/1625 1315/1442/1429
f  1311/1434/1421 1881/1636/1621 1886/1641/1626 1316/1444/1431
f  1312/1436/1423 1882/1637/1622 1887/1642/1627 1317/1446/1433
f  1313/1438/1425 1883/1638/1623 1888/1643/1628 1318/1448/1435
f  1314/1440/1427 1884/1639/1624 1889/1644/1629 1319/1450/1437
f  1315/1442/1429 1885/1640/1625 1890/1645/1630 1320/1452/1439
f  1316/1444/1431 1886/1641/1626 1891/1646/1631 1321/1454/1441
f  1892/1647/1632 1322/1456/1443 1317/1446/1433 1887/1642/1627
f  1893/1648/1633 1323/1458/1445 1318/1448/1435 1888/1643/1628
f  1894/1649/1634 1324/1650/1447 1319/1450/1437 1889/1644/1629
f  1895/1651/1635 1325/1464/1449 1320/1452/1439 1890/1645/1630
f  1896/1652/1636 1326/1466/1451 1321/1454/1441 1891/1646/1631
f  1322/1456/1443 1892/1647/1632 1897/1653/1637 1327/1468/1453
f  1323/1458/1445 1893/1648/1633 1898/1654/1638 1328/1470/1455
f  1324/1650/1447 1894/1649/1634 1899/1655/1639 1329/1656/1457
f  1325/1464/1449 1895/1651/1635 1900/1657/1640 1330/1474/1459
f  1326/1466/1451 1896/1652/1636 1901/1658/1641 1331/1476/1461
f  1897/1653/1637 1902/1659/1642 1332/1478/1463 1327/1468/1453
f  1328/1470/1455 1898/1654/1638 1903/1660/1643 1333/1480/1465
f  1329/1656/1457 1899/1655/1639 1904/1661/1644 1334/1662/1467
f  1330/1474/1459 1900/1657/1640 1905/1663/1645 1335/1484/1469
f  1901/1658/1641 1906/1664/1646 1336/1486/1471 1331/1476/1461
f  1332/1478/1463 1902/1659/1642 1907/1665/1647 1337/1487/1472
f  1333/1480/1465 1903/1660/1643 1908/1666/1648 1338/1489/1474
f  1334/1662/1467 1904/1661/1644 1909/1667/1649 1339/1668/1476
f  1335/1484/1469 1905/1663/1645 1910/1669/1650 1340/1493/1478
f  1336/1486/1471 1906/1664/1646 1911/1670/1651 1341/1495/1480
f  1337/1487/1472 1907/1665/1647 1912/1671/1652 1342/1498/1483
f  1338/1489/1474 1908/1666/1648 1913/1672/1653 1343/1500/1485
f  1339/1668/1476 1909/1667/1649 1914/1673/1654 1344/1674/1487
f  1340/1493/1478 1910/1669/1650 1915/1675/1655 1345/1504/1489
f  1341/1495/1480 1911/1670/1651 1916/1676/1656 1346/1506/1491
f  1912/1671/1652 1917/1677/1657 1347/1508/1493 1342/1498/1483
f  1913/1672/1653 1918/1678/1658 1348/1510/1495 1343/1500/1485
f  1914/1673/1654 1919/1679/1659 1349/1680/1497 1344/1674/1487
f  1915/1675/1655 1920/1681/1660 1350/1514/1499 1345/1504/1489
f  1916/1676/1656 1921/1682/1661 1351/1516/1501 1346/1506/1491
f  1347/1508/1493 1917/1677/1657 1922/1683/1662 1352/1518/1503
f  1348/1510/1495 1918/1678/1658 1923/1684/1663 1353/1520/1505
f  1349/1680/1497 1919/1679/1659 1924/1685/1664 1354/1686/1507
f  1350/1514/1499 1920/1681/1660 1925/1687/1665 1355/1524/1509
f  1351/1516/1501 1921/1682/1661 1926/1688/1666 1356/1526/1511
f  1927/1689/1667 1357/1528/1513 1352/1518/1503 1922/1683/1662
f  1928/1690/1668 1358/1530/1515 1353/1520/1505 1923/1684/1663
f  1929/1691/1669 1359/1692/1517 1354/1686/1507 1924/1685/1664
f  1930/1693/1670 1360/1534/1519 1355/1524/1509 1925/1687/1665
f  1931/1694/1671 1361/1536/1521 1356/1526/1511 1926/1688/1666
f  1932/1695/1672 1362/1537/1522 1357/1528/1513 1927/1689/1667
f  1933/1696/1673 1363/1539/1524 1358/1530/1515 1928/1690/1668
f  1934/1697/1674 1364/1698/1526 1359/1692/1517 1929/1691/1669
f  1935/1699/1675 1365/1543/1528 1360/1534/1519 1930/1693/1670
f  1936/1700/1676 1366/1545/1530 1361/1536/1521 1931/1694/1671
f  1362/1537/1522 1932/1695/1672 1937/1701/1677 1367/1548/1533
f  1363/1539/1524 1933/1696/1673 1938/1702/1678 1368/1550/1535
f  1364/1698/1526 1934/1697/1674 1939/1703/1679 1369/1704/1537
f  1365/1543/1528 1935/1699/1675 1940/1705/1680 1370/1554/1539
f  1366/1545/1530 1936/1700/1676 1941/1706/1681 1371/1556/1541
f  1942/1707/1682 1372/1558/1543 1367/1548/1533 1937/1701/1677
f  1943/1708/1683 1373/1560/1545 1368/1550/1535 1938/1702/1678
f  1944/1709/1684 1374/1710/1547 1369/1704/1537 1939/1703/1679
f  1945/1711/1685 1375/1564/1549 1370/1554/1539 1940/1705/1680
f  1946/1712/1686 1376/1566/1551 1371/1556/1541 1941/1706/1681
f  1372/1558/1543 1942/1707/1682 1947/1713/1687 1377/1568/1553
f  1373/1560/1545 1943/1708/1683 1948/1714/1688 1378/1570/1555
f  1374/1710/1547 1944/1709/1684 1949/1715/1689 1379/1716/1557
f  1375/1564/1549 1945/1711/1685 1950/1717/1690 1380/1574/1559
f  1376/1566/1551 1946/1712/1686 1951/1718/1691 1381/1576/1561
f  1377/1568/1553 1947/1713/1687 1952/1719/1692 1382/1578/1563
f  1378/1570/1555 1948/1714/1688 1953/1720/1693 1383/1580/1565
f  1379/1716/1557 1949/1715/1689 1954/1721/1694 1384/1722/1567
f  1380/1574/1559 1950/1717/1690 1955/1723/1695 1385/1584/1569
f  1381/1576/1561 1951/1718/1691 1956/1724/1696 1386/1586/1571
f  1382/1578/1563 1952/1719/1692 1957/1725/1697 1387/1588/1573
f  1383/1580/1565 1953/1720/1693 1958/1726/1698 1388/1590/1575
f  1384/1722/1567 1954/1721/1694 1959/1727/1699 1389/1728/1577
f  1385/1584/1569 1955/1723/1695 1960/1729/1700 1390/1594/1579
f  1386/1586/1571 1956/1724/1696 1961/1730/1701 1391/1596/1581
f  1387/1588/1573 1957/1725/1697 1962/1731/1702 1392/1598/1583
f  1388/1590/1575 1958/1726/1698 1963/1732/1703 1393/1600/1585
f  1389/1728/1577 1959/1727/1699 1964/1733/1704 1394/1734/1587
f  1390/1594/1579 1960/1729/1700 1965/1735/1705 1395/1604/1589
f  1391/1596/1581 1961/1730/1701 1966/1736/1706 1396/1606/1591
f  1967/1737/1707 1397/1608/1593 1392/1598/1583 1962/1731/1702
f  1968/1738/1708 1398/1610/1595 1393/1600/1585 1963/1732/1703
f  1969/1739/1709 1399/1740/1597 1394/1734/1587 1964/1733/1704
f  1970/1741/1710 1400/1614/1599 1395/1604/1589 1965/1735/1705
f  1971/1742/1711 1401/1616/1601 1396/1606/1591 1966/1736/1706
f  1397/1608/1593 1967/1737/1707 1972/1743/1712 1402/1618/1603
f  1398/1610/1595 1968/1738/1708 1973/1744/1713 1403/1620/1605
f  1399/1740/1597 1969/1739/1709 1974/1745/1714 1404/1746/1607
f  1400/1614/1599 1970/1741/1710 1975/1747/1715 1405/1624/1609
f  1401/1616/1601 1971/1742/1711 1976/1748/1716 1406/1626/1611
f  1407/1617/1602 1402/1618/1603 1417/1749/1717 1412/727/727
f  1402/1618/1603 1972/1743/1712 1977/1750/1718 1417/1749/1717
f  1408/1619/1604 1403/1620/1605 1418/1751/1719 1413/728/728
f  1403/1620/1605 1973/1744/1713 1978/1752/1720 1418/1751/1719
f  1409/1621/1606 1404/1622/1607 1419/1753/1721 1414/729/729
f  1404/1746/1607 1974/1745/1714 1979/1754/1722 1419/1755/1721
f  1410/1623/1608 1405/1624/1609 1420/1756/1723 1415/730/730
f  1405/1624/1609 1975/1747/1715 1980/1757/1724 1420/1756/1723
f  1411/1625/1610 1406/1626/1611 1421/1758/1725 1416/731/731
f  1406/1626/1611 1976/1748/1716 1981/1759/1726 1421/1758/1725
f  1412/727/727 1417/1749/1717 1432/1760/1727 1427/403/403
f  1413/728/728 1418/1751/1719 1433/1761/1728 1428/406/406
f  1414/729/729 1419/1753/1721 1434/1762/1729 1429/409/409
f  1415/730/730 1420/1756/1723 1435/1763/1730 1430/412/412
f  1416/731/731 1421/1758/1725 1436/1764/1731 1431/415/415
f  1982/1765/1732 1432/1760/1727 1417/1749/1717 1977/1750/1718
f  1983/1766/1733 1433/1761/1728 1418/1751/1719 1978/1752/1720
f  1984/1767/1734 1434/1768/1729 1419/1755/1721 1979/1754/1722
f  1985/1769/1735 1435/1763/1730 1420/1756/1723 1980/1757/1724
f  1986/1770/1736 1436/1764/1731 1421/1758/1725 1981/1759/1726
f  1437/1771/1737 1442/396/396 1427/403/403 1432/1760/1727
f  1438/1772/1738 1443/397/397 1428/406/406 1433/1761/1728
f  1439/1773/1739 1444/398/398 1429/409/409 1434/1762/1729
f  1440/1774/1740 1445/399/399 1430/412/412 1435/1763/1730
f  1441/1775/1741 1446/400/400 1431/415/415 1436/1764/1731
f  1437/1771/1737 1432/1760/1727 1452/1776/1742 1447/1777/1743
f  1432/1760/1727 1982/1765/1732 2378/1778/1744 1452/1776/1742
f  1438/1772/1738 1433/1761/1728 1453/1779/1745 1448/1780/1746
f  1433/1761/1728 1983/1766/1733 2379/1781/1747 1453/1779/1745
f  1439/1773/1739 1434/1762/1729 1454/1782/1748 1449/1783/1749
f  1434/1768/1729 1984/1767/1734 2380/1784/1750 1454/1785/1748
f  1440/1774/1740 1435/1763/1730 1455/1786/1751 1450/1787/1752
f  1435/1763/1730 1985/1769/1735 2381/1788/1753 1455/1786/1751
f  1441/1775/1741 1436/1764/1731 1456/1789/1754 1451/1790/1755
f  1436/1764/1731 1986/1770/1736 2377/1791/1756 1456/1789/1754
f  1442/396/396 1437/1771/1737 1823/386/386 1808/391/391
f  1437/1771/1737 1447/1777/1743 1803/372/372 1823/386/386
f  1443/397/397 1438/1772/1738 1824/387/387 1809/392/392
f  1438/1772/1738 1448/1780/1746 1804/375/375 1824/387/387
f  1444/398/398 1439/1773/1739 1825/388/388 1810/393/393
f  1439/1773/1739 1449/1783/1749 1805/378/378 1825/388/388
f  1445/399/399 1440/1774/1740 1826/389/389 1811/394/394
f  1440/1774/1740 1450/1787/1752 1806/381/381 1826/389/389
f  1446/400/400 1441/1775/1741 1822/390/390 1807/395/395
f  1441/1775/1741 1451/1790/1755 1802/384/384 1822/390/390
f  1447/1777/1743 1452/1776/1742 1789/1792/1757 1790/1793/1758
f  1447/1777/1743 1790/1793/1758 1798/371/371 1803/372/372
f  1448/1780/1746 1453/1779/1745 1791/1794/1759 1792/1795/1760
f  1448/1780/1746 1792/1795/1760 1799/374/374 1804/375/375
f  1449/1783/1749 1454/1782/1748 1793/1796/1761 1794/1797/1762
f  1449/1783/1749 1794/1797/1762 1800/377/377 1805/378/378
f  1450/1787/1752 1455/1786/1751 1795/1798/1763 1796/1799/1764
f  1450/1787/1752 1796/1799/1764 1801/380/380 1806/381/381
f  1451/1790/1755 1456/1789/1754 1787/1800/1765 1788/1801/1766
f  1451/1790/1755 1788/1801/1766 1797/383/383 1802/384/384
f  1452/1776/1742 2378/1778/1744 2373/1802/1767 1789/1792/1757
f  1453/1779/1745 2379/1781/1747 2374/1803/1768 1791/1794/1759
f  1454/1785/1748 2380/1784/1750 2375/1804/1769 1793/1805/1761
f  1455/1786/1751 2381/1788/1753 2376/1806/1770 1795/1798/1763
f  1456/1789/1754 2377/1791/1756 2372/1807/1771 1787/1800/1765
f  1747/739/739 1457/1808/1772 1462/1809/1773 1748/1810/1774
f  1747/739/739 1757/732/732 1767/1811/1775 1457/1808/1772
f  2352/1812/1776 1462/1809/1773 1457/1808/1772 2357/1813/1777
f  1457/1808/1772 1767/1811/1775 2362/1814/1778 2357/1813/1777
f  1749/742/742 1458/1815/1779 1463/1816/1780 1750/1817/1781
f  1749/742/742 1758/733/733 1768/1818/1782 1458/1815/1779
f  2353/1819/1783 1463/1816/1780 1458/1815/1779 2358/1820/1784
f  1458/1815/1779 1768/1818/1782 2363/1821/1785 2358/1820/1784
f  1751/745/745 1459/1822/1786 1464/1823/1787 1752/1824/1788
f  1751/745/745 1759/734/734 1769/1825/1789 1459/1822/1786
f  2354/1826/1790 1464/1827/1787 1459/1828/1786 2359/1829/1791
f  1459/1822/1786 1769/1825/1789 2364/1830/1792 2359/1831/1791
f  1753/748/748 1460/1832/1793 1465/1833/1794 1754/1834/1795
f  1753/748/748 1760/735/735 1770/1835/1796 1460/1832/1793
f  2355/1836/1797 1465/1837/1794 1460/1838/1793 2360/1839/1798
f  1460/1838/1793 1770/1840/1796 2365/1841/1799 2360/1839/1798
f  1755/751/751 1461/1842/1800 1466/1843/1801 1756/1844/1802
f  1755/751/751 1761/736/736 1771/1845/1803 1461/1842/1800
f  2356/1846/1804 1466/1843/1801 1461/1842/1800 2361/1847/1805
f  1461/1842/1800 1771/1845/1803 2366/1848/1806 2361/1847/1805
f  1742/1849/1807 1748/1810/1774 1462/1809/1773 1467/1850/1808
f  2352/1812/1776 2347/1851/1809 1467/1850/1808 1462/1809/1773
f  1743/1852/1810 1750/1817/1781 1463/1816/1780 1468/1853/1811
f  2353/1819/1783 2348/1854/1812 1468/1853/1811 1463/1816/1780
f  1744/1855/1813 1752/1824/1788 1464/1823/1787 1469/1856/1814
f  2354/1826/1790 2349/1857/1815 1469/1858/1814 1464/1827/1787
f  1745/1859/1816 1754/1834/1795 1465/1833/1794 1470/1860/1817
f  2355/1836/1797 2350/1861/1818 1470/1862/1817 1465/1837/1794
f  1746/1863/1819 1756/1844/1802 1466/1843/1801 1471/1864/1820
f  2356/1846/1804 2351/1865/1821 1471/1864/1820 1466/1843/1801
f  1467/1850/1808 1472/1866/1822 1737/1867/1823 1742/1849/1807
f  1467/1850/1808 2347/1851/1809 2342/1868/1824 1472/1866/1822
f  1468/1853/1811 1473/1869/1825 1738/1870/1826 1743/1852/1810
f  1468/1853/1811 2348/1854/1812 2343/1871/1827 1473/1869/1825
f  1469/1856/1814 1474/1872/1828 1739/1873/1829 1744/1855/1813
f  1469/1858/1814 2349/1857/1815 2344/1874/1830 1474/1875/1828
f  1470/1860/1817 1475/1876/1831 1740/1877/1832 1745/1859/1816
f  1470/1862/1817 2350/1861/1818 2345/1878/1833 1475/1879/1831
f  1471/1864/1820 1476/1880/1834 1741/1881/1835 1746/1863/1819
f  1471/1864/1820 2351/1865/1821 2346/1882/1836 1476/1880/1834
f  1477/1883/1837 1692/1884/1838 1737/1867/1823 1472/1866/1822
f  2342/1868/1824 2337/1885/1839 1477/1883/1837 1472/1866/1822
f  1473/1869/1825 1478/1886/1840 1693/1887/1841 1738/1870/1826
f  2343/1871/1827 2338/1888/1842 1478/1886/1840 1473/1869/1825
f  1479/1889/1843 1694/1890/1844 1739/1873/1829 1474/1872/1828
f  2344/1874/1830 2339/1891/1845 1479/1892/1843 1474/1875/1828
f  1480/1893/1846 1695/1894/1847 1740/1877/1832 1475/1876/1831
f  2345/1878/1833 2340/1895/1848 1480/1896/1846 1475/1879/1831
f  1476/1880/1834 1481/1897/1849 1696/1898/1850 1741/1881/1835
f  2346/1882/1836 2341/1899/1851 1481/1897/1849 1476/1880/1834
f  1692/1884/1838 1477/1883/1837 1482/1900/1852 1687/1901/1853
f  1477/1883/1837 2337/1885/1839 2332/1902/1854 1482/1900/1852
f  1693/1887/1841 1478/1886/1840 1483/1903/1855 1688/1904/1856
f  2338/1888/1842 2333/1905/1857 1483/1903/1855 1478/1886/1840
f  1694/1890/1844 1479/1889/1843 1484/1906/1858 1689/1907/1859
f  2339/1891/1845 2334/1908/1860 1484/1909/1858 1479/1892/1843
f  1695/1894/1847 1480/1893/1846 1485/1910/1861 1690/1911/1862
f  2340/1895/1848 2335/1912/1863 1485/1913/1861 1480/1896/1846
f  1696/1898/1850 1481/1897/1849 1486/1914/1864 1691/1915/1865
f  1481/1897/1849 2341/1899/1851 2336/1916/1866 1486/1914/1864
f  1487/1917/1867 1682/1918/1868 1687/1901/1853 1482/1900/1852
f  1482/1900/1852 2332/1902/1854 2327/1919/1869 1487/1917/1867
f  1488/1920/1870 1683/1921/1871 1688/1904/1856 1483/1903/1855
f  1483/1903/1855 2333/1905/1857 2328/1922/1872 1488/1920/1870
f  1489/1923/1873 1684/1924/1874 1689/1907/1859 1484/1906/1858
f  1484/1909/1858 2334/1908/1860 2329/1925/1875 1489/1926/1873
f  1490/1927/1876 1685/1928/1877 1690/1911/1862 1485/1910/1861
f  1485/1913/1861 2335/1912/1863 2330/1929/1878 1490/1930/1876
f  1491/1931/1879 1686/1932/1880 1691/1915/1865 1486/1914/1864
f  1486/1914/1864 2336/1916/1866 2331/1933/1881 1491/1931/1879
f  1492/1934/1882 1677/1935/1883 1682/1918/1868 1487/1917/1867
f  1487/1917/1867 2327/1919/1869 2322/1936/1884 1492/1934/1882
f  1493/1937/1885 1678/1938/1886 1683/1921/1871 1488/1920/1870
f  1488/1920/1870 2328/1922/1872 2323/1939/1887 1493/1937/1885
f  1494/1940/1888 1679/1941/1889 1684/1924/1874 1489/1923/1873
f  1489/1926/1873 2329/1925/1875 2324/1942/1890 1494/1943/1888
f  1495/1944/1891 1680/1945/1892 1685/1928/1877 1490/1927/1876
f  1490/1930/1876 2330/1929/1878 2325/1946/1893 1495/1947/1891
f  1496/1948/1894 1681/1949/1895 1686/1932/1880 1491/1931/1879
f  1491/1931/1879 2331/1933/1881 2326/1950/1896 1496/1948/1894
f  1677/1935/1883 1492/1934/1882 1497/1951/1897 1672/1952/1898
f  2322/1936/1884 2317/1953/1899 1497/1951/1897 1492/1934/1882
f  1678/1938/1886 1493/1937/1885 1498/1954/1900 1673/1955/1901
f  2323/1939/1887 2318/1956/1902 1498/1954/1900 1493/1937/1885
f  1679/1941/1889 1494/1940/1888 1499/1957/1903 1674/1958/1904
f  2324/1942/1890 2319/1959/1905 1499/1960/1903 1494/1943/1888
f  1680/1945/1892 1495/1944/1891 1500/1961/1906 1675/1962/1907
f  2325/1946/1893 2320/1963/1908 1500/1964/1906 1495/1947/1891
f  1681/1949/1895 1496/1948/1894 1501/1965/1909 1676/1966/1910
f  2326/1950/1896 2321/1967/1911 1501/1965/1909 1496/1948/1894
f  1672/1952/1898 1497/1951/1897 1502/1968/1912 1667/1969/1913
f  1497/1951/1897 2317/1953/1899 2312/1970/1914 1502/1968/1912
f  1673/1955/1901 1498/1954/1900 1503/1971/1915 1668/1972/1916
f  1498/1954/1900 2318/1956/1902 2313/1973/1917 1503/1971/1915
f  1674/1958/1904 1499/1957/1903 1504/1974/1918 1669/1975/1919
f  1499/1960/1903 2319/1959/1905 2314/1976/1920 1504/1977/1918
f  1675/1962/1907 1500/1961/1906 1505/1978/1921 1670/1979/1922
f  1500/1964/1906 2320/1963/1908 2315/1980/1923 1505/1981/1921
f  1676/1966/1910 1501/1965/1909 1506/1982/1924 1671/1983/1925
f  1501/1965/1909 2321/1967/1911 2316/1984/1926 1506/1982/1924
f  1502/1968/1912 1507/1985/1927 1662/1986/1928 1667/1969/1913
f  1502/1968/1912 2312/1970/1914 2307/1987/1929 1507/1985/1927
f  1503/1971/1915 1508/1988/1930 1663/1989/1931 1668/1972/1916
f  1503/1971/1915 2313/1973/1917 2308/1990/1932 1508/1988/1930
f  1504/1974/1918 1509/1991/1933 1664/1992/1934 1669/1975/1919
f  1504/1977/1918 2314/1976/1920 2309/1993/1935 1509/1994/1933
f  1505/1978/1921 1510/1995/1936 1665/1996/1937 1670/1979/1922
f  1505/1981/1921 2315/1980/1923 2310/1997/1938 1510/1998/1936
f  1506/1982/1924 1511/1999/1939 1666/2000/1940 1671/1983/1925
f  1506/1982/1924 2316/1984/1926 2311/2001/1941 1511/1999/1939
f  1657/2002/1942 1662/1986/1928 1507/1985/1927 1512/2003/1943
f  2307/1987/1929 2302/2004/1944 1512/2003/1943 1507/1985/1927
f  1658/2005/1945 1663/1989/1931 1508/1988/1930 1513/2006/1946
f  2308/1990/1932 2303/2007/1947 1513/2006/1946 1508/1988/1930
f  1659/2008/1948 1664/1992/1934 1509/1991/1933 1514/2009/1949
f  2309/1993/1935 2304/2010/1950 1514/2011/1949 1509/1994/1933
f  1660/2012/1951 1665/1996/1937 1510/1995/1936 1515/2013/1952
f  2310/1997/1938 2305/2014/1953 1515/2015/1952 1510/1998/1936
f  1661/2016/1954 1666/2000/1940 1511/1999/1939 1516/2017/1955
f  2311/2001/1941 2306/2018/1956 1516/2017/1955 1511/1999/1939
f  1652/2019/1957 1657/2002/1942 1512/2003/1943 1517/2020/1958
f  2302/2004/1944 2297/2021/1959 1517/2020/1958 1512/2003/1943
f  1653/2022/1960 1658/2005/1945 1513/2006/1946 1518/2023/1961
f  2303/2007/1947 2298/2024/1962 1518/2023/1961 1513/2006/1946
f  1654/2025/1963 1659/2008/1948 1514/2009/1949 1519/2026/1964
f  2304/2010/1950 2299/2027/1965 1519/2028/1964 1514/2011/1949
f  1655/2029/1966 1660/2012/1951 1515/2013/1952 1520/2030/1967
f  2305/2014/1953 2300/2031/1968 1520/2032/1967 1515/2015/1952
f  1656/2033/1969 1661/2016/1954 1516/2017/1955 1521/2034/1970
f  2306/2018/1956 2301/2035/1971 1521/2034/1970 1516/2017/1955
f  1647/2036/1972 1652/2019/1957 1517/2020/1958 1522/2037/1973
f  1522/2037/1973 1517/2020/1958 2297/2021/1959 2292/2038/1974
f  1648/2039/1975 1653/2022/1960 1518/2023/1961 1523/2040/1976
f  1523/2040/1976 1518/2023/1961 2298/2024/1962 2293/2041/1977
f  1649/2042/1978 1654/2025/1963 1519/2026/1964 1524/2043/1979
f  1524/2044/1979 1519/2028/1964 2299/2027/1965 2294/2045/1980
f  1650/2046/1981 1655/2029/1966 1520/2030/1967 1525/2047/1982
f  1525/2048/1982 1520/2032/1967 2300/2031/1968 2295/2049/1983
f  1651/2050/1984 1656/2033/1969 1521/2034/1970 1526/2051/1985
f  1526/2051/1985 1521/2034/1970 2301/2035/1971 2296/2052/1986
f  1612/2053/1987 1647/2036/1972 1522/2037/1973 1527/2054/1988
f  2292/2038/1974 2287/2055/1989 1527/2054/1988 1522/2037/1973
f  1613/2056/1990 1648/2039/1975 1523/2040/1976 1528/2057/1991
f  2293/2041/1977 2288/2058/1992 1528/2057/1991 1523/2040/1976
f  1614/2059/1993 1649/2042/1978 1524/2043/1979 1529/2060/1994
f  2294/2045/1980 2289/2061/1995 1529/2062/1994 1524/2044/1979
f  1615/2063/1996 1650/2046/1981 1525/2047/1982 1530/2064/1997
f  2295/2049/1983 2290/2065/1998 1530/2066/1997 1525/2048/1982
f  1616/2067/1999 1651/2050/1984 1526/2051/1985 1531/2068/2000
f  2296/2052/1986 2291/2069/2001 1531/2068/2000 1526/2051/1985
f  1527/2054/1988 1532/2070/2002 1607/2071/2003 1612/2053/1987
f  1527/2054/1988 2287/2055/1989 2282/2072/2004 1532/2070/2002
f  1528/2057/1991 1533/2073/2005 1608/2074/2006 1613/2056/1990
f  1528/2057/1991 2288/2058/1992 2283/2075/2007 1533/2073/2005
f  1529/2060/1994 1534/2076/2008 1609/2077/2009 1614/2059/1993
f  1529/2062/1994 2289/2061/1995 2284/2078/2010 1534/2079/2008
f  1530/2064/1997 1535/2080/2011 1610/2081/2012 1615/2063/1996
f  1530/2066/1997 2290/2065/1998 2285/2082/2013 1535/2083/2011
f  1531/2068/2000 1536/2084/2014 1611/2085/2015 1616/2067/1999
f  1531/2068/2000 2291/2069/2001 2286/2086/2016 1536/2084/2014
f  1602/2087/2017 1607/2071/2003 1532/2070/2002 1537/2088/2018
f  1537/2088/2018 1532/2070/2002 2282/2072/2004 2277/2089/2019
f  1603/2090/2020 1608/2074/2006 1533/2073/2005 1538/2091/2021
f  1538/2091/2021 1533/2073/2005 2283/2075/2007 2278/2092/2022
f  1604/2093/2023 1609/2077/2009 1534/2076/2008 1539/2094/2024
f  1539/2095/2024 1534/2079/2008 2284/2078/2010 2279/2096/2025
f  1605/2097/2026 1610/2081/2012 1535/2080/2011 1540/2098/2027
f  1540/2099/2027 1535/2083/2011 2285/2082/2013 2280/2100/2028
f  1606/2101/2029 1611/2085/2015 1536/2084/2014 1541/2102/2030
f  1541/2102/2030 1536/2084/2014 2286/2086/2016 2281/2103/2031
f  1597/2104/2032 1602/2087/2017 1537/2088/2018 1542/2105/2033
f  2277/2089/2019 2272/2106/2034 1542/2105/2033 1537/2088/2018
f  1598/2107/2035 1603/2090/2020 1538/2091/2021 1543/2108/2036
f  2278/2092/2022 2273/2109/2037 1543/2108/2036 1538/2091/2021
f  1599/2110/2038 1604/2093/2023 1539/2094/2024 1544/2111/2039
f  2279/2096/2025 2274/2112/2040 1544/2113/2039 1539/2095/2024
f  1600/2114/2041 1605/2097/2026 1540/2098/2027 1545/2115/2042
f  2280/2100/2028 2275/2116/2043 1545/2117/2042 1540/2099/2027
f  1601/2118/2044 1606/2101/2029 1541/2102/2030 1546/2119/2045
f  2281/2103/2031 2276/2120/2046 1546/2119/2045 1541/2102/2030
f  1592/2121/2047 1597/2104/2032 1542/2105/2033 1547/2122/2048
f  2272/2106/2034 2267/2123/2049 1547/2122/2048 1542/2105/2033
f  1593/2124/2050 1598/2107/2035 1543/2108/2036 1548/2125/2051
f  2273/2109/2037 2268/2126/2052 1548/2125/2051 1543/2108/2036
f  1594/2127/2053 1599/2128/2038 1544/2113/2039 1549/2129/2054
f  2274/2112/2040 2269/2130/2055 1549/2129/2054 1544/2113/2039
f  1595/2131/2056 1600/2114/2041 1545/2115/2042 1550/2132/2057
f  2275/2116/2043 2270/2133/2058 1550/2134/2057 1545/2117/2042
f  1596/2135/2059 1601/2118/2044 1546/2119/2045 1551/2136/2060
f  2276/2120/2046 2271/2137/2061 1551/2136/2060 1546/2119/2045
f  1587/2138/2062 1592/2121/2047 1547/2122/2048 1552/2139/2063
f  1552/2139/2063 1547/2122/2048 2267/2123/2049 2262/2140/2064
f  1588/2141/2065 1593/2124/2050 1548/2125/2051 1553/2142/2066
f  1548/2125/2051 2268/2126/2052 2263/2143/2067 1553/2142/2066
f  1589/2144/2068 1594/2127/2053 1549/2129/2054 1554/2145/2069
f  1549/2129/2054 2269/2130/2055 2264/2146/2070 1554/2145/2069
f  1590/2147/2071 1595/2131/2056 1550/2132/2057 1555/2148/2072
f  1555/2149/2072 1550/2134/2057 2270/2133/2058 2265/2150/2073
f  1591/2151/2074 1596/2135/2059 1551/2136/2060 1556/2152/2075
f  1556/2152/2075 1551/2136/2060 2271/2137/2061 2266/2153/2076
f  1552/2139/2063 1837/2154/2077 1832/2155/2078 1587/2138/2062
f  2262/2140/2064 1847/2156/2079 1837/2154/2077 1552/2139/2063
f  1553/2142/2066 1838/2157/2080 1833/2158/2081 1588/2141/2065
f  2263/2143/2067 1848/2159/2082 1838/2157/2080 1553/2142/2066
f  1554/2145/2069 1839/2160/2083 1834/2161/2084 1589/2144/2068
f  2264/2146/2070 1849/2162/2085 1839/2160/2083 1554/2145/2069
f  1555/2148/2072 1840/2163/2086 1835/2164/2087 1590/2147/2071
f  2265/2150/2073 1850/2165/2088 1840/2166/2086 1555/2149/2072
f  1556/2152/2075 1841/2167/2089 1836/2168/2090 1591/2151/2074
f  2266/2153/2076 1851/2169/2091 1841/2167/2089 1556/2152/2075
f  1557/1357/1348 1562/1356/1347 1592/2121/2047 1587/2138/2062
f  1832/2155/2078 1827/1358/1349 1557/1357/1348 1587/2138/2062
f  1558/1360/1351 1563/1359/1350 1593/2124/2050 1588/2141/2065
f  1833/2158/2081 1828/1361/1352 1558/1360/1351 1588/2141/2065
f  1559/1363/1354 1564/1362/1353 1594/2127/2053 1589/2144/2068
f  1834/2161/2084 1829/1364/1355 1559/1363/1354 1589/2144/2068
f  1560/1367/1357 1565/1366/1356 1595/2131/2056 1590/2147/2071
f  1835/2164/2087 1830/1368/1358 1560/1367/1357 1590/2147/2071
f  1561/1370/1360 1566/1369/1359 1596/2135/2059 1591/2151/2074
f  1836/2168/2090 1831/1371/1361 1561/1370/1360 1591/2151/2074
f  1562/1356/1347 1567/1244/1244 1597/2104/2032 1592/2121/2047
f  1563/1359/1350 1568/1247/1247 1598/2107/2035 1593/2124/2050
f  1564/1362/1353 1569/1372/1250 1599/2128/2038 1594/2127/2053
f  1565/1366/1356 1570/1253/1253 1600/2114/2041 1595/2131/2056
f  1566/1369/1359 1571/1256/1256 1601/2118/2044 1596/2135/2059
f  1567/1244/1244 1572/1229/1229 1602/2087/2017 1597/2104/2032
f  1568/1247/1247 1573/1232/1232 1603/2090/2020 1598/2107/2035
f  1569/1250/1250 1574/1235/1235 1604/2093/2023 1599/2110/2038
f  1570/1253/1253 1575/1238/1238 1605/2097/2026 1600/2114/2041
f  1571/1256/1256 1576/1241/1241 1606/2101/2029 1601/2118/2044
f  1572/1229/1229 1577/1228/1228 1607/2071/2003 1602/2087/2017
f  1573/1232/1232 1578/1231/1231 1608/2074/2006 1603/2090/2020
f  1574/1235/1235 1579/1234/1234 1609/2077/2009 1604/2093/2023
f  1575/1238/1238 1580/1237/1237 1610/2081/2012 1605/2097/2026
f  1576/1241/1241 1581/1240/1240 1611/2085/2015 1606/2101/2029
f  1612/2053/1987 1607/2071/2003 1577/1228/1228 1582/1227/1227
f  1613/2056/1990 1608/2074/2006 1578/1231/1231 1583/1230/1230
f  1614/2059/1993 1609/2077/2009 1579/1234/1234 1584/1233/1233
f  1615/2063/1996 1610/2081/2012 1580/1237/1237 1585/1236/1236
f  1616/2067/1999 1611/2085/2015 1581/1240/1240 1586/1239/1239
f  1582/1227/1227 1617/1124/1124 1647/2036/1972 1612/2053/1987
f  1583/1230/1230 1618/1127/1127 1648/2039/1975 1613/2056/1990
f  1584/1233/1233 1619/1130/1130 1649/2042/1978 1614/2059/1993
f  1585/1236/1236 1620/1133/1133 1650/2046/1981 1615/2063/1996
f  1586/1239/1239 1621/1136/1136 1651/2050/1984 1616/2067/1999
f  1617/1124/1124 1622/1113/1113 1652/2019/1957 1647/2036/1972
f  1618/1127/1127 1623/1115/1115 1653/2022/1960 1648/2039/1975
f  1619/1130/1130 1624/1117/1117 1654/2025/1963 1649/2042/1978
f  1620/1133/1133 1625/1119/1119 1655/2029/1966 1650/2046/1981
f  1621/1136/1136 1626/1121/1121 1656/2033/1969 1651/2050/1984
f  1622/1113/1113 1627/1112/1112 1657/2002/1942 1652/2019/1957
f  1623/1115/1115 1628/1114/1114 1658/2005/1945 1653/2022/1960
f  1624/1117/1117 1629/1116/1116 1659/2008/1948 1654/2025/1963
f  1625/1119/1119 1630/1118/1118 1660/2012/1951 1655/2029/1966
f  1626/1121/1121 1631/1120/1120 1661/2016/1954 1656/2033/1969
f  1662/1986/1928 1657/2002/1942 1627/1112/1112 1632/1049/1049
f  1663/1989/1931 1658/2005/1945 1628/1114/1114 1633/1052/1052
f  1664/1992/1934 1659/2008/1948 1629/1116/1116 1634/1055/1055
f  1665/1996/1937 1660/2012/1951 1630/1118/1118 1635/1058/1058
f  1666/2000/1940 1661/2016/1954 1631/1120/1120 1636/1061/1061
f  1632/1049/1049 1637/1004/1004 1667/1969/1913 1662/1986/1928
f  1633/1052/1052 1638/1007/1007 1668/1972/1916 1663/1989/1931
f  1634/1055/1055 1639/1010/1010 1669/1975/1919 1664/1992/1934
f  1635/1058/1058 1640/1013/1013 1670/1979/1922 1665/1996/1937
f  1636/1061/1061 1641/1016/1016 1671/1983/1925 1666/2000/1940
f  1642/997/997 1672/1952/1898 1667/1969/1913 1637/1004/1004
f  1643/998/998 1673/1955/1901 1668/1972/1916 1638/1007/1007
f  1644/999/999 1674/1958/1904 1669/1975/1919 1639/1010/1010
f  1645/1000/1000 1675/1962/1907 1670/1979/1922 1640/1013/1013
f  1646/1001/1001 1676/1966/1910 1671/1983/1925 1641/1016/1016
f  1697/964/964 1677/1935/1883 1672/1952/1898 1642/997/997
f  1698/967/967 1678/1938/1886 1673/1955/1901 1643/998/998
f  1699/970/970 1679/1941/1889 1674/1958/1904 1644/999/999
f  1700/973/973 1680/1945/1892 1675/1962/1907 1645/1000/1000
f  1701/976/976 1681/1949/1895 1676/1966/1910 1646/1001/1001
f  1702/935/935 1682/1918/1868 1677/1935/1883 1697/964/964
f  1703/939/939 1683/1921/1871 1678/1938/1886 1698/967/967
f  1704/943/943 1684/1924/1874 1679/1941/1889 1699/970/970
f  1705/947/947 1685/1928/1877 1680/1945/1892 1700/973/973
f  1706/951/951 1686/1932/1880 1681/1949/1895 1701/976/976
f  1682/1918/1868 1702/935/935 1707/927/927 1687/1901/1853
f  1683/1921/1871 1703/939/939 1708/928/928 1688/1904/1856
f  1684/1924/1874 1704/943/943 1709/929/929 1689/1907/1859
f  1685/1928/1877 1705/947/947 1710/930/930 1690/1911/1862
f  1686/1932/1880 1706/951/951 1711/931/931 1691/1915/1865
f  1687/1901/1853 1707/927/927 1712/866/866 1692/1884/1838
f  1688/1904/1856 1708/928/928 1713/871/871 1693/1887/1841
f  1689/1907/1859 1709/929/929 1714/876/876 1694/1890/1844
f  1690/1911/1862 1710/930/930 1715/881/881 1695/1894/1847
f  1691/1915/1865 1711/931/931 1716/886/886 1696/1898/1850
f  1712/866/866 1717/844/844 1737/1867/1823 1692/1884/1838
f  1713/871/871 1718/847/847 1738/1870/1826 1693/1887/1841
f  1714/876/876 1719/850/850 1739/1873/1829 1694/1890/1844
f  1715/881/881 1720/853/853 1740/1877/1832 1695/1894/1847
f  1716/886/886 1721/856/856 1741/1881/1835 1696/1898/1850
f  1717/844/844 1722/833/833 1742/1849/1807 1737/1867/1823
f  1718/847/847 1723/835/835 1743/1852/1810 1738/1870/1826
f  1719/850/850 1724/837/837 1744/1855/1813 1739/1873/1829
f  1720/853/853 1725/839/839 1745/1859/1816 1740/1877/1832
f  1721/856/856 1726/841/841 1746/1863/1819 1741/1881/1835
f  1748/1810/1774 1742/1849/1807 1722/833/833 1727/832/832
f  1750/1817/1781 1743/1852/1810 1723/835/835 1728/834/834
f  1752/1824/1788 1744/1855/1813 1724/837/837 1729/836/836
f  1754/1834/1795 1745/1859/1816 1725/839/839 1730/838/838
f  1756/1844/1802 1746/1863/1819 1726/841/841 1731/840/840
f  1757/732/732 1762/428/428 1782/2170/2092 1767/1811/1775
f  1758/733/733 1763/431/431 1783/2171/2093 1768/1818/1782
f  1759/734/734 1764/434/434 1784/2172/2094 1769/1825/1789
f  1760/735/735 1765/437/437 1785/2173/2095 1770/1835/1796
f  1761/736/736 1766/440/440 1786/2174/2096 1771/1845/1803
f  1777/2175/2097 1782/2170/2092 1762/428/428 1772/427/427
f  1778/2176/2098 1783/2171/2093 1763/431/431 1773/430/430
f  1779/2177/2099 1784/2172/2094 1764/434/434 1774/433/433
f  1780/2178/2100 1785/2173/2095 1765/437/437 1775/436/436
f  1781/2179/2101 1786/2174/2096 1766/440/440 1776/439/439
f  1767/1811/1775 1782/2170/2092 2367/2180/2102 2362/1814/1778
f  1768/1818/1782 1783/2171/2093 2368/2181/2103 2363/1821/1785
f  1769/1825/1789 1784/2172/2094 2369/2182/2104 2364/1830/1792
f  1770/1840/1796 1785/2183/2095 2370/2184/2105 2365/1841/1799
f  1771/1845/1803 1786/2174/2096 2371/2185/2106 2366/1848/1806
f  1817/385/385 1777/2175/2097 1772/427/427 1812/426/426
f  1818/373/373 1778/2176/2098 1773/430/430 1813/429/429
f  1819/376/376 1779/2177/2099 1774/433/433 1814/432/432
f  1820/379/379 1780/2178/2100 1775/436/436 1815/435/435
f  1821/382/382 1781/2179/2101 1776/439/439 1816/438/438
f  1787/1800/1765 1782/2170/2092 1777/2175/2097 1788/1801/1766
f  1789/1792/1757 1783/2171/2093 1778/2176/2098 1790/1793/1758
f  1791/1794/1759 1784/2172/2094 1779/2177/2099 1792/1795/1760
f  1793/1796/1761 1785/2173/2095 1780/2178/2100 1794/1797/1762
f  1795/1798/1763 1786/2174/2096 1781/2179/2101 1796/1799/1764
f  2372/1807/1771 2367/2180/2102 1782/2170/2092 1787/1800/1765
f  2373/1802/1767 2368/2181/2103 1783/2171/2093 1789/1792/1757
f  2374/1803/1768 2369/2182/2104 1784/2172/2094 1791/1794/1759
f  2375/1804/1769 2370/2184/2105 1785/2183/2095 1793/1805/1761
f  2376/1806/1770 2371/2185/2106 1786/2174/2096 1795/1798/1763
f  1827/1358/1349 1832/2155/2078 1837/2154/2077 1842/1375/1364
f  1828/1361/1352 1833/2158/2081 1838/2157/2080 1843/1378/1367
f  1829/1364/1355 1834/2161/2084 1839/2160/2083 1844/1381/1370
f  1830/1368/1358 1835/2164/2087 1840/2163/2086 1845/1385/1373
f  1831/1371/1361 1836/2168/2090 1841/2167/2089 1846/1388/1376
f  1842/1375/1364 1837/2154/2077 1847/2156/2079 1852/1396/1384
f  1843/1378/1367 1838/2157/2080 1848/2159/2082 1853/1399/1387
f  1844/1381/1370 1839/2160/2083 1849/2162/2085 1854/1402/1390
f  1845/2186/1373 1840/2166/2086 1850/2165/2088 1855/2187/1393
f  1846/1388/1376 1841/2167/2089 1851/2169/2091 1856/1409/1396
f  2122/2188/2107 2117/2189/2108 1852/1396/1384 1847/2156/2079
f  2500/2190/2109 2122/2188/2107 1847/2156/2079 2262/2140/2064
f  2123/2191/2110 2118/2192/2111 1853/1399/1387 1848/2159/2082
f  2501/2193/2112 2123/2191/2110 1848/2159/2082 2263/2143/2067
f  2124/2194/2113 2119/2195/2114 1854/1402/1390 1849/2162/2085
f  2497/2196/2115 2124/2194/2113 1849/2162/2085 2264/2146/2070
f  2125/2197/2116 2120/2198/2117 1855/2187/1393 1850/2165/2088
f  2498/2199/2118 2125/2197/2116 1850/2165/2088 2265/2150/2073
f  2126/2200/2119 2121/2201/2120 1856/1409/1396 1851/2169/2091
f  2499/2202/2121 2126/2200/2119 1851/2169/2091 2266/2153/2076
f  1857/1394/1382 1852/1396/1384 2117/2189/2108 2112/2203/2122
f  1858/1397/1385 1853/1399/1387 2118/2192/2111 2113/2204/2123
f  1859/1403/1388 1854/1402/1390 2119/2195/2114 2114/2205/2124
f  1860/1404/1391 1855/1406/1393 2120/2206/2117 2115/2207/2125
f  1861/1407/1394 1856/1409/1396 2121/2201/2120 2116/2208/2126
f  1857/1394/1382 2112/2203/2122 2107/2209/2127 1862/1395/1383
f  1858/1397/1385 2113/2204/2123 2108/2210/2128 1863/1398/1386
f  1859/1400/1388 2114/2205/2124 2109/2211/2129 1864/1401/1389
f  1860/1404/1391 2115/2207/2125 2110/2212/2130 1865/1405/1392
f  1861/1407/1394 2116/2208/2126 2111/2213/2131 1866/1408/1395
f  1862/1395/1383 2107/2209/2127 2102/2214/2132 1867/1410/1397
f  1863/1398/1386 2108/2210/2128 2103/2215/2133 1868/1411/1398
f  1864/1401/1389 2109/2211/2129 2104/2216/2134 1869/1412/1399
f  1865/1405/1392 2110/2212/2130 2105/2217/2135 1870/1413/1400
f  1866/1408/1395 2111/2213/2131 2106/2218/2136 1871/1414/1401
f  2102/2214/2132 2097/2219/2137 1872/1627/1612 1867/1410/1397
f  2103/2220/2133 2098/2221/2138 1873/2222/1613 1868/2223/1398
f  2104/2216/2134 2099/2224/2139 1874/1629/1614 1869/1412/1399
f  2105/2217/2135 2100/2225/2140 1875/1630/1615 1870/1413/1400
f  2106/2218/2136 2101/2226/2141 1876/1631/1616 1871/1414/1401
f  1872/1627/1612 2097/2219/2137 2092/2227/2142 1877/1632/1617
f  1873/2222/1613 2098/2221/2138 2093/2228/2143 1878/2229/1618
f  1874/1629/1614 2099/2224/2139 2094/2230/2144 1879/1634/1619
f  1875/1630/1615 2100/2225/2140 2095/2231/2145 1880/1635/1620
f  1876/1631/1616 2101/2226/2141 2096/2232/2146 1881/1636/1621
f  2087/2233/2147 1882/1637/1622 1877/1632/1617 2092/2227/2142
f  2088/2234/2148 1883/2235/1623 1878/2229/1618 2093/2228/2143
f  2089/2236/2149 1884/1639/1624 1879/1634/1619 2094/2230/2144
f  2090/2237/2150 1885/1640/1625 1880/1635/1620 2095/2231/2145
f  2091/2238/2151 1886/1641/1626 1881/1636/1621 2096/2232/2146
f  1882/1637/1622 2087/2233/2147 2082/2239/2152 1887/1642/1627
f  1883/2235/1623 2088/2234/2148 2083/2240/2153 1888/2241/1628
f  1884/1639/1624 2089/2236/2149 2084/2242/2154 1889/1644/1629
f  1885/1640/1625 2090/2237/2150 2085/2243/2155 1890/1645/1630
f  1886/1641/1626 2091/2238/2151 2086/2244/2156 1891/1646/1631
f  2077/2245/2157 1892/1647/1632 1887/1642/1627 2082/2239/2152
f  2078/2246/2158 1893/2247/1633 1888/2241/1628 2083/2240/2153
f  2079/2248/2159 1894/1649/1634 1889/1644/1629 2084/2242/2154
f  2080/2249/2160 1895/1651/1635 1890/1645/1630 2085/2243/2155
f  2081/2250/2161 1896/1652/1636 1891/1646/1631 2086/2244/2156
f  1897/1653/1637 1892/1647/1632 2077/2245/2157 2072/2251/2162
f  1898/2252/1638 1893/2247/1633 2078/2246/2158 2073/2253/2163
f  2074/2254/2164 1899/1655/1639 1894/1649/1634 2079/2248/2159
f  2075/2255/2165 1900/1657/1640 1895/1651/1635 2080/2249/2160
f  1901/1658/1641 1896/1652/1636 2081/2250/2161 2076/2256/2166
f  2072/2251/2162 2067/2257/2167 1902/1659/1642 1897/1653/1637
f  2073/2253/2163 2068/2258/2168 1903/2259/1643 1898/2252/1638
f  2074/2254/2164 2069/2260/2169 1904/1661/1644 1899/1655/1639
f  2075/2255/2165 2070/2261/2170 1905/1663/1645 1900/1657/1640
f  2076/2256/2166 2071/2262/2171 1906/1664/1646 1901/1658/1641
f  2062/2263/2172 1907/1665/1647 1902/1659/1642 2067/2257/2167
f  2063/2264/2173 1908/2265/1648 1903/2259/1643 2068/2258/2168
f  2064/2266/2174 1909/1667/1649 1904/1661/1644 2069/2260/2169
f  2065/2267/2175 1910/1669/1650 1905/1663/1645 2070/2261/2170
f  2066/2268/2176 1911/1670/1651 1906/1664/1646 2071/2262/2171
f  2057/2269/2177 1912/1671/1652 1907/1665/1647 2062/2263/2172
f  2058/2270/2178 1913/2271/1653 1908/2265/1648 2063/2264/2173
f  2059/2272/2179 1914/1673/1654 1909/1667/1649 2064/2266/2174
f  2060/2273/2180 1915/1675/1655 1910/1669/1650 2065/2267/2175
f  2061/2274/2181 1916/1676/1656 1911/1670/1651 2066/2268/2176
f  1912/1671/1652 2057/2269/2177 2052/2275/2182 1917/1677/1657
f  1913/2271/1653 2058/2270/2178 2053/2276/2183 1918/2277/1658
f  1914/1673/1654 2059/2272/2179 2054/2278/2184 1919/1679/1659
f  1915/1675/1655 2060/2273/2180 2055/2279/2185 1920/1681/1660
f  1916/1676/1656 2061/2274/2181 2056/2280/2186 1921/1682/1661
f  2047/2281/2187 1922/1683/1662 1917/1677/1657 2052/2275/2182
f  2048/2282/2188 1923/2283/1663 1918/2277/1658 2053/2276/2183
f  2049/2284/2189 1924/1685/1664 1919/1679/1659 2054/2278/2184
f  2050/2285/2190 1925/1687/1665 1920/1681/1660 2055/2279/2185
f  2051/2286/2191 1926/1688/1666 1921/1682/1661 2056/2280/2186
f  1922/1683/1662 2047/2281/2187 2042/2287/2192 1927/1689/1667
f  1923/2283/1663 2048/2282/2188 2043/2288/2193 1928/2289/1668
f  1924/1685/1664 2049/2284/2189 2044/2290/2194 1929/1691/1669
f  1925/1687/1665 2050/2285/2190 2045/2291/2195 1930/1693/1670
f  1926/1688/1666 2051/2286/2191 2046/2292/2196 1931/1694/1671
f  1927/1689/1667 2042/2287/2192 2037/2293/2197 1932/1695/1672
f  1928/2289/1668 2043/2288/2193 2038/2294/2198 1933/2295/1673
f  1929/1691/1669 2044/2290/2194 2039/2296/2199 1934/1697/1674
f  1930/1693/1670 2045/2291/2195 2040/2297/2200 1935/1699/1675
f  1931/1694/1671 2046/2292/2196 2041/2298/2201 1936/1700/1676
f  1932/1695/1672 2037/2293/2197 2032/2299/2202 1937/1701/1677
f  1933/2295/1673 2038/2294/2198 2033/2300/2203 1938/2301/1678
f  1934/1697/1674 2039/2296/2199 2034/2302/2204 1939/1703/1679
f  1935/1699/1675 2040/2297/2200 2035/2303/2205 1940/1705/1680
f  1936/1700/1676 2041/2298/2201 2036/2304/2206 1941/1706/1681
f  1937/1701/1677 2032/2299/2202 2027/2305/2207 1942/1707/1682
f  1938/2301/1678 2033/2300/2203 2028/2306/2208 1943/2307/1683
f  1939/1703/1679 2034/2302/2204 2029/2308/2209 1944/1709/1684
f  1940/1705/1680 2035/2303/2205 2030/2309/2210 1945/1711/1685
f  1941/1706/1681 2036/2304/2206 2031/2310/2211 1946/1712/1686
f  2022/2311/2212 1947/1713/1687 1942/1707/1682 2027/2305/2207
f  2023/2312/2213 1948/2313/1688 1943/2307/1683 2028/2306/2208
f  2024/2314/2214 1949/1715/1689 1944/1709/1684 2029/2308/2209
f  2025/2315/2215 1950/1717/1690 1945/1711/1685 2030/2309/2210
f  2026/2316/2216 1951/1718/1691 1946/1712/1686 2031/2310/2211
f  1947/1713/1687 2022/2311/2212 2017/2317/2217 1952/1719/1692
f  1948/2313/1688 2023/2312/2213 2018/2318/2218 1953/2319/1693
f  1949/1715/1689 2024/2314/2214 2019/2320/2219 1954/1721/1694
f  1950/1717/1690 2025/2315/2215 2020/2321/2220 1955/1723/1695
f  1951/1718/1691 2026/2316/2216 2021/2322/2221 1956/1724/1696
f  2017/2317/2217 2012/2323/2222 1957/1725/1697 1952/1719/1692
f  2018/2318/2218 2013/2324/2223 1958/2325/1698 1953/2319/1693
f  2019/2320/2219 2014/2326/2224 1959/1727/1699 1954/1721/1694
f  2020/2321/2220 2015/2327/2225 1960/1729/1700 1955/1723/1695
f  2021/2322/2221 2016/2328/2226 1961/1730/1701 1956/1724/1696
f  2007/2329/2227 1962/1731/1702 1957/1725/1697 2012/2323/2222
f  2008/2330/2228 1963/2331/1703 1958/2325/1698 2013/2324/2223
f  2009/2332/2229 1964/1733/1704 1959/1727/1699 2014/2326/2224
f  2010/2333/2230 1965/1735/1705 1960/1729/1700 2015/2327/2225
f  2011/2334/2231 1966/1736/1706 1961/1730/1701 2016/2328/2226
f  2002/2335/2232 1967/1737/1707 1962/1731/1702 2007/2329/2227
f  2003/2336/2233 1968/2337/1708 1963/2331/1703 2008/2330/2228
f  2004/2338/2234 1969/1739/1709 1964/1733/1704 2009/2332/2229
f  2005/2339/2235 1970/1741/1710 1965/1735/1705 2010/2333/2230
f  2006/2340/2236 1971/1742/1711 1966/1736/1706 2011/2334/2231
f  1967/1737/1707 2002/2335/2232 1997/2341/2237 1972/1743/1712
f  1968/2337/1708 2003/2336/2233 1998/2342/2238 1973/2343/1713
f  1969/1739/1709 2004/2338/2234 1999/2344/2239 1974/1745/1714
f  1970/1741/1710 2005/2339/2235 2000/2345/2240 1975/1747/1715
f  1971/1742/1711 2006/2340/2236 2001/2346/2241 1976/1748/1716
f  1992/2347/2242 1977/1750/1718 1972/1743/1712 1997/2341/2237
f  1993/2348/2243 1978/2349/1720 1973/2343/1713 1998/2342/2238
f  1994/2350/2244 1979/1754/1722 1974/1745/1714 1999/2344/2239
f  1995/2351/2245 1980/1757/1724 1975/1747/1715 2000/2345/2240
f  1996/2352/2246 1981/1759/1726 1976/1748/1716 2001/2346/2241
f  1987/2353/2247 1982/1765/1732 1977/1750/1718 1992/2347/2242
f  1988/2354/2248 1983/2355/1733 1978/2349/1720 1993/2348/2243
f  1989/2356/2249 1984/1767/1734 1979/1754/1722 1994/2350/2244
f  1990/2357/2250 1985/1769/1735 1980/1757/1724 1995/2351/2245
f  1991/2358/2251 1986/1770/1736 1981/1759/1726 1996/2352/2246
f  2383/2359/2252 2378/1778/1744 1982/1765/1732 1987/2353/2247
f  2384/2360/2253 2379/2361/1747 1983/2355/1733 1988/2354/2248
f  2385/2362/2254 2380/1784/1750 1984/1767/1734 1989/2356/2249
f  2386/2363/2255 2381/1788/1753 1985/1769/1735 1990/2357/2250
f  2382/2364/2256 2377/1791/1756 1986/1770/1736 1991/2358/2251
f  2680/2365/2257 1987/2353/2247 1992/2347/2242 2127/2366/2258
f  1987/2353/2247 2680/2365/2257 2685/2367/2259 2383/2359/2252
f  2681/2368/2260 1988/2354/2248 1993/2348/2243 2128/2369/2261
f  1988/2354/2248 2681/2368/2260 2686/2370/2262 2384/2360/2253
f  2677/2371/2263 1989/2356/2249 1994/2350/2244 2129/2372/2264
f  1989/2356/2249 2677/2371/2263 2682/2373/2265 2385/2362/2254
f  2678/2374/2266 1990/2357/2250 1995/2351/2245 2130/2375/2267
f  1990/2357/2250 2678/2374/2266 2683/2376/2268 2386/2363/2255
f  2679/2377/2269 1991/2358/2251 1996/2352/2246 2131/2378/2270
f  1991/2358/2251 2679/2377/2269 2684/2379/2271 2382/2364/2256
f  2127/2366/2258 1992/2347/2242 1997/2341/2237 2132/2380/2272
f  2128/2369/2261 1993/2348/2243 1998/2342/2238 2133/2381/2273
f  2129/2372/2264 1994/2350/2244 1999/2344/2239 2134/2382/2274
f  2130/2375/2267 1995/2351/2245 2000/2345/2240 2135/2383/2275
f  2131/2378/2270 1996/2352/2246 2001/2346/2241 2136/2384/2276
f  2132/2380/2272 1997/2341/2237 2002/2335/2232 2137/2385/2277
f  2133/2381/2273 1998/2342/2238 2003/2336/2233 2138/2386/2278
f  2134/2382/2274 1999/2344/2239 2004/2338/2234 2139/2387/2279
f  2135/2383/2275 2000/2345/2240 2005/2339/2235 2140/2388/2280
f  2136/2384/2276 2001/2346/2241 2006/2340/2236 2141/2389/2281
f  2007/2329/2227 2142/2390/2282 2137/2385/2277 2002/2335/2232
f  2008/2330/2228 2143/2391/2283 2138/2386/2278 2003/2336/2233
f  2009/2332/2229 2144/2392/2284 2139/2387/2279 2004/2338/2234
f  2010/2333/2230 2145/2393/2285 2140/2388/2280 2005/2339/2235
f  2011/2334/2231 2146/2394/2286 2141/2389/2281 2006/2340/2236
f  2007/2329/2227 2012/2323/2222 2147/2395/2287 2142/2390/2282
f  2008/2330/2228 2013/2324/2223 2148/2396/2288 2143/2391/2283
f  2009/2332/2229 2014/2326/2224 2149/2397/2289 2144/2392/2284
f  2010/2333/2230 2015/2327/2225 2150/2398/2290 2145/2393/2285
f  2011/2334/2231 2016/2328/2226 2151/2399/2291 2146/2394/2286
f  2147/2395/2287 2012/2323/2222 2017/2317/2217 2152/2400/2292
f  2148/2396/2288 2013/2324/2223 2018/2318/2218 2153/2401/2293
f  2149/2397/2289 2014/2326/2224 2019/2320/2219 2154/2402/2294
f  2150/2398/2290 2015/2327/2225 2020/2321/2220 2155/2403/2295
f  2151/2399/2291 2016/2328/2226 2021/2322/2221 2156/2404/2296
f  2152/2400/2292 2017/2317/2217 2022/2311/2212 2157/2405/2297
f  2153/2401/2293 2018/2318/2218 2023/2312/2213 2158/2406/2298
f  2154/2402/2294 2019/2320/2219 2024/2314/2214 2159/2407/2299
f  2155/2403/2295 2020/2321/2220 2025/2315/2215 2160/2408/2300
f  2156/2404/2296 2021/2322/2221 2026/2316/2216 2161/2409/2301
f  2022/2311/2212 2027/2305/2207 2162/2410/2302 2157/2405/2297
f  2023/2312/2213 2028/2306/2208 2163/2411/2303 2158/2406/2298
f  2024/2314/2214 2029/2308/2209 2164/2412/2304 2159/2407/2299
f  2025/2315/2215 2030/2309/2210 2165/2413/2305 2160/2408/2300
f  2026/2316/2216 2031/2310/2211 2166/2414/2306 2161/2409/2301
f  2162/2410/2302 2027/2305/2207 2032/2299/2202 2167/2415/2307
f  2163/2411/2303 2028/2306/2208 2033/2300/2203 2168/2416/2308
f  2164/2412/2304 2029/2308/2209 2034/2302/2204 2169/2417/2309
f  2165/2413/2305 2030/2309/2210 2035/2303/2205 2170/2418/2310
f  2166/2414/2306 2031/2310/2211 2036/2304/2206 2171/2419/2311
f  2167/2415/2307 2032/2299/2202 2037/2293/2197 2172/2420/2312
f  2168/2416/2308 2033/2300/2203 2038/2294/2198 2173/2421/2313
f  2169/2417/2309 2034/2302/2204 2039/2296/2199 2174/2422/2314
f  2170/2418/2310 2035/2303/2205 2040/2297/2200 2175/2423/2315
f  2171/2419/2311 2036/2304/2206 2041/2298/2201 2176/2424/2316
f  2172/2420/2312 2037/2293/2197 2042/2287/2192 2177/2425/2317
f  2173/2421/2313 2038/2294/2198 2043/2288/2193 2178/2426/2318
f  2174/2422/2314 2039/2296/2199 2044/2290/2194 2179/2427/2319
f  2175/2423/2315 2040/2297/2200 2045/2291/2195 2180/2428/2320
f  2176/2424/2316 2041/2298/2201 2046/2292/2196 2181/2429/2321
f  2177/2425/2317 2042/2287/2192 2047/2281/2187 2182/2430/2322
f  2178/2426/2318 2043/2288/2193 2048/2282/2188 2183/2431/2323
f  2179/2427/2319 2044/2290/2194 2049/2284/2189 2184/2432/2324
f  2180/2428/2320 2045/2291/2195 2050/2285/2190 2185/2433/2325
f  2181/2429/2321 2046/2292/2196 2051/2286/2191 2186/2434/2326
f  2052/2275/2182 2187/2435/2327 2182/2430/2322 2047/2281/2187
f  2053/2276/2183 2188/2436/2328 2183/2431/2323 2048/2282/2188
f  2054/2278/2184 2189/2437/2329 2184/2432/2324 2049/2284/2189
f  2055/2279/2185 2190/2438/2330 2185/2433/2325 2050/2285/2190
f  2056/2280/2186 2191/2439/2331 2186/2434/2326 2051/2286/2191
f  2187/2435/2327 2052/2275/2182 2057/2269/2177 2192/2440/2332
f  2188/2436/2328 2053/2276/2183 2058/2270/2178 2193/2441/2333
f  2189/2437/2329 2054/2278/2184 2059/2272/2179 2194/2442/2334
f  2190/2438/2330 2055/2279/2185 2060/2273/2180 2195/2443/2335
f  2191/2439/2331 2056/2280/2186 2061/2274/2181 2196/2444/2336
f  2062/2263/2172 2197/2445/2337 2192/2440/2332 2057/2269/2177
f  2063/2264/2173 2198/2446/2338 2193/2441/2333 2058/2270/2178
f  2064/2266/2174 2199/2447/2339 2194/2442/2334 2059/2272/2179
f  2065/2267/2175 2200/2448/2340 2195/2443/2335 2060/2273/2180
f  2066/2268/2176 2201/2449/2341 2196/2444/2336 2061/2274/2181
f  2197/2445/2337 2062/2263/2172 2067/2257/2167 2202/2450/2342
f  2198/2446/2338 2063/2264/2173 2068/2258/2168 2203/2451/2343
f  2199/2447/2339 2064/2266/2174 2069/2260/2169 2204/2452/2344
f  2200/2448/2340 2065/2267/2175 2070/2261/2170 2205/2453/2345
f  2201/2449/2341 2066/2268/2176 2071/2262/2171 2206/2454/2346
f  2202/2450/2342 2067/2257/2167 2072/2251/2162 2207/2455/2347
f  2203/2451/2343 2068/2258/2168 2073/2253/2163 2208/2456/2348
f  2204/2452/2344 2069/2260/2169 2074/2254/2164 2209/2457/2349
f  2205/2453/2345 2070/2261/2170 2075/2255/2165 2210/2458/2350
f  2206/2454/2346 2071/2262/2171 2076/2256/2166 2211/2459/2351
f  2212/2460/2352 2207/2455/2347 2072/2251/2162 2077/2245/2157
f  2213/2461/2353 2208/2456/2348 2073/2253/2163 2078/2246/2158
f  2214/2462/2354 2209/2457/2349 2074/2254/2164 2079/2248/2159
f  2215/2463/2355 2210/2458/2350 2075/2255/2165 2080/2249/2160
f  2216/2464/2356 2211/2459/2351 2076/2256/2166 2081/2250/2161
f  2082/2239/2152 2217/2465/2357 2212/2460/2352 2077/2245/2157
f  2083/2240/2153 2218/2466/2358 2213/2461/2353 2078/2246/2158
f  2084/2242/2154 2219/2467/2359 2214/2462/2354 2079/2248/2159
f  2220/2468/2360 2215/2463/2355 2080/2249/2160 2085/2243/2155
f  2086/2244/2156 2221/2469/2361 2216/2464/2356 2081/2250/2161
f  2087/2233/2147 2222/2470/2362 2217/2465/2357 2082/2239/2152
f  2088/2234/2148 2223/2471/2363 2218/2466/2358 2083/2240/2153
f  2089/2236/2149 2224/2472/2364 2219/2467/2359 2084/2242/2154
f  2090/2237/2150 2225/2473/2365 2220/2468/2360 2085/2243/2155
f  2091/2238/2151 2226/2474/2366 2221/2469/2361 2086/2244/2156
f  2222/2470/2362 2087/2233/2147 2092/2227/2142 2227/2475/2367
f  2223/2471/2363 2088/2234/2148 2093/2228/2143 2228/2476/2368
f  2229/2477/2369 2224/2472/2364 2089/2236/2149 2094/2230/2144
f  2230/2478/2370 2225/2473/2365 2090/2237/2150 2095/2231/2145
f  2226/2474/2366 2091/2238/2151 2096/2232/2146 2231/2479/2371
f  2232/2480/2372 2227/2475/2367 2092/2227/2142 2097/2219/2137
f  2233/2481/2373 2228/2476/2368 2093/2228/2143 2098/2221/2138
f  2234/2482/2374 2229/2477/2369 2094/2230/2144 2099/2224/2139
f  2235/2483/2375 2230/2478/2370 2095/2231/2145 2100/2225/2140
f  2236/2484/2376 2231/2479/2371 2096/2232/2146 2101/2226/2141
f  2232/2480/2372 2097/2219/2137 2102/2214/2132 2237/2485/2377
f  2233/2481/2373 2098/2221/2138 2103/2220/2133 2238/2486/2378
f  2234/2482/2374 2099/2224/2139 2104/2216/2134 2239/2487/2379
f  2235/2483/2375 2100/2225/2140 2105/2217/2135 2240/2488/2380
f  2236/2484/2376 2101/2226/2141 2106/2218/2136 2241/2489/2381
f  2242/2490/2382 2237/2485/2377 2102/2214/2132 2107/2209/2127
f  2243/2491/2383 2238/2486/2378 2103/2220/2133 2108/2492/2128
f  2244/2493/2384 2239/2487/2379 2104/2216/2134 2109/2211/2129
f  2245/2494/2385 2240/2488/2380 2105/2217/2135 2110/2212/2130
f  2246/2495/2386 2241/2489/2381 2106/2218/2136 2111/2213/2131
f  2242/2490/2382 2107/2209/2127 2112/2203/2122 2247/2496/2387
f  2243/2491/2383 2108/2492/2128 2113/2497/2123 2248/2498/2388
f  2244/2493/2384 2109/2211/2129 2114/2205/2124 2249/2499/2389
f  2245/2494/2385 2110/2212/2130 2115/2207/2125 2250/2500/2390
f  2246/2495/2386 2111/2213/2131 2116/2208/2126 2251/2501/2391
f  2247/2502/2387 2112/2203/2122 2117/2189/2108 2252/2503/2392
f  2248/2498/2388 2113/2497/2123 2118/2504/2111 2253/2505/2393
f  2249/2499/2389 2114/2205/2124 2119/2195/2114 2254/2506/2394
f  2250/2507/2390 2115/2508/2125 2120/2198/2117 2255/2509/2395
f  2251/2501/2391 2116/2208/2126 2121/2510/2120 2256/2511/2396
f  2122/2188/2107 2257/2512/2397 2252/2503/2392 2117/2189/2108
f  2123/2191/2110 2258/2513/2398 2253/2514/2393 2118/2192/2111
f  2124/2194/2113 2259/2515/2399 2254/2506/2394 2119/2195/2114
f  2125/2197/2116 2260/2516/2400 2255/2509/2395 2120/2198/2117
f  2126/2200/2119 2261/2517/2401 2256/2518/2396 2121/2201/2120
f  2257/2512/2397 2122/2188/2107 2500/2190/2109 2505/2519/2402
f  2258/2513/2398 2123/2191/2110 2501/2193/2112 2506/2520/2403
f  2259/2515/2399 2124/2194/2113 2497/2196/2115 2502/2521/2404
f  2260/2516/2400 2125/2197/2116 2498/2199/2118 2503/2522/2405
f  2261/2517/2401 2126/2200/2119 2499/2202/2121 2504/2523/2406
f  2127/2524/2258 2870/2525/2407 2675/2526/2408 2680/2527/2257
f  2870/2525/2407 2127/2524/2258 2132/2528/2272 2875/2529/2409
f  2128/2369/2261 2871/2530/2410 2676/2531/2411 2681/2368/2260
f  2871/2530/2410 2128/2369/2261 2133/2381/2273 2876/2532/2412
f  2129/2372/2264 2867/2533/2413 2672/2534/2414 2677/2371/2263
f  2867/2533/2413 2129/2372/2264 2134/2382/2274 2872/2535/2415
f  2130/2536/2267 2868/2537/2416 2673/2538/2417 2678/2539/2266
f  2868/2537/2416 2130/2536/2267 2135/2540/2275 2873/2541/2418
f  2131/2378/2270 2869/2542/2419 2674/2543/2420 2679/2377/2269
f  2869/2542/2419 2131/2378/2270 2136/2384/2276 2874/2544/2421
f  2137/2545/2277 2960/2546/2422 2875/2529/2409 2132/2528/2272
f  2138/2386/2278 2961/2547/2423 2876/2532/2412 2133/2381/2273
f  2139/2387/2279 2957/2548/2424 2872/2535/2415 2134/2382/2274
f  2140/2549/2280 2958/2550/2425 2873/2541/2418 2135/2540/2275
f  2141/2389/2281 2959/2551/2426 2874/2544/2421 2136/2384/2276
f  2960/2546/2422 2137/2545/2277 2142/2552/2282 2965/2553/2427
f  2961/2547/2423 2138/2386/2278 2143/2391/2283 2966/2554/2428
f  2957/2548/2424 2139/2387/2279 2144/2392/2284 2962/2555/2429
f  2958/2550/2425 2140/2549/2280 2145/2556/2285 2963/2557/2430
f  2959/2551/2426 2141/2389/2281 2146/2394/2286 2964/2558/2431
f  2965/2553/2427 2142/2552/2282 2147/2559/2287 3050/2560/2432
f  2966/2554/2428 2143/2391/2283 2148/2396/2288 3051/2561/2433
f  2962/2555/2429 2144/2392/2284 2149/2397/2289 3047/2562/2434
f  2963/2557/2430 2145/2556/2285 2150/2563/2290 3048/2564/2435
f  2964/2558/2431 2146/2394/2286 2151/2399/2291 3049/2565/2436
f  3055/2566/2437 3050/2560/2432 2147/2559/2287 2152/2567/2292
f  3056/2568/2438 3051/2561/2433 2148/2396/2288 2153/2401/2293
f  3052/2569/2439 3047/2562/2434 2149/2397/2289 2154/2402/2294
f  3053/2570/2440 3048/2564/2435 2150/2563/2290 2155/2571/2295
f  3054/2572/2441 3049/2565/2436 2151/2399/2291 2156/2404/2296
f  3055/2566/2437 2152/2567/2292 2157/2573/2297 3140/2574/2442
f  3056/2568/2438 2153/2401/2293 2158/2406/2298 3141/2575/2443
f  3052/2569/2439 2154/2402/2294 2159/2407/2299 3137/2576/2444
f  3053/2570/2440 2155/2571/2295 2160/2577/2300 3138/2578/2445
f  3054/2572/2441 2156/2404/2296 2161/2409/2301 3139/2579/2446
f  2162/2580/2302 3145/2581/2447 3140/2574/2442 2157/2573/2297
f  2163/2411/2303 3146/2582/2448 3141/2575/2443 2158/2406/2298
f  2164/2412/2304 3142/2583/2449 3137/2576/2444 2159/2407/2299
f  2165/2584/2305 3143/2585/2450 3138/2578/2445 2160/2577/2300
f  2166/2414/2306 3144/2586/2451 3139/2579/2446 2161/2409/2301
f  3145/2581/2447 2162/2580/2302 2167/2587/2307 3230/2588/2452
f  3146/2582/2448 2163/2411/2303 2168/2416/2308 3231/2589/2453
f  3142/2583/2449 2164/2412/2304 2169/2417/2309 3227/2590/2454
f  3143/2585/2450 2165/2584/2305 2170/2591/2310 3228/2592/2455
f  3144/2586/2451 2166/2414/2306 2171/2419/2311 3229/2593/2456
f  2172/2594/2312 3235/2595/2457 3230/2588/2452 2167/2587/2307
f  2173/2421/2313 3236/2596/2458 3231/2589/2453 2168/2416/2308
f  2174/2422/2314 3232/2597/2459 3227/2590/2454 2169/2417/2309
f  2175/2598/2315 3233/2599/2460 3228/2592/2455 2170/2591/2310
f  2176/2424/2316 3234/2600/2461 3229/2593/2456 2171/2419/2311
f  2177/2601/2317 3320/2602/2462 3235/2595/2457 2172/2594/2312
f  2178/2426/2318 3321/2603/2463 3236/2596/2458 2173/2421/2313
f  2179/2427/2319 3317/2604/2464 3232/2597/2459 2174/2422/2314
f  2180/2605/2320 3318/2606/2465 3233/2599/2460 2175/2598/2315
f  2181/2429/2321 3319/2607/2466 3234/2600/2461 2176/2424/2316
f  2182/2608/2322 3365/2609/2467 3320/2602/2462 2177/2601/2317
f  2183/2431/2323 3366/2610/2468 3321/2603/2463 2178/2426/2318
f  2184/2432/2324 3362/2611/2469 3317/2604/2464 2179/2427/2319
f  2185/2612/2325 3363/2613/2470 3318/2606/2465 2180/2605/2320
f  2186/2434/2326 3364/2614/2471 3319/2607/2466 2181/2429/2321
f  3365/2609/2467 2182/2608/2322 2187/2615/2327 3370/2616/2472
f  3366/2610/2468 2183/2431/2323 2188/2436/2328 3371/2617/2473
f  3362/2611/2469 2184/2432/2324 2189/2437/2329 3367/2618/2474
f  3363/2613/2470 2185/2612/2325 2190/2619/2330 3368/2620/2475
f  3364/2614/2471 2186/2434/2326 2191/2439/2331 3369/2621/2476
f  3370/2616/2472 2187/2615/2327 2192/2622/2332 3375/2623/2477
f  3371/2617/2473 2188/2436/2328 2193/2441/2333 3376/2624/2478
f  3367/2618/2474 2189/2437/2329 2194/2442/2334 3372/2625/2479
f  3368/2620/2475 2190/2619/2330 2195/2626/2335 3373/2627/2480
f  3369/2621/2476 2191/2439/2331 2196/2444/2336 3374/2628/2481
f  2197/2629/2337 3705/2630/2482 3375/2623/2477 2192/2622/2332
f  2198/2446/2338 3706/2631/2483 3376/2624/2478 2193/2441/2333
f  2199/2447/2339 3702/2632/2484 3372/2625/2479 2194/2442/2334
f  2200/2633/2340 3703/2634/2485 3373/2627/2480 2195/2626/2335
f  2201/2449/2341 3704/2635/2486 3374/2628/2481 2196/2444/2336
f  3710/2636/2487 2207/2637/2347 2212/2638/2352 3715/2639/2488
f  3711/2640/2489 2208/2456/2348 2213/2461/2353 3716/2641/2490
f  3707/2642/2491 2209/2457/2349 2214/2462/2354 3712/2643/2492
f  3708/2644/2493 2210/2645/2350 2215/2646/2355 3713/2647/2494
f  3709/2648/2495 2211/2459/2351 2216/2464/2356 3714/2649/2496
f  2217/2650/2357 3720/2651/2497 3715/2639/2488 2212/2638/2352
f  2218/2466/2358 3721/2652/2498 3716/2641/2490 2213/2461/2353
f  2219/2467/2359 3717/2653/2499 3712/2643/2492 2214/2462/2354
f  2220/2654/2360 3718/2655/2500 3713/2647/2494 2215/2646/2355
f  2221/2469/2361 3719/2656/2501 3714/2649/2496 2216/2464/2356
f  3720/2651/2497 2217/2650/2357 2222/2657/2362 3725/2658/2502
f  3721/2652/2498 2218/2466/2358 2223/2471/2363 3726/2659/2503
f  3717/2653/2499 2219/2467/2359 2224/2472/2364 3722/2660/2504
f  3718/2655/2500 2220/2654/2360 2225/2661/2365 3723/2662/2505
f  3719/2656/2501 2221/2469/2361 2226/2474/2366 3724/2663/2506
f  3725/2658/2502 2222/2657/2362 2227/2664/2367 3730/2665/2507
f  3726/2659/2503 2223/2471/2363 2228/2476/2368 3731/2666/2508
f  3722/2660/2504 2224/2472/2364 2229/2477/2369 3727/2667/2509
f  3723/2662/2505 2225/2661/2365 2230/2668/2370 3728/2669/2510
f  3724/2663/2506 2226/2474/2366 2231/2479/2371 3729/2670/2511
f  2227/2664/2367 2232/2671/2372 3735/2672/2512 3730/2665/2507
f  2228/2476/2368 2233/2481/2373 3736/2673/2513 3731/2666/2508
f  2229/2477/2369 2234/2482/2374 3732/2674/2514 3727/2667/2509
f  2230/2668/2370 2235/2675/2375 3733/2676/2515 3728/2669/2510
f  2231/2479/2371 2236/2484/2376 3734/2677/2516 3729/2670/2511
f  2232/2671/2372 2237/2678/2377 3740/2679/2517 3735/2672/2512
f  2233/2481/2373 2238/2486/2378 3741/2680/2518 3736/2673/2513
f  2234/2482/2374 2239/2487/2379 3737/2681/2519 3732/2674/2514
f  2235/2675/2375 2240/2682/2380 3738/2683/2520 3733/2676/2515
f  2236/2484/2376 2241/2489/2381 3739/2684/2521 3734/2677/2516
f  2237/2678/2377 2242/2685/2382 3745/2686/2522 3740/2679/2517
f  2238/2486/2378 2243/2491/2383 3746/2687/2523 3741/2680/2518
f  2239/2487/2379 2244/2493/2384 3742/2688/2524 3737/2681/2519
f  2240/2682/2380 2245/2689/2385 3743/2690/2525 3738/2683/2520
f  2241/2489/2381 2246/2495/2386 3744/2691/2526 3739/2684/2521
f  3745/2686/2522 2242/2685/2382 2247/2502/2387 3750/2692/2527
f  3746/2687/2523 2243/2491/2383 2248/2498/2388 3751/2693/2528
f  3742/2688/2524 2244/2493/2384 2249/2499/2389 3747/2694/2529
f  3743/2690/2525 2245/2689/2385 2250/2507/2390 3748/2695/2530
f  3744/2691/2526 2246/2495/2386 2251/2501/2391 3749/2696/2531
f  2252/2503/2392 3490/2697/2532 3750/2692/2527 2247/2502/2387
f  2253/2505/2393 3491/2698/2533 3751/2693/2528 2248/2498/2388
f  2254/2506/2394 3487/2699/2534 3747/2694/2529 2249/2499/2389
f  2255/2509/2395 3488/2700/2535 3748/2695/2530 2250/2507/2390
f  2256/2511/2396 3489/2701/2536 3749/2696/2531 2251/2501/2391
f  2257/2512/2397 3485/2702/2537 3490/2697/2532 2252/2503/2392
f  2258/2703/2398 3486/2704/2538 3491/2698/2533 2253/2505/2393
f  2259/2515/2399 3482/2705/2539 3487/2699/2534 2254/2506/2394
f  2260/2516/2400 3483/2706/2540 3488/2700/2535 2255/2509/2395
f  2261/2707/2401 3484/2708/2541 3489/2701/2536 2256/2511/2396
f  3485/2702/2537 2257/2512/2397 2505/2519/2402 3480/2709/2542
f  3486/2704/2538 2258/2703/2398 2506/2710/2403 3481/2711/2543
f  3482/2705/2539 2259/2515/2399 2502/2521/2404 3477/2712/2544
f  3483/2706/2540 2260/2516/2400 2503/2522/2405 3478/2713/2545
f  3484/2708/2541 2261/2707/2401 2504/2714/2406 3479/2715/2546
f  2500/2190/2109 2262/2140/2064 2267/2123/2049 2495/2716/2547
f  2501/2193/2112 2263/2143/2067 2268/2126/2052 2496/2717/2548
f  2497/2196/2115 2264/2146/2070 2269/2130/2055 2492/2718/2549
f  2498/2199/2118 2265/2150/2073 2270/2133/2058 2493/2719/2550
f  2494/2720/2551 2499/2202/2121 2266/2153/2076 2271/2137/2061
f  2267/2123/2049 2272/2106/2034 2490/2721/2552 2495/2716/2547
f  2268/2126/2052 2273/2109/2037 2491/2722/2553 2496/2717/2548
f  2269/2130/2055 2274/2112/2040 2487/2723/2554 2492/2718/2549
f  2270/2133/2058 2275/2116/2043 2488/2724/2555 2493/2719/2550
f  2271/2137/2061 2276/2120/2046 2489/2725/2556 2494/2720/2551
f  2485/2726/2557 2490/2721/2552 2272/2106/2034 2277/2089/2019
f  2486/2727/2558 2491/2722/2553 2273/2109/2037 2278/2092/2022
f  2482/2728/2559 2487/2723/2554 2274/2112/2040 2279/2096/2025
f  2483/2729/2560 2488/2724/2555 2275/2116/2043 2280/2100/2028
f  2484/2730/2561 2489/2725/2556 2276/2120/2046 2281/2103/2031
f  2277/2089/2019 2282/2072/2004 2480/2731/2562 2485/2726/2557
f  2278/2092/2022 2283/2075/2007 2481/2732/2563 2486/2727/2558
f  2279/2096/2025 2284/2078/2010 2477/2733/2564 2482/2728/2559
f  2280/2100/2028 2285/2082/2013 2478/2734/2565 2483/2729/2560
f  2281/2103/2031 2286/2086/2016 2479/2735/2566 2484/2730/2561
f  2480/2731/2562 2282/2072/2004 2287/2055/1989 2475/2736/2567
f  2481/2732/2563 2283/2075/2007 2288/2058/1992 2476/2737/2568
f  2477/2733/2564 2284/2078/2010 2289/2061/1995 2472/2738/2569
f  2478/2734/2565 2285/2082/2013 2290/2065/1998 2473/2739/2570
f  2479/2735/2566 2286/2086/2016 2291/2069/2001 2474/2740/2571
f  2470/2741/2572 2475/2736/2567 2287/2055/1989 2292/2038/1974
f  2471/2742/2573 2476/2737/2568 2288/2058/1992 2293/2041/1977
f  2467/2743/2574 2472/2738/2569 2289/2061/1995 2294/2045/1980
f  2468/2744/2575 2473/2739/2570 2290/2065/1998 2295/2049/1983
f  2469/2745/2576 2474/2740/2571 2291/2069/2001 2296/2052/1986
f  2297/2021/1959 2465/2746/2577 2470/2741/2572 2292/2038/1974
f  2298/2024/1962 2466/2747/2578 2471/2742/2573 2293/2041/1977
f  2299/2027/1965 2462/2748/2579 2467/2743/2574 2294/2045/1980
f  2300/2031/1968 2463/2749/2580 2468/2744/2575 2295/2049/1983
f  2301/2035/1971 2464/2750/2581 2469/2745/2576 2296/2052/1986
f  2465/2746/2577 2297/2021/1959 2302/2004/1944 2457/2751/2582
f  2466/2747/2578 2298/2024/1962 2303/2007/1947 2458/2752/2583
f  2462/2748/2579 2299/2027/1965 2304/2010/1950 2459/2753/2584
f  2463/2749/2580 2300/2031/1968 2305/2014/1953 2460/2754/2585
f  2464/2750/2581 2301/2035/1971 2306/2018/1956 2461/2755/2586
f  2452/2756/2587 2457/2751/2582 2302/2004/1944 2307/1987/1929
f  2453/2757/2588 2458/2752/2583 2303/2007/1947 2308/1990/1932
f  2454/2758/2589 2459/2753/2584 2304/2010/1950 2309/1993/1935
f  2455/2759/2590 2460/2754/2585 2305/2014/1953 2310/1997/1938
f  2456/2760/2591 2461/2755/2586 2306/2018/1956 2311/2001/1941
f  2312/1970/1914 2447/2761/2592 2452/2756/2587 2307/1987/1929
f  2313/1973/1917 2448/2762/2593 2453/2757/2588 2308/1990/1932
f  2314/1976/1920 2449/2763/2594 2454/2758/2589 2309/1993/1935
f  2315/1980/1923 2450/2764/2595 2455/2759/2590 2310/1997/1938
f  2316/1984/1926 2451/2765/2596 2456/2760/2591 2311/2001/1941
f  2447/2761/2592 2312/1970/1914 2317/1953/1899 2442/2766/2597
f  2448/2762/2593 2313/1973/1917 2318/1956/1902 2443/2767/2598
f  2449/2763/2594 2314/1976/1920 2319/1959/1905 2444/2768/2599
f  2450/2764/2595 2315/1980/1923 2320/1963/1908 2445/2769/2600
f  2451/2765/2596 2316/1984/1926 2321/1967/1911 2446/2770/2601
f  2317/1953/1899 2322/1936/1884 2437/2771/2602 2442/2766/2597
f  2318/1956/1902 2323/1939/1887 2438/2772/2603 2443/2767/2598
f  2319/1959/1905 2324/1942/1890 2439/2773/2604 2444/2768/2599
f  2320/1963/1908 2325/1946/1893 2440/2774/2605 2445/2769/2600
f  2321/1967/1911 2326/1950/1896 2441/2775/2606 2446/2770/2601
f  2437/2771/2602 2322/1936/1884 2327/1919/1869 2432/2776/2607
f  2438/2772/2603 2323/1939/1887 2328/1922/1872 2433/2777/2608
f  2439/2773/2604 2324/1942/1890 2329/1925/1875 2434/2778/2609
f  2440/2774/2605 2325/1946/1893 2330/1929/1878 2435/2779/2610
f  2441/2775/2606 2326/1950/1896 2331/1933/1881 2436/2780/2611
f  2432/2776/2607 2327/1919/1869 2332/1902/1854 2427/2781/2612
f  2433/2777/2608 2328/1922/1872 2333/1905/1857 2428/2782/2613
f  2434/2778/2609 2329/1925/1875 2334/1908/1860 2429/2783/2614
f  2435/2779/2610 2330/1929/1878 2335/1912/1863 2430/2784/2615
f  2436/2780/2611 2331/1933/1881 2336/1916/1866 2431/2785/2616
f  2337/1885/1839 2422/2786/2617 2427/2781/2612 2332/1902/1854
f  2338/1888/1842 2423/2787/2618 2428/2782/2613 2333/1905/1857
f  2339/1891/1845 2424/2788/2619 2429/2783/2614 2334/1908/1860
f  2340/1895/1848 2425/2789/2620 2430/2784/2615 2335/1912/1863
f  2341/1899/1851 2426/2790/2621 2431/2785/2616 2336/1916/1866
f  2422/2786/2617 2337/1885/1839 2342/1868/1824 2417/2791/2622
f  2423/2787/2618 2338/1888/1842 2343/1871/1827 2418/2792/2623
f  2424/2788/2619 2339/1891/1845 2344/1874/1830 2419/2793/2624
f  2425/2789/2620 2340/1895/1848 2345/1878/1833 2420/2794/2625
f  2426/2790/2621 2341/1899/1851 2346/1882/1836 2421/2795/2626
f  2417/2791/2622 2342/1868/1824 2347/1851/1809 2412/2796/2627
f  2418/2792/2623 2343/1871/1827 2348/1854/1812 2413/2797/2628
f  2419/2793/2624 2344/1874/1830 2349/1857/1815 2414/2798/2629
f  2420/2794/2625 2345/1878/1833 2350/1861/1818 2415/2799/2630
f  2421/2795/2626 2346/1882/1836 2351/1865/1821 2416/2800/2631
f  2352/1812/1776 2407/2801/2632 2412/2796/2627 2347/1851/1809
f  2353/1819/1783 2408/2802/2633 2413/2797/2628 2348/1854/1812
f  2354/1826/1790 2409/2803/2634 2414/2798/2629 2349/1857/1815
f  2355/1836/1797 2410/2804/2635 2415/2799/2630 2350/1861/1818
f  2356/1846/1804 2411/2805/2636 2416/2800/2631 2351/1865/1821
f  2407/2801/2632 2352/1812/1776 2357/1813/1777 2402/2806/2637
f  2408/2802/2633 2353/1819/1783 2358/1820/1784 2403/2807/2638
f  2409/2803/2634 2354/1826/1790 2359/1829/1791 2404/2808/2639
f  2410/2804/2635 2355/1836/1797 2360/1839/1798 2405/2809/2640
f  2411/2805/2636 2356/1846/1804 2361/1847/1805 2406/2810/2641
f  2362/1814/1778 2397/2811/2642 2402/2806/2637 2357/1813/1777
f  2363/1821/1785 2398/2812/2643 2403/2807/2638 2358/1820/1784
f  2364/2813/1792 2399/2814/2644 2404/2808/2639 2359/1829/1791
f  2365/1841/1799 2400/2815/2645 2405/2809/2640 2360/1839/1798
f  2366/1848/1806 2401/2816/2646 2406/2810/2641 2361/1847/1805
f  2397/2811/2642 2362/1814/1778 2367/2180/2102 2392/2817/2647
f  2398/2812/2643 2363/1821/1785 2368/2181/2103 2393/2818/2648
f  2399/2814/2644 2364/2813/1792 2369/2819/2104 2394/2820/2649
f  2400/2815/2645 2365/1841/1799 2370/2184/2105 2395/2821/2650
f  2401/2816/2646 2366/1848/1806 2371/2185/2106 2396/2822/2651
f  2392/2817/2647 2367/2180/2102 2372/1807/1771 2387/2823/2652
f  2393/2818/2648 2368/2181/2103 2373/1802/1767 2388/2824/2653
f  2394/2820/2649 2369/2819/2104 2374/2825/1768 2389/2826/2654
f  2395/2821/2650 2370/2184/2105 2375/1804/1769 2390/2827/2655
f  2396/2822/2651 2371/2185/2106 2376/1806/1770 2391/2828/2656
f  2387/2823/2652 2372/1807/1771 2377/1791/1756 2382/2364/2256
f  2388/2824/2653 2373/1802/1767 2378/1778/1744 2383/2359/2252
f  2389/2826/2654 2374/2825/1768 2379/2361/1747 2384/2360/2253
f  2390/2827/2655 2375/1804/1769 2380/1784/1750 2385/2362/2254
f  2391/2828/2656 2376/1806/1770 2381/1788/1753 2386/2363/2255
f  2387/2823/2652 2382/2364/2256 2684/2379/2271 2610/2829/2657
f  2388/2824/2653 2383/2359/2252 2685/2367/2259 2611/2830/2658
f  2389/2826/2654 2384/2360/2253 2686/2370/2262 2607/2831/2659
f  2390/2827/2655 2385/2362/2254 2682/2373/2265 2608/2832/2660
f  2391/2828/2656 2386/2363/2255 2683/2376/2268 2609/2833/2661
f  2387/2823/2652 2610/2829/2657 2605/2834/2662 2392/2817/2647
f  2388/2824/2653 2611/2830/2658 2606/2835/2663 2393/2818/2648
f  2389/2826/2654 2607/2831/2659 2602/2836/2664 2394/2820/2649
f  2390/2827/2655 2608/2832/2660 2603/2837/2665 2395/2821/2650
f  2391/2828/2656 2609/2833/2661 2604/2838/2666 2396/2822/2651
f  2392/2817/2647 2605/2834/2662 2600/2839/2667 2397/2811/2642
f  2393/2818/2648 2606/2835/2663 2601/2840/2668 2398/2812/2643
f  2394/2820/2649 2602/2836/2664 2597/2841/2669 2399/2814/2644
f  2395/2821/2650 2603/2837/2665 2598/2842/2670 2400/2815/2645
f  2396/2822/2651 2604/2838/2666 2599/2843/2671 2401/2816/2646
f  2595/2844/2672 2402/2806/2637 2397/2811/2642 2600/2839/2667
f  2596/2845/2673 2403/2807/2638 2398/2812/2643 2601/2840/2668
f  2592/2846/2674 2404/2808/2639 2399/2814/2644 2597/2841/2669
f  2593/2847/2675 2405/2809/2640 2400/2815/2645 2598/2842/2670
f  2594/2848/2676 2406/2810/2641 2401/2816/2646 2599/2843/2671
f  2590/2849/2677 2407/2801/2632 2402/2806/2637 2595/2844/2672
f  2591/2850/2678 2408/2802/2633 2403/2807/2638 2596/2845/2673
f  2587/2851/2679 2409/2803/2634 2404/2808/2639 2592/2846/2674
f  2588/2852/2680 2410/2804/2635 2405/2809/2640 2593/2847/2675
f  2589/2853/2681 2411/2805/2636 2406/2810/2641 2594/2848/2676
f  2585/2854/2682 2412/2796/2627 2407/2801/2632 2590/2849/2677
f  2586/2855/2683 2413/2797/2628 2408/2802/2633 2591/2850/2678
f  2582/2856/2684 2414/2798/2629 2409/2803/2634 2587/2851/2679
f  2583/2857/2685 2415/2799/2630 2410/2804/2635 2588/2852/2680
f  2584/2858/2686 2416/2800/2631 2411/2805/2636 2589/2853/2681
f  2412/2796/2627 2585/2854/2682 2580/2859/2687 2417/2791/2622
f  2413/2797/2628 2586/2855/2683 2581/2860/2688 2418/2792/2623
f  2414/2798/2629 2582/2856/2684 2577/2861/2689 2419/2793/2624
f  2415/2799/2630 2583/2857/2685 2578/2862/2690 2420/2794/2625
f  2416/2800/2631 2584/2858/2686 2579/2863/2691 2421/2795/2626
f  2575/2864/2692 2422/2786/2617 2417/2791/2622 2580/2859/2687
f  2576/2865/2693 2423/2787/2618 2418/2792/2623 2581/2860/2688
f  2572/2866/2694 2424/2788/2619 2419/2793/2624 2577/2861/2689
f  2573/2867/2695 2425/2789/2620 2420/2794/2625 2578/2862/2690
f  2574/2868/2696 2426/2790/2621 2421/2795/2626 2579/2863/2691
f  2570/2869/2697 2427/2781/2612 2422/2786/2617 2575/2864/2692
f  2571/2870/2698 2428/2782/2613 2423/2787/2618 2576/2865/2693
f  2567/2871/2699 2429/2783/2614 2424/2788/2619 2572/2866/2694
f  2568/2872/2700 2430/2784/2615 2425/2789/2620 2573/2867/2695
f  2569/2873/2701 2431/2785/2616 2426/2790/2621 2574/2868/2696
f  2427/2781/2612 2570/2869/2697 2565/2874/2702 2432/2776/2607
f  2428/2782/2613 2571/2870/2698 2566/2875/2703 2433/2777/2608
f  2429/2783/2614 2567/2871/2699 2562/2876/2704 2434/2778/2609
f  2430/2784/2615 2568/2872/2700 2563/2877/2705 2435/2779/2610
f  2431/2785/2616 2569/2873/2701 2564/2878/2706 2436/2780/2611
f  2432/2776/2607 2565/2874/2702 2560/2879/2707 2437/2771/2602
f  2433/2777/2608 2566/2875/2703 2561/2880/2708 2438/2772/2603
f  2434/2778/2609 2562/2876/2704 2557/2881/2709 2439/2773/2604
f  2435/2779/2610 2563/2877/2705 2558/2882/2710 2440/2774/2605
f  2436/2780/2611 2564/2878/2706 2559/2883/2711 2441/2775/2606
f  2555/2884/2712 2442/2766/2597 2437/2771/2602 2560/2879/2707
f  2556/2885/2713 2443/2767/2598 2438/2772/2603 2561/2880/2708
f  2552/2886/2714 2444/2768/2599 2439/2773/2604 2557/2881/2709
f  2553/2887/2715 2445/2769/2600 2440/2774/2605 2558/2882/2710
f  2554/2888/2716 2446/2770/2601 2441/2775/2606 2559/2883/2711
f  2447/2761/2592 2442/2766/2597 2555/2884/2712 2550/2889/2717
f  2551/2890/2718 2448/2762/2593 2443/2767/2598 2556/2885/2713
f  2449/2763/2594 2444/2768/2599 2552/2886/2714 2547/2891/2719
f  2450/2764/2595 2445/2769/2600 2553/2887/2715 2548/2892/2720
f  2451/2765/2596 2446/2770/2601 2554/2888/2716 2549/2893/2721
f  2457/2751/2582 2545/2894/2722 2540/2895/2723 2465/2746/2577
f  2458/2752/2583 2546/2896/2724 2541/2897/2725 2466/2747/2578
f  2459/2753/2584 2542/2898/2726 2537/2899/2727 2462/2748/2579
f  2460/2754/2585 2543/2900/2728 2538/2901/2729 2463/2749/2580
f  2461/2755/2586 2544/2902/2730 2539/2903/2731 2464/2750/2581
f  2532/2904/2732 2467/2743/2574 2462/2748/2579 2537/2899/2727
f  2533/2905/2733 2468/2744/2575 2463/2749/2580 2538/2901/2729
f  2534/2906/2734 2469/2745/2576 2464/2750/2581 2539/2903/2731
f  2535/2907/2735 2470/2741/2572 2465/2746/2577 2540/2895/2723
f  2536/2908/2736 2471/2742/2573 2466/2747/2578 2541/2897/2725
f  2527/2909/2737 2472/2738/2569 2467/2743/2574 2532/2904/2732
f  2528/2910/2738 2473/2739/2570 2468/2744/2575 2533/2905/2733
f  2529/2911/2739 2474/2740/2571 2469/2745/2576 2534/2906/2734
f  2530/2912/2740 2475/2736/2567 2470/2741/2572 2535/2907/2735
f  2531/2913/2741 2476/2737/2568 2471/2742/2573 2536/2908/2736
f  2477/2733/2564 2472/2738/2569 2527/2909/2737 2522/2914/2742
f  2478/2734/2565 2473/2739/2570 2528/2910/2738 2523/2915/2743
f  2479/2735/2566 2474/2740/2571 2529/2911/2739 2524/2916/2744
f  2480/2731/2562 2475/2736/2567 2530/2912/2740 2525/2917/2745
f  2481/2732/2563 2476/2737/2568 2531/2913/2741 2526/2918/2746
f  2477/2733/2564 2522/2914/2742 2517/2919/2747 2482/2728/2559
f  2478/2734/2565 2523/2915/2743 2518/2920/2748 2483/2729/2560
f  2479/2735/2566 2524/2916/2744 2519/2921/2749 2484/2730/2561
f  2480/2731/2562 2525/2917/2745 2520/2922/2750 2485/2726/2557
f  2481/2732/2563 2526/2918/2746 2521/2923/2751 2486/2727/2558
f  2512/2924/2752 2487/2723/2554 2482/2728/2559 2517/2919/2747
f  2513/2925/2753 2488/2724/2555 2483/2729/2560 2518/2920/2748
f  2514/2926/2754 2489/2725/2556 2484/2730/2561 2519/2921/2749
f  2515/2927/2755 2490/2721/2552 2485/2726/2557 2520/2922/2750
f  2516/2928/2756 2491/2722/2553 2486/2727/2558 2521/2923/2751
f  2507/2929/2757 2492/2718/2549 2487/2723/2554 2512/2924/2752
f  2508/2930/2758 2493/2719/2550 2488/2724/2555 2513/2925/2753
f  2509/2931/2759 2494/2720/2551 2489/2725/2556 2514/2926/2754
f  2510/2932/2760 2495/2716/2547 2490/2721/2552 2515/2927/2755
f  2511/2933/2761 2496/2717/2548 2491/2722/2553 2516/2928/2756
f  2497/2196/2115 2492/2718/2549 2507/2929/2757 2502/2521/2404
f  2498/2199/2118 2493/2719/2550 2508/2930/2758 2503/2522/2405
f  2504/2523/2406 2499/2202/2121 2494/2720/2551 2509/2931/2759
f  2500/2190/2109 2495/2716/2547 2510/2932/2760 2505/2519/2402
f  2501/2193/2112 2496/2717/2548 2511/2933/2761 2506/2520/2403
f  3477/2712/2544 2502/2521/2404 2507/2929/2757 3472/2934/2762
f  3478/2713/2545 2503/2522/2405 2508/2930/2758 3473/2935/2763
f  3479/2715/2546 2504/2714/2406 2509/2936/2759 3474/2937/2764
f  3480/2709/2542 2505/2519/2402 2510/2932/2760 3475/2938/2765
f  3481/2711/2543 2506/2710/2403 2511/2939/2761 3476/2940/2766
f  2512/2924/2752 3467/2941/2767 3472/2934/2762 2507/2929/2757
f  2513/2925/2753 3468/2942/2768 3473/2935/2763 2508/2930/2758
f  2514/2943/2754 3469/2944/2769 3474/2937/2764 2509/2936/2759
f  2515/2927/2755 3470/2945/2770 3475/2938/2765 2510/2932/2760
f  2516/2946/2756 3471/2947/2771 3476/2940/2766 2511/2939/2761
f  3467/2941/2767 2512/2924/2752 2517/2919/2747 3462/2948/2772
f  3468/2942/2768 2513/2925/2753 2518/2920/2748 3463/2949/2773
f  3469/2944/2769 2514/2943/2754 2519/2950/2749 3464/2951/2774
f  3470/2945/2770 2515/2927/2755 2520/2922/2750 3465/2952/2775
f  3471/2947/2771 2516/2946/2756 2521/2953/2751 3466/2954/2776
f  2522/2914/2742 3457/2955/2777 3462/2948/2772 2517/2919/2747
f  2523/2915/2743 3458/2956/2778 3463/2949/2773 2518/2920/2748
f  2524/2957/2744 3459/2958/2779 3464/2951/2774 2519/2950/2749
f  2525/2917/2745 3460/2959/2780 3465/2952/2775 2520/2922/2750
f  2526/2960/2746 3461/2961/2781 3466/2954/2776 2521/2953/2751
f  2527/2909/2737 3452/2962/2782 3457/2955/2777 2522/2914/2742
f  2528/2910/2738 3453/2963/2783 3458/2956/2778 2523/2915/2743
f  2529/2964/2739 3454/2965/2784 3459/2958/2779 2524/2957/2744
f  2530/2912/2740 3455/2966/2785 3460/2959/2780 2525/2917/2745
f  2531/2967/2741 3456/2968/2786 3461/2961/2781 2526/2960/2746
f  3452/2962/2782 2527/2909/2737 2532/2904/2732 3447/2969/2787
f  3453/2963/2783 2528/2910/2738 2533/2905/2733 3448/2970/2788
f  3454/2965/2784 2529/2964/2739 2534/2971/2734 3449/2972/2789
f  3455/2966/2785 2530/2912/2740 2535/2907/2735 3450/2973/2790
f  3456/2968/2786 2531/2967/2741 2536/2974/2736 3451/2975/2791
f  3447/2969/2787 2532/2904/2732 2537/2899/2727 3322/2976/2792
f  3448/2970/2788 2533/2905/2733 2538/2901/2729 3323/2977/2793
f  3449/2972/2789 2534/2971/2734 2539/2978/2731 3324/2979/2794
f  3450/2973/2790 2535/2907/2735 2540/2895/2723 3325/2980/2795
f  3451/2975/2791 2536/2974/2736 2541/2981/2725 3326/2982/2796
f  2542/2898/2726 3277/2983/2797 3322/2976/2792 2537/2899/2727
f  2543/2900/2728 3278/2984/2798 3323/2977/2793 2538/2901/2729
f  2544/2985/2730 3279/2986/2799 3324/2979/2794 2539/2978/2731
f  2545/2894/2722 3280/2987/2800 3325/2980/2795 2540/2895/2723
f  2546/2988/2724 3281/2989/2801 3326/2982/2796 2541/2981/2725
f  2547/2891/2719 3272/2990/2802 3277/2983/2797 2542/2898/2726
f  2548/2892/2720 3273/2991/2803 3278/2984/2798 2543/2900/2728
f  2549/2992/2721 3274/2993/2804 3279/2986/2799 2544/2985/2730
f  2550/2889/2717 3275/2994/2805 3280/2987/2800 2545/2894/2722
f  2551/2995/2718 3276/2996/2806 3281/2989/2801 2546/2988/2724
f  3272/2990/2802 2547/2891/2719 2552/2886/2714 3187/2997/2807
f  3273/2991/2803 2548/2892/2720 2553/2887/2715 3188/2998/2808
f  3274/2993/2804 2549/2992/2721 2554/2999/2716 3189/3000/2809
f  3275/2994/2805 2550/2889/2717 2555/2884/2712 3190/3001/2810
f  3276/2996/2806 2551/2995/2718 2556/3002/2713 3191/3003/2811
f  2557/2881/2709 3182/3004/2812 3187/2997/2807 2552/2886/2714
f  2558/2882/2710 3183/3005/2813 3188/2998/2808 2553/2887/2715
f  2559/3006/2711 3184/3007/2814 3189/3000/2809 2554/2999/2716
f  2560/2879/2707 3185/3008/2815 3190/3001/2810 2555/2884/2712
f  2561/3009/2708 3186/3010/2816 3191/3003/2811 2556/3002/2713
f  3182/3004/2812 2557/2881/2709 2562/2876/2704 3097/3011/2817
f  3183/3005/2813 2558/2882/2710 2563/2877/2705 3098/3012/2818
f  3184/3007/2814 2559/3006/2711 2564/3013/2706 3099/3014/2819
f  3185/3008/2815 2560/2879/2707 2565/2874/2702 3100/3015/2820
f  3186/3010/2816 2561/3009/2708 2566/3016/2703 3101/3017/2821
f  3097/3011/2817 2562/2876/2704 2567/2871/2699 3092/3018/2822
f  3098/3012/2818 2563/2877/2705 2568/2872/2700 3093/3019/2823
f  3099/3014/2819 2564/3013/2706 2569/3020/2701 3094/3021/2824
f  3100/3015/2820 2565/2874/2702 2570/2869/2697 3095/3022/2825
f  3101/3017/2821 2566/3016/2703 2571/3023/2698 3096/3024/2826
f  3092/3018/2822 2567/2871/2699 2572/2866/2694 3007/3025/2827
f  3093/3019/2823 2568/2872/2700 2573/2867/2695 3008/3026/2828
f  3094/3021/2824 2569/3020/2701 2574/3027/2696 3009/3028/2829
f  3095/3022/2825 2570/2869/2697 2575/2864/2692 3010/3029/2830
f  3096/3024/2826 2571/3023/2698 2576/3030/2693 3011/3031/2831
f  2577/2861/2689 3002/3032/2832 3007/3025/2827 2572/2866/2694
f  2578/2862/2690 3003/3033/2833 3008/3026/2828 2573/2867/2695
f  2579/3034/2691 3004/3035/2834 3009/3028/2829 2574/3027/2696
f  2580/2859/2687 3005/3036/2835 3010/3029/2830 2575/2864/2692
f  2581/3037/2688 3006/3038/2836 3011/3031/2831 2576/3030/2693
f  2582/2856/2684 2917/3039/2837 3002/3032/2832 2577/2861/2689
f  2583/2857/2685 2918/3040/2838 3003/3033/2833 2578/2862/2690
f  2584/3041/2686 2919/3042/2839 3004/3035/2834 2579/3034/2691
f  2585/2854/2682 2920/3043/2840 3005/3036/2835 2580/2859/2687
f  2586/3044/2683 2921/3045/2841 3006/3038/2836 2581/3037/2688
f  2917/3039/2837 2582/2856/2684 2587/2851/2679 2912/3046/2842
f  2918/3040/2838 2583/2857/2685 2588/2852/2680 2913/3047/2843
f  2919/3042/2839 2584/3041/2686 2589/3048/2681 2914/3049/2844
f  2920/3043/2840 2585/2854/2682 2590/2849/2677 2915/3050/2845
f  2921/3045/2841 2586/3044/2683 2591/3051/2678 2916/3052/2846
f  2912/3046/2842 2587/2851/2679 2592/2846/2674 2822/3053/2847
f  2913/3047/2843 2588/2852/2680 2593/2847/2675 2823/3054/2848
f  2914/3049/2844 2589/3048/2681 2594/3055/2676 2824/3056/2849
f  2915/3050/2845 2590/2849/2677 2595/2844/2672 2825/3057/2850
f  2916/3052/2846 2591/3051/2678 2596/3058/2673 2826/3059/2851
f  2822/3053/2847 2592/2846/2674 2597/2841/2669 2617/3060/2852
f  2823/3054/2848 2593/2847/2675 2598/2842/2670 2618/3061/2853
f  2824/3056/2849 2594/3055/2676 2599/3062/2671 2619/3063/2854
f  2825/3057/2850 2595/2844/2672 2600/2839/2667 2620/3064/2855
f  2826/3059/2851 2596/3058/2673 2601/3065/2668 2621/3066/2856
f  2597/2841/2669 2602/2836/2664 2612/3067/2857 2617/3060/2852
f  2598/2842/2670 2603/2837/2665 2613/3068/2858 2618/3061/2853
f  2599/3062/2671 2604/3069/2666 2614/3070/2859 2619/3063/2854
f  2600/2839/2667 2605/2834/2662 2615/3071/2860 2620/3064/2855
f  2601/3065/2668 2606/3072/2663 2616/3073/2861 2621/3066/2856
f  2602/2836/2664 2607/2831/2659 2747/3074/2862 2612/3067/2857
f  2603/2837/2665 2608/2832/2660 2748/3075/2863 2613/3068/2858
f  2604/3069/2666 2609/3076/2661 2749/3077/2864 2614/3070/2859
f  2605/2834/2662 2610/2829/2657 2750/3078/2865 2615/3071/2860
f  2606/3072/2663 2611/3079/2658 2751/3080/2866 2616/3073/2861
f  2726/3081/2867 2607/2831/2659 2686/2370/2262 2671/3082/2868
f  2747/3074/2862 2607/2831/2659 2726/3081/2867 2756/3083/2869
f  2722/3084/2870 2608/2832/2660 2682/2373/2265 2667/3085/2871
f  2748/3075/2863 2608/2832/2660 2722/3084/2870 2752/3086/2872
f  2723/3087/2873 2609/3076/2661 2683/3088/2268 2668/3089/2874
f  2749/3077/2864 2609/3076/2661 2723/3087/2873 2753/3090/2875
f  2724/3091/2876 2610/2829/2657 2684/2379/2271 2669/3092/2877
f  2750/3078/2865 2610/2829/2657 2724/3091/2876 2754/3093/2878
f  2725/3094/2879 2611/3079/2658 2685/3095/2259 2670/3096/2880
f  2751/3080/2866 2611/3079/2658 2725/3094/2879 2755/3097/2881
f  2627/3098/2882 2622/3099/2883 2617/3060/2852 2612/3067/2857
f  2612/3067/2857 2747/3074/2862 2742/3100/2884 2627/3098/2882
f  2628/3101/2885 2623/3102/2886 2618/3061/2853 2613/3068/2858
f  2613/3068/2858 2748/3075/2863 2743/3103/2887 2628/3101/2885
f  2629/3104/2888 2624/3105/2889 2619/3063/2854 2614/3070/2859
f  2614/3070/2859 2749/3077/2864 2744/3106/2890 2629/3104/2888
f  2630/3107/2891 2625/3108/2892 2620/3064/2855 2615/3071/2860
f  2615/3071/2860 2750/3078/2865 2745/3109/2893 2630/3107/2891
f  2631/3110/2894 2626/3111/2895 2621/3066/2856 2616/3073/2861
f  2616/3073/2861 2751/3080/2866 2746/3112/2896 2631/3110/2894
f  2622/3099/2883 2827/3113/2897 2822/3053/2847 2617/3060/2852
f  2623/3102/2886 2828/3114/2898 2823/3054/2848 2618/3061/2853
f  2624/3105/2889 2829/3115/2899 2824/3056/2849 2619/3063/2854
f  2625/3108/2892 2830/3116/2900 2825/3057/2850 2620/3064/2855
f  2626/3111/2895 2831/3117/2901 2826/3059/2851 2621/3066/2856
f  2627/3098/2882 2632/3118/2902 2637/3119/2903 2622/3099/2883
f  2622/3099/2883 2637/3119/2903 2832/3120/2904 2827/3113/2897
f  2628/3101/2885 2633/3121/2905 2638/3122/2906 2623/3102/2886
f  2623/3102/2886 2638/3122/2906 2833/3123/2907 2828/3114/2898
f  2629/3104/2888 2634/3124/2908 2639/3125/2909 2624/3105/2889
f  2624/3105/2889 2639/3125/2909 2834/3126/2910 2829/3115/2899
f  2630/3107/2891 2635/3127/2911 2640/3128/2912 2625/3108/2892
f  2625/3108/2892 2640/3128/2912 2835/3129/2913 2830/3116/2900
f  2631/3110/2894 2636/3130/2914 2641/3131/2915 2626/3111/2895
f  2626/3111/2895 2641/3131/2915 2836/3132/2916 2831/3117/2901
f  2742/3100/2884 2737/3133/2917 2632/3118/2902 2627/3098/2882
f  2743/3103/2887 2738/3134/2918 2633/3121/2905 2628/3101/2885
f  2744/3106/2890 2739/3135/2919 2634/3124/2908 2629/3104/2888
f  2745/3109/2893 2740/3136/2920 2635/3127/2911 2630/3107/2891
f  2746/3112/2896 2741/3137/2921 2636/3130/2914 2631/3110/2894
f  2687/3138/2922 2637/3119/2903 2632/3118/2902 2688/3139/2923
f  2688/3139/2923 2632/3118/2902 2737/3133/2917 2732/3140/2924
f  2689/3141/2925 2638/3122/2906 2633/3121/2905 2690/3142/2926
f  2690/3142/2926 2633/3121/2905 2738/3134/2918 2733/3143/2927
f  2691/3144/2928 2639/3125/2909 2634/3124/2908 2692/3145/2929
f  2692/3145/2929 2634/3124/2908 2739/3135/2919 2734/3146/2930
f  2693/3147/2931 2640/3128/2912 2635/3127/2911 2694/3148/2932
f  2694/3148/2932 2635/3127/2911 2740/3136/2920 2735/3149/2933
f  2695/3150/2934 2641/3131/2915 2636/3130/2914 2696/3151/2935
f  2696/3151/2935 2636/3130/2914 2741/3137/2921 2736/3152/2936
f  2837/3153/2937 2832/3120/2904 2637/3119/2903 2687/3138/2922
f  2838/3154/2938 2833/3123/2907 2638/3122/2906 2689/3141/2925
f  2839/3155/2939 2834/3126/2910 2639/3125/2909 2691/3144/2928
f  2840/3156/2940 2835/3129/2913 2640/3128/2912 2693/3147/2931
f  2841/3157/2941 2836/3132/2916 2641/3131/2915 2695/3150/2934
f  2847/3158/2942 2687/3138/2922 2688/3139/2923 2642/3159/2943
f  2698/3160/2944 2847/3158/2942 2642/3159/2943 2697/3161/2945
f  2642/3159/2943 2688/3139/2923 2732/3140/2924 2727/3162/2946
f  2707/3163/2947 2697/3161/2945 2642/3159/2943 2727/3162/2946
f  2848/3164/2948 2689/3141/2925 2690/3142/2926 2643/3165/2949
f  2700/3166/2950 2848/3164/2948 2643/3165/2949 2699/3167/2951
f  2643/3165/2949 2690/3142/2926 2733/3143/2927 2728/3168/2952
f  2708/3169/2953 2699/3167/2951 2643/3165/2949 2728/3168/2952
f  2849/3170/2954 2691/3144/2928 2692/3145/2929 2644/3171/2955
f  2702/3172/2956 2849/3170/2954 2644/3171/2955 2701/3173/2957
f  2644/3171/2955 2692/3145/2929 2734/3146/2930 2729/3174/2958
f  2709/3175/2959 2701/3173/2957 2644/3171/2955 2729/3174/2958
f  2850/3176/2960 2693/3147/2931 2694/3148/2932 2645/3177/2961
f  2704/3178/2962 2850/3176/2960 2645/3177/2961 2703/3179/2963
f  2645/3177/2961 2694/3148/2932 2735/3149/2933 2730/3180/2964
f  2710/3181/2965 2703/3179/2963 2645/3177/2961 2730/3180/2964
f  2851/3182/2966 2695/3150/2934 2696/3151/2935 2646/3183/2967
f  2706/3184/2968 2851/3182/2966 2646/3183/2967 2705/3185/2969
f  2646/3183/2967 2696/3151/2935 2736/3152/2936 2731/3186/2970
f  2711/3187/2971 2705/3185/2969 2646/3183/2967 2731/3186/2970
f  2652/3188/2972 2698/3160/2944 2697/3161/2945 2647/3189/2973
f  2647/3189/2973 2697/3161/2945 2707/3163/2947 2712/3190/2974
f  2647/3189/2973 2662/3191/2975 2657/3192/2976 2652/3188/2972
f  2712/3190/2974 2717/3193/2977 2662/3191/2975 2647/3189/2973
f  2653/3194/2978 2700/3166/2950 2699/3167/2951 2648/3195/2979
f  2648/3195/2979 2699/3167/2951 2708/3169/2953 2713/3196/2980
f  2648/3195/2979 2663/3197/2981 2658/3198/2982 2653/3194/2978
f  2713/3196/2980 2718/3199/2983 2663/3197/2981 2648/3195/2979
f  2654/3200/2984 2702/3172/2956 2701/3173/2957 2649/3201/2985
f  2649/3201/2985 2701/3173/2957 2709/3175/2959 2714/3202/2986
f  2649/3201/2985 2664/3203/2987 2659/3204/2988 2654/3200/2984
f  2714/3202/2986 2719/3205/2989 2664/3203/2987 2649/3201/2985
f  2655/3206/2990 2704/3178/2962 2703/3179/2963 2650/3207/2991
f  2650/3207/2991 2703/3179/2963 2710/3181/2965 2715/3208/2992
f  2650/3207/2991 2665/3209/2993 2660/3210/2994 2655/3206/2990
f  2715/3208/2992 2720/3211/2995 2665/3209/2993 2650/3207/2991
f  2656/3212/2996 2706/3184/2968 2705/3185/2969 2651/3213/2997
f  2651/3213/2997 2705/3185/2969 2711/3187/2971 2716/3214/2998
f  2651/3213/2997 2666/3215/2999 2661/3216/3000 2656/3212/2996
f  2716/3214/2998 2721/3217/3001 2666/3215/2999 2651/3213/2997
f  2698/3160/2944 2652/3188/2972 2857/3218/3002 2852/3219/3003
f  2652/3188/2972 2657/3192/2976 2862/3220/3004 2857/3218/3002
f  2700/3166/2950 2653/3194/2978 2858/3221/3005 2853/3222/3006
f  2653/3194/2978 2658/3198/2982 2863/3223/3007 2858/3221/3005
f  2702/3172/2956 2654/3200/2984 2859/3224/3008 2854/3225/3009
f  2654/3200/2984 2659/3204/2988 2864/3226/3010 2859/3224/3008
f  2704/3178/2962 2655/3206/2990 2860/3227/3011 2855/3228/3012
f  2655/3206/2990 2660/3210/2994 2865/3229/3013 2860/3227/3011
f  2706/3184/2968 2656/3212/2996 2861/3230/3014 2856/3231/3015
f  2656/3212/2996 2661/3216/3000 2866/3232/3016 2861/3230/3014
f  2662/3191/2975 2667/3085/2871 2672/2534/2414 2657/3192/2976
f  2867/2533/2413 2862/3220/3004 2657/3192/2976 2672/2534/2414
f  2663/3197/2981 2668/3089/2874 2673/2538/2417 2658/3198/2982
f  2868/2537/2416 2863/3223/3007 2658/3198/2982 2673/2538/2417
f  2664/3203/2987 2669/3092/2877 2674/2543/2420 2659/3204/2988
f  2869/2542/2419 2864/3226/3010 2659/3204/2988 2674/2543/2420
f  2665/3209/2993 2670/3096/2880 2675/2526/2408 2660/3210/2994
f  2870/2525/2407 2865/3229/3013 2660/3210/2994 2675/2526/2408
f  2666/3215/2999 2671/3082/2868 2676/2531/2411 2661/3216/3000
f  2871/2530/2410 2866/3232/3016 2661/3216/3000 2676/2531/2411
f  2717/3193/2977 2722/3084/2870 2667/3085/2871 2662/3191/2975
f  2718/3199/2983 2723/3087/2873 2668/3089/2874 2663/3197/2981
f  2719/3205/2989 2724/3091/2876 2669/3092/2877 2664/3203/2987
f  2720/3211/2995 2725/3094/2879 2670/3096/2880 2665/3209/2993
f  2721/3217/3001 2726/3081/2867 2671/3082/2868 2666/3215/2999
f  2687/3138/2922 2847/3158/2942 2842/3233/3017 2837/3153/2937
f  2689/3141/2925 2848/3164/2948 2843/3234/3018 2838/3154/2938
f  2691/3144/2928 2849/3170/2954 2844/3235/3019 2839/3155/2939
f  2693/3147/2931 2850/3176/2960 2845/3236/3020 2840/3156/2940
f  2695/3150/2934 2851/3182/2966 2846/3237/3021 2841/3157/2941
f  2847/3158/2942 2698/3160/2944 2852/3219/3003 2842/3233/3017
f  2848/3164/2948 2700/3166/2950 2853/3222/3006 2843/3234/3018
f  2849/3170/2954 2702/3172/2956 2854/3225/3009 2844/3235/3019
f  2850/3176/2960 2704/3178/2962 2855/3228/3012 2845/3236/3020
f  2851/3182/2966 2706/3184/2968 2856/3231/3015 2846/3237/3021
f  2707/3163/2947 2767/3238/3022 2762/3239/3023 2712/3190/2974
f  2767/3238/3022 2707/3163/2947 2727/3162/2946 2772/3240/3024
f  2708/3169/2953 2768/3241/3025 2763/3242/3026 2713/3196/2980
f  2768/3241/3025 2708/3169/2953 2728/3168/2952 2773/3243/3027
f  2709/3175/2959 2769/3244/3028 2764/3245/3029 2714/3202/2986
f  2769/3244/3028 2709/3175/2959 2729/3174/2958 2774/3246/3030
f  2710/3181/2965 2770/3247/3031 2765/3248/3032 2715/3208/2992
f  2770/3247/3031 2710/3181/2965 2730/3180/2964 2775/3249/3033
f  2711/3187/2971 2771/3250/3034 2766/3251/3035 2716/3214/2998
f  2771/3250/3034 2711/3187/2971 2731/3186/2970 2776/3252/3036
f  2717/3193/2977 2712/3190/2974 2762/3239/3023 2757/3253/3037
f  2718/3199/2983 2713/3196/2980 2763/3242/3026 2758/3254/3038
f  2719/3205/2989 2714/3202/2986 2764/3245/3029 2759/3255/3039
f  2720/3211/2995 2715/3208/2992 2765/3248/3032 2760/3256/3040
f  2721/3217/3001 2716/3214/2998 2766/3251/3035 2761/3257/3041
f  2717/3193/2977 2757/3253/3037 2752/3086/2872 2722/3084/2870
f  2718/3199/2983 2758/3254/3038 2753/3090/2875 2723/3087/2873
f  2719/3205/2989 2759/3255/3039 2754/3093/2878 2724/3091/2876
f  2720/3211/2995 2760/3256/3040 2755/3097/2881 2725/3094/2879
f  2721/3217/3001 2761/3257/3041 2756/3083/2869 2726/3081/2867
f  2732/3140/2924 2777/3258/3042 2772/3240/3024 2727/3162/2946
f  2733/3143/2927 2778/3259/3043 2773/3243/3027 2728/3168/2952
f  2734/3146/2930 2779/3260/3044 2774/3246/3030 2729/3174/2958
f  2735/3149/2933 2780/3261/3045 2775/3249/3033 2730/3180/2964
f  2736/3152/2936 2781/3262/3046 2776/3252/3036 2731/3186/2970
f  2782/3263/3047 2777/3258/3042 2732/3140/2924 2737/3133/2917
f  2783/3264/3048 2778/3259/3043 2733/3143/2927 2738/3134/2918
f  2784/3265/3049 2779/3260/3044 2734/3146/2930 2739/3135/2919
f  2785/3266/3050 2780/3261/3045 2735/3149/2933 2740/3136/2920
f  2786/3267/3051 2781/3262/3046 2736/3152/2936 2741/3137/2921
f  2787/3268/3052 2782/3263/3047 2737/3133/2917 2742/3100/2884
f  2788/3269/3053 2783/3264/3048 2738/3134/2918 2743/3103/2887
f  2789/3270/3054 2784/3265/3049 2739/3135/2919 2744/3106/2890
f  2790/3271/3055 2785/3266/3050 2740/3136/2920 2745/3109/2893
f  2791/3272/3056 2786/3267/3051 2741/3137/2921 2746/3112/2896
f  2756/3083/2869 2787/3268/3052 2742/3100/2884 2747/3074/2862
f  2752/3086/2872 2788/3269/3053 2743/3103/2887 2748/3075/2863
f  2753/3090/2875 2789/3270/3054 2744/3106/2890 2749/3077/2864
f  2754/3093/2878 2790/3271/3055 2745/3109/2893 2750/3078/2865
f  2755/3097/2881 2791/3272/3056 2746/3112/2896 2751/3080/2866
f  2757/3253/3037 2793/3273/3057 2788/3269/3053 2752/3086/2872
f  2758/3254/3038 2794/3274/3058 2789/3270/3054 2753/3090/2875
f  2759/3255/3039 2795/3275/3059 2790/3271/3055 2754/3093/2878
f  2760/3256/3040 2796/3276/3060 2791/3272/3056 2755/3097/2881
f  2761/3257/3041 2792/3277/3061 2787/3268/3052 2756/3083/2869
f  2757/3253/3037 2762/3239/3023 2817/3278/3062 2793/3273/3057
f  2758/3254/3038 2763/3242/3026 2818/3279/3063 2794/3274/3058
f  2759/3255/3039 2764/3245/3029 2819/3280/3064 2795/3275/3059
f  2760/3256/3040 2765/3248/3032 2820/3281/3065 2796/3276/3060
f  2761/3257/3041 2766/3251/3035 2821/3282/3066 2792/3277/3061
f  2812/3283/3067 2817/3278/3062 2762/3239/3023 2767/3238/3022
f  2818/3279/3063 2763/3242/3026 2768/3241/3025 2813/3284/3068
f  2819/3280/3064 2764/3245/3029 2769/3244/3028 2814/3285/3069
f  2815/3286/3070 2820/3281/3065 2765/3248/3032 2770/3247/3031
f  2816/3287/3071 2821/3282/3066 2766/3251/3035 2771/3250/3034
f  2772/3240/3024 2807/3288/3072 2812/3283/3067 2767/3238/3022
f  2773/3243/3027 2808/3289/3073 2813/3284/3068 2768/3241/3025
f  2774/3246/3030 2809/3290/3074 2814/3285/3069 2769/3244/3028
f  2775/3249/3033 2810/3291/3075 2815/3286/3070 2770/3247/3031
f  2776/3252/3036 2811/3292/3076 2816/3287/3071 2771/3250/3034
f  2802/3293/3077 2807/3288/3072 2772/3240/3024 2777/3258/3042
f  2803/3294/3078 2808/3289/3073 2773/3243/3027 2778/3259/3043
f  2804/3295/3079 2809/3290/3074 2774/3246/3030 2779/3260/3044
f  2805/3296/3080 2810/3291/3075 2775/3249/3033 2780/3261/3045
f  2806/3297/3081 2811/3292/3076 2776/3252/3036 2781/3262/3046
f  2777/3258/3042 2782/3263/3047 2797/3298/3082 2802/3293/3077
f  2778/3259/3043 2783/3264/3048 2798/3299/3083 2803/3294/3078
f  2779/3260/3044 2784/3265/3049 2799/3300/3084 2804/3295/3079
f  2780/3261/3045 2785/3266/3050 2800/3301/3085 2805/3296/3080
f  2781/3262/3046 2786/3267/3051 2801/3302/3086 2806/3297/3081
f  2787/3268/3052 2792/3277/3061 2797/3298/3082 2782/3263/3047
f  2788/3269/3053 2793/3273/3057 2798/3299/3083 2783/3264/3048
f  2789/3270/3054 2794/3274/3058 2799/3300/3084 2784/3265/3049
f  2790/3271/3055 2795/3275/3059 2800/3301/3085 2785/3266/3050
f  2791/3272/3056 2796/3276/3060 2801/3302/3086 2786/3267/3051
f  2797/3298/3082 2792/3277/3061 3837/3303/3087 3832/3304/3088
f  3837/3303/3087 2792/3277/3061 2821/3282/3066 3831/3305/3089
f  2798/3299/3083 2793/3273/3057 3838/3306/3090 3833/3307/3091
f  3838/3306/3090 2793/3273/3057 2817/3278/3062 3827/3308/3092
f  2799/3300/3084 2794/3274/3058 3839/3309/3093 3834/3310/3094
f  3839/3309/3093 2794/3274/3058 2818/3279/3063 3828/3311/3095
f  2800/3301/3085 2795/3275/3059 3840/3312/3096 3835/3313/3097
f  3840/3312/3096 2795/3275/3059 2819/3280/3064 3829/3314/3098
f  2801/3302/3086 2796/3276/3060 3841/3315/3099 3836/3316/3100
f  3841/3315/3099 2796/3276/3060 2820/3281/3065 3830/3317/3101
f  2802/3293/3077 2797/3298/3082 3832/3304/3088 3876/3318/3102
f  2803/3294/3078 2798/3299/3083 3833/3307/3091 3868/3319/3103
f  2804/3295/3079 2799/3300/3084 3834/3310/3094 3870/3320/3104
f  2805/3296/3080 2800/3301/3085 3835/3313/3097 3872/3321/3105
f  2806/3297/3081 2801/3302/3086 3836/3316/3100 3874/3322/3106
f  3817/3323/3107 2807/3288/3072 2802/3293/3077 3876/3318/3102
f  3818/3324/3108 2808/3289/3073 2803/3294/3078 3868/3319/3103
f  3819/3325/3109 2809/3290/3074 2804/3295/3079 3870/3320/3104
f  3820/3326/3110 2810/3291/3075 2805/3296/3080 3872/3321/3105
f  3821/3327/3111 2811/3292/3076 2806/3297/3081 3874/3322/3106
f  3822/3328/3112 2812/3283/3067 2807/3288/3072 3817/3323/3107
f  3823/3329/3113 2813/3284/3068 2808/3289/3073 3818/3324/3108
f  3824/3330/3114 2814/3285/3069 2809/3290/3074 3819/3325/3109
f  3825/3331/3115 2815/3286/3070 2810/3291/3075 3820/3326/3110
f  3826/3332/3116 2816/3287/3071 2811/3292/3076 3821/3327/3111
f  2812/3283/3067 3822/3328/3112 3827/3308/3092 2817/3278/3062
f  2813/3284/3068 3823/3329/3113 3828/3311/3095 2818/3279/3063
f  2814/3285/3069 3824/3330/3114 3829/3314/3098 2819/3280/3064
f  2815/3286/3070 3825/3331/3115 3830/3317/3101 2820/3281/3065
f  2816/3287/3071 3826/3332/3116 3831/3305/3089 2821/3282/3066
f  2912/3046/2842 2822/3053/2847 2827/3113/2897 2907/3333/3117
f  2913/3047/2843 2823/3054/2848 2828/3114/2898 2908/3334/3118
f  2914/3049/2844 2824/3056/2849 2829/3115/2899 2909/3335/3119
f  2915/3050/2845 2825/3057/2850 2830/3116/2900 2910/3336/3120
f  2916/3052/2846 2826/3059/2851 2831/3117/2901 2911/3337/3121
f  2907/3333/3117 2827/3113/2897 2832/3120/2904 2902/3338/3122
f  2908/3334/3118 2828/3114/2898 2833/3123/2907 2903/3339/3123
f  2909/3335/3119 2829/3115/2899 2834/3126/2910 2904/3340/3124
f  2910/3336/3120 2830/3116/2900 2835/3129/2913 2905/3341/3125
f  2911/3337/3121 2831/3117/2901 2836/3132/2916 2906/3342/3126
f  2832/3120/2904 2837/3153/2937 2897/3343/3127 2902/3338/3122
f  2833/3123/2907 2838/3154/2938 2898/3344/3128 2903/3339/3123
f  2834/3126/2910 2839/3155/2939 2899/3345/3129 2904/3340/3124
f  2835/3129/2913 2840/3156/2940 2900/3346/3130 2905/3341/3125
f  2836/3132/2916 2841/3157/2941 2901/3347/3131 2906/3342/3126
f  2892/3348/3132 2897/3343/3127 2837/3153/2937 2842/3233/3017
f  2893/3349/3133 2898/3344/3128 2838/3154/2938 2843/3234/3018
f  2894/3350/3134 2899/3345/3129 2839/3155/2939 2844/3235/3019
f  2895/3351/3135 2900/3346/3130 2840/3156/2940 2845/3236/3020
f  2896/3352/3136 2901/3347/3131 2841/3157/2941 2846/3237/3021
f  2842/3233/3017 2852/3219/3003 2887/3353/3137 2892/3348/3132
f  2843/3234/3018 2853/3222/3006 2888/3354/3138 2893/3349/3133
f  2844/3235/3019 2854/3225/3009 2889/3355/3139 2894/3350/3134
f  2845/3236/3020 2855/3228/3012 2890/3356/3140 2895/3351/3135
f  2846/3237/3021 2856/3231/3015 2891/3357/3141 2896/3352/3136
f  2852/3219/3003 2857/3218/3002 2882/3358/3142 2887/3353/3137
f  2853/3222/3006 2858/3221/3005 2883/3359/3143 2888/3354/3138
f  2854/3225/3009 2859/3224/3008 2884/3360/3144 2889/3355/3139
f  2855/3228/3012 2860/3227/3011 2885/3361/3145 2890/3356/3140
f  2856/3231/3015 2861/3230/3014 2886/3362/3146 2891/3357/3141
f  2877/3363/3147 2882/3358/3142 2857/3218/3002 2862/3220/3004
f  2878/3364/3148 2883/3359/3143 2858/3221/3005 2863/3223/3007
f  2879/3365/3149 2884/3360/3144 2859/3224/3008 2864/3226/3010
f  2880/3366/3150 2885/3361/3145 2860/3227/3011 2865/3229/3013
f  2881/3367/3151 2886/3362/3146 2861/3230/3014 2866/3232/3016
f  2862/3220/3004 2867/2533/2413 2872/2535/2415 2877/3363/3147
f  2863/3223/3007 2868/2537/2416 2873/2541/2418 2878/3364/3148
f  2864/3226/3010 2869/2542/2419 2874/2544/2421 2879/3365/3149
f  2865/3229/3013 2870/2525/2407 2875/2529/2409 2880/3366/3150
f  2866/3232/3016 2871/2530/2410 2876/2532/2412 2881/3367/3151
f  2877/3363/3147 2872/2535/2415 2957/2548/2424 2952/3368/3152
f  2878/3364/3148 2873/2541/2418 2958/2550/2425 2953/3369/3153
f  2879/3365/3149 2874/2544/2421 2959/2551/2426 2954/3370/3154
f  2880/3366/3150 2875/2529/2409 2960/2546/2422 2955/3371/3155
f  2881/3367/3151 2876/2532/2412 2961/2547/2423 2956/3372/3156
f  2882/3358/3142 2877/3363/3147 2952/3368/3152 2947/3373/3157
f  2883/3359/3143 2878/3364/3148 2953/3369/3153 2948/3374/3158
f  2884/3360/3144 2879/3365/3149 2954/3370/3154 2949/3375/3159
f  2885/3361/3145 2880/3366/3150 2955/3371/3155 2950/3376/3160
f  2886/3362/3146 2881/3367/3151 2956/3372/3156 2951/3377/3161
f  2947/3373/3157 2942/3378/3162 2887/3353/3137 2882/3358/3142
f  2948/3374/3158 2943/3379/3163 2888/3354/3138 2883/3359/3143
f  2949/3375/3159 2944/3380/3164 2889/3355/3139 2884/3360/3144
f  2950/3376/3160 2945/3381/3165 2890/3356/3140 2885/3361/3145
f  2951/3377/3161 2946/3382/3166 2891/3357/3141 2886/3362/3146
f  2892/3348/3132 2887/3353/3137 2942/3378/3162 2937/3383/3167
f  2893/3349/3133 2888/3354/3138 2943/3379/3163 2938/3384/3168
f  2894/3350/3134 2889/3355/3139 2944/3380/3164 2939/3385/3169
f  2895/3351/3135 2890/3356/3140 2945/3381/3165 2940/3386/3170
f  2896/3352/3136 2891/3357/3141 2946/3382/3166 2941/3387/3171
f  2932/3388/3172 2897/3343/3127 2892/3348/3132 2937/3383/3167
f  2933/3389/3173 2898/3344/3128 2893/3349/3133 2938/3384/3168
f  2934/3390/3174 2899/3345/3129 2894/3350/3134 2939/3385/3169
f  2935/3391/3175 2900/3346/3130 2895/3351/3135 2940/3386/3170
f  2936/3392/3176 2901/3347/3131 2896/3352/3136 2941/3387/3171
f  2932/3388/3172 2927/3393/3177 2902/3338/3122 2897/3343/3127
f  2933/3389/3173 2928/3394/3178 2903/3339/3123 2898/3344/3128
f  2934/3390/3174 2929/3395/3179 2904/3340/3124 2899/3345/3129
f  2935/3391/3175 2930/3396/3180 2905/3341/3125 2900/3346/3130
f  2936/3392/3176 2931/3397/3181 2906/3342/3126 2901/3347/3131
f  2907/3333/3117 2902/3338/3122 2927/3393/3177 2922/3398/3182
f  2908/3334/3118 2903/3339/3123 2928/3394/3178 2923/3399/3183
f  2909/3335/3119 2904/3340/3124 2929/3395/3179 2924/3400/3184
f  2910/3336/3120 2905/3341/3125 2930/3396/3180 2925/3401/3185
f  2911/3337/3121 2906/3342/3126 2931/3397/3181 2926/3402/3186
f  2917/3039/2837 2912/3046/2842 2907/3333/3117 2922/3398/3182
f  2918/3040/2838 2913/3047/2843 2908/3334/3118 2923/3399/3183
f  2919/3042/2839 2914/3049/2844 2909/3335/3119 2924/3400/3184
f  2920/3043/2840 2915/3050/2845 2910/3336/3120 2925/3401/3185
f  2921/3045/2841 2916/3052/2846 2911/3337/3121 2926/3402/3186
f  2997/3403/3187 3002/3032/2832 2917/3039/2837 2922/3398/3182
f  2998/3404/3188 3003/3033/2833 2918/3040/2838 2923/3399/3183
f  2999/3405/3189 3004/3035/2834 2919/3042/2839 2924/3400/3184
f  3000/3406/3190 3005/3036/2835 2920/3043/2840 2925/3401/3185
f  3001/3407/3191 3006/3038/2836 2921/3045/2841 2926/3402/3186
f  2922/3398/3182 2927/3393/3177 2992/3408/3192 2997/3403/3187
f  2923/3399/3183 2928/3394/3178 2993/3409/3193 2998/3404/3188
f  2924/3400/3184 2929/3395/3179 2994/3410/3194 2999/3405/3189
f  2925/3401/3185 2930/3396/3180 2995/3411/3195 3000/3406/3190
f  2926/3402/3186 2931/3397/3181 2996/3412/3196 3001/3407/3191
f  2927/3393/3177 2932/3388/3172 2987/3413/3197 2992/3408/3192
f  2928/3394/3178 2933/3389/3173 2988/3414/3198 2993/3409/3193
f  2929/3395/3179 2934/3390/3174 2989/3415/3199 2994/3410/3194
f  2930/3396/3180 2935/3391/3175 2990/3416/3200 2995/3411/3195
f  2931/3397/3181 2936/3392/3176 2991/3417/3201 2996/3412/3196
f  2982/3418/3202 2987/3413/3197 2932/3388/3172 2937/3383/3167
f  2983/3419/3203 2988/3414/3198 2933/3389/3173 2938/3384/3168
f  2984/3420/3204 2989/3415/3199 2934/3390/3174 2939/3385/3169
f  2985/3421/3205 2990/3416/3200 2935/3391/3175 2940/3386/3170
f  2986/3422/3206 2991/3417/3201 2936/3392/3176 2941/3387/3171
f  2942/3378/3162 2977/3423/3207 2982/3418/3202 2937/3383/3167
f  2943/3379/3163 2978/3424/3208 2983/3419/3203 2938/3384/3168
f  2944/3380/3164 2979/3425/3209 2984/3420/3204 2939/3385/3169
f  2945/3381/3165 2980/3426/3210 2985/3421/3205 2940/3386/3170
f  2946/3382/3166 2981/3427/3211 2986/3422/3206 2941/3387/3171
f  2942/3378/3162 2947/3373/3157 2972/3428/3212 2977/3423/3207
f  2943/3379/3163 2948/3374/3158 2973/3429/3213 2978/3424/3208
f  2944/3380/3164 2949/3375/3159 2974/3430/3214 2979/3425/3209
f  2945/3381/3165 2950/3376/3160 2975/3431/3215 2980/3426/3210
f  2946/3382/3166 2951/3377/3161 2976/3432/3216 2981/3427/3211
f  2947/3373/3157 2952/3368/3152 2967/3433/3217 2972/3428/3212
f  2948/3374/3158 2953/3369/3153 2968/3434/3218 2973/3429/3213
f  2949/3375/3159 2954/3370/3154 2969/3435/3219 2974/3430/3214
f  2950/3376/3160 2955/3371/3155 2970/3436/3220 2975/3431/3215
f  2951/3377/3161 2956/3372/3156 2971/3437/3221 2976/3432/3216
f  2962/2555/2429 2967/3433/3217 2952/3368/3152 2957/2548/2424
f  2963/2557/2430 2968/3434/3218 2953/3369/3153 2958/2550/2425
f  2964/2558/2431 2969/3435/3219 2954/3370/3154 2959/2551/2426
f  2965/2553/2427 2970/3436/3220 2955/3371/3155 2960/2546/2422
f  2966/2554/2428 2971/3437/3221 2956/3372/3156 2961/2547/2423
f  2967/3433/3217 2962/2555/2429 3047/2562/2434 3042/3438/3222
f  2968/3434/3218 2963/2557/2430 3048/2564/2435 3043/3439/3223
f  2969/3435/3219 2964/2558/2431 3049/2565/2436 3044/3440/3224
f  2970/3436/3220 2965/2553/2427 3050/2560/2432 3045/3441/3225
f  2971/3437/3221 2966/2554/2428 3051/2561/2433 3046/3442/3226
f  2972/3428/3212 2967/3433/3217 3042/3438/3222 3037/3443/3227
f  2973/3429/3213 2968/3434/3218 3043/3439/3223 3038/3444/3228
f  2974/3430/3214 2969/3435/3219 3044/3440/3224 3039/3445/3229
f  2975/3431/3215 2970/3436/3220 3045/3441/3225 3040/3446/3230
f  2976/3432/3216 2971/3437/3221 3046/3442/3226 3041/3447/3231
f  3032/3448/3232 2977/3423/3207 2972/3428/3212 3037/3443/3227
f  3033/3449/3233 2978/3424/3208 2973/3429/3213 3038/3444/3228
f  3034/3450/3234 2979/3425/3209 2974/3430/3214 3039/3445/3229
f  3035/3451/3235 2980/3426/3210 2975/3431/3215 3040/3446/3230
f  3036/3452/3236 2981/3427/3211 2976/3432/3216 3041/3447/3231
f  2977/3423/3207 3032/3448/3232 3027/3453/3237 2982/3418/3202
f  2978/3424/3208 3033/3449/3233 3028/3454/3238 2983/3419/3203
f  2979/3425/3209 3034/3450/3234 3029/3455/3239 2984/3420/3204
f  2980/3426/3210 3035/3451/3235 3030/3456/3240 2985/3421/3205
f  2981/3427/3211 3036/3452/3236 3031/3457/3241 2986/3422/3206
f  2982/3418/3202 3027/3453/3237 3022/3458/3242 2987/3413/3197
f  2983/3419/3203 3028/3454/3238 3023/3459/3243 2988/3414/3198
f  2984/3420/3204 3029/3455/3239 3024/3460/3244 2989/3415/3199
f  2985/3421/3205 3030/3456/3240 3025/3461/3245 2990/3416/3200
f  2986/3422/3206 3031/3457/3241 3026/3462/3246 2991/3417/3201
f  3022/3458/3242 3017/3463/3247 2992/3408/3192 2987/3413/3197
f  3023/3459/3243 3018/3464/3248 2993/3409/3193 2988/3414/3198
f  3024/3460/3244 3019/3465/3249 2994/3410/3194 2989/3415/3199
f  3025/3461/3245 3020/3466/3250 2995/3411/3195 2990/3416/3200
f  3026/3462/3246 3021/3467/3251 2996/3412/3196 2991/3417/3201
f  3017/3463/3247 3012/3468/3252 2997/3403/3187 2992/3408/3192
f  3018/3464/3248 3013/3469/3253 2998/3404/3188 2993/3409/3193
f  3019/3465/3249 3014/3470/3254 2999/3405/3189 2994/3410/3194
f  3020/3466/3250 3015/3471/3255 3000/3406/3190 2995/3411/3195
f  3021/3467/3251 3016/3472/3256 3001/3407/3191 2996/3412/3196
f  3012/3468/3252 3007/3025/2827 3002/3032/2832 2997/3403/3187
f  3013/3469/3253 3008/3026/2828 3003/3033/2833 2998/3404/3188
f  3014/3470/3254 3009/3028/2829 3004/3035/2834 2999/3405/3189
f  3015/3471/3255 3010/3029/2830 3005/3036/2835 3000/3406/3190
f  3016/3472/3256 3011/3031/2831 3006/3038/2836 3001/3407/3191
f  3007/3025/2827 3012/3468/3252 3087/3473/3257 3092/3018/2822
f  3008/3026/2828 3013/3469/3253 3088/3474/3258 3093/3019/2823
f  3009/3028/2829 3014/3470/3254 3089/3475/3259 3094/3021/2824
f  3010/3029/2830 3015/3471/3255 3090/3476/3260 3095/3022/2825
f  3011/3031/2831 3016/3472/3256 3091/3477/3261 3096/3024/2826
f  3012/3468/3252 3017/3463/3247 3082/3478/3262 3087/3473/3257
f  3013/3469/3253 3018/3464/3248 3083/3479/3263 3088/3474/3258
f  3014/3470/3254 3019/3465/3249 3084/3480/3264 3089/3475/3259
f  3015/3471/3255 3020/3466/3250 3085/3481/3265 3090/3476/3260
f  3016/3472/3256 3021/3467/3251 3086/3482/3266 3091/3477/3261
f  3017/3463/3247 3022/3458/3242 3077/3483/3267 3082/3478/3262
f  3018/3464/3248 3023/3459/3243 3078/3484/3268 3083/3479/3263
f  3019/3465/3249 3024/3460/3244 3079/3485/3269 3084/3480/3264
f  3020/3466/3250 3025/3461/3245 3080/3486/3270 3085/3481/3265
f  3021/3467/3251 3026/3462/3246 3081/3487/3271 3086/3482/3266
f  3022/3458/3242 3027/3453/3237 3072/3488/3272 3077/3483/3267
f  3023/3459/3243 3028/3454/3238 3073/3489/3273 3078/3484/3268
f  3024/3460/3244 3029/3455/3239 3074/3490/3274 3079/3485/3269
f  3025/3461/3245 3030/3456/3240 3075/3491/3275 3080/3486/3270
f  3026/3462/3246 3031/3457/3241 3076/3492/3276 3081/3487/3271
f  3032/3448/3232 3067/3493/3277 3072/3488/3272 3027/3453/3237
f  3033/3449/3233 3068/3494/3278 3073/3489/3273 3028/3454/3238
f  3034/3450/3234 3069/3495/3279 3074/3490/3274 3029/3455/3239
f  3035/3451/3235 3070/3496/3280 3075/3491/3275 3030/3456/3240
f  3036/3452/3236 3071/3497/3281 3076/3492/3276 3031/3457/3241
f  3037/3443/3227 3062/3498/3282 3067/3493/3277 3032/3448/3232
f  3038/3444/3228 3063/3499/3283 3068/3494/3278 3033/3449/3233
f  3039/3445/3229 3064/3500/3284 3069/3495/3279 3034/3450/3234
f  3040/3446/3230 3065/3501/3285 3070/3496/3280 3035/3451/3235
f  3041/3447/3231 3066/3502/3286 3071/3497/3281 3036/3452/3236
f  3062/3498/3282 3037/3443/3227 3042/3438/3222 3057/3503/3287
f  3063/3499/3283 3038/3444/3228 3043/3439/3223 3058/3504/3288
f  3064/3500/3284 3039/3445/3229 3044/3440/3224 3059/3505/3289
f  3065/3501/3285 3040/3446/3230 3045/3441/3225 3060/3506/3290
f  3066/3502/3286 3041/3447/3231 3046/3442/3226 3061/3507/3291
f  3052/2569/2439 3057/3503/3287 3042/3438/3222 3047/2562/2434
f  3053/2570/2440 3058/3504/3288 3043/3439/3223 3048/2564/2435
f  3054/2572/2441 3059/3505/3289 3044/3440/3224 3049/2565/2436
f  3055/2566/2437 3060/3506/3290 3045/3441/3225 3050/2560/2432
f  3056/2568/2438 3061/3507/3291 3046/3442/3226 3051/2561/2433
f  3057/3503/3287 3052/2569/2439 3137/2576/2444 3132/3508/3292
f  3058/3504/3288 3053/2570/2440 3138/2578/2445 3133/3509/3293
f  3059/3505/3289 3054/2572/2441 3139/2579/2446 3134/3510/3294
f  3135/3511/3295 3060/3506/3290 3055/2566/2437 3140/2574/2442
f  3061/3507/3291 3056/2568/2438 3141/2575/2443 3136/3512/3296
f  3057/3503/3287 3132/3508/3292 3127/3513/3297 3062/3498/3282
f  3058/3504/3288 3133/3509/3293 3128/3514/3298 3063/3499/3283
f  3059/3505/3289 3134/3510/3294 3129/3515/3299 3064/3500/3284
f  3060/3506/3290 3135/3511/3295 3130/3516/3300 3065/3501/3285
f  3061/3507/3291 3136/3512/3296 3131/3517/3301 3066/3502/3286
f  3122/3518/3302 3067/3493/3277 3062/3498/3282 3127/3513/3297
f  3123/3519/3303 3068/3494/3278 3063/3499/3283 3128/3514/3298
f  3124/3520/3304 3069/3495/3279 3064/3500/3284 3129/3515/3299
f  3125/3521/3305 3070/3496/3280 3065/3501/3285 3130/3516/3300
f  3126/3522/3306 3071/3497/3281 3066/3502/3286 3131/3517/3301
f  3117/3523/3307 3072/3488/3272 3067/3493/3277 3122/3518/3302
f  3118/3524/3308 3073/3489/3273 3068/3494/3278 3123/3519/3303
f  3119/3525/3309 3074/3490/3274 3069/3495/3279 3124/3520/3304
f  3120/3526/3310 3075/3491/3275 3070/3496/3280 3125/3521/3305
f  3121/3527/3311 3076/3492/3276 3071/3497/3281 3126/3522/3306
f  3072/3488/3272 3117/3523/3307 3112/3528/3312 3077/3483/3267
f  3073/3489/3273 3118/3524/3308 3113/3529/3313 3078/3484/3268
f  3074/3490/3274 3119/3525/3309 3114/3530/3314 3079/3485/3269
f  3075/3491/3275 3120/3526/3310 3115/3531/3315 3080/3486/3270
f  3076/3492/3276 3121/3527/3311 3116/3532/3316 3081/3487/3271
f  3107/3533/3317 3082/3478/3262 3077/3483/3267 3112/3528/3312
f  3108/3534/3318 3083/3479/3263 3078/3484/3268 3113/3529/3313
f  3109/3535/3319 3084/3480/3264 3079/3485/3269 3114/3530/3314
f  3110/3536/3320 3085/3481/3265 3080/3486/3270 3115/3531/3315
f  3111/3537/3321 3086/3482/3266 3081/3487/3271 3116/3532/3316
f  3102/3538/3322 3087/3473/3257 3082/3478/3262 3107/3533/3317
f  3103/3539/3323 3088/3474/3258 3083/3479/3263 3108/3534/3318
f  3104/3540/3324 3089/3475/3259 3084/3480/3264 3109/3535/3319
f  3105/3541/3325 3090/3476/3260 3085/3481/3265 3110/3536/3320
f  3106/3542/3326 3091/3477/3261 3086/3482/3266 3111/3537/3321
f  3097/3011/2817 3092/3018/2822 3087/3473/3257 3102/3538/3322
f  3098/3012/2818 3093/3019/2823 3088/3474/3258 3103/3539/3323
f  3099/3014/2819 3094/3021/2824 3089/3475/3259 3104/3540/3324
f  3100/3015/2820 3095/3022/2825 3090/3476/3260 3105/3541/3325
f  3101/3017/2821 3096/3024/2826 3091/3477/3261 3106/3542/3326
f  3182/3004/2812 3097/3011/2817 3102/3538/3322 3177/3543/3327
f  3183/3005/2813 3098/3012/2818 3103/3539/3323 3178/3544/3328
f  3184/3007/2814 3099/3014/2819 3104/3540/3324 3179/3545/3329
f  3185/3008/2815 3100/3015/2820 3105/3541/3325 3180/3546/3330
f  3186/3010/2816 3101/3017/2821 3106/3542/3326 3181/3547/3331
f  3107/3533/3317 3172/3548/3332 3177/3543/3327 3102/3538/3322
f  3108/3534/3318 3173/3549/3333 3178/3544/3328 3103/3539/3323
f  3109/3535/3319 3174/3550/3334 3179/3545/3329 3104/3540/3324
f  3110/3536/3320 3175/3551/3335 3180/3546/3330 3105/3541/3325
f  3111/3537/3321 3176/3552/3336 3181/3547/3331 3106/3542/3326
f  3112/3528/3312 3167/3553/3337 3172/3548/3332 3107/3533/3317
f  3113/3529/3313 3168/3554/3338 3173/3549/3333 3108/3534/3318
f  3114/3530/3314 3169/3555/3339 3174/3550/3334 3109/3535/3319
f  3115/3531/3315 3170/3556/3340 3175/3551/3335 3110/3536/3320
f  3116/3532/3316 3171/3557/3341 3176/3552/3336 3111/3537/3321
f  3167/3553/3337 3112/3528/3312 3117/3523/3307 3162/3558/3342
f  3168/3554/3338 3113/3529/3313 3118/3524/3308 3163/3559/3343
f  3169/3555/3339 3114/3530/3314 3119/3525/3309 3164/3560/3344
f  3170/3556/3340 3115/3531/3315 3120/3526/3310 3165/3561/3345
f  3171/3557/3341 3116/3532/3316 3121/3527/3311 3166/3562/3346
f  3122/3518/3302 3157/3563/3347 3162/3558/3342 3117/3523/3307
f  3123/3519/3303 3158/3564/3348 3163/3559/3343 3118/3524/3308
f  3124/3520/3304 3159/3565/3349 3164/3560/3344 3119/3525/3309
f  3125/3521/3305 3160/3566/3350 3165/3561/3345 3120/3526/3310
f  3126/3522/3306 3161/3567/3351 3166/3562/3346 3121/3527/3311
f  3127/3513/3297 3152/3568/3352 3157/3563/3347 3122/3518/3302
f  3128/3514/3298 3153/3569/3353 3158/3564/3348 3123/3519/3303
f  3129/3515/3299 3154/3570/3354 3159/3565/3349 3124/3520/3304
f  3130/3516/3300 3155/3571/3355 3160/3566/3350 3125/3521/3305
f  3131/3517/3301 3156/3572/3356 3161/3567/3351 3126/3522/3306
f  3127/3513/3297 3132/3508/3292 3147/3573/3357 3152/3568/3352
f  3128/3514/3298 3133/3509/3293 3148/3574/3358 3153/3569/3353
f  3129/3515/3299 3134/3510/3294 3149/3575/3359 3154/3570/3354
f  3130/3516/3300 3135/3511/3295 3150/3576/3360 3155/3571/3355
f  3131/3517/3301 3136/3512/3296 3151/3577/3361 3156/3572/3356
f  3142/2583/2449 3147/3573/3357 3132/3508/3292 3137/2576/2444
f  3143/2585/2450 3148/3574/3358 3133/3509/3293 3138/2578/2445
f  3144/2586/2451 3149/3575/3359 3134/3510/3294 3139/2579/2446
f  3145/2581/2447 3150/3576/3360 3135/3511/3295 3140/2574/2442
f  3146/2582/2448 3151/3577/3361 3136/3512/3296 3141/2575/2443
f  3147/3573/3357 3142/2583/2449 3227/2590/2454 3222/3578/3362
f  3148/3574/3358 3143/2585/2450 3228/2592/2455 3223/3579/3363
f  3149/3575/3359 3144/2586/2451 3229/2593/2456 3224/3580/3364
f  3150/3576/3360 3145/2581/2447 3230/2588/2452 3225/3581/3365
f  3151/3577/3361 3146/2582/2448 3231/2589/2453 3226/3582/3366
f  3222/3578/3362 3217/3583/3367 3152/3568/3352 3147/3573/3357
f  3223/3579/3363 3218/3584/3368 3153/3569/3353 3148/3574/3358
f  3224/3580/3364 3219/3585/3369 3154/3570/3354 3149/3575/3359
f  3225/3581/3365 3220/3586/3370 3155/3571/3355 3150/3576/3360
f  3226/3582/3366 3221/3587/3371 3156/3572/3356 3151/3577/3361
f  3212/3588/3372 3157/3563/3347 3152/3568/3352 3217/3583/3367
f  3213/3589/3373 3158/3564/3348 3153/3569/3353 3218/3584/3368
f  3214/3590/3374 3159/3565/3349 3154/3570/3354 3219/3585/3369
f  3215/3591/3375 3160/3566/3350 3155/3571/3355 3220/3586/3370
f  3216/3592/3376 3161/3567/3351 3156/3572/3356 3221/3587/3371
f  3207/3593/3377 3162/3558/3342 3157/3563/3347 3212/3588/3372
f  3208/3594/3378 3163/3559/3343 3158/3564/3348 3213/3589/3373
f  3209/3595/3379 3164/3560/3344 3159/3565/3349 3214/3590/3374
f  3210/3596/3380 3165/3561/3345 3160/3566/3350 3215/3591/3375
f  3211/3597/3381 3166/3562/3346 3161/3567/3351 3216/3592/3376
f  3202/3598/3382 3167/3553/3337 3162/3558/3342 3207/3593/3377
f  3203/3599/3383 3168/3554/3338 3163/3559/3343 3208/3594/3378
f  3204/3600/3384 3169/3555/3339 3164/3560/3344 3209/3595/3379
f  3205/3601/3385 3170/3556/3340 3165/3561/3345 3210/3596/3380
f  3206/3602/3386 3171/3557/3341 3166/3562/3346 3211/3597/3381
f  3197/3603/3387 3172/3548/3332 3167/3553/3337 3202/3598/3382
f  3198/3604/3388 3173/3549/3333 3168/3554/3338 3203/3599/3383
f  3199/3605/3389 3174/3550/3334 3169/3555/3339 3204/3600/3384
f  3200/3606/3390 3175/3551/3335 3170/3556/3340 3205/3601/3385
f  3201/3607/3391 3176/3552/3336 3171/3557/3341 3206/3602/3386
f  3172/3548/3332 3197/3603/3387 3192/3608/3392 3177/3543/3327
f  3173/3549/3333 3198/3604/3388 3193/3609/3393 3178/3544/3328
f  3174/3550/3334 3199/3605/3389 3194/3610/3394 3179/3545/3329
f  3175/3551/3335 3200/3606/3390 3195/3611/3395 3180/3546/3330
f  3176/3552/3336 3201/3607/3391 3196/3612/3396 3181/3547/3331
f  3182/3004/2812 3177/3543/3327 3192/3608/3392 3187/2997/2807
f  3183/3005/2813 3178/3544/3328 3193/3609/3393 3188/2998/2808
f  3184/3007/2814 3179/3545/3329 3194/3610/3394 3189/3000/2809
f  3185/3008/2815 3180/3546/3330 3195/3611/3395 3190/3001/2810
f  3186/3010/2816 3181/3547/3331 3196/3612/3396 3191/3003/2811
f  3187/2997/2807 3192/3608/3392 3267/3613/3397 3272/2990/2802
f  3188/2998/2808 3193/3609/3393 3268/3614/3398 3273/2991/2803
f  3189/3000/2809 3194/3610/3394 3269/3615/3399 3274/2993/2804
f  3190/3001/2810 3195/3611/3395 3270/3616/3400 3275/2994/2805
f  3191/3003/2811 3196/3612/3396 3271/3617/3401 3276/2996/2806
f  3267/3613/3397 3192/3608/3392 3197/3603/3387 3262/3618/3402
f  3268/3614/3398 3193/3609/3393 3198/3604/3388 3263/3619/3403
f  3269/3615/3399 3194/3610/3394 3199/3605/3389 3264/3620/3404
f  3270/3616/3400 3195/3611/3395 3200/3606/3390 3265/3621/3405
f  3271/3617/3401 3196/3612/3396 3201/3607/3391 3266/3622/3406
f  3202/3598/3382 3257/3623/3407 3262/3618/3402 3197/3603/3387
f  3203/3599/3383 3258/3624/3408 3263/3619/3403 3198/3604/3388
f  3204/3600/3384 3259/3625/3409 3264/3620/3404 3199/3605/3389
f  3205/3601/3385 3260/3626/3410 3265/3621/3405 3200/3606/3390
f  3206/3602/3386 3261/3627/3411 3266/3622/3406 3201/3607/3391
f  3257/3623/3407 3202/3598/3382 3207/3593/3377 3252/3628/3412
f  3258/3624/3408 3203/3599/3383 3208/3594/3378 3253/3629/3413
f  3259/3625/3409 3204/3600/3384 3209/3595/3379 3254/3630/3414
f  3260/3626/3410 3205/3601/3385 3210/3596/3380 3255/3631/3415
f  3261/3627/3411 3206/3602/3386 3211/3597/3381 3256/3632/3416
f  3252/3628/3412 3207/3593/3377 3212/3588/3372 3247/3633/3417
f  3253/3629/3413 3208/3594/3378 3213/3589/3373 3248/3634/3418
f  3254/3630/3414 3209/3595/3379 3214/3590/3374 3249/3635/3419
f  3255/3631/3415 3210/3596/3380 3215/3591/3375 3250/3636/3420
f  3256/3632/3416 3211/3597/3381 3216/3592/3376 3251/3637/3421
f  3217/3583/3367 3242/3638/3422 3247/3633/3417 3212/3588/3372
f  3218/3584/3368 3243/3639/3423 3248/3634/3418 3213/3589/3373
f  3219/3585/3369 3244/3640/3424 3249/3635/3419 3214/3590/3374
f  3220/3586/3370 3245/3641/3425 3250/3636/3420 3215/3591/3375
f  3221/3587/3371 3246/3642/3426 3251/3637/3421 3216/3592/3376
f  3217/3583/3367 3222/3578/3362 3237/3643/3427 3242/3638/3422
f  3218/3584/3368 3223/3579/3363 3238/3644/3428 3243/3639/3423
f  3219/3585/3369 3224/3580/3364 3239/3645/3429 3244/3640/3424
f  3220/3586/3370 3225/3581/3365 3240/3646/3430 3245/3641/3425
f  3221/3587/3371 3226/3582/3366 3241/3647/3431 3246/3642/3426
f  3232/2597/2459 3237/3643/3427 3222/3578/3362 3227/2590/2454
f  3233/2599/2460 3238/3644/3428 3223/3579/3363 3228/2592/2455
f  3234/2600/2461 3239/3645/3429 3224/3580/3364 3229/2593/2456
f  3235/2595/2457 3240/3646/3430 3225/3581/3365 3230/2588/2452
f  3236/2596/2458 3241/3647/3431 3226/3582/3366 3231/2589/2453
f  3317/2604/2464 3312/3648/3432 3237/3643/3427 3232/2597/2459
f  3318/2606/2465 3313/3649/3433 3238/3644/3428 3233/2599/2460
f  3319/2607/2466 3314/3650/3434 3239/3645/3429 3234/2600/2461
f  3320/2602/2462 3315/3651/3435 3240/3646/3430 3235/2595/2457
f  3321/2603/2463 3316/3652/3436 3241/3647/3431 3236/2596/2458
f  3242/3638/3422 3237/3643/3427 3312/3648/3432 3307/3653/3437
f  3243/3639/3423 3238/3644/3428 3313/3649/3433 3308/3654/3438
f  3244/3640/3424 3239/3645/3429 3314/3650/3434 3309/3655/3439
f  3245/3641/3425 3240/3646/3430 3315/3651/3435 3310/3656/3440
f  3246/3642/3426 3241/3647/3431 3316/3652/3436 3311/3657/3441
f  3307/3653/3437 3302/3658/3442 3247/3633/3417 3242/3638/3422
f  3308/3654/3438 3303/3659/3443 3248/3634/3418 3243/3639/3423
f  3309/3655/3439 3304/3660/3444 3249/3635/3419 3244/3640/3424
f  3310/3656/3440 3305/3661/3445 3250/3636/3420 3245/3641/3425
f  3311/3657/3441 3306/3662/3446 3251/3637/3421 3246/3642/3426
f  3247/3633/3417 3302/3658/3442 3297/3663/3447 3252/3628/3412
f  3248/3634/3418 3303/3659/3443 3298/3664/3448 3253/3629/3413
f  3249/3635/3419 3304/3660/3444 3299/3665/3449 3254/3630/3414
f  3250/3636/3420 3305/3661/3445 3300/3666/3450 3255/3631/3415
f  3251/3637/3421 3306/3662/3446 3301/3667/3451 3256/3632/3416
f  3257/3623/3407 3252/3628/3412 3297/3663/3447 3292/3668/3452
f  3258/3624/3408 3253/3629/3413 3298/3664/3448 3293/3669/3453
f  3259/3625/3409 3254/3630/3414 3299/3665/3449 3294/3670/3454
f  3260/3626/3410 3255/3631/3415 3300/3666/3450 3295/3671/3455
f  3261/3627/3411 3256/3632/3416 3301/3667/3451 3296/3672/3456
f  3292/3668/3452 3287/3673/3457 3262/3618/3402 3257/3623/3407
f  3293/3669/3453 3288/3674/3458 3263/3619/3403 3258/3624/3408
f  3294/3670/3454 3289/3675/3459 3264/3620/3404 3259/3625/3409
f  3295/3671/3455 3290/3676/3460 3265/3621/3405 3260/3626/3410
f  3296/3672/3456 3291/3677/3461 3266/3622/3406 3261/3627/3411
f  3267/3613/3397 3262/3618/3402 3287/3673/3457 3282/3678/3462
f  3268/3614/3398 3263/3619/3403 3288/3674/3458 3283/3679/3463
f  3269/3615/3399 3264/3620/3404 3289/3675/3459 3284/3680/3464
f  3270/3616/3400 3265/3621/3405 3290/3676/3460 3285/3681/3465
f  3271/3617/3401 3266/3622/3406 3291/3677/3461 3286/3682/3466
f  3282/3678/3462 3277/2983/2797 3272/2990/2802 3267/3613/3397
f  3283/3679/3463 3278/2984/2798 3273/2991/2803 3268/3614/3398
f  3284/3680/3464 3279/2986/2799 3274/2993/2804 3269/3615/3399
f  3285/3681/3465 3280/2987/2800 3275/2994/2805 3270/3616/3400
f  3286/3682/3466 3281/2989/2801 3276/2996/2806 3271/3617/3401
f  3277/2983/2797 3282/3678/3462 3327/3683/3467 3322/2976/2792
f  3278/2984/2798 3283/3679/3463 3328/3684/3468 3323/2977/2793
f  3279/2986/2799 3284/3680/3464 3329/3685/3469 3324/2979/2794
f  3280/2987/2800 3285/3681/3465 3330/3686/3470 3325/2980/2795
f  3281/2989/2801 3286/3682/3466 3331/3687/3471 3326/2982/2796
f  3332/3688/3472 3327/3683/3467 3282/3678/3462 3287/3673/3457
f  3333/3689/3473 3328/3684/3468 3283/3679/3463 3288/3674/3458
f  3334/3690/3474 3329/3685/3469 3284/3680/3464 3289/3675/3459
f  3335/3691/3475 3330/3686/3470 3285/3681/3465 3290/3676/3460
f  3336/3692/3476 3331/3687/3471 3286/3682/3466 3291/3677/3461
f  3337/3693/3477 3332/3688/3472 3287/3673/3457 3292/3668/3452
f  3338/3694/3478 3333/3689/3473 3288/3674/3458 3293/3669/3453
f  3339/3695/3479 3334/3690/3474 3289/3675/3459 3294/3670/3454
f  3340/3696/3480 3335/3691/3475 3290/3676/3460 3295/3671/3455
f  3341/3697/3481 3336/3692/3476 3291/3677/3461 3296/3672/3456
f  3342/3698/3482 3337/3693/3477 3292/3668/3452 3297/3663/3447
f  3343/3699/3483 3338/3694/3478 3293/3669/3453 3298/3664/3448
f  3344/3700/3484 3339/3695/3479 3294/3670/3454 3299/3665/3449
f  3345/3701/3485 3340/3696/3480 3295/3671/3455 3300/3666/3450
f  3346/3702/3486 3341/3697/3481 3296/3672/3456 3301/3667/3451
f  3342/3698/3482 3297/3663/3447 3302/3658/3442 3347/3703/3487
f  3343/3699/3483 3298/3664/3448 3303/3659/3443 3348/3704/3488
f  3344/3700/3484 3299/3665/3449 3304/3660/3444 3349/3705/3489
f  3345/3701/3485 3300/3666/3450 3305/3661/3445 3350/3706/3490
f  3346/3702/3486 3301/3667/3451 3306/3662/3446 3351/3707/3491
f  3302/3658/3442 3307/3653/3437 3352/3708/3492 3347/3703/3487
f  3303/3659/3443 3308/3654/3438 3353/3709/3493 3348/3704/3488
f  3304/3660/3444 3309/3655/3439 3354/3710/3494 3349/3705/3489
f  3305/3661/3445 3310/3656/3440 3355/3711/3495 3350/3706/3490
f  3306/3662/3446 3311/3657/3441 3356/3712/3496 3351/3707/3491
f  3357/3713/3497 3352/3708/3492 3307/3653/3437 3312/3648/3432
f  3358/3714/3498 3353/3709/3493 3308/3654/3438 3313/3649/3433
f  3359/3715/3499 3354/3710/3494 3309/3655/3439 3314/3650/3434
f  3360/3716/3500 3355/3711/3495 3310/3656/3440 3315/3651/3435
f  3361/3717/3501 3356/3712/3496 3311/3657/3441 3316/3652/3436
f  3312/3648/3432 3317/2604/2464 3362/2611/2469 3357/3713/3497
f  3313/3649/3433 3318/2606/2465 3363/2613/2470 3358/3714/3498
f  3314/3650/3434 3319/2607/2466 3364/2614/2471 3359/3715/3499
f  3315/3651/3435 3320/2602/2462 3365/2609/2467 3360/3716/3500
f  3316/3652/3436 3321/2603/2463 3366/2610/2468 3361/3717/3501
f  3442/3718/3502 3447/2969/2787 3322/2976/2792 3327/3683/3467
f  3443/3719/3503 3448/2970/2788 3323/2977/2793 3328/3684/3468
f  3444/3720/3504 3449/2972/2789 3324/2979/2794 3329/3685/3469
f  3445/3721/3505 3450/2973/2790 3325/2980/2795 3330/3686/3470
f  3446/3722/3506 3451/2975/2791 3326/2982/2796 3331/3687/3471
f  3427/3723/3507 3442/3718/3502 3327/3683/3467 3332/3688/3472
f  3428/3724/3508 3443/3719/3503 3328/3684/3468 3333/3689/3473
f  3429/3725/3509 3444/3720/3504 3329/3685/3469 3334/3690/3474
f  3430/3726/3510 3445/3721/3505 3330/3686/3470 3335/3691/3475
f  3431/3727/3511 3446/3722/3506 3331/3687/3471 3336/3692/3476
f  3332/3688/3472 3337/3693/3477 3422/3728/3512 3427/3723/3507
f  3333/3689/3473 3338/3694/3478 3423/3729/3513 3428/3724/3508
f  3334/3690/3474 3339/3695/3479 3424/3730/3514 3429/3725/3509
f  3335/3691/3475 3340/3696/3480 3425/3731/3515 3430/3726/3510
f  3336/3692/3476 3341/3697/3481 3426/3732/3516 3431/3727/3511
f  3337/3693/3477 3342/3698/3482 3407/3733/3517 3422/3728/3512
f  3338/3694/3478 3343/3699/3483 3408/3734/3518 3423/3729/3513
f  3339/3695/3479 3344/3700/3484 3409/3735/3519 3424/3730/3514
f  3340/3696/3480 3345/3701/3485 3410/3736/3520 3425/3731/3515
f  3341/3697/3481 3346/3702/3486 3411/3737/3521 3426/3732/3516
f  3402/3738/3522 3407/3733/3517 3342/3698/3482 3347/3703/3487
f  3403/3739/3523 3408/3734/3518 3343/3699/3483 3348/3704/3488
f  3404/3740/3524 3409/3735/3519 3344/3700/3484 3349/3705/3489
f  3405/3741/3525 3410/3736/3520 3345/3701/3485 3350/3706/3490
f  3406/3742/3526 3411/3737/3521 3346/3702/3486 3351/3707/3491
f  3387/3743/3527 3402/3738/3522 3347/3703/3487 3352/3708/3492
f  3388/3744/3528 3403/3739/3523 3348/3704/3488 3353/3709/3493
f  3389/3745/3529 3404/3740/3524 3349/3705/3489 3354/3710/3494
f  3390/3746/3530 3405/3741/3525 3350/3706/3490 3355/3711/3495
f  3391/3747/3531 3406/3742/3526 3351/3707/3491 3356/3712/3496
f  3382/3748/3532 3387/3743/3527 3352/3708/3492 3357/3713/3497
f  3383/3749/3533 3388/3744/3528 3353/3709/3493 3358/3714/3498
f  3384/3750/3534 3389/3745/3529 3354/3710/3494 3359/3715/3499
f  3385/3751/3535 3390/3746/3530 3355/3711/3495 3360/3716/3500
f  3386/3752/3536 3391/3747/3531 3356/3712/3496 3361/3717/3501
f  3357/3713/3497 3362/2611/2469 3367/2618/2474 3382/3748/3532
f  3358/3714/3498 3363/2613/2470 3368/2620/2475 3383/3749/3533
f  3359/3715/3499 3364/2614/2471 3369/2621/2476 3384/3750/3534
f  3360/3716/3500 3365/2609/2467 3370/2616/2472 3385/3751/3535
f  3361/3717/3501 3366/2610/2468 3371/2617/2473 3386/3752/3536
f  3382/3748/3532 3367/2618/2474 3372/2625/2479 3377/3753/3537
f  3383/3749/3533 3368/2620/2475 3373/2627/2480 3378/3754/3538
f  3384/3750/3534 3369/2621/2476 3374/2628/2481 3379/3755/3539
f  3385/3751/3535 3370/2616/2472 3375/2623/2477 3380/3756/3540
f  3386/3752/3536 3371/2617/2473 3376/2624/2478 3381/3757/3541
f  3377/3753/3537 3372/2625/2479 3702/2632/2484 3672/3758/3542
f  3378/3754/3538 3373/2627/2480 3703/2634/2485 3673/3759/3543
f  3379/3755/3539 3374/2628/2481 3704/2635/2486 3674/3760/3544
f  3380/3756/3540 3375/2623/2477 3705/2630/2482 3675/3761/3545
f  3381/3757/3541 3376/2624/2478 3706/2631/2483 3676/3762/3546
f  3387/3743/3527 3382/3748/3532 3377/3753/3537 3392/3763/3547
f  3672/3758/3542 3667/3764/3548 3392/3763/3547 3377/3753/3537
f  3388/3744/3528 3383/3749/3533 3378/3754/3538 3393/3765/3549
f  3673/3759/3543 3668/3766/3550 3393/3765/3549 3378/3754/3538
f  3389/3745/3529 3384/3750/3534 3379/3755/3539 3394/3767/3551
f  3674/3760/3544 3669/3768/3552 3394/3767/3551 3379/3755/3539
f  3390/3746/3530 3385/3751/3535 3380/3756/3540 3395/3769/3553
f  3675/3761/3545 3670/3770/3554 3395/3769/3553 3380/3756/3540
f  3391/3747/3531 3386/3752/3536 3381/3757/3541 3396/3771/3555
f  3676/3762/3546 3671/3772/3556 3396/3771/3555 3381/3757/3541
f  3402/3738/3522 3387/3743/3527 3392/3763/3547 3397/3773/3557
f  3403/3739/3523 3388/3744/3528 3393/3765/3549 3398/3774/3558
f  3404/3740/3524 3389/3745/3529 3394/3767/3551 3399/3775/3559
f  3405/3741/3525 3390/3746/3530 3395/3769/3553 3400/3776/3560
f  3406/3742/3526 3391/3747/3531 3396/3771/3555 3401/3777/3561
f  3667/3764/3548 3612/3778/3562 3397/3773/3557 3392/3763/3547
f  3668/3766/3550 3613/3779/3563 3398/3774/3558 3393/3765/3549
f  3669/3768/3552 3614/3780/3564 3399/3775/3559 3394/3767/3551
f  3670/3770/3554 3615/3781/3565 3400/3776/3560 3395/3769/3553
f  3671/3772/3556 3616/3782/3566 3401/3777/3561 3396/3771/3555
f  3397/3773/3557 3412/3783/3567 3407/3733/3517 3402/3738/3522
f  3412/3783/3567 3397/3773/3557 3612/3778/3562 3607/3784/3568
f  3398/3774/3558 3413/3785/3569 3408/3734/3518 3403/3739/3523
f  3413/3785/3569 3398/3774/3558 3613/3779/3563 3608/3786/3570
f  3399/3775/3559 3414/3787/3571 3409/3735/3519 3404/3740/3524
f  3414/3787/3571 3399/3775/3559 3614/3780/3564 3609/3788/3572
f  3400/3776/3560 3415/3789/3573 3410/3736/3520 3405/3741/3525
f  3415/3789/3573 3400/3776/3560 3615/3781/3565 3610/3790/3574
f  3401/3777/3561 3416/3791/3575 3411/3737/3521 3406/3742/3526
f  3416/3791/3575 3401/3777/3561 3616/3782/3566 3611/3792/3576
f  3412/3783/3567 3417/3793/3577 3422/3728/3512 3407/3733/3517
f  3413/3785/3569 3418/3794/3578 3423/3729/3513 3408/3734/3518
f  3414/3787/3571 3419/3795/3579 3424/3730/3514 3409/3735/3519
f  3415/3789/3573 3420/3796/3580 3425/3731/3515 3410/3736/3520
f  3416/3791/3575 3421/3797/3581 3426/3732/3516 3411/3737/3521
f  3417/3793/3577 3412/3783/3567 3607/3784/3568 3552/3798/3582
f  3418/3794/3578 3413/3785/3569 3608/3786/3570 3553/3799/3583
f  3419/3795/3579 3414/3787/3571 3609/3788/3572 3554/3800/3584
f  3420/3796/3580 3415/3789/3573 3610/3790/3574 3555/3801/3585
f  3421/3797/3581 3416/3791/3575 3611/3792/3576 3556/3802/3586
f  3417/3793/3577 3432/3803/3587 3427/3723/3507 3422/3728/3512
f  3432/3803/3587 3417/3793/3577 3552/3798/3582 3547/3804/3588
f  3418/3794/3578 3433/3805/3589 3428/3724/3508 3423/3729/3513
f  3433/3805/3589 3418/3794/3578 3553/3799/3583 3548/3806/3590
f  3419/3795/3579 3434/3807/3591 3429/3725/3509 3424/3730/3514
f  3434/3807/3591 3419/3795/3579 3554/3800/3584 3549/3808/3592
f  3420/3796/3580 3435/3809/3593 3430/3726/3510 3425/3731/3515
f  3435/3809/3593 3420/3796/3580 3555/3801/3585 3550/3810/3594
f  3421/3797/3581 3436/3811/3595 3431/3727/3511 3426/3732/3516
f  3436/3811/3595 3421/3797/3581 3556/3802/3586 3551/3812/3596
f  3432/3803/3587 3437/3813/3597 3442/3718/3502 3427/3723/3507
f  3433/3805/3589 3438/3814/3598 3443/3719/3503 3428/3724/3508
f  3434/3807/3591 3439/3815/3599 3444/3720/3504 3429/3725/3509
f  3435/3809/3593 3440/3816/3600 3445/3721/3505 3430/3726/3510
f  3436/3811/3595 3441/3817/3601 3446/3722/3506 3431/3727/3511
f  3437/3813/3597 3432/3803/3587 3547/3804/3588 3492/3818/3602
f  3438/3814/3598 3433/3805/3589 3548/3806/3590 3493/3819/3603
f  3439/3815/3599 3434/3807/3591 3549/3808/3592 3494/3820/3604
f  3440/3816/3600 3435/3809/3593 3550/3810/3594 3495/3821/3605
f  3441/3817/3601 3436/3811/3595 3551/3812/3596 3496/3822/3606
f  3447/2969/2787 3442/3718/3502 3437/3813/3597 3452/2962/2782
f  3452/2962/2782 3437/3813/3597 3492/3818/3602 3457/2955/2777
f  3448/2970/2788 3443/3719/3503 3438/3814/3598 3453/2963/2783
f  3453/2963/2783 3438/3814/3598 3493/3819/3603 3458/2956/2778
f  3449/2972/2789 3444/3720/3504 3439/3815/3599 3454/2965/2784
f  3454/2965/2784 3439/3815/3599 3494/3820/3604 3459/2958/2779
f  3450/2973/2790 3445/3721/3505 3440/3816/3600 3455/2966/2785
f  3455/2966/2785 3440/3816/3600 3495/3821/3605 3460/2959/2780
f  3451/2975/2791 3446/3722/3506 3441/3817/3601 3456/2968/2786
f  3456/2968/2786 3441/3817/3601 3496/3822/3606 3461/2961/2781
f  3497/3823/3607 3462/2948/2772 3457/2955/2777 3492/3818/3602
f  3498/3824/3608 3463/2949/2773 3458/2956/2778 3493/3819/3603
f  3499/3825/3609 3464/2951/2774 3459/2958/2779 3494/3820/3604
f  3500/3826/3610 3465/2952/2775 3460/2959/2780 3495/3821/3605
f  3501/3827/3611 3466/2954/2776 3461/2961/2781 3496/3822/3606
f  3502/3828/3612 3467/2941/2767 3462/2948/2772 3497/3823/3607
f  3503/3829/3613 3468/2942/2768 3463/2949/2773 3498/3824/3608
f  3504/3830/3614 3469/2944/2769 3464/2951/2774 3499/3825/3609
f  3505/3831/3615 3470/2945/2770 3465/2952/2775 3500/3826/3610
f  3506/3832/3616 3471/2947/2771 3466/2954/2776 3501/3827/3611
f  3467/2941/2767 3502/3828/3612 3507/3833/3617 3472/2934/2762
f  3468/2942/2768 3503/3829/3613 3508/3834/3618 3473/2935/2763
f  3469/2944/2769 3504/3830/3614 3509/3835/3619 3474/2937/2764
f  3470/2945/2770 3505/3831/3615 3510/3836/3620 3475/2938/2765
f  3471/2947/2771 3506/3832/3616 3511/3837/3621 3476/2940/2766
f  3472/2934/2762 3507/3833/3617 3512/3838/3622 3477/2712/2544
f  3473/2935/2763 3508/3834/3618 3513/3839/3623 3478/2713/2545
f  3474/2937/2764 3509/3835/3619 3514/3840/3624 3479/2715/2546
f  3475/2938/2765 3510/3836/3620 3515/3841/3625 3480/2709/2542
f  3476/2940/2766 3511/3837/3621 3516/3842/3626 3481/2711/2543
f  3517/3843/3627 3482/2705/2539 3477/2712/2544 3512/3838/3622
f  3518/3844/3628 3483/2706/2540 3478/2713/2545 3513/3839/3623
f  3519/3845/3629 3484/2708/2541 3479/2715/2546 3514/3840/3624
f  3520/3846/3630 3485/2702/2537 3480/2709/2542 3515/3841/3625
f  3521/3847/3631 3486/2704/2538 3481/2711/2543 3516/3842/3626
f  3752/3848/3632 3487/2699/2534 3482/2705/2539 3517/3843/3627
f  3753/3849/3633 3488/2700/2535 3483/2706/2540 3518/3844/3628
f  3754/3850/3634 3489/2701/2536 3484/2708/2541 3519/3845/3629
f  3755/3851/3635 3490/2697/2532 3485/2702/2537 3520/3846/3630
f  3756/3852/3636 3491/2698/2533 3486/2704/2538 3521/3847/3631
f  3807/3853/3637 3747/2694/2529 3487/2699/2534 3752/3848/3632
f  3808/3854/3638 3748/2695/2530 3488/2700/2535 3753/3849/3633
f  3809/3855/3639 3749/2696/2531 3489/2701/2536 3754/3850/3634
f  3810/3856/3640 3750/2692/2527 3490/2697/2532 3755/3851/3635
f  3811/3857/3641 3751/2693/2528 3491/2698/2533 3756/3852/3636
f  3492/3818/3602 3547/3804/3588 3542/3858/3642 3497/3823/3607
f  3493/3819/3603 3548/3806/3590 3543/3859/3643 3498/3824/3608
f  3494/3820/3604 3549/3808/3592 3544/3860/3644 3499/3825/3609
f  3495/3821/3605 3550/3810/3594 3545/3861/3645 3500/3826/3610
f  3496/3822/3606 3551/3812/3596 3546/3862/3646 3501/3827/3611
f  3497/3823/3607 3542/3858/3642 3537/3863/3647 3502/3828/3612
f  3498/3824/3608 3543/3859/3643 3538/3864/3648 3503/3829/3613
f  3499/3825/3609 3544/3860/3644 3539/3865/3649 3504/3830/3614
f  3500/3826/3610 3545/3861/3645 3540/3866/3650 3505/3831/3615
f  3501/3827/3611 3546/3862/3646 3541/3867/3651 3506/3832/3616
f  3502/3828/3612 3537/3863/3647 3532/3868/3652 3507/3833/3617
f  3503/3829/3613 3538/3864/3648 3533/3869/3653 3508/3834/3618
f  3504/3830/3614 3539/3865/3649 3534/3870/3654 3509/3835/3619
f  3505/3831/3615 3540/3866/3650 3535/3871/3655 3510/3836/3620
f  3506/3832/3616 3541/3867/3651 3536/3872/3656 3511/3837/3621
f  3527/3873/3657 3512/3838/3622 3507/3833/3617 3532/3868/3652
f  3528/3874/3658 3513/3839/3623 3508/3834/3618 3533/3869/3653
f  3529/3875/3659 3514/3840/3624 3509/3835/3619 3534/3870/3654
f  3530/3876/3660 3515/3841/3625 3510/3836/3620 3535/3871/3655
f  3531/3877/3661 3516/3842/3626 3511/3837/3621 3536/3872/3656
f  3522/3878/3662 3517/3843/3627 3512/3838/3622 3527/3873/3657
f  3523/3879/3663 3518/3844/3628 3513/3839/3623 3528/3874/3658
f  3524/3880/3664 3519/3845/3629 3514/3840/3624 3529/3875/3659
f  3525/3881/3665 3520/3846/3630 3515/3841/3625 3530/3876/3660
f  3526/3882/3666 3521/3847/3631 3516/3842/3626 3531/3877/3661
f  3517/3843/3627 3522/3878/3662 3757/3883/3667 3752/3848/3632
f  3518/3844/3628 3523/3879/3663 3758/3884/3668 3753/3849/3633
f  3519/3845/3629 3524/3880/3664 3759/3885/3669 3754/3850/3634
f  3520/3846/3630 3525/3881/3665 3760/3886/3670 3755/3851/3635
f  3521/3847/3631 3526/3882/3666 3761/3887/3671 3756/3852/3636
f  3577/3888/3672 3522/3878/3662 3527/3873/3657 3572/3889/3673
f  3762/3890/3674 3757/3883/3667 3522/3878/3662 3577/3888/3672
f  3578/3891/3675 3523/3879/3663 3528/3874/3658 3573/3892/3676
f  3763/3893/3677 3758/3884/3668 3523/3879/3663 3578/3891/3675
f  3579/3894/3678 3524/3880/3664 3529/3875/3659 3574/3895/3679
f  3764/3896/3680 3759/3885/3669 3524/3880/3664 3579/3894/3678
f  3580/3897/3681 3525/3881/3665 3530/3876/3660 3575/3898/3682
f  3765/3899/3683 3760/3886/3670 3525/3881/3665 3580/3897/3681
f  3581/3900/3684 3526/3882/3666 3531/3877/3661 3576/3901/3685
f  3766/3902/3686 3761/3887/3671 3526/3882/3666 3581/3900/3684
f  3532/3868/3652 3567/3903/3687 3572/3889/3673 3527/3873/3657
f  3533/3869/3653 3568/3904/3688 3573/3892/3676 3528/3874/3658
f  3534/3870/3654 3569/3905/3689 3574/3895/3679 3529/3875/3659
f  3535/3871/3655 3570/3906/3690 3575/3898/3682 3530/3876/3660
f  3536/3872/3656 3571/3907/3691 3576/3901/3685 3531/3877/3661
f  3537/3863/3647 3562/3908/3692 3567/3903/3687 3532/3868/3652
f  3538/3864/3648 3563/3909/3693 3568/3904/3688 3533/3869/3653
f  3539/3865/3649 3564/3910/3694 3569/3905/3689 3534/3870/3654
f  3540/3866/3650 3565/3911/3695 3570/3906/3690 3535/3871/3655
f  3541/3867/3651 3566/3912/3696 3571/3907/3691 3536/3872/3656
f  3562/3908/3692 3537/3863/3647 3542/3858/3642 3557/3913/3697
f  3563/3909/3693 3538/3864/3648 3543/3859/3643 3558/3914/3698
f  3564/3910/3694 3539/3865/3649 3544/3860/3644 3559/3915/3699
f  3565/3911/3695 3540/3866/3650 3545/3861/3645 3560/3916/3700
f  3566/3912/3696 3541/3867/3651 3546/3862/3646 3561/3917/3701
f  3547/3804/3588 3552/3798/3582 3557/3913/3697 3542/3858/3642
f  3548/3806/3590 3553/3799/3583 3558/3914/3698 3543/3859/3643
f  3549/3808/3592 3554/3800/3584 3559/3915/3699 3544/3860/3644
f  3550/3810/3594 3555/3801/3585 3560/3916/3700 3545/3861/3645
f  3551/3812/3596 3556/3802/3586 3561/3917/3701 3546/3862/3646
f  3552/3798/3582 3607/3784/3568 3602/3918/3702 3557/3913/3697
f  3553/3799/3583 3608/3786/3570 3603/3919/3703 3558/3914/3698
f  3554/3800/3584 3609/3788/3572 3604/3920/3704 3559/3915/3699
f  3555/3801/3585 3610/3790/3574 3605/3921/3705 3560/3916/3700
f  3556/3802/3586 3611/3792/3576 3606/3922/3706 3561/3917/3701
f  3597/3923/3707 3562/3908/3692 3557/3913/3697 3602/3918/3702
f  3598/3924/3708 3563/3909/3693 3558/3914/3698 3603/3919/3703
f  3599/3925/3709 3564/3910/3694 3559/3915/3699 3604/3920/3704
f  3600/3926/3710 3565/3911/3695 3560/3916/3700 3605/3921/3705
f  3601/3927/3711 3566/3912/3696 3561/3917/3701 3606/3922/3706
f  3592/3928/3712 3567/3903/3687 3562/3908/3692 3597/3923/3707
f  3593/3929/3713 3568/3904/3688 3563/3909/3693 3598/3924/3708
f  3594/3930/3714 3569/3905/3689 3564/3910/3694 3599/3925/3709
f  3595/3931/3715 3570/3906/3690 3565/3911/3695 3600/3926/3710
f  3596/3932/3716 3571/3907/3691 3566/3912/3696 3601/3927/3711
f  3587/3933/3717 3572/3889/3673 3567/3903/3687 3592/3928/3712
f  3588/3934/3718 3573/3892/3676 3568/3904/3688 3593/3929/3713
f  3589/3935/3719 3574/3895/3679 3569/3905/3689 3594/3930/3714
f  3590/3936/3720 3575/3898/3682 3570/3906/3690 3595/3931/3715
f  3591/3937/3721 3576/3901/3685 3571/3907/3691 3596/3932/3716
f  3572/3889/3673 3587/3933/3717 3582/3938/3722 3577/3888/3672
f  3573/3892/3676 3588/3934/3718 3583/3939/3723 3578/3891/3675
f  3574/3895/3679 3589/3935/3719 3584/3940/3724 3579/3894/3678
f  3575/3898/3682 3590/3936/3720 3585/3941/3725 3580/3897/3681
f  3576/3901/3685 3591/3937/3721 3586/3942/3726 3581/3900/3684
f  3767/3943/3727 3762/3890/3674 3577/3888/3672 3582/3938/3722
f  3768/3944/3728 3763/3893/3677 3578/3891/3675 3583/3939/3723
f  3769/3945/3729 3764/3896/3680 3579/3894/3678 3584/3940/3724
f  3770/3946/3730 3765/3899/3683 3580/3897/3681 3585/3941/3725
f  3771/3947/3731 3766/3902/3686 3581/3900/3684 3586/3942/3726
f  3632/3948/3732 3637/3949/3733 3582/3938/3722 3587/3933/3717
f  3637/3949/3733 3772/3950/3734 3767/3943/3727 3582/3938/3722
f  3633/3951/3735 3638/3952/3736 3583/3939/3723 3588/3934/3718
f  3638/3952/3736 3773/3953/3737 3768/3944/3728 3583/3939/3723
f  3634/3954/3738 3639/3955/3739 3584/3940/3724 3589/3935/3719
f  3639/3955/3739 3774/3956/3740 3769/3945/3729 3584/3940/3724
f  3635/3957/3741 3640/3958/3742 3585/3941/3725 3590/3936/3720
f  3640/3958/3742 3775/3959/3743 3770/3946/3730 3585/3941/3725
f  3636/3960/3744 3641/3961/3745 3586/3942/3726 3591/3937/3721
f  3641/3961/3745 3776/3962/3746 3771/3947/3731 3586/3942/3726
f  3592/3928/3712 3627/3963/3747 3632/3948/3732 3587/3933/3717
f  3593/3929/3713 3628/3964/3748 3633/3951/3735 3588/3934/3718
f  3594/3930/3714 3629/3965/3749 3634/3954/3738 3589/3935/3719
f  3595/3931/3715 3630/3966/3750 3635/3957/3741 3590/3936/3720
f  3596/3932/3716 3631/3967/3751 3636/3960/3744 3591/3937/3721
f  3597/3923/3707 3622/3968/3752 3627/3963/3747 3592/3928/3712
f  3598/3924/3708 3623/3969/3753 3628/3964/3748 3593/3929/3713
f  3599/3925/3709 3624/3970/3754 3629/3965/3749 3594/3930/3714
f  3600/3926/3710 3625/3971/3755 3630/3966/3750 3595/3931/3715
f  3601/3927/3711 3626/3972/3756 3631/3967/3751 3596/3932/3716
f  3622/3968/3752 3597/3923/3707 3602/3918/3702 3617/3973/3757
f  3623/3969/3753 3598/3924/3708 3603/3919/3703 3618/3974/3758
f  3624/3970/3754 3599/3925/3709 3604/3920/3704 3619/3975/3759
f  3625/3971/3755 3600/3926/3710 3605/3921/3705 3620/3976/3760
f  3626/3972/3756 3601/3927/3711 3606/3922/3706 3621/3977/3761
f  3607/3784/3568 3612/3778/3562 3617/3973/3757 3602/3918/3702
f  3608/3786/3570 3613/3779/3563 3618/3974/3758 3603/3919/3703
f  3609/3788/3572 3614/3780/3564 3619/3975/3759 3604/3920/3704
f  3610/3790/3574 3615/3781/3565 3620/3976/3760 3605/3921/3705
f  3611/3792/3576 3616/3782/3566 3621/3977/3761 3606/3922/3706
f  3612/3778/3562 3667/3764/3548 3662/3978/3762 3617/3973/3757
f  3613/3779/3563 3668/3766/3550 3663/3979/3763 3618/3974/3758
f  3614/3780/3564 3669/3768/3552 3664/3980/3764 3619/3975/3759
f  3615/3781/3565 3670/3770/3554 3665/3981/3765 3620/3976/3760
f  3616/3782/3566 3671/3772/3556 3666/3982/3766 3621/3977/3761
f  3622/3968/3752 3617/3973/3757 3662/3978/3762 3657/3983/3767
f  3658/3984/3768 3623/3969/3753 3618/3974/3758 3663/3979/3763
f  3624/3970/3754 3619/3975/3759 3664/3980/3764 3659/3985/3769
f  3625/3971/3755 3620/3976/3760 3665/3981/3765 3660/3986/3770
f  3661/3987/3771 3626/3972/3756 3621/3977/3761 3666/3982/3766
f  3652/3988/3772 3627/3963/3747 3622/3968/3752 3657/3983/3767
f  3653/3989/3773 3628/3964/3748 3623/3969/3753 3658/3984/3768
f  3654/3990/3774 3629/3965/3749 3624/3970/3754 3659/3985/3769
f  3655/3991/3775 3630/3966/3750 3625/3971/3755 3660/3986/3770
f  3656/3992/3776 3631/3967/3751 3626/3972/3756 3661/3987/3771
f  3627/3963/3747 3652/3988/3772 3647/3993/3777 3632/3948/3732
f  3628/3964/3748 3653/3989/3773 3648/3994/3778 3633/3951/3735
f  3629/3965/3749 3654/3990/3774 3649/3995/3779 3634/3954/3738
f  3630/3966/3750 3655/3991/3775 3650/3996/3780 3635/3957/3741
f  3631/3967/3751 3656/3992/3776 3651/3997/3781 3636/3960/3744
f  3637/3949/3733 3632/3948/3732 3647/3993/3777 3642/3998/3782
f  3638/3952/3736 3633/3951/3735 3648/3994/3778 3643/3999/3783
f  3639/3955/3739 3634/3954/3738 3649/3995/3779 3644/4000/3784
f  3640/3958/3742 3635/3957/3741 3650/3996/3780 3645/4001/3785
f  3641/3961/3745 3636/3960/3744 3651/3997/3781 3646/4002/3786
f  3637/3949/3733 3642/3998/3782 3777/4003/3787 3772/3950/3734
f  3643/3999/3783 3778/4004/3788 3773/3953/3737 3638/3952/3736
f  3644/4000/3784 3779/4005/3789 3774/3956/3740 3639/3955/3739
f  3645/4001/3785 3780/4006/3790 3775/3959/3743 3640/3958/3742
f  3641/3961/3745 3646/4002/3786 3781/4007/3791 3776/3962/3746
f  3697/4008/3792 3642/3998/3782 3647/3993/3777 3692/4009/3793
f  3642/3998/3782 3697/4008/3792 3782/4010/3794 3777/4003/3787
f  3698/4011/3795 3643/3999/3783 3648/3994/3778 3693/4012/3796
f  3643/3999/3783 3698/4011/3795 3783/4013/3797 3778/4004/3788
f  3699/4014/3798 3644/4000/3784 3649/3995/3779 3694/4015/3799
f  3644/4000/3784 3699/4014/3798 3784/4016/3800 3779/4005/3789
f  3700/4017/3801 3645/4001/3785 3650/3996/3780 3695/4018/3802
f  3645/4001/3785 3700/4017/3801 3785/4019/3803 3780/4006/3790
f  3701/4020/3804 3646/4002/3786 3651/3997/3781 3696/4021/3805
f  3646/4002/3786 3701/4020/3804 3786/4022/3806 3781/4007/3791
f  3652/3988/3772 3687/4023/3807 3692/4009/3793 3647/3993/3777
f  3653/3989/3773 3688/4024/3808 3693/4012/3796 3648/3994/3778
f  3654/3990/3774 3689/4025/3809 3694/4015/3799 3649/3995/3779
f  3655/3991/3775 3690/4026/3810 3695/4018/3802 3650/3996/3780
f  3656/3992/3776 3691/4027/3811 3696/4021/3805 3651/3997/3781
f  3657/3983/3767 3682/4028/3812 3687/4023/3807 3652/3988/3772
f  3658/3984/3768 3683/4029/3813 3688/4024/3808 3653/3989/3773
f  3659/3985/3769 3684/4030/3814 3689/4025/3809 3654/3990/3774
f  3660/3986/3770 3685/4031/3815 3690/4026/3810 3655/3991/3775
f  3661/3987/3771 3686/4032/3816 3691/4027/3811 3656/3992/3776
f  3677/4033/3817 3682/4028/3812 3657/3983/3767 3662/3978/3762
f  3678/4034/3818 3683/4029/3813 3658/3984/3768 3663/3979/3763
f  3679/4035/3819 3684/4030/3814 3659/3985/3769 3664/3980/3764
f  3680/4036/3820 3685/4031/3815 3660/3986/3770 3665/3981/3765
f  3686/4032/3816 3661/3987/3771 3666/3982/3766 3681/4037/3821
f  3667/3764/3548 3672/3758/3542 3677/4033/3817 3662/3978/3762
f  3668/3766/3550 3673/3759/3543 3678/4034/3818 3663/3979/3763
f  3669/3768/3552 3674/3760/3544 3679/4035/3819 3664/3980/3764
f  3670/3770/3554 3675/3761/3545 3680/4036/3820 3665/3981/3765
f  3671/3772/3556 3676/3762/3546 3681/4037/3821 3666/3982/3766
f  3707/2642/2491 3677/4033/3817 3672/3758/3542 3702/2632/2484
f  3708/2644/2493 3678/4034/3818 3673/3759/3543 3703/2634/2485
f  3709/2648/2495 3679/4035/3819 3674/3760/3544 3704/2635/2486
f  3710/2636/2487 3680/4036/3820 3675/3761/3545 3705/2630/2482
f  3711/2640/2489 3681/4037/3821 3676/3762/3546 3706/2631/2483
f  3712/2643/2492 3682/4028/3812 3677/4033/3817 3707/2642/2491
f  3713/2647/2494 3683/4029/3813 3678/4034/3818 3708/2644/2493
f  3714/2649/2496 3684/4030/3814 3679/4035/3819 3709/2648/2495
f  3715/2639/2488 3685/4031/3815 3680/4036/3820 3710/2636/2487
f  3716/2641/2490 3686/4032/3816 3681/4037/3821 3711/2640/2489
f  3717/2653/2499 3687/4023/3807 3682/4028/3812 3712/2643/2492
f  3718/2655/2500 3688/4024/3808 3683/4029/3813 3713/2647/2494
f  3719/2656/2501 3689/4025/3809 3684/4030/3814 3714/2649/2496
f  3720/2651/2497 3690/4026/3810 3685/4031/3815 3715/2639/2488
f  3721/2652/2498 3691/4027/3811 3686/4032/3816 3716/2641/2490
f  3722/2660/2504 3692/4009/3793 3687/4023/3807 3717/2653/2499
f  3723/2662/2505 3693/4012/3796 3688/4024/3808 3718/2655/2500
f  3724/2663/2506 3694/4015/3799 3689/4025/3809 3719/2656/2501
f  3725/2658/2502 3695/4018/3802 3690/4026/3810 3720/2651/2497
f  3726/2659/2503 3696/4021/3805 3691/4027/3811 3721/2652/2498
f  3727/2667/2509 3697/4008/3792 3692/4009/3793 3722/2660/2504
f  3728/2669/2510 3698/4011/3795 3693/4012/3796 3723/2662/2505
f  3729/2670/2511 3699/4014/3798 3694/4015/3799 3724/2663/2506
f  3730/2665/2507 3700/4017/3801 3695/4018/3802 3725/2658/2502
f  3731/2666/2508 3701/4020/3804 3696/4021/3805 3726/2659/2503
f  3727/2667/2509 3732/2674/2514 3782/4010/3794 3697/4008/3792
f  3728/2669/2510 3733/2676/2515 3783/4013/3797 3698/4011/3795
f  3729/2670/2511 3734/2677/2516 3784/4016/3800 3699/4014/3798
f  3730/2665/2507 3735/2672/2512 3785/4019/3803 3700/4017/3801
f  3731/2666/2508 3736/2673/2513 3786/4022/3806 3701/4020/3804
f  3732/2674/2514 3737/2681/2519 3812/4038/3822 3782/4010/3794
f  3733/2676/2515 3738/2683/2520 3813/4039/3823 3783/4013/3797
f  3734/2677/2516 3739/2684/2521 3814/4040/3824 3784/4016/3800
f  3735/2672/2512 3740/2679/2517 3815/4041/3825 3785/4019/3803
f  3736/2673/2513 3741/2680/2518 3816/4042/3826 3786/4022/3806
f  3742/2688/2524 3802/4043/3827 3812/4038/3822 3737/2681/2519
f  3743/2690/2525 3803/4044/3828 3813/4039/3823 3738/2683/2520
f  3744/2691/2526 3804/4045/3829 3814/4040/3824 3739/2684/2521
f  3745/2686/2522 3805/4046/3830 3815/4041/3825 3740/2679/2517
f  3746/2687/2523 3806/4047/3831 3816/4042/3826 3741/2680/2518
f  3802/4043/3827 3742/2688/2524 3747/2694/2529 3807/3853/3637
f  3803/4044/3828 3743/2690/2525 3748/2695/2530 3808/3854/3638
f  3804/4045/3829 3744/2691/2526 3749/2696/2531 3809/3855/3639
f  3805/4046/3830 3745/2686/2522 3750/2692/2527 3810/3856/3640
f  3806/4047/3831 3746/2687/2523 3751/2693/2528 3811/3857/3641
f  3792/4048/3832 3807/3853/3637 3752/3848/3632 3757/3883/3667
f  3793/4049/3833 3808/3854/3638 3753/3849/3633 3758/3884/3668
f  3794/4050/3834 3809/3855/3639 3754/3850/3634 3759/3885/3669
f  3795/4051/3835 3810/3856/3640 3755/3851/3635 3760/3886/3670
f  3796/4052/3836 3811/3857/3641 3756/3852/3636 3761/3887/3671
f  3762/3890/3674 3787/4053/3837 3792/4048/3832 3757/3883/3667
f  3763/3893/3677 3788/4054/3838 3793/4049/3833 3758/3884/3668
f  3764/3896/3680 3789/4055/3839 3794/4050/3834 3759/3885/3669
f  3765/3899/3683 3790/4056/3840 3795/4051/3835 3760/3886/3670
f  3766/3902/3686 3791/4057/3841 3796/4052/3836 3761/3887/3671
f  3772/3950/3734 3787/4053/3837 3762/3890/3674 3767/3943/3727
f  3773/3953/3737 3788/4054/3838 3763/3893/3677 3768/3944/3728
f  3774/3956/3740 3789/4055/3839 3764/3896/3680 3769/3945/3729
f  3775/3959/3743 3790/4056/3840 3765/3899/3683 3770/3946/3730
f  3776/3962/3746 3791/4057/3841 3766/3902/3686 3771/3947/3731
f  3797/4058/3842 3787/4053/3837 3772/3950/3734 3777/4003/3787
f  3798/4059/3843 3788/4054/3838 3773/3953/3737 3778/4004/3788
f  3799/4060/3844 3789/4055/3839 3774/3956/3740 3779/4005/3789
f  3800/4061/3845 3790/4056/3840 3775/3959/3743 3780/4006/3790
f  3801/4062/3846 3791/4057/3841 3776/3962/3746 3781/4007/3791
f  3777/4003/3787 3782/4010/3794 3812/4038/3822 3797/4058/3842
f  3778/4004/3788 3783/4013/3797 3813/4039/3823 3798/4059/3843
f  3779/4005/3789 3784/4016/3800 3814/4040/3824 3799/4060/3844
f  3780/4006/3790 3785/4019/3803 3815/4041/3825 3800/4061/3845
f  3781/4007/3791 3786/4022/3806 3816/4042/3826 3801/4062/3846
f  3787/4053/3837 3797/4058/3842 3812/4038/3822 3802/4043/3827
f  3787/4053/3837 3802/4043/3827 3807/3853/3637 3792/4048/3832
f  3788/4054/3838 3798/4059/3843 3813/4039/3823 3803/4044/3828
f  3788/4054/3838 3803/4044/3828 3808/3854/3638 3793/4049/3833
f  3789/4055/3839 3799/4060/3844 3814/4040/3824 3804/4045/3829
f  3789/4055/3839 3804/4045/3829 3809/3855/3639 3794/4050/3834
f  3790/4056/3840 3800/4061/3845 3815/4041/3825 3805/4046/3830
f  3790/4056/3840 3805/4046/3830 3810/3856/3640 3795/4051/3835
f  3791/4057/3841 3801/4062/3846 3816/4042/3826 3806/4047/3831
f  3791/4057/3841 3806/4047/3831 3811/3857/3641 3796/4052/3836
f  3857/4063/3847 3822/3328/3112 3817/3323/3107 3852/4064/3848
f  3852/4064/3848 3817/3323/3107 3876/3318/3102 3875/4065/3849
f  3853/4066/3850 3858/4067/3851 3823/3329/3113 3818/3324/3108
f  3853/4066/3850 3818/3324/3108 3868/3319/3103 3867/4068/3852
f  3859/4069/3853 3824/3330/3114 3819/3325/3109 3854/4070/3854
f  3854/4070/3854 3819/3325/3109 3870/3320/3104 3869/4071/3855
f  3860/4072/3856 3825/3331/3115 3820/3326/3110 3855/4073/3857
f  3855/4073/3857 3820/3326/3110 3872/3321/3105 3871/4074/3858
f  3861/4075/3859 3826/3332/3116 3821/3327/3111 3856/4076/3860
f  3856/4076/3860 3821/3327/3111 3874/3322/3106 3873/4077/3861
f  3857/4063/3847 3862/4078/3862 3827/3308/3092 3822/3328/3112
f  3858/4067/3851 3863/4079/3863 3828/3311/3095 3823/3329/3113
f  3859/4069/3853 3864/4080/3864 3829/3314/3098 3824/3330/3114
f  3860/4072/3856 3865/4081/3865 3830/3317/3101 3825/3331/3115
f  3861/4075/3859 3866/4082/3866 3831/3305/3089 3826/3332/3116
f  3843/4083/3867 3838/3306/3090 3827/3308/3092 3862/4078/3862
f  3844/4084/3868 3839/3309/3093 3828/3311/3095 3863/4079/3863
f  3845/4085/3869 3840/3312/3096 3829/3314/3098 3864/4080/3864
f  3846/4086/3870 3841/3315/3099 3830/3317/3101 3865/4081/3865
f  3842/4087/3871 3837/3303/3087 3831/3305/3089 3866/4082/3866
f  3875/4065/3849 3876/3318/3102 3832/3304/3088 3847/4088/3872
f  3842/4087/3871 3847/4088/3872 3832/3304/3088 3837/3303/3087
f  3867/4068/3852 3868/3319/3103 3833/3307/3091 3848/4089/3873
f  3843/4083/3867 3848/4089/3873 3833/3307/3091 3838/3306/3090
f  3869/4071/3855 3870/3320/3104 3834/3310/3094 3849/4090/3874
f  3844/4084/3868 3849/4090/3874 3834/3310/3094 3839/3309/3093
f  3871/4074/3858 3872/3321/3105 3835/3313/3097 3850/4091/3875
f  3845/4085/3869 3850/4091/3875 3835/3313/3097 3840/3312/3096
f  3873/4077/3861 3874/3322/3106 3836/3316/3100 3851/4092/3876
f  3846/4086/3870 3851/4092/3876 3836/3316/3100 3841/3315/3099
f  3842/4087/3871 3905/4093/3877 3899/4094/3878 3847/4088/3872
f  3905/4093/3877 3842/4087/3871 3866/4082/3866 3894/4095/3879
f  3843/4083/3867 3906/4096/3880 3900/4097/3881 3848/4089/3873
f  3906/4096/3880 3843/4083/3867 3862/4078/3862 3895/4098/3882
f  3844/4084/3868 3902/4099/3883 3901/4100/3884 3849/4090/3874
f  3902/4099/3883 3844/4084/3868 3863/4079/3863 3896/4101/3885
f  3845/4085/3869 3903/4102/3886 3897/4103/3887 3850/4091/3875
f  3903/4102/3886 3845/4085/3869 3864/4080/3864 3892/4104/3888
f  3846/4086/3870 3904/4105/3889 3898/4106/3890 3851/4092/3876
f  3904/4105/3889 3846/4086/3870 3865/4081/3865 3893/4107/3891
f  3847/4088/3872 3899/4094/3878 3880/4108/3892 3875/4065/3849
f  3848/4089/3873 3900/4097/3881 3881/4109/3893 3867/4068/3852
f  3849/4090/3874 3901/4100/3884 3877/4110/3894 3869/4071/3855
f  3850/4091/3875 3897/4103/3887 3878/4111/3895 3871/4074/3858
f  3851/4092/3876 3898/4106/3890 3879/4112/3896 3873/4077/3861
f  3852/4064/3848 3875/4065/3849 3880/4108/3892 3885/4113/3897
f  3890/4114/3898 3857/4063/3847 3852/4064/3848 3885/4113/3897
f  3853/4066/3850 3867/4068/3852 3881/4109/3893 3886/4115/3899
f  3891/4116/3900 3858/4067/3851 3853/4066/3850 3886/4115/3899
f  3854/4070/3854 3869/4071/3855 3877/4110/3894 3882/4117/3901
f  3887/4118/3902 3859/4069/3853 3854/4070/3854 3882/4117/3901
f  3855/4073/3857 3871/4074/3858 3878/4111/3895 3883/4119/3903
f  3888/4120/3904 3860/4072/3856 3855/4073/3857 3883/4119/3903
f  3856/4076/3860 3873/4077/3861 3879/4112/3896 3884/4121/3905
f  3889/4122/3906 3861/4075/3859 3856/4076/3860 3884/4121/3905
f  3890/4114/3898 3895/4098/3882 3862/4078/3862 3857/4063/3847
f  3891/4116/3900 3896/4101/3885 3863/4079/3863 3858/4067/3851
f  3887/4118/3902 3892/4104/3888 3864/4080/3864 3859/4069/3853
f  3888/4120/3904 3893/4107/3891 3865/4081/3865 3860/4072/3856
f  3889/4122/3906 3894/4095/3879 3866/4082/3866 3861/4075/3859
f  3901/4100/3884 3907/4123/3907 3882/4117/3901 3877/4110/3894
f  3897/4103/3887 3908/4124/3908 3883/4119/3903 3878/4111/3895
f  3898/4106/3890 3909/4125/3909 3884/4121/3905 3879/4112/3896
f  3899/4094/3878 3910/4126/3910 3885/4113/3897 3880/4108/3892
f  3900/4097/3881 3911/4127/3911 3886/4115/3899 3881/4109/3893
f  3907/4123/3907 3892/4104/3888 3887/4118/3902 3882/4117/3901
f  3908/4124/3908 3893/4107/3891 3888/4120/3904 3883/4119/3903
f  3909/4125/3909 3894/4095/3879 3889/4122/3906 3884/4121/3905
f  3910/4126/3910 3895/4098/3882 3890/4114/3898 3885/4113/3897
f  3911/4127/3911 3896/4101/3885 3891/4116/3900 3886/4115/3899
f  3903/4102/3886 3892/4104/3888 3917/4128/3912 3922/4129/3913
f  3917/4128/3912 3892/4104/3888 3907/4123/3907 3912/4130/3914
f  3904/4105/3889 3893/4107/3891 3918/4131/3915 3923/4132/3916
f  3918/4131/3915 3893/4107/3891 3908/4124/3908 3913/4133/3917
f  3905/4093/3877 3894/4095/3879 3919/4134/3918 3924/4135/3919
f  3919/4134/3918 3894/4095/3879 3909/4125/3909 3914/4136/3920
f  3906/4096/3880 3895/4098/3882 3920/4137/3921 3925/4138/3922
f  3920/4137/3921 3895/4098/3882 3910/4126/3910 3915/4139/3923
f  3902/4099/3883 3896/4101/3885 3921/4140/3924 3926/4141/3925
f  3921/4140/3924 3896/4101/3885 3911/4127/3911 3916/4142/3926
f  3927/4143/3927 3897/4103/3887 3903/4102/3886 3922/4129/3913
f  3908/4124/3908 3897/4103/3887 3927/4143/3927 3913/4133/3917
f  3928/4144/3928 3898/4106/3890 3904/4105/3889 3923/4132/3916
f  3909/4125/3909 3898/4106/3890 3928/4144/3928 3914/4136/3920
f  3929/4145/3929 3899/4094/3878 3905/4093/3877 3924/4135/3919
f  3910/4126/3910 3899/4094/3878 3929/4145/3929 3915/4139/3923
f  3930/4146/3930 3900/4097/3881 3906/4096/3880 3925/4138/3922
f  3911/4127/3911 3900/4097/3881 3930/4146/3930 3916/4142/3926
f  3931/4147/3931 3901/4100/3884 3902/4099/3883 3926/4141/3925
f  3907/4123/3907 3901/4100/3884 3931/4147/3931 3912/4130/3914
f  3931/4147/3931 3936/4148/3932 3917/4128/3912 3912/4130/3914
f  3927/4143/3927 3932/4149/3933 3918/4131/3915 3913/4133/3917
f  3928/4144/3928 3933/4150/3934 3919/4134/3918 3914/4136/3920
f  3929/4145/3929 3934/4151/3935 3920/4137/3921 3915/4139/3923
f  3930/4146/3930 3935/4152/3936 3921/4140/3924 3916/4142/3926
f  3936/4148/3932 3941/4153/3937 3922/4129/3913 3917/4128/3912
f  3932/4149/3933 3937/4154/3938 3923/4132/3916 3918/4131/3915
f  3938/4155/3939 3924/4135/3919 3919/4134/3918 3933/4150/3934
f  3934/4151/3935 3939/4156/3940 3925/4138/3922 3920/4137/3921
f  3935/4152/3936 3940/4157/3941 3926/4141/3925 3921/4140/3924
f  3932/4149/3933 3927/4143/3927 3922/4129/3913 3941/4153/3937
f  3933/4150/3934 3928/4144/3928 3923/4132/3916 3937/4154/3938
f  3934/4151/3935 3929/4145/3929 3924/4135/3919 3938/4155/3939
f  3935/4152/3936 3930/4146/3930 3925/4138/3922 3939/4156/3940
f  3936/4148/3932 3931/4147/3931 3926/4141/3925 3940/4157/3941
f  3941/4153/3937 3942/4158/3942 3937/4154/3938 3932/4149/3933
f  3937/4154/3938 3942/4158/3942 3938/4155/3939 3933/4150/3934
f  3938/4155/3939 3942/4158/3942 3939/4156/3940 3934/4151/3935
f  3939/4156/3940 3942/4158/3942 3940/4157/3941 3935/4152/3936
f  67/74/74 80/60/60 57/116/116 62/91/91
f  636/706/706 635/704/704 630/703/703 631/705/705
f  722/779/779 727/778/778 697/780/780 692/797/797
f  723/783/783 728/782/782 698/784/784 693/798/798
f  724/787/787 729/786/786 699/788/788 694/799/799
f  725/791/791 730/790/790 700/792/792 695/800/800
f  726/795/795 731/794/794 701/796/796 696/801/801
f  777/917/917 782/904/904 807/903/903 802/902/902
f  778/918/918 783/907/907 808/906/906 803/905/905
f  779/919/919 784/910/910 809/909/909 804/908/908
f  780/920/920 785/913/913 810/912/912 805/911/911
f  781/921/921 786/916/916 811/915/915 806/914/914
f  882/1064/1064 877/1077/1077 907/1063/1063 902/1062/1062
f  883/1067/1067 878/1078/1078 908/1066/1066 903/1065/1065
f  884/1070/1070 879/1079/1079 909/1069/1069 904/1068/1068
f  885/1073/1073 880/1080/1080 910/1072/1072 905/1071/1071
f  886/1076/1076 881/1081/1081 911/1075/1075 906/1074/1074
f  987/1164/1164 982/1165/1165 957/1166/1166 952/1187/1187
f  988/1169/1169 983/1170/1170 958/1171/1171 953/1188/1188
f  989/1174/1174 984/1175/1175 959/1176/1176 954/1189/1189
f  990/1179/1179 985/1180/1180 960/1181/1181 955/1190/1190
f  991/1184/1184 986/1185/1185 961/1186/1186 956/1191/1191
f  1062/1293/1290 1037/1294/1291 1032/1318/1312 1067/1292/1289
f  1063/1298/1295 1038/1299/1296 1033/1319/1313 1068/1297/1294
f  1064/4159/1300 1039/1342/1301 1034/1321/1314 1069/1320/1299
f  1065/1311/1305 1040/1312/1306 1035/1322/1315 1070/1310/1304
f  1066/1316/1310 1041/1317/1311 1036/1323/1316 1071/1315/1309
f  1748/1810/1774 1727/832/832 1732/738/738 1747/739/739
f  1750/1817/1781 1728/834/834 1733/741/741 1749/742/742
f  1752/1824/1788 1729/836/836 1734/744/744 1751/745/745
f  1754/1834/1795 1730/838/838 1735/747/747 1753/748/748
f  1756/1844/1802 1731/840/840 1736/750/750 1755/751/751
f  1797/383/383 1788/1801/1766 1777/2175/2097 1817/385/385
f  1798/371/371 1790/1793/1758 1778/2176/2098 1818/373/373
f  1799/374/374 1792/1795/1760 1779/2177/2099 1819/376/376
f  1800/377/377 1794/1797/1762 1780/2178/2100 1820/379/379
f  1801/380/380 1796/1799/1764 1781/2179/2101 1821/382/382
f  2667/3085/2871 2682/2373/2265 2677/2371/2263 2672/2534/2414
f  2668/3089/2874 2683/3088/2268 2678/2539/2266 2673/2538/2417
f  2669/3092/2877 2684/2379/2271 2679/2377/2269 2674/2543/2420
f  2670/3096/2880 2685/3095/2259 2680/2527/2257 2675/2526/2408
f  2671/3082/2868 2686/2370/2262 2681/2368/2260 2676/2531/2411
f  3940/4157/3941 3942/4158/3942 3941/4153/3937 3936/4148/3932
f  2207/2637/2347 3710/2636/2487 3705/2630/2482 2197/2629/2337
f  2207/2455/2347 2197/2445/2337 2202/2450/2342
f  2208/2456/2348 3711/2640/2489 3706/2631/2483 2198/2446/2338
f  2208/2456/2348 2198/2446/2338 2203/2451/2343
f  2209/2457/2349 3707/2642/2491 3702/2632/2484 2199/2447/2339
f  2209/2457/2349 2199/2447/2339 2204/2452/2344
f  2210/2645/2350 3708/2644/2493 3703/2634/2485 2200/2633/2340
f  2210/2458/2350 2200/2448/2340 2205/2453/2345
f  2211/2459/2351 3709/2648/2495 3704/2635/2486 2201/2449/2341
f  2211/2459/2351 2201/2449/2341 2206/2454/2346
f  2447/2761/2592 2550/2889/2717 2545/2894/2722 2457/2751/2582
f  2447/2761/2592 2457/2751/2582 2452/2756/2587
f  2448/2762/2593 2551/2890/2718 2546/2896/2724 2458/2752/2583
f  2448/2762/2593 2458/2752/2583 2453/2757/2588
f  2449/2763/2594 2547/2891/2719 2542/2898/2726 2459/2753/2584
f  2449/2763/2594 2459/2753/2584 2454/2758/2589
f  2450/2764/2595 2548/2892/2720 2543/2900/2728 2460/2754/2585
f  2450/2764/2595 2460/2754/2585 2455/2759/2590
f  2451/2765/2596 2549/2893/2721 2544/2902/2730 2461/2755/2586
f  2451/2765/2596 2461/2755/2586 2456/2760/2591
f  71/57/57 79/4/4 51/136/136 56/111/111
f  66/71/71 71/57/57 56/111/111 61/86/86
f  72/63/63 76/26/26 53/142/142 58/121/121
f  68/77/77 72/63/63 58/121/121 63/96/96
f  73/66/66 77/37/37 54/145/145 59/126/126
f  69/80/80 73/66/66 59/126/126 64/101/101
f  74/69/69 78/48/48 55/148/148 60/131/131
f  70/83/83 74/69/69 60/131/131 65/106/106
f  1227/984/984 837/983/983 842/1003/1003 1237/1021/1021
f  1152/1538/1523 1227/984/984 1237/1021/1021 1147/1527/1512
f  1229/987/987 838/986/986 843/1006/1006 1238/1027/1027
f  1153/1540/1525 1229/987/987 1238/1027/1027 1148/1529/1514
f  1231/990/990 839/989/989 844/1009/1009 1239/1033/1033
f  1154/1542/1527 1231/990/990 1239/1033/1033 1149/1531/1516
f  1233/993/993 840/992/992 845/1012/1012 1240/1039/1039
f  1155/1544/1529 1233/993/993 1240/1039/1039 1150/1533/1518
f  1235/996/996 841/995/995 846/1015/1015 1241/1045/1045
f  1156/1546/1531 1235/996/996 1241/1045/1045 1151/1535/1520
f  1252/1137/1137 922/1123/1123 942/1145/1145 1262/1197/1197
f  1127/1488/1473 1252/1137/1137 1262/1197/1197 1122/1477/1462
f  1254/1138/1138 923/1126/1126 943/1149/1149 1263/1199/1199
f  1128/1490/1475 1254/1138/1138 1263/1199/1199 1123/1479/1464
f  1256/1139/1139 924/1129/1129 944/1153/1153 1264/1201/1201
f  1129/1492/1477 1256/1139/1139 1264/1201/1201 1124/1481/1466
f  1258/1140/1140 925/1132/1132 945/1157/1157 1265/1203/1203
f  1130/1494/1479 1258/1140/1140 1265/1203/1203 1125/1483/1468
f  1260/1141/1141 926/1135/1135 946/1161/1161 1266/1205/1205
f  1131/1496/1481 1260/1141/1141 1266/1205/1205 1126/1485/1470
