# 
# Wavefront OBJ file
# Converted by the DEEP Exploration Deep Exploration 6.5 x64 6.5.0.9182
# Right Hemisphere, LTD
# http://www.righthemisphere.com/
# 
mtllib Angelfish.mtl
# object Angelfish_Set_00_pivot
g Angelfish_Set_00_pivot
v 0.52980 -3.86433 3.24064
v 0.52031 -3.86153 3.26676
v 0.51847 -3.86661 3.26607
v 0.51697 -3.87157 3.26437
v 0.51586 -3.87621 3.26173
v 0.51520 -3.88035 3.25826
v 0.51501 -3.88384 3.25408
v 0.51528 -3.88654 3.24936
v 0.51603 -3.88836 3.24427
v 0.51720 -3.88921 3.23902
v 0.51877 -3.88906 3.23380
v 0.52066 -3.88793 3.22882
v 0.52282 -3.88585 3.22427
v 0.52514 -3.88291 3.22031
v 0.52755 -3.87922 3.21711
v 0.52996 -3.87491 3.21479
v 0.53226 -3.87017 3.21344
v 0.53437 -3.86516 3.21310
v 0.53622 -3.86007 3.21379
v 0.53772 -3.85512 3.21549
v 0.53882 -3.85048 3.21813
v 0.53949 -3.84634 3.22160
v 0.53968 -3.84285 3.22578
v 0.53940 -3.84014 3.23050
v 0.53866 -3.83833 3.23559
v 0.53749 -3.83748 3.24084
v 0.53592 -3.83762 3.24606
v 0.53402 -3.83876 3.25104
v 0.53187 -3.84083 3.25559
v 0.52954 -3.84377 3.25955
v 0.52713 -3.84747 3.26275
v 0.52473 -3.85177 3.26507
v 0.52243 -3.85652 3.26642
v 0.50629 -3.85687 3.29046
v 0.50267 -3.86683 3.28910
v 0.49973 -3.87655 3.28577
v 0.49756 -3.88565 3.28060
v 0.49626 -3.89378 3.27378
v 0.49588 -3.90063 3.26558
v 0.49642 -3.90593 3.25632
v 0.49788 -3.90949 3.24634
v 0.50018 -3.91115 3.23604
v 0.50326 -3.91087 3.22581
v 0.50698 -3.90865 3.21604
v 0.51120 -3.90458 3.20710
v 0.51576 -3.89881 3.19935
v 0.52049 -3.89156 3.19307
v 0.52521 -3.88312 3.18852
v 0.52972 -3.87380 3.18586
v 0.53387 -3.86397 3.18520
v 0.53749 -3.85401 3.18656
v 0.54043 -3.84429 3.18989
v 0.54260 -3.83519 3.19506
v 0.54390 -3.82706 3.20188
v 0.54428 -3.82021 3.21007
v 0.54374 -3.81491 3.21934
v 0.54228 -3.81136 3.22931
v 0.53997 -3.80969 3.23962
v 0.53690 -3.80997 3.24985
v 0.53318 -3.81219 3.25962
v 0.52896 -3.81626 3.26856
v 0.52440 -3.82203 3.27631
v 0.51967 -3.82928 3.28258
v 0.51495 -3.83772 3.28714
v 0.51044 -3.84704 3.28980
v 0.48826 -3.85051 3.31083
v 0.48301 -3.86498 3.30885
v 0.47873 -3.87909 3.30402
v 0.47559 -3.89230 3.29651
v 0.47370 -3.90411 3.28661
v 0.47314 -3.91405 3.27471
v 0.47394 -3.92175 3.26126
v 0.47605 -3.92691 3.24678
v 0.47940 -3.92933 3.23182
v 0.48386 -3.92892 3.21697
v 0.48926 -3.92570 3.20278
v 0.49539 -3.91978 3.18981
v 0.50201 -3.91140 3.17855
v 0.50888 -3.90088 3.16944
v 0.51572 -3.88863 3.16283
v 0.52228 -3.87510 3.15897
v 0.52830 -3.86083 3.15801
v 0.53355 -3.84636 3.15998
v 0.53783 -3.83225 3.16482
v 0.54097 -3.81904 3.17233
v 0.54286 -3.80724 3.18222
v 0.54342 -3.79730 3.19412
v 0.54263 -3.78960 3.20757
v 0.54051 -3.78444 3.22206
v 0.53716 -3.78202 3.23701
v 0.53270 -3.78243 3.25187
v 0.52730 -3.78565 3.26605
v 0.52117 -3.79157 3.27903
v 0.51455 -3.79995 3.29028
v 0.50768 -3.81046 3.29939
v 0.50084 -3.82272 3.30600
v 0.49428 -3.83624 3.30986
v 0.46692 -3.84272 3.32708
v 0.46024 -3.86113 3.32456
v 0.45480 -3.87909 3.31841
v 0.45080 -3.89591 3.30885
v 0.44839 -3.91093 3.29626
v 0.44768 -3.92358 3.28111
v 0.44869 -3.93338 3.26399
v 0.45138 -3.93995 3.24556
v 0.45564 -3.94303 3.22652
v 0.46132 -3.94251 3.20762
v 0.46819 -3.93841 3.18956
v 0.47599 -3.93088 3.17305
v 0.48443 -3.92022 3.15872
v 0.49317 -3.90683 3.14713
v 0.50188 -3.89123 3.13871
v 0.51022 -3.87401 3.13380
v 0.51788 -3.85585 3.13258
v 0.52457 -3.83744 3.13509
v 0.53001 -3.81948 3.14124
v 0.53401 -3.80267 3.15080
v 0.53642 -3.78764 3.16339
v 0.53713 -3.77499 3.17854
v 0.53612 -3.76519 3.19566
v 0.53343 -3.75863 3.21409
v 0.52917 -3.75554 3.23313
v 0.52349 -3.75606 3.25204
v 0.51662 -3.76017 3.27009
v 0.50881 -3.76769 3.28660
v 0.50038 -3.77836 3.30093
v 0.49164 -3.79175 3.31252
v 0.48293 -3.80735 3.32094
v 0.47459 -3.82456 3.32585
v 0.44310 -3.83378 3.33859
v 0.43524 -3.85543 3.33563
v 0.42884 -3.87655 3.32840
v 0.42413 -3.89632 3.31716
v 0.42131 -3.91399 3.30235
v 0.42047 -3.92887 3.28454
v 0.42166 -3.94039 3.26441
v 0.42482 -3.94811 3.24273
v 0.42983 -3.95173 3.22035
v 0.43651 -3.95112 3.19811
v 0.44459 -3.94630 3.17688
v 0.45376 -3.93745 3.15747
v 0.46368 -3.92491 3.14063
v 0.47396 -3.90916 3.12699
v 0.48420 -3.89082 3.11710
v 0.49401 -3.87058 3.11132
v 0.50302 -3.84922 3.10988
v 0.51088 -3.82757 3.11283
v 0.51728 -3.80645 3.12007
v 0.52199 -3.78668 3.13131
v 0.52481 -3.76902 3.14612
v 0.52565 -3.75414 3.16393
v 0.52446 -3.74262 3.18406
v 0.52130 -3.73490 3.20573
v 0.51628 -3.73127 3.22811
v 0.50961 -3.73188 3.25035
v 0.50153 -3.73671 3.27158
v 0.49235 -3.74556 3.29099
v 0.48244 -3.75810 3.30784
v 0.47216 -3.77384 3.32147
v 0.46192 -3.79219 3.33137
v 0.45211 -3.81242 3.33715
v 0.41769 -3.82404 3.34491
v 0.40896 -3.84810 3.34163
v 0.40185 -3.87157 3.33359
v 0.39662 -3.89354 3.32110
v 0.39348 -3.91316 3.30465
v 0.39255 -3.92970 3.28486
v 0.39387 -3.94250 3.26249
v 0.39738 -3.95108 3.23841
v 0.40296 -3.95510 3.21354
v 0.41037 -3.95442 3.18883
v 0.41935 -3.94906 3.16524
v 0.42955 -3.93923 3.14367
v 0.44056 -3.92530 3.12495
v 0.45198 -3.90780 3.10980
v 0.46336 -3.88742 3.09881
v 0.47427 -3.86493 3.09239
v 0.48428 -3.84120 3.09079
v 0.49301 -3.81714 3.09407
v 0.50012 -3.79368 3.10211
v 0.50535 -3.77171 3.11460
v 0.50849 -3.75208 3.13105
v 0.50942 -3.73555 3.15084
v 0.50810 -3.72275 3.17321
v 0.50459 -3.71417 3.19729
v 0.49902 -3.71014 3.22216
v 0.49160 -3.71082 3.24687
v 0.48262 -3.71618 3.27046
v 0.47243 -3.72602 3.29203
v 0.46141 -3.73995 3.31075
v 0.44999 -3.75744 3.32590
v 0.43861 -3.77782 3.33689
v 0.42770 -3.80031 3.34331
v 0.39169 -3.81388 3.34581
v 0.38243 -3.83942 3.34233
v 0.37487 -3.86433 3.33379
v 0.36932 -3.88765 3.32054
v 0.36599 -3.90849 3.30307
v 0.36501 -3.92604 3.28206
v 0.36640 -3.93963 3.25831
v 0.37013 -3.94874 3.23275
v 0.37605 -3.95301 3.20634
v 0.38392 -3.95229 3.18012
v 0.39345 -3.94660 3.15507
v 0.40428 -3.93616 3.13217
v 0.41597 -3.92137 3.11230
v 0.42809 -3.90280 3.09622
v 0.44018 -3.88116 3.08455
v 0.45175 -3.85729 3.07773
v 0.46238 -3.83209 3.07603
v 0.47165 -3.80655 3.07952
v 0.47920 -3.78164 3.08805
v 0.48475 -3.75832 3.10131
v 0.48808 -3.73749 3.11878
v 0.48907 -3.71993 3.13979
v 0.48767 -3.70634 3.16353
v 0.48394 -3.69724 3.18910
v 0.47803 -3.69296 3.21550
v 0.47015 -3.69368 3.24173
v 0.46062 -3.69937 3.26678
v 0.44980 -3.70981 3.28967
v 0.43810 -3.72460 3.30954
v 0.42598 -3.74318 3.32563
v 0.41390 -3.76481 3.33730
v 0.40232 -3.78869 3.34412
v 0.36610 -3.80368 3.34125
v 0.35665 -3.82972 3.33770
v 0.34894 -3.85512 3.32900
v 0.34329 -3.87890 3.31548
v 0.33989 -3.90014 3.29767
v 0.33888 -3.91804 3.27625
v 0.34031 -3.93189 3.25204
v 0.34411 -3.94118 3.22597
v 0.35014 -3.94554 3.19905
v 0.35817 -3.94480 3.17231
v 0.36789 -3.93900 3.14678
v 0.37892 -3.92836 3.12343
v 0.39085 -3.91328 3.10317
v 0.40321 -3.89434 3.08677
v 0.41553 -3.87228 3.07487
v 0.42733 -3.84794 3.06792
v 0.43816 -3.82225 3.06619
v 0.44761 -3.79621 3.06974
v 0.45532 -3.77081 3.07844
v 0.46097 -3.74703 3.09196
v 0.46437 -3.72579 3.10977
v 0.46538 -3.70790 3.13120
v 0.46395 -3.69404 3.15540
v 0.46015 -3.68475 3.18147
v 0.45412 -3.68039 3.20839
v 0.44609 -3.68113 3.23513
v 0.43637 -3.68693 3.26067
v 0.42534 -3.69758 3.28401
v 0.41341 -3.71266 3.30427
v 0.40105 -3.73159 3.32067
v 0.38873 -3.75365 3.33257
v 0.37693 -3.77799 3.33952
v 0.34188 -3.79384 3.33141
v 0.33261 -3.81938 3.32792
v 0.32506 -3.84429 3.31939
v 0.31951 -3.86761 3.30613
v 0.31618 -3.88845 3.28866
v 0.31519 -3.90600 3.26765
v 0.31659 -3.91959 3.24391
v 0.32032 -3.92870 3.21834
v 0.32624 -3.93297 3.19194
v 0.33411 -3.93225 3.16571
v 0.34364 -3.92656 3.14067
v 0.35446 -3.91612 3.11777
v 0.36616 -3.90133 3.09790
v 0.37828 -3.88276 3.08182
v 0.39036 -3.86112 3.07014
v 0.40194 -3.83725 3.06333
v 0.41257 -3.81205 3.06163
v 0.42183 -3.78651 3.06511
v 0.42939 -3.76160 3.07365
v 0.43494 -3.73828 3.08691
v 0.43827 -3.71744 3.10438
v 0.43925 -3.69989 3.12539
v 0.43786 -3.68630 3.14913
v 0.43413 -3.67720 3.17470
v 0.42821 -3.67292 3.20110
v 0.42034 -3.67364 3.22733
v 0.41081 -3.67933 3.25237
v 0.39998 -3.68977 3.27527
v 0.38829 -3.70456 3.29514
v 0.37617 -3.72313 3.31122
v 0.36408 -3.74477 3.32289
v 0.35251 -3.76865 3.32971
v 0.31998 -3.78473 3.31666
v 0.31125 -3.80879 3.31337
v 0.30414 -3.83225 3.30533
v 0.29891 -3.85422 3.29285
v 0.29577 -3.87385 3.27639
v 0.29484 -3.89038 3.25660
v 0.29616 -3.90318 3.23423
v 0.29967 -3.91176 3.21015
v 0.30524 -3.91579 3.18528
v 0.31266 -3.91511 3.16057
v 0.32164 -3.90975 3.13698
v 0.33183 -3.89992 3.11541
v 0.34285 -3.88598 3.09670
v 0.35427 -3.86849 3.08155
v 0.36565 -3.84811 3.07055
v 0.37656 -3.82562 3.06413
v 0.38657 -3.80189 3.06253
v 0.39530 -3.77783 3.06581
v 0.40241 -3.75436 3.07385
v 0.40764 -3.73240 3.08634
v 0.41078 -3.71277 3.10280
v 0.41171 -3.69624 3.12259
v 0.41039 -3.68344 3.14495
v 0.40688 -3.67486 3.16904
v 0.40130 -3.67083 3.19391
v 0.39389 -3.67151 3.21861
v 0.38491 -3.67687 3.24220
v 0.37471 -3.68670 3.26377
v 0.36370 -3.70064 3.28249
v 0.35228 -3.71813 3.29764
v 0.34090 -3.73851 3.30864
v 0.32999 -3.76100 3.31506
v 0.30124 -3.77671 3.29757
v 0.29338 -3.79836 3.29461
v 0.28698 -3.81948 3.28738
v 0.28228 -3.83925 3.27614
v 0.27945 -3.85691 3.26133
v 0.27862 -3.87179 3.24351
v 0.27980 -3.88331 3.22339
v 0.28296 -3.89104 3.20171
v 0.28798 -3.89466 3.17933
v 0.29465 -3.89405 3.15709
v 0.30273 -3.88922 3.13586
v 0.31191 -3.88037 3.11645
v 0.32182 -3.86783 3.09961
v 0.33210 -3.85209 3.08597
v 0.34234 -3.83375 3.07608
v 0.35216 -3.81351 3.07030
v 0.36116 -3.79215 3.06886
v 0.36902 -3.77050 3.07181
v 0.37543 -3.74938 3.07905
v 0.38013 -3.72961 3.09029
v 0.38295 -3.71195 3.10510
v 0.38379 -3.69707 3.12291
v 0.38260 -3.68555 3.14304
v 0.37944 -3.67782 3.16471
v 0.37443 -3.67420 3.18709
v 0.36775 -3.67481 3.20933
v 0.35967 -3.67964 3.23056
v 0.35050 -3.68849 3.24997
v 0.34058 -3.70103 3.26682
v 0.33031 -3.71677 3.28045
v 0.32006 -3.73511 3.29035
v 0.31025 -3.75535 3.29613
v 0.28638 -3.77008 3.27487
v 0.27969 -3.78849 3.27235
v 0.27425 -3.80645 3.26620
v 0.27025 -3.82327 3.25664
v 0.26785 -3.83829 3.24405
v 0.26713 -3.85094 3.22890
v 0.26814 -3.86074 3.21178
v 0.27083 -3.86731 3.19335
v 0.27510 -3.87039 3.17431
v 0.28077 -3.86987 3.15541
v 0.28764 -3.86577 3.13735
v 0.29545 -3.85824 3.12084
v 0.30388 -3.84758 3.10652
v 0.31262 -3.83419 3.09492
v 0.32133 -3.81859 3.08651
v 0.32968 -3.80137 3.08159
v 0.33734 -3.78321 3.08037
v 0.34402 -3.76480 3.08288
v 0.34946 -3.74684 3.08903
v 0.35347 -3.73003 3.09859
v 0.35587 -3.71500 3.11119
v 0.35658 -3.70235 3.12633
v 0.35557 -3.69255 3.14345
v 0.35288 -3.68599 3.16188
v 0.34862 -3.68290 3.18092
v 0.34294 -3.68342 3.19983
v 0.33607 -3.68753 3.21788
v 0.32827 -3.69505 3.23439
v 0.31983 -3.70572 3.24872
v 0.31109 -3.71911 3.26031
v 0.30238 -3.73471 3.26873
v 0.29404 -3.75192 3.27364
v 0.27596 -3.76510 3.24943
v 0.27071 -3.77957 3.24746
v 0.26643 -3.79368 3.24263
v 0.26329 -3.80689 3.23512
v 0.26140 -3.81869 3.22522
v 0.26084 -3.82863 3.21332
v 0.26163 -3.83633 3.19987
v 0.26375 -3.84149 3.18539
v 0.26710 -3.84391 3.17043
v 0.27156 -3.84350 3.15557
v 0.27696 -3.84028 3.14139
v 0.28309 -3.83437 3.12842
v 0.28971 -3.82599 3.11716
v 0.29658 -3.81547 3.10805
v 0.30342 -3.80321 3.10144
v 0.30998 -3.78969 3.09758
v 0.31600 -3.77542 3.09662
v 0.32125 -3.76095 3.09859
v 0.32553 -3.74684 3.10343
v 0.32867 -3.73363 3.11094
v 0.33056 -3.72183 3.12083
v 0.33112 -3.71188 3.13273
v 0.33032 -3.70419 3.14618
v 0.32821 -3.69903 3.16066
v 0.32486 -3.69660 3.17562
v 0.32040 -3.69701 3.19048
v 0.31500 -3.70024 3.20466
v 0.30887 -3.70615 3.21763
v 0.30225 -3.71453 3.22889
v 0.29538 -3.72505 3.23800
v 0.28854 -3.73731 3.24461
v 0.28198 -3.75083 3.24847
v 0.27039 -3.76196 3.22225
v 0.26678 -3.77192 3.22089
v 0.26383 -3.78164 3.21756
v 0.26166 -3.79074 3.21238
v 0.26036 -3.79887 3.20557
v 0.25998 -3.80572 3.19737
v 0.26052 -3.81102 3.18810
v 0.26198 -3.81458 3.17813
v 0.26429 -3.81625 3.16783
v 0.26736 -3.81596 3.15759
v 0.27108 -3.81374 3.14782
v 0.27530 -3.80967 3.13889
v 0.27986 -3.80390 3.13113
v 0.28459 -3.79665 3.12486
v 0.28931 -3.78821 3.12031
v 0.29382 -3.77889 3.11765
v 0.29797 -3.76907 3.11698
v 0.30159 -3.75910 3.11834
v 0.30453 -3.74938 3.12167
v 0.30670 -3.74028 3.12685
v 0.30800 -3.73215 3.13366
v 0.30838 -3.72530 3.14186
v 0.30784 -3.72000 3.15112
v 0.30638 -3.71645 3.16110
v 0.30408 -3.71478 3.17140
v 0.30100 -3.71506 3.18163
v 0.29728 -3.71728 3.19141
v 0.29306 -3.72135 3.20034
v 0.28850 -3.72713 3.20809
v 0.28377 -3.73437 3.21437
v 0.27905 -3.74281 3.21892
v 0.27454 -3.75213 3.22158
v 0.26989 -3.76078 3.19434
v 0.26804 -3.76586 3.19365
v 0.26654 -3.77081 3.19195
v 0.26544 -3.77545 3.18932
v 0.26477 -3.77960 3.18584
v 0.26458 -3.78309 3.18166
v 0.26486 -3.78579 3.17694
v 0.26560 -3.78760 3.17185
v 0.26677 -3.78845 3.16660
v 0.26834 -3.78831 3.16139
v 0.27024 -3.78718 3.15640
v 0.27239 -3.78510 3.15185
v 0.27472 -3.78216 3.14790
v 0.27713 -3.77846 3.14470
v 0.27953 -3.77416 3.14238
v 0.28183 -3.76941 3.14102
v 0.28395 -3.76440 3.14068
v 0.28579 -3.75932 3.14138
v 0.28729 -3.75437 3.14307
v 0.28840 -3.74973 3.14571
v 0.28906 -3.74558 3.14918
v 0.28926 -3.74209 3.15336
v 0.28898 -3.73939 3.15809
v 0.28824 -3.73758 3.16317
v 0.28706 -3.73673 3.16842
v 0.28549 -3.73687 3.17364
v 0.28360 -3.73800 3.17862
v 0.28144 -3.74008 3.18318
v 0.27912 -3.74302 3.18713
v 0.27671 -3.74671 3.19033
v 0.27430 -3.75102 3.19265
v 0.27200 -3.75577 3.19401
v 0.27446 -3.76160 3.16680
# 482 verticies
vt 0.72750 0.28602
vt 0.74566 0.26727
vt 0.74899 0.27118
vt 0.75152 0.27564
vt 0.75315 0.28050
vt 0.75383 0.28558
vt 0.75353 0.29070
vt 0.75224 0.29566
vt 0.75001 0.30029
vt 0.74691 0.30440
vt 0.74305 0.30783
vt 0.73856 0.31044
vt 0.73362 0.31211
vt 0.72841 0.31277
vt 0.72313 0.31238
vt 0.71800 0.31094
vt 0.71322 0.30851
vt 0.70900 0.30519
vt 0.70550 0.30111
vt 0.70288 0.29643
vt 0.70125 0.29135
vt 0.70066 0.28608
vt 0.70113 0.28083
vt 0.70264 0.27581
vt 0.70510 0.27122
vt 0.70842 0.26723
vt 0.71244 0.26398
vt 0.71702 0.26159
vt 0.72196 0.26014
vt 0.72708 0.25967
vt 0.73220 0.26019
vt 0.73711 0.26168
vt 0.74166 0.26407
vt 0.76393 0.24847
vt 0.77049 0.25615
vt 0.77552 0.26493
vt 0.77883 0.27451
vt 0.78030 0.28457
vt 0.77986 0.29477
vt 0.77748 0.30475
vt 0.77322 0.31415
vt 0.76718 0.32262
vt 0.75955 0.32981
vt 0.75055 0.33541
vt 0.74052 0.33915
vt 0.72982 0.34080
vt 0.71888 0.34025
vt 0.70815 0.33746
vt 0.69813 0.33249
vt 0.68928 0.32556
vt 0.68201 0.31698
vt 0.67668 0.30714
vt 0.67349 0.29650
vt 0.67255 0.28554
vt 0.67386 0.27475
vt 0.67727 0.26456
vt 0.68260 0.25535
vt 0.68958 0.24746
vt 0.69789 0.24114
vt 0.70719 0.23658
vt 0.71712 0.23390
vt 0.72732 0.23315
vt 0.73744 0.23432
vt 0.74712 0.23736
vt 0.75605 0.24213
vt 0.78257 0.22932
vt 0.79237 0.24077
vt 0.79993 0.25384
vt 0.80500 0.26811
vt 0.80737 0.28314
vt 0.80693 0.29846
vt 0.80363 0.31355
vt 0.79750 0.32790
vt 0.78865 0.34099
vt 0.77730 0.35228
vt 0.76377 0.36127
vt 0.74847 0.36749
vt 0.73195 0.37054
vt 0.71486 0.37011
vt 0.69795 0.36604
vt 0.68205 0.35840
vt 0.66800 0.34747
vt 0.65657 0.33381
vt 0.64836 0.31816
vt 0.64372 0.30134
vt 0.64274 0.28422
vt 0.64528 0.26755
vt 0.65105 0.25202
vt 0.65966 0.23817
vt 0.67065 0.22646
vt 0.68350 0.21722
vt 0.69770 0.21066
vt 0.71272 0.20692
vt 0.72804 0.20604
vt 0.74315 0.20799
vt 0.75757 0.21266
vt 0.77085 0.21985
vt 0.80197 0.20945
vt 0.81508 0.22473
vt 0.82525 0.24214
vt 0.83217 0.26118
vt 0.83557 0.28128
vt 0.83528 0.30184
vt 0.83119 0.32223
vt 0.82332 0.34178
vt 0.81177 0.35980
vt 0.79675 0.37559
vt 0.77862 0.38845
vt 0.75785 0.39769
vt 0.73511 0.40265
vt 0.71125 0.40277
vt 0.68733 0.39763
vt 0.66462 0.38711
vt 0.64449 0.37158
vt 0.62828 0.35198
vt 0.61702 0.32957
vt 0.61113 0.30575
vt 0.61053 0.28182
vt 0.61485 0.25887
vt 0.62352 0.23780
vt 0.63590 0.21926
vt 0.65130 0.20379
vt 0.66902 0.19172
vt 0.68837 0.18331
vt 0.70866 0.17866
vt 0.72923 0.17780
vt 0.74943 0.18066
vt 0.76866 0.18706
vt 0.78635 0.19677
vt 0.82258 0.18839
vt 0.83913 0.20765
vt 0.85207 0.22957
vt 0.86098 0.25355
vt 0.86555 0.27893
vt 0.86553 0.30497
vt 0.86080 0.33093
vt 0.85130 0.35601
vt 0.83713 0.37936
vt 0.81847 0.40014
vt 0.79565 0.41746
vt 0.76918 0.43039
vt 0.73975 0.43799
vt 0.70833 0.43933
vt 0.67627 0.43352
vt 0.64536 0.41997
vt 0.61780 0.39887
vt 0.59585 0.37200
vt 0.58136 0.34144
vt 0.57463 0.30947
vt 0.57509 0.27795
vt 0.58191 0.24825
vt 0.59415 0.22139
vt 0.61088 0.19809
vt 0.63119 0.17886
vt 0.65419 0.16406
vt 0.67902 0.15390
vt 0.70487 0.14848
vt 0.73092 0.14779
vt 0.75642 0.15169
vt 0.78063 0.15998
vt 0.80289 0.17234
vt 0.84495 0.16554
vt 0.86519 0.18903
vt 0.88110 0.21575
vt 0.89221 0.24498
vt 0.89811 0.27596
vt 0.89853 0.30786
vt 0.89326 0.33980
vt 0.88224 0.37085
vt 0.86550 0.40007
vt 0.84319 0.42644
vt 0.81559 0.44891
vt 0.78316 0.46637
vt 0.74652 0.47760
vt 0.70662 0.48121
vt 0.66490 0.47563
vt 0.62372 0.45914
vt 0.58660 0.43071
vt 0.55713 0.39448
vt 0.53949 0.35367
vt 0.53279 0.31203
vt 0.53537 0.27199
vt 0.54566 0.23502
vt 0.56230 0.20212
vt 0.58409 0.17393
vt 0.60990 0.15094
vt 0.63870 0.13345
vt 0.66948 0.12164
vt 0.70129 0.11557
vt 0.73319 0.11517
vt 0.76432 0.12029
vt 0.79383 0.13066
vt 0.82094 0.14589
vt 0.86982 0.14012
vt 0.89410 0.16824
vt 0.91331 0.20017
vt 0.92687 0.23512
vt 0.93434 0.27220
vt 0.93536 0.31048
vt 0.92970 0.34897
vt 0.91723 0.38663
vt 0.89794 0.42237
vt 0.87194 0.45508
vt 0.83945 0.48358
vt 0.80080 0.50659
vt 0.75647 0.52272
vt 0.70711 0.53024
vt 0.65383 0.52684
vt 0.59900 0.50880
vt 0.54914 0.46894
vt 0.50801 0.42023
vt 0.48853 0.36578
vt 0.48378 0.31255
vt 0.49008 0.26299
vt 0.50510 0.21824
vt 0.52716 0.17901
vt 0.55485 0.14581
vt 0.58691 0.11899
vt 0.62218 0.09882
vt 0.65953 0.08542
vt 0.69788 0.07880
vt 0.73618 0.07888
vt 0.77344 0.08543
vt 0.80871 0.09813
vt 0.84111 0.11654
vt 0.89823 0.11104
vt 0.92707 0.14434
vt 0.95000 0.18211
vt 0.96640 0.22344
vt 0.97573 0.26734
vt 0.97758 0.31277
vt 0.97167 0.35861
vt 0.95782 0.40371
vt 0.93598 0.44688
vt 0.90622 0.48689
vt 0.86868 0.52246
vt 0.82359 0.55225
vt 0.77119 0.57483
vt 0.71166 0.58851
vt 0.64489 0.59105
vt 0.57007 0.57886
vt 0.50435 0.51479
vt 0.43863 0.45072
vt 0.42456 0.37620
vt 0.42544 0.30936
vt 0.43764 0.24948
vt 0.45892 0.19652
vt 0.48761 0.15069
vt 0.52225 0.11228
vt 0.56153 0.08153
vt 0.60416 0.05863
vt 0.64892 0.04368
vt 0.69462 0.03664
vt 0.74008 0.03739
vt 0.78420 0.04564
vt 0.82592 0.06102
vt 0.86424 0.08303
vt 0.11065 0.91864
vt 0.13904 0.88956
vt 0.16776 0.91312
vt 0.14465 0.94664
vt 0.20017 0.93151
vt 0.18298 0.96862
vt 0.23544 0.94419
vt 0.22470 0.98398
vt 0.27270 0.95072
vt 0.26882 0.99221
vt 0.31099 0.95078
vt 0.31427 0.99293
vt 0.34932 0.94415
vt 0.35995 0.98587
vt 0.38666 0.93073
vt 0.40469 0.97090
vt 0.42191 0.91055
vt 0.44730 0.94799
vt 0.45396 0.88373
vt 0.48655 0.91724
vt 0.48163 0.85052
vt 0.52117 0.87882
vt 0.50367 0.81130
vt 0.54984 0.83299
vt 0.51867 0.76655
vt 0.57110 0.78004
vt 0.52495 0.71700
vt 0.58328 0.72018
vt 0.52019 0.66379
vt 0.58414 0.65336
vt 0.50071 0.60935
vt 0.45957 0.56065
vt 0.40971 0.52079
vt 0.35487 0.50276
vt 0.36379 0.43855
vt 0.30158 0.49938
vt 0.29702 0.44111
vt 0.25223 0.50692
vt 0.23748 0.45481
vt 0.20790 0.52307
vt 0.18509 0.47741
vt 0.16926 0.54610
vt 0.14001 0.50723
vt 0.13678 0.57461
vt 0.10248 0.54282
vt 0.11079 0.60733
vt 0.07274 0.58284
vt 0.09152 0.64309
vt 0.05092 0.62602
vt 0.07907 0.68075
vt 0.03709 0.67113
vt 0.07342 0.71924
vt 0.03120 0.71697
vt 0.07446 0.75752
vt 0.03308 0.76240
vt 0.08195 0.79459
vt 0.04243 0.80629
vt 0.09553 0.82953
vt 0.05884 0.84761
vt 0.11475 0.86145
vt 0.08180 0.88536
vt 0.16390 0.86413
vt 0.18791 0.88376
vt 0.21503 0.89898
vt 0.24454 0.90933
vt 0.27566 0.91443
vt 0.30756 0.91402
vt 0.33936 0.90794
vt 0.37013 0.89612
vt 0.39892 0.87862
vt 0.42471 0.85562
vt 0.44648 0.82744
vt 0.46311 0.79453
vt 0.47338 0.75757
vt 0.47595 0.71753
vt 0.46925 0.67591
vt 0.45160 0.63511
vt 0.42212 0.59888
vt 0.38500 0.57046
vt 0.34381 0.55398
vt 0.30209 0.54842
vt 0.26219 0.55204
vt 0.22556 0.56328
vt 0.19313 0.58076
vt 0.16554 0.60324
vt 0.14324 0.62962
vt 0.12651 0.65884
vt 0.11551 0.68990
vt 0.11026 0.72184
vt 0.11069 0.75374
vt 0.11661 0.78471
vt 0.12772 0.81394
vt 0.14365 0.84065
vt 0.18626 0.84127
vt 0.20595 0.85731
vt 0.22821 0.86966
vt 0.25243 0.87793
vt 0.27792 0.88182
vt 0.30397 0.88111
vt 0.32980 0.87568
vt 0.35463 0.86552
vt 0.37762 0.85071
vt 0.39792 0.83148
vt 0.41463 0.80818
vt 0.42686 0.78132
vt 0.43367 0.75163
vt 0.43413 0.72011
vt 0.42738 0.68814
vt 0.41289 0.65759
vt 0.39093 0.63073
vt 0.36337 0.60964
vt 0.33246 0.59610
vt 0.30040 0.59030
vt 0.26898 0.59164
vt 0.23955 0.59926
vt 0.21308 0.61220
vt 0.19027 0.62953
vt 0.17162 0.65031
vt 0.15746 0.67368
vt 0.14798 0.69875
vt 0.14325 0.72471
vt 0.14325 0.75076
vt 0.14782 0.77613
vt 0.15675 0.80010
vt 0.16970 0.82202
vt 0.20685 0.82020
vt 0.22248 0.83287
vt 0.24017 0.84257
vt 0.25940 0.84897
vt 0.27959 0.85181
vt 0.30016 0.85095
vt 0.32045 0.84629
vt 0.33979 0.83787
vt 0.35750 0.82580
vt 0.37289 0.81032
vt 0.38526 0.79178
vt 0.39392 0.77071
vt 0.39823 0.74776
vt 0.39763 0.72383
vt 0.39173 0.70002
vt 0.38047 0.67762
vt 0.36426 0.65802
vt 0.34412 0.64250
vt 0.32141 0.63199
vt 0.29749 0.62686
vt 0.27362 0.62698
vt 0.25089 0.63196
vt 0.23013 0.64121
vt 0.21200 0.65407
vt 0.19699 0.66987
vt 0.18545 0.68789
vt 0.17758 0.70744
vt 0.17351 0.72783
vt 0.17322 0.74839
vt 0.17663 0.76849
vt 0.18356 0.78752
vt 0.19374 0.80493
vt 0.22624 0.80032
vt 0.23796 0.80979
vt 0.25124 0.81698
vt 0.26566 0.82163
vt 0.28077 0.82358
vt 0.29609 0.82270
vt 0.31110 0.81895
vt 0.32530 0.81239
vt 0.33815 0.80313
vt 0.34913 0.79142
vt 0.35773 0.77758
vt 0.36350 0.76204
vt 0.36603 0.74538
vt 0.36504 0.72825
vt 0.36040 0.71145
vt 0.35219 0.69580
vt 0.34075 0.68214
vt 0.32670 0.67122
vt 0.31080 0.66358
vt 0.29389 0.65952
vt 0.27680 0.65910
vt 0.26028 0.66215
vt 0.24499 0.66838
vt 0.23146 0.67737
vt 0.22012 0.68867
vt 0.21127 0.70175
vt 0.20515 0.71611
vt 0.20185 0.73120
vt 0.20142 0.74652
vt 0.20380 0.76155
vt 0.20887 0.77582
vt 0.21644 0.78888
vt 0.24487 0.78117
vt 0.25275 0.78750
vt 0.26168 0.79227
vt 0.27136 0.79530
vt 0.28148 0.79647
vt 0.29168 0.79572
vt 0.30161 0.79303
vt 0.31091 0.78847
vt 0.31921 0.78215
vt 0.32618 0.77425
vt 0.33151 0.76505
vt 0.33492 0.75486
vt 0.33622 0.74406
vt 0.33528 0.73311
vt 0.33209 0.72247
vt 0.32675 0.71263
vt 0.31948 0.70405
vt 0.31063 0.69712
vt 0.30061 0.69217
vt 0.28988 0.68937
vt 0.27894 0.68883
vt 0.26824 0.69049
vt 0.25821 0.69423
vt 0.24922 0.69983
vt 0.24159 0.70702
vt 0.23555 0.71549
vt 0.23129 0.72490
vt 0.22892 0.73488
vt 0.22848 0.74508
vt 0.22996 0.75514
vt 0.23328 0.76471
vt 0.23831 0.77349
vt 0.26313 0.76236
vt 0.26713 0.76556
vt 0.27168 0.76795
vt 0.27660 0.76944
vt 0.28171 0.76996
vt 0.28683 0.76948
vt 0.29177 0.76803
vt 0.29634 0.76564
vt 0.30037 0.76239
vt 0.30368 0.75840
vt 0.30614 0.75381
vt 0.30765 0.74879
vt 0.30812 0.74354
vt 0.30753 0.73827
vt 0.30589 0.73319
vt 0.30327 0.72851
vt 0.29977 0.72443
vt 0.29555 0.72110
vt 0.29077 0.71868
vt 0.28564 0.71725
vt 0.28036 0.71686
vt 0.27515 0.71752
vt 0.27021 0.71919
vt 0.26573 0.72180
vt 0.26187 0.72524
vt 0.25877 0.72935
vt 0.25654 0.73397
vt 0.25526 0.73894
vt 0.25495 0.74406
vt 0.25564 0.74914
vt 0.25727 0.75400
vt 0.25980 0.75846
vt 0.28128 0.74360
# 511 texture verticies
vn 0.89605 -0.36051 0.25911
vn 0.81890 -0.34349 0.45980
vn 0.80500 -0.38264 0.45338
vn 0.79381 -0.42062 0.43926
vn 0.78574 -0.45596 0.41798
vn 0.78111 -0.48732 0.39037
vn 0.78010 -0.51347 0.35748
vn 0.78274 -0.53343 0.32058
vn 0.78893 -0.54642 0.28108
vn 0.79844 -0.55194 0.24051
vn 0.81090 -0.54978 0.20043
vn 0.82584 -0.54003 0.16236
vn 0.84266 -0.52306 0.12778
vn 0.86074 -0.49951 0.09802
vn 0.87938 -0.47031 0.07422
vn 0.89785 -0.43656 0.05729
vn 0.91545 -0.39956 0.04788
vn 0.93151 -0.36075 0.04636
vn 0.94540 -0.32160 0.05279
vn 0.95660 -0.28362 0.06691
vn 0.96467 -0.24828 0.08819
vn 0.96930 -0.21693 0.11580
vn 0.97031 -0.19077 0.14869
vn 0.96767 -0.17081 0.18559
vn 0.96147 -0.15782 0.22508
vn 0.95196 -0.15230 0.26565
vn 0.93950 -0.15446 0.30574
vn 0.92457 -0.16421 0.34380
vn 0.90774 -0.18118 0.37838
vn 0.88967 -0.20473 0.40815
vn 0.87103 -0.23393 0.43195
vn 0.85256 -0.26768 0.44888
vn 0.83495 -0.30468 0.45828
vn 0.72998 -0.31090 0.60866
vn 0.70477 -0.38083 0.59856
vn 0.68429 -0.44892 0.57465
vn 0.66932 -0.51256 0.53786
vn 0.66045 -0.56930 0.48960
vn 0.65801 -0.61696 0.43172
vn 0.66210 -0.65371 0.36646
vn 0.67255 -0.67814 0.29631
vn 0.68898 -0.68931 0.22397
vn 0.71074 -0.68679 0.15222
vn 0.73700 -0.67067 0.08383
vn 0.76675 -0.64159 0.02141
vn 0.79885 -0.60064 -0.03263
vn 0.83207 -0.54941 -0.07622
vn 0.86512 -0.48987 -0.10768
vn 0.89674 -0.42431 -0.12580
vn 0.92571 -0.35523 -0.12988
vn 0.95092 -0.28531 -0.11978
vn 0.97140 -0.21722 -0.09587
vn 0.98637 -0.15358 -0.05908
vn 0.99524 -0.09684 -0.01082
vn 0.99768 -0.04918 0.04705
vn 0.99359 -0.01242 0.11232
vn 0.98314 0.01201 0.18247
vn 0.96671 0.02318 0.25481
vn 0.94495 0.02065 0.32656
vn 0.91869 0.00454 0.39495
vn 0.88894 -0.02455 0.45737
vn 0.85684 -0.06549 0.51141
vn 0.82362 -0.11672 0.55500
vn 0.79057 -0.17626 0.58645
vn 0.75895 -0.24183 0.60457
vn 0.60357 -0.26604 0.75161
vn 0.56688 -0.36757 0.73725
vn 0.53703 -0.46649 0.70284
vn 0.51518 -0.55900 0.64970
vn 0.50216 -0.64155 0.57987
vn 0.49847 -0.71097 0.49603
vn 0.50426 -0.76458 0.40142
vn 0.51931 -0.80033 0.29965
vn 0.54303 -0.81684 0.19465
vn 0.57451 -0.81348 0.09045
vn 0.61255 -0.79038 -0.00894
vn 0.65568 -0.74843 -0.09972
vn 0.70224 -0.68923 -0.17838
vn 0.75045 -0.61507 -0.24191
vn 0.79845 -0.52878 -0.28786
vn 0.84440 -0.43370 -0.31447
vn 0.88653 -0.33347 -0.32071
vn 0.92323 -0.23195 -0.30636
vn 0.95307 -0.13303 -0.27194
vn 0.97493 -0.04051 -0.21880
vn 0.98795 0.04204 -0.14897
vn 0.99163 0.11145 -0.06514
vn 0.98584 0.16507 0.02948
vn 0.97080 0.20081 0.13124
vn 0.94708 0.21733 0.23624
vn 0.91560 0.21397 0.34044
vn 0.87756 0.19087 0.43984
vn 0.83443 0.14891 0.53061
vn 0.78787 0.08972 0.60928
vn 0.73966 0.01555 0.67280
vn 0.69166 -0.07073 0.71876
vn 0.64571 -0.16581 0.74537
vn 0.45397 -0.21096 0.86568
vn 0.40720 -0.34019 0.84762
vn 0.36914 -0.46614 0.80403
vn 0.34123 -0.58397 0.73657
vn 0.32457 -0.68916 0.64786
vn 0.31978 -0.77766 0.54128
vn 0.32705 -0.84607 0.42095
vn 0.34610 -0.89177 0.29149
vn 0.37621 -0.91299 0.15786
vn 0.41620 -0.90892 0.02520
vn 0.46455 -0.87972 -0.10138
vn 0.51940 -0.82651 -0.21702
vn 0.57864 -0.75134 -0.31728
vn 0.63999 -0.65709 -0.39831
vn 0.70110 -0.54738 -0.45699
vn 0.75961 -0.42643 -0.49107
vn 0.81328 -0.29890 -0.49923
vn 0.86005 -0.16967 -0.48117
vn 0.89812 -0.04372 -0.43757
vn 0.92602 0.07411 -0.37012
vn 0.94269 0.17930 -0.28140
vn 0.94748 0.26780 -0.17483
vn 0.94021 0.33622 -0.05450
vn 0.92115 0.38191 0.07497
vn 0.89105 0.40313 0.20860
vn 0.85105 0.39907 0.34125
vn 0.80270 0.36987 0.46783
vn 0.74785 0.31666 0.58347
vn 0.68862 0.24148 0.68374
vn 0.62726 0.14723 0.76476
vn 0.56616 0.03752 0.82344
vn 0.50764 -0.08342 0.85752
vn 0.28691 -0.14777 0.94649
vn 0.23187 -0.29973 0.92542
vn 0.18705 -0.44787 0.87431
vn 0.15417 -0.58650 0.79514
vn 0.13449 -0.71028 0.69095
vn 0.12878 -0.81447 0.56573
vn 0.13726 -0.89505 0.42431
vn 0.15959 -0.94894 0.27211
vn 0.19492 -0.97406 0.11499
vn 0.24189 -0.96944 -0.04102
vn 0.29870 -0.93526 -0.18992
vn 0.36316 -0.87284 -0.32599
vn 0.43280 -0.78457 -0.44400
vn 0.50493 -0.67385 -0.53941
vn 0.57680 -0.54493 -0.60856
vn 0.64563 -0.40277 -0.64880
vn 0.70878 -0.25283 -0.65856
vn 0.76383 -0.10087 -0.63749
vn 0.80865 0.04727 -0.58639
vn 0.84153 0.18590 -0.50722
vn 0.86120 0.30968 -0.40302
vn 0.86691 0.41387 -0.27781
vn 0.85844 0.49446 -0.13638
vn 0.83610 0.54834 0.01581
vn 0.80077 0.57346 0.17294
vn 0.75380 0.56884 0.32895
vn 0.69699 0.53466 0.47784
vn 0.63253 0.47224 0.61391
vn 0.56290 0.38397 0.73192
vn 0.49076 0.27325 0.82734
vn 0.41890 0.14434 0.89649
vn 0.35007 0.00217 0.93672
vn 0.10882 -0.07890 0.99093
vn 0.04762 -0.24775 0.96765
vn -0.00224 -0.41239 0.91100
vn -0.03883 -0.56648 0.82316
vn -0.06076 -0.70411 0.70749
vn -0.06716 -0.81998 0.56844
vn -0.05781 -0.90964 0.41136
vn -0.03306 -0.96964 0.24228
vn 0.00614 -0.99769 0.06770
vn 0.05828 -0.99269 -0.10567
vn 0.12136 -0.95485 -0.27117
vn 0.19296 -0.88562 -0.42243
vn 0.27032 -0.78765 -0.55365
vn 0.35047 -0.66472 -0.65979
vn 0.43033 -0.52155 -0.73675
vn 0.50683 -0.36363 -0.78160
vn 0.57703 -0.19704 -0.79259
vn 0.63824 -0.02819 -0.76932
vn 0.68810 0.13645 -0.71267
vn 0.72469 0.29054 -0.62483
vn 0.74661 0.42817 -0.50916
vn 0.75302 0.54404 -0.37011
vn 0.74367 0.63370 -0.21303
vn 0.71892 0.69370 -0.04395
vn 0.67972 0.72175 0.13063
vn 0.62758 0.71675 0.30400
vn 0.56450 0.67891 0.46950
vn 0.49290 0.60968 0.62076
vn 0.41554 0.51171 0.75198
vn 0.33539 0.38878 0.85812
vn 0.25553 0.24560 0.93508
vn 0.17903 0.08769 0.97993
vn -0.07345 -0.00699 0.99727
vn -0.13847 -0.18626 0.97269
vn -0.19144 -0.36107 0.91268
vn -0.23034 -0.52470 0.81953
vn -0.25367 -0.67088 0.69683
vn -0.26054 -0.79397 0.54930
vn -0.25067 -0.88926 0.38259
vn -0.22445 -0.95308 0.20313
vn -0.18289 -0.98297 0.01781
vn -0.12758 -0.97779 -0.16626
vn -0.06064 -0.93774 -0.34199
vn 0.01534 -0.86436 -0.50264
vn 0.09745 -0.76046 -0.64203
vn 0.18253 -0.63004 -0.75481
vn 0.26732 -0.47811 -0.83663
vn 0.34855 -0.31051 -0.88436
vn 0.42310 -0.13368 -0.89617
vn 0.48812 0.04558 -0.87159
vn 0.54110 0.22039 -0.81157
vn 0.58000 0.38403 -0.71842
vn 0.60333 0.53020 -0.59572
vn 0.61019 0.65330 -0.44819
vn 0.60032 0.74859 -0.28148
vn 0.57410 0.81240 -0.10202
vn 0.53254 0.84230 0.08330
vn 0.47723 0.83712 0.26737
vn 0.41029 0.79707 0.44310
vn 0.33431 0.72368 0.60375
vn 0.25220 0.61978 0.74314
vn 0.16712 0.48936 0.85592
vn 0.08233 0.33743 0.93774
vn 0.00110 0.16983 0.98547
vn -0.25291 0.06518 0.96529
vn -0.31924 -0.11760 0.94035
vn -0.37329 -0.29586 0.87927
vn -0.41301 -0.46275 0.78440
vn -0.43685 -0.61186 0.65939
vn -0.44390 -0.73745 0.50904
vn -0.43389 -0.83471 0.33912
vn -0.40721 -0.89988 0.15618
vn -0.36488 -0.93048 -0.03277
vn -0.30853 -0.92531 -0.22046
vn -0.24032 -0.88459 -0.39968
vn -0.16288 -0.80987 -0.56354
vn -0.07917 -0.70403 -0.70574
vn 0.00757 -0.57114 -0.82082
vn 0.09403 -0.41629 -0.90436
vn 0.17687 -0.24545 -0.95314
vn 0.25291 -0.06518 -0.96529
vn 0.31924 0.11760 -0.94035
vn 0.37329 0.29586 -0.87927
vn 0.41301 0.46275 -0.78440
vn 0.43685 0.61186 -0.65939
vn 0.44390 0.73745 -0.50904
vn 0.43389 0.83471 -0.33912
vn 0.40721 0.89988 -0.15617
vn 0.36488 0.93048 0.03277
vn 0.30853 0.92531 0.22046
vn 0.24032 0.88459 0.39968
vn 0.16288 0.80987 0.56354
vn 0.07917 0.70403 0.70574
vn -0.00757 0.57114 0.82082
vn -0.09403 0.41629 0.90436
vn -0.17687 0.24545 0.95314
vn -0.42265 0.13484 0.89621
vn -0.48773 -0.04443 0.87186
vn -0.54079 -0.21929 0.81207
vn -0.57979 -0.38301 0.71913
vn -0.60323 -0.52932 0.59660
vn -0.61020 -0.65259 0.44921
vn -0.60044 -0.74807 0.28262
vn -0.57432 -0.81210 0.10322
vn -0.53285 -0.84222 -0.08209
vn -0.47763 -0.83727 -0.26619
vn -0.41076 -0.79744 -0.44200
vn -0.33483 -0.72426 -0.60277
vn -0.25275 -0.62055 -0.74232
vn -0.16768 -0.49029 -0.85528
vn -0.08288 -0.33848 -0.93732
vn -0.00161 -0.17096 -0.98528
vn 0.07300 0.00583 -0.99732
vn 0.13808 0.18510 -0.97297
vn 0.19114 0.35996 -0.91318
vn 0.23014 0.52369 -0.82023
vn 0.25358 0.67000 -0.69771
vn 0.26055 0.79326 -0.55032
vn 0.25079 0.88874 -0.38372
vn 0.22467 0.95277 -0.20432
vn 0.18320 0.98289 -0.01901
vn 0.12797 0.97794 0.16509
vn 0.06111 0.93811 0.34090
vn -0.01482 0.86494 0.50166
vn -0.09690 0.76122 0.64121
vn -0.18197 0.63096 0.75417
vn -0.26677 0.47915 0.83621
vn -0.34804 0.31163 0.88417
vn -0.57614 0.19933 0.79268
vn -0.63748 0.03046 0.76986
vn -0.68751 -0.13428 0.71365
vn -0.72429 -0.28856 0.62621
vn -0.74642 -0.42644 0.51089
vn -0.75304 -0.54264 0.37212
vn -0.74390 -0.63268 0.21525
vn -0.71935 -0.69310 0.04629
vn -0.68034 -0.72159 -0.12826
vn -0.62836 -0.71704 -0.30169
vn -0.56541 -0.67964 -0.46734
vn -0.49391 -0.61081 -0.61884
vn -0.41661 -0.51321 -0.75036
vn -0.33648 -0.39059 -0.85687
vn -0.25659 -0.24765 -0.93425
vn -0.18003 -0.08990 -0.97955
vn -0.10972 0.07661 -0.99101
vn -0.04837 0.24548 -0.96819
vn 0.00165 0.41022 -0.91198
vn 0.03843 0.56450 -0.82454
vn 0.06056 0.70238 -0.70922
vn 0.06718 0.81858 -0.57045
vn 0.05804 0.90862 -0.41358
vn 0.03350 0.96904 -0.24462
vn -0.00552 0.99753 -0.07007
vn -0.05750 0.99298 0.10336
vn -0.12045 0.95558 0.26901
vn -0.19194 0.88675 0.42051
vn -0.26925 0.78915 0.55203
vn -0.34938 0.66653 0.65854
vn -0.42926 0.52359 0.73592
vn -0.50583 0.36584 0.78122
vn -0.70748 0.25615 0.65868
vn -0.76272 0.10417 0.63828
vn -0.80779 -0.04411 0.58782
vn -0.84095 -0.18301 0.50923
vn -0.86092 -0.30717 0.40554
vn -0.86694 -0.41183 0.28074
vn -0.85877 -0.49297 0.13961
vn -0.83674 -0.54747 -0.01241
vn -0.80168 -0.57322 -0.16949
vn -0.75494 -0.56926 -0.32559
vn -0.69833 -0.53572 -0.47471
vn -0.63401 -0.47389 -0.61111
vn -0.56446 -0.38616 -0.72957
vn -0.49234 -0.27589 -0.82552
vn -0.42044 -0.14732 -0.89528
vn -0.35152 -0.00539 -0.93617
vn -0.28822 0.14445 -0.94661
vn -0.23297 0.29643 -0.92621
vn -0.18790 0.44471 -0.87574
vn -0.15475 0.58361 -0.79716
vn -0.13478 0.70777 -0.69347
vn -0.12876 0.81243 -0.56866
vn -0.13692 0.89357 -0.42754
vn -0.15896 0.94806 -0.27551
vn -0.19402 0.97382 -0.11844
vn -0.24075 0.96986 0.03766
vn -0.29737 0.93631 0.18678
vn -0.36169 0.87449 0.32319
vn -0.43124 0.78676 0.44164
vn -0.50335 0.67648 0.53759
vn -0.57525 0.54791 0.60735
vn -0.64418 0.40598 0.64824
vn -0.81162 0.30313 0.49938
vn -0.85865 0.17388 0.48217
vn -0.89703 0.04775 0.43939
vn -0.92528 -0.07043 0.37268
vn -0.94233 -0.17610 0.28462
vn -0.94751 -0.26520 0.17857
vn -0.94063 -0.33432 0.05861
vn -0.92196 -0.38080 -0.07063
vn -0.89220 -0.40284 -0.20420
vn -0.85251 -0.39960 -0.33697
vn -0.80440 -0.37122 -0.46383
vn -0.74973 -0.31876 -0.57990
vn -0.69060 -0.24427 -0.68073
vn -0.62928 -0.15059 -0.76245
vn -0.56813 -0.04132 -0.82190
vn -0.50950 0.07933 -0.85681
vn -0.45563 0.20673 -0.86583
vn -0.40861 0.33598 -0.84862
vn -0.37023 0.46211 -0.80584
vn -0.34197 0.58028 -0.73914
vn -0.32493 0.68595 -0.65107
vn -0.31974 0.77506 -0.54502
vn -0.32662 0.84418 -0.42507
vn -0.34530 0.89065 -0.29582
vn -0.37505 0.91269 -0.16225
vn -0.41475 0.90946 -0.02948
vn -0.46285 0.88107 0.09738
vn -0.51752 0.82862 0.21345
vn -0.57665 0.75412 0.31428
vn -0.63797 0.66044 0.39599
vn -0.69912 0.55118 0.45545
vn -0.75776 0.43053 0.49035
vn -0.88458 0.33846 0.32089
vn -0.92157 0.23691 0.30754
vn -0.95179 0.13777 0.27409
vn -0.97405 0.04485 0.22182
vn -0.98752 -0.03826 0.15276
vn -0.99167 -0.10839 0.06954
vn -0.98635 -0.16283 -0.02463
vn -0.97175 -0.19950 -0.12613
vn -0.94843 -0.21698 -0.23107
vn -0.91731 -0.21460 -0.33540
vn -0.87956 -0.19245 -0.43513
vn -0.83664 -0.15139 -0.52641
vn -0.79021 -0.09300 -0.60574
vn -0.74204 -0.01951 -0.67007
vn -0.69398 0.06625 -0.71694
vn -0.64789 0.16099 -0.74453
vn -0.60553 0.26106 -0.75179
vn -0.56853 0.36261 -0.73843
vn -0.53832 0.46175 -0.70498
vn -0.51605 0.55466 -0.65272
vn -0.50258 0.63778 -0.58365
vn -0.49843 0.70791 -0.50043
vn -0.50376 0.76235 -0.40626
vn -0.51836 0.79901 -0.30476
vn -0.54167 0.81649 -0.19983
vn -0.57280 0.81411 -0.09549
vn -0.61055 0.79197 0.00423
vn -0.65346 0.75091 0.09551
vn -0.69990 0.69251 0.17485
vn -0.74807 0.61902 0.23918
vn -0.79612 0.53326 0.28604
vn -0.84222 0.43853 0.31363
vn -0.92353 0.36078 0.13008
vn -0.94908 0.29083 0.12109
vn -0.96997 0.22249 0.09826
vn -0.98540 0.15841 0.06244
vn -0.99477 0.10104 0.01503
vn -0.99773 0.05258 -0.04216
vn -0.99416 0.01491 -0.10693
vn -0.98419 -0.01054 -0.17679
vn -0.96822 -0.02279 -0.24905
vn -0.94686 -0.02136 -0.32094
vn -0.92092 -0.00630 -0.38970
vn -0.89140 0.02179 -0.45269
vn -0.85945 0.06184 -0.50747
vn -0.82627 0.11232 -0.55196
vn -0.79316 0.17128 -0.58443
vn -0.76138 0.23646 -0.60364
vn -0.73216 0.30535 -0.60886
vn -0.70661 0.37531 -0.59987
vn -0.68572 0.44364 -0.57704
vn -0.67029 0.50772 -0.54122
vn -0.66092 0.56510 -0.49381
vn -0.65797 0.61355 -0.43662
vn -0.66154 0.65123 -0.37185
vn -0.67150 0.67668 -0.30199
vn -0.68747 0.68892 -0.22973
vn -0.70883 0.68749 -0.15783
vn -0.73477 0.67244 -0.08907
vn -0.76429 0.64435 -0.02609
vn -0.79625 0.60429 0.02870
vn -0.82942 0.55381 0.07318
vn -0.86253 0.49485 0.10565
vn -0.89431 0.42967 0.12486
vn -0.92732 0.37144 -0.04599
vn -0.94186 0.33223 -0.05026
vn -0.95384 0.29378 -0.06232
vn -0.96280 0.25758 -0.08171
vn -0.96839 0.22501 -0.10769
vn -0.97040 0.19733 -0.13926
vn -0.96875 0.17559 -0.17520
vn -0.96350 0.16064 -0.21413
vn -0.95487 0.15305 -0.25456
vn -0.94317 0.15311 -0.29494
vn -0.92886 0.16081 -0.33370
vn -0.91249 0.17587 -0.36937
vn -0.89468 0.19770 -0.40057
vn -0.87613 0.22546 -0.42610
vn -0.85754 0.25809 -0.44498
vn -0.83963 0.29434 -0.45649
vn -0.82309 0.33281 -0.46018
vn -0.80855 0.37201 -0.45591
vn -0.79657 0.41046 -0.44385
vn -0.78761 0.44666 -0.42446
vn -0.78202 0.47923 -0.39848
vn -0.78001 0.50691 -0.36691
vn -0.78166 0.52865 -0.33097
vn -0.78690 0.54360 -0.29203
vn -0.79554 0.55119 -0.25160
vn -0.80724 0.55114 -0.21123
vn -0.82155 0.54343 -0.17246
vn -0.83792 0.52837 -0.13680
vn -0.85572 0.50654 -0.10560
vn -0.87428 0.47878 -0.08007
vn -0.89287 0.44615 -0.06118
vn -0.91078 0.40990 -0.04968
vn -0.89605 0.36051 -0.25911
# 482 normals
usemtl Angelfish_Eye_Glass
f  1/1/1 2/2/2 3/3/3 4/4/4
f  1/1/1 4/4/4 5/5/5 6/6/6
f  1/1/1 6/6/6 7/7/7 8/8/8
f  1/1/1 8/8/8 9/9/9 10/10/10
f  1/1/1 10/10/10 11/11/11 12/12/12
f  1/1/1 12/12/12 13/13/13 14/14/14
f  1/1/1 14/14/14 15/15/15 16/16/16
f  1/1/1 16/16/16 17/17/17 18/18/18
f  1/1/1 18/18/18 19/19/19 20/20/20
f  1/1/1 20/20/20 21/21/21 22/22/22
f  1/1/1 22/22/22 23/23/23 24/24/24
f  1/1/1 24/24/24 25/25/25 26/26/26
f  1/1/1 26/26/26 27/27/27 28/28/28
f  1/1/1 28/28/28 29/29/29 30/30/30
f  1/1/1 30/30/30 31/31/31 32/32/32
f  1/1/1 32/32/32 33/33/33 2/2/2
f  2/2/2 34/34/34 35/35/35 3/3/3
f  3/3/3 35/35/35 36/36/36 4/4/4
f  4/4/4 36/36/36 37/37/37 5/5/5
f  5/5/5 37/37/37 38/38/38 6/6/6
f  6/6/6 38/38/38 39/39/39 7/7/7
f  7/7/7 39/39/39 40/40/40 8/8/8
f  8/8/8 40/40/40 41/41/41 9/9/9
f  9/9/9 41/41/41 42/42/42 10/10/10
f  10/10/10 42/42/42 43/43/43 11/11/11
f  11/11/11 43/43/43 44/44/44 12/12/12
f  12/12/12 44/44/44 45/45/45 13/13/13
f  13/13/13 45/45/45 46/46/46 14/14/14
f  14/14/14 46/46/46 47/47/47 15/15/15
f  15/15/15 47/47/47 48/48/48 16/16/16
f  16/16/16 48/48/48 49/49/49 17/17/17
f  17/17/17 49/49/49 50/50/50 18/18/18
f  18/18/18 50/50/50 51/51/51 19/19/19
f  19/19/19 51/51/51 52/52/52 20/20/20
f  20/20/20 52/52/52 53/53/53 21/21/21
f  21/21/21 53/53/53 54/54/54 22/22/22
f  22/22/22 54/54/54 55/55/55 23/23/23
f  23/23/23 55/55/55 56/56/56 24/24/24
f  24/24/24 56/56/56 57/57/57 25/25/25
f  25/25/25 57/57/57 58/58/58 26/26/26
f  26/26/26 58/58/58 59/59/59 27/27/27
f  27/27/27 59/59/59 60/60/60 28/28/28
f  28/28/28 60/60/60 61/61/61 29/29/29
f  29/29/29 61/61/61 62/62/62 30/30/30
f  30/30/30 62/62/62 63/63/63 31/31/31
f  31/31/31 63/63/63 64/64/64 32/32/32
f  32/32/32 64/64/64 65/65/65 33/33/33
f  33/33/33 65/65/65 34/34/34 2/2/2
f  34/34/34 66/66/66 67/67/67 35/35/35
f  35/35/35 67/67/67 68/68/68 36/36/36
f  36/36/36 68/68/68 69/69/69 37/37/37
f  37/37/37 69/69/69 70/70/70 38/38/38
f  38/38/38 70/70/70 71/71/71 39/39/39
f  39/39/39 71/71/71 72/72/72 40/40/40
f  40/40/40 72/72/72 73/73/73 41/41/41
f  41/41/41 73/73/73 74/74/74 42/42/42
f  42/42/42 74/74/74 75/75/75 43/43/43
f  43/43/43 75/75/75 76/76/76 44/44/44
f  44/44/44 76/76/76 77/77/77 45/45/45
f  45/45/45 77/77/77 78/78/78 46/46/46
f  46/46/46 78/78/78 79/79/79 47/47/47
f  47/47/47 79/79/79 80/80/80 48/48/48
f  48/48/48 80/80/80 81/81/81 49/49/49
f  49/49/49 81/81/81 82/82/82 50/50/50
f  50/50/50 82/82/82 83/83/83 51/51/51
f  51/51/51 83/83/83 84/84/84 52/52/52
f  52/52/52 84/84/84 85/85/85 53/53/53
f  53/53/53 85/85/85 86/86/86 54/54/54
f  54/54/54 86/86/86 87/87/87 55/55/55
f  55/55/55 87/87/87 88/88/88 56/56/56
f  56/56/56 88/88/88 89/89/89 57/57/57
f  57/57/57 89/89/89 90/90/90 58/58/58
f  58/58/58 90/90/90 91/91/91 59/59/59
f  59/59/59 91/91/91 92/92/92 60/60/60
f  60/60/60 92/92/92 93/93/93 61/61/61
f  61/61/61 93/93/93 94/94/94 62/62/62
f  62/62/62 94/94/94 95/95/95 63/63/63
f  63/63/63 95/95/95 96/96/96 64/64/64
f  64/64/64 96/96/96 97/97/97 65/65/65
f  65/65/65 97/97/97 66/66/66 34/34/34
f  66/66/66 98/98/98 99/99/99 67/67/67
f  67/67/67 99/99/99 100/100/100 68/68/68
f  68/68/68 100/100/100 101/101/101 69/69/69
f  69/69/69 101/101/101 102/102/102 70/70/70
f  70/70/70 102/102/102 103/103/103 71/71/71
f  71/71/71 103/103/103 104/104/104 72/72/72
f  72/72/72 104/104/104 105/105/105 73/73/73
f  73/73/73 105/105/105 106/106/106 74/74/74
f  74/74/74 106/106/106 107/107/107 75/75/75
f  75/75/75 107/107/107 108/108/108 76/76/76
f  76/76/76 108/108/108 109/109/109 77/77/77
f  77/77/77 109/109/109 110/110/110 78/78/78
f  78/78/78 110/110/110 111/111/111 79/79/79
f  79/79/79 111/111/111 112/112/112 80/80/80
f  80/80/80 112/112/112 113/113/113 81/81/81
f  81/81/81 113/113/113 114/114/114 82/82/82
f  82/82/82 114/114/114 115/115/115 83/83/83
f  83/83/83 115/115/115 116/116/116 84/84/84
f  84/84/84 116/116/116 117/117/117 85/85/85
f  85/85/85 117/117/117 118/118/118 86/86/86
f  86/86/86 118/118/118 119/119/119 87/87/87
f  87/87/87 119/119/119 120/120/120 88/88/88
f  88/88/88 120/120/120 121/121/121 89/89/89
f  89/89/89 121/121/121 122/122/122 90/90/90
f  90/90/90 122/122/122 123/123/123 91/91/91
f  91/91/91 123/123/123 124/124/124 92/92/92
f  92/92/92 124/124/124 125/125/125 93/93/93
f  93/93/93 125/125/125 126/126/126 94/94/94
f  94/94/94 126/126/126 127/127/127 95/95/95
f  95/95/95 127/127/127 128/128/128 96/96/96
f  96/96/96 128/128/128 129/129/129 97/97/97
f  97/97/97 129/129/129 98/98/98 66/66/66
f  98/98/98 130/130/130 131/131/131 99/99/99
f  99/99/99 131/131/131 132/132/132 100/100/100
f  100/100/100 132/132/132 133/133/133 101/101/101
f  101/101/101 133/133/133 134/134/134 102/102/102
f  102/102/102 134/134/134 135/135/135 103/103/103
f  103/103/103 135/135/135 136/136/136 104/104/104
f  104/104/104 136/136/136 137/137/137 105/105/105
f  105/105/105 137/137/137 138/138/138 106/106/106
f  106/106/106 138/138/138 139/139/139 107/107/107
f  107/107/107 139/139/139 140/140/140 108/108/108
f  108/108/108 140/140/140 141/141/141 109/109/109
f  109/109/109 141/141/141 142/142/142 110/110/110
f  110/110/110 142/142/142 143/143/143 111/111/111
f  111/111/111 143/143/143 144/144/144 112/112/112
f  112/112/112 144/144/144 145/145/145 113/113/113
f  113/113/113 145/145/145 146/146/146 114/114/114
f  114/114/114 146/146/146 147/147/147 115/115/115
f  115/115/115 147/147/147 148/148/148 116/116/116
f  116/116/116 148/148/148 149/149/149 117/117/117
f  117/117/117 149/149/149 150/150/150 118/118/118
f  118/118/118 150/150/150 151/151/151 119/119/119
f  119/119/119 151/151/151 152/152/152 120/120/120
f  120/120/120 152/152/152 153/153/153 121/121/121
f  121/121/121 153/153/153 154/154/154 122/122/122
f  122/122/122 154/154/154 155/155/155 123/123/123
f  123/123/123 155/155/155 156/156/156 124/124/124
f  124/124/124 156/156/156 157/157/157 125/125/125
f  125/125/125 157/157/157 158/158/158 126/126/126
f  126/126/126 158/158/158 159/159/159 127/127/127
f  127/127/127 159/159/159 160/160/160 128/128/128
f  128/128/128 160/160/160 161/161/161 129/129/129
f  129/129/129 161/161/161 130/130/130 98/98/98
f  130/130/130 162/162/162 163/163/163 131/131/131
f  131/131/131 163/163/163 164/164/164 132/132/132
f  132/132/132 164/164/164 165/165/165 133/133/133
f  133/133/133 165/165/165 166/166/166 134/134/134
f  134/134/134 166/166/166 167/167/167 135/135/135
f  135/135/135 167/167/167 168/168/168 136/136/136
f  136/136/136 168/168/168 169/169/169 137/137/137
f  137/137/137 169/169/169 170/170/170 138/138/138
f  138/138/138 170/170/170 171/171/171 139/139/139
f  139/139/139 171/171/171 172/172/172 140/140/140
f  140/140/140 172/172/172 173/173/173 141/141/141
f  141/141/141 173/173/173 174/174/174 142/142/142
f  142/142/142 174/174/174 175/175/175 143/143/143
f  143/143/143 175/175/175 176/176/176 144/144/144
f  144/144/144 176/176/176 177/177/177 145/145/145
f  145/145/145 177/177/177 178/178/178 146/146/146
f  146/146/146 178/178/178 179/179/179 147/147/147
f  147/147/147 179/179/179 180/180/180 148/148/148
f  148/148/148 180/180/180 181/181/181 149/149/149
f  149/149/149 181/181/181 182/182/182 150/150/150
f  150/150/150 182/182/182 183/183/183 151/151/151
f  151/151/151 183/183/183 184/184/184 152/152/152
f  152/152/152 184/184/184 185/185/185 153/153/153
f  153/153/153 185/185/185 186/186/186 154/154/154
f  154/154/154 186/186/186 187/187/187 155/155/155
f  155/155/155 187/187/187 188/188/188 156/156/156
f  156/156/156 188/188/188 189/189/189 157/157/157
f  157/157/157 189/189/189 190/190/190 158/158/158
f  158/158/158 190/190/190 191/191/191 159/159/159
f  159/159/159 191/191/191 192/192/192 160/160/160
f  160/160/160 192/192/192 193/193/193 161/161/161
f  161/161/161 193/193/193 162/162/162 130/130/130
f  162/162/162 194/194/194 195/195/195 163/163/163
f  163/163/163 195/195/195 196/196/196 164/164/164
f  164/164/164 196/196/196 197/197/197 165/165/165
f  165/165/165 197/197/197 198/198/198 166/166/166
f  166/166/166 198/198/198 199/199/199 167/167/167
f  167/167/167 199/199/199 200/200/200 168/168/168
f  168/168/168 200/200/200 201/201/201 169/169/169
f  169/169/169 201/201/201 202/202/202 170/170/170
f  170/170/170 202/202/202 203/203/203 171/171/171
f  171/171/171 203/203/203 204/204/204 172/172/172
f  172/172/172 204/204/204 205/205/205 173/173/173
f  173/173/173 205/205/205 206/206/206 174/174/174
f  174/174/174 206/206/206 207/207/207 175/175/175
f  175/175/175 207/207/207 208/208/208 176/176/176
f  176/176/176 208/208/208 209/209/209 177/177/177
f  177/177/177 209/209/209 210/210/210 178/178/178
f  178/178/178 210/210/210 211/211/211 179/179/179
f  179/179/179 211/211/211 212/212/212 180/180/180
f  180/180/180 212/212/212 213/213/213 181/181/181
f  181/181/181 213/213/213 214/214/214 182/182/182
f  182/182/182 214/214/214 215/215/215 183/183/183
f  183/183/183 215/215/215 216/216/216 184/184/184
f  184/184/184 216/216/216 217/217/217 185/185/185
f  185/185/185 217/217/217 218/218/218 186/186/186
f  186/186/186 218/218/218 219/219/219 187/187/187
f  187/187/187 219/219/219 220/220/220 188/188/188
f  188/188/188 220/220/220 221/221/221 189/189/189
f  189/189/189 221/221/221 222/222/222 190/190/190
f  190/190/190 222/222/222 223/223/223 191/191/191
f  191/191/191 223/223/223 224/224/224 192/192/192
f  192/192/192 224/224/224 225/225/225 193/193/193
f  193/193/193 225/225/225 194/194/194 162/162/162
f  194/194/194 226/226/226 227/227/227 195/195/195
f  195/195/195 227/227/227 228/228/228 196/196/196
f  196/196/196 228/228/228 229/229/229 197/197/197
f  197/197/197 229/229/229 230/230/230 198/198/198
f  198/198/198 230/230/230 231/231/231 199/199/199
f  199/199/199 231/231/231 232/232/232 200/200/200
f  200/200/200 232/232/232 233/233/233 201/201/201
f  201/201/201 233/233/233 234/234/234 202/202/202
f  202/202/202 234/234/234 235/235/235 203/203/203
f  203/203/203 235/235/235 236/236/236 204/204/204
f  204/204/204 236/236/236 237/237/237 205/205/205
f  205/205/205 237/237/237 238/238/238 206/206/206
f  206/206/206 238/238/238 239/239/239 207/207/207
f  207/207/207 239/239/239 240/240/240 208/208/208
f  208/208/208 240/240/240 241/241/241 209/209/209
f  209/209/209 241/241/241 242/242/242 210/210/210
f  210/210/210 242/242/242 243/243/243 211/211/211
f  211/211/211 243/243/243 244/244/244 212/212/212
f  212/212/212 244/244/244 245/245/245 213/213/213
f  213/213/213 245/245/245 246/246/246 214/214/214
f  214/214/214 246/246/246 247/247/247 215/215/215
f  215/215/215 247/247/247 248/248/248 216/216/216
f  216/216/216 248/248/248 249/249/249 217/217/217
f  217/217/217 249/249/249 250/250/250 218/218/218
f  218/218/218 250/250/250 251/251/251 219/219/219
f  219/219/219 251/251/251 252/252/252 220/220/220
f  220/220/220 252/252/252 253/253/253 221/221/221
f  221/221/221 253/253/253 254/254/254 222/222/222
f  222/222/222 254/254/254 255/255/255 223/223/223
f  223/223/223 255/255/255 256/256/256 224/224/224
f  224/224/224 256/256/256 257/257/257 225/225/225
f  225/225/225 257/257/257 226/226/226 194/194/194
f  226/258/226 258/259/258 259/260/259 227/261/227
f  227/261/227 259/260/259 260/262/260 228/263/228
f  228/263/228 260/262/260 261/264/261 229/265/229
f  229/265/229 261/264/261 262/266/262 230/267/230
f  230/267/230 262/266/262 263/268/263 231/269/231
f  231/269/231 263/268/263 264/270/264 232/271/232
f  232/271/232 264/270/264 265/272/265 233/273/233
f  233/273/233 265/272/265 266/274/266 234/275/234
f  234/275/234 266/274/266 267/276/267 235/277/235
f  235/277/235 267/276/267 268/278/268 236/279/236
f  236/279/236 268/278/268 269/280/269 237/281/237
f  237/281/237 269/280/269 270/282/270 238/283/238
f  238/283/238 270/282/270 271/284/271 239/285/239
f  239/285/239 271/284/271 272/286/272 240/287/240
f  240/287/240 272/286/272 273/288/273 241/241/241
f  241/241/241 273/288/273 274/289/274 242/242/242
f  242/242/242 274/289/274 275/290/275 243/243/243
f  243/243/243 275/290/275 276/291/276 244/292/244
f  244/292/244 276/291/276 277/293/277 245/294/245
f  245/294/245 277/293/277 278/295/278 246/296/246
f  246/296/246 278/295/278 279/297/279 247/298/247
f  247/298/247 279/297/279 280/299/280 248/300/248
f  248/300/248 280/299/280 281/301/281 249/302/249
f  249/302/249 281/301/281 282/303/282 250/304/250
f  250/304/250 282/303/282 283/305/283 251/306/251
f  251/306/251 283/305/283 284/307/284 252/308/252
f  252/308/252 284/307/284 285/309/285 253/310/253
f  253/310/253 285/309/285 286/311/286 254/312/254
f  254/312/254 286/311/286 287/313/287 255/314/255
f  255/314/255 287/313/287 288/315/288 256/316/256
f  256/316/256 288/315/288 289/317/289 257/318/257
f  257/318/257 289/317/289 258/259/258 226/258/226
f  258/259/258 290/319/290 291/320/291 259/260/259
f  259/260/259 291/320/291 292/321/292 260/262/260
f  260/262/260 292/321/292 293/322/293 261/264/261
f  261/264/261 293/322/293 294/323/294 262/266/262
f  262/266/262 294/323/294 295/324/295 263/268/263
f  263/268/263 295/324/295 296/325/296 264/270/264
f  264/270/264 296/325/296 297/326/297 265/272/265
f  265/272/265 297/326/297 298/327/298 266/274/266
f  266/274/266 298/327/298 299/328/299 267/276/267
f  267/276/267 299/328/299 300/329/300 268/278/268
f  268/278/268 300/329/300 301/330/301 269/280/269
f  269/280/269 301/330/301 302/331/302 270/282/270
f  270/282/270 302/331/302 303/332/303 271/284/271
f  271/284/271 303/332/303 304/333/304 272/286/272
f  272/286/272 304/333/304 305/334/305 273/288/273
f  273/288/273 305/334/305 306/335/306 274/289/274
f  274/289/274 306/335/306 307/336/307 275/290/275
f  275/290/275 307/336/307 308/337/308 276/291/276
f  276/291/276 308/337/308 309/338/309 277/293/277
f  277/293/277 309/338/309 310/339/310 278/295/278
f  278/295/278 310/339/310 311/340/311 279/297/279
f  279/297/279 311/340/311 312/341/312 280/299/280
f  280/299/280 312/341/312 313/342/313 281/301/281
f  281/301/281 313/342/313 314/343/314 282/303/282
f  282/303/282 314/343/314 315/344/315 283/305/283
f  283/305/283 315/344/315 316/345/316 284/307/284
f  284/307/284 316/345/316 317/346/317 285/309/285
f  285/309/285 317/346/317 318/347/318 286/311/286
f  286/311/286 318/347/318 319/348/319 287/313/287
f  287/313/287 319/348/319 320/349/320 288/315/288
f  288/315/288 320/349/320 321/350/321 289/317/289
f  289/317/289 321/350/321 290/319/290 258/259/258
f  290/319/290 322/351/322 323/352/323 291/320/291
f  291/320/291 323/352/323 324/353/324 292/321/292
f  292/321/292 324/353/324 325/354/325 293/322/293
f  293/322/293 325/354/325 326/355/326 294/323/294
f  294/323/294 326/355/326 327/356/327 295/324/295
f  295/324/295 327/356/327 328/357/328 296/325/296
f  296/325/296 328/357/328 329/358/329 297/326/297
f  297/326/297 329/358/329 330/359/330 298/327/298
f  298/327/298 330/359/330 331/360/331 299/328/299
f  299/328/299 331/360/331 332/361/332 300/329/300
f  300/329/300 332/361/332 333/362/333 301/330/301
f  301/330/301 333/362/333 334/363/334 302/331/302
f  302/331/302 334/363/334 335/364/335 303/332/303
f  303/332/303 335/364/335 336/365/336 304/333/304
f  304/333/304 336/365/336 337/366/337 305/334/305
f  305/334/305 337/366/337 338/367/338 306/335/306
f  306/335/306 338/367/338 339/368/339 307/336/307
f  307/336/307 339/368/339 340/369/340 308/337/308
f  308/337/308 340/369/340 341/370/341 309/338/309
f  309/338/309 341/370/341 342/371/342 310/339/310
f  310/339/310 342/371/342 343/372/343 311/340/311
f  311/340/311 343/372/343 344/373/344 312/341/312
f  312/341/312 344/373/344 345/374/345 313/342/313
f  313/342/313 345/374/345 346/375/346 314/343/314
f  314/343/314 346/375/346 347/376/347 315/344/315
f  315/344/315 347/376/347 348/377/348 316/345/316
f  316/345/316 348/377/348 349/378/349 317/346/317
f  317/346/317 349/378/349 350/379/350 318/347/318
f  318/347/318 350/379/350 351/380/351 319/348/319
f  319/348/319 351/380/351 352/381/352 320/349/320
f  320/349/320 352/381/352 353/382/353 321/350/321
f  321/350/321 353/382/353 322/351/322 290/319/290
f  322/351/322 354/383/354 355/384/355 323/352/323
f  323/352/323 355/384/355 356/385/356 324/353/324
f  324/353/324 356/385/356 357/386/357 325/354/325
f  325/354/325 357/386/357 358/387/358 326/355/326
f  326/355/326 358/387/358 359/388/359 327/356/327
f  327/356/327 359/388/359 360/389/360 328/357/328
f  328/357/328 360/389/360 361/390/361 329/358/329
f  329/358/329 361/390/361 362/391/362 330/359/330
f  330/359/330 362/391/362 363/392/363 331/360/331
f  331/360/331 363/392/363 364/393/364 332/361/332
f  332/361/332 364/393/364 365/394/365 333/362/333
f  333/362/333 365/394/365 366/395/366 334/363/334
f  334/363/334 366/395/366 367/396/367 335/364/335
f  335/364/335 367/396/367 368/397/368 336/365/336
f  336/365/336 368/397/368 369/398/369 337/366/337
f  337/366/337 369/398/369 370/399/370 338/367/338
f  338/367/338 370/399/370 371/400/371 339/368/339
f  339/368/339 371/400/371 372/401/372 340/369/340
f  340/369/340 372/401/372 373/402/373 341/370/341
f  341/370/341 373/402/373 374/403/374 342/371/342
f  342/371/342 374/403/374 375/404/375 343/372/343
f  343/372/343 375/404/375 376/405/376 344/373/344
f  344/373/344 376/405/376 377/406/377 345/374/345
f  345/374/345 377/406/377 378/407/378 346/375/346
f  346/375/346 378/407/378 379/408/379 347/376/347
f  347/376/347 379/408/379 380/409/380 348/377/348
f  348/377/348 380/409/380 381/410/381 349/378/349
f  349/378/349 381/410/381 382/411/382 350/379/350
f  350/379/350 382/411/382 383/412/383 351/380/351
f  351/380/351 383/412/383 384/413/384 352/381/352
f  352/381/352 384/413/384 385/414/385 353/382/353
f  353/382/353 385/414/385 354/383/354 322/351/322
f  354/383/354 386/415/386 387/416/387 355/384/355
f  355/384/355 387/416/387 388/417/388 356/385/356
f  356/385/356 388/417/388 389/418/389 357/386/357
f  357/386/357 389/418/389 390/419/390 358/387/358
f  358/387/358 390/419/390 391/420/391 359/388/359
f  359/388/359 391/420/391 392/421/392 360/389/360
f  360/389/360 392/421/392 393/422/393 361/390/361
f  361/390/361 393/422/393 394/423/394 362/391/362
f  362/391/362 394/423/394 395/424/395 363/392/363
f  363/392/363 395/424/395 396/425/396 364/393/364
f  364/393/364 396/425/396 397/426/397 365/394/365
f  365/394/365 397/426/397 398/427/398 366/395/366
f  366/395/366 398/427/398 399/428/399 367/396/367
f  367/396/367 399/428/399 400/429/400 368/397/368
f  368/397/368 400/429/400 401/430/401 369/398/369
f  369/398/369 401/430/401 402/431/402 370/399/370
f  370/399/370 402/431/402 403/432/403 371/400/371
f  371/400/371 403/432/403 404/433/404 372/401/372
f  372/401/372 404/433/404 405/434/405 373/402/373
f  373/402/373 405/434/405 406/435/406 374/403/374
f  374/403/374 406/435/406 407/436/407 375/404/375
f  375/404/375 407/436/407 408/437/408 376/405/376
f  376/405/376 408/437/408 409/438/409 377/406/377
f  377/406/377 409/438/409 410/439/410 378/407/378
f  378/407/378 410/439/410 411/440/411 379/408/379
f  379/408/379 411/440/411 412/441/412 380/409/380
f  380/409/380 412/441/412 413/442/413 381/410/381
f  381/410/381 413/442/413 414/443/414 382/411/382
f  382/411/382 414/443/414 415/444/415 383/412/383
f  383/412/383 415/444/415 416/445/416 384/413/384
f  384/413/384 416/445/416 417/446/417 385/414/385
f  385/414/385 417/446/417 386/415/386 354/383/354
f  386/415/386 418/447/418 419/448/419 387/416/387
f  387/416/387 419/448/419 420/449/420 388/417/388
f  388/417/388 420/449/420 421/450/421 389/418/389
f  389/418/389 421/450/421 422/451/422 390/419/390
f  390/419/390 422/451/422 423/452/423 391/420/391
f  391/420/391 423/452/423 424/453/424 392/421/392
f  392/421/392 424/453/424 425/454/425 393/422/393
f  393/422/393 425/454/425 426/455/426 394/423/394
f  394/423/394 426/455/426 427/456/427 395/424/395
f  395/424/395 427/456/427 428/457/428 396/425/396
f  396/425/396 428/457/428 429/458/429 397/426/397
f  397/426/397 429/458/429 430/459/430 398/427/398
f  398/427/398 430/459/430 431/460/431 399/428/399
f  399/428/399 431/460/431 432/461/432 400/429/400
f  400/429/400 432/461/432 433/462/433 401/430/401
f  401/430/401 433/462/433 434/463/434 402/431/402
f  402/431/402 434/463/434 435/464/435 403/432/403
f  403/432/403 435/464/435 436/465/436 404/433/404
f  404/433/404 436/465/436 437/466/437 405/434/405
f  405/434/405 437/466/437 438/467/438 406/435/406
f  406/435/406 438/467/438 439/468/439 407/436/407
f  407/436/407 439/468/439 440/469/440 408/437/408
f  408/437/408 440/469/440 441/470/441 409/438/409
f  409/438/409 441/470/441 442/471/442 410/439/410
f  410/439/410 442/471/442 443/472/443 411/440/411
f  411/440/411 443/472/443 444/473/444 412/441/412
f  412/441/412 444/473/444 445/474/445 413/442/413
f  413/442/413 445/474/445 446/475/446 414/443/414
f  414/443/414 446/475/446 447/476/447 415/444/415
f  415/444/415 447/476/447 448/477/448 416/445/416
f  416/445/416 448/477/448 449/478/449 417/446/417
f  417/446/417 449/478/449 418/447/418 386/415/386
f  418/447/418 450/479/450 451/480/451 419/448/419
f  419/448/419 451/480/451 452/481/452 420/449/420
f  420/449/420 452/481/452 453/482/453 421/450/421
f  421/450/421 453/482/453 454/483/454 422/451/422
f  422/451/422 454/483/454 455/484/455 423/452/423
f  423/452/423 455/484/455 456/485/456 424/453/424
f  424/453/424 456/485/456 457/486/457 425/454/425
f  425/454/425 457/486/457 458/487/458 426/455/426
f  426/455/426 458/487/458 459/488/459 427/456/427
f  427/456/427 459/488/459 460/489/460 428/457/428
f  428/457/428 460/489/460 461/490/461 429/458/429
f  429/458/429 461/490/461 462/491/462 430/459/430
f  430/459/430 462/491/462 463/492/463 431/460/431
f  431/460/431 463/492/463 464/493/464 432/461/432
f  432/461/432 464/493/464 465/494/465 433/462/433
f  433/462/433 465/494/465 466/495/466 434/463/434
f  434/463/434 466/495/466 467/496/467 435/464/435
f  435/464/435 467/496/467 468/497/468 436/465/436
f  436/465/436 468/497/468 469/498/469 437/466/437
f  437/466/437 469/498/469 470/499/470 438/467/438
f  438/467/438 470/499/470 471/500/471 439/468/439
f  439/468/439 471/500/471 472/501/472 440/469/440
f  440/469/440 472/501/472 473/502/473 441/470/441
f  441/470/441 473/502/473 474/503/474 442/471/442
f  442/471/442 474/503/474 475/504/475 443/472/443
f  443/472/443 475/504/475 476/505/476 444/473/444
f  444/473/444 476/505/476 477/506/477 445/474/445
f  445/474/445 477/506/477 478/507/478 446/475/446
f  446/475/446 478/507/478 479/508/479 447/476/447
f  447/476/447 479/508/479 480/509/480 448/477/448
f  448/477/448 480/509/480 481/510/481 449/478/449
f  449/478/449 481/510/481 450/479/450 418/447/418
f  482/511/482 452/481/452 451/480/451 450/479/450
f  482/511/482 454/483/454 453/482/453 452/481/452
f  482/511/482 456/485/456 455/484/455 454/483/454
f  482/511/482 458/487/458 457/486/457 456/485/456
f  482/511/482 460/489/460 459/488/459 458/487/458
f  482/511/482 462/491/462 461/490/461 460/489/460
f  482/511/482 464/493/464 463/492/463 462/491/462
f  482/511/482 466/495/466 465/494/465 464/493/464
f  482/511/482 468/497/468 467/496/467 466/495/466
f  482/511/482 470/499/470 469/498/469 468/497/468
f  482/511/482 472/501/472 471/500/471 470/499/470
f  482/511/482 474/503/474 473/502/473 472/501/472
f  482/511/482 476/505/476 475/504/475 474/503/474
f  482/511/482 478/507/478 477/506/477 476/505/476
f  482/511/482 480/509/480 479/508/479 478/507/478
f  482/511/482 450/479/450 481/510/481 480/509/480
# object Angelfish_Set_01_pivot
g Angelfish_Set_01_pivot
v 0.39863 -3.81156 3.20271
v 0.39387 -3.81070 3.23139
v 0.39195 -3.81599 3.23067
v 0.39039 -3.82115 3.22890
v 0.38924 -3.82598 3.22616
v 0.38855 -3.83030 3.22254
v 0.38834 -3.83394 3.21818
v 0.38863 -3.83675 3.21327
v 0.38941 -3.83864 3.20797
v 0.39063 -3.83952 3.20250
v 0.39226 -3.83937 3.19707
v 0.39424 -3.83819 3.19188
v 0.39648 -3.83603 3.18714
v 0.39890 -3.83297 3.18302
v 0.40141 -3.82912 3.17969
v 0.40391 -3.82464 3.17727
v 0.40631 -3.81969 3.17586
v 0.40851 -3.81448 3.17551
v 0.41043 -3.80918 3.17623
v 0.41200 -3.80403 3.17800
v 0.41315 -3.79919 3.18075
v 0.41384 -3.79488 3.18436
v 0.41404 -3.79124 3.18872
v 0.41375 -3.78843 3.19363
v 0.41298 -3.78654 3.19893
v 0.41175 -3.78566 3.20440
v 0.41012 -3.78581 3.20983
v 0.40815 -3.78698 3.21502
v 0.40591 -3.78915 3.21976
v 0.40348 -3.79221 3.22388
v 0.40097 -3.79606 3.22721
v 0.39847 -3.80054 3.22963
v 0.39607 -3.80548 3.23104
v 0.41811 -3.82134 3.26353
v 0.41458 -3.83105 3.26221
v 0.41171 -3.84053 3.25896
v 0.40960 -3.84940 3.25392
v 0.40833 -3.85732 3.24728
v 0.40796 -3.86400 3.23928
v 0.40849 -3.86917 3.23025
v 0.40991 -3.87263 3.22053
v 0.41216 -3.87426 3.21049
v 0.41515 -3.87398 3.20051
v 0.41878 -3.87182 3.19099
v 0.42289 -3.86785 3.18228
v 0.42734 -3.86222 3.17472
v 0.43195 -3.85516 3.16860
v 0.43655 -3.84693 3.16416
v 0.44095 -3.83785 3.16157
v 0.44499 -3.82827 3.16092
v 0.44852 -3.81855 3.16225
v 0.45139 -3.80908 3.16550
v 0.45350 -3.80021 3.17054
v 0.45477 -3.79228 3.17718
v 0.45514 -3.78561 3.18517
v 0.45461 -3.78044 3.19420
v 0.45319 -3.77697 3.20393
v 0.45094 -3.77535 3.21397
v 0.44795 -3.77562 3.22395
v 0.44432 -3.77779 3.23347
v 0.44021 -3.78176 3.24218
v 0.43576 -3.78738 3.24974
v 0.43115 -3.79445 3.25586
v 0.42655 -3.80268 3.26030
v 0.42215 -3.81176 3.26289
v 0.41822 -3.82226 3.28850
v 0.41310 -3.83637 3.28658
v 0.40893 -3.85012 3.28186
v 0.40587 -3.86300 3.27454
v 0.40403 -3.87450 3.26490
v 0.40349 -3.88419 3.25330
v 0.40426 -3.89170 3.24019
v 0.40632 -3.89673 3.22607
v 0.40958 -3.89909 3.21149
v 0.41393 -3.89869 3.19701
v 0.41919 -3.89555 3.18318
v 0.42517 -3.88978 3.17053
v 0.43163 -3.88162 3.15956
v 0.43832 -3.87136 3.15068
v 0.44499 -3.85941 3.14424
v 0.45138 -3.84623 3.14047
v 0.45725 -3.83232 3.13953
v 0.46237 -3.81822 3.14146
v 0.46654 -3.80446 3.14617
v 0.46961 -3.79159 3.15349
v 0.47144 -3.78008 3.16314
v 0.47199 -3.77039 3.17474
v 0.47122 -3.76288 3.18785
v 0.46916 -3.75786 3.20197
v 0.46589 -3.75550 3.21655
v 0.46154 -3.75589 3.23103
v 0.45628 -3.75904 3.24486
v 0.45030 -3.76480 3.25750
v 0.44385 -3.77297 3.26847
v 0.43715 -3.78322 3.27735
v 0.43048 -3.79517 3.28380
v 0.42409 -3.80835 3.28756
v 0.41797 -3.82293 3.31028
v 0.41145 -3.84088 3.30783
v 0.40614 -3.85839 3.30183
v 0.40224 -3.87478 3.29252
v 0.39990 -3.88942 3.28024
v 0.39921 -3.90175 3.26547
v 0.40019 -3.91131 3.24879
v 0.40281 -3.91771 3.23082
v 0.40697 -3.92071 3.21226
v 0.41251 -3.92020 3.19383
v 0.41920 -3.91620 3.17623
v 0.42681 -3.90887 3.16014
v 0.43503 -3.89847 3.14617
v 0.44355 -3.88542 3.13487
v 0.45204 -3.87021 3.12667
v 0.46017 -3.85344 3.12188
v 0.46764 -3.83573 3.12068
v 0.47416 -3.81778 3.12313
v 0.47947 -3.80027 3.12913
v 0.48337 -3.78388 3.13845
v 0.48571 -3.76924 3.15073
v 0.48640 -3.75691 3.16549
v 0.48542 -3.74736 3.18218
v 0.48280 -3.74096 3.20015
v 0.47864 -3.73795 3.21870
v 0.47310 -3.73846 3.23713
v 0.46641 -3.74246 3.25474
v 0.45880 -3.74980 3.27083
v 0.45058 -3.76019 3.28479
v 0.44206 -3.77324 3.29609
v 0.43357 -3.78845 3.30430
v 0.42544 -3.80523 3.30909
v 0.41675 -3.82307 3.32787
v 0.40909 -3.84418 3.32499
v 0.40285 -3.86476 3.31793
v 0.39826 -3.88404 3.30698
v 0.39551 -3.90126 3.29254
v 0.39470 -3.91576 3.27518
v 0.39585 -3.92699 3.25556
v 0.39893 -3.93452 3.23443
v 0.40382 -3.93805 3.21261
v 0.41033 -3.93745 3.19094
v 0.41820 -3.93275 3.17024
v 0.42715 -3.92412 3.15132
v 0.43681 -3.91190 3.13490
v 0.44683 -3.89655 3.12161
v 0.45682 -3.87867 3.11196
v 0.46638 -3.85894 3.10633
v 0.47516 -3.83813 3.10492
v 0.48282 -3.81702 3.10780
v 0.48906 -3.79643 3.11486
v 0.49365 -3.77716 3.12581
v 0.49640 -3.75994 3.14025
v 0.49722 -3.74544 3.15761
v 0.49606 -3.73421 3.17723
v 0.49298 -3.72668 3.19836
v 0.48809 -3.72315 3.22018
v 0.48159 -3.72374 3.24185
v 0.47371 -3.72845 3.26255
v 0.46477 -3.73707 3.28147
v 0.45510 -3.74930 3.29789
v 0.44508 -3.76464 3.31118
v 0.43510 -3.78253 3.32083
v 0.42553 -3.80225 3.32646
v 0.41553 -3.82283 3.33469
v 0.40741 -3.84520 3.33164
v 0.40079 -3.86702 3.32416
v 0.39593 -3.88745 3.31255
v 0.39302 -3.90570 3.29725
v 0.39215 -3.92107 3.27885
v 0.39338 -3.93297 3.25805
v 0.39664 -3.94095 3.23566
v 0.40182 -3.94470 3.21254
v 0.40872 -3.94406 3.18956
v 0.41707 -3.93908 3.16763
v 0.42655 -3.92993 3.14757
v 0.43679 -3.91698 3.13017
v 0.44741 -3.90071 3.11608
v 0.45799 -3.88176 3.10586
v 0.46813 -3.86085 3.09989
v 0.47744 -3.83879 3.09840
v 0.48556 -3.81642 3.10145
v 0.49217 -3.79460 3.10893
v 0.49703 -3.77417 3.12054
v 0.49995 -3.75592 3.13584
v 0.50081 -3.74055 3.15424
v 0.49959 -3.72865 3.17504
v 0.49632 -3.72067 3.19743
v 0.49114 -3.71693 3.22056
v 0.48425 -3.71756 3.24353
v 0.47590 -3.72254 3.26547
v 0.46642 -3.73169 3.28552
v 0.45617 -3.74464 3.30293
v 0.44556 -3.76091 3.31701
v 0.43497 -3.77986 3.32723
v 0.42484 -3.80077 3.33321
v 0.39222 -3.81373 3.33578
v 0.38360 -3.83748 3.33254
v 0.37658 -3.86064 3.32460
v 0.37142 -3.88233 3.31228
v 0.36832 -3.90170 3.29603
v 0.36740 -3.91802 3.27650
v 0.36870 -3.93066 3.25442
v 0.37217 -3.93912 3.23065
v 0.37767 -3.94310 3.20610
v 0.38499 -3.94243 3.18171
v 0.39386 -3.93714 3.15843
v 0.40392 -3.92743 3.13714
v 0.41479 -3.91368 3.11866
v 0.42607 -3.89641 3.10371
v 0.43730 -3.87629 3.09285
v 0.44806 -3.85409 3.08651
v 0.45794 -3.83067 3.08494
v 0.46656 -3.80692 3.08818
v 0.47358 -3.78376 3.09611
v 0.47874 -3.76207 3.10844
v 0.48184 -3.74270 3.12468
v 0.48276 -3.72638 3.14422
v 0.48146 -3.71374 3.16630
v 0.47799 -3.70528 3.19007
v 0.47249 -3.70130 3.21462
v 0.46517 -3.70197 3.23900
v 0.45631 -3.70726 3.26229
v 0.44624 -3.71697 3.28358
v 0.43537 -3.73072 3.30206
v 0.42410 -3.74799 3.31701
v 0.41286 -3.76811 3.32786
v 0.40210 -3.79031 3.33420
v 0.36863 -3.80433 3.33160
v 0.35984 -3.82855 3.32830
v 0.35268 -3.85216 3.32021
v 0.34742 -3.87427 3.30764
v 0.34426 -3.89402 3.29108
v 0.34332 -3.91066 3.27116
v 0.34465 -3.92355 3.24865
v 0.34818 -3.93218 3.22441
v 0.35379 -3.93623 3.19938
v 0.36126 -3.93555 3.17452
v 0.37029 -3.93016 3.15077
v 0.38055 -3.92026 3.12907
v 0.39164 -3.90624 3.11023
v 0.40313 -3.88863 3.09498
v 0.41459 -3.86812 3.08391
v 0.42556 -3.84548 3.07745
v 0.43564 -3.82160 3.07584
v 0.44442 -3.79739 3.07915
v 0.45158 -3.77377 3.08724
v 0.45684 -3.75166 3.09981
v 0.46000 -3.73191 3.11637
v 0.46094 -3.71527 3.13629
v 0.45961 -3.70239 3.15880
v 0.45608 -3.69375 3.18303
v 0.45047 -3.68970 3.20806
v 0.44300 -3.69038 3.23293
v 0.43397 -3.69578 3.25667
v 0.42371 -3.70568 3.27838
v 0.41262 -3.71970 3.29722
v 0.40113 -3.73730 3.31246
v 0.38967 -3.75782 3.32353
v 0.37870 -3.78045 3.32999
v 0.34611 -3.79518 3.32245
v 0.33749 -3.81893 3.31921
v 0.33047 -3.84209 3.31127
v 0.32531 -3.86378 3.29894
v 0.32221 -3.88315 3.28270
v 0.32130 -3.89947 3.26317
v 0.32260 -3.91210 3.24109
v 0.32606 -3.92057 3.21732
v 0.33156 -3.92455 3.19277
v 0.33888 -3.92388 3.16838
v 0.34775 -3.91859 3.14509
v 0.35781 -3.90888 3.12380
v 0.36868 -3.89513 3.10533
v 0.37996 -3.87786 3.09037
v 0.39119 -3.85774 3.07952
v 0.40195 -3.83554 3.07318
v 0.41183 -3.81212 3.07160
v 0.42045 -3.78837 3.07484
v 0.42747 -3.76521 3.08278
v 0.43263 -3.74352 3.09511
v 0.43573 -3.72415 3.11135
v 0.43665 -3.70783 3.13088
v 0.43535 -3.69519 3.15296
v 0.43188 -3.68672 3.17673
v 0.42638 -3.68275 3.20128
v 0.41906 -3.68342 3.22567
v 0.41020 -3.68871 3.24896
v 0.40013 -3.69842 3.27025
v 0.38926 -3.71217 3.28872
v 0.37799 -3.72944 3.30368
v 0.36675 -3.74956 3.31453
v 0.35599 -3.77176 3.32087
v 0.32575 -3.78671 3.30873
v 0.31763 -3.80908 3.30568
v 0.31101 -3.83090 3.29820
v 0.30615 -3.85133 3.28659
v 0.30324 -3.86958 3.27129
v 0.30237 -3.88495 3.25289
v 0.30360 -3.89685 3.23209
v 0.30686 -3.90483 3.20970
v 0.31204 -3.90857 3.18657
v 0.31894 -3.90794 3.16360
v 0.32729 -3.90296 3.14167
v 0.33677 -3.89381 3.12161
v 0.34701 -3.88086 3.10421
v 0.35763 -3.86459 3.09012
v 0.36821 -3.84564 3.07990
v 0.37835 -3.82473 3.07393
v 0.38766 -3.80267 3.07244
v 0.39578 -3.78030 3.07549
v 0.40239 -3.75848 3.08297
v 0.40725 -3.73805 3.09458
v 0.41017 -3.71980 3.10988
v 0.41103 -3.70443 3.12828
v 0.40981 -3.69253 3.14908
v 0.40654 -3.68455 3.17147
v 0.40136 -3.68080 3.19460
v 0.39447 -3.68144 3.21757
v 0.38612 -3.68642 3.23950
v 0.37664 -3.69557 3.25956
v 0.36639 -3.70852 3.27696
v 0.35578 -3.72479 3.29105
v 0.34520 -3.74374 3.30127
v 0.33506 -3.76465 3.30724
v 0.30832 -3.77925 3.29098
v 0.30102 -3.79939 3.28823
v 0.29506 -3.81902 3.28150
v 0.29069 -3.83741 3.27105
v 0.28806 -3.85383 3.25728
v 0.28728 -3.86766 3.24072
v 0.28839 -3.87838 3.22201
v 0.29133 -3.88556 3.20185
v 0.29599 -3.88893 3.18104
v 0.30220 -3.88836 3.16037
v 0.30971 -3.88387 3.14063
v 0.31824 -3.87564 3.12258
v 0.32746 -3.86398 3.10691
v 0.33701 -3.84934 3.09424
v 0.34654 -3.83229 3.08503
v 0.35566 -3.81347 3.07966
v 0.36404 -3.79361 3.07832
v 0.37135 -3.77348 3.08107
v 0.37730 -3.75384 3.08780
v 0.38167 -3.73546 3.09825
v 0.38430 -3.71904 3.11202
v 0.38508 -3.70520 3.12858
v 0.38397 -3.69449 3.14730
v 0.38104 -3.68731 3.16745
v 0.37637 -3.68394 3.18826
v 0.37017 -3.68451 3.20894
v 0.36265 -3.68899 3.22868
v 0.35412 -3.69722 3.24673
v 0.34490 -3.70888 3.26239
v 0.33535 -3.72352 3.27507
v 0.32582 -3.74058 3.28427
v 0.31670 -3.75940 3.28964
v 0.29450 -3.77309 3.26987
v 0.28829 -3.79021 3.26754
v 0.28322 -3.80691 3.26182
v 0.27950 -3.82254 3.25293
v 0.27727 -3.83651 3.24122
v 0.27661 -3.84828 3.22713
v 0.27755 -3.85739 3.21122
v 0.28005 -3.86349 3.19408
v 0.28401 -3.86636 3.17638
v 0.28929 -3.86588 3.15880
v 0.29568 -3.86206 3.14201
v 0.30293 -3.85506 3.12666
v 0.31078 -3.84515 3.11334
v 0.31890 -3.83270 3.10256
v 0.32700 -3.81819 3.09473
v 0.33476 -3.80219 3.09016
v 0.34188 -3.78530 3.08902
v 0.34810 -3.76818 3.09136
v 0.35316 -3.75148 3.09708
v 0.35688 -3.73585 3.10597
v 0.35911 -3.72188 3.11768
v 0.35977 -3.71011 3.13176
v 0.35884 -3.70100 3.14768
v 0.35634 -3.69490 3.16482
v 0.35237 -3.69203 3.18252
v 0.34709 -3.69252 3.20010
v 0.34070 -3.69633 3.21689
v 0.33345 -3.70333 3.23224
v 0.32561 -3.71324 3.24556
v 0.31748 -3.72569 3.25634
v 0.30938 -3.74020 3.26417
v 0.30162 -3.75620 3.26874
v 0.28482 -3.76846 3.24623
v 0.27993 -3.78191 3.24439
v 0.27595 -3.79503 3.23990
v 0.27303 -3.80731 3.23291
v 0.27128 -3.81829 3.22371
v 0.27076 -3.82753 3.21265
v 0.27149 -3.83469 3.20014
v 0.27346 -3.83949 3.18667
v 0.27657 -3.84174 3.17277
v 0.28072 -3.84136 3.15895
v 0.28574 -3.83836 3.14576
v 0.29144 -3.83286 3.13370
v 0.29760 -3.82507 3.12324
v 0.30399 -3.81529 3.11477
v 0.31035 -3.80390 3.10862
v 0.31645 -3.79132 3.10503
v 0.32204 -3.77805 3.10413
v 0.32693 -3.76460 3.10597
v 0.33090 -3.75148 3.11047
v 0.33383 -3.73920 3.11745
v 0.33558 -3.72822 3.12665
v 0.33610 -3.71898 3.13771
v 0.33536 -3.71182 3.15022
v 0.33340 -3.70702 3.16369
v 0.33029 -3.70477 3.17759
v 0.32614 -3.70515 3.19141
v 0.32112 -3.70815 3.20460
v 0.31542 -3.71365 3.21666
v 0.30926 -3.72144 3.22712
v 0.30287 -3.73122 3.23559
v 0.29651 -3.74262 3.24174
v 0.29041 -3.75519 3.24533
v 0.27964 -3.76554 3.22095
v 0.27628 -3.77480 3.21968
v 0.27353 -3.78384 3.21658
v 0.27152 -3.79230 3.21177
v 0.27031 -3.79986 3.20544
v 0.26996 -3.80623 3.19781
v 0.27046 -3.81116 3.18920
v 0.27182 -3.81446 3.17993
v 0.27396 -3.81601 3.17035
v 0.27682 -3.81575 3.16083
v 0.28028 -3.81369 3.15175
v 0.28420 -3.80990 3.14344
v 0.28845 -3.80453 3.13623
v 0.29284 -3.79780 3.13039
v 0.29723 -3.78995 3.12616
v 0.30143 -3.78129 3.12369
v 0.30528 -3.77215 3.12307
v 0.30864 -3.76288 3.12433
v 0.31138 -3.75384 3.12743
v 0.31340 -3.74538 3.13224
v 0.31461 -3.73782 3.13858
v 0.31496 -3.73146 3.14620
v 0.31446 -3.72653 3.15482
v 0.31310 -3.72322 3.16409
v 0.31096 -3.72167 3.17367
v 0.30810 -3.72193 3.18318
v 0.30464 -3.72400 3.19227
v 0.30072 -3.72778 3.20058
v 0.29647 -3.73315 3.20779
v 0.29208 -3.73989 3.21362
v 0.28769 -3.74774 3.21786
v 0.28349 -3.75640 3.22033
v 0.27917 -3.76444 3.19500
v 0.27745 -3.76916 3.19436
v 0.27606 -3.77377 3.19278
v 0.27503 -3.77808 3.19033
v 0.27441 -3.78194 3.18710
v 0.27423 -3.78518 3.18321
v 0.27449 -3.78770 3.17882
v 0.27518 -3.78938 3.17409
v 0.27627 -3.79017 3.16921
v 0.27773 -3.79004 3.16436
v 0.27949 -3.78899 3.15972
v 0.28150 -3.78706 3.15549
v 0.28366 -3.78432 3.15181
v 0.28590 -3.78089 3.14884
v 0.28813 -3.77688 3.14668
v 0.29028 -3.77247 3.14542
v 0.29224 -3.76781 3.14511
v 0.29396 -3.76309 3.14575
v 0.29535 -3.75848 3.14733
v 0.29638 -3.75416 3.14978
v 0.29700 -3.75031 3.15301
v 0.29718 -3.74707 3.15690
v 0.29692 -3.74455 3.16129
v 0.29623 -3.74287 3.16602
v 0.29514 -3.74208 3.17090
v 0.29368 -3.74221 3.17575
v 0.29192 -3.74326 3.18038
v 0.28991 -3.74519 3.18462
v 0.28775 -3.74793 3.18829
v 0.28551 -3.75136 3.19127
v 0.28327 -3.75537 3.19343
v 0.28113 -3.75978 3.19469
v 0.28342 -3.76521 3.16940
v 0.41848 -3.82114 3.25394
v 0.41557 -3.82915 3.25285
v 0.41320 -3.83696 3.25017
v 0.41146 -3.84427 3.24602
v 0.41042 -3.85081 3.24054
v 0.41011 -3.85631 3.23395
v 0.41055 -3.86057 3.22651
v 0.41172 -3.86342 3.21849
v 0.41357 -3.86476 3.21022
v 0.41604 -3.86454 3.20199
v 0.41903 -3.86275 3.19414
v 0.42242 -3.85948 3.18696
v 0.42609 -3.85484 3.18073
v 0.42989 -3.84902 3.17569
v 0.43367 -3.84224 3.17203
v 0.43730 -3.83475 3.16989
v 0.44064 -3.82686 3.16936
v 0.44354 -3.81885 3.17045
v 0.44591 -3.81104 3.17313
v 0.44765 -3.80373 3.17729
v 0.44869 -3.79719 3.18276
v 0.44900 -3.79169 3.18935
v 0.44856 -3.78743 3.19679
v 0.44740 -3.78458 3.20481
v 0.44554 -3.78324 3.21309
v 0.44307 -3.78346 3.22131
v 0.44008 -3.78525 3.22916
v 0.43669 -3.78852 3.23634
v 0.43302 -3.79316 3.24257
v 0.42922 -3.79898 3.24761
v 0.42544 -3.80576 3.25127
v 0.42181 -3.81325 3.25341
v 0.41716 -3.82052 3.25097
v 0.41442 -3.82808 3.24994
v 0.41219 -3.83544 3.24742
v 0.41055 -3.84234 3.24350
v 0.40956 -3.84850 3.23833
v 0.40927 -3.85369 3.23212
v 0.40968 -3.85770 3.22510
v 0.41079 -3.86040 3.21754
v 0.41254 -3.86166 3.20974
v 0.41486 -3.86145 3.20198
v 0.41768 -3.85976 3.19458
v 0.42088 -3.85668 3.18781
v 0.42434 -3.85230 3.18193
v 0.42792 -3.84681 3.17718
v 0.43150 -3.84042 3.17373
v 0.43492 -3.83336 3.17171
v 0.43806 -3.82591 3.17121
v 0.44080 -3.81836 3.17224
v 0.44303 -3.81099 3.17476
v 0.44467 -3.80410 3.17868
v 0.44566 -3.79794 3.18385
v 0.44595 -3.79275 3.19006
v 0.44554 -3.78873 3.19708
v 0.44444 -3.78604 3.20464
v 0.44269 -3.78478 3.21244
v 0.44036 -3.78499 3.22020
v 0.43754 -3.78667 3.22760
v 0.43434 -3.78976 3.23437
v 0.43088 -3.79413 3.24025
v 0.42730 -3.79962 3.24500
v 0.42373 -3.80602 3.24845
v 0.42030 -3.81308 3.25047
v 0.41451 -3.81946 3.25020
v 0.41177 -3.82701 3.24917
v 0.40954 -3.83437 3.24665
v 0.40790 -3.84127 3.24273
v 0.40691 -3.84743 3.23757
v 0.40662 -3.85262 3.23135
v 0.40703 -3.85664 3.22433
v 0.40814 -3.85933 3.21678
v 0.40989 -3.86059 3.20897
v 0.41221 -3.86038 3.20121
v 0.41503 -3.85870 3.19381
v 0.41823 -3.85561 3.18704
v 0.42169 -3.85124 3.18117
v 0.42527 -3.84575 3.17641
v 0.42885 -3.83935 3.17296
v 0.43227 -3.83229 3.17094
v 0.43541 -3.82484 3.17044
v 0.43815 -3.81729 3.17147
v 0.44038 -3.80993 3.17400
v 0.44202 -3.80303 3.17792
v 0.44301 -3.79687 3.18308
v 0.44330 -3.79168 3.18929
v 0.44289 -3.78767 3.19631
v 0.44178 -3.78497 3.20387
v 0.44004 -3.78371 3.21168
v 0.43771 -3.78392 3.21943
v 0.43489 -3.78560 3.22684
v 0.43169 -3.78869 3.23361
v 0.42823 -3.79306 3.23948
v 0.42465 -3.79855 3.24424
v 0.42108 -3.80495 3.24769
v 0.41765 -3.81201 3.24970
v 0.39488 -3.81165 3.24702
v 0.39198 -3.81964 3.24593
v 0.38962 -3.82743 3.24326
v 0.38788 -3.83473 3.23911
v 0.38684 -3.84124 3.23365
v 0.38653 -3.84673 3.22707
v 0.38697 -3.85098 3.21965
v 0.38814 -3.85383 3.21165
v 0.38999 -3.85517 3.20339
v 0.39245 -3.85495 3.19518
v 0.39543 -3.85317 3.18735
v 0.39882 -3.84990 3.18019
v 0.40247 -3.84527 3.17397
v 0.40627 -3.83946 3.16894
v 0.41005 -3.83269 3.16529
v 0.41367 -3.82523 3.16316
v 0.41699 -3.81735 3.16263
v 0.41989 -3.80936 3.16372
v 0.42225 -3.80156 3.16639
v 0.42399 -3.79427 3.17053
v 0.42503 -3.78775 3.17600
v 0.42534 -3.78226 3.18257
v 0.42490 -3.77801 3.19000
v 0.42374 -3.77516 3.19800
v 0.42189 -3.77382 3.20625
v 0.41942 -3.77405 3.21446
v 0.41644 -3.77583 3.22229
v 0.41306 -3.77910 3.22946
v 0.40940 -3.78372 3.23567
v 0.40560 -3.78953 3.24070
v 0.40183 -3.79630 3.24435
v 0.39820 -3.80377 3.24649
v 0.42693 -3.77910 3.19071
v 0.42736 -3.78332 3.18333
v 0.42706 -3.78878 3.17680
v 0.42602 -3.79526 3.17136
v 0.42430 -3.80251 3.16724
v 0.42195 -3.81025 3.16459
v 0.41907 -3.81819 3.16351
v 0.41576 -3.82602 3.16403
v 0.41216 -3.83344 3.16615
v 0.40841 -3.84017 3.16978
v 0.40464 -3.84594 3.17478
v 0.40100 -3.85054 3.18096
v 0.39764 -3.85379 3.18808
v 0.39467 -3.85556 3.19586
v 0.39223 -3.85578 3.20402
v 0.39039 -3.85445 3.21223
v 0.38923 -3.85162 3.22017
v 0.38879 -3.84740 3.22756
v 0.38910 -3.84194 3.23409
v 0.39014 -3.83546 3.23952
v 0.39186 -3.82821 3.24364
v 0.39421 -3.82047 3.24629
v 0.39709 -3.81253 3.24738
v 0.40039 -3.80470 3.24685
v 0.40399 -3.79727 3.24473
v 0.40775 -3.79055 3.24110
v 0.41152 -3.78477 3.23610
v 0.41515 -3.78018 3.22992
v 0.41852 -3.77693 3.22281
v 0.42148 -3.77516 3.21502
v 0.42393 -3.77494 3.20687
v 0.42577 -3.77627 3.19866
v 0.42053 -3.77657 3.19776
v 0.42163 -3.77925 3.19023
v 0.42204 -3.78325 3.18323
v 0.42175 -3.78843 3.17704
v 0.42077 -3.79457 3.17189
v 0.41914 -3.80144 3.16799
v 0.41691 -3.80878 3.16547
v 0.41418 -3.81631 3.16444
v 0.41105 -3.82373 3.16494
v 0.40764 -3.83077 3.16695
v 0.40407 -3.83714 3.17039
v 0.40050 -3.84262 3.17513
v 0.39706 -3.84697 3.18099
v 0.39387 -3.85005 3.18773
v 0.39106 -3.85173 3.19511
v 0.38874 -3.85194 3.20284
v 0.38699 -3.85068 3.21062
v 0.38590 -3.84800 3.21816
v 0.38548 -3.84399 3.22516
v 0.38577 -3.83882 3.23135
v 0.38676 -3.83268 3.23650
v 0.38839 -3.82581 3.24040
v 0.39062 -3.81847 3.24292
v 0.39335 -3.81094 3.24394
v 0.39648 -3.80352 3.24344
v 0.39989 -3.79648 3.24144
v 0.40345 -3.79010 3.23800
v 0.40702 -3.78463 3.23326
v 0.41047 -3.78027 3.22740
v 0.41366 -3.77720 3.22065
v 0.41647 -3.77552 3.21327
v 0.41879 -3.77531 3.20554
v 0.43213 -3.79392 3.24127
v 0.43567 -3.78945 3.23526
v 0.43894 -3.78629 3.22833
v 0.44183 -3.78457 3.22075
v 0.44421 -3.78435 3.21281
v 0.44600 -3.78564 3.20483
v 0.44713 -3.78840 3.19709
v 0.44755 -3.79251 3.18991
v 0.44725 -3.79782 3.18355
v 0.44624 -3.80412 3.17826
v 0.44457 -3.81118 3.17425
v 0.44228 -3.81872 3.17167
v 0.43948 -3.82644 3.17061
v 0.43626 -3.83407 3.17113
v 0.43276 -3.84129 3.17319
v 0.42910 -3.84784 3.17672
v 0.42543 -3.85346 3.18159
v 0.42190 -3.85793 3.18760
v 0.41862 -3.86109 3.19453
v 0.41574 -3.86281 3.20211
v 0.41335 -3.86303 3.21004
v 0.41156 -3.86174 3.21803
v 0.41044 -3.85898 3.22577
v 0.41001 -3.85487 3.23295
v 0.41031 -3.84956 3.23931
v 0.41132 -3.84325 3.24459
v 0.41300 -3.83620 3.24861
v 0.41528 -3.82866 3.25119
v 0.41809 -3.82093 3.25224
v 0.42130 -3.81331 3.25173
v 0.42481 -3.80609 3.24967
v 0.42846 -3.79954 3.24613
v 0.42959 -3.79374 3.23975
v 0.43303 -3.78939 3.23390
v 0.43621 -3.78632 3.22716
v 0.43902 -3.78464 3.21979
v 0.44134 -3.78443 3.21207
v 0.44308 -3.78569 3.20430
v 0.44418 -3.78837 3.19677
v 0.44459 -3.79237 3.18978
v 0.44430 -3.79754 3.18360
v 0.44332 -3.80367 3.17846
v 0.44168 -3.81053 3.17455
v 0.43946 -3.81787 3.17204
v 0.43673 -3.82538 3.17101
v 0.43360 -3.83280 3.17151
v 0.43020 -3.83983 3.17352
v 0.42664 -3.84619 3.17696
v 0.42307 -3.85166 3.18169
v 0.41963 -3.85601 3.18754
v 0.41644 -3.85909 3.19428
v 0.41364 -3.86076 3.20165
v 0.41132 -3.86097 3.20937
v 0.40958 -3.85972 3.21714
v 0.40848 -3.85704 3.22467
v 0.40807 -3.85304 3.23166
v 0.40836 -3.84787 3.23784
v 0.40934 -3.84174 3.24298
v 0.41098 -3.83487 3.24689
v 0.41320 -3.82754 3.24940
v 0.41593 -3.82002 3.25042
v 0.41905 -3.81261 3.24992
v 0.42246 -3.80558 3.24792
v 0.42602 -3.79921 3.24448
v 0.39490 -3.94082 3.23531
v 0.39162 -3.93281 3.25779
v 0.39039 -3.92085 3.27868
v 0.39126 -3.90541 3.29717
v 0.39419 -3.88708 3.31253
v 0.39907 -3.86657 3.32420
v 0.40572 -3.84465 3.33170
v 0.41387 -3.82219 3.33477
v 0.42322 -3.80002 3.33328
v 0.43340 -3.77902 3.32728
v 0.44403 -3.75999 3.31701
v 0.45469 -3.74365 3.30286
v 0.46498 -3.73064 3.28538
v 0.47450 -3.72145 3.26524
v 0.48289 -3.71645 3.24321
v 0.48981 -3.71581 3.22014
v 0.49502 -3.71957 3.19691
v 0.49830 -3.72759 3.17442
v 0.49953 -3.73954 3.15353
v 0.49866 -3.75498 3.13505
v 0.49573 -3.77331 3.11968
v 0.49085 -3.79383 3.10802
v 0.48420 -3.81574 3.10051
v 0.47605 -3.83821 3.09744
v 0.46670 -3.86037 3.09894
v 0.45652 -3.88137 3.10493
v 0.44589 -3.90041 3.11520
v 0.43523 -3.91674 3.12935
v 0.42494 -3.92976 3.14683
v 0.41542 -3.93894 3.16697
v 0.40703 -3.94395 3.18900
v 0.40010 -3.94458 3.21208
v 0.39734 -3.93898 3.23528
v 0.39413 -3.93114 3.25729
v 0.39293 -3.91944 3.27773
v 0.39378 -3.90434 3.29581
v 0.39665 -3.88640 3.31085
v 0.40142 -3.86633 3.32226
v 0.40793 -3.84489 3.32960
v 0.41590 -3.82291 3.33260
v 0.42505 -3.80122 3.33114
v 0.43501 -3.78068 3.32527
v 0.44541 -3.76205 3.31523
v 0.45584 -3.74607 3.30138
v 0.46591 -3.73334 3.28428
v 0.47523 -3.72435 3.26457
v 0.48343 -3.71945 3.24302
v 0.49021 -3.71883 3.22044
v 0.49530 -3.72251 3.19772
v 0.49851 -3.73035 3.17571
v 0.49971 -3.74205 3.15528
v 0.49886 -3.75715 3.13719
v 0.49600 -3.77509 3.12216
v 0.49122 -3.79516 3.11074
v 0.48472 -3.81660 3.10340
v 0.47674 -3.83859 3.10040
v 0.46760 -3.86027 3.10186
v 0.45763 -3.88082 3.10773
v 0.44723 -3.89944 3.11777
v 0.43680 -3.91542 3.13162
v 0.42673 -3.92815 3.14872
v 0.41742 -3.93714 3.16843
v 0.40921 -3.94204 3.18998
v 0.40244 -3.94266 3.21256
# 802 verticies
vt 0.29027 0.71415
vt 0.27298 0.73175
vt 0.26949 0.72759
vt 0.26687 0.72283
vt 0.26521 0.71764
vt 0.26460 0.71222
vt 0.26504 0.70677
vt 0.26654 0.70149
vt 0.26903 0.69660
vt 0.27244 0.69227
vt 0.27663 0.68868
vt 0.28144 0.68596
vt 0.28670 0.68424
vt 0.29220 0.68358
vt 0.29773 0.68401
vt 0.30307 0.68552
vt 0.30800 0.68806
vt 0.31233 0.69153
vt 0.31590 0.69579
vt 0.31854 0.70066
vt 0.32017 0.70597
vt 0.32073 0.71149
vt 0.32019 0.71701
vt 0.31858 0.72231
vt 0.31597 0.72718
vt 0.31247 0.73145
vt 0.30821 0.73495
vt 0.30337 0.73755
vt 0.29813 0.73916
vt 0.29269 0.73973
vt 0.28726 0.73922
vt 0.28204 0.73768
vt 0.27722 0.73516
vt 0.25970 0.73425
vt 0.25594 0.72744
vt 0.25355 0.72002
vt 0.25264 0.71227
vt 0.25325 0.70447
vt 0.25536 0.69690
vt 0.25890 0.68987
vt 0.26375 0.68363
vt 0.26974 0.67844
vt 0.27665 0.67450
vt 0.28421 0.67199
vt 0.29213 0.67101
vt 0.30011 0.67161
vt 0.30782 0.67378
vt 0.31496 0.67745
vt 0.32122 0.68245
vt 0.32636 0.68861
vt 0.33018 0.69567
vt 0.33252 0.70333
vt 0.33329 0.71130
vt 0.33248 0.71924
vt 0.33013 0.72686
vt 0.32634 0.73385
vt 0.32128 0.73996
vt 0.31515 0.74494
vt 0.30819 0.74863
vt 0.30067 0.75090
vt 0.29288 0.75167
vt 0.28511 0.75092
vt 0.27764 0.74870
vt 0.27076 0.74508
vt 0.26470 0.74020
vt 0.21108 0.76777
vt 0.17312 0.79420
vt 0.15930 0.76988
vt 0.20166 0.75101
vt 0.15022 0.74332
vt 0.19556 0.73272
vt 0.14625 0.71539
vt 0.19303 0.71353
vt 0.14758 0.68702
vt 0.19418 0.69412
vt 0.15428 0.65919
vt 0.19904 0.67517
vt 0.16623 0.63289
vt 0.20749 0.65737
vt 0.18317 0.60910
vt 0.21930 0.64142
vt 0.20460 0.58878
vt 0.23408 0.62794
vt 0.22988 0.57282
vt 0.25133 0.61752
vt 0.25815 0.56202
vt 0.27045 0.61064
vt 0.28836 0.55703
vt 0.29069 0.60767
vt 0.31928 0.55827
vt 0.31125 0.60882
vt 0.34953 0.56594
vt 0.33124 0.61412
vt 0.37767 0.57983
vt 0.34981 0.62342
vt 0.40234 0.59937
vt 0.36611 0.63635
vt 0.42242 0.62359
vt 0.37944 0.65233
vt 0.43696 0.65140
vt 0.38920 0.67066
vt 0.44532 0.68146
vt 0.39501 0.69054
vt 0.44728 0.71234
vt 0.39667 0.71109
vt 0.44299 0.74266
vt 0.39419 0.73142
vt 0.43285 0.77117
vt 0.38777 0.75073
vt 0.41748 0.79681
vt 0.37775 0.76825
vt 0.39767 0.81871
vt 0.36461 0.78336
vt 0.37429 0.83618
vt 0.34892 0.79554
vt 0.34828 0.84874
vt 0.33132 0.80441
vt 0.32062 0.85608
vt 0.31247 0.80971
vt 0.29230 0.85808
vt 0.29308 0.81132
vt 0.26429 0.85475
vt 0.27384 0.80922
vt 0.23753 0.84630
vt 0.25541 0.80354
vt 0.21290 0.83306
vt 0.23843 0.79450
vt 0.19119 0.81549
vt 0.22348 0.78244
vt 0.14021 0.81727
vt 0.12258 0.78650
vt 0.11087 0.75288
vt 0.10553 0.71747
vt 0.10686 0.68141
vt 0.11496 0.64589
vt 0.12974 0.61214
vt 0.15090 0.58140
vt 0.17793 0.55489
vt 0.21008 0.53378
vt 0.24634 0.51916
vt 0.28543 0.51198
vt 0.32578 0.51296
vt 0.36552 0.52254
vt 0.40253 0.54060
vt 0.43480 0.56630
vt 0.46113 0.59800
vt 0.47996 0.63459
vt 0.49039 0.67407
vt 0.49228 0.71434
vt 0.48598 0.75353
vt 0.47222 0.79007
vt 0.45188 0.82265
vt 0.42604 0.85026
vt 0.39583 0.87211
vt 0.36247 0.88766
vt 0.32718 0.89659
vt 0.29119 0.89877
vt 0.25568 0.89428
vt 0.22181 0.88338
vt 0.19063 0.86650
vt 0.16314 0.84422
vt 0.11381 0.83588
vt 0.09312 0.80000
vt 0.07927 0.76078
vt 0.07278 0.71943
vt 0.07401 0.67723
vt 0.08311 0.63554
vt 0.10001 0.59578
vt 0.12443 0.55937
vt 0.15582 0.52774
vt 0.19339 0.50228
vt 0.23604 0.48430
vt 0.28238 0.47503
vt 0.33062 0.47548
vt 0.37851 0.48641
vt 0.42314 0.50802
vt 0.46140 0.53914
vt 0.49330 0.57683
vt 0.51575 0.62096
vt 0.52766 0.66850
vt 0.52916 0.71660
vt 0.52094 0.76303
vt 0.50398 0.80599
vt 0.47945 0.84407
vt 0.44862 0.87613
vt 0.41285 0.90137
vt 0.37356 0.91919
vt 0.33216 0.92927
vt 0.29004 0.93152
vt 0.24857 0.92604
vt 0.20905 0.91315
vt 0.17270 0.89335
vt 0.14062 0.86732
vt 0.10664 0.84093
vt 0.08513 0.80368
vt 0.07069 0.76295
vt 0.06388 0.71999
vt 0.06508 0.67612
vt 0.07443 0.63277
vt 0.09190 0.59137
vt 0.11718 0.55342
vt 0.14974 0.52038
vt 0.18876 0.49370
vt 0.23314 0.47477
vt 0.28147 0.46485
vt 0.33191 0.46505
vt 0.38214 0.47622
vt 0.42901 0.49874
vt 0.46848 0.53189
vt 0.50245 0.57080
vt 0.52583 0.61713
vt 0.53803 0.66699
vt 0.53933 0.71729
vt 0.53052 0.76571
vt 0.51265 0.81042
vt 0.48694 0.84997
vt 0.45473 0.88323
vt 0.41744 0.90937
vt 0.37653 0.92779
vt 0.33347 0.93817
vt 0.28969 0.94042
vt 0.24662 0.93466
vt 0.20557 0.92122
vt 0.16782 0.90063
vt 0.13450 0.87358
vt 0.10349 0.84315
vt 0.10085 0.84502
vt 0.07866 0.80665
vt 0.08162 0.80529
vt 0.06375 0.76470
vt 0.06692 0.76390
vt 0.05669 0.72044
vt 0.05997 0.72023
vt 0.05785 0.67523
vt 0.06115 0.67564
vt 0.06741 0.63052
vt 0.07062 0.63155
vt 0.08533 0.58780
vt 0.08833 0.58943
vt 0.11131 0.54858
vt 0.11399 0.55079
vt 0.14481 0.51440
vt 0.14706 0.51713
vt 0.18502 0.48673
vt 0.18673 0.48992
vt 0.23082 0.46700
vt 0.23188 0.47055
vt 0.28077 0.45652
vt 0.28109 0.46033
vt 0.33307 0.45643
vt 0.33253 0.46038
vt 0.38530 0.46761
vt 0.38384 0.47157
vt 0.43404 0.49063
vt 0.43172 0.49438
vt 0.47379 0.52638
vt 0.47140 0.52887
vt 0.51045 0.56569
vt 0.50675 0.56804
vt 0.53435 0.61382
vt 0.53044 0.61535
vt 0.54659 0.66565
vt 0.54267 0.66627
vt 0.54765 0.71780
vt 0.54384 0.71757
vt 0.53832 0.76786
vt 0.53475 0.76688
vt 0.51969 0.81399
vt 0.51647 0.81236
vt 0.49302 0.85475
vt 0.49024 0.85256
vt 0.45969 0.88898
vt 0.45742 0.88635
vt 0.42117 0.91584
vt 0.41947 0.91288
vt 0.37895 0.93474
vt 0.37784 0.93156
vt 0.33453 0.94536
vt 0.33405 0.94208
vt 0.28942 0.94761
vt 0.28954 0.94433
vt 0.24504 0.94163
vt 0.24576 0.93845
vt 0.20276 0.92775
vt 0.20405 0.92477
vt 0.16387 0.90652
vt 0.16568 0.90383
vt 0.12955 0.87865
vt 0.13181 0.87634
vt 0.87048 0.05684
vt 0.84600 0.09256
vt 0.81100 0.07292
vt 0.82883 0.03326
vt 0.77285 0.05977
vt 0.78342 0.01727
vt 0.73263 0.05360
vt 0.73548 0.00946
vt 0.69152 0.05476
vt 0.68636 0.01026
vt 0.65073 0.06344
vt 0.63743 0.01992
vt 0.61156 0.07963
vt 0.59018 0.03849
vt 0.57531 0.10318
vt 0.54612 0.06584
vt 0.54335 0.13371
vt 0.50682 0.10165
vt 0.51704 0.17062
vt 0.47388 0.14534
vt 0.49776 0.21308
vt 0.44894 0.19611
vt 0.48687 0.25994
vt 0.43371 0.25287
vt 0.48571 0.30968
vt 0.43002 0.31419
vt 0.49554 0.36016
vt 0.43992 0.37814
vt 0.51725 0.40822
vt 0.46597 0.44200
vt 0.55040 0.44836
vt 0.50995 0.48948
vt 0.59098 0.48091
vt 0.55813 0.53264
vt 0.63926 0.50201
vt 0.62217 0.55779
vt 0.68980 0.51122
vt 0.68612 0.56686
vt 0.73947 0.50948
vt 0.74729 0.56244
vt 0.78616 0.49805
vt 0.80378 0.54656
vt 0.82836 0.47830
vt 0.85419 0.52106
vt 0.86494 0.45159
vt 0.89745 0.48764
vt 0.89508 0.41931
vt 0.93277 0.44797
vt 0.91821 0.38283
vt 0.95960 0.40364
vt 0.93396 0.34350
vt 0.97762 0.35621
vt 0.94217 0.30264
vt 0.98671 0.30721
vt 0.94288 0.26153
vt 0.98695 0.25810
vt 0.93627 0.22140
vt 0.97861 0.21028
vt 0.92270 0.18340
vt 0.96212 0.16506
vt 0.90268 0.14862
vt 0.93808 0.12369
vt 0.87686 0.11805
vt 0.90723 0.08727
vt 0.82533 0.12279
vt 0.79605 0.10652
vt 0.76415 0.09575
vt 0.73057 0.09090
vt 0.69633 0.09226
vt 0.66249 0.09994
vt 0.63016 0.11393
vt 0.60047 0.13402
vt 0.57458 0.15982
vt 0.55362 0.19074
vt 0.53870 0.22595
vt 0.53087 0.26435
vt 0.53106 0.30450
vt 0.53997 0.34455
vt 0.55782 0.38210
vt 0.58397 0.41441
vt 0.61663 0.44011
vt 0.65438 0.45746
vt 0.69450 0.46585
vt 0.73462 0.46555
vt 0.77289 0.45727
vt 0.80789 0.44194
vt 0.83854 0.42064
vt 0.86401 0.39447
vt 0.88374 0.36457
vt 0.89735 0.33210
vt 0.90465 0.29819
vt 0.90561 0.26395
vt 0.90038 0.23044
vt 0.88926 0.19867
vt 0.87265 0.16958
vt 0.85112 0.14404
vt 0.80750 0.14897
vt 0.78326 0.13561
vt 0.75686 0.12689
vt 0.72911 0.12313
vt 0.70088 0.12455
vt 0.67309 0.13125
vt 0.64668 0.14315
vt 0.62260 0.16006
vt 0.60182 0.18157
vt 0.58525 0.20713
vt 0.57377 0.23597
vt 0.56815 0.26709
vt 0.56901 0.29926
vt 0.57671 0.33098
vt 0.59123 0.36051
vt 0.61200 0.38613
vt 0.63792 0.40653
vt 0.66764 0.42063
vt 0.69943 0.42789
vt 0.73157 0.42831
vt 0.76259 0.42230
vt 0.79125 0.41046
vt 0.81657 0.39358
vt 0.83780 0.37255
vt 0.85439 0.34829
vt 0.86597 0.32175
vt 0.87232 0.29390
vt 0.87340 0.26567
vt 0.86931 0.23798
vt 0.86026 0.21169
vt 0.84662 0.18761
vt 0.82884 0.16649
vt 0.79173 0.17226
vt 0.77204 0.16151
vt 0.75061 0.15458
vt 0.72811 0.15172
vt 0.70529 0.15312
vt 0.68291 0.15881
vt 0.66174 0.16873
vt 0.64259 0.18264
vt 0.62621 0.20020
vt 0.61334 0.22089
vt 0.60464 0.24402
vt 0.60065 0.26877
vt 0.60178 0.29411
vt 0.60820 0.31889
vt 0.61979 0.34187
vt 0.63609 0.36185
vt 0.65632 0.37783
vt 0.67947 0.38906
vt 0.70432 0.39509
vt 0.72964 0.39584
vt 0.75429 0.39150
vt 0.77728 0.38248
vt 0.79776 0.36934
vt 0.81507 0.35274
vt 0.82871 0.33342
vt 0.83833 0.31215
vt 0.84372 0.28971
vt 0.84481 0.26688
vt 0.84167 0.24444
vt 0.83445 0.22311
vt 0.82345 0.20356
vt 0.80906 0.18643
vt 0.77748 0.19347
vt 0.76200 0.18511
vt 0.74516 0.17978
vt 0.72752 0.17770
vt 0.70968 0.17899
vt 0.69224 0.18366
vt 0.67583 0.19162
vt 0.66109 0.20269
vt 0.64859 0.21652
vt 0.63890 0.23270
vt 0.63250 0.25064
vt 0.62975 0.26968
vt 0.63090 0.28904
vt 0.63602 0.30784
vt 0.64497 0.32523
vt 0.65739 0.34035
vt 0.67273 0.35251
vt 0.69025 0.36115
vt 0.70912 0.36594
vt 0.72846 0.36677
vt 0.74743 0.36372
vt 0.76524 0.35704
vt 0.78124 0.34711
vt 0.79487 0.33443
vt 0.80570 0.31954
vt 0.81341 0.30304
vt 0.81782 0.28555
vt 0.81884 0.26770
vt 0.81651 0.25010
vt 0.81094 0.23335
vt 0.80237 0.21800
vt 0.79108 0.20456
vt 0.76436 0.21318
vt 0.75288 0.20704
vt 0.74039 0.20318
vt 0.72734 0.20176
vt 0.71416 0.20286
vt 0.70134 0.20647
vt 0.68934 0.21251
vt 0.67862 0.22080
vt 0.66962 0.23109
vt 0.66273 0.24301
vt 0.65826 0.25615
vt 0.65646 0.26998
vt 0.65747 0.28395
vt 0.66130 0.29746
vt 0.66782 0.30992
vt 0.67678 0.32075
vt 0.68778 0.32950
vt 0.70035 0.33577
vt 0.71391 0.33934
vt 0.72787 0.34008
vt 0.74165 0.33804
vt 0.75467 0.33335
vt 0.76646 0.32626
vt 0.77657 0.31710
vt 0.78467 0.30627
vt 0.79051 0.29418
vt 0.79390 0.28132
vt 0.79479 0.26814
vt 0.79316 0.25512
vt 0.78911 0.24270
vt 0.78280 0.23132
vt 0.77445 0.22137
vt 0.75221 0.23171
vt 0.74459 0.22769
vt 0.73631 0.22520
vt 0.72766 0.22435
vt 0.71897 0.22518
vt 0.71053 0.22768
vt 0.70268 0.23177
vt 0.69572 0.23733
vt 0.68992 0.24417
vt 0.68553 0.25203
vt 0.68273 0.26062
vt 0.68168 0.26962
vt 0.68243 0.27865
vt 0.68497 0.28734
vt 0.68921 0.29533
vt 0.69499 0.30229
vt 0.70206 0.30792
vt 0.71013 0.31199
vt 0.71886 0.31434
vt 0.72789 0.31490
vt 0.73684 0.31366
vt 0.74536 0.31070
vt 0.75311 0.30617
vt 0.75982 0.30025
vt 0.76524 0.29319
vt 0.76918 0.28528
vt 0.77153 0.27682
vt 0.77220 0.26812
vt 0.77120 0.25949
vt 0.76857 0.25126
vt 0.76442 0.24372
vt 0.75890 0.23712
vt 0.74135 0.24888
vt 0.73754 0.24690
vt 0.73340 0.24570
vt 0.72908 0.24533
vt 0.72475 0.24580
vt 0.72058 0.24712
vt 0.71671 0.24922
vt 0.71330 0.25203
vt 0.71048 0.25546
vt 0.70837 0.25937
vt 0.70705 0.26360
vt 0.70658 0.26801
vt 0.70698 0.27241
vt 0.70824 0.27663
vt 0.71031 0.28049
vt 0.71312 0.28386
vt 0.71654 0.28658
vt 0.72045 0.28856
vt 0.72468 0.28972
vt 0.72907 0.29002
vt 0.73345 0.28945
vt 0.73765 0.28804
vt 0.74150 0.28585
vt 0.74485 0.28296
vt 0.74759 0.27950
vt 0.74961 0.27559
vt 0.75083 0.27139
vt 0.75122 0.26706
vt 0.75077 0.26275
vt 0.74950 0.25863
vt 0.74744 0.25486
vt 0.74470 0.25157
vt 0.73636 0.26019
vt 0.21795 0.74384
vt 0.22569 0.75766
vt 0.21298 0.72877
vt 0.21095 0.71298
vt 0.21198 0.69702
vt 0.21607 0.68147
vt 0.22310 0.66691
vt 0.23287 0.65390
vt 0.24506 0.64296
vt 0.25923 0.63454
vt 0.27487 0.62904
vt 0.29138 0.62673
vt 0.30810 0.62776
vt 0.32433 0.63214
vt 0.33937 0.63973
vt 0.35259 0.65023
vt 0.36340 0.66319
vt 0.37136 0.67805
vt 0.37614 0.69418
vt 0.37757 0.71088
vt 0.37566 0.72745
vt 0.37053 0.74324
vt 0.36245 0.75761
vt 0.35179 0.77006
vt 0.33901 0.78014
vt 0.32461 0.78752
vt 0.30916 0.79197
vt 0.29322 0.79337
vt 0.27738 0.79171
vt 0.26220 0.78708
vt 0.24821 0.77967
vt 0.23589 0.76974
vt 0.22095 0.74254
vt 0.22837 0.75581
vt 0.21618 0.72807
vt 0.21425 0.71290
vt 0.21526 0.69759
vt 0.21920 0.68267
vt 0.22596 0.66871
vt 0.23535 0.65625
vt 0.24705 0.64577
vt 0.26065 0.63773
vt 0.27565 0.63248
vt 0.29146 0.63029
vt 0.30747 0.63129
vt 0.32300 0.63551
vt 0.33740 0.64278
vt 0.35005 0.65283
vt 0.36041 0.66524
vt 0.36803 0.67946
vt 0.37262 0.69490
vt 0.37401 0.71089
vt 0.37220 0.72677
vt 0.36731 0.74189
vt 0.35959 0.75569
vt 0.34939 0.76764
vt 0.33714 0.77732
vt 0.32334 0.78442
vt 0.30851 0.78870
vt 0.29322 0.79006
vt 0.27802 0.78849
vt 0.26344 0.78405
vt 0.25000 0.77694
vt 0.23817 0.76741
vt 0.23084 0.75411
vt 0.22371 0.74135
vt 0.22610 0.74031
vt 0.23298 0.75264
vt 0.21913 0.72743
vt 0.22168 0.72687
vt 0.21728 0.71284
vt 0.21991 0.71279
vt 0.21826 0.69811
vt 0.22087 0.69858
vt 0.22206 0.68378
vt 0.22455 0.68475
vt 0.22858 0.67037
vt 0.23085 0.67182
vt 0.23762 0.65841
vt 0.23958 0.66029
vt 0.24887 0.64836
vt 0.25045 0.65061
vt 0.26194 0.64066
vt 0.26305 0.64320
vt 0.27634 0.63564
vt 0.27694 0.63839
vt 0.29153 0.63356
vt 0.29158 0.63640
vt 0.30689 0.63454
vt 0.30637 0.63736
vt 0.32178 0.63859
vt 0.32072 0.64128
vt 0.33559 0.64558
vt 0.33401 0.64802
vt 0.34772 0.65522
vt 0.34569 0.65730
vt 0.35765 0.66711
vt 0.35526 0.66875
vt 0.36497 0.68075
vt 0.36232 0.68189
vt 0.36939 0.69556
vt 0.36658 0.69614
vt 0.37074 0.71090
vt 0.36790 0.71092
vt 0.36903 0.72614
vt 0.36627 0.72561
vt 0.36435 0.74067
vt 0.36178 0.73962
vt 0.35696 0.75393
vt 0.35467 0.75241
vt 0.34718 0.76542
vt 0.34525 0.76350
vt 0.33542 0.77474
vt 0.33392 0.77251
vt 0.32217 0.78158
vt 0.32114 0.77912
vt 0.30792 0.78571
vt 0.30740 0.78312
vt 0.29322 0.78703
vt 0.29321 0.78441
vt 0.27859 0.78553
vt 0.27909 0.78296
vt 0.26457 0.78127
vt 0.26555 0.77886
vt 0.25164 0.77443
vt 0.25306 0.77226
vt 0.24027 0.76527
vt 0.24208 0.76342
vt 0.23518 0.75113
vt 0.22855 0.73925
vt 0.25067 0.72967
vt 0.25498 0.73747
vt 0.22430 0.72630
vt 0.24793 0.72118
vt 0.22261 0.71274
vt 0.24687 0.71230
vt 0.22354 0.69905
vt 0.24755 0.70336
vt 0.22710 0.68574
vt 0.24995 0.69469
vt 0.23318 0.67330
vt 0.25399 0.68662
vt 0.24160 0.66222
vt 0.25954 0.67945
vt 0.25206 0.65293
vt 0.26639 0.67348
vt 0.26420 0.64582
vt 0.27431 0.66894
vt 0.27756 0.64120
vt 0.28299 0.66604
vt 0.29163 0.63931
vt 0.29210 0.66489
vt 0.30584 0.64025
vt 0.30127 0.66557
vt 0.31963 0.64403
vt 0.31014 0.66805
vt 0.33240 0.65051
vt 0.31835 0.67226
vt 0.34361 0.65943
vt 0.32556 0.67802
vt 0.35281 0.67043
vt 0.33147 0.68511
vt 0.35959 0.68305
vt 0.33586 0.69322
vt 0.36370 0.69674
vt 0.33853 0.70204
vt 0.36499 0.71094
vt 0.33941 0.71120
vt 0.36343 0.72506
vt 0.33845 0.72033
vt 0.35914 0.73854
vt 0.33573 0.72908
vt 0.35232 0.75085
vt 0.33137 0.73709
vt 0.34327 0.76154
vt 0.32554 0.74408
vt 0.33238 0.77021
vt 0.31849 0.74978
vt 0.32008 0.77659
vt 0.31051 0.75399
vt 0.30686 0.78046
vt 0.30189 0.75657
vt 0.29319 0.78171
vt 0.29296 0.75744
vt 0.27960 0.78033
vt 0.28406 0.75657
vt 0.26655 0.77638
vt 0.27552 0.75401
vt 0.25452 0.77003
vt 0.26764 0.74986
vt 0.24394 0.76151
vt 0.26071 0.74428
vt 0.25285 0.72875
vt 0.25693 0.73613
vt 0.25026 0.72070
vt 0.24926 0.71229
vt 0.24991 0.70382
vt 0.25219 0.69561
vt 0.25602 0.68797
vt 0.26128 0.68119
vt 0.26778 0.67554
vt 0.27528 0.67126
vt 0.28349 0.66852
vt 0.29211 0.66744
vt 0.30079 0.66809
vt 0.30917 0.67044
vt 0.31693 0.67442
vt 0.32375 0.67987
vt 0.32934 0.68657
vt 0.33349 0.69425
vt 0.33602 0.70259
vt 0.33686 0.71125
vt 0.33596 0.71989
vt 0.33340 0.72816
vt 0.32927 0.73575
vt 0.32376 0.74237
vt 0.31710 0.74778
vt 0.30954 0.75177
vt 0.30138 0.75422
vt 0.29292 0.75505
vt 0.28449 0.75423
vt 0.27639 0.75181
vt 0.26893 0.74788
vt 0.26236 0.74259
vt 0.06403 0.87119
vt 0.03758 0.82581
vt 0.01963 0.77617
vt 0.01084 0.72372
vt 0.01170 0.67003
vt 0.02244 0.61675
vt 0.04306 0.56560
vt 0.07329 0.51835
vt 0.11259 0.47678
vt 0.16010 0.44264
vt 0.21465 0.41769
vt 0.27472 0.40356
vt 0.33838 0.40185
vt 0.40320 0.41410
vt 0.58725 0.59458
vt 0.60090 0.65892
vt 0.60065 0.72243
vt 0.58797 0.78266
vt 0.56437 0.83766
vt 0.53146 0.88588
vt 0.49092 0.92610
vt 0.44450 0.95743
vt 0.39394 0.97927
vt 0.34101 0.99131
vt 0.28742 0.99350
vt 0.23482 0.98604
vt 0.18477 0.96934
vt 0.13875 0.94405
vt 0.09811 0.91100
# 831 texture verticies
vn 0.89605 -0.36051 0.25911
vn 0.91502 -0.39415 0.08591
vn 0.92827 -0.36215 0.08461
vn 0.93974 -0.32988 0.08986
vn 0.94898 -0.29857 0.10146
vn 0.95565 -0.26941 0.11896
vn 0.95948 -0.24354 0.14170
vn 0.96034 -0.22195 0.16878
vn 0.95818 -0.20546 0.19918
vn 0.95309 -0.19471 0.23173
vn 0.94527 -0.19012 0.26517
vn 0.93502 -0.19186 0.29822
vn 0.92272 -0.19985 0.32962
vn 0.90886 -0.21381 0.35814
vn 0.89396 -0.23318 0.38271
vn 0.87860 -0.25723 0.40236
vn 0.86337 -0.28503 0.41636
vn 0.84885 -0.31551 0.42415
vn 0.83560 -0.34750 0.42545
vn 0.82414 -0.37978 0.42020
vn 0.81489 -0.41109 0.40860
vn 0.80822 -0.44025 0.39110
vn 0.80439 -0.46612 0.36837
vn 0.80353 -0.48771 0.34128
vn 0.80569 -0.50420 0.31088
vn 0.81078 -0.51495 0.27833
vn 0.81860 -0.51954 0.24489
vn 0.82886 -0.51780 0.21184
vn 0.84115 -0.50980 0.18045
vn 0.85502 -0.49585 0.15192
vn 0.86991 -0.47648 0.12736
vn 0.88527 -0.45243 0.10770
vn 0.90051 -0.42463 0.09370
vn 0.91114 -0.34068 -0.23186
vn 0.94230 -0.25363 -0.21850
vn 0.96752 -0.16902 -0.18799
vn 0.98583 -0.09009 -0.14150
vn 0.99653 -0.01988 -0.08082
vn 0.99921 0.03892 -0.00828
vn 0.99376 0.08404 0.07334
vn 0.98040 0.11375 0.16089
vn 0.95963 0.12690 0.25101
vn 0.93226 0.12301 0.34024
vn 0.89934 0.10220 0.42515
vn 0.86212 0.06529 0.50247
vn 0.82206 0.01369 0.56924
vn 0.78067 -0.05062 0.62289
vn 0.73956 -0.12516 0.66136
vn 0.70030 -0.20707 0.68316
vn 0.66440 -0.29321 0.68746
vn 0.63324 -0.38025 0.67410
vn 0.60802 -0.46487 0.64359
vn 0.58971 -0.54380 0.59710
vn 0.57901 -0.61401 0.53642
vn 0.57633 -0.67280 0.46388
vn 0.58178 -0.71792 0.38226
vn 0.59514 -0.74763 0.29471
vn 0.61591 -0.76079 0.20459
vn 0.64328 -0.75689 0.11536
vn 0.67620 -0.73609 0.03045
vn 0.71341 -0.69917 -0.04687
vn 0.75348 -0.64757 -0.11364
vn 0.79487 -0.58327 -0.16729
vn 0.83598 -0.50872 -0.20576
vn 0.87524 -0.42681 -0.22756
vn 0.93391 -0.35745 0.00548
vn 0.93095 -0.36504 -0.00901
vn 0.94873 -0.31607 -0.00238
vn 0.95031 -0.31103 0.01338
vn 0.96324 -0.26830 0.01394
vn 0.96348 -0.26606 0.03041
vn 0.97390 -0.22356 0.03931
vn 0.97293 -0.22425 0.05589
vn 0.98031 -0.18358 0.07277
vn 0.97829 -0.18723 0.08886
vn 0.98222 -0.14989 0.11302
vn 0.97936 -0.15642 0.12804
vn 0.97956 -0.12379 0.15852
vn 0.97609 -0.13299 0.17193
vn 0.97244 -0.10628 0.20753
vn 0.96862 -0.11784 0.21884
vn 0.96112 -0.09803 0.25815
vn 0.95722 -0.11157 0.26698
vn 0.94604 -0.09937 0.30845
vn 0.94234 -0.11441 0.31448
vn 0.92778 -0.11023 0.35648
vn 0.92455 -0.12625 0.35953
vn 0.90704 -0.13020 0.40041
vn 0.90454 -0.14663 0.40039
vn 0.88462 -0.15852 0.43855
vn 0.88306 -0.17478 0.43550
vn 0.86138 -0.19409 0.46942
vn 0.86095 -0.20962 0.46350
vn 0.83821 -0.23555 0.49185
vn 0.83905 -0.24979 0.48332
vn 0.81601 -0.28131 0.50497
vn 0.81822 -0.29376 0.49419
vn 0.79562 -0.32960 0.50828
vn 0.79924 -0.33985 0.49570
vn 0.77783 -0.37858 0.50165
vn 0.78285 -0.38627 0.48780
vn 0.76333 -0.42635 0.48534
vn 0.76968 -0.43124 0.47077
vn 0.75267 -0.47109 0.45996
vn 0.76023 -0.47305 0.44529
vn 0.74626 -0.51107 0.42651
vn 0.75487 -0.51007 0.41232
vn 0.74434 -0.54476 0.38625
vn 0.75380 -0.54088 0.37314
vn 0.74700 -0.57086 0.34075
vn 0.75706 -0.56431 0.32925
vn 0.75413 -0.58837 0.29174
vn 0.76454 -0.57946 0.28234
vn 0.76545 -0.59662 0.24112
vn 0.77593 -0.58573 0.23420
vn 0.78053 -0.59528 0.19083
vn 0.79081 -0.58289 0.18670
vn 0.79879 -0.58442 0.14279
vn 0.80860 -0.57105 0.14165
vn 0.81953 -0.56445 0.09886
vn 0.82862 -0.55067 0.10079
vn 0.84195 -0.53613 0.06072
vn 0.85010 -0.52252 0.06568
vn 0.86519 -0.50056 0.02985
vn 0.87221 -0.48768 0.03768
vn 0.88836 -0.45909 0.00742
vn 0.89410 -0.44751 0.01786
vn 0.91056 -0.41334 -0.00570
vn 0.91494 -0.40354 0.00699
vn 0.92982 -0.36675 0.03048
vn 0.94511 -0.32478 0.03602
vn 0.95759 -0.28380 0.04987
vn 0.96678 -0.24540 0.07149
vn 0.97234 -0.21105 0.10006
vn 0.97404 -0.18208 0.13448
vn 0.97183 -0.15959 0.17342
vn 0.96579 -0.14446 0.21538
vn 0.95614 -0.13725 0.25876
vn 0.94326 -0.13826 0.30189
vn 0.92765 -0.14744 0.34311
vn 0.90991 -0.16443 0.38083
vn 0.89071 -0.18859 0.41361
vn 0.87080 -0.21899 0.44018
vn 0.85093 -0.25445 0.45953
vn 0.83188 -0.29362 0.47092
vn 0.81438 -0.33499 0.47389
vn 0.79909 -0.37697 0.46835
vn 0.78661 -0.41794 0.45450
vn 0.77741 -0.45634 0.43288
vn 0.77186 -0.49069 0.40431
vn 0.77015 -0.51966 0.36989
vn 0.77236 -0.54215 0.33095
vn 0.77841 -0.55728 0.28899
vn 0.78805 -0.56449 0.24561
vn 0.80093 -0.56348 0.20248
vn 0.81654 -0.55431 0.16127
vn 0.83429 -0.53731 0.12354
vn 0.85349 -0.51315 0.09076
vn 0.87340 -0.48276 0.06419
vn 0.89326 -0.44729 0.04484
vn 0.91231 -0.40812 0.03345
vn 0.92223 -0.36787 0.11902
vn 0.93178 -0.34184 0.12221
vn 0.93960 -0.31640 0.13057
vn 0.94540 -0.29250 0.14376
vn 0.94895 -0.27108 0.16129
vn 0.95012 -0.25295 0.18247
vn 0.94886 -0.23882 0.20650
vn 0.94521 -0.22922 0.23244
vn 0.93933 -0.22452 0.25931
vn 0.93144 -0.22491 0.28607
vn 0.92183 -0.23037 0.31170
vn 0.91088 -0.24069 0.33520
vn 0.89902 -0.25547 0.35568
vn 0.88668 -0.27415 0.37234
vn 0.87436 -0.29601 0.38455
vn 0.86252 -0.32020 0.39184
vn 0.85161 -0.34580 0.39392
vn 0.84207 -0.37183 0.39073
vn 0.83424 -0.39727 0.38237
vn 0.82845 -0.42117 0.36918
vn 0.82489 -0.44259 0.35166
vn 0.82373 -0.46072 0.33048
vn 0.82499 -0.47485 0.30645
vn 0.82863 -0.48445 0.28050
vn 0.83451 -0.48915 0.25363
vn 0.84240 -0.48876 0.22687
vn 0.85201 -0.48330 0.20125
vn 0.86296 -0.47298 0.17774
vn 0.87483 -0.45820 0.15727
vn 0.88716 -0.43952 0.14061
vn 0.89948 -0.41766 0.12840
vn 0.91133 -0.39347 0.12111
vn 0.91424 -0.36473 0.17648
vn 0.91985 -0.34926 0.17859
vn 0.92443 -0.33417 0.18376
vn 0.92779 -0.32005 0.19179
vn 0.92980 -0.30742 0.20237
vn 0.93040 -0.29679 0.21510
vn 0.92955 -0.28856 0.22948
vn 0.92730 -0.28305 0.24496
vn 0.92371 -0.28046 0.26095
vn 0.91894 -0.28089 0.27684
vn 0.91317 -0.28434 0.29201
vn 0.90662 -0.29066 0.30588
vn 0.89953 -0.29962 0.31791
vn 0.89219 -0.31087 0.32765
vn 0.88487 -0.32398 0.33472
vn 0.87786 -0.33844 0.33885
vn 0.87142 -0.35370 0.33988
vn 0.86581 -0.36917 0.33777
vn 0.86123 -0.38425 0.33260
vn 0.85787 -0.39838 0.32457
vn 0.85586 -0.41100 0.31399
vn 0.85526 -0.42163 0.30127
vn 0.85610 -0.42986 0.28688
vn 0.85836 -0.43538 0.27140
vn 0.86195 -0.43797 0.25541
vn 0.86671 -0.43753 0.23952
vn 0.87249 -0.43409 0.22435
vn 0.87904 -0.42776 0.21048
vn 0.88613 -0.41880 0.19845
vn 0.89347 -0.40755 0.18871
vn 0.90079 -0.39445 0.18164
vn 0.90780 -0.37999 0.17751
vn 0.59688 -0.28391 0.75042
vn 0.02852 -0.04635 0.99852
vn -0.03473 -0.22066 0.97473
vn 0.56130 -0.38522 0.73249
vn -0.08628 -0.39065 0.91649
vn 0.53279 -0.48325 0.69470
vn -0.12415 -0.54980 0.82602
vn 0.51244 -0.57423 0.63848
vn -0.14688 -0.69199 0.70680
vn 0.50104 -0.65467 0.56601
vn -0.15361 -0.81176 0.56342
vn 0.49901 -0.72147 0.48007
vn -0.14407 -0.90451 0.40139
vn 0.50645 -0.77206 0.38397
vn -0.11862 -0.96666 0.22692
vn 0.52306 -0.80451 0.28138
vn -0.07826 -0.99584 0.04674
vn 0.54820 -0.81756 0.17627
vn -0.02452 -0.99091 -0.13225
vn 0.58092 -0.81071 0.07266
vn 0.04053 -0.95208 -0.30316
vn 0.61995 -0.78423 -0.02546
vn 0.11438 -0.88083 -0.45941
vn 0.66379 -0.73913 -0.11432
vn 0.19420 -0.77990 -0.59502
vn 0.71075 -0.67715 -0.19051
vn 0.27692 -0.65316 -0.70476
vn 0.75904 -0.60067 -0.25109
vn 0.35937 -0.50550 -0.78443
vn 0.80680 -0.51263 -0.29374
vn 0.43837 -0.34258 -0.83095
vn 0.85219 -0.41641 -0.31683
vn 0.51089 -0.17066 -0.84254
vn 0.89346 -0.31570 -0.31946
vn 0.57414 0.00364 -0.81875
vn 0.92904 -0.21439 -0.30153
vn 0.62569 0.17363 -0.76050
vn 0.95755 -0.11636 -0.26373
vn 0.66356 0.33278 -0.67004
vn 0.97790 -0.02538 -0.20752
vn 0.68629 0.47497 -0.55082
vn 0.98931 0.05506 -0.13505
vn 0.69302 0.59474 -0.40744
vn 0.99133 0.12186 -0.04911
vn 0.68347 0.68749 -0.24540
vn 0.98390 0.17245 0.04700
vn 0.65803 0.74964 -0.07094
vn 0.96729 0.20490 0.14958
vn 0.61766 0.77882 0.10925
vn 0.94214 0.21795 0.25470
vn 0.56393 0.77389 0.28823
vn 0.90943 0.21110 0.35831
vn 0.49888 0.73506 0.45914
vn 0.87040 0.18462 0.45642
vn 0.42503 0.66381 0.61540
vn 0.82656 0.13952 0.54528
vn 0.34521 0.56287 0.75100
vn 0.77959 0.07754 0.62147
vn 0.26248 0.43614 0.86075
vn 0.73130 0.00106 0.68206
vn 0.18004 0.28848 0.94041
vn 0.68354 -0.08698 0.72471
vn 0.10104 0.12556 0.98693
vn 0.63815 -0.18320 0.74779
vn -0.06786 -0.00926 0.99765
vn -0.25252 0.06502 0.96541
vn -0.31884 -0.11776 0.94046
vn -0.13279 -0.18830 0.97309
vn -0.37290 -0.29602 0.87938
vn -0.18570 -0.36290 0.91314
vn -0.41261 -0.46291 0.78452
vn -0.22455 -0.52633 0.82010
vn -0.43645 -0.61202 0.65950
vn -0.24784 -0.67232 0.69754
vn -0.44350 -0.73761 0.50915
vn -0.25469 -0.79526 0.55018
vn -0.43350 -0.83487 0.33924
vn -0.24483 -0.89042 0.38368
vn -0.40682 -0.90004 0.15629
vn -0.21864 -0.95415 0.20443
vn -0.36449 -0.93064 -0.03266
vn -0.17712 -0.98400 0.01933
vn -0.30813 -0.92547 -0.22035
vn -0.12188 -0.97882 -0.16451
vn -0.23993 -0.88475 -0.39957
vn -0.05502 -0.93880 -0.34003
vn -0.16248 -0.81003 -0.56342
vn 0.02087 -0.86550 -0.50047
vn -0.07878 -0.70419 -0.70563
vn 0.10288 -0.76172 -0.63969
vn 0.00797 -0.57130 -0.82071
vn 0.18786 -0.63145 -0.75232
vn 0.09442 -0.41645 -0.90424
vn 0.27254 -0.47970 -0.83403
vn 0.17726 -0.24561 -0.95302
vn 0.35367 -0.31231 -0.88169
vn 0.25331 -0.06533 -0.96518
vn 0.42813 -0.13569 -0.89347
vn 0.31963 0.11744 -0.94023
vn 0.49307 0.04335 -0.86891
vn 0.37369 0.29570 -0.87916
vn 0.54597 0.21795 -0.80896
vn 0.41340 0.46259 -0.78429
vn 0.58482 0.38138 -0.71591
vn 0.43724 0.61170 -0.65927
vn 0.60812 0.52737 -0.59336
vn 0.44429 0.73729 -0.50892
vn 0.61497 0.65031 -0.44600
vn 0.43429 0.83455 -0.33901
vn 0.60511 0.74547 -0.27949
vn 0.40761 0.89972 -0.15606
vn 0.57891 0.80920 -0.10025
vn 0.36528 0.93032 0.03289
vn 0.53740 0.83905 0.08485
vn 0.30892 0.92515 0.22058
vn 0.48215 0.83387 0.26869
vn 0.24072 0.88443 0.39980
vn 0.41530 0.79386 0.44421
vn 0.16327 0.80971 0.56365
vn 0.33941 0.72055 0.60466
vn 0.07957 0.70387 0.70585
vn 0.25740 0.61677 0.74387
vn -0.00718 0.57098 0.82093
vn 0.17242 0.48650 0.85650
vn -0.09363 0.41613 0.90447
vn 0.08774 0.33475 0.93821
vn -0.17647 0.24529 0.95325
vn 0.00660 0.16735 0.98587
vn -0.42265 0.13484 0.89621
vn -0.48773 -0.04443 0.87186
vn -0.54079 -0.21928 0.81207
vn -0.57979 -0.38301 0.71913
vn -0.60323 -0.52932 0.59660
vn -0.61020 -0.65259 0.44921
vn -0.60044 -0.74807 0.28262
vn -0.57432 -0.81210 0.10322
vn -0.53285 -0.84222 -0.08209
vn -0.47763 -0.83727 -0.26619
vn -0.41076 -0.79744 -0.44200
vn -0.33483 -0.72426 -0.60277
vn -0.25275 -0.62055 -0.74232
vn -0.16768 -0.49029 -0.85528
vn -0.08288 -0.33848 -0.93732
vn -0.00161 -0.17096 -0.98528
vn 0.07300 0.00583 -0.99732
vn 0.13808 0.18510 -0.97297
vn 0.19114 0.35996 -0.91318
vn 0.23014 0.52369 -0.82023
vn 0.25358 0.67000 -0.69771
vn 0.26055 0.79326 -0.55032
vn 0.25079 0.88874 -0.38372
vn 0.22467 0.95277 -0.20432
vn 0.18320 0.98289 -0.01901
vn 0.12797 0.97794 0.16509
vn 0.06111 0.93811 0.34090
vn -0.01482 0.86494 0.50166
vn -0.09690 0.76122 0.64121
vn -0.18197 0.63096 0.75417
vn -0.26677 0.47915 0.83621
vn -0.34804 0.31163 0.88417
vn -0.57614 0.19933 0.79268
vn -0.63748 0.03046 0.76986
vn -0.68751 -0.13428 0.71365
vn -0.72429 -0.28856 0.62621
vn -0.74642 -0.42644 0.51089
vn -0.75304 -0.54264 0.37212
vn -0.74390 -0.63268 0.21525
vn -0.71935 -0.69310 0.04629
vn -0.68034 -0.72159 -0.12826
vn -0.62836 -0.71704 -0.30169
vn -0.56541 -0.67964 -0.46734
vn -0.49391 -0.61081 -0.61884
vn -0.41661 -0.51321 -0.75036
vn -0.33648 -0.39059 -0.85687
vn -0.25659 -0.24765 -0.93425
vn -0.18003 -0.08990 -0.97955
vn -0.10972 0.07661 -0.99101
vn -0.04837 0.24548 -0.96819
vn 0.00165 0.41022 -0.91198
vn 0.03843 0.56450 -0.82454
vn 0.06056 0.70238 -0.70922
vn 0.06718 0.81858 -0.57045
vn 0.05804 0.90862 -0.41358
vn 0.03350 0.96904 -0.24462
vn -0.00552 0.99753 -0.07007
vn -0.05750 0.99298 0.10336
vn -0.12045 0.95558 0.26901
vn -0.19194 0.88675 0.42051
vn -0.26925 0.78915 0.55203
vn -0.34938 0.66653 0.65854
vn -0.42926 0.52359 0.73592
vn -0.50583 0.36584 0.78122
vn -0.70748 0.25615 0.65868
vn -0.76272 0.10417 0.63828
vn -0.80779 -0.04411 0.58782
vn -0.84095 -0.18301 0.50923
vn -0.86092 -0.30717 0.40554
vn -0.86694 -0.41183 0.28074
vn -0.85877 -0.49297 0.13961
vn -0.83674 -0.54747 -0.01241
vn -0.80168 -0.57322 -0.16949
vn -0.75494 -0.56926 -0.32559
vn -0.69833 -0.53572 -0.47471
vn -0.63401 -0.47389 -0.61111
vn -0.56446 -0.38616 -0.72957
vn -0.49234 -0.27589 -0.82552
vn -0.42044 -0.14732 -0.89528
vn -0.35152 -0.00539 -0.93617
vn -0.28822 0.14445 -0.94661
vn -0.23297 0.29643 -0.92621
vn -0.18790 0.44471 -0.87574
vn -0.15475 0.58361 -0.79716
vn -0.13478 0.70777 -0.69347
vn -0.12876 0.81243 -0.56866
vn -0.13692 0.89357 -0.42754
vn -0.15896 0.94806 -0.27551
vn -0.19402 0.97382 -0.11844
vn -0.24075 0.96986 0.03766
vn -0.29737 0.93631 0.18678
vn -0.36169 0.87449 0.32319
vn -0.43124 0.78676 0.44164
vn -0.50335 0.67648 0.53759
vn -0.57525 0.54791 0.60735
vn -0.64418 0.40598 0.64824
vn -0.81162 0.30313 0.49938
vn -0.85865 0.17388 0.48217
vn -0.89703 0.04775 0.43939
vn -0.92528 -0.07043 0.37268
vn -0.94233 -0.17610 0.28462
vn -0.94751 -0.26520 0.17857
vn -0.94063 -0.33432 0.05861
vn -0.92196 -0.38080 -0.07063
vn -0.89220 -0.40284 -0.20420
vn -0.85251 -0.39960 -0.33697
vn -0.80440 -0.37122 -0.46383
vn -0.74973 -0.31876 -0.57990
vn -0.69060 -0.24427 -0.68073
vn -0.62928 -0.15059 -0.76245
vn -0.56813 -0.04132 -0.82190
vn -0.50950 0.07933 -0.85681
vn -0.45563 0.20673 -0.86583
vn -0.40861 0.33598 -0.84862
vn -0.37023 0.46211 -0.80584
vn -0.34197 0.58028 -0.73914
vn -0.32493 0.68595 -0.65107
vn -0.31974 0.77506 -0.54502
vn -0.32662 0.84418 -0.42507
vn -0.34530 0.89065 -0.29582
vn -0.37505 0.91269 -0.16225
vn -0.41475 0.90946 -0.02948
vn -0.46285 0.88107 0.09738
vn -0.51752 0.82862 0.21345
vn -0.57665 0.75412 0.31428
vn -0.63797 0.66044 0.39599
vn -0.69912 0.55118 0.45545
vn -0.75776 0.43053 0.49035
vn -0.88458 0.33846 0.32089
vn -0.92157 0.23691 0.30754
vn -0.95179 0.13777 0.27409
vn -0.97405 0.04485 0.22182
vn -0.98752 -0.03826 0.15276
vn -0.99167 -0.10839 0.06954
vn -0.98635 -0.16283 -0.02463
vn -0.97175 -0.19950 -0.12613
vn -0.94843 -0.21698 -0.23107
vn -0.91731 -0.21460 -0.33540
vn -0.87956 -0.19245 -0.43513
vn -0.83664 -0.15139 -0.52641
vn -0.79021 -0.09300 -0.60574
vn -0.74204 -0.01951 -0.67007
vn -0.69398 0.06626 -0.71694
vn -0.64789 0.16099 -0.74453
vn -0.60553 0.26106 -0.75179
vn -0.56853 0.36261 -0.73843
vn -0.53832 0.46175 -0.70498
vn -0.51605 0.55466 -0.65272
vn -0.50258 0.63778 -0.58365
vn -0.49843 0.70791 -0.50043
vn -0.50376 0.76235 -0.40626
vn -0.51836 0.79901 -0.30476
vn -0.54167 0.81649 -0.19983
vn -0.57280 0.81411 -0.09549
vn -0.61055 0.79197 0.00423
vn -0.65346 0.75091 0.09551
vn -0.69990 0.69251 0.17485
vn -0.74807 0.61902 0.23918
vn -0.79612 0.53326 0.28604
vn -0.84222 0.43853 0.31363
vn -0.92353 0.36078 0.13008
vn -0.94908 0.29083 0.12109
vn -0.96997 0.22249 0.09826
vn -0.98540 0.15841 0.06244
vn -0.99477 0.10104 0.01503
vn -0.99773 0.05258 -0.04216
vn -0.99416 0.01491 -0.10693
vn -0.98419 -0.01054 -0.17679
vn -0.96822 -0.02279 -0.24905
vn -0.94686 -0.02136 -0.32094
vn -0.92092 -0.00630 -0.38970
vn -0.89140 0.02179 -0.45269
vn -0.85945 0.06184 -0.50747
vn -0.82627 0.11232 -0.55196
vn -0.79316 0.17128 -0.58443
vn -0.76138 0.23646 -0.60364
vn -0.73216 0.30535 -0.60886
vn -0.70661 0.37531 -0.59987
vn -0.68572 0.44364 -0.57704
vn -0.67029 0.50772 -0.54122
vn -0.66092 0.56510 -0.49381
vn -0.65796 0.61355 -0.43662
vn -0.66154 0.65123 -0.37185
vn -0.67150 0.67668 -0.30199
vn -0.68747 0.68892 -0.22973
vn -0.70883 0.68749 -0.15783
vn -0.73477 0.67244 -0.08907
vn -0.76429 0.64435 -0.02609
vn -0.79625 0.60429 0.02870
vn -0.82942 0.55381 0.07318
vn -0.86253 0.49485 0.10565
vn -0.89431 0.42967 0.12486
vn -0.92732 0.37144 -0.04599
vn -0.94186 0.33223 -0.05026
vn -0.95384 0.29378 -0.06232
vn -0.96280 0.25758 -0.08171
vn -0.96839 0.22501 -0.10769
vn -0.97040 0.19733 -0.13926
vn -0.96875 0.17559 -0.17520
vn -0.96350 0.16064 -0.21413
vn -0.95487 0.15305 -0.25456
vn -0.94317 0.15311 -0.29494
vn -0.92886 0.16081 -0.33370
vn -0.91249 0.17587 -0.36937
vn -0.89468 0.19770 -0.40057
vn -0.87613 0.22546 -0.42610
vn -0.85754 0.25809 -0.44498
vn -0.83963 0.29434 -0.45649
vn -0.82309 0.33281 -0.46018
vn -0.80855 0.37201 -0.45591
vn -0.79657 0.41046 -0.44385
vn -0.78761 0.44666 -0.42446
vn -0.78202 0.47923 -0.39848
vn -0.78001 0.50691 -0.36691
vn -0.78166 0.52865 -0.33097
vn -0.78690 0.54360 -0.29203
vn -0.79554 0.55119 -0.25160
vn -0.80724 0.55114 -0.21123
vn -0.82155 0.54343 -0.17246
vn -0.83792 0.52837 -0.13680
vn -0.85572 0.50654 -0.10560
vn -0.87428 0.47878 -0.08007
vn -0.89287 0.44615 -0.06118
vn -0.91078 0.40990 -0.04968
vn -0.89605 0.36051 -0.25911
vn 0.95206 -0.28870 -0.10119
vn 0.92808 -0.35542 -0.11110
vn 0.97150 -0.22378 -0.07812
vn 0.98567 -0.16317 -0.04277
vn 0.99402 -0.10918 0.00348
vn 0.99622 -0.06389 0.05887
vn 0.99219 -0.02905 0.12128
vn 0.98210 -0.00598 0.18828
vn 0.96631 0.00442 0.25733
vn 0.94545 0.00175 0.32575
vn 0.92032 -0.01389 0.39093
vn 0.89187 -0.04189 0.45035
vn 0.86120 -0.08117 0.50174
vn 0.82950 -0.13023 0.54311
vn 0.79797 -0.18719 0.57288
vn 0.76784 -0.24985 0.58991
vn 0.74026 -0.31581 0.59354
vn 0.71628 -0.38252 0.58363
vn 0.69683 -0.44744 0.56055
vn 0.68267 -0.50805 0.52521
vn 0.67432 -0.56204 0.47895
vn 0.67212 -0.60733 0.42356
vn 0.67614 -0.64218 0.36116
vn 0.68624 -0.66524 0.29415
vn 0.70202 -0.67564 0.22511
vn 0.72289 -0.67297 0.15668
vn 0.74802 -0.65733 0.09151
vn 0.77647 -0.62934 0.03208
vn 0.80714 -0.59005 -0.01930
vn 0.83884 -0.54099 -0.06068
vn 0.87036 -0.48403 -0.09045
vn 0.90050 -0.42137 -0.10748
vn 0.87595 -0.21236 -0.43315
vn 0.83082 -0.33346 -0.44558
vn 0.91322 -0.09347 -0.39661
vn 0.94119 0.01863 -0.33737
vn 0.95879 0.11964 -0.25771
vn 0.96534 0.20567 -0.16068
vn 0.96060 0.27341 -0.05001
vn 0.94474 0.32027 0.07003
vn 0.91837 0.34444 0.19485
vn 0.88251 0.34499 0.31963
vn 0.83853 0.32191 0.43960
vn 0.78812 0.27608 0.55013
vn 0.73323 0.20925 0.64698
vn 0.67596 0.12401 0.72643
vn 0.61851 0.02362 0.78542
vn 0.56310 -0.08805 0.82169
vn 0.51184 -0.20673 0.83384
vn 0.46670 -0.32783 0.82141
vn 0.42944 -0.44672 0.78487
vn 0.40147 -0.55882 0.72563
vn 0.38387 -0.65983 0.64596
vn 0.37731 -0.74586 0.54894
vn 0.38206 -0.81360 0.43827
vn 0.39792 -0.86046 0.31823
vn 0.42429 -0.88463 0.19341
vn 0.46015 -0.88518 0.06862
vn 0.50413 -0.86210 -0.05134
vn 0.55453 -0.81627 -0.16187
vn 0.60942 -0.74944 -0.25872
vn 0.66669 -0.66420 -0.33817
vn 0.72414 -0.56381 -0.39716
vn 0.77956 -0.45213 -0.43343
vn 0.57966 -0.16649 -0.79767
vn 0.63946 0.00287 -0.76882
vn 0.31256 0.08572 -0.94602
vn 0.24442 -0.09713 -0.96479
vn 0.68752 0.16695 -0.70672
vn 0.36883 0.26522 -0.89086
vn 0.72199 0.31946 -0.61374
vn 0.41106 0.43447 -0.80142
vn 0.74155 0.45452 -0.49347
vn 0.43763 0.58697 -0.68114
vn 0.74545 0.56695 -0.35052
vn 0.44753 0.71685 -0.53464
vn 0.73354 0.65244 -0.19040
vn 0.44036 0.81913 -0.36756
vn 0.70627 0.70768 -0.01924
vn 0.41642 0.88988 -0.18632
vn 0.66470 0.73057 0.15637
vn 0.37660 0.92637 0.00213
vn 0.61041 0.72021 0.32968
vn 0.32246 0.92721 0.19053
vn 0.54551 0.67702 0.49403
vn 0.25606 0.89236 0.37166
vn 0.47248 0.60264 0.64311
vn 0.17996 0.82316 0.53854
vn 0.39412 0.49994 0.77119
vn 0.09709 0.72227 0.68476
vn 0.31346 0.37287 0.87334
vn 0.01062 0.59357 0.80471
vn 0.23358 0.22630 0.94564
vn -0.07611 0.44200 0.89378
vn 0.15756 0.06587 0.98531
vn -0.15978 0.27339 0.94854
vn 0.08832 -0.10226 0.99083
vn -0.23718 0.09422 0.96689
vn 0.02853 -0.27162 0.96198
vn -0.30532 -0.08863 0.94812
vn -0.01953 -0.43570 0.89988
vn -0.36158 -0.26813 0.89295
vn -0.05400 -0.58821 0.80690
vn -0.40381 -0.43738 0.80351
vn -0.07356 -0.72327 0.68663
vn -0.43039 -0.58988 0.68323
vn -0.07746 -0.83571 0.54369
vn -0.44028 -0.71977 0.53674
vn -0.06555 -0.92119 0.38356
vn -0.43312 -0.82205 0.36966
vn -0.03828 -0.97643 0.21240
vn -0.40917 -0.89280 0.18841
vn 0.00329 -0.99932 0.03679
vn -0.36936 -0.92929 -0.00004
vn 0.05757 -0.98896 -0.13652
vn -0.31521 -0.93012 -0.18844
vn 0.12247 -0.94577 -0.30087
vn -0.24882 -0.89527 -0.36956
vn 0.19551 -0.87139 -0.44995
vn -0.17272 -0.82607 -0.53644
vn 0.27386 -0.76869 -0.57802
vn -0.08984 -0.72518 -0.68267
vn 0.35453 -0.64161 -0.68018
vn -0.00337 -0.59648 -0.80262
vn 0.43441 -0.49505 -0.75248
vn 0.08336 -0.44491 -0.89169
vn 0.51042 -0.33462 -0.79215
vn 0.16703 -0.27630 -0.94644
vn 0.15949 0.00726 -0.98717
vn 0.22350 0.18855 -0.95629
vn 0.20647 0.12707 -0.97017
vn 0.13876 -0.05463 -0.98882
vn 0.27494 0.36419 -0.88982
vn 0.26238 0.30544 -0.91535
vn 0.31184 0.52744 -0.79029
vn 0.30434 0.47362 -0.82647
vn 0.33278 0.67202 -0.66155
vn 0.33075 0.62516 -0.70695
vn 0.33696 0.79237 -0.50853
vn 0.34058 0.75422 -0.56138
vn 0.32421 0.88388 -0.33712
vn 0.33346 0.85586 -0.39535
vn 0.29502 0.94302 -0.15391
vn 0.30967 0.92616 -0.21525
vn 0.25052 0.96751 0.03407
vn 0.27011 0.96242 -0.02799
vn 0.19241 0.95643 0.21959
vn 0.21630 0.96326 0.15922
vn 0.12293 0.91019 0.39552
vn 0.15032 0.92862 0.33920
vn 0.04475 0.83057 0.55511
vn 0.07470 0.85986 0.50503
vn -0.03912 0.72064 0.69220
vn -0.00765 0.75961 0.65034
vn -0.12547 0.58461 0.80155
vn -0.09357 0.63172 0.76953
vn -0.21097 0.42772 0.87895
vn -0.17976 0.48110 0.85804
vn -0.29235 0.25598 0.92141
vn -0.26290 0.31356 0.91245
vn -0.36646 0.07601 0.92732
vn -0.33981 0.13551 0.93068
vn -0.43047 -0.10528 0.89644
vn -0.40752 -0.04618 0.91203
vn -0.48192 -0.28092 0.82996
vn -0.46343 -0.22455 0.85721
vn -0.51882 -0.44417 0.73044
vn -0.50539 -0.39273 0.76834
vn -0.53976 -0.58875 0.60170
vn -0.53180 -0.54427 0.64882
vn -0.54393 -0.70910 0.44868
vn -0.54163 -0.67334 0.50324
vn -0.53118 -0.80061 0.27727
vn -0.53451 -0.77497 0.33722
vn -0.50199 -0.85974 0.09405
vn -0.51071 -0.84527 0.15711
vn -0.45749 -0.88424 -0.09393
vn -0.47115 -0.88154 -0.03014
vn -0.39938 -0.87316 -0.27944
vn -0.41735 -0.88237 -0.21736
vn -0.32990 -0.82692 -0.45538
vn -0.35137 -0.84774 -0.39734
vn -0.25173 -0.74730 -0.61496
vn -0.27575 -0.77897 -0.56317
vn -0.16785 -0.63737 -0.75206
vn -0.19340 -0.67872 -0.70848
vn -0.08150 -0.50134 -0.86140
vn -0.10748 -0.55083 -0.82767
vn 0.00400 -0.34444 -0.93880
vn -0.02129 -0.40022 -0.91617
vn 0.08538 -0.17271 -0.98127
vn 0.06185 -0.23267 -0.97059
vn 0.60734 -0.00729 -0.79441
vn 0.54530 -0.17909 -0.81888
vn 0.65778 0.16006 -0.73600
vn 0.69469 0.31653 -0.64592
vn 0.71664 0.45612 -0.52762
vn 0.72279 0.57345 -0.38565
vn 0.71291 0.66402 -0.22546
vn 0.68737 0.72435 -0.05322
vn 0.64716 0.75212 0.12447
vn 0.59383 0.74626 0.30077
vn 0.52941 0.70700 0.46891
vn 0.45639 0.63585 0.62242
vn 0.37758 0.53553 0.75541
vn 0.29599 0.40991 0.86276
vn 0.21477 0.26382 0.94036
vn 0.13705 0.10286 0.98521
vn 0.06579 -0.06678 0.99560
vn 0.00375 -0.23857 0.97112
vn -0.04669 -0.40592 0.91272
vn -0.08359 -0.56239 0.82263
vn -0.10554 -0.70198 0.70433
vn -0.11170 -0.81931 0.56236
vn -0.10181 -0.90989 0.40217
vn -0.07628 -0.97021 0.22993
vn -0.03607 -0.99798 0.05224
vn 0.01727 -0.99212 -0.12406
vn 0.08169 -0.95286 -0.29220
vn 0.15471 -0.88171 -0.44571
vn 0.23352 -0.78139 -0.57870
vn 0.31511 -0.65577 -0.68605
vn 0.39632 -0.50968 -0.76365
vn 0.47405 -0.34872 -0.80850
# 802 normals
usemtl Angelfish_Eye
f  483/512/483 515/513/484 484/514/485 485/515/486
f  483/512/483 485/515/486 486/516/487 487/517/488
f  483/512/483 487/517/488 488/518/489 489/519/490
f  483/512/483 489/519/490 490/520/491 491/521/492
f  483/512/483 491/521/492 492/522/493 493/523/494
f  483/512/483 493/523/494 494/524/495 495/525/496
f  483/512/483 495/525/496 496/526/497 497/527/498
f  483/512/483 497/527/498 498/528/499 499/529/500
f  483/512/483 499/529/500 500/530/501 501/531/502
f  483/512/483 501/531/502 502/532/503 503/533/504
f  483/512/483 503/533/504 504/534/505 505/535/506
f  483/512/483 505/535/506 506/536/507 507/537/508
f  483/512/483 507/537/508 508/538/509 509/539/510
f  483/512/483 509/539/510 510/540/511 511/541/512
f  483/512/483 511/541/512 512/542/513 513/543/514
f  483/512/483 513/543/514 514/544/515 515/513/484
f  484/514/485 1148/545/516 1147/546/517 485/515/486
f  485/515/486 1147/546/517 1146/547/518 486/516/487
f  486/516/487 1146/547/518 1145/548/519 487/517/488
f  487/517/488 1145/548/519 1144/549/520 488/518/489
f  488/518/489 1144/549/520 1143/550/521 489/519/490
f  489/519/490 1143/550/521 1142/551/522 490/520/491
f  490/520/491 1142/551/522 1141/552/523 491/521/492
f  491/521/492 1141/552/523 1140/553/524 492/522/493
f  492/522/493 1140/553/524 1139/554/525 493/523/494
f  493/523/494 1139/554/525 1138/555/526 494/524/495
f  494/524/495 1138/555/526 1137/556/527 495/525/496
f  495/525/496 1137/556/527 1136/557/528 496/526/497
f  496/526/497 1136/557/528 1135/558/529 497/527/498
f  497/527/498 1135/558/529 1134/559/530 498/528/499
f  498/528/499 1134/559/530 1133/560/531 499/529/500
f  499/529/500 1133/560/531 1132/561/532 500/530/501
f  500/530/501 1132/561/532 1131/562/533 501/531/502
f  501/531/502 1131/562/533 1130/563/534 502/532/503
f  502/532/503 1130/563/534 1129/564/535 503/533/504
f  503/533/504 1129/564/535 1128/565/536 504/534/505
f  504/534/505 1128/565/536 1127/566/537 505/535/506
f  505/535/506 1127/566/537 1126/567/538 506/536/507
f  506/536/507 1126/567/538 1125/568/539 507/537/508
f  507/537/508 1125/568/539 1156/569/540 508/538/509
f  508/538/509 1156/569/540 1155/570/541 509/539/510
f  509/539/510 1155/570/541 1154/571/542 510/540/511
f  510/540/511 1154/571/542 1153/572/543 511/541/512
f  511/541/512 1153/572/543 1152/573/544 512/542/513
f  512/542/513 1152/573/544 1151/574/545 513/543/514
f  513/543/514 1151/574/545 1150/575/546 514/544/515
f  514/544/515 1150/575/546 1149/576/547 515/513/484
f  515/513/484 1149/576/547 1148/545/516 484/514/485
f  516/577/548 548/578/549 549/579/550 517/580/551
f  517/580/551 549/579/550 550/581/552 518/582/553
f  518/582/553 550/581/552 551/583/554 519/584/555
f  519/584/555 551/583/554 552/585/556 520/586/557
f  520/586/557 552/585/556 553/587/558 521/588/559
f  521/588/559 553/587/558 554/589/560 522/590/561
f  522/590/561 554/589/560 555/591/562 523/592/563
f  523/592/563 555/591/562 556/593/564 524/594/565
f  524/594/565 556/593/564 557/595/566 525/596/567
f  525/596/567 557/595/566 558/597/568 526/598/569
f  526/598/569 558/597/568 559/599/570 527/600/571
f  527/600/571 559/599/570 560/601/572 528/602/573
f  528/602/573 560/601/572 561/603/574 529/604/575
f  529/604/575 561/603/574 562/605/576 530/606/577
f  530/606/577 562/605/576 563/607/578 531/608/579
f  531/608/579 563/607/578 564/609/580 532/610/581
f  532/610/581 564/609/580 565/611/582 533/612/583
f  533/612/583 565/611/582 566/613/584 534/614/585
f  534/614/585 566/613/584 567/615/586 535/616/587
f  535/616/587 567/615/586 568/617/588 536/618/589
f  536/618/589 568/617/588 569/619/590 537/620/591
f  537/620/591 569/619/590 570/621/592 538/622/593
f  538/622/593 570/621/592 571/623/594 539/624/595
f  539/624/595 571/623/594 572/625/596 540/626/597
f  540/626/597 572/625/596 573/627/598 541/628/599
f  541/628/599 573/627/598 574/629/600 542/630/601
f  542/630/601 574/629/600 575/631/602 543/632/603
f  543/632/603 575/631/602 576/633/604 544/634/605
f  544/634/605 576/633/604 577/635/606 545/636/607
f  545/636/607 577/635/606 578/637/608 546/638/609
f  546/638/609 578/637/608 579/639/610 547/640/611
f  547/640/611 579/639/610 548/578/549 516/577/548
f  548/578/549 580/641/612 581/642/613 549/579/550
f  549/579/550 581/642/613 582/643/614 550/581/552
f  550/581/552 582/643/614 583/644/615 551/583/554
f  551/583/554 583/644/615 584/645/616 552/585/556
f  552/585/556 584/645/616 585/646/617 553/587/558
f  553/587/558 585/646/617 586/647/618 554/589/560
f  554/589/560 586/647/618 587/648/619 555/591/562
f  555/591/562 587/648/619 588/649/620 556/593/564
f  556/593/564 588/649/620 589/650/621 557/595/566
f  557/595/566 589/650/621 590/651/622 558/597/568
f  558/597/568 590/651/622 591/652/623 559/599/570
f  559/599/570 591/652/623 592/653/624 560/601/572
f  560/601/572 592/653/624 593/654/625 561/603/574
f  561/603/574 593/654/625 594/655/626 562/605/576
f  562/605/576 594/655/626 595/656/627 563/607/578
f  563/607/578 595/656/627 596/657/628 564/609/580
f  564/609/580 596/657/628 597/658/629 565/611/582
f  565/611/582 597/658/629 598/659/630 566/613/584
f  566/613/584 598/659/630 599/660/631 567/615/586
f  567/615/586 599/660/631 600/661/632 568/617/588
f  568/617/588 600/661/632 601/662/633 569/619/590
f  569/619/590 601/662/633 602/663/634 570/621/592
f  570/621/592 602/663/634 603/664/635 571/623/594
f  571/623/594 603/664/635 604/665/636 572/625/596
f  572/625/596 604/665/636 605/666/637 573/627/598
f  573/627/598 605/666/637 606/667/638 574/629/600
f  574/629/600 606/667/638 607/668/639 575/631/602
f  575/631/602 607/668/639 608/669/640 576/633/604
f  576/633/604 608/669/640 609/670/641 577/635/606
f  577/635/606 609/670/641 610/671/642 578/637/608
f  578/637/608 610/671/642 611/672/643 579/639/610
f  579/639/610 611/672/643 580/641/612 548/578/549
f  580/641/612 612/673/644 613/674/645 581/642/613
f  581/642/613 613/674/645 614/675/646 582/643/614
f  582/643/614 614/675/646 615/676/647 583/644/615
f  583/644/615 615/676/647 616/677/648 584/645/616
f  584/645/616 616/677/648 617/678/649 585/646/617
f  585/646/617 617/678/649 618/679/650 586/647/618
f  586/647/618 618/679/650 619/680/651 587/648/619
f  587/648/619 619/680/651 620/681/652 588/649/620
f  588/649/620 620/681/652 621/682/653 589/650/621
f  589/650/621 621/682/653 622/683/654 590/651/622
f  590/651/622 622/683/654 623/684/655 591/652/623
f  591/652/623 623/684/655 624/685/656 592/653/624
f  592/653/624 624/685/656 625/686/657 593/654/625
f  593/654/625 625/686/657 626/687/658 594/655/626
f  594/655/626 626/687/658 627/688/659 595/656/627
f  595/656/627 627/688/659 628/689/660 596/657/628
f  596/657/628 628/689/660 629/690/661 597/658/629
f  597/658/629 629/690/661 630/691/662 598/659/630
f  598/659/630 630/691/662 631/692/663 599/660/631
f  599/660/631 631/692/663 632/693/664 600/661/632
f  600/661/632 632/693/664 633/694/665 601/662/633
f  601/662/633 633/694/665 634/695/666 602/663/634
f  602/663/634 634/695/666 635/696/667 603/664/635
f  603/664/635 635/696/667 636/697/668 604/665/636
f  604/665/636 636/697/668 637/698/669 605/666/637
f  605/666/637 637/698/669 638/699/670 606/667/638
f  606/667/638 638/699/670 639/700/671 607/668/639
f  607/668/639 639/700/671 640/701/672 608/669/640
f  608/669/640 640/701/672 641/702/673 609/670/641
f  609/670/641 641/702/673 642/703/674 610/671/642
f  610/671/642 642/703/674 643/704/675 611/672/643
f  611/672/643 643/704/675 612/673/644 580/641/612
f  612/673/644 1260/705/676 1259/706/677 613/674/645
f  613/674/645 1259/706/677 1258/707/678 614/675/646
f  614/675/646 1258/707/678 1257/708/679 615/676/647
f  615/676/647 1257/708/679 1256/709/680 616/677/648
f  616/677/648 1256/709/680 1255/710/681 617/678/649
f  617/678/649 1255/710/681 1254/711/682 618/679/650
f  618/679/650 1254/711/682 1253/712/683 619/680/651
f  619/680/651 1253/712/683 1284/713/684 620/681/652
f  620/681/652 1284/713/684 1283/714/685 621/682/653
f  621/682/653 1283/714/685 1282/715/686 622/683/654
f  622/683/654 1282/715/686 1281/716/687 623/684/655
f  623/684/655 1281/716/687 1280/717/688 624/685/656
f  624/685/656 1280/717/688 1279/718/689 625/686/657
f  625/686/657 1279/718/689 1278/719/690 626/687/658
f  626/687/658 1278/719/690 1277/720/691 627/688/659
f  627/688/659 1277/720/691 1276/721/692 628/689/660
f  628/689/660 1276/721/692 1275/722/693 629/690/661
f  629/690/661 1275/722/693 1274/723/694 630/691/662
f  630/691/662 1274/723/694 1273/724/695 631/692/663
f  631/692/663 1273/724/695 1272/725/696 632/693/664
f  632/693/664 1272/725/696 1271/726/697 633/694/665
f  633/694/665 1271/726/697 1270/727/698 634/695/666
f  634/695/666 1270/727/698 1269/728/699 635/696/667
f  635/696/667 1269/728/699 1268/729/700 636/697/668
f  636/697/668 1268/729/700 1267/730/701 637/698/669
f  637/698/669 1267/730/701 1266/731/702 638/699/670
f  638/699/670 1266/731/702 1265/732/703 639/700/671
f  639/700/671 1265/732/703 1264/733/704 640/701/672
f  640/701/672 1264/733/704 1263/734/705 641/702/673
f  641/702/673 1263/734/705 1262/735/706 642/703/674
f  642/703/674 1262/735/706 1261/736/707 643/704/675
f  643/704/675 1261/736/707 1260/705/676 612/673/644
f  644/737/708 1228/738/709 1227/739/710 645/740/711
f  645/740/711 1227/739/710 1226/741/712 646/742/713
f  646/742/713 1226/741/712 1225/743/714 647/744/715
f  647/744/715 1225/743/714 1224/745/716 648/746/717
f  648/746/717 1224/745/716 1223/747/718 649/748/719
f  649/748/719 1223/747/718 1222/749/720 650/750/721
f  650/750/721 1222/749/720 1221/751/722 651/752/723
f  651/752/723 1221/751/722 1252/753/724 652/754/725
f  652/754/725 1252/753/724 1251/755/726 653/756/727
f  653/756/727 1251/755/726 1250/757/728 654/758/729
f  654/758/729 1250/757/728 1249/759/730 655/760/731
f  655/760/731 1249/759/730 1248/761/732 656/762/733
f  656/762/733 1248/761/732 1247/763/734 657/764/735
f  657/764/735 1247/763/734 1246/765/736 658/766/737
f  658/766/737 1246/765/736 1245/767/738 659/768/739
f  659/768/739 1245/767/738 1244/769/740 660/770/741
f  660/770/741 1244/769/740 1243/771/742 661/772/743
f  661/772/743 1243/771/742 1242/773/744 662/774/745
f  662/774/745 1242/773/744 1241/775/746 663/776/747
f  663/776/747 1241/775/746 1240/777/748 664/778/749
f  664/778/749 1240/777/748 1239/779/750 665/780/751
f  665/780/751 1239/779/750 1238/781/752 666/782/753
f  666/782/753 1238/781/752 1237/783/754 667/784/755
f  667/784/755 1237/783/754 1236/785/756 668/786/757
f  668/786/757 1236/785/756 1235/787/758 669/788/759
f  669/788/759 1235/787/758 1234/789/760 670/790/761
f  670/790/761 1234/789/760 1233/791/762 671/792/763
f  671/792/763 1233/791/762 1232/793/764 672/794/765
f  672/794/765 1232/793/764 1231/795/766 673/796/767
f  673/796/767 1231/795/766 1230/797/768 674/798/769
f  674/798/769 1230/797/768 1229/799/770 675/800/771
f  675/800/771 1229/799/770 1228/738/709 644/737/708
f  676/801/772 708/802/773 709/803/774 677/804/775
f  677/804/775 709/803/774 710/805/776 678/806/777
f  678/806/777 710/805/776 711/807/778 679/808/779
f  679/808/779 711/807/778 712/809/780 680/810/781
f  680/810/781 712/809/780 713/811/782 681/812/783
f  681/812/783 713/811/782 714/813/784 682/814/785
f  682/814/785 714/813/784 715/815/786 683/816/787
f  683/816/787 715/815/786 716/817/788 684/818/789
f  684/818/789 716/817/788 717/819/790 685/820/791
f  685/820/791 717/819/790 718/821/792 686/822/793
f  686/822/793 718/821/792 719/823/794 687/824/795
f  687/824/795 719/823/794 720/825/796 688/826/797
f  688/826/797 720/825/796 721/827/798 689/828/799
f  689/828/799 721/827/798 722/829/800 690/830/801
f  690/830/801 722/829/800 723/831/802 691/832/803
f  691/832/803 723/831/802 724/833/804 692/834/805
f  692/834/805 724/833/804 725/835/806 693/836/807
f  693/836/807 725/835/806 726/837/808 694/838/809
f  694/838/809 726/837/808 727/839/810 695/840/811
f  695/840/811 727/839/810 728/841/812 696/842/813
f  696/842/813 728/841/812 729/843/814 697/844/815
f  697/844/815 729/843/814 730/845/816 698/846/817
f  698/846/817 730/845/816 731/847/818 699/848/819
f  699/848/819 731/847/818 732/849/820 700/850/821
f  700/850/821 732/849/820 733/851/822 701/852/823
f  701/852/823 733/851/822 734/853/824 702/854/825
f  702/854/825 734/853/824 735/855/826 703/856/827
f  703/856/827 735/855/826 736/857/828 704/858/829
f  704/858/829 736/857/828 737/859/830 705/860/831
f  705/860/831 737/859/830 738/861/832 706/862/833
f  706/862/833 738/861/832 739/863/834 707/864/835
f  707/864/835 739/863/834 708/802/773 676/801/772
f  708/802/773 740/865/836 741/866/837 709/803/774
f  709/803/774 741/866/837 742/867/838 710/805/776
f  710/805/776 742/867/838 743/868/839 711/807/778
f  711/807/778 743/868/839 744/869/840 712/809/780
f  712/809/780 744/869/840 745/870/841 713/811/782
f  713/811/782 745/870/841 746/871/842 714/813/784
f  714/813/784 746/871/842 747/872/843 715/815/786
f  715/815/786 747/872/843 748/873/844 716/817/788
f  716/817/788 748/873/844 749/874/845 717/819/790
f  717/819/790 749/874/845 750/875/846 718/821/792
f  718/821/792 750/875/846 751/876/847 719/823/794
f  719/823/794 751/876/847 752/877/848 720/825/796
f  720/825/796 752/877/848 753/878/849 721/827/798
f  721/827/798 753/878/849 754/879/850 722/829/800
f  722/829/800 754/879/850 755/880/851 723/831/802
f  723/831/802 755/880/851 756/881/852 724/833/804
f  724/833/804 756/881/852 757/882/853 725/835/806
f  725/835/806 757/882/853 758/883/854 726/837/808
f  726/837/808 758/883/854 759/884/855 727/839/810
f  727/839/810 759/884/855 760/885/856 728/841/812
f  728/841/812 760/885/856 761/886/857 729/843/814
f  729/843/814 761/886/857 762/887/858 730/845/816
f  730/845/816 762/887/858 763/888/859 731/847/818
f  731/847/818 763/888/859 764/889/860 732/849/820
f  732/849/820 764/889/860 765/890/861 733/851/822
f  733/851/822 765/890/861 766/891/862 734/853/824
f  734/853/824 766/891/862 767/892/863 735/855/826
f  735/855/826 767/892/863 768/893/864 736/857/828
f  736/857/828 768/893/864 769/894/865 737/859/830
f  737/859/830 769/894/865 770/895/866 738/861/832
f  738/861/832 770/895/866 771/896/867 739/863/834
f  739/863/834 771/896/867 740/865/836 708/802/773
f  740/865/836 772/897/868 773/898/869 741/866/837
f  741/866/837 773/898/869 774/899/870 742/867/838
f  742/867/838 774/899/870 775/900/871 743/868/839
f  743/868/839 775/900/871 776/901/872 744/869/840
f  744/869/840 776/901/872 777/902/873 745/870/841
f  745/870/841 777/902/873 778/903/874 746/871/842
f  746/871/842 778/903/874 779/904/875 747/872/843
f  747/872/843 779/904/875 780/905/876 748/873/844
f  748/873/844 780/905/876 781/906/877 749/874/845
f  749/874/845 781/906/877 782/907/878 750/875/846
f  750/875/846 782/907/878 783/908/879 751/876/847
f  751/876/847 783/908/879 784/909/880 752/877/848
f  752/877/848 784/909/880 785/910/881 753/878/849
f  753/878/849 785/910/881 786/911/882 754/879/850
f  754/879/850 786/911/882 787/912/883 755/880/851
f  755/880/851 787/912/883 788/913/884 756/881/852
f  756/881/852 788/913/884 789/914/885 757/882/853
f  757/882/853 789/914/885 790/915/886 758/883/854
f  758/883/854 790/915/886 791/916/887 759/884/855
f  759/884/855 791/916/887 792/917/888 760/885/856
f  760/885/856 792/917/888 793/918/889 761/886/857
f  761/886/857 793/918/889 794/919/890 762/887/858
f  762/887/858 794/919/890 795/920/891 763/888/859
f  763/888/859 795/920/891 796/921/892 764/889/860
f  764/889/860 796/921/892 797/922/893 765/890/861
f  765/890/861 797/922/893 798/923/894 766/891/862
f  766/891/862 798/923/894 799/924/895 767/892/863
f  767/892/863 799/924/895 800/925/896 768/893/864
f  768/893/864 800/925/896 801/926/897 769/894/865
f  769/894/865 801/926/897 802/927/898 770/895/866
f  770/895/866 802/927/898 803/928/899 771/896/867
f  771/896/867 803/928/899 772/897/868 740/865/836
f  772/897/868 804/929/900 805/930/901 773/898/869
f  773/898/869 805/930/901 806/931/902 774/899/870
f  774/899/870 806/931/902 807/932/903 775/900/871
f  775/900/871 807/932/903 808/933/904 776/901/872
f  776/901/872 808/933/904 809/934/905 777/902/873
f  777/902/873 809/934/905 810/935/906 778/903/874
f  778/903/874 810/935/906 811/936/907 779/904/875
f  779/904/875 811/936/907 812/937/908 780/905/876
f  780/905/876 812/937/908 813/938/909 781/906/877
f  781/906/877 813/938/909 814/939/910 782/907/878
f  782/907/878 814/939/910 815/940/911 783/908/879
f  783/908/879 815/940/911 816/941/912 784/909/880
f  784/909/880 816/941/912 817/942/913 785/910/881
f  785/910/881 817/942/913 818/943/914 786/911/882
f  786/911/882 818/943/914 819/944/915 787/912/883
f  787/912/883 819/944/915 820/945/916 788/913/884
f  788/913/884 820/945/916 821/946/917 789/914/885
f  789/914/885 821/946/917 822/947/918 790/915/886
f  790/915/886 822/947/918 823/948/919 791/916/887
f  791/916/887 823/948/919 824/949/920 792/917/888
f  792/917/888 824/949/920 825/950/921 793/918/889
f  793/918/889 825/950/921 826/951/922 794/919/890
f  794/919/890 826/951/922 827/952/923 795/920/891
f  795/920/891 827/952/923 828/953/924 796/921/892
f  796/921/892 828/953/924 829/954/925 797/922/893
f  797/922/893 829/954/925 830/955/926 798/923/894
f  798/923/894 830/955/926 831/956/927 799/924/895
f  799/924/895 831/956/927 832/957/928 800/925/896
f  800/925/896 832/957/928 833/958/929 801/926/897
f  801/926/897 833/958/929 834/959/930 802/927/898
f  802/927/898 834/959/930 835/960/931 803/928/899
f  803/928/899 835/960/931 804/929/900 772/897/868
f  804/929/900 836/961/932 837/962/933 805/930/901
f  805/930/901 837/962/933 838/963/934 806/931/902
f  806/931/902 838/963/934 839/964/935 807/932/903
f  807/932/903 839/964/935 840/965/936 808/933/904
f  808/933/904 840/965/936 841/966/937 809/934/905
f  809/934/905 841/966/937 842/967/938 810/935/906
f  810/935/906 842/967/938 843/968/939 811/936/907
f  811/936/907 843/968/939 844/969/940 812/937/908
f  812/937/908 844/969/940 845/970/941 813/938/909
f  813/938/909 845/970/941 846/971/942 814/939/910
f  814/939/910 846/971/942 847/972/943 815/940/911
f  815/940/911 847/972/943 848/973/944 816/941/912
f  816/941/912 848/973/944 849/974/945 817/942/913
f  817/942/913 849/974/945 850/975/946 818/943/914
f  818/943/914 850/975/946 851/976/947 819/944/915
f  819/944/915 851/976/947 852/977/948 820/945/916
f  820/945/916 852/977/948 853/978/949 821/946/917
f  821/946/917 853/978/949 854/979/950 822/947/918
f  822/947/918 854/979/950 855/980/951 823/948/919
f  823/948/919 855/980/951 856/981/952 824/949/920
f  824/949/920 856/981/952 857/982/953 825/950/921
f  825/950/921 857/982/953 858/983/954 826/951/922
f  826/951/922 858/983/954 859/984/955 827/952/923
f  827/952/923 859/984/955 860/985/956 828/953/924
f  828/953/924 860/985/956 861/986/957 829/954/925
f  829/954/925 861/986/957 862/987/958 830/955/926
f  830/955/926 862/987/958 863/988/959 831/956/927
f  831/956/927 863/988/959 864/989/960 832/957/928
f  832/957/928 864/989/960 865/990/961 833/958/929
f  833/958/929 865/990/961 866/991/962 834/959/930
f  834/959/930 866/991/962 867/992/963 835/960/931
f  835/960/931 867/992/963 836/961/932 804/929/900
f  836/961/932 868/993/964 869/994/965 837/962/933
f  837/962/933 869/994/965 870/995/966 838/963/934
f  838/963/934 870/995/966 871/996/967 839/964/935
f  839/964/935 871/996/967 872/997/968 840/965/936
f  840/965/936 872/997/968 873/998/969 841/966/937
f  841/966/937 873/998/969 874/999/970 842/967/938
f  842/967/938 874/999/970 875/1000/971 843/968/939
f  843/968/939 875/1000/971 876/1001/972 844/969/940
f  844/969/940 876/1001/972 877/1002/973 845/970/941
f  845/970/941 877/1002/973 878/1003/974 846/971/942
f  846/971/942 878/1003/974 879/1004/975 847/972/943
f  847/972/943 879/1004/975 880/1005/976 848/973/944
f  848/973/944 880/1005/976 881/1006/977 849/974/945
f  849/974/945 881/1006/977 882/1007/978 850/975/946
f  850/975/946 882/1007/978 883/1008/979 851/976/947
f  851/976/947 883/1008/979 884/1009/980 852/977/948
f  852/977/948 884/1009/980 885/1010/981 853/978/949
f  853/978/949 885/1010/981 886/1011/982 854/979/950
f  854/979/950 886/1011/982 887/1012/983 855/980/951
f  855/980/951 887/1012/983 888/1013/984 856/981/952
f  856/981/952 888/1013/984 889/1014/985 857/982/953
f  857/982/953 889/1014/985 890/1015/986 858/983/954
f  858/983/954 890/1015/986 891/1016/987 859/984/955
f  859/984/955 891/1016/987 892/1017/988 860/985/956
f  860/985/956 892/1017/988 893/1018/989 861/986/957
f  861/986/957 893/1018/989 894/1019/990 862/987/958
f  862/987/958 894/1019/990 895/1020/991 863/988/959
f  863/988/959 895/1020/991 896/1021/992 864/989/960
f  864/989/960 896/1021/992 897/1022/993 865/990/961
f  865/990/961 897/1022/993 898/1023/994 866/991/962
f  866/991/962 898/1023/994 899/1024/995 867/992/963
f  867/992/963 899/1024/995 868/993/964 836/961/932
f  868/993/964 900/1025/996 901/1026/997 869/994/965
f  869/994/965 901/1026/997 902/1027/998 870/995/966
f  870/995/966 902/1027/998 903/1028/999 871/996/967
f  871/996/967 903/1028/999 904/1029/1000 872/997/968
f  872/997/968 904/1029/1000 905/1030/1001 873/998/969
f  873/998/969 905/1030/1001 906/1031/1002 874/999/970
f  874/999/970 906/1031/1002 907/1032/1003 875/1000/971
f  875/1000/971 907/1032/1003 908/1033/1004 876/1001/972
f  876/1001/972 908/1033/1004 909/1034/1005 877/1002/973
f  877/1002/973 909/1034/1005 910/1035/1006 878/1003/974
f  878/1003/974 910/1035/1006 911/1036/1007 879/1004/975
f  879/1004/975 911/1036/1007 912/1037/1008 880/1005/976
f  880/1005/976 912/1037/1008 913/1038/1009 881/1006/977
f  881/1006/977 913/1038/1009 914/1039/1010 882/1007/978
f  882/1007/978 914/1039/1010 915/1040/1011 883/1008/979
f  883/1008/979 915/1040/1011 916/1041/1012 884/1009/980
f  884/1009/980 916/1041/1012 917/1042/1013 885/1010/981
f  885/1010/981 917/1042/1013 918/1043/1014 886/1011/982
f  886/1011/982 918/1043/1014 919/1044/1015 887/1012/983
f  887/1012/983 919/1044/1015 920/1045/1016 888/1013/984
f  888/1013/984 920/1045/1016 921/1046/1017 889/1014/985
f  889/1014/985 921/1046/1017 922/1047/1018 890/1015/986
f  890/1015/986 922/1047/1018 923/1048/1019 891/1016/987
f  891/1016/987 923/1048/1019 924/1049/1020 892/1017/988
f  892/1017/988 924/1049/1020 925/1050/1021 893/1018/989
f  893/1018/989 925/1050/1021 926/1051/1022 894/1019/990
f  894/1019/990 926/1051/1022 927/1052/1023 895/1020/991
f  895/1020/991 927/1052/1023 928/1053/1024 896/1021/992
f  896/1021/992 928/1053/1024 929/1054/1025 897/1022/993
f  897/1022/993 929/1054/1025 930/1055/1026 898/1023/994
f  898/1023/994 930/1055/1026 931/1056/1027 899/1024/995
f  899/1024/995 931/1056/1027 900/1025/996 868/993/964
f  900/1025/996 932/1057/1028 933/1058/1029 901/1026/997
f  901/1026/997 933/1058/1029 934/1059/1030 902/1027/998
f  902/1027/998 934/1059/1030 935/1060/1031 903/1028/999
f  903/1028/999 935/1060/1031 936/1061/1032 904/1029/1000
f  904/1029/1000 936/1061/1032 937/1062/1033 905/1030/1001
f  905/1030/1001 937/1062/1033 938/1063/1034 906/1031/1002
f  906/1031/1002 938/1063/1034 939/1064/1035 907/1032/1003
f  907/1032/1003 939/1064/1035 940/1065/1036 908/1033/1004
f  908/1033/1004 940/1065/1036 941/1066/1037 909/1034/1005
f  909/1034/1005 941/1066/1037 942/1067/1038 910/1035/1006
f  910/1035/1006 942/1067/1038 943/1068/1039 911/1036/1007
f  911/1036/1007 943/1068/1039 944/1069/1040 912/1037/1008
f  912/1037/1008 944/1069/1040 945/1070/1041 913/1038/1009
f  913/1038/1009 945/1070/1041 946/1071/1042 914/1039/1010
f  914/1039/1010 946/1071/1042 947/1072/1043 915/1040/1011
f  915/1040/1011 947/1072/1043 948/1073/1044 916/1041/1012
f  916/1041/1012 948/1073/1044 949/1074/1045 917/1042/1013
f  917/1042/1013 949/1074/1045 950/1075/1046 918/1043/1014
f  918/1043/1014 950/1075/1046 951/1076/1047 919/1044/1015
f  919/1044/1015 951/1076/1047 952/1077/1048 920/1045/1016
f  920/1045/1016 952/1077/1048 953/1078/1049 921/1046/1017
f  921/1046/1017 953/1078/1049 954/1079/1050 922/1047/1018
f  922/1047/1018 954/1079/1050 955/1080/1051 923/1048/1019
f  923/1048/1019 955/1080/1051 956/1081/1052 924/1049/1020
f  924/1049/1020 956/1081/1052 957/1082/1053 925/1050/1021
f  925/1050/1021 957/1082/1053 958/1083/1054 926/1051/1022
f  926/1051/1022 958/1083/1054 959/1084/1055 927/1052/1023
f  927/1052/1023 959/1084/1055 960/1085/1056 928/1053/1024
f  928/1053/1024 960/1085/1056 961/1086/1057 929/1054/1025
f  929/1054/1025 961/1086/1057 962/1087/1058 930/1055/1026
f  930/1055/1026 962/1087/1058 963/1088/1059 931/1056/1027
f  931/1056/1027 963/1088/1059 932/1057/1028 900/1025/996
f  964/1089/1060 933/1058/1029 932/1057/1028 963/1088/1059
f  964/1089/1060 935/1060/1031 934/1059/1030 933/1058/1029
f  964/1089/1060 937/1062/1033 936/1061/1032 935/1060/1031
f  964/1089/1060 939/1064/1035 938/1063/1034 937/1062/1033
f  964/1089/1060 941/1066/1037 940/1065/1036 939/1064/1035
f  964/1089/1060 943/1068/1039 942/1067/1038 941/1066/1037
f  964/1089/1060 945/1070/1041 944/1069/1040 943/1068/1039
f  964/1089/1060 947/1072/1043 946/1071/1042 945/1070/1041
f  964/1089/1060 949/1074/1045 948/1073/1044 947/1072/1043
f  964/1089/1060 951/1076/1047 950/1075/1046 949/1074/1045
f  964/1089/1060 953/1078/1049 952/1077/1048 951/1076/1047
f  964/1089/1060 955/1080/1051 954/1079/1050 953/1078/1049
f  964/1089/1060 957/1082/1053 956/1081/1052 955/1080/1051
f  964/1089/1060 959/1084/1055 958/1083/1054 957/1082/1053
f  964/1089/1060 961/1086/1057 960/1085/1056 959/1084/1055
f  964/1089/1060 963/1088/1059 962/1087/1058 961/1086/1057
f  516/577/548 517/580/551 966/1090/1061 965/1091/1062
f  517/580/551 518/582/553 967/1092/1063 966/1090/1061
f  518/582/553 519/584/555 968/1093/1064 967/1092/1063
f  519/584/555 520/586/557 969/1094/1065 968/1093/1064
f  520/586/557 521/588/559 970/1095/1066 969/1094/1065
f  521/588/559 522/590/561 971/1096/1067 970/1095/1066
f  522/590/561 523/592/563 972/1097/1068 971/1096/1067
f  523/592/563 524/594/565 973/1098/1069 972/1097/1068
f  524/594/565 525/596/567 974/1099/1070 973/1098/1069
f  525/596/567 526/598/569 975/1100/1071 974/1099/1070
f  526/598/569 527/600/571 976/1101/1072 975/1100/1071
f  527/600/571 528/602/573 977/1102/1073 976/1101/1072
f  528/602/573 529/604/575 978/1103/1074 977/1102/1073
f  529/604/575 530/606/577 979/1104/1075 978/1103/1074
f  530/606/577 531/608/579 980/1105/1076 979/1104/1075
f  531/608/579 532/610/581 981/1106/1077 980/1105/1076
f  532/610/581 533/612/583 982/1107/1078 981/1106/1077
f  533/612/583 534/614/585 983/1108/1079 982/1107/1078
f  534/614/585 535/616/587 984/1109/1080 983/1108/1079
f  535/616/587 536/618/589 985/1110/1081 984/1109/1080
f  536/618/589 537/620/591 986/1111/1082 985/1110/1081
f  537/620/591 538/622/593 987/1112/1083 986/1111/1082
f  538/622/593 539/624/595 988/1113/1084 987/1112/1083
f  539/624/595 540/626/597 989/1114/1085 988/1113/1084
f  540/626/597 541/628/599 990/1115/1086 989/1114/1085
f  541/628/599 542/630/601 991/1116/1087 990/1115/1086
f  542/630/601 543/632/603 992/1117/1088 991/1116/1087
f  543/632/603 544/634/605 993/1118/1089 992/1117/1088
f  544/634/605 545/636/607 994/1119/1090 993/1118/1089
f  545/636/607 546/638/609 995/1120/1091 994/1119/1090
f  546/638/609 547/640/611 996/1121/1092 995/1120/1091
f  547/640/611 516/577/548 965/1091/1062 996/1121/1092
f  965/1091/1062 966/1090/1061 1184/1122/1093 1185/1123/1094
f  966/1090/1061 967/1092/1063 1183/1124/1095 1184/1122/1093
f  967/1092/1063 968/1093/1064 1182/1125/1096 1183/1124/1095
f  968/1093/1064 969/1094/1065 1181/1126/1097 1182/1125/1096
f  969/1094/1065 970/1095/1066 1180/1127/1098 1181/1126/1097
f  970/1095/1066 971/1096/1067 1179/1128/1099 1180/1127/1098
f  971/1096/1067 972/1097/1068 1178/1129/1100 1179/1128/1099
f  972/1097/1068 973/1098/1069 1177/1130/1101 1178/1129/1100
f  973/1098/1069 974/1099/1070 1176/1131/1102 1177/1130/1101
f  974/1099/1070 975/1100/1071 1175/1132/1103 1176/1131/1102
f  975/1100/1071 976/1101/1072 1174/1133/1104 1175/1132/1103
f  976/1101/1072 977/1102/1073 1173/1134/1105 1174/1133/1104
f  977/1102/1073 978/1103/1074 1172/1135/1106 1173/1134/1105
f  978/1103/1074 979/1104/1075 1171/1136/1107 1172/1135/1106
f  979/1104/1075 980/1105/1076 1170/1137/1108 1171/1136/1107
f  980/1105/1076 981/1106/1077 1169/1138/1109 1170/1137/1108
f  981/1106/1077 982/1107/1078 1168/1139/1110 1169/1138/1109
f  982/1107/1078 983/1108/1079 1167/1140/1111 1168/1139/1110
f  983/1108/1079 984/1109/1080 1166/1141/1112 1167/1140/1111
f  984/1109/1080 985/1110/1081 1165/1142/1113 1166/1141/1112
f  985/1110/1081 986/1111/1082 1164/1143/1114 1165/1142/1113
f  986/1111/1082 987/1112/1083 1163/1144/1115 1164/1143/1114
f  987/1112/1083 988/1113/1084 1162/1145/1116 1163/1144/1115
f  988/1113/1084 989/1114/1085 1161/1146/1117 1162/1145/1116
f  989/1114/1085 990/1115/1086 1160/1147/1118 1161/1146/1117
f  990/1115/1086 991/1116/1087 1159/1148/1119 1160/1147/1118
f  991/1116/1087 992/1117/1088 1158/1149/1120 1159/1148/1119
f  992/1117/1088 993/1118/1089 1157/1150/1121 1158/1149/1120
f  993/1118/1089 994/1119/1090 1188/1151/1122 1157/1150/1121
f  994/1119/1090 995/1120/1091 1187/1152/1123 1188/1151/1122
f  995/1120/1091 996/1121/1092 1186/1153/1124 1187/1152/1123
f  996/1121/1092 965/1091/1062 1185/1123/1094 1186/1153/1124
f  997/1154/1125 998/1155/1126 1216/1156/1127 1217/1157/1128
f  998/1155/1126 999/1158/1129 1215/1159/1130 1216/1156/1127
f  999/1158/1129 1000/1160/1131 1214/1161/1132 1215/1159/1130
f  1000/1160/1131 1001/1162/1133 1213/1163/1134 1214/1161/1132
f  1001/1162/1133 1002/1164/1135 1212/1165/1136 1213/1163/1134
f  1002/1164/1135 1003/1166/1137 1211/1167/1138 1212/1165/1136
f  1003/1166/1137 1004/1168/1139 1210/1169/1140 1211/1167/1138
f  1004/1168/1139 1005/1170/1141 1209/1171/1142 1210/1169/1140
f  1005/1170/1141 1006/1172/1143 1208/1173/1144 1209/1171/1142
f  1006/1172/1143 1007/1174/1145 1207/1175/1146 1208/1173/1144
f  1007/1174/1145 1008/1176/1147 1206/1177/1148 1207/1175/1146
f  1008/1176/1147 1009/1178/1149 1205/1179/1150 1206/1177/1148
f  1009/1178/1149 1010/1180/1151 1204/1181/1152 1205/1179/1150
f  1010/1180/1151 1011/1182/1153 1203/1183/1154 1204/1181/1152
f  1011/1182/1153 1012/1184/1155 1202/1185/1156 1203/1183/1154
f  1012/1184/1155 1013/1186/1157 1201/1187/1158 1202/1185/1156
f  1013/1186/1157 1014/1188/1159 1200/1189/1160 1201/1187/1158
f  1014/1188/1159 1015/1190/1161 1199/1191/1162 1200/1189/1160
f  1015/1190/1161 1016/1192/1163 1198/1193/1164 1199/1191/1162
f  1016/1192/1163 1017/1194/1165 1197/1195/1166 1198/1193/1164
f  1017/1194/1165 1018/1196/1167 1196/1197/1168 1197/1195/1166
f  1018/1196/1167 1019/1198/1169 1195/1199/1170 1196/1197/1168
f  1019/1198/1169 1020/1200/1171 1194/1201/1172 1195/1199/1170
f  1020/1200/1171 1021/1202/1173 1193/1203/1174 1194/1201/1172
f  1021/1202/1173 1022/1204/1175 1192/1205/1176 1193/1203/1174
f  1022/1204/1175 1023/1206/1177 1191/1207/1178 1192/1205/1176
f  1023/1206/1177 1024/1208/1179 1190/1209/1180 1191/1207/1178
f  1024/1208/1179 1025/1210/1181 1189/1211/1182 1190/1209/1180
f  1025/1210/1181 1026/1212/1183 1220/1213/1184 1189/1211/1182
f  1026/1212/1183 1027/1214/1185 1219/1215/1186 1220/1213/1184
f  1027/1214/1185 1028/1216/1187 1218/1217/1188 1219/1215/1186
f  1028/1216/1187 997/1154/1125 1217/1157/1128 1218/1217/1188
f  1029/1218/1189 1030/1219/1190 1114/1220/1191 1115/1221/1192
f  1030/1219/1190 1031/1222/1193 1113/1223/1194 1114/1220/1191
f  1031/1222/1193 1032/1224/1195 1112/1225/1196 1113/1223/1194
f  1032/1224/1195 1033/1226/1197 1111/1227/1198 1112/1225/1196
f  1033/1226/1197 1034/1228/1199 1110/1229/1200 1111/1227/1198
f  1034/1228/1199 1035/1230/1201 1109/1231/1202 1110/1229/1200
f  1035/1230/1201 1036/1232/1203 1108/1233/1204 1109/1231/1202
f  1036/1232/1203 1037/1234/1205 1107/1235/1206 1108/1233/1204
f  1037/1234/1205 1038/1236/1207 1106/1237/1208 1107/1235/1206
f  1038/1236/1207 1039/1238/1209 1105/1239/1210 1106/1237/1208
f  1039/1238/1209 1040/1240/1211 1104/1241/1212 1105/1239/1210
f  1040/1240/1211 1041/1242/1213 1103/1243/1214 1104/1241/1212
f  1041/1242/1213 1042/1244/1215 1102/1245/1216 1103/1243/1214
f  1042/1244/1215 1043/1246/1217 1101/1247/1218 1102/1245/1216
f  1043/1246/1217 1044/1248/1219 1100/1249/1220 1101/1247/1218
f  1044/1248/1219 1045/1250/1221 1099/1251/1222 1100/1249/1220
f  1045/1250/1221 1046/1252/1223 1098/1253/1224 1099/1251/1222
f  1046/1252/1223 1047/1254/1225 1097/1255/1226 1098/1253/1224
f  1047/1254/1225 1048/1256/1227 1096/1257/1228 1097/1255/1226
f  1048/1256/1227 1049/1258/1229 1095/1259/1230 1096/1257/1228
f  1049/1258/1229 1050/1260/1231 1094/1261/1232 1095/1259/1230
f  1050/1260/1231 1051/1262/1233 1093/1263/1234 1094/1261/1232
f  1051/1262/1233 1052/1264/1235 1124/1265/1236 1093/1263/1234
f  1052/1264/1235 1053/1266/1237 1123/1267/1238 1124/1265/1236
f  1053/1266/1237 1054/1268/1239 1122/1269/1240 1123/1267/1238
f  1054/1268/1239 1055/1270/1241 1121/1271/1242 1122/1269/1240
f  1055/1270/1241 1056/1272/1243 1120/1273/1244 1121/1271/1242
f  1056/1272/1243 1057/1274/1245 1119/1275/1246 1120/1273/1244
f  1057/1274/1245 1058/1276/1247 1118/1277/1248 1119/1275/1246
f  1058/1276/1247 1059/1278/1249 1117/1279/1250 1118/1277/1248
f  1059/1278/1249 1060/1280/1251 1116/1281/1252 1117/1279/1250
f  1060/1280/1251 1029/1218/1189 1115/1221/1192 1116/1281/1252
f  1114/1220/1191 1062/1282/1253 1061/1283/1254 1115/1221/1192
f  1113/1223/1194 1063/1284/1255 1062/1282/1253 1114/1220/1191
f  1112/1225/1196 1064/1285/1256 1063/1284/1255 1113/1223/1194
f  1111/1227/1198 1065/1286/1257 1064/1285/1256 1112/1225/1196
f  1110/1229/1200 1066/1287/1258 1065/1286/1257 1111/1227/1198
f  1109/1231/1202 1067/1288/1259 1066/1287/1258 1110/1229/1200
f  1108/1233/1204 1068/1289/1260 1067/1288/1259 1109/1231/1202
f  1107/1235/1206 1069/1290/1261 1068/1289/1260 1108/1233/1204
f  1106/1237/1208 1070/1291/1262 1069/1290/1261 1107/1235/1206
f  1105/1239/1210 1071/1292/1263 1070/1291/1262 1106/1237/1208
f  1104/1241/1212 1072/1293/1264 1071/1292/1263 1105/1239/1210
f  1103/1243/1214 1073/1294/1265 1072/1293/1264 1104/1241/1212
f  1102/1245/1216 1074/1295/1266 1073/1294/1265 1103/1243/1214
f  1101/1247/1218 1075/1296/1267 1074/1295/1266 1102/1245/1216
f  1100/1249/1220 1076/1297/1268 1075/1296/1267 1101/1247/1218
f  1099/1251/1222 1077/1298/1269 1076/1297/1268 1100/1249/1220
f  1098/1253/1224 1078/1299/1270 1077/1298/1269 1099/1251/1222
f  1097/1255/1226 1079/1300/1271 1078/1299/1270 1098/1253/1224
f  1096/1257/1228 1080/1301/1272 1079/1300/1271 1097/1255/1226
f  1095/1259/1230 1081/1302/1273 1080/1301/1272 1096/1257/1228
f  1094/1261/1232 1082/1303/1274 1081/1302/1273 1095/1259/1230
f  1093/1263/1234 1083/1304/1275 1082/1303/1274 1094/1261/1232
f  1124/1265/1236 1084/1305/1276 1083/1304/1275 1093/1263/1234
f  1123/1267/1238 1085/1306/1277 1084/1305/1276 1124/1265/1236
f  1122/1269/1240 1086/1307/1278 1085/1306/1277 1123/1267/1238
f  1121/1271/1242 1087/1308/1279 1086/1307/1278 1122/1269/1240
f  1120/1273/1244 1088/1309/1280 1087/1308/1279 1121/1271/1242
f  1119/1275/1246 1089/1310/1281 1088/1309/1280 1120/1273/1244
f  1118/1277/1248 1090/1311/1282 1089/1310/1281 1119/1275/1246
f  1117/1279/1250 1091/1312/1283 1090/1311/1282 1118/1277/1248
f  1116/1281/1252 1092/1313/1284 1091/1312/1283 1117/1279/1250
f  1115/1221/1192 1061/1283/1254 1092/1313/1284 1116/1281/1252
f  1148/545/516 1061/1283/1254 1062/1282/1253 1147/546/517
f  1147/546/517 1062/1282/1253 1063/1284/1255 1146/547/518
f  1146/547/518 1063/1284/1255 1064/1285/1256 1145/548/519
f  1145/548/519 1064/1285/1256 1065/1286/1257 1144/549/520
f  1144/549/520 1065/1286/1257 1066/1287/1258 1143/550/521
f  1143/550/521 1066/1287/1258 1067/1288/1259 1142/551/522
f  1142/551/522 1067/1288/1259 1068/1289/1260 1141/552/523
f  1141/552/523 1068/1289/1260 1069/1290/1261 1140/553/524
f  1140/553/524 1069/1290/1261 1070/1291/1262 1139/554/525
f  1139/554/525 1070/1291/1262 1071/1292/1263 1138/555/526
f  1138/555/526 1071/1292/1263 1072/1293/1264 1137/556/527
f  1137/556/527 1072/1293/1264 1073/1294/1265 1136/557/528
f  1136/557/528 1073/1294/1265 1074/1295/1266 1135/558/529
f  1135/558/529 1074/1295/1266 1075/1296/1267 1134/559/530
f  1134/559/530 1075/1296/1267 1076/1297/1268 1133/560/531
f  1133/560/531 1076/1297/1268 1077/1298/1269 1132/561/532
f  1132/561/532 1077/1298/1269 1078/1299/1270 1131/562/533
f  1131/562/533 1078/1299/1270 1079/1300/1271 1130/563/534
f  1130/563/534 1079/1300/1271 1080/1301/1272 1129/564/535
f  1129/564/535 1080/1301/1272 1081/1302/1273 1128/565/536
f  1128/565/536 1081/1302/1273 1082/1303/1274 1127/566/537
f  1127/566/537 1082/1303/1274 1083/1304/1275 1126/567/538
f  1126/567/538 1083/1304/1275 1084/1305/1276 1125/568/539
f  1125/568/539 1084/1305/1276 1085/1306/1277 1156/569/540
f  1156/569/540 1085/1306/1277 1086/1307/1278 1155/570/541
f  1155/570/541 1086/1307/1278 1087/1308/1279 1154/571/542
f  1154/571/542 1087/1308/1279 1088/1309/1280 1153/572/543
f  1153/572/543 1088/1309/1280 1089/1310/1281 1152/573/544
f  1152/573/544 1089/1310/1281 1090/1311/1282 1151/574/545
f  1151/574/545 1090/1311/1282 1091/1312/1283 1150/575/546
f  1150/575/546 1091/1312/1283 1092/1313/1284 1149/576/547
f  1149/576/547 1092/1313/1284 1061/1283/1254 1148/545/516
f  1184/1122/1093 998/1155/1126 997/1154/1125 1185/1123/1094
f  1183/1124/1095 999/1158/1129 998/1155/1126 1184/1122/1093
f  1182/1125/1096 1000/1160/1131 999/1158/1129 1183/1124/1095
f  1181/1126/1097 1001/1162/1133 1000/1160/1131 1182/1125/1096
f  1180/1127/1098 1002/1164/1135 1001/1162/1133 1181/1126/1097
f  1179/1128/1099 1003/1166/1137 1002/1164/1135 1180/1127/1098
f  1178/1129/1100 1004/1168/1139 1003/1166/1137 1179/1128/1099
f  1177/1130/1101 1005/1170/1141 1004/1168/1139 1178/1129/1100
f  1176/1131/1102 1006/1172/1143 1005/1170/1141 1177/1130/1101
f  1175/1132/1103 1007/1174/1145 1006/1172/1143 1176/1131/1102
f  1174/1133/1104 1008/1176/1147 1007/1174/1145 1175/1132/1103
f  1173/1134/1105 1009/1178/1149 1008/1176/1147 1174/1133/1104
f  1172/1135/1106 1010/1180/1151 1009/1178/1149 1173/1134/1105
f  1171/1136/1107 1011/1182/1153 1010/1180/1151 1172/1135/1106
f  1170/1137/1108 1012/1184/1155 1011/1182/1153 1171/1136/1107
f  1169/1138/1109 1013/1186/1157 1012/1184/1155 1170/1137/1108
f  1168/1139/1110 1014/1188/1159 1013/1186/1157 1169/1138/1109
f  1167/1140/1111 1015/1190/1161 1014/1188/1159 1168/1139/1110
f  1166/1141/1112 1016/1192/1163 1015/1190/1161 1167/1140/1111
f  1165/1142/1113 1017/1194/1165 1016/1192/1163 1166/1141/1112
f  1164/1143/1114 1018/1196/1167 1017/1194/1165 1165/1142/1113
f  1163/1144/1115 1019/1198/1169 1018/1196/1167 1164/1143/1114
f  1162/1145/1116 1020/1200/1171 1019/1198/1169 1163/1144/1115
f  1161/1146/1117 1021/1202/1173 1020/1200/1171 1162/1145/1116
f  1160/1147/1118 1022/1204/1175 1021/1202/1173 1161/1146/1117
f  1159/1148/1119 1023/1206/1177 1022/1204/1175 1160/1147/1118
f  1158/1149/1120 1024/1208/1179 1023/1206/1177 1159/1148/1119
f  1157/1150/1121 1025/1210/1181 1024/1208/1179 1158/1149/1120
f  1188/1151/1122 1026/1212/1183 1025/1210/1181 1157/1150/1121
f  1187/1152/1123 1027/1214/1185 1026/1212/1183 1188/1151/1122
f  1186/1153/1124 1028/1216/1187 1027/1214/1185 1187/1152/1123
f  1185/1123/1094 997/1154/1125 1028/1216/1187 1186/1153/1124
f  1216/1156/1127 1030/1219/1190 1029/1218/1189 1217/1157/1128
f  1215/1159/1130 1031/1222/1193 1030/1219/1190 1216/1156/1127
f  1214/1161/1132 1032/1224/1195 1031/1222/1193 1215/1159/1130
f  1213/1163/1134 1033/1226/1197 1032/1224/1195 1214/1161/1132
f  1212/1165/1136 1034/1228/1199 1033/1226/1197 1213/1163/1134
f  1211/1167/1138 1035/1230/1201 1034/1228/1199 1212/1165/1136
f  1210/1169/1140 1036/1232/1203 1035/1230/1201 1211/1167/1138
f  1209/1171/1142 1037/1234/1205 1036/1232/1203 1210/1169/1140
f  1208/1173/1144 1038/1236/1207 1037/1234/1205 1209/1171/1142
f  1207/1175/1146 1039/1238/1209 1038/1236/1207 1208/1173/1144
f  1206/1177/1148 1040/1240/1211 1039/1238/1209 1207/1175/1146
f  1205/1179/1150 1041/1242/1213 1040/1240/1211 1206/1177/1148
f  1204/1181/1152 1042/1244/1215 1041/1242/1213 1205/1179/1150
f  1203/1183/1154 1043/1246/1217 1042/1244/1215 1204/1181/1152
f  1202/1185/1156 1044/1248/1219 1043/1246/1217 1203/1183/1154
f  1201/1187/1158 1045/1250/1221 1044/1248/1219 1202/1185/1156
f  1200/1189/1160 1046/1252/1223 1045/1250/1221 1201/1187/1158
f  1199/1191/1162 1047/1254/1225 1046/1252/1223 1200/1189/1160
f  1198/1193/1164 1048/1256/1227 1047/1254/1225 1199/1191/1162
f  1197/1195/1166 1049/1258/1229 1048/1256/1227 1198/1193/1164
f  1196/1197/1168 1050/1260/1231 1049/1258/1229 1197/1195/1166
f  1195/1199/1170 1051/1262/1233 1050/1260/1231 1196/1197/1168
f  1194/1201/1172 1052/1264/1235 1051/1262/1233 1195/1199/1170
f  1193/1203/1174 1053/1266/1237 1052/1264/1235 1194/1201/1172
f  1192/1205/1176 1054/1268/1239 1053/1266/1237 1193/1203/1174
f  1191/1207/1178 1055/1270/1241 1054/1268/1239 1192/1205/1176
f  1190/1209/1180 1056/1272/1243 1055/1270/1241 1191/1207/1178
f  1189/1211/1182 1057/1274/1245 1056/1272/1243 1190/1209/1180
f  1220/1213/1184 1058/1276/1247 1057/1274/1245 1189/1211/1182
f  1219/1215/1186 1059/1278/1249 1058/1276/1247 1220/1213/1184
f  1218/1217/1188 1060/1280/1251 1059/1278/1249 1219/1215/1186
f  1217/1157/1128 1029/1218/1189 1060/1280/1251 1218/1217/1188
f  1228/738/709 676/1314/772 677/1315/775 1227/739/710
f  1227/739/710 677/1315/775 678/1316/777 1226/741/712
f  1226/741/712 678/1316/777 679/1317/779 1225/743/714
f  1225/743/714 679/1317/779 680/1318/781 1224/745/716
f  1224/745/716 680/1318/781 681/1319/783 1223/747/718
f  1223/747/718 681/1319/783 682/1320/785 1222/749/720
f  1222/749/720 682/1320/785 683/1321/787 1221/751/722
f  1221/751/722 683/1321/787 684/1322/789 1252/753/724
f  1252/753/724 684/1322/789 685/1323/791 1251/755/726
f  1251/755/726 685/1323/791 686/1324/793 1250/757/728
f  1250/757/728 686/1324/793 687/1325/795 1249/759/730
f  1249/759/730 687/1325/795 688/1326/797 1248/761/732
f  1248/761/732 688/1326/797 689/1327/799 1247/763/734
f  1247/763/734 689/1327/799 690/830/801 1246/765/736
f  1246/765/736 690/830/801 691/832/803 1245/767/738
f  1245/767/738 691/832/803 692/834/805 1244/769/740
f  1244/769/740 692/834/805 693/1328/807 1243/771/742
f  1243/771/742 693/1328/807 694/1329/809 1242/773/744
f  1242/773/744 694/1329/809 695/1330/811 1241/775/746
f  1241/775/746 695/1330/811 696/1331/813 1240/777/748
f  1240/777/748 696/1331/813 697/1332/815 1239/779/750
f  1239/779/750 697/1332/815 698/1333/817 1238/781/752
f  1238/781/752 698/1333/817 699/1334/819 1237/783/754
f  1237/783/754 699/1334/819 700/1335/821 1236/785/756
f  1236/785/756 700/1335/821 701/1336/823 1235/787/758
f  1235/787/758 701/1336/823 702/1337/825 1234/789/760
f  1234/789/760 702/1337/825 703/1338/827 1233/791/762
f  1233/791/762 703/1338/827 704/1339/829 1232/793/764
f  1232/793/764 704/1339/829 705/1340/831 1231/795/766
f  1231/795/766 705/1340/831 706/1341/833 1230/797/768
f  1230/797/768 706/1341/833 707/1342/835 1229/799/770
f  1229/799/770 707/1342/835 676/1314/772 1228/738/709
f  1260/705/676 644/737/708 645/740/711 1259/706/677
f  1259/706/677 645/740/711 646/742/713 1258/707/678
f  1258/707/678 646/742/713 647/744/715 1257/708/679
f  1257/708/679 647/744/715 648/746/717 1256/709/680
f  1256/709/680 648/746/717 649/748/719 1255/710/681
f  1255/710/681 649/748/719 650/750/721 1254/711/682
f  1254/711/682 650/750/721 651/752/723 1253/712/683
f  1253/712/683 651/752/723 652/754/725 1284/713/684
f  1284/713/684 652/754/725 653/756/727 1283/714/685
f  1283/714/685 653/756/727 654/758/729 1282/715/686
f  1282/715/686 654/758/729 655/760/731 1281/716/687
f  1281/716/687 655/760/731 656/762/733 1280/717/688
f  1280/717/688 656/762/733 657/764/735 1279/718/689
f  1279/718/689 657/764/735 658/766/737 1278/719/690
f  1278/719/690 658/766/737 659/768/739 1277/720/691
f  1277/720/691 659/768/739 660/770/741 1276/721/692
f  1276/721/692 660/770/741 661/772/743 1275/722/693
f  1275/722/693 661/772/743 662/774/745 1274/723/694
f  1274/723/694 662/774/745 663/776/747 1273/724/695
f  1273/724/695 663/776/747 664/778/749 1272/725/696
f  1272/725/696 664/778/749 665/780/751 1271/726/697
f  1271/726/697 665/780/751 666/782/753 1270/727/698
f  1270/727/698 666/782/753 667/784/755 1269/728/699
f  1269/728/699 667/784/755 668/786/757 1268/729/700
f  1268/729/700 668/786/757 669/788/759 1267/730/701
f  1267/730/701 669/788/759 670/790/761 1266/731/702
f  1266/731/702 670/790/761 671/792/763 1265/732/703
f  1265/732/703 671/792/763 672/794/765 1264/733/704
f  1264/733/704 672/794/765 673/796/767 1263/734/705
f  1263/734/705 673/796/767 674/798/769 1262/735/706
f  1262/735/706 674/798/769 675/800/771 1261/736/707
f  1261/736/707 675/800/771 644/737/708 1260/705/676
# object Angelfish_Set_02_pivot
g Angelfish_Set_02_pivot
v 0.44557 -3.83044 3.21628
v 0.44234 -3.82949 3.22517
v 0.44172 -3.83122 3.22493
v 0.44120 -3.83291 3.22436
v 0.44083 -3.83448 3.22346
v 0.44060 -3.83589 3.22228
v 0.44054 -3.83708 3.22086
v 0.44063 -3.83800 3.21925
v 0.44088 -3.83862 3.21752
v 0.44128 -3.83891 3.21573
v 0.44182 -3.83886 3.21396
v 0.44246 -3.83847 3.21226
v 0.44319 -3.83777 3.21071
v 0.44399 -3.83677 3.20937
v 0.44481 -3.83551 3.20828
v 0.44562 -3.83404 3.20749
v 0.44641 -3.83243 3.20703
v 0.44713 -3.83072 3.20691
v 0.44775 -3.82899 3.20715
v 0.44826 -3.82731 3.20773
v 0.44864 -3.82573 3.20862
v 0.44887 -3.82432 3.20981
v 0.44893 -3.82313 3.21123
v 0.44884 -3.82221 3.21283
v 0.44859 -3.82160 3.21456
v 0.44819 -3.82131 3.21635
v 0.44765 -3.82136 3.21813
v 0.44701 -3.82174 3.21982
v 0.44627 -3.82245 3.22137
v 0.44548 -3.82345 3.22272
v 0.44466 -3.82471 3.22380
v 0.44384 -3.82617 3.22459
v 0.44306 -3.82779 3.22506
v 0.43757 -3.82790 3.23323
v 0.43634 -3.83129 3.23277
v 0.43534 -3.83460 3.23164
v 0.43460 -3.83770 3.22988
v 0.43416 -3.84046 3.22756
v 0.43403 -3.84279 3.22477
v 0.43421 -3.84460 3.22162
v 0.43471 -3.84581 3.21822
v 0.43549 -3.84637 3.21472
v 0.43654 -3.84628 3.21124
v 0.43780 -3.84552 3.20791
v 0.43924 -3.84414 3.20487
v 0.44079 -3.84217 3.20223
v 0.44240 -3.83971 3.20010
v 0.44401 -3.83684 3.19855
v 0.44554 -3.83367 3.19764
v 0.44695 -3.83032 3.19742
v 0.44818 -3.82693 3.19788
v 0.44919 -3.82362 3.19901
v 0.44992 -3.82053 3.20077
v 0.45037 -3.81776 3.20309
v 0.45050 -3.81543 3.20588
v 0.45031 -3.81363 3.20904
v 0.44982 -3.81242 3.21243
v 0.44903 -3.81185 3.21593
v 0.44799 -3.81195 3.21942
v 0.44672 -3.81270 3.22274
v 0.44528 -3.81409 3.22578
v 0.44373 -3.81605 3.22842
v 0.44212 -3.81852 3.23055
v 0.44052 -3.82139 3.23210
v 0.43898 -3.82456 3.23301
v 0.43144 -3.82574 3.24016
v 0.42965 -3.83066 3.23949
v 0.42819 -3.83547 3.23785
v 0.42712 -3.83996 3.23529
v 0.42648 -3.84398 3.23193
v 0.42629 -3.84736 3.22788
v 0.42656 -3.84998 3.22330
v 0.42728 -3.85173 3.21837
v 0.42842 -3.85256 3.21328
v 0.42994 -3.85242 3.20823
v 0.43178 -3.85132 3.20340
v 0.43386 -3.84931 3.19899
v 0.43612 -3.84646 3.19516
v 0.43845 -3.84288 3.19206
v 0.44078 -3.83871 3.18981
v 0.44301 -3.83411 3.18849
v 0.44506 -3.82925 3.18817
v 0.44685 -3.82433 3.18884
v 0.44830 -3.81953 3.19048
v 0.44937 -3.81503 3.19304
v 0.45001 -3.81102 3.19641
v 0.45020 -3.80764 3.20046
v 0.44993 -3.80502 3.20503
v 0.44922 -3.80326 3.20996
v 0.44808 -3.80244 3.21505
v 0.44656 -3.80258 3.22010
v 0.44472 -3.80367 3.22493
v 0.44263 -3.80569 3.22934
v 0.44038 -3.80854 3.23317
v 0.43804 -3.81211 3.23627
v 0.43572 -3.81629 3.23852
v 0.43348 -3.82089 3.23984
v 0.42418 -3.82309 3.24569
v 0.42190 -3.82936 3.24484
v 0.42005 -3.83547 3.24274
v 0.41869 -3.84119 3.23949
v 0.41787 -3.84630 3.23521
v 0.41763 -3.85060 3.23005
v 0.41797 -3.85394 3.22423
v 0.41889 -3.85617 3.21796
v 0.42034 -3.85722 3.21148
v 0.42227 -3.85704 3.20505
v 0.42461 -3.85565 3.19890
v 0.42726 -3.85309 3.19329
v 0.43013 -3.84946 3.18841
v 0.43311 -3.84490 3.18447
v 0.43607 -3.83959 3.18160
v 0.43891 -3.83374 3.17993
v 0.44152 -3.82756 3.17951
v 0.44379 -3.82129 3.18037
v 0.44564 -3.81518 3.18246
v 0.44700 -3.80946 3.18571
v 0.44782 -3.80435 3.19000
v 0.44806 -3.80004 3.19515
v 0.44772 -3.79671 3.20098
v 0.44680 -3.79448 3.20725
v 0.44535 -3.79343 3.21373
v 0.44342 -3.79360 3.22016
v 0.44108 -3.79500 3.22630
v 0.43843 -3.79756 3.23192
v 0.43556 -3.80119 3.23680
v 0.43259 -3.80575 3.24074
v 0.42962 -3.81105 3.24360
v 0.42678 -3.81691 3.24528
v 0.41607 -3.82005 3.24961
v 0.41340 -3.82742 3.24860
v 0.41122 -3.83460 3.24614
v 0.40962 -3.84133 3.24232
v 0.40866 -3.84734 3.23728
v 0.40837 -3.85240 3.23122
v 0.40877 -3.85632 3.22437
v 0.40985 -3.85895 3.21700
v 0.41156 -3.86018 3.20938
v 0.41383 -3.85997 3.20181
v 0.41658 -3.85833 3.19459
v 0.41970 -3.85532 3.18799
v 0.42307 -3.85105 3.18225
v 0.42657 -3.84570 3.17761
v 0.43005 -3.83946 3.17425
v 0.43339 -3.83257 3.17228
v 0.43646 -3.82530 3.17179
v 0.43913 -3.81794 3.17280
v 0.44131 -3.81075 3.17526
v 0.44291 -3.80402 3.17908
v 0.44387 -3.79801 3.18412
v 0.44416 -3.79295 3.19018
v 0.44375 -3.78903 3.19703
v 0.44268 -3.78640 3.20441
v 0.44097 -3.78517 3.21202
v 0.43870 -3.78538 3.21959
v 0.43595 -3.78702 3.22681
v 0.43283 -3.79003 3.23342
v 0.42945 -3.79430 3.23915
v 0.42596 -3.79965 3.24379
v 0.42247 -3.80590 3.24715
v 0.41913 -3.81278 3.24912
v 0.40743 -3.81673 3.25176
v 0.40446 -3.82492 3.25064
v 0.40203 -3.83291 3.24791
v 0.40026 -3.84038 3.24366
v 0.39919 -3.84706 3.23806
v 0.39887 -3.85268 3.23133
v 0.39932 -3.85704 3.22372
v 0.40052 -3.85996 3.21552
v 0.40241 -3.86133 3.20706
v 0.40494 -3.86110 3.19865
v 0.40799 -3.85927 3.19063
v 0.41146 -3.85593 3.18329
v 0.41521 -3.85119 3.17692
v 0.41909 -3.84523 3.17177
v 0.42296 -3.83830 3.16802
v 0.42668 -3.83065 3.16584
v 0.43008 -3.82257 3.16530
v 0.43305 -3.81439 3.16641
v 0.43547 -3.80640 3.16915
v 0.43725 -3.79893 3.17340
v 0.43832 -3.79225 3.17900
v 0.43863 -3.78663 3.18573
v 0.43819 -3.78227 3.19334
v 0.43699 -3.77935 3.20153
v 0.43510 -3.77798 3.21000
v 0.43257 -3.77821 3.21840
v 0.42952 -3.78004 3.22643
v 0.42605 -3.78338 3.23377
v 0.42230 -3.78812 3.24014
v 0.41841 -3.79407 3.24529
v 0.41454 -3.80101 3.24903
v 0.41083 -3.80866 3.25122
v 0.39858 -3.81328 3.25207
v 0.39543 -3.82197 3.25088
v 0.39286 -3.83044 3.24798
v 0.39097 -3.83838 3.24347
v 0.38983 -3.84547 3.23752
v 0.38950 -3.85144 3.23038
v 0.38997 -3.85606 3.22230
v 0.39124 -3.85916 3.21360
v 0.39326 -3.86062 3.20461
v 0.39594 -3.86037 3.19569
v 0.39918 -3.85843 3.18717
v 0.40286 -3.85488 3.17938
v 0.40684 -3.84985 3.17262
v 0.41096 -3.84353 3.16714
v 0.41508 -3.83617 3.16317
v 0.41901 -3.82805 3.16085
v 0.42263 -3.81947 3.16028
v 0.42578 -3.81078 3.16146
v 0.42835 -3.80231 3.16437
v 0.43024 -3.79437 3.16888
v 0.43138 -3.78728 3.17482
v 0.43171 -3.78131 3.18197
v 0.43123 -3.77669 3.19005
v 0.42997 -3.77359 3.19875
v 0.42795 -3.77213 3.20773
v 0.42527 -3.77238 3.21665
v 0.42203 -3.77432 3.22518
v 0.41835 -3.77787 3.23297
v 0.41437 -3.78290 3.23973
v 0.41024 -3.78922 3.24520
v 0.40613 -3.79658 3.24917
v 0.40220 -3.80471 3.25149
v 0.38987 -3.80981 3.25052
v 0.38665 -3.81867 3.24931
v 0.38403 -3.82731 3.24635
v 0.38211 -3.83540 3.24175
v 0.38095 -3.84263 3.23569
v 0.38061 -3.84872 3.22840
v 0.38110 -3.85343 3.22016
v 0.38239 -3.85659 3.21129
v 0.38444 -3.85807 3.20213
v 0.38717 -3.85782 3.19303
v 0.39048 -3.85585 3.18435
v 0.39423 -3.85223 3.17640
v 0.39829 -3.84710 3.16951
v 0.40250 -3.84065 3.16393
v 0.40669 -3.83315 3.15988
v 0.41070 -3.82487 3.15752
v 0.41439 -3.81613 3.15693
v 0.41761 -3.80726 3.15814
v 0.42023 -3.79862 3.16110
v 0.42215 -3.79053 3.16570
v 0.42331 -3.78330 3.17176
v 0.42365 -3.77722 3.17904
v 0.42316 -3.77250 3.18728
v 0.42187 -3.76934 3.19615
v 0.41982 -3.76786 3.20531
v 0.41709 -3.76811 3.21441
v 0.41378 -3.77008 3.22310
v 0.41003 -3.77371 3.23104
v 0.40597 -3.77884 3.23793
v 0.40176 -3.78528 3.24351
v 0.39757 -3.79279 3.24756
v 0.39356 -3.80107 3.24993
v 0.38163 -3.80646 3.24717
v 0.37848 -3.81515 3.24598
v 0.37591 -3.82362 3.24308
v 0.37402 -3.83156 3.23857
v 0.37289 -3.83865 3.23262
v 0.37255 -3.84462 3.22547
v 0.37303 -3.84924 3.21740
v 0.37429 -3.85234 3.20870
v 0.37631 -3.85380 3.19971
v 0.37899 -3.85355 3.19079
v 0.38223 -3.85162 3.18227
v 0.38591 -3.84806 3.17448
v 0.38989 -3.84303 3.16772
v 0.39402 -3.83671 3.16224
v 0.39813 -3.82935 3.15827
v 0.40207 -3.82123 3.15595
v 0.40568 -3.81266 3.15537
v 0.40883 -3.80397 3.15656
v 0.41140 -3.79549 3.15946
v 0.41329 -3.78755 3.16398
v 0.41443 -3.78046 3.16992
v 0.41476 -3.77449 3.17707
v 0.41429 -3.76987 3.18515
v 0.41302 -3.76677 3.19385
v 0.41100 -3.76532 3.20283
v 0.40833 -3.76556 3.21175
v 0.40508 -3.76750 3.22027
v 0.40140 -3.77105 3.22807
v 0.39742 -3.77608 3.23483
v 0.39330 -3.78240 3.24030
v 0.38919 -3.78976 3.24427
v 0.38525 -3.79789 3.24659
v 0.37418 -3.80336 3.24215
v 0.37121 -3.81155 3.24103
v 0.36879 -3.81953 3.23830
v 0.36701 -3.82700 3.23405
v 0.36594 -3.83368 3.22845
v 0.36563 -3.83931 3.22171
v 0.36607 -3.84366 3.21410
v 0.36727 -3.84658 3.20591
v 0.36916 -3.84795 3.19745
v 0.37169 -3.84772 3.18904
v 0.37474 -3.84590 3.18101
v 0.37821 -3.84255 3.17367
v 0.38196 -3.83781 3.16731
v 0.38585 -3.83186 3.16215
v 0.38972 -3.82492 3.15841
v 0.39343 -3.81727 3.15623
v 0.39683 -3.80920 3.15568
v 0.39981 -3.80101 3.15680
v 0.40223 -3.79303 3.15953
v 0.40400 -3.78555 3.16378
v 0.40507 -3.77887 3.16938
v 0.40539 -3.77325 3.17612
v 0.40494 -3.76889 3.18373
v 0.40375 -3.76597 3.19192
v 0.40185 -3.76460 3.20038
v 0.39933 -3.76484 3.20879
v 0.39627 -3.76666 3.21682
v 0.39280 -3.77001 3.22415
v 0.38905 -3.77475 3.23052
v 0.38517 -3.78070 3.23568
v 0.38130 -3.78763 3.23942
v 0.37759 -3.79528 3.24160
v 0.36780 -3.80063 3.23565
v 0.36513 -3.80800 3.23465
v 0.36295 -3.81518 3.23218
v 0.36135 -3.82191 3.22836
v 0.36039 -3.82792 3.22332
v 0.36010 -3.83298 3.21726
v 0.36051 -3.83690 3.21041
v 0.36158 -3.83953 3.20304
v 0.36329 -3.84076 3.19542
v 0.36556 -3.84055 3.18786
v 0.36831 -3.83891 3.18063
v 0.37143 -3.83590 3.17403
v 0.37481 -3.83163 3.16830
v 0.37830 -3.82628 3.16366
v 0.38179 -3.82004 3.16029
v 0.38513 -3.81315 3.15832
v 0.38819 -3.80588 3.15783
v 0.39086 -3.79852 3.15884
v 0.39304 -3.79133 3.16130
v 0.39464 -3.78460 3.16513
v 0.39561 -3.77859 3.17016
v 0.39589 -3.77353 3.17622
v 0.39549 -3.76961 3.18307
v 0.39441 -3.76698 3.19045
v 0.39270 -3.76575 3.19806
v 0.39043 -3.76596 3.20563
v 0.38768 -3.76760 3.21285
v 0.38456 -3.77061 3.21946
v 0.38119 -3.77488 3.22519
v 0.37769 -3.78024 3.22983
v 0.37421 -3.78648 3.23320
v 0.37087 -3.79336 3.23516
v 0.36275 -3.79837 3.22793
v 0.36047 -3.80464 3.22707
v 0.35862 -3.81075 3.22498
v 0.35726 -3.81647 3.22173
v 0.35644 -3.82158 3.21744
v 0.35620 -3.82589 3.21229
v 0.35654 -3.82922 3.20646
v 0.35746 -3.83146 3.20019
v 0.35891 -3.83250 3.19372
v 0.36084 -3.83233 3.18728
v 0.36318 -3.83093 3.18114
v 0.36583 -3.82837 3.17552
v 0.36870 -3.82474 3.17065
v 0.37167 -3.82019 3.16670
v 0.37464 -3.81488 3.16384
v 0.37748 -3.80902 3.16217
v 0.38008 -3.80284 3.16175
v 0.38236 -3.79658 3.16261
v 0.38421 -3.79047 3.16470
v 0.38557 -3.78475 3.16795
v 0.38639 -3.77963 3.17224
v 0.38663 -3.77533 3.17739
v 0.38629 -3.77200 3.18321
v 0.38537 -3.76976 3.18949
v 0.38392 -3.76871 3.19596
v 0.38199 -3.76889 3.20240
v 0.37965 -3.77029 3.20854
v 0.37700 -3.77285 3.21416
v 0.37413 -3.77647 3.21903
v 0.37116 -3.78103 3.22298
v 0.36819 -3.78634 3.22584
v 0.36535 -3.79219 3.22751
v 0.35920 -3.79668 3.21928
v 0.35741 -3.80160 3.21860
v 0.35596 -3.80640 3.21696
v 0.35489 -3.81090 3.21440
v 0.35425 -3.81491 3.21104
v 0.35406 -3.81830 3.20699
v 0.35433 -3.82092 3.20241
v 0.35505 -3.82267 3.19748
v 0.35619 -3.82350 3.19239
v 0.35770 -3.82336 3.18734
v 0.35954 -3.82226 3.18251
v 0.36163 -3.82025 3.17810
v 0.36388 -3.81740 3.17427
v 0.36622 -3.81382 3.17117
v 0.36854 -3.80965 3.16892
v 0.37078 -3.80505 3.16761
v 0.37282 -3.80019 3.16728
v 0.37461 -3.79527 3.16795
v 0.37607 -3.79047 3.16960
v 0.37714 -3.78597 3.17215
v 0.37778 -3.78196 3.17552
v 0.37797 -3.77857 3.17957
v 0.37770 -3.77595 3.18414
v 0.37698 -3.77420 3.18907
v 0.37584 -3.77337 3.19416
v 0.37432 -3.77351 3.19922
v 0.37249 -3.77461 3.20404
v 0.37040 -3.77662 3.20846
v 0.36814 -3.77947 3.21228
v 0.36581 -3.78305 3.21538
v 0.36348 -3.78722 3.21763
v 0.36125 -3.79182 3.21895
v 0.35731 -3.79561 3.21002
v 0.35608 -3.79900 3.20956
v 0.35507 -3.80231 3.20843
v 0.35434 -3.80540 3.20667
v 0.35389 -3.80817 3.20435
v 0.35376 -3.81050 3.20156
v 0.35395 -3.81231 3.19841
v 0.35444 -3.81351 3.19501
v 0.35523 -3.81408 3.19151
v 0.35627 -3.81399 3.18803
v 0.35754 -3.81323 3.18470
v 0.35898 -3.81184 3.18166
v 0.36053 -3.80988 3.17902
v 0.36214 -3.80742 3.17689
v 0.36374 -3.80454 3.17534
v 0.36528 -3.80137 3.17443
v 0.36669 -3.79803 3.17421
v 0.36792 -3.79464 3.17467
v 0.36892 -3.79133 3.17580
v 0.36966 -3.78823 3.17756
v 0.37010 -3.78547 3.17988
v 0.37023 -3.78314 3.18267
v 0.37005 -3.78133 3.18583
v 0.36955 -3.78013 3.18922
v 0.36877 -3.77956 3.19272
v 0.36772 -3.77965 3.19621
v 0.36646 -3.78041 3.19953
v 0.36502 -3.78180 3.20257
v 0.36347 -3.78376 3.20521
v 0.36186 -3.78622 3.20734
v 0.36025 -3.78910 3.20889
v 0.35872 -3.79227 3.20980
v 0.35713 -3.79521 3.20053
v 0.35651 -3.79694 3.20030
v 0.35600 -3.79862 3.19972
v 0.35562 -3.80020 3.19882
v 0.35539 -3.80161 3.19764
v 0.35533 -3.80280 3.19622
v 0.35542 -3.80372 3.19461
v 0.35568 -3.80434 3.19288
v 0.35608 -3.80463 3.19109
v 0.35661 -3.80458 3.18932
v 0.35725 -3.80419 3.18762
v 0.35799 -3.80348 3.18607
v 0.35878 -3.80248 3.18473
v 0.35960 -3.80123 3.18364
v 0.36042 -3.79976 3.18285
v 0.36120 -3.79815 3.18239
v 0.36192 -3.79644 3.18227
v 0.36255 -3.79471 3.18251
v 0.36306 -3.79303 3.18309
v 0.36343 -3.79145 3.18398
v 0.36366 -3.79004 3.18517
v 0.36372 -3.78885 3.18659
v 0.36363 -3.78793 3.18819
v 0.36338 -3.78731 3.18992
v 0.36298 -3.78703 3.19171
v 0.36244 -3.78707 3.19349
v 0.36180 -3.78746 3.19518
v 0.36107 -3.78817 3.19673
v 0.36028 -3.78917 3.19808
v 0.35945 -3.79042 3.19916
v 0.35864 -3.79189 3.19995
v 0.35785 -3.79350 3.20042
v 0.35869 -3.79549 3.19116
# 482 verticies
vt 0.72638 0.26894
vt 0.74121 0.24649
vt 0.74530 0.24983
vt 0.74868 0.25389
vt 0.75123 0.25852
vt 0.75286 0.26354
vt 0.75350 0.26878
vt 0.75313 0.27405
vt 0.75175 0.27915
vt 0.74940 0.28389
vt 0.74616 0.28809
vt 0.74214 0.29157
vt 0.73749 0.29421
vt 0.73238 0.29587
vt 0.72701 0.29649
vt 0.72158 0.29603
vt 0.71631 0.29449
vt 0.71142 0.29193
vt 0.70711 0.28846
vt 0.70355 0.28421
vt 0.70091 0.27937
vt 0.69928 0.27412
vt 0.69874 0.26868
vt 0.69929 0.26328
vt 0.70089 0.25813
vt 0.70348 0.25343
vt 0.70694 0.24936
vt 0.71113 0.24606
vt 0.71587 0.24365
vt 0.72097 0.24221
vt 0.72625 0.24179
vt 0.73151 0.24238
vt 0.73656 0.24397
vt 0.76433 0.23068
vt 0.77100 0.23867
vt 0.77607 0.24777
vt 0.77938 0.25767
vt 0.78078 0.26805
vt 0.78020 0.27854
vt 0.77764 0.28880
vt 0.77314 0.29843
vt 0.76683 0.30708
vt 0.75888 0.31440
vt 0.74956 0.32007
vt 0.73918 0.32380
vt 0.72814 0.32538
vt 0.71688 0.32469
vt 0.70587 0.32168
vt 0.69560 0.31646
vt 0.68656 0.30922
vt 0.67918 0.30029
vt 0.67380 0.29009
vt 0.67063 0.27910
vt 0.66980 0.26781
vt 0.67126 0.25671
vt 0.67490 0.24625
vt 0.68050 0.23683
vt 0.68777 0.22879
vt 0.69640 0.22237
vt 0.70603 0.21778
vt 0.71629 0.21513
vt 0.72681 0.21448
vt 0.73721 0.21581
vt 0.74715 0.21904
vt 0.75629 0.22406
vt 0.78375 0.21118
vt 0.79371 0.22308
vt 0.80135 0.23662
vt 0.80640 0.25138
vt 0.80867 0.26688
vt 0.80804 0.28265
vt 0.80447 0.29816
vt 0.79799 0.31287
vt 0.78872 0.32625
vt 0.77690 0.33774
vt 0.76286 0.34685
vt 0.74704 0.35308
vt 0.72999 0.35603
vt 0.71240 0.35539
vt 0.69503 0.35101
vt 0.67874 0.34295
vt 0.66439 0.33153
vt 0.65278 0.31733
vt 0.64451 0.30112
vt 0.63992 0.28375
vt 0.63911 0.26610
vt 0.64192 0.24896
vt 0.64804 0.23303
vt 0.65707 0.21888
vt 0.66851 0.20694
vt 0.68186 0.19757
vt 0.69656 0.19097
vt 0.71207 0.18730
vt 0.72786 0.18657
vt 0.74340 0.18876
vt 0.75820 0.19372
vt 0.77179 0.20129
vt 0.80396 0.19094
vt 0.81727 0.20682
vt 0.82756 0.22487
vt 0.83446 0.24455
vt 0.83773 0.26529
vt 0.83719 0.28647
vt 0.83275 0.30742
vt 0.82442 0.32746
vt 0.81232 0.34588
vt 0.79667 0.36197
vt 0.77785 0.37501
vt 0.75636 0.38428
vt 0.73288 0.38914
vt 0.70830 0.38898
vt 0.68373 0.38341
vt 0.66045 0.37232
vt 0.63990 0.35609
vt 0.62344 0.33572
vt 0.61210 0.31251
vt 0.60631 0.28791
vt 0.60597 0.26326
vt 0.61068 0.23968
vt 0.61985 0.21807
vt 0.63281 0.19913
vt 0.64885 0.18336
vt 0.66724 0.17114
vt 0.68727 0.16270
vt 0.70822 0.15815
vt 0.72941 0.15750
vt 0.75018 0.16068
vt 0.76991 0.16749
vt 0.78801 0.17769
vt 0.82542 0.16948
vt 0.84224 0.18950
vt 0.85532 0.21223
vt 0.86422 0.23703
vt 0.86863 0.26321
vt 0.86832 0.29004
vt 0.86314 0.31672
vt 0.85308 0.34243
vt 0.83821 0.36632
vt 0.81875 0.38751
vt 0.79506 0.40508
vt 0.76765 0.41809
vt 0.73724 0.42559
vt 0.70487 0.42660
vt 0.67192 0.42025
vt 0.64024 0.40594
vt 0.61211 0.38389
vt 0.58981 0.35596
vt 0.57524 0.32433
vt 0.56867 0.29132
vt 0.56952 0.25886
vt 0.57688 0.22836
vt 0.58980 0.20084
vt 0.60729 0.17703
vt 0.62843 0.15747
vt 0.65228 0.14249
vt 0.67798 0.13231
vt 0.70466 0.12703
vt 0.73150 0.12661
vt 0.75771 0.13092
vt 0.78255 0.13974
vt 0.80533 0.15273
vt 0.84872 0.14620
vt 0.86929 0.17063
vt 0.88538 0.19833
vt 0.89648 0.22857
vt 0.90220 0.26054
vt 0.90226 0.29339
vt 0.89648 0.32622
vt 0.88477 0.35808
vt 0.86719 0.38797
vt 0.84391 0.41487
vt 0.81523 0.43770
vt 0.78163 0.45531
vt 0.74376 0.46645
vt 0.70263 0.46972
vt 0.65973 0.46349
vt 0.61751 0.44604
vt 0.57961 0.41632
vt 0.54967 0.37867
vt 0.53197 0.33643
vt 0.52556 0.29348
vt 0.52868 0.25226
vt 0.53970 0.21431
vt 0.55722 0.18062
vt 0.57998 0.15185
vt 0.60683 0.12847
vt 0.63668 0.11079
vt 0.66852 0.09898
vt 0.70135 0.09309
vt 0.73421 0.09305
vt 0.76621 0.09868
vt 0.79648 0.10970
vt 0.82423 0.12570
vt 0.87463 0.12032
vt 0.89931 0.14955
vt 0.91872 0.18266
vt 0.93229 0.21880
vt 0.93955 0.25708
vt 0.94017 0.29651
vt 0.93390 0.33608
vt 0.92062 0.37472
vt 0.90035 0.41131
vt 0.87320 0.44470
vt 0.83941 0.47368
vt 0.79934 0.49694
vt 0.75349 0.51304
vt 0.70258 0.52022
vt 0.64774 0.51611
vt 0.59147 0.49690
vt 0.54059 0.45526
vt 0.49878 0.40462
vt 0.47935 0.34832
vt 0.47508 0.29344
vt 0.48213 0.24247
vt 0.49812 0.19656
vt 0.52129 0.15642
vt 0.55019 0.12254
vt 0.58352 0.09530
vt 0.62008 0.07493
vt 0.65869 0.06156
vt 0.69826 0.05519
vt 0.73770 0.05571
vt 0.77600 0.06289
vt 0.81218 0.07637
vt 0.84533 0.09570
vt 0.90422 0.09070
vt 0.93353 0.12532
vt 0.95672 0.16448
vt 0.97313 0.20723
vt 0.98223 0.25255
vt 0.98362 0.29935
vt 0.97701 0.34649
vt 0.96223 0.39278
vt 0.93925 0.43699
vt 0.90813 0.47785
vt 0.86906 0.51405
vt 0.82228 0.54423
vt 0.76806 0.56688
vt 0.70659 0.58028
vt 0.63779 0.58214
vt 0.56087 0.56872
vt 0.49392 0.50197
vt 0.42697 0.43521
vt 0.41335 0.35830
vt 0.41503 0.28948
vt 0.42829 0.22796
vt 0.45082 0.17366
vt 0.48089 0.12680
vt 0.51701 0.08764
vt 0.55781 0.05642
vt 0.60198 0.03334
vt 0.64825 0.01845
vt 0.69539 0.01174
vt 0.74220 0.01302
vt 0.78754 0.02203
vt 0.83033 0.03836
vt 0.86953 0.06146
vt 0.08376 0.91319
vt 0.11334 0.88358
vt 0.14263 0.90819
vt 0.11844 0.94242
vt 0.17578 0.92751
vt 0.15764 0.96551
vt 0.21195 0.94098
vt 0.20041 0.98182
vt 0.25023 0.94815
vt 0.24574 0.99082
vt 0.28966 0.94866
vt 0.29254 0.99210
vt 0.32922 0.94229
vt 0.33966 0.98538
vt 0.36782 0.92892
vt 0.38591 0.97050
vt 0.40436 0.90856
vt 0.43006 0.94742
vt 0.43768 0.88132
vt 0.47085 0.91621
vt 0.46657 0.84745
vt 0.50696 0.87706
vt 0.48973 0.80732
vt 0.53702 0.83021
vt 0.50571 0.76142
vt 0.55955 0.77593
vt 0.51277 0.71046
vt 0.57280 0.71443
vt 0.50849 0.65560
vt 0.57448 0.64562
vt 0.48907 0.59931
vt 0.44727 0.54867
vt 0.39638 0.50704
vt 0.34012 0.48784
vt 0.35005 0.42182
vt 0.28529 0.48374
vt 0.28126 0.42368
vt 0.23438 0.49093
vt 0.21980 0.43710
vt 0.18854 0.50704
vt 0.16559 0.45977
vt 0.14849 0.53031
vt 0.11883 0.48994
vt 0.11471 0.55928
vt 0.07978 0.52615
vt 0.08758 0.59267
vt 0.04868 0.56701
vt 0.06732 0.62926
vt 0.02572 0.61121
vt 0.05405 0.66789
vt 0.01095 0.65749
vt 0.04779 0.70745
vt 0.00435 0.70462
vt 0.04841 0.74687
vt 0.00575 0.75141
vt 0.05568 0.78513
vt 0.01485 0.79671
vt 0.06925 0.82126
vt 0.03127 0.83944
vt 0.08866 0.85436
vt 0.05445 0.87858
vt 0.13924 0.85770
vt 0.16373 0.87819
vt 0.19147 0.89419
vt 0.22173 0.90519
vt 0.25372 0.91082
vt 0.28657 0.91078
vt 0.31939 0.90489
vt 0.35121 0.89308
vt 0.38106 0.87540
vt 0.40790 0.85203
vt 0.43065 0.82326
vt 0.44816 0.78957
vt 0.45918 0.75164
vt 0.46230 0.71043
vt 0.45588 0.66748
vt 0.43819 0.62526
vt 0.40825 0.58761
vt 0.37036 0.55790
vt 0.32813 0.54046
vt 0.28524 0.53424
vt 0.24412 0.53751
vt 0.20626 0.54865
vt 0.17267 0.56627
vt 0.14400 0.58910
vt 0.12073 0.61600
vt 0.10316 0.64589
vt 0.09147 0.67774
vt 0.08569 0.71056
vt 0.08575 0.74341
vt 0.09148 0.77537
vt 0.10258 0.80559
vt 0.11867 0.83328
vt 0.16253 0.83442
vt 0.18261 0.85117
vt 0.20539 0.86415
vt 0.23023 0.87296
vt 0.25643 0.87727
vt 0.28326 0.87684
vt 0.30993 0.87156
vt 0.33562 0.86139
vt 0.35946 0.84641
vt 0.38059 0.82685
vt 0.39808 0.80305
vt 0.41099 0.77554
vt 0.41835 0.74504
vt 0.41920 0.71259
vt 0.41262 0.67959
vt 0.39806 0.64796
vt 0.37576 0.62004
vt 0.34763 0.59800
vt 0.31596 0.58370
vt 0.28301 0.57735
vt 0.25064 0.57837
vt 0.22025 0.58586
vt 0.19284 0.59888
vt 0.16916 0.61645
vt 0.14971 0.63763
vt 0.13485 0.66152
vt 0.12479 0.68723
vt 0.11962 0.71391
vt 0.11931 0.74072
vt 0.12373 0.76690
vt 0.13263 0.79169
vt 0.14570 0.81441
vt 0.18398 0.81297
vt 0.19993 0.82621
vt 0.21802 0.83640
vt 0.23775 0.84321
vt 0.25851 0.84638
vt 0.27970 0.84573
vt 0.30064 0.84118
vt 0.32066 0.83274
vt 0.33904 0.82052
vt 0.35508 0.80476
vt 0.36803 0.78582
vt 0.37720 0.76422
vt 0.38191 0.74065
vt 0.38157 0.71600
vt 0.37578 0.69140
vt 0.36444 0.66820
vt 0.34797 0.64783
vt 0.32742 0.63161
vt 0.30416 0.62052
vt 0.27958 0.61496
vt 0.25501 0.61481
vt 0.23154 0.61966
vt 0.21005 0.62894
vt 0.19124 0.64198
vt 0.17560 0.65807
vt 0.16350 0.67649
vt 0.15518 0.69653
vt 0.15074 0.71747
vt 0.15020 0.73864
vt 0.15347 0.75937
vt 0.16038 0.77905
vt 0.17066 0.79709
vt 0.20418 0.79273
vt 0.21614 0.80262
vt 0.22973 0.81018
vt 0.24452 0.81514
vt 0.26006 0.81732
vt 0.27584 0.81660
vt 0.29135 0.81292
vt 0.30604 0.80633
vt 0.31938 0.79695
vt 0.33082 0.78502
vt 0.33985 0.77087
vt 0.34597 0.75494
vt 0.34877 0.73781
vt 0.34796 0.72016
vt 0.34338 0.70280
vt 0.33511 0.68659
vt 0.32349 0.67239
vt 0.30914 0.66098
vt 0.29286 0.65292
vt 0.27549 0.64855
vt 0.25790 0.64791
vt 0.24086 0.65086
vt 0.22504 0.65710
vt 0.21100 0.66620
vt 0.19919 0.67769
vt 0.18993 0.69107
vt 0.18345 0.70577
vt 0.17988 0.72128
vt 0.17926 0.73704
vt 0.18153 0.75255
vt 0.18659 0.76730
vt 0.19422 0.78083
vt 0.22360 0.77323
vt 0.23163 0.77985
vt 0.24077 0.78486
vt 0.25071 0.78810
vt 0.26111 0.78942
vt 0.27162 0.78877
vt 0.28187 0.78612
vt 0.29150 0.78153
vt 0.30013 0.77512
vt 0.30740 0.76707
vt 0.31299 0.75766
vt 0.31663 0.74720
vt 0.31809 0.73610
vt 0.31726 0.72481
vt 0.31409 0.71382
vt 0.30871 0.70363
vt 0.30133 0.69470
vt 0.29229 0.68747
vt 0.28203 0.68224
vt 0.27102 0.67924
vt 0.25976 0.67855
vt 0.24872 0.68014
vt 0.23835 0.68387
vt 0.22903 0.68953
vt 0.22108 0.69685
vt 0.21477 0.70550
vt 0.21028 0.71513
vt 0.20772 0.72538
vt 0.20714 0.73588
vt 0.20854 0.74625
vt 0.21185 0.75615
vt 0.21692 0.76525
vt 0.24261 0.75408
vt 0.24670 0.75743
vt 0.25135 0.75994
vt 0.25640 0.76153
vt 0.26165 0.76212
vt 0.26693 0.76170
vt 0.27204 0.76026
vt 0.27678 0.75785
vt 0.28096 0.75455
vt 0.28442 0.75048
vt 0.28701 0.74578
vt 0.28861 0.74063
vt 0.28916 0.73523
vt 0.28861 0.72980
vt 0.28699 0.72455
vt 0.28435 0.71970
vt 0.28079 0.71545
vt 0.27648 0.71198
vt 0.27159 0.70943
vt 0.26632 0.70789
vt 0.26089 0.70743
vt 0.25552 0.70805
vt 0.25041 0.70972
vt 0.24577 0.71235
vt 0.24175 0.71584
vt 0.23852 0.72004
vt 0.23617 0.72478
vt 0.23479 0.72988
vt 0.23441 0.73514
vt 0.23505 0.74038
vt 0.23668 0.74540
vt 0.23923 0.75002
vt 0.26153 0.73498
# 511 texture verticies
vn 0.89605 -0.36051 0.25911
vn 0.83495 -0.30468 0.45828
vn 0.81890 -0.34349 0.45980
vn 0.80500 -0.38264 0.45338
vn 0.79381 -0.42062 0.43926
vn 0.78574 -0.45596 0.41798
vn 0.78111 -0.48732 0.39037
vn 0.78010 -0.51347 0.35748
vn 0.78274 -0.53343 0.32058
vn 0.78893 -0.54642 0.28108
vn 0.79844 -0.55194 0.24051
vn 0.81090 -0.54978 0.20043
vn 0.82584 -0.54003 0.16236
vn 0.84266 -0.52306 0.12778
vn 0.86074 -0.49951 0.09802
vn 0.87938 -0.47031 0.07422
vn 0.89785 -0.43656 0.05729
vn 0.91545 -0.39956 0.04788
vn 0.93151 -0.36075 0.04636
vn 0.94540 -0.32160 0.05279
vn 0.95660 -0.28362 0.06691
vn 0.96467 -0.24828 0.08819
vn 0.96930 -0.21693 0.11580
vn 0.97031 -0.19077 0.14869
vn 0.96767 -0.17081 0.18559
vn 0.96147 -0.15782 0.22508
vn 0.95196 -0.15230 0.26565
vn 0.93950 -0.15446 0.30574
vn 0.92457 -0.16421 0.34380
vn 0.90774 -0.18118 0.37838
vn 0.88967 -0.20473 0.40815
vn 0.87103 -0.23393 0.43195
vn 0.85256 -0.26768 0.44888
vn 0.72998 -0.31090 0.60866
vn 0.70477 -0.38083 0.59856
vn 0.68429 -0.44892 0.57465
vn 0.66932 -0.51256 0.53786
vn 0.66045 -0.56930 0.48960
vn 0.65801 -0.61696 0.43172
vn 0.66210 -0.65371 0.36646
vn 0.67255 -0.67814 0.29631
vn 0.68898 -0.68931 0.22397
vn 0.71074 -0.68679 0.15222
vn 0.73700 -0.67067 0.08383
vn 0.76675 -0.64159 0.02141
vn 0.79885 -0.60064 -0.03263
vn 0.83207 -0.54941 -0.07622
vn 0.86512 -0.48987 -0.10768
vn 0.89674 -0.42431 -0.12580
vn 0.92571 -0.35523 -0.12988
vn 0.95092 -0.28531 -0.11978
vn 0.97140 -0.21722 -0.09587
vn 0.98637 -0.15358 -0.05908
vn 0.99524 -0.09684 -0.01082
vn 0.99768 -0.04918 0.04705
vn 0.99359 -0.01242 0.11232
vn 0.98314 0.01201 0.18247
vn 0.96671 0.02318 0.25481
vn 0.94495 0.02065 0.32656
vn 0.91869 0.00454 0.39495
vn 0.88894 -0.02455 0.45737
vn 0.85684 -0.06549 0.51141
vn 0.82362 -0.11672 0.55500
vn 0.79057 -0.17626 0.58645
vn 0.75895 -0.24183 0.60457
vn 0.60357 -0.26604 0.75161
vn 0.56688 -0.36757 0.73725
vn 0.53703 -0.46649 0.70284
vn 0.51518 -0.55900 0.64970
vn 0.50216 -0.64155 0.57987
vn 0.49847 -0.71097 0.49603
vn 0.50426 -0.76458 0.40142
vn 0.51931 -0.80033 0.29965
vn 0.54303 -0.81684 0.19465
vn 0.57451 -0.81348 0.09045
vn 0.61255 -0.79038 -0.00894
vn 0.65568 -0.74843 -0.09972
vn 0.70224 -0.68923 -0.17838
vn 0.75045 -0.61507 -0.24191
vn 0.79845 -0.52878 -0.28786
vn 0.84440 -0.43370 -0.31447
vn 0.88653 -0.33347 -0.32071
vn 0.92323 -0.23195 -0.30636
vn 0.95307 -0.13303 -0.27194
vn 0.97493 -0.04051 -0.21880
vn 0.98795 0.04204 -0.14897
vn 0.99163 0.11145 -0.06514
vn 0.98584 0.16506 0.02948
vn 0.97080 0.20081 0.13124
vn 0.94708 0.21733 0.23624
vn 0.91560 0.21397 0.34044
vn 0.87756 0.19087 0.43984
vn 0.83443 0.14891 0.53061
vn 0.78787 0.08972 0.60928
vn 0.73966 0.01555 0.67280
vn 0.69166 -0.07073 0.71876
vn 0.64571 -0.16581 0.74537
vn 0.45397 -0.21096 0.86568
vn 0.40720 -0.34019 0.84762
vn 0.36914 -0.46614 0.80403
vn 0.34123 -0.58397 0.73657
vn 0.32457 -0.68916 0.64786
vn 0.31978 -0.77766 0.54129
vn 0.32705 -0.84607 0.42095
vn 0.34610 -0.89177 0.29148
vn 0.37621 -0.91299 0.15786
vn 0.41620 -0.90892 0.02520
vn 0.46455 -0.87972 -0.10138
vn 0.51940 -0.82651 -0.21702
vn 0.57864 -0.75134 -0.31728
vn 0.63999 -0.65709 -0.39831
vn 0.70110 -0.54738 -0.45699
vn 0.75961 -0.42643 -0.49107
vn 0.81328 -0.29890 -0.49923
vn 0.86005 -0.16967 -0.48117
vn 0.89812 -0.04372 -0.43757
vn 0.92602 0.07411 -0.37012
vn 0.94269 0.17930 -0.28140
vn 0.94748 0.26780 -0.17483
vn 0.94021 0.33622 -0.05450
vn 0.92115 0.38191 0.07497
vn 0.89105 0.40314 0.20860
vn 0.85105 0.39907 0.34125
vn 0.80270 0.36987 0.46783
vn 0.74785 0.31666 0.58347
vn 0.68862 0.24148 0.68374
vn 0.62726 0.14723 0.76476
vn 0.56616 0.03752 0.82344
vn 0.50764 -0.08342 0.85752
vn 0.28691 -0.14777 0.94649
vn 0.23187 -0.29973 0.92542
vn 0.18705 -0.44787 0.87431
vn 0.15417 -0.58650 0.79514
vn 0.13449 -0.71028 0.69095
vn 0.12878 -0.81447 0.56573
vn 0.13726 -0.89505 0.42431
vn 0.15959 -0.94894 0.27211
vn 0.19492 -0.97406 0.11499
vn 0.24189 -0.96944 -0.04102
vn 0.29870 -0.93526 -0.18992
vn 0.36316 -0.87284 -0.32599
vn 0.43280 -0.78457 -0.44400
vn 0.50493 -0.67385 -0.53941
vn 0.57680 -0.54493 -0.60856
vn 0.64563 -0.40277 -0.64880
vn 0.70878 -0.25283 -0.65856
vn 0.76383 -0.10087 -0.63749
vn 0.80865 0.04727 -0.58639
vn 0.84153 0.18590 -0.50722
vn 0.86120 0.30968 -0.40302
vn 0.86691 0.41387 -0.27781
vn 0.85844 0.49446 -0.13638
vn 0.83610 0.54834 0.01581
vn 0.80077 0.57346 0.17294
vn 0.75380 0.56884 0.32895
vn 0.69699 0.53466 0.47784
vn 0.63253 0.47224 0.61391
vn 0.56290 0.38397 0.73192
vn 0.49076 0.27325 0.82734
vn 0.41890 0.14434 0.89649
vn 0.35007 0.00217 0.93672
vn 0.10882 -0.07890 0.99093
vn 0.04762 -0.24775 0.96765
vn -0.00224 -0.41239 0.91100
vn -0.03883 -0.56648 0.82316
vn -0.06076 -0.70411 0.70749
vn -0.06716 -0.81998 0.56844
vn -0.05781 -0.90964 0.41136
vn -0.03306 -0.96964 0.24228
vn 0.00614 -0.99769 0.06770
vn 0.05828 -0.99269 -0.10567
vn 0.12136 -0.95485 -0.27117
vn 0.19296 -0.88562 -0.42243
vn 0.27032 -0.78765 -0.55365
vn 0.35047 -0.66472 -0.65979
vn 0.43033 -0.52155 -0.73675
vn 0.50683 -0.36363 -0.78160
vn 0.57703 -0.19704 -0.79259
vn 0.63824 -0.02819 -0.76932
vn 0.68810 0.13645 -0.71267
vn 0.72469 0.29054 -0.62483
vn 0.74661 0.42817 -0.50916
vn 0.75302 0.54404 -0.37011
vn 0.74367 0.63370 -0.21303
vn 0.71892 0.69370 -0.04395
vn 0.67972 0.72175 0.13063
vn 0.62758 0.71675 0.30400
vn 0.56450 0.67891 0.46950
vn 0.49290 0.60968 0.62076
vn 0.41554 0.51171 0.75198
vn 0.33539 0.38878 0.85812
vn 0.25553 0.24560 0.93508
vn 0.17903 0.08769 0.97993
vn -0.07345 -0.00699 0.99727
vn -0.13847 -0.18626 0.97269
vn -0.19144 -0.36107 0.91268
vn -0.23034 -0.52470 0.81953
vn -0.25367 -0.67088 0.69683
vn -0.26054 -0.79397 0.54930
vn -0.25067 -0.88926 0.38259
vn -0.22445 -0.95308 0.20313
vn -0.18289 -0.98297 0.01781
vn -0.12758 -0.97779 -0.16626
vn -0.06064 -0.93774 -0.34199
vn 0.01534 -0.86436 -0.50264
vn 0.09745 -0.76046 -0.64203
vn 0.18253 -0.63004 -0.75481
vn 0.26732 -0.47811 -0.83663
vn 0.34855 -0.31051 -0.88436
vn 0.42310 -0.13368 -0.89617
vn 0.48812 0.04558 -0.87159
vn 0.54110 0.22039 -0.81157
vn 0.58000 0.38403 -0.71842
vn 0.60333 0.53020 -0.59572
vn 0.61019 0.65330 -0.44819
vn 0.60032 0.74859 -0.28148
vn 0.57410 0.81240 -0.10202
vn 0.53254 0.84230 0.08330
vn 0.47723 0.83712 0.26737
vn 0.41029 0.79707 0.44310
vn 0.33431 0.72368 0.60375
vn 0.25220 0.61978 0.74314
vn 0.16712 0.48936 0.85592
vn 0.08233 0.33743 0.93774
vn 0.00110 0.16983 0.98547
vn -0.25291 0.06518 0.96529
vn -0.31924 -0.11760 0.94035
vn -0.37329 -0.29586 0.87927
vn -0.41301 -0.46275 0.78440
vn -0.43685 -0.61186 0.65939
vn -0.44390 -0.73745 0.50904
vn -0.43389 -0.83471 0.33912
vn -0.40721 -0.89988 0.15618
vn -0.36488 -0.93048 -0.03277
vn -0.30853 -0.92531 -0.22046
vn -0.24032 -0.88459 -0.39968
vn -0.16288 -0.80987 -0.56354
vn -0.07917 -0.70403 -0.70574
vn 0.00757 -0.57114 -0.82082
vn 0.09403 -0.41629 -0.90436
vn 0.17687 -0.24545 -0.95314
vn 0.25291 -0.06518 -0.96529
vn 0.31924 0.11760 -0.94035
vn 0.37329 0.29586 -0.87927
vn 0.41301 0.46275 -0.78440
vn 0.43685 0.61186 -0.65939
vn 0.44390 0.73745 -0.50904
vn 0.43389 0.83471 -0.33912
vn 0.40721 0.89988 -0.15617
vn 0.36488 0.93048 0.03278
vn 0.30853 0.92531 0.22046
vn 0.24032 0.88459 0.39968
vn 0.16288 0.80987 0.56354
vn 0.07917 0.70403 0.70574
vn -0.00757 0.57114 0.82082
vn -0.09403 0.41629 0.90436
vn -0.17687 0.24545 0.95314
vn -0.42265 0.13484 0.89621
vn -0.48773 -0.04443 0.87186
vn -0.54079 -0.21928 0.81207
vn -0.57979 -0.38301 0.71913
vn -0.60323 -0.52932 0.59660
vn -0.61020 -0.65258 0.44921
vn -0.60044 -0.74807 0.28262
vn -0.57432 -0.81210 0.10322
vn -0.53285 -0.84222 -0.08209
vn -0.47763 -0.83727 -0.26619
vn -0.41076 -0.79744 -0.44200
vn -0.33483 -0.72426 -0.60277
vn -0.25275 -0.62055 -0.74232
vn -0.16768 -0.49029 -0.85528
vn -0.08288 -0.33848 -0.93732
vn -0.00161 -0.17096 -0.98528
vn 0.07300 0.00583 -0.99732
vn 0.13808 0.18510 -0.97297
vn 0.19114 0.35996 -0.91318
vn 0.23014 0.52369 -0.82023
vn 0.25358 0.67000 -0.69771
vn 0.26055 0.79326 -0.55032
vn 0.25079 0.88874 -0.38372
vn 0.22467 0.95277 -0.20432
vn 0.18320 0.98289 -0.01901
vn 0.12797 0.97794 0.16509
vn 0.06111 0.93811 0.34090
vn -0.01482 0.86494 0.50166
vn -0.09690 0.76122 0.64121
vn -0.18197 0.63096 0.75417
vn -0.26677 0.47915 0.83621
vn -0.34804 0.31163 0.88417
vn -0.57614 0.19933 0.79268
vn -0.63748 0.03046 0.76986
vn -0.68751 -0.13428 0.71365
vn -0.72429 -0.28856 0.62621
vn -0.74642 -0.42644 0.51089
vn -0.75304 -0.54264 0.37212
vn -0.74390 -0.63268 0.21525
vn -0.71935 -0.69310 0.04629
vn -0.68034 -0.72159 -0.12826
vn -0.62836 -0.71704 -0.30169
vn -0.56541 -0.67964 -0.46734
vn -0.49391 -0.61081 -0.61884
vn -0.41661 -0.51321 -0.75036
vn -0.33648 -0.39059 -0.85687
vn -0.25659 -0.24765 -0.93425
vn -0.18003 -0.08990 -0.97955
vn -0.10972 0.07661 -0.99101
vn -0.04837 0.24548 -0.96819
vn 0.00165 0.41022 -0.91198
vn 0.03843 0.56450 -0.82454
vn 0.06056 0.70238 -0.70922
vn 0.06718 0.81858 -0.57045
vn 0.05804 0.90862 -0.41358
vn 0.03350 0.96904 -0.24462
vn -0.00552 0.99753 -0.07007
vn -0.05750 0.99298 0.10336
vn -0.12045 0.95558 0.26901
vn -0.19194 0.88675 0.42051
vn -0.26925 0.78915 0.55203
vn -0.34938 0.66653 0.65854
vn -0.42926 0.52359 0.73592
vn -0.50583 0.36584 0.78122
vn -0.70748 0.25615 0.65868
vn -0.76272 0.10417 0.63828
vn -0.80779 -0.04411 0.58782
vn -0.84095 -0.18301 0.50923
vn -0.86092 -0.30717 0.40554
vn -0.86694 -0.41183 0.28074
vn -0.85877 -0.49297 0.13961
vn -0.83674 -0.54747 -0.01241
vn -0.80168 -0.57322 -0.16949
vn -0.75494 -0.56926 -0.32559
vn -0.69833 -0.53572 -0.47471
vn -0.63401 -0.47389 -0.61111
vn -0.56446 -0.38616 -0.72957
vn -0.49234 -0.27589 -0.82552
vn -0.42044 -0.14732 -0.89528
vn -0.35152 -0.00539 -0.93617
vn -0.28822 0.14445 -0.94661
vn -0.23297 0.29643 -0.92621
vn -0.18790 0.44471 -0.87574
vn -0.15475 0.58361 -0.79716
vn -0.13478 0.70777 -0.69347
vn -0.12876 0.81243 -0.56866
vn -0.13692 0.89357 -0.42754
vn -0.15896 0.94806 -0.27551
vn -0.19402 0.97382 -0.11844
vn -0.24075 0.96986 0.03766
vn -0.29737 0.93631 0.18678
vn -0.36169 0.87449 0.32319
vn -0.43124 0.78676 0.44164
vn -0.50335 0.67648 0.53759
vn -0.57525 0.54791 0.60735
vn -0.64418 0.40598 0.64824
vn -0.81162 0.30313 0.49938
vn -0.85865 0.17388 0.48217
vn -0.89703 0.04775 0.43939
vn -0.92528 -0.07043 0.37268
vn -0.94233 -0.17610 0.28462
vn -0.94751 -0.26520 0.17857
vn -0.94063 -0.33432 0.05861
vn -0.92196 -0.38080 -0.07063
vn -0.89220 -0.40284 -0.20420
vn -0.85251 -0.39960 -0.33697
vn -0.80440 -0.37122 -0.46383
vn -0.74973 -0.31876 -0.57990
vn -0.69060 -0.24427 -0.68073
vn -0.62928 -0.15059 -0.76245
vn -0.56813 -0.04132 -0.82190
vn -0.50950 0.07933 -0.85681
vn -0.45563 0.20673 -0.86583
vn -0.40861 0.33598 -0.84862
vn -0.37023 0.46211 -0.80584
vn -0.34197 0.58028 -0.73914
vn -0.32493 0.68595 -0.65107
vn -0.31974 0.77506 -0.54502
vn -0.32662 0.84418 -0.42507
vn -0.34530 0.89065 -0.29582
vn -0.37505 0.91269 -0.16225
vn -0.41475 0.90946 -0.02948
vn -0.46285 0.88107 0.09738
vn -0.51752 0.82862 0.21345
vn -0.57665 0.75412 0.31428
vn -0.63797 0.66044 0.39599
vn -0.69912 0.55118 0.45545
vn -0.75776 0.43053 0.49035
vn -0.88458 0.33846 0.32089
vn -0.92157 0.23691 0.30754
vn -0.95179 0.13777 0.27409
vn -0.97405 0.04485 0.22182
vn -0.98752 -0.03826 0.15276
vn -0.99167 -0.10839 0.06954
vn -0.98635 -0.16283 -0.02463
vn -0.97175 -0.19950 -0.12613
vn -0.94843 -0.21698 -0.23107
vn -0.91731 -0.21460 -0.33540
vn -0.87956 -0.19245 -0.43513
vn -0.83664 -0.15139 -0.52641
vn -0.79021 -0.09300 -0.60574
vn -0.74204 -0.01951 -0.67007
vn -0.69398 0.06626 -0.71694
vn -0.64789 0.16099 -0.74453
vn -0.60553 0.26106 -0.75179
vn -0.56853 0.36261 -0.73843
vn -0.53832 0.46175 -0.70498
vn -0.51605 0.55466 -0.65272
vn -0.50258 0.63778 -0.58365
vn -0.49843 0.70791 -0.50043
vn -0.50376 0.76235 -0.40626
vn -0.51836 0.79901 -0.30476
vn -0.54167 0.81649 -0.19983
vn -0.57280 0.81411 -0.09549
vn -0.61055 0.79197 0.00423
vn -0.65346 0.75091 0.09551
vn -0.69990 0.69251 0.17485
vn -0.74807 0.61902 0.23918
vn -0.79612 0.53326 0.28604
vn -0.84222 0.43853 0.31363
vn -0.92353 0.36078 0.13008
vn -0.94908 0.29083 0.12109
vn -0.96997 0.22249 0.09826
vn -0.98540 0.15841 0.06244
vn -0.99477 0.10104 0.01503
vn -0.99773 0.05258 -0.04216
vn -0.99416 0.01491 -0.10693
vn -0.98419 -0.01054 -0.17679
vn -0.96822 -0.02279 -0.24905
vn -0.94686 -0.02136 -0.32094
vn -0.92092 -0.00631 -0.38970
vn -0.89140 0.02179 -0.45269
vn -0.85945 0.06184 -0.50747
vn -0.82627 0.11232 -0.55196
vn -0.79316 0.17128 -0.58443
vn -0.76138 0.23646 -0.60364
vn -0.73216 0.30535 -0.60886
vn -0.70661 0.37531 -0.59987
vn -0.68572 0.44364 -0.57704
vn -0.67029 0.50772 -0.54122
vn -0.66092 0.56510 -0.49381
vn -0.65796 0.61355 -0.43662
vn -0.66154 0.65123 -0.37185
vn -0.67150 0.67668 -0.30199
vn -0.68747 0.68892 -0.22973
vn -0.70883 0.68749 -0.15783
vn -0.73477 0.67244 -0.08907
vn -0.76429 0.64435 -0.02609
vn -0.79625 0.60429 0.02870
vn -0.82942 0.55381 0.07318
vn -0.86253 0.49485 0.10565
vn -0.89431 0.42967 0.12486
vn -0.92732 0.37144 -0.04599
vn -0.94186 0.33223 -0.05026
vn -0.95384 0.29378 -0.06232
vn -0.96280 0.25758 -0.08171
vn -0.96839 0.22501 -0.10769
vn -0.97040 0.19733 -0.13926
vn -0.96875 0.17559 -0.17520
vn -0.96350 0.16064 -0.21413
vn -0.95487 0.15305 -0.25456
vn -0.94317 0.15311 -0.29494
vn -0.92886 0.16081 -0.33370
vn -0.91249 0.17587 -0.36937
vn -0.89468 0.19770 -0.40057
vn -0.87613 0.22546 -0.42610
vn -0.85754 0.25809 -0.44498
vn -0.83963 0.29434 -0.45649
vn -0.82309 0.33281 -0.46018
vn -0.80855 0.37201 -0.45591
vn -0.79657 0.41046 -0.44385
vn -0.78761 0.44666 -0.42446
vn -0.78202 0.47923 -0.39848
vn -0.78001 0.50691 -0.36691
vn -0.78166 0.52865 -0.33097
vn -0.78690 0.54360 -0.29203
vn -0.79554 0.55119 -0.25160
vn -0.80724 0.55114 -0.21123
vn -0.82155 0.54343 -0.17246
vn -0.83792 0.52837 -0.13680
vn -0.85572 0.50654 -0.10560
vn -0.87428 0.47878 -0.08007
vn -0.89287 0.44615 -0.06118
vn -0.91078 0.40990 -0.04968
vn -0.89605 0.36051 -0.25911
# 482 normals
usemtl Angelfish_Apple_Of_The_Eye
f  1285/1343/1285 1317/1344/1286 1286/1345/1287 1287/1346/1288
f  1285/1343/1285 1287/1346/1288 1288/1347/1289 1289/1348/1290
f  1285/1343/1285 1289/1348/1290 1290/1349/1291 1291/1350/1292
f  1285/1343/1285 1291/1350/1292 1292/1351/1293 1293/1352/1294
f  1285/1343/1285 1293/1352/1294 1294/1353/1295 1295/1354/1296
f  1285/1343/1285 1295/1354/1296 1296/1355/1297 1297/1356/1298
f  1285/1343/1285 1297/1356/1298 1298/1357/1299 1299/1358/1300
f  1285/1343/1285 1299/1358/1300 1300/1359/1301 1301/1360/1302
f  1285/1343/1285 1301/1360/1302 1302/1361/1303 1303/1362/1304
f  1285/1343/1285 1303/1362/1304 1304/1363/1305 1305/1364/1306
f  1285/1343/1285 1305/1364/1306 1306/1365/1307 1307/1366/1308
f  1285/1343/1285 1307/1366/1308 1308/1367/1309 1309/1368/1310
f  1285/1343/1285 1309/1368/1310 1310/1369/1311 1311/1370/1312
f  1285/1343/1285 1311/1370/1312 1312/1371/1313 1313/1372/1314
f  1285/1343/1285 1313/1372/1314 1314/1373/1315 1315/1374/1316
f  1285/1343/1285 1315/1374/1316 1316/1375/1317 1317/1344/1286
f  1286/1345/1287 1318/1376/1318 1319/1377/1319 1287/1346/1288
f  1287/1346/1288 1319/1377/1319 1320/1378/1320 1288/1347/1289
f  1288/1347/1289 1320/1378/1320 1321/1379/1321 1289/1348/1290
f  1289/1348/1290 1321/1379/1321 1322/1380/1322 1290/1349/1291
f  1290/1349/1291 1322/1380/1322 1323/1381/1323 1291/1350/1292
f  1291/1350/1292 1323/1381/1323 1324/1382/1324 1292/1351/1293
f  1292/1351/1293 1324/1382/1324 1325/1383/1325 1293/1352/1294
f  1293/1352/1294 1325/1383/1325 1326/1384/1326 1294/1353/1295
f  1294/1353/1295 1326/1384/1326 1327/1385/1327 1295/1354/1296
f  1295/1354/1296 1327/1385/1327 1328/1386/1328 1296/1355/1297
f  1296/1355/1297 1328/1386/1328 1329/1387/1329 1297/1356/1298
f  1297/1356/1298 1329/1387/1329 1330/1388/1330 1298/1357/1299
f  1298/1357/1299 1330/1388/1330 1331/1389/1331 1299/1358/1300
f  1299/1358/1300 1331/1389/1331 1332/1390/1332 1300/1359/1301
f  1300/1359/1301 1332/1390/1332 1333/1391/1333 1301/1360/1302
f  1301/1360/1302 1333/1391/1333 1334/1392/1334 1302/1361/1303
f  1302/1361/1303 1334/1392/1334 1335/1393/1335 1303/1362/1304
f  1303/1362/1304 1335/1393/1335 1336/1394/1336 1304/1363/1305
f  1304/1363/1305 1336/1394/1336 1337/1395/1337 1305/1364/1306
f  1305/1364/1306 1337/1395/1337 1338/1396/1338 1306/1365/1307
f  1306/1365/1307 1338/1396/1338 1339/1397/1339 1307/1366/1308
f  1307/1366/1308 1339/1397/1339 1340/1398/1340 1308/1367/1309
f  1308/1367/1309 1340/1398/1340 1341/1399/1341 1309/1368/1310
f  1309/1368/1310 1341/1399/1341 1342/1400/1342 1310/1369/1311
f  1310/1369/1311 1342/1400/1342 1343/1401/1343 1311/1370/1312
f  1311/1370/1312 1343/1401/1343 1344/1402/1344 1312/1371/1313
f  1312/1371/1313 1344/1402/1344 1345/1403/1345 1313/1372/1314
f  1313/1372/1314 1345/1403/1345 1346/1404/1346 1314/1373/1315
f  1314/1373/1315 1346/1404/1346 1347/1405/1347 1315/1374/1316
f  1315/1374/1316 1347/1405/1347 1348/1406/1348 1316/1375/1317
f  1316/1375/1317 1348/1406/1348 1349/1407/1349 1317/1344/1286
f  1317/1344/1286 1349/1407/1349 1318/1376/1318 1286/1345/1287
f  1318/1376/1318 1350/1408/1350 1351/1409/1351 1319/1377/1319
f  1319/1377/1319 1351/1409/1351 1352/1410/1352 1320/1378/1320
f  1320/1378/1320 1352/1410/1352 1353/1411/1353 1321/1379/1321
f  1321/1379/1321 1353/1411/1353 1354/1412/1354 1322/1380/1322
f  1322/1380/1322 1354/1412/1354 1355/1413/1355 1323/1381/1323
f  1323/1381/1323 1355/1413/1355 1356/1414/1356 1324/1382/1324
f  1324/1382/1324 1356/1414/1356 1357/1415/1357 1325/1383/1325
f  1325/1383/1325 1357/1415/1357 1358/1416/1358 1326/1384/1326
f  1326/1384/1326 1358/1416/1358 1359/1417/1359 1327/1385/1327
f  1327/1385/1327 1359/1417/1359 1360/1418/1360 1328/1386/1328
f  1328/1386/1328 1360/1418/1360 1361/1419/1361 1329/1387/1329
f  1329/1387/1329 1361/1419/1361 1362/1420/1362 1330/1388/1330
f  1330/1388/1330 1362/1420/1362 1363/1421/1363 1331/1389/1331
f  1331/1389/1331 1363/1421/1363 1364/1422/1364 1332/1390/1332
f  1332/1390/1332 1364/1422/1364 1365/1423/1365 1333/1391/1333
f  1333/1391/1333 1365/1423/1365 1366/1424/1366 1334/1392/1334
f  1334/1392/1334 1366/1424/1366 1367/1425/1367 1335/1393/1335
f  1335/1393/1335 1367/1425/1367 1368/1426/1368 1336/1394/1336
f  1336/1394/1336 1368/1426/1368 1369/1427/1369 1337/1395/1337
f  1337/1395/1337 1369/1427/1369 1370/1428/1370 1338/1396/1338
f  1338/1396/1338 1370/1428/1370 1371/1429/1371 1339/1397/1339
f  1339/1397/1339 1371/1429/1371 1372/1430/1372 1340/1398/1340
f  1340/1398/1340 1372/1430/1372 1373/1431/1373 1341/1399/1341
f  1341/1399/1341 1373/1431/1373 1374/1432/1374 1342/1400/1342
f  1342/1400/1342 1374/1432/1374 1375/1433/1375 1343/1401/1343
f  1343/1401/1343 1375/1433/1375 1376/1434/1376 1344/1402/1344
f  1344/1402/1344 1376/1434/1376 1377/1435/1377 1345/1403/1345
f  1345/1403/1345 1377/1435/1377 1378/1436/1378 1346/1404/1346
f  1346/1404/1346 1378/1436/1378 1379/1437/1379 1347/1405/1347
f  1347/1405/1347 1379/1437/1379 1380/1438/1380 1348/1406/1348
f  1348/1406/1348 1380/1438/1380 1381/1439/1381 1349/1407/1349
f  1349/1407/1349 1381/1439/1381 1350/1408/1350 1318/1376/1318
f  1350/1408/1350 1382/1440/1382 1383/1441/1383 1351/1409/1351
f  1351/1409/1351 1383/1441/1383 1384/1442/1384 1352/1410/1352
f  1352/1410/1352 1384/1442/1384 1385/1443/1385 1353/1411/1353
f  1353/1411/1353 1385/1443/1385 1386/1444/1386 1354/1412/1354
f  1354/1412/1354 1386/1444/1386 1387/1445/1387 1355/1413/1355
f  1355/1413/1355 1387/1445/1387 1388/1446/1388 1356/1414/1356
f  1356/1414/1356 1388/1446/1388 1389/1447/1389 1357/1415/1357
f  1357/1415/1357 1389/1447/1389 1390/1448/1390 1358/1416/1358
f  1358/1416/1358 1390/1448/1390 1391/1449/1391 1359/1417/1359
f  1359/1417/1359 1391/1449/1391 1392/1450/1392 1360/1418/1360
f  1360/1418/1360 1392/1450/1392 1393/1451/1393 1361/1419/1361
f  1361/1419/1361 1393/1451/1393 1394/1452/1394 1362/1420/1362
f  1362/1420/1362 1394/1452/1394 1395/1453/1395 1363/1421/1363
f  1363/1421/1363 1395/1453/1395 1396/1454/1396 1364/1422/1364
f  1364/1422/1364 1396/1454/1396 1397/1455/1397 1365/1423/1365
f  1365/1423/1365 1397/1455/1397 1398/1456/1398 1366/1424/1366
f  1366/1424/1366 1398/1456/1398 1399/1457/1399 1367/1425/1367
f  1367/1425/1367 1399/1457/1399 1400/1458/1400 1368/1426/1368
f  1368/1426/1368 1400/1458/1400 1401/1459/1401 1369/1427/1369
f  1369/1427/1369 1401/1459/1401 1402/1460/1402 1370/1428/1370
f  1370/1428/1370 1402/1460/1402 1403/1461/1403 1371/1429/1371
f  1371/1429/1371 1403/1461/1403 1404/1462/1404 1372/1430/1372
f  1372/1430/1372 1404/1462/1404 1405/1463/1405 1373/1431/1373
f  1373/1431/1373 1405/1463/1405 1406/1464/1406 1374/1432/1374
f  1374/1432/1374 1406/1464/1406 1407/1465/1407 1375/1433/1375
f  1375/1433/1375 1407/1465/1407 1408/1466/1408 1376/1434/1376
f  1376/1434/1376 1408/1466/1408 1409/1467/1409 1377/1435/1377
f  1377/1435/1377 1409/1467/1409 1410/1468/1410 1378/1436/1378
f  1378/1436/1378 1410/1468/1410 1411/1469/1411 1379/1437/1379
f  1379/1437/1379 1411/1469/1411 1412/1470/1412 1380/1438/1380
f  1380/1438/1380 1412/1470/1412 1413/1471/1413 1381/1439/1381
f  1381/1439/1381 1413/1471/1413 1382/1440/1382 1350/1408/1350
f  1382/1440/1382 1414/1472/1414 1415/1473/1415 1383/1441/1383
f  1383/1441/1383 1415/1473/1415 1416/1474/1416 1384/1442/1384
f  1384/1442/1384 1416/1474/1416 1417/1475/1417 1385/1443/1385
f  1385/1443/1385 1417/1475/1417 1418/1476/1418 1386/1444/1386
f  1386/1444/1386 1418/1476/1418 1419/1477/1419 1387/1445/1387
f  1387/1445/1387 1419/1477/1419 1420/1478/1420 1388/1446/1388
f  1388/1446/1388 1420/1478/1420 1421/1479/1421 1389/1447/1389
f  1389/1447/1389 1421/1479/1421 1422/1480/1422 1390/1448/1390
f  1390/1448/1390 1422/1480/1422 1423/1481/1423 1391/1449/1391
f  1391/1449/1391 1423/1481/1423 1424/1482/1424 1392/1450/1392
f  1392/1450/1392 1424/1482/1424 1425/1483/1425 1393/1451/1393
f  1393/1451/1393 1425/1483/1425 1426/1484/1426 1394/1452/1394
f  1394/1452/1394 1426/1484/1426 1427/1485/1427 1395/1453/1395
f  1395/1453/1395 1427/1485/1427 1428/1486/1428 1396/1454/1396
f  1396/1454/1396 1428/1486/1428 1429/1487/1429 1397/1455/1397
f  1397/1455/1397 1429/1487/1429 1430/1488/1430 1398/1456/1398
f  1398/1456/1398 1430/1488/1430 1431/1489/1431 1399/1457/1399
f  1399/1457/1399 1431/1489/1431 1432/1490/1432 1400/1458/1400
f  1400/1458/1400 1432/1490/1432 1433/1491/1433 1401/1459/1401
f  1401/1459/1401 1433/1491/1433 1434/1492/1434 1402/1460/1402
f  1402/1460/1402 1434/1492/1434 1435/1493/1435 1403/1461/1403
f  1403/1461/1403 1435/1493/1435 1436/1494/1436 1404/1462/1404
f  1404/1462/1404 1436/1494/1436 1437/1495/1437 1405/1463/1405
f  1405/1463/1405 1437/1495/1437 1438/1496/1438 1406/1464/1406
f  1406/1464/1406 1438/1496/1438 1439/1497/1439 1407/1465/1407
f  1407/1465/1407 1439/1497/1439 1440/1498/1440 1408/1466/1408
f  1408/1466/1408 1440/1498/1440 1441/1499/1441 1409/1467/1409
f  1409/1467/1409 1441/1499/1441 1442/1500/1442 1410/1468/1410
f  1410/1468/1410 1442/1500/1442 1443/1501/1443 1411/1469/1411
f  1411/1469/1411 1443/1501/1443 1444/1502/1444 1412/1470/1412
f  1412/1470/1412 1444/1502/1444 1445/1503/1445 1413/1471/1413
f  1413/1471/1413 1445/1503/1445 1414/1472/1414 1382/1440/1382
f  1414/1472/1414 1446/1504/1446 1447/1505/1447 1415/1473/1415
f  1415/1473/1415 1447/1505/1447 1448/1506/1448 1416/1474/1416
f  1416/1474/1416 1448/1506/1448 1449/1507/1449 1417/1475/1417
f  1417/1475/1417 1449/1507/1449 1450/1508/1450 1418/1476/1418
f  1418/1476/1418 1450/1508/1450 1451/1509/1451 1419/1477/1419
f  1419/1477/1419 1451/1509/1451 1452/1510/1452 1420/1478/1420
f  1420/1478/1420 1452/1510/1452 1453/1511/1453 1421/1479/1421
f  1421/1479/1421 1453/1511/1453 1454/1512/1454 1422/1480/1422
f  1422/1480/1422 1454/1512/1454 1455/1513/1455 1423/1481/1423
f  1423/1481/1423 1455/1513/1455 1456/1514/1456 1424/1482/1424
f  1424/1482/1424 1456/1514/1456 1457/1515/1457 1425/1483/1425
f  1425/1483/1425 1457/1515/1457 1458/1516/1458 1426/1484/1426
f  1426/1484/1426 1458/1516/1458 1459/1517/1459 1427/1485/1427
f  1427/1485/1427 1459/1517/1459 1460/1518/1460 1428/1486/1428
f  1428/1486/1428 1460/1518/1460 1461/1519/1461 1429/1487/1429
f  1429/1487/1429 1461/1519/1461 1462/1520/1462 1430/1488/1430
f  1430/1488/1430 1462/1520/1462 1463/1521/1463 1431/1489/1431
f  1431/1489/1431 1463/1521/1463 1464/1522/1464 1432/1490/1432
f  1432/1490/1432 1464/1522/1464 1465/1523/1465 1433/1491/1433
f  1433/1491/1433 1465/1523/1465 1466/1524/1466 1434/1492/1434
f  1434/1492/1434 1466/1524/1466 1467/1525/1467 1435/1493/1435
f  1435/1493/1435 1467/1525/1467 1468/1526/1468 1436/1494/1436
f  1436/1494/1436 1468/1526/1468 1469/1527/1469 1437/1495/1437
f  1437/1495/1437 1469/1527/1469 1470/1528/1470 1438/1496/1438
f  1438/1496/1438 1470/1528/1470 1471/1529/1471 1439/1497/1439
f  1439/1497/1439 1471/1529/1471 1472/1530/1472 1440/1498/1440
f  1440/1498/1440 1472/1530/1472 1473/1531/1473 1441/1499/1441
f  1441/1499/1441 1473/1531/1473 1474/1532/1474 1442/1500/1442
f  1442/1500/1442 1474/1532/1474 1475/1533/1475 1443/1501/1443
f  1443/1501/1443 1475/1533/1475 1476/1534/1476 1444/1502/1444
f  1444/1502/1444 1476/1534/1476 1477/1535/1477 1445/1503/1445
f  1445/1503/1445 1477/1535/1477 1446/1504/1446 1414/1472/1414
f  1446/1504/1446 1478/1536/1478 1479/1537/1479 1447/1505/1447
f  1447/1505/1447 1479/1537/1479 1480/1538/1480 1448/1506/1448
f  1448/1506/1448 1480/1538/1480 1481/1539/1481 1449/1507/1449
f  1449/1507/1449 1481/1539/1481 1482/1540/1482 1450/1508/1450
f  1450/1508/1450 1482/1540/1482 1483/1541/1483 1451/1509/1451
f  1451/1509/1451 1483/1541/1483 1484/1542/1484 1452/1510/1452
f  1452/1510/1452 1484/1542/1484 1485/1543/1485 1453/1511/1453
f  1453/1511/1453 1485/1543/1485 1486/1544/1486 1454/1512/1454
f  1454/1512/1454 1486/1544/1486 1487/1545/1487 1455/1513/1455
f  1455/1513/1455 1487/1545/1487 1488/1546/1488 1456/1514/1456
f  1456/1514/1456 1488/1546/1488 1489/1547/1489 1457/1515/1457
f  1457/1515/1457 1489/1547/1489 1490/1548/1490 1458/1516/1458
f  1458/1516/1458 1490/1548/1490 1491/1549/1491 1459/1517/1459
f  1459/1517/1459 1491/1549/1491 1492/1550/1492 1460/1518/1460
f  1460/1518/1460 1492/1550/1492 1493/1551/1493 1461/1519/1461
f  1461/1519/1461 1493/1551/1493 1494/1552/1494 1462/1520/1462
f  1462/1520/1462 1494/1552/1494 1495/1553/1495 1463/1521/1463
f  1463/1521/1463 1495/1553/1495 1496/1554/1496 1464/1522/1464
f  1464/1522/1464 1496/1554/1496 1497/1555/1497 1465/1523/1465
f  1465/1523/1465 1497/1555/1497 1498/1556/1498 1466/1524/1466
f  1466/1524/1466 1498/1556/1498 1499/1557/1499 1467/1525/1467
f  1467/1525/1467 1499/1557/1499 1500/1558/1500 1468/1526/1468
f  1468/1526/1468 1500/1558/1500 1501/1559/1501 1469/1527/1469
f  1469/1527/1469 1501/1559/1501 1502/1560/1502 1470/1528/1470
f  1470/1528/1470 1502/1560/1502 1503/1561/1503 1471/1529/1471
f  1471/1529/1471 1503/1561/1503 1504/1562/1504 1472/1530/1472
f  1472/1530/1472 1504/1562/1504 1505/1563/1505 1473/1531/1473
f  1473/1531/1473 1505/1563/1505 1506/1564/1506 1474/1532/1474
f  1474/1532/1474 1506/1564/1506 1507/1565/1507 1475/1533/1475
f  1475/1533/1475 1507/1565/1507 1508/1566/1508 1476/1534/1476
f  1476/1534/1476 1508/1566/1508 1509/1567/1509 1477/1535/1477
f  1477/1535/1477 1509/1567/1509 1478/1536/1478 1446/1504/1446
f  1478/1536/1478 1510/1568/1510 1511/1569/1511 1479/1537/1479
f  1479/1537/1479 1511/1569/1511 1512/1570/1512 1480/1538/1480
f  1480/1538/1480 1512/1570/1512 1513/1571/1513 1481/1539/1481
f  1481/1539/1481 1513/1571/1513 1514/1572/1514 1482/1540/1482
f  1482/1540/1482 1514/1572/1514 1515/1573/1515 1483/1541/1483
f  1483/1541/1483 1515/1573/1515 1516/1574/1516 1484/1542/1484
f  1484/1542/1484 1516/1574/1516 1517/1575/1517 1485/1543/1485
f  1485/1543/1485 1517/1575/1517 1518/1576/1518 1486/1544/1486
f  1486/1544/1486 1518/1576/1518 1519/1577/1519 1487/1545/1487
f  1487/1545/1487 1519/1577/1519 1520/1578/1520 1488/1546/1488
f  1488/1546/1488 1520/1578/1520 1521/1579/1521 1489/1547/1489
f  1489/1547/1489 1521/1579/1521 1522/1580/1522 1490/1548/1490
f  1490/1548/1490 1522/1580/1522 1523/1581/1523 1491/1549/1491
f  1491/1549/1491 1523/1581/1523 1524/1582/1524 1492/1550/1492
f  1492/1550/1492 1524/1582/1524 1525/1583/1525 1493/1551/1493
f  1493/1551/1493 1525/1583/1525 1526/1584/1526 1494/1552/1494
f  1494/1552/1494 1526/1584/1526 1527/1585/1527 1495/1553/1495
f  1495/1553/1495 1527/1585/1527 1528/1586/1528 1496/1554/1496
f  1496/1554/1496 1528/1586/1528 1529/1587/1529 1497/1555/1497
f  1497/1555/1497 1529/1587/1529 1530/1588/1530 1498/1556/1498
f  1498/1556/1498 1530/1588/1530 1531/1589/1531 1499/1557/1499
f  1499/1557/1499 1531/1589/1531 1532/1590/1532 1500/1558/1500
f  1500/1558/1500 1532/1590/1532 1533/1591/1533 1501/1559/1501
f  1501/1559/1501 1533/1591/1533 1534/1592/1534 1502/1560/1502
f  1502/1560/1502 1534/1592/1534 1535/1593/1535 1503/1561/1503
f  1503/1561/1503 1535/1593/1535 1536/1594/1536 1504/1562/1504
f  1504/1562/1504 1536/1594/1536 1537/1595/1537 1505/1563/1505
f  1505/1563/1505 1537/1595/1537 1538/1596/1538 1506/1564/1506
f  1506/1564/1506 1538/1596/1538 1539/1597/1539 1507/1565/1507
f  1507/1565/1507 1539/1597/1539 1540/1598/1540 1508/1566/1508
f  1508/1566/1508 1540/1598/1540 1541/1599/1541 1509/1567/1509
f  1509/1567/1509 1541/1599/1541 1510/1568/1510 1478/1536/1478
f  1510/1600/1510 1542/1601/1542 1543/1602/1543 1511/1603/1511
f  1511/1603/1511 1543/1602/1543 1544/1604/1544 1512/1605/1512
f  1512/1605/1512 1544/1604/1544 1545/1606/1545 1513/1607/1513
f  1513/1607/1513 1545/1606/1545 1546/1608/1546 1514/1609/1514
f  1514/1609/1514 1546/1608/1546 1547/1610/1547 1515/1611/1515
f  1515/1611/1515 1547/1610/1547 1548/1612/1548 1516/1613/1516
f  1516/1613/1516 1548/1612/1548 1549/1614/1549 1517/1615/1517
f  1517/1615/1517 1549/1614/1549 1550/1616/1550 1518/1617/1518
f  1518/1617/1518 1550/1616/1550 1551/1618/1551 1519/1619/1519
f  1519/1619/1519 1551/1618/1551 1552/1620/1552 1520/1621/1520
f  1520/1621/1520 1552/1620/1552 1553/1622/1553 1521/1623/1521
f  1521/1623/1521 1553/1622/1553 1554/1624/1554 1522/1625/1522
f  1522/1625/1522 1554/1624/1554 1555/1626/1555 1523/1627/1523
f  1523/1627/1523 1555/1626/1555 1556/1628/1556 1524/1629/1524
f  1524/1629/1524 1556/1628/1556 1557/1630/1557 1525/1583/1525
f  1525/1583/1525 1557/1630/1557 1558/1631/1558 1526/1584/1526
f  1526/1584/1526 1558/1631/1558 1559/1632/1559 1527/1585/1527
f  1527/1585/1527 1559/1632/1559 1560/1633/1560 1528/1634/1528
f  1528/1634/1528 1560/1633/1560 1561/1635/1561 1529/1636/1529
f  1529/1636/1529 1561/1635/1561 1562/1637/1562 1530/1638/1530
f  1530/1638/1530 1562/1637/1562 1563/1639/1563 1531/1640/1531
f  1531/1640/1531 1563/1639/1563 1564/1641/1564 1532/1642/1532
f  1532/1642/1532 1564/1641/1564 1565/1643/1565 1533/1644/1533
f  1533/1644/1533 1565/1643/1565 1566/1645/1566 1534/1646/1534
f  1534/1646/1534 1566/1645/1566 1567/1647/1567 1535/1648/1535
f  1535/1648/1535 1567/1647/1567 1568/1649/1568 1536/1650/1536
f  1536/1650/1536 1568/1649/1568 1569/1651/1569 1537/1652/1537
f  1537/1652/1537 1569/1651/1569 1570/1653/1570 1538/1654/1538
f  1538/1654/1538 1570/1653/1570 1571/1655/1571 1539/1656/1539
f  1539/1656/1539 1571/1655/1571 1572/1657/1572 1540/1658/1540
f  1540/1658/1540 1572/1657/1572 1573/1659/1573 1541/1660/1541
f  1541/1660/1541 1573/1659/1573 1542/1601/1542 1510/1600/1510
f  1542/1601/1542 1574/1661/1574 1575/1662/1575 1543/1602/1543
f  1543/1602/1543 1575/1662/1575 1576/1663/1576 1544/1604/1544
f  1544/1604/1544 1576/1663/1576 1577/1664/1577 1545/1606/1545
f  1545/1606/1545 1577/1664/1577 1578/1665/1578 1546/1608/1546
f  1546/1608/1546 1578/1665/1578 1579/1666/1579 1547/1610/1547
f  1547/1610/1547 1579/1666/1579 1580/1667/1580 1548/1612/1548
f  1548/1612/1548 1580/1667/1580 1581/1668/1581 1549/1614/1549
f  1549/1614/1549 1581/1668/1581 1582/1669/1582 1550/1616/1550
f  1550/1616/1550 1582/1669/1582 1583/1670/1583 1551/1618/1551
f  1551/1618/1551 1583/1670/1583 1584/1671/1584 1552/1620/1552
f  1552/1620/1552 1584/1671/1584 1585/1672/1585 1553/1622/1553
f  1553/1622/1553 1585/1672/1585 1586/1673/1586 1554/1624/1554
f  1554/1624/1554 1586/1673/1586 1587/1674/1587 1555/1626/1555
f  1555/1626/1555 1587/1674/1587 1588/1675/1588 1556/1628/1556
f  1556/1628/1556 1588/1675/1588 1589/1676/1589 1557/1630/1557
f  1557/1630/1557 1589/1676/1589 1590/1677/1590 1558/1631/1558
f  1558/1631/1558 1590/1677/1590 1591/1678/1591 1559/1632/1559
f  1559/1632/1559 1591/1678/1591 1592/1679/1592 1560/1633/1560
f  1560/1633/1560 1592/1679/1592 1593/1680/1593 1561/1635/1561
f  1561/1635/1561 1593/1680/1593 1594/1681/1594 1562/1637/1562
f  1562/1637/1562 1594/1681/1594 1595/1682/1595 1563/1639/1563
f  1563/1639/1563 1595/1682/1595 1596/1683/1596 1564/1641/1564
f  1564/1641/1564 1596/1683/1596 1597/1684/1597 1565/1643/1565
f  1565/1643/1565 1597/1684/1597 1598/1685/1598 1566/1645/1566
f  1566/1645/1566 1598/1685/1598 1599/1686/1599 1567/1647/1567
f  1567/1647/1567 1599/1686/1599 1600/1687/1600 1568/1649/1568
f  1568/1649/1568 1600/1687/1600 1601/1688/1601 1569/1651/1569
f  1569/1651/1569 1601/1688/1601 1602/1689/1602 1570/1653/1570
f  1570/1653/1570 1602/1689/1602 1603/1690/1603 1571/1655/1571
f  1571/1655/1571 1603/1690/1603 1604/1691/1604 1572/1657/1572
f  1572/1657/1572 1604/1691/1604 1605/1692/1605 1573/1659/1573
f  1573/1659/1573 1605/1692/1605 1574/1661/1574 1542/1601/1542
f  1574/1661/1574 1606/1693/1606 1607/1694/1607 1575/1662/1575
f  1575/1662/1575 1607/1694/1607 1608/1695/1608 1576/1663/1576
f  1576/1663/1576 1608/1695/1608 1609/1696/1609 1577/1664/1577
f  1577/1664/1577 1609/1696/1609 1610/1697/1610 1578/1665/1578
f  1578/1665/1578 1610/1697/1610 1611/1698/1611 1579/1666/1579
f  1579/1666/1579 1611/1698/1611 1612/1699/1612 1580/1667/1580
f  1580/1667/1580 1612/1699/1612 1613/1700/1613 1581/1668/1581
f  1581/1668/1581 1613/1700/1613 1614/1701/1614 1582/1669/1582
f  1582/1669/1582 1614/1701/1614 1615/1702/1615 1583/1670/1583
f  1583/1670/1583 1615/1702/1615 1616/1703/1616 1584/1671/1584
f  1584/1671/1584 1616/1703/1616 1617/1704/1617 1585/1672/1585
f  1585/1672/1585 1617/1704/1617 1618/1705/1618 1586/1673/1586
f  1586/1673/1586 1618/1705/1618 1619/1706/1619 1587/1674/1587
f  1587/1674/1587 1619/1706/1619 1620/1707/1620 1588/1675/1588
f  1588/1675/1588 1620/1707/1620 1621/1708/1621 1589/1676/1589
f  1589/1676/1589 1621/1708/1621 1622/1709/1622 1590/1677/1590
f  1590/1677/1590 1622/1709/1622 1623/1710/1623 1591/1678/1591
f  1591/1678/1591 1623/1710/1623 1624/1711/1624 1592/1679/1592
f  1592/1679/1592 1624/1711/1624 1625/1712/1625 1593/1680/1593
f  1593/1680/1593 1625/1712/1625 1626/1713/1626 1594/1681/1594
f  1594/1681/1594 1626/1713/1626 1627/1714/1627 1595/1682/1595
f  1595/1682/1595 1627/1714/1627 1628/1715/1628 1596/1683/1596
f  1596/1683/1596 1628/1715/1628 1629/1716/1629 1597/1684/1597
f  1597/1684/1597 1629/1716/1629 1630/1717/1630 1598/1685/1598
f  1598/1685/1598 1630/1717/1630 1631/1718/1631 1599/1686/1599
f  1599/1686/1599 1631/1718/1631 1632/1719/1632 1600/1687/1600
f  1600/1687/1600 1632/1719/1632 1633/1720/1633 1601/1688/1601
f  1601/1688/1601 1633/1720/1633 1634/1721/1634 1602/1689/1602
f  1602/1689/1602 1634/1721/1634 1635/1722/1635 1603/1690/1603
f  1603/1690/1603 1635/1722/1635 1636/1723/1636 1604/1691/1604
f  1604/1691/1604 1636/1723/1636 1637/1724/1637 1605/1692/1605
f  1605/1692/1605 1637/1724/1637 1606/1693/1606 1574/1661/1574
f  1606/1693/1606 1638/1725/1638 1639/1726/1639 1607/1694/1607
f  1607/1694/1607 1639/1726/1639 1640/1727/1640 1608/1695/1608
f  1608/1695/1608 1640/1727/1640 1641/1728/1641 1609/1696/1609
f  1609/1696/1609 1641/1728/1641 1642/1729/1642 1610/1697/1610
f  1610/1697/1610 1642/1729/1642 1643/1730/1643 1611/1698/1611
f  1611/1698/1611 1643/1730/1643 1644/1731/1644 1612/1699/1612
f  1612/1699/1612 1644/1731/1644 1645/1732/1645 1613/1700/1613
f  1613/1700/1613 1645/1732/1645 1646/1733/1646 1614/1701/1614
f  1614/1701/1614 1646/1733/1646 1647/1734/1647 1615/1702/1615
f  1615/1702/1615 1647/1734/1647 1648/1735/1648 1616/1703/1616
f  1616/1703/1616 1648/1735/1648 1649/1736/1649 1617/1704/1617
f  1617/1704/1617 1649/1736/1649 1650/1737/1650 1618/1705/1618
f  1618/1705/1618 1650/1737/1650 1651/1738/1651 1619/1706/1619
f  1619/1706/1619 1651/1738/1651 1652/1739/1652 1620/1707/1620
f  1620/1707/1620 1652/1739/1652 1653/1740/1653 1621/1708/1621
f  1621/1708/1621 1653/1740/1653 1654/1741/1654 1622/1709/1622
f  1622/1709/1622 1654/1741/1654 1655/1742/1655 1623/1710/1623
f  1623/1710/1623 1655/1742/1655 1656/1743/1656 1624/1711/1624
f  1624/1711/1624 1656/1743/1656 1657/1744/1657 1625/1712/1625
f  1625/1712/1625 1657/1744/1657 1658/1745/1658 1626/1713/1626
f  1626/1713/1626 1658/1745/1658 1659/1746/1659 1627/1714/1627
f  1627/1714/1627 1659/1746/1659 1660/1747/1660 1628/1715/1628
f  1628/1715/1628 1660/1747/1660 1661/1748/1661 1629/1716/1629
f  1629/1716/1629 1661/1748/1661 1662/1749/1662 1630/1717/1630
f  1630/1717/1630 1662/1749/1662 1663/1750/1663 1631/1718/1631
f  1631/1718/1631 1663/1750/1663 1664/1751/1664 1632/1719/1632
f  1632/1719/1632 1664/1751/1664 1665/1752/1665 1633/1720/1633
f  1633/1720/1633 1665/1752/1665 1666/1753/1666 1634/1721/1634
f  1634/1721/1634 1666/1753/1666 1667/1754/1667 1635/1722/1635
f  1635/1722/1635 1667/1754/1667 1668/1755/1668 1636/1723/1636
f  1636/1723/1636 1668/1755/1668 1669/1756/1669 1637/1724/1637
f  1637/1724/1637 1669/1756/1669 1638/1725/1638 1606/1693/1606
f  1638/1725/1638 1670/1757/1670 1671/1758/1671 1639/1726/1639
f  1639/1726/1639 1671/1758/1671 1672/1759/1672 1640/1727/1640
f  1640/1727/1640 1672/1759/1672 1673/1760/1673 1641/1728/1641
f  1641/1728/1641 1673/1760/1673 1674/1761/1674 1642/1729/1642
f  1642/1729/1642 1674/1761/1674 1675/1762/1675 1643/1730/1643
f  1643/1730/1643 1675/1762/1675 1676/1763/1676 1644/1731/1644
f  1644/1731/1644 1676/1763/1676 1677/1764/1677 1645/1732/1645
f  1645/1732/1645 1677/1764/1677 1678/1765/1678 1646/1733/1646
f  1646/1733/1646 1678/1765/1678 1679/1766/1679 1647/1734/1647
f  1647/1734/1647 1679/1766/1679 1680/1767/1680 1648/1735/1648
f  1648/1735/1648 1680/1767/1680 1681/1768/1681 1649/1736/1649
f  1649/1736/1649 1681/1768/1681 1682/1769/1682 1650/1737/1650
f  1650/1737/1650 1682/1769/1682 1683/1770/1683 1651/1738/1651
f  1651/1738/1651 1683/1770/1683 1684/1771/1684 1652/1739/1652
f  1652/1739/1652 1684/1771/1684 1685/1772/1685 1653/1740/1653
f  1653/1740/1653 1685/1772/1685 1686/1773/1686 1654/1741/1654
f  1654/1741/1654 1686/1773/1686 1687/1774/1687 1655/1742/1655
f  1655/1742/1655 1687/1774/1687 1688/1775/1688 1656/1743/1656
f  1656/1743/1656 1688/1775/1688 1689/1776/1689 1657/1744/1657
f  1657/1744/1657 1689/1776/1689 1690/1777/1690 1658/1745/1658
f  1658/1745/1658 1690/1777/1690 1691/1778/1691 1659/1746/1659
f  1659/1746/1659 1691/1778/1691 1692/1779/1692 1660/1747/1660
f  1660/1747/1660 1692/1779/1692 1693/1780/1693 1661/1748/1661
f  1661/1748/1661 1693/1780/1693 1694/1781/1694 1662/1749/1662
f  1662/1749/1662 1694/1781/1694 1695/1782/1695 1663/1750/1663
f  1663/1750/1663 1695/1782/1695 1696/1783/1696 1664/1751/1664
f  1664/1751/1664 1696/1783/1696 1697/1784/1697 1665/1752/1665
f  1665/1752/1665 1697/1784/1697 1698/1785/1698 1666/1753/1666
f  1666/1753/1666 1698/1785/1698 1699/1786/1699 1667/1754/1667
f  1667/1754/1667 1699/1786/1699 1700/1787/1700 1668/1755/1668
f  1668/1755/1668 1700/1787/1700 1701/1788/1701 1669/1756/1669
f  1669/1756/1669 1701/1788/1701 1670/1757/1670 1638/1725/1638
f  1670/1757/1670 1702/1789/1702 1703/1790/1703 1671/1758/1671
f  1671/1758/1671 1703/1790/1703 1704/1791/1704 1672/1759/1672
f  1672/1759/1672 1704/1791/1704 1705/1792/1705 1673/1760/1673
f  1673/1760/1673 1705/1792/1705 1706/1793/1706 1674/1761/1674
f  1674/1761/1674 1706/1793/1706 1707/1794/1707 1675/1762/1675
f  1675/1762/1675 1707/1794/1707 1708/1795/1708 1676/1763/1676
f  1676/1763/1676 1708/1795/1708 1709/1796/1709 1677/1764/1677
f  1677/1764/1677 1709/1796/1709 1710/1797/1710 1678/1765/1678
f  1678/1765/1678 1710/1797/1710 1711/1798/1711 1679/1766/1679
f  1679/1766/1679 1711/1798/1711 1712/1799/1712 1680/1767/1680
f  1680/1767/1680 1712/1799/1712 1713/1800/1713 1681/1768/1681
f  1681/1768/1681 1713/1800/1713 1714/1801/1714 1682/1769/1682
f  1682/1769/1682 1714/1801/1714 1715/1802/1715 1683/1770/1683
f  1683/1770/1683 1715/1802/1715 1716/1803/1716 1684/1771/1684
f  1684/1771/1684 1716/1803/1716 1717/1804/1717 1685/1772/1685
f  1685/1772/1685 1717/1804/1717 1718/1805/1718 1686/1773/1686
f  1686/1773/1686 1718/1805/1718 1719/1806/1719 1687/1774/1687
f  1687/1774/1687 1719/1806/1719 1720/1807/1720 1688/1775/1688
f  1688/1775/1688 1720/1807/1720 1721/1808/1721 1689/1776/1689
f  1689/1776/1689 1721/1808/1721 1722/1809/1722 1690/1777/1690
f  1690/1777/1690 1722/1809/1722 1723/1810/1723 1691/1778/1691
f  1691/1778/1691 1723/1810/1723 1724/1811/1724 1692/1779/1692
f  1692/1779/1692 1724/1811/1724 1725/1812/1725 1693/1780/1693
f  1693/1780/1693 1725/1812/1725 1726/1813/1726 1694/1781/1694
f  1694/1781/1694 1726/1813/1726 1727/1814/1727 1695/1782/1695
f  1695/1782/1695 1727/1814/1727 1728/1815/1728 1696/1783/1696
f  1696/1783/1696 1728/1815/1728 1729/1816/1729 1697/1784/1697
f  1697/1784/1697 1729/1816/1729 1730/1817/1730 1698/1785/1698
f  1698/1785/1698 1730/1817/1730 1731/1818/1731 1699/1786/1699
f  1699/1786/1699 1731/1818/1731 1732/1819/1732 1700/1787/1700
f  1700/1787/1700 1732/1819/1732 1733/1820/1733 1701/1788/1701
f  1701/1788/1701 1733/1820/1733 1702/1789/1702 1670/1757/1670
f  1702/1789/1702 1734/1821/1734 1735/1822/1735 1703/1790/1703
f  1703/1790/1703 1735/1822/1735 1736/1823/1736 1704/1791/1704
f  1704/1791/1704 1736/1823/1736 1737/1824/1737 1705/1792/1705
f  1705/1792/1705 1737/1824/1737 1738/1825/1738 1706/1793/1706
f  1706/1793/1706 1738/1825/1738 1739/1826/1739 1707/1794/1707
f  1707/1794/1707 1739/1826/1739 1740/1827/1740 1708/1795/1708
f  1708/1795/1708 1740/1827/1740 1741/1828/1741 1709/1796/1709
f  1709/1796/1709 1741/1828/1741 1742/1829/1742 1710/1797/1710
f  1710/1797/1710 1742/1829/1742 1743/1830/1743 1711/1798/1711
f  1711/1798/1711 1743/1830/1743 1744/1831/1744 1712/1799/1712
f  1712/1799/1712 1744/1831/1744 1745/1832/1745 1713/1800/1713
f  1713/1800/1713 1745/1832/1745 1746/1833/1746 1714/1801/1714
f  1714/1801/1714 1746/1833/1746 1747/1834/1747 1715/1802/1715
f  1715/1802/1715 1747/1834/1747 1748/1835/1748 1716/1803/1716
f  1716/1803/1716 1748/1835/1748 1749/1836/1749 1717/1804/1717
f  1717/1804/1717 1749/1836/1749 1750/1837/1750 1718/1805/1718
f  1718/1805/1718 1750/1837/1750 1751/1838/1751 1719/1806/1719
f  1719/1806/1719 1751/1838/1751 1752/1839/1752 1720/1807/1720
f  1720/1807/1720 1752/1839/1752 1753/1840/1753 1721/1808/1721
f  1721/1808/1721 1753/1840/1753 1754/1841/1754 1722/1809/1722
f  1722/1809/1722 1754/1841/1754 1755/1842/1755 1723/1810/1723
f  1723/1810/1723 1755/1842/1755 1756/1843/1756 1724/1811/1724
f  1724/1811/1724 1756/1843/1756 1757/1844/1757 1725/1812/1725
f  1725/1812/1725 1757/1844/1757 1758/1845/1758 1726/1813/1726
f  1726/1813/1726 1758/1845/1758 1759/1846/1759 1727/1814/1727
f  1727/1814/1727 1759/1846/1759 1760/1847/1760 1728/1815/1728
f  1728/1815/1728 1760/1847/1760 1761/1848/1761 1729/1816/1729
f  1729/1816/1729 1761/1848/1761 1762/1849/1762 1730/1817/1730
f  1730/1817/1730 1762/1849/1762 1763/1850/1763 1731/1818/1731
f  1731/1818/1731 1763/1850/1763 1764/1851/1764 1732/1819/1732
f  1732/1819/1732 1764/1851/1764 1765/1852/1765 1733/1820/1733
f  1733/1820/1733 1765/1852/1765 1734/1821/1734 1702/1789/1702
f  1766/1853/1766 1735/1822/1735 1734/1821/1734 1765/1852/1765
f  1766/1853/1766 1737/1824/1737 1736/1823/1736 1735/1822/1735
f  1766/1853/1766 1739/1826/1739 1738/1825/1738 1737/1824/1737
f  1766/1853/1766 1741/1828/1741 1740/1827/1740 1739/1826/1739
f  1766/1853/1766 1743/1830/1743 1742/1829/1742 1741/1828/1741
f  1766/1853/1766 1745/1832/1745 1744/1831/1744 1743/1830/1743
f  1766/1853/1766 1747/1834/1747 1746/1833/1746 1745/1832/1745
f  1766/1853/1766 1749/1836/1749 1748/1835/1748 1747/1834/1747
f  1766/1853/1766 1751/1838/1751 1750/1837/1750 1749/1836/1749
f  1766/1853/1766 1753/1840/1753 1752/1839/1752 1751/1838/1751
f  1766/1853/1766 1755/1842/1755 1754/1841/1754 1753/1840/1753
f  1766/1853/1766 1757/1844/1757 1756/1843/1756 1755/1842/1755
f  1766/1853/1766 1759/1846/1759 1758/1845/1758 1757/1844/1757
f  1766/1853/1766 1761/1848/1761 1760/1847/1760 1759/1846/1759
f  1766/1853/1766 1763/1850/1763 1762/1849/1762 1761/1848/1761
f  1766/1853/1766 1765/1852/1765 1764/1851/1764 1763/1850/1763
# object Angelfish_Set_03_pivot
g Angelfish_Set_03_pivot
v -0.52980 -3.86433 3.24064
v -0.52031 -3.86153 3.26676
v -0.51847 -3.86661 3.26607
v -0.51697 -3.87157 3.26437
v -0.51586 -3.87621 3.26173
v -0.51520 -3.88035 3.25826
v -0.51501 -3.88384 3.25408
v -0.51528 -3.88654 3.24936
v -0.51603 -3.88836 3.24427
v -0.51720 -3.88921 3.23902
v -0.51877 -3.88906 3.23380
v -0.52066 -3.88793 3.22882
v -0.52282 -3.88585 3.22427
v -0.52514 -3.88291 3.22031
v -0.52755 -3.87922 3.21711
v -0.52996 -3.87491 3.21479
v -0.53226 -3.87017 3.21344
v -0.53437 -3.86515 3.21310
v -0.53622 -3.86007 3.21379
v -0.53772 -3.85512 3.21549
v -0.53882 -3.85048 3.21813
v -0.53949 -3.84634 3.22160
v -0.53968 -3.84284 3.22578
v -0.53940 -3.84014 3.23050
v -0.53866 -3.83833 3.23559
v -0.53749 -3.83748 3.24084
v -0.53592 -3.83762 3.24606
v -0.53402 -3.83875 3.25104
v -0.53187 -3.84083 3.25559
v -0.52954 -3.84377 3.25955
v -0.52713 -3.84747 3.26274
v -0.52473 -3.85177 3.26507
v -0.52243 -3.85652 3.26642
v -0.50629 -3.85687 3.29046
v -0.50267 -3.86683 3.28910
v -0.49973 -3.87655 3.28577
v -0.49756 -3.88565 3.28060
v -0.49626 -3.89378 3.27378
v -0.49588 -3.90063 3.26558
v -0.49642 -3.90593 3.25632
v -0.49788 -3.90949 3.24634
v -0.50018 -3.91115 3.23604
v -0.50326 -3.91087 3.22581
v -0.50698 -3.90865 3.21604
v -0.51120 -3.90458 3.20710
v -0.51576 -3.89881 3.19935
v -0.52049 -3.89156 3.19307
v -0.52521 -3.88312 3.18852
v -0.52972 -3.87380 3.18586
v -0.53387 -3.86397 3.18520
v -0.53749 -3.85401 3.18656
v -0.54043 -3.84429 3.18989
v -0.54260 -3.83519 3.19506
v -0.54390 -3.82706 3.20188
v -0.54428 -3.82021 3.21007
v -0.54374 -3.81491 3.21934
v -0.54228 -3.81135 3.22931
v -0.53997 -3.80969 3.23962
v -0.53690 -3.80997 3.24985
v -0.53318 -3.81219 3.25962
v -0.52896 -3.81626 3.26855
v -0.52440 -3.82203 3.27631
v -0.51967 -3.82928 3.28258
v -0.51495 -3.83772 3.28714
v -0.51044 -3.84704 3.28980
v -0.48826 -3.85051 3.31083
v -0.48301 -3.86498 3.30885
v -0.47873 -3.87909 3.30402
v -0.47559 -3.89230 3.29651
v -0.47370 -3.90411 3.28661
v -0.47314 -3.91405 3.27471
v -0.47394 -3.92175 3.26126
v -0.47605 -3.92691 3.24678
v -0.47940 -3.92933 3.23182
v -0.48386 -3.92892 3.21697
v -0.48926 -3.92569 3.20278
v -0.49539 -3.91978 3.18981
v -0.50201 -3.91140 3.17855
v -0.50888 -3.90088 3.16944
v -0.51572 -3.88863 3.16283
v -0.52228 -3.87510 3.15897
v -0.52830 -3.86083 3.15801
v -0.53355 -3.84636 3.15998
v -0.53783 -3.83225 3.16482
v -0.54097 -3.81904 3.17233
v -0.54286 -3.80724 3.18222
v -0.54342 -3.79730 3.19412
v -0.54263 -3.78960 3.20757
v -0.54051 -3.78444 3.22205
v -0.53716 -3.78202 3.23701
v -0.53270 -3.78243 3.25187
v -0.52730 -3.78565 3.26605
v -0.52117 -3.79157 3.27902
v -0.51455 -3.79994 3.29028
v -0.50768 -3.81046 3.29939
v -0.50084 -3.82272 3.30600
v -0.49428 -3.83624 3.30986
v -0.46692 -3.84272 3.32708
v -0.46024 -3.86113 3.32456
v -0.45480 -3.87909 3.31841
v -0.45080 -3.89591 3.30885
v -0.44839 -3.91093 3.29626
v -0.44768 -3.92358 3.28111
v -0.44869 -3.93338 3.26399
v -0.45138 -3.93995 3.24556
v -0.45564 -3.94303 3.22652
v -0.46132 -3.94251 3.20761
v -0.46819 -3.93841 3.18956
v -0.47599 -3.93088 3.17305
v -0.48443 -3.92022 3.15872
v -0.49317 -3.90683 3.14713
v -0.50188 -3.89123 3.13871
v -0.51022 -3.87401 3.13380
v -0.51788 -3.85585 3.13258
v -0.52457 -3.83744 3.13509
v -0.53001 -3.81948 3.14124
v -0.53401 -3.80266 3.15080
v -0.53642 -3.78764 3.16339
v -0.53713 -3.77499 3.17854
v -0.53612 -3.76519 3.19566
v -0.53343 -3.75863 3.21409
v -0.52917 -3.75554 3.23313
v -0.52349 -3.75606 3.25204
v -0.51662 -3.76017 3.27009
v -0.50881 -3.76769 3.28660
v -0.50038 -3.77836 3.30093
v -0.49164 -3.79175 3.31252
v -0.48293 -3.80735 3.32094
v -0.47459 -3.82456 3.32585
v -0.44310 -3.83378 3.33859
v -0.43524 -3.85543 3.33563
v -0.42884 -3.87655 3.32840
v -0.42413 -3.89632 3.31716
v -0.42131 -3.91399 3.30235
v -0.42047 -3.92887 3.28454
v -0.42166 -3.94039 3.26441
v -0.42482 -3.94811 3.24273
v -0.42983 -3.95173 3.22035
v -0.43651 -3.95112 3.19811
v -0.44459 -3.94630 3.17688
v -0.45376 -3.93744 3.15747
v -0.46368 -3.92491 3.14063
v -0.47395 -3.90916 3.12699
v -0.48420 -3.89082 3.11710
v -0.49401 -3.87058 3.11132
v -0.50302 -3.84922 3.10988
v -0.51088 -3.82757 3.11283
v -0.51728 -3.80645 3.12007
v -0.52199 -3.78668 3.13131
v -0.52481 -3.76902 3.14612
v -0.52564 -3.75414 3.16393
v -0.52446 -3.74262 3.18406
v -0.52130 -3.73490 3.20573
v -0.51628 -3.73127 3.22811
v -0.50961 -3.73188 3.25035
v -0.50153 -3.73671 3.27158
v -0.49235 -3.74556 3.29099
v -0.48244 -3.75810 3.30784
v -0.47216 -3.77384 3.32147
v -0.46192 -3.79219 3.33137
v -0.45211 -3.81242 3.33715
v -0.41769 -3.82404 3.34491
v -0.40896 -3.84810 3.34163
v -0.40185 -3.87157 3.33359
v -0.39662 -3.89354 3.32110
v -0.39348 -3.91316 3.30465
v -0.39255 -3.92969 3.28485
v -0.39387 -3.94250 3.26249
v -0.39738 -3.95108 3.23841
v -0.40296 -3.95510 3.21353
v -0.41037 -3.95442 3.18883
v -0.41935 -3.94906 3.16524
v -0.42955 -3.93923 3.14367
v -0.44056 -3.92530 3.12495
v -0.45198 -3.90780 3.10980
v -0.46336 -3.88742 3.09881
v -0.47427 -3.86493 3.09238
v -0.48428 -3.84120 3.09078
v -0.49301 -3.81714 3.09407
v -0.50012 -3.79368 3.10211
v -0.50535 -3.77171 3.11460
v -0.50849 -3.75208 3.13105
v -0.50942 -3.73555 3.15084
v -0.50810 -3.72275 3.17321
v -0.50459 -3.71417 3.19729
v -0.49902 -3.71014 3.22216
v -0.49160 -3.71082 3.24687
v -0.48262 -3.71618 3.27046
v -0.47243 -3.72602 3.29203
v -0.46141 -3.73995 3.31075
v -0.44999 -3.75744 3.32590
v -0.43861 -3.77782 3.33689
v -0.42770 -3.80031 3.34331
v -0.39169 -3.81388 3.34581
v -0.38243 -3.83942 3.34233
v -0.37487 -3.86433 3.33379
v -0.36932 -3.88765 3.32054
v -0.36599 -3.90849 3.30307
v -0.36501 -3.92604 3.28206
v -0.36640 -3.93963 3.25831
v -0.37013 -3.94874 3.23275
v -0.37605 -3.95301 3.20634
v -0.38392 -3.95229 3.18012
v -0.39345 -3.94660 3.15507
v -0.40428 -3.93616 3.13217
v -0.41597 -3.92137 3.11230
v -0.42809 -3.90280 3.09622
v -0.44018 -3.88116 3.08455
v -0.45175 -3.85729 3.07773
v -0.46238 -3.83209 3.07603
v -0.47165 -3.80655 3.07952
v -0.47920 -3.78164 3.08805
v -0.48475 -3.75832 3.10131
v -0.48808 -3.73749 3.11878
v -0.48907 -3.71993 3.13979
v -0.48767 -3.70634 3.16353
v -0.48394 -3.69724 3.18910
v -0.47803 -3.69296 3.21550
v -0.47015 -3.69368 3.24173
v -0.46062 -3.69937 3.26677
v -0.44980 -3.70981 3.28967
v -0.43810 -3.72460 3.30954
v -0.42598 -3.74318 3.32562
v -0.41390 -3.76481 3.33730
v -0.40232 -3.78869 3.34412
v -0.36610 -3.80368 3.34125
v -0.35665 -3.82972 3.33770
v -0.34894 -3.85512 3.32900
v -0.34329 -3.87890 3.31548
v -0.33989 -3.90014 3.29767
v -0.33888 -3.91804 3.27625
v -0.34031 -3.93189 3.25204
v -0.34411 -3.94118 3.22597
v -0.35014 -3.94554 3.19905
v -0.35817 -3.94480 3.17231
v -0.36789 -3.93900 3.14678
v -0.37892 -3.92836 3.12343
v -0.39085 -3.91328 3.10317
v -0.40321 -3.89434 3.08677
v -0.41553 -3.87228 3.07487
v -0.42733 -3.84794 3.06792
v -0.43816 -3.82225 3.06619
v -0.44761 -3.79621 3.06974
v -0.45532 -3.77081 3.07844
v -0.46097 -3.74703 3.09196
v -0.46437 -3.72579 3.10977
v -0.46538 -3.70790 3.13119
v -0.46395 -3.69404 3.15540
v -0.46015 -3.68475 3.18147
v -0.45412 -3.68039 3.20839
v -0.44609 -3.68113 3.23513
v -0.43637 -3.68693 3.26067
v -0.42534 -3.69758 3.28401
v -0.41341 -3.71266 3.30427
v -0.40105 -3.73159 3.32067
v -0.38873 -3.75365 3.33257
v -0.37693 -3.77799 3.33952
v -0.34188 -3.79384 3.33141
v -0.33261 -3.81938 3.32792
v -0.32506 -3.84429 3.31939
v -0.31951 -3.86761 3.30613
v -0.31618 -3.88845 3.28866
v -0.31519 -3.90600 3.26765
v -0.31659 -3.91959 3.24391
v -0.32032 -3.92870 3.21834
v -0.32623 -3.93297 3.19194
v -0.33411 -3.93225 3.16571
v -0.34364 -3.92656 3.14067
v -0.35446 -3.91612 3.11777
v -0.36616 -3.90133 3.09790
v -0.37828 -3.88276 3.08182
v -0.39036 -3.86112 3.07014
v -0.40194 -3.83724 3.06333
v -0.41257 -3.81205 3.06163
v -0.42183 -3.78651 3.06511
v -0.42939 -3.76160 3.07365
v -0.43494 -3.73828 3.08691
v -0.43827 -3.71744 3.10438
v -0.43925 -3.69989 3.12539
v -0.43786 -3.68630 3.14913
v -0.43413 -3.67720 3.17469
v -0.42821 -3.67292 3.20110
v -0.42034 -3.67364 3.22733
v -0.41081 -3.67933 3.25237
v -0.39998 -3.68977 3.27527
v -0.38829 -3.70456 3.29514
v -0.37617 -3.72313 3.31122
v -0.36408 -3.74477 3.32289
v -0.35251 -3.76865 3.32971
v -0.31998 -3.78473 3.31666
v -0.31125 -3.80879 3.31337
v -0.30414 -3.83225 3.30533
v -0.29891 -3.85422 3.29285
v -0.29577 -3.87385 3.27639
v -0.29484 -3.89038 3.25660
v -0.29616 -3.90318 3.23423
v -0.29967 -3.91176 3.21015
v -0.30524 -3.91579 3.18528
v -0.31266 -3.91511 3.16057
v -0.32164 -3.90975 3.13698
v -0.33183 -3.89992 3.11541
v -0.34285 -3.88598 3.09670
v -0.35427 -3.86849 3.08155
v -0.36565 -3.84811 3.07055
v -0.37656 -3.82562 3.06413
v -0.38657 -3.80189 3.06253
v -0.39530 -3.77783 3.06581
v -0.40241 -3.75436 3.07385
v -0.40764 -3.73240 3.08634
v -0.41078 -3.71277 3.10280
v -0.41171 -3.69624 3.12259
v -0.41039 -3.68344 3.14495
v -0.40688 -3.67486 3.16904
v -0.40130 -3.67083 3.19391
v -0.39389 -3.67151 3.21861
v -0.38491 -3.67687 3.24220
v -0.37471 -3.68670 3.26377
v -0.36370 -3.70064 3.28249
v -0.35228 -3.71813 3.29764
v -0.34090 -3.73851 3.30864
v -0.32999 -3.76100 3.31506
v -0.30124 -3.77671 3.29757
v -0.29338 -3.79836 3.29461
v -0.28698 -3.81948 3.28737
v -0.28228 -3.83925 3.27614
v -0.27945 -3.85691 3.26133
v -0.27862 -3.87179 3.24351
v -0.27980 -3.88331 3.22339
v -0.28296 -3.89104 3.20171
v -0.28798 -3.89466 3.17933
v -0.29465 -3.89405 3.15709
v -0.30273 -3.88922 3.13586
v -0.31191 -3.88037 3.11645
v -0.32182 -3.86783 3.09960
v -0.33210 -3.85209 3.08597
v -0.34234 -3.83375 3.07608
v -0.35216 -3.81351 3.07030
v -0.36116 -3.79215 3.06886
v -0.36902 -3.77050 3.07181
v -0.37543 -3.74938 3.07905
v -0.38013 -3.72961 3.09029
v -0.38295 -3.71194 3.10510
v -0.38379 -3.69707 3.12291
v -0.38260 -3.68554 3.14304
v -0.37944 -3.67782 3.16471
v -0.37443 -3.67420 3.18709
v -0.36775 -3.67481 3.20933
v -0.35967 -3.67964 3.23056
v -0.35050 -3.68849 3.24997
v -0.34058 -3.70103 3.26682
v -0.33031 -3.71677 3.28045
v -0.32006 -3.73511 3.29035
v -0.31025 -3.75535 3.29613
v -0.28638 -3.77008 3.27487
v -0.27969 -3.78849 3.27235
v -0.27425 -3.80645 3.26620
v -0.27025 -3.82327 3.25664
v -0.26785 -3.83829 3.24405
v -0.26713 -3.85094 3.22890
v -0.26814 -3.86074 3.21178
v -0.27083 -3.86731 3.19335
v -0.27510 -3.87039 3.17431
v -0.28077 -3.86987 3.15541
v -0.28764 -3.86577 3.13735
v -0.29545 -3.85824 3.12084
v -0.30388 -3.84758 3.10652
v -0.31262 -3.83419 3.09492
v -0.32133 -3.81859 3.08651
v -0.32967 -3.80137 3.08159
v -0.33734 -3.78321 3.08037
v -0.34402 -3.76480 3.08288
v -0.34946 -3.74684 3.08903
v -0.35347 -3.73002 3.09859
v -0.35587 -3.71500 3.11118
v -0.35658 -3.70235 3.12633
v -0.35557 -3.69255 3.14345
v -0.35288 -3.68599 3.16188
v -0.34862 -3.68290 3.18092
v -0.34294 -3.68342 3.19983
v -0.33607 -3.68753 3.21788
v -0.32827 -3.69505 3.23439
v -0.31983 -3.70572 3.24872
v -0.31109 -3.71911 3.26031
v -0.30238 -3.73471 3.26873
v -0.29404 -3.75192 3.27364
v -0.27596 -3.76510 3.24943
v -0.27071 -3.77957 3.24746
v -0.26643 -3.79368 3.24263
v -0.26329 -3.80689 3.23512
v -0.26140 -3.81869 3.22522
v -0.26084 -3.82863 3.21332
v -0.26163 -3.83633 3.19987
v -0.26375 -3.84149 3.18539
v -0.26710 -3.84391 3.17043
v -0.27156 -3.84350 3.15557
v -0.27696 -3.84028 3.14139
v -0.28309 -3.83436 3.12842
v -0.28971 -3.82599 3.11716
v -0.29658 -3.81547 3.10805
v -0.30342 -3.80321 3.10144
v -0.30998 -3.78969 3.09758
v -0.31600 -3.77542 3.09662
v -0.32125 -3.76095 3.09859
v -0.32553 -3.74684 3.10343
v -0.32867 -3.73363 3.11093
v -0.33056 -3.72183 3.12083
v -0.33112 -3.71188 3.13273
v -0.33032 -3.70419 3.14618
v -0.32821 -3.69903 3.16066
v -0.32486 -3.69660 3.17562
v -0.32040 -3.69701 3.19048
v -0.31500 -3.70024 3.20466
v -0.30887 -3.70615 3.21763
v -0.30225 -3.71453 3.22889
v -0.29538 -3.72505 3.23800
v -0.28854 -3.73731 3.24461
v -0.28198 -3.75083 3.24847
v -0.27039 -3.76196 3.22225
v -0.26678 -3.77192 3.22089
v -0.26383 -3.78164 3.21755
v -0.26166 -3.79074 3.21238
v -0.26036 -3.79887 3.20557
v -0.25998 -3.80572 3.19737
v -0.26052 -3.81102 3.18810
v -0.26198 -3.81458 3.17813
v -0.26429 -3.81624 3.16783
v -0.26736 -3.81596 3.15759
v -0.27108 -3.81374 3.14782
v -0.27530 -3.80967 3.13889
v -0.27986 -3.80390 3.13113
v -0.28459 -3.79665 3.12486
v -0.28931 -3.78821 3.12030
v -0.29382 -3.77889 3.11764
v -0.29797 -3.76907 3.11698
v -0.30159 -3.75910 3.11834
v -0.30453 -3.74938 3.12167
v -0.30670 -3.74028 3.12684
v -0.30800 -3.73215 3.13366
v -0.30838 -3.72530 3.14186
v -0.30784 -3.72000 3.15112
v -0.30638 -3.71645 3.16110
v -0.30408 -3.71478 3.17140
v -0.30100 -3.71506 3.18163
v -0.29728 -3.71728 3.19141
v -0.29306 -3.72135 3.20034
v -0.28850 -3.72712 3.20809
v -0.28377 -3.73437 3.21437
v -0.27905 -3.74281 3.21892
v -0.27454 -3.75213 3.22158
v -0.26989 -3.76078 3.19434
v -0.26804 -3.76586 3.19365
v -0.26654 -3.77081 3.19195
v -0.26544 -3.77545 3.18932
v -0.26477 -3.77960 3.18584
v -0.26458 -3.78309 3.18166
v -0.26486 -3.78579 3.17694
v -0.26560 -3.78760 3.17185
v -0.26677 -3.78845 3.16660
v -0.26834 -3.78831 3.16138
v -0.27024 -3.78718 3.15640
v -0.27239 -3.78510 3.15185
v -0.27472 -3.78216 3.14790
v -0.27713 -3.77846 3.14470
v -0.27953 -3.77416 3.14238
v -0.28183 -3.76941 3.14102
v -0.28395 -3.76440 3.14068
v -0.28579 -3.75932 3.14137
v -0.28729 -3.75436 3.14307
v -0.28840 -3.74973 3.14571
v -0.28906 -3.74558 3.14918
v -0.28926 -3.74209 3.15336
v -0.28898 -3.73939 3.15809
v -0.28824 -3.73758 3.16317
v -0.28706 -3.73673 3.16842
v -0.28549 -3.73687 3.17364
v -0.28360 -3.73800 3.17862
v -0.28144 -3.74008 3.18318
v -0.27912 -3.74302 3.18713
v -0.27671 -3.74671 3.19033
v -0.27430 -3.75102 3.19265
v -0.27200 -3.75577 3.19401
v -0.27446 -3.76160 3.16680
# 482 verticies
vt 0.72750 0.28602
vt 0.74566 0.26727
vt 0.74899 0.27118
vt 0.75152 0.27564
vt 0.75315 0.28050
vt 0.75383 0.28558
vt 0.75353 0.29070
vt 0.75224 0.29566
vt 0.75001 0.30029
vt 0.74691 0.30440
vt 0.74305 0.30783
vt 0.73856 0.31044
vt 0.73362 0.31211
vt 0.72841 0.31277
vt 0.72313 0.31238
vt 0.71800 0.31094
vt 0.71322 0.30851
vt 0.70900 0.30519
vt 0.70550 0.30111
vt 0.70288 0.29643
vt 0.70125 0.29135
vt 0.70066 0.28608
vt 0.70113 0.28083
vt 0.70264 0.27581
vt 0.70510 0.27122
vt 0.70842 0.26723
vt 0.71244 0.26398
vt 0.71702 0.26159
vt 0.72196 0.26014
vt 0.72708 0.25967
vt 0.73220 0.26019
vt 0.73711 0.26168
vt 0.74166 0.26407
vt 0.76393 0.24847
vt 0.77049 0.25615
vt 0.77552 0.26493
vt 0.77883 0.27451
vt 0.78030 0.28457
vt 0.77986 0.29477
vt 0.77748 0.30475
vt 0.77322 0.31415
vt 0.76718 0.32262
vt 0.75955 0.32981
vt 0.75055 0.33541
vt 0.74052 0.33915
vt 0.72982 0.34080
vt 0.71888 0.34025
vt 0.70815 0.33746
vt 0.69813 0.33249
vt 0.68928 0.32556
vt 0.68201 0.31698
vt 0.67668 0.30714
vt 0.67349 0.29650
vt 0.67255 0.28554
vt 0.67386 0.27475
vt 0.67727 0.26456
vt 0.68260 0.25535
vt 0.68958 0.24746
vt 0.69789 0.24114
vt 0.70719 0.23658
vt 0.71712 0.23390
vt 0.72732 0.23315
vt 0.73744 0.23432
vt 0.74712 0.23736
vt 0.75605 0.24213
vt 0.78257 0.22932
vt 0.79237 0.24077
vt 0.79993 0.25384
vt 0.80500 0.26811
vt 0.80737 0.28314
vt 0.80693 0.29846
vt 0.80363 0.31355
vt 0.79750 0.32790
vt 0.78865 0.34099
vt 0.77730 0.35228
vt 0.76377 0.36127
vt 0.74847 0.36749
vt 0.73195 0.37054
vt 0.71486 0.37011
vt 0.69795 0.36604
vt 0.68205 0.35840
vt 0.66800 0.34747
vt 0.65657 0.33381
vt 0.64836 0.31816
vt 0.64372 0.30134
vt 0.64274 0.28422
vt 0.64528 0.26755
vt 0.65105 0.25202
vt 0.65966 0.23817
vt 0.67065 0.22646
vt 0.68350 0.21722
vt 0.69770 0.21066
vt 0.71272 0.20692
vt 0.72804 0.20604
vt 0.74315 0.20799
vt 0.75757 0.21266
vt 0.77085 0.21985
vt 0.80197 0.20945
vt 0.81508 0.22473
vt 0.82525 0.24214
vt 0.83217 0.26118
vt 0.83557 0.28128
vt 0.83528 0.30184
vt 0.83119 0.32223
vt 0.82332 0.34178
vt 0.81177 0.35980
vt 0.79675 0.37559
vt 0.77862 0.38845
vt 0.75785 0.39769
vt 0.73511 0.40265
vt 0.71125 0.40277
vt 0.68733 0.39763
vt 0.66462 0.38711
vt 0.64449 0.37158
vt 0.62828 0.35198
vt 0.61702 0.32957
vt 0.61113 0.30575
vt 0.61053 0.28182
vt 0.61485 0.25887
vt 0.62352 0.23780
vt 0.63590 0.21926
vt 0.65130 0.20379
vt 0.66902 0.19172
vt 0.68837 0.18331
vt 0.70866 0.17866
vt 0.72923 0.17780
vt 0.74943 0.18066
vt 0.76866 0.18706
vt 0.78635 0.19677
vt 0.82258 0.18839
vt 0.83913 0.20765
vt 0.85207 0.22957
vt 0.86098 0.25355
vt 0.86555 0.27893
vt 0.86553 0.30497
vt 0.86080 0.33093
vt 0.85130 0.35601
vt 0.83713 0.37936
vt 0.81847 0.40014
vt 0.79565 0.41746
vt 0.76918 0.43039
vt 0.73975 0.43799
vt 0.70833 0.43933
vt 0.67627 0.43352
vt 0.64536 0.41997
vt 0.61780 0.39887
vt 0.59585 0.37200
vt 0.58136 0.34144
vt 0.57463 0.30947
vt 0.57509 0.27795
vt 0.58191 0.24825
vt 0.59415 0.22139
vt 0.61088 0.19809
vt 0.63119 0.17886
vt 0.65419 0.16406
vt 0.67902 0.15390
vt 0.70487 0.14848
vt 0.73092 0.14779
vt 0.75642 0.15169
vt 0.78063 0.15998
vt 0.80289 0.17234
vt 0.84495 0.16554
vt 0.86519 0.18903
vt 0.88110 0.21575
vt 0.89221 0.24498
vt 0.89811 0.27596
vt 0.89853 0.30786
vt 0.89326 0.33980
vt 0.88224 0.37085
vt 0.86550 0.40007
vt 0.84319 0.42644
vt 0.81559 0.44891
vt 0.78316 0.46637
vt 0.74652 0.47760
vt 0.70662 0.48121
vt 0.66490 0.47563
vt 0.62372 0.45914
vt 0.58660 0.43071
vt 0.55713 0.39448
vt 0.53949 0.35367
vt 0.53279 0.31203
vt 0.53537 0.27199
vt 0.54566 0.23502
vt 0.56230 0.20212
vt 0.58409 0.17393
vt 0.60990 0.15094
vt 0.63870 0.13345
vt 0.66948 0.12164
vt 0.70129 0.11557
vt 0.73319 0.11517
vt 0.76432 0.12029
vt 0.79383 0.13066
vt 0.82094 0.14589
vt 0.86982 0.14012
vt 0.89410 0.16824
vt 0.91331 0.20017
vt 0.92687 0.23512
vt 0.93434 0.27220
vt 0.93536 0.31048
vt 0.92970 0.34897
vt 0.91723 0.38663
vt 0.89794 0.42237
vt 0.87194 0.45508
vt 0.83945 0.48358
vt 0.80080 0.50659
vt 0.75647 0.52272
vt 0.70711 0.53024
vt 0.65383 0.52684
vt 0.59900 0.50880
vt 0.54914 0.46894
vt 0.50801 0.42023
vt 0.48853 0.36578
vt 0.48378 0.31255
vt 0.49008 0.26299
vt 0.50510 0.21824
vt 0.52716 0.17901
vt 0.55485 0.14581
vt 0.58691 0.11899
vt 0.62218 0.09882
vt 0.65953 0.08542
vt 0.69788 0.07880
vt 0.73618 0.07888
vt 0.77344 0.08543
vt 0.80871 0.09813
vt 0.84111 0.11654
vt 0.89823 0.11104
vt 0.92707 0.14434
vt 0.95000 0.18211
vt 0.96640 0.22344
vt 0.97573 0.26734
vt 0.97758 0.31277
vt 0.97167 0.35861
vt 0.95782 0.40371
vt 0.93598 0.44688
vt 0.90622 0.48689
vt 0.86868 0.52246
vt 0.82359 0.55225
vt 0.77119 0.57483
vt 0.71166 0.58851
vt 0.64489 0.59105
vt 0.57007 0.57886
vt 0.50435 0.51479
vt 0.43863 0.45072
vt 0.42456 0.37620
vt 0.42544 0.30936
vt 0.43764 0.24948
vt 0.45892 0.19652
vt 0.48761 0.15069
vt 0.52225 0.11228
vt 0.56153 0.08153
vt 0.60416 0.05863
vt 0.64892 0.04368
vt 0.69462 0.03664
vt 0.74008 0.03739
vt 0.78420 0.04564
vt 0.82592 0.06102
vt 0.86424 0.08303
vt 0.11065 0.91864
vt 0.13904 0.88956
vt 0.16776 0.91312
vt 0.14465 0.94664
vt 0.20017 0.93151
vt 0.18298 0.96862
vt 0.23544 0.94419
vt 0.22470 0.98398
vt 0.27270 0.95072
vt 0.26882 0.99221
vt 0.31099 0.95078
vt 0.31427 0.99293
vt 0.34932 0.94415
vt 0.35995 0.98587
vt 0.38666 0.93073
vt 0.40469 0.97090
vt 0.42191 0.91055
vt 0.44730 0.94799
vt 0.45396 0.88373
vt 0.48655 0.91724
vt 0.48163 0.85052
vt 0.52117 0.87882
vt 0.50367 0.81130
vt 0.54984 0.83299
vt 0.51867 0.76655
vt 0.57110 0.78004
vt 0.52495 0.71700
vt 0.58328 0.72018
vt 0.52019 0.66379
vt 0.58414 0.65336
vt 0.50071 0.60935
vt 0.45957 0.56065
vt 0.40971 0.52079
vt 0.35487 0.50276
vt 0.36379 0.43855
vt 0.30158 0.49938
vt 0.29702 0.44111
vt 0.25223 0.50692
vt 0.23748 0.45481
vt 0.20790 0.52307
vt 0.18509 0.47741
vt 0.16926 0.54610
vt 0.14001 0.50723
vt 0.13678 0.57461
vt 0.10248 0.54282
vt 0.11079 0.60733
vt 0.07274 0.58284
vt 0.09152 0.64309
vt 0.05092 0.62602
vt 0.07907 0.68075
vt 0.03709 0.67113
vt 0.07342 0.71924
vt 0.03120 0.71697
vt 0.07446 0.75752
vt 0.03308 0.76240
vt 0.08195 0.79459
vt 0.04243 0.80629
vt 0.09553 0.82953
vt 0.05884 0.84761
vt 0.11475 0.86145
vt 0.08180 0.88536
vt 0.16390 0.86413
vt 0.18791 0.88376
vt 0.21503 0.89898
vt 0.24454 0.90933
vt 0.27566 0.91443
vt 0.30756 0.91402
vt 0.33936 0.90794
vt 0.37013 0.89612
vt 0.39892 0.87862
vt 0.42471 0.85562
vt 0.44648 0.82744
vt 0.46311 0.79453
vt 0.47338 0.75757
vt 0.47595 0.71753
vt 0.46925 0.67591
vt 0.45160 0.63511
vt 0.42212 0.59888
vt 0.38500 0.57046
vt 0.34381 0.55398
vt 0.30209 0.54842
vt 0.26219 0.55204
vt 0.22556 0.56328
vt 0.19313 0.58076
vt 0.16554 0.60324
vt 0.14324 0.62962
vt 0.12651 0.65884
vt 0.11551 0.68990
vt 0.11026 0.72184
vt 0.11069 0.75374
vt 0.11661 0.78471
vt 0.12772 0.81394
vt 0.14365 0.84065
vt 0.18626 0.84127
vt 0.20595 0.85731
vt 0.22821 0.86966
vt 0.25243 0.87793
vt 0.27792 0.88182
vt 0.30397 0.88111
vt 0.32980 0.87568
vt 0.35463 0.86552
vt 0.37762 0.85071
vt 0.39792 0.83148
vt 0.41463 0.80818
vt 0.42686 0.78132
vt 0.43367 0.75163
vt 0.43413 0.72011
vt 0.42738 0.68814
vt 0.41289 0.65759
vt 0.39093 0.63073
vt 0.36337 0.60964
vt 0.33246 0.59610
vt 0.30040 0.59030
vt 0.26898 0.59164
vt 0.23955 0.59926
vt 0.21308 0.61220
vt 0.19027 0.62953
vt 0.17162 0.65031
vt 0.15746 0.67368
vt 0.14798 0.69875
vt 0.14325 0.72471
vt 0.14325 0.75076
vt 0.14782 0.77613
vt 0.15675 0.80010
vt 0.16970 0.82202
vt 0.20685 0.82020
vt 0.22248 0.83287
vt 0.24017 0.84257
vt 0.25940 0.84897
vt 0.27959 0.85181
vt 0.30016 0.85095
vt 0.32045 0.84629
vt 0.33979 0.83787
vt 0.35750 0.82580
vt 0.37289 0.81032
vt 0.38526 0.79178
vt 0.39392 0.77071
vt 0.39823 0.74776
vt 0.39763 0.72383
vt 0.39173 0.70002
vt 0.38047 0.67762
vt 0.36426 0.65802
vt 0.34412 0.64250
vt 0.32141 0.63199
vt 0.29749 0.62686
vt 0.27362 0.62698
vt 0.25089 0.63196
vt 0.23013 0.64121
vt 0.21200 0.65407
vt 0.19699 0.66987
vt 0.18545 0.68789
vt 0.17758 0.70744
vt 0.17351 0.72783
vt 0.17322 0.74839
vt 0.17663 0.76849
vt 0.18356 0.78752
vt 0.19374 0.80493
vt 0.22624 0.80032
vt 0.23796 0.80979
vt 0.25124 0.81698
vt 0.26566 0.82163
vt 0.28077 0.82358
vt 0.29609 0.82270
vt 0.31110 0.81895
vt 0.32530 0.81239
vt 0.33815 0.80313
vt 0.34913 0.79142
vt 0.35773 0.77758
vt 0.36350 0.76204
vt 0.36603 0.74538
vt 0.36504 0.72825
vt 0.36040 0.71145
vt 0.35219 0.69580
vt 0.34075 0.68214
vt 0.32670 0.67122
vt 0.31080 0.66358
vt 0.29389 0.65952
vt 0.27680 0.65910
vt 0.26028 0.66215
vt 0.24499 0.66838
vt 0.23146 0.67737
vt 0.22012 0.68867
vt 0.21127 0.70175
vt 0.20515 0.71611
vt 0.20185 0.73120
vt 0.20142 0.74652
vt 0.20380 0.76155
vt 0.20887 0.77582
vt 0.21644 0.78888
vt 0.24487 0.78117
vt 0.25275 0.78750
vt 0.26168 0.79227
vt 0.27136 0.79530
vt 0.28148 0.79647
vt 0.29168 0.79572
vt 0.30161 0.79303
vt 0.31091 0.78847
vt 0.31921 0.78215
vt 0.32618 0.77425
vt 0.33151 0.76505
vt 0.33492 0.75486
vt 0.33622 0.74406
vt 0.33528 0.73311
vt 0.33209 0.72247
vt 0.32675 0.71263
vt 0.31948 0.70405
vt 0.31063 0.69712
vt 0.30061 0.69217
vt 0.28988 0.68937
vt 0.27894 0.68883
vt 0.26824 0.69049
vt 0.25821 0.69423
vt 0.24922 0.69983
vt 0.24159 0.70702
vt 0.23555 0.71549
vt 0.23129 0.72490
vt 0.22892 0.73488
vt 0.22848 0.74508
vt 0.22996 0.75514
vt 0.23328 0.76471
vt 0.23831 0.77349
vt 0.26313 0.76236
vt 0.26713 0.76556
vt 0.27168 0.76795
vt 0.27660 0.76944
vt 0.28171 0.76996
vt 0.28683 0.76948
vt 0.29177 0.76803
vt 0.29634 0.76564
vt 0.30037 0.76239
vt 0.30368 0.75840
vt 0.30614 0.75381
vt 0.30765 0.74879
vt 0.30812 0.74354
vt 0.30753 0.73827
vt 0.30589 0.73319
vt 0.30327 0.72851
vt 0.29977 0.72443
vt 0.29555 0.72110
vt 0.29077 0.71868
vt 0.28564 0.71725
vt 0.28036 0.71686
vt 0.27515 0.71752
vt 0.27021 0.71919
vt 0.26573 0.72180
vt 0.26187 0.72524
vt 0.25877 0.72935
vt 0.25654 0.73397
vt 0.25526 0.73894
vt 0.25495 0.74406
vt 0.25564 0.74914
vt 0.25727 0.75400
vt 0.25980 0.75846
vt 0.28128 0.74360
# 511 texture verticies
vn -0.89605 -0.36051 0.25911
vn -0.81890 -0.34349 0.45980
vn -0.80500 -0.38264 0.45338
vn -0.79381 -0.42062 0.43926
vn -0.78574 -0.45596 0.41798
vn -0.78111 -0.48732 0.39037
vn -0.78010 -0.51347 0.35748
vn -0.78274 -0.53343 0.32058
vn -0.78893 -0.54642 0.28109
vn -0.79844 -0.55194 0.24051
vn -0.81090 -0.54978 0.20043
vn -0.82584 -0.54003 0.16236
vn -0.84266 -0.52306 0.12779
vn -0.86074 -0.49951 0.09802
vn -0.87938 -0.47031 0.07422
vn -0.89785 -0.43656 0.05729
vn -0.91545 -0.39956 0.04788
vn -0.93151 -0.36075 0.04636
vn -0.94540 -0.32160 0.05279
vn -0.95660 -0.28362 0.06691
vn -0.96467 -0.24828 0.08819
vn -0.96930 -0.21693 0.11580
vn -0.97031 -0.19077 0.14869
vn -0.96767 -0.17081 0.18559
vn -0.96147 -0.15782 0.22508
vn -0.95196 -0.15230 0.26565
vn -0.93950 -0.15446 0.30574
vn -0.92457 -0.16421 0.34381
vn -0.90774 -0.18118 0.37838
vn -0.88967 -0.20473 0.40815
vn -0.87103 -0.23393 0.43195
vn -0.85256 -0.26768 0.44888
vn -0.83495 -0.30468 0.45828
vn -0.72998 -0.31090 0.60866
vn -0.70477 -0.38083 0.59856
vn -0.68429 -0.44892 0.57465
vn -0.66932 -0.51256 0.53786
vn -0.66045 -0.56930 0.48960
vn -0.65801 -0.61696 0.43172
vn -0.66210 -0.65371 0.36646
vn -0.67255 -0.67814 0.29631
vn -0.68898 -0.68931 0.22397
vn -0.71074 -0.68679 0.15222
vn -0.73700 -0.67067 0.08383
vn -0.76675 -0.64159 0.02141
vn -0.79885 -0.60064 -0.03263
vn -0.83207 -0.54941 -0.07622
vn -0.86512 -0.48987 -0.10768
vn -0.89674 -0.42431 -0.12580
vn -0.92571 -0.35523 -0.12988
vn -0.95092 -0.28531 -0.11978
vn -0.97140 -0.21722 -0.09587
vn -0.98637 -0.15358 -0.05908
vn -0.99524 -0.09684 -0.01082
vn -0.99768 -0.04918 0.04705
vn -0.99359 -0.01242 0.11232
vn -0.98314 0.01201 0.18247
vn -0.96671 0.02318 0.25481
vn -0.94495 0.02065 0.32656
vn -0.91869 0.00454 0.39495
vn -0.88894 -0.02455 0.45737
vn -0.85684 -0.06549 0.51141
vn -0.82362 -0.11672 0.55500
vn -0.79057 -0.17626 0.58645
vn -0.75895 -0.24183 0.60457
vn -0.60357 -0.26604 0.75161
vn -0.56688 -0.36757 0.73725
vn -0.53703 -0.46649 0.70284
vn -0.51518 -0.55900 0.64970
vn -0.50216 -0.64155 0.57987
vn -0.49847 -0.71097 0.49603
vn -0.50426 -0.76458 0.40142
vn -0.51931 -0.80033 0.29965
vn -0.54303 -0.81684 0.19465
vn -0.57451 -0.81348 0.09045
vn -0.61255 -0.79038 -0.00894
vn -0.65568 -0.74843 -0.09972
vn -0.70224 -0.68923 -0.17838
vn -0.75045 -0.61507 -0.24191
vn -0.79845 -0.52878 -0.28786
vn -0.84440 -0.43370 -0.31447
vn -0.88653 -0.33347 -0.32071
vn -0.92323 -0.23194 -0.30636
vn -0.95307 -0.13302 -0.27194
vn -0.97493 -0.04051 -0.21880
vn -0.98795 0.04204 -0.14897
vn -0.99163 0.11145 -0.06514
vn -0.98584 0.16507 0.02948
vn -0.97080 0.20082 0.13124
vn -0.94708 0.21733 0.23624
vn -0.91560 0.21397 0.34044
vn -0.87756 0.19087 0.43984
vn -0.83443 0.14891 0.53061
vn -0.78787 0.08972 0.60928
vn -0.73966 0.01555 0.67280
vn -0.69166 -0.07073 0.71876
vn -0.64571 -0.16581 0.74537
vn -0.45397 -0.21096 0.86568
vn -0.40720 -0.34019 0.84762
vn -0.36914 -0.46614 0.80403
vn -0.34123 -0.58397 0.73657
vn -0.32457 -0.68916 0.64786
vn -0.31978 -0.77766 0.54129
vn -0.32705 -0.84607 0.42095
vn -0.34610 -0.89177 0.29149
vn -0.37621 -0.91299 0.15786
vn -0.41620 -0.90892 0.02520
vn -0.46455 -0.87972 -0.10138
vn -0.51940 -0.82651 -0.21702
vn -0.57864 -0.75134 -0.31728
vn -0.63999 -0.65709 -0.39831
vn -0.70110 -0.54738 -0.45699
vn -0.75961 -0.42643 -0.49107
vn -0.81328 -0.29890 -0.49923
vn -0.86005 -0.16967 -0.48117
vn -0.89812 -0.04372 -0.43757
vn -0.92602 0.07411 -0.37012
vn -0.94269 0.17930 -0.28140
vn -0.94748 0.26780 -0.17483
vn -0.94021 0.33622 -0.05450
vn -0.92115 0.38191 0.07497
vn -0.89105 0.40314 0.20860
vn -0.85105 0.39907 0.34125
vn -0.80270 0.36987 0.46783
vn -0.74785 0.31666 0.58347
vn -0.68862 0.24148 0.68374
vn -0.62726 0.14723 0.76476
vn -0.56616 0.03752 0.82344
vn -0.50764 -0.08342 0.85752
vn -0.28691 -0.14777 0.94649
vn -0.23187 -0.29973 0.92542
vn -0.18705 -0.44787 0.87432
vn -0.15417 -0.58650 0.79514
vn -0.13449 -0.71028 0.69095
vn -0.12878 -0.81447 0.56573
vn -0.13726 -0.89505 0.42431
vn -0.15959 -0.94894 0.27211
vn -0.19492 -0.97406 0.11499
vn -0.24189 -0.96944 -0.04102
vn -0.29870 -0.93526 -0.18992
vn -0.36316 -0.87284 -0.32599
vn -0.43280 -0.78457 -0.44400
vn -0.50493 -0.67385 -0.53941
vn -0.57680 -0.54493 -0.60856
vn -0.64563 -0.40277 -0.64880
vn -0.70878 -0.25283 -0.65856
vn -0.76383 -0.10087 -0.63749
vn -0.80865 0.04727 -0.58639
vn -0.84153 0.18590 -0.50722
vn -0.86120 0.30968 -0.40302
vn -0.86691 0.41387 -0.27781
vn -0.85844 0.49446 -0.13638
vn -0.83610 0.54834 0.01581
vn -0.80077 0.57346 0.17294
vn -0.75380 0.56884 0.32895
vn -0.69699 0.53466 0.47785
vn -0.63253 0.47224 0.61391
vn -0.56290 0.38397 0.73192
vn -0.49076 0.27325 0.82734
vn -0.41890 0.14434 0.89649
vn -0.35007 0.00217 0.93672
vn -0.10882 -0.07890 0.99093
vn -0.04762 -0.24775 0.96765
vn 0.00224 -0.41239 0.91100
vn 0.03883 -0.56648 0.82316
vn 0.06076 -0.70411 0.70749
vn 0.06716 -0.81998 0.56844
vn 0.05781 -0.90964 0.41136
vn 0.03306 -0.96964 0.24228
vn -0.00614 -0.99769 0.06770
vn -0.05828 -0.99269 -0.10567
vn -0.12136 -0.95485 -0.27117
vn -0.19296 -0.88562 -0.42243
vn -0.27032 -0.78765 -0.55365
vn -0.35047 -0.66472 -0.65979
vn -0.43033 -0.52155 -0.73675
vn -0.50683 -0.36363 -0.78160
vn -0.57703 -0.19704 -0.79259
vn -0.63824 -0.02819 -0.76932
vn -0.68810 0.13645 -0.71267
vn -0.72469 0.29055 -0.62483
vn -0.74661 0.42817 -0.50916
vn -0.75302 0.54404 -0.37011
vn -0.74367 0.63370 -0.21303
vn -0.71892 0.69370 -0.04395
vn -0.67972 0.72175 0.13063
vn -0.62758 0.71675 0.30400
vn -0.56449 0.67891 0.46950
vn -0.49290 0.60968 0.62076
vn -0.41554 0.51171 0.75198
vn -0.33539 0.38878 0.85812
vn -0.25553 0.24560 0.93508
vn -0.17903 0.08769 0.97993
vn 0.07345 -0.00699 0.99727
vn 0.13847 -0.18626 0.97269
vn 0.19144 -0.36107 0.91268
vn 0.23034 -0.52470 0.81953
vn 0.25367 -0.67088 0.69683
vn 0.26054 -0.79397 0.54930
vn 0.25067 -0.88926 0.38259
vn 0.22445 -0.95308 0.20313
vn 0.18289 -0.98297 0.01781
vn 0.12758 -0.97779 -0.16626
vn 0.06064 -0.93774 -0.34199
vn -0.01534 -0.86436 -0.50264
vn -0.09745 -0.76046 -0.64203
vn -0.18253 -0.63004 -0.75481
vn -0.26732 -0.47811 -0.83663
vn -0.34855 -0.31051 -0.88436
vn -0.42310 -0.13368 -0.89617
vn -0.48812 0.04558 -0.87159
vn -0.54110 0.22039 -0.81157
vn -0.58000 0.38403 -0.71842
vn -0.60332 0.53020 -0.59572
vn -0.61019 0.65330 -0.44819
vn -0.60032 0.74859 -0.28148
vn -0.57410 0.81240 -0.10202
vn -0.53254 0.84230 0.08330
vn -0.47723 0.83712 0.26737
vn -0.41029 0.79707 0.44310
vn -0.33431 0.72368 0.60375
vn -0.25220 0.61978 0.74314
vn -0.16712 0.48936 0.85592
vn -0.08233 0.33743 0.93774
vn -0.00110 0.16983 0.98547
vn 0.25291 0.06518 0.96529
vn 0.31924 -0.11760 0.94035
vn 0.37329 -0.29586 0.87927
vn 0.41301 -0.46275 0.78440
vn 0.43685 -0.61186 0.65939
vn 0.44390 -0.73745 0.50904
vn 0.43389 -0.83471 0.33912
vn 0.40721 -0.89988 0.15618
vn 0.36488 -0.93048 -0.03277
vn 0.30853 -0.92531 -0.22046
vn 0.24032 -0.88459 -0.39968
vn 0.16288 -0.80987 -0.56354
vn 0.07917 -0.70403 -0.70574
vn -0.00757 -0.57114 -0.82082
vn -0.09403 -0.41629 -0.90436
vn -0.17687 -0.24545 -0.95314
vn -0.25291 -0.06518 -0.96529
vn -0.31924 0.11760 -0.94035
vn -0.37329 0.29586 -0.87927
vn -0.41301 0.46275 -0.78440
vn -0.43685 0.61186 -0.65939
vn -0.44390 0.73745 -0.50904
vn -0.43389 0.83471 -0.33912
vn -0.40721 0.89988 -0.15617
vn -0.36488 0.93048 0.03277
vn -0.30853 0.92531 0.22046
vn -0.24032 0.88459 0.39968
vn -0.16288 0.80987 0.56354
vn -0.07917 0.70403 0.70574
vn 0.00757 0.57114 0.82082
vn 0.09403 0.41629 0.90436
vn 0.17687 0.24545 0.95314
vn 0.42265 0.13484 0.89621
vn 0.48773 -0.04443 0.87186
vn 0.54079 -0.21928 0.81207
vn 0.57979 -0.38301 0.71913
vn 0.60323 -0.52932 0.59660
vn 0.61020 -0.65259 0.44921
vn 0.60044 -0.74807 0.28262
vn 0.57432 -0.81210 0.10321
vn 0.53285 -0.84222 -0.08209
vn 0.47763 -0.83727 -0.26619
vn 0.41076 -0.79744 -0.44200
vn 0.33483 -0.72426 -0.60277
vn 0.25275 -0.62055 -0.74232
vn 0.16768 -0.49029 -0.85528
vn 0.08288 -0.33848 -0.93732
vn 0.00161 -0.17096 -0.98528
vn -0.07300 0.00583 -0.99732
vn -0.13808 0.18510 -0.97297
vn -0.19114 0.35996 -0.91318
vn -0.23014 0.52369 -0.82023
vn -0.25358 0.67000 -0.69771
vn -0.26055 0.79326 -0.55032
vn -0.25079 0.88874 -0.38372
vn -0.22467 0.95277 -0.20432
vn -0.18320 0.98289 -0.01901
vn -0.12797 0.97794 0.16508
vn -0.06111 0.93811 0.34090
vn 0.01482 0.86494 0.50166
vn 0.09690 0.76122 0.64121
vn 0.18197 0.63096 0.75417
vn 0.26677 0.47915 0.83621
vn 0.34804 0.31163 0.88417
vn 0.57614 0.19933 0.79268
vn 0.63748 0.03046 0.76986
vn 0.68751 -0.13428 0.71365
vn 0.72429 -0.28856 0.62621
vn 0.74642 -0.42644 0.51089
vn 0.75304 -0.54264 0.37212
vn 0.74390 -0.63268 0.21525
vn 0.71935 -0.69310 0.04629
vn 0.68034 -0.72159 -0.12826
vn 0.62836 -0.71704 -0.30169
vn 0.56541 -0.67964 -0.46734
vn 0.49391 -0.61081 -0.61884
vn 0.41661 -0.51321 -0.75036
vn 0.33648 -0.39059 -0.85687
vn 0.25659 -0.24765 -0.93425
vn 0.18003 -0.08990 -0.97955
vn 0.10972 0.07661 -0.99101
vn 0.04837 0.24548 -0.96819
vn -0.00165 0.41022 -0.91198
vn -0.03843 0.56450 -0.82454
vn -0.06056 0.70238 -0.70922
vn -0.06718 0.81858 -0.57045
vn -0.05804 0.90862 -0.41358
vn -0.03350 0.96904 -0.24462
vn 0.00552 0.99753 -0.07007
vn 0.05750 0.99298 0.10336
vn 0.12045 0.95558 0.26901
vn 0.19194 0.88675 0.42051
vn 0.26925 0.78915 0.55203
vn 0.34938 0.66653 0.65854
vn 0.42926 0.52359 0.73592
vn 0.50583 0.36584 0.78122
vn 0.70748 0.25615 0.65868
vn 0.76272 0.10417 0.63828
vn 0.80779 -0.04411 0.58782
vn 0.84095 -0.18301 0.50923
vn 0.86092 -0.30717 0.40554
vn 0.86694 -0.41183 0.28074
vn 0.85877 -0.49297 0.13961
vn 0.83674 -0.54747 -0.01241
vn 0.80168 -0.57322 -0.16949
vn 0.75494 -0.56926 -0.32559
vn 0.69833 -0.53572 -0.47471
vn 0.63401 -0.47389 -0.61111
vn 0.56446 -0.38616 -0.72957
vn 0.49234 -0.27589 -0.82552
vn 0.42044 -0.14732 -0.89528
vn 0.35152 -0.00539 -0.93617
vn 0.28822 0.14445 -0.94661
vn 0.23297 0.29643 -0.92621
vn 0.18790 0.44471 -0.87574
vn 0.15475 0.58361 -0.79716
vn 0.13478 0.70777 -0.69347
vn 0.12876 0.81243 -0.56866
vn 0.13692 0.89357 -0.42754
vn 0.15896 0.94806 -0.27551
vn 0.19402 0.97382 -0.11844
vn 0.24075 0.96986 0.03766
vn 0.29737 0.93631 0.18678
vn 0.36169 0.87449 0.32319
vn 0.43124 0.78676 0.44164
vn 0.50335 0.67648 0.53759
vn 0.57525 0.54791 0.60735
vn 0.64418 0.40598 0.64824
vn 0.81162 0.30313 0.49938
vn 0.85865 0.17388 0.48217
vn 0.89703 0.04775 0.43939
vn 0.92528 -0.07043 0.37268
vn 0.94233 -0.17610 0.28462
vn 0.94751 -0.26520 0.17857
vn 0.94063 -0.33432 0.05861
vn 0.92196 -0.38080 -0.07063
vn 0.89220 -0.40284 -0.20420
vn 0.85251 -0.39960 -0.33697
vn 0.80440 -0.37122 -0.46383
vn 0.74973 -0.31877 -0.57990
vn 0.69060 -0.24427 -0.68073
vn 0.62928 -0.15059 -0.76245
vn 0.56813 -0.04132 -0.82190
vn 0.50950 0.07933 -0.85681
vn 0.45563 0.20672 -0.86583
vn 0.40861 0.33597 -0.84862
vn 0.37023 0.46211 -0.80584
vn 0.34197 0.58028 -0.73914
vn 0.32493 0.68595 -0.65107
vn 0.31974 0.77506 -0.54502
vn 0.32662 0.84418 -0.42507
vn 0.34530 0.89065 -0.29582
vn 0.37505 0.91269 -0.16225
vn 0.41475 0.90946 -0.02948
vn 0.46285 0.88107 0.09738
vn 0.51752 0.82862 0.21345
vn 0.57665 0.75412 0.31428
vn 0.63797 0.66044 0.39599
vn 0.69912 0.55118 0.45545
vn 0.75776 0.43053 0.49035
vn 0.88458 0.33846 0.32089
vn 0.92157 0.23691 0.30754
vn 0.95179 0.13777 0.27409
vn 0.97405 0.04485 0.22182
vn 0.98752 -0.03826 0.15276
vn 0.99167 -0.10839 0.06954
vn 0.98635 -0.16283 -0.02463
vn 0.97175 -0.19950 -0.12613
vn 0.94843 -0.21698 -0.23107
vn 0.91731 -0.21460 -0.33540
vn 0.87956 -0.19246 -0.43513
vn 0.83664 -0.15139 -0.52641
vn 0.79021 -0.09300 -0.60574
vn 0.74204 -0.01951 -0.67008
vn 0.69398 0.06625 -0.71694
vn 0.64789 0.16099 -0.74453
vn 0.60553 0.26105 -0.75179
vn 0.56853 0.36261 -0.73843
vn 0.53832 0.46175 -0.70498
vn 0.51605 0.55466 -0.65272
vn 0.50258 0.63778 -0.58365
vn 0.49843 0.70791 -0.50043
vn 0.50376 0.76235 -0.40627
vn 0.51836 0.79901 -0.30476
vn 0.54167 0.81649 -0.19983
vn 0.57280 0.81411 -0.09549
vn 0.61055 0.79197 0.00423
vn 0.65346 0.75091 0.09551
vn 0.69990 0.69251 0.17485
vn 0.74807 0.61902 0.23918
vn 0.79612 0.53326 0.28604
vn 0.84222 0.43853 0.31363
vn 0.92353 0.36078 0.13008
vn 0.94908 0.29083 0.12109
vn 0.96997 0.22249 0.09826
vn 0.98540 0.15841 0.06244
vn 0.99477 0.10104 0.01503
vn 0.99773 0.05258 -0.04216
vn 0.99416 0.01491 -0.10693
vn 0.98419 -0.01054 -0.17679
vn 0.96822 -0.02279 -0.24905
vn 0.94686 -0.02136 -0.32094
vn 0.92092 -0.00631 -0.38970
vn 0.89140 0.02179 -0.45269
vn 0.85945 0.06184 -0.50747
vn 0.82627 0.11232 -0.55196
vn 0.79316 0.17128 -0.58443
vn 0.76138 0.23646 -0.60364
vn 0.73216 0.30535 -0.60886
vn 0.70661 0.37531 -0.59987
vn 0.68572 0.44364 -0.57704
vn 0.67029 0.50772 -0.54122
vn 0.66092 0.56510 -0.49381
vn 0.65797 0.61355 -0.43662
vn 0.66154 0.65123 -0.37185
vn 0.67150 0.67668 -0.30199
vn 0.68747 0.68892 -0.22973
vn 0.70883 0.68749 -0.15783
vn 0.73477 0.67244 -0.08907
vn 0.76429 0.64435 -0.02609
vn 0.79625 0.60429 0.02870
vn 0.82942 0.55381 0.07318
vn 0.86253 0.49485 0.10565
vn 0.89431 0.42967 0.12486
vn 0.92732 0.37144 -0.04599
vn 0.94186 0.33223 -0.05026
vn 0.95384 0.29378 -0.06232
vn 0.96280 0.25758 -0.08171
vn 0.96839 0.22501 -0.10769
vn 0.97040 0.19733 -0.13926
vn 0.96875 0.17559 -0.17520
vn 0.96350 0.16064 -0.21413
vn 0.95487 0.15305 -0.25456
vn 0.94317 0.15311 -0.29494
vn 0.92886 0.16081 -0.33370
vn 0.91249 0.17587 -0.36937
vn 0.89468 0.19770 -0.40057
vn 0.87613 0.22546 -0.42610
vn 0.85754 0.25809 -0.44498
vn 0.83963 0.29434 -0.45649
vn 0.82309 0.33281 -0.46018
vn 0.80855 0.37201 -0.45591
vn 0.79657 0.41046 -0.44385
vn 0.78761 0.44666 -0.42446
vn 0.78202 0.47923 -0.39848
vn 0.78001 0.50691 -0.36691
vn 0.78166 0.52865 -0.33097
vn 0.78690 0.54360 -0.29203
vn 0.79554 0.55119 -0.25160
vn 0.80724 0.55114 -0.21123
vn 0.82155 0.54343 -0.17246
vn 0.83792 0.52837 -0.13680
vn 0.85572 0.50654 -0.10560
vn 0.87428 0.47878 -0.08007
vn 0.89287 0.44615 -0.06118
vn 0.91078 0.40990 -0.04968
vn 0.89605 0.36051 -0.25911
# 482 normals
usemtl Angelfish_Eye_Glass
f  1767/1854/1767 1768/1855/1768 1769/1856/1769 1770/1857/1770
f  1767/1854/1767 1770/1857/1770 1771/1858/1771 1772/1859/1772
f  1767/1854/1767 1772/1859/1772 1773/1860/1773 1774/1861/1774
f  1767/1854/1767 1774/1861/1774 1775/1862/1775 1776/1863/1776
f  1767/1854/1767 1776/1863/1776 1777/1864/1777 1778/1865/1778
f  1767/1854/1767 1778/1865/1778 1779/1866/1779 1780/1867/1780
f  1767/1854/1767 1780/1867/1780 1781/1868/1781 1782/1869/1782
f  1767/1854/1767 1782/1869/1782 1783/1870/1783 1784/1871/1784
f  1767/1854/1767 1784/1871/1784 1785/1872/1785 1786/1873/1786
f  1767/1854/1767 1786/1873/1786 1787/1874/1787 1788/1875/1788
f  1767/1854/1767 1788/1875/1788 1789/1876/1789 1790/1877/1790
f  1767/1854/1767 1790/1877/1790 1791/1878/1791 1792/1879/1792
f  1767/1854/1767 1792/1879/1792 1793/1880/1793 1794/1881/1794
f  1767/1854/1767 1794/1881/1794 1795/1882/1795 1796/1883/1796
f  1767/1854/1767 1796/1883/1796 1797/1884/1797 1798/1885/1798
f  1767/1854/1767 1798/1885/1798 1799/1886/1799 1768/1855/1768
f  1768/1855/1768 1800/1887/1800 1801/1888/1801 1769/1856/1769
f  1769/1856/1769 1801/1888/1801 1802/1889/1802 1770/1857/1770
f  1770/1857/1770 1802/1889/1802 1803/1890/1803 1771/1858/1771
f  1771/1858/1771 1803/1890/1803 1804/1891/1804 1772/1859/1772
f  1772/1859/1772 1804/1891/1804 1805/1892/1805 1773/1860/1773
f  1773/1860/1773 1805/1892/1805 1806/1893/1806 1774/1861/1774
f  1774/1861/1774 1806/1893/1806 1807/1894/1807 1775/1862/1775
f  1775/1862/1775 1807/1894/1807 1808/1895/1808 1776/1863/1776
f  1776/1863/1776 1808/1895/1808 1809/1896/1809 1777/1864/1777
f  1777/1864/1777 1809/1896/1809 1810/1897/1810 1778/1865/1778
f  1778/1865/1778 1810/1897/1810 1811/1898/1811 1779/1866/1779
f  1779/1866/1779 1811/1898/1811 1812/1899/1812 1780/1867/1780
f  1780/1867/1780 1812/1899/1812 1813/1900/1813 1781/1868/1781
f  1781/1868/1781 1813/1900/1813 1814/1901/1814 1782/1869/1782
f  1782/1869/1782 1814/1901/1814 1815/1902/1815 1783/1870/1783
f  1783/1870/1783 1815/1902/1815 1816/1903/1816 1784/1871/1784
f  1784/1871/1784 1816/1903/1816 1817/1904/1817 1785/1872/1785
f  1785/1872/1785 1817/1904/1817 1818/1905/1818 1786/1873/1786
f  1786/1873/1786 1818/1905/1818 1819/1906/1819 1787/1874/1787
f  1787/1874/1787 1819/1906/1819 1820/1907/1820 1788/1875/1788
f  1788/1875/1788 1820/1907/1820 1821/1908/1821 1789/1876/1789
f  1789/1876/1789 1821/1908/1821 1822/1909/1822 1790/1877/1790
f  1790/1877/1790 1822/1909/1822 1823/1910/1823 1791/1878/1791
f  1791/1878/1791 1823/1910/1823 1824/1911/1824 1792/1879/1792
f  1792/1879/1792 1824/1911/1824 1825/1912/1825 1793/1880/1793
f  1793/1880/1793 1825/1912/1825 1826/1913/1826 1794/1881/1794
f  1794/1881/1794 1826/1913/1826 1827/1914/1827 1795/1882/1795
f  1795/1882/1795 1827/1914/1827 1828/1915/1828 1796/1883/1796
f  1796/1883/1796 1828/1915/1828 1829/1916/1829 1797/1884/1797
f  1797/1884/1797 1829/1916/1829 1830/1917/1830 1798/1885/1798
f  1798/1885/1798 1830/1917/1830 1831/1918/1831 1799/1886/1799
f  1799/1886/1799 1831/1918/1831 1800/1887/1800 1768/1855/1768
f  1800/1887/1800 1832/1919/1832 1833/1920/1833 1801/1888/1801
f  1801/1888/1801 1833/1920/1833 1834/1921/1834 1802/1889/1802
f  1802/1889/1802 1834/1921/1834 1835/1922/1835 1803/1890/1803
f  1803/1890/1803 1835/1922/1835 1836/1923/1836 1804/1891/1804
f  1804/1891/1804 1836/1923/1836 1837/1924/1837 1805/1892/1805
f  1805/1892/1805 1837/1924/1837 1838/1925/1838 1806/1893/1806
f  1806/1893/1806 1838/1925/1838 1839/1926/1839 1807/1894/1807
f  1807/1894/1807 1839/1926/1839 1840/1927/1840 1808/1895/1808
f  1808/1895/1808 1840/1927/1840 1841/1928/1841 1809/1896/1809
f  1809/1896/1809 1841/1928/1841 1842/1929/1842 1810/1897/1810
f  1810/1897/1810 1842/1929/1842 1843/1930/1843 1811/1898/1811
f  1811/1898/1811 1843/1930/1843 1844/1931/1844 1812/1899/1812
f  1812/1899/1812 1844/1931/1844 1845/1932/1845 1813/1900/1813
f  1813/1900/1813 1845/1932/1845 1846/1933/1846 1814/1901/1814
f  1814/1901/1814 1846/1933/1846 1847/1934/1847 1815/1902/1815
f  1815/1902/1815 1847/1934/1847 1848/1935/1848 1816/1903/1816
f  1816/1903/1816 1848/1935/1848 1849/1936/1849 1817/1904/1817
f  1817/1904/1817 1849/1936/1849 1850/1937/1850 1818/1905/1818
f  1818/1905/1818 1850/1937/1850 1851/1938/1851 1819/1906/1819
f  1819/1906/1819 1851/1938/1851 1852/1939/1852 1820/1907/1820
f  1820/1907/1820 1852/1939/1852 1853/1940/1853 1821/1908/1821
f  1821/1908/1821 1853/1940/1853 1854/1941/1854 1822/1909/1822
f  1822/1909/1822 1854/1941/1854 1855/1942/1855 1823/1910/1823
f  1823/1910/1823 1855/1942/1855 1856/1943/1856 1824/1911/1824
f  1824/1911/1824 1856/1943/1856 1857/1944/1857 1825/1912/1825
f  1825/1912/1825 1857/1944/1857 1858/1945/1858 1826/1913/1826
f  1826/1913/1826 1858/1945/1858 1859/1946/1859 1827/1914/1827
f  1827/1914/1827 1859/1946/1859 1860/1947/1860 1828/1915/1828
f  1828/1915/1828 1860/1947/1860 1861/1948/1861 1829/1916/1829
f  1829/1916/1829 1861/1948/1861 1862/1949/1862 1830/1917/1830
f  1830/1917/1830 1862/1949/1862 1863/1950/1863 1831/1918/1831
f  1831/1918/1831 1863/1950/1863 1832/1919/1832 1800/1887/1800
f  1832/1919/1832 1864/1951/1864 1865/1952/1865 1833/1920/1833
f  1833/1920/1833 1865/1952/1865 1866/1953/1866 1834/1921/1834
f  1834/1921/1834 1866/1953/1866 1867/1954/1867 1835/1922/1835
f  1835/1922/1835 1867/1954/1867 1868/1955/1868 1836/1923/1836
f  1836/1923/1836 1868/1955/1868 1869/1956/1869 1837/1924/1837
f  1837/1924/1837 1869/1956/1869 1870/1957/1870 1838/1925/1838
f  1838/1925/1838 1870/1957/1870 1871/1958/1871 1839/1926/1839
f  1839/1926/1839 1871/1958/1871 1872/1959/1872 1840/1927/1840
f  1840/1927/1840 1872/1959/1872 1873/1960/1873 1841/1928/1841
f  1841/1928/1841 1873/1960/1873 1874/1961/1874 1842/1929/1842
f  1842/1929/1842 1874/1961/1874 1875/1962/1875 1843/1930/1843
f  1843/1930/1843 1875/1962/1875 1876/1963/1876 1844/1931/1844
f  1844/1931/1844 1876/1963/1876 1877/1964/1877 1845/1932/1845
f  1845/1932/1845 1877/1964/1877 1878/1965/1878 1846/1933/1846
f  1846/1933/1846 1878/1965/1878 1879/1966/1879 1847/1934/1847
f  1847/1934/1847 1879/1966/1879 1880/1967/1880 1848/1935/1848
f  1848/1935/1848 1880/1967/1880 1881/1968/1881 1849/1936/1849
f  1849/1936/1849 1881/1968/1881 1882/1969/1882 1850/1937/1850
f  1850/1937/1850 1882/1969/1882 1883/1970/1883 1851/1938/1851
f  1851/1938/1851 1883/1970/1883 1884/1971/1884 1852/1939/1852
f  1852/1939/1852 1884/1971/1884 1885/1972/1885 1853/1940/1853
f  1853/1940/1853 1885/1972/1885 1886/1973/1886 1854/1941/1854
f  1854/1941/1854 1886/1973/1886 1887/1974/1887 1855/1942/1855
f  1855/1942/1855 1887/1974/1887 1888/1975/1888 1856/1943/1856
f  1856/1943/1856 1888/1975/1888 1889/1976/1889 1857/1944/1857
f  1857/1944/1857 1889/1976/1889 1890/1977/1890 1858/1945/1858
f  1858/1945/1858 1890/1977/1890 1891/1978/1891 1859/1946/1859
f  1859/1946/1859 1891/1978/1891 1892/1979/1892 1860/1947/1860
f  1860/1947/1860 1892/1979/1892 1893/1980/1893 1861/1948/1861
f  1861/1948/1861 1893/1980/1893 1894/1981/1894 1862/1949/1862
f  1862/1949/1862 1894/1981/1894 1895/1982/1895 1863/1950/1863
f  1863/1950/1863 1895/1982/1895 1864/1951/1864 1832/1919/1832
f  1864/1951/1864 1896/1983/1896 1897/1984/1897 1865/1952/1865
f  1865/1952/1865 1897/1984/1897 1898/1985/1898 1866/1953/1866
f  1866/1953/1866 1898/1985/1898 1899/1986/1899 1867/1954/1867
f  1867/1954/1867 1899/1986/1899 1900/1987/1900 1868/1955/1868
f  1868/1955/1868 1900/1987/1900 1901/1988/1901 1869/1956/1869
f  1869/1956/1869 1901/1988/1901 1902/1989/1902 1870/1957/1870
f  1870/1957/1870 1902/1989/1902 1903/1990/1903 1871/1958/1871
f  1871/1958/1871 1903/1990/1903 1904/1991/1904 1872/1959/1872
f  1872/1959/1872 1904/1991/1904 1905/1992/1905 1873/1960/1873
f  1873/1960/1873 1905/1992/1905 1906/1993/1906 1874/1961/1874
f  1874/1961/1874 1906/1993/1906 1907/1994/1907 1875/1962/1875
f  1875/1962/1875 1907/1994/1907 1908/1995/1908 1876/1963/1876
f  1876/1963/1876 1908/1995/1908 1909/1996/1909 1877/1964/1877
f  1877/1964/1877 1909/1996/1909 1910/1997/1910 1878/1965/1878
f  1878/1965/1878 1910/1997/1910 1911/1998/1911 1879/1966/1879
f  1879/1966/1879 1911/1998/1911 1912/1999/1912 1880/1967/1880
f  1880/1967/1880 1912/1999/1912 1913/2000/1913 1881/1968/1881
f  1881/1968/1881 1913/2000/1913 1914/2001/1914 1882/1969/1882
f  1882/1969/1882 1914/2001/1914 1915/2002/1915 1883/1970/1883
f  1883/1970/1883 1915/2002/1915 1916/2003/1916 1884/1971/1884
f  1884/1971/1884 1916/2003/1916 1917/2004/1917 1885/1972/1885
f  1885/1972/1885 1917/2004/1917 1918/2005/1918 1886/1973/1886
f  1886/1973/1886 1918/2005/1918 1919/2006/1919 1887/1974/1887
f  1887/1974/1887 1919/2006/1919 1920/2007/1920 1888/1975/1888
f  1888/1975/1888 1920/2007/1920 1921/2008/1921 1889/1976/1889
f  1889/1976/1889 1921/2008/1921 1922/2009/1922 1890/1977/1890
f  1890/1977/1890 1922/2009/1922 1923/2010/1923 1891/1978/1891
f  1891/1978/1891 1923/2010/1923 1924/2011/1924 1892/1979/1892
f  1892/1979/1892 1924/2011/1924 1925/2012/1925 1893/1980/1893
f  1893/1980/1893 1925/2012/1925 1926/2013/1926 1894/1981/1894
f  1894/1981/1894 1926/2013/1926 1927/2014/1927 1895/1982/1895
f  1895/1982/1895 1927/2014/1927 1896/1983/1896 1864/1951/1864
f  1896/1983/1896 1928/2015/1928 1929/2016/1929 1897/1984/1897
f  1897/1984/1897 1929/2016/1929 1930/2017/1930 1898/1985/1898
f  1898/1985/1898 1930/2017/1930 1931/2018/1931 1899/1986/1899
f  1899/1986/1899 1931/2018/1931 1932/2019/1932 1900/1987/1900
f  1900/1987/1900 1932/2019/1932 1933/2020/1933 1901/1988/1901
f  1901/1988/1901 1933/2020/1933 1934/2021/1934 1902/1989/1902
f  1902/1989/1902 1934/2021/1934 1935/2022/1935 1903/1990/1903
f  1903/1990/1903 1935/2022/1935 1936/2023/1936 1904/1991/1904
f  1904/1991/1904 1936/2023/1936 1937/2024/1937 1905/1992/1905
f  1905/1992/1905 1937/2024/1937 1938/2025/1938 1906/1993/1906
f  1906/1993/1906 1938/2025/1938 1939/2026/1939 1907/1994/1907
f  1907/1994/1907 1939/2026/1939 1940/2027/1940 1908/1995/1908
f  1908/1995/1908 1940/2027/1940 1941/2028/1941 1909/1996/1909
f  1909/1996/1909 1941/2028/1941 1942/2029/1942 1910/1997/1910
f  1910/1997/1910 1942/2029/1942 1943/2030/1943 1911/1998/1911
f  1911/1998/1911 1943/2030/1943 1944/2031/1944 1912/1999/1912
f  1912/1999/1912 1944/2031/1944 1945/2032/1945 1913/2000/1913
f  1913/2000/1913 1945/2032/1945 1946/2033/1946 1914/2001/1914
f  1914/2001/1914 1946/2033/1946 1947/2034/1947 1915/2002/1915
f  1915/2002/1915 1947/2034/1947 1948/2035/1948 1916/2003/1916
f  1916/2003/1916 1948/2035/1948 1949/2036/1949 1917/2004/1917
f  1917/2004/1917 1949/2036/1949 1950/2037/1950 1918/2005/1918
f  1918/2005/1918 1950/2037/1950 1951/2038/1951 1919/2006/1919
f  1919/2006/1919 1951/2038/1951 1952/2039/1952 1920/2007/1920
f  1920/2007/1920 1952/2039/1952 1953/2040/1953 1921/2008/1921
f  1921/2008/1921 1953/2040/1953 1954/2041/1954 1922/2009/1922
f  1922/2009/1922 1954/2041/1954 1955/2042/1955 1923/2010/1923
f  1923/2010/1923 1955/2042/1955 1956/2043/1956 1924/2011/1924
f  1924/2011/1924 1956/2043/1956 1957/2044/1957 1925/2012/1925
f  1925/2012/1925 1957/2044/1957 1958/2045/1958 1926/2013/1926
f  1926/2013/1926 1958/2045/1958 1959/2046/1959 1927/2014/1927
f  1927/2014/1927 1959/2046/1959 1928/2015/1928 1896/1983/1896
f  1928/2015/1928 1960/2047/1960 1961/2048/1961 1929/2016/1929
f  1929/2016/1929 1961/2048/1961 1962/2049/1962 1930/2017/1930
f  1930/2017/1930 1962/2049/1962 1963/2050/1963 1931/2018/1931
f  1931/2018/1931 1963/2050/1963 1964/2051/1964 1932/2019/1932
f  1932/2019/1932 1964/2051/1964 1965/2052/1965 1933/2020/1933
f  1933/2020/1933 1965/2052/1965 1966/2053/1966 1934/2021/1934
f  1934/2021/1934 1966/2053/1966 1967/2054/1967 1935/2022/1935
f  1935/2022/1935 1967/2054/1967 1968/2055/1968 1936/2023/1936
f  1936/2023/1936 1968/2055/1968 1969/2056/1969 1937/2024/1937
f  1937/2024/1937 1969/2056/1969 1970/2057/1970 1938/2025/1938
f  1938/2025/1938 1970/2057/1970 1971/2058/1971 1939/2026/1939
f  1939/2026/1939 1971/2058/1971 1972/2059/1972 1940/2027/1940
f  1940/2027/1940 1972/2059/1972 1973/2060/1973 1941/2028/1941
f  1941/2028/1941 1973/2060/1973 1974/2061/1974 1942/2029/1942
f  1942/2029/1942 1974/2061/1974 1975/2062/1975 1943/2030/1943
f  1943/2030/1943 1975/2062/1975 1976/2063/1976 1944/2031/1944
f  1944/2031/1944 1976/2063/1976 1977/2064/1977 1945/2032/1945
f  1945/2032/1945 1977/2064/1977 1978/2065/1978 1946/2033/1946
f  1946/2033/1946 1978/2065/1978 1979/2066/1979 1947/2034/1947
f  1947/2034/1947 1979/2066/1979 1980/2067/1980 1948/2035/1948
f  1948/2035/1948 1980/2067/1980 1981/2068/1981 1949/2036/1949
f  1949/2036/1949 1981/2068/1981 1982/2069/1982 1950/2037/1950
f  1950/2037/1950 1982/2069/1982 1983/2070/1983 1951/2038/1951
f  1951/2038/1951 1983/2070/1983 1984/2071/1984 1952/2039/1952
f  1952/2039/1952 1984/2071/1984 1985/2072/1985 1953/2040/1953
f  1953/2040/1953 1985/2072/1985 1986/2073/1986 1954/2041/1954
f  1954/2041/1954 1986/2073/1986 1987/2074/1987 1955/2042/1955
f  1955/2042/1955 1987/2074/1987 1988/2075/1988 1956/2043/1956
f  1956/2043/1956 1988/2075/1988 1989/2076/1989 1957/2044/1957
f  1957/2044/1957 1989/2076/1989 1990/2077/1990 1958/2045/1958
f  1958/2045/1958 1990/2077/1990 1991/2078/1991 1959/2046/1959
f  1959/2046/1959 1991/2078/1991 1960/2047/1960 1928/2015/1928
f  1960/2047/1960 1992/2079/1992 1993/2080/1993 1961/2048/1961
f  1961/2048/1961 1993/2080/1993 1994/2081/1994 1962/2049/1962
f  1962/2049/1962 1994/2081/1994 1995/2082/1995 1963/2050/1963
f  1963/2050/1963 1995/2082/1995 1996/2083/1996 1964/2051/1964
f  1964/2051/1964 1996/2083/1996 1997/2084/1997 1965/2052/1965
f  1965/2052/1965 1997/2084/1997 1998/2085/1998 1966/2053/1966
f  1966/2053/1966 1998/2085/1998 1999/2086/1999 1967/2054/1967
f  1967/2054/1967 1999/2086/1999 2000/2087/2000 1968/2055/1968
f  1968/2055/1968 2000/2087/2000 2001/2088/2001 1969/2056/1969
f  1969/2056/1969 2001/2088/2001 2002/2089/2002 1970/2057/1970
f  1970/2057/1970 2002/2089/2002 2003/2090/2003 1971/2058/1971
f  1971/2058/1971 2003/2090/2003 2004/2091/2004 1972/2059/1972
f  1972/2059/1972 2004/2091/2004 2005/2092/2005 1973/2060/1973
f  1973/2060/1973 2005/2092/2005 2006/2093/2006 1974/2061/1974
f  1974/2061/1974 2006/2093/2006 2007/2094/2007 1975/2062/1975
f  1975/2062/1975 2007/2094/2007 2008/2095/2008 1976/2063/1976
f  1976/2063/1976 2008/2095/2008 2009/2096/2009 1977/2064/1977
f  1977/2064/1977 2009/2096/2009 2010/2097/2010 1978/2065/1978
f  1978/2065/1978 2010/2097/2010 2011/2098/2011 1979/2066/1979
f  1979/2066/1979 2011/2098/2011 2012/2099/2012 1980/2067/1980
f  1980/2067/1980 2012/2099/2012 2013/2100/2013 1981/2068/1981
f  1981/2068/1981 2013/2100/2013 2014/2101/2014 1982/2069/1982
f  1982/2069/1982 2014/2101/2014 2015/2102/2015 1983/2070/1983
f  1983/2070/1983 2015/2102/2015 2016/2103/2016 1984/2071/1984
f  1984/2071/1984 2016/2103/2016 2017/2104/2017 1985/2072/1985
f  1985/2072/1985 2017/2104/2017 2018/2105/2018 1986/2073/1986
f  1986/2073/1986 2018/2105/2018 2019/2106/2019 1987/2074/1987
f  1987/2074/1987 2019/2106/2019 2020/2107/2020 1988/2075/1988
f  1988/2075/1988 2020/2107/2020 2021/2108/2021 1989/2076/1989
f  1989/2076/1989 2021/2108/2021 2022/2109/2022 1990/2077/1990
f  1990/2077/1990 2022/2109/2022 2023/2110/2023 1991/2078/1991
f  1991/2078/1991 2023/2110/2023 1992/2079/1992 1960/2047/1960
f  1992/2111/1992 2024/2112/2024 2025/2113/2025 1993/2114/1993
f  1993/2114/1993 2025/2113/2025 2026/2115/2026 1994/2116/1994
f  1994/2116/1994 2026/2115/2026 2027/2117/2027 1995/2118/1995
f  1995/2118/1995 2027/2117/2027 2028/2119/2028 1996/2120/1996
f  1996/2120/1996 2028/2119/2028 2029/2121/2029 1997/2122/1997
f  1997/2122/1997 2029/2121/2029 2030/2123/2030 1998/2124/1998
f  1998/2124/1998 2030/2123/2030 2031/2125/2031 1999/2126/1999
f  1999/2126/1999 2031/2125/2031 2032/2127/2032 2000/2128/2000
f  2000/2128/2000 2032/2127/2032 2033/2129/2033 2001/2130/2001
f  2001/2130/2001 2033/2129/2033 2034/2131/2034 2002/2132/2002
f  2002/2132/2002 2034/2131/2034 2035/2133/2035 2003/2134/2003
f  2003/2134/2003 2035/2133/2035 2036/2135/2036 2004/2136/2004
f  2004/2136/2004 2036/2135/2036 2037/2137/2037 2005/2138/2005
f  2005/2138/2005 2037/2137/2037 2038/2139/2038 2006/2140/2006
f  2006/2140/2006 2038/2139/2038 2039/2141/2039 2007/2094/2007
f  2007/2094/2007 2039/2141/2039 2040/2142/2040 2008/2095/2008
f  2008/2095/2008 2040/2142/2040 2041/2143/2041 2009/2096/2009
f  2009/2096/2009 2041/2143/2041 2042/2144/2042 2010/2145/2010
f  2010/2145/2010 2042/2144/2042 2043/2146/2043 2011/2147/2011
f  2011/2147/2011 2043/2146/2043 2044/2148/2044 2012/2149/2012
f  2012/2149/2012 2044/2148/2044 2045/2150/2045 2013/2151/2013
f  2013/2151/2013 2045/2150/2045 2046/2152/2046 2014/2153/2014
f  2014/2153/2014 2046/2152/2046 2047/2154/2047 2015/2155/2015
f  2015/2155/2015 2047/2154/2047 2048/2156/2048 2016/2157/2016
f  2016/2157/2016 2048/2156/2048 2049/2158/2049 2017/2159/2017
f  2017/2159/2017 2049/2158/2049 2050/2160/2050 2018/2161/2018
f  2018/2161/2018 2050/2160/2050 2051/2162/2051 2019/2163/2019
f  2019/2163/2019 2051/2162/2051 2052/2164/2052 2020/2165/2020
f  2020/2165/2020 2052/2164/2052 2053/2166/2053 2021/2167/2021
f  2021/2167/2021 2053/2166/2053 2054/2168/2054 2022/2169/2022
f  2022/2169/2022 2054/2168/2054 2055/2170/2055 2023/2171/2023
f  2023/2171/2023 2055/2170/2055 2024/2112/2024 1992/2111/1992
f  2024/2112/2024 2056/2172/2056 2057/2173/2057 2025/2113/2025
f  2025/2113/2025 2057/2173/2057 2058/2174/2058 2026/2115/2026
f  2026/2115/2026 2058/2174/2058 2059/2175/2059 2027/2117/2027
f  2027/2117/2027 2059/2175/2059 2060/2176/2060 2028/2119/2028
f  2028/2119/2028 2060/2176/2060 2061/2177/2061 2029/2121/2029
f  2029/2121/2029 2061/2177/2061 2062/2178/2062 2030/2123/2030
f  2030/2123/2030 2062/2178/2062 2063/2179/2063 2031/2125/2031
f  2031/2125/2031 2063/2179/2063 2064/2180/2064 2032/2127/2032
f  2032/2127/2032 2064/2180/2064 2065/2181/2065 2033/2129/2033
f  2033/2129/2033 2065/2181/2065 2066/2182/2066 2034/2131/2034
f  2034/2131/2034 2066/2182/2066 2067/2183/2067 2035/2133/2035
f  2035/2133/2035 2067/2183/2067 2068/2184/2068 2036/2135/2036
f  2036/2135/2036 2068/2184/2068 2069/2185/2069 2037/2137/2037
f  2037/2137/2037 2069/2185/2069 2070/2186/2070 2038/2139/2038
f  2038/2139/2038 2070/2186/2070 2071/2187/2071 2039/2141/2039
f  2039/2141/2039 2071/2187/2071 2072/2188/2072 2040/2142/2040
f  2040/2142/2040 2072/2188/2072 2073/2189/2073 2041/2143/2041
f  2041/2143/2041 2073/2189/2073 2074/2190/2074 2042/2144/2042
f  2042/2144/2042 2074/2190/2074 2075/2191/2075 2043/2146/2043
f  2043/2146/2043 2075/2191/2075 2076/2192/2076 2044/2148/2044
f  2044/2148/2044 2076/2192/2076 2077/2193/2077 2045/2150/2045
f  2045/2150/2045 2077/2193/2077 2078/2194/2078 2046/2152/2046
f  2046/2152/2046 2078/2194/2078 2079/2195/2079 2047/2154/2047
f  2047/2154/2047 2079/2195/2079 2080/2196/2080 2048/2156/2048
f  2048/2156/2048 2080/2196/2080 2081/2197/2081 2049/2158/2049
f  2049/2158/2049 2081/2197/2081 2082/2198/2082 2050/2160/2050
f  2050/2160/2050 2082/2198/2082 2083/2199/2083 2051/2162/2051
f  2051/2162/2051 2083/2199/2083 2084/2200/2084 2052/2164/2052
f  2052/2164/2052 2084/2200/2084 2085/2201/2085 2053/2166/2053
f  2053/2166/2053 2085/2201/2085 2086/2202/2086 2054/2168/2054
f  2054/2168/2054 2086/2202/2086 2087/2203/2087 2055/2170/2055
f  2055/2170/2055 2087/2203/2087 2056/2172/2056 2024/2112/2024
f  2056/2172/2056 2088/2204/2088 2089/2205/2089 2057/2173/2057
f  2057/2173/2057 2089/2205/2089 2090/2206/2090 2058/2174/2058
f  2058/2174/2058 2090/2206/2090 2091/2207/2091 2059/2175/2059
f  2059/2175/2059 2091/2207/2091 2092/2208/2092 2060/2176/2060
f  2060/2176/2060 2092/2208/2092 2093/2209/2093 2061/2177/2061
f  2061/2177/2061 2093/2209/2093 2094/2210/2094 2062/2178/2062
f  2062/2178/2062 2094/2210/2094 2095/2211/2095 2063/2179/2063
f  2063/2179/2063 2095/2211/2095 2096/2212/2096 2064/2180/2064
f  2064/2180/2064 2096/2212/2096 2097/2213/2097 2065/2181/2065
f  2065/2181/2065 2097/2213/2097 2098/2214/2098 2066/2182/2066
f  2066/2182/2066 2098/2214/2098 2099/2215/2099 2067/2183/2067
f  2067/2183/2067 2099/2215/2099 2100/2216/2100 2068/2184/2068
f  2068/2184/2068 2100/2216/2100 2101/2217/2101 2069/2185/2069
f  2069/2185/2069 2101/2217/2101 2102/2218/2102 2070/2186/2070
f  2070/2186/2070 2102/2218/2102 2103/2219/2103 2071/2187/2071
f  2071/2187/2071 2103/2219/2103 2104/2220/2104 2072/2188/2072
f  2072/2188/2072 2104/2220/2104 2105/2221/2105 2073/2189/2073
f  2073/2189/2073 2105/2221/2105 2106/2222/2106 2074/2190/2074
f  2074/2190/2074 2106/2222/2106 2107/2223/2107 2075/2191/2075
f  2075/2191/2075 2107/2223/2107 2108/2224/2108 2076/2192/2076
f  2076/2192/2076 2108/2224/2108 2109/2225/2109 2077/2193/2077
f  2077/2193/2077 2109/2225/2109 2110/2226/2110 2078/2194/2078
f  2078/2194/2078 2110/2226/2110 2111/2227/2111 2079/2195/2079
f  2079/2195/2079 2111/2227/2111 2112/2228/2112 2080/2196/2080
f  2080/2196/2080 2112/2228/2112 2113/2229/2113 2081/2197/2081
f  2081/2197/2081 2113/2229/2113 2114/2230/2114 2082/2198/2082
f  2082/2198/2082 2114/2230/2114 2115/2231/2115 2083/2199/2083
f  2083/2199/2083 2115/2231/2115 2116/2232/2116 2084/2200/2084
f  2084/2200/2084 2116/2232/2116 2117/2233/2117 2085/2201/2085
f  2085/2201/2085 2117/2233/2117 2118/2234/2118 2086/2202/2086
f  2086/2202/2086 2118/2234/2118 2119/2235/2119 2087/2203/2087
f  2087/2203/2087 2119/2235/2119 2088/2204/2088 2056/2172/2056
f  2088/2204/2088 2120/2236/2120 2121/2237/2121 2089/2205/2089
f  2089/2205/2089 2121/2237/2121 2122/2238/2122 2090/2206/2090
f  2090/2206/2090 2122/2238/2122 2123/2239/2123 2091/2207/2091
f  2091/2207/2091 2123/2239/2123 2124/2240/2124 2092/2208/2092
f  2092/2208/2092 2124/2240/2124 2125/2241/2125 2093/2209/2093
f  2093/2209/2093 2125/2241/2125 2126/2242/2126 2094/2210/2094
f  2094/2210/2094 2126/2242/2126 2127/2243/2127 2095/2211/2095
f  2095/2211/2095 2127/2243/2127 2128/2244/2128 2096/2212/2096
f  2096/2212/2096 2128/2244/2128 2129/2245/2129 2097/2213/2097
f  2097/2213/2097 2129/2245/2129 2130/2246/2130 2098/2214/2098
f  2098/2214/2098 2130/2246/2130 2131/2247/2131 2099/2215/2099
f  2099/2215/2099 2131/2247/2131 2132/2248/2132 2100/2216/2100
f  2100/2216/2100 2132/2248/2132 2133/2249/2133 2101/2217/2101
f  2101/2217/2101 2133/2249/2133 2134/2250/2134 2102/2218/2102
f  2102/2218/2102 2134/2250/2134 2135/2251/2135 2103/2219/2103
f  2103/2219/2103 2135/2251/2135 2136/2252/2136 2104/2220/2104
f  2104/2220/2104 2136/2252/2136 2137/2253/2137 2105/2221/2105
f  2105/2221/2105 2137/2253/2137 2138/2254/2138 2106/2222/2106
f  2106/2222/2106 2138/2254/2138 2139/2255/2139 2107/2223/2107
f  2107/2223/2107 2139/2255/2139 2140/2256/2140 2108/2224/2108
f  2108/2224/2108 2140/2256/2140 2141/2257/2141 2109/2225/2109
f  2109/2225/2109 2141/2257/2141 2142/2258/2142 2110/2226/2110
f  2110/2226/2110 2142/2258/2142 2143/2259/2143 2111/2227/2111
f  2111/2227/2111 2143/2259/2143 2144/2260/2144 2112/2228/2112
f  2112/2228/2112 2144/2260/2144 2145/2261/2145 2113/2229/2113
f  2113/2229/2113 2145/2261/2145 2146/2262/2146 2114/2230/2114
f  2114/2230/2114 2146/2262/2146 2147/2263/2147 2115/2231/2115
f  2115/2231/2115 2147/2263/2147 2148/2264/2148 2116/2232/2116
f  2116/2232/2116 2148/2264/2148 2149/2265/2149 2117/2233/2117
f  2117/2233/2117 2149/2265/2149 2150/2266/2150 2118/2234/2118
f  2118/2234/2118 2150/2266/2150 2151/2267/2151 2119/2235/2119
f  2119/2235/2119 2151/2267/2151 2120/2236/2120 2088/2204/2088
f  2120/2236/2120 2152/2268/2152 2153/2269/2153 2121/2237/2121
f  2121/2237/2121 2153/2269/2153 2154/2270/2154 2122/2238/2122
f  2122/2238/2122 2154/2270/2154 2155/2271/2155 2123/2239/2123
f  2123/2239/2123 2155/2271/2155 2156/2272/2156 2124/2240/2124
f  2124/2240/2124 2156/2272/2156 2157/2273/2157 2125/2241/2125
f  2125/2241/2125 2157/2273/2157 2158/2274/2158 2126/2242/2126
f  2126/2242/2126 2158/2274/2158 2159/2275/2159 2127/2243/2127
f  2127/2243/2127 2159/2275/2159 2160/2276/2160 2128/2244/2128
f  2128/2244/2128 2160/2276/2160 2161/2277/2161 2129/2245/2129
f  2129/2245/2129 2161/2277/2161 2162/2278/2162 2130/2246/2130
f  2130/2246/2130 2162/2278/2162 2163/2279/2163 2131/2247/2131
f  2131/2247/2131 2163/2279/2163 2164/2280/2164 2132/2248/2132
f  2132/2248/2132 2164/2280/2164 2165/2281/2165 2133/2249/2133
f  2133/2249/2133 2165/2281/2165 2166/2282/2166 2134/2250/2134
f  2134/2250/2134 2166/2282/2166 2167/2283/2167 2135/2251/2135
f  2135/2251/2135 2167/2283/2167 2168/2284/2168 2136/2252/2136
f  2136/2252/2136 2168/2284/2168 2169/2285/2169 2137/2253/2137
f  2137/2253/2137 2169/2285/2169 2170/2286/2170 2138/2254/2138
f  2138/2254/2138 2170/2286/2170 2171/2287/2171 2139/2255/2139
f  2139/2255/2139 2171/2287/2171 2172/2288/2172 2140/2256/2140
f  2140/2256/2140 2172/2288/2172 2173/2289/2173 2141/2257/2141
f  2141/2257/2141 2173/2289/2173 2174/2290/2174 2142/2258/2142
f  2142/2258/2142 2174/2290/2174 2175/2291/2175 2143/2259/2143
f  2143/2259/2143 2175/2291/2175 2176/2292/2176 2144/2260/2144
f  2144/2260/2144 2176/2292/2176 2177/2293/2177 2145/2261/2145
f  2145/2261/2145 2177/2293/2177 2178/2294/2178 2146/2262/2146
f  2146/2262/2146 2178/2294/2178 2179/2295/2179 2147/2263/2147
f  2147/2263/2147 2179/2295/2179 2180/2296/2180 2148/2264/2148
f  2148/2264/2148 2180/2296/2180 2181/2297/2181 2149/2265/2149
f  2149/2265/2149 2181/2297/2181 2182/2298/2182 2150/2266/2150
f  2150/2266/2150 2182/2298/2182 2183/2299/2183 2151/2267/2151
f  2151/2267/2151 2183/2299/2183 2152/2268/2152 2120/2236/2120
f  2152/2268/2152 2184/2300/2184 2185/2301/2185 2153/2269/2153
f  2153/2269/2153 2185/2301/2185 2186/2302/2186 2154/2270/2154
f  2154/2270/2154 2186/2302/2186 2187/2303/2187 2155/2271/2155
f  2155/2271/2155 2187/2303/2187 2188/2304/2188 2156/2272/2156
f  2156/2272/2156 2188/2304/2188 2189/2305/2189 2157/2273/2157
f  2157/2273/2157 2189/2305/2189 2190/2306/2190 2158/2274/2158
f  2158/2274/2158 2190/2306/2190 2191/2307/2191 2159/2275/2159
f  2159/2275/2159 2191/2307/2191 2192/2308/2192 2160/2276/2160
f  2160/2276/2160 2192/2308/2192 2193/2309/2193 2161/2277/2161
f  2161/2277/2161 2193/2309/2193 2194/2310/2194 2162/2278/2162
f  2162/2278/2162 2194/2310/2194 2195/2311/2195 2163/2279/2163
f  2163/2279/2163 2195/2311/2195 2196/2312/2196 2164/2280/2164
f  2164/2280/2164 2196/2312/2196 2197/2313/2197 2165/2281/2165
f  2165/2281/2165 2197/2313/2197 2198/2314/2198 2166/2282/2166
f  2166/2282/2166 2198/2314/2198 2199/2315/2199 2167/2283/2167
f  2167/2283/2167 2199/2315/2199 2200/2316/2200 2168/2284/2168
f  2168/2284/2168 2200/2316/2200 2201/2317/2201 2169/2285/2169
f  2169/2285/2169 2201/2317/2201 2202/2318/2202 2170/2286/2170
f  2170/2286/2170 2202/2318/2202 2203/2319/2203 2171/2287/2171
f  2171/2287/2171 2203/2319/2203 2204/2320/2204 2172/2288/2172
f  2172/2288/2172 2204/2320/2204 2205/2321/2205 2173/2289/2173
f  2173/2289/2173 2205/2321/2205 2206/2322/2206 2174/2290/2174
f  2174/2290/2174 2206/2322/2206 2207/2323/2207 2175/2291/2175
f  2175/2291/2175 2207/2323/2207 2208/2324/2208 2176/2292/2176
f  2176/2292/2176 2208/2324/2208 2209/2325/2209 2177/2293/2177
f  2177/2293/2177 2209/2325/2209 2210/2326/2210 2178/2294/2178
f  2178/2294/2178 2210/2326/2210 2211/2327/2211 2179/2295/2179
f  2179/2295/2179 2211/2327/2211 2212/2328/2212 2180/2296/2180
f  2180/2296/2180 2212/2328/2212 2213/2329/2213 2181/2297/2181
f  2181/2297/2181 2213/2329/2213 2214/2330/2214 2182/2298/2182
f  2182/2298/2182 2214/2330/2214 2215/2331/2215 2183/2299/2183
f  2183/2299/2183 2215/2331/2215 2184/2300/2184 2152/2268/2152
f  2184/2300/2184 2216/2332/2216 2217/2333/2217 2185/2301/2185
f  2185/2301/2185 2217/2333/2217 2218/2334/2218 2186/2302/2186
f  2186/2302/2186 2218/2334/2218 2219/2335/2219 2187/2303/2187
f  2187/2303/2187 2219/2335/2219 2220/2336/2220 2188/2304/2188
f  2188/2304/2188 2220/2336/2220 2221/2337/2221 2189/2305/2189
f  2189/2305/2189 2221/2337/2221 2222/2338/2222 2190/2306/2190
f  2190/2306/2190 2222/2338/2222 2223/2339/2223 2191/2307/2191
f  2191/2307/2191 2223/2339/2223 2224/2340/2224 2192/2308/2192
f  2192/2308/2192 2224/2340/2224 2225/2341/2225 2193/2309/2193
f  2193/2309/2193 2225/2341/2225 2226/2342/2226 2194/2310/2194
f  2194/2310/2194 2226/2342/2226 2227/2343/2227 2195/2311/2195
f  2195/2311/2195 2227/2343/2227 2228/2344/2228 2196/2312/2196
f  2196/2312/2196 2228/2344/2228 2229/2345/2229 2197/2313/2197
f  2197/2313/2197 2229/2345/2229 2230/2346/2230 2198/2314/2198
f  2198/2314/2198 2230/2346/2230 2231/2347/2231 2199/2315/2199
f  2199/2315/2199 2231/2347/2231 2232/2348/2232 2200/2316/2200
f  2200/2316/2200 2232/2348/2232 2233/2349/2233 2201/2317/2201
f  2201/2317/2201 2233/2349/2233 2234/2350/2234 2202/2318/2202
f  2202/2318/2202 2234/2350/2234 2235/2351/2235 2203/2319/2203
f  2203/2319/2203 2235/2351/2235 2236/2352/2236 2204/2320/2204
f  2204/2320/2204 2236/2352/2236 2237/2353/2237 2205/2321/2205
f  2205/2321/2205 2237/2353/2237 2238/2354/2238 2206/2322/2206
f  2206/2322/2206 2238/2354/2238 2239/2355/2239 2207/2323/2207
f  2207/2323/2207 2239/2355/2239 2240/2356/2240 2208/2324/2208
f  2208/2324/2208 2240/2356/2240 2241/2357/2241 2209/2325/2209
f  2209/2325/2209 2241/2357/2241 2242/2358/2242 2210/2326/2210
f  2210/2326/2210 2242/2358/2242 2243/2359/2243 2211/2327/2211
f  2211/2327/2211 2243/2359/2243 2244/2360/2244 2212/2328/2212
f  2212/2328/2212 2244/2360/2244 2245/2361/2245 2213/2329/2213
f  2213/2329/2213 2245/2361/2245 2246/2362/2246 2214/2330/2214
f  2214/2330/2214 2246/2362/2246 2247/2363/2247 2215/2331/2215
f  2215/2331/2215 2247/2363/2247 2216/2332/2216 2184/2300/2184
f  2248/2364/2248 2218/2334/2218 2217/2333/2217 2216/2332/2216
f  2248/2364/2248 2220/2336/2220 2219/2335/2219 2218/2334/2218
f  2248/2364/2248 2222/2338/2222 2221/2337/2221 2220/2336/2220
f  2248/2364/2248 2224/2340/2224 2223/2339/2223 2222/2338/2222
f  2248/2364/2248 2226/2342/2226 2225/2341/2225 2224/2340/2224
f  2248/2364/2248 2228/2344/2228 2227/2343/2227 2226/2342/2226
f  2248/2364/2248 2230/2346/2230 2229/2345/2229 2228/2344/2228
f  2248/2364/2248 2232/2348/2232 2231/2347/2231 2230/2346/2230
f  2248/2364/2248 2234/2350/2234 2233/2349/2233 2232/2348/2232
f  2248/2364/2248 2236/2352/2236 2235/2351/2235 2234/2350/2234
f  2248/2364/2248 2238/2354/2238 2237/2353/2237 2236/2352/2236
f  2248/2364/2248 2240/2356/2240 2239/2355/2239 2238/2354/2238
f  2248/2364/2248 2242/2358/2242 2241/2357/2241 2240/2356/2240
f  2248/2364/2248 2244/2360/2244 2243/2359/2243 2242/2358/2242
f  2248/2364/2248 2246/2362/2246 2245/2361/2245 2244/2360/2244
f  2248/2364/2248 2216/2332/2216 2247/2363/2247 2246/2362/2246
# object Angelfish_Set_04_pivot
g Angelfish_Set_04_pivot
v -0.39863 -3.81156 3.20271
v -0.39387 -3.81070 3.23139
v -0.39195 -3.81599 3.23067
v -0.39039 -3.82115 3.22890
v -0.38924 -3.82598 3.22616
v -0.38855 -3.83030 3.22254
v -0.38834 -3.83393 3.21818
v -0.38863 -3.83675 3.21327
v -0.38941 -3.83864 3.20797
v -0.39063 -3.83952 3.20250
v -0.39226 -3.83937 3.19707
v -0.39424 -3.83819 3.19188
v -0.39648 -3.83603 3.18714
v -0.39890 -3.83297 3.18302
v -0.40141 -3.82912 3.17969
v -0.40391 -3.82464 3.17727
v -0.40631 -3.81969 3.17586
v -0.40851 -3.81448 3.17551
v -0.41043 -3.80918 3.17623
v -0.41200 -3.80402 3.17800
v -0.41315 -3.79919 3.18074
v -0.41384 -3.79488 3.18436
v -0.41404 -3.79124 3.18872
v -0.41375 -3.78843 3.19363
v -0.41298 -3.78654 3.19893
v -0.41175 -3.78566 3.20440
v -0.41012 -3.78580 3.20983
v -0.40815 -3.78698 3.21502
v -0.40591 -3.78915 3.21976
v -0.40348 -3.79221 3.22388
v -0.40097 -3.79606 3.22721
v -0.39847 -3.80054 3.22963
v -0.39607 -3.80548 3.23104
v -0.41811 -3.82134 3.26353
v -0.41458 -3.83105 3.26221
v -0.41171 -3.84053 3.25896
v -0.40960 -3.84940 3.25392
v -0.40833 -3.85732 3.24727
v -0.40796 -3.86400 3.23928
v -0.40849 -3.86917 3.23025
v -0.40991 -3.87263 3.22053
v -0.41216 -3.87426 3.21049
v -0.41515 -3.87398 3.20051
v -0.41878 -3.87182 3.19099
v -0.42289 -3.86785 3.18228
v -0.42734 -3.86222 3.17472
v -0.43195 -3.85516 3.16860
v -0.43655 -3.84693 3.16416
v -0.44095 -3.83785 3.16157
v -0.44499 -3.82827 3.16092
v -0.44852 -3.81855 3.16225
v -0.45139 -3.80908 3.16550
v -0.45350 -3.80021 3.17054
v -0.45477 -3.79228 3.17718
v -0.45514 -3.78561 3.18517
v -0.45461 -3.78044 3.19420
v -0.45319 -3.77697 3.20393
v -0.45094 -3.77535 3.21397
v -0.44795 -3.77562 3.22395
v -0.44432 -3.77779 3.23347
v -0.44021 -3.78176 3.24218
v -0.43576 -3.78738 3.24974
v -0.43115 -3.79445 3.25585
v -0.42655 -3.80268 3.26029
v -0.42215 -3.81176 3.26289
v -0.41822 -3.82226 3.28850
v -0.41310 -3.83637 3.28658
v -0.40893 -3.85012 3.28186
v -0.40587 -3.86300 3.27454
v -0.40403 -3.87450 3.26490
v -0.40349 -3.88419 3.25330
v -0.40426 -3.89170 3.24018
v -0.40632 -3.89673 3.22607
v -0.40958 -3.89909 3.21149
v -0.41393 -3.89869 3.19701
v -0.41919 -3.89555 3.18318
v -0.42517 -3.88978 3.17053
v -0.43163 -3.88162 3.15956
v -0.43832 -3.87136 3.15068
v -0.44499 -3.85941 3.14424
v -0.45138 -3.84623 3.14047
v -0.45725 -3.83232 3.13953
v -0.46237 -3.81822 3.14146
v -0.46654 -3.80446 3.14617
v -0.46961 -3.79159 3.15349
v -0.47144 -3.78008 3.16314
v -0.47199 -3.77039 3.17474
v -0.47122 -3.76288 3.18785
v -0.46916 -3.75786 3.20197
v -0.46589 -3.75549 3.21655
v -0.46154 -3.75589 3.23103
v -0.45628 -3.75904 3.24486
v -0.45030 -3.76480 3.25750
v -0.44385 -3.77297 3.26847
v -0.43715 -3.78322 3.27735
v -0.43048 -3.79517 3.28380
v -0.42409 -3.80835 3.28756
v -0.41797 -3.82293 3.31028
v -0.41145 -3.84088 3.30783
v -0.40614 -3.85839 3.30183
v -0.40224 -3.87478 3.29252
v -0.39990 -3.88942 3.28024
v -0.39921 -3.90175 3.26547
v -0.40019 -3.91131 3.24879
v -0.40281 -3.91771 3.23082
v -0.40697 -3.92071 3.21226
v -0.41250 -3.92020 3.19383
v -0.41920 -3.91620 3.17623
v -0.42681 -3.90887 3.16014
v -0.43503 -3.89847 3.14617
v -0.44355 -3.88542 3.13487
v -0.45204 -3.87021 3.12667
v -0.46017 -3.85344 3.12188
v -0.46764 -3.83573 3.12068
v -0.47416 -3.81778 3.12313
v -0.47947 -3.80027 3.12913
v -0.48337 -3.78388 3.13845
v -0.48571 -3.76924 3.15073
v -0.48640 -3.75691 3.16549
v -0.48542 -3.74736 3.18218
v -0.48280 -3.74096 3.20015
v -0.47864 -3.73795 3.21870
v -0.47310 -3.73846 3.23713
v -0.46641 -3.74246 3.25473
v -0.45880 -3.74979 3.27083
v -0.45058 -3.76019 3.28479
v -0.44206 -3.77324 3.29609
v -0.43357 -3.78845 3.30430
v -0.42544 -3.80523 3.30909
v -0.41675 -3.82307 3.32787
v -0.40909 -3.84418 3.32499
v -0.40285 -3.86476 3.31793
v -0.39826 -3.88404 3.30698
v -0.39551 -3.90126 3.29254
v -0.39470 -3.91576 3.27518
v -0.39585 -3.92699 3.25556
v -0.39893 -3.93452 3.23443
v -0.40382 -3.93805 3.21261
v -0.41033 -3.93745 3.19094
v -0.41820 -3.93275 3.17024
v -0.42715 -3.92412 3.15132
v -0.43681 -3.91190 3.13490
v -0.44683 -3.89655 3.12161
v -0.45681 -3.87867 3.11196
v -0.46638 -3.85894 3.10633
v -0.47516 -3.83813 3.10492
v -0.48282 -3.81702 3.10780
v -0.48906 -3.79643 3.11486
v -0.49365 -3.77716 3.12581
v -0.49640 -3.75994 3.14025
v -0.49722 -3.74544 3.15761
v -0.49606 -3.73421 3.17723
v -0.49298 -3.72668 3.19836
v -0.48809 -3.72315 3.22018
v -0.48159 -3.72374 3.24185
v -0.47371 -3.72845 3.26255
v -0.46477 -3.73707 3.28147
v -0.45510 -3.74930 3.29789
v -0.44508 -3.76464 3.31118
v -0.43510 -3.78253 3.32083
v -0.42553 -3.80225 3.32646
v -0.41553 -3.82283 3.33469
v -0.40741 -3.84520 3.33164
v -0.40079 -3.86702 3.32416
v -0.39593 -3.88745 3.31255
v -0.39302 -3.90570 3.29725
v -0.39215 -3.92107 3.27885
v -0.39338 -3.93297 3.25805
v -0.39664 -3.94095 3.23566
v -0.40182 -3.94469 3.21254
v -0.40872 -3.94406 3.18956
v -0.41707 -3.93908 3.16763
v -0.42655 -3.92993 3.14757
v -0.43679 -3.91698 3.13017
v -0.44741 -3.90071 3.11608
v -0.45799 -3.88176 3.10586
v -0.46813 -3.86085 3.09989
v -0.47744 -3.83879 3.09840
v -0.48556 -3.81642 3.10145
v -0.49217 -3.79460 3.10893
v -0.49703 -3.77417 3.12054
v -0.49995 -3.75592 3.13584
v -0.50081 -3.74055 3.15424
v -0.49959 -3.72865 3.17504
v -0.49632 -3.72067 3.19743
v -0.49114 -3.71693 3.22056
v -0.48425 -3.71756 3.24353
v -0.47590 -3.72254 3.26547
v -0.46642 -3.73169 3.28552
v -0.45617 -3.74464 3.30292
v -0.44556 -3.76091 3.31701
v -0.43497 -3.77986 3.32723
v -0.42484 -3.80077 3.33320
v -0.39222 -3.81373 3.33578
v -0.38360 -3.83748 3.33254
v -0.37658 -3.86064 3.32460
v -0.37142 -3.88233 3.31228
v -0.36832 -3.90170 3.29603
v -0.36740 -3.91802 3.27650
v -0.36870 -3.93066 3.25442
v -0.37217 -3.93912 3.23065
v -0.37767 -3.94310 3.20610
v -0.38499 -3.94243 3.18171
v -0.39386 -3.93714 3.15843
v -0.40392 -3.92743 3.13714
v -0.41479 -3.91368 3.11866
v -0.42606 -3.89641 3.10371
v -0.43730 -3.87629 3.09285
v -0.44806 -3.85409 3.08651
v -0.45794 -3.83067 3.08494
v -0.46656 -3.80692 3.08818
v -0.47358 -3.78376 3.09611
v -0.47874 -3.76207 3.10844
v -0.48184 -3.74270 3.12468
v -0.48276 -3.72638 3.14422
v -0.48146 -3.71374 3.16629
v -0.47799 -3.70528 3.19007
v -0.47249 -3.70130 3.21462
v -0.46517 -3.70197 3.23900
v -0.45631 -3.70726 3.26229
v -0.44624 -3.71697 3.28358
v -0.43537 -3.73072 3.30206
v -0.42410 -3.74799 3.31701
v -0.41286 -3.76811 3.32786
v -0.40210 -3.79031 3.33420
v -0.36862 -3.80433 3.33160
v -0.35984 -3.82855 3.32830
v -0.35268 -3.85216 3.32021
v -0.34742 -3.87427 3.30764
v -0.34426 -3.89402 3.29108
v -0.34332 -3.91066 3.27116
v -0.34465 -3.92355 3.24865
v -0.34818 -3.93218 3.22441
v -0.35379 -3.93623 3.19938
v -0.36126 -3.93555 3.17451
v -0.37029 -3.93015 3.15077
v -0.38055 -3.92026 3.12906
v -0.39164 -3.90623 3.11023
v -0.40313 -3.88863 3.09498
v -0.41459 -3.86812 3.08391
v -0.42556 -3.84548 3.07745
v -0.43564 -3.82160 3.07584
v -0.44442 -3.79739 3.07915
v -0.45158 -3.77377 3.08724
v -0.45684 -3.75166 3.09980
v -0.46000 -3.73191 3.11637
v -0.46094 -3.71527 3.13628
v -0.45961 -3.70239 3.15879
v -0.45608 -3.69375 3.18303
v -0.45047 -3.68970 3.20806
v -0.44300 -3.69038 3.23293
v -0.43397 -3.69578 3.25667
v -0.42371 -3.70568 3.27838
v -0.41262 -3.71970 3.29722
v -0.40113 -3.73730 3.31246
v -0.38967 -3.75782 3.32353
v -0.37870 -3.78045 3.32999
v -0.34611 -3.79518 3.32245
v -0.33749 -3.81893 3.31921
v -0.33047 -3.84209 3.31127
v -0.32531 -3.86377 3.29894
v -0.32221 -3.88315 3.28270
v -0.32129 -3.89947 3.26316
v -0.32260 -3.91210 3.24109
v -0.32606 -3.92057 3.21732
v -0.33156 -3.92455 3.19277
v -0.33888 -3.92388 3.16838
v -0.34775 -3.91859 3.14509
v -0.35781 -3.90888 3.12380
v -0.36868 -3.89513 3.10533
v -0.37996 -3.87786 3.09037
v -0.39119 -3.85774 3.07952
v -0.40195 -3.83554 3.07318
v -0.41183 -3.81212 3.07160
v -0.42045 -3.78837 3.07484
v -0.42747 -3.76521 3.08278
v -0.43263 -3.74352 3.09510
v -0.43573 -3.72415 3.11135
v -0.43665 -3.70783 3.13088
v -0.43535 -3.69519 3.15296
v -0.43188 -3.68672 3.17673
v -0.42638 -3.68275 3.20128
v -0.41906 -3.68342 3.22567
v -0.41020 -3.68871 3.24896
v -0.40013 -3.69842 3.27025
v -0.38926 -3.71217 3.28872
v -0.37799 -3.72944 3.30368
v -0.36675 -3.74956 3.31453
v -0.35599 -3.77176 3.32087
v -0.32575 -3.78671 3.30873
v -0.31763 -3.80908 3.30568
v -0.31101 -3.83090 3.29820
v -0.30615 -3.85133 3.28659
v -0.30324 -3.86958 3.27129
v -0.30237 -3.88495 3.25289
v -0.30360 -3.89685 3.23209
v -0.30686 -3.90483 3.20970
v -0.31204 -3.90857 3.18657
v -0.31894 -3.90794 3.16360
v -0.32729 -3.90296 3.14167
v -0.33677 -3.89381 3.12161
v -0.34701 -3.88086 3.10421
v -0.35763 -3.86459 3.09012
v -0.36821 -3.84564 3.07990
v -0.37835 -3.82473 3.07393
v -0.38766 -3.80267 3.07244
v -0.39578 -3.78030 3.07549
v -0.40239 -3.75848 3.08297
v -0.40725 -3.73805 3.09458
v -0.41017 -3.71980 3.10988
v -0.41103 -3.70443 3.12828
v -0.40981 -3.69253 3.14908
v -0.40654 -3.68455 3.17147
v -0.40136 -3.68080 3.19460
v -0.39447 -3.68144 3.21757
v -0.38612 -3.68642 3.23950
v -0.37664 -3.69557 3.25956
v -0.36639 -3.70852 3.27696
v -0.35578 -3.72479 3.29105
v -0.34519 -3.74374 3.30127
v -0.33506 -3.76465 3.30724
v -0.30832 -3.77925 3.29098
v -0.30102 -3.79939 3.28823
v -0.29506 -3.81902 3.28150
v -0.29069 -3.83741 3.27105
v -0.28806 -3.85383 3.25728
v -0.28728 -3.86766 3.24072
v -0.28839 -3.87838 3.22201
v -0.29133 -3.88556 3.20185
v -0.29599 -3.88893 3.18104
v -0.30220 -3.88836 3.16037
v -0.30971 -3.88387 3.14062
v -0.31824 -3.87564 3.12258
v -0.32746 -3.86398 3.10691
v -0.33701 -3.84934 3.09424
v -0.34654 -3.83229 3.08503
v -0.35566 -3.81347 3.07966
v -0.36404 -3.79361 3.07832
v -0.37134 -3.77348 3.08107
v -0.37730 -3.75384 3.08780
v -0.38167 -3.73546 3.09825
v -0.38430 -3.71904 3.11202
v -0.38508 -3.70520 3.12858
v -0.38397 -3.69449 3.14730
v -0.38104 -3.68731 3.16745
v -0.37637 -3.68394 3.18826
v -0.37017 -3.68451 3.20893
v -0.36265 -3.68899 3.22868
v -0.35412 -3.69722 3.24672
v -0.34490 -3.70888 3.26239
v -0.33535 -3.72352 3.27506
v -0.32582 -3.74058 3.28427
v -0.31670 -3.75940 3.28964
v -0.29450 -3.77309 3.26987
v -0.28829 -3.79021 3.26754
v -0.28322 -3.80691 3.26182
v -0.27950 -3.82254 3.25293
v -0.27727 -3.83651 3.24122
v -0.27661 -3.84828 3.22713
v -0.27755 -3.85739 3.21122
v -0.28005 -3.86349 3.19408
v -0.28401 -3.86636 3.17638
v -0.28929 -3.86587 3.15880
v -0.29568 -3.86206 3.14201
v -0.30293 -3.85506 3.12666
v -0.31078 -3.84515 3.11334
v -0.31890 -3.83270 3.10256
v -0.32700 -3.81819 3.09473
v -0.33476 -3.80219 3.09016
v -0.34188 -3.78530 3.08902
v -0.34810 -3.76818 3.09136
v -0.35316 -3.75148 3.09708
v -0.35688 -3.73585 3.10597
v -0.35911 -3.72188 3.11768
v -0.35977 -3.71011 3.13176
v -0.35884 -3.70100 3.14768
v -0.35634 -3.69490 3.16482
v -0.35237 -3.69203 3.18252
v -0.34709 -3.69252 3.20010
v -0.34070 -3.69633 3.21689
v -0.33345 -3.70333 3.23224
v -0.32561 -3.71324 3.24556
v -0.31748 -3.72569 3.25634
v -0.30938 -3.74020 3.26417
v -0.30162 -3.75620 3.26873
v -0.28481 -3.76846 3.24623
v -0.27993 -3.78191 3.24439
v -0.27595 -3.79503 3.23989
v -0.27303 -3.80731 3.23291
v -0.27128 -3.81829 3.22371
v -0.27076 -3.82753 3.21265
v -0.27149 -3.83469 3.20014
v -0.27346 -3.83949 3.18667
v -0.27657 -3.84174 3.17277
v -0.28072 -3.84136 3.15895
v -0.28574 -3.83836 3.14576
v -0.29144 -3.83286 3.13370
v -0.29760 -3.82507 3.12324
v -0.30399 -3.81529 3.11477
v -0.31035 -3.80390 3.10862
v -0.31645 -3.79132 3.10503
v -0.32204 -3.77805 3.10413
v -0.32693 -3.76460 3.10597
v -0.33090 -3.75148 3.11046
v -0.33383 -3.73920 3.11745
v -0.33558 -3.72822 3.12665
v -0.33610 -3.71898 3.13771
v -0.33536 -3.71182 3.15022
v -0.33340 -3.70702 3.16369
v -0.33029 -3.70477 3.17759
v -0.32614 -3.70515 3.19141
v -0.32112 -3.70815 3.20460
v -0.31542 -3.71365 3.21666
v -0.30926 -3.72144 3.22712
v -0.30287 -3.73122 3.23559
v -0.29651 -3.74262 3.24174
v -0.29041 -3.75519 3.24533
v -0.27964 -3.76554 3.22095
v -0.27628 -3.77480 3.21968
v -0.27353 -3.78384 3.21658
v -0.27152 -3.79230 3.21177
v -0.27031 -3.79986 3.20544
v -0.26996 -3.80623 3.19781
v -0.27046 -3.81116 3.18920
v -0.27182 -3.81446 3.17993
v -0.27396 -3.81601 3.17035
v -0.27682 -3.81575 3.16083
v -0.28028 -3.81369 3.15174
v -0.28420 -3.80990 3.14344
v -0.28845 -3.80453 3.13623
v -0.29284 -3.79780 3.13039
v -0.29723 -3.78995 3.12616
v -0.30143 -3.78129 3.12369
v -0.30528 -3.77215 3.12307
v -0.30864 -3.76288 3.12433
v -0.31138 -3.75384 3.12743
v -0.31340 -3.74538 3.13224
v -0.31461 -3.73782 3.13858
v -0.31496 -3.73146 3.14620
v -0.31446 -3.72652 3.15482
v -0.31310 -3.72322 3.16409
v -0.31096 -3.72167 3.17367
v -0.30810 -3.72193 3.18318
v -0.30464 -3.72400 3.19227
v -0.30072 -3.72778 3.20058
v -0.29647 -3.73315 3.20779
v -0.29208 -3.73989 3.21362
v -0.28769 -3.74774 3.21786
v -0.28349 -3.75640 3.22033
v -0.27917 -3.76444 3.19500
v -0.27745 -3.76916 3.19436
v -0.27606 -3.77377 3.19278
v -0.27503 -3.77808 3.19033
v -0.27441 -3.78194 3.18710
v -0.27423 -3.78518 3.18321
v -0.27449 -3.78770 3.17882
v -0.27518 -3.78938 3.17409
v -0.27627 -3.79017 3.16921
v -0.27773 -3.79004 3.16436
v -0.27949 -3.78899 3.15972
v -0.28150 -3.78706 3.15549
v -0.28366 -3.78432 3.15181
v -0.28590 -3.78089 3.14884
v -0.28813 -3.77688 3.14668
v -0.29028 -3.77247 3.14542
v -0.29224 -3.76781 3.14511
v -0.29396 -3.76308 3.14575
v -0.29535 -3.75848 3.14733
v -0.29638 -3.75416 3.14978
v -0.29700 -3.75031 3.15301
v -0.29718 -3.74706 3.15690
v -0.29692 -3.74455 3.16129
v -0.29623 -3.74287 3.16602
v -0.29514 -3.74208 3.17090
v -0.29368 -3.74221 3.17575
v -0.29192 -3.74326 3.18038
v -0.28991 -3.74519 3.18462
v -0.28775 -3.74793 3.18829
v -0.28551 -3.75136 3.19127
v -0.28327 -3.75537 3.19343
v -0.28113 -3.75978 3.19469
v -0.28342 -3.76521 3.16939
v -0.41847 -3.82114 3.25394
v -0.41557 -3.82915 3.25285
v -0.41320 -3.83696 3.25017
v -0.41146 -3.84427 3.24602
v -0.41042 -3.85081 3.24054
v -0.41011 -3.85631 3.23395
v -0.41055 -3.86057 3.22651
v -0.41171 -3.86342 3.21849
v -0.41357 -3.86476 3.21022
v -0.41604 -3.86454 3.20199
v -0.41903 -3.86275 3.19414
v -0.42242 -3.85948 3.18696
v -0.42609 -3.85484 3.18073
v -0.42989 -3.84902 3.17569
v -0.43367 -3.84224 3.17203
v -0.43730 -3.83475 3.16989
v -0.44064 -3.82686 3.16936
v -0.44354 -3.81885 3.17045
v -0.44591 -3.81104 3.17313
v -0.44765 -3.80373 3.17729
v -0.44869 -3.79719 3.18276
v -0.44900 -3.79169 3.18935
v -0.44856 -3.78743 3.19679
v -0.44740 -3.78458 3.20481
v -0.44554 -3.78324 3.21309
v -0.44307 -3.78346 3.22131
v -0.44008 -3.78525 3.22916
v -0.43669 -3.78852 3.23634
v -0.43302 -3.79316 3.24257
v -0.42922 -3.79898 3.24761
v -0.42544 -3.80576 3.25127
v -0.42181 -3.81325 3.25341
v -0.41716 -3.82052 3.25097
v -0.41442 -3.82808 3.24994
v -0.41219 -3.83544 3.24742
v -0.41055 -3.84234 3.24350
v -0.40956 -3.84850 3.23833
v -0.40927 -3.85369 3.23212
v -0.40968 -3.85770 3.22510
v -0.41079 -3.86040 3.21754
v -0.41254 -3.86166 3.20974
v -0.41486 -3.86145 3.20198
v -0.41768 -3.85976 3.19458
v -0.42088 -3.85668 3.18781
v -0.42434 -3.85230 3.18193
v -0.42792 -3.84681 3.17718
v -0.43150 -3.84042 3.17373
v -0.43492 -3.83336 3.17171
v -0.43806 -3.82591 3.17121
v -0.44080 -3.81836 3.17224
v -0.44303 -3.81099 3.17476
v -0.44467 -3.80410 3.17868
v -0.44566 -3.79794 3.18385
v -0.44595 -3.79275 3.19006
v -0.44554 -3.78873 3.19708
v -0.44443 -3.78604 3.20464
v -0.44269 -3.78477 3.21244
v -0.44036 -3.78499 3.22020
v -0.43754 -3.78667 3.22760
v -0.43434 -3.78976 3.23437
v -0.43088 -3.79413 3.24025
v -0.42730 -3.79962 3.24500
v -0.42373 -3.80602 3.24845
v -0.42030 -3.81308 3.25047
v -0.41451 -3.81946 3.25020
v -0.41177 -3.82701 3.24917
v -0.40954 -3.83437 3.24665
v -0.40790 -3.84127 3.24273
v -0.40691 -3.84743 3.23757
v -0.40662 -3.85262 3.23135
v -0.40703 -3.85664 3.22433
v -0.40814 -3.85933 3.21678
v -0.40989 -3.86059 3.20897
v -0.41221 -3.86038 3.20121
v -0.41503 -3.85870 3.19381
v -0.41823 -3.85561 3.18704
v -0.42169 -3.85124 3.18117
v -0.42527 -3.84575 3.17641
v -0.42885 -3.83935 3.17296
v -0.43227 -3.83229 3.17094
v -0.43541 -3.82484 3.17044
v -0.43815 -3.81729 3.17147
v -0.44038 -3.80993 3.17400
v -0.44202 -3.80303 3.17792
v -0.44301 -3.79687 3.18308
v -0.44330 -3.79168 3.18929
v -0.44289 -3.78767 3.19631
v -0.44178 -3.78497 3.20387
v -0.44004 -3.78371 3.21168
v -0.43771 -3.78392 3.21943
v -0.43489 -3.78560 3.22684
v -0.43169 -3.78869 3.23361
v -0.42823 -3.79306 3.23948
v -0.42465 -3.79855 3.24424
v -0.42108 -3.80495 3.24769
v -0.41765 -3.81201 3.24970
v -0.39488 -3.81165 3.24702
v -0.39198 -3.81964 3.24593
v -0.38962 -3.82743 3.24326
v -0.38788 -3.83473 3.23911
v -0.38684 -3.84124 3.23365
v -0.38653 -3.84673 3.22707
v -0.38697 -3.85098 3.21965
v -0.38814 -3.85383 3.21165
v -0.38999 -3.85517 3.20339
v -0.39245 -3.85495 3.19518
v -0.39543 -3.85317 3.18735
v -0.39882 -3.84990 3.18019
v -0.40247 -3.84527 3.17397
v -0.40627 -3.83946 3.16894
v -0.41005 -3.83269 3.16529
v -0.41367 -3.82523 3.16316
v -0.41699 -3.81735 3.16263
v -0.41989 -3.80936 3.16372
v -0.42225 -3.80156 3.16639
v -0.42399 -3.79427 3.17053
v -0.42503 -3.78775 3.17600
v -0.42534 -3.78226 3.18257
v -0.42490 -3.77801 3.19000
v -0.42374 -3.77516 3.19799
v -0.42189 -3.77382 3.20625
v -0.41942 -3.77405 3.21446
v -0.41644 -3.77583 3.22229
v -0.41306 -3.77909 3.22946
v -0.40940 -3.78372 3.23567
v -0.40560 -3.78953 3.24070
v -0.40183 -3.79630 3.24435
v -0.39820 -3.80377 3.24649
v -0.42693 -3.77910 3.19071
v -0.42736 -3.78332 3.18333
v -0.42706 -3.78878 3.17680
v -0.42602 -3.79526 3.17136
v -0.42430 -3.80251 3.16724
v -0.42195 -3.81025 3.16459
v -0.41907 -3.81819 3.16351
v -0.41576 -3.82602 3.16403
v -0.41216 -3.83344 3.16615
v -0.40841 -3.84017 3.16978
v -0.40464 -3.84594 3.17478
v -0.40100 -3.85054 3.18096
v -0.39764 -3.85379 3.18808
v -0.39467 -3.85556 3.19586
v -0.39223 -3.85578 3.20402
v -0.39039 -3.85445 3.21223
v -0.38923 -3.85162 3.22017
v -0.38879 -3.84740 3.22756
v -0.38910 -3.84194 3.23409
v -0.39014 -3.83546 3.23952
v -0.39186 -3.82821 3.24364
v -0.39421 -3.82047 3.24629
v -0.39709 -3.81253 3.24738
v -0.40039 -3.80470 3.24685
v -0.40399 -3.79727 3.24473
v -0.40775 -3.79055 3.24110
v -0.41152 -3.78477 3.23610
v -0.41515 -3.78018 3.22992
v -0.41852 -3.77693 3.22280
v -0.42148 -3.77516 3.21502
v -0.42393 -3.77494 3.20686
v -0.42577 -3.77627 3.19866
v -0.42053 -3.77657 3.19776
v -0.42163 -3.77925 3.19023
v -0.42204 -3.78325 3.18323
v -0.42175 -3.78843 3.17704
v -0.42077 -3.79457 3.17189
v -0.41914 -3.80144 3.16798
v -0.41691 -3.80878 3.16547
v -0.41418 -3.81631 3.16444
v -0.41105 -3.82373 3.16494
v -0.40763 -3.83077 3.16695
v -0.40407 -3.83714 3.17039
v -0.40050 -3.84261 3.17513
v -0.39706 -3.84697 3.18099
v -0.39387 -3.85005 3.18773
v -0.39106 -3.85173 3.19511
v -0.38874 -3.85194 3.20284
v -0.38699 -3.85068 3.21062
v -0.38590 -3.84800 3.21816
v -0.38548 -3.84399 3.22516
v -0.38577 -3.83882 3.23135
v -0.38676 -3.83268 3.23650
v -0.38839 -3.82581 3.24040
v -0.39062 -3.81847 3.24292
v -0.39335 -3.81094 3.24394
v -0.39648 -3.80352 3.24344
v -0.39989 -3.79648 3.24143
v -0.40345 -3.79010 3.23799
v -0.40702 -3.78463 3.23326
v -0.41047 -3.78027 3.22740
v -0.41366 -3.77720 3.22065
v -0.41647 -3.77552 3.21327
v -0.41879 -3.77531 3.20554
v -0.43213 -3.79392 3.24127
v -0.43567 -3.78945 3.23526
v -0.43894 -3.78629 3.22833
v -0.44183 -3.78457 3.22075
v -0.44421 -3.78435 3.21281
v -0.44600 -3.78564 3.20482
v -0.44713 -3.78840 3.19709
v -0.44755 -3.79251 3.18991
v -0.44725 -3.79782 3.18355
v -0.44624 -3.80412 3.17826
v -0.44457 -3.81118 3.17425
v -0.44228 -3.81872 3.17167
v -0.43948 -3.82644 3.17061
v -0.43626 -3.83407 3.17113
v -0.43276 -3.84129 3.17319
v -0.42910 -3.84784 3.17672
v -0.42543 -3.85346 3.18159
v -0.42190 -3.85793 3.18760
v -0.41862 -3.86109 3.19453
v -0.41574 -3.86281 3.20211
v -0.41335 -3.86303 3.21004
v -0.41156 -3.86174 3.21803
v -0.41044 -3.85898 3.22577
v -0.41001 -3.85487 3.23295
v -0.41031 -3.84956 3.23931
v -0.41132 -3.84325 3.24459
v -0.41300 -3.83620 3.24860
v -0.41528 -3.82866 3.25119
v -0.41809 -3.82093 3.25224
v -0.42130 -3.81331 3.25173
v -0.42481 -3.80609 3.24967
v -0.42846 -3.79954 3.24613
v -0.42959 -3.79374 3.23975
v -0.43303 -3.78939 3.23390
v -0.43621 -3.78632 3.22716
v -0.43902 -3.78464 3.21979
v -0.44134 -3.78443 3.21207
v -0.44308 -3.78569 3.20430
v -0.44418 -3.78837 3.19677
v -0.44459 -3.79237 3.18978
v -0.44430 -3.79754 3.18360
v -0.44332 -3.80367 3.17845
v -0.44168 -3.81053 3.17455
v -0.43946 -3.81786 3.17204
v -0.43673 -3.82538 3.17101
v -0.43360 -3.83280 3.17151
v -0.43020 -3.83983 3.17352
v -0.42664 -3.84619 3.17696
v -0.42307 -3.85166 3.18169
v -0.41963 -3.85601 3.18754
v -0.41644 -3.85909 3.19428
v -0.41364 -3.86076 3.20165
v -0.41132 -3.86097 3.20937
v -0.40958 -3.85972 3.21714
v -0.40848 -3.85704 3.22467
v -0.40807 -3.85303 3.23166
v -0.40836 -3.84787 3.23784
v -0.40934 -3.84174 3.24298
v -0.41098 -3.83487 3.24689
v -0.41320 -3.82754 3.24940
v -0.41593 -3.82002 3.25042
v -0.41905 -3.81261 3.24992
v -0.42246 -3.80558 3.24792
v -0.42602 -3.79921 3.24448
v -0.39490 -3.94082 3.23530
v -0.39162 -3.93281 3.25779
v -0.39039 -3.92085 3.27868
v -0.39126 -3.90541 3.29717
v -0.39419 -3.88708 3.31253
v -0.39907 -3.86657 3.32420
v -0.40572 -3.84465 3.33170
v -0.41387 -3.82219 3.33477
v -0.42322 -3.80002 3.33328
v -0.43340 -3.77902 3.32728
v -0.44403 -3.75999 3.31701
v -0.45469 -3.74365 3.30286
v -0.46498 -3.73064 3.28538
v -0.47450 -3.72145 3.26524
v -0.48289 -3.71645 3.24321
v -0.48981 -3.71581 3.22014
v -0.49502 -3.71957 3.19691
v -0.49830 -3.72759 3.17442
v -0.49953 -3.73954 3.15353
v -0.49866 -3.75498 3.13505
v -0.49573 -3.77331 3.11968
v -0.49085 -3.79383 3.10802
v -0.48420 -3.81574 3.10051
v -0.47605 -3.83821 3.09744
v -0.46670 -3.86037 3.09894
v -0.45652 -3.88137 3.10493
v -0.44589 -3.90041 3.11520
v -0.43523 -3.91674 3.12935
v -0.42494 -3.92976 3.14683
v -0.41542 -3.93894 3.16697
v -0.40703 -3.94395 3.18900
v -0.40010 -3.94458 3.21208
v -0.39734 -3.93898 3.23528
v -0.39413 -3.93114 3.25729
v -0.39293 -3.91944 3.27773
v -0.39378 -3.90434 3.29581
v -0.39665 -3.88640 3.31085
v -0.40142 -3.86633 3.32226
v -0.40793 -3.84489 3.32960
v -0.41590 -3.82291 3.33260
v -0.42505 -3.80122 3.33114
v -0.43501 -3.78068 3.32527
v -0.44541 -3.76205 3.31523
v -0.45584 -3.74607 3.30138
v -0.46591 -3.73334 3.28428
v -0.47523 -3.72435 3.26457
v -0.48343 -3.71945 3.24302
v -0.49021 -3.71883 3.22044
v -0.49530 -3.72251 3.19772
v -0.49851 -3.73035 3.17571
v -0.49971 -3.74205 3.15527
v -0.49886 -3.75715 3.13719
v -0.49600 -3.77509 3.12215
v -0.49122 -3.79516 3.11074
v -0.48472 -3.81660 3.10340
v -0.47674 -3.83858 3.10040
v -0.46759 -3.86027 3.10186
v -0.45763 -3.88082 3.10773
v -0.44723 -3.89944 3.11777
v -0.43680 -3.91542 3.13162
v -0.42673 -3.92815 3.14872
v -0.41742 -3.93714 3.16843
v -0.40921 -3.94204 3.18998
v -0.40244 -3.94266 3.21256
# 802 verticies
vt 0.29027 0.71415
vt 0.27298 0.73175
vt 0.26949 0.72759
vt 0.26687 0.72283
vt 0.26521 0.71764
vt 0.26460 0.71222
vt 0.26504 0.70677
vt 0.26654 0.70149
vt 0.26903 0.69660
vt 0.27244 0.69227
vt 0.27663 0.68868
vt 0.28144 0.68596
vt 0.28670 0.68424
vt 0.29220 0.68358
vt 0.29773 0.68401
vt 0.30307 0.68552
vt 0.30800 0.68806
vt 0.31233 0.69153
vt 0.31590 0.69579
vt 0.31854 0.70066
vt 0.32017 0.70597
vt 0.32073 0.71149
vt 0.32019 0.71701
vt 0.31858 0.72231
vt 0.31597 0.72718
vt 0.31247 0.73145
vt 0.30821 0.73495
vt 0.30337 0.73755
vt 0.29813 0.73916
vt 0.29269 0.73973
vt 0.28726 0.73922
vt 0.28204 0.73768
vt 0.27722 0.73516
vt 0.25970 0.73425
vt 0.25594 0.72744
vt 0.25355 0.72002
vt 0.25264 0.71227
vt 0.25325 0.70447
vt 0.25536 0.69690
vt 0.25890 0.68987
vt 0.26375 0.68363
vt 0.26974 0.67844
vt 0.27665 0.67450
vt 0.28421 0.67199
vt 0.29213 0.67101
vt 0.30011 0.67161
vt 0.30782 0.67378
vt 0.31496 0.67745
vt 0.32122 0.68245
vt 0.32636 0.68861
vt 0.33018 0.69567
vt 0.33252 0.70333
vt 0.33329 0.71130
vt 0.33248 0.71924
vt 0.33013 0.72686
vt 0.32634 0.73385
vt 0.32128 0.73996
vt 0.31515 0.74494
vt 0.30819 0.74863
vt 0.30067 0.75090
vt 0.29288 0.75167
vt 0.28511 0.75092
vt 0.27764 0.74870
vt 0.27076 0.74508
vt 0.26470 0.74020
vt 0.21108 0.76777
vt 0.17312 0.79420
vt 0.15930 0.76988
vt 0.20166 0.75101
vt 0.15022 0.74332
vt 0.19556 0.73272
vt 0.14625 0.71539
vt 0.19303 0.71353
vt 0.14758 0.68702
vt 0.19418 0.69412
vt 0.15428 0.65919
vt 0.19904 0.67517
vt 0.16623 0.63289
vt 0.20749 0.65737
vt 0.18317 0.60910
vt 0.21930 0.64142
vt 0.20460 0.58878
vt 0.23408 0.62794
vt 0.22988 0.57282
vt 0.25133 0.61752
vt 0.25815 0.56202
vt 0.27045 0.61064
vt 0.28836 0.55703
vt 0.29069 0.60767
vt 0.31928 0.55827
vt 0.31125 0.60882
vt 0.34953 0.56594
vt 0.33124 0.61412
vt 0.37767 0.57983
vt 0.34981 0.62342
vt 0.40234 0.59937
vt 0.36611 0.63635
vt 0.42242 0.62359
vt 0.37944 0.65233
vt 0.43696 0.65140
vt 0.38920 0.67066
vt 0.44532 0.68146
vt 0.39501 0.69054
vt 0.44728 0.71234
vt 0.39667 0.71109
vt 0.44299 0.74266
vt 0.39419 0.73142
vt 0.43285 0.77117
vt 0.38777 0.75073
vt 0.41748 0.79681
vt 0.37775 0.76825
vt 0.39767 0.81871
vt 0.36461 0.78336
vt 0.37429 0.83618
vt 0.34892 0.79554
vt 0.34828 0.84874
vt 0.33132 0.80441
vt 0.32062 0.85608
vt 0.31247 0.80971
vt 0.29230 0.85808
vt 0.29308 0.81132
vt 0.26429 0.85475
vt 0.27384 0.80922
vt 0.23753 0.84630
vt 0.25541 0.80354
vt 0.21290 0.83306
vt 0.23843 0.79450
vt 0.19119 0.81549
vt 0.22348 0.78244
vt 0.14021 0.81727
vt 0.12258 0.78650
vt 0.11087 0.75288
vt 0.10553 0.71747
vt 0.10686 0.68141
vt 0.11496 0.64589
vt 0.12974 0.61214
vt 0.15090 0.58140
vt 0.17793 0.55489
vt 0.21008 0.53378
vt 0.24634 0.51916
vt 0.28543 0.51198
vt 0.32578 0.51296
vt 0.36552 0.52254
vt 0.40253 0.54060
vt 0.43480 0.56630
vt 0.46113 0.59800
vt 0.47996 0.63459
vt 0.49039 0.67407
vt 0.49228 0.71434
vt 0.48598 0.75353
vt 0.47222 0.79007
vt 0.45188 0.82265
vt 0.42604 0.85026
vt 0.39583 0.87211
vt 0.36247 0.88766
vt 0.32718 0.89659
vt 0.29119 0.89877
vt 0.25568 0.89428
vt 0.22181 0.88338
vt 0.19063 0.86650
vt 0.16314 0.84422
vt 0.11381 0.83588
vt 0.09312 0.80000
vt 0.07927 0.76078
vt 0.07278 0.71943
vt 0.07401 0.67723
vt 0.08311 0.63554
vt 0.10001 0.59578
vt 0.12443 0.55937
vt 0.15582 0.52774
vt 0.19339 0.50228
vt 0.23604 0.48430
vt 0.28238 0.47503
vt 0.33062 0.47548
vt 0.37851 0.48641
vt 0.42314 0.50802
vt 0.46140 0.53914
vt 0.49330 0.57683
vt 0.51575 0.62096
vt 0.52766 0.66850
vt 0.52916 0.71660
vt 0.52094 0.76303
vt 0.50398 0.80599
vt 0.47945 0.84407
vt 0.44862 0.87613
vt 0.41285 0.90137
vt 0.37356 0.91919
vt 0.33216 0.92927
vt 0.29004 0.93152
vt 0.24857 0.92604
vt 0.20905 0.91315
vt 0.17270 0.89335
vt 0.14062 0.86732
vt 0.10664 0.84093
vt 0.08513 0.80368
vt 0.07069 0.76295
vt 0.06388 0.71999
vt 0.06508 0.67612
vt 0.07443 0.63277
vt 0.09190 0.59137
vt 0.11718 0.55342
vt 0.14974 0.52038
vt 0.18876 0.49370
vt 0.23314 0.47477
vt 0.28147 0.46485
vt 0.33191 0.46505
vt 0.38214 0.47622
vt 0.42901 0.49874
vt 0.46848 0.53189
vt 0.50245 0.57080
vt 0.52583 0.61713
vt 0.53803 0.66699
vt 0.53933 0.71729
vt 0.53052 0.76571
vt 0.51265 0.81042
vt 0.48694 0.84997
vt 0.45473 0.88323
vt 0.41744 0.90937
vt 0.37653 0.92779
vt 0.33347 0.93817
vt 0.28969 0.94042
vt 0.24662 0.93466
vt 0.20557 0.92122
vt 0.16782 0.90063
vt 0.13450 0.87358
vt 0.10349 0.84315
vt 0.10085 0.84502
vt 0.07866 0.80665
vt 0.08162 0.80529
vt 0.06375 0.76470
vt 0.06692 0.76390
vt 0.05669 0.72044
vt 0.05997 0.72023
vt 0.05785 0.67523
vt 0.06115 0.67564
vt 0.06741 0.63052
vt 0.07062 0.63155
vt 0.08533 0.58780
vt 0.08833 0.58943
vt 0.11131 0.54858
vt 0.11399 0.55079
vt 0.14481 0.51440
vt 0.14706 0.51713
vt 0.18502 0.48673
vt 0.18673 0.48992
vt 0.23082 0.46700
vt 0.23188 0.47055
vt 0.28077 0.45652
vt 0.28109 0.46033
vt 0.33307 0.45643
vt 0.33253 0.46038
vt 0.38530 0.46761
vt 0.38384 0.47157
vt 0.43404 0.49063
vt 0.43172 0.49438
vt 0.47379 0.52638
vt 0.47140 0.52887
vt 0.51045 0.56569
vt 0.50675 0.56804
vt 0.53435 0.61382
vt 0.53044 0.61535
vt 0.54659 0.66565
vt 0.54267 0.66627
vt 0.54765 0.71780
vt 0.54384 0.71757
vt 0.53832 0.76786
vt 0.53475 0.76688
vt 0.51969 0.81399
vt 0.51647 0.81236
vt 0.49302 0.85475
vt 0.49024 0.85256
vt 0.45969 0.88898
vt 0.45742 0.88635
vt 0.42117 0.91584
vt 0.41947 0.91288
vt 0.37895 0.93474
vt 0.37784 0.93156
vt 0.33453 0.94536
vt 0.33405 0.94208
vt 0.28942 0.94761
vt 0.28954 0.94433
vt 0.24504 0.94163
vt 0.24576 0.93845
vt 0.20276 0.92775
vt 0.20405 0.92477
vt 0.16387 0.90652
vt 0.16568 0.90383
vt 0.12955 0.87865
vt 0.13181 0.87634
vt 0.87048 0.05684
vt 0.84600 0.09256
vt 0.81100 0.07292
vt 0.82883 0.03326
vt 0.77285 0.05977
vt 0.78342 0.01727
vt 0.73263 0.05360
vt 0.73548 0.00946
vt 0.69152 0.05476
vt 0.68636 0.01026
vt 0.65073 0.06344
vt 0.63743 0.01992
vt 0.61156 0.07963
vt 0.59018 0.03849
vt 0.57531 0.10318
vt 0.54612 0.06584
vt 0.54335 0.13371
vt 0.50682 0.10165
vt 0.51704 0.17062
vt 0.47388 0.14534
vt 0.49776 0.21308
vt 0.44894 0.19611
vt 0.48687 0.25994
vt 0.43371 0.25287
vt 0.48571 0.30968
vt 0.43002 0.31419
vt 0.49554 0.36016
vt 0.43992 0.37814
vt 0.51725 0.40822
vt 0.46597 0.44200
vt 0.55040 0.44836
vt 0.50995 0.48948
vt 0.59098 0.48091
vt 0.55813 0.53264
vt 0.63926 0.50201
vt 0.62217 0.55779
vt 0.68980 0.51122
vt 0.68612 0.56686
vt 0.73947 0.50948
vt 0.74729 0.56244
vt 0.78616 0.49805
vt 0.80378 0.54656
vt 0.82836 0.47830
vt 0.85419 0.52106
vt 0.86494 0.45159
vt 0.89745 0.48764
vt 0.89508 0.41931
vt 0.93277 0.44797
vt 0.91821 0.38283
vt 0.95960 0.40364
vt 0.93396 0.34350
vt 0.97762 0.35621
vt 0.94217 0.30264
vt 0.98671 0.30721
vt 0.94288 0.26153
vt 0.98695 0.25810
vt 0.93627 0.22140
vt 0.97861 0.21028
vt 0.92270 0.18340
vt 0.96212 0.16506
vt 0.90268 0.14862
vt 0.93808 0.12369
vt 0.87686 0.11805
vt 0.90723 0.08727
vt 0.82533 0.12279
vt 0.79605 0.10652
vt 0.76415 0.09575
vt 0.73057 0.09090
vt 0.69633 0.09226
vt 0.66249 0.09994
vt 0.63016 0.11393
vt 0.60047 0.13402
vt 0.57458 0.15982
vt 0.55362 0.19074
vt 0.53870 0.22595
vt 0.53087 0.26435
vt 0.53106 0.30450
vt 0.53997 0.34455
vt 0.55782 0.38210
vt 0.58397 0.41441
vt 0.61663 0.44011
vt 0.65438 0.45746
vt 0.69450 0.46585
vt 0.73462 0.46555
vt 0.77289 0.45727
vt 0.80789 0.44194
vt 0.83854 0.42064
vt 0.86401 0.39447
vt 0.88374 0.36457
vt 0.89735 0.33210
vt 0.90465 0.29819
vt 0.90561 0.26395
vt 0.90038 0.23044
vt 0.88926 0.19867
vt 0.87265 0.16958
vt 0.85112 0.14404
vt 0.80750 0.14897
vt 0.78326 0.13561
vt 0.75686 0.12689
vt 0.72911 0.12313
vt 0.70088 0.12455
vt 0.67309 0.13125
vt 0.64668 0.14315
vt 0.62260 0.16006
vt 0.60182 0.18157
vt 0.58525 0.20713
vt 0.57377 0.23597
vt 0.56815 0.26709
vt 0.56901 0.29926
vt 0.57671 0.33098
vt 0.59123 0.36051
vt 0.61200 0.38613
vt 0.63792 0.40653
vt 0.66764 0.42063
vt 0.69943 0.42789
vt 0.73157 0.42831
vt 0.76259 0.42230
vt 0.79125 0.41046
vt 0.81657 0.39358
vt 0.83780 0.37255
vt 0.85439 0.34829
vt 0.86597 0.32175
vt 0.87232 0.29390
vt 0.87340 0.26567
vt 0.86931 0.23798
vt 0.86026 0.21169
vt 0.84662 0.18761
vt 0.82884 0.16649
vt 0.79173 0.17226
vt 0.77204 0.16151
vt 0.75061 0.15458
vt 0.72811 0.15172
vt 0.70529 0.15312
vt 0.68291 0.15881
vt 0.66174 0.16873
vt 0.64259 0.18264
vt 0.62621 0.20020
vt 0.61334 0.22089
vt 0.60464 0.24402
vt 0.60065 0.26877
vt 0.60178 0.29411
vt 0.60820 0.31889
vt 0.61979 0.34187
vt 0.63609 0.36185
vt 0.65632 0.37783
vt 0.67947 0.38906
vt 0.70432 0.39509
vt 0.72964 0.39584
vt 0.75429 0.39150
vt 0.77728 0.38248
vt 0.79776 0.36934
vt 0.81507 0.35274
vt 0.82871 0.33342
vt 0.83833 0.31215
vt 0.84372 0.28971
vt 0.84481 0.26688
vt 0.84167 0.24444
vt 0.83445 0.22311
vt 0.82345 0.20356
vt 0.80906 0.18643
vt 0.77748 0.19347
vt 0.76200 0.18511
vt 0.74516 0.17978
vt 0.72752 0.17770
vt 0.70968 0.17899
vt 0.69224 0.18366
vt 0.67583 0.19162
vt 0.66109 0.20269
vt 0.64859 0.21652
vt 0.63890 0.23270
vt 0.63250 0.25064
vt 0.62975 0.26968
vt 0.63090 0.28904
vt 0.63602 0.30784
vt 0.64497 0.32523
vt 0.65739 0.34035
vt 0.67273 0.35251
vt 0.69025 0.36115
vt 0.70912 0.36594
vt 0.72846 0.36677
vt 0.74743 0.36372
vt 0.76524 0.35704
vt 0.78124 0.34711
vt 0.79487 0.33443
vt 0.80570 0.31954
vt 0.81341 0.30304
vt 0.81782 0.28555
vt 0.81884 0.26770
vt 0.81651 0.25010
vt 0.81094 0.23335
vt 0.80237 0.21800
vt 0.79108 0.20456
vt 0.76436 0.21318
vt 0.75288 0.20704
vt 0.74039 0.20318
vt 0.72734 0.20176
vt 0.71416 0.20286
vt 0.70134 0.20647
vt 0.68934 0.21251
vt 0.67862 0.22080
vt 0.66962 0.23109
vt 0.66273 0.24301
vt 0.65826 0.25615
vt 0.65646 0.26998
vt 0.65747 0.28395
vt 0.66130 0.29746
vt 0.66782 0.30992
vt 0.67678 0.32075
vt 0.68778 0.32950
vt 0.70035 0.33577
vt 0.71391 0.33934
vt 0.72787 0.34008
vt 0.74165 0.33804
vt 0.75467 0.33335
vt 0.76646 0.32626
vt 0.77657 0.31710
vt 0.78467 0.30627
vt 0.79051 0.29418
vt 0.79390 0.28132
vt 0.79479 0.26814
vt 0.79316 0.25512
vt 0.78911 0.24270
vt 0.78280 0.23132
vt 0.77445 0.22137
vt 0.75221 0.23171
vt 0.74459 0.22769
vt 0.73631 0.22520
vt 0.72766 0.22435
vt 0.71897 0.22518
vt 0.71053 0.22768
vt 0.70268 0.23177
vt 0.69572 0.23733
vt 0.68992 0.24417
vt 0.68553 0.25203
vt 0.68273 0.26062
vt 0.68168 0.26962
vt 0.68243 0.27865
vt 0.68497 0.28734
vt 0.68921 0.29533
vt 0.69499 0.30229
vt 0.70206 0.30792
vt 0.71013 0.31199
vt 0.71886 0.31434
vt 0.72789 0.31490
vt 0.73684 0.31366
vt 0.74536 0.31070
vt 0.75311 0.30617
vt 0.75982 0.30025
vt 0.76524 0.29319
vt 0.76918 0.28528
vt 0.77153 0.27682
vt 0.77220 0.26812
vt 0.77120 0.25949
vt 0.76857 0.25126
vt 0.76442 0.24372
vt 0.75890 0.23712
vt 0.74135 0.24888
vt 0.73754 0.24690
vt 0.73340 0.24570
vt 0.72908 0.24533
vt 0.72475 0.24580
vt 0.72058 0.24712
vt 0.71671 0.24922
vt 0.71330 0.25203
vt 0.71048 0.25546
vt 0.70837 0.25937
vt 0.70705 0.26360
vt 0.70658 0.26801
vt 0.70698 0.27241
vt 0.70824 0.27663
vt 0.71031 0.28049
vt 0.71312 0.28386
vt 0.71654 0.28658
vt 0.72045 0.28856
vt 0.72468 0.28972
vt 0.72907 0.29002
vt 0.73345 0.28945
vt 0.73765 0.28804
vt 0.74150 0.28585
vt 0.74485 0.28296
vt 0.74759 0.27950
vt 0.74961 0.27559
vt 0.75083 0.27139
vt 0.75122 0.26706
vt 0.75077 0.26275
vt 0.74950 0.25863
vt 0.74744 0.25486
vt 0.74470 0.25157
vt 0.73636 0.26019
vt 0.21795 0.74384
vt 0.22569 0.75766
vt 0.21298 0.72877
vt 0.21095 0.71298
vt 0.21198 0.69702
vt 0.21607 0.68147
vt 0.22310 0.66691
vt 0.23287 0.65390
vt 0.24506 0.64296
vt 0.25923 0.63454
vt 0.27487 0.62904
vt 0.29138 0.62673
vt 0.30810 0.62776
vt 0.32433 0.63214
vt 0.33937 0.63973
vt 0.35259 0.65023
vt 0.36340 0.66319
vt 0.37136 0.67805
vt 0.37614 0.69418
vt 0.37757 0.71088
vt 0.37566 0.72745
vt 0.37053 0.74324
vt 0.36245 0.75761
vt 0.35179 0.77006
vt 0.33901 0.78014
vt 0.32461 0.78752
vt 0.30916 0.79197
vt 0.29322 0.79337
vt 0.27738 0.79171
vt 0.26220 0.78708
vt 0.24821 0.77967
vt 0.23589 0.76974
vt 0.22095 0.74254
vt 0.22837 0.75581
vt 0.21618 0.72807
vt 0.21425 0.71290
vt 0.21526 0.69759
vt 0.21920 0.68267
vt 0.22596 0.66871
vt 0.23535 0.65625
vt 0.24705 0.64577
vt 0.26065 0.63773
vt 0.27565 0.63248
vt 0.29146 0.63029
vt 0.30747 0.63129
vt 0.32300 0.63551
vt 0.33740 0.64278
vt 0.35005 0.65283
vt 0.36041 0.66524
vt 0.36803 0.67946
vt 0.37262 0.69490
vt 0.37401 0.71089
vt 0.37220 0.72677
vt 0.36731 0.74189
vt 0.35959 0.75569
vt 0.34939 0.76764
vt 0.33714 0.77732
vt 0.32334 0.78442
vt 0.30851 0.78870
vt 0.29322 0.79006
vt 0.27802 0.78849
vt 0.26344 0.78405
vt 0.25000 0.77694
vt 0.23817 0.76741
vt 0.23084 0.75411
vt 0.22371 0.74135
vt 0.22610 0.74031
vt 0.23298 0.75264
vt 0.21913 0.72743
vt 0.22168 0.72687
vt 0.21728 0.71284
vt 0.21991 0.71279
vt 0.21826 0.69811
vt 0.22087 0.69858
vt 0.22206 0.68378
vt 0.22455 0.68475
vt 0.22858 0.67037
vt 0.23085 0.67182
vt 0.23762 0.65841
vt 0.23958 0.66029
vt 0.24887 0.64836
vt 0.25045 0.65061
vt 0.26194 0.64066
vt 0.26305 0.64320
vt 0.27634 0.63564
vt 0.27694 0.63839
vt 0.29153 0.63356
vt 0.29158 0.63640
vt 0.30689 0.63454
vt 0.30637 0.63736
vt 0.32178 0.63859
vt 0.32072 0.64128
vt 0.33559 0.64558
vt 0.33401 0.64802
vt 0.34772 0.65522
vt 0.34569 0.65730
vt 0.35765 0.66711
vt 0.35526 0.66875
vt 0.36497 0.68075
vt 0.36232 0.68189
vt 0.36939 0.69556
vt 0.36658 0.69614
vt 0.37074 0.71090
vt 0.36790 0.71092
vt 0.36903 0.72614
vt 0.36627 0.72561
vt 0.36435 0.74067
vt 0.36178 0.73962
vt 0.35696 0.75393
vt 0.35467 0.75241
vt 0.34718 0.76542
vt 0.34525 0.76350
vt 0.33542 0.77474
vt 0.33392 0.77251
vt 0.32217 0.78158
vt 0.32114 0.77912
vt 0.30792 0.78571
vt 0.30740 0.78312
vt 0.29322 0.78703
vt 0.29321 0.78441
vt 0.27859 0.78553
vt 0.27909 0.78296
vt 0.26457 0.78127
vt 0.26555 0.77886
vt 0.25164 0.77443
vt 0.25306 0.77226
vt 0.24027 0.76527
vt 0.24208 0.76342
vt 0.23518 0.75113
vt 0.22855 0.73925
vt 0.25067 0.72967
vt 0.25498 0.73747
vt 0.22430 0.72630
vt 0.24793 0.72118
vt 0.22261 0.71274
vt 0.24687 0.71230
vt 0.22354 0.69905
vt 0.24755 0.70336
vt 0.22710 0.68574
vt 0.24995 0.69469
vt 0.23318 0.67330
vt 0.25399 0.68662
vt 0.24160 0.66222
vt 0.25954 0.67945
vt 0.25206 0.65293
vt 0.26639 0.67348
vt 0.26420 0.64582
vt 0.27431 0.66894
vt 0.27756 0.64120
vt 0.28299 0.66604
vt 0.29163 0.63931
vt 0.29210 0.66489
vt 0.30584 0.64025
vt 0.30127 0.66557
vt 0.31963 0.64403
vt 0.31014 0.66805
vt 0.33240 0.65051
vt 0.31835 0.67226
vt 0.34361 0.65943
vt 0.32556 0.67802
vt 0.35281 0.67043
vt 0.33147 0.68511
vt 0.35959 0.68305
vt 0.33586 0.69322
vt 0.36370 0.69674
vt 0.33853 0.70204
vt 0.36499 0.71094
vt 0.33941 0.71120
vt 0.36343 0.72506
vt 0.33845 0.72033
vt 0.35914 0.73854
vt 0.33573 0.72908
vt 0.35232 0.75085
vt 0.33137 0.73709
vt 0.34327 0.76154
vt 0.32554 0.74408
vt 0.33238 0.77021
vt 0.31849 0.74978
vt 0.32008 0.77659
vt 0.31051 0.75399
vt 0.30686 0.78046
vt 0.30189 0.75657
vt 0.29319 0.78171
vt 0.29296 0.75744
vt 0.27960 0.78033
vt 0.28406 0.75657
vt 0.26655 0.77638
vt 0.27552 0.75401
vt 0.25452 0.77003
vt 0.26764 0.74986
vt 0.24394 0.76151
vt 0.26071 0.74428
vt 0.25285 0.72875
vt 0.25693 0.73613
vt 0.25026 0.72070
vt 0.24926 0.71229
vt 0.24991 0.70382
vt 0.25219 0.69561
vt 0.25602 0.68797
vt 0.26128 0.68119
vt 0.26778 0.67554
vt 0.27528 0.67126
vt 0.28349 0.66852
vt 0.29211 0.66744
vt 0.30079 0.66809
vt 0.30917 0.67044
vt 0.31693 0.67442
vt 0.32375 0.67987
vt 0.32934 0.68657
vt 0.33349 0.69425
vt 0.33602 0.70259
vt 0.33686 0.71125
vt 0.33596 0.71989
vt 0.33340 0.72816
vt 0.32927 0.73575
vt 0.32376 0.74237
vt 0.31710 0.74778
vt 0.30954 0.75177
vt 0.30138 0.75422
vt 0.29292 0.75505
vt 0.28449 0.75423
vt 0.27639 0.75181
vt 0.26893 0.74788
vt 0.26236 0.74259
vt 0.06403 0.87119
vt 0.03758 0.82581
vt 0.01963 0.77617
vt 0.01084 0.72372
vt 0.01170 0.67003
vt 0.02244 0.61675
vt 0.04306 0.56560
vt 0.07329 0.51835
vt 0.11259 0.47678
vt 0.16010 0.44264
vt 0.21465 0.41769
vt 0.27472 0.40356
vt 0.33838 0.40185
vt 0.40320 0.41410
vt 0.58725 0.59458
vt 0.60090 0.65892
vt 0.60065 0.72243
vt 0.58797 0.78266
vt 0.56437 0.83766
vt 0.53146 0.88588
vt 0.49092 0.92610
vt 0.44450 0.95743
vt 0.39394 0.97927
vt 0.34101 0.99131
vt 0.28742 0.99350
vt 0.23482 0.98604
vt 0.18477 0.96934
vt 0.13875 0.94405
vt 0.09811 0.91100
# 831 texture verticies
vn -0.89605 -0.36051 0.25911
vn -0.91502 -0.39415 0.08591
vn -0.92827 -0.36215 0.08461
vn -0.93974 -0.32988 0.08986
vn -0.94898 -0.29857 0.10146
vn -0.95565 -0.26941 0.11896
vn -0.95948 -0.24354 0.14170
vn -0.96034 -0.22195 0.16878
vn -0.95818 -0.20546 0.19918
vn -0.95309 -0.19471 0.23173
vn -0.94527 -0.19012 0.26517
vn -0.93502 -0.19186 0.29822
vn -0.92272 -0.19985 0.32962
vn -0.90886 -0.21381 0.35814
vn -0.89396 -0.23318 0.38271
vn -0.87860 -0.25723 0.40236
vn -0.86337 -0.28503 0.41636
vn -0.84885 -0.31551 0.42415
vn -0.83560 -0.34750 0.42545
vn -0.82414 -0.37978 0.42020
vn -0.81489 -0.41109 0.40860
vn -0.80822 -0.44025 0.39110
vn -0.80439 -0.46612 0.36837
vn -0.80353 -0.48771 0.34128
vn -0.80569 -0.50420 0.31088
vn -0.81078 -0.51495 0.27833
vn -0.81860 -0.51954 0.24489
vn -0.82886 -0.51780 0.21184
vn -0.84115 -0.50980 0.18045
vn -0.85502 -0.49585 0.15192
vn -0.86991 -0.47648 0.12736
vn -0.88527 -0.45243 0.10770
vn -0.90051 -0.42463 0.09370
vn -0.91114 -0.34068 -0.23186
vn -0.94230 -0.25363 -0.21850
vn -0.96752 -0.16902 -0.18799
vn -0.98583 -0.09009 -0.14150
vn -0.99653 -0.01988 -0.08082
vn -0.99921 0.03892 -0.00828
vn -0.99376 0.08404 0.07334
vn -0.98040 0.11375 0.16089
vn -0.95963 0.12690 0.25101
vn -0.93226 0.12301 0.34024
vn -0.89934 0.10220 0.42515
vn -0.86212 0.06529 0.50247
vn -0.82206 0.01369 0.56924
vn -0.78067 -0.05062 0.62289
vn -0.73956 -0.12516 0.66136
vn -0.70029 -0.20707 0.68316
vn -0.66440 -0.29321 0.68746
vn -0.63324 -0.38025 0.67410
vn -0.60802 -0.46487 0.64359
vn -0.58971 -0.54380 0.59710
vn -0.57901 -0.61401 0.53642
vn -0.57633 -0.67280 0.46388
vn -0.58178 -0.71792 0.38226
vn -0.59514 -0.74763 0.29471
vn -0.61591 -0.76079 0.20459
vn -0.64328 -0.75689 0.11536
vn -0.67620 -0.73609 0.03045
vn -0.71341 -0.69917 -0.04687
vn -0.75348 -0.64757 -0.11364
vn -0.79487 -0.58327 -0.16729
vn -0.83598 -0.50872 -0.20576
vn -0.87524 -0.42681 -0.22756
vn -0.93391 -0.35745 0.00548
vn -0.93095 -0.36504 -0.00901
vn -0.94873 -0.31607 -0.00238
vn -0.95031 -0.31103 0.01338
vn -0.96324 -0.26830 0.01394
vn -0.96348 -0.26606 0.03041
vn -0.97390 -0.22356 0.03931
vn -0.97293 -0.22425 0.05589
vn -0.98031 -0.18358 0.07277
vn -0.97829 -0.18723 0.08886
vn -0.98222 -0.14989 0.11302
vn -0.97936 -0.15642 0.12804
vn -0.97956 -0.12379 0.15852
vn -0.97609 -0.13299 0.17193
vn -0.97244 -0.10628 0.20753
vn -0.96862 -0.11784 0.21884
vn -0.96112 -0.09803 0.25815
vn -0.95722 -0.11157 0.26698
vn -0.94604 -0.09937 0.30845
vn -0.94234 -0.11441 0.31448
vn -0.92778 -0.11023 0.35648
vn -0.92455 -0.12625 0.35953
vn -0.90704 -0.13020 0.40041
vn -0.90454 -0.14663 0.40039
vn -0.88462 -0.15852 0.43855
vn -0.88306 -0.17478 0.43550
vn -0.86138 -0.19409 0.46942
vn -0.86095 -0.20962 0.46350
vn -0.83821 -0.23555 0.49185
vn -0.83905 -0.24979 0.48332
vn -0.81601 -0.28131 0.50497
vn -0.81822 -0.29376 0.49419
vn -0.79562 -0.32960 0.50828
vn -0.79924 -0.33985 0.49570
vn -0.77783 -0.37858 0.50165
vn -0.78285 -0.38627 0.48780
vn -0.76333 -0.42635 0.48534
vn -0.76968 -0.43124 0.47077
vn -0.75267 -0.47109 0.45996
vn -0.76023 -0.47305 0.44529
vn -0.74626 -0.51107 0.42651
vn -0.75487 -0.51007 0.41232
vn -0.74434 -0.54476 0.38625
vn -0.75380 -0.54088 0.37314
vn -0.74700 -0.57086 0.34075
vn -0.75706 -0.56431 0.32925
vn -0.75413 -0.58837 0.29174
vn -0.76454 -0.57946 0.28234
vn -0.76545 -0.59662 0.24112
vn -0.77593 -0.58573 0.23420
vn -0.78053 -0.59528 0.19083
vn -0.79081 -0.58289 0.18670
vn -0.79879 -0.58442 0.14279
vn -0.80860 -0.57105 0.14165
vn -0.81953 -0.56445 0.09886
vn -0.82862 -0.55067 0.10079
vn -0.84195 -0.53613 0.06072
vn -0.85010 -0.52252 0.06568
vn -0.86519 -0.50056 0.02985
vn -0.87221 -0.48768 0.03768
vn -0.88836 -0.45909 0.00742
vn -0.89410 -0.44751 0.01786
vn -0.91056 -0.41334 -0.00570
vn -0.91494 -0.40354 0.00699
vn -0.92982 -0.36675 0.03048
vn -0.94511 -0.32478 0.03602
vn -0.95759 -0.28380 0.04987
vn -0.96678 -0.24540 0.07150
vn -0.97234 -0.21105 0.10006
vn -0.97404 -0.18208 0.13448
vn -0.97183 -0.15959 0.17342
vn -0.96579 -0.14446 0.21538
vn -0.95614 -0.13725 0.25876
vn -0.94326 -0.13826 0.30189
vn -0.92765 -0.14744 0.34311
vn -0.90991 -0.16443 0.38083
vn -0.89071 -0.18859 0.41361
vn -0.87080 -0.21898 0.44018
vn -0.85093 -0.25445 0.45953
vn -0.83188 -0.29362 0.47092
vn -0.81438 -0.33499 0.47389
vn -0.79909 -0.37697 0.46835
vn -0.78661 -0.41794 0.45450
vn -0.77741 -0.45634 0.43288
vn -0.77186 -0.49069 0.40431
vn -0.77015 -0.51966 0.36989
vn -0.77236 -0.54215 0.33095
vn -0.77841 -0.55728 0.28899
vn -0.78805 -0.56449 0.24561
vn -0.80093 -0.56348 0.20248
vn -0.81654 -0.55431 0.16127
vn -0.83429 -0.53731 0.12354
vn -0.85349 -0.51315 0.09076
vn -0.87340 -0.48276 0.06419
vn -0.89326 -0.44729 0.04484
vn -0.91231 -0.40812 0.03345
vn -0.92223 -0.36787 0.11902
vn -0.93178 -0.34184 0.12222
vn -0.93960 -0.31640 0.13057
vn -0.94540 -0.29250 0.14376
vn -0.94895 -0.27108 0.16129
vn -0.95012 -0.25295 0.18247
vn -0.94886 -0.23882 0.20650
vn -0.94521 -0.22922 0.23244
vn -0.93933 -0.22452 0.25931
vn -0.93144 -0.22491 0.28607
vn -0.92183 -0.23037 0.31170
vn -0.91088 -0.24069 0.33520
vn -0.89902 -0.25547 0.35568
vn -0.88668 -0.27415 0.37234
vn -0.87436 -0.29601 0.38455
vn -0.86252 -0.32020 0.39184
vn -0.85161 -0.34580 0.39392
vn -0.84207 -0.37183 0.39073
vn -0.83424 -0.39727 0.38237
vn -0.82845 -0.42117 0.36918
vn -0.82489 -0.44259 0.35166
vn -0.82373 -0.46072 0.33048
vn -0.82499 -0.47485 0.30645
vn -0.82863 -0.48445 0.28050
vn -0.83451 -0.48915 0.25363
vn -0.84240 -0.48876 0.22687
vn -0.85201 -0.48330 0.20125
vn -0.86296 -0.47298 0.17774
vn -0.87483 -0.45820 0.15727
vn -0.88716 -0.43952 0.14061
vn -0.89948 -0.41766 0.12840
vn -0.91133 -0.39347 0.12111
vn -0.91424 -0.36473 0.17648
vn -0.91985 -0.34926 0.17859
vn -0.92443 -0.33417 0.18376
vn -0.92779 -0.32004 0.19179
vn -0.92980 -0.30742 0.20237
vn -0.93040 -0.29679 0.21510
vn -0.92955 -0.28856 0.22948
vn -0.92730 -0.28305 0.24496
vn -0.92371 -0.28046 0.26095
vn -0.91894 -0.28089 0.27684
vn -0.91317 -0.28434 0.29201
vn -0.90662 -0.29066 0.30588
vn -0.89953 -0.29962 0.31791
vn -0.89219 -0.31087 0.32765
vn -0.88487 -0.32398 0.33472
vn -0.87786 -0.33844 0.33885
vn -0.87142 -0.35370 0.33988
vn -0.86581 -0.36917 0.33777
vn -0.86123 -0.38425 0.33260
vn -0.85787 -0.39838 0.32457
vn -0.85586 -0.41100 0.31399
vn -0.85526 -0.42163 0.30127
vn -0.85610 -0.42986 0.28688
vn -0.85836 -0.43538 0.27140
vn -0.86195 -0.43797 0.25541
vn -0.86671 -0.43753 0.23952
vn -0.87249 -0.43409 0.22435
vn -0.87904 -0.42776 0.21048
vn -0.88613 -0.41880 0.19845
vn -0.89347 -0.40755 0.18871
vn -0.90079 -0.39445 0.18164
vn -0.90780 -0.37999 0.17751
vn -0.59688 -0.28391 0.75042
vn -0.02852 -0.04635 0.99852
vn 0.03473 -0.22066 0.97473
vn -0.56130 -0.38522 0.73249
vn 0.08628 -0.39065 0.91649
vn -0.53279 -0.48325 0.69470
vn 0.12415 -0.54980 0.82602
vn -0.51244 -0.57423 0.63848
vn 0.14688 -0.69199 0.70680
vn -0.50104 -0.65467 0.56601
vn 0.15361 -0.81176 0.56342
vn -0.49901 -0.72147 0.48007
vn 0.14407 -0.90451 0.40139
vn -0.50645 -0.77206 0.38397
vn 0.11862 -0.96666 0.22692
vn -0.52306 -0.80451 0.28138
vn 0.07826 -0.99584 0.04674
vn -0.54820 -0.81756 0.17627
vn 0.02452 -0.99091 -0.13225
vn -0.58092 -0.81071 0.07266
vn -0.04053 -0.95208 -0.30315
vn -0.61995 -0.78423 -0.02546
vn -0.11438 -0.88083 -0.45941
vn -0.66379 -0.73913 -0.11432
vn -0.19420 -0.77990 -0.59502
vn -0.71075 -0.67715 -0.19051
vn -0.27692 -0.65316 -0.70476
vn -0.75904 -0.60067 -0.25109
vn -0.35937 -0.50550 -0.78443
vn -0.80680 -0.51263 -0.29374
vn -0.43837 -0.34258 -0.83095
vn -0.85219 -0.41641 -0.31683
vn -0.51089 -0.17066 -0.84254
vn -0.89346 -0.31570 -0.31946
vn -0.57414 0.00364 -0.81875
vn -0.92904 -0.21439 -0.30153
vn -0.62569 0.17363 -0.76050
vn -0.95755 -0.11636 -0.26373
vn -0.66356 0.33278 -0.67004
vn -0.97790 -0.02538 -0.20752
vn -0.68629 0.47497 -0.55082
vn -0.98931 0.05506 -0.13505
vn -0.69302 0.59474 -0.40744
vn -0.99133 0.12186 -0.04911
vn -0.68347 0.68749 -0.24540
vn -0.98390 0.17245 0.04700
vn -0.65803 0.74964 -0.07094
vn -0.96729 0.20490 0.14958
vn -0.61766 0.77882 0.10925
vn -0.94214 0.21795 0.25470
vn -0.56393 0.77389 0.28823
vn -0.90943 0.21110 0.35831
vn -0.49888 0.73506 0.45914
vn -0.87040 0.18462 0.45642
vn -0.42503 0.66381 0.61540
vn -0.82656 0.13952 0.54528
vn -0.34521 0.56287 0.75100
vn -0.77959 0.07754 0.62147
vn -0.26248 0.43614 0.86075
vn -0.73130 0.00106 0.68206
vn -0.18004 0.28848 0.94041
vn -0.68354 -0.08698 0.72471
vn -0.10104 0.12556 0.98693
vn -0.63815 -0.18320 0.74779
vn 0.06786 -0.00926 0.99765
vn 0.25252 0.06502 0.96541
vn 0.31884 -0.11776 0.94046
vn 0.13279 -0.18830 0.97309
vn 0.37290 -0.29602 0.87938
vn 0.18570 -0.36290 0.91314
vn 0.41261 -0.46291 0.78452
vn 0.22455 -0.52633 0.82010
vn 0.43645 -0.61202 0.65950
vn 0.24784 -0.67232 0.69754
vn 0.44350 -0.73761 0.50915
vn 0.25469 -0.79526 0.55018
vn 0.43350 -0.83487 0.33924
vn 0.24483 -0.89042 0.38368
vn 0.40682 -0.90004 0.15629
vn 0.21864 -0.95415 0.20443
vn 0.36449 -0.93064 -0.03266
vn 0.17712 -0.98400 0.01933
vn 0.30813 -0.92547 -0.22035
vn 0.12188 -0.97882 -0.16451
vn 0.23993 -0.88475 -0.39957
vn 0.05502 -0.93880 -0.34003
vn 0.16248 -0.81003 -0.56342
vn -0.02087 -0.86550 -0.50047
vn 0.07878 -0.70419 -0.70563
vn -0.10288 -0.76172 -0.63969
vn -0.00797 -0.57130 -0.82071
vn -0.18786 -0.63145 -0.75232
vn -0.09442 -0.41645 -0.90424
vn -0.27254 -0.47970 -0.83403
vn -0.17726 -0.24561 -0.95302
vn -0.35367 -0.31231 -0.88169
vn -0.25331 -0.06534 -0.96518
vn -0.42813 -0.13569 -0.89347
vn -0.31963 0.11744 -0.94023
vn -0.49307 0.04335 -0.86891
vn -0.37369 0.29570 -0.87916
vn -0.54597 0.21795 -0.80896
vn -0.41340 0.46259 -0.78429
vn -0.58482 0.38138 -0.71591
vn -0.43724 0.61170 -0.65927
vn -0.60812 0.52737 -0.59336
vn -0.44429 0.73729 -0.50892
vn -0.61497 0.65031 -0.44600
vn -0.43429 0.83455 -0.33901
vn -0.60511 0.74547 -0.27949
vn -0.40761 0.89972 -0.15606
vn -0.57891 0.80920 -0.10025
vn -0.36528 0.93032 0.03289
vn -0.53740 0.83905 0.08485
vn -0.30892 0.92515 0.22058
vn -0.48215 0.83387 0.26869
vn -0.24072 0.88443 0.39980
vn -0.41530 0.79386 0.44421
vn -0.16327 0.80971 0.56365
vn -0.33941 0.72055 0.60466
vn -0.07957 0.70387 0.70585
vn -0.25740 0.61677 0.74387
vn 0.00718 0.57098 0.82093
vn -0.17242 0.48650 0.85650
vn 0.09363 0.41613 0.90447
vn -0.08774 0.33475 0.93821
vn 0.17647 0.24529 0.95325
vn -0.00660 0.16736 0.98587
vn 0.42265 0.13484 0.89621
vn 0.48773 -0.04443 0.87186
vn 0.54079 -0.21928 0.81207
vn 0.57979 -0.38301 0.71913
vn 0.60323 -0.52932 0.59660
vn 0.61020 -0.65259 0.44921
vn 0.60044 -0.74807 0.28262
vn 0.57432 -0.81210 0.10322
vn 0.53285 -0.84222 -0.08209
vn 0.47763 -0.83727 -0.26619
vn 0.41076 -0.79744 -0.44200
vn 0.33483 -0.72426 -0.60277
vn 0.25275 -0.62055 -0.74232
vn 0.16768 -0.49029 -0.85528
vn 0.08288 -0.33848 -0.93732
vn 0.00161 -0.17096 -0.98528
vn -0.07300 0.00583 -0.99732
vn -0.13808 0.18510 -0.97297
vn -0.19114 0.35996 -0.91318
vn -0.23014 0.52369 -0.82023
vn -0.25358 0.67000 -0.69771
vn -0.26055 0.79326 -0.55032
vn -0.25079 0.88874 -0.38372
vn -0.22467 0.95277 -0.20432
vn -0.18320 0.98289 -0.01901
vn -0.12797 0.97794 0.16509
vn -0.06111 0.93811 0.34090
vn 0.01482 0.86494 0.50166
vn 0.09690 0.76122 0.64121
vn 0.18197 0.63096 0.75417
vn 0.26677 0.47915 0.83621
vn 0.34804 0.31163 0.88417
vn 0.57614 0.19933 0.79268
vn 0.63748 0.03046 0.76986
vn 0.68751 -0.13428 0.71365
vn 0.72429 -0.28856 0.62621
vn 0.74642 -0.42644 0.51089
vn 0.75304 -0.54264 0.37212
vn 0.74390 -0.63268 0.21525
vn 0.71935 -0.69310 0.04629
vn 0.68034 -0.72159 -0.12826
vn 0.62836 -0.71704 -0.30169
vn 0.56541 -0.67964 -0.46734
vn 0.49391 -0.61081 -0.61884
vn 0.41661 -0.51321 -0.75036
vn 0.33648 -0.39059 -0.85687
vn 0.25659 -0.24765 -0.93425
vn 0.18003 -0.08990 -0.97955
vn 0.10972 0.07661 -0.99101
vn 0.04837 0.24548 -0.96819
vn -0.00165 0.41022 -0.91198
vn -0.03843 0.56450 -0.82454
vn -0.06056 0.70238 -0.70922
vn -0.06718 0.81858 -0.57045
vn -0.05804 0.90862 -0.41358
vn -0.03350 0.96904 -0.24462
vn 0.00552 0.99753 -0.07007
vn 0.05750 0.99298 0.10336
vn 0.12045 0.95558 0.26901
vn 0.19194 0.88675 0.42051
vn 0.26925 0.78915 0.55203
vn 0.34938 0.66653 0.65854
vn 0.42926 0.52359 0.73592
vn 0.50583 0.36584 0.78122
vn 0.70748 0.25615 0.65868
vn 0.76272 0.10417 0.63828
vn 0.80779 -0.04411 0.58782
vn 0.84095 -0.18301 0.50923
vn 0.86092 -0.30717 0.40554
vn 0.86694 -0.41183 0.28074
vn 0.85877 -0.49297 0.13961
vn 0.83674 -0.54747 -0.01241
vn 0.80168 -0.57322 -0.16949
vn 0.75494 -0.56926 -0.32559
vn 0.69833 -0.53572 -0.47471
vn 0.63401 -0.47389 -0.61111
vn 0.56446 -0.38616 -0.72957
vn 0.49234 -0.27589 -0.82552
vn 0.42044 -0.14732 -0.89528
vn 0.35152 -0.00539 -0.93617
vn 0.28822 0.14445 -0.94661
vn 0.23297 0.29643 -0.92621
vn 0.18790 0.44471 -0.87574
vn 0.15475 0.58361 -0.79716
vn 0.13478 0.70777 -0.69347
vn 0.12876 0.81243 -0.56866
vn 0.13692 0.89357 -0.42754
vn 0.15896 0.94806 -0.27551
vn 0.19402 0.97382 -0.11844
vn 0.24075 0.96986 0.03766
vn 0.29737 0.93631 0.18678
vn 0.36169 0.87449 0.32319
vn 0.43124 0.78676 0.44164
vn 0.50335 0.67648 0.53759
vn 0.57525 0.54791 0.60735
vn 0.64418 0.40598 0.64824
vn 0.81162 0.30313 0.49938
vn 0.85865 0.17388 0.48217
vn 0.89703 0.04775 0.43939
vn 0.92528 -0.07043 0.37268
vn 0.94233 -0.17610 0.28462
vn 0.94751 -0.26520 0.17857
vn 0.94063 -0.33432 0.05861
vn 0.92196 -0.38080 -0.07063
vn 0.89220 -0.40284 -0.20420
vn 0.85251 -0.39960 -0.33697
vn 0.80440 -0.37122 -0.46383
vn 0.74973 -0.31877 -0.57990
vn 0.69060 -0.24427 -0.68073
vn 0.62928 -0.15059 -0.76245
vn 0.56813 -0.04132 -0.82190
vn 0.50950 0.07933 -0.85681
vn 0.45563 0.20672 -0.86583
vn 0.40861 0.33597 -0.84862
vn 0.37023 0.46211 -0.80584
vn 0.34197 0.58028 -0.73914
vn 0.32493 0.68595 -0.65107
vn 0.31974 0.77506 -0.54502
vn 0.32662 0.84418 -0.42507
vn 0.34530 0.89065 -0.29582
vn 0.37505 0.91269 -0.16225
vn 0.41475 0.90946 -0.02948
vn 0.46285 0.88107 0.09738
vn 0.51752 0.82862 0.21345
vn 0.57665 0.75412 0.31428
vn 0.63797 0.66044 0.39599
vn 0.69912 0.55118 0.45545
vn 0.75776 0.43053 0.49035
vn 0.88458 0.33846 0.32089
vn 0.92157 0.23691 0.30754
vn 0.95179 0.13777 0.27409
vn 0.97405 0.04485 0.22182
vn 0.98752 -0.03826 0.15276
vn 0.99167 -0.10839 0.06954
vn 0.98635 -0.16283 -0.02463
vn 0.97175 -0.19950 -0.12613
vn 0.94843 -0.21698 -0.23107
vn 0.91731 -0.21460 -0.33540
vn 0.87956 -0.19245 -0.43513
vn 0.83664 -0.15139 -0.52641
vn 0.79021 -0.09300 -0.60574
vn 0.74204 -0.01951 -0.67007
vn 0.69398 0.06625 -0.71694
vn 0.64789 0.16099 -0.74453
vn 0.60553 0.26105 -0.75179
vn 0.56853 0.36261 -0.73843
vn 0.53832 0.46175 -0.70498
vn 0.51605 0.55466 -0.65272
vn 0.50258 0.63778 -0.58365
vn 0.49843 0.70791 -0.50043
vn 0.50376 0.76235 -0.40627
vn 0.51836 0.79901 -0.30476
vn 0.54167 0.81649 -0.19983
vn 0.57280 0.81411 -0.09549
vn 0.61055 0.79197 0.00423
vn 0.65346 0.75091 0.09551
vn 0.69990 0.69251 0.17485
vn 0.74807 0.61902 0.23918
vn 0.79612 0.53326 0.28604
vn 0.84222 0.43853 0.31363
vn 0.92353 0.36078 0.13008
vn 0.94908 0.29083 0.12109
vn 0.96997 0.22249 0.09826
vn 0.98540 0.15841 0.06244
vn 0.99477 0.10104 0.01503
vn 0.99773 0.05258 -0.04216
vn 0.99416 0.01491 -0.10693
vn 0.98419 -0.01054 -0.17679
vn 0.96822 -0.02279 -0.24905
vn 0.94686 -0.02136 -0.32094
vn 0.92092 -0.00631 -0.38970
vn 0.89140 0.02179 -0.45269
vn 0.85944 0.06184 -0.50747
vn 0.82627 0.11232 -0.55196
vn 0.79316 0.17128 -0.58443
vn 0.76138 0.23646 -0.60364
vn 0.73216 0.30535 -0.60886
vn 0.70661 0.37531 -0.59987
vn 0.68572 0.44364 -0.57704
vn 0.67029 0.50772 -0.54122
vn 0.66092 0.56510 -0.49381
vn 0.65796 0.61355 -0.43662
vn 0.66154 0.65123 -0.37185
vn 0.67150 0.67668 -0.30199
vn 0.68747 0.68892 -0.22973
vn 0.70883 0.68749 -0.15783
vn 0.73477 0.67244 -0.08907
vn 0.76429 0.64435 -0.02609
vn 0.79625 0.60429 0.02870
vn 0.82942 0.55381 0.07318
vn 0.86253 0.49485 0.10565
vn 0.89431 0.42967 0.12486
vn 0.92732 0.37144 -0.04599
vn 0.94186 0.33223 -0.05026
vn 0.95384 0.29378 -0.06232
vn 0.96280 0.25758 -0.08171
vn 0.96839 0.22501 -0.10769
vn 0.97040 0.19733 -0.13926
vn 0.96875 0.17559 -0.17520
vn 0.96350 0.16064 -0.21413
vn 0.95487 0.15305 -0.25456
vn 0.94317 0.15311 -0.29494
vn 0.92886 0.16081 -0.33370
vn 0.91249 0.17587 -0.36937
vn 0.89468 0.19770 -0.40057
vn 0.87613 0.22546 -0.42610
vn 0.85754 0.25809 -0.44498
vn 0.83963 0.29434 -0.45649
vn 0.82309 0.33281 -0.46018
vn 0.80855 0.37201 -0.45591
vn 0.79657 0.41046 -0.44385
vn 0.78761 0.44666 -0.42446
vn 0.78202 0.47923 -0.39848
vn 0.78001 0.50691 -0.36691
vn 0.78166 0.52865 -0.33097
vn 0.78690 0.54360 -0.29203
vn 0.79554 0.55119 -0.25160
vn 0.80724 0.55114 -0.21123
vn 0.82155 0.54343 -0.17246
vn 0.83792 0.52837 -0.13680
vn 0.85572 0.50654 -0.10560
vn 0.87428 0.47878 -0.08007
vn 0.89287 0.44615 -0.06118
vn 0.91078 0.40990 -0.04968
vn 0.89605 0.36051 -0.25911
vn -0.95206 -0.28870 -0.10119
vn -0.92808 -0.35542 -0.11110
vn -0.97150 -0.22378 -0.07812
vn -0.98567 -0.16317 -0.04277
vn -0.99402 -0.10918 0.00348
vn -0.99622 -0.06389 0.05888
vn -0.99219 -0.02905 0.12128
vn -0.98210 -0.00598 0.18828
vn -0.96631 0.00442 0.25733
vn -0.94545 0.00175 0.32575
vn -0.92032 -0.01389 0.39093
vn -0.89187 -0.04189 0.45035
vn -0.86120 -0.08117 0.50174
vn -0.82950 -0.13023 0.54311
vn -0.79797 -0.18719 0.57288
vn -0.76784 -0.24985 0.58991
vn -0.74026 -0.31581 0.59354
vn -0.71628 -0.38252 0.58363
vn -0.69683 -0.44744 0.56055
vn -0.68267 -0.50805 0.52521
vn -0.67432 -0.56204 0.47895
vn -0.67212 -0.60733 0.42356
vn -0.67614 -0.64218 0.36116
vn -0.68624 -0.66524 0.29415
vn -0.70202 -0.67564 0.22511
vn -0.72289 -0.67297 0.15668
vn -0.74802 -0.65733 0.09151
vn -0.77647 -0.62934 0.03208
vn -0.80714 -0.59005 -0.01930
vn -0.83884 -0.54099 -0.06068
vn -0.87036 -0.48403 -0.09045
vn -0.90050 -0.42137 -0.10748
vn -0.87595 -0.21236 -0.43315
vn -0.83082 -0.33346 -0.44558
vn -0.91322 -0.09347 -0.39661
vn -0.94119 0.01863 -0.33737
vn -0.95879 0.11964 -0.25771
vn -0.96534 0.20567 -0.16068
vn -0.96060 0.27341 -0.05001
vn -0.94473 0.32027 0.07003
vn -0.91837 0.34444 0.19485
vn -0.88250 0.34499 0.31963
vn -0.83853 0.32191 0.43960
vn -0.78812 0.27608 0.55013
vn -0.73323 0.20925 0.64698
vn -0.67596 0.12401 0.72643
vn -0.61851 0.02362 0.78542
vn -0.56309 -0.08805 0.82169
vn -0.51184 -0.20673 0.83384
vn -0.46670 -0.32783 0.82141
vn -0.42944 -0.44672 0.78487
vn -0.40147 -0.55882 0.72563
vn -0.38387 -0.65983 0.64596
vn -0.37731 -0.74586 0.54894
vn -0.38206 -0.81360 0.43827
vn -0.39792 -0.86046 0.31823
vn -0.42429 -0.88463 0.19341
vn -0.46015 -0.88518 0.06862
vn -0.50413 -0.86210 -0.05134
vn -0.55453 -0.81627 -0.16187
vn -0.60942 -0.74944 -0.25872
vn -0.66669 -0.66420 -0.33817
vn -0.72414 -0.56381 -0.39716
vn -0.77956 -0.45213 -0.43343
vn -0.57966 -0.16649 -0.79767
vn -0.63946 0.00287 -0.76882
vn -0.31256 0.08572 -0.94602
vn -0.24442 -0.09713 -0.96479
vn -0.68752 0.16695 -0.70672
vn -0.36883 0.26522 -0.89086
vn -0.72199 0.31946 -0.61374
vn -0.41106 0.43447 -0.80142
vn -0.74155 0.45452 -0.49347
vn -0.43763 0.58697 -0.68114
vn -0.74545 0.56696 -0.35052
vn -0.44753 0.71685 -0.53464
vn -0.73354 0.65244 -0.19040
vn -0.44036 0.81913 -0.36756
vn -0.70627 0.70768 -0.01924
vn -0.41642 0.88988 -0.18632
vn -0.66470 0.73057 0.15637
vn -0.37660 0.92637 0.00213
vn -0.61041 0.72021 0.32968
vn -0.32246 0.92721 0.19053
vn -0.54551 0.67702 0.49403
vn -0.25606 0.89236 0.37166
vn -0.47248 0.60264 0.64311
vn -0.17996 0.82316 0.53854
vn -0.39412 0.49994 0.77119
vn -0.09709 0.72227 0.68476
vn -0.31345 0.37287 0.87334
vn -0.01062 0.59357 0.80471
vn -0.23358 0.22630 0.94564
vn 0.07611 0.44200 0.89378
vn -0.15756 0.06587 0.98531
vn 0.15978 0.27339 0.94854
vn -0.08832 -0.10226 0.99083
vn 0.23718 0.09422 0.96689
vn -0.02853 -0.27162 0.96198
vn 0.30532 -0.08863 0.94812
vn 0.01953 -0.43570 0.89988
vn 0.36158 -0.26813 0.89295
vn 0.05400 -0.58821 0.80690
vn 0.40381 -0.43738 0.80351
vn 0.07356 -0.72327 0.68663
vn 0.43039 -0.58988 0.68323
vn 0.07746 -0.83571 0.54369
vn 0.44028 -0.71977 0.53674
vn 0.06555 -0.92119 0.38356
vn 0.43312 -0.82205 0.36966
vn 0.03828 -0.97643 0.21240
vn 0.40917 -0.89280 0.18841
vn -0.00329 -0.99932 0.03679
vn 0.36936 -0.92929 -0.00004
vn -0.05757 -0.98896 -0.13652
vn 0.31521 -0.93012 -0.18844
vn -0.12248 -0.94577 -0.30087
vn 0.24882 -0.89527 -0.36956
vn -0.19551 -0.87139 -0.44995
vn 0.17272 -0.82607 -0.53644
vn -0.27386 -0.76869 -0.57802
vn 0.08984 -0.72518 -0.68267
vn -0.35453 -0.64161 -0.68018
vn 0.00337 -0.59648 -0.80262
vn -0.43441 -0.49505 -0.75248
vn -0.08336 -0.44491 -0.89169
vn -0.51042 -0.33462 -0.79215
vn -0.16703 -0.27630 -0.94644
vn -0.15949 0.00726 -0.98717
vn -0.22350 0.18855 -0.95629
vn -0.20647 0.12707 -0.97017
vn -0.13876 -0.05463 -0.98882
vn -0.27494 0.36419 -0.88982
vn -0.26238 0.30544 -0.91535
vn -0.31184 0.52744 -0.79029
vn -0.30434 0.47362 -0.82647
vn -0.33278 0.67202 -0.66155
vn -0.33075 0.62516 -0.70695
vn -0.33696 0.79237 -0.50853
vn -0.34058 0.75422 -0.56138
vn -0.32421 0.88388 -0.33712
vn -0.33346 0.85586 -0.39535
vn -0.29502 0.94302 -0.15391
vn -0.30967 0.92616 -0.21525
vn -0.25052 0.96751 0.03407
vn -0.27011 0.96242 -0.02799
vn -0.19241 0.95643 0.21959
vn -0.21630 0.96326 0.15922
vn -0.12293 0.91019 0.39552
vn -0.15032 0.92862 0.33920
vn -0.04475 0.83057 0.55511
vn -0.07470 0.85986 0.50503
vn 0.03912 0.72064 0.69220
vn 0.00765 0.75961 0.65034
vn 0.12547 0.58461 0.80155
vn 0.09357 0.63172 0.76953
vn 0.21097 0.42772 0.87895
vn 0.17976 0.48110 0.85804
vn 0.29235 0.25598 0.92141
vn 0.26290 0.31356 0.91245
vn 0.36646 0.07601 0.92732
vn 0.33981 0.13551 0.93068
vn 0.43047 -0.10528 0.89644
vn 0.40752 -0.04618 0.91203
vn 0.48192 -0.28092 0.82996
vn 0.46343 -0.22455 0.85721
vn 0.51882 -0.44417 0.73044
vn 0.50539 -0.39273 0.76834
vn 0.53976 -0.58875 0.60170
vn 0.53180 -0.54427 0.64882
vn 0.54393 -0.70910 0.44868
vn 0.54163 -0.67334 0.50324
vn 0.53118 -0.80061 0.27727
vn 0.53451 -0.77497 0.33722
vn 0.50199 -0.85974 0.09405
vn 0.51071 -0.84527 0.15711
vn 0.45749 -0.88424 -0.09393
vn 0.47115 -0.88154 -0.03014
vn 0.39938 -0.87316 -0.27944
vn 0.41735 -0.88237 -0.21736
vn 0.32990 -0.82692 -0.45537
vn 0.35137 -0.84774 -0.39734
vn 0.25173 -0.74730 -0.61496
vn 0.27575 -0.77897 -0.56317
vn 0.16785 -0.63737 -0.75206
vn 0.19340 -0.67872 -0.70848
vn 0.08150 -0.50134 -0.86140
vn 0.10748 -0.55083 -0.82767
vn -0.00400 -0.34444 -0.93880
vn 0.02129 -0.40022 -0.91617
vn -0.08538 -0.17271 -0.98127
vn -0.06185 -0.23267 -0.97059
vn -0.60734 -0.00729 -0.79441
vn -0.54530 -0.17909 -0.81888
vn -0.65778 0.16006 -0.73600
vn -0.69469 0.31653 -0.64592
vn -0.71664 0.45612 -0.52762
vn -0.72279 0.57345 -0.38565
vn -0.71291 0.66402 -0.22546
vn -0.68737 0.72435 -0.05322
vn -0.64716 0.75212 0.12447
vn -0.59383 0.74626 0.30077
vn -0.52941 0.70700 0.46891
vn -0.45639 0.63585 0.62242
vn -0.37757 0.53553 0.75541
vn -0.29599 0.40991 0.86276
vn -0.21477 0.26382 0.94036
vn -0.13705 0.10286 0.98521
vn -0.06579 -0.06678 0.99560
vn -0.00375 -0.23857 0.97112
vn 0.04669 -0.40592 0.91272
vn 0.08359 -0.56239 0.82263
vn 0.10554 -0.70198 0.70433
vn 0.11170 -0.81931 0.56236
vn 0.10181 -0.90989 0.40217
vn 0.07628 -0.97021 0.22993
vn 0.03607 -0.99798 0.05224
vn -0.01727 -0.99212 -0.12406
vn -0.08169 -0.95286 -0.29220
vn -0.15471 -0.88171 -0.44571
vn -0.23352 -0.78139 -0.57870
vn -0.31511 -0.65577 -0.68605
vn -0.39632 -0.50968 -0.76365
vn -0.47405 -0.34872 -0.80850
# 802 normals
usemtl Angelfish_Eye
f  2249/2365/2249 2281/2366/2250 2250/2367/2251 2251/2368/2252
f  2249/2365/2249 2251/2368/2252 2252/2369/2253 2253/2370/2254
f  2249/2365/2249 2253/2370/2254 2254/2371/2255 2255/2372/2256
f  2249/2365/2249 2255/2372/2256 2256/2373/2257 2257/2374/2258
f  2249/2365/2249 2257/2374/2258 2258/2375/2259 2259/2376/2260
f  2249/2365/2249 2259/2376/2260 2260/2377/2261 2261/2378/2262
f  2249/2365/2249 2261/2378/2262 2262/2379/2263 2263/2380/2264
f  2249/2365/2249 2263/2380/2264 2264/2381/2265 2265/2382/2266
f  2249/2365/2249 2265/2382/2266 2266/2383/2267 2267/2384/2268
f  2249/2365/2249 2267/2384/2268 2268/2385/2269 2269/2386/2270
f  2249/2365/2249 2269/2386/2270 2270/2387/2271 2271/2388/2272
f  2249/2365/2249 2271/2388/2272 2272/2389/2273 2273/2390/2274
f  2249/2365/2249 2273/2390/2274 2274/2391/2275 2275/2392/2276
f  2249/2365/2249 2275/2392/2276 2276/2393/2277 2277/2394/2278
f  2249/2365/2249 2277/2394/2278 2278/2395/2279 2279/2396/2280
f  2249/2365/2249 2279/2396/2280 2280/2397/2281 2281/2366/2250
f  2250/2367/2251 2914/2398/2282 2913/2399/2283 2251/2368/2252
f  2251/2368/2252 2913/2399/2283 2912/2400/2284 2252/2369/2253
f  2252/2369/2253 2912/2400/2284 2911/2401/2285 2253/2370/2254
f  2253/2370/2254 2911/2401/2285 2910/2402/2286 2254/2371/2255
f  2254/2371/2255 2910/2402/2286 2909/2403/2287 2255/2372/2256
f  2255/2372/2256 2909/2403/2287 2908/2404/2288 2256/2373/2257
f  2256/2373/2257 2908/2404/2288 2907/2405/2289 2257/2374/2258
f  2257/2374/2258 2907/2405/2289 2906/2406/2290 2258/2375/2259
f  2258/2375/2259 2906/2406/2290 2905/2407/2291 2259/2376/2260
f  2259/2376/2260 2905/2407/2291 2904/2408/2292 2260/2377/2261
f  2260/2377/2261 2904/2408/2292 2903/2409/2293 2261/2378/2262
f  2261/2378/2262 2903/2409/2293 2902/2410/2294 2262/2379/2263
f  2262/2379/2263 2902/2410/2294 2901/2411/2295 2263/2380/2264
f  2263/2380/2264 2901/2411/2295 2900/2412/2296 2264/2381/2265
f  2264/2381/2265 2900/2412/2296 2899/2413/2297 2265/2382/2266
f  2265/2382/2266 2899/2413/2297 2898/2414/2298 2266/2383/2267
f  2266/2383/2267 2898/2414/2298 2897/2415/2299 2267/2384/2268
f  2267/2384/2268 2897/2415/2299 2896/2416/2300 2268/2385/2269
f  2268/2385/2269 2896/2416/2300 2895/2417/2301 2269/2386/2270
f  2269/2386/2270 2895/2417/2301 2894/2418/2302 2270/2387/2271
f  2270/2387/2271 2894/2418/2302 2893/2419/2303 2271/2388/2272
f  2271/2388/2272 2893/2419/2303 2892/2420/2304 2272/2389/2273
f  2272/2389/2273 2892/2420/2304 2891/2421/2305 2273/2390/2274
f  2273/2390/2274 2891/2421/2305 2922/2422/2306 2274/2391/2275
f  2274/2391/2275 2922/2422/2306 2921/2423/2307 2275/2392/2276
f  2275/2392/2276 2921/2423/2307 2920/2424/2308 2276/2393/2277
f  2276/2393/2277 2920/2424/2308 2919/2425/2309 2277/2394/2278
f  2277/2394/2278 2919/2425/2309 2918/2426/2310 2278/2395/2279
f  2278/2395/2279 2918/2426/2310 2917/2427/2311 2279/2396/2280
f  2279/2396/2280 2917/2427/2311 2916/2428/2312 2280/2397/2281
f  2280/2397/2281 2916/2428/2312 2915/2429/2313 2281/2366/2250
f  2281/2366/2250 2915/2429/2313 2914/2398/2282 2250/2367/2251
f  2282/2430/2314 2314/2431/2315 2315/2432/2316 2283/2433/2317
f  2283/2433/2317 2315/2432/2316 2316/2434/2318 2284/2435/2319
f  2284/2435/2319 2316/2434/2318 2317/2436/2320 2285/2437/2321
f  2285/2437/2321 2317/2436/2320 2318/2438/2322 2286/2439/2323
f  2286/2439/2323 2318/2438/2322 2319/2440/2324 2287/2441/2325
f  2287/2441/2325 2319/2440/2324 2320/2442/2326 2288/2443/2327
f  2288/2443/2327 2320/2442/2326 2321/2444/2328 2289/2445/2329
f  2289/2445/2329 2321/2444/2328 2322/2446/2330 2290/2447/2331
f  2290/2447/2331 2322/2446/2330 2323/2448/2332 2291/2449/2333
f  2291/2449/2333 2323/2448/2332 2324/2450/2334 2292/2451/2335
f  2292/2451/2335 2324/2450/2334 2325/2452/2336 2293/2453/2337
f  2293/2453/2337 2325/2452/2336 2326/2454/2338 2294/2455/2339
f  2294/2455/2339 2326/2454/2338 2327/2456/2340 2295/2457/2341
f  2295/2457/2341 2327/2456/2340 2328/2458/2342 2296/2459/2343
f  2296/2459/2343 2328/2458/2342 2329/2460/2344 2297/2461/2345
f  2297/2461/2345 2329/2460/2344 2330/2462/2346 2298/2463/2347
f  2298/2463/2347 2330/2462/2346 2331/2464/2348 2299/2465/2349
f  2299/2465/2349 2331/2464/2348 2332/2466/2350 2300/2467/2351
f  2300/2467/2351 2332/2466/2350 2333/2468/2352 2301/2469/2353
f  2301/2469/2353 2333/2468/2352 2334/2470/2354 2302/2471/2355
f  2302/2471/2355 2334/2470/2354 2335/2472/2356 2303/2473/2357
f  2303/2473/2357 2335/2472/2356 2336/2474/2358 2304/2475/2359
f  2304/2475/2359 2336/2474/2358 2337/2476/2360 2305/2477/2361
f  2305/2477/2361 2337/2476/2360 2338/2478/2362 2306/2479/2363
f  2306/2479/2363 2338/2478/2362 2339/2480/2364 2307/2481/2365
f  2307/2481/2365 2339/2480/2364 2340/2482/2366 2308/2483/2367
f  2308/2483/2367 2340/2482/2366 2341/2484/2368 2309/2485/2369
f  2309/2485/2369 2341/2484/2368 2342/2486/2370 2310/2487/2371
f  2310/2487/2371 2342/2486/2370 2343/2488/2372 2311/2489/2373
f  2311/2489/2373 2343/2488/2372 2344/2490/2374 2312/2491/2375
f  2312/2491/2375 2344/2490/2374 2345/2492/2376 2313/2493/2377
f  2313/2493/2377 2345/2492/2376 2314/2431/2315 2282/2430/2314
f  2314/2431/2315 2346/2494/2378 2347/2495/2379 2315/2432/2316
f  2315/2432/2316 2347/2495/2379 2348/2496/2380 2316/2434/2318
f  2316/2434/2318 2348/2496/2380 2349/2497/2381 2317/2436/2320
f  2317/2436/2320 2349/2497/2381 2350/2498/2382 2318/2438/2322
f  2318/2438/2322 2350/2498/2382 2351/2499/2383 2319/2440/2324
f  2319/2440/2324 2351/2499/2383 2352/2500/2384 2320/2442/2326
f  2320/2442/2326 2352/2500/2384 2353/2501/2385 2321/2444/2328
f  2321/2444/2328 2353/2501/2385 2354/2502/2386 2322/2446/2330
f  2322/2446/2330 2354/2502/2386 2355/2503/2387 2323/2448/2332
f  2323/2448/2332 2355/2503/2387 2356/2504/2388 2324/2450/2334
f  2324/2450/2334 2356/2504/2388 2357/2505/2389 2325/2452/2336
f  2325/2452/2336 2357/2505/2389 2358/2506/2390 2326/2454/2338
f  2326/2454/2338 2358/2506/2390 2359/2507/2391 2327/2456/2340
f  2327/2456/2340 2359/2507/2391 2360/2508/2392 2328/2458/2342
f  2328/2458/2342 2360/2508/2392 2361/2509/2393 2329/2460/2344
f  2329/2460/2344 2361/2509/2393 2362/2510/2394 2330/2462/2346
f  2330/2462/2346 2362/2510/2394 2363/2511/2395 2331/2464/2348
f  2331/2464/2348 2363/2511/2395 2364/2512/2396 2332/2466/2350
f  2332/2466/2350 2364/2512/2396 2365/2513/2397 2333/2468/2352
f  2333/2468/2352 2365/2513/2397 2366/2514/2398 2334/2470/2354
f  2334/2470/2354 2366/2514/2398 2367/2515/2399 2335/2472/2356
f  2335/2472/2356 2367/2515/2399 2368/2516/2400 2336/2474/2358
f  2336/2474/2358 2368/2516/2400 2369/2517/2401 2337/2476/2360
f  2337/2476/2360 2369/2517/2401 2370/2518/2402 2338/2478/2362
f  2338/2478/2362 2370/2518/2402 2371/2519/2403 2339/2480/2364
f  2339/2480/2364 2371/2519/2403 2372/2520/2404 2340/2482/2366
f  2340/2482/2366 2372/2520/2404 2373/2521/2405 2341/2484/2368
f  2341/2484/2368 2373/2521/2405 2374/2522/2406 2342/2486/2370
f  2342/2486/2370 2374/2522/2406 2375/2523/2407 2343/2488/2372
f  2343/2488/2372 2375/2523/2407 2376/2524/2408 2344/2490/2374
f  2344/2490/2374 2376/2524/2408 2377/2525/2409 2345/2492/2376
f  2345/2492/2376 2377/2525/2409 2346/2494/2378 2314/2431/2315
f  2346/2494/2378 2378/2526/2410 2379/2527/2411 2347/2495/2379
f  2347/2495/2379 2379/2527/2411 2380/2528/2412 2348/2496/2380
f  2348/2496/2380 2380/2528/2412 2381/2529/2413 2349/2497/2381
f  2349/2497/2381 2381/2529/2413 2382/2530/2414 2350/2498/2382
f  2350/2498/2382 2382/2530/2414 2383/2531/2415 2351/2499/2383
f  2351/2499/2383 2383/2531/2415 2384/2532/2416 2352/2500/2384
f  2352/2500/2384 2384/2532/2416 2385/2533/2417 2353/2501/2385
f  2353/2501/2385 2385/2533/2417 2386/2534/2418 2354/2502/2386
f  2354/2502/2386 2386/2534/2418 2387/2535/2419 2355/2503/2387
f  2355/2503/2387 2387/2535/2419 2388/2536/2420 2356/2504/2388
f  2356/2504/2388 2388/2536/2420 2389/2537/2421 2357/2505/2389
f  2357/2505/2389 2389/2537/2421 2390/2538/2422 2358/2506/2390
f  2358/2506/2390 2390/2538/2422 2391/2539/2423 2359/2507/2391
f  2359/2507/2391 2391/2539/2423 2392/2540/2424 2360/2508/2392
f  2360/2508/2392 2392/2540/2424 2393/2541/2425 2361/2509/2393
f  2361/2509/2393 2393/2541/2425 2394/2542/2426 2362/2510/2394
f  2362/2510/2394 2394/2542/2426 2395/2543/2427 2363/2511/2395
f  2363/2511/2395 2395/2543/2427 2396/2544/2428 2364/2512/2396
f  2364/2512/2396 2396/2544/2428 2397/2545/2429 2365/2513/2397
f  2365/2513/2397 2397/2545/2429 2398/2546/2430 2366/2514/2398
f  2366/2514/2398 2398/2546/2430 2399/2547/2431 2367/2515/2399
f  2367/2515/2399 2399/2547/2431 2400/2548/2432 2368/2516/2400
f  2368/2516/2400 2400/2548/2432 2401/2549/2433 2369/2517/2401
f  2369/2517/2401 2401/2549/2433 2402/2550/2434 2370/2518/2402
f  2370/2518/2402 2402/2550/2434 2403/2551/2435 2371/2519/2403
f  2371/2519/2403 2403/2551/2435 2404/2552/2436 2372/2520/2404
f  2372/2520/2404 2404/2552/2436 2405/2553/2437 2373/2521/2405
f  2373/2521/2405 2405/2553/2437 2406/2554/2438 2374/2522/2406
f  2374/2522/2406 2406/2554/2438 2407/2555/2439 2375/2523/2407
f  2375/2523/2407 2407/2555/2439 2408/2556/2440 2376/2524/2408
f  2376/2524/2408 2408/2556/2440 2409/2557/2441 2377/2525/2409
f  2377/2525/2409 2409/2557/2441 2378/2526/2410 2346/2494/2378
f  2378/2526/2410 3026/2558/2442 3025/2559/2443 2379/2527/2411
f  2379/2527/2411 3025/2559/2443 3024/2560/2444 2380/2528/2412
f  2380/2528/2412 3024/2560/2444 3023/2561/2445 2381/2529/2413
f  2381/2529/2413 3023/2561/2445 3022/2562/2446 2382/2530/2414
f  2382/2530/2414 3022/2562/2446 3021/2563/2447 2383/2531/2415
f  2383/2531/2415 3021/2563/2447 3020/2564/2448 2384/2532/2416
f  2384/2532/2416 3020/2564/2448 3019/2565/2449 2385/2533/2417
f  2385/2533/2417 3019/2565/2449 3050/2566/2450 2386/2534/2418
f  2386/2534/2418 3050/2566/2450 3049/2567/2451 2387/2535/2419
f  2387/2535/2419 3049/2567/2451 3048/2568/2452 2388/2536/2420
f  2388/2536/2420 3048/2568/2452 3047/2569/2453 2389/2537/2421
f  2389/2537/2421 3047/2569/2453 3046/2570/2454 2390/2538/2422
f  2390/2538/2422 3046/2570/2454 3045/2571/2455 2391/2539/2423
f  2391/2539/2423 3045/2571/2455 3044/2572/2456 2392/2540/2424
f  2392/2540/2424 3044/2572/2456 3043/2573/2457 2393/2541/2425
f  2393/2541/2425 3043/2573/2457 3042/2574/2458 2394/2542/2426
f  2394/2542/2426 3042/2574/2458 3041/2575/2459 2395/2543/2427
f  2395/2543/2427 3041/2575/2459 3040/2576/2460 2396/2544/2428
f  2396/2544/2428 3040/2576/2460 3039/2577/2461 2397/2545/2429
f  2397/2545/2429 3039/2577/2461 3038/2578/2462 2398/2546/2430
f  2398/2546/2430 3038/2578/2462 3037/2579/2463 2399/2547/2431
f  2399/2547/2431 3037/2579/2463 3036/2580/2464 2400/2548/2432
f  2400/2548/2432 3036/2580/2464 3035/2581/2465 2401/2549/2433
f  2401/2549/2433 3035/2581/2465 3034/2582/2466 2402/2550/2434
f  2402/2550/2434 3034/2582/2466 3033/2583/2467 2403/2551/2435
f  2403/2551/2435 3033/2583/2467 3032/2584/2468 2404/2552/2436
f  2404/2552/2436 3032/2584/2468 3031/2585/2469 2405/2553/2437
f  2405/2553/2437 3031/2585/2469 3030/2586/2470 2406/2554/2438
f  2406/2554/2438 3030/2586/2470 3029/2587/2471 2407/2555/2439
f  2407/2555/2439 3029/2587/2471 3028/2588/2472 2408/2556/2440
f  2408/2556/2440 3028/2588/2472 3027/2589/2473 2409/2557/2441
f  2409/2557/2441 3027/2589/2473 3026/2558/2442 2378/2526/2410
f  2410/2590/2474 2994/2591/2475 2993/2592/2476 2411/2593/2477
f  2411/2593/2477 2993/2592/2476 2992/2594/2478 2412/2595/2479
f  2412/2595/2479 2992/2594/2478 2991/2596/2480 2413/2597/2481
f  2413/2597/2481 2991/2596/2480 2990/2598/2482 2414/2599/2483
f  2414/2599/2483 2990/2598/2482 2989/2600/2484 2415/2601/2485
f  2415/2601/2485 2989/2600/2484 2988/2602/2486 2416/2603/2487
f  2416/2603/2487 2988/2602/2486 2987/2604/2488 2417/2605/2489
f  2417/2605/2489 2987/2604/2488 3018/2606/2490 2418/2607/2491
f  2418/2607/2491 3018/2606/2490 3017/2608/2492 2419/2609/2493
f  2419/2609/2493 3017/2608/2492 3016/2610/2494 2420/2611/2495
f  2420/2611/2495 3016/2610/2494 3015/2612/2496 2421/2613/2497
f  2421/2613/2497 3015/2612/2496 3014/2614/2498 2422/2615/2499
f  2422/2615/2499 3014/2614/2498 3013/2616/2500 2423/2617/2501
f  2423/2617/2501 3013/2616/2500 3012/2618/2502 2424/2619/2503
f  2424/2619/2503 3012/2618/2502 3011/2620/2504 2425/2621/2505
f  2425/2621/2505 3011/2620/2504 3010/2622/2506 2426/2623/2507
f  2426/2623/2507 3010/2622/2506 3009/2624/2508 2427/2625/2509
f  2427/2625/2509 3009/2624/2508 3008/2626/2510 2428/2627/2511
f  2428/2627/2511 3008/2626/2510 3007/2628/2512 2429/2629/2513
f  2429/2629/2513 3007/2628/2512 3006/2630/2514 2430/2631/2515
f  2430/2631/2515 3006/2630/2514 3005/2632/2516 2431/2633/2517
f  2431/2633/2517 3005/2632/2516 3004/2634/2518 2432/2635/2519
f  2432/2635/2519 3004/2634/2518 3003/2636/2520 2433/2637/2521
f  2433/2637/2521 3003/2636/2520 3002/2638/2522 2434/2639/2523
f  2434/2639/2523 3002/2638/2522 3001/2640/2524 2435/2641/2525
f  2435/2641/2525 3001/2640/2524 3000/2642/2526 2436/2643/2527
f  2436/2643/2527 3000/2642/2526 2999/2644/2528 2437/2645/2529
f  2437/2645/2529 2999/2644/2528 2998/2646/2530 2438/2647/2531
f  2438/2647/2531 2998/2646/2530 2997/2648/2532 2439/2649/2533
f  2439/2649/2533 2997/2648/2532 2996/2650/2534 2440/2651/2535
f  2440/2651/2535 2996/2650/2534 2995/2652/2536 2441/2653/2537
f  2441/2653/2537 2995/2652/2536 2994/2591/2475 2410/2590/2474
f  2442/2654/2538 2474/2655/2539 2475/2656/2540 2443/2657/2541
f  2443/2657/2541 2475/2656/2540 2476/2658/2542 2444/2659/2543
f  2444/2659/2543 2476/2658/2542 2477/2660/2544 2445/2661/2545
f  2445/2661/2545 2477/2660/2544 2478/2662/2546 2446/2663/2547
f  2446/2663/2547 2478/2662/2546 2479/2664/2548 2447/2665/2549
f  2447/2665/2549 2479/2664/2548 2480/2666/2550 2448/2667/2551
f  2448/2667/2551 2480/2666/2550 2481/2668/2552 2449/2669/2553
f  2449/2669/2553 2481/2668/2552 2482/2670/2554 2450/2671/2555
f  2450/2671/2555 2482/2670/2554 2483/2672/2556 2451/2673/2557
f  2451/2673/2557 2483/2672/2556 2484/2674/2558 2452/2675/2559
f  2452/2675/2559 2484/2674/2558 2485/2676/2560 2453/2677/2561
f  2453/2677/2561 2485/2676/2560 2486/2678/2562 2454/2679/2563
f  2454/2679/2563 2486/2678/2562 2487/2680/2564 2455/2681/2565
f  2455/2681/2565 2487/2680/2564 2488/2682/2566 2456/2683/2567
f  2456/2683/2567 2488/2682/2566 2489/2684/2568 2457/2685/2569
f  2457/2685/2569 2489/2684/2568 2490/2686/2570 2458/2687/2571
f  2458/2687/2571 2490/2686/2570 2491/2688/2572 2459/2689/2573
f  2459/2689/2573 2491/2688/2572 2492/2690/2574 2460/2691/2575
f  2460/2691/2575 2492/2690/2574 2493/2692/2576 2461/2693/2577
f  2461/2693/2577 2493/2692/2576 2494/2694/2578 2462/2695/2579
f  2462/2695/2579 2494/2694/2578 2495/2696/2580 2463/2697/2581
f  2463/2697/2581 2495/2696/2580 2496/2698/2582 2464/2699/2583
f  2464/2699/2583 2496/2698/2582 2497/2700/2584 2465/2701/2585
f  2465/2701/2585 2497/2700/2584 2498/2702/2586 2466/2703/2587
f  2466/2703/2587 2498/2702/2586 2499/2704/2588 2467/2705/2589
f  2467/2705/2589 2499/2704/2588 2500/2706/2590 2468/2707/2591
f  2468/2707/2591 2500/2706/2590 2501/2708/2592 2469/2709/2593
f  2469/2709/2593 2501/2708/2592 2502/2710/2594 2470/2711/2595
f  2470/2711/2595 2502/2710/2594 2503/2712/2596 2471/2713/2597
f  2471/2713/2597 2503/2712/2596 2504/2714/2598 2472/2715/2599
f  2472/2715/2599 2504/2714/2598 2505/2716/2600 2473/2717/2601
f  2473/2717/2601 2505/2716/2600 2474/2655/2539 2442/2654/2538
f  2474/2655/2539 2506/2718/2602 2507/2719/2603 2475/2656/2540
f  2475/2656/2540 2507/2719/2603 2508/2720/2604 2476/2658/2542
f  2476/2658/2542 2508/2720/2604 2509/2721/2605 2477/2660/2544
f  2477/2660/2544 2509/2721/2605 2510/2722/2606 2478/2662/2546
f  2478/2662/2546 2510/2722/2606 2511/2723/2607 2479/2664/2548
f  2479/2664/2548 2511/2723/2607 2512/2724/2608 2480/2666/2550
f  2480/2666/2550 2512/2724/2608 2513/2725/2609 2481/2668/2552
f  2481/2668/2552 2513/2725/2609 2514/2726/2610 2482/2670/2554
f  2482/2670/2554 2514/2726/2610 2515/2727/2611 2483/2672/2556
f  2483/2672/2556 2515/2727/2611 2516/2728/2612 2484/2674/2558
f  2484/2674/2558 2516/2728/2612 2517/2729/2613 2485/2676/2560
f  2485/2676/2560 2517/2729/2613 2518/2730/2614 2486/2678/2562
f  2486/2678/2562 2518/2730/2614 2519/2731/2615 2487/2680/2564
f  2487/2680/2564 2519/2731/2615 2520/2732/2616 2488/2682/2566
f  2488/2682/2566 2520/2732/2616 2521/2733/2617 2489/2684/2568
f  2489/2684/2568 2521/2733/2617 2522/2734/2618 2490/2686/2570
f  2490/2686/2570 2522/2734/2618 2523/2735/2619 2491/2688/2572
f  2491/2688/2572 2523/2735/2619 2524/2736/2620 2492/2690/2574
f  2492/2690/2574 2524/2736/2620 2525/2737/2621 2493/2692/2576
f  2493/2692/2576 2525/2737/2621 2526/2738/2622 2494/2694/2578
f  2494/2694/2578 2526/2738/2622 2527/2739/2623 2495/2696/2580
f  2495/2696/2580 2527/2739/2623 2528/2740/2624 2496/2698/2582
f  2496/2698/2582 2528/2740/2624 2529/2741/2625 2497/2700/2584
f  2497/2700/2584 2529/2741/2625 2530/2742/2626 2498/2702/2586
f  2498/2702/2586 2530/2742/2626 2531/2743/2627 2499/2704/2588
f  2499/2704/2588 2531/2743/2627 2532/2744/2628 2500/2706/2590
f  2500/2706/2590 2532/2744/2628 2533/2745/2629 2501/2708/2592
f  2501/2708/2592 2533/2745/2629 2534/2746/2630 2502/2710/2594
f  2502/2710/2594 2534/2746/2630 2535/2747/2631 2503/2712/2596
f  2503/2712/2596 2535/2747/2631 2536/2748/2632 2504/2714/2598
f  2504/2714/2598 2536/2748/2632 2537/2749/2633 2505/2716/2600
f  2505/2716/2600 2537/2749/2633 2506/2718/2602 2474/2655/2539
f  2506/2718/2602 2538/2750/2634 2539/2751/2635 2507/2719/2603
f  2507/2719/2603 2539/2751/2635 2540/2752/2636 2508/2720/2604
f  2508/2720/2604 2540/2752/2636 2541/2753/2637 2509/2721/2605
f  2509/2721/2605 2541/2753/2637 2542/2754/2638 2510/2722/2606
f  2510/2722/2606 2542/2754/2638 2543/2755/2639 2511/2723/2607
f  2511/2723/2607 2543/2755/2639 2544/2756/2640 2512/2724/2608
f  2512/2724/2608 2544/2756/2640 2545/2757/2641 2513/2725/2609
f  2513/2725/2609 2545/2757/2641 2546/2758/2642 2514/2726/2610
f  2514/2726/2610 2546/2758/2642 2547/2759/2643 2515/2727/2611
f  2515/2727/2611 2547/2759/2643 2548/2760/2644 2516/2728/2612
f  2516/2728/2612 2548/2760/2644 2549/2761/2645 2517/2729/2613
f  2517/2729/2613 2549/2761/2645 2550/2762/2646 2518/2730/2614
f  2518/2730/2614 2550/2762/2646 2551/2763/2647 2519/2731/2615
f  2519/2731/2615 2551/2763/2647 2552/2764/2648 2520/2732/2616
f  2520/2732/2616 2552/2764/2648 2553/2765/2649 2521/2733/2617
f  2521/2733/2617 2553/2765/2649 2554/2766/2650 2522/2734/2618
f  2522/2734/2618 2554/2766/2650 2555/2767/2651 2523/2735/2619
f  2523/2735/2619 2555/2767/2651 2556/2768/2652 2524/2736/2620
f  2524/2736/2620 2556/2768/2652 2557/2769/2653 2525/2737/2621
f  2525/2737/2621 2557/2769/2653 2558/2770/2654 2526/2738/2622
f  2526/2738/2622 2558/2770/2654 2559/2771/2655 2527/2739/2623
f  2527/2739/2623 2559/2771/2655 2560/2772/2656 2528/2740/2624
f  2528/2740/2624 2560/2772/2656 2561/2773/2657 2529/2741/2625
f  2529/2741/2625 2561/2773/2657 2562/2774/2658 2530/2742/2626
f  2530/2742/2626 2562/2774/2658 2563/2775/2659 2531/2743/2627
f  2531/2743/2627 2563/2775/2659 2564/2776/2660 2532/2744/2628
f  2532/2744/2628 2564/2776/2660 2565/2777/2661 2533/2745/2629
f  2533/2745/2629 2565/2777/2661 2566/2778/2662 2534/2746/2630
f  2534/2746/2630 2566/2778/2662 2567/2779/2663 2535/2747/2631
f  2535/2747/2631 2567/2779/2663 2568/2780/2664 2536/2748/2632
f  2536/2748/2632 2568/2780/2664 2569/2781/2665 2537/2749/2633
f  2537/2749/2633 2569/2781/2665 2538/2750/2634 2506/2718/2602
f  2538/2750/2634 2570/2782/2666 2571/2783/2667 2539/2751/2635
f  2539/2751/2635 2571/2783/2667 2572/2784/2668 2540/2752/2636
f  2540/2752/2636 2572/2784/2668 2573/2785/2669 2541/2753/2637
f  2541/2753/2637 2573/2785/2669 2574/2786/2670 2542/2754/2638
f  2542/2754/2638 2574/2786/2670 2575/2787/2671 2543/2755/2639
f  2543/2755/2639 2575/2787/2671 2576/2788/2672 2544/2756/2640
f  2544/2756/2640 2576/2788/2672 2577/2789/2673 2545/2757/2641
f  2545/2757/2641 2577/2789/2673 2578/2790/2674 2546/2758/2642
f  2546/2758/2642 2578/2790/2674 2579/2791/2675 2547/2759/2643
f  2547/2759/2643 2579/2791/2675 2580/2792/2676 2548/2760/2644
f  2548/2760/2644 2580/2792/2676 2581/2793/2677 2549/2761/2645
f  2549/2761/2645 2581/2793/2677 2582/2794/2678 2550/2762/2646
f  2550/2762/2646 2582/2794/2678 2583/2795/2679 2551/2763/2647
f  2551/2763/2647 2583/2795/2679 2584/2796/2680 2552/2764/2648
f  2552/2764/2648 2584/2796/2680 2585/2797/2681 2553/2765/2649
f  2553/2765/2649 2585/2797/2681 2586/2798/2682 2554/2766/2650
f  2554/2766/2650 2586/2798/2682 2587/2799/2683 2555/2767/2651
f  2555/2767/2651 2587/2799/2683 2588/2800/2684 2556/2768/2652
f  2556/2768/2652 2588/2800/2684 2589/2801/2685 2557/2769/2653
f  2557/2769/2653 2589/2801/2685 2590/2802/2686 2558/2770/2654
f  2558/2770/2654 2590/2802/2686 2591/2803/2687 2559/2771/2655
f  2559/2771/2655 2591/2803/2687 2592/2804/2688 2560/2772/2656
f  2560/2772/2656 2592/2804/2688 2593/2805/2689 2561/2773/2657
f  2561/2773/2657 2593/2805/2689 2594/2806/2690 2562/2774/2658
f  2562/2774/2658 2594/2806/2690 2595/2807/2691 2563/2775/2659
f  2563/2775/2659 2595/2807/2691 2596/2808/2692 2564/2776/2660
f  2564/2776/2660 2596/2808/2692 2597/2809/2693 2565/2777/2661
f  2565/2777/2661 2597/2809/2693 2598/2810/2694 2566/2778/2662
f  2566/2778/2662 2598/2810/2694 2599/2811/2695 2567/2779/2663
f  2567/2779/2663 2599/2811/2695 2600/2812/2696 2568/2780/2664
f  2568/2780/2664 2600/2812/2696 2601/2813/2697 2569/2781/2665
f  2569/2781/2665 2601/2813/2697 2570/2782/2666 2538/2750/2634
f  2570/2782/2666 2602/2814/2698 2603/2815/2699 2571/2783/2667
f  2571/2783/2667 2603/2815/2699 2604/2816/2700 2572/2784/2668
f  2572/2784/2668 2604/2816/2700 2605/2817/2701 2573/2785/2669
f  2573/2785/2669 2605/2817/2701 2606/2818/2702 2574/2786/2670
f  2574/2786/2670 2606/2818/2702 2607/2819/2703 2575/2787/2671
f  2575/2787/2671 2607/2819/2703 2608/2820/2704 2576/2788/2672
f  2576/2788/2672 2608/2820/2704 2609/2821/2705 2577/2789/2673
f  2577/2789/2673 2609/2821/2705 2610/2822/2706 2578/2790/2674
f  2578/2790/2674 2610/2822/2706 2611/2823/2707 2579/2791/2675
f  2579/2791/2675 2611/2823/2707 2612/2824/2708 2580/2792/2676
f  2580/2792/2676 2612/2824/2708 2613/2825/2709 2581/2793/2677
f  2581/2793/2677 2613/2825/2709 2614/2826/2710 2582/2794/2678
f  2582/2794/2678 2614/2826/2710 2615/2827/2711 2583/2795/2679
f  2583/2795/2679 2615/2827/2711 2616/2828/2712 2584/2796/2680
f  2584/2796/2680 2616/2828/2712 2617/2829/2713 2585/2797/2681
f  2585/2797/2681 2617/2829/2713 2618/2830/2714 2586/2798/2682
f  2586/2798/2682 2618/2830/2714 2619/2831/2715 2587/2799/2683
f  2587/2799/2683 2619/2831/2715 2620/2832/2716 2588/2800/2684
f  2588/2800/2684 2620/2832/2716 2621/2833/2717 2589/2801/2685
f  2589/2801/2685 2621/2833/2717 2622/2834/2718 2590/2802/2686
f  2590/2802/2686 2622/2834/2718 2623/2835/2719 2591/2803/2687
f  2591/2803/2687 2623/2835/2719 2624/2836/2720 2592/2804/2688
f  2592/2804/2688 2624/2836/2720 2625/2837/2721 2593/2805/2689
f  2593/2805/2689 2625/2837/2721 2626/2838/2722 2594/2806/2690
f  2594/2806/2690 2626/2838/2722 2627/2839/2723 2595/2807/2691
f  2595/2807/2691 2627/2839/2723 2628/2840/2724 2596/2808/2692
f  2596/2808/2692 2628/2840/2724 2629/2841/2725 2597/2809/2693
f  2597/2809/2693 2629/2841/2725 2630/2842/2726 2598/2810/2694
f  2598/2810/2694 2630/2842/2726 2631/2843/2727 2599/2811/2695
f  2599/2811/2695 2631/2843/2727 2632/2844/2728 2600/2812/2696
f  2600/2812/2696 2632/2844/2728 2633/2845/2729 2601/2813/2697
f  2601/2813/2697 2633/2845/2729 2602/2814/2698 2570/2782/2666
f  2602/2814/2698 2634/2846/2730 2635/2847/2731 2603/2815/2699
f  2603/2815/2699 2635/2847/2731 2636/2848/2732 2604/2816/2700
f  2604/2816/2700 2636/2848/2732 2637/2849/2733 2605/2817/2701
f  2605/2817/2701 2637/2849/2733 2638/2850/2734 2606/2818/2702
f  2606/2818/2702 2638/2850/2734 2639/2851/2735 2607/2819/2703
f  2607/2819/2703 2639/2851/2735 2640/2852/2736 2608/2820/2704
f  2608/2820/2704 2640/2852/2736 2641/2853/2737 2609/2821/2705
f  2609/2821/2705 2641/2853/2737 2642/2854/2738 2610/2822/2706
f  2610/2822/2706 2642/2854/2738 2643/2855/2739 2611/2823/2707
f  2611/2823/2707 2643/2855/2739 2644/2856/2740 2612/2824/2708
f  2612/2824/2708 2644/2856/2740 2645/2857/2741 2613/2825/2709
f  2613/2825/2709 2645/2857/2741 2646/2858/2742 2614/2826/2710
f  2614/2826/2710 2646/2858/2742 2647/2859/2743 2615/2827/2711
f  2615/2827/2711 2647/2859/2743 2648/2860/2744 2616/2828/2712
f  2616/2828/2712 2648/2860/2744 2649/2861/2745 2617/2829/2713
f  2617/2829/2713 2649/2861/2745 2650/2862/2746 2618/2830/2714
f  2618/2830/2714 2650/2862/2746 2651/2863/2747 2619/2831/2715
f  2619/2831/2715 2651/2863/2747 2652/2864/2748 2620/2832/2716
f  2620/2832/2716 2652/2864/2748 2653/2865/2749 2621/2833/2717
f  2621/2833/2717 2653/2865/2749 2654/2866/2750 2622/2834/2718
f  2622/2834/2718 2654/2866/2750 2655/2867/2751 2623/2835/2719
f  2623/2835/2719 2655/2867/2751 2656/2868/2752 2624/2836/2720
f  2624/2836/2720 2656/2868/2752 2657/2869/2753 2625/2837/2721
f  2625/2837/2721 2657/2869/2753 2658/2870/2754 2626/2838/2722
f  2626/2838/2722 2658/2870/2754 2659/2871/2755 2627/2839/2723
f  2627/2839/2723 2659/2871/2755 2660/2872/2756 2628/2840/2724
f  2628/2840/2724 2660/2872/2756 2661/2873/2757 2629/2841/2725
f  2629/2841/2725 2661/2873/2757 2662/2874/2758 2630/2842/2726
f  2630/2842/2726 2662/2874/2758 2663/2875/2759 2631/2843/2727
f  2631/2843/2727 2663/2875/2759 2664/2876/2760 2632/2844/2728
f  2632/2844/2728 2664/2876/2760 2665/2877/2761 2633/2845/2729
f  2633/2845/2729 2665/2877/2761 2634/2846/2730 2602/2814/2698
f  2634/2846/2730 2666/2878/2762 2667/2879/2763 2635/2847/2731
f  2635/2847/2731 2667/2879/2763 2668/2880/2764 2636/2848/2732
f  2636/2848/2732 2668/2880/2764 2669/2881/2765 2637/2849/2733
f  2637/2849/2733 2669/2881/2765 2670/2882/2766 2638/2850/2734
f  2638/2850/2734 2670/2882/2766 2671/2883/2767 2639/2851/2735
f  2639/2851/2735 2671/2883/2767 2672/2884/2768 2640/2852/2736
f  2640/2852/2736 2672/2884/2768 2673/2885/2769 2641/2853/2737
f  2641/2853/2737 2673/2885/2769 2674/2886/2770 2642/2854/2738
f  2642/2854/2738 2674/2886/2770 2675/2887/2771 2643/2855/2739
f  2643/2855/2739 2675/2887/2771 2676/2888/2772 2644/2856/2740
f  2644/2856/2740 2676/2888/2772 2677/2889/2773 2645/2857/2741
f  2645/2857/2741 2677/2889/2773 2678/2890/2774 2646/2858/2742
f  2646/2858/2742 2678/2890/2774 2679/2891/2775 2647/2859/2743
f  2647/2859/2743 2679/2891/2775 2680/2892/2776 2648/2860/2744
f  2648/2860/2744 2680/2892/2776 2681/2893/2777 2649/2861/2745
f  2649/2861/2745 2681/2893/2777 2682/2894/2778 2650/2862/2746
f  2650/2862/2746 2682/2894/2778 2683/2895/2779 2651/2863/2747
f  2651/2863/2747 2683/2895/2779 2684/2896/2780 2652/2864/2748
f  2652/2864/2748 2684/2896/2780 2685/2897/2781 2653/2865/2749
f  2653/2865/2749 2685/2897/2781 2686/2898/2782 2654/2866/2750
f  2654/2866/2750 2686/2898/2782 2687/2899/2783 2655/2867/2751
f  2655/2867/2751 2687/2899/2783 2688/2900/2784 2656/2868/2752
f  2656/2868/2752 2688/2900/2784 2689/2901/2785 2657/2869/2753
f  2657/2869/2753 2689/2901/2785 2690/2902/2786 2658/2870/2754
f  2658/2870/2754 2690/2902/2786 2691/2903/2787 2659/2871/2755
f  2659/2871/2755 2691/2903/2787 2692/2904/2788 2660/2872/2756
f  2660/2872/2756 2692/2904/2788 2693/2905/2789 2661/2873/2757
f  2661/2873/2757 2693/2905/2789 2694/2906/2790 2662/2874/2758
f  2662/2874/2758 2694/2906/2790 2695/2907/2791 2663/2875/2759
f  2663/2875/2759 2695/2907/2791 2696/2908/2792 2664/2876/2760
f  2664/2876/2760 2696/2908/2792 2697/2909/2793 2665/2877/2761
f  2665/2877/2761 2697/2909/2793 2666/2878/2762 2634/2846/2730
f  2666/2878/2762 2698/2910/2794 2699/2911/2795 2667/2879/2763
f  2667/2879/2763 2699/2911/2795 2700/2912/2796 2668/2880/2764
f  2668/2880/2764 2700/2912/2796 2701/2913/2797 2669/2881/2765
f  2669/2881/2765 2701/2913/2797 2702/2914/2798 2670/2882/2766
f  2670/2882/2766 2702/2914/2798 2703/2915/2799 2671/2883/2767
f  2671/2883/2767 2703/2915/2799 2704/2916/2800 2672/2884/2768
f  2672/2884/2768 2704/2916/2800 2705/2917/2801 2673/2885/2769
f  2673/2885/2769 2705/2917/2801 2706/2918/2802 2674/2886/2770
f  2674/2886/2770 2706/2918/2802 2707/2919/2803 2675/2887/2771
f  2675/2887/2771 2707/2919/2803 2708/2920/2804 2676/2888/2772
f  2676/2888/2772 2708/2920/2804 2709/2921/2805 2677/2889/2773
f  2677/2889/2773 2709/2921/2805 2710/2922/2806 2678/2890/2774
f  2678/2890/2774 2710/2922/2806 2711/2923/2807 2679/2891/2775
f  2679/2891/2775 2711/2923/2807 2712/2924/2808 2680/2892/2776
f  2680/2892/2776 2712/2924/2808 2713/2925/2809 2681/2893/2777
f  2681/2893/2777 2713/2925/2809 2714/2926/2810 2682/2894/2778
f  2682/2894/2778 2714/2926/2810 2715/2927/2811 2683/2895/2779
f  2683/2895/2779 2715/2927/2811 2716/2928/2812 2684/2896/2780
f  2684/2896/2780 2716/2928/2812 2717/2929/2813 2685/2897/2781
f  2685/2897/2781 2717/2929/2813 2718/2930/2814 2686/2898/2782
f  2686/2898/2782 2718/2930/2814 2719/2931/2815 2687/2899/2783
f  2687/2899/2783 2719/2931/2815 2720/2932/2816 2688/2900/2784
f  2688/2900/2784 2720/2932/2816 2721/2933/2817 2689/2901/2785
f  2689/2901/2785 2721/2933/2817 2722/2934/2818 2690/2902/2786
f  2690/2902/2786 2722/2934/2818 2723/2935/2819 2691/2903/2787
f  2691/2903/2787 2723/2935/2819 2724/2936/2820 2692/2904/2788
f  2692/2904/2788 2724/2936/2820 2725/2937/2821 2693/2905/2789
f  2693/2905/2789 2725/2937/2821 2726/2938/2822 2694/2906/2790
f  2694/2906/2790 2726/2938/2822 2727/2939/2823 2695/2907/2791
f  2695/2907/2791 2727/2939/2823 2728/2940/2824 2696/2908/2792
f  2696/2908/2792 2728/2940/2824 2729/2941/2825 2697/2909/2793
f  2697/2909/2793 2729/2941/2825 2698/2910/2794 2666/2878/2762
f  2730/2942/2826 2699/2911/2795 2698/2910/2794 2729/2941/2825
f  2730/2942/2826 2701/2913/2797 2700/2912/2796 2699/2911/2795
f  2730/2942/2826 2703/2915/2799 2702/2914/2798 2701/2913/2797
f  2730/2942/2826 2705/2917/2801 2704/2916/2800 2703/2915/2799
f  2730/2942/2826 2707/2919/2803 2706/2918/2802 2705/2917/2801
f  2730/2942/2826 2709/2921/2805 2708/2920/2804 2707/2919/2803
f  2730/2942/2826 2711/2923/2807 2710/2922/2806 2709/2921/2805
f  2730/2942/2826 2713/2925/2809 2712/2924/2808 2711/2923/2807
f  2730/2942/2826 2715/2927/2811 2714/2926/2810 2713/2925/2809
f  2730/2942/2826 2717/2929/2813 2716/2928/2812 2715/2927/2811
f  2730/2942/2826 2719/2931/2815 2718/2930/2814 2717/2929/2813
f  2730/2942/2826 2721/2933/2817 2720/2932/2816 2719/2931/2815
f  2730/2942/2826 2723/2935/2819 2722/2934/2818 2721/2933/2817
f  2730/2942/2826 2725/2937/2821 2724/2936/2820 2723/2935/2819
f  2730/2942/2826 2727/2939/2823 2726/2938/2822 2725/2937/2821
f  2730/2942/2826 2729/2941/2825 2728/2940/2824 2727/2939/2823
f  2282/2430/2314 2283/2433/2317 2732/2943/2827 2731/2944/2828
f  2283/2433/2317 2284/2435/2319 2733/2945/2829 2732/2943/2827
f  2284/2435/2319 2285/2437/2321 2734/2946/2830 2733/2945/2829
f  2285/2437/2321 2286/2439/2323 2735/2947/2831 2734/2946/2830
f  2286/2439/2323 2287/2441/2325 2736/2948/2832 2735/2947/2831
f  2287/2441/2325 2288/2443/2327 2737/2949/2833 2736/2948/2832
f  2288/2443/2327 2289/2445/2329 2738/2950/2834 2737/2949/2833
f  2289/2445/2329 2290/2447/2331 2739/2951/2835 2738/2950/2834
f  2290/2447/2331 2291/2449/2333 2740/2952/2836 2739/2951/2835
f  2291/2449/2333 2292/2451/2335 2741/2953/2837 2740/2952/2836
f  2292/2451/2335 2293/2453/2337 2742/2954/2838 2741/2953/2837
f  2293/2453/2337 2294/2455/2339 2743/2955/2839 2742/2954/2838
f  2294/2455/2339 2295/2457/2341 2744/2956/2840 2743/2955/2839
f  2295/2457/2341 2296/2459/2343 2745/2957/2841 2744/2956/2840
f  2296/2459/2343 2297/2461/2345 2746/2958/2842 2745/2957/2841
f  2297/2461/2345 2298/2463/2347 2747/2959/2843 2746/2958/2842
f  2298/2463/2347 2299/2465/2349 2748/2960/2844 2747/2959/2843
f  2299/2465/2349 2300/2467/2351 2749/2961/2845 2748/2960/2844
f  2300/2467/2351 2301/2469/2353 2750/2962/2846 2749/2961/2845
f  2301/2469/2353 2302/2471/2355 2751/2963/2847 2750/2962/2846
f  2302/2471/2355 2303/2473/2357 2752/2964/2848 2751/2963/2847
f  2303/2473/2357 2304/2475/2359 2753/2965/2849 2752/2964/2848
f  2304/2475/2359 2305/2477/2361 2754/2966/2850 2753/2965/2849
f  2305/2477/2361 2306/2479/2363 2755/2967/2851 2754/2966/2850
f  2306/2479/2363 2307/2481/2365 2756/2968/2852 2755/2967/2851
f  2307/2481/2365 2308/2483/2367 2757/2969/2853 2756/2968/2852
f  2308/2483/2367 2309/2485/2369 2758/2970/2854 2757/2969/2853
f  2309/2485/2369 2310/2487/2371 2759/2971/2855 2758/2970/2854
f  2310/2487/2371 2311/2489/2373 2760/2972/2856 2759/2971/2855
f  2311/2489/2373 2312/2491/2375 2761/2973/2857 2760/2972/2856
f  2312/2491/2375 2313/2493/2377 2762/2974/2858 2761/2973/2857
f  2313/2493/2377 2282/2430/2314 2731/2944/2828 2762/2974/2858
f  2731/2944/2828 2732/2943/2827 2950/2975/2859 2951/2976/2860
f  2732/2943/2827 2733/2945/2829 2949/2977/2861 2950/2975/2859
f  2733/2945/2829 2734/2946/2830 2948/2978/2862 2949/2977/2861
f  2734/2946/2830 2735/2947/2831 2947/2979/2863 2948/2978/2862
f  2735/2947/2831 2736/2948/2832 2946/2980/2864 2947/2979/2863
f  2736/2948/2832 2737/2949/2833 2945/2981/2865 2946/2980/2864
f  2737/2949/2833 2738/2950/2834 2944/2982/2866 2945/2981/2865
f  2738/2950/2834 2739/2951/2835 2943/2983/2867 2944/2982/2866
f  2739/2951/2835 2740/2952/2836 2942/2984/2868 2943/2983/2867
f  2740/2952/2836 2741/2953/2837 2941/2985/2869 2942/2984/2868
f  2741/2953/2837 2742/2954/2838 2940/2986/2870 2941/2985/2869
f  2742/2954/2838 2743/2955/2839 2939/2987/2871 2940/2986/2870
f  2743/2955/2839 2744/2956/2840 2938/2988/2872 2939/2987/2871
f  2744/2956/2840 2745/2957/2841 2937/2989/2873 2938/2988/2872
f  2745/2957/2841 2746/2958/2842 2936/2990/2874 2937/2989/2873
f  2746/2958/2842 2747/2959/2843 2935/2991/2875 2936/2990/2874
f  2747/2959/2843 2748/2960/2844 2934/2992/2876 2935/2991/2875
f  2748/2960/2844 2749/2961/2845 2933/2993/2877 2934/2992/2876
f  2749/2961/2845 2750/2962/2846 2932/2994/2878 2933/2993/2877
f  2750/2962/2846 2751/2963/2847 2931/2995/2879 2932/2994/2878
f  2751/2963/2847 2752/2964/2848 2930/2996/2880 2931/2995/2879
f  2752/2964/2848 2753/2965/2849 2929/2997/2881 2930/2996/2880
f  2753/2965/2849 2754/2966/2850 2928/2998/2882 2929/2997/2881
f  2754/2966/2850 2755/2967/2851 2927/2999/2883 2928/2998/2882
f  2755/2967/2851 2756/2968/2852 2926/3000/2884 2927/2999/2883
f  2756/2968/2852 2757/2969/2853 2925/3001/2885 2926/3000/2884
f  2757/2969/2853 2758/2970/2854 2924/3002/2886 2925/3001/2885
f  2758/2970/2854 2759/2971/2855 2923/3003/2887 2924/3002/2886
f  2759/2971/2855 2760/2972/2856 2954/3004/2888 2923/3003/2887
f  2760/2972/2856 2761/2973/2857 2953/3005/2889 2954/3004/2888
f  2761/2973/2857 2762/2974/2858 2952/3006/2890 2953/3005/2889
f  2762/2974/2858 2731/2944/2828 2951/2976/2860 2952/3006/2890
f  2763/3007/2891 2764/3008/2892 2982/3009/2893 2983/3010/2894
f  2764/3008/2892 2765/3011/2895 2981/3012/2896 2982/3009/2893
f  2765/3011/2895 2766/3013/2897 2980/3014/2898 2981/3012/2896
f  2766/3013/2897 2767/3015/2899 2979/3016/2900 2980/3014/2898
f  2767/3015/2899 2768/3017/2901 2978/3018/2902 2979/3016/2900
f  2768/3017/2901 2769/3019/2903 2977/3020/2904 2978/3018/2902
f  2769/3019/2903 2770/3021/2905 2976/3022/2906 2977/3020/2904
f  2770/3021/2905 2771/3023/2907 2975/3024/2908 2976/3022/2906
f  2771/3023/2907 2772/3025/2909 2974/3026/2910 2975/3024/2908
f  2772/3025/2909 2773/3027/2911 2973/3028/2912 2974/3026/2910
f  2773/3027/2911 2774/3029/2913 2972/3030/2914 2973/3028/2912
f  2774/3029/2913 2775/3031/2915 2971/3032/2916 2972/3030/2914
f  2775/3031/2915 2776/3033/2917 2970/3034/2918 2971/3032/2916
f  2776/3033/2917 2777/3035/2919 2969/3036/2920 2970/3034/2918
f  2777/3035/2919 2778/3037/2921 2968/3038/2922 2969/3036/2920
f  2778/3037/2921 2779/3039/2923 2967/3040/2924 2968/3038/2922
f  2779/3039/2923 2780/3041/2925 2966/3042/2926 2967/3040/2924
f  2780/3041/2925 2781/3043/2927 2965/3044/2928 2966/3042/2926
f  2781/3043/2927 2782/3045/2929 2964/3046/2930 2965/3044/2928
f  2782/3045/2929 2783/3047/2931 2963/3048/2932 2964/3046/2930
f  2783/3047/2931 2784/3049/2933 2962/3050/2934 2963/3048/2932
f  2784/3049/2933 2785/3051/2935 2961/3052/2936 2962/3050/2934
f  2785/3051/2935 2786/3053/2937 2960/3054/2938 2961/3052/2936
f  2786/3053/2937 2787/3055/2939 2959/3056/2940 2960/3054/2938
f  2787/3055/2939 2788/3057/2941 2958/3058/2942 2959/3056/2940
f  2788/3057/2941 2789/3059/2943 2957/3060/2944 2958/3058/2942
f  2789/3059/2943 2790/3061/2945 2956/3062/2946 2957/3060/2944
f  2790/3061/2945 2791/3063/2947 2955/3064/2948 2956/3062/2946
f  2791/3063/2947 2792/3065/2949 2986/3066/2950 2955/3064/2948
f  2792/3065/2949 2793/3067/2951 2985/3068/2952 2986/3066/2950
f  2793/3067/2951 2794/3069/2953 2984/3070/2954 2985/3068/2952
f  2794/3069/2953 2763/3007/2891 2983/3010/2894 2984/3070/2954
f  2795/3071/2955 2796/3072/2956 2880/3073/2957 2881/3074/2958
f  2796/3072/2956 2797/3075/2959 2879/3076/2960 2880/3073/2957
f  2797/3075/2959 2798/3077/2961 2878/3078/2962 2879/3076/2960
f  2798/3077/2961 2799/3079/2963 2877/3080/2964 2878/3078/2962
f  2799/3079/2963 2800/3081/2965 2876/3082/2966 2877/3080/2964
f  2800/3081/2965 2801/3083/2967 2875/3084/2968 2876/3082/2966
f  2801/3083/2967 2802/3085/2969 2874/3086/2970 2875/3084/2968
f  2802/3085/2969 2803/3087/2971 2873/3088/2972 2874/3086/2970
f  2803/3087/2971 2804/3089/2973 2872/3090/2974 2873/3088/2972
f  2804/3089/2973 2805/3091/2975 2871/3092/2976 2872/3090/2974
f  2805/3091/2975 2806/3093/2977 2870/3094/2978 2871/3092/2976
f  2806/3093/2977 2807/3095/2979 2869/3096/2980 2870/3094/2978
f  2807/3095/2979 2808/3097/2981 2868/3098/2982 2869/3096/2980
f  2808/3097/2981 2809/3099/2983 2867/3100/2984 2868/3098/2982
f  2809/3099/2983 2810/3101/2985 2866/3102/2986 2867/3100/2984
f  2810/3101/2985 2811/3103/2987 2865/3104/2988 2866/3102/2986
f  2811/3103/2987 2812/3105/2989 2864/3106/2990 2865/3104/2988
f  2812/3105/2989 2813/3107/2991 2863/3108/2992 2864/3106/2990
f  2813/3107/2991 2814/3109/2993 2862/3110/2994 2863/3108/2992
f  2814/3109/2993 2815/3111/2995 2861/3112/2996 2862/3110/2994
f  2815/3111/2995 2816/3113/2997 2860/3114/2998 2861/3112/2996
f  2816/3113/2997 2817/3115/2999 2859/3116/3000 2860/3114/2998
f  2817/3115/2999 2818/3117/3001 2890/3118/3002 2859/3116/3000
f  2818/3117/3001 2819/3119/3003 2889/3120/3004 2890/3118/3002
f  2819/3119/3003 2820/3121/3005 2888/3122/3006 2889/3120/3004
f  2820/3121/3005 2821/3123/3007 2887/3124/3008 2888/3122/3006
f  2821/3123/3007 2822/3125/3009 2886/3126/3010 2887/3124/3008
f  2822/3125/3009 2823/3127/3011 2885/3128/3012 2886/3126/3010
f  2823/3127/3011 2824/3129/3013 2884/3130/3014 2885/3128/3012
f  2824/3129/3013 2825/3131/3015 2883/3132/3016 2884/3130/3014
f  2825/3131/3015 2826/3133/3017 2882/3134/3018 2883/3132/3016
f  2826/3133/3017 2795/3071/2955 2881/3074/2958 2882/3134/3018
f  2880/3073/2957 2828/3135/3019 2827/3136/3020 2881/3074/2958
f  2879/3076/2960 2829/3137/3021 2828/3135/3019 2880/3073/2957
f  2878/3078/2962 2830/3138/3022 2829/3137/3021 2879/3076/2960
f  2877/3080/2964 2831/3139/3023 2830/3138/3022 2878/3078/2962
f  2876/3082/2966 2832/3140/3024 2831/3139/3023 2877/3080/2964
f  2875/3084/2968 2833/3141/3025 2832/3140/3024 2876/3082/2966
f  2874/3086/2970 2834/3142/3026 2833/3141/3025 2875/3084/2968
f  2873/3088/2972 2835/3143/3027 2834/3142/3026 2874/3086/2970
f  2872/3090/2974 2836/3144/3028 2835/3143/3027 2873/3088/2972
f  2871/3092/2976 2837/3145/3029 2836/3144/3028 2872/3090/2974
f  2870/3094/2978 2838/3146/3030 2837/3145/3029 2871/3092/2976
f  2869/3096/2980 2839/3147/3031 2838/3146/3030 2870/3094/2978
f  2868/3098/2982 2840/3148/3032 2839/3147/3031 2869/3096/2980
f  2867/3100/2984 2841/3149/3033 2840/3148/3032 2868/3098/2982
f  2866/3102/2986 2842/3150/3034 2841/3149/3033 2867/3100/2984
f  2865/3104/2988 2843/3151/3035 2842/3150/3034 2866/3102/2986
f  2864/3106/2990 2844/3152/3036 2843/3151/3035 2865/3104/2988
f  2863/3108/2992 2845/3153/3037 2844/3152/3036 2864/3106/2990
f  2862/3110/2994 2846/3154/3038 2845/3153/3037 2863/3108/2992
f  2861/3112/2996 2847/3155/3039 2846/3154/3038 2862/3110/2994
f  2860/3114/2998 2848/3156/3040 2847/3155/3039 2861/3112/2996
f  2859/3116/3000 2849/3157/3041 2848/3156/3040 2860/3114/2998
f  2890/3118/3002 2850/3158/3042 2849/3157/3041 2859/3116/3000
f  2889/3120/3004 2851/3159/3043 2850/3158/3042 2890/3118/3002
f  2888/3122/3006 2852/3160/3044 2851/3159/3043 2889/3120/3004
f  2887/3124/3008 2853/3161/3045 2852/3160/3044 2888/3122/3006
f  2886/3126/3010 2854/3162/3046 2853/3161/3045 2887/3124/3008
f  2885/3128/3012 2855/3163/3047 2854/3162/3046 2886/3126/3010
f  2884/3130/3014 2856/3164/3048 2855/3163/3047 2885/3128/3012
f  2883/3132/3016 2857/3165/3049 2856/3164/3048 2884/3130/3014
f  2882/3134/3018 2858/3166/3050 2857/3165/3049 2883/3132/3016
f  2881/3074/2958 2827/3136/3020 2858/3166/3050 2882/3134/3018
f  2914/2398/2282 2827/3136/3020 2828/3135/3019 2913/2399/2283
f  2913/2399/2283 2828/3135/3019 2829/3137/3021 2912/2400/2284
f  2912/2400/2284 2829/3137/3021 2830/3138/3022 2911/2401/2285
f  2911/2401/2285 2830/3138/3022 2831/3139/3023 2910/2402/2286
f  2910/2402/2286 2831/3139/3023 2832/3140/3024 2909/2403/2287
f  2909/2403/2287 2832/3140/3024 2833/3141/3025 2908/2404/2288
f  2908/2404/2288 2833/3141/3025 2834/3142/3026 2907/2405/2289
f  2907/2405/2289 2834/3142/3026 2835/3143/3027 2906/2406/2290
f  2906/2406/2290 2835/3143/3027 2836/3144/3028 2905/2407/2291
f  2905/2407/2291 2836/3144/3028 2837/3145/3029 2904/2408/2292
f  2904/2408/2292 2837/3145/3029 2838/3146/3030 2903/2409/2293
f  2903/2409/2293 2838/3146/3030 2839/3147/3031 2902/2410/2294
f  2902/2410/2294 2839/3147/3031 2840/3148/3032 2901/2411/2295
f  2901/2411/2295 2840/3148/3032 2841/3149/3033 2900/2412/2296
f  2900/2412/2296 2841/3149/3033 2842/3150/3034 2899/2413/2297
f  2899/2413/2297 2842/3150/3034 2843/3151/3035 2898/2414/2298
f  2898/2414/2298 2843/3151/3035 2844/3152/3036 2897/2415/2299
f  2897/2415/2299 2844/3152/3036 2845/3153/3037 2896/2416/2300
f  2896/2416/2300 2845/3153/3037 2846/3154/3038 2895/2417/2301
f  2895/2417/2301 2846/3154/3038 2847/3155/3039 2894/2418/2302
f  2894/2418/2302 2847/3155/3039 2848/3156/3040 2893/2419/2303
f  2893/2419/2303 2848/3156/3040 2849/3157/3041 2892/2420/2304
f  2892/2420/2304 2849/3157/3041 2850/3158/3042 2891/2421/2305
f  2891/2421/2305 2850/3158/3042 2851/3159/3043 2922/2422/2306
f  2922/2422/2306 2851/3159/3043 2852/3160/3044 2921/2423/2307
f  2921/2423/2307 2852/3160/3044 2853/3161/3045 2920/2424/2308
f  2920/2424/2308 2853/3161/3045 2854/3162/3046 2919/2425/2309
f  2919/2425/2309 2854/3162/3046 2855/3163/3047 2918/2426/2310
f  2918/2426/2310 2855/3163/3047 2856/3164/3048 2917/2427/2311
f  2917/2427/2311 2856/3164/3048 2857/3165/3049 2916/2428/2312
f  2916/2428/2312 2857/3165/3049 2858/3166/3050 2915/2429/2313
f  2915/2429/2313 2858/3166/3050 2827/3136/3020 2914/2398/2282
f  2950/2975/2859 2764/3008/2892 2763/3007/2891 2951/2976/2860
f  2949/2977/2861 2765/3011/2895 2764/3008/2892 2950/2975/2859
f  2948/2978/2862 2766/3013/2897 2765/3011/2895 2949/2977/2861
f  2947/2979/2863 2767/3015/2899 2766/3013/2897 2948/2978/2862
f  2946/2980/2864 2768/3017/2901 2767/3015/2899 2947/2979/2863
f  2945/2981/2865 2769/3019/2903 2768/3017/2901 2946/2980/2864
f  2944/2982/2866 2770/3021/2905 2769/3019/2903 2945/2981/2865
f  2943/2983/2867 2771/3023/2907 2770/3021/2905 2944/2982/2866
f  2942/2984/2868 2772/3025/2909 2771/3023/2907 2943/2983/2867
f  2941/2985/2869 2773/3027/2911 2772/3025/2909 2942/2984/2868
f  2940/2986/2870 2774/3029/2913 2773/3027/2911 2941/2985/2869
f  2939/2987/2871 2775/3031/2915 2774/3029/2913 2940/2986/2870
f  2938/2988/2872 2776/3033/2917 2775/3031/2915 2939/2987/2871
f  2937/2989/2873 2777/3035/2919 2776/3033/2917 2938/2988/2872
f  2936/2990/2874 2778/3037/2921 2777/3035/2919 2937/2989/2873
f  2935/2991/2875 2779/3039/2923 2778/3037/2921 2936/2990/2874
f  2934/2992/2876 2780/3041/2925 2779/3039/2923 2935/2991/2875
f  2933/2993/2877 2781/3043/2927 2780/3041/2925 2934/2992/2876
f  2932/2994/2878 2782/3045/2929 2781/3043/2927 2933/2993/2877
f  2931/2995/2879 2783/3047/2931 2782/3045/2929 2932/2994/2878
f  2930/2996/2880 2784/3049/2933 2783/3047/2931 2931/2995/2879
f  2929/2997/2881 2785/3051/2935 2784/3049/2933 2930/2996/2880
f  2928/2998/2882 2786/3053/2937 2785/3051/2935 2929/2997/2881
f  2927/2999/2883 2787/3055/2939 2786/3053/2937 2928/2998/2882
f  2926/3000/2884 2788/3057/2941 2787/3055/2939 2927/2999/2883
f  2925/3001/2885 2789/3059/2943 2788/3057/2941 2926/3000/2884
f  2924/3002/2886 2790/3061/2945 2789/3059/2943 2925/3001/2885
f  2923/3003/2887 2791/3063/2947 2790/3061/2945 2924/3002/2886
f  2954/3004/2888 2792/3065/2949 2791/3063/2947 2923/3003/2887
f  2953/3005/2889 2793/3067/2951 2792/3065/2949 2954/3004/2888
f  2952/3006/2890 2794/3069/2953 2793/3067/2951 2953/3005/2889
f  2951/2976/2860 2763/3007/2891 2794/3069/2953 2952/3006/2890
f  2982/3009/2893 2796/3072/2956 2795/3071/2955 2983/3010/2894
f  2981/3012/2896 2797/3075/2959 2796/3072/2956 2982/3009/2893
f  2980/3014/2898 2798/3077/2961 2797/3075/2959 2981/3012/2896
f  2979/3016/2900 2799/3079/2963 2798/3077/2961 2980/3014/2898
f  2978/3018/2902 2800/3081/2965 2799/3079/2963 2979/3016/2900
f  2977/3020/2904 2801/3083/2967 2800/3081/2965 2978/3018/2902
f  2976/3022/2906 2802/3085/2969 2801/3083/2967 2977/3020/2904
f  2975/3024/2908 2803/3087/2971 2802/3085/2969 2976/3022/2906
f  2974/3026/2910 2804/3089/2973 2803/3087/2971 2975/3024/2908
f  2973/3028/2912 2805/3091/2975 2804/3089/2973 2974/3026/2910
f  2972/3030/2914 2806/3093/2977 2805/3091/2975 2973/3028/2912
f  2971/3032/2916 2807/3095/2979 2806/3093/2977 2972/3030/2914
f  2970/3034/2918 2808/3097/2981 2807/3095/2979 2971/3032/2916
f  2969/3036/2920 2809/3099/2983 2808/3097/2981 2970/3034/2918
f  2968/3038/2922 2810/3101/2985 2809/3099/2983 2969/3036/2920
f  2967/3040/2924 2811/3103/2987 2810/3101/2985 2968/3038/2922
f  2966/3042/2926 2812/3105/2989 2811/3103/2987 2967/3040/2924
f  2965/3044/2928 2813/3107/2991 2812/3105/2989 2966/3042/2926
f  2964/3046/2930 2814/3109/2993 2813/3107/2991 2965/3044/2928
f  2963/3048/2932 2815/3111/2995 2814/3109/2993 2964/3046/2930
f  2962/3050/2934 2816/3113/2997 2815/3111/2995 2963/3048/2932
f  2961/3052/2936 2817/3115/2999 2816/3113/2997 2962/3050/2934
f  2960/3054/2938 2818/3117/3001 2817/3115/2999 2961/3052/2936
f  2959/3056/2940 2819/3119/3003 2818/3117/3001 2960/3054/2938
f  2958/3058/2942 2820/3121/3005 2819/3119/3003 2959/3056/2940
f  2957/3060/2944 2821/3123/3007 2820/3121/3005 2958/3058/2942
f  2956/3062/2946 2822/3125/3009 2821/3123/3007 2957/3060/2944
f  2955/3064/2948 2823/3127/3011 2822/3125/3009 2956/3062/2946
f  2986/3066/2950 2824/3129/3013 2823/3127/3011 2955/3064/2948
f  2985/3068/2952 2825/3131/3015 2824/3129/3013 2986/3066/2950
f  2984/3070/2954 2826/3133/3017 2825/3131/3015 2985/3068/2952
f  2983/3010/2894 2795/3071/2955 2826/3133/3017 2984/3070/2954
f  2994/2591/2475 2442/3167/2538 2443/3168/2541 2993/2592/2476
f  2993/2592/2476 2443/3168/2541 2444/3169/2543 2992/2594/2478
f  2992/2594/2478 2444/3169/2543 2445/3170/2545 2991/2596/2480
f  2991/2596/2480 2445/3170/2545 2446/3171/2547 2990/2598/2482
f  2990/2598/2482 2446/3171/2547 2447/3172/2549 2989/2600/2484
f  2989/2600/2484 2447/3172/2549 2448/3173/2551 2988/2602/2486
f  2988/2602/2486 2448/3173/2551 2449/3174/2553 2987/2604/2488
f  2987/2604/2488 2449/3174/2553 2450/3175/2555 3018/2606/2490
f  3018/2606/2490 2450/3175/2555 2451/3176/2557 3017/2608/2492
f  3017/2608/2492 2451/3176/2557 2452/3177/2559 3016/2610/2494
f  3016/2610/2494 2452/3177/2559 2453/3178/2561 3015/2612/2496
f  3015/2612/2496 2453/3178/2561 2454/3179/2563 3014/2614/2498
f  3014/2614/2498 2454/3179/2563 2455/3180/2565 3013/2616/2500
f  3013/2616/2500 2455/3180/2565 2456/2683/2567 3012/2618/2502
f  3012/2618/2502 2456/2683/2567 2457/2685/2569 3011/2620/2504
f  3011/2620/2504 2457/2685/2569 2458/2687/2571 3010/2622/2506
f  3010/2622/2506 2458/2687/2571 2459/3181/2573 3009/2624/2508
f  3009/2624/2508 2459/3181/2573 2460/3182/2575 3008/2626/2510
f  3008/2626/2510 2460/3182/2575 2461/3183/2577 3007/2628/2512
f  3007/2628/2512 2461/3183/2577 2462/3184/2579 3006/2630/2514
f  3006/2630/2514 2462/3184/2579 2463/3185/2581 3005/2632/2516
f  3005/2632/2516 2463/3185/2581 2464/3186/2583 3004/2634/2518
f  3004/2634/2518 2464/3186/2583 2465/3187/2585 3003/2636/2520
f  3003/2636/2520 2465/3187/2585 2466/3188/2587 3002/2638/2522
f  3002/2638/2522 2466/3188/2587 2467/3189/2589 3001/2640/2524
f  3001/2640/2524 2467/3189/2589 2468/3190/2591 3000/2642/2526
f  3000/2642/2526 2468/3190/2591 2469/3191/2593 2999/2644/2528
f  2999/2644/2528 2469/3191/2593 2470/3192/2595 2998/2646/2530
f  2998/2646/2530 2470/3192/2595 2471/3193/2597 2997/2648/2532
f  2997/2648/2532 2471/3193/2597 2472/3194/2599 2996/2650/2534
f  2996/2650/2534 2472/3194/2599 2473/3195/2601 2995/2652/2536
f  2995/2652/2536 2473/3195/2601 2442/3167/2538 2994/2591/2475
f  3026/2558/2442 2410/2590/2474 2411/2593/2477 3025/2559/2443
f  3025/2559/2443 2411/2593/2477 2412/2595/2479 3024/2560/2444
f  3024/2560/2444 2412/2595/2479 2413/2597/2481 3023/2561/2445
f  3023/2561/2445 2413/2597/2481 2414/2599/2483 3022/2562/2446
f  3022/2562/2446 2414/2599/2483 2415/2601/2485 3021/2563/2447
f  3021/2563/2447 2415/2601/2485 2416/2603/2487 3020/2564/2448
f  3020/2564/2448 2416/2603/2487 2417/2605/2489 3019/2565/2449
f  3019/2565/2449 2417/2605/2489 2418/2607/2491 3050/2566/2450
f  3050/2566/2450 2418/2607/2491 2419/2609/2493 3049/2567/2451
f  3049/2567/2451 2419/2609/2493 2420/2611/2495 3048/2568/2452
f  3048/2568/2452 2420/2611/2495 2421/2613/2497 3047/2569/2453
f  3047/2569/2453 2421/2613/2497 2422/2615/2499 3046/2570/2454
f  3046/2570/2454 2422/2615/2499 2423/2617/2501 3045/2571/2455
f  3045/2571/2455 2423/2617/2501 2424/2619/2503 3044/2572/2456
f  3044/2572/2456 2424/2619/2503 2425/2621/2505 3043/2573/2457
f  3043/2573/2457 2425/2621/2505 2426/2623/2507 3042/2574/2458
f  3042/2574/2458 2426/2623/2507 2427/2625/2509 3041/2575/2459
f  3041/2575/2459 2427/2625/2509 2428/2627/2511 3040/2576/2460
f  3040/2576/2460 2428/2627/2511 2429/2629/2513 3039/2577/2461
f  3039/2577/2461 2429/2629/2513 2430/2631/2515 3038/2578/2462
f  3038/2578/2462 2430/2631/2515 2431/2633/2517 3037/2579/2463
f  3037/2579/2463 2431/2633/2517 2432/2635/2519 3036/2580/2464
f  3036/2580/2464 2432/2635/2519 2433/2637/2521 3035/2581/2465
f  3035/2581/2465 2433/2637/2521 2434/2639/2523 3034/2582/2466
f  3034/2582/2466 2434/2639/2523 2435/2641/2525 3033/2583/2467
f  3033/2583/2467 2435/2641/2525 2436/2643/2527 3032/2584/2468
f  3032/2584/2468 2436/2643/2527 2437/2645/2529 3031/2585/2469
f  3031/2585/2469 2437/2645/2529 2438/2647/2531 3030/2586/2470
f  3030/2586/2470 2438/2647/2531 2439/2649/2533 3029/2587/2471
f  3029/2587/2471 2439/2649/2533 2440/2651/2535 3028/2588/2472
f  3028/2588/2472 2440/2651/2535 2441/2653/2537 3027/2589/2473
f  3027/2589/2473 2441/2653/2537 2410/2590/2474 3026/2558/2442
# object Angelfish_Set_05_pivot
g Angelfish_Set_05_pivot
v -0.44557 -3.83044 3.21628
v -0.44234 -3.82949 3.22517
v -0.44171 -3.83122 3.22493
v -0.44120 -3.83290 3.22436
v -0.44083 -3.83448 3.22346
v -0.44060 -3.83589 3.22228
v -0.44054 -3.83708 3.22086
v -0.44063 -3.83800 3.21925
v -0.44088 -3.83862 3.21752
v -0.44128 -3.83891 3.21573
v -0.44182 -3.83886 3.21396
v -0.44246 -3.83847 3.21226
v -0.44319 -3.83777 3.21071
v -0.44399 -3.83677 3.20937
v -0.44481 -3.83551 3.20828
v -0.44562 -3.83404 3.20749
v -0.44641 -3.83243 3.20703
v -0.44713 -3.83072 3.20691
v -0.44775 -3.82899 3.20715
v -0.44826 -3.82731 3.20773
v -0.44864 -3.82573 3.20862
v -0.44887 -3.82432 3.20980
v -0.44893 -3.82313 3.21123
v -0.44884 -3.82221 3.21283
v -0.44859 -3.82160 3.21456
v -0.44818 -3.82131 3.21635
v -0.44765 -3.82136 3.21813
v -0.44701 -3.82174 3.21982
v -0.44627 -3.82245 3.22137
v -0.44548 -3.82345 3.22272
v -0.44466 -3.82471 3.22380
v -0.44384 -3.82617 3.22459
v -0.44306 -3.82779 3.22506
v -0.43757 -3.82790 3.23323
v -0.43634 -3.83129 3.23277
v -0.43534 -3.83460 3.23164
v -0.43460 -3.83770 3.22988
v -0.43416 -3.84046 3.22756
v -0.43403 -3.84279 3.22477
v -0.43421 -3.84460 3.22162
v -0.43471 -3.84581 3.21822
v -0.43549 -3.84637 3.21472
v -0.43654 -3.84628 3.21124
v -0.43780 -3.84552 3.20791
v -0.43924 -3.84414 3.20487
v -0.44079 -3.84217 3.20223
v -0.44240 -3.83971 3.20010
v -0.44401 -3.83684 3.19855
v -0.44554 -3.83367 3.19764
v -0.44695 -3.83032 3.19742
v -0.44818 -3.82693 3.19788
v -0.44919 -3.82362 3.19901
v -0.44992 -3.82053 3.20077
v -0.45037 -3.81776 3.20309
v -0.45050 -3.81543 3.20588
v -0.45031 -3.81363 3.20903
v -0.44982 -3.81242 3.21243
v -0.44903 -3.81185 3.21593
v -0.44799 -3.81195 3.21942
v -0.44672 -3.81270 3.22274
v -0.44528 -3.81409 3.22578
v -0.44373 -3.81605 3.22842
v -0.44212 -3.81852 3.23055
v -0.44052 -3.82139 3.23210
v -0.43898 -3.82456 3.23301
v -0.43144 -3.82574 3.24016
v -0.42965 -3.83066 3.23949
v -0.42819 -3.83547 3.23785
v -0.42712 -3.83996 3.23529
v -0.42648 -3.84398 3.23192
v -0.42629 -3.84736 3.22788
v -0.42656 -3.84998 3.22330
v -0.42728 -3.85173 3.21837
v -0.42842 -3.85256 3.21328
v -0.42994 -3.85242 3.20823
v -0.43178 -3.85132 3.20340
v -0.43386 -3.84931 3.19899
v -0.43612 -3.84646 3.19516
v -0.43845 -3.84288 3.19206
v -0.44078 -3.83871 3.18981
v -0.44301 -3.83411 3.18849
v -0.44506 -3.82925 3.18817
v -0.44685 -3.82433 3.18884
v -0.44830 -3.81953 3.19048
v -0.44937 -3.81503 3.19304
v -0.45001 -3.81102 3.19641
v -0.45020 -3.80764 3.20046
v -0.44993 -3.80502 3.20503
v -0.44922 -3.80326 3.20996
v -0.44808 -3.80244 3.21505
v -0.44656 -3.80258 3.22010
v -0.44472 -3.80367 3.22493
v -0.44263 -3.80568 3.22934
v -0.44038 -3.80854 3.23317
v -0.43804 -3.81211 3.23627
v -0.43572 -3.81629 3.23852
v -0.43348 -3.82089 3.23984
v -0.42418 -3.82309 3.24569
v -0.42190 -3.82935 3.24484
v -0.42005 -3.83547 3.24274
v -0.41869 -3.84119 3.23949
v -0.41787 -3.84630 3.23521
v -0.41763 -3.85060 3.23005
v -0.41797 -3.85394 3.22423
v -0.41889 -3.85617 3.21796
v -0.42034 -3.85722 3.21148
v -0.42227 -3.85704 3.20505
v -0.42461 -3.85565 3.19890
v -0.42726 -3.85309 3.19329
v -0.43013 -3.84946 3.18841
v -0.43311 -3.84490 3.18447
v -0.43607 -3.83959 3.18160
v -0.43891 -3.83374 3.17993
v -0.44152 -3.82756 3.17951
v -0.44379 -3.82129 3.18037
v -0.44564 -3.81518 3.18246
v -0.44700 -3.80946 3.18571
v -0.44782 -3.80435 3.19000
v -0.44806 -3.80004 3.19515
v -0.44772 -3.79671 3.20098
v -0.44680 -3.79448 3.20725
v -0.44535 -3.79343 3.21373
v -0.44342 -3.79360 3.22016
v -0.44108 -3.79500 3.22630
v -0.43843 -3.79756 3.23192
v -0.43556 -3.80119 3.23680
v -0.43259 -3.80575 3.24074
v -0.42962 -3.81105 3.24360
v -0.42678 -3.81691 3.24528
v -0.41607 -3.82005 3.24961
v -0.41340 -3.82742 3.24860
v -0.41122 -3.83460 3.24614
v -0.40962 -3.84133 3.24232
v -0.40865 -3.84734 3.23728
v -0.40837 -3.85240 3.23122
v -0.40877 -3.85632 3.22437
v -0.40985 -3.85895 3.21699
v -0.41156 -3.86018 3.20938
v -0.41383 -3.85997 3.20181
v -0.41658 -3.85833 3.19459
v -0.41970 -3.85532 3.18798
v -0.42307 -3.85105 3.18225
v -0.42657 -3.84570 3.17761
v -0.43005 -3.83946 3.17425
v -0.43339 -3.83257 3.17228
v -0.43646 -3.82530 3.17179
v -0.43913 -3.81794 3.17280
v -0.44131 -3.81075 3.17526
v -0.44291 -3.80402 3.17908
v -0.44387 -3.79801 3.18412
v -0.44416 -3.79295 3.19018
v -0.44375 -3.78903 3.19703
v -0.44268 -3.78640 3.20440
v -0.44097 -3.78517 3.21202
v -0.43870 -3.78538 3.21959
v -0.43595 -3.78702 3.22681
v -0.43283 -3.79003 3.23341
v -0.42945 -3.79430 3.23915
v -0.42596 -3.79965 3.24379
v -0.42247 -3.80590 3.24715
v -0.41913 -3.81278 3.24912
v -0.40743 -3.81673 3.25176
v -0.40446 -3.82492 3.25064
v -0.40203 -3.83290 3.24791
v -0.40026 -3.84038 3.24366
v -0.39919 -3.84706 3.23806
v -0.39887 -3.85268 3.23133
v -0.39932 -3.85704 3.22372
v -0.40052 -3.85996 3.21552
v -0.40241 -3.86133 3.20706
v -0.40494 -3.86110 3.19865
v -0.40799 -3.85927 3.19063
v -0.41146 -3.85593 3.18329
v -0.41521 -3.85119 3.17692
v -0.41909 -3.84523 3.17177
v -0.42296 -3.83830 3.16802
v -0.42667 -3.83065 3.16584
v -0.43008 -3.82257 3.16529
v -0.43305 -3.81439 3.16641
v -0.43547 -3.80640 3.16915
v -0.43725 -3.79893 3.17340
v -0.43832 -3.79225 3.17900
v -0.43863 -3.78662 3.18573
v -0.43819 -3.78227 3.19334
v -0.43699 -3.77935 3.20153
v -0.43510 -3.77798 3.21000
v -0.43257 -3.77821 3.21840
v -0.42952 -3.78003 3.22643
v -0.42605 -3.78338 3.23377
v -0.42230 -3.78812 3.24014
v -0.41841 -3.79407 3.24529
v -0.41454 -3.80101 3.24903
v -0.41083 -3.80866 3.25122
v -0.39858 -3.81328 3.25207
v -0.39543 -3.82197 3.25088
v -0.39286 -3.83044 3.24798
v -0.39097 -3.83838 3.24347
v -0.38983 -3.84547 3.23752
v -0.38950 -3.85144 3.23037
v -0.38997 -3.85606 3.22230
v -0.39124 -3.85916 3.21360
v -0.39326 -3.86062 3.20461
v -0.39594 -3.86037 3.19569
v -0.39918 -3.85843 3.18717
v -0.40286 -3.85488 3.17938
v -0.40684 -3.84985 3.17262
v -0.41096 -3.84353 3.16714
v -0.41508 -3.83617 3.16317
v -0.41901 -3.82805 3.16085
v -0.42263 -3.81947 3.16028
v -0.42578 -3.81078 3.16146
v -0.42835 -3.80231 3.16437
v -0.43024 -3.79437 3.16888
v -0.43138 -3.78728 3.17482
v -0.43171 -3.78131 3.18197
v -0.43123 -3.77669 3.19005
v -0.42997 -3.77359 3.19875
v -0.42795 -3.77213 3.20773
v -0.42527 -3.77238 3.21665
v -0.42203 -3.77432 3.22518
v -0.41835 -3.77787 3.23297
v -0.41437 -3.78290 3.23973
v -0.41024 -3.78922 3.24520
v -0.40613 -3.79658 3.24917
v -0.40220 -3.80471 3.25149
v -0.38987 -3.80981 3.25052
v -0.38665 -3.81867 3.24931
v -0.38403 -3.82731 3.24635
v -0.38211 -3.83540 3.24175
v -0.38095 -3.84263 3.23569
v -0.38061 -3.84872 3.22840
v -0.38110 -3.85343 3.22016
v -0.38239 -3.85659 3.21129
v -0.38444 -3.85807 3.20213
v -0.38717 -3.85782 3.19303
v -0.39048 -3.85585 3.18435
v -0.39423 -3.85223 3.17640
v -0.39829 -3.84710 3.16951
v -0.40250 -3.84065 3.16393
v -0.40669 -3.83315 3.15988
v -0.41070 -3.82486 3.15751
v -0.41439 -3.81613 3.15693
v -0.41761 -3.80726 3.15813
v -0.42023 -3.79862 3.16110
v -0.42215 -3.79053 3.16569
v -0.42331 -3.78330 3.17176
v -0.42365 -3.77722 3.17904
v -0.42316 -3.77250 3.18728
v -0.42187 -3.76934 3.19615
v -0.41982 -3.76786 3.20531
v -0.41709 -3.76811 3.21441
v -0.41378 -3.77008 3.22310
v -0.41003 -3.77370 3.23104
v -0.40597 -3.77884 3.23793
v -0.40176 -3.78528 3.24351
v -0.39757 -3.79278 3.24756
v -0.39356 -3.80107 3.24993
v -0.38163 -3.80646 3.24717
v -0.37848 -3.81515 3.24598
v -0.37591 -3.82362 3.24308
v -0.37402 -3.83156 3.23857
v -0.37289 -3.83865 3.23262
v -0.37255 -3.84462 3.22547
v -0.37303 -3.84924 3.21739
v -0.37429 -3.85234 3.20870
v -0.37631 -3.85380 3.19971
v -0.37899 -3.85355 3.19079
v -0.38223 -3.85162 3.18227
v -0.38591 -3.84806 3.17448
v -0.38989 -3.84303 3.16772
v -0.39402 -3.83671 3.16224
v -0.39813 -3.82935 3.15827
v -0.40207 -3.82123 3.15595
v -0.40568 -3.81266 3.15537
v -0.40883 -3.80396 3.15656
v -0.41140 -3.79549 3.15946
v -0.41329 -3.78755 3.16397
v -0.41443 -3.78046 3.16992
v -0.41476 -3.77449 3.17707
v -0.41429 -3.76987 3.18515
v -0.41302 -3.76677 3.19384
v -0.41100 -3.76532 3.20283
v -0.40833 -3.76556 3.21175
v -0.40508 -3.76750 3.22027
v -0.40140 -3.77105 3.22806
v -0.39742 -3.77608 3.23483
v -0.39330 -3.78240 3.24030
v -0.38919 -3.78976 3.24427
v -0.38525 -3.79789 3.24659
v -0.37418 -3.80336 3.24215
v -0.37121 -3.81154 3.24103
v -0.36879 -3.81953 3.23829
v -0.36701 -3.82700 3.23405
v -0.36594 -3.83368 3.22845
v -0.36563 -3.83931 3.22171
v -0.36607 -3.84366 3.21410
v -0.36727 -3.84658 3.20591
v -0.36916 -3.84795 3.19745
v -0.37169 -3.84772 3.18904
v -0.37474 -3.84590 3.18101
v -0.37821 -3.84255 3.17367
v -0.38196 -3.83781 3.16731
v -0.38585 -3.83186 3.16215
v -0.38972 -3.82492 3.15841
v -0.39343 -3.81727 3.15623
v -0.39683 -3.80920 3.15568
v -0.39980 -3.80101 3.15680
v -0.40223 -3.79303 3.15953
v -0.40400 -3.78555 3.16378
v -0.40507 -3.77887 3.16938
v -0.40539 -3.77325 3.17612
v -0.40494 -3.76889 3.18373
v -0.40375 -3.76597 3.19192
v -0.40185 -3.76460 3.20038
v -0.39933 -3.76484 3.20879
v -0.39627 -3.76666 3.21681
v -0.39280 -3.77001 3.22415
v -0.38905 -3.77475 3.23052
v -0.38517 -3.78070 3.23568
v -0.38130 -3.78763 3.23942
v -0.37759 -3.79528 3.24160
v -0.36780 -3.80063 3.23565
v -0.36513 -3.80800 3.23465
v -0.36295 -3.81518 3.23218
v -0.36135 -3.82191 3.22836
v -0.36039 -3.82792 3.22332
v -0.36010 -3.83298 3.21726
v -0.36051 -3.83690 3.21041
v -0.36158 -3.83953 3.20304
v -0.36329 -3.84076 3.19542
v -0.36556 -3.84055 3.18786
v -0.36831 -3.83891 3.18063
v -0.37143 -3.83590 3.17403
v -0.37481 -3.83163 3.16830
v -0.37830 -3.82628 3.16366
v -0.38179 -3.82004 3.16029
v -0.38513 -3.81315 3.15832
v -0.38819 -3.80588 3.15783
v -0.39086 -3.79852 3.15884
v -0.39304 -3.79133 3.16130
v -0.39464 -3.78460 3.16512
v -0.39561 -3.77859 3.17016
v -0.39589 -3.77353 3.17622
v -0.39549 -3.76961 3.18307
v -0.39441 -3.76698 3.19045
v -0.39270 -3.76575 3.19806
v -0.39043 -3.76596 3.20563
v -0.38768 -3.76760 3.21285
v -0.38456 -3.77061 3.21946
v -0.38119 -3.77488 3.22519
v -0.37769 -3.78023 3.22983
v -0.37421 -3.78648 3.23320
v -0.37087 -3.79336 3.23516
v -0.36274 -3.79837 3.22793
v -0.36047 -3.80464 3.22707
v -0.35862 -3.81075 3.22498
v -0.35726 -3.81647 3.22173
v -0.35644 -3.82158 3.21744
v -0.35620 -3.82589 3.21229
v -0.35654 -3.82922 3.20646
v -0.35746 -3.83146 3.20019
v -0.35891 -3.83250 3.19372
v -0.36084 -3.83233 3.18728
v -0.36318 -3.83093 3.18114
v -0.36583 -3.82837 3.17552
v -0.36870 -3.82474 3.17065
v -0.37167 -3.82019 3.16670
v -0.37464 -3.81488 3.16384
v -0.37748 -3.80902 3.16217
v -0.38008 -3.80284 3.16175
v -0.38236 -3.79658 3.16260
v -0.38421 -3.79047 3.16470
v -0.38557 -3.78475 3.16795
v -0.38639 -3.77963 3.17224
v -0.38663 -3.77533 3.17739
v -0.38629 -3.77199 3.18321
v -0.38537 -3.76976 3.18949
v -0.38392 -3.76871 3.19596
v -0.38199 -3.76889 3.20240
v -0.37965 -3.77028 3.20854
v -0.37700 -3.77285 3.21416
v -0.37413 -3.77647 3.21903
v -0.37115 -3.78103 3.22298
v -0.36819 -3.78634 3.22584
v -0.36535 -3.79219 3.22751
v -0.35920 -3.79668 3.21927
v -0.35741 -3.80160 3.21860
v -0.35596 -3.80640 3.21696
v -0.35489 -3.81090 3.21440
v -0.35425 -3.81491 3.21104
v -0.35406 -3.81830 3.20699
v -0.35433 -3.82092 3.20241
v -0.35504 -3.82267 3.19748
v -0.35619 -3.82350 3.19239
v -0.35770 -3.82336 3.18734
v -0.35954 -3.82226 3.18251
v -0.36163 -3.82025 3.17810
v -0.36388 -3.81740 3.17427
v -0.36622 -3.81382 3.17117
v -0.36854 -3.80965 3.16892
v -0.37078 -3.80505 3.16761
v -0.37282 -3.80019 3.16728
v -0.37461 -3.79527 3.16795
v -0.37607 -3.79047 3.16960
v -0.37714 -3.78597 3.17215
v -0.37778 -3.78196 3.17552
v -0.37797 -3.77857 3.17957
v -0.37770 -3.77595 3.18414
v -0.37698 -3.77420 3.18907
v -0.37584 -3.77337 3.19416
v -0.37432 -3.77351 3.19921
v -0.37248 -3.77461 3.20404
v -0.37040 -3.77662 3.20845
v -0.36814 -3.77947 3.21228
v -0.36581 -3.78305 3.21538
v -0.36348 -3.78722 3.21763
v -0.36125 -3.79182 3.21895
v -0.35731 -3.79561 3.21002
v -0.35608 -3.79900 3.20956
v -0.35507 -3.80231 3.20843
v -0.35434 -3.80540 3.20667
v -0.35389 -3.80817 3.20435
v -0.35376 -3.81050 3.20156
v -0.35395 -3.81230 3.19841
v -0.35444 -3.81351 3.19501
v -0.35523 -3.81408 3.19151
v -0.35627 -3.81399 3.18803
v -0.35754 -3.81323 3.18470
v -0.35898 -3.81184 3.18166
v -0.36053 -3.80988 3.17902
v -0.36214 -3.80742 3.17689
v -0.36374 -3.80454 3.17534
v -0.36528 -3.80137 3.17443
v -0.36669 -3.79803 3.17421
v -0.36792 -3.79464 3.17467
v -0.36892 -3.79133 3.17580
v -0.36966 -3.78823 3.17756
v -0.37010 -3.78547 3.17988
v -0.37023 -3.78314 3.18267
v -0.37005 -3.78133 3.18582
v -0.36955 -3.78013 3.18922
v -0.36877 -3.77956 3.19272
v -0.36772 -3.77965 3.19621
v -0.36646 -3.78041 3.19953
v -0.36502 -3.78179 3.20257
v -0.36347 -3.78376 3.20521
v -0.36186 -3.78622 3.20734
v -0.36025 -3.78910 3.20889
v -0.35872 -3.79227 3.20980
v -0.35713 -3.79521 3.20053
v -0.35651 -3.79694 3.20029
v -0.35600 -3.79862 3.19972
v -0.35562 -3.80020 3.19882
v -0.35539 -3.80161 3.19764
v -0.35533 -3.80280 3.19622
v -0.35542 -3.80372 3.19461
v -0.35568 -3.80434 3.19288
v -0.35608 -3.80463 3.19109
v -0.35661 -3.80458 3.18932
v -0.35725 -3.80419 3.18762
v -0.35799 -3.80348 3.18607
v -0.35878 -3.80248 3.18473
v -0.35960 -3.80123 3.18364
v -0.36042 -3.79976 3.18285
v -0.36120 -3.79815 3.18239
v -0.36192 -3.79644 3.18227
v -0.36255 -3.79471 3.18251
v -0.36306 -3.79303 3.18309
v -0.36343 -3.79145 3.18398
v -0.36366 -3.79004 3.18516
v -0.36372 -3.78885 3.18659
v -0.36363 -3.78793 3.18819
v -0.36338 -3.78731 3.18992
v -0.36298 -3.78702 3.19171
v -0.36244 -3.78707 3.19349
v -0.36180 -3.78746 3.19518
v -0.36107 -3.78817 3.19673
v -0.36028 -3.78917 3.19808
v -0.35945 -3.79042 3.19916
v -0.35864 -3.79189 3.19995
v -0.35785 -3.79350 3.20042
v -0.35869 -3.79549 3.19116
# 482 verticies
vt 0.72638 0.26894
vt 0.74121 0.24649
vt 0.74530 0.24983
vt 0.74868 0.25389
vt 0.75123 0.25852
vt 0.75286 0.26354
vt 0.75350 0.26878
vt 0.75313 0.27405
vt 0.75175 0.27915
vt 0.74940 0.28389
vt 0.74616 0.28809
vt 0.74214 0.29157
vt 0.73749 0.29421
vt 0.73238 0.29587
vt 0.72701 0.29649
vt 0.72158 0.29603
vt 0.71631 0.29449
vt 0.71142 0.29193
vt 0.70711 0.28846
vt 0.70355 0.28421
vt 0.70091 0.27937
vt 0.69928 0.27412
vt 0.69874 0.26868
vt 0.69929 0.26328
vt 0.70089 0.25813
vt 0.70348 0.25343
vt 0.70694 0.24936
vt 0.71113 0.24606
vt 0.71587 0.24365
vt 0.72097 0.24221
vt 0.72625 0.24179
vt 0.73151 0.24238
vt 0.73656 0.24397
vt 0.76433 0.23068
vt 0.77100 0.23867
vt 0.77607 0.24777
vt 0.77938 0.25767
vt 0.78078 0.26805
vt 0.78020 0.27854
vt 0.77764 0.28880
vt 0.77314 0.29843
vt 0.76683 0.30708
vt 0.75888 0.31440
vt 0.74956 0.32007
vt 0.73918 0.32380
vt 0.72814 0.32538
vt 0.71688 0.32469
vt 0.70587 0.32168
vt 0.69560 0.31646
vt 0.68656 0.30922
vt 0.67918 0.30029
vt 0.67380 0.29009
vt 0.67063 0.27910
vt 0.66980 0.26781
vt 0.67126 0.25671
vt 0.67490 0.24625
vt 0.68050 0.23683
vt 0.68777 0.22879
vt 0.69640 0.22237
vt 0.70603 0.21778
vt 0.71629 0.21513
vt 0.72681 0.21448
vt 0.73721 0.21581
vt 0.74715 0.21904
vt 0.75629 0.22406
vt 0.78375 0.21118
vt 0.79371 0.22308
vt 0.80135 0.23662
vt 0.80640 0.25138
vt 0.80867 0.26688
vt 0.80804 0.28265
vt 0.80447 0.29816
vt 0.79799 0.31287
vt 0.78872 0.32625
vt 0.77690 0.33774
vt 0.76286 0.34685
vt 0.74704 0.35308
vt 0.72999 0.35603
vt 0.71240 0.35539
vt 0.69503 0.35101
vt 0.67874 0.34295
vt 0.66439 0.33153
vt 0.65278 0.31733
vt 0.64451 0.30112
vt 0.63992 0.28375
vt 0.63911 0.26610
vt 0.64192 0.24896
vt 0.64804 0.23303
vt 0.65707 0.21888
vt 0.66851 0.20694
vt 0.68186 0.19757
vt 0.69656 0.19097
vt 0.71207 0.18730
vt 0.72786 0.18657
vt 0.74340 0.18876
vt 0.75820 0.19372
vt 0.77179 0.20129
vt 0.80396 0.19094
vt 0.81727 0.20682
vt 0.82756 0.22487
vt 0.83446 0.24455
vt 0.83773 0.26529
vt 0.83719 0.28647
vt 0.83275 0.30742
vt 0.82442 0.32746
vt 0.81232 0.34588
vt 0.79667 0.36197
vt 0.77785 0.37501
vt 0.75636 0.38428
vt 0.73288 0.38914
vt 0.70830 0.38898
vt 0.68373 0.38341
vt 0.66045 0.37232
vt 0.63990 0.35609
vt 0.62344 0.33572
vt 0.61210 0.31251
vt 0.60631 0.28791
vt 0.60597 0.26326
vt 0.61068 0.23968
vt 0.61985 0.21807
vt 0.63281 0.19913
vt 0.64885 0.18336
vt 0.66724 0.17114
vt 0.68727 0.16270
vt 0.70822 0.15815
vt 0.72941 0.15750
vt 0.75018 0.16068
vt 0.76991 0.16749
vt 0.78801 0.17769
vt 0.82542 0.16948
vt 0.84224 0.18950
vt 0.85532 0.21223
vt 0.86422 0.23703
vt 0.86863 0.26321
vt 0.86832 0.29004
vt 0.86314 0.31672
vt 0.85308 0.34243
vt 0.83821 0.36632
vt 0.81875 0.38751
vt 0.79506 0.40508
vt 0.76765 0.41809
vt 0.73724 0.42559
vt 0.70487 0.42660
vt 0.67192 0.42025
vt 0.64024 0.40594
vt 0.61211 0.38389
vt 0.58981 0.35596
vt 0.57524 0.32433
vt 0.56867 0.29132
vt 0.56952 0.25886
vt 0.57688 0.22836
vt 0.58980 0.20084
vt 0.60729 0.17703
vt 0.62843 0.15747
vt 0.65228 0.14249
vt 0.67798 0.13231
vt 0.70466 0.12703
vt 0.73150 0.12661
vt 0.75771 0.13092
vt 0.78255 0.13974
vt 0.80533 0.15273
vt 0.84872 0.14620
vt 0.86929 0.17063
vt 0.88538 0.19833
vt 0.89648 0.22857
vt 0.90220 0.26054
vt 0.90226 0.29339
vt 0.89648 0.32622
vt 0.88477 0.35808
vt 0.86719 0.38797
vt 0.84391 0.41487
vt 0.81523 0.43770
vt 0.78163 0.45531
vt 0.74376 0.46645
vt 0.70263 0.46972
vt 0.65973 0.46349
vt 0.61751 0.44604
vt 0.57961 0.41632
vt 0.54967 0.37867
vt 0.53197 0.33643
vt 0.52556 0.29348
vt 0.52868 0.25226
vt 0.53970 0.21431
vt 0.55722 0.18062
vt 0.57998 0.15185
vt 0.60683 0.12847
vt 0.63668 0.11079
vt 0.66852 0.09898
vt 0.70135 0.09309
vt 0.73421 0.09305
vt 0.76621 0.09868
vt 0.79648 0.10970
vt 0.82423 0.12570
vt 0.87463 0.12032
vt 0.89931 0.14955
vt 0.91872 0.18266
vt 0.93229 0.21880
vt 0.93955 0.25708
vt 0.94017 0.29651
vt 0.93390 0.33608
vt 0.92062 0.37472
vt 0.90035 0.41131
vt 0.87320 0.44470
vt 0.83941 0.47368
vt 0.79934 0.49694
vt 0.75349 0.51304
vt 0.70258 0.52022
vt 0.64774 0.51611
vt 0.59147 0.49690
vt 0.54059 0.45526
vt 0.49878 0.40462
vt 0.47935 0.34832
vt 0.47508 0.29344
vt 0.48213 0.24247
vt 0.49812 0.19656
vt 0.52129 0.15642
vt 0.55019 0.12254
vt 0.58352 0.09530
vt 0.62008 0.07493
vt 0.65869 0.06156
vt 0.69826 0.05519
vt 0.73770 0.05571
vt 0.77600 0.06289
vt 0.81218 0.07637
vt 0.84533 0.09570
vt 0.90422 0.09070
vt 0.93353 0.12532
vt 0.95672 0.16448
vt 0.97313 0.20723
vt 0.98223 0.25255
vt 0.98362 0.29935
vt 0.97701 0.34649
vt 0.96223 0.39278
vt 0.93925 0.43699
vt 0.90813 0.47785
vt 0.86906 0.51405
vt 0.82228 0.54423
vt 0.76806 0.56688
vt 0.70659 0.58028
vt 0.63779 0.58214
vt 0.56087 0.56872
vt 0.49392 0.50197
vt 0.42697 0.43521
vt 0.41335 0.35830
vt 0.41503 0.28948
vt 0.42829 0.22796
vt 0.45082 0.17366
vt 0.48089 0.12680
vt 0.51701 0.08764
vt 0.55781 0.05642
vt 0.60198 0.03334
vt 0.64825 0.01845
vt 0.69539 0.01174
vt 0.74220 0.01302
vt 0.78754 0.02203
vt 0.83033 0.03836
vt 0.86953 0.06146
vt 0.08376 0.91319
vt 0.11334 0.88358
vt 0.14263 0.90819
vt 0.11844 0.94242
vt 0.17578 0.92751
vt 0.15764 0.96551
vt 0.21195 0.94098
vt 0.20041 0.98182
vt 0.25023 0.94815
vt 0.24574 0.99082
vt 0.28966 0.94866
vt 0.29254 0.99210
vt 0.32922 0.94229
vt 0.33966 0.98538
vt 0.36782 0.92892
vt 0.38591 0.97050
vt 0.40436 0.90856
vt 0.43006 0.94742
vt 0.43768 0.88132
vt 0.47085 0.91621
vt 0.46657 0.84745
vt 0.50696 0.87706
vt 0.48973 0.80732
vt 0.53702 0.83021
vt 0.50571 0.76142
vt 0.55955 0.77593
vt 0.51277 0.71046
vt 0.57280 0.71443
vt 0.50849 0.65560
vt 0.57448 0.64562
vt 0.48907 0.59931
vt 0.44727 0.54867
vt 0.39638 0.50704
vt 0.34012 0.48784
vt 0.35005 0.42182
vt 0.28529 0.48374
vt 0.28126 0.42368
vt 0.23438 0.49093
vt 0.21980 0.43710
vt 0.18854 0.50704
vt 0.16559 0.45977
vt 0.14849 0.53031
vt 0.11883 0.48994
vt 0.11471 0.55928
vt 0.07978 0.52615
vt 0.08758 0.59267
vt 0.04868 0.56701
vt 0.06732 0.62926
vt 0.02572 0.61121
vt 0.05405 0.66789
vt 0.01095 0.65749
vt 0.04779 0.70745
vt 0.00435 0.70462
vt 0.04841 0.74687
vt 0.00575 0.75141
vt 0.05568 0.78513
vt 0.01485 0.79671
vt 0.06925 0.82126
vt 0.03127 0.83944
vt 0.08866 0.85436
vt 0.05445 0.87858
vt 0.13924 0.85770
vt 0.16373 0.87819
vt 0.19147 0.89419
vt 0.22173 0.90519
vt 0.25372 0.91082
vt 0.28657 0.91078
vt 0.31939 0.90489
vt 0.35121 0.89308
vt 0.38106 0.87540
vt 0.40790 0.85203
vt 0.43065 0.82326
vt 0.44816 0.78957
vt 0.45918 0.75164
vt 0.46230 0.71043
vt 0.45588 0.66748
vt 0.43819 0.62526
vt 0.40825 0.58761
vt 0.37036 0.55790
vt 0.32813 0.54046
vt 0.28524 0.53424
vt 0.24412 0.53751
vt 0.20626 0.54865
vt 0.17267 0.56627
vt 0.14400 0.58910
vt 0.12073 0.61600
vt 0.10316 0.64589
vt 0.09147 0.67774
vt 0.08569 0.71056
vt 0.08575 0.74341
vt 0.09148 0.77537
vt 0.10258 0.80559
vt 0.11867 0.83328
vt 0.16253 0.83442
vt 0.18261 0.85117
vt 0.20539 0.86415
vt 0.23023 0.87296
vt 0.25643 0.87727
vt 0.28326 0.87684
vt 0.30993 0.87156
vt 0.33562 0.86139
vt 0.35946 0.84641
vt 0.38059 0.82685
vt 0.39808 0.80305
vt 0.41099 0.77554
vt 0.41835 0.74504
vt 0.41920 0.71259
vt 0.41262 0.67959
vt 0.39806 0.64796
vt 0.37576 0.62004
vt 0.34763 0.59800
vt 0.31596 0.58370
vt 0.28301 0.57735
vt 0.25064 0.57837
vt 0.22025 0.58586
vt 0.19284 0.59888
vt 0.16916 0.61645
vt 0.14971 0.63763
vt 0.13485 0.66152
vt 0.12479 0.68723
vt 0.11962 0.71391
vt 0.11931 0.74072
vt 0.12373 0.76690
vt 0.13263 0.79169
vt 0.14570 0.81441
vt 0.18398 0.81297
vt 0.19993 0.82621
vt 0.21802 0.83640
vt 0.23775 0.84321
vt 0.25851 0.84638
vt 0.27970 0.84573
vt 0.30064 0.84118
vt 0.32066 0.83274
vt 0.33904 0.82052
vt 0.35508 0.80476
vt 0.36803 0.78582
vt 0.37720 0.76422
vt 0.38191 0.74065
vt 0.38157 0.71600
vt 0.37578 0.69140
vt 0.36444 0.66820
vt 0.34797 0.64783
vt 0.32742 0.63161
vt 0.30416 0.62052
vt 0.27958 0.61496
vt 0.25501 0.61481
vt 0.23154 0.61966
vt 0.21005 0.62894
vt 0.19124 0.64198
vt 0.17560 0.65807
vt 0.16350 0.67649
vt 0.15518 0.69653
vt 0.15074 0.71747
vt 0.15020 0.73864
vt 0.15347 0.75937
vt 0.16038 0.77905
vt 0.17066 0.79709
vt 0.20418 0.79273
vt 0.21614 0.80262
vt 0.22973 0.81018
vt 0.24452 0.81514
vt 0.26006 0.81732
vt 0.27584 0.81660
vt 0.29135 0.81292
vt 0.30604 0.80633
vt 0.31938 0.79695
vt 0.33082 0.78502
vt 0.33985 0.77087
vt 0.34597 0.75494
vt 0.34877 0.73781
vt 0.34796 0.72016
vt 0.34338 0.70280
vt 0.33511 0.68659
vt 0.32349 0.67239
vt 0.30914 0.66098
vt 0.29286 0.65292
vt 0.27549 0.64855
vt 0.25790 0.64791
vt 0.24086 0.65086
vt 0.22504 0.65710
vt 0.21100 0.66620
vt 0.19919 0.67769
vt 0.18993 0.69107
vt 0.18345 0.70577
vt 0.17988 0.72128
vt 0.17926 0.73704
vt 0.18153 0.75255
vt 0.18659 0.76730
vt 0.19422 0.78083
vt 0.22360 0.77323
vt 0.23163 0.77985
vt 0.24077 0.78486
vt 0.25071 0.78810
vt 0.26111 0.78942
vt 0.27162 0.78877
vt 0.28187 0.78612
vt 0.29150 0.78153
vt 0.30013 0.77512
vt 0.30740 0.76707
vt 0.31299 0.75766
vt 0.31663 0.74720
vt 0.31809 0.73610
vt 0.31726 0.72481
vt 0.31409 0.71382
vt 0.30871 0.70363
vt 0.30133 0.69470
vt 0.29229 0.68747
vt 0.28203 0.68224
vt 0.27102 0.67924
vt 0.25976 0.67855
vt 0.24872 0.68014
vt 0.23835 0.68387
vt 0.22903 0.68953
vt 0.22108 0.69685
vt 0.21477 0.70550
vt 0.21028 0.71513
vt 0.20772 0.72538
vt 0.20714 0.73588
vt 0.20854 0.74625
vt 0.21185 0.75615
vt 0.21692 0.76525
vt 0.24261 0.75408
vt 0.24670 0.75743
vt 0.25135 0.75994
vt 0.25640 0.76153
vt 0.26165 0.76212
vt 0.26693 0.76170
vt 0.27204 0.76026
vt 0.27678 0.75785
vt 0.28096 0.75455
vt 0.28442 0.75048
vt 0.28701 0.74578
vt 0.28861 0.74063
vt 0.28916 0.73523
vt 0.28861 0.72980
vt 0.28699 0.72455
vt 0.28435 0.71970
vt 0.28079 0.71545
vt 0.27648 0.71198
vt 0.27159 0.70943
vt 0.26632 0.70789
vt 0.26089 0.70743
vt 0.25552 0.70805
vt 0.25041 0.70972
vt 0.24577 0.71235
vt 0.24175 0.71584
vt 0.23852 0.72004
vt 0.23617 0.72478
vt 0.23479 0.72988
vt 0.23441 0.73514
vt 0.23505 0.74038
vt 0.23668 0.74540
vt 0.23923 0.75002
vt 0.26153 0.73498
# 511 texture verticies
vn -0.89605 -0.36051 0.25911
vn -0.83495 -0.30468 0.45828
vn -0.81890 -0.34349 0.45980
vn -0.80500 -0.38264 0.45338
vn -0.79381 -0.42062 0.43926
vn -0.78574 -0.45596 0.41798
vn -0.78111 -0.48732 0.39037
vn -0.78010 -0.51347 0.35748
vn -0.78274 -0.53343 0.32058
vn -0.78893 -0.54642 0.28109
vn -0.79844 -0.55194 0.24051
vn -0.81090 -0.54978 0.20043
vn -0.82584 -0.54003 0.16236
vn -0.84266 -0.52306 0.12779
vn -0.86074 -0.49951 0.09802
vn -0.87938 -0.47031 0.07422
vn -0.89785 -0.43656 0.05729
vn -0.91545 -0.39956 0.04788
vn -0.93151 -0.36075 0.04636
vn -0.94540 -0.32160 0.05279
vn -0.95660 -0.28362 0.06691
vn -0.96467 -0.24828 0.08819
vn -0.96930 -0.21693 0.11580
vn -0.97031 -0.19077 0.14869
vn -0.96767 -0.17081 0.18559
vn -0.96147 -0.15782 0.22508
vn -0.95196 -0.15230 0.26565
vn -0.93950 -0.15446 0.30574
vn -0.92457 -0.16421 0.34381
vn -0.90774 -0.18118 0.37838
vn -0.88967 -0.20473 0.40815
vn -0.87103 -0.23393 0.43195
vn -0.85256 -0.26768 0.44888
vn -0.72998 -0.31090 0.60866
vn -0.70477 -0.38083 0.59856
vn -0.68429 -0.44892 0.57465
vn -0.66932 -0.51256 0.53786
vn -0.66045 -0.56930 0.48960
vn -0.65801 -0.61696 0.43172
vn -0.66210 -0.65371 0.36646
vn -0.67255 -0.67814 0.29631
vn -0.68898 -0.68931 0.22397
vn -0.71074 -0.68679 0.15222
vn -0.73700 -0.67067 0.08383
vn -0.76675 -0.64159 0.02141
vn -0.79885 -0.60064 -0.03263
vn -0.83207 -0.54941 -0.07622
vn -0.86512 -0.48987 -0.10768
vn -0.89674 -0.42431 -0.12580
vn -0.92571 -0.35523 -0.12988
vn -0.95092 -0.28531 -0.11978
vn -0.97140 -0.21722 -0.09587
vn -0.98637 -0.15358 -0.05908
vn -0.99524 -0.09684 -0.01082
vn -0.99768 -0.04918 0.04705
vn -0.99359 -0.01242 0.11232
vn -0.98314 0.01201 0.18247
vn -0.96671 0.02318 0.25481
vn -0.94495 0.02065 0.32656
vn -0.91869 0.00454 0.39495
vn -0.88894 -0.02455 0.45737
vn -0.85684 -0.06549 0.51141
vn -0.82362 -0.11672 0.55500
vn -0.79057 -0.17626 0.58645
vn -0.75895 -0.24183 0.60457
vn -0.60357 -0.26604 0.75161
vn -0.56688 -0.36757 0.73725
vn -0.53703 -0.46649 0.70284
vn -0.51518 -0.55900 0.64970
vn -0.50216 -0.64155 0.57987
vn -0.49847 -0.71097 0.49603
vn -0.50426 -0.76458 0.40142
vn -0.51931 -0.80033 0.29965
vn -0.54303 -0.81684 0.19465
vn -0.57451 -0.81348 0.09045
vn -0.61255 -0.79038 -0.00894
vn -0.65568 -0.74843 -0.09972
vn -0.70224 -0.68923 -0.17838
vn -0.75045 -0.61507 -0.24191
vn -0.79845 -0.52878 -0.28786
vn -0.84440 -0.43370 -0.31447
vn -0.88653 -0.33347 -0.32071
vn -0.92323 -0.23195 -0.30636
vn -0.95307 -0.13302 -0.27194
vn -0.97493 -0.04051 -0.21880
vn -0.98795 0.04204 -0.14897
vn -0.99163 0.11145 -0.06514
vn -0.98584 0.16507 0.02948
vn -0.97080 0.20081 0.13124
vn -0.94708 0.21733 0.23624
vn -0.91560 0.21397 0.34044
vn -0.87756 0.19087 0.43984
vn -0.83443 0.14891 0.53061
vn -0.78787 0.08972 0.60928
vn -0.73966 0.01555 0.67280
vn -0.69166 -0.07073 0.71876
vn -0.64571 -0.16581 0.74537
vn -0.45397 -0.21096 0.86568
vn -0.40720 -0.34019 0.84762
vn -0.36914 -0.46614 0.80403
vn -0.34123 -0.58397 0.73657
vn -0.32457 -0.68916 0.64786
vn -0.31978 -0.77766 0.54129
vn -0.32705 -0.84607 0.42095
vn -0.34610 -0.89177 0.29149
vn -0.37621 -0.91299 0.15786
vn -0.41620 -0.90892 0.02520
vn -0.46455 -0.87972 -0.10138
vn -0.51940 -0.82651 -0.21702
vn -0.57864 -0.75134 -0.31728
vn -0.63999 -0.65709 -0.39831
vn -0.70110 -0.54738 -0.45699
vn -0.75961 -0.42643 -0.49107
vn -0.81328 -0.29890 -0.49923
vn -0.86005 -0.16967 -0.48117
vn -0.89812 -0.04372 -0.43757
vn -0.92602 0.07411 -0.37012
vn -0.94269 0.17930 -0.28140
vn -0.94748 0.26780 -0.17483
vn -0.94021 0.33622 -0.05450
vn -0.92115 0.38191 0.07497
vn -0.89105 0.40314 0.20860
vn -0.85105 0.39907 0.34125
vn -0.80270 0.36987 0.46783
vn -0.74785 0.31666 0.58347
vn -0.68862 0.24148 0.68374
vn -0.62726 0.14723 0.76476
vn -0.56616 0.03752 0.82344
vn -0.50764 -0.08342 0.85752
vn -0.28691 -0.14777 0.94649
vn -0.23187 -0.29973 0.92542
vn -0.18705 -0.44787 0.87432
vn -0.15417 -0.58650 0.79514
vn -0.13449 -0.71028 0.69095
vn -0.12878 -0.81447 0.56573
vn -0.13726 -0.89505 0.42431
vn -0.15959 -0.94894 0.27211
vn -0.19492 -0.97406 0.11499
vn -0.24189 -0.96944 -0.04102
vn -0.29870 -0.93526 -0.18992
vn -0.36316 -0.87284 -0.32599
vn -0.43280 -0.78457 -0.44400
vn -0.50493 -0.67385 -0.53941
vn -0.57680 -0.54493 -0.60856
vn -0.64563 -0.40277 -0.64880
vn -0.70878 -0.25283 -0.65856
vn -0.76383 -0.10087 -0.63749
vn -0.80865 0.04727 -0.58639
vn -0.84153 0.18590 -0.50722
vn -0.86120 0.30968 -0.40302
vn -0.86691 0.41387 -0.27781
vn -0.85844 0.49446 -0.13638
vn -0.83610 0.54834 0.01581
vn -0.80077 0.57346 0.17294
vn -0.75380 0.56884 0.32895
vn -0.69699 0.53466 0.47785
vn -0.63253 0.47224 0.61391
vn -0.56290 0.38397 0.73192
vn -0.49076 0.27325 0.82734
vn -0.41889 0.14434 0.89649
vn -0.35006 0.00217 0.93672
vn -0.10882 -0.07890 0.99093
vn -0.04762 -0.24775 0.96765
vn 0.00224 -0.41239 0.91100
vn 0.03883 -0.56648 0.82316
vn 0.06076 -0.70411 0.70749
vn 0.06716 -0.81998 0.56844
vn 0.05781 -0.90964 0.41136
vn 0.03306 -0.96964 0.24228
vn -0.00614 -0.99769 0.06770
vn -0.05828 -0.99269 -0.10567
vn -0.12136 -0.95485 -0.27117
vn -0.19296 -0.88562 -0.42243
vn -0.27032 -0.78765 -0.55365
vn -0.35047 -0.66472 -0.65979
vn -0.43033 -0.52155 -0.73675
vn -0.50683 -0.36363 -0.78160
vn -0.57703 -0.19704 -0.79259
vn -0.63824 -0.02819 -0.76932
vn -0.68810 0.13645 -0.71267
vn -0.72469 0.29054 -0.62483
vn -0.74661 0.42817 -0.50916
vn -0.75302 0.54404 -0.37011
vn -0.74367 0.63370 -0.21303
vn -0.71892 0.69370 -0.04395
vn -0.67972 0.72175 0.13063
vn -0.62758 0.71675 0.30400
vn -0.56449 0.67891 0.46950
vn -0.49290 0.60968 0.62076
vn -0.41554 0.51171 0.75198
vn -0.33539 0.38878 0.85812
vn -0.25553 0.24560 0.93508
vn -0.17903 0.08769 0.97993
vn 0.07345 -0.00699 0.99727
vn 0.13847 -0.18626 0.97269
vn 0.19144 -0.36107 0.91268
vn 0.23034 -0.52470 0.81953
vn 0.25367 -0.67088 0.69683
vn 0.26054 -0.79397 0.54930
vn 0.25067 -0.88926 0.38259
vn 0.22445 -0.95308 0.20313
vn 0.18289 -0.98297 0.01781
vn 0.12758 -0.97779 -0.16626
vn 0.06064 -0.93774 -0.34199
vn -0.01534 -0.86436 -0.50264
vn -0.09745 -0.76046 -0.64203
vn -0.18253 -0.63004 -0.75481
vn -0.26732 -0.47811 -0.83663
vn -0.34855 -0.31051 -0.88436
vn -0.42310 -0.13368 -0.89617
vn -0.48812 0.04558 -0.87159
vn -0.54110 0.22039 -0.81157
vn -0.58000 0.38403 -0.71842
vn -0.60333 0.53020 -0.59572
vn -0.61019 0.65330 -0.44819
vn -0.60032 0.74859 -0.28148
vn -0.57410 0.81240 -0.10202
vn -0.53254 0.84230 0.08330
vn -0.47723 0.83712 0.26737
vn -0.41029 0.79707 0.44310
vn -0.33431 0.72368 0.60375
vn -0.25220 0.61978 0.74314
vn -0.16712 0.48936 0.85592
vn -0.08233 0.33743 0.93774
vn -0.00110 0.16983 0.98547
vn 0.25291 0.06518 0.96529
vn 0.31924 -0.11760 0.94035
vn 0.37329 -0.29586 0.87927
vn 0.41301 -0.46275 0.78440
vn 0.43685 -0.61186 0.65939
vn 0.44390 -0.73745 0.50904
vn 0.43389 -0.83471 0.33912
vn 0.40721 -0.89988 0.15618
vn 0.36488 -0.93048 -0.03277
vn 0.30853 -0.92531 -0.22046
vn 0.24032 -0.88459 -0.39968
vn 0.16288 -0.80987 -0.56354
vn 0.07917 -0.70403 -0.70574
vn -0.00757 -0.57114 -0.82082
vn -0.09403 -0.41629 -0.90436
vn -0.17687 -0.24545 -0.95314
vn -0.25291 -0.06518 -0.96529
vn -0.31924 0.11760 -0.94035
vn -0.37329 0.29586 -0.87927
vn -0.41301 0.46275 -0.78440
vn -0.43685 0.61186 -0.65939
vn -0.44390 0.73745 -0.50904
vn -0.43389 0.83471 -0.33912
vn -0.40721 0.89988 -0.15617
vn -0.36488 0.93048 0.03277
vn -0.30853 0.92531 0.22046
vn -0.24032 0.88459 0.39968
vn -0.16288 0.80987 0.56354
vn -0.07917 0.70403 0.70574
vn 0.00757 0.57114 0.82082
vn 0.09403 0.41629 0.90436
vn 0.17687 0.24545 0.95314
vn 0.42265 0.13484 0.89621
vn 0.48773 -0.04443 0.87186
vn 0.54079 -0.21928 0.81207
vn 0.57979 -0.38301 0.71913
vn 0.60323 -0.52932 0.59660
vn 0.61020 -0.65259 0.44921
vn 0.60044 -0.74807 0.28262
vn 0.57432 -0.81210 0.10322
vn 0.53285 -0.84222 -0.08209
vn 0.47762 -0.83727 -0.26619
vn 0.41076 -0.79744 -0.44200
vn 0.33483 -0.72426 -0.60277
vn 0.25275 -0.62055 -0.74232
vn 0.16768 -0.49029 -0.85528
vn 0.08288 -0.33848 -0.93732
vn 0.00161 -0.17096 -0.98528
vn -0.07300 0.00583 -0.99732
vn -0.13808 0.18510 -0.97297
vn -0.19114 0.35996 -0.91318
vn -0.23014 0.52369 -0.82023
vn -0.25358 0.67000 -0.69771
vn -0.26055 0.79326 -0.55032
vn -0.25079 0.88874 -0.38372
vn -0.22467 0.95277 -0.20432
vn -0.18320 0.98289 -0.01901
vn -0.12797 0.97794 0.16509
vn -0.06111 0.93811 0.34090
vn 0.01482 0.86494 0.50166
vn 0.09690 0.76122 0.64121
vn 0.18197 0.63096 0.75417
vn 0.26677 0.47915 0.83621
vn 0.34804 0.31163 0.88417
vn 0.57614 0.19933 0.79268
vn 0.63748 0.03046 0.76986
vn 0.68751 -0.13428 0.71365
vn 0.72429 -0.28856 0.62621
vn 0.74642 -0.42644 0.51089
vn 0.75304 -0.54264 0.37212
vn 0.74390 -0.63268 0.21525
vn 0.71935 -0.69310 0.04629
vn 0.68034 -0.72159 -0.12826
vn 0.62836 -0.71704 -0.30169
vn 0.56541 -0.67964 -0.46734
vn 0.49391 -0.61081 -0.61884
vn 0.41661 -0.51321 -0.75036
vn 0.33648 -0.39059 -0.85687
vn 0.25659 -0.24765 -0.93425
vn 0.18003 -0.08990 -0.97955
vn 0.10972 0.07661 -0.99101
vn 0.04837 0.24548 -0.96819
vn -0.00165 0.41022 -0.91198
vn -0.03843 0.56450 -0.82454
vn -0.06056 0.70238 -0.70922
vn -0.06718 0.81858 -0.57045
vn -0.05804 0.90862 -0.41358
vn -0.03350 0.96904 -0.24462
vn 0.00552 0.99753 -0.07007
vn 0.05750 0.99298 0.10336
vn 0.12045 0.95558 0.26901
vn 0.19195 0.88675 0.42051
vn 0.26925 0.78915 0.55203
vn 0.34938 0.66653 0.65854
vn 0.42926 0.52359 0.73592
vn 0.50583 0.36584 0.78121
vn 0.70748 0.25615 0.65868
vn 0.76272 0.10417 0.63828
vn 0.80779 -0.04411 0.58782
vn 0.84095 -0.18301 0.50923
vn 0.86092 -0.30717 0.40554
vn 0.86694 -0.41183 0.28074
vn 0.85877 -0.49297 0.13961
vn 0.83674 -0.54747 -0.01241
vn 0.80168 -0.57322 -0.16949
vn 0.75494 -0.56926 -0.32559
vn 0.69833 -0.53572 -0.47471
vn 0.63401 -0.47389 -0.61111
vn 0.56446 -0.38616 -0.72957
vn 0.49234 -0.27589 -0.82552
vn 0.42044 -0.14732 -0.89528
vn 0.35152 -0.00539 -0.93617
vn 0.28822 0.14445 -0.94661
vn 0.23297 0.29643 -0.92621
vn 0.18790 0.44471 -0.87574
vn 0.15475 0.58361 -0.79716
vn 0.13478 0.70777 -0.69347
vn 0.12876 0.81243 -0.56866
vn 0.13692 0.89357 -0.42754
vn 0.15896 0.94806 -0.27551
vn 0.19402 0.97382 -0.11844
vn 0.24075 0.96986 0.03766
vn 0.29737 0.93631 0.18678
vn 0.36169 0.87449 0.32319
vn 0.43124 0.78676 0.44164
vn 0.50335 0.67648 0.53759
vn 0.57525 0.54791 0.60735
vn 0.64418 0.40598 0.64824
vn 0.81162 0.30313 0.49938
vn 0.85865 0.17388 0.48217
vn 0.89703 0.04775 0.43939
vn 0.92528 -0.07043 0.37268
vn 0.94233 -0.17610 0.28462
vn 0.94751 -0.26520 0.17857
vn 0.94063 -0.33432 0.05861
vn 0.92196 -0.38080 -0.07063
vn 0.89220 -0.40284 -0.20420
vn 0.85251 -0.39960 -0.33697
vn 0.80440 -0.37122 -0.46383
vn 0.74973 -0.31877 -0.57990
vn 0.69060 -0.24427 -0.68073
vn 0.62928 -0.15059 -0.76245
vn 0.56813 -0.04132 -0.82190
vn 0.50950 0.07933 -0.85681
vn 0.45563 0.20672 -0.86583
vn 0.40861 0.33597 -0.84862
vn 0.37023 0.46211 -0.80584
vn 0.34197 0.58028 -0.73914
vn 0.32493 0.68595 -0.65107
vn 0.31974 0.77506 -0.54502
vn 0.32662 0.84418 -0.42507
vn 0.34530 0.89065 -0.29582
vn 0.37505 0.91269 -0.16225
vn 0.41475 0.90946 -0.02948
vn 0.46285 0.88107 0.09738
vn 0.51752 0.82862 0.21345
vn 0.57665 0.75412 0.31428
vn 0.63797 0.66044 0.39599
vn 0.69912 0.55118 0.45545
vn 0.75776 0.43053 0.49035
vn 0.88458 0.33846 0.32089
vn 0.92157 0.23691 0.30754
vn 0.95179 0.13777 0.27409
vn 0.97405 0.04485 0.22182
vn 0.98752 -0.03826 0.15276
vn 0.99167 -0.10839 0.06954
vn 0.98635 -0.16283 -0.02463
vn 0.97175 -0.19950 -0.12613
vn 0.94843 -0.21698 -0.23107
vn 0.91731 -0.21460 -0.33540
vn 0.87956 -0.19246 -0.43513
vn 0.83664 -0.15139 -0.52641
vn 0.79021 -0.09300 -0.60574
vn 0.74204 -0.01951 -0.67008
vn 0.69398 0.06625 -0.71694
vn 0.64789 0.16099 -0.74453
vn 0.60553 0.26105 -0.75179
vn 0.56853 0.36261 -0.73843
vn 0.53832 0.46175 -0.70498
vn 0.51605 0.55466 -0.65272
vn 0.50258 0.63778 -0.58365
vn 0.49843 0.70791 -0.50043
vn 0.50376 0.76235 -0.40627
vn 0.51836 0.79901 -0.30476
vn 0.54167 0.81649 -0.19983
vn 0.57280 0.81411 -0.09549
vn 0.61055 0.79197 0.00423
vn 0.65346 0.75091 0.09551
vn 0.69990 0.69251 0.17485
vn 0.74807 0.61902 0.23918
vn 0.79612 0.53326 0.28604
vn 0.84222 0.43853 0.31363
vn 0.92353 0.36078 0.13008
vn 0.94908 0.29083 0.12109
vn 0.96997 0.22249 0.09826
vn 0.98540 0.15841 0.06244
vn 0.99477 0.10104 0.01503
vn 0.99773 0.05258 -0.04216
vn 0.99416 0.01491 -0.10693
vn 0.98419 -0.01054 -0.17679
vn 0.96822 -0.02279 -0.24905
vn 0.94686 -0.02136 -0.32094
vn 0.92092 -0.00631 -0.38970
vn 0.89140 0.02179 -0.45269
vn 0.85945 0.06184 -0.50747
vn 0.82627 0.11232 -0.55196
vn 0.79316 0.17128 -0.58443
vn 0.76138 0.23646 -0.60364
vn 0.73216 0.30535 -0.60886
vn 0.70661 0.37531 -0.59987
vn 0.68572 0.44364 -0.57704
vn 0.67029 0.50772 -0.54122
vn 0.66092 0.56510 -0.49381
vn 0.65797 0.61355 -0.43662
vn 0.66154 0.65123 -0.37185
vn 0.67150 0.67668 -0.30199
vn 0.68747 0.68892 -0.22973
vn 0.70883 0.68749 -0.15783
vn 0.73477 0.67244 -0.08907
vn 0.76429 0.64435 -0.02609
vn 0.79625 0.60429 0.02870
vn 0.82942 0.55381 0.07318
vn 0.86253 0.49485 0.10565
vn 0.89431 0.42967 0.12486
vn 0.92732 0.37144 -0.04599
vn 0.94186 0.33223 -0.05026
vn 0.95384 0.29378 -0.06232
vn 0.96280 0.25758 -0.08171
vn 0.96839 0.22501 -0.10769
vn 0.97040 0.19733 -0.13926
vn 0.96875 0.17559 -0.17520
vn 0.96350 0.16064 -0.21413
vn 0.95487 0.15305 -0.25456
vn 0.94317 0.15311 -0.29494
vn 0.92886 0.16081 -0.33370
vn 0.91249 0.17587 -0.36937
vn 0.89468 0.19770 -0.40057
vn 0.87613 0.22546 -0.42610
vn 0.85754 0.25809 -0.44498
vn 0.83963 0.29434 -0.45649
vn 0.82309 0.33281 -0.46018
vn 0.80855 0.37201 -0.45591
vn 0.79657 0.41046 -0.44385
vn 0.78761 0.44666 -0.42446
vn 0.78202 0.47923 -0.39848
vn 0.78001 0.50691 -0.36691
vn 0.78166 0.52865 -0.33097
vn 0.78690 0.54360 -0.29203
vn 0.79554 0.55119 -0.25160
vn 0.80724 0.55114 -0.21123
vn 0.82155 0.54343 -0.17246
vn 0.83792 0.52837 -0.13680
vn 0.85572 0.50654 -0.10560
vn 0.87428 0.47878 -0.08007
vn 0.89287 0.44615 -0.06118
vn 0.91078 0.40990 -0.04968
vn 0.89605 0.36051 -0.25911
# 482 normals
usemtl Angelfish_Apple_Of_The_Eye
f  3051/3196/3051 3083/3197/3052 3052/3198/3053 3053/3199/3054
f  3051/3196/3051 3053/3199/3054 3054/3200/3055 3055/3201/3056
f  3051/3196/3051 3055/3201/3056 3056/3202/3057 3057/3203/3058
f  3051/3196/3051 3057/3203/3058 3058/3204/3059 3059/3205/3060
f  3051/3196/3051 3059/3205/3060 3060/3206/3061 3061/3207/3062
f  3051/3196/3051 3061/3207/3062 3062/3208/3063 3063/3209/3064
f  3051/3196/3051 3063/3209/3064 3064/3210/3065 3065/3211/3066
f  3051/3196/3051 3065/3211/3066 3066/3212/3067 3067/3213/3068
f  3051/3196/3051 3067/3213/3068 3068/3214/3069 3069/3215/3070
f  3051/3196/3051 3069/3215/3070 3070/3216/3071 3071/3217/3072
f  3051/3196/3051 3071/3217/3072 3072/3218/3073 3073/3219/3074
f  3051/3196/3051 3073/3219/3074 3074/3220/3075 3075/3221/3076
f  3051/3196/3051 3075/3221/3076 3076/3222/3077 3077/3223/3078
f  3051/3196/3051 3077/3223/3078 3078/3224/3079 3079/3225/3080
f  3051/3196/3051 3079/3225/3080 3080/3226/3081 3081/3227/3082
f  3051/3196/3051 3081/3227/3082 3082/3228/3083 3083/3197/3052
f  3052/3198/3053 3084/3229/3084 3085/3230/3085 3053/3199/3054
f  3053/3199/3054 3085/3230/3085 3086/3231/3086 3054/3200/3055
f  3054/3200/3055 3086/3231/3086 3087/3232/3087 3055/3201/3056
f  3055/3201/3056 3087/3232/3087 3088/3233/3088 3056/3202/3057
f  3056/3202/3057 3088/3233/3088 3089/3234/3089 3057/3203/3058
f  3057/3203/3058 3089/3234/3089 3090/3235/3090 3058/3204/3059
f  3058/3204/3059 3090/3235/3090 3091/3236/3091 3059/3205/3060
f  3059/3205/3060 3091/3236/3091 3092/3237/3092 3060/3206/3061
f  3060/3206/3061 3092/3237/3092 3093/3238/3093 3061/3207/3062
f  3061/3207/3062 3093/3238/3093 3094/3239/3094 3062/3208/3063
f  3062/3208/3063 3094/3239/3094 3095/3240/3095 3063/3209/3064
f  3063/3209/3064 3095/3240/3095 3096/3241/3096 3064/3210/3065
f  3064/3210/3065 3096/3241/3096 3097/3242/3097 3065/3211/3066
f  3065/3211/3066 3097/3242/3097 3098/3243/3098 3066/3212/3067
f  3066/3212/3067 3098/3243/3098 3099/3244/3099 3067/3213/3068
f  3067/3213/3068 3099/3244/3099 3100/3245/3100 3068/3214/3069
f  3068/3214/3069 3100/3245/3100 3101/3246/3101 3069/3215/3070
f  3069/3215/3070 3101/3246/3101 3102/3247/3102 3070/3216/3071
f  3070/3216/3071 3102/3247/3102 3103/3248/3103 3071/3217/3072
f  3071/3217/3072 3103/3248/3103 3104/3249/3104 3072/3218/3073
f  3072/3218/3073 3104/3249/3104 3105/3250/3105 3073/3219/3074
f  3073/3219/3074 3105/3250/3105 3106/3251/3106 3074/3220/3075
f  3074/3220/3075 3106/3251/3106 3107/3252/3107 3075/3221/3076
f  3075/3221/3076 3107/3252/3107 3108/3253/3108 3076/3222/3077
f  3076/3222/3077 3108/3253/3108 3109/3254/3109 3077/3223/3078
f  3077/3223/3078 3109/3254/3109 3110/3255/3110 3078/3224/3079
f  3078/3224/3079 3110/3255/3110 3111/3256/3111 3079/3225/3080
f  3079/3225/3080 3111/3256/3111 3112/3257/3112 3080/3226/3081
f  3080/3226/3081 3112/3257/3112 3113/3258/3113 3081/3227/3082
f  3081/3227/3082 3113/3258/3113 3114/3259/3114 3082/3228/3083
f  3082/3228/3083 3114/3259/3114 3115/3260/3115 3083/3197/3052
f  3083/3197/3052 3115/3260/3115 3084/3229/3084 3052/3198/3053
f  3084/3229/3084 3116/3261/3116 3117/3262/3117 3085/3230/3085
f  3085/3230/3085 3117/3262/3117 3118/3263/3118 3086/3231/3086
f  3086/3231/3086 3118/3263/3118 3119/3264/3119 3087/3232/3087
f  3087/3232/3087 3119/3264/3119 3120/3265/3120 3088/3233/3088
f  3088/3233/3088 3120/3265/3120 3121/3266/3121 3089/3234/3089
f  3089/3234/3089 3121/3266/3121 3122/3267/3122 3090/3235/3090
f  3090/3235/3090 3122/3267/3122 3123/3268/3123 3091/3236/3091
f  3091/3236/3091 3123/3268/3123 3124/3269/3124 3092/3237/3092
f  3092/3237/3092 3124/3269/3124 3125/3270/3125 3093/3238/3093
f  3093/3238/3093 3125/3270/3125 3126/3271/3126 3094/3239/3094
f  3094/3239/3094 3126/3271/3126 3127/3272/3127 3095/3240/3095
f  3095/3240/3095 3127/3272/3127 3128/3273/3128 3096/3241/3096
f  3096/3241/3096 3128/3273/3128 3129/3274/3129 3097/3242/3097
f  3097/3242/3097 3129/3274/3129 3130/3275/3130 3098/3243/3098
f  3098/3243/3098 3130/3275/3130 3131/3276/3131 3099/3244/3099
f  3099/3244/3099 3131/3276/3131 3132/3277/3132 3100/3245/3100
f  3100/3245/3100 3132/3277/3132 3133/3278/3133 3101/3246/3101
f  3101/3246/3101 3133/3278/3133 3134/3279/3134 3102/3247/3102
f  3102/3247/3102 3134/3279/3134 3135/3280/3135 3103/3248/3103
f  3103/3248/3103 3135/3280/3135 3136/3281/3136 3104/3249/3104
f  3104/3249/3104 3136/3281/3136 3137/3282/3137 3105/3250/3105
f  3105/3250/3105 3137/3282/3137 3138/3283/3138 3106/3251/3106
f  3106/3251/3106 3138/3283/3138 3139/3284/3139 3107/3252/3107
f  3107/3252/3107 3139/3284/3139 3140/3285/3140 3108/3253/3108
f  3108/3253/3108 3140/3285/3140 3141/3286/3141 3109/3254/3109
f  3109/3254/3109 3141/3286/3141 3142/3287/3142 3110/3255/3110
f  3110/3255/3110 3142/3287/3142 3143/3288/3143 3111/3256/3111
f  3111/3256/3111 3143/3288/3143 3144/3289/3144 3112/3257/3112
f  3112/3257/3112 3144/3289/3144 3145/3290/3145 3113/3258/3113
f  3113/3258/3113 3145/3290/3145 3146/3291/3146 3114/3259/3114
f  3114/3259/3114 3146/3291/3146 3147/3292/3147 3115/3260/3115
f  3115/3260/3115 3147/3292/3147 3116/3261/3116 3084/3229/3084
f  3116/3261/3116 3148/3293/3148 3149/3294/3149 3117/3262/3117
f  3117/3262/3117 3149/3294/3149 3150/3295/3150 3118/3263/3118
f  3118/3263/3118 3150/3295/3150 3151/3296/3151 3119/3264/3119
f  3119/3264/3119 3151/3296/3151 3152/3297/3152 3120/3265/3120
f  3120/3265/3120 3152/3297/3152 3153/3298/3153 3121/3266/3121
f  3121/3266/3121 3153/3298/3153 3154/3299/3154 3122/3267/3122
f  3122/3267/3122 3154/3299/3154 3155/3300/3155 3123/3268/3123
f  3123/3268/3123 3155/3300/3155 3156/3301/3156 3124/3269/3124
f  3124/3269/3124 3156/3301/3156 3157/3302/3157 3125/3270/3125
f  3125/3270/3125 3157/3302/3157 3158/3303/3158 3126/3271/3126
f  3126/3271/3126 3158/3303/3158 3159/3304/3159 3127/3272/3127
f  3127/3272/3127 3159/3304/3159 3160/3305/3160 3128/3273/3128
f  3128/3273/3128 3160/3305/3160 3161/3306/3161 3129/3274/3129
f  3129/3274/3129 3161/3306/3161 3162/3307/3162 3130/3275/3130
f  3130/3275/3130 3162/3307/3162 3163/3308/3163 3131/3276/3131
f  3131/3276/3131 3163/3308/3163 3164/3309/3164 3132/3277/3132
f  3132/3277/3132 3164/3309/3164 3165/3310/3165 3133/3278/3133
f  3133/3278/3133 3165/3310/3165 3166/3311/3166 3134/3279/3134
f  3134/3279/3134 3166/3311/3166 3167/3312/3167 3135/3280/3135
f  3135/3280/3135 3167/3312/3167 3168/3313/3168 3136/3281/3136
f  3136/3281/3136 3168/3313/3168 3169/3314/3169 3137/3282/3137
f  3137/3282/3137 3169/3314/3169 3170/3315/3170 3138/3283/3138
f  3138/3283/3138 3170/3315/3170 3171/3316/3171 3139/3284/3139
f  3139/3284/3139 3171/3316/3171 3172/3317/3172 3140/3285/3140
f  3140/3285/3140 3172/3317/3172 3173/3318/3173 3141/3286/3141
f  3141/3286/3141 3173/3318/3173 3174/3319/3174 3142/3287/3142
f  3142/3287/3142 3174/3319/3174 3175/3320/3175 3143/3288/3143
f  3143/3288/3143 3175/3320/3175 3176/3321/3176 3144/3289/3144
f  3144/3289/3144 3176/3321/3176 3177/3322/3177 3145/3290/3145
f  3145/3290/3145 3177/3322/3177 3178/3323/3178 3146/3291/3146
f  3146/3291/3146 3178/3323/3178 3179/3324/3179 3147/3292/3147
f  3147/3292/3147 3179/3324/3179 3148/3293/3148 3116/3261/3116
f  3148/3293/3148 3180/3325/3180 3181/3326/3181 3149/3294/3149
f  3149/3294/3149 3181/3326/3181 3182/3327/3182 3150/3295/3150
f  3150/3295/3150 3182/3327/3182 3183/3328/3183 3151/3296/3151
f  3151/3296/3151 3183/3328/3183 3184/3329/3184 3152/3297/3152
f  3152/3297/3152 3184/3329/3184 3185/3330/3185 3153/3298/3153
f  3153/3298/3153 3185/3330/3185 3186/3331/3186 3154/3299/3154
f  3154/3299/3154 3186/3331/3186 3187/3332/3187 3155/3300/3155
f  3155/3300/3155 3187/3332/3187 3188/3333/3188 3156/3301/3156
f  3156/3301/3156 3188/3333/3188 3189/3334/3189 3157/3302/3157
f  3157/3302/3157 3189/3334/3189 3190/3335/3190 3158/3303/3158
f  3158/3303/3158 3190/3335/3190 3191/3336/3191 3159/3304/3159
f  3159/3304/3159 3191/3336/3191 3192/3337/3192 3160/3305/3160
f  3160/3305/3160 3192/3337/3192 3193/3338/3193 3161/3306/3161
f  3161/3306/3161 3193/3338/3193 3194/3339/3194 3162/3307/3162
f  3162/3307/3162 3194/3339/3194 3195/3340/3195 3163/3308/3163
f  3163/3308/3163 3195/3340/3195 3196/3341/3196 3164/3309/3164
f  3164/3309/3164 3196/3341/3196 3197/3342/3197 3165/3310/3165
f  3165/3310/3165 3197/3342/3197 3198/3343/3198 3166/3311/3166
f  3166/3311/3166 3198/3343/3198 3199/3344/3199 3167/3312/3167
f  3167/3312/3167 3199/3344/3199 3200/3345/3200 3168/3313/3168
f  3168/3313/3168 3200/3345/3200 3201/3346/3201 3169/3314/3169
f  3169/3314/3169 3201/3346/3201 3202/3347/3202 3170/3315/3170
f  3170/3315/3170 3202/3347/3202 3203/3348/3203 3171/3316/3171
f  3171/3316/3171 3203/3348/3203 3204/3349/3204 3172/3317/3172
f  3172/3317/3172 3204/3349/3204 3205/3350/3205 3173/3318/3173
f  3173/3318/3173 3205/3350/3205 3206/3351/3206 3174/3319/3174
f  3174/3319/3174 3206/3351/3206 3207/3352/3207 3175/3320/3175
f  3175/3320/3175 3207/3352/3207 3208/3353/3208 3176/3321/3176
f  3176/3321/3176 3208/3353/3208 3209/3354/3209 3177/3322/3177
f  3177/3322/3177 3209/3354/3209 3210/3355/3210 3178/3323/3178
f  3178/3323/3178 3210/3355/3210 3211/3356/3211 3179/3324/3179
f  3179/3324/3179 3211/3356/3211 3180/3325/3180 3148/3293/3148
f  3180/3325/3180 3212/3357/3212 3213/3358/3213 3181/3326/3181
f  3181/3326/3181 3213/3358/3213 3214/3359/3214 3182/3327/3182
f  3182/3327/3182 3214/3359/3214 3215/3360/3215 3183/3328/3183
f  3183/3328/3183 3215/3360/3215 3216/3361/3216 3184/3329/3184
f  3184/3329/3184 3216/3361/3216 3217/3362/3217 3185/3330/3185
f  3185/3330/3185 3217/3362/3217 3218/3363/3218 3186/3331/3186
f  3186/3331/3186 3218/3363/3218 3219/3364/3219 3187/3332/3187
f  3187/3332/3187 3219/3364/3219 3220/3365/3220 3188/3333/3188
f  3188/3333/3188 3220/3365/3220 3221/3366/3221 3189/3334/3189
f  3189/3334/3189 3221/3366/3221 3222/3367/3222 3190/3335/3190
f  3190/3335/3190 3222/3367/3222 3223/3368/3223 3191/3336/3191
f  3191/3336/3191 3223/3368/3223 3224/3369/3224 3192/3337/3192
f  3192/3337/3192 3224/3369/3224 3225/3370/3225 3193/3338/3193
f  3193/3338/3193 3225/3370/3225 3226/3371/3226 3194/3339/3194
f  3194/3339/3194 3226/3371/3226 3227/3372/3227 3195/3340/3195
f  3195/3340/3195 3227/3372/3227 3228/3373/3228 3196/3341/3196
f  3196/3341/3196 3228/3373/3228 3229/3374/3229 3197/3342/3197
f  3197/3342/3197 3229/3374/3229 3230/3375/3230 3198/3343/3198
f  3198/3343/3198 3230/3375/3230 3231/3376/3231 3199/3344/3199
f  3199/3344/3199 3231/3376/3231 3232/3377/3232 3200/3345/3200
f  3200/3345/3200 3232/3377/3232 3233/3378/3233 3201/3346/3201
f  3201/3346/3201 3233/3378/3233 3234/3379/3234 3202/3347/3202
f  3202/3347/3202 3234/3379/3234 3235/3380/3235 3203/3348/3203
f  3203/3348/3203 3235/3380/3235 3236/3381/3236 3204/3349/3204
f  3204/3349/3204 3236/3381/3236 3237/3382/3237 3205/3350/3205
f  3205/3350/3205 3237/3382/3237 3238/3383/3238 3206/3351/3206
f  3206/3351/3206 3238/3383/3238 3239/3384/3239 3207/3352/3207
f  3207/3352/3207 3239/3384/3239 3240/3385/3240 3208/3353/3208
f  3208/3353/3208 3240/3385/3240 3241/3386/3241 3209/3354/3209
f  3209/3354/3209 3241/3386/3241 3242/3387/3242 3210/3355/3210
f  3210/3355/3210 3242/3387/3242 3243/3388/3243 3211/3356/3211
f  3211/3356/3211 3243/3388/3243 3212/3357/3212 3180/3325/3180
f  3212/3357/3212 3244/3389/3244 3245/3390/3245 3213/3358/3213
f  3213/3358/3213 3245/3390/3245 3246/3391/3246 3214/3359/3214
f  3214/3359/3214 3246/3391/3246 3247/3392/3247 3215/3360/3215
f  3215/3360/3215 3247/3392/3247 3248/3393/3248 3216/3361/3216
f  3216/3361/3216 3248/3393/3248 3249/3394/3249 3217/3362/3217
f  3217/3362/3217 3249/3394/3249 3250/3395/3250 3218/3363/3218
f  3218/3363/3218 3250/3395/3250 3251/3396/3251 3219/3364/3219
f  3219/3364/3219 3251/3396/3251 3252/3397/3252 3220/3365/3220
f  3220/3365/3220 3252/3397/3252 3253/3398/3253 3221/3366/3221
f  3221/3366/3221 3253/3398/3253 3254/3399/3254 3222/3367/3222
f  3222/3367/3222 3254/3399/3254 3255/3400/3255 3223/3368/3223
f  3223/3368/3223 3255/3400/3255 3256/3401/3256 3224/3369/3224
f  3224/3369/3224 3256/3401/3256 3257/3402/3257 3225/3370/3225
f  3225/3370/3225 3257/3402/3257 3258/3403/3258 3226/3371/3226
f  3226/3371/3226 3258/3403/3258 3259/3404/3259 3227/3372/3227
f  3227/3372/3227 3259/3404/3259 3260/3405/3260 3228/3373/3228
f  3228/3373/3228 3260/3405/3260 3261/3406/3261 3229/3374/3229
f  3229/3374/3229 3261/3406/3261 3262/3407/3262 3230/3375/3230
f  3230/3375/3230 3262/3407/3262 3263/3408/3263 3231/3376/3231
f  3231/3376/3231 3263/3408/3263 3264/3409/3264 3232/3377/3232
f  3232/3377/3232 3264/3409/3264 3265/3410/3265 3233/3378/3233
f  3233/3378/3233 3265/3410/3265 3266/3411/3266 3234/3379/3234
f  3234/3379/3234 3266/3411/3266 3267/3412/3267 3235/3380/3235
f  3235/3380/3235 3267/3412/3267 3268/3413/3268 3236/3381/3236
f  3236/3381/3236 3268/3413/3268 3269/3414/3269 3237/3382/3237
f  3237/3382/3237 3269/3414/3269 3270/3415/3270 3238/3383/3238
f  3238/3383/3238 3270/3415/3270 3271/3416/3271 3239/3384/3239
f  3239/3384/3239 3271/3416/3271 3272/3417/3272 3240/3385/3240
f  3240/3385/3240 3272/3417/3272 3273/3418/3273 3241/3386/3241
f  3241/3386/3241 3273/3418/3273 3274/3419/3274 3242/3387/3242
f  3242/3387/3242 3274/3419/3274 3275/3420/3275 3243/3388/3243
f  3243/3388/3243 3275/3420/3275 3244/3389/3244 3212/3357/3212
f  3244/3389/3244 3276/3421/3276 3277/3422/3277 3245/3390/3245
f  3245/3390/3245 3277/3422/3277 3278/3423/3278 3246/3391/3246
f  3246/3391/3246 3278/3423/3278 3279/3424/3279 3247/3392/3247
f  3247/3392/3247 3279/3424/3279 3280/3425/3280 3248/3393/3248
f  3248/3393/3248 3280/3425/3280 3281/3426/3281 3249/3394/3249
f  3249/3394/3249 3281/3426/3281 3282/3427/3282 3250/3395/3250
f  3250/3395/3250 3282/3427/3282 3283/3428/3283 3251/3396/3251
f  3251/3396/3251 3283/3428/3283 3284/3429/3284 3252/3397/3252
f  3252/3397/3252 3284/3429/3284 3285/3430/3285 3253/3398/3253
f  3253/3398/3253 3285/3430/3285 3286/3431/3286 3254/3399/3254
f  3254/3399/3254 3286/3431/3286 3287/3432/3287 3255/3400/3255
f  3255/3400/3255 3287/3432/3287 3288/3433/3288 3256/3401/3256
f  3256/3401/3256 3288/3433/3288 3289/3434/3289 3257/3402/3257
f  3257/3402/3257 3289/3434/3289 3290/3435/3290 3258/3403/3258
f  3258/3403/3258 3290/3435/3290 3291/3436/3291 3259/3404/3259
f  3259/3404/3259 3291/3436/3291 3292/3437/3292 3260/3405/3260
f  3260/3405/3260 3292/3437/3292 3293/3438/3293 3261/3406/3261
f  3261/3406/3261 3293/3438/3293 3294/3439/3294 3262/3407/3262
f  3262/3407/3262 3294/3439/3294 3295/3440/3295 3263/3408/3263
f  3263/3408/3263 3295/3440/3295 3296/3441/3296 3264/3409/3264
f  3264/3409/3264 3296/3441/3296 3297/3442/3297 3265/3410/3265
f  3265/3410/3265 3297/3442/3297 3298/3443/3298 3266/3411/3266
f  3266/3411/3266 3298/3443/3298 3299/3444/3299 3267/3412/3267
f  3267/3412/3267 3299/3444/3299 3300/3445/3300 3268/3413/3268
f  3268/3413/3268 3300/3445/3300 3301/3446/3301 3269/3414/3269
f  3269/3414/3269 3301/3446/3301 3302/3447/3302 3270/3415/3270
f  3270/3415/3270 3302/3447/3302 3303/3448/3303 3271/3416/3271
f  3271/3416/3271 3303/3448/3303 3304/3449/3304 3272/3417/3272
f  3272/3417/3272 3304/3449/3304 3305/3450/3305 3273/3418/3273
f  3273/3418/3273 3305/3450/3305 3306/3451/3306 3274/3419/3274
f  3274/3419/3274 3306/3451/3306 3307/3452/3307 3275/3420/3275
f  3275/3420/3275 3307/3452/3307 3276/3421/3276 3244/3389/3244
f  3276/3453/3276 3308/3454/3308 3309/3455/3309 3277/3456/3277
f  3277/3456/3277 3309/3455/3309 3310/3457/3310 3278/3458/3278
f  3278/3458/3278 3310/3457/3310 3311/3459/3311 3279/3460/3279
f  3279/3460/3279 3311/3459/3311 3312/3461/3312 3280/3462/3280
f  3280/3462/3280 3312/3461/3312 3313/3463/3313 3281/3464/3281
f  3281/3464/3281 3313/3463/3313 3314/3465/3314 3282/3466/3282
f  3282/3466/3282 3314/3465/3314 3315/3467/3315 3283/3468/3283
f  3283/3468/3283 3315/3467/3315 3316/3469/3316 3284/3470/3284
f  3284/3470/3284 3316/3469/3316 3317/3471/3317 3285/3472/3285
f  3285/3472/3285 3317/3471/3317 3318/3473/3318 3286/3474/3286
f  3286/3474/3286 3318/3473/3318 3319/3475/3319 3287/3476/3287
f  3287/3476/3287 3319/3475/3319 3320/3477/3320 3288/3478/3288
f  3288/3478/3288 3320/3477/3320 3321/3479/3321 3289/3480/3289
f  3289/3480/3289 3321/3479/3321 3322/3481/3322 3290/3482/3290
f  3290/3482/3290 3322/3481/3322 3323/3483/3323 3291/3436/3291
f  3291/3436/3291 3323/3483/3323 3324/3484/3324 3292/3437/3292
f  3292/3437/3292 3324/3484/3324 3325/3485/3325 3293/3438/3293
f  3293/3438/3293 3325/3485/3325 3326/3486/3326 3294/3487/3294
f  3294/3487/3294 3326/3486/3326 3327/3488/3327 3295/3489/3295
f  3295/3489/3295 3327/3488/3327 3328/3490/3328 3296/3491/3296
f  3296/3491/3296 3328/3490/3328 3329/3492/3329 3297/3493/3297
f  3297/3493/3297 3329/3492/3329 3330/3494/3330 3298/3495/3298
f  3298/3495/3298 3330/3494/3330 3331/3496/3331 3299/3497/3299
f  3299/3497/3299 3331/3496/3331 3332/3498/3332 3300/3499/3300
f  3300/3499/3300 3332/3498/3332 3333/3500/3333 3301/3501/3301
f  3301/3501/3301 3333/3500/3333 3334/3502/3334 3302/3503/3302
f  3302/3503/3302 3334/3502/3334 3335/3504/3335 3303/3505/3303
f  3303/3505/3303 3335/3504/3335 3336/3506/3336 3304/3507/3304
f  3304/3507/3304 3336/3506/3336 3337/3508/3337 3305/3509/3305
f  3305/3509/3305 3337/3508/3337 3338/3510/3338 3306/3511/3306
f  3306/3511/3306 3338/3510/3338 3339/3512/3339 3307/3513/3307
f  3307/3513/3307 3339/3512/3339 3308/3454/3308 3276/3453/3276
f  3308/3454/3308 3340/3514/3340 3341/3515/3341 3309/3455/3309
f  3309/3455/3309 3341/3515/3341 3342/3516/3342 3310/3457/3310
f  3310/3457/3310 3342/3516/3342 3343/3517/3343 3311/3459/3311
f  3311/3459/3311 3343/3517/3343 3344/3518/3344 3312/3461/3312
f  3312/3461/3312 3344/3518/3344 3345/3519/3345 3313/3463/3313
f  3313/3463/3313 3345/3519/3345 3346/3520/3346 3314/3465/3314
f  3314/3465/3314 3346/3520/3346 3347/3521/3347 3315/3467/3315
f  3315/3467/3315 3347/3521/3347 3348/3522/3348 3316/3469/3316
f  3316/3469/3316 3348/3522/3348 3349/3523/3349 3317/3471/3317
f  3317/3471/3317 3349/3523/3349 3350/3524/3350 3318/3473/3318
f  3318/3473/3318 3350/3524/3350 3351/3525/3351 3319/3475/3319
f  3319/3475/3319 3351/3525/3351 3352/3526/3352 3320/3477/3320
f  3320/3477/3320 3352/3526/3352 3353/3527/3353 3321/3479/3321
f  3321/3479/3321 3353/3527/3353 3354/3528/3354 3322/3481/3322
f  3322/3481/3322 3354/3528/3354 3355/3529/3355 3323/3483/3323
f  3323/3483/3323 3355/3529/3355 3356/3530/3356 3324/3484/3324
f  3324/3484/3324 3356/3530/3356 3357/3531/3357 3325/3485/3325
f  3325/3485/3325 3357/3531/3357 3358/3532/3358 3326/3486/3326
f  3326/3486/3326 3358/3532/3358 3359/3533/3359 3327/3488/3327
f  3327/3488/3327 3359/3533/3359 3360/3534/3360 3328/3490/3328
f  3328/3490/3328 3360/3534/3360 3361/3535/3361 3329/3492/3329
f  3329/3492/3329 3361/3535/3361 3362/3536/3362 3330/3494/3330
f  3330/3494/3330 3362/3536/3362 3363/3537/3363 3331/3496/3331
f  3331/3496/3331 3363/3537/3363 3364/3538/3364 3332/3498/3332
f  3332/3498/3332 3364/3538/3364 3365/3539/3365 3333/3500/3333
f  3333/3500/3333 3365/3539/3365 3366/3540/3366 3334/3502/3334
f  3334/3502/3334 3366/3540/3366 3367/3541/3367 3335/3504/3335
f  3335/3504/3335 3367/3541/3367 3368/3542/3368 3336/3506/3336
f  3336/3506/3336 3368/3542/3368 3369/3543/3369 3337/3508/3337
f  3337/3508/3337 3369/3543/3369 3370/3544/3370 3338/3510/3338
f  3338/3510/3338 3370/3544/3370 3371/3545/3371 3339/3512/3339
f  3339/3512/3339 3371/3545/3371 3340/3514/3340 3308/3454/3308
f  3340/3514/3340 3372/3546/3372 3373/3547/3373 3341/3515/3341
f  3341/3515/3341 3373/3547/3373 3374/3548/3374 3342/3516/3342
f  3342/3516/3342 3374/3548/3374 3375/3549/3375 3343/3517/3343
f  3343/3517/3343 3375/3549/3375 3376/3550/3376 3344/3518/3344
f  3344/3518/3344 3376/3550/3376 3377/3551/3377 3345/3519/3345
f  3345/3519/3345 3377/3551/3377 3378/3552/3378 3346/3520/3346
f  3346/3520/3346 3378/3552/3378 3379/3553/3379 3347/3521/3347
f  3347/3521/3347 3379/3553/3379 3380/3554/3380 3348/3522/3348
f  3348/3522/3348 3380/3554/3380 3381/3555/3381 3349/3523/3349
f  3349/3523/3349 3381/3555/3381 3382/3556/3382 3350/3524/3350
f  3350/3524/3350 3382/3556/3382 3383/3557/3383 3351/3525/3351
f  3351/3525/3351 3383/3557/3383 3384/3558/3384 3352/3526/3352
f  3352/3526/3352 3384/3558/3384 3385/3559/3385 3353/3527/3353
f  3353/3527/3353 3385/3559/3385 3386/3560/3386 3354/3528/3354
f  3354/3528/3354 3386/3560/3386 3387/3561/3387 3355/3529/3355
f  3355/3529/3355 3387/3561/3387 3388/3562/3388 3356/3530/3356
f  3356/3530/3356 3388/3562/3388 3389/3563/3389 3357/3531/3357
f  3357/3531/3357 3389/3563/3389 3390/3564/3390 3358/3532/3358
f  3358/3532/3358 3390/3564/3390 3391/3565/3391 3359/3533/3359
f  3359/3533/3359 3391/3565/3391 3392/3566/3392 3360/3534/3360
f  3360/3534/3360 3392/3566/3392 3393/3567/3393 3361/3535/3361
f  3361/3535/3361 3393/3567/3393 3394/3568/3394 3362/3536/3362
f  3362/3536/3362 3394/3568/3394 3395/3569/3395 3363/3537/3363
f  3363/3537/3363 3395/3569/3395 3396/3570/3396 3364/3538/3364
f  3364/3538/3364 3396/3570/3396 3397/3571/3397 3365/3539/3365
f  3365/3539/3365 3397/3571/3397 3398/3572/3398 3366/3540/3366
f  3366/3540/3366 3398/3572/3398 3399/3573/3399 3367/3541/3367
f  3367/3541/3367 3399/3573/3399 3400/3574/3400 3368/3542/3368
f  3368/3542/3368 3400/3574/3400 3401/3575/3401 3369/3543/3369
f  3369/3543/3369 3401/3575/3401 3402/3576/3402 3370/3544/3370
f  3370/3544/3370 3402/3576/3402 3403/3577/3403 3371/3545/3371
f  3371/3545/3371 3403/3577/3403 3372/3546/3372 3340/3514/3340
f  3372/3546/3372 3404/3578/3404 3405/3579/3405 3373/3547/3373
f  3373/3547/3373 3405/3579/3405 3406/3580/3406 3374/3548/3374
f  3374/3548/3374 3406/3580/3406 3407/3581/3407 3375/3549/3375
f  3375/3549/3375 3407/3581/3407 3408/3582/3408 3376/3550/3376
f  3376/3550/3376 3408/3582/3408 3409/3583/3409 3377/3551/3377
f  3377/3551/3377 3409/3583/3409 3410/3584/3410 3378/3552/3378
f  3378/3552/3378 3410/3584/3410 3411/3585/3411 3379/3553/3379
f  3379/3553/3379 3411/3585/3411 3412/3586/3412 3380/3554/3380
f  3380/3554/3380 3412/3586/3412 3413/3587/3413 3381/3555/3381
f  3381/3555/3381 3413/3587/3413 3414/3588/3414 3382/3556/3382
f  3382/3556/3382 3414/3588/3414 3415/3589/3415 3383/3557/3383
f  3383/3557/3383 3415/3589/3415 3416/3590/3416 3384/3558/3384
f  3384/3558/3384 3416/3590/3416 3417/3591/3417 3385/3559/3385
f  3385/3559/3385 3417/3591/3417 3418/3592/3418 3386/3560/3386
f  3386/3560/3386 3418/3592/3418 3419/3593/3419 3387/3561/3387
f  3387/3561/3387 3419/3593/3419 3420/3594/3420 3388/3562/3388
f  3388/3562/3388 3420/3594/3420 3421/3595/3421 3389/3563/3389
f  3389/3563/3389 3421/3595/3421 3422/3596/3422 3390/3564/3390
f  3390/3564/3390 3422/3596/3422 3423/3597/3423 3391/3565/3391
f  3391/3565/3391 3423/3597/3423 3424/3598/3424 3392/3566/3392
f  3392/3566/3392 3424/3598/3424 3425/3599/3425 3393/3567/3393
f  3393/3567/3393 3425/3599/3425 3426/3600/3426 3394/3568/3394
f  3394/3568/3394 3426/3600/3426 3427/3601/3427 3395/3569/3395
f  3395/3569/3395 3427/3601/3427 3428/3602/3428 3396/3570/3396
f  3396/3570/3396 3428/3602/3428 3429/3603/3429 3397/3571/3397
f  3397/3571/3397 3429/3603/3429 3430/3604/3430 3398/3572/3398
f  3398/3572/3398 3430/3604/3430 3431/3605/3431 3399/3573/3399
f  3399/3573/3399 3431/3605/3431 3432/3606/3432 3400/3574/3400
f  3400/3574/3400 3432/3606/3432 3433/3607/3433 3401/3575/3401
f  3401/3575/3401 3433/3607/3433 3434/3608/3434 3402/3576/3402
f  3402/3576/3402 3434/3608/3434 3435/3609/3435 3403/3577/3403
f  3403/3577/3403 3435/3609/3435 3404/3578/3404 3372/3546/3372
f  3404/3578/3404 3436/3610/3436 3437/3611/3437 3405/3579/3405
f  3405/3579/3405 3437/3611/3437 3438/3612/3438 3406/3580/3406
f  3406/3580/3406 3438/3612/3438 3439/3613/3439 3407/3581/3407
f  3407/3581/3407 3439/3613/3439 3440/3614/3440 3408/3582/3408
f  3408/3582/3408 3440/3614/3440 3441/3615/3441 3409/3583/3409
f  3409/3583/3409 3441/3615/3441 3442/3616/3442 3410/3584/3410
f  3410/3584/3410 3442/3616/3442 3443/3617/3443 3411/3585/3411
f  3411/3585/3411 3443/3617/3443 3444/3618/3444 3412/3586/3412
f  3412/3586/3412 3444/3618/3444 3445/3619/3445 3413/3587/3413
f  3413/3587/3413 3445/3619/3445 3446/3620/3446 3414/3588/3414
f  3414/3588/3414 3446/3620/3446 3447/3621/3447 3415/3589/3415
f  3415/3589/3415 3447/3621/3447 3448/3622/3448 3416/3590/3416
f  3416/3590/3416 3448/3622/3448 3449/3623/3449 3417/3591/3417
f  3417/3591/3417 3449/3623/3449 3450/3624/3450 3418/3592/3418
f  3418/3592/3418 3450/3624/3450 3451/3625/3451 3419/3593/3419
f  3419/3593/3419 3451/3625/3451 3452/3626/3452 3420/3594/3420
f  3420/3594/3420 3452/3626/3452 3453/3627/3453 3421/3595/3421
f  3421/3595/3421 3453/3627/3453 3454/3628/3454 3422/3596/3422
f  3422/3596/3422 3454/3628/3454 3455/3629/3455 3423/3597/3423
f  3423/3597/3423 3455/3629/3455 3456/3630/3456 3424/3598/3424
f  3424/3598/3424 3456/3630/3456 3457/3631/3457 3425/3599/3425
f  3425/3599/3425 3457/3631/3457 3458/3632/3458 3426/3600/3426
f  3426/3600/3426 3458/3632/3458 3459/3633/3459 3427/3601/3427
f  3427/3601/3427 3459/3633/3459 3460/3634/3460 3428/3602/3428
f  3428/3602/3428 3460/3634/3460 3461/3635/3461 3429/3603/3429
f  3429/3603/3429 3461/3635/3461 3462/3636/3462 3430/3604/3430
f  3430/3604/3430 3462/3636/3462 3463/3637/3463 3431/3605/3431
f  3431/3605/3431 3463/3637/3463 3464/3638/3464 3432/3606/3432
f  3432/3606/3432 3464/3638/3464 3465/3639/3465 3433/3607/3433
f  3433/3607/3433 3465/3639/3465 3466/3640/3466 3434/3608/3434
f  3434/3608/3434 3466/3640/3466 3467/3641/3467 3435/3609/3435
f  3435/3609/3435 3467/3641/3467 3436/3610/3436 3404/3578/3404
f  3436/3610/3436 3468/3642/3468 3469/3643/3469 3437/3611/3437
f  3437/3611/3437 3469/3643/3469 3470/3644/3470 3438/3612/3438
f  3438/3612/3438 3470/3644/3470 3471/3645/3471 3439/3613/3439
f  3439/3613/3439 3471/3645/3471 3472/3646/3472 3440/3614/3440
f  3440/3614/3440 3472/3646/3472 3473/3647/3473 3441/3615/3441
f  3441/3615/3441 3473/3647/3473 3474/3648/3474 3442/3616/3442
f  3442/3616/3442 3474/3648/3474 3475/3649/3475 3443/3617/3443
f  3443/3617/3443 3475/3649/3475 3476/3650/3476 3444/3618/3444
f  3444/3618/3444 3476/3650/3476 3477/3651/3477 3445/3619/3445
f  3445/3619/3445 3477/3651/3477 3478/3652/3478 3446/3620/3446
f  3446/3620/3446 3478/3652/3478 3479/3653/3479 3447/3621/3447
f  3447/3621/3447 3479/3653/3479 3480/3654/3480 3448/3622/3448
f  3448/3622/3448 3480/3654/3480 3481/3655/3481 3449/3623/3449
f  3449/3623/3449 3481/3655/3481 3482/3656/3482 3450/3624/3450
f  3450/3624/3450 3482/3656/3482 3483/3657/3483 3451/3625/3451
f  3451/3625/3451 3483/3657/3483 3484/3658/3484 3452/3626/3452
f  3452/3626/3452 3484/3658/3484 3485/3659/3485 3453/3627/3453
f  3453/3627/3453 3485/3659/3485 3486/3660/3486 3454/3628/3454
f  3454/3628/3454 3486/3660/3486 3487/3661/3487 3455/3629/3455
f  3455/3629/3455 3487/3661/3487 3488/3662/3488 3456/3630/3456
f  3456/3630/3456 3488/3662/3488 3489/3663/3489 3457/3631/3457
f  3457/3631/3457 3489/3663/3489 3490/3664/3490 3458/3632/3458
f  3458/3632/3458 3490/3664/3490 3491/3665/3491 3459/3633/3459
f  3459/3633/3459 3491/3665/3491 3492/3666/3492 3460/3634/3460
f  3460/3634/3460 3492/3666/3492 3493/3667/3493 3461/3635/3461
f  3461/3635/3461 3493/3667/3493 3494/3668/3494 3462/3636/3462
f  3462/3636/3462 3494/3668/3494 3495/3669/3495 3463/3637/3463
f  3463/3637/3463 3495/3669/3495 3496/3670/3496 3464/3638/3464
f  3464/3638/3464 3496/3670/3496 3497/3671/3497 3465/3639/3465
f  3465/3639/3465 3497/3671/3497 3498/3672/3498 3466/3640/3466
f  3466/3640/3466 3498/3672/3498 3499/3673/3499 3467/3641/3467
f  3467/3641/3467 3499/3673/3499 3468/3642/3468 3436/3610/3436
f  3468/3642/3468 3500/3674/3500 3501/3675/3501 3469/3643/3469
f  3469/3643/3469 3501/3675/3501 3502/3676/3502 3470/3644/3470
f  3470/3644/3470 3502/3676/3502 3503/3677/3503 3471/3645/3471
f  3471/3645/3471 3503/3677/3503 3504/3678/3504 3472/3646/3472
f  3472/3646/3472 3504/3678/3504 3505/3679/3505 3473/3647/3473
f  3473/3647/3473 3505/3679/3505 3506/3680/3506 3474/3648/3474
f  3474/3648/3474 3506/3680/3506 3507/3681/3507 3475/3649/3475
f  3475/3649/3475 3507/3681/3507 3508/3682/3508 3476/3650/3476
f  3476/3650/3476 3508/3682/3508 3509/3683/3509 3477/3651/3477
f  3477/3651/3477 3509/3683/3509 3510/3684/3510 3478/3652/3478
f  3478/3652/3478 3510/3684/3510 3511/3685/3511 3479/3653/3479
f  3479/3653/3479 3511/3685/3511 3512/3686/3512 3480/3654/3480
f  3480/3654/3480 3512/3686/3512 3513/3687/3513 3481/3655/3481
f  3481/3655/3481 3513/3687/3513 3514/3688/3514 3482/3656/3482
f  3482/3656/3482 3514/3688/3514 3515/3689/3515 3483/3657/3483
f  3483/3657/3483 3515/3689/3515 3516/3690/3516 3484/3658/3484
f  3484/3658/3484 3516/3690/3516 3517/3691/3517 3485/3659/3485
f  3485/3659/3485 3517/3691/3517 3518/3692/3518 3486/3660/3486
f  3486/3660/3486 3518/3692/3518 3519/3693/3519 3487/3661/3487
f  3487/3661/3487 3519/3693/3519 3520/3694/3520 3488/3662/3488
f  3488/3662/3488 3520/3694/3520 3521/3695/3521 3489/3663/3489
f  3489/3663/3489 3521/3695/3521 3522/3696/3522 3490/3664/3490
f  3490/3664/3490 3522/3696/3522 3523/3697/3523 3491/3665/3491
f  3491/3665/3491 3523/3697/3523 3524/3698/3524 3492/3666/3492
f  3492/3666/3492 3524/3698/3524 3525/3699/3525 3493/3667/3493
f  3493/3667/3493 3525/3699/3525 3526/3700/3526 3494/3668/3494
f  3494/3668/3494 3526/3700/3526 3527/3701/3527 3495/3669/3495
f  3495/3669/3495 3527/3701/3527 3528/3702/3528 3496/3670/3496
f  3496/3670/3496 3528/3702/3528 3529/3703/3529 3497/3671/3497
f  3497/3671/3497 3529/3703/3529 3530/3704/3530 3498/3672/3498
f  3498/3672/3498 3530/3704/3530 3531/3705/3531 3499/3673/3499
f  3499/3673/3499 3531/3705/3531 3500/3674/3500 3468/3642/3468
f  3532/3706/3532 3501/3675/3501 3500/3674/3500 3531/3705/3531
f  3532/3706/3532 3503/3677/3503 3502/3676/3502 3501/3675/3501
f  3532/3706/3532 3505/3679/3505 3504/3678/3504 3503/3677/3503
f  3532/3706/3532 3507/3681/3507 3506/3680/3506 3505/3679/3505
f  3532/3706/3532 3509/3683/3509 3508/3682/3508 3507/3681/3507
f  3532/3706/3532 3511/3685/3511 3510/3684/3510 3509/3683/3509
f  3532/3706/3532 3513/3687/3513 3512/3686/3512 3511/3685/3511
f  3532/3706/3532 3515/3689/3515 3514/3688/3514 3513/3687/3513
f  3532/3706/3532 3517/3691/3517 3516/3690/3516 3515/3689/3515
f  3532/3706/3532 3519/3693/3519 3518/3692/3518 3517/3691/3517
f  3532/3706/3532 3521/3695/3521 3520/3694/3520 3519/3693/3519
f  3532/3706/3532 3523/3697/3523 3522/3696/3522 3521/3695/3521
f  3532/3706/3532 3525/3699/3525 3524/3698/3524 3523/3697/3523
f  3532/3706/3532 3527/3701/3527 3526/3700/3526 3525/3699/3525
f  3532/3706/3532 3529/3703/3529 3528/3702/3528 3527/3701/3527
f  3532/3706/3532 3531/3705/3531 3530/3704/3530 3529/3703/3529
# object Angelfish_Set_06_pivot
g Angelfish_Set_06_pivot
v -0.00000 0.98853 5.24285
v -0.00000 -2.37520 5.00132
v -0.00000 -4.04035 3.39781
v -0.00000 2.66557 5.15812
v 0.47038 -4.31547 2.48129
v 0.79539 -3.58074 2.44029
v 0.77077 -2.90105 2.43818
v 0.90084 -1.79882 2.44385
v 0.82800 -0.62139 2.51990
v 0.73583 0.80317 2.59526
v 0.57234 2.01636 2.66976
v 0.32806 2.80922 2.76348
v 0.44340 2.13888 3.47256
v 0.39848 1.91926 1.72494
v 0.20154 3.29270 2.81537
v 0.14651 3.68673 2.80900
v 0.09517 4.38279 2.75620
v 0.06475 4.24368 2.29416
v 0.06706 4.39984 3.25324
v 0.06792 2.33466 4.83279
v -0.00000 3.62784 4.12779
v 0.27040 2.22177 4.22937
v 0.27286 -4.67523 2.59770
v 0.17936 -4.76331 2.75057
v 0.21927 -4.83293 2.65169
v 0.58783 0.71477 1.47187
v 0.67353 -0.78028 1.39335
v -0.00000 -1.09136 0.42501
v 0.16774 0.61751 0.69715
v 0.16113 1.83708 0.90403
v 0.10203 2.77342 1.34099
v 0.05695 3.16123 4.11164
v 0.04055 3.02743 4.51588
v 0.05846 0.92012 4.96913
v 0.06944 -0.84150 4.97116
v 0.62121 0.83881 3.51920
v 0.75842 -0.63272 3.47005
v 0.75510 -1.80362 3.34382
v 0.39883 0.85877 4.37096
v 0.48657 -0.76058 4.37556
v 0.44843 -1.97454 4.19321
v 0.06535 3.91910 2.41826
v 0.11146 3.99056 2.81148
v 0.07893 4.03740 3.22531
v 0.60343 -2.82246 3.16403
v 0.51405 -3.74463 2.96523
v 0.31439 -4.33749 2.82139
v 0.22799 -4.61261 2.80640
v 0.71365 -2.07069 1.41204
v 0.60477 -3.17665 1.45090
v 0.55286 -3.75985 1.95000
v 0.37901 -4.39189 2.09740
v 0.44592 -2.76288 3.88766
v 0.12796 -4.73878 2.81619
v 0.30376 -4.72065 2.37385
v 0.20443 -4.86300 2.53731
v -0.00000 -4.96457 2.67272
v 0.05118 3.26395 1.54887
v 0.23378 -4.68368 2.61310
v 0.17163 -4.71137 2.73008
v 0.18612 -4.80472 2.65940
v 0.75963 -3.47918 2.42802
v 0.70897 -3.57292 2.42529
v 0.76866 -3.56284 2.42962
v 0.53791 -3.73798 2.02733
v 0.71871 -3.54592 2.42914
v 0.56318 -3.66693 2.83659
v 0.02959 0.02476 5.14352
v 0.39897 -1.64687 0.94354
v 0.38268 -2.81657 0.96289
v 0.35902 -3.69182 1.27608
v 0.25144 -4.31615 1.70662
v 0.02972 1.80511 5.11556
v 0.03765 2.95304 4.90594
v 0.78509 0.03910 1.99049
v 0.84450 -1.21625 2.96069
v 0.77665 -2.31298 2.84134
v 0.67745 -3.24690 2.70076
v 0.49521 -3.98056 2.65902
v 0.59091 1.41267 2.09328
v 0.38342 2.42398 2.33619
v 0.39693 2.54880 3.07082
v 0.18519 2.38368 1.53252
v 0.15913 3.17742 3.14254
v 0.17580 3.08463 2.46078
v 0.10621 3.54975 3.12613
v 0.11368 3.43422 2.46686
v 0.03808 4.09971 3.47439
v 0.09516 3.77825 2.53205
v 0.01583 4.64360 3.52165
v 0.05132 4.64796 2.47155
v 0.02108 4.43542 1.96968
v 0.05464 4.71618 2.99340
v 0.11685 2.73247 4.45260
v 0.20558 2.70283 3.79528
v 0.04917 3.08611 2.04646
v 0.01839 3.36483 1.93120
v 0.34433 -4.51346 2.68982
v 0.18935 -4.67257 2.10479
v 0.21319 -4.69650 2.73985
v 0.08660 -4.79177 2.79573
v 0.18367 -4.86742 2.38807
v 0.09079 -4.94995 2.56184
v 0.35101 1.30576 1.13388
v 0.38518 -0.11606 0.97376
v 0.05103 -0.01047 0.52993
v 0.08314 1.21342 0.39105
v 0.07856 2.36239 0.59579
v 0.01276 3.30364 3.76147
v 0.20710 1.63932 4.64726
v 0.26973 0.02337 4.74004
v 0.02230 -1.44341 5.12871
v 0.61792 1.49671 3.08682
v 0.78843 0.10508 3.05569
v 0.64282 -1.32656 3.87919
v 0.44140 1.56232 3.92438
v 0.61089 0.06144 3.96842
v 0.26255 -1.51657 4.66722
v 0.10716 3.86853 3.09307
v 0.03910 3.92795 2.15557
v 0.07721 4.11046 2.59045
v 0.09765 4.17984 3.00110
v 0.57474 -2.38107 3.65519
v 0.40944 -3.34492 3.52211
v 0.20004 -4.18552 2.97798
v 0.14405 -4.53254 2.89570
v 0.88652 -1.32553 1.93495
v 0.83205 -2.44876 1.92296
v 0.72505 -3.41969 2.02347
v 0.57109 -3.98253 2.19000
v 0.22255 -2.68453 4.43728
v 0.10736 -4.68480 2.87188
v 0.04002 -4.77811 2.84642
v 0.38614 -4.54890 2.39563
v 0.27226 -4.76145 2.55311
v 0.11750 -4.89985 2.64351
v 0.05396 3.09992 1.03363
v 0.01943 3.47503 1.30761
v 0.03158 3.46372 4.36614
v 0.22712 -4.70382 2.65376
v 0.23567 -4.73458 2.61869
v 0.09579 -4.79000 2.76326
v 0.10493 -4.88675 2.69320
v 0.66739 -3.56113 2.68551
v 0.62940 -3.63134 2.17502
v 0.69211 -3.62840 2.22272
v 0.69132 -3.56737 2.68802
v 0.71872 -3.65420 2.13376
v 0.68094 -3.63910 2.13498
v 0.63379 -3.58979 2.79558
v 0.66962 -3.60150 2.79676
v 0.02121 -0.81271 5.11264
v 0.06774 0.63984 0.50199
v -0.00000 -1.84395 4.95933
v 0.23699 -2.14945 4.58201
v 0.27238 -3.01143 4.15663
v 0.30359 -3.79481 3.13234
v 0.16245 -4.40201 2.94646
v -0.00000 1.91822 5.25416
v 0.08712 1.79681 0.38804
v 0.06650 2.79265 0.85457
v 0.45718 -4.33784 2.28419
v 0.72048 -3.69194 2.13607
v 1.61512 -1.08507 2.07333
v 0.88152 -1.90641 1.92500
v 0.80698 -0.68274 1.95108
v 0.69885 0.82683 3.07597
v 0.53702 2.07802 3.08450
v 0.23903 2.91434 3.06058
v 0.81976 0.08566 2.56780
v 0.88066 -1.23604 2.48096
v 0.82378 -2.34660 2.40181
v 0.74298 -3.22929 2.37410
v 0.54832 -3.99109 2.41079
v 0.64440 1.45832 2.62762
v 0.45421 2.46122 2.71811
v 0.35108 2.18509 3.86478
v 0.28298 2.64463 3.42098
v 0.25111 2.79868 2.45259
v 0.50368 1.96558 2.19755
v 0.25977 2.40956 1.93709
v 0.24536 3.07719 2.79577
v 0.12960 3.36481 3.15131
v 0.14365 3.27691 2.49630
v 0.16391 3.49945 2.81627
v 0.10372 3.72119 3.13761
v 0.10069 3.59894 2.45496
v 0.12961 3.84148 2.81248
v -0.00000 3.78740 2.05377
v 0.08476 4.40998 2.98125
v 0.03612 4.14488 2.06060
v 0.06083 4.69191 2.75669
v 0.08396 4.32069 2.53670
v 0.03965 4.58398 2.20012
v 0.03071 4.35797 3.51712
v 0.03492 4.67376 3.24588
v 0.03567 2.48502 5.02062
v 0.05797 2.80233 4.76554
v 0.17510 2.25936 4.55445
v 0.16817 2.72875 4.14985
v 0.03858 3.30896 1.20592
v -0.00000 -4.78361 1.96837
v 0.38020 -4.53085 2.54692
v 0.13081 -4.61525 2.88583
v 0.31279 -4.68064 2.49174
v 0.22597 -4.71148 2.67991
v 0.07592 -4.73997 2.85884
v 0.09531 -4.80585 2.78025
v 0.26087 -4.74904 2.60435
v 0.21612 -4.83074 2.60056
v 0.11508 -4.90979 2.68326
v 0.69508 0.76792 2.03068
v 0.50758 1.35734 1.57166
v 0.37887 -0.92075 0.88570
v 0.64928 -0.02862 1.42063
v 0.37053 0.65362 1.02454
v 0.14598 -0.12139 0.66791
v 0.28559 1.87332 1.29821
v 0.18273 1.26068 0.73778
v 0.09226 2.78982 1.75655
v 0.13099 2.35331 1.12495
v 0.02384 3.42020 4.10329
v 0.05227 3.11842 3.75443
v 0.05807 3.13010 4.38582
v 0.02378 0.95425 5.13016
v 0.06879 1.70685 4.92576
v 0.28074 -0.81606 4.72260
v 0.07361 0.02224 4.99332
v 0.03583 -1.56008 4.95512
v 0.52600 0.84509 3.96185
v 0.53671 1.53110 3.50698
v 0.82160 -0.60481 3.01087
v 0.71783 0.09408 3.50826
v 0.84291 -1.77041 2.90434
v 0.77553 -1.25358 3.41507
v 0.23260 0.88562 4.71136
v 0.33717 1.59509 4.30978
v 0.64932 -0.69625 3.94017
v 0.46256 0.03300 4.39404
v 0.62059 -1.87517 3.78293
v 0.47219 -1.41661 4.30994
v 0.06901 3.92979 3.34276
v 0.05475 3.78147 2.29048
v 0.06422 4.04221 2.35180
v 0.10420 4.15584 2.79036
v 0.08142 3.94292 2.60406
v 0.07424 4.17621 3.26026
v 0.10666 4.01598 3.03712
v 0.69924 -2.80871 2.77665
v 0.69220 -2.33001 3.25587
v 0.65846 -3.63447 2.80328
v 0.54442 -3.31269 3.06684
v 0.42704 -4.31107 2.67210
v 0.37387 -4.05248 2.84263
v 0.26332 -4.62822 2.71324
v 0.26602 -4.51077 2.80819
v 0.36973 -2.28205 0.94106
v 0.74203 -1.46315 1.39822
v 0.39270 -3.29272 1.08113
v 0.68611 -2.60592 1.45604
v 0.25754 -4.08436 1.47106
v 0.65993 -3.41684 1.72256
v 0.21256 -4.50937 1.92334
v 0.45630 -4.10362 1.97930
v 0.52577 -2.83894 3.55935
v 0.42563 -2.46681 4.02692
v 0.16069 -4.75081 2.77605
v 0.17952 -4.68508 2.80771
v 0.07491 -4.77890 2.82381
v 0.19265 -4.78848 2.26642
v 0.33054 -4.58526 2.24403
v 0.14565 -4.90936 2.48228
v 0.26884 -4.80665 2.46835
v 0.11363 -4.92345 2.60110
v 0.03520 3.24084 2.03252
v 0.06999 3.06333 1.47033
v 0.02728 3.43844 1.61545
v 0.03614 3.29533 4.74081
v 0.24740 -4.69984 2.61361
v 0.21478 -4.68020 2.65944
v 0.22132 -4.72242 2.61484
v 0.09276 -4.75085 2.76647
v 0.19994 -4.81733 2.66552
v 0.09540 -4.87147 2.68785
v 0.18026 -4.74784 2.72959
v 0.71030 -3.55682 2.43290
v 0.65844 -3.55123 2.81078
v 0.71423 -3.59884 2.11231
v 0.74281 -3.56330 2.43597
v 0.63622 -3.64548 2.18870
v 0.64053 -3.58362 2.73559
v 0.69735 -3.64970 2.16720
v 0.64022 -3.63619 2.16823
v 0.63271 -3.58235 2.76247
v 0.66543 -3.59196 2.76545
v 0.79432 -3.55505 2.42732
v 0.55300 -3.73553 1.99513
v 0.73960 -3.53022 2.43067
v 0.55887 -3.68683 2.87487
v 0.47708 -3.75458 3.04145
v 0.48959 -3.64925 3.13484
v 0.46730 -3.66541 3.31149
v 0.35793 -3.80758 3.40044
v 0.33391 -3.95511 3.31557
v 0.35320 -3.99686 3.19595
v 0.38877 -3.97393 3.08330
v 0.43662 -3.85906 3.03066
v 0.16346 -4.14032 3.18950
v 0.16871 -3.98362 3.42475
v 0.23999 -3.78527 3.62489
v 0.54769 -3.53834 3.47305
v 0.55073 -3.51977 3.10411
v 0.49744 -3.74719 3.00516
v 0.38759 -3.95053 2.93233
v 0.27927 -4.11526 3.01593
v 0.50582 -3.77258 3.07452
v 0.51366 -3.68388 3.15593
v 0.49222 -3.69351 3.31433
v 0.40223 -3.82030 3.39152
v 0.37925 -3.95189 3.31771
v 0.39556 -3.98667 3.21574
v 0.42927 -3.96713 3.11048
v 0.47324 -3.86287 3.06735
v 0.48695 -3.78202 3.09744
v 0.49035 -3.70999 3.16097
v 0.47832 -3.71817 3.29196
v 0.40648 -3.81975 3.35552
v 0.38247 -3.92670 3.29169
v 0.39374 -3.95237 3.21430
v 0.42351 -3.93831 3.12535
v 0.46200 -3.85009 3.09147
v 0.39895 -3.75137 3.04331
v 0.40082 -3.67261 3.12063
v 0.39720 -3.67911 3.26596
v 0.30326 -3.79195 3.34215
v 0.28152 -3.91191 3.27221
v 0.29752 -3.94560 3.18159
v 0.32674 -3.92888 3.08246
v 0.36510 -3.83117 3.03513
v 0.34212 -3.75618 3.06123
v 0.33400 -3.70300 3.11692
v 0.33209 -3.70046 3.22863
v 0.26648 -3.78478 3.28820
v 0.24996 -3.87328 3.24019
v 0.25909 -3.89757 3.18066
v 0.28560 -3.88598 3.09699
v 0.31659 -3.80926 3.05502
v 0.48096 -3.70366 3.15642
v 0.47772 -3.77810 3.09169
v 0.45206 -3.84826 3.08555
v 0.41342 -3.93759 3.11976
v 0.38318 -3.95163 3.20929
v 0.37098 -3.92541 3.28856
v 0.39581 -3.81685 3.35403
v 0.47014 -3.71354 3.28948
v 0.51042 -3.70221 3.16258
v 0.50482 -3.78039 3.09050
v 0.47648 -3.85819 3.08393
v 0.43661 -3.95346 3.12296
v 0.40492 -3.97029 3.21945
v 0.39191 -3.94052 3.30750
v 0.41523 -3.82270 3.37483
v 0.49372 -3.71019 3.30562
v 0.34080 -3.95481 3.31578
v 0.36508 -3.80960 3.39914
v 0.47146 -3.66980 3.31197
v 0.49349 -3.65406 3.13810
v 0.48166 -3.75724 3.04666
v 0.44268 -3.85951 3.03677
v 0.39526 -3.97295 3.08736
v 0.35978 -3.99539 3.19853
v -0.00000 -3.05763 0.53894
v -0.00000 -3.53795 0.71907
v -0.00000 -4.94152 2.70817
v -0.00000 -2.50519 0.50474
v -0.00000 -4.25803 1.26009
v -0.00000 -3.94280 0.98438
v -0.00000 -4.48109 1.51608
v -0.00000 3.20252 5.07721
v -0.00000 3.56153 4.93839
v -0.00000 3.00611 2.23540
v -0.00000 3.06792 2.23578
v -0.00000 3.59482 3.44540
v -0.00000 4.02374 3.65430
v -0.00000 4.29817 3.74735
v -0.00000 4.56619 3.77448
v -0.00000 4.86283 3.48408
v -0.00000 4.84901 3.72584
v -0.00000 4.90532 2.40967
v -0.00000 4.33481 1.78605
v -0.00000 4.65788 1.63120
v -0.00000 3.06043 2.22493
v -0.00000 3.18310 2.23319
v -0.00000 3.43102 2.01173
v -0.00000 -4.81331 2.81669
v -0.00000 -4.97655 2.40625
v -0.00000 -4.98713 2.56786
v -0.00000 1.75636 0.09129
v -0.00000 2.34521 0.18319
v -0.00000 2.84398 0.31123
v -0.00000 3.62021 3.74780
v -0.00000 -4.24505 3.22667
v -0.00000 -4.69087 2.92306
v -0.00000 -4.78911 2.85295
v -0.00000 3.44427 0.71906
v -0.00000 -4.89934 2.70955
v 0.10044 -4.87803 2.69409
v 0.19324 -4.80992 2.66619
v 0.22851 -4.72796 2.62039
v 0.23904 -4.69571 2.61590
v 0.21994 -4.69425 2.65250
v 0.17517 -4.73123 2.72507
v 0.09370 -4.77096 2.75966
v -0.00000 -4.78671 2.77509
v 0.16663 -4.23286 2.57388
v 0.13315 -4.23340 2.58769
v 0.07196 -4.23490 2.61140
v 0.07133 -4.24173 2.44391
v 0.14323 -4.23908 2.47623
v 0.17170 -4.23577 2.51400
v 0.18136 -4.23377 2.54505
v 0.09182 -4.80173 2.31355
v 0.09950 -4.59400 2.86301
v 0.19890 -4.58461 2.77865
v 0.25961 -4.60476 2.59785
v 0.28363 -4.65389 2.40517
v 0.22586 -4.71024 2.36035
v 0.17651 -4.76089 2.32772
v 0.10495 -4.66509 2.84972
v 0.20194 -4.64026 2.77604
v 0.25827 -4.63649 2.63314
v 0.27802 -4.66417 2.48533
v 0.22667 -4.72646 2.42804
v 0.18268 -4.79816 2.51353
v 0.09080 -4.85013 2.56767
v 0.09618 -4.43281 2.80127
v 0.18545 -4.42731 2.74299
v 0.23751 -4.43727 2.58676
v 0.25905 -4.46262 2.40922
v 0.22362 -4.49217 2.32047
v 0.18051 -4.51949 2.27670
v 0.09189 -4.54149 2.24988
v 0.23526 -4.33673 2.58161
v 0.24720 -4.34310 2.46768
v 0.22250 -4.35437 2.39619
v 0.18247 -4.36810 2.35213
v 0.09192 -4.37977 2.32033
v -0.00000 -4.32887 2.72889
v 0.09451 -4.32775 2.72191
v 0.17951 -4.32803 2.69766
v -0.00000 -4.17208 2.52631
v 0.07165 -4.18277 2.52765
v 0.13819 -4.20938 2.53196
v -0.00000 -4.76299 2.79213
v 0.09385 -4.74317 2.77393
v 0.17435 -4.70500 2.73419
v 0.21868 -4.67629 2.65708
v 0.23774 -4.68193 2.60165
v 0.22180 -4.72278 2.59811
v 0.18579 -4.80403 2.64635
v 0.09529 -4.87074 2.67688
v 0.36112 -4.00737 1.60571
v 0.37893 -4.12593 1.76785
v 0.45440 -3.75943 1.54563
v 0.56826 -3.73555 1.72113
v 0.59910 -3.77610 1.87625
v 0.57087 -3.94481 1.88233
v 0.51809 -4.06103 1.74073
v 0.48193 -4.00074 1.63435
v 0.51293 -3.83882 1.61865
v 0.99322 -2.99340 1.71831
v 0.99953 -2.99011 1.73649
v 1.01850 -2.99781 1.73673
v 1.02995 -3.00772 1.71969
v 1.02144 -3.01087 1.70744
v 1.00329 -3.00307 1.70601
v 0.75677 -3.78046 1.66559
v 0.74137 -3.69545 1.76635
v 0.69217 -3.59110 1.76218
v 0.65948 -3.58085 1.65197
v 0.66849 -3.65958 1.57905
v 0.71354 -3.76119 1.59007
v 0.88275 -3.37663 1.71910
v 0.83738 -3.33933 1.72283
v 0.81987 -3.33412 1.65607
v 0.84100 -3.36310 1.60649
v 0.88387 -3.40052 1.60697
v 0.90813 -3.40519 1.65244
v 1.01717 -3.00554 1.73550
v 0.99774 -2.99731 1.73533
v 0.99123 -3.00045 1.71628
v 1.00150 -3.01046 1.70332
v 1.02008 -3.01879 1.70473
v 1.02888 -3.01578 1.71758
v 1.00325 -2.99363 1.71914
v 1.00607 -2.99233 1.72765
v 1.01545 -2.99610 1.72775
v 1.02178 -3.00133 1.71835
v 1.01815 -3.00305 1.71352
v 1.00851 -2.99876 1.71271
v 0.13480 -1.14837 0.60129
v 0.18710 -1.15180 0.66796
v 0.19257 -1.72406 0.72474
v 0.23785 -2.34582 0.78884
v 0.20899 -2.78587 0.76460
v 0.17037 -2.80984 0.72287
v 0.09949 -2.50123 0.62103
v 0.08034 -1.82157 0.61800
v 1.20747 -0.32919 0.00864
v 1.20802 -0.32961 0.00921
v 1.20808 -0.33495 0.00636
v 1.20856 -0.34077 0.00329
v 1.20825 -0.34448 0.00050
v 1.20785 -0.34444 -0.00000
v 1.20710 -0.34115 0.00091
v 1.20690 -0.33518 0.00485
v 0.82162 -1.14865 0.16478
v 0.80510 -0.92095 0.17883
v 0.80310 -0.71151 0.19255
v 0.78401 -0.70629 0.16875
v 0.76414 -0.94968 0.13457
v 0.77113 -1.19459 0.09507
v 0.79700 -1.31179 0.11331
v 0.81109 -1.30565 0.12977
v 1.04065 -0.79957 0.06263
v 1.03200 -0.68171 0.08046
v 1.03095 -0.57335 0.09728
v 1.02096 -0.56953 0.08513
v 1.01056 -0.69462 0.05610
v 1.01422 -0.82025 0.02423
v 1.02776 -0.88209 0.02830
v 1.03513 -0.87966 0.03715
v 0.56241 -1.73894 0.40424
v 0.53466 -1.31322 0.38589
v 0.53131 -0.92148 0.37050
v 0.49926 -0.91644 0.32527
v 0.46589 -1.37523 0.30928
v 0.47762 -1.83788 0.28372
v 0.52106 -2.05203 0.34049
v 0.54472 -2.03741 0.36986
v 0.22797 -2.74994 0.74567
v 0.25629 -2.31669 0.77040
v 0.21185 -1.70434 0.70850
v 0.20649 -1.14075 0.65370
v 0.15516 -1.13724 0.58806
v 0.10171 -1.80014 0.60320
v 0.12051 -2.46939 0.60486
v 0.19007 -2.77347 0.70453
v 0.67359 -3.16647 1.60280
v 0.69302 -3.07034 1.65679
v 0.77195 -2.94576 1.89736
v 0.76863 -2.92246 2.08867
v 0.77838 -2.98293 2.22421
v 0.76147 -3.12640 2.13065
v 0.75601 -3.22334 1.93082
v 0.68442 -3.24258 1.72059
v 0.72671 -3.12526 1.65075
v 0.72744 -3.11067 1.66148
v 0.80362 -3.01988 1.88844
v 0.81915 -2.95691 2.09961
v 0.83049 -2.96318 2.14199
v 0.83129 -2.99466 2.11398
v 0.81220 -3.05360 1.89570
v 0.73488 -3.13242 1.67813
v 1.27996 -1.49866 1.57901
v 1.18574 -1.79035 1.61893
v 1.51156 -1.38635 2.12677
v 1.59960 -1.41277 2.69352
v 1.70679 -1.15327 2.80509
v 1.66191 -1.43342 2.68392
v 1.57229 -1.41068 2.11177
v 1.25825 -1.80589 1.60101
v 1.05721 -2.00224 1.43508
v 1.58908 -1.67230 2.93199
v 1.26839 -2.27841 2.02465
v 1.30853 -2.26561 2.42032
v 1.24879 -2.36378 2.55461
v 1.27158 -2.23225 2.41683
v 1.23465 -2.24541 2.02697
v 0.96542 -2.51396 1.64241
v 0.92598 -2.57574 1.55195
v 1.00639 -2.53745 1.64392
v 0.85999 -2.96252 1.91700
v 0.87348 -2.90860 2.15619
v 0.86292 -2.89217 2.19476
v 0.85856 -2.87150 2.14207
v 0.84843 -2.92901 1.90991
v 0.76393 -3.04211 1.65999
v 0.76139 -3.06241 1.63941
v 0.77517 -3.06390 1.67598
v -0.00000 -0.86882 5.18160
v -0.02121 -0.81271 5.11264
v -0.02959 0.02476 5.14352
v -0.00000 0.02917 5.24220
v -0.06944 -0.84150 4.97116
v -0.07361 0.02224 4.99332
v -0.05846 0.92012 4.96913
v -0.02378 0.95425 5.13016
v -1.20747 -0.32919 0.00864
v -1.20802 -0.32961 0.00921
v -1.20808 -0.33495 0.00636
v -1.20690 -0.33518 0.00485
v -0.37887 -0.92075 0.88570
v -0.67353 -0.78028 1.39335
v -0.74203 -1.46315 1.39822
v -0.39897 -1.64687 0.94354
v -0.71365 -2.07069 1.41204
v -0.36973 -2.28205 0.94106
v -1.20856 -0.34077 0.00329
v -1.20710 -0.34115 0.00091
v -0.68611 -2.60592 1.45604
v -0.38268 -2.81657 0.96289
v -0.60477 -3.17665 1.45090
v -0.39270 -3.29272 1.08113
v -0.65993 -3.41684 1.72256
v -0.35902 -3.69182 1.27608
v -1.00607 -2.99233 1.72765
v -1.01815 -3.00305 1.71352
v -1.00851 -2.99876 1.71271
v -1.00325 -2.99363 1.71914
v -0.25754 -4.08436 1.47106
v -0.36112 -4.00737 1.60571
v -0.37893 -4.12593 1.76785
v -0.25144 -4.31615 1.70662
v -0.37901 -4.39189 2.09740
v -0.21256 -4.50937 1.92334
v -0.45630 -4.10362 1.97930
v -0.00000 -4.64822 1.75111
v -0.02972 1.80511 5.11556
v -0.06879 1.70685 4.92576
v -0.06792 2.33466 4.83279
v -0.03567 2.48502 5.02062
v -0.03765 2.95304 4.90594
v -0.05797 2.80233 4.76554
v -0.04055 3.02743 4.51588
v -0.03614 3.29533 4.74081
v -0.82800 -0.62139 2.51990
v -0.80698 -0.68274 1.95108
v -0.78509 0.03910 1.99049
v -0.81976 0.08566 2.56780
v -0.64928 -0.02862 1.42063
v -0.58783 0.71477 1.47187
v -0.69508 0.76792 2.03068
v -0.73583 0.80317 2.59526
v -0.82160 -0.60481 3.01087
v -0.84450 -1.21625 2.96069
v -0.88066 -1.23604 2.48096
v -0.75842 -0.63272 3.47005
v -0.77553 -1.25358 3.41507
v -0.75510 -1.80362 3.34382
v -0.84291 -1.77041 2.90434
v -0.90084 -1.79882 2.44385
v -0.77665 -2.31298 2.84134
v -0.82378 -2.34660 2.40181
v -0.69220 -2.33001 3.25587
v -0.60343 -2.82246 3.16403
v -0.69924 -2.80871 2.77665
v -0.77077 -2.90105 2.43818
v -0.67745 -3.24690 2.70076
v -0.74298 -3.22929 2.37410
v -0.54442 -3.31269 3.06684
v -0.51405 -3.74463 2.96523
v -0.65844 -3.55123 2.81078
v -0.75963 -3.47918 2.42802
v -0.79539 -3.58074 2.44029
v -0.65846 -3.63447 2.80328
v -0.49521 -3.98056 2.65902
v -0.54832 -3.99109 2.41079
v -0.37387 -4.05248 2.84263
v -0.31439 -4.33749 2.82139
v -0.42704 -4.31107 2.67210
v -0.47038 -4.31547 2.48129
v -0.59091 1.41267 2.09328
v -0.64440 1.45832 2.62762
v -0.50758 1.35734 1.57166
v -0.39848 1.91926 1.72494
v -0.50368 1.96558 2.19755
v -0.57234 2.01636 2.66976
v -0.38342 2.42398 2.33619
v -0.45421 2.46122 2.71811
v -0.25977 2.40956 1.93709
v -0.25111 2.79868 2.45259
v -0.32806 2.80922 2.76348
v -0.44340 2.13888 3.47256
v -0.53702 2.07802 3.08450
v -0.39693 2.54880 3.07082
v -0.28298 2.64463 3.42098
v -0.23903 2.91434 3.06058
v -0.00000 3.26228 3.33396
v -0.28559 1.87332 1.29821
v -0.18519 2.38368 1.53252
v -0.16113 1.83708 0.90403
v -0.13099 2.35331 1.12495
v -0.10203 2.77342 1.34099
v -0.09226 2.78982 1.75655
v -0.15913 3.17742 3.14254
v -0.00000 3.30306 3.33734
v -0.24536 3.07719 2.79577
v -0.20154 3.29270 2.81537
v -0.12960 3.36481 3.15131
v -0.00000 3.43449 3.37388
v -0.17580 3.08463 2.46078
v -0.00000 3.22434 2.25882
v -0.14365 3.27691 2.49630
v -0.10621 3.54975 3.12613
v -0.16391 3.49945 2.81627
v -0.14651 3.68673 2.80900
v -0.10372 3.72119 3.13761
v -0.00000 3.77887 3.53745
v -0.11368 3.43422 2.46686
v -0.00000 3.36745 2.23603
v -0.00000 3.54493 2.15503
v -0.10069 3.59894 2.45496
v -0.06901 3.92979 3.34276
v -0.03808 4.09971 3.47439
v -0.07893 4.03740 3.22531
v -0.07424 4.17621 3.26026
v -0.06706 4.39984 3.25324
v -0.03071 4.35797 3.51712
v -0.09516 3.77825 2.53205
v -0.12961 3.84148 2.81248
v -0.05475 3.78147 2.29048
v -0.06535 3.91910 2.41826
v -0.08142 3.94292 2.60406
v -0.11146 3.99056 2.81148
v -0.01583 4.64360 3.52165
v -0.03492 4.67376 3.24588
v -0.00000 4.89451 3.21791
v -0.09517 4.38279 2.75620
v -0.08396 4.32069 2.53670
v -0.05132 4.64796 2.47155
v -0.06083 4.69191 2.75669
v -0.06475 4.24368 2.29416
v -0.03965 4.58398 2.20012
v -0.00000 4.94251 2.09815
v -0.00000 4.92995 2.73651
v -0.03612 4.14488 2.06060
v -0.02108 4.43542 1.96968
v -0.00000 4.03129 1.90237
v -0.00000 4.77864 1.84519
v -0.08476 4.40998 2.98125
v -0.05464 4.71618 2.99340
v -0.00000 4.98713 3.01431
v -0.17510 2.25936 4.55445
v -0.11685 2.73247 4.45260
v -0.27040 2.22177 4.22937
v -0.16817 2.72875 4.14985
v -0.05695 3.16123 4.11164
v -0.05807 3.13010 4.38582
v -0.35108 2.18509 3.86478
v -0.20558 2.70283 3.79528
v -0.05227 3.11842 3.75443
v -0.04917 3.08611 2.04646
v -0.06999 3.06333 1.47033
v -0.05118 3.26395 1.54887
v -0.03520 3.24084 2.03252
v -0.01839 3.36483 1.93120
v -0.00000 3.31407 2.21903
v -0.02728 3.43844 1.61545
v -0.00000 3.61352 1.74642
v -0.00000 3.57447 1.91050
v -0.34433 -4.51346 2.68982
v -0.38020 -4.53085 2.54692
v -0.26602 -4.51077 2.80819
v -0.22799 -4.61261 2.80640
v -0.26332 -4.62822 2.71324
v -0.27286 -4.67523 2.59770
v -0.18935 -4.67257 2.10479
v -0.33054 -4.58526 2.24403
v -0.30376 -4.72065 2.37385
v -0.19265 -4.78848 2.26642
v -0.00000 -4.86841 2.15504
v -0.21319 -4.69650 2.73985
v -0.22597 -4.71148 2.67991
v -0.17953 -4.68508 2.80771
v -0.12796 -4.73878 2.81619
v -0.16069 -4.75081 2.77605
v -0.17936 -4.76331 2.75057
v -0.08660 -4.79177 2.79573
v -0.09531 -4.80585 2.78025
v -0.07491 -4.77890 2.82381
v -0.00000 -4.81741 2.80149
v -0.00000 -4.81936 2.79082
v -0.26884 -4.80665 2.46835
v -0.18367 -4.86742 2.38807
v -0.20443 -4.86300 2.53731
v -0.14565 -4.90936 2.48228
v -0.00000 -4.93947 2.29676
v -0.09079 -4.94995 2.56184
v -0.11363 -4.92345 2.60110
v -0.37053 0.65362 1.02454
v -0.35101 1.30576 1.13388
v -0.16774 0.61751 0.69715
v -0.18273 1.26068 0.73778
v -0.38518 -0.11606 0.97376
v -0.14598 -0.12139 0.66791
v -0.00000 -0.24158 0.44282
v -0.05103 -0.01047 0.52993
v -0.00000 0.54794 0.37964
v -0.06774 0.63984 0.50199
v -0.08314 1.21342 0.39105
v -0.00000 1.16952 0.18886
v -0.08712 1.79681 0.38804
v -0.07856 2.36239 0.59579
v -0.06650 2.79265 0.85457
v -0.00000 3.31438 3.35806
v -0.01276 3.30364 3.76147
v -0.00000 3.46241 3.64559
v -0.02384 3.42020 4.10329
v -0.23260 0.88562 4.71136
v -0.20710 1.63932 4.64726
v -0.39883 0.85877 4.37096
v -0.33717 1.59509 4.30978
v -0.28074 -0.81606 4.72260
v -0.26973 0.02337 4.74004
v -0.48657 -0.76058 4.37556
v -0.46256 0.03300 4.39404
v -0.02230 -1.44341 5.12871
v -0.03583 -1.56008 4.95512
v -0.62121 0.83881 3.51920
v -0.69885 0.82683 3.07597
v -0.61792 1.49671 3.08682
v -0.53671 1.53110 3.50698
v -0.78843 0.10508 3.05569
v -0.71783 0.09408 3.50826
v -0.64932 -0.69625 3.94017
v -0.64282 -1.32656 3.87919
v -0.47219 -1.41661 4.30994
v -0.44843 -1.97454 4.19321
v -0.62059 -1.87517 3.78293
v -0.52600 0.84509 3.96185
v -0.44140 1.56232 3.92438
v -0.61089 0.06144 3.96842
v -0.26255 -1.51657 4.66722
v -0.23699 -2.14945 4.58201
v -0.10716 3.86853 3.09307
v -0.10666 4.01598 3.03712
v -0.03910 3.92795 2.15557
v -0.06422 4.04221 2.35180
v -0.07721 4.11046 2.59045
v -0.10420 4.15584 2.79036
v -0.09765 4.17984 3.00110
v -0.57474 -2.38107 3.65519
v -0.42563 -2.46681 4.02692
v -0.44592 -2.76288 3.88766
v -0.52577 -2.83894 3.55935
v -0.40944 -3.34492 3.52211
v -0.27238 -3.01143 4.15663
v -0.00000 -3.63583 4.35697
v -0.00000 -3.65684 3.87763
v -0.26648 -3.78478 3.28820
v -0.24996 -3.87328 3.24019
v -0.30359 -3.79481 3.13234
v -0.33209 -3.70046 3.22863
v -0.34212 -3.75618 3.06123
v -0.33400 -3.70300 3.11692
v -0.28560 -3.88598 3.09699
v -0.31659 -3.80926 3.05502
v -0.25909 -3.89757 3.18066
v -0.16245 -4.40201 2.94646
v -0.20004 -4.18552 2.97798
v -0.00000 -4.16555 3.18969
v -0.14405 -4.53254 2.89570
v -0.00000 -4.47965 2.95320
v -0.00000 -4.61397 2.94437
v -0.13081 -4.61525 2.88583
v -0.88652 -1.32553 1.93495
v -0.88152 -1.90641 1.92500
v -0.83205 -2.44876 1.92296
v -1.70679 -1.15327 2.80509
v -1.61512 -1.08507 2.07333
v -1.51156 -1.38635 2.12677
v -1.59960 -1.41277 2.69352
v -1.27996 -1.49866 1.57901
v -1.18574 -1.79035 1.61893
v -1.57229 -1.41068 2.11177
v -1.25825 -1.80589 1.60101
v -1.66191 -1.43342 2.68392
v -0.71423 -3.59884 2.11231
v -0.72505 -3.41969 2.02347
v -0.55286 -3.75985 1.95000
v -0.72048 -3.69194 2.13607
v -0.57109 -3.98253 2.19000
v -0.45718 -4.33784 2.28419
v -0.22255 -2.68453 4.43728
v -0.00000 -2.80102 4.78161
v -0.10736 -4.68480 2.87188
v -0.00000 -4.74414 2.89077
v -0.07592 -4.73997 2.85884
v -0.04002 -4.77811 2.84642
v -0.38614 -4.54890 2.39563
v -0.31279 -4.68064 2.49174
v -0.27226 -4.76145 2.55311
v -0.26087 -4.74904 2.60435
v -0.21927 -4.83293 2.65169
v -0.21612 -4.83074 2.60056
v -0.11750 -4.89985 2.64351
v -0.11508 -4.90979 2.68326
v -0.05396 3.09992 1.03363
v -0.00000 3.18442 0.46599
v -0.03858 3.30896 1.20592
v -0.01943 3.47503 1.30761
v -0.00000 3.54756 0.98717
v -0.00000 3.58812 1.30274
v -0.00000 3.65765 1.55932
v -0.03158 3.46372 4.36614
v -0.00000 3.69777 4.44443
v -0.22712 -4.70382 2.65376
v -0.24740 -4.69984 2.61361
v -0.18026 -4.74784 2.72959
v -0.17163 -4.71137 2.73008
v -0.21478 -4.68020 2.65944
v -0.21994 -4.69425 2.65250
v -0.17517 -4.73123 2.72507
v -0.23378 -4.68368 2.61310
v -0.23904 -4.69571 2.61590
v -0.23567 -4.73458 2.61869
v -0.19994 -4.81733 2.66552
v -0.22132 -4.72242 2.61484
v -0.22851 -4.72796 2.62039
v -0.18612 -4.80472 2.65940
v -0.19324 -4.80992 2.66619
v -0.09579 -4.79000 2.76326
v -0.00000 -4.80220 2.77682
v -0.09276 -4.75085 2.76647
v -0.09370 -4.77096 2.75966
v -0.10493 -4.88675 2.69320
v -0.09540 -4.87147 2.68785
v -0.10044 -4.87803 2.69409
v -0.00000 -4.88645 2.70536
v -0.56318 -3.66693 2.83659
v -0.64053 -3.58362 2.73559
v -0.66739 -3.56113 2.68551
v -0.63271 -3.58235 2.76247
v -0.70897 -3.57292 2.42529
v -0.71030 -3.55682 2.43290
v -0.71871 -3.54592 2.42914
v -0.62940 -3.63134 2.17502
v -0.64022 -3.63619 2.16823
v -0.63622 -3.64548 2.18870
v -0.53791 -3.73798 2.02733
v -0.74281 -3.56330 2.43597
v -0.69211 -3.62840 2.22272
v -0.76866 -3.56284 2.42962
v -0.69735 -3.64970 2.16720
v -0.66543 -3.59196 2.76545
v -0.69132 -3.56737 2.68802
v -0.71872 -3.65420 2.13376
v -0.79432 -3.55505 2.42732
v -0.55300 -3.73553 1.99513
v -0.68094 -3.63910 2.13498
v -0.73960 -3.53022 2.43067
v -0.63379 -3.58979 2.79558
v -0.55887 -3.68683 2.87487
v -0.66962 -3.60150 2.79676
v -0.55073 -3.51977 3.10411
v -0.49744 -3.74719 3.00516
v -0.54769 -3.53834 3.47305
v -0.23999 -3.78527 3.62489
v -0.16871 -3.98362 3.42475
v -0.16346 -4.14032 3.18950
v -0.27927 -4.11526 3.01593
v -0.38759 -3.95053 2.93233
v -0.48959 -3.64925 3.13484
v -0.47708 -3.75458 3.04145
v -0.46730 -3.66541 3.31149
v -0.35793 -3.80758 3.40044
v -0.33391 -3.95511 3.31557
v -0.35320 -3.99686 3.19595
v -0.38877 -3.97393 3.08330
v -0.43662 -3.85906 3.03066
v -0.49349 -3.65406 3.13810
v -0.48166 -3.75724 3.04666
v -0.47146 -3.66980 3.31197
v -0.36508 -3.80960 3.39914
v -0.34080 -3.95481 3.31578
v -0.35978 -3.99539 3.19853
v -0.39526 -3.97295 3.08736
v -0.44268 -3.85951 3.03677
v -0.50582 -3.77258 3.07452
v -0.51366 -3.68388 3.15593
v -0.51042 -3.70221 3.16258
v -0.50482 -3.78039 3.09050
v -0.49222 -3.69351 3.31433
v -0.49372 -3.71019 3.30562
v -0.40223 -3.82030 3.39152
v -0.41523 -3.82270 3.37483
v -0.37925 -3.95189 3.31771
v -0.39191 -3.94052 3.30750
v -0.39556 -3.98667 3.21574
v -0.40492 -3.97029 3.21945
v -0.42927 -3.96713 3.11048
v -0.43661 -3.95346 3.12296
v -0.47324 -3.86287 3.06735
v -0.47648 -3.85819 3.08393
v -0.48695 -3.78202 3.09744
v -0.49035 -3.70999 3.16097
v -0.48096 -3.70366 3.15642
v -0.47772 -3.77810 3.09169
v -0.47832 -3.71817 3.29196
v -0.47014 -3.71354 3.28948
v -0.40648 -3.81975 3.35552
v -0.39581 -3.81685 3.35403
v -0.38247 -3.92670 3.29169
v -0.37098 -3.92541 3.28856
v -0.39374 -3.95237 3.21430
v -0.38318 -3.95163 3.20929
v -0.42351 -3.93831 3.12535
v -0.41342 -3.93759 3.11976
v -0.46200 -3.85009 3.09147
v -0.45206 -3.84826 3.08555
v -0.39895 -3.75137 3.04331
v -0.40082 -3.67261 3.12063
v -0.39720 -3.67911 3.26596
v -0.30326 -3.79195 3.34215
v -0.28152 -3.91191 3.27221
v -0.29752 -3.94560 3.18159
v -0.32674 -3.92888 3.08246
v -0.36510 -3.83117 3.03513
v -1.20825 -0.34448 0.00050
v -1.20785 -0.34444 -0.00000
v -0.00000 -4.94472 2.68983
v -0.00000 -4.77108 2.78328
v -0.00000 -4.91276 2.70796
v -0.13315 -4.23340 2.58769
v -0.13819 -4.20938 2.53196
v -0.18136 -4.23377 2.54505
v -0.16663 -4.23286 2.57388
v -0.17435 -4.70500 2.73419
v -0.21868 -4.67629 2.65708
v -0.09385 -4.74317 2.77393
v -0.09529 -4.87074 2.67688
v -0.00000 -4.88473 2.69611
v -0.18579 -4.80403 2.64635
v -0.22180 -4.72278 2.59811
v -0.23774 -4.68193 2.60165
v -0.19890 -4.58461 2.77865
v -0.18545 -4.42731 2.74299
v -0.23751 -4.43727 2.58676
v -0.25961 -4.60476 2.59785
v -0.09950 -4.59400 2.86301
v -0.09618 -4.43281 2.80127
v -0.00000 -4.60226 2.89548
v -0.00000 -4.43739 2.82168
v -0.09182 -4.80173 2.31355
v -0.09189 -4.54149 2.24988
v -0.00000 -4.55148 2.22909
v -0.00000 -4.82023 2.30744
v -0.17651 -4.76089 2.32772
v -0.18051 -4.51949 2.27670
v -0.22586 -4.71024 2.36035
v -0.22362 -4.49217 2.32047
v -0.28363 -4.65389 2.40517
v -0.25905 -4.46262 2.40922
v -0.20194 -4.64026 2.77604
v -0.25827 -4.63649 2.63314
v -0.10495 -4.66509 2.84972
v -0.00000 -4.68086 2.88209
v -0.09080 -4.85013 2.56767
v -0.00000 -4.86720 2.60214
v -0.18268 -4.79816 2.51353
v -0.22667 -4.72646 2.42804
v -0.27802 -4.66417 2.48533
v -0.17951 -4.32803 2.69766
v -0.23526 -4.33673 2.58161
v -0.09451 -4.32775 2.72191
v -0.09192 -4.37977 2.32033
v -0.00000 -4.38491 2.29992
v -0.18247 -4.36810 2.35213
v -0.22250 -4.35437 2.39619
v -0.24720 -4.34310 2.46768
v -0.07196 -4.23490 2.61140
v -0.00000 -4.23570 2.62351
v -0.07133 -4.24173 2.44391
v -0.00000 -4.24297 2.42912
v -0.14323 -4.23908 2.47623
v -0.17170 -4.23577 2.51400
v -0.07165 -4.18277 2.52765
v -1.01545 -2.99610 1.72775
v -1.02178 -3.00133 1.71835
v -0.45440 -3.75943 1.54563
v -0.59910 -3.77610 1.87625
v -0.56826 -3.73555 1.72113
v -0.57087 -3.94481 1.88233
v -0.51809 -4.06103 1.74073
v -0.48193 -4.00074 1.63435
v -0.51293 -3.83882 1.61865
v -0.69217 -3.59110 1.76218
v -0.65948 -3.58085 1.65197
v -0.74137 -3.69545 1.76635
v -0.75677 -3.78046 1.66559
v -0.71354 -3.76119 1.59007
v -0.66849 -3.65958 1.57905
v -0.83738 -3.33933 1.72283
v -0.81987 -3.33412 1.65607
v -0.88275 -3.37663 1.71910
v -0.90813 -3.40519 1.65244
v -0.88387 -3.40052 1.60697
v -0.84100 -3.36310 1.60649
v -0.99774 -2.99731 1.73533
v -0.99123 -3.00045 1.71628
v -1.01717 -3.00554 1.73550
v -1.02888 -3.01578 1.71758
v -1.02008 -3.01879 1.70473
v -1.00150 -3.01046 1.70332
v -0.99953 -2.99011 1.73649
v -0.99322 -2.99340 1.71831
v -1.01850 -2.99781 1.73673
v -1.02995 -3.00772 1.71969
v -1.02144 -3.01087 1.70744
v -1.00329 -3.00307 1.70601
v -0.18710 -1.15180 0.66796
v -0.13480 -1.14837 0.60129
v -0.19257 -1.72406 0.72474
v -0.23785 -2.34582 0.78884
v -0.20899 -2.78587 0.76460
v -0.17037 -2.80984 0.72287
v -0.09949 -2.50123 0.62103
v -0.00000 -1.84842 0.53722
v -0.08034 -1.82157 0.61800
v -0.20649 -1.14075 0.65370
v -0.15516 -1.13724 0.58806
v -0.21185 -1.70434 0.70850
v -0.25629 -2.31669 0.77040
v -0.22797 -2.74994 0.74567
v -0.19007 -2.77347 0.70453
v -0.12051 -2.46939 0.60486
v -0.10171 -1.80014 0.60320
v -0.80310 -0.71151 0.19255
v -1.03095 -0.57335 0.09728
v -1.02096 -0.56953 0.08513
v -0.78401 -0.70629 0.16875
v -0.80510 -0.92095 0.17883
v -1.03200 -0.68171 0.08046
v -0.82162 -1.14865 0.16478
v -1.04065 -0.79957 0.06263
v -0.81109 -1.30565 0.12977
v -1.03513 -0.87966 0.03715
v -0.79700 -1.31179 0.11331
v -1.02776 -0.88209 0.02830
v -0.77113 -1.19459 0.09507
v -1.01422 -0.82025 0.02423
v -0.76414 -0.94968 0.13457
v -1.01056 -0.69462 0.05610
v -0.53131 -0.92148 0.37050
v -0.49926 -0.91644 0.32527
v -0.53466 -1.31322 0.38589
v -0.56241 -1.73894 0.40424
v -0.54472 -2.03741 0.36986
v -0.52106 -2.05203 0.34049
v -0.47762 -1.83788 0.28372
v -0.46589 -1.37523 0.30928
v -0.69302 -3.07034 1.65679
v -0.67359 -3.16647 1.60280
v -0.77195 -2.94576 1.89736
v -0.76863 -2.92246 2.08867
v -0.77838 -2.98293 2.22421
v -0.76147 -3.12640 2.13065
v -0.75601 -3.22334 1.93082
v -0.68442 -3.24258 1.72059
v -0.72744 -3.11067 1.66148
v -0.72671 -3.12526 1.65075
v -0.80362 -3.01988 1.88844
v -0.81915 -2.95691 2.09961
v -0.83049 -2.96318 2.14199
v -0.83129 -2.99466 2.11398
v -0.81220 -3.05360 1.89570
v -0.73488 -3.13242 1.67813
v -0.76393 -3.04211 1.65999
v -0.76139 -3.06241 1.63941
v -0.84843 -2.92901 1.90991
v -0.85856 -2.87150 2.14207
v -0.86292 -2.89217 2.19476
v -0.87348 -2.90860 2.15619
v -0.85999 -2.96252 1.91700
v -0.77517 -3.06390 1.67598
v -1.05721 -2.00224 1.43508
v -1.58908 -1.67230 2.93199
v -0.96542 -2.51396 1.64241
v -0.92598 -2.57574 1.55195
v -1.23465 -2.24541 2.02697
v -1.27158 -2.23225 2.41683
v -1.24879 -2.36378 2.55461
v -1.30853 -2.26561 2.42032
v -1.26839 -2.27841 2.02465
v -1.00639 -2.53745 1.64392
v -0.00000 4.86283 3.48408
v -0.00000 4.56619 3.77448
v -0.00000 4.56619 3.77448
v -0.00000 4.86283 3.48408
v -0.00000 4.84901 3.72584
v -0.01583 4.64360 3.52165
# 1192 verticies
vt 0.49237 0.48582
vt 0.49275 0.49341
vt 0.41225 0.48926
vt 0.41791 0.47829
vt 0.49290 0.47180
vt 0.41717 0.46490
vt 0.57374 0.47352
vt 0.57629 0.48857
vt 0.57948 0.49787
vt 0.99097 0.53498
vt 0.99101 0.53491
vt 0.99134 0.53498
vt 0.99123 0.53500
vt 0.36969 0.15117
vt 0.35172 0.10415
vt 0.41388 0.09634
vt 0.42742 0.14668
vt 0.31951 0.15387
vt 0.29785 0.10682
vt 0.99084 0.53489
vt 0.99085 0.53478
vt 0.27569 0.15943
vt 0.25350 0.11366
vt 0.22855 0.16075
vt 0.21546 0.12739
vt 0.18735 0.08772
vt 0.22633 0.06960
vt 0.21040 0.18482
vt 0.18317 0.14402
vt 0.14997 0.95368
vt 0.14825 0.95022
vt 0.15008 0.95073
vt 0.15082 0.95231
vt 0.14904 0.15882
vt 0.12763 0.13515
vt 0.15429 0.11120
vt 0.15785 0.17169
vt 0.14905 0.18644
vt 0.12997 0.17962
vt 0.15265 0.20588
vt 0.12703 0.21536
vt 0.11226 0.19768
vt 0.09354 0.17840
vt 0.10829 0.15767
vt 0.65426 0.48966
vt 0.66462 0.50225
vt 0.64584 0.47149
vt 0.70441 0.46526
vt 0.71751 0.48367
vt 0.73350 0.50580
vt 0.76171 0.47584
vt 0.78365 0.49385
vt 0.74854 0.46156
vt 0.77180 0.44021
vt 0.79483 0.46323
vt 0.81797 0.48388
vt 0.49903 0.19768
vt 0.50349 0.24760
vt 0.44297 0.24387
vt 0.43690 0.19556
vt 0.49255 0.14688
vt 0.55844 0.14902
vt 0.56349 0.19961
vt 0.56672 0.24985
vt 0.39334 0.28115
vt 0.39125 0.24140
vt 0.44450 0.28541
vt 0.39012 0.31908
vt 0.44183 0.32447
vt 0.34495 0.31329
vt 0.34779 0.27683
vt 0.34507 0.23919
vt 0.30325 0.27278
vt 0.30013 0.23701
vt 0.30166 0.30701
vt 0.26090 0.30090
vt 0.26256 0.26875
vt 0.25532 0.24099
vt 0.22747 0.26276
vt 0.22923 0.23647
vt 0.22090 0.29396
vt 0.18544 0.28492
vt 0.20316 0.27001
vt 0.21013 0.24054
vt 0.16312 0.26254
vt 0.16286 0.24237
vt 0.19661 0.24273
vt 0.19238 0.26855
vt 0.15625 0.28037
vt 0.13131 0.27940
vt 0.13536 0.26412
vt 0.13559 0.24804
vt 0.62239 0.20385
vt 0.62619 0.25279
vt 0.61713 0.15574
vt 0.67054 0.16728
vt 0.67415 0.21253
vt 0.67784 0.25695
vt 0.71930 0.22433
vt 0.72104 0.26176
vt 0.71993 0.18419
vt 0.78464 0.20680
vt 0.75838 0.23442
vt 0.75712 0.26659
vt 0.72984 0.29596
vt 0.74004 0.33117
vt 0.68940 0.33268
vt 0.68344 0.29553
vt 0.76902 0.29743
vt 0.80642 0.33005
vt 0.71695 0.14493
vt 0.66656 0.12600
vt 0.71258 0.10610
vt 0.66320 0.08737
vt 0.75345 0.12420
vt 0.75816 0.16346
vt 0.79653 0.30640
vt 0.81007 0.33071
vt 0.78553 0.27023
vt 0.80830 0.27256
vt 0.81582 0.30801
vt 0.82303 0.33408
vt 0.78812 0.23532
vt 0.79035 0.20727
vt 0.80509 0.21051
vt 0.80816 0.23880
vt 0.83536 0.30651
vt 0.83926 0.34172
vt 0.83040 0.27318
vt 0.85044 0.27293
vt 0.85351 0.30816
vt 0.85826 0.35194
vt 0.82499 0.23574
vt 0.81922 0.20905
vt 0.83774 0.20154
vt 0.84248 0.23480
vt 0.89286 0.34611
vt 0.88381 0.36549
vt 0.87526 0.33089
vt 0.90194 0.32307
vt 0.88714 0.31876
vt 0.92615 0.32319
vt 0.92066 0.35194
vt 0.91309 0.37693
vt 0.86138 0.24336
vt 0.86707 0.27374
vt 0.86243 0.21725
vt 0.87689 0.23128
vt 0.87893 0.25134
vt 0.88324 0.27403
vt 0.95190 0.35381
vt 0.94227 0.38127
vt 0.95620 0.32367
vt 0.98082 0.32159
vt 0.97626 0.35073
vt 0.97370 0.37738
vt 0.95587 0.23911
vt 0.95961 0.27034
vt 0.92584 0.26928
vt 0.91991 0.24530
vt 0.94972 0.20923
vt 0.91230 0.21873
vt 0.98955 0.19890
vt 0.98477 0.23302
vt 0.98651 0.26889
vt 0.93408 0.18349
vt 0.90211 0.19297
vt 0.92338 0.16298
vt 0.88993 0.17521
vt 0.95951 0.14660
vt 0.97225 0.17061
vt 0.96149 0.29617
vt 0.92812 0.29372
vt 0.99161 0.29956
vt 0.74364 0.43126
vt 0.69820 0.43724
vt 0.74486 0.40217
vt 0.69564 0.40550
vt 0.78751 0.40283
vt 0.78203 0.42839
vt 0.74456 0.36808
vt 0.69326 0.37047
vt 0.78726 0.36856
vt 0.78936 0.18773
vt 0.78946 0.20511
vt 0.78174 0.13428
vt 0.80116 0.14000
vt 0.80354 0.18492
vt 0.80081 0.20431
vt 0.81418 0.17450
vt 0.81267 0.20156
vt 0.81799 0.14472
vt 0.83539 0.15525
vt 0.83332 0.17064
vt 0.82120 0.18131
vt 0.11705 0.26680
vt 0.11607 0.25416
vt 0.11579 0.27884
vt 0.10637 0.27932
vt 0.10510 0.27063
vt 0.10014 0.26022
vt 0.09795 0.21348
vt 0.08151 0.19778
vt 0.10994 0.22780
vt 0.09821 0.23906
vt 0.08880 0.22815
vt 0.07339 0.21425
vt 0.09815 0.27448
vt 0.09643 0.26912
vt 0.09906 0.28111
vt 0.09323 0.28390
vt 0.09266 0.27927
vt 0.09180 0.27643
vt 0.08705 0.28450
vt 0.08605 0.28276
vt 0.08833 0.28713
vt 0.08196 0.29128
vt 0.08073 0.29025
vt 0.07979 0.28951
vt 0.08996 0.24654
vt 0.08224 0.23867
vt 0.08217 0.25143
vt 0.07640 0.24593
vt 0.06365 0.23691
vt 0.06722 0.22705
vt 0.06967 0.25192
vt 0.06097 0.25136
vt 0.07220 0.25576
vt 0.06086 0.26120
vt 0.61295 0.11316
vt 0.55333 0.10438
vt 0.60910 0.07346
vt 0.55003 0.06957
vt 0.48456 0.10138
vt 0.48366 0.06699
vt 0.39736 0.04440
vt 0.49326 0.05194
vt 0.47247 0.04344
vt 0.55178 0.04963
vt 0.54322 0.03714
vt 0.60439 0.04021
vt 0.60000 0.02022
vt 0.65384 0.01053
vt 0.65820 0.03901
vt 0.71145 0.05629
vt 0.70857 0.01734
vt 0.75528 0.02730
vt 0.75278 0.07839
vt 0.80518 0.37119
vt 0.81105 0.33302
vt 0.82155 0.36208
vt 0.83509 0.37346
vt 0.83154 0.40913
vt 0.81223 0.40468
vt 0.64025 0.44274
vt 0.57131 0.44533
vt 0.63693 0.40945
vt 0.56970 0.41125
vt 0.49434 0.44348
vt 0.42187 0.43745
vt 0.49653 0.40893
vt 0.42868 0.40376
vt 0.36719 0.47289
vt 0.35891 0.45925
vt 0.33487 0.48528
vt 0.29141 0.46085
vt 0.62949 0.29467
vt 0.63250 0.33367
vt 0.56962 0.33264
vt 0.56882 0.29264
vt 0.50516 0.28974
vt 0.50384 0.32923
vt 0.38332 0.35875
vt 0.43561 0.36493
vt 0.37451 0.39656
vt 0.32875 0.38659
vt 0.33830 0.35059
vt 0.63478 0.37283
vt 0.56942 0.37296
vt 0.50019 0.36996
vt 0.36439 0.42992
vt 0.31239 0.42203
vt 0.86936 0.30389
vt 0.88533 0.29836
vt 0.87841 0.20293
vt 0.86339 0.19126
vt 0.89033 0.22444
vt 0.89700 0.25038
vt 0.90118 0.27226
vt 0.90313 0.29506
vt 0.29676 0.34063
vt 0.28850 0.37285
vt 0.26486 0.36064
vt 0.25930 0.33327
vt 0.21709 0.33171
vt 0.24289 0.38478
vt 0.18951 0.40462
vt 0.18287 0.36684
vt 0.17927 0.30506
vt 0.18172 0.30683
vt 0.17949 0.30846
vt 0.17754 0.30758
vt 0.18004 0.30332
vt 0.18117 0.30440
vt 0.17730 0.30456
vt 0.17891 0.30349
vt 0.17704 0.30636
vt 0.14189 0.29758
vt 0.13978 0.32098
vt 0.13345 0.32279
vt 0.12294 0.29524
vt 0.11127 0.29106
vt 0.11108 0.30458
vt 0.10072 0.30105
vt 0.10406 0.28970
vt 0.38263 0.19661
vt 0.33514 0.19733
vt 0.29094 0.19840
vt 0.15347 0.40124
vt 0.14555 0.36920
vt 0.15890 0.35878
vt 0.17240 0.39857
vt 0.13405 0.44100
vt 0.15448 0.43583
vt 0.09762 0.32719
vt 0.05863 0.33175
vt 0.06807 0.31676
vt 0.10461 0.31152
vt 0.12411 0.34256
vt 0.13673 0.33287
vt 0.21353 0.20968
vt 0.20049 0.21772
vt 0.18182 0.20565
vt 0.16420 0.22461
vt 0.18773 0.22321
vt 0.13341 0.23172
vt 0.26866 0.40909
vt 0.25612 0.44170
vt 0.09769 0.28921
vt 0.09454 0.29872
vt 0.08978 0.29634
vt 0.09214 0.28961
vt 0.08758 0.29073
vt 0.08524 0.29372
vt 0.11459 0.24114
vt 0.10131 0.24953
vt 0.09268 0.25442
vt 0.09267 0.25948
vt 0.08372 0.26171
vt 0.08420 0.25735
vt 0.07326 0.25994
vt 0.07248 0.26343
vt 0.78239 0.09336
vt 0.78751 0.04011
vt 0.81280 0.06222
vt 0.80290 0.10797
vt 0.81900 0.11616
vt 0.82376 0.08629
vt 0.83736 0.11239
vt 0.83781 0.13777
vt 0.81362 0.42976
vt 0.83489 0.43925
vt 0.09640 0.26678
vt 0.09657 0.26281
vt 0.09169 0.27411
vt 0.08969 0.27115
vt 0.09487 0.26625
vt 0.09569 0.26647
vt 0.09086 0.27263
vt 0.09523 0.26447
vt 0.09582 0.26387
vt 0.09288 0.26248
vt 0.08373 0.26407
vt 0.09354 0.26408
vt 0.09317 0.26330
vt 0.08438 0.26574
vt 0.08401 0.26485
vt 0.08517 0.28086
vt 0.07828 0.28776
vt 0.08291 0.27755
vt 0.08417 0.27929
vt 0.07282 0.26579
vt 0.07311 0.26765
vt 0.07295 0.26668
vt 0.06417 0.27007
vt 0.06353 0.26893
vt 0.20020 0.26062
vt 0.19966 0.26706
vt 0.19328 0.27479
vt 0.19784 0.26452
vt 0.20342 0.24119
vt 0.20234 0.24067
vt 0.20437 0.24088
vt 0.19478 0.22190
vt 0.19474 0.22151
vt 0.19420 0.22259
vt 0.18573 0.21008
vt 0.19409 0.22695
vt 0.20028 0.24176
vt 0.19137 0.22407
vt 0.19897 0.24163
vt 0.19710 0.25985
vt 0.19467 0.26528
vt 0.18946 0.22341
vt 0.19784 0.24177
vt 0.18464 0.20891
vt 0.19696 0.21900
vt 0.20618 0.24084
vt 0.19980 0.26955
vt 0.19122 0.27745
vt 0.19383 0.26704
vt 0.20419 0.29628
vt 0.18509 0.28861
vt 0.20279 0.32157
vt 0.18117 0.33925
vt 0.15153 0.33412
vt 0.16350 0.32851
vt 0.14955 0.31340
vt 0.15165 0.29726
vt 0.16565 0.28657
vt 0.19288 0.29914
vt 0.18422 0.29215
vt 0.19166 0.31189
vt 0.18059 0.32105
vt 0.17000 0.31549
vt 0.16617 0.30730
vt 0.16694 0.29863
vt 0.17541 0.29252
vt 0.19221 0.29956
vt 0.18404 0.29294
vt 0.19115 0.31170
vt 0.18063 0.32011
vt 0.17042 0.31510
vt 0.16677 0.30730
vt 0.16767 0.29898
vt 0.17567 0.29322
vt 0.18325 0.29590
vt 0.18954 0.30114
vt 0.18803 0.30182
vt 0.18277 0.29723
vt 0.18920 0.31095
vt 0.18804 0.31032
vt 0.18067 0.31720
vt 0.18068 0.31546
vt 0.17238 0.31341
vt 0.17332 0.31242
vt 0.16952 0.30743
vt 0.17083 0.30737
vt 0.17028 0.30054
vt 0.17167 0.30121
vt 0.17686 0.29617
vt 0.17739 0.29736
vt 0.18218 0.29855
vt 0.18644 0.30238
vt 0.18558 0.30279
vt 0.18190 0.29937
vt 0.18677 0.30952
vt 0.18612 0.30912
vt 0.18048 0.31377
vt 0.18036 0.31279
vt 0.17423 0.31122
vt 0.17476 0.31063
vt 0.17220 0.30708
vt 0.17289 0.30685
vt 0.17303 0.30187
vt 0.17380 0.30229
vt 0.17780 0.29858
vt 0.17793 0.29936
vt 0.18053 0.30207
vt 0.18268 0.30369
vt 0.18365 0.30759
vt 0.17981 0.30994
vt 0.17657 0.30853
vt 0.17563 0.30627
vt 0.17621 0.30379
vt 0.17858 0.30237
vt 0.99069 0.53475
vt 0.99066 0.53462
vt 0.06169 0.26354
vt 0.06177 0.26534
vt 0.07563 0.28514
vt 0.07710 0.28651
vt 0.06296 0.26777
vt 0.03594 0.07654
vt 0.03859 0.07280
vt 0.04064 0.07455
vt 0.04157 0.07767
vt 0.08935 0.27053
vt 0.09463 0.26597
vt 0.08223 0.27666
vt 0.07445 0.28426
vt 0.07357 0.26861
vt 0.06462 0.27085
vt 0.08507 0.26677
vt 0.09394 0.26498
vt 0.09486 0.26478
vt 0.05982 0.06386
vt 0.04793 0.05778
vt 0.05297 0.04460
vt 0.06695 0.05204
vt 0.06826 0.06861
vt 0.07739 0.05559
vt 0.07658 0.07457
vt 0.08702 0.05840
vt 0.02932 0.02471
vt 0.01981 0.04262
vt 0.01229 0.03961
vt 0.02487 0.01922
vt 0.03294 0.03001
vt 0.02625 0.04558
vt 0.03584 0.03397
vt 0.03003 0.04826
vt 0.03945 0.03851
vt 0.03606 0.05187
vt 0.05707 0.04179
vt 0.06854 0.04776
vt 0.07829 0.04946
vt 0.08829 0.04969
vt 0.04661 0.01673
vt 0.04622 0.00966
vt 0.04561 0.02536
vt 0.04046 0.03245
vt 0.04518 0.03800
vt 0.05314 0.07016
vt 0.04443 0.06500
vt 0.05793 0.07656
vt 0.06354 0.08557
vt 0.01983 0.05765
vt 0.01065 0.05758
vt 0.02780 0.05788
vt 0.03206 0.05926
vt 0.03703 0.06143
vt 0.04384 0.08400
vt 0.04601 0.09294
vt 0.01672 0.07838
vt 0.02460 0.07500
vt 0.03194 0.07253
vt 0.03595 0.07243
vt 0.02777 0.09221
vt 0.03235 0.08329
vt 0.06244 0.03894
vt 0.07009 0.04126
vt 0.07769 0.04025
vt 0.08550 0.03823
vt 0.05380 0.01341
vt 0.05197 0.00745
vt 0.05520 0.02189
vt 0.05432 0.03027
vt 0.05690 0.03493
vt 0.14748 0.95103
vt 0.14823 0.95313
vt 0.17964 0.16776
vt 0.11388 0.99368
vt 0.05847 0.98702
vt 0.06657 0.97838
vt 0.08221 0.97891
vt 0.03346 0.97177
vt 0.05147 0.97092
vt 0.03400 0.95433
vt 0.04552 0.95689
vt 0.04200 0.94123
vt 0.04890 0.94761
vt 0.05881 0.93034
vt 0.06072 0.94030
vt 0.09086 0.91752
vt 0.07205 0.93620
vt 0.08303 0.96818
vt 0.08553 0.97408
vt 0.07679 0.96469
vt 0.07256 0.95665
vt 0.07271 0.95079
vt 0.07746 0.94566
vt 0.08183 0.94059
vt 0.10461 0.96447
vt 0.10495 0.97052
vt 0.10260 0.95973
vt 0.10025 0.95382
vt 0.09922 0.94985
vt 0.10050 0.94533
vt 0.10236 0.94042
vt 0.14642 0.95860
vt 0.14571 0.96241
vt 0.14555 0.95443
vt 0.14393 0.95021
vt 0.14266 0.94702
vt 0.14261 0.94277
vt 0.14274 0.93855
vt 0.14820 0.95830
vt 0.14770 0.96364
vt 0.14709 0.95448
vt 0.14565 0.95048
vt 0.14451 0.94708
vt 0.14471 0.94221
vt 0.14441 0.93483
vt 0.15265 0.95251
vt 0.15072 0.95560
vt 0.14762 0.94840
vt 0.15118 0.94937
vt 0.39278 0.07189
vt 0.39299 0.06437
vt 0.34334 0.07885
vt 0.29078 0.09026
vt 0.25330 0.09144
vt 0.25029 0.08716
vt 0.27245 0.06002
vt 0.27454 0.07298
vt 0.32978 0.05529
vt 0.33297 0.06510
vt 0.95329 0.62769
vt 0.95373 0.62598
vt 0.95912 0.62748
vt 0.95874 0.62923
vt 0.91491 0.63455
vt 0.91605 0.63272
vt 0.87281 0.63845
vt 0.87469 0.63662
vt 0.84289 0.63829
vt 0.84551 0.63656
vt 0.83944 0.63534
vt 0.84221 0.63366
vt 0.84729 0.61419
vt 0.84979 0.61303
vt 0.86636 0.57319
vt 0.86855 0.57273
vt 0.89097 0.53564
vt 0.89274 0.53577
vt 0.98079 0.55265
vt 0.98175 0.55313
vt 0.97692 0.57195
vt 0.97502 0.57108
vt 0.97372 0.55398
vt 0.96106 0.57296
vt 0.96615 0.55488
vt 0.94581 0.57376
vt 0.96093 0.55553
vt 0.93503 0.57385
vt 0.96044 0.55527
vt 0.93366 0.57271
vt 0.93611 0.56502
vt 0.96199 0.55164
vt 0.94259 0.55006
vt 0.96576 0.54425
vt 0.95104 0.53600
vt 0.97050 0.53720
vt 0.99065 0.53433
vt 0.99070 0.53408
vt 0.99108 0.53365
vt 0.96818 0.59628
vt 0.96460 0.59517
vt 0.93861 0.59926
vt 0.91068 0.60229
vt 0.89146 0.60364
vt 0.88974 0.60235
vt 0.89594 0.58960
vt 0.90907 0.56292
vt 0.92504 0.53712
vt 0.23881 0.17802
vt 0.23060 0.17413
vt 0.25034 0.19768
vt 0.25276 0.21301
vt 0.24839 0.22407
vt 0.23690 0.21706
vt 0.22880 0.20154
vt 0.22483 0.18385
vt 0.03386 0.46671
vt 0.03355 0.46234
vt 0.03652 0.46321
vt 0.03665 0.46453
vt 0.03314 0.44225
vt 0.03916 0.44426
vt 0.03238 0.42660
vt 0.03758 0.42547
vt 0.03056 0.42362
vt 0.03567 0.42080
vt 0.02565 0.42057
vt 0.03266 0.41767
vt 0.01672 0.41530
vt 0.02222 0.40827
vt 0.00921 0.40970
vt 0.00988 0.40463
vt 0.00717 0.40792
vt 0.00819 0.40405
vt 0.04153 0.46137
vt 0.04064 0.46317
vt 0.04659 0.44005
vt 0.04678 0.42083
vt 0.04522 0.41576
vt 0.04185 0.41404
vt 0.02766 0.40508
vt 0.01145 0.40127
vt 0.00941 0.40026
vt 0.12191 0.45852
vt 0.03939 0.33557
vt 0.12876 0.35974
vt 0.08293 0.45297
vt 0.07950 0.46070
vt 0.10029 0.42001
vt 0.09794 0.39553
vt 0.08901 0.38847
vt 0.08579 0.37891
vt 0.06458 0.36800
vt 0.03179 0.37057
vt 0.02376 0.36971
vt 0.49242 0.50285
vt 0.41759 0.50269
vt 0.49151 0.51685
vt 0.41548 0.51593
vt 0.57618 0.50873
vt 0.57210 0.52344
vt 0.99028 0.51007
vt 0.99054 0.51007
vt 0.99065 0.51010
vt 0.99031 0.51014
vt 0.33603 0.82313
vt 0.39299 0.83352
vt 0.37435 0.88221
vt 0.31332 0.86806
vt 0.26001 0.85987
vt 0.28639 0.81529
vt 0.99014 0.51025
vt 0.99015 0.51014
vt 0.24337 0.80526
vt 0.21660 0.84851
vt 0.18017 0.83094
vt 0.19662 0.79911
vt 0.18505 0.88955
vt 0.14813 0.86752
vt 0.18104 0.77329
vt 0.14975 0.81108
vt 0.13505 0.88505
vt 0.13582 0.88647
vt 0.13499 0.88800
vt 0.13313 0.88840
vt 0.11732 0.79286
vt 0.11766 0.84077
vt 0.09360 0.81420
vt 0.10049 0.77021
vt 0.12017 0.76539
vt 0.12741 0.78096
vt 0.08473 0.75042
vt 0.10124 0.73436
vt 0.12575 0.74642
vt 0.06413 0.76768
vt 0.07667 0.78982
vt 0.65385 0.51566
vt 0.64361 0.53286
vt 0.71615 0.52811
vt 0.70124 0.54508
vt 0.75932 0.54043
vt 0.78299 0.52477
vt 0.74474 0.55329
vt 0.79097 0.55638
vt 0.76569 0.57692
vt 0.81610 0.53822
vt 0.46945 0.79015
vt 0.40744 0.78588
vt 0.41843 0.73845
vt 0.47902 0.74095
vt 0.45779 0.84001
vt 0.53377 0.79485
vt 0.52356 0.84466
vt 0.54215 0.74521
vt 0.37290 0.69627
vt 0.42423 0.69728
vt 0.36674 0.73559
vt 0.37359 0.65821
vt 0.42558 0.65816
vt 0.32715 0.69589
vt 0.32806 0.65932
vt 0.32058 0.73305
vt 0.28243 0.69534
vt 0.27565 0.73060
vt 0.28436 0.66112
vt 0.24153 0.69517
vt 0.24319 0.66302
vt 0.23148 0.72203
vt 0.20602 0.69752
vt 0.20507 0.72385
vt 0.20268 0.66581
vt 0.18258 0.68781
vt 0.16649 0.67117
vt 0.18649 0.71785
vt 0.14198 0.69113
vt 0.17170 0.68816
vt 0.17327 0.71428
vt 0.13965 0.71117
vt 0.13698 0.67269
vt 0.11453 0.68671
vt 0.11208 0.67109
vt 0.11311 0.70273
vt 0.59280 0.79668
vt 0.60161 0.74839
vt 0.58262 0.84400
vt 0.64518 0.79337
vt 0.63694 0.83801
vt 0.65341 0.74956
vt 0.69130 0.78627
vt 0.69688 0.74921
vt 0.68781 0.82625
vt 0.73121 0.78024
vt 0.75449 0.81041
vt 0.73326 0.74811
vt 0.70914 0.71610
vt 0.66294 0.71176
vt 0.67268 0.67541
vt 0.72290 0.68212
vt 0.74827 0.71865
vt 0.78882 0.69005
vt 0.68081 0.86500
vt 0.62874 0.87866
vt 0.67247 0.90317
vt 0.62143 0.91674
vt 0.72370 0.85081
vt 0.71498 0.88937
vt 0.77655 0.71256
vt 0.79252 0.68977
vt 0.76190 0.74741
vt 0.79590 0.71294
vt 0.78478 0.74743
vt 0.80575 0.68774
vt 0.76089 0.78239
vt 0.76022 0.81053
vt 0.78117 0.78100
vt 0.77521 0.80882
vt 0.81518 0.71643
vt 0.82268 0.68181
vt 0.80683 0.74909
vt 0.83341 0.71666
vt 0.82674 0.75138
vt 0.84263 0.67360
vt 0.79760 0.78577
vt 0.78913 0.81173
vt 0.81491 0.78850
vt 0.80677 0.82109
vt 0.87645 0.68295
vt 0.85738 0.69628
vt 0.86944 0.66274
vt 0.88311 0.70681
vt 0.86795 0.70957
vt 0.90470 0.68001
vt 0.90721 0.70917
vt 0.89973 0.65437
vt 0.83458 0.78193
vt 0.84337 0.75229
vt 0.83294 0.80801
vt 0.85286 0.77579
vt 0.84877 0.79553
vt 0.85947 0.75366
vt 0.93597 0.68135
vt 0.92921 0.65306
vt 0.93715 0.71178
vt 0.95989 0.68692
vt 0.96142 0.71638
vt 0.96007 0.66015
vt 0.92814 0.79586
vt 0.89300 0.78600
vt 0.90137 0.76276
vt 0.93506 0.76518
vt 0.91895 0.82495
vt 0.88270 0.81166
vt 0.95626 0.80488
vt 0.95751 0.83932
vt 0.96167 0.76938
vt 0.90075 0.84894
vt 0.86992 0.83623
vt 0.88800 0.86825
vt 0.85599 0.85264
vt 0.93740 0.86568
vt 0.92225 0.88825
vt 0.93959 0.73968
vt 0.90614 0.73868
vt 0.96989 0.73940
vt 0.73676 0.58293
vt 0.69217 0.57232
vt 0.73499 0.61199
vt 0.68637 0.60362
vt 0.77465 0.58973
vt 0.77748 0.61571
vt 0.73119 0.64587
vt 0.68040 0.63822
vt 0.77371 0.64977
vt 0.75723 0.82987
vt 0.75912 0.81259
vt 0.74416 0.88225
vt 0.77104 0.83412
vt 0.76406 0.87856
vt 0.77032 0.81455
vt 0.78056 0.84557
vt 0.78184 0.81850
vt 0.78129 0.87559
vt 0.79920 0.85137
vt 0.79968 0.86690
vt 0.78825 0.83952
vt 0.09659 0.68217
vt 0.09432 0.69464
vt 0.09657 0.67006
vt 0.08510 0.67713
vt 0.08726 0.66861
vt 0.07910 0.68697
vt 0.07212 0.73324
vt 0.05416 0.74717
vt 0.08552 0.72023
vt 0.06453 0.71771
vt 0.07500 0.70783
vt 0.04776 0.72996
vt 0.07859 0.67258
vt 0.07632 0.67774
vt 0.08017 0.66609
vt 0.07361 0.66725
vt 0.07465 0.66271
vt 0.07246 0.67000
vt 0.06857 0.66148
vt 0.06740 0.66310
vt 0.07012 0.65900
vt 0.06288 0.65511
vt 0.06421 0.65421
vt 0.06186 0.65575
vt 0.06757 0.69954
vt 0.05908 0.70657
vt 0.05402 0.69875
vt 0.06032 0.69387
vt 0.04295 0.71658
vt 0.04040 0.70642
vt 0.04794 0.69210
vt 0.03922 0.69177
vt 0.05085 0.68854
vt 0.04013 0.68197
vt 0.57410 0.88592
vt 0.51389 0.88853
vt 0.56618 0.92501
vt 0.50703 0.92283
vt 0.44518 0.88445
vt 0.44074 0.91857
vt 0.35258 0.93218
vt 0.44875 0.93453
vt 0.42720 0.94085
vt 0.50672 0.94284
vt 0.49692 0.95438
vt 0.55809 0.95760
vt 0.55167 0.97704
vt 0.61149 0.96433
vt 0.60423 0.99221
vt 0.66624 0.95261
vt 0.65936 0.99106
vt 0.70961 0.93487
vt 0.70685 0.98595
vt 0.79180 0.64899
vt 0.79372 0.68757
vt 0.82179 0.64981
vt 0.80715 0.65975
vt 0.80226 0.61641
vt 0.82192 0.61397
vt 0.63510 0.56089
vt 0.56679 0.55123
vt 0.62837 0.59366
vt 0.56169 0.58496
vt 0.49004 0.54516
vt 0.41733 0.54373
vt 0.48866 0.57976
vt 0.42064 0.57793
vt 0.36658 0.50285
vt 0.35694 0.51558
vt 0.28996 0.50705
vt 0.60919 0.70708
vt 0.54863 0.70286
vt 0.55354 0.66316
vt 0.61618 0.66858
vt 0.48501 0.69920
vt 0.48775 0.65979
vt 0.37090 0.61805
vt 0.42355 0.61727
vt 0.36602 0.57954
vt 0.32528 0.62154
vt 0.31948 0.58475
vt 0.62248 0.62987
vt 0.55748 0.62303
vt 0.48830 0.61890
vt 0.35938 0.54531
vt 0.30684 0.54782
vt 0.84874 0.72254
vt 0.86406 0.72968
vt 0.84737 0.82390
vt 0.83123 0.83396
vt 0.86144 0.80372
vt 0.87073 0.77860
vt 0.87714 0.75726
vt 0.88142 0.73479
vt 0.28294 0.62719
vt 0.27804 0.59428
vt 0.24492 0.63066
vt 0.25326 0.60401
vt 0.20277 0.62788
vt 0.23389 0.57774
vt 0.17234 0.58941
vt 0.18282 0.55251
vt 0.16241 0.65050
vt 0.16095 0.64782
vt 0.16299 0.64714
vt 0.16503 0.64899
vt 0.16424 0.65135
vt 0.16300 0.65230
vt 0.16040 0.65080
vt 0.16190 0.65202
vt 0.16033 0.64897
vt 0.12447 0.65410
vt 0.10537 0.65448
vt 0.11865 0.62815
vt 0.12477 0.63061
vt 0.09334 0.65744
vt 0.09453 0.64398
vt 0.08603 0.65805
vt 0.08387 0.64642
vt 0.35357 0.77926
vt 0.30640 0.77366
vt 0.26254 0.76806
vt 0.12698 0.48589
vt 0.14047 0.47235
vt 0.16421 0.50702
vt 0.14786 0.51145
vt 0.08352 0.47758
vt 0.09991 0.46433
vt 0.15272 0.57500
vt 0.16945 0.57881
vt 0.14334 0.60490
vt 0.12569 0.60346
vt 0.15632 0.54459
vt 0.17164 0.54030
vt 0.18670 0.74889
vt 0.17455 0.73955
vt 0.15474 0.74964
vt 0.13916 0.72898
vt 0.16243 0.73279
vt 0.10927 0.71874
vt 0.26201 0.55620
vt 0.25289 0.52247
vt 0.07964 0.65789
vt 0.07748 0.64810
vt 0.07416 0.65692
vt 0.07251 0.64998
vt 0.06973 0.65533
vt 0.06772 0.65212
vt 0.09151 0.70744
vt 0.07916 0.69772
vt 0.07108 0.69197
vt 0.07159 0.68694
vt 0.06295 0.68819
vt 0.06292 0.68381
vt 0.05233 0.68449
vt 0.05192 0.68094
vt 0.74061 0.92302
vt 0.74023 0.97652
vt 0.76251 0.91059
vt 0.76766 0.95711
vt 0.77936 0.90410
vt 0.78103 0.93431
vt 0.80029 0.88454
vt 0.79724 0.90974
vt 0.80622 0.59160
vt 0.82835 0.58435
vt 0.07605 0.68007
vt 0.07581 0.68403
vt 0.07212 0.67229
vt 0.06982 0.67503
vt 0.07114 0.67368
vt 0.07531 0.68030
vt 0.07448 0.68043
vt 0.07465 0.68225
vt 0.07518 0.68290
vt 0.07211 0.68398
vt 0.06317 0.68146
vt 0.07293 0.68246
vt 0.07248 0.68320
vt 0.06399 0.67986
vt 0.06353 0.68071
vt 0.06633 0.66490
vt 0.06018 0.65733
vt 0.06374 0.66797
vt 0.06518 0.66636
vt 0.05249 0.67863
vt 0.05272 0.67775
vt 0.05297 0.67681
vt 0.04433 0.67348
vt 0.04358 0.67455
vt 0.17867 0.69686
vt 0.17672 0.69273
vt 0.17324 0.68204
vt 0.17880 0.69039
vt 0.17988 0.71651
vt 0.17875 0.71692
vt 0.18079 0.71691
vt 0.16930 0.73482
vt 0.16923 0.73520
vt 0.16880 0.73406
vt 0.15909 0.74564
vt 0.16913 0.72972
vt 0.17682 0.71562
vt 0.16613 0.73230
vt 0.17550 0.71562
vt 0.17551 0.69730
vt 0.17365 0.69165
vt 0.16416 0.73276
vt 0.17439 0.71536
vt 0.15788 0.74669
vt 0.17118 0.73792
vt 0.18259 0.71714
vt 0.17919 0.68793
vt 0.17147 0.67919
vt 0.17299 0.68981
vt 0.16652 0.66746
vt 0.18630 0.66179
vt 0.18751 0.63649
vt 0.16782 0.61668
vt 0.13781 0.61874
vt 0.14914 0.62555
vt 0.13371 0.63915
vt 0.13414 0.65542
vt 0.14697 0.66749
vt 0.17535 0.65778
vt 0.16602 0.66385
vt 0.17544 0.64498
vt 0.16538 0.63472
vt 0.15426 0.63917
vt 0.14961 0.64692
vt 0.14949 0.65563
vt 0.15729 0.66258
vt 0.16591 0.66304
vt 0.17472 0.65730
vt 0.17492 0.64512
vt 0.16532 0.63567
vt 0.15464 0.63960
vt 0.15021 0.64699
vt 0.15026 0.65536
vt 0.15762 0.66190
vt 0.16543 0.66002
vt 0.16509 0.65865
vt 0.17079 0.65462
vt 0.17223 0.65545
vt 0.17168 0.64616
vt 0.17290 0.64566
vt 0.16489 0.64030
vt 0.16506 0.63856
vt 0.15642 0.64148
vt 0.15725 0.64257
vt 0.15296 0.64714
vt 0.15426 0.64733
vt 0.15446 0.65355
vt 0.15301 0.65408
vt 0.15910 0.65909
vt 0.15976 0.65797
vt 0.16464 0.65727
vt 0.16444 0.65642
vt 0.16846 0.65340
vt 0.16928 0.65390
vt 0.16965 0.64716
vt 0.17033 0.64684
vt 0.16451 0.64196
vt 0.16429 0.64292
vt 0.15850 0.64449
vt 0.15804 0.64385
vt 0.15559 0.64776
vt 0.15626 0.64807
vt 0.15589 0.65303
vt 0.15669 0.65269
vt 0.16028 0.65680
vt 0.16050 0.65603
vt 0.16336 0.65360
vt 0.16566 0.65221
vt 0.16703 0.64843
vt 0.16345 0.64570
vt 0.16008 0.64677
vt 0.15892 0.64893
vt 0.15924 0.65145
vt 0.16145 0.65310
vt 0.98993 0.51039
vt 0.98998 0.51027
vt 0.04119 0.67972
vt 0.04146 0.67794
vt 0.05728 0.65967
vt 0.05888 0.65846
vt 0.04289 0.67565
vt 0.03466 0.10848
vt 0.04036 0.10780
vt 0.03919 0.11083
vt 0.03700 0.11242
vt 0.07420 0.68069
vt 0.06942 0.67561
vt 0.06297 0.66878
vt 0.05602 0.66042
vt 0.04486 0.67275
vt 0.05353 0.67589
vt 0.06478 0.67891
vt 0.07342 0.68160
vt 0.07431 0.68190
vt 0.05744 0.12303
vt 0.06360 0.13538
vt 0.04908 0.14168
vt 0.04511 0.12814
vt 0.06624 0.11897
vt 0.07430 0.13268
vt 0.07501 0.11370
vt 0.08412 0.13065
vt 0.02390 0.15961
vt 0.01903 0.16472
vt 0.00813 0.14339
vt 0.01586 0.14099
vt 0.02794 0.15462
vt 0.02252 0.13856
vt 0.03115 0.15090
vt 0.02650 0.13620
vt 0.03511 0.14666
vt 0.03280 0.13308
vt 0.06484 0.13978
vt 0.05294 0.14481
vt 0.07471 0.13887
vt 0.08469 0.13944
vt 0.04050 0.16895
vt 0.03954 0.17597
vt 0.04019 0.16027
vt 0.03563 0.15279
vt 0.04078 0.14763
vt 0.05129 0.11622
vt 0.04220 0.12066
vt 0.05658 0.11022
vt 0.06289 0.10169
vt 0.00793 0.12535
vt 0.01708 0.12601
vt 0.02505 0.12642
vt 0.02941 0.12539
vt 0.03454 0.12362
vt 0.04313 0.10167
vt 0.01565 0.10510
vt 0.02323 0.10910
vt 0.03035 0.11216
vt 0.03434 0.11258
vt 0.03162 0.10146
vt 0.06587 0.14638
vt 0.05805 0.14808
vt 0.07337 0.14799
vt 0.08099 0.15064
vt 0.04740 0.17284
vt 0.04510 0.17863
vt 0.04948 0.16449
vt 0.04928 0.15607
vt 0.05221 0.15163
vt 0.13241 0.88755
vt 0.13329 0.88550
vt 0.14868 0.78711
vt 0.10138 0.84299
vt 0.06890 0.85587
vt 0.05325 0.85548
vt 0.04568 0.84638
vt 0.03774 0.86204
vt 0.01981 0.86013
vt 0.03097 0.87569
vt 0.01932 0.87757
vt 0.03381 0.88516
vt 0.02654 0.89112
vt 0.04517 0.89316
vt 0.04267 0.90298
vt 0.05624 0.89791
vt 0.07391 0.91767
vt 0.07192 0.86089
vt 0.06909 0.86664
vt 0.06264 0.86975
vt 0.05795 0.87753
vt 0.05776 0.88338
vt 0.06220 0.88879
vt 0.06626 0.89410
vt 0.09110 0.86559
vt 0.09040 0.87160
vt 0.08812 0.87622
vt 0.08542 0.88198
vt 0.08416 0.88589
vt 0.08517 0.89048
vt 0.08674 0.89548
vt 0.13131 0.87609
vt 0.13180 0.87993
vt 0.13068 0.88404
vt 0.12882 0.88815
vt 0.12736 0.89127
vt 0.12706 0.89551
vt 0.12694 0.89972
vt 0.13337 0.87498
vt 0.13356 0.88033
vt 0.13222 0.88408
vt 0.13055 0.88799
vt 0.12921 0.89132
vt 0.12913 0.89619
vt 0.12839 0.90354
vt 0.13766 0.88637
vt 0.13592 0.88318
vt 0.13239 0.89018
vt 0.13601 0.88942
vt 0.35029 0.91187
vt 0.35085 0.90436
vt 0.30238 0.89236
vt 0.25128 0.87561
vt 0.21412 0.87059
vt 0.21069 0.87454
vt 0.23335 0.89113
vt 0.22994 0.90382
vt 0.29065 0.90498
vt 0.28648 0.91440
vt 0.96292 0.41380
vt 0.96851 0.41287
vt 0.96869 0.41465
vt 0.96317 0.41555
vt 0.92645 0.40475
vt 0.92552 0.40280
vt 0.88576 0.39636
vt 0.88409 0.39434
vt 0.85675 0.39325
vt 0.85433 0.39125
vt 0.85315 0.39577
vt 0.85058 0.39380
vt 0.85609 0.41568
vt 0.85844 0.41711
vt 0.87057 0.45851
vt 0.87269 0.45921
vt 0.89095 0.49852
vt 0.89272 0.49859
vt 0.98208 0.49139
vt 0.97836 0.47244
vt 0.98034 0.47179
vt 0.98310 0.49102
vt 0.97520 0.48930
vt 0.96468 0.46905
vt 0.96777 0.48758
vt 0.94961 0.46660
vt 0.96265 0.48637
vt 0.93890 0.46534
vt 0.96214 0.48658
vt 0.93742 0.46632
vt 0.93901 0.47423
vt 0.96329 0.49035
vt 0.94383 0.48980
vt 0.96623 0.49810
vt 0.95070 0.50471
vt 0.97018 0.50563
vt 0.98989 0.51068
vt 0.98991 0.51093
vt 0.99024 0.51140
vt 0.97062 0.44736
vt 0.97430 0.44665
vt 0.94523 0.44047
vt 0.91780 0.43441
vt 0.89884 0.43098
vt 0.89699 0.43207
vt 0.90176 0.44542
vt 0.91191 0.47337
vt 0.92497 0.50076
vt 0.20003 0.78601
vt 0.20860 0.78298
vt 0.22209 0.76461
vt 0.22606 0.74961
vt 0.22286 0.73816
vt 0.21071 0.74395
vt 0.20106 0.75855
vt 0.19528 0.77575
vt 0.00284 0.54231
vt 0.00626 0.54139
vt 0.00724 0.54229
vt 0.00616 0.54519
vt 0.02399 0.55154
vt 0.02198 0.55756
vt 0.03807 0.56408
vt 0.03405 0.56756
vt 0.04066 0.56841
vt 0.03534 0.57081
vt 0.04136 0.57269
vt 0.03484 0.57656
vt 0.04262 0.58668
vt 0.03369 0.58687
vt 0.03812 0.59874
vt 0.03367 0.59624
vt 0.03758 0.60044
vt 0.03387 0.59893
vt 0.00974 0.53902
vt 0.01171 0.53938
vt 0.03181 0.54812
vt 0.04730 0.55950
vt 0.05043 0.56379
vt 0.04977 0.56752
vt 0.04843 0.58425
vt 0.04175 0.59950
vt 0.04134 0.60174
vt 0.06222 0.47678
vt 0.11109 0.61656
vt 0.14536 0.53056
vt 0.04327 0.51130
vt 0.03503 0.50941
vt 0.08006 0.51718
vt 0.09823 0.53375
vt 0.09853 0.54512
vt 0.10425 0.55344
vt 0.10025 0.57695
vt 0.07852 0.60165
vt 0.07440 0.60859
# 1398 texture verticies
vn 0.96258 -0.00272 0.27099
vn -0.00000 -0.01211 0.99993
vn -0.00000 -0.08072 0.99674
vn 0.95342 -0.00674 0.30156
vn 0.89232 0.00926 0.45132
vn 0.89017 -0.02141 0.45513
vn 0.92455 0.02505 0.38024
vn 0.97534 0.00187 0.22069
vn 0.00000 -0.00958 0.99995
vn 0.73617 0.33261 -0.58942
vn 0.72885 0.35788 -0.58370
vn 0.75356 0.30950 -0.57996
vn 0.78439 0.29840 -0.54378
vn 0.90312 0.00747 -0.42932
vn 0.80824 -0.03719 -0.58768
vn 0.81454 0.04285 -0.57852
vn 0.91791 0.07345 -0.38992
vn 0.89731 -0.06488 -0.43660
vn 0.83065 -0.04153 -0.55525
vn 0.74821 0.36270 -0.55554
vn 0.76330 0.34607 -0.54553
vn 0.88264 -0.07071 -0.46471
vn 0.84547 -0.08942 -0.52649
vn 0.87403 -0.16283 -0.45777
vn 0.81858 -0.22926 -0.52665
vn -0.00000 -0.47302 -0.88105
vn 0.00000 -0.28693 -0.95795
vn 0.88404 -0.30341 -0.35554
vn 0.80241 -0.37020 -0.46807
vn 0.36723 0.86983 -0.32945
vn 0.31411 0.86633 -0.38834
vn 0.43934 0.84891 -0.29382
vn 0.47038 0.83581 -0.28312
vn 0.77613 -0.44192 -0.44982
vn -0.00000 -0.71449 -0.69964
vn 0.00000 -0.62111 -0.78372
vn 0.82207 -0.41018 -0.39490
vn 0.82764 -0.43984 -0.34866
vn 0.76801 -0.50719 -0.39104
vn 0.87945 -0.37046 -0.29888
vn 0.84532 -0.43457 -0.31078
vn 0.73591 -0.55031 -0.39445
vn -0.00000 -0.82479 -0.56544
vn 0.00000 -0.78555 -0.61880
vn 0.98098 0.00868 0.19391
vn -0.00000 0.07028 0.99753
vn 0.95212 0.03343 0.30390
vn 0.97356 0.06093 0.22017
vn 0.98498 0.02824 0.17033
vn 0.00000 0.16462 0.98636
vn 0.99297 0.04617 0.10903
vn 0.00000 0.30983 0.95079
vn 0.95642 0.19544 0.21696
vn 0.96125 0.20414 0.18528
vn 0.99664 0.06186 0.05374
vn 0.00000 0.72501 0.68874
vn 0.98707 0.07437 -0.14203
vn 0.99736 0.07152 -0.01262
vn 0.99899 0.04412 -0.00865
vn 0.98752 0.07567 -0.13810
vn 0.92711 0.06391 -0.36929
vn 0.94035 0.12657 -0.31579
vn 0.98033 0.14493 -0.13395
vn 0.99100 0.13334 -0.01204
vn 0.99403 0.00886 0.10875
vn 0.99767 0.05753 0.03667
vn 0.99591 0.02789 0.08590
vn 0.97741 -0.02852 0.20944
vn 0.98091 0.01875 0.19353
vn 0.96965 -0.10155 0.22241
vn 0.98600 -0.07168 0.15054
vn 0.99656 -0.06137 0.05579
vn 0.97304 -0.16335 0.16280
vn 0.98727 -0.12507 0.09824
vn 0.96273 -0.16955 0.21070
vn 0.95784 -0.19287 0.21293
vn 0.96519 -0.12994 0.22698
vn 0.97200 -0.09511 0.21486
vn 0.93170 -0.03127 0.36189
vn 0.98888 0.01599 0.14784
vn 0.94769 -0.14314 0.28531
vn 0.81135 -0.06250 0.58121
vn 0.92556 -0.24805 0.28603
vn 0.97463 -0.21161 0.07294
vn 0.86799 -0.35343 0.34883
vn 0.92766 -0.34930 0.13203
vn 0.96850 -0.24233 0.05723
vn 0.87684 -0.29411 0.38033
vn 0.78103 -0.33674 0.52592
vn 0.73987 -0.23325 0.63102
vn 0.88746 -0.23965 0.39368
vn 0.94707 -0.29517 0.12621
vn 0.97220 0.18140 -0.14808
vn 0.98953 0.13969 -0.03636
vn 0.94621 0.19913 -0.25503
vn 0.93110 0.28217 -0.23117
vn 0.94744 0.24925 -0.20057
vn 0.97666 0.20552 -0.06247
vn 0.88828 0.36921 -0.27322
vn 0.94541 0.31726 -0.07449
vn 0.90496 0.37591 -0.19936
vn 0.00000 0.78579 -0.61850
vn 0.85302 0.28353 -0.43814
vn 0.94439 0.32557 -0.04623
vn 0.93072 0.33572 0.14511
vn 0.91478 0.36236 0.17852
vn 0.95143 0.23306 0.20118
vn 0.96928 0.21053 0.12717
vn 0.91708 0.30252 0.25970
vn 0.00000 0.67766 0.73537
vn 0.95168 0.26455 -0.15595
vn 0.93114 0.23519 -0.27869
vn 0.97874 0.14599 -0.14406
vn 0.96240 0.13140 -0.23774
vn 0.99081 0.12743 -0.04528
vn 0.98304 0.18275 0.01534
vn 0.90279 0.11167 0.41534
vn -0.00000 -0.05818 0.99831
vn 0.97113 0.23852 -0.00358
vn 0.98436 0.17619 -0.00087
vn 0.92888 0.10080 0.35641
vn 0.00000 -0.09296 0.99567
vn 0.88511 0.22287 -0.40855
vn 0.00000 0.15615 -0.98773
vn 0.00000 0.14641 -0.98922
vn 0.92631 0.13555 -0.35154
vn 0.96377 0.04495 0.26291
vn -0.00000 -0.30089 0.95366
vn 0.99197 0.12646 0.00335
vn 0.99642 0.08432 -0.00547
vn 0.98110 0.00370 0.19346
vn -0.00000 -0.33022 0.94390
vn 0.95657 0.05897 -0.28548
vn 0.00000 -0.12930 -0.99161
vn 0.00000 -0.23984 -0.97081
vn 0.97589 0.05979 -0.20993
vn 0.98067 -0.01027 0.19538
vn 0.00000 -0.25137 0.96789
vn 0.98462 -0.01342 0.17417
vn 0.99097 0.03215 0.13015
vn 0.99175 0.02237 0.12619
vn 0.99124 0.06752 0.11355
vn 0.98974 0.02965 0.13975
vn 0.00000 0.00560 0.99998
vn 0.98312 0.10966 -0.14643
vn 0.99424 0.10160 -0.03417
vn 0.98472 0.00107 -0.17412
vn 0.99505 0.03623 -0.09253
vn 0.98823 0.07506 -0.13328
vn 0.99747 0.06359 -0.03177
vn 0.99452 0.07022 0.07740
vn 0.99381 0.03720 0.10472
vn 0.98587 0.13493 0.09929
vn 0.00000 0.92199 0.38722
vn 0.99179 0.11642 0.05287
vn 1.00000 0.00000 0.00000
vn 0.99085 0.12604 -0.04822
vn 0.98605 0.16589 -0.01349
vn 0.99777 0.05474 -0.03822
vn 0.99777 0.01841 -0.06417
vn 0.99461 0.06466 -0.08110
vn 0.99472 0.00210 -0.10265
vn -0.00000 0.96769 -0.25212
vn -0.00000 0.99616 -0.08756
vn -0.00000 0.99630 -0.08591
vn 0.99529 0.01703 -0.09542
vn 0.98690 -0.04425 -0.15518
vn 0.00000 -0.24349 -0.96990
vn 0.00000 -0.44336 -0.89634
vn -0.00000 0.06308 -0.99801
vn 0.00000 0.67432 -0.73844
vn 0.98650 0.15842 0.04145
vn 0.99609 0.07803 0.04151
vn 0.00000 0.96882 0.24776
vn 0.97364 0.16074 0.16181
vn 0.94563 0.13700 0.29497
vn 0.96309 0.24311 0.11554
vn 0.95768 0.18255 0.22255
vn 0.98305 0.18194 0.02238
vn 0.95714 0.23590 0.16802
vn 0.94201 0.31962 0.10229
vn 0.95482 0.22406 0.19521
vn 0.96802 0.24962 -0.02489
vn 0.98713 0.06324 0.14692
vn -0.00000 0.20677 0.97839
vn 0.99471 0.10269 0.00097
vn 0.99383 0.11050 0.00951
vn 0.97955 0.14107 0.14343
vn -0.00000 0.55556 0.83147
vn 0.98451 0.14332 0.10095
vn 0.00000 0.73393 0.67923
vn 0.99022 0.13638 0.02944
vn 0.00000 0.95270 0.30391
vn -0.00000 0.75756 0.65276
vn 0.00000 0.74672 0.66514
vn 0.84815 -0.37839 0.37075
vn 0.88527 -0.43566 0.16276
vn 0.70638 -0.25371 0.66080
vn 0.71124 -0.38802 0.58616
vn 0.80378 -0.48832 0.33982
vn 0.82073 -0.47780 0.31321
vn 0.70730 -0.57361 -0.41316
vn 0.00000 -0.86021 -0.50994
vn 0.83930 -0.46928 -0.27451
vn 0.87473 -0.45396 -0.16960
vn 0.63443 -0.66987 -0.38572
vn 0.00000 -0.90237 -0.43096
vn 0.78619 -0.46237 0.41002
vn 0.66273 -0.74867 0.01676
vn 0.67818 -0.47703 0.55903
vn 0.58707 -0.50868 0.62975
vn 0.67426 -0.45567 0.58115
vn 0.53162 -0.84666 0.02350
vn 0.40524 -0.70763 0.57882
vn 0.23602 -0.96461 -0.11758
vn 0.41579 -0.70338 0.57652
vn 0.00000 -0.89152 0.45298
vn 0.00000 -0.91108 0.41224
vn 0.00000 -0.93698 -0.34938
vn 0.80075 -0.59811 -0.03258
vn 0.60520 -0.76300 -0.22708
vn 0.66044 -0.74187 0.11594
vn 0.56629 -0.81954 -0.08760
vn 0.00000 -0.98491 -0.17305
vn -0.00000 -0.92514 -0.37963
vn 0.48649 -0.87007 0.07943
vn 0.00000 -0.99734 0.07294
vn 0.59274 -0.77198 0.22959
vn 0.00000 -0.89628 0.44348
vn 0.91343 0.15341 -0.37696
vn 0.87551 0.06925 -0.47822
vn 0.93850 0.05450 -0.34095
vn 0.86868 -0.01393 -0.49518
vn 0.83301 0.04329 -0.55157
vn 0.79868 0.02449 -0.60125
vn -0.00000 0.04201 -0.99912
vn 0.86124 -0.01194 -0.50806
vn -0.00000 -0.04768 -0.99886
vn 0.89978 -0.07575 -0.42971
vn 0.00000 -0.18309 -0.98310
vn 0.93970 -0.04854 -0.33854
vn 0.00000 -0.23999 -0.97078
vn 0.00000 -0.02609 -0.99966
vn 0.97412 0.04374 -0.22178
vn 0.98708 0.08042 -0.13859
vn 0.00000 0.25805 -0.96613
vn 0.00000 0.42605 -0.90470
vn 0.99229 0.08445 -0.09075
vn 0.99379 0.09957 -0.04976
vn 0.00000 0.76498 -0.64406
vn -0.00000 0.73630 -0.67665
vn 0.00000 0.79725 -0.60364
vn 0.00000 0.93949 -0.34258
vn 0.99027 0.13069 -0.04776
vn 0.91355 0.08233 0.39831
vn 0.86821 0.06433 0.49202
vn 0.94519 0.11842 0.30431
vn 0.92590 0.09293 0.36616
vn 0.83505 0.02791 0.54946
vn 0.82159 -0.02828 0.56938
vn 0.91095 0.05078 0.40938
vn 0.90548 -0.01941 0.42395
vn 0.92649 -0.06792 0.37013
vn 0.78563 -0.04444 0.61710
vn 0.00000 -0.08562 0.99633
vn 0.00000 -0.09722 0.99526
vn 0.98545 0.12616 0.11388
vn 0.97037 0.13771 0.19855
vn 0.97380 0.11891 0.19382
vn 0.98602 0.12213 0.11332
vn 0.99103 0.07999 0.10703
vn 0.97722 0.08235 0.19560
vn 0.95018 -0.06216 0.30545
vn 0.95682 -0.00228 0.29069
vn 0.90835 -0.08478 0.40952
vn 0.91524 -0.13454 0.37979
vn 0.94275 -0.12363 0.30974
vn 0.96168 0.13940 0.23610
vn 0.95977 0.11144 0.25772
vn 0.95673 0.07169 0.28202
vn 0.84693 -0.06605 0.52759
vn 0.88378 -0.13773 0.44718
vn 0.99216 0.00826 0.12469
vn 0.99489 0.04276 0.09149
vn 0.98301 -0.06085 -0.17316
vn 0.00000 -0.41355 -0.91048
vn 0.99685 -0.02443 -0.07541
vn 0.99656 -0.00869 -0.08240
vn 0.99784 0.03477 -0.05571
vn 0.99708 0.05572 0.05220
vn 0.94534 -0.14916 0.28998
vn 0.91781 -0.15220 0.36669
vn 0.92327 -0.18055 0.33907
vn 0.94321 -0.21780 0.25083
vn 0.90455 -0.35348 0.23844
vn 0.90119 -0.23191 0.36616
vn 0.00000 -0.76952 0.63863
vn 0.00000 -0.99904 0.04377
vn 0.89937 -0.35636 0.25326
vn 0.94379 -0.28964 0.15929
vn 0.88622 -0.39823 0.23669
vn 0.92405 -0.29112 0.24773
vn 0.95403 -0.27675 0.11502
vn 0.99051 0.13674 0.01379
vn 0.92610 -0.34145 0.16044
vn 0.90101 -0.42104 -0.10446
vn 0.92523 -0.28070 0.25524
vn 0.75466 -0.04925 0.65426
vn 0.00000 0.42179 0.90669
vn 0.00000 -0.32605 0.94535
vn 0.59492 -0.36027 0.71852
vn 0.48483 -0.23457 0.84257
vn -0.00000 -0.42603 0.90471
vn 0.00000 -0.17323 0.98488
vn 0.50963 -0.25389 0.82208
vn 0.98824 0.06153 -0.14001
vn 0.98770 -0.06385 -0.14273
vn 0.98070 -0.08393 -0.17659
vn -0.91904 0.34035 0.19883
vn -0.93473 0.31729 0.16000
vn -0.82998 0.53244 0.16624
vn 0.21500 0.97632 0.02393
vn -0.88796 0.34369 0.30563
vn 0.82334 0.06304 -0.56404
vn 0.92117 -0.13873 -0.36360
vn 0.87925 -0.09557 -0.46667
vn 0.98152 -0.12386 -0.14588
vn 0.98866 -0.07462 -0.13032
vn 0.90376 -0.41276 -0.11336
vn 0.84032 -0.45366 -0.29673
vn 0.91904 -0.35788 -0.16521
vn 0.90581 -0.11613 -0.40746
vn 0.92488 -0.35749 -0.12963
vn 0.88525 -0.18582 0.42639
vn 0.00000 -0.40326 0.91509
vn 0.50234 -0.40803 0.76234
vn 0.00000 -0.37952 0.92518
vn -0.00000 -0.53766 0.84316
vn 0.44456 -0.52686 0.72442
vn 0.39296 -0.62927 0.67053
vn 0.00000 -0.73039 0.68303
vn 0.90338 -0.42842 -0.01890
vn 0.93890 -0.30926 0.15109
vn 0.90010 -0.40897 0.15019
vn 0.78146 -0.09793 0.61622
vn 0.78586 -0.33984 0.51665
vn 0.69349 -0.71787 0.06116
vn 0.54877 -0.80718 0.21752
vn 0.47284 -0.69229 0.54512
vn 0.99375 0.09660 -0.05591
vn 0.00000 0.61956 -0.78495
vn 0.00000 0.87075 -0.49172
vn 0.99286 0.11481 -0.03242
vn 0.98954 0.14245 -0.02276
vn 0.00000 0.97413 -0.22599
vn 0.00000 0.98067 -0.19566
vn 0.00000 0.99818 -0.06034
vn 0.99526 0.09527 0.01966
vn 0.00000 0.99414 0.10807
vn -0.19514 -0.89336 -0.40476
vn 0.42870 -0.31125 0.84814
vn -0.11158 -0.65044 -0.75132
vn -0.74416 0.02543 -0.66752
vn -0.88590 -0.10193 -0.45254
vn -0.81754 -0.30725 -0.48707
vn -0.59030 -0.15077 -0.79298
vn -0.96639 -0.23762 0.09806
vn -0.73974 -0.43202 0.51589
vn 0.48106 0.15466 0.86294
vn 0.43962 0.02281 0.89790
vn -0.30986 0.31417 0.89738
vn 0.00464 0.31579 0.94882
vn -0.24277 0.58222 0.77594
vn 0.14264 0.34510 0.92766
vn -0.04137 -0.49676 -0.86690
vn 0.00000 -0.51648 -0.85630
vn -0.39927 0.23539 -0.88610
vn -0.27541 0.05092 -0.95998
vn 0.23839 -0.08620 0.96734
vn -0.08625 0.65147 0.75375
vn 0.01544 0.40136 0.91579
vn 0.00000 0.51751 0.85568
vn 0.00000 0.05906 0.99825
vn 0.88995 -0.41758 0.18336
vn 0.50277 -0.86207 -0.06371
vn 0.70510 0.45332 0.54528
vn 0.66146 0.58322 0.47151
vn 0.94257 -0.33073 -0.04671
vn 0.25020 0.95219 -0.17532
vn 0.46459 -0.86437 0.19243
vn 0.93282 -0.31380 0.17715
vn 0.49021 -0.79808 0.35038
vn 0.80022 0.52919 -0.28215
vn 0.22494 0.85164 -0.47341
vn -0.04916 0.93546 -0.35000
vn 0.12956 0.98123 -0.14285
vn -0.14014 0.94385 -0.29918
vn -0.05125 0.99782 -0.04160
vn 0.11203 0.94155 0.31769
vn 0.00362 0.95317 0.30241
vn 0.46570 0.72724 -0.50422
vn 0.59103 0.80657 -0.01112
vn 0.85229 -0.49248 -0.17626
vn 0.47492 -0.84935 0.23036
vn 0.68208 -0.72888 0.05918
vn 0.68556 -0.72596 -0.05475
vn 0.69630 0.43968 0.56731
vn 0.27143 0.83796 0.47344
vn 0.97944 -0.19397 0.05540
vn 0.97171 -0.01284 -0.23582
vn 0.87191 -0.35228 0.34011
vn 0.94706 0.28384 0.15005
vn 0.81351 0.51113 0.27739
vn 0.99943 0.03222 0.00986
vn 0.56037 -0.02239 0.82794
vn 0.69518 -0.10141 0.71164
vn 0.40430 0.05747 0.91282
vn 0.18544 -0.74494 0.64084
vn 0.13730 -0.72754 0.67218
vn 0.23292 -0.75965 0.60719
vn 0.16045 -0.83487 0.52655
vn 0.13170 -0.84944 0.51098
vn 0.18900 -0.81922 0.54144
vn 0.36687 -0.89474 0.25465
vn 0.56575 -0.78093 0.26473
vn 0.14868 -0.96148 0.23118
vn 0.77334 -0.60001 0.20478
vn 0.85765 -0.39990 0.32330
vn 0.64171 -0.76340 0.07374
vn 0.75673 -0.52666 0.38727
vn 0.79232 -0.53384 0.29537
vn 0.71375 -0.51435 0.47540
vn 0.85532 -0.38720 0.34424
vn 0.82214 -0.42923 0.37398
vn 0.88530 -0.34372 0.31322
vn 0.88466 -0.46532 0.02912
vn 0.90850 -0.41072 0.07705
vn 0.85566 -0.51720 -0.01898
vn 0.76076 -0.60175 0.24318
vn 0.80854 -0.58555 0.05822
vn 0.68502 -0.59584 0.41920
vn 0.60351 -0.57196 0.55554
vn 0.53908 -0.48426 0.68912
vn 0.65003 -0.64269 0.40547
vn 0.45695 -0.78728 0.41400
vn 0.38409 -0.85068 0.35891
vn 0.52417 -0.71413 0.46396
vn 0.67374 -0.71345 0.19253
vn 0.75981 -0.64087 0.10944
vn 0.57449 -0.77205 0.27184
vn 0.86295 -0.49827 -0.08397
vn 0.90885 -0.41107 -0.07081
vn 0.80852 -0.58054 -0.09629
vn 0.87869 -0.43085 0.20560
vn 0.84118 -0.36675 0.39738
vn 0.87904 -0.47672 0.00513
vn 0.79771 0.34520 -0.49447
vn 0.81119 0.33298 -0.48072
vn 0.78381 0.35724 -0.50797
vn 0.71189 0.68555 0.15240
vn 0.70944 0.68813 0.15220
vn 0.71433 0.68297 0.15260
vn 0.26657 0.35559 0.89582
vn 0.26395 0.35770 0.89576
vn 0.26918 0.35347 0.89588
vn 0.00529 -0.49890 0.86664
vn -0.00566 -0.49714 0.86765
vn 0.01623 -0.50060 0.86553
vn 0.05369 -0.94048 0.33557
vn 0.07699 -0.93739 0.33966
vn 0.03035 -0.94304 0.33129
vn 0.24140 -0.96315 -0.11858
vn 0.22396 -0.96641 -0.12605
vn 0.25876 -0.95954 -0.11106
vn 0.54663 -0.52339 -0.65365
vn 0.58420 -0.52647 -0.61769
vn 0.50758 -0.51890 -0.68783
vn 0.68746 -0.19411 -0.69980
vn 0.68525 -0.19328 -0.70220
vn 0.68967 -0.19494 -0.69739
vn 0.99187 -0.11947 0.04371
vn 0.98635 -0.14986 0.06828
vn 0.99586 -0.08890 0.01907
vn 0.99084 -0.05870 0.12165
vn 0.99065 0.01839 0.13518
vn 0.98495 -0.13544 0.10738
vn 0.78512 -0.19220 0.58877
vn 0.76625 -0.16598 0.62073
vn 0.80237 -0.21802 0.55558
vn 0.72259 -0.43775 0.53501
vn 0.76821 -0.42543 0.47841
vn 0.67304 -0.44770 0.58871
vn 0.78117 -0.54472 0.30505
vn 0.79947 -0.52328 0.29500
vn 0.76217 -0.56567 0.31482
vn 0.82111 -0.54548 0.16804
vn 0.80617 -0.57182 0.15200
vn 0.83508 -0.51849 0.18388
vn 0.90888 -0.41101 -0.07080
vn 0.91126 -0.40702 -0.06273
vn 0.90641 -0.41497 -0.07887
vn 0.93831 -0.33233 -0.09556
vn 0.93827 -0.33034 -0.10259
vn 0.93830 -0.33430 -0.08853
vn -0.61334 -0.50438 0.60780
vn -0.62619 -0.49887 0.59918
vn -0.60033 -0.50975 0.61625
vn -0.49427 -0.86335 -0.10161
vn -0.46774 -0.87843 -0.09786
vn -0.52033 -0.84745 -0.10527
vn -0.02618 -0.51650 -0.85589
vn -0.02090 -0.51886 -0.85460
vn -0.03145 -0.51412 -0.85714
vn 0.26327 0.45181 -0.85238
vn 0.28180 0.44432 -0.85039
vn 0.24463 0.45912 -0.85403
vn 0.19089 0.94000 -0.28277
vn 0.19811 0.93925 -0.28028
vn 0.18365 0.94070 -0.28524
vn -0.00901 0.98825 0.15257
vn -0.01325 0.98851 0.15057
vn -0.00476 0.98797 0.15457
vn -0.39318 0.47317 0.78837
vn -0.38602 0.47079 0.79331
vn -0.40031 0.47550 0.78336
vn -0.49418 0.10528 0.86296
vn -0.49368 0.10517 0.86326
vn -0.49468 0.10539 0.86266
vn 0.27174 -0.67662 0.68435
vn 0.27034 -0.67771 0.68383
vn 0.27314 -0.67553 0.68487
vn 0.37137 -0.92848 -0.00315
vn 0.32903 -0.94371 -0.03402
vn 0.41260 -0.91049 0.02773
vn 0.51033 -0.72780 -0.45813
vn 0.51460 -0.73099 -0.44815
vn 0.50598 -0.72451 -0.46805
vn 0.81479 0.16336 -0.55626
vn 0.80237 0.18535 -0.56731
vn 0.82659 0.14125 -0.54479
vn 0.79558 0.59730 -0.10140
vn 0.77824 0.62098 -0.09344
vn 0.81218 0.57308 -0.10926
vn 0.73674 0.59722 0.31708
vn 0.73578 0.59803 0.31779
vn 0.73770 0.59641 0.31638
vn 0.49438 0.23399 0.83716
vn 0.45791 0.23550 0.85724
vn 0.52999 0.23208 0.81563
vn 0.29188 -0.23343 0.92753
vn 0.31034 -0.22630 0.92330
vn 0.27331 -0.24047 0.93138
vn -0.53556 -0.56303 0.62942
vn -0.56123 -0.57293 0.59730
vn -0.50893 -0.55213 0.66041
vn -0.36996 -0.92598 -0.07537
vn -0.34114 -0.93866 -0.05049
vn -0.39819 -0.91182 -0.10012
vn -0.01313 -0.53808 -0.84279
vn 0.00225 -0.56084 -0.82792
vn -0.02851 -0.51479 -0.85684
vn 0.22991 0.46120 -0.85699
vn 0.23329 0.45789 -0.85786
vn 0.22653 0.46451 -0.85611
vn 0.18086 0.93686 -0.29931
vn 0.16838 0.93329 -0.31721
vn 0.19324 0.93997 -0.28127
vn 0.02103 0.98573 0.16701
vn 0.02445 0.98457 0.17327
vn 0.01761 0.98684 0.16073
vn -0.33255 0.48599 0.80822
vn -0.35136 0.51627 0.78103
vn -0.31307 0.45474 0.83379
vn -0.48774 0.11011 0.86601
vn -0.48121 0.11501 0.86903
vn -0.49424 0.10521 0.86293
vn 0.26727 -0.65374 0.70794
vn 0.33002 -0.63310 0.70020
vn 0.20333 -0.67150 0.71256
vn 0.41092 -0.91161 -0.01057
vn 0.36320 -0.93138 -0.02484
vn 0.45746 -0.88922 0.00374
vn 0.64032 -0.67601 -0.36469
vn 0.65312 -0.67575 -0.34174
vn 0.62708 -0.67580 -0.38738
vn 0.89892 0.06386 -0.43342
vn 0.88423 0.07650 -0.46074
vn 0.91261 0.05115 -0.40562
vn 0.85232 0.52069 -0.04930
vn 0.85362 0.51871 -0.04770
vn 0.85102 0.52266 -0.05089
vn 0.74360 0.57445 0.34214
vn 0.75063 0.56611 0.34070
vn 0.73648 0.58273 0.34355
vn 0.45232 0.15506 0.87827
vn 0.50598 0.10795 0.85576
vn 0.39612 0.20130 0.89586
vn 0.36355 -0.21097 0.90737
vn 0.35611 -0.21049 0.91043
vn 0.37097 -0.21143 0.90426
vn 0.82157 0.33348 -0.46240
vn 0.84679 0.31713 -0.42705
vn 0.79458 0.34910 -0.49676
vn 0.75605 0.63782 0.14690
vn 0.73795 0.66018 0.13999
vn 0.77349 0.61489 0.15368
vn 0.28484 0.34223 0.89540
vn 0.28286 0.34428 0.89524
vn 0.28683 0.34017 0.89555
vn 0.01309 -0.49512 0.86873
vn -0.00668 -0.48830 0.87265
vn 0.03285 -0.50171 0.86441
vn 0.06116 -0.94090 0.33310
vn 0.05495 -0.94233 0.33015
vn 0.06738 -0.93944 0.33604
vn 0.26015 -0.96008 -0.10282
vn 0.27617 -0.95696 -0.08917
vn 0.24401 -0.96276 -0.11642
vn 0.55854 -0.51403 -0.65101
vn 0.54257 -0.50623 -0.67034
vn 0.57412 -0.52147 -0.63123
vn 0.68503 -0.19219 -0.70270
vn 0.68669 -0.19202 -0.70113
vn 0.68338 -0.19237 -0.70427
vn 0.76315 0.33178 -0.55455
vn 0.74666 0.32896 -0.57817
vn 0.00000 -0.97033 0.24178
vn 0.00000 -0.63327 0.77393
vn 0.00000 0.38900 -0.92124
vn 0.00000 0.05129 -0.99868
vn -0.00000 -0.14329 0.98968
vn -0.29890 -0.90460 -0.30391
vn -0.43667 -0.87810 -0.19559
vn -0.15173 -0.90268 -0.40267
vn -0.78397 0.57533 -0.23320
vn -0.81207 0.51882 -0.26715
vn -0.75185 0.62888 -0.19806
vn -0.56348 0.60991 -0.55722
vn -0.56271 0.61558 -0.55173
vn -0.56422 0.60420 -0.56267
vn -0.27406 0.70007 -0.65938
vn -0.27249 0.71054 -0.64875
vn -0.27557 0.68945 -0.66987
vn -0.12595 0.98417 0.12467
vn -0.13162 0.98903 0.06698
vn -0.11985 0.97598 0.18195
vn -0.57951 0.81284 0.05890
vn -0.57960 0.81281 0.05829
vn -0.57941 0.81286 0.05951
vn -0.91607 0.40098 0.00538
vn -0.92114 0.38769 -0.03475
vn -0.90935 0.41354 0.04551
vn -0.92929 0.33997 -0.14435
vn -0.89368 0.37067 -0.25286
vn -0.95190 0.30453 -0.03383
vn -0.88961 0.28873 -0.35389
vn -0.76081 0.54477 -0.35270
vn -0.94533 0.00897 -0.32600
vn -0.94192 -0.14646 -0.30221
vn -0.94150 -0.14440 -0.30451
vn -0.94234 -0.14852 -0.29990
vn -0.56289 -0.26420 -0.78317
vn -0.52185 -0.23075 -0.82123
vn -0.60154 -0.29651 -0.74178
vn -0.21683 -0.37552 -0.90109
vn -0.17791 -0.35517 -0.91772
vn -0.25528 -0.39504 -0.88248
vn -0.17935 0.25487 0.95020
vn -0.23853 0.23083 0.94330
vn -0.11942 0.27786 0.95317
vn -0.29822 0.21489 0.92999
vn -0.32901 0.20047 0.92280
vn -0.26708 0.22906 0.93606
vn -0.70098 0.14001 0.69930
vn -0.74227 0.11317 0.66048
vn -0.65695 0.16629 0.73537
vn -0.81602 -0.00006 0.57802
vn -0.90640 -0.12501 0.40349
vn -0.68138 0.12490 0.72119
vn -0.98677 -0.13085 -0.09568
vn -0.98555 -0.13667 -0.10006
vn -0.98794 -0.12503 -0.09128
vn -0.93284 -0.15384 -0.32581
vn -0.92109 -0.27151 -0.27906
vn -0.92950 -0.03368 -0.36729
vn -0.62833 0.04774 -0.77648
vn -0.64936 0.09127 -0.75499
vn -0.60555 0.00408 -0.79580
vn -0.31515 0.15530 -0.93625
vn -0.31828 0.15926 -0.93452
vn -0.31202 0.15134 -0.93795
vn -0.16553 0.97155 0.16938
vn -0.20580 0.96147 0.18227
vn -0.12495 0.97980 0.15616
vn -0.43008 0.88475 0.17959
vn -0.45206 0.87156 0.18981
vn -0.40778 0.89726 0.16923
vn -0.75326 0.63862 0.15740
vn -0.75671 0.63365 0.16083
vn -0.74976 0.64355 0.15396
vn -0.76851 0.63290 0.09392
vn -0.75064 0.64044 0.16239
vn -0.78250 0.62216 0.02497
vn -0.98828 -0.11402 -0.10152
vn -0.98621 -0.14077 -0.08706
vn -0.98943 -0.08716 -0.11588
vn -0.92292 -0.11798 -0.36646
vn -0.90183 -0.04224 -0.43003
vn -0.93459 -0.19251 -0.29914
vn -0.34554 -0.48561 -0.80298
vn -0.25095 -0.41442 -0.87480
vn -0.43350 -0.54749 -0.71577
vn -0.09057 -0.62419 -0.77601
vn -0.05163 -0.60243 -0.79650
vn -0.12930 -0.64445 -0.75364
vn -0.17088 -0.38950 0.90503
vn -0.17831 -0.39293 0.90212
vn -0.16345 -0.38605 0.90788
vn -0.21272 -0.41162 0.88618
vn -0.24953 -0.42929 0.86801
vn -0.17548 -0.39313 0.90258
vn -0.57965 -0.37664 0.72260
vn -0.62212 -0.38089 0.68402
vn -0.53526 -0.37115 0.75878
vn -0.88551 -0.25200 0.39033
vn -0.89893 -0.26118 0.35172
vn -0.87054 -0.24238 0.42826
vn -0.99348 -0.03502 -0.10852
vn -0.99433 -0.02753 -0.10267
vn -0.99253 -0.04250 -0.11436
vn -0.52964 -0.69819 -0.48168
vn -0.77540 -0.53703 -0.33219
vn -0.22629 -0.78345 -0.57880
vn -0.19403 -0.77538 -0.60094
vn -0.17355 -0.78147 -0.59932
vn -0.21441 -0.76895 -0.60229
vn -0.07034 -0.75754 -0.64899
vn -0.03797 -0.76890 -0.63824
vn -0.10262 -0.74521 -0.65889
vn -0.13234 -0.66989 0.73057
vn -0.12557 -0.66781 0.73367
vn -0.13910 -0.67194 0.72743
vn -0.21765 -0.69157 0.68874
vn -0.16709 -0.67132 0.72208
vn -0.26732 -0.70900 0.65258
vn -0.47859 -0.69849 0.53204
vn -0.41218 -0.69361 0.59077
vn -0.54122 -0.69786 0.46911
vn -0.71247 -0.63242 0.30403
vn -0.69393 -0.63482 0.33980
vn -0.72984 -0.62899 0.26777
vn -0.82938 -0.51283 -0.22166
vn -0.87447 -0.48073 -0.06478
vn -0.76134 -0.53073 -0.37240
vn -0.09938 -0.83879 -0.53530
vn -0.08260 -0.83382 -0.54582
vn -0.11611 -0.84342 -0.52456
vn -0.25038 -0.85122 -0.46123
vn -0.18062 -0.83531 -0.51927
vn -0.31802 -0.85991 -0.39928
vn -0.11957 -0.80688 0.57849
vn -0.10746 -0.80323 0.58589
vn -0.13165 -0.81035 0.57096
vn -0.29375 -0.82079 0.48991
vn -0.22323 -0.79667 0.56168
vn -0.36113 -0.83612 0.41290
vn -0.48145 -0.82072 0.30761
vn -0.42872 -0.81282 0.39437
vn -0.52918 -0.82011 0.21767
vn -0.78525 0.55325 -0.27802
vn -0.75967 0.58500 -0.28404
vn -0.80949 0.52057 -0.27153
vn -0.56926 0.60898 -0.55234
vn -0.57475 0.60276 -0.55348
vn -0.56374 0.61517 -0.55115
vn -0.28977 0.69667 -0.65627
vn -0.30383 0.70358 -0.64239
vn -0.27557 0.68945 -0.66987
vn -0.10921 0.97655 0.18555
vn -0.11178 0.97564 0.18878
vn -0.10665 0.97744 0.18232
vn -0.50858 0.85345 0.11390
vn -0.46926 0.88165 0.04992
vn -0.54463 0.81976 0.17715
vn -0.88858 0.45871 0.00220
vn -0.87017 0.49147 -0.03553
vn -0.90448 0.42464 0.03991
vn -0.83980 0.52260 -0.14705
vn -0.75470 0.65509 -0.03576
vn -0.89368 0.37067 -0.25287
vn -0.79694 0.54323 -0.26418
vn -0.82921 0.51883 -0.20792
vn -0.76084 0.56502 -0.31917
vn 0.29197 0.88484 -0.36307
vn 0.36344 0.89646 -0.25352
vn 0.84602 -0.36306 -0.39044
vn 0.98387 -0.10446 0.14520
vn 0.85225 0.07707 0.51743
vn 0.92971 -0.26627 -0.25444
vn 0.79434 -0.13902 0.59135
vn 0.75661 -0.15844 0.63439
vn 0.82917 -0.11909 0.54616
vn 0.65591 -0.75401 0.03528
vn 0.41313 -0.90899 -0.05527
vn 0.83890 -0.53030 0.12262
vn 0.22511 -0.79136 -0.56840
vn 0.18365 -0.78377 -0.59327
vn 0.26603 -0.79705 -0.54217
vn 0.36562 -0.26068 -0.89352
vn 0.48223 -0.37346 -0.79245
vn 0.23566 -0.13837 -0.96194
vn 0.84118 -0.06750 -0.53652
vn 0.82953 -0.23633 -0.50599
vn 0.82796 0.10333 -0.55118
vn -0.76546 0.57390 0.29104
vn -0.76440 0.57016 0.30101
vn -0.76643 0.57758 0.28104
vn 0.57449 0.09454 0.81303
vn 0.63710 -0.07900 0.76672
vn 0.49110 0.26466 0.82992
vn 0.80989 -0.48911 0.32379
vn 0.77189 -0.60146 0.20600
vn 0.82527 -0.36310 0.43253
vn 0.56934 -0.63658 -0.52021
vn 0.57674 -0.64927 -0.49581
vn 0.56148 -0.62338 -0.54418
vn -0.09851 -0.10957 -0.98909
vn -0.08457 -0.14442 -0.98590
vn -0.11231 -0.07456 -0.99087
vn -0.82011 0.46904 -0.32775
vn -0.84734 0.30538 -0.43446
vn -0.76097 0.61444 -0.20828
vn -0.81269 0.51579 0.27110
vn -0.81982 0.51270 0.25502
vn -0.80530 0.51872 0.28710
vn 0.12910 0.08378 0.98809
vn 0.14114 0.07292 0.98730
vn 0.11702 0.09462 0.98861
vn 0.84559 -0.31736 0.42926
vn 0.83904 -0.30534 0.45032
vn 0.85160 -0.32918 0.40794
vn 0.79488 -0.34312 -0.50044
vn 0.81317 -0.34442 -0.46918
vn 0.77554 -0.34137 -0.53103
vn 0.11427 0.01205 -0.99338
vn 0.06085 0.05680 -0.99653
vn 0.16714 -0.03276 -0.98539
vn -0.68722 0.45451 -0.56670
vn -0.68958 0.45759 -0.56133
vn -0.68483 0.45140 -0.57205
vn -0.88020 0.40439 0.24842
vn -0.88327 0.40553 0.23534
vn -0.87698 0.40318 0.26146
vn 0.00752 -0.04197 0.99909
vn -0.02024 -0.02703 0.99943
vn 0.03527 -0.05687 0.99776
vn 0.77604 -0.31195 0.54813
vn 0.71811 -0.28813 0.63349
vn 0.82528 -0.33227 0.45662
vn 0.84565 -0.17687 -0.50359
vn 0.83132 -0.16922 -0.52941
vn 0.85918 -0.18435 -0.47730
vn 0.16666 0.18942 -0.96765
vn 0.16013 0.19293 -0.96806
vn 0.17319 0.18589 -0.96719
vn -0.61343 0.43998 -0.65584
vn -0.53531 0.40835 -0.73939
vn -0.68290 0.46542 -0.56305
vn -0.93865 0.18379 0.29183
vn -0.93805 0.18618 0.29222
vn -0.93923 0.18139 0.29144
vn -0.07043 -0.14411 0.98705
vn -0.07040 -0.14236 0.98731
vn -0.07045 -0.14586 0.98679
vn 0.73701 -0.24544 0.62974
vn 0.74155 -0.22792 0.63100
vn 0.73223 -0.26288 0.62828
vn 0.81650 0.04965 -0.57521
vn 0.81527 0.04312 -0.57747
vn 0.81768 0.05617 -0.57292
vn 0.19956 0.28941 -0.93617
vn 0.19944 0.29232 -0.93529
vn 0.19968 0.28650 -0.93704
vn -0.54800 0.38597 -0.74210
vn -0.55393 0.37112 -0.74527
vn -0.54193 0.40072 -0.73874
vn 0.04942 0.98232 -0.18056
vn 0.06315 0.97797 -0.19897
vn 0.03567 0.98614 -0.16205
vn 0.37390 0.92635 0.04551
vn 0.37537 0.92559 0.04871
vn 0.37242 0.92710 0.04231
vn 0.60602 0.79425 -0.04369
vn 0.61955 0.78397 -0.03930
vn 0.59230 0.80428 -0.04806
vn 0.54361 0.60899 -0.57760
vn 0.53889 0.64610 -0.54051
vn 0.54682 0.57018 -0.61309
vn 0.34182 0.65735 -0.67160
vn 0.33418 0.65279 -0.67985
vn 0.34941 0.66183 -0.66325
vn 0.07258 0.80979 -0.58222
vn 0.06628 0.81013 -0.58249
vn 0.07887 0.80941 -0.58193
vn 0.78329 -0.06171 -0.61858
vn 0.78254 -0.06607 -0.61909
vn 0.78403 -0.05734 -0.61807
vn 0.75567 -0.04432 -0.65346
vn 0.73293 -0.03384 -0.67947
vn 0.77742 -0.05475 -0.62659
vn 0.74645 -0.02490 -0.66498
vn 0.76209 -0.03256 -0.64665
vn 0.73033 -0.01722 -0.68288
vn 0.75506 -0.01129 -0.65556
vn 0.75153 -0.00873 -0.65964
vn 0.75857 -0.01385 -0.65144
vn 0.74800 -0.03677 -0.66268
vn 0.74851 -0.02269 -0.66274
vn 0.74734 -0.05083 -0.66249
vn 0.75961 -0.04005 -0.64914
vn 0.75991 -0.04016 -0.64879
vn 0.75931 -0.03995 -0.64950
vn 0.73173 0.02684 -0.68107
vn 0.70274 0.03513 -0.71058
vn 0.75941 0.01850 -0.65036
vn 0.74863 -0.08396 -0.65765
vn 0.77633 -0.09241 -0.62352
vn 0.71944 -0.07534 -0.69045
vn -0.30707 0.90704 0.28809
vn -0.30590 0.90755 0.28772
vn -0.30824 0.90652 0.28846
vn 0.57393 0.08547 0.81443
vn 0.58944 0.08534 0.80329
vn 0.55821 0.08556 0.82528
vn 0.57919 0.12435 0.80566
vn 0.59566 0.12518 0.79343
vn 0.56247 0.12347 0.81755
vn 0.77464 -0.08586 0.62654
vn 0.77987 -0.08530 0.62010
vn 0.76936 -0.08642 0.63294
vn 0.73805 -0.57598 -0.35145
vn 0.73759 -0.57659 -0.35143
vn 0.73852 -0.57538 -0.35147
vn -0.19642 -0.34669 -0.91719
vn -0.18647 -0.34429 -0.92016
vn -0.20635 -0.34904 -0.91411
vn -0.57386 -0.01897 -0.81873
vn -0.55717 -0.01770 -0.83021
vn -0.59031 -0.02023 -0.80693
vn -0.57117 0.02658 -0.82040
vn -0.55456 0.02571 -0.83174
vn -0.58755 0.02745 -0.80872
vn -0.30880 0.82656 0.47057
vn -0.29466 0.81530 0.49845
vn -0.32259 0.83691 0.44217
vn 0.44769 -0.09362 0.88927
vn 0.44981 -0.13275 0.88320
vn 0.44487 -0.05435 0.89395
vn 0.46614 -0.05953 0.88270
vn 0.47998 -0.09670 0.87193
vn 0.45151 -0.02226 0.89199
vn 0.69622 -0.22999 0.67999
vn 0.71318 -0.25656 0.65234
vn 0.67804 -0.20300 0.70644
vn 0.73792 -0.48892 -0.46523
vn 0.73168 -0.48823 -0.47569
vn 0.74405 -0.48953 -0.45469
vn -0.09755 -0.13069 -0.98661
vn -0.13996 -0.09563 -0.98553
vn -0.05485 -0.16536 -0.98471
vn -0.46868 0.16586 -0.86766
vn -0.48111 0.20238 -0.85298
vn -0.45546 0.12906 -0.88085
vn -0.44456 0.19896 -0.87337
vn -0.44230 0.23752 -0.86484
vn -0.44612 0.16009 -0.88054
vn -0.44784 0.56775 0.69072
vn -0.37324 0.53161 0.76032
vn -0.51719 0.59724 0.61304
vn 0.66317 -0.21987 0.71545
vn 0.73264 -0.31406 0.60382
vn 0.57634 -0.11992 0.80837
vn 0.65761 -0.17467 0.73283
vn 0.75684 -0.25578 0.60148
vn 0.53623 -0.08767 0.83951
vn 0.86928 -0.26301 0.41855
vn 0.90933 -0.29482 0.29361
vn 0.81338 -0.22641 0.53586
vn 0.75612 -0.28490 -0.58917
vn 0.73864 -0.28090 -0.61279
vn 0.77294 -0.28865 -0.56503
vn -0.22363 0.04142 -0.97379
vn -0.45505 0.14040 -0.87933
vn 0.02395 -0.06056 -0.99788
vn -0.67409 0.26730 -0.68858
vn -0.76313 0.33835 -0.55059
vn -0.56347 0.18769 -0.80453
vn -0.68636 0.32102 -0.65258
vn -0.74275 0.40724 -0.53149
vn -0.61263 0.22669 -0.75716
vn -0.37512 0.82717 0.41843
vn -0.34986 0.81634 0.45954
vn -0.39946 0.83597 0.37629
vn 0.57350 -0.00556 0.81919
vn 0.57289 -0.04816 0.81821
vn 0.57305 0.03706 0.81868
vn 0.59758 0.03427 0.80108
vn 0.61192 -0.00439 0.79091
vn 0.58217 0.07286 0.80980
vn 0.83427 -0.14122 0.53296
vn 0.84822 -0.16884 0.50201
vn 0.81872 -0.11334 0.56289
vn 0.77716 -0.43198 -0.45762
vn 0.75752 -0.43535 -0.48645
vn 0.79584 -0.42808 -0.42823
vn -0.13301 -0.23142 -0.96372
vn -0.19548 -0.19280 -0.96157
vn -0.06982 -0.26879 -0.96066
vn -0.60023 0.06934 -0.79682
vn -0.61333 0.10866 -0.78232
vn -0.58597 0.02988 -0.80978
vn -0.57082 0.11520 -0.81296
vn -0.56346 0.15984 -0.81053
vn -0.57700 0.07031 -0.81371
vn -0.32703 0.89014 0.31734
vn -0.32101 0.88898 0.32660
vn -0.33301 0.89118 0.30805
vn 0.64916 0.05745 0.75848
vn 0.64301 0.03555 0.76503
vn 0.65495 0.07930 0.75150
vn 0.65781 0.09905 0.74664
vn 0.65784 0.07518 0.74939
vn 0.65740 0.12287 0.74346
vn 0.83878 -0.09818 0.53555
vn 0.84152 -0.11076 0.52876
vn 0.83586 -0.08558 0.54223
vn 0.76010 -0.53408 -0.37013
vn 0.76952 -0.53000 -0.35629
vn 0.75047 -0.53801 -0.38386
vn -0.26090 -0.32533 -0.90890
vn -0.28820 -0.29953 -0.90952
vn -0.23324 -0.35067 -0.90699
vn -0.64742 0.00284 -0.76212
vn -0.64587 0.02577 -0.76301
vn -0.64863 -0.02010 -0.76084
vn -0.64352 0.05413 -0.76351
vn -0.63447 0.07295 -0.76949
vn -0.65226 0.03529 -0.75717
vn 0.92579 -0.04057 -0.37586
vn 0.93387 -0.13009 -0.33311
vn 0.90853 0.04934 -0.41489
vn 0.95916 -0.10090 -0.26426
vn 0.95874 -0.10228 -0.26524
vn 0.95957 -0.09952 -0.26328
vn 0.99210 -0.11981 0.03715
vn 0.99211 -0.11801 0.04231
vn 0.99206 -0.12162 0.03199
vn 0.99762 -0.06811 -0.01095
vn 0.99345 -0.09039 0.06996
vn 0.99475 -0.04534 -0.09179
vn 0.98790 -0.13783 0.07115
vn 0.99512 -0.09145 0.03694
vn 0.97734 -0.18375 0.10512
vn 0.99138 -0.12812 0.02742
vn 0.98932 -0.14319 0.02716
vn 0.99321 -0.11302 0.02768
vn 0.94539 -0.20977 -0.24948
vn 0.96770 -0.13838 -0.21073
vn 0.91637 -0.27967 -0.28646
vn 0.93965 -0.18799 -0.28585
vn 0.89134 -0.23426 -0.38811
vn 0.97393 -0.13890 -0.17932
vn 0.39424 0.45759 -0.79698
vn 0.50790 0.34146 -0.79085
vn 0.27015 0.56163 -0.78204
vn 0.75075 0.47271 -0.46143
vn 0.79274 0.39473 -0.46449
vn 0.70287 0.54698 -0.45474
vn 0.76177 0.63188 -0.14298
vn 0.57427 0.81379 -0.08920
vn 0.89507 0.40501 -0.18659
vn 0.42792 0.88572 0.17993
vn 0.25929 0.88879 0.37791
vn 0.56761 0.82274 -0.03023
vn 0.82075 -0.37205 0.43353
vn 0.81801 -0.37874 0.43292
vn 0.82345 -0.36535 0.43411
vn 0.92192 -0.37867 0.08172
vn 0.94989 -0.29064 0.11504
vn 0.88505 -0.46304 0.04762
vn 0.88272 -0.41378 -0.22269
vn 0.84297 -0.47987 -0.24315
vn 0.91684 -0.34506 -0.20082
vn 0.77242 -0.50652 -0.38315
vn 0.75940 -0.51241 -0.40093
vn 0.78504 -0.50036 -0.36517
vn -0.82779 0.40456 -0.38870
vn -0.83659 0.43808 -0.32895
vn -0.81505 0.36912 -0.44659
vn -0.88948 0.44319 0.11142
vn -0.90144 0.41706 0.11605
vn -0.87676 0.46894 0.10671
vn -0.88979 0.45080 -0.07105
vn -0.89157 0.44714 -0.07186
vn -0.88800 0.45445 -0.07024
vn -0.92858 0.28406 0.23885
vn -0.93875 0.28721 0.19043
vn -0.91613 0.28021 0.28669
vn 0.57955 -0.60002 0.55144
vn 0.50433 -0.56679 0.65146
vn 0.64505 -0.62320 0.44219
vn 0.88268 -0.46705 0.05239
vn 0.87942 -0.47332 0.05089
vn 0.88589 -0.46075 0.05388
vn 0.87284 -0.47173 -0.12500
vn 0.85413 -0.50596 -0.12024
vn 0.89019 -0.43677 -0.12956
vn 0.80058 -0.49102 -0.34347
vn 0.80281 -0.50122 -0.32292
vn 0.79793 -0.48055 -0.36383
vn -0.90892 0.32872 0.25654
vn 0.68968 -0.10010 -0.71716
vn -0.92733 0.27291 0.25610
vn 0.97554 -0.19778 0.09594
vn -0.92367 0.27416 0.26772
vn -0.90831 0.28644 0.30484
vn -0.93740 0.26139 0.23013
vn -0.88033 0.26071 0.39628
vn -0.89277 0.24376 0.37887
vn -0.86724 0.27746 0.41340
vn -0.94349 0.30886 0.12014
vn -0.93388 0.31980 0.15999
vn -0.95140 0.29737 0.08008
vn -0.92176 0.31630 0.22430
vn -0.92286 0.28020 0.26422
vn -0.91799 0.35149 0.18372
vn 0.90858 -0.41747 -0.01412
vn 0.92643 -0.36746 -0.08188
vn 0.88401 -0.46438 0.05376
vn 0.93515 -0.33256 -0.12204
vn 0.92587 -0.34291 -0.15865
vn 0.94300 -0.32170 -0.08524
vn 0.88407 -0.30132 -0.35726
vn 0.89917 -0.28125 -0.33524
vn 0.86798 -0.32104 -0.37887
vn 0.77019 -0.29399 -0.56602
vn 0.76331 -0.29645 -0.57400
vn 0.77698 -0.29150 -0.55798
vn -0.94496 0.32713 -0.00529
vn -0.92083 0.35655 0.15792
vn -0.94256 0.28853 -0.16835
vn -0.89077 0.39543 0.22397
vn -0.85248 0.43097 0.29587
vn -0.92203 0.35676 0.15030
vn -0.85813 0.51330 -0.01188
vn -0.85038 0.52239 0.06291
vn -0.86095 0.50126 -0.08660
vn -0.85622 0.44536 0.26182
vn -0.85716 0.43589 0.27435
vn -0.85506 0.45471 0.24922
vn 0.72149 -0.65697 0.21875
vn 0.83385 -0.55106 -0.03193
vn 0.54658 -0.70593 0.45046
vn 0.84744 -0.53090 0.00069
vn 0.83902 -0.53989 -0.06764
vn 0.85177 -0.51935 0.06902
vn 0.87613 -0.43510 -0.20756
vn 0.84538 -0.46267 -0.26696
vn 0.90230 -0.40525 -0.14708
vn 0.82429 -0.36469 -0.43308
vn 0.77027 -0.36995 -0.51945
vn 0.86972 -0.35564 -0.34220
vn -0.96258 -0.00272 0.27099
vn -0.95342 -0.00674 0.30156
vn -0.89232 0.00926 0.45132
vn -0.89017 -0.02141 0.45513
vn -0.97534 0.00187 0.22069
vn -0.92455 0.02505 0.38024
vn -0.73617 0.33261 -0.58942
vn -0.78439 0.29840 -0.54378
vn -0.75356 0.30950 -0.57996
vn -0.72885 0.35788 -0.58370
vn -0.90312 0.00747 -0.42932
vn -0.91791 0.07345 -0.38992
vn -0.81454 0.04285 -0.57852
vn -0.80824 -0.03719 -0.58768
vn -0.83065 -0.04153 -0.55525
vn -0.89731 -0.06488 -0.43660
vn -0.76330 0.34607 -0.54553
vn -0.74821 0.36270 -0.55554
vn -0.88264 -0.07071 -0.46471
vn -0.84547 -0.08942 -0.52649
vn -0.81858 -0.22926 -0.52665
vn -0.87403 -0.16283 -0.45777
vn -0.88404 -0.30341 -0.35554
vn -0.80241 -0.37020 -0.46807
vn -0.36723 0.86983 -0.32945
vn -0.47038 0.83581 -0.28312
vn -0.43934 0.84891 -0.29382
vn -0.31411 0.86633 -0.38834
vn -0.77613 -0.44192 -0.44982
vn -0.76801 -0.50719 -0.39104
vn -0.82764 -0.43984 -0.34866
vn -0.82207 -0.41018 -0.39490
vn -0.73591 -0.55031 -0.39445
vn -0.84532 -0.43457 -0.31078
vn -0.87945 -0.37046 -0.29888
vn -0.98098 0.00868 0.19391
vn -0.95212 0.03343 0.30390
vn -0.98498 0.02824 0.17033
vn -0.97356 0.06093 0.22017
vn -0.99297 0.04617 0.10903
vn -0.95642 0.19544 0.21696
vn -0.99664 0.06186 0.05374
vn -0.96125 0.20414 0.18528
vn -0.98707 0.07437 -0.14203
vn -0.98752 0.07567 -0.13810
vn -0.99899 0.04412 -0.00865
vn -0.99736 0.07152 -0.01262
vn -0.92711 0.06391 -0.36929
vn -0.98033 0.14493 -0.13395
vn -0.94035 0.12657 -0.31579
vn -0.99100 0.13334 -0.01204
vn -0.99403 0.00886 0.10875
vn -0.99591 0.02789 0.08590
vn -0.99767 0.05753 0.03667
vn -0.97741 -0.02852 0.20944
vn -0.98091 0.01875 0.19353
vn -0.98600 -0.07168 0.15054
vn -0.96965 -0.10155 0.22241
vn -0.99656 -0.06137 0.05579
vn -0.97304 -0.16335 0.16280
vn -0.98727 -0.12507 0.09824
vn -0.96273 -0.16955 0.21070
vn -0.96519 -0.12994 0.22698
vn -0.95784 -0.19287 0.21293
vn -0.97200 -0.09511 0.21486
vn -0.93170 -0.03127 0.36189
vn -0.98888 0.01599 0.14784
vn -0.94769 -0.14314 0.28531
vn -0.92556 -0.24805 0.28603
vn -0.81135 -0.06250 0.58121
vn -0.97463 -0.21161 0.07294
vn -0.86799 -0.35343 0.34883
vn -0.87684 -0.29411 0.38033
vn -0.96850 -0.24233 0.05723
vn -0.92766 -0.34930 0.13203
vn -0.78103 -0.33674 0.52592
vn -0.88746 -0.23965 0.39368
vn -0.73987 -0.23325 0.63102
vn -0.94707 -0.29517 0.12621
vn -0.97220 0.18140 -0.14808
vn -0.98953 0.13969 -0.03636
vn -0.94621 0.19913 -0.25503
vn -0.94744 0.24925 -0.20057
vn -0.93110 0.28217 -0.23117
vn -0.97666 0.20552 -0.06247
vn -0.88828 0.36921 -0.27322
vn -0.94541 0.31726 -0.07449
vn -0.90496 0.37591 -0.19936
vn -0.85302 0.28353 -0.43814
vn -0.94439 0.32557 -0.04623
vn -0.93072 0.33572 0.14511
vn -0.96928 0.21053 0.12717
vn -0.95143 0.23306 0.20118
vn -0.91478 0.36236 0.17852
vn -0.91708 0.30252 0.25970
vn -0.95168 0.26455 -0.15595
vn -0.93114 0.23519 -0.27869
vn -0.97874 0.14599 -0.14406
vn -0.96240 0.13140 -0.23774
vn -0.98304 0.18275 0.01534
vn -0.99081 0.12743 -0.04528
vn -0.90279 0.11167 0.41534
vn -0.97113 0.23852 -0.00358
vn -0.92888 0.10080 0.35641
vn -0.98436 0.17619 -0.00087
vn -0.88511 0.22287 -0.40855
vn -0.92631 0.13555 -0.35154
vn -0.96377 0.04495 0.26291
vn -0.99197 0.12646 0.00335
vn -0.98110 0.00370 0.19346
vn -0.99642 0.08432 -0.00547
vn -0.95657 0.05897 -0.28548
vn -0.97589 0.05979 -0.20993
vn -0.98067 -0.01027 0.19538
vn -0.98462 -0.01342 0.17417
vn -0.99097 0.03215 0.13015
vn -0.99175 0.02237 0.12619
vn -0.98974 0.02965 0.13975
vn -0.99124 0.06752 0.11355
vn -0.98312 0.10966 -0.14643
vn -0.99424 0.10160 -0.03417
vn -0.98472 0.00107 -0.17412
vn -0.98823 0.07506 -0.13328
vn -0.99505 0.03623 -0.09253
vn -0.99747 0.06359 -0.03177
vn -0.99493 0.06689 0.07512
vn -0.98587 0.13493 0.09929
vn -1.00000 0.00000 0.00000
vn -0.99226 0.08685 0.08871
vn -0.99085 0.12604 -0.04822
vn -0.99777 0.01841 -0.06417
vn -0.99777 0.05474 -0.03822
vn -0.98605 0.16589 -0.01349
vn -0.99461 0.06466 -0.08110
vn -0.99472 0.00210 -0.10265
vn -0.99529 0.01703 -0.09542
vn -0.98690 -0.04425 -0.15518
vn -0.98650 0.15842 0.04145
vn -0.99609 0.07803 0.04151
vn -0.97364 0.16074 0.16181
vn -0.94563 0.13700 0.29497
vn -0.96309 0.24311 0.11554
vn -0.95768 0.18255 0.22255
vn -0.95714 0.23590 0.16802
vn -0.98305 0.18194 0.02238
vn -0.94201 0.31962 0.10229
vn -0.95482 0.22406 0.19521
vn -0.96802 0.24962 -0.02489
vn -0.98713 0.06324 0.14692
vn -0.99471 0.10269 0.00097
vn -0.97955 0.14107 0.14343
vn -0.99383 0.11050 0.00951
vn -0.98451 0.14332 0.10095
vn -0.99022 0.13638 0.02944
vn -0.84815 -0.37839 0.37075
vn -0.88527 -0.43566 0.16276
vn -0.70638 -0.25371 0.66080
vn -0.80378 -0.48832 0.33982
vn -0.71124 -0.38802 0.58616
vn -0.82073 -0.47780 0.31321
vn -0.70730 -0.57361 -0.41316
vn -0.83930 -0.46928 -0.27451
vn -0.63443 -0.66987 -0.38572
vn -0.87473 -0.45396 -0.16960
vn -0.78619 -0.46237 0.41002
vn -0.66273 -0.74867 0.01676
vn -0.67818 -0.47703 0.55903
vn -0.67426 -0.45567 0.58115
vn -0.58707 -0.50868 0.62975
vn -0.53162 -0.84666 0.02350
vn -0.40524 -0.70763 0.57882
vn -0.23602 -0.96461 -0.11758
vn -0.41579 -0.70338 0.57652
vn -0.80075 -0.59811 -0.03258
vn -0.60520 -0.76300 -0.22708
vn -0.56629 -0.81954 -0.08760
vn -0.66044 -0.74187 0.11594
vn -0.48649 -0.87007 0.07943
vn -0.59274 -0.77198 0.22959
vn -0.91343 0.15341 -0.37696
vn -0.87551 0.06925 -0.47822
vn -0.93850 0.05450 -0.34095
vn -0.86868 -0.01393 -0.49518
vn -0.83301 0.04329 -0.55157
vn -0.79868 0.02449 -0.60125
vn -0.86124 -0.01194 -0.50806
vn -0.89978 -0.07575 -0.42971
vn -0.93970 -0.04854 -0.33854
vn -0.97412 0.04374 -0.22178
vn -0.98708 0.08042 -0.13859
vn -0.99229 0.08445 -0.09075
vn -0.99379 0.09957 -0.04976
vn -0.99027 0.13069 -0.04776
vn -0.91355 0.08233 0.39831
vn -0.86821 0.06433 0.49202
vn -0.94519 0.11842 0.30431
vn -0.92590 0.09293 0.36616
vn -0.83505 0.02791 0.54946
vn -0.82159 -0.02828 0.56938
vn -0.91095 0.05078 0.40938
vn -0.90548 -0.01941 0.42395
vn -0.92649 -0.06792 0.37013
vn -0.78563 -0.04444 0.61710
vn -0.98545 0.12616 0.11388
vn -0.98602 0.12213 0.11332
vn -0.97380 0.11891 0.19382
vn -0.97037 0.13771 0.19855
vn -0.99103 0.07999 0.10703
vn -0.97722 0.08235 0.19560
vn -0.95018 -0.06216 0.30545
vn -0.95682 -0.00228 0.29069
vn -0.90835 -0.08478 0.40952
vn -0.94275 -0.12363 0.30974
vn -0.91524 -0.13454 0.37979
vn -0.96168 0.13940 0.23610
vn -0.95977 0.11144 0.25772
vn -0.95673 0.07169 0.28202
vn -0.84693 -0.06605 0.52759
vn -0.88378 -0.13773 0.44718
vn -0.99216 0.00826 0.12469
vn -0.99489 0.04276 0.09149
vn -0.98301 -0.06085 -0.17316
vn -0.99685 -0.02443 -0.07541
vn -0.99656 -0.00869 -0.08240
vn -0.99784 0.03477 -0.05571
vn -0.99708 0.05572 0.05220
vn -0.94534 -0.14916 0.28998
vn -0.91781 -0.15220 0.36669
vn -0.94321 -0.21780 0.25083
vn -0.92327 -0.18055 0.33907
vn -0.90455 -0.35348 0.23844
vn -0.90119 -0.23191 0.36616
vn -0.89937 -0.35636 0.25326
vn -0.92405 -0.29112 0.24773
vn -0.88622 -0.39823 0.23669
vn -0.94379 -0.28964 0.15929
vn -0.99051 0.13674 0.01379
vn -0.95403 -0.27675 0.11502
vn -0.92610 -0.34145 0.16044
vn -0.90101 -0.42104 -0.10446
vn -0.92523 -0.28070 0.25524
vn -0.75466 -0.04925 0.65426
vn -0.59492 -0.36027 0.71852
vn -0.48483 -0.23457 0.84257
vn -0.50963 -0.25389 0.82208
vn -0.98824 0.06153 -0.14001
vn -0.98770 -0.06385 -0.14273
vn -0.98070 -0.08393 -0.17659
vn 0.91904 0.34035 0.19883
vn -0.21500 0.97632 0.02393
vn 0.82998 0.53244 0.16624
vn 0.93473 0.31729 0.16000
vn 0.88796 0.34369 0.30563
vn -0.82334 0.06304 -0.56404
vn -0.92117 -0.13873 -0.36360
vn -0.87925 -0.09557 -0.46667
vn -0.98152 -0.12386 -0.14588
vn -0.98866 -0.07462 -0.13032
vn -0.90376 -0.41276 -0.11336
vn -0.84032 -0.45366 -0.29673
vn -0.91904 -0.35788 -0.16521
vn -0.90581 -0.11613 -0.40746
vn -0.92488 -0.35749 -0.12963
vn -0.88525 -0.18582 0.42639
vn -0.50234 -0.40803 0.76234
vn -0.44456 -0.52686 0.72442
vn -0.39296 -0.62927 0.67053
vn -0.90338 -0.42842 -0.01890
vn -0.93890 -0.30926 0.15109
vn -0.90010 -0.40897 0.15019
vn -0.78146 -0.09793 0.61622
vn -0.69349 -0.71787 0.06116
vn -0.78586 -0.33984 0.51665
vn -0.54877 -0.80718 0.21752
vn -0.47284 -0.69229 0.54512
vn -0.99375 0.09660 -0.05591
vn -0.99286 0.11481 -0.03242
vn -0.98954 0.14245 -0.02276
vn -0.99526 0.09527 0.01966
vn 0.19514 -0.89336 -0.40476
vn -0.42870 -0.31125 0.84814
vn 0.11158 -0.65044 -0.75132
vn 0.74416 0.02543 -0.66752
vn 0.59030 -0.15077 -0.79298
vn 0.81754 -0.30725 -0.48707
vn 0.88590 -0.10193 -0.45254
vn 0.96639 -0.23762 0.09806
vn 0.73974 -0.43202 0.51589
vn -0.48106 0.15466 0.86294
vn -0.43962 0.02281 0.89790
vn 0.30986 0.31417 0.89738
vn -0.00464 0.31579 0.94882
vn 0.24277 0.58222 0.77594
vn -0.14264 0.34510 0.92766
vn 0.04137 -0.49676 -0.86690
vn 0.39927 0.23539 -0.88610
vn 0.27541 0.05092 -0.95998
vn -0.23839 -0.08620 0.96734
vn -0.01544 0.40136 0.91579
vn 0.08625 0.65147 0.75375
vn -0.88995 -0.41758 0.18336
vn -0.66146 0.58322 0.47151
vn -0.70510 0.45332 0.54528
vn -0.50277 -0.86207 -0.06371
vn -0.94257 -0.33073 -0.04671
vn -0.25020 0.95219 -0.17532
vn -0.46459 -0.86437 0.19243
vn -0.93282 -0.31380 0.17715
vn -0.49021 -0.79808 0.35038
vn -0.80022 0.52919 -0.28215
vn -0.22494 0.85164 -0.47341
vn 0.04916 0.93546 -0.35000
vn -0.12956 0.98123 -0.14285
vn 0.14014 0.94385 -0.29918
vn 0.05125 0.99782 -0.04160
vn -0.11203 0.94155 0.31769
vn -0.00362 0.95317 0.30241
vn -0.46570 0.72724 -0.50422
vn -0.59103 0.80657 -0.01112
vn -0.85229 -0.49248 -0.17626
vn -0.47492 -0.84935 0.23036
vn -0.68208 -0.72888 0.05918
vn -0.68556 -0.72596 -0.05475
vn -0.69630 0.43968 0.56731
vn -0.27143 0.83796 0.47344
vn -0.97944 -0.19397 0.05540
vn -0.87191 -0.35228 0.34011
vn -0.97171 -0.01284 -0.23582
vn -0.94706 0.28384 0.15005
vn -0.99943 0.03222 0.00986
vn -0.81351 0.51113 0.27739
vn -0.56037 -0.02239 0.82794
vn -0.40430 0.05747 0.91282
vn -0.69518 -0.10141 0.71164
vn -0.18544 -0.74494 0.64084
vn -0.23292 -0.75965 0.60719
vn -0.13730 -0.72754 0.67218
vn -0.16045 -0.83487 0.52655
vn -0.18900 -0.81922 0.54144
vn -0.13170 -0.84944 0.51098
vn -0.36687 -0.89474 0.25465
vn -0.14868 -0.96148 0.23118
vn -0.56575 -0.78093 0.26473
vn -0.77334 -0.60001 0.20478
vn -0.64171 -0.76340 0.07374
vn -0.85765 -0.39990 0.32330
vn -0.75673 -0.52666 0.38727
vn -0.71375 -0.51435 0.47540
vn -0.79232 -0.53384 0.29537
vn -0.85532 -0.38720 0.34424
vn -0.88530 -0.34372 0.31322
vn -0.82214 -0.42923 0.37398
vn -0.88466 -0.46532 0.02912
vn -0.85566 -0.51720 -0.01898
vn -0.90850 -0.41072 0.07705
vn -0.76076 -0.60175 0.24318
vn -0.68502 -0.59584 0.41920
vn -0.80854 -0.58555 0.05822
vn -0.60351 -0.57196 0.55554
vn -0.65003 -0.64269 0.40547
vn -0.53908 -0.48426 0.68912
vn -0.45695 -0.78728 0.41400
vn -0.52417 -0.71413 0.46396
vn -0.38409 -0.85068 0.35891
vn -0.67374 -0.71345 0.19253
vn -0.57449 -0.77205 0.27184
vn -0.75981 -0.64087 0.10944
vn -0.86295 -0.49827 -0.08397
vn -0.80852 -0.58054 -0.09629
vn -0.90885 -0.41107 -0.07081
vn -0.87869 -0.43085 0.20560
vn -0.87904 -0.47672 0.00513
vn -0.84118 -0.36675 0.39738
vn -0.79771 0.34520 -0.49447
vn -0.78381 0.35724 -0.50797
vn -0.81119 0.33298 -0.48072
vn -0.71189 0.68555 0.15240
vn -0.71433 0.68297 0.15260
vn -0.70944 0.68813 0.15220
vn -0.26657 0.35559 0.89582
vn -0.26918 0.35347 0.89588
vn -0.26395 0.35770 0.89576
vn -0.00529 -0.49890 0.86664
vn -0.01623 -0.50060 0.86553
vn 0.00566 -0.49714 0.86765
vn -0.05369 -0.94048 0.33557
vn -0.03035 -0.94304 0.33129
vn -0.07699 -0.93739 0.33966
vn -0.24140 -0.96315 -0.11858
vn -0.25876 -0.95954 -0.11106
vn -0.22396 -0.96641 -0.12605
vn -0.54663 -0.52339 -0.65365
vn -0.50758 -0.51890 -0.68783
vn -0.58420 -0.52647 -0.61769
vn -0.68746 -0.19411 -0.69980
vn -0.68967 -0.19494 -0.69739
vn -0.68525 -0.19328 -0.70220
vn -0.99187 -0.11947 0.04371
vn -0.99586 -0.08890 0.01907
vn -0.98635 -0.14986 0.06828
vn -0.99084 -0.05870 0.12165
vn -0.98495 -0.13544 0.10738
vn -0.99065 0.01839 0.13518
vn -0.78512 -0.19220 0.58877
vn -0.80237 -0.21802 0.55558
vn -0.76625 -0.16598 0.62073
vn -0.72259 -0.43775 0.53501
vn -0.67304 -0.44770 0.58871
vn -0.76821 -0.42543 0.47841
vn -0.78117 -0.54472 0.30505
vn -0.76217 -0.56567 0.31482
vn -0.79947 -0.52328 0.29500
vn -0.82111 -0.54548 0.16804
vn -0.83508 -0.51849 0.18388
vn -0.80617 -0.57182 0.15200
vn -0.90888 -0.41101 -0.07080
vn -0.90641 -0.41497 -0.07887
vn -0.91126 -0.40702 -0.06273
vn -0.93831 -0.33233 -0.09556
vn -0.93830 -0.33430 -0.08853
vn -0.93827 -0.33034 -0.10259
vn 0.61334 -0.50438 0.60780
vn 0.60033 -0.50975 0.61625
vn 0.62619 -0.49887 0.59918
vn 0.49427 -0.86335 -0.10161
vn 0.52033 -0.84745 -0.10527
vn 0.46774 -0.87843 -0.09786
vn 0.02618 -0.51650 -0.85589
vn 0.03145 -0.51412 -0.85714
vn 0.02090 -0.51886 -0.85460
vn -0.26327 0.45181 -0.85238
vn -0.24463 0.45912 -0.85403
vn -0.28180 0.44432 -0.85039
vn -0.19089 0.94000 -0.28277
vn -0.18365 0.94070 -0.28524
vn -0.19811 0.93925 -0.28028
vn 0.00901 0.98825 0.15257
vn 0.00476 0.98797 0.15457
vn 0.01325 0.98851 0.15057
vn 0.39318 0.47317 0.78837
vn 0.40031 0.47550 0.78336
vn 0.38602 0.47079 0.79331
vn 0.49418 0.10528 0.86296
vn 0.49468 0.10539 0.86266
vn 0.49368 0.10517 0.86326
vn -0.27174 -0.67662 0.68435
vn -0.27314 -0.67553 0.68487
vn -0.27034 -0.67771 0.68383
vn -0.37137 -0.92848 -0.00315
vn -0.41260 -0.91049 0.02773
vn -0.32903 -0.94371 -0.03402
vn -0.51033 -0.72780 -0.45813
vn -0.50598 -0.72451 -0.46805
vn -0.51460 -0.73099 -0.44815
vn -0.81479 0.16336 -0.55626
vn -0.82659 0.14125 -0.54479
vn -0.80237 0.18535 -0.56731
vn -0.79558 0.59730 -0.10140
vn -0.81218 0.57308 -0.10926
vn -0.77824 0.62098 -0.09344
vn -0.73674 0.59722 0.31708
vn -0.73770 0.59641 0.31638
vn -0.73578 0.59803 0.31779
vn -0.49438 0.23399 0.83716
vn -0.52999 0.23208 0.81563
vn -0.45791 0.23550 0.85724
vn -0.29188 -0.23343 0.92753
vn -0.27331 -0.24047 0.93138
vn -0.31034 -0.22630 0.92330
vn 0.53556 -0.56303 0.62942
vn 0.50893 -0.55213 0.66041
vn 0.56123 -0.57293 0.59730
vn 0.36996 -0.92598 -0.07537
vn 0.39819 -0.91182 -0.10012
vn 0.34114 -0.93866 -0.05049
vn 0.01313 -0.53808 -0.84279
vn 0.02851 -0.51479 -0.85684
vn -0.00225 -0.56084 -0.82792
vn -0.22991 0.46120 -0.85699
vn -0.22653 0.46451 -0.85611
vn -0.23329 0.45789 -0.85786
vn -0.18086 0.93686 -0.29931
vn -0.19324 0.93997 -0.28127
vn -0.16838 0.93329 -0.31721
vn -0.02103 0.98573 0.16701
vn -0.01761 0.98684 0.16073
vn -0.02445 0.98457 0.17327
vn 0.33255 0.48599 0.80822
vn 0.31307 0.45474 0.83379
vn 0.35136 0.51627 0.78103
vn 0.48774 0.11011 0.86601
vn 0.49424 0.10521 0.86293
vn 0.48121 0.11501 0.86903
vn -0.26727 -0.65374 0.70794
vn -0.20333 -0.67150 0.71256
vn -0.33002 -0.63310 0.70020
vn -0.41092 -0.91161 -0.01057
vn -0.45746 -0.88922 0.00374
vn -0.36320 -0.93138 -0.02484
vn -0.64032 -0.67601 -0.36469
vn -0.62708 -0.67580 -0.38738
vn -0.65312 -0.67575 -0.34174
vn -0.89892 0.06386 -0.43342
vn -0.91261 0.05115 -0.40562
vn -0.88423 0.07650 -0.46074
vn -0.85232 0.52069 -0.04930
vn -0.85102 0.52266 -0.05089
vn -0.85362 0.51871 -0.04770
vn -0.74360 0.57445 0.34214
vn -0.73648 0.58273 0.34355
vn -0.75063 0.56611 0.34070
vn -0.45232 0.15506 0.87827
vn -0.39612 0.20130 0.89586
vn -0.50598 0.10795 0.85576
vn -0.36355 -0.21097 0.90737
vn -0.37097 -0.21143 0.90426
vn -0.35611 -0.21049 0.91043
vn -0.82157 0.33348 -0.46240
vn -0.79458 0.34910 -0.49676
vn -0.84679 0.31713 -0.42705
vn -0.75605 0.63782 0.14690
vn -0.77349 0.61489 0.15368
vn -0.73795 0.66018 0.13999
vn -0.28484 0.34223 0.89540
vn -0.28683 0.34017 0.89555
vn -0.28286 0.34428 0.89524
vn -0.01309 -0.49512 0.86873
vn -0.03285 -0.50171 0.86441
vn 0.00668 -0.48830 0.87265
vn -0.06116 -0.94090 0.33310
vn -0.06738 -0.93944 0.33604
vn -0.05495 -0.94233 0.33015
vn -0.26015 -0.96008 -0.10282
vn -0.24401 -0.96276 -0.11642
vn -0.27617 -0.95696 -0.08917
vn -0.55854 -0.51403 -0.65101
vn -0.57412 -0.52147 -0.63123
vn -0.54257 -0.50623 -0.67034
vn -0.68503 -0.19219 -0.70270
vn -0.68338 -0.19237 -0.70427
vn -0.68669 -0.19202 -0.70113
vn -0.74666 0.32896 -0.57817
vn -0.76315 0.33178 -0.55455
vn 0.29890 -0.90460 -0.30391
vn 0.15173 -0.90268 -0.40267
vn 0.43667 -0.87810 -0.19559
vn 0.78397 0.57533 -0.23320
vn 0.75185 0.62888 -0.19806
vn 0.81207 0.51882 -0.26715
vn 0.56348 0.60991 -0.55722
vn 0.56422 0.60420 -0.56267
vn 0.56271 0.61558 -0.55173
vn 0.27406 0.70007 -0.65938
vn 0.27557 0.68945 -0.66987
vn 0.27249 0.71054 -0.64875
vn 0.12595 0.98417 0.12467
vn 0.11985 0.97598 0.18195
vn 0.13162 0.98903 0.06698
vn 0.57951 0.81284 0.05890
vn 0.57941 0.81286 0.05951
vn 0.57960 0.81281 0.05829
vn 0.91607 0.40098 0.00538
vn 0.90935 0.41354 0.04551
vn 0.92114 0.38769 -0.03475
vn 0.92929 0.33997 -0.14435
vn 0.95190 0.30453 -0.03383
vn 0.89368 0.37067 -0.25286
vn 0.88961 0.28873 -0.35389
vn 0.94533 0.00897 -0.32600
vn 0.76081 0.54477 -0.35270
vn 0.94192 -0.14646 -0.30221
vn 0.94234 -0.14852 -0.29990
vn 0.94150 -0.14440 -0.30451
vn 0.56289 -0.26420 -0.78317
vn 0.60154 -0.29651 -0.74178
vn 0.52185 -0.23075 -0.82123
vn 0.21683 -0.37552 -0.90109
vn 0.25528 -0.39504 -0.88248
vn 0.17791 -0.35517 -0.91772
vn 0.17935 0.25487 0.95020
vn 0.11942 0.27786 0.95317
vn 0.23853 0.23083 0.94330
vn 0.29822 0.21489 0.92999
vn 0.26708 0.22906 0.93606
vn 0.32901 0.20047 0.92280
vn 0.70098 0.14001 0.69930
vn 0.65695 0.16629 0.73537
vn 0.74227 0.11317 0.66048
vn 0.81602 -0.00006 0.57802
vn 0.68138 0.12490 0.72119
vn 0.90640 -0.12501 0.40349
vn 0.98677 -0.13085 -0.09568
vn 0.98794 -0.12503 -0.09128
vn 0.98555 -0.13667 -0.10006
vn 0.93284 -0.15384 -0.32581
vn 0.92950 -0.03368 -0.36729
vn 0.92109 -0.27151 -0.27906
vn 0.62833 0.04774 -0.77648
vn 0.60555 0.00408 -0.79580
vn 0.64936 0.09127 -0.75499
vn 0.31515 0.15530 -0.93625
vn 0.31202 0.15134 -0.93795
vn 0.31828 0.15926 -0.93452
vn 0.16553 0.97155 0.16938
vn 0.12495 0.97980 0.15616
vn 0.20580 0.96147 0.18227
vn 0.43008 0.88475 0.17959
vn 0.40778 0.89726 0.16923
vn 0.45206 0.87156 0.18981
vn 0.75326 0.63862 0.15740
vn 0.74976 0.64355 0.15396
vn 0.75671 0.63365 0.16083
vn 0.76851 0.63290 0.09392
vn 0.78250 0.62216 0.02497
vn 0.75064 0.64044 0.16239
vn 0.98828 -0.11402 -0.10152
vn 0.98943 -0.08716 -0.11588
vn 0.98621 -0.14077 -0.08706
vn 0.92292 -0.11798 -0.36646
vn 0.93459 -0.19251 -0.29914
vn 0.90183 -0.04224 -0.43003
vn 0.34554 -0.48561 -0.80298
vn 0.43350 -0.54749 -0.71577
vn 0.25095 -0.41442 -0.87480
vn 0.09057 -0.62419 -0.77601
vn 0.12930 -0.64445 -0.75364
vn 0.05163 -0.60243 -0.79650
vn 0.17088 -0.38950 0.90503
vn 0.16345 -0.38605 0.90788
vn 0.17831 -0.39293 0.90212
vn 0.21272 -0.41162 0.88618
vn 0.17548 -0.39313 0.90258
vn 0.24953 -0.42929 0.86801
vn 0.57965 -0.37664 0.72260
vn 0.53526 -0.37115 0.75878
vn 0.62212 -0.38089 0.68402
vn 0.88551 -0.25200 0.39033
vn 0.87054 -0.24238 0.42826
vn 0.89893 -0.26118 0.35172
vn 0.99348 -0.03502 -0.10852
vn 0.99253 -0.04250 -0.11436
vn 0.99433 -0.02753 -0.10267
vn 0.52964 -0.69819 -0.48168
vn 0.22629 -0.78345 -0.57880
vn 0.77540 -0.53703 -0.33219
vn 0.19403 -0.77538 -0.60094
vn 0.21441 -0.76895 -0.60229
vn 0.17355 -0.78147 -0.59932
vn 0.07034 -0.75754 -0.64899
vn 0.10262 -0.74521 -0.65889
vn 0.03797 -0.76890 -0.63824
vn 0.13234 -0.66989 0.73057
vn 0.13910 -0.67194 0.72743
vn 0.12557 -0.66781 0.73367
vn 0.21765 -0.69157 0.68874
vn 0.26732 -0.70900 0.65258
vn 0.16709 -0.67132 0.72208
vn 0.47859 -0.69849 0.53204
vn 0.54122 -0.69786 0.46911
vn 0.41218 -0.69361 0.59077
vn 0.71247 -0.63242 0.30403
vn 0.72984 -0.62899 0.26777
vn 0.69393 -0.63482 0.33980
vn 0.82938 -0.51283 -0.22166
vn 0.76134 -0.53073 -0.37240
vn 0.87447 -0.48073 -0.06478
vn 0.09938 -0.83879 -0.53530
vn 0.11611 -0.84342 -0.52456
vn 0.08260 -0.83382 -0.54582
vn 0.25038 -0.85122 -0.46123
vn 0.31802 -0.85991 -0.39928
vn 0.18062 -0.83531 -0.51927
vn 0.11957 -0.80688 0.57849
vn 0.13165 -0.81035 0.57096
vn 0.10746 -0.80323 0.58589
vn 0.29375 -0.82079 0.48991
vn 0.36113 -0.83612 0.41290
vn 0.22323 -0.79667 0.56168
vn 0.48145 -0.82072 0.30761
vn 0.52918 -0.82011 0.21767
vn 0.42872 -0.81282 0.39437
vn 0.78525 0.55325 -0.27802
vn 0.80949 0.52057 -0.27153
vn 0.75967 0.58500 -0.28404
vn 0.56926 0.60898 -0.55234
vn 0.56374 0.61517 -0.55115
vn 0.57475 0.60276 -0.55348
vn 0.28977 0.69667 -0.65627
vn 0.27557 0.68945 -0.66987
vn 0.30383 0.70358 -0.64239
vn 0.10921 0.97655 0.18555
vn 0.10665 0.97744 0.18232
vn 0.11178 0.97564 0.18878
vn 0.50858 0.85345 0.11390
vn 0.54463 0.81976 0.17715
vn 0.46926 0.88165 0.04992
vn 0.88858 0.45871 0.00220
vn 0.90448 0.42464 0.03991
vn 0.87017 0.49147 -0.03553
vn 0.83980 0.52260 -0.14705
vn 0.89368 0.37067 -0.25287
vn 0.75470 0.65509 -0.03576
vn 0.79694 0.54323 -0.26418
vn 0.76084 0.56502 -0.31917
vn 0.82921 0.51883 -0.20792
vn -0.29197 0.88484 -0.36307
vn -0.36344 0.89646 -0.25352
vn -0.84602 -0.36306 -0.39044
vn -0.98387 -0.10446 0.14520
vn -0.92971 -0.26627 -0.25444
vn -0.85225 0.07707 0.51743
vn -0.79434 -0.13902 0.59135
vn -0.82917 -0.11909 0.54616
vn -0.75661 -0.15844 0.63439
vn -0.65591 -0.75401 0.03528
vn -0.83890 -0.53030 0.12262
vn -0.41313 -0.90899 -0.05527
vn -0.22511 -0.79136 -0.56840
vn -0.26603 -0.79705 -0.54217
vn -0.18365 -0.78377 -0.59327
vn -0.36562 -0.26068 -0.89352
vn -0.23566 -0.13837 -0.96194
vn -0.48223 -0.37346 -0.79245
vn -0.84118 -0.06750 -0.53652
vn -0.82796 0.10333 -0.55118
vn -0.82953 -0.23633 -0.50599
vn 0.76546 0.57390 0.29104
vn 0.76643 0.57758 0.28104
vn 0.76440 0.57016 0.30101
vn -0.57449 0.09454 0.81303
vn -0.49110 0.26466 0.82992
vn -0.63710 -0.07900 0.76672
vn -0.80989 -0.48911 0.32379
vn -0.82527 -0.36310 0.43253
vn -0.77189 -0.60146 0.20600
vn -0.56934 -0.63658 -0.52021
vn -0.56148 -0.62338 -0.54418
vn -0.57674 -0.64927 -0.49581
vn 0.09851 -0.10957 -0.98909
vn 0.11231 -0.07456 -0.99087
vn 0.08457 -0.14442 -0.98590
vn 0.82011 0.46904 -0.32775
vn 0.76097 0.61444 -0.20828
vn 0.84734 0.30538 -0.43446
vn 0.81269 0.51579 0.27110
vn 0.80530 0.51872 0.28710
vn 0.81982 0.51270 0.25502
vn -0.12910 0.08378 0.98809
vn -0.11702 0.09462 0.98861
vn -0.14114 0.07292 0.98730
vn -0.84559 -0.31736 0.42926
vn -0.85160 -0.32918 0.40794
vn -0.83904 -0.30534 0.45032
vn -0.79488 -0.34312 -0.50044
vn -0.77554 -0.34137 -0.53103
vn -0.81317 -0.34442 -0.46918
vn -0.11427 0.01205 -0.99338
vn -0.16714 -0.03276 -0.98539
vn -0.06085 0.05680 -0.99653
vn 0.68722 0.45451 -0.56670
vn 0.68483 0.45140 -0.57205
vn 0.68958 0.45759 -0.56133
vn 0.88020 0.40439 0.24842
vn 0.87698 0.40318 0.26146
vn 0.88327 0.40553 0.23534
vn -0.00752 -0.04197 0.99909
vn -0.03527 -0.05687 0.99776
vn 0.02024 -0.02703 0.99943
vn -0.77604 -0.31195 0.54813
vn -0.82528 -0.33227 0.45662
vn -0.71811 -0.28813 0.63349
vn -0.84565 -0.17687 -0.50359
vn -0.85918 -0.18435 -0.47730
vn -0.83132 -0.16922 -0.52941
vn -0.16666 0.18942 -0.96765
vn -0.17319 0.18589 -0.96719
vn -0.16013 0.19293 -0.96806
vn 0.61343 0.43998 -0.65584
vn 0.68290 0.46542 -0.56305
vn 0.53531 0.40835 -0.73939
vn 0.93865 0.18379 0.29183
vn 0.93923 0.18139 0.29144
vn 0.93805 0.18618 0.29222
vn 0.07043 -0.14411 0.98705
vn 0.07045 -0.14586 0.98679
vn 0.07040 -0.14236 0.98731
vn -0.73701 -0.24544 0.62974
vn -0.73223 -0.26288 0.62828
vn -0.74155 -0.22792 0.63100
vn -0.81650 0.04965 -0.57521
vn -0.81768 0.05617 -0.57292
vn -0.81527 0.04312 -0.57747
vn -0.19956 0.28941 -0.93617
vn -0.19968 0.28650 -0.93704
vn -0.19944 0.29232 -0.93529
vn 0.54800 0.38597 -0.74210
vn 0.54193 0.40072 -0.73874
vn 0.55393 0.37112 -0.74527
vn -0.04942 0.98232 -0.18056
vn -0.03567 0.98614 -0.16205
vn -0.06315 0.97797 -0.19897
vn -0.37390 0.92635 0.04551
vn -0.37242 0.92710 0.04231
vn -0.37537 0.92559 0.04871
vn -0.60602 0.79425 -0.04369
vn -0.59230 0.80428 -0.04806
vn -0.61955 0.78397 -0.03930
vn -0.54361 0.60899 -0.57760
vn -0.54682 0.57018 -0.61309
vn -0.53889 0.64610 -0.54051
vn -0.34182 0.65735 -0.67160
vn -0.34941 0.66183 -0.66325
vn -0.33418 0.65279 -0.67985
vn -0.07258 0.80979 -0.58222
vn -0.07887 0.80941 -0.58193
vn -0.06628 0.81013 -0.58249
vn -0.78329 -0.06171 -0.61858
vn -0.78403 -0.05734 -0.61807
vn -0.78254 -0.06607 -0.61909
vn -0.75567 -0.04432 -0.65346
vn -0.77742 -0.05475 -0.62659
vn -0.73293 -0.03384 -0.67947
vn -0.74645 -0.02490 -0.66498
vn -0.73033 -0.01722 -0.68288
vn -0.76209 -0.03256 -0.64665
vn -0.75506 -0.01129 -0.65556
vn -0.75857 -0.01385 -0.65144
vn -0.75153 -0.00873 -0.65964
vn -0.74800 -0.03677 -0.66268
vn -0.74734 -0.05083 -0.66249
vn -0.74851 -0.02269 -0.66274
vn -0.75961 -0.04005 -0.64914
vn -0.75931 -0.03995 -0.64950
vn -0.75991 -0.04016 -0.64879
vn -0.73173 0.02684 -0.68107
vn -0.75941 0.01850 -0.65036
vn -0.70274 0.03513 -0.71058
vn -0.74863 -0.08396 -0.65765
vn -0.71944 -0.07534 -0.69045
vn -0.77633 -0.09241 -0.62352
vn 0.30707 0.90704 0.28809
vn 0.30824 0.90652 0.28846
vn 0.30590 0.90755 0.28772
vn -0.57393 0.08547 0.81443
vn -0.55821 0.08556 0.82528
vn -0.58944 0.08534 0.80329
vn -0.57919 0.12435 0.80566
vn -0.56247 0.12347 0.81755
vn -0.59566 0.12518 0.79343
vn -0.77464 -0.08586 0.62654
vn -0.76936 -0.08642 0.63294
vn -0.77987 -0.08530 0.62010
vn -0.73805 -0.57598 -0.35145
vn -0.73852 -0.57538 -0.35147
vn -0.73759 -0.57659 -0.35143
vn 0.19642 -0.34669 -0.91719
vn 0.20635 -0.34904 -0.91411
vn 0.18647 -0.34429 -0.92016
vn 0.57386 -0.01897 -0.81873
vn 0.59031 -0.02023 -0.80693
vn 0.55717 -0.01770 -0.83021
vn 0.57117 0.02658 -0.82040
vn 0.58755 0.02745 -0.80872
vn 0.55456 0.02571 -0.83174
vn 0.30880 0.82656 0.47057
vn 0.32259 0.83691 0.44217
vn 0.29466 0.81530 0.49845
vn -0.44769 -0.09362 0.88927
vn -0.44487 -0.05435 0.89395
vn -0.44981 -0.13275 0.88320
vn -0.46614 -0.05953 0.88270
vn -0.45151 -0.02226 0.89199
vn -0.47998 -0.09670 0.87193
vn -0.69622 -0.22999 0.67999
vn -0.67804 -0.20300 0.70644
vn -0.71318 -0.25656 0.65234
vn -0.73792 -0.48892 -0.46523
vn -0.74405 -0.48953 -0.45469
vn -0.73168 -0.48823 -0.47569
vn 0.09755 -0.13069 -0.98661
vn 0.05485 -0.16536 -0.98471
vn 0.13996 -0.09563 -0.98553
vn 0.46868 0.16586 -0.86766
vn 0.45546 0.12906 -0.88085
vn 0.48111 0.20238 -0.85298
vn 0.44456 0.19896 -0.87337
vn 0.44612 0.16009 -0.88054
vn 0.44230 0.23752 -0.86484
vn 0.44784 0.56775 0.69072
vn 0.51719 0.59724 0.61304
vn 0.37324 0.53161 0.76032
vn -0.66317 -0.21987 0.71545
vn -0.57634 -0.11992 0.80837
vn -0.73264 -0.31406 0.60382
vn -0.65761 -0.17467 0.73283
vn -0.53623 -0.08767 0.83951
vn -0.75684 -0.25578 0.60148
vn -0.86928 -0.26301 0.41855
vn -0.81338 -0.22641 0.53586
vn -0.90933 -0.29482 0.29361
vn -0.75612 -0.28490 -0.58917
vn -0.77294 -0.28865 -0.56503
vn -0.73864 -0.28090 -0.61279
vn 0.22363 0.04142 -0.97379
vn -0.02395 -0.06056 -0.99788
vn 0.45505 0.14040 -0.87933
vn 0.67409 0.26730 -0.68858
vn 0.56347 0.18769 -0.80453
vn 0.76313 0.33835 -0.55059
vn 0.68636 0.32102 -0.65258
vn 0.61263 0.22669 -0.75716
vn 0.74275 0.40724 -0.53149
vn 0.37512 0.82717 0.41843
vn 0.39946 0.83597 0.37629
vn 0.34986 0.81634 0.45954
vn -0.57350 -0.00556 0.81919
vn -0.57305 0.03706 0.81868
vn -0.57289 -0.04816 0.81821
vn -0.59758 0.03427 0.80108
vn -0.58217 0.07286 0.80980
vn -0.61192 -0.00439 0.79091
vn -0.83427 -0.14122 0.53296
vn -0.81872 -0.11334 0.56289
vn -0.84822 -0.16884 0.50201
vn -0.77716 -0.43198 -0.45762
vn -0.79584 -0.42808 -0.42823
vn -0.75752 -0.43535 -0.48645
vn 0.13301 -0.23142 -0.96372
vn 0.06982 -0.26879 -0.96066
vn 0.19548 -0.19280 -0.96157
vn 0.60023 0.06934 -0.79682
vn 0.58597 0.02988 -0.80978
vn 0.61333 0.10866 -0.78232
vn 0.57082 0.11520 -0.81296
vn 0.57700 0.07031 -0.81371
vn 0.56346 0.15984 -0.81053
vn 0.32703 0.89014 0.31734
vn 0.33301 0.89118 0.30805
vn 0.32101 0.88898 0.32660
vn -0.64916 0.05745 0.75848
vn -0.65495 0.07930 0.75150
vn -0.64301 0.03555 0.76503
vn -0.65781 0.09905 0.74664
vn -0.65740 0.12287 0.74346
vn -0.65784 0.07518 0.74939
vn -0.83878 -0.09818 0.53555
vn -0.83586 -0.08558 0.54223
vn -0.84152 -0.11076 0.52876
vn -0.76010 -0.53408 -0.37013
vn -0.75047 -0.53801 -0.38386
vn -0.76952 -0.53000 -0.35629
vn 0.26090 -0.32533 -0.90890
vn 0.23324 -0.35067 -0.90699
vn 0.28820 -0.29953 -0.90952
vn 0.64742 0.00284 -0.76212
vn 0.64863 -0.02010 -0.76084
vn 0.64587 0.02577 -0.76301
vn 0.64352 0.05413 -0.76351
vn 0.65226 0.03529 -0.75717
vn 0.63447 0.07295 -0.76949
vn -0.92579 -0.04057 -0.37586
vn -0.90853 0.04934 -0.41489
vn -0.93387 -0.13009 -0.33311
vn -0.95916 -0.10090 -0.26426
vn -0.95957 -0.09952 -0.26328
vn -0.95874 -0.10228 -0.26524
vn -0.99210 -0.11981 0.03715
vn -0.99206 -0.12162 0.03199
vn -0.99211 -0.11801 0.04231
vn -0.99762 -0.06811 -0.01095
vn -0.99475 -0.04534 -0.09179
vn -0.99345 -0.09039 0.06996
vn -0.98790 -0.13783 0.07115
vn -0.97734 -0.18375 0.10512
vn -0.99512 -0.09145 0.03694
vn -0.99138 -0.12812 0.02742
vn -0.99321 -0.11302 0.02768
vn -0.98932 -0.14319 0.02716
vn -0.94539 -0.20977 -0.24948
vn -0.91637 -0.27967 -0.28646
vn -0.96770 -0.13838 -0.21073
vn -0.93965 -0.18799 -0.28585
vn -0.97393 -0.13890 -0.17932
vn -0.89134 -0.23426 -0.38811
vn -0.39424 0.45759 -0.79698
vn -0.27015 0.56163 -0.78204
vn -0.50790 0.34146 -0.79085
vn -0.75075 0.47271 -0.46143
vn -0.70287 0.54698 -0.45474
vn -0.79274 0.39473 -0.46449
vn -0.76177 0.63188 -0.14298
vn -0.89507 0.40501 -0.18659
vn -0.57427 0.81379 -0.08920
vn -0.42792 0.88572 0.17993
vn -0.56761 0.82274 -0.03023
vn -0.25929 0.88879 0.37791
vn -0.82075 -0.37205 0.43353
vn -0.82345 -0.36535 0.43411
vn -0.81801 -0.37874 0.43292
vn -0.92192 -0.37867 0.08172
vn -0.88505 -0.46304 0.04762
vn -0.94989 -0.29064 0.11504
vn -0.88272 -0.41378 -0.22269
vn -0.91684 -0.34506 -0.20082
vn -0.84297 -0.47987 -0.24315
vn -0.77242 -0.50652 -0.38315
vn -0.78504 -0.50036 -0.36517
vn -0.75940 -0.51241 -0.40093
vn 0.82779 0.40456 -0.38870
vn 0.81505 0.36912 -0.44659
vn 0.83659 0.43808 -0.32895
vn 0.88948 0.44319 0.11142
vn 0.87676 0.46894 0.10671
vn 0.90144 0.41706 0.11605
vn 0.88979 0.45080 -0.07105
vn 0.88800 0.45445 -0.07024
vn 0.89157 0.44714 -0.07186
vn 0.92858 0.28406 0.23885
vn 0.91613 0.28021 0.28669
vn 0.93875 0.28721 0.19043
vn -0.57955 -0.60002 0.55144
vn -0.64505 -0.62320 0.44219
vn -0.50433 -0.56679 0.65146
vn -0.88268 -0.46705 0.05239
vn -0.88589 -0.46075 0.05388
vn -0.87942 -0.47332 0.05089
vn -0.87284 -0.47173 -0.12500
vn -0.89019 -0.43677 -0.12956
vn -0.85413 -0.50596 -0.12024
vn -0.80058 -0.49102 -0.34347
vn -0.79793 -0.48055 -0.36383
vn -0.80281 -0.50122 -0.32292
vn 0.90892 0.32872 0.25654
vn -0.68968 -0.10010 -0.71716
vn 0.92733 0.27291 0.25610
vn -0.97554 -0.19778 0.09594
vn 0.92367 0.27416 0.26772
vn 0.93740 0.26139 0.23013
vn 0.90831 0.28644 0.30484
vn 0.88033 0.26071 0.39628
vn 0.86724 0.27746 0.41340
vn 0.89277 0.24376 0.37887
vn 0.94349 0.30886 0.12014
vn 0.95140 0.29737 0.08008
vn 0.93388 0.31980 0.15999
vn 0.92176 0.31630 0.22430
vn 0.91799 0.35149 0.18372
vn 0.92286 0.28020 0.26422
vn -0.90858 -0.41747 -0.01412
vn -0.88401 -0.46438 0.05376
vn -0.92643 -0.36746 -0.08188
vn -0.93515 -0.33256 -0.12204
vn -0.94300 -0.32170 -0.08524
vn -0.92587 -0.34291 -0.15865
vn -0.88407 -0.30132 -0.35726
vn -0.86798 -0.32104 -0.37887
vn -0.89917 -0.28125 -0.33524
vn -0.77019 -0.29399 -0.56602
vn -0.77698 -0.29150 -0.55798
vn -0.76331 -0.29645 -0.57400
vn 0.94496 0.32713 -0.00529
vn 0.94256 0.28853 -0.16835
vn 0.92083 0.35655 0.15792
vn 0.89077 0.39543 0.22397
vn 0.92203 0.35676 0.15030
vn 0.85248 0.43097 0.29587
vn 0.85813 0.51330 -0.01188
vn 0.86095 0.50126 -0.08660
vn 0.85038 0.52239 0.06291
vn 0.85622 0.44536 0.26182
vn 0.85506 0.45471 0.24922
vn 0.85716 0.43589 0.27435
vn -0.72149 -0.65697 0.21875
vn -0.54658 -0.70593 0.45046
vn -0.83385 -0.55106 -0.03193
vn -0.84744 -0.53090 0.00069
vn -0.85177 -0.51935 0.06902
vn -0.83902 -0.53989 -0.06764
vn -0.87613 -0.43510 -0.20756
vn -0.90230 -0.40525 -0.14708
vn -0.84538 -0.46267 -0.26696
vn -0.82429 -0.36469 -0.43308
vn -0.86972 -0.35564 -0.34220
vn -0.77027 -0.36995 -0.51945
# 2256 normals
usemtl Angelfish_Skin
f  3600/3707/3533 4126/3708/3534 4123/3709/3535 3684/3710/3536
f  3760/3711/3537 3600/3707/3533 3684/3710/3536 3567/3712/3538
f  3600/3707/3533 3760/3711/3537 3566/3713/3539 3757/3714/3540
f  4126/3708/3534 3600/3707/3533 3757/3714/3540 3533/3715/3541
f  4043/3716/3542 4048/3717/3543 4041/3718/3544 4042/3719/3545
f  3790/3720/3546 3601/3721/3547 3746/3722/3548 3559/3723/3549
f  3601/3721/3547 3790/3720/3546 3581/3724/3550 3789/3725/3551
f  4048/3717/3543 4043/3716/3542 4044/3726/3552 4047/3727/3553
f  3792/3728/3554 3602/3729/3555 3789/3725/3551 3581/3724/3550
f  3602/3729/3555 3792/3728/3554 3582/3730/3556 3791/3731/3557
f  3791/3731/3557 3905/3732/3558 3904/3733/3559 3602/3729/3555
f  3794/3734/3560 3603/3735/3561 3791/3731/3557 3582/3730/3556
f  4028/3736/3562 4031/3737/3563 4032/3738/3564 4027/3739/3565
f  3793/3740/3566 3908/3741/3567 3909/3742/3568 3603/3735/3561
f  3793/3740/3566 3994/3743/3569 3995/3744/3570 3604/3745/3571
f  3604/3745/3571 3796/3746/3572 3584/3747/3573 3795/3748/3574
f  4160/3749/3575 3910/3750/3576 3604/3745/3571 3795/3748/3574
f  3605/3751/3577 3691/3752/3578 3533/3715/3541 3757/3714/3540
f  3758/3753/3579 3605/3751/3577 3757/3714/3540 3566/3713/3539
f  3605/3751/3577 3758/3753/3579 3552/3754/3580 3729/3755/3581
f  3691/3752/3578 3605/3751/3577 3729/3755/3581 3536/3756/3582
f  3606/3757/3583 3911/3758/3584 3536/3756/3582 3729/3755/3581
f  3730/3759/3585 3606/3757/3583 3729/3755/3581 3552/3754/3580
f  3606/3757/3583 3730/3759/3585 3565/3760/3586 3810/3761/3587
f  3911/3758/3584 3606/3757/3583 3810/3761/3587 3912/3762/3588
f  3607/3763/3589 3702/3764/3590 3541/3765/3591 3698/3766/3592
f  3747/3767/3593 3607/3763/3589 3698/3766/3592 3559/3723/3549
f  3607/3763/3589 3747/3767/3593 3558/3768/3594 3744/3769/3595
f  3702/3764/3590 3607/3763/3589 3744/3769/3595 3542/3770/3596
f  3608/3771/3597 3703/3772/3598 3541/3765/3591 3764/3773/3599
f  3767/3774/3600 3608/3771/3597 3764/3773/3599 3569/3775/3601
f  3608/3771/3597 3767/3774/3600 3570/3776/3602 3766/3777/3603
f  3703/3772/3598 3608/3771/3597 3766/3777/3603 3540/3778/3604
f  3609/3779/3605 3704/3780/3606 3540/3778/3604 3766/3777/3603
f  3782/3781/3607 3609/3779/3605 3766/3777/3603 3570/3776/3602
f  3609/3779/3605 3782/3781/3607 3577/3782/3608 3781/3783/3609
f  3704/3780/3606 3609/3779/3605 3781/3783/3609 3539/3784/3610
f  3610/3785/3611 3705/3786/3612 3539/3784/3610 3781/3783/3609
f  3784/3787/3613 3610/3785/3611 3781/3783/3609 3577/3782/3608
f  3610/3785/3611 3784/3787/3613 3578/3788/3614 3819/3789/3615
f  3705/3786/3612 3610/3785/3611 3819/3789/3615 3594/3790/3616
f  3611/3791/3617 3706/3792/3618 3538/3793/3619 3783/3794/3620
f  3786/3795/3621 3611/3791/3617 3783/3794/3620 3578/3788/3614
f  3611/3791/3617 3786/3795/3621 3579/3796/3622 3785/3797/3623
f  3706/3792/3618 3611/3791/3617 3785/3797/3623 3537/3798/3624
f  3612/3799/3625 3707/3800/3626 3542/3770/3596 3744/3769/3595
f  3745/3801/3627 3612/3799/3625 3744/3769/3595 3558/3768/3594
f  3612/3799/3625 3745/3801/3627 3546/3802/3628 3712/3803/3629
f  3707/3800/3626 3612/3799/3625 3712/3803/3629 3543/3804/3630
f  3613/3805/3631 3708/3806/3632 3543/3804/3630 3712/3803/3629
f  3713/3807/3633 3613/3805/3631 3712/3803/3629 3546/3802/3628
f  3613/3805/3631 3713/3807/3633 3913/3808/3634 3711/3809/3635
f  3708/3806/3632 3613/3805/3631 3711/3809/3635 3544/3810/3636
f  3614/3811/3637 3710/3812/3638 3545/3813/3639 3700/3814/3640
f  3708/3806/3632 3614/3811/3637 3700/3814/3640 3543/3804/3630
f  3614/3811/3637 3708/3806/3632 3544/3810/3636 3701/3815/3641
f  3710/3812/3638 3614/3811/3637 3701/3815/3641 4221/3816/3642
f  3615/3817/3643 3713/3807/3633 3546/3802/3628 3750/3818/3644
f  3753/3819/3645 3615/3817/3643 3750/3818/3644 3562/3820/3646
f  3615/3817/3643 3753/3819/3645 3563/3821/3647 3752/3822/3648
f  3713/3807/3633 3615/3817/3643 3752/3822/3648 3913/3808/3634
f  3616/3823/3649 4229/3824/3650 4221/3816/3642 3701/3815/3641
f  3714/3825/3651 3616/3823/3649 3701/3815/3641 3544/3810/3636
f  3616/3823/3649 3714/3825/3651 3547/3826/3652 3715/3827/3653
f  4229/3824/3650 3616/3823/3649 3715/3827/3653 4233/3828/3654
f  3617/3829/3655 3714/3825/3651 3544/3810/3636 3711/3809/3635
f  3914/3830/3656 3617/3829/3655 3711/3809/3635 3913/3808/3634
f  3617/3829/3655 3914/3830/3656 4235/3831/3657 3716/3832/3658
f  3714/3825/3651 3617/3829/3655 3716/3832/3658 3547/3826/3652
f  3618/3833/3659 3915/3834/3660 4233/3828/3654 3715/3827/3653
f  3717/3835/3661 3618/3833/3659 3715/3827/3653 3547/3826/3652
f  3618/3833/3659 3717/3835/3661 3548/3836/3662 3718/3837/3663
f  3915/3834/3660 3618/3833/3659 3718/3837/3663 4241/3838/3664
f  3619/3839/3665 3717/3835/3661 3547/3826/3652 3716/3832/3658
f  4243/3840/3666 3619/3839/3665 3716/3832/3658 4235/3831/3657
f  3619/3839/3665 4243/3840/3666 4244/3841/3667 3719/3842/3668
f  3717/3835/3661 3619/3839/3665 3719/3842/3668 3548/3836/3662
f  3620/3843/3669 3916/3844/3670 4241/3838/3664 3774/3845/3671
f  3779/3846/3672 3620/3843/3669 3774/3845/3671 3576/3847/3673
f  3620/3843/3669 3779/3846/3672 3551/3848/3674 3727/3849/3675
f  3916/3844/3670 3620/3843/3669 3727/3849/3675 3917/3850/3676
f  3621/3851/3677 3720/3852/3678 3548/3836/3662 3719/3842/3668
f  3775/3853/3679 3621/3851/3677 3719/3842/3668 4244/3841/3667
f  3621/3851/3677 3775/3853/3679 3574/3854/3680 3778/3855/3681
f  3720/3852/3678 3621/3851/3677 3778/3855/3681 3575/3856/3682
f  3622/3857/3683 3918/3858/3684 3917/3850/3676 3727/3849/3675
f  3728/3859/3685 3622/3857/3683 3727/3849/3675 3551/3848/3674
f  3622/3857/3683 3728/3859/3685 4260/3860/3686 3919/3861/3687
f  3918/3858/3684 3622/3857/3683 3919/3861/3687 3920/3862/3688
f  3623/3863/3689 3724/3864/3690 3549/3865/3691 3725/3866/3692
f  3726/3867/3693 3623/3863/3689 3725/3866/3692 3550/3868/3694
f  3623/3863/3689 3726/3867/3693 4267/3869/3695 3921/3870/3696
f  3724/3864/3690 3623/3863/3689 3921/3870/3696 4268/3871/3697
f  3624/3872/3698 3726/3867/3693 3550/3868/3694 3723/3873/3699
f  3922/3874/3700 3624/3872/3698 3723/3873/3699 4271/3875/3701
f  3624/3872/3698 3922/3874/3700 3923/3876/3702 4272/3877/3703
f  3726/3867/3693 3624/3872/3698 4272/3877/3703 4267/3869/3695
f  3625/3878/3704 3728/3859/3685 3551/3848/3674 3722/3879/3705
f  3724/3864/3690 3625/3878/3704 3722/3879/3705 3549/3865/3691
f  3625/3878/3704 3724/3864/3690 4268/3871/3697 4275/3880/3706
f  3728/3859/3685 3625/3878/3704 4275/3880/3706 4260/3860/3686
f  3626/3881/3707 3730/3759/3585 3552/3754/3580 3731/3882/3708
f  3732/3883/3709 3626/3881/3707 3731/3882/3708 3554/3884/3710
f  3626/3881/3707 3732/3883/3709 3564/3885/3711 3756/3886/3712
f  3730/3759/3585 3626/3881/3707 3756/3886/3712 3565/3760/3586
f  3627/3887/3713 3732/3883/3709 3554/3884/3710 3709/3888/3714
f  3710/3812/3638 3627/3887/3713 3709/3888/3714 3545/3813/3639
f  3627/3887/3713 3710/3812/3638 4221/3816/3642 3755/3889/3715
f  3732/3883/3709 3627/3887/3713 3755/3889/3715 3564/3885/3711
f  3628/3890/3716 3924/3891/3717 3913/3808/3634 3752/3822/3648
f  3808/3892/3718 3628/3890/3716 3752/3822/3648 3563/3821/3647
f  3628/3890/3716 3808/3892/3718 3590/3893/3719 3807/3894/3720
f  3924/3891/3717 3628/3890/3716 3807/3894/3720 3925/3895/3721
f  3629/3896/3722 4290/3897/3723 3925/3895/3721 3807/3894/3720
f  3809/3898/3724 3629/3896/3722 3807/3894/3720 3590/3893/3719
f  3629/3896/3722 3809/3898/3724 4292/3899/3725 4293/3900/3726
f  3629/3896/3722 4293/3900/3726 3926/3901/3727 4290/3897/3723
f  3630/3902/3728 3735/3903/3729 3537/3798/3624 3785/3797/3623
f  3788/3904/3730 3630/3902/3728 3785/3797/3623 3579/3796/3622
f  3630/3902/3728 3788/3904/3730 3580/3905/3731 3787/3906/3732
f  3735/3903/3729 3630/3902/3728 3787/3906/3732 3555/3907/3733
f  3631/3908/3734 3734/3909/3735 4160/3749/3575 3795/3748/3574
f  3803/3910/3736 3631/3908/3734 3795/3748/3574 3584/3747/3573
f  3631/3908/3734 3803/3910/3736 3587/3911/3737 3802/3912/3738
f  3734/3909/3735 3631/3908/3734 3802/3912/3738 4304/3913/3739
f  3632/3914/3740 3738/3915/3741 3555/3907/3733 3787/3906/3732
f  3800/3916/3742 3632/3914/3740 3787/3906/3732 3580/3905/3731
f  3632/3914/3740 3800/3916/3742 3586/3917/3743 3799/3918/3744
f  3738/3915/3741 3632/3914/3740 3799/3918/3744 3556/3919/3745
f  3633/3920/3746 3740/3921/3747 3556/3919/3745 3799/3918/3744
f  3801/3922/3748 3633/3920/3746 3799/3918/3744 3586/3917/3743
f  3633/3920/3746 3801/3922/3748 3927/3923/3749 4314/3924/3750
f  3740/3921/3747 3633/3920/3746 4314/3924/3750 4315/3925/3751
f  3805/3926/3752 3634/3927/3753 3802/3912/3738 3587/3911/3737
f  3634/3927/3753 3805/3926/3752 3588/3928/3754 3804/3929/3755
f  3804/3929/3755 3928/3930/3756 4320/3931/3757 3634/3927/3753
f  3635/3932/3758 3929/3933/3759 3928/3930/3756 3804/3929/3755
f  3806/3934/3760 3635/3932/3758 3804/3929/3755 3588/3928/3754
f  3635/3932/3758 3806/3934/3760 3589/3935/3761 3929/3933/3759
f  3636/3936/3762 3745/3801/3627 3558/3768/3594 3748/3937/3763
f  3751/3938/3764 3636/3936/3762 3748/3937/3763 3561/3939/3765
f  3636/3936/3762 3751/3938/3764 3562/3820/3646 3750/3818/3644
f  3745/3801/3627 3636/3936/3762 3750/3818/3644 3546/3802/3628
f  3637/3940/3766 3747/3767/3593 3559/3723/3549 3746/3722/3548
f  3749/3941/3767 3637/3940/3766 3746/3722/3548 3560/3942/3768
f  3637/3940/3766 3749/3941/3767 3561/3939/3765 3748/3937/3763
f  3747/3767/3593 3637/3940/3766 3748/3937/3763 3558/3768/3594
f  3638/3943/3769 3749/3941/3767 3560/3942/3768 4329/3944/3770
f  3685/3945/3771 3638/3943/3769 4329/3944/3770 4331/3946/3772
f  3638/3943/3769 3685/3945/3771 3561/3939/3765 3749/3941/3767
f  3639/3947/3773 3751/3938/3764 3561/3939/3765 3685/3945/3771
f  4334/3948/3774 3639/3947/3773 3685/3945/3771 4331/3946/3772
f  3639/3947/3773 4334/3948/3774 3930/3949/3775 3692/3950/3776
f  3751/3938/3764 3639/3947/3773 3692/3950/3776 3562/3820/3646
f  3640/3951/3777 3753/3819/3645 3562/3820/3646 3692/3950/3776
f  3931/3952/3778 3640/3951/3777 3692/3950/3776 3930/3949/3775
f  3640/3951/3777 3931/3952/3778 3932/3953/3779 3693/3954/3780
f  3753/3819/3645 3640/3951/3777 3693/3954/3780 3563/3821/3647
f  3641/3955/3781 3755/3889/3715 4221/3816/3642 4338/3956/3782
f  3641/3955/3781 4338/3956/3782 4340/3957/3783 3933/3958/3784
f  3641/3955/3781 3933/3958/3784 3553/3959/3785 3754/3960/3786
f  3755/3889/3715 3641/3955/3781 3754/3960/3786 3564/3885/3711
f  3642/3961/3787 3758/3753/3579 3566/3713/3539 3768/3962/3788
f  3769/3963/3789 3642/3961/3787 3768/3962/3788 3571/3964/3790
f  3642/3961/3787 3769/3963/3789 3554/3884/3710 3731/3882/3708
f  3758/3753/3579 3642/3961/3787 3731/3882/3708 3552/3754/3580
f  3643/3965/3791 3760/3711/3537 3567/3712/3538 3759/3966/3792
f  3771/3967/3793 3643/3965/3791 3759/3966/3792 3572/3968/3794
f  3643/3965/3791 3771/3967/3793 3571/3964/3790 3768/3962/3788
f  3760/3711/3537 3643/3965/3791 3768/3962/3788 3566/3713/3539
f  3644/3969/3795 3761/3970/3796 3567/3712/3538 3684/3710/3536
f  3644/3969/3795 3684/3710/3536 4123/3709/3535 3686/3971/3797
f  3686/3971/3797 3534/3972/3798 3761/3970/3796 3644/3969/3795
f  3645/3973/3799 3763/3974/3800 3568/3975/3801 3699/3976/3802
f  3707/3800/3626 3645/3973/3799 3699/3976/3802 3542/3770/3596
f  3645/3973/3799 3707/3800/3626 3543/3804/3630 3700/3814/3640
f  3763/3974/3800 3645/3973/3799 3700/3814/3640 3545/3813/3639
f  3646/3977/3803 3765/3978/3804 3569/3775/3601 3764/3773/3599
f  3702/3764/3590 3646/3977/3803 3764/3773/3599 3541/3765/3591
f  3646/3977/3803 3702/3764/3590 3542/3770/3596 3699/3976/3802
f  3765/3978/3804 3646/3977/3803 3699/3976/3802 3568/3975/3801
f  3647/3979/3805 3767/3774/3600 3569/3775/3601 3770/3980/3806
f  3773/3981/3807 3647/3979/3805 3770/3980/3806 3572/3968/3794
f  3647/3979/3805 3773/3981/3807 3573/3982/3808 3772/3983/3809
f  3767/3774/3600 3647/3979/3805 3772/3983/3809 3570/3776/3602
f  3648/3984/3810 3769/3963/3789 3571/3964/3790 3762/3985/3811
f  3763/3974/3800 3648/3984/3810 3762/3985/3811 3568/3975/3801
f  3648/3984/3810 3763/3974/3800 3545/3813/3639 3709/3888/3714
f  3769/3963/3789 3648/3984/3810 3709/3888/3714 3554/3884/3710
f  3649/3986/3812 3771/3967/3793 3572/3968/3794 3770/3980/3806
f  3765/3978/3804 3649/3986/3812 3770/3980/3806 3569/3775/3601
f  3649/3986/3812 3765/3978/3804 3568/3975/3801 3762/3985/3811
f  3771/3967/3793 3649/3986/3812 3762/3985/3811 3571/3964/3790
f  3650/3987/3813 3773/3981/3807 3572/3968/3794 3759/3966/3792
f  3761/3970/3796 3650/3987/3813 3759/3966/3792 3567/3712/3538
f  3650/3987/3813 3761/3970/3796 3534/3972/3798 3687/3988/3814
f  3773/3981/3807 3650/3987/3813 3687/3988/3814 3573/3982/3808
f  3651/3989/3815 3774/3845/3671 4241/3838/3664 3718/3837/3663
f  3720/3852/3678 3651/3989/3815 3718/3837/3663 3548/3836/3662
f  3651/3989/3815 3720/3852/3678 3575/3856/3682 3780/3990/3816
f  3774/3845/3671 3651/3989/3815 3780/3990/3816 3576/3847/3673
f  3652/3991/3817 3775/3853/3679 4244/3841/3667 3721/3992/3818
f  3723/3873/3699 3652/3991/3817 3721/3992/3818 4271/3875/3701
f  3652/3991/3817 3723/3873/3699 3550/3868/3694 3776/3993/3819
f  3775/3853/3679 3652/3991/3817 3776/3993/3819 3574/3854/3680
f  3653/3994/3820 3778/3855/3681 3574/3854/3680 3776/3993/3819
f  3725/3866/3692 3653/3994/3820 3776/3993/3819 3550/3868/3694
f  3653/3994/3820 3725/3866/3692 3549/3865/3691 3777/3995/3821
f  3778/3855/3681 3653/3994/3820 3777/3995/3821 3575/3856/3682
f  3654/3996/3822 3780/3990/3816 3575/3856/3682 3777/3995/3821
f  3722/3879/3705 3654/3996/3822 3777/3995/3821 3549/3865/3691
f  3654/3996/3822 3722/3879/3705 3551/3848/3674 3779/3846/3672
f  3780/3990/3816 3654/3996/3822 3779/3846/3672 3576/3847/3673
f  3655/3997/3823 3782/3781/3607 3570/3776/3602 3772/3983/3809
f  3798/3998/3824 3655/3997/3823 3772/3983/3809 3573/3982/3808
f  3655/3997/3823 3798/3998/3824 3585/3999/3825 3797/4000/3826
f  3782/3781/3607 3655/3997/3823 3797/4000/3826 3577/3782/3608
f  3656/4001/3827 3784/3787/3613 3577/3782/3608 3797/4000/3826
f  3688/4002/3828 3656/4001/3827 3797/4000/3826 3585/3999/3825
f  3656/4001/3827 3688/4002/3828 4381/4003/3829 4382/4004/3830
f  3689/4005/3831 3874/4006/3832 3875/4007/3833 3876/4008/3834
f  3874/4006/3832 3689/4005/3831 3872/4009/3835 3873/4010/3836
f  3878/4011/3837 3879/4012/3838 3872/4009/3835 3689/4005/3831
f  3877/4013/3839 3878/4011/3837 3689/4005/3831 3876/4008/3834
f  3657/4014/3840 4394/4015/3841 3934/4016/3842 3690/4017/3843
f  3786/3795/3621 3657/4014/3840 3690/4017/3843 3579/3796/3622
f  3658/4018/3844 3788/3904/3730 3579/3796/3622 3690/4017/3843
f  4396/4019/3845 3658/4018/3844 3690/4017/3843 3934/4016/3842
f  3658/4018/3844 4396/4019/3845 4397/4020/3846 3736/4021/3847
f  3788/3904/3730 3658/4018/3844 3736/4021/3847 3580/3905/3731
f  3659/4022/3848 3790/3720/3546 3559/3723/3549 3698/3766/3592
f  3703/3772/3598 3659/4022/3848 3698/3766/3592 3541/3765/3591
f  3659/4022/3848 3703/3772/3598 3540/3778/3604 3697/4023/3849
f  3790/3720/3546 3659/4022/3848 3697/4023/3849 3581/3724/3550
f  3660/4024/3850 3792/3728/3554 3581/3724/3550 3697/4023/3849
f  3704/3780/3606 3660/4024/3850 3697/4023/3849 3540/3778/3604
f  4099/4025/3851 4100/4026/3852 4101/4027/3853 3696/4028/3854
f  4098/4029/3855 4099/4025/3851 3696/4028/3854 4097/4030/3856
f  4103/4031/3857 4104/4032/3858 4097/4033/3856 3696/4034/3854
f  4102/4035/3859 4103/4031/3857 3696/4034/3854 4101/4036/3853
f  3661/4037/3860 3705/3786/3612 3594/3790/3616 3820/4038/3861
f  3794/3734/3560 3661/4037/3860 3820/4038/3861 3583/4039/3862
f  3662/4040/3863 3796/3746/3572 3583/4039/3862 3695/4041/3864
f  3706/3792/3618 3662/4040/3863 3695/4041/3864 3538/3793/3619
f  3662/4040/3863 3706/3792/3618 3537/3798/3624 3694/4042/3865
f  3796/3746/3572 3662/4040/3863 3694/4042/3865 3584/3747/3573
f  3663/4043/3866 3798/3998/3824 3573/3982/3808 3687/3988/3814
f  4418/4044/3867 3663/4043/3866 3687/3988/3814 3534/3972/3798
f  3663/4043/3866 4418/4044/3867 4381/4003/3829 3688/4002/3828
f  3798/3998/3824 3663/4043/3866 3688/4002/3828 3585/3999/3825
f  3664/4045/3868 3800/3916/3742 3580/3905/3731 3736/4021/3847
f  3935/4046/3869 3664/4045/3868 3736/4021/3847 4397/4020/3846
f  3664/4045/3868 3935/4046/3869 4420/4047/3870 3739/4048/3871
f  3800/3916/3742 3664/4045/3868 3739/4048/3871 3586/3917/3743
f  3665/4049/3872 3801/3922/3748 3586/3917/3743 3739/4048/3871
f  3936/4050/3873 3665/4049/3872 3739/4048/3871 4420/4047/3870
f  3801/3922/3748 3665/4049/3872 3936/4050/3873 3927/3923/3749
f  3666/4051/3874 3803/3910/3736 3584/3747/3573 3694/4042/3865
f  3735/3903/3729 3666/4051/3874 3694/4042/3865 3537/3798/3624
f  3666/4051/3874 3735/3903/3729 3555/3907/3733 3737/4052/3875
f  3803/3910/3736 3666/4051/3874 3737/4052/3875 3587/3911/3737
f  3667/4053/3876 3805/3926/3752 3587/3911/3737 3737/4052/3875
f  3741/4054/3877 3667/4053/3876 3737/4052/3875 3555/3907/3733
f  3667/4053/3876 3741/4054/3877 3557/4055/3878 3742/4056/3879
f  3805/3926/3752 3667/4053/3876 3742/4056/3879 3588/3928/3754
f  3668/4057/3880 3806/3934/3760 3588/3928/3754 3742/4056/3879
f  3743/4058/3881 3668/4057/3880 3742/4056/3879 3557/4055/3878
f  3669/4059/3882 3808/3892/3718 3563/3821/3647 3693/3954/3780
f  4432/4060/3883 3669/4059/3882 3693/3954/3780 3932/3953/3779
f  3669/4059/3882 4432/4060/3883 3937/4061/3884 3733/4062/3885
f  3808/3892/3718 3669/4059/3882 3733/4062/3885 3590/3893/3719
f  3670/4063/3886 3809/3898/3724 3590/3893/3719 3733/4062/3885
f  4435/4064/3887 3670/4063/3886 3733/4062/3885 3937/4061/3884
f  3670/4063/3886 4435/4064/3887 4436/4065/3888 4437/4066/3889
f  3809/3898/3724 3670/4063/3886 4437/4066/3889 4292/3899/3725
f  3671/4067/3890 3810/3761/3587 3565/3760/3586 3756/3886/3712
f  3754/3960/3786 3671/4067/3890 3756/3886/3712 3564/3885/3711
f  3671/4067/3890 3754/3960/3786 3553/3959/3785 4439/4068/3891
f  3810/3761/3587 3671/4067/3890 4439/4068/3891 3912/3762/3588
f  3672/4069/3892 3811/4070/3893 3555/3907/3733 3738/3915/3741
f  3817/4071/3894 3672/4069/3892 3738/3915/3741 3556/3919/3745
f  3592/4072/3895 3812/4073/3896 3943/4074/3897 3944/4075/3898
f  3591/4076/3899 3942/4077/3900 3943/4074/3897 3812/4073/3896
f  3673/4078/3901 3815/4079/3902 3557/4055/3878 3741/4054/3877
f  3811/4070/3893 3673/4078/3901 3741/4054/3877 3555/3907/3733
f  3813/4080/3903 3941/4081/3904 3942/4077/3900 3591/4076/3899
f  3593/4082/3905 3940/4083/3906 3941/4081/3904 3813/4080/3903
f  3674/4084/3907 3817/4071/3894 3556/3919/3745 3740/3921/3747
f  3740/3921/3747 4315/3925/3751 4456/4085/3908 3674/4084/3907
f  3814/4086/3909 3592/4072/3895 3944/4075/3898 3945/4087/3910
f  3815/4079/3902 3675/4088/3911 3743/4058/3881 3557/4055/3878
f  3593/4082/3905 3816/4089/3912 3939/4090/3913 3940/4083/3906
f  4462/4091/3914 3938/4092/3915 3939/4090/3913 3816/4089/3912
f  3676/4093/3916 3826/4094/3917 3599/4095/3918 3823/4096/3919
f  3818/4097/3920 3676/4093/3916 3823/4096/3919 3595/4098/3921
f  3676/4093/3916 3818/4097/3920 3598/4099/3922 3826/4094/3917
f  3677/4100/3923 3825/4101/3924 3598/4099/3922 3818/4097/3920
f  3822/4102/3925 3677/4100/3923 3818/4097/3920 3595/4098/3921
f  3822/4102/3925 3597/4103/3926 3825/4101/3924 3677/4100/3923
f  3678/4104/3927 3822/4102/3925 3595/4098/3921 3821/4105/3928
f  3824/4106/3929 3678/4104/3927 3821/4105/3928 3596/4107/3930
f  3678/4104/3927 3824/4106/3929 3597/4103/3926 3822/4102/3925
f  3679/4108/3931 3823/4096/3919 3599/4095/3918 3827/4109/3932
f  3821/4105/3928 3679/4108/3931 3827/4109/3932 3596/4107/3930
f  3679/4108/3931 3821/4105/3928 3595/4098/3921 3823/4096/3919
f  3680/4110/3933 3828/4111/3934 3538/3793/3619 3695/4041/3864
f  3829/4112/3935 3680/4110/3933 3695/4041/3864 3583/4039/3862
f  3680/4110/3933 3829/4112/3935 3597/4103/3926 3824/4106/3929
f  3828/4111/3934 3680/4110/3933 3824/4106/3929 3596/4107/3930
f  3681/4113/3936 3829/4112/3935 3583/4039/3862 3820/4038/3861
f  3830/4114/3937 3681/4113/3936 3820/4038/3861 3594/3790/3616
f  3681/4113/3936 3830/4114/3937 3598/4099/3922 3825/4101/3924
f  3825/4101/3924 3597/4103/3926 3829/4112/3935 3681/4113/3936
f  3682/4115/3938 3830/4114/3937 3594/3790/3616 3819/3789/3615
f  3831/4116/3939 3682/4115/3938 3819/3789/3615 3578/3788/3614
f  3682/4115/3938 3831/4116/3939 3599/4095/3918 3826/4094/3917
f  3830/4114/3937 3682/4115/3938 3826/4094/3917 3598/4099/3922
f  3683/4117/3940 3831/4116/3939 3578/3788/3614 3783/3794/3620
f  3828/4111/3934 3683/4117/3940 3783/3794/3620 3538/3793/3619
f  3683/4117/3940 3828/4111/3934 3596/4107/3930 3827/4109/3932
f  3831/4116/3939 3683/4117/3940 3827/4109/3932 3599/4095/3918
f  3578/3788/3941 3784/3787/3942 3844/4118/3941 3845/4119/3943
f  3784/3787/3944 3656/4001/3945 3843/4120/3944 3844/4118/3946
f  3656/4001/3947 4382/4004/3948 3842/4121/3947 3843/4120/3949
f  3535/4122/3950 3841/4123/3951 3842/4121/3950 4382/4004/3952
f  3535/4122/3953 4394/4015/3954 3840/4124/3953 3841/4123/3955
f  3657/4014/3956 3847/4125/3957 3840/4124/3956 4394/4015/3958
f  3786/3795/3959 3846/4126/3960 3847/4125/3959 3657/4014/3961
f  3578/3788/3962 3845/4119/3963 3846/4126/3962 3786/3795/3964
f  3833/4127/3965 3832/4128/3966 3845/4119/3965 3844/4118/3967
f  3834/4129/3968 3833/4127/3969 3844/4118/3968 3843/4120/3970
f  3835/4130/3971 3834/4129/3972 3843/4120/3971 3842/4121/3973
f  3841/4123/3974 3836/4131/3975 3835/4130/3974 3842/4121/3976
f  3837/4132/3977 3836/4131/3978 3841/4123/3977 3840/4124/3979
f  3847/4125/3980 3838/4133/3981 3837/4132/3980 3840/4124/3982
f  3846/4126/3983 3839/4134/3984 3838/4133/3983 3847/4125/3985
f  3845/4119/3986 3832/4128/3987 3839/4134/3986 3846/4126/3988
f  3833/4127/3989 3899/4135/3990 3900/4136/3989 3832/4128/3991
f  3834/4129/3992 3898/4137/3993 3899/4135/3992 3833/4127/3994
f  3835/4130/3995 3897/4138/3996 3898/4137/3995 3834/4129/3997
f  3836/4131/3998 3896/4139/3999 3897/4138/3998 3835/4130/4000
f  3836/4131/4001 3837/4132/4002 3903/4140/4001 3896/4139/4003
f  3837/4132/4004 3838/4133/4005 3902/4141/4004 3903/4140/4006
f  3838/4133/4007 3839/4134/4008 3901/4142/4007 3902/4141/4009
f  3832/4128/4010 3900/4136/4011 3901/4142/4010 3839/4134/4012
f  3848/4143/4013 3849/4144/4014 3888/4145/4013 3889/4146/4015
f  3849/4144/4016 3850/4147/4017 3895/4148/4016 3888/4145/4018
f  3850/4147/4019 3851/4149/4020 3894/4150/4019 3895/4148/4021
f  3852/4151/4022 3893/4152/4023 3894/4150/4022 3851/4149/4024
f  3853/4153/4025 3892/4154/4026 3893/4152/4025 3852/4151/4027
f  3853/4153/4028 3854/4155/4029 3891/4156/4028 3892/4154/4030
f  3855/4157/4031 3890/4158/4032 3891/4156/4031 3854/4155/4033
f  3855/4157/4034 3848/4143/4035 3889/4146/4034 3890/4158/4036
f  3856/4159/4037 3857/4160/4038 3880/4161/4037 3881/4162/4039
f  3857/4160/4040 3858/4163/4041 3887/4164/4040 3880/4161/4042
f  3859/4165/4043 3886/4166/4044 3887/4164/4043 3858/4163/4045
f  3859/4165/4046 3860/4167/4047 3885/4168/4046 3886/4166/4048
f  3861/4169/4049 3884/4170/4050 3885/4168/4049 3860/4167/4051
f  3862/4171/4052 3883/4172/4053 3884/4170/4052 3861/4169/4054
f  3863/4173/4055 3882/4174/4056 3883/4172/4055 3862/4171/4057
f  3863/4173/4058 3856/4159/4059 3881/4162/4058 3882/4174/4060
f  3864/4175/4061 3865/4176/4062 3873/4010/4061 3872/4009/4063
f  3865/4176/4064 3866/4177/4065 3874/4006/4064 3873/4010/4066
f  3866/4177/4067 3867/4178/4068 3875/4007/4067 3874/4006/4069
f  3867/4178/4070 3868/4179/4071 3876/4008/4070 3875/4007/4072
f  3868/4179/4073 3869/4180/4074 3877/4013/4073 3876/4008/4075
f  3869/4180/4076 3870/4181/4077 3878/4011/4076 3877/4013/4078
f  3870/4181/4079 3871/4182/4080 3879/4012/4079 3878/4011/4081
f  3871/4182/4082 3864/4175/4083 3872/4009/4082 3879/4012/4084
f  3865/4176/4085 3864/4175/4086 3881/4162/4085 3880/4161/4087
f  3866/4177/4088 3865/4176/4089 3880/4161/4088 3887/4164/4090
f  3867/4178/4091 3866/4177/4092 3887/4164/4091 3886/4166/4093
f  3868/4179/4094 3867/4178/4095 3886/4166/4094 3885/4168/4096
f  3884/4170/4097 3869/4180/4098 3868/4179/4097 3885/4168/4099
f  3883/4172/4100 3870/4181/4101 3869/4180/4100 3884/4170/4102
f  3882/4174/4103 3871/4182/4104 3870/4181/4103 3883/4172/4105
f  3864/4175/4106 3871/4182/4107 3882/4174/4106 3881/4162/4108
f  3857/4160/4109 3856/4159/4110 3889/4146/4109 3888/4145/4111
f  3858/4163/4112 3857/4160/4113 3888/4145/4112 3895/4148/4114
f  3859/4165/4115 3858/4163/4116 3895/4148/4115 3894/4150/4117
f  3893/4152/4118 3860/4167/4119 3859/4165/4118 3894/4150/4120
f  3892/4154/4121 3861/4169/4122 3860/4167/4121 3893/4152/4123
f  3862/4171/4124 3861/4169/4125 3892/4154/4124 3891/4156/4126
f  3890/4158/4127 3863/4173/4128 3862/4171/4127 3891/4156/4129
f  3856/4159/4130 3863/4173/4131 3890/4158/4130 3889/4146/4132
f  3899/4135/4133 3849/4144/4134 3848/4143/4133 3900/4136/4135
f  3898/4137/4136 3850/4147/4137 3849/4144/4136 3899/4135/4138
f  3897/4138/4139 3851/4149/4140 3850/4147/4139 3898/4137/4141
f  3896/4139/4142 3852/4151/4143 3851/4149/4142 3897/4138/4144
f  3853/4153/4145 3852/4151/4146 3896/4139/4145 3903/4140/4147
f  3854/4155/4148 3853/4153/4149 3903/4140/4148 3902/4141/4150
f  3855/4157/4151 3854/4155/4152 3902/4141/4151 3901/4142/4153
f  3900/4136/4154 3848/4143/4155 3855/4157/4154 3901/4142/4156
f  4047/3727/3553 4044/3726/3552 4045/4183/4157 4046/4184/4158
f  3905/3732/3558 3791/3731/3557 3603/3735/3561 3909/3742/3568
f  3908/3741/3567 3793/3740/3566 3604/3745/3571 3910/3750/3576
f  3802/3912/3738 3634/3927/3753 4320/3931/3757 4304/3913/3739
f  4554/4185/4159 3668/4057/3880 3743/4058/3881 3906/4186/4160
f  3589/3935/3761 3806/3934/3760 3668/4057/3880 4554/4185/4159
f  4555/4187/4161 3814/4086/3909 3945/4087/3910 3946/4188/4162
f  3743/4058/3881 3675/4088/3911 4556/4189/4163 3906/4186/4160
f  3672/4069/3892 3817/4071/3894 3944/4075/3898 3943/4074/3897
f  3942/4077/3900 3811/4070/3893 3672/4069/3892 3943/4074/3897
f  3941/4081/3904 3673/4078/3901 3811/4070/3893 3942/4077/3900
f  3940/4083/3906 3815/4079/3902 3673/4078/3901 3941/4081/3904
f  3817/4071/3894 3674/4084/3907 3945/4087/3910 3944/4075/3898
f  3675/4088/3911 3815/4079/3902 3940/4083/3906 3939/4090/3913
f  3938/4092/3915 4556/4189/4163 3675/4088/3911 3939/4090/3913
f  3674/4084/3907 4456/4085/3908 3946/4188/4162 3945/4087/3910
f  3985/4190/4164 3953/4191/4165 3947/4192/4164 3948/4193/4166
f  3812/4073/4167 3592/4072/4168 3988/4194/4167 3989/4195/4169
f  3592/4072/4170 3814/4086/4171 3987/4196/4170 3988/4194/4172
f  3814/4086/4173 4555/4187/4174 3986/4197/4173 3987/4196/4175
f  3816/4089/4176 3993/4198/4177 4565/4199/4176 4462/4091/4178
f  3593/4082/4179 3992/4200/4180 3993/4198/4179 3816/4089/4181
f  3813/4080/4182 3991/4201/4183 3992/4200/4182 3593/4082/4184
f  3591/4076/4185 3990/4202/4186 3991/4201/4185 3813/4080/4187
f  3591/4076/4188 3812/4073/4189 3989/4195/4188 3990/4202/4190
f  3969/4203/4191 3970/4204/4192 3957/4205/4191 3956/4206/4193
f  3968/4207/4194 3969/4203/4195 3956/4206/4194 3955/4208/4196
f  4576/4209/4197 3968/4207/4198 3955/4208/4197 4575/4210/4199
f  3954/4211/4200 3974/4212/4201 4579/4213/4200 4580/4214/4202
f  3960/4215/4203 3973/4216/4204 3974/4212/4203 3954/4211/4205
f  3959/4217/4206 3972/4218/4207 3973/4216/4206 3960/4215/4208
f  3958/4219/4209 3971/4220/4210 3972/4218/4209 3959/4217/4211
f  3957/4205/4212 3970/4204/4213 3971/4220/4212 3958/4219/4214
f  3956/4206/4215 3957/4205/4216 3963/4221/4215 3962/4222/4217
f  3961/4223/4218 3955/4208/4219 3956/4206/4218 3962/4222/4220
f  4590/4224/4221 4575/4210/4222 3955/4208/4221 3961/4223/4223
f  3967/4225/4224 3954/4211/4225 4580/4214/4224 4592/4226/4226
f  3966/4227/4227 3960/4215/4228 3954/4211/4227 3967/4225/4229
f  3965/4228/4230 3959/4217/4231 3960/4215/4230 3966/4227/4232
f  3958/4219/4233 3959/4217/4234 3965/4228/4233 3964/4229/4235
f  3957/4205/4236 3958/4219/4237 3964/4229/4236 3963/4221/4238
f  3982/4230/4239 3975/4231/4240 3970/4204/4239 3969/4203/4241
f  3981/4232/4242 3982/4230/4243 3969/4203/4242 3968/4207/4244
f  3980/4233/4245 3981/4232/4246 3968/4207/4245 4576/4209/4247
f  3974/4212/4248 3979/4234/4249 4600/4235/4248 4579/4213/4250
f  3973/4216/4251 3978/4236/4252 3979/4234/4251 3974/4212/4253
f  3972/4218/4254 3977/4237/4255 3978/4236/4254 3973/4216/4256
f  3971/4220/4257 3976/4238/4258 3977/4237/4257 3972/4218/4259
f  3970/4204/4260 3975/4231/4261 3976/4238/4260 3971/4220/4262
f  3947/4192/4263 3975/4231/4264 3982/4230/4263 3948/4193/4265
f  3948/4193/4266 3982/4230/4267 3981/4232/4266 3949/4239/4268
f  3949/4239/4269 3981/4232/4270 3980/4233/4269 4605/4240/4271
f  4607/4241/4272 4600/4235/4273 3979/4234/4272 3950/4242/4274
f  3950/4242/4275 3979/4234/4276 3978/4236/4275 3951/4243/4277
f  3951/4243/4278 3978/4236/4279 3977/4237/4278 3952/4244/4280
f  3952/4244/4281 3977/4237/4282 3976/4238/4281 3953/4191/4283
f  3953/4191/4284 3976/4238/4285 3975/4231/4284 3947/4192/4286
f  3949/4239/4287 4605/4240/4288 3983/4245/4287 3984/4246/4289
f  3948/4193/4290 3949/4239/4291 3984/4246/4290 3985/4190/4292
f  3983/4245/4293 4607/4241/4294 3950/4242/4293 3984/4246/4295
f  3984/4246/4296 3950/4242/4297 3951/4243/4296 3985/4190/4298
f  3985/4190/4299 3951/4243/4300 3952/4244/4299 3953/4191/4301
f  3962/4222/4302 3963/4221/4303 3989/4247/4302 3988/4248/4304
f  3961/4223/4305 3962/4222/4306 3988/4248/4305 3987/4249/4307
f  3986/4250/4308 4590/4224/4309 3961/4223/4308 3987/4249/4310
f  3993/4251/4311 3967/4225/4312 4592/4226/4311 4565/4252/4313
f  3992/4253/4314 3966/4227/4315 3967/4225/4314 3993/4251/4316
f  3991/4254/4317 3965/4228/4318 3966/4227/4317 3992/4253/4319
f  3964/4229/4320 3965/4228/4321 3991/4254/4320 3990/4255/4322
f  3963/4221/4323 3964/4229/4324 3990/4255/4323 3989/4247/4325
f  4030/4256/4326 4031/3737/3563 4028/3736/3562 4029/4257/4327
f  3994/3743/3569 3793/3740/3566 3603/3735/3561 3996/4258/4328
f  3995/3744/3570 3796/3746/3572 3604/3745/3571
f  3603/3735/3561 3794/3734/3560 3996/4258/4328
f  3794/4259/4329 3583/4260/4330 3998/4261/4329 3997/4262/4331
f  3583/4260/4332 3796/4263/4333 3999/4264/4332 3998/4261/4334
f  3796/4263/4335 3995/4265/4336 4000/4266/4335 3999/4264/4337
f  3995/4265/4338 3994/4267/4339 4001/4268/4338 4000/4266/4340
f  3994/4267/4341 3996/4269/4342 4002/4270/4341 4001/4268/4343
f  3996/4269/4344 3794/4271/4345 3997/4272/4344 4002/4270/4346
f  3997/4262/4347 3998/4261/4348 4011/4273/4347 4012/4274/4349
f  3998/4261/4350 3999/4264/4351 4010/4275/4350 4011/4273/4352
f  3999/4264/4353 4000/4266/4354 4009/4276/4353 4010/4275/4355
f  4001/4268/4356 4014/4277/4357 4009/4276/4356 4000/4266/4358
f  4002/4270/4359 4013/4278/4360 4014/4277/4359 4001/4268/4361
f  3997/4272/4362 4012/4279/4363 4013/4278/4362 4002/4270/4364
f  4011/4273/4365 4016/4280/4366 4017/4281/4365 4012/4274/4367
f  4015/4282/4368 4016/4280/4369 4011/4273/4368 4010/4275/4370
f  4020/4283/4371 4015/4282/4372 4010/4275/4371 4009/4276/4373
f  4019/4284/4374 4020/4283/4375 4009/4276/4374 4014/4277/4376
f  4013/4278/4377 4018/4285/4378 4019/4284/4377 4014/4277/4379
f  4012/4279/4380 4017/4286/4381 4018/4285/4380 4013/4278/4382
f  4016/4280/4383 4022/4287/4384 4023/4288/4383 4017/4281/4385
f  4021/4289/4386 4022/4287/4387 4016/4280/4386 4015/4282/4388
f  4026/4290/4389 4021/4289/4390 4015/4282/4389 4020/4283/4391
f  4025/4291/4392 4026/4290/4393 4020/4283/4392 4019/4284/4394
f  4018/4285/4395 4024/4292/4396 4025/4291/4395 4019/4284/4397
f  4017/4286/4398 4023/4293/4399 4024/4292/4398 4018/4285/4400
f  4022/4287/4401 4004/4294/4402 4003/4295/4401 4023/4288/4403
f  4005/4296/4404 4004/4294/4405 4022/4287/4404 4021/4289/4406
f  4006/4297/4407 4005/4296/4408 4021/4289/4407 4026/4290/4409
f  4007/4298/4410 4006/4297/4411 4026/4290/4410 4025/4291/4412
f  4024/4292/4413 4008/4299/4414 4007/4298/4413 4025/4291/4415
f  4023/4293/4416 4003/4300/4417 4008/4299/4416 4024/4292/4418
f  4003/4301/4419 4004/4302/4420 4028/3736/4419 4027/3739/4421
f  4004/4302/4422 4005/4296/4423 4029/4257/4422 4028/3736/4424
f  4005/4296/4425 4006/4297/4426 4030/4256/4425 4029/4257/4427
f  4006/4297/4428 4007/4303/4429 4031/3737/4428 4030/4256/4430
f  4007/4303/4431 4008/4304/4432 4032/3738/4431 4031/3737/4433
f  4008/4304/4434 4003/4301/4435 4027/3739/4434 4032/3738/4436
f  3560/3942/4437 3746/3722/4438 4034/4305/4437 4033/4306/4439
f  3746/3722/4440 3601/3721/4441 4035/4307/4440 4034/4305/4442
f  3601/3721/4443 3789/3725/4444 4036/4308/4443 4035/4307/4445
f  3789/3725/4446 3602/3729/4447 4037/4309/4446 4036/4308/4448
f  3602/3729/4449 3904/3733/4450 4038/4310/4449 4037/4309/4451
f  3904/3733/4452 3907/4311/4453 4039/4312/4452 4038/4310/4454
f  3907/4311/4455 4651/4313/4456 4040/4314/4455 4039/4312/4457
f  4651/4313/4458 3560/3942/4459 4033/4306/4458 4040/4314/4460
f  4034/4315/4461 4076/4316/4462 4077/4317/4461 4033/4318/4463
f  4034/4315/4464 4035/4319/4465 4075/4320/4464 4076/4316/4466
f  4035/4319/4467 4036/4321/4468 4074/4322/4467 4075/4320/4469
f  4036/4321/4470 4037/4323/4471 4073/4324/4470 4074/4322/4472
f  4037/4323/4473 4038/4325/4474 4080/4326/4473 4073/4324/4475
f  4039/4327/4476 4079/4328/4477 4080/4326/4476 4038/4325/4478
f  4040/4329/4479 4078/4330/4480 4079/4328/4479 4039/4327/4481
f  4033/4331/4482 4077/4332/4483 4078/4330/4482 4040/4329/4484
f  4059/4333/4485 4060/4334/4486 4052/4335/4485 4051/4336/4487
f  4058/4337/4488 4059/4333/4489 4051/4336/4488 4050/4338/4490
f  4057/4339/4491 4058/4337/4492 4050/4338/4491 4049/4340/4493
f  4064/4341/4494 4057/4339/4495 4049/4340/4494 4056/4342/4496
f  4063/4343/4497 4064/4341/4498 4056/4342/4497 4055/4344/4499
f  4054/4345/4500 4062/4346/4501 4063/4343/4500 4055/4344/4502
f  4053/4347/4503 4061/4348/4504 4062/4346/4503 4054/4345/4505
f  4052/4349/4506 4060/4350/4507 4061/4348/4506 4053/4347/4508
f  4042/3719/4509 4041/3718/4510 4060/4334/4509 4059/4333/4511
f  4043/3716/4512 4042/3719/4513 4059/4333/4512 4058/4337/4514
f  4044/3726/4515 4043/3716/4516 4058/4337/4515 4057/4339/4517
f  4045/4183/4518 4044/3726/4519 4057/4339/4518 4064/4341/4520
f  4046/4184/4521 4045/4183/4522 4064/4341/4521 4063/4343/4523
f  4062/4346/4524 4047/4351/4525 4046/4184/4524 4063/4343/4526
f  4061/4348/4527 4048/4352/4528 4047/4351/4527 4062/4346/4529
f  4060/4350/4530 4041/4353/4531 4048/4352/4530 4061/4348/4532
f  4051/4336/4533 4052/4335/4534 4068/4354/4533 4067/4355/4535
f  4050/4338/4536 4051/4336/4537 4067/4355/4536 4066/4356/4538
f  4049/4340/4539 4050/4338/4540 4066/4356/4539 4065/4357/4541
f  4056/4342/4542 4049/4340/4543 4065/4357/4542 4072/4358/4544
f  4055/4344/4545 4056/4342/4546 4072/4358/4545 4071/4359/4547
f  4070/4360/4548 4054/4345/4549 4055/4344/4548 4071/4359/4550
f  4069/4361/4551 4053/4347/4552 4054/4345/4551 4070/4360/4553
f  4068/4362/4554 4052/4349/4555 4053/4347/4554 4069/4361/4556
f  4067/4355/4557 4068/4354/4558 4077/4317/4557 4076/4316/4559
f  4066/4356/4560 4067/4355/4561 4076/4316/4560 4075/4320/4562
f  4065/4357/4563 4066/4356/4564 4075/4320/4563 4074/4322/4565
f  4072/4358/4566 4065/4357/4567 4074/4322/4566 4073/4324/4568
f  4071/4359/4569 4072/4358/4570 4073/4324/4569 4080/4326/4571
f  4079/4328/4572 4070/4360/4573 4071/4359/4572 4080/4326/4574
f  4078/4330/4575 4069/4361/4576 4070/4360/4575 4079/4328/4577
f  4077/4332/4578 4068/4362/4579 4069/4361/4578 4078/4330/4580
f  3582/3730/4581 3792/3728/4582 4082/4363/4581 4081/4364/4583
f  3792/3728/4584 3660/4024/4585 4083/4365/4584 4082/4363/4586
f  3660/4024/4587 3704/3780/4588 4084/4366/4587 4083/4365/4589
f  3704/3780/4590 3539/3784/4591 4085/4367/4590 4084/4366/4592
f  3539/3784/4593 3705/3786/4594 4086/4368/4593 4085/4367/4595
f  3705/3786/4596 3661/4037/4597 4087/4369/4596 4086/4368/4598
f  3661/4037/4599 3794/3734/4600 4088/4370/4599 4087/4369/4601
f  3794/3734/4602 3582/3730/4603 4081/4364/4602 4088/4370/4604
f  4081/4371/4605 4082/4372/4606 4090/4373/4605 4089/4374/4607
f  4082/4372/4608 4083/4375/4609 4091/4376/4608 4090/4373/4610
f  4083/4375/4611 4084/4377/4612 4092/4378/4611 4091/4376/4613
f  4084/4377/4614 4085/4379/4615 4093/4380/4614 4092/4378/4616
f  4085/4379/4617 4086/4381/4618 4094/4382/4617 4093/4380/4619
f  4086/4381/4620 4087/4383/4621 4095/4384/4620 4094/4382/4622
f  4087/4383/4623 4088/4385/4624 4096/4386/4623 4095/4384/4625
f  4088/4385/4626 4081/4387/4627 4089/4388/4626 4096/4386/4628
f  4090/4373/4629 4120/4389/4630 4121/4390/4629 4089/4374/4631
f  4091/4376/4632 4119/4391/4633 4120/4389/4632 4090/4373/4634
f  4092/4378/4635 4118/4392/4636 4119/4391/4635 4091/4376/4637
f  4093/4380/4638 4117/4393/4639 4118/4392/4638 4092/4378/4640
f  4093/4380/4641 4094/4382/4642 4116/4394/4641 4117/4393/4643
f  4094/4382/4644 4095/4384/4645 4115/4395/4644 4116/4394/4646
f  4095/4384/4647 4096/4386/4648 4122/4396/4647 4115/4395/4649
f  4089/4388/4650 4121/4397/4651 4122/4396/4650 4096/4386/4652
f  4098/4029/4653 4097/4030/4653 4105/4398/4653
f  4105/4399/4654 4097/4033/4654 4104/4032/4654
f  4106/4400/4655 4101/4027/4655 4100/4026/4655
f  4102/4035/4656 4101/4036/4656 4106/4400/4656
f  4112/4401/4657 4098/4029/4658 4105/4398/4657 4113/4402/4659
f  4111/4403/4660 4099/4025/4661 4098/4029/4660 4112/4401/4662
f  4110/4404/4663 4100/4026/4664 4099/4025/4663 4111/4403/4665
f  4106/4400/4666 4100/4026/4667 4110/4404/4666 4109/4405/4668
f  4108/4406/4669 4102/4035/4670 4106/4400/4669 4109/4405/4671
f  4103/4031/4672 4102/4035/4673 4108/4406/4672 4107/4407/4674
f  4104/4032/4675 4103/4031/4676 4107/4407/4675 4114/4408/4677
f  4105/4399/4678 4104/4032/4679 4114/4408/4678 4113/4409/4680
f  4120/4389/4681 4112/4401/4682 4113/4402/4681 4121/4390/4683
f  4119/4391/4684 4111/4403/4685 4112/4401/4684 4120/4389/4686
f  4118/4392/4687 4110/4404/4688 4111/4403/4687 4119/4391/4689
f  4109/4405/4690 4110/4404/4691 4118/4392/4690 4117/4393/4692
f  4116/4394/4693 4108/4406/4694 4109/4405/4693 4117/4393/4695
f  4107/4407/4696 4108/4406/4697 4116/4394/4696 4115/4395/4698
f  4114/4408/4699 4107/4407/4700 4115/4395/4699 4122/4396/4701
f  4113/4409/4702 4114/4408/4703 4122/4396/4702 4121/4397/4704
f  4125/4410/4705 4124/4411/4706 4123/3709/3535 4126/3708/3534
f  4128/4412/4707 4127/4413/4708 4124/4411/4706 4125/4410/4705
f  4125/4410/4705 4130/4414/4709 4129/4415/4710 4128/4412/4707
f  4126/3708/3534 3533/3715/3541 4130/4414/4709 4125/4410/4705
f  4133/4416/4711 4132/4417/4712 4131/4418/4713 4134/4419/4714
f  4137/4420/4715 4136/4421/4716 4135/4422/4717 4138/4423/4718
f  4138/4423/4718 4140/4424/4719 4139/4425/4720 4137/4420/4715
f  4134/4419/4714 4142/4426/4721 4141/4427/4722 4133/4416/4711
f  4143/4428/4723 4139/4425/4720 4140/4424/4719 4144/4429/4724
f  4144/4429/4724 4146/4430/4725 4145/4431/4726 4143/4428/4723
f  4146/4430/4725 4144/4429/4724 3904/4432/3559 3905/4433/3558
f  4147/4434/4727 4145/4431/4726 4146/4430/4725 4148/4435/4728
f  4149/4436/4729 4152/4437/4730 4151/4438/4731 4150/4439/4732
f  4153/4440/4733 4148/4435/4728 3909/4441/3568 3908/4442/3567
f  4153/4440/4733 4156/4443/4734 4155/4444/4735 4154/4445/4736
f  4156/4443/4734 4158/4446/4737 4157/4447/4738 4159/4448/4739
f  4160/4449/3575 4158/4446/4737 4156/4443/4734 3910/4450/3576
f  4161/4451/4740 4130/4414/4709 3533/3715/3541 3691/3752/3578
f  4162/4452/4741 4129/4415/4710 4130/4414/4709 4161/4451/4740
f  4161/4451/4740 4164/4453/4742 4163/4454/4743 4162/4452/4741
f  3691/3752/3578 3536/3756/3582 4164/4453/4742 4161/4451/4740
f  4165/4455/4744 4164/4453/4742 3536/3756/3582 3911/4456/3584
f  4166/4457/4745 4163/4454/4743 4164/4453/4742 4165/4455/4744
f  4165/4455/4744 4168/4458/4746 4167/4459/4747 4166/4457/4745
f  3911/4456/3584 3912/4460/3588 4168/4458/4746 4165/4455/4744
f  4171/4461/4748 4170/4462/4749 4169/4463/4750 4172/4464/4751
f  4173/4465/4752 4136/4421/4716 4170/4462/4749 4171/4461/4748
f  4171/4461/4748 4175/4466/4753 4174/4467/4754 4173/4465/4752
f  4172/4464/4751 4176/4468/4755 4175/4466/4753 4171/4461/4748
f  4178/4469/4756 4177/4470/4757 4169/4463/4750 4179/4471/4758
f  4181/4472/4759 4180/4473/4760 4177/4470/4757 4178/4469/4756
f  4178/4469/4756 4183/4474/4761 4182/4475/4762 4181/4472/4759
f  4179/4471/4758 4184/4476/4763 4183/4474/4761 4178/4469/4756
f  4185/4477/4764 4183/4474/4761 4184/4476/4763 4186/4478/4765
f  4187/4479/4766 4182/4475/4762 4183/4474/4761 4185/4477/4764
f  4185/4477/4764 4189/4480/4767 4188/4481/4768 4187/4479/4766
f  4186/4478/4765 4190/4482/4769 4189/4480/4767 4185/4477/4764
f  4191/4483/4770 4189/4480/4767 4190/4482/4769 4192/4484/4771
f  4193/4485/4772 4188/4481/4768 4189/4480/4767 4191/4483/4770
f  4191/4483/4770 4195/4486/4773 4194/4487/4774 4193/4485/4772
f  4192/4484/4771 4196/4488/4775 4195/4486/4773 4191/4483/4770
f  4199/4489/4776 4198/4490/4777 4197/4491/4778 4200/4492/4779
f  4201/4493/4780 4194/4487/4774 4198/4490/4777 4199/4489/4776
f  4199/4489/4776 4203/4494/4781 4202/4495/4782 4201/4493/4780
f  4200/4492/4779 4204/4496/4783 4203/4494/4781 4199/4489/4776
f  4205/4497/4784 4175/4466/4753 4176/4468/4755 4206/4498/4785
f  4207/4499/4786 4174/4467/4754 4175/4466/4753 4205/4497/4784
f  4205/4497/4784 4209/4500/4787 4208/4501/4788 4207/4499/4786
f  4206/4498/4785 4210/4502/4789 4209/4500/4787 4205/4497/4784
f  4211/4503/4790 4209/4500/4787 4210/4502/4789 4212/4504/4791
f  4213/4505/4792 4208/4501/4788 4209/4500/4787 4211/4503/4790
f  4211/4503/4790 4214/4506/4793 3913/4507/3634 4213/4505/4792
f  4212/4504/4791 4215/4508/4794 4214/4506/4793 4211/4503/4790
f  4218/4509/4795 4217/4510/4796 4216/4511/4797 4219/4512/4798
f  4212/4504/4791 4210/4502/4789 4217/4510/4796 4218/4509/4795
f  4218/4509/4795 4220/4513/4799 4215/4508/4794 4212/4504/4791
f  4219/4512/4798 4221/4514/3642 4220/4513/4799 4218/4509/4795
f  4223/4515/4800 4222/4516/4801 4208/4501/4788 4213/4505/4792
f  4225/4517/4802 4224/4518/4803 4222/4516/4801 4223/4515/4800
f  4223/4515/4800 4227/4519/4804 4226/4520/4805 4225/4517/4802
f  4213/4505/4792 3913/4507/3634 4227/4519/4804 4223/4515/4800
f  4228/4521/4806 4220/4513/4799 4221/4514/3642 4229/4522/3650
f  4230/4523/4807 4215/4508/4794 4220/4513/4799 4228/4521/4806
f  4228/4521/4806 4232/4524/4808 4231/4525/4809 4230/4523/4807
f  4229/4522/3650 4233/4526/3654 4232/4524/4808 4228/4521/4806
f  4234/4527/4810 4214/4506/4793 4215/4508/4794 4230/4523/4807
f  3914/4528/3656 3913/4507/3634 4214/4506/4793 4234/4527/4810
f  4234/4527/4810 4236/4529/4811 4235/4530/3657 3914/4528/3656
f  4230/4523/4807 4231/4525/4809 4236/4529/4811 4234/4527/4810
f  4237/4531/4812 4232/4524/4808 4233/4526/3654 3915/4532/3660
f  4238/4533/4813 4231/4525/4809 4232/4524/4808 4237/4531/4812
f  4237/4531/4812 4240/4534/4814 4239/4535/4815 4238/4533/4813
f  3915/4532/3660 4241/4536/3664 4240/4534/4814 4237/4531/4812
f  4242/4537/4816 4236/4529/4811 4231/4525/4809 4238/4533/4813
f  4243/4538/3666 4235/4530/3657 4236/4529/4811 4242/4537/4816
f  4242/4537/4816 4245/4539/4817 4244/4540/3667 4243/4538/3666
f  4238/4533/4813 4239/4535/4815 4245/4539/4817 4242/4537/4816
f  4247/4541/4818 4246/4542/4819 4241/4536/3664 3916/4543/3670
f  4249/4544/4820 4248/4545/4821 4246/4542/4819 4247/4541/4818
f  4247/4541/4818 4251/4546/4822 4250/4547/4823 4249/4544/4820
f  3916/4543/3670 3917/4548/3676 4251/4546/4822 4247/4541/4818
f  4252/4549/4824 4245/4539/4817 4239/4535/4815 4253/4550/4825
f  4254/4551/4826 4244/4540/3667 4245/4539/4817 4252/4549/4824
f  4252/4549/4824 4256/4552/4827 4255/4553/4828 4254/4551/4826
f  4253/4550/4825 4257/4554/4829 4256/4552/4827 4252/4549/4824
f  4258/4555/4830 4251/4546/4822 3917/4548/3676 3918/4556/3684
f  4259/4557/4831 4250/4547/4823 4251/4546/4822 4258/4555/4830
f  4258/4555/4830 3919/4558/3687 4260/4559/3686 4259/4557/4831
f  4720/4556/4832 4723/4560/4832 4719/4558/4832
f  4722/4558/4833 4724/4555/4833 4721/4556/4833
f  4263/4561/4834 4262/4562/4835 4261/4563/4836 4264/4564/4837
f  4266/4565/4838 4265/4566/4839 4262/4562/4835 4263/4561/4834
f  4263/4561/4834 3921/4567/3696 4267/4568/3695 4266/4565/4838
f  4264/4564/4837 4268/4569/3697 3921/4567/3696 4263/4561/4834
f  4270/4570/4840 4269/4571/4841 4265/4566/4839 4266/4565/4838
f  3922/4572/3700 4271/4573/3701 4269/4571/4841 4270/4570/4840
f  4270/4570/4840 4272/4574/3703 3923/4575/3702 3922/4572/3700
f  4266/4565/4838 4267/4568/3695 4272/4574/3703 4270/4570/4840
f  4274/4576/4842 4273/4577/4843 4250/4547/4823 4259/4557/4831
f  4264/4564/4837 4261/4563/4836 4273/4577/4843 4274/4576/4842
f  4274/4576/4842 4275/4578/3706 4268/4569/3697 4264/4564/4837
f  4259/4557/4831 4260/4559/3686 4275/4578/3706 4274/4576/4842
f  4277/4579/4844 4276/4580/4845 4163/4454/4743 4166/4457/4745
f  4279/4581/4846 4278/4582/4847 4276/4580/4845 4277/4579/4844
f  4277/4579/4844 4281/4583/4848 4280/4584/4849 4279/4581/4846
f  4166/4457/4745 4167/4459/4747 4281/4583/4848 4277/4579/4844
f  4283/4585/4850 4282/4586/4851 4278/4582/4847 4279/4581/4846
f  4219/4512/4798 4216/4511/4797 4282/4586/4851 4283/4585/4850
f  4283/4585/4850 4284/4587/4852 4221/4514/3642 4219/4512/4798
f  4279/4581/4846 4280/4584/4849 4284/4587/4852 4283/4585/4850
f  4285/4588/4853 4227/4519/4804 3913/4507/3634 3924/4589/3717
f  4286/4590/4854 4226/4520/4805 4227/4519/4804 4285/4588/4853
f  4285/4588/4853 4288/4591/4855 4287/4592/4856 4286/4590/4854
f  3924/4589/3717 3925/4593/3721 4288/4591/4855 4285/4588/4853
f  4289/4594/4857 4288/4591/4855 3925/4593/3721 4290/4595/3723
f  4291/4596/4858 4287/4592/4856 4288/4591/4855 4289/4594/4857
f  4289/4594/4857 4293/4597/3726 4292/4598/3725 4291/4596/4858
f  4289/4594/4857 4290/4595/3723 3926/4599/3727 4293/4597/3726
f  4294/4600/4859 4203/4494/4781 4204/4496/4783 4295/4601/4860
f  4296/4602/4861 4202/4495/4782 4203/4494/4781 4294/4600/4859
f  4294/4600/4859 4298/4603/4862 4297/4604/4863 4296/4602/4861
f  4295/4601/4860 4299/4605/4864 4298/4603/4862 4294/4600/4859
f  4300/4606/4865 4158/4446/4737 4160/4449/3575 3734/4607/3735
f  4301/4608/4866 4157/4447/4738 4158/4446/4737 4300/4606/4865
f  4300/4606/4865 4303/4609/4867 4302/4610/4868 4301/4608/4866
f  3734/4607/3735 4304/4611/3739 4303/4609/4867 4300/4606/4865
f  4305/4612/4869 4298/4603/4862 4299/4605/4864 4306/4613/4870
f  4307/4614/4871 4297/4604/4863 4298/4603/4862 4305/4612/4869
f  4305/4612/4869 4309/4615/4872 4308/4616/4873 4307/4614/4871
f  4306/4613/4870 4310/4617/4874 4309/4615/4872 4305/4612/4869
f  4311/4618/4875 4309/4615/4872 4310/4617/4874 4312/4619/4876
f  4313/4620/4877 4308/4616/4873 4309/4615/4872 4311/4618/4875
f  4311/4618/4875 4314/4621/3750 3927/4622/3749 4313/4620/4877
f  4312/4619/4876 4315/4623/3751 4314/4621/3750 4311/4618/4875
f  4316/4624/4878 4302/4610/4868 4303/4609/4867 4317/4625/4879
f  4317/4625/4879 4319/4626/4880 4318/4627/4881 4316/4624/4878
f  4319/4626/4880 4317/4625/4879 4320/4628/3757 3928/4629/3756
f  4321/4630/4882 4319/4626/4880 3928/4629/3756 3929/4631/3759
f  4322/4632/4883 4318/4627/4881 4319/4626/4880 4321/4630/4882
f  4321/4630/4882 3929/4631/3759 3589/4633/3761 4322/4632/4883
f  4324/4634/4884 4323/4635/4885 4174/4467/4754 4207/4499/4786
f  4326/4636/4886 4325/4637/4887 4323/4635/4885 4324/4634/4884
f  4324/4634/4884 4222/4516/4801 4224/4518/4803 4326/4636/4886
f  4207/4499/4786 4208/4501/4788 4222/4516/4801 4324/4634/4884
f  4327/4638/4888 4135/4422/4717 4136/4421/4716 4173/4465/4752
f  4328/4639/4889 3560/4640/3768 4135/4422/4717 4327/4638/4888
f  4327/4638/4888 4323/4635/4885 4325/4637/4887 4328/4639/4889
f  4173/4465/4752 4174/4467/4754 4323/4635/4885 4327/4638/4888
f  4330/4641/4890 4329/4642/3770 3560/4640/3768 4328/4639/4889
f  4332/4643/4891 4331/4644/3772 4329/4642/3770 4330/4641/4890
f  4330/4641/4890 4328/4639/4889 4325/4637/4887 4332/4643/4891
f  4333/4645/4892 4332/4643/4891 4325/4637/4887 4326/4636/4886
f  4334/4646/3774 4331/4644/3772 4332/4643/4891 4333/4645/4892
f  4333/4645/4892 4335/4647/4893 3930/4648/3775 4334/4646/3774
f  4326/4636/4886 4224/4518/4803 4335/4647/4893 4333/4645/4892
f  4336/4649/4894 4335/4647/4893 4224/4518/4803 4225/4517/4802
f  3931/4650/3778 3930/4648/3775 4335/4647/4893 4336/4649/4894
f  4336/4649/4894 4337/4651/4895 3932/4652/3779 3931/4650/3778
f  4225/4517/4802 4226/4520/4805 4337/4651/4895 4336/4649/4894
f  4339/4653/4896 4338/4654/3782 4221/4514/3642 4284/4587/4852
f  4339/4653/4896 3933/4655/3784 4340/4656/3783 4338/4654/3782
f  4339/4653/4896 4341/4657/4897 3553/4658/3785 3933/4655/3784
f  4284/4587/4852 4280/4584/4849 4341/4657/4897 4339/4653/4896
f  4343/4659/4898 4342/4660/4899 4129/4415/4710 4162/4452/4741
f  4345/4661/4900 4344/4662/4901 4342/4660/4899 4343/4659/4898
f  4343/4659/4898 4276/4580/4845 4278/4582/4847 4345/4661/4900
f  4162/4452/4741 4163/4454/4743 4276/4580/4845 4343/4659/4898
f  4347/4663/4902 4346/4664/4903 4127/4413/4708 4128/4412/4707
f  4349/4665/4904 4348/4666/4905 4346/4664/4903 4347/4663/4902
f  4347/4663/4902 4342/4660/4899 4344/4662/4901 4349/4665/4904
f  4128/4412/4707 4129/4415/4710 4342/4660/4899 4347/4663/4902
f  4350/4667/4906 4124/4411/4706 4127/4413/4708 4351/4668/4907
f  4350/4667/4906 3686/3971/3797 4123/3709/3535 4124/4411/4706
f  3686/3971/3797 4350/4667/4906 4351/4668/4907 3534/4669/3798
f  4354/4670/4908 4353/4671/4909 4352/4672/4910 4355/4673/4911
f  4206/4498/4785 4176/4468/4755 4353/4671/4909 4354/4670/4908
f  4354/4670/4908 4217/4510/4796 4210/4502/4789 4206/4498/4785
f  4355/4673/4911 4216/4511/4797 4217/4510/4796 4354/4670/4908
f  4356/4674/4912 4177/4470/4757 4180/4473/4760 4357/4675/4913
f  4172/4464/4751 4169/4463/4750 4177/4470/4757 4356/4674/4912
f  4356/4674/4912 4353/4671/4909 4176/4468/4755 4172/4464/4751
f  4357/4675/4913 4352/4672/4910 4353/4671/4909 4356/4674/4912
f  4359/4676/4914 4358/4677/4915 4180/4473/4760 4181/4472/4759
f  4360/4678/4916 4348/4666/4905 4358/4677/4915 4359/4676/4914
f  4359/4676/4914 4362/4679/4917 4361/4680/4918 4360/4678/4916
f  4181/4472/4759 4182/4475/4762 4362/4679/4917 4359/4676/4914
f  4364/4681/4919 4363/4682/4920 4344/4662/4901 4345/4661/4900
f  4355/4673/4911 4352/4672/4910 4363/4682/4920 4364/4681/4919
f  4364/4681/4919 4282/4586/4851 4216/4511/4797 4355/4673/4911
f  4345/4661/4900 4278/4582/4847 4282/4586/4851 4364/4681/4919
f  4365/4683/4921 4358/4677/4915 4348/4666/4905 4349/4665/4904
f  4357/4675/4913 4180/4473/4760 4358/4677/4915 4365/4683/4921
f  4365/4683/4921 4363/4682/4920 4352/4672/4910 4357/4675/4913
f  4349/4665/4904 4344/4662/4901 4363/4682/4920 4365/4683/4921
f  4366/4684/4922 4346/4664/4903 4348/4666/4905 4360/4678/4916
f  4351/4668/4907 4127/4413/4708 4346/4664/4903 4366/4684/4922
f  4366/4684/4922 4367/4685/4923 3534/4669/3798 4351/4668/4907
f  4360/4678/4916 4361/4680/4918 4367/4685/4923 4366/4684/4922
f  4368/4686/4924 4240/4534/4814 4241/4536/3664 4246/4542/4819
f  4253/4550/4825 4239/4535/4815 4240/4534/4814 4368/4686/4924
f  4368/4686/4924 4369/4687/4925 4257/4554/4829 4253/4550/4825
f  4246/4542/4819 4248/4545/4821 4369/4687/4925 4368/4686/4924
f  4370/4688/4926 3721/4689/3818 4244/4540/3667 4254/4551/4826
f  4269/4571/4841 4271/4573/3701 3721/4689/3818 4370/4688/4926
f  4370/4688/4926 4371/4690/4927 4265/4566/4839 4269/4571/4841
f  4254/4551/4826 4255/4553/4828 4371/4690/4927 4370/4688/4926
f  4372/4691/4928 4371/4690/4927 4255/4553/4828 4256/4552/4827
f  4262/4562/4835 4265/4566/4839 4371/4690/4927 4372/4691/4928
f  4372/4691/4928 4373/4692/4929 4261/4563/4836 4262/4562/4835
f  4256/4552/4827 4257/4554/4829 4373/4692/4929 4372/4691/4928
f  4374/4693/4930 4373/4692/4929 4257/4554/4829 4369/4687/4925
f  4273/4577/4843 4261/4563/4836 4373/4692/4929 4374/4693/4930
f  4374/4693/4930 4249/4544/4820 4250/4547/4823 4273/4577/4843
f  4369/4687/4925 4248/4545/4821 4249/4544/4820 4374/4693/4930
f  4375/4694/4931 4362/4679/4917 4182/4475/4762 4187/4479/4766
f  4376/4695/4932 4361/4680/4918 4362/4679/4917 4375/4694/4931
f  4375/4694/4931 4378/4696/4933 4377/4697/4934 4376/4695/4932
f  4187/4479/4766 4188/4481/4768 4378/4696/4933 4375/4694/4931
f  4379/4698/4935 4378/4696/4933 4188/4481/4768 4193/4485/4772
f  4380/4699/4936 4377/4697/4934 4378/4696/4933 4379/4698/4935
f  4379/4698/4935 4382/4700/3830 4381/4701/3829 4380/4699/4936
f  4385/4702/4937 4384/4703/4938 4383/4704/4939 4386/4705/4940
f  4386/4705/4940 4388/4706/4941 4387/4707/4942 4385/4702/4937
f  4389/4708/4943 4385/4702/4937 4387/4707/4942 4390/4709/4944
f  4391/4710/4945 4384/4703/4938 4385/4702/4937 4389/4708/4943
f  4393/4711/4946 4392/4712/4947 3934/4713/3842 4394/4714/3841
f  4201/4493/4780 4202/4495/4782 4392/4712/4947 4393/4711/4946
f  4395/4715/4948 4392/4712/4947 4202/4495/4782 4296/4602/4861
f  4396/4716/3845 3934/4713/3842 4392/4712/4947 4395/4715/4948
f  4395/4715/4948 4398/4717/4949 4397/4718/3846 4396/4716/3845
f  4296/4602/4861 4297/4604/4863 4398/4717/4949 4395/4715/4948
f  4399/4719/4950 4170/4462/4749 4136/4421/4716 4137/4420/4715
f  4179/4471/4758 4169/4463/4750 4170/4462/4749 4399/4719/4950
f  4399/4719/4950 4400/4720/4951 4184/4476/4763 4179/4471/4758
f  4137/4420/4715 4139/4425/4720 4400/4720/4951 4399/4719/4950
f  4401/4721/4952 4400/4720/4951 4139/4425/4720 4143/4428/4723
f  4186/4478/4765 4184/4476/4763 4400/4720/4951 4401/4721/4952
f  4404/4722/4953 4403/4723/4954 4402/4724/4955 4405/4725/4956
f  4407/4726/4957 4406/4727/4958 4403/4723/4954 4404/4722/4953
f  4408/4728/4959 4403/4729/4954 4406/4730/4958 4409/4731/4960
f  4410/4732/4961 4402/4733/4955 4403/4729/4954 4408/4728/4959
f  4412/4734/4962 4411/4735/4963 4196/4488/4775 4192/4484/4771
f  4147/4434/4727 4413/4736/4964 4411/4735/4963 4412/4734/4962
f  4415/4737/4965 4414/4738/4966 4413/4736/4964 4159/4448/4739
f  4200/4492/4779 4197/4491/4778 4414/4738/4966 4415/4737/4965
f  4415/4737/4965 4416/4739/4967 4204/4496/4783 4200/4492/4779
f  4159/4448/4739 4157/4447/4738 4416/4739/4967 4415/4737/4965
f  4417/4740/4968 4367/4685/4923 4361/4680/4918 4376/4695/4932
f  4418/4741/3867 3534/4669/3798 4367/4685/4923 4417/4740/4968
f  4417/4740/4968 4380/4699/4936 4381/4701/3829 4418/4741/3867
f  4376/4695/4932 4377/4697/4934 4380/4699/4936 4417/4740/4968
f  4419/4742/4969 4398/4717/4949 4297/4604/4863 4307/4614/4871
f  3935/4743/3869 4397/4718/3846 4398/4717/4949 4419/4742/4969
f  4419/4742/4969 4421/4744/4970 4420/4745/3870 3935/4743/3869
f  4307/4614/4871 4308/4616/4873 4421/4744/4970 4419/4742/4969
f  4422/4746/4971 4421/4744/4970 4308/4616/4873 4313/4620/4877
f  3936/4747/3873 4420/4745/3870 4421/4744/4970 4422/4746/4971
f  4313/4620/4877 3927/4622/3749 3936/4747/3873 4422/4746/4971
f  4423/4748/4972 4416/4739/4967 4157/4447/4738 4301/4608/4866
f  4295/4601/4860 4204/4496/4783 4416/4739/4967 4423/4748/4972
f  4423/4748/4972 4424/4749/4973 4299/4605/4864 4295/4601/4860
f  4301/4608/4866 4302/4610/4868 4424/4749/4973 4423/4748/4972
f  4425/4750/4974 4424/4749/4973 4302/4610/4868 4316/4624/4878
f  4426/4751/4975 4299/4605/4864 4424/4749/4973 4425/4750/4974
f  4425/4750/4974 4428/4752/4976 4427/4753/4977 4426/4751/4975
f  4316/4624/4878 4318/4627/4881 4428/4752/4976 4425/4750/4974
f  4429/4754/4978 4428/4752/4976 4318/4627/4881 4322/4632/4883
f  4430/4755/4979 4427/4753/4977 4428/4752/4976 4429/4754/4978
f  4431/4756/4980 4337/4651/4895 4226/4520/4805 4286/4590/4854
f  4432/4757/3883 3932/4652/3779 4337/4651/4895 4431/4756/4980
f  4431/4756/4980 4433/4758/4981 3937/4759/3884 4432/4757/3883
f  4286/4590/4854 4287/4592/4856 4433/4758/4981 4431/4756/4980
f  4434/4760/4982 4433/4758/4981 4287/4592/4856 4291/4596/4858
f  4435/4761/3887 3937/4759/3884 4433/4758/4981 4434/4760/4982
f  4434/4760/4982 4437/4762/3889 4436/4763/3888 4435/4761/3887
f  4291/4596/4858 4292/4598/3725 4437/4762/3889 4434/4760/4982
f  4438/4764/4983 4281/4583/4848 4167/4459/4747 4168/4458/4746
f  4341/4657/4897 4280/4584/4849 4281/4583/4848 4438/4764/4983
f  4438/4764/4983 4439/4765/3891 3553/4658/3785 4341/4657/4897
f  4168/4458/4746 3912/4460/3588 4439/4765/3891 4438/4764/4983
f  4440/4766/4984 4306/4613/4870 4299/4605/4864 4441/4767/4985
f  4442/4768/4986 4310/4617/4874 4306/4613/4870 4440/4766/4984
f  4443/4769/4987 4446/4770/4988 4445/4771/4989 4444/4772/4990
f  4447/4773/4991 4444/4772/4990 4445/4771/4989 4448/4774/4992
f  4449/4775/4993 4426/4751/4975 4427/4753/4977 4450/4776/4994
f  4441/4767/4985 4299/4605/4864 4426/4751/4975 4449/4775/4993
f  4451/4777/4995 4447/4773/4991 4448/4774/4992 4452/4778/4996
f  4453/4779/4997 4451/4777/4995 4452/4778/4996 4454/4780/4998
f  4455/4781/4999 4312/4619/4876 4310/4617/4874 4442/4768/4986
f  4312/4619/4876 4455/4781/4999 4456/4782/3908 4315/4623/3751
f  4457/4783/5000 4458/4784/5001 4446/4770/4988 4443/4769/4987
f  4450/4776/4994 4427/4753/4977 4430/4755/4979 4459/4785/5002
f  4453/4779/4997 4454/4780/4998 4461/4786/5003 4460/4787/5004
f  4462/4788/3914 4460/4787/5004 4461/4786/5003 3938/4789/3915
f  4465/4790/5005 4464/4791/5006 4463/4792/5007 4466/4793/5008
f  4468/4794/5009 4467/4795/5010 4464/4791/5006 4465/4790/5005
f  4465/4790/5005 4466/4793/5008 4469/4796/5011 4468/4794/5009
f  4470/4797/5012 4468/4794/5009 4469/4796/5011 4471/4798/5013
f  4472/4799/5014 4467/4795/5010 4468/4794/5009 4470/4797/5012
f  4472/4799/5014 4470/4797/5012 4471/4798/5013 4473/4800/5015
f  4475/4801/5016 4474/4802/5017 4467/4795/5010 4472/4799/5014
f  4477/4803/5018 4476/4804/5019 4474/4802/5017 4475/4801/5016
f  4475/4801/5016 4472/4799/5014 4473/4800/5015 4477/4803/5018
f  4479/4805/5020 4478/4806/5021 4463/4792/5007 4464/4791/5006
f  4474/4802/5017 4476/4804/5019 4478/4806/5021 4479/4805/5020
f  4479/4805/5020 4464/4791/5006 4467/4795/5010 4474/4802/5017
f  4480/4807/5022 4414/4738/4966 4197/4491/4778 4481/4808/5023
f  4482/4809/5024 4413/4736/4964 4414/4738/4966 4480/4807/5022
f  4480/4807/5022 4477/4803/5018 4473/4800/5015 4482/4809/5024
f  4481/4808/5023 4476/4804/5019 4477/4803/5018 4480/4807/5022
f  4483/4810/5025 4411/4735/4963 4413/4736/4964 4482/4809/5024
f  4484/4811/5026 4196/4488/4775 4411/4735/4963 4483/4810/5025
f  4483/4810/5025 4471/4798/5013 4469/4796/5011 4484/4811/5026
f  4471/4798/5013 4483/4810/5025 4482/4809/5024 4473/4800/5015
f  4485/4812/5027 4195/4486/4773 4196/4488/4775 4484/4811/5026
f  4486/4813/5028 4194/4487/4774 4195/4486/4773 4485/4812/5027
f  4485/4812/5027 4466/4793/5008 4463/4792/5007 4486/4813/5028
f  4484/4811/5026 4469/4796/5011 4466/4793/5008 4485/4812/5027
f  4487/4814/5029 4198/4490/4777 4194/4487/4774 4486/4813/5028
f  4481/4808/5023 4197/4491/4778 4198/4490/4777 4487/4814/5029
f  4487/4814/5029 4478/4806/5021 4476/4804/5019 4481/4808/5023
f  4486/4813/5028 4463/4792/5007 4478/4806/5021 4487/4814/5029
f  4194/4487/5030 4489/4815/5031 4488/4816/5030 4193/4485/5032
f  4193/4485/5033 4488/4816/5034 4490/4817/5033 4379/4698/5035
f  4379/4698/5036 4490/4817/5037 4491/4818/5036 4382/4700/5038
f  3535/4819/5039 4382/4700/5040 4491/4818/5039 4492/4820/5041
f  3535/4819/5042 4492/4820/5043 4493/4821/5042 4394/4714/5044
f  4393/4711/5045 4394/4714/5046 4493/4821/5045 4494/4822/5047
f  4201/4493/5048 4393/4711/5049 4494/4822/5048 4495/4823/5050
f  4194/4487/5051 4201/4493/5052 4495/4823/5051 4489/4815/5053
f  4496/4824/5054 4488/4816/5055 4489/4815/5054 4497/4825/5056
f  4498/4826/5057 4490/4817/5058 4488/4816/5057 4496/4824/5059
f  4499/4827/5060 4491/4818/5061 4490/4817/5060 4498/4826/5062
f  4492/4820/5063 4491/4818/5064 4499/4827/5063 4500/4828/5065
f  4501/4829/5066 4493/4821/5067 4492/4820/5066 4500/4828/5068
f  4494/4822/5069 4493/4821/5070 4501/4829/5069 4502/4830/5071
f  4495/4823/5072 4494/4822/5073 4502/4830/5072 4503/4831/5074
f  4489/4815/5075 4495/4823/5076 4503/4831/5075 4497/4825/5077
f  4496/4824/5078 4497/4825/5079 4505/4832/5078 4504/4833/5080
f  4498/4826/5081 4496/4824/5082 4504/4833/5081 4506/4834/5083
f  4499/4827/5084 4498/4826/5085 4506/4834/5084 4507/4835/5086
f  4500/4828/5087 4499/4827/5088 4507/4835/5087 4508/4836/5089
f  4500/4828/5090 4508/4836/5091 4509/4837/5090 4501/4829/5092
f  4501/4829/5093 4509/4837/5094 4510/4838/5093 4502/4830/5095
f  4502/4830/5096 4510/4838/5097 4511/4839/5096 4503/4831/5098
f  4497/4825/5099 4503/4831/5100 4511/4839/5099 4505/4832/5101
f  4512/4840/5102 4515/4841/5103 4514/4842/5102 4513/4843/5104
f  4513/4843/5105 4514/4842/5106 4517/4844/5105 4516/4845/5107
f  4516/4845/5108 4517/4844/5109 4519/4846/5108 4518/4847/5110
f  4520/4848/5111 4518/4847/5112 4519/4846/5111 4521/4849/5113
f  4522/4850/5114 4520/4848/5115 4521/4849/5114 4523/4851/5116
f  4522/4850/5117 4523/4851/5118 4525/4852/5117 4524/4853/5119
f  4526/4854/5120 4524/4853/5121 4525/4852/5120 4527/4855/5122
f  4526/4854/5123 4527/4855/5124 4515/4841/5123 4512/4840/5125
f  4528/4856/5126 4531/4857/5127 4530/4858/5126 4529/4859/5128
f  4529/4859/5129 4530/4858/5130 4533/4860/5129 4532/4861/5131
f  4534/4862/5132 4532/4861/5133 4533/4860/5132 4535/4863/5134
f  4534/4862/5135 4535/4863/5136 4537/4864/5135 4536/4865/5137
f  4538/4866/5138 4536/4865/5139 4537/4864/5138 4539/4867/5140
f  4540/4868/5141 4538/4866/5142 4539/4867/5141 4541/4869/5143
f  4542/4870/5144 4540/4868/5145 4541/4869/5144 4543/4871/5146
f  4542/4870/5147 4543/4871/5148 4531/4857/5147 4528/4856/5149
f  4544/4872/5150 4387/4707/5151 4388/4706/5150 4545/4873/5152
f  4545/4873/5153 4388/4706/5154 4386/4705/5153 4546/4874/5155
f  4546/4874/5156 4386/4705/5157 4383/4704/5156 4547/4875/5158
f  4547/4875/5159 4383/4704/5160 4384/4703/5159 4548/4876/5161
f  4548/4876/5162 4384/4703/5163 4391/4710/5162 4549/4877/5164
f  4549/4877/5165 4391/4710/5166 4389/4708/5165 4550/4878/5167
f  4550/4878/5168 4389/4708/5169 4390/4709/5168 4551/4879/5170
f  4551/4879/5171 4390/4709/5172 4387/4707/5171 4544/4872/5173
f  4545/4873/5174 4530/4858/5175 4531/4857/5174 4544/4872/5176
f  4546/4874/5177 4533/4860/5178 4530/4858/5177 4545/4873/5179
f  4547/4875/5180 4535/4863/5181 4533/4860/5180 4546/4874/5182
f  4548/4876/5183 4537/4864/5184 4535/4863/5183 4547/4875/5185
f  4539/4867/5186 4537/4864/5187 4548/4876/5186 4549/4877/5188
f  4541/4869/5189 4539/4867/5190 4549/4877/5189 4550/4878/5191
f  4543/4871/5192 4541/4869/5193 4550/4878/5192 4551/4879/5194
f  4544/4872/5195 4531/4857/5196 4543/4871/5195 4551/4879/5197
f  4529/4859/5198 4514/4842/5199 4515/4841/5198 4528/4856/5200
f  4532/4861/5201 4517/4844/5202 4514/4842/5201 4529/4859/5203
f  4534/4862/5204 4519/4846/5205 4517/4844/5204 4532/4861/5206
f  4521/4849/5207 4519/4846/5208 4534/4862/5207 4536/4865/5209
f  4523/4851/5210 4521/4849/5211 4536/4865/5210 4538/4866/5212
f  4540/4868/5213 4525/4852/5214 4523/4851/5213 4538/4866/5215
f  4527/4855/5216 4525/4852/5217 4540/4868/5216 4542/4870/5218
f  4528/4856/5219 4515/4841/5220 4527/4855/5219 4542/4870/5221
f  4504/4833/5222 4505/4832/5223 4512/4840/5222 4513/4843/5224
f  4506/4834/5225 4504/4833/5226 4513/4843/5225 4516/4845/5227
f  4507/4835/5228 4506/4834/5229 4516/4845/5228 4518/4847/5230
f  4508/4836/5231 4507/4835/5232 4518/4847/5231 4520/4848/5233
f  4522/4850/5234 4509/4837/5235 4508/4836/5234 4520/4848/5236
f  4524/4853/5237 4510/4838/5238 4509/4837/5237 4522/4850/5239
f  4526/4854/5240 4511/4839/5241 4510/4838/5240 4524/4853/5242
f  4505/4832/5243 4511/4839/5244 4526/4854/5243 4512/4840/5245
f  4142/4426/4721 4553/4880/5246 4552/4881/5247 4141/4427/4722
f  3905/4433/3558 3909/4441/3568 4148/4435/4728 4146/4430/4725
f  3908/4442/3567 3910/4450/3576 4156/4443/4734 4153/4440/4733
f  4303/4609/4867 4304/4611/3739 4320/4628/3757 4317/4625/4879
f  4554/4882/4159 3906/4883/4160 4430/4755/4979 4429/4754/4978
f  3589/4633/3761 4554/4882/4159 4429/4754/4978 4322/4632/4883
f  4555/4884/4161 3946/4885/4162 4458/4784/5001 4457/4783/5000
f  4430/4755/4979 3906/4883/4160 4556/4886/4163 4459/4785/5002
f  4440/4766/4984 4445/4771/4989 4446/4770/4988 4442/4768/4986
f  4448/4774/4992 4445/4771/4989 4440/4766/4984 4441/4767/4985
f  4452/4778/4996 4448/4774/4992 4441/4767/4985 4449/4775/4993
f  4454/4780/4998 4452/4778/4996 4449/4775/4993 4450/4776/4994
f  4442/4768/4986 4446/4770/4988 4458/4784/5001 4455/4781/4999
f  4459/4785/5002 4461/4786/5003 4454/4780/4998 4450/4776/4994
f  3938/4789/3915 4461/4786/5003 4459/4785/5002 4556/4886/4163
f  4455/4781/4999 4458/4784/5001 3946/4885/4162 4456/4782/3908
f  4558/4887/5248 4557/4888/5249 4560/4889/5248 4559/4890/5250
f  4444/4772/5251 4562/4891/5252 4561/4892/5251 4443/4769/5253
f  4443/4769/5254 4561/4892/5255 4563/4893/5254 4457/4783/5256
f  4457/4783/5257 4563/4893/5258 3986/4894/5257 4555/4884/5259
f  4460/4787/5260 4462/4788/5261 4565/4895/5260 4564/4896/5262
f  4453/4779/5263 4460/4787/5264 4564/4896/5263 4566/4897/5265
f  4451/4777/5266 4453/4779/5267 4566/4897/5266 4567/4898/5268
f  4447/4773/5269 4451/4777/5270 4567/4898/5269 4568/4899/5271
f  4447/4773/5272 4568/4899/5273 4562/4891/5272 4444/4772/5274
f  4570/4900/5275 4569/4901/5276 4572/4902/5275 4571/4903/5277
f  4574/4904/5278 4573/4905/5279 4569/4901/5278 4570/4900/5280
f  4576/4906/5281 4575/4907/5282 4573/4905/5281 4574/4904/5283
f  4577/4908/5284 4580/4909/5285 4579/4910/5284 4578/4911/5286
f  4581/4912/5287 4577/4908/5288 4578/4911/5287 4582/4913/5289
f  4583/4914/5290 4581/4912/5291 4582/4913/5290 4584/4915/5292
f  4585/4916/5293 4583/4914/5294 4584/4915/5293 4586/4917/5295
f  4572/4902/5296 4585/4916/5297 4586/4917/5296 4571/4903/5298
f  4569/4901/5299 4587/4918/5300 4588/4919/5299 4572/4902/5301
f  4589/4920/5302 4587/4918/5303 4569/4901/5302 4573/4905/5304
f  4590/4921/5305 4589/4920/5306 4573/4905/5305 4575/4907/5307
f  4591/4922/5308 4592/4923/5309 4580/4909/5308 4577/4908/5310
f  4593/4924/5311 4591/4922/5312 4577/4908/5311 4581/4912/5313
f  4594/4925/5314 4593/4924/5315 4581/4912/5314 4583/4914/5316
f  4585/4916/5317 4595/4926/5318 4594/4925/5317 4583/4914/5319
f  4572/4902/5320 4588/4919/5321 4595/4926/5320 4585/4916/5322
f  4596/4927/5323 4570/4900/5324 4571/4903/5323 4597/4928/5325
f  4598/4929/5326 4574/4904/5327 4570/4900/5326 4596/4927/5328
f  3980/4930/5329 4576/4906/5330 4574/4904/5329 4598/4929/5331
f  4578/4911/5332 4579/4910/5333 4600/4931/5332 4599/4932/5334
f  4582/4913/5335 4578/4911/5336 4599/4932/5335 4601/4933/5337
f  4584/4915/5338 4582/4913/5339 4601/4933/5338 4602/4934/5340
f  4586/4917/5341 4584/4915/5342 4602/4934/5341 4603/4935/5343
f  4571/4903/5344 4586/4917/5345 4603/4935/5344 4597/4928/5346
f  4560/4889/5347 4557/4888/5348 4596/4927/5347 4597/4928/5349
f  4557/4888/5350 4604/4936/5351 4598/4929/5350 4596/4927/5352
f  4604/4936/5353 4605/4240/5354 3980/4930/5353 4598/4929/5355
f  4607/4937/5356 4606/4938/5357 4599/4932/5356 4600/4931/5358
f  4606/4938/5359 4608/4939/5360 4601/4933/5359 4599/4932/5361
f  4608/4939/5362 4609/4940/5363 4602/4934/5362 4601/4933/5364
f  4609/4940/5365 4559/4890/5366 4603/4935/5365 4602/4934/5367
f  4559/4890/5368 4560/4889/5369 4597/4928/5368 4603/4935/5370
f  4604/4936/5371 4610/4941/5372 3983/4245/5371 4605/4240/5373
f  4557/4888/5374 4558/4887/5375 4610/4941/5374 4604/4936/5376
f  3983/4245/5377 4610/4941/5378 4606/4938/5377 4607/4937/5379
f  4610/4941/5380 4558/4887/5381 4608/4939/5380 4606/4938/5382
f  4558/4887/5383 4559/4890/5384 4609/4940/5383 4608/4939/5385
f  4587/4918/5386 4561/4942/5387 4562/4943/5386 4588/4919/5388
f  4589/4920/5389 4563/4944/5390 4561/4942/5389 4587/4918/5391
f  3986/4945/5392 4563/4944/5393 4589/4920/5392 4590/4921/5394
f  4564/4946/5395 4565/4947/5396 4592/4923/5395 4591/4922/5397
f  4566/4948/5398 4564/4946/5399 4591/4922/5398 4593/4924/5400
f  4567/4949/5401 4566/4948/5402 4593/4924/5401 4594/4925/5403
f  4595/4926/5404 4568/4950/5405 4567/4949/5404 4594/4925/5406
f  4588/4919/5407 4562/4943/5408 4568/4950/5407 4595/4926/5409
f  4612/4951/5410 4611/4952/5411 4149/4436/4729 4150/4439/4732
f  4154/4445/4736 4613/4953/5412 4148/4435/4728 4153/4440/4733
f  4155/4444/4735 4156/4443/4734 4159/4448/4739
f  4148/4435/4728 4613/4953/5412 4147/4434/4727
f  4147/4954/5413 4615/4955/5414 4614/4956/5413 4413/4957/5415
f  4413/4957/5416 4614/4956/5417 4616/4958/5416 4159/4959/5418
f  4159/4959/5419 4616/4958/5420 4617/4960/5419 4155/4961/5421
f  4155/4961/5422 4617/4960/5423 4618/4962/5422 4154/4963/5424
f  4154/4963/5425 4618/4962/5426 4619/4964/5425 4613/4965/5427
f  4613/4965/5428 4619/4964/5429 4615/4966/5428 4147/4967/5430
f  4615/4955/5431 4621/4968/5432 4620/4969/5431 4614/4956/5433
f  4614/4956/5434 4620/4969/5435 4622/4970/5434 4616/4958/5436
f  4616/4958/5437 4622/4970/5438 4623/4971/5437 4617/4960/5439
f  4618/4962/5440 4617/4960/5441 4623/4971/5440 4624/4972/5442
f  4619/4964/5443 4618/4962/5444 4624/4972/5443 4625/4973/5445
f  4615/4966/5446 4619/4964/5447 4625/4973/5446 4621/4974/5448
f  4620/4969/5449 4621/4968/5450 4627/4975/5449 4626/4976/5451
f  4628/4977/5452 4622/4970/5453 4620/4969/5452 4626/4976/5454
f  4629/4978/5455 4623/4971/5456 4622/4970/5455 4628/4977/5457
f  4630/4979/5458 4624/4972/5459 4623/4971/5458 4629/4978/5460
f  4625/4973/5461 4624/4972/5462 4630/4979/5461 4631/4980/5463
f  4621/4974/5464 4625/4973/5465 4631/4980/5464 4627/4981/5466
f  4626/4976/5467 4627/4975/5468 4633/4982/5467 4632/4983/5469
f  4634/4984/5470 4628/4977/5471 4626/4976/5470 4632/4983/5472
f  4635/4985/5473 4629/4978/5474 4628/4977/5473 4634/4984/5475
f  4636/4986/5476 4630/4979/5477 4629/4978/5476 4635/4985/5478
f  4631/4980/5479 4630/4979/5480 4636/4986/5479 4637/4987/5481
f  4627/4981/5482 4631/4980/5483 4637/4987/5482 4633/4988/5484
f  4632/4983/5485 4633/4982/5486 4639/4989/5485 4638/4990/5487
f  4640/4991/5488 4634/4984/5489 4632/4983/5488 4638/4990/5490
f  4641/4992/5491 4635/4985/5492 4634/4984/5491 4640/4991/5493
f  4642/4993/5494 4636/4986/5495 4635/4985/5494 4641/4992/5496
f  4637/4987/5497 4636/4986/5498 4642/4993/5497 4643/4994/5499
f  4633/4988/5500 4637/4987/5501 4643/4994/5500 4639/4995/5502
f  4639/4996/5503 4152/4437/5504 4149/4436/5503 4638/4997/5505
f  4638/4997/5506 4149/4436/5507 4611/4952/5506 4640/4991/5508
f  4640/4991/5509 4611/4952/5510 4612/4951/5509 4641/4992/5511
f  4641/4992/5512 4612/4951/5513 4150/4439/5512 4642/4998/5514
f  4642/4998/5515 4150/4439/5516 4151/4438/5515 4643/4999/5517
f  4643/4999/5518 4151/4438/5519 4152/4437/5518 4639/4996/5520
f  3560/4640/5521 4645/5000/5522 4644/5001/5521 4135/4422/5523
f  4135/4422/5524 4644/5001/5525 4646/5002/5524 4138/4423/5526
f  4138/4423/5527 4646/5002/5528 4647/5003/5527 4140/4424/5529
f  4140/4424/5530 4647/5003/5531 4648/5004/5530 4144/4429/5532
f  4144/4429/5533 4648/5004/5534 4649/5005/5533 3904/4432/5535
f  3904/4432/5536 4649/5005/5537 4650/5006/5536 3907/5007/5538
f  3907/5007/5539 4650/5006/5540 4652/5008/5539 4651/5009/5541
f  4651/5009/5542 4652/5008/5543 4645/5000/5542 3560/4640/5544
f  4644/5010/5545 4645/5011/5546 4654/5012/5545 4653/5013/5547
f  4644/5010/5548 4653/5013/5549 4655/5014/5548 4646/5015/5550
f  4646/5015/5551 4655/5014/5552 4656/5016/5551 4647/5017/5553
f  4647/5017/5554 4656/5016/5555 4657/5018/5554 4648/5019/5556
f  4648/5019/5557 4657/5018/5558 4658/5020/5557 4649/5021/5559
f  4650/5022/5560 4649/5021/5561 4658/5020/5560 4659/5023/5562
f  4652/5024/5563 4650/5022/5564 4659/5023/5563 4660/5025/5565
f  4645/5026/5566 4652/5024/5567 4660/5025/5566 4654/5027/5568
f  4662/5028/5569 4661/5029/5570 4664/5030/5569 4663/5031/5571
f  4666/5032/5572 4665/5033/5573 4661/5029/5572 4662/5028/5574
f  4668/5034/5575 4667/5035/5576 4665/5033/5575 4666/5032/5577
f  4670/5036/5578 4669/5037/5579 4667/5035/5578 4668/5034/5580
f  4672/5038/5581 4671/5039/5582 4669/5037/5581 4670/5036/5583
f  4673/5040/5584 4671/5039/5585 4672/5038/5584 4674/5041/5586
f  4675/5042/5587 4673/5040/5588 4674/5041/5587 4676/5043/5589
f  4664/5044/5590 4675/5042/5591 4676/5043/5590 4663/5045/5592
f  4132/4417/5593 4662/5028/5594 4663/5031/5593 4131/4418/5595
f  4133/4416/5596 4666/5032/5597 4662/5028/5596 4132/4417/5598
f  4141/4427/5599 4668/5034/5600 4666/5032/5599 4133/4416/5601
f  4552/4881/5602 4670/5036/5603 4668/5034/5602 4141/4427/5604
f  4553/4880/5605 4672/5038/5606 4670/5036/5605 4552/4881/5607
f  4674/5041/5608 4672/5038/5609 4553/4880/5608 4142/5046/5610
f  4676/5043/5611 4674/5041/5612 4142/5046/5611 4134/5047/5613
f  4663/5045/5614 4676/5043/5615 4134/5047/5614 4131/5048/5616
f  4661/5029/5617 4677/5049/5618 4678/5050/5617 4664/5030/5619
f  4665/5033/5620 4679/5051/5621 4677/5049/5620 4661/5029/5622
f  4667/5035/5623 4680/5052/5624 4679/5051/5623 4665/5033/5625
f  4669/5037/5626 4681/5053/5627 4680/5052/5626 4667/5035/5628
f  4671/5039/5629 4682/5054/5630 4681/5053/5629 4669/5037/5631
f  4683/5055/5632 4682/5054/5633 4671/5039/5632 4673/5040/5634
f  4684/5056/5635 4683/5055/5636 4673/5040/5635 4675/5042/5637
f  4678/5057/5638 4684/5056/5639 4675/5042/5638 4664/5044/5640
f  4677/5049/5641 4653/5013/5642 4654/5012/5641 4678/5050/5643
f  4679/5051/5644 4655/5014/5645 4653/5013/5644 4677/5049/5646
f  4680/5052/5647 4656/5016/5648 4655/5014/5647 4679/5051/5649
f  4681/5053/5650 4657/5018/5651 4656/5016/5650 4680/5052/5652
f  4682/5054/5653 4658/5020/5654 4657/5018/5653 4681/5053/5655
f  4659/5023/5656 4658/5020/5657 4682/5054/5656 4683/5055/5658
f  4660/5025/5659 4659/5023/5660 4683/5055/5659 4684/5056/5661
f  4654/5027/5662 4660/5025/5663 4684/5056/5662 4678/5057/5664
f  4145/4431/5665 4686/5058/5666 4685/5059/5665 4143/4428/5667
f  4143/4428/5668 4685/5059/5669 4687/5060/5668 4401/4721/5670
f  4401/4721/5671 4687/5060/5672 4688/5061/5671 4186/4478/5673
f  4186/4478/5674 4688/5061/5675 4689/5062/5674 4190/4482/5676
f  4190/4482/5677 4689/5062/5678 4690/5063/5677 4192/4484/5679
f  4192/4484/5680 4690/5063/5681 4691/5064/5680 4412/4734/5682
f  4412/4734/5683 4691/5064/5684 4692/5065/5683 4147/4434/5685
f  4147/4434/5686 4692/5065/5687 4686/5058/5686 4145/4431/5688
f  4686/5066/5689 4694/5067/5690 4693/5068/5689 4685/5069/5691
f  4685/5069/5692 4693/5068/5693 4695/5070/5692 4687/5071/5694
f  4687/5071/5695 4695/5070/5696 4696/5072/5695 4688/5073/5697
f  4688/5073/5698 4696/5072/5699 4697/5074/5698 4689/5075/5700
f  4689/5075/5701 4697/5074/5702 4698/5076/5701 4690/5077/5703
f  4690/5077/5704 4698/5076/5705 4699/5078/5704 4691/5079/5706
f  4691/5079/5707 4699/5078/5708 4700/5080/5707 4692/5081/5709
f  4692/5081/5710 4700/5080/5711 4694/5082/5710 4686/5083/5712
f  4693/5068/5713 4694/5067/5714 4702/5084/5713 4701/5085/5715
f  4695/5070/5716 4693/5068/5717 4701/5085/5716 4703/5086/5718
f  4696/5072/5719 4695/5070/5720 4703/5086/5719 4704/5087/5721
f  4697/5074/5722 4696/5072/5723 4704/5087/5722 4705/5088/5724
f  4697/5074/5725 4705/5088/5726 4706/5089/5725 4698/5076/5727
f  4698/5076/5728 4706/5089/5729 4707/5090/5728 4699/5078/5730
f  4699/5078/5731 4707/5090/5732 4708/5091/5731 4700/5080/5733
f  4694/5082/5734 4700/5080/5735 4708/5091/5734 4702/5092/5736
f  4407/4726/5737 4709/5093/5737 4406/4727/5737
f  4709/5094/5738 4409/4731/5738 4406/4730/5738
f  4710/5095/5739 4405/4725/5739 4402/4724/5739
f  4410/4732/5740 4710/5095/5740 4402/4733/5740
f  4711/5096/5741 4712/5097/5742 4709/5093/5741 4407/4726/5743
f  4713/5098/5744 4711/5096/5745 4407/4726/5744 4404/4722/5746
f  4714/5099/5747 4713/5098/5748 4404/4722/5747 4405/4725/5749
f  4710/5095/5750 4715/5100/5751 4714/5099/5750 4405/4725/5752
f  4716/5101/5753 4715/5100/5754 4710/5095/5753 4410/4732/5755
f  4408/4728/5756 4717/5102/5757 4716/5101/5756 4410/4732/5758
f  4409/4731/5759 4718/5103/5760 4717/5102/5759 4408/4728/5761
f  4709/5094/5762 4712/5104/5763 4718/5103/5762 4409/4731/5764
f  4701/5085/5765 4702/5084/5766 4712/5097/5765 4711/5096/5767
f  4703/5086/5768 4701/5085/5769 4711/5096/5768 4713/5098/5770
f  4704/5087/5771 4703/5086/5772 4713/5098/5771 4714/5099/5773
f  4715/5100/5774 4705/5088/5775 4704/5087/5774 4714/5099/5776
f  4706/5089/5777 4705/5088/5778 4715/5100/5777 4716/5101/5779
f  4717/5102/5780 4707/5090/5781 4706/5089/5780 4716/5101/5782
f  4718/5103/5783 4708/5091/5784 4707/5090/5783 4717/5102/5785
f  4712/5104/5786 4702/5092/5787 4708/5091/5786 4718/5103/5788
