# 3ds Max Wavefront OBJ Exporter v0.97b - (c)2007 guruware
# File Created: 07.11.2016 21:37:01

mtllib Protomelas Spilonotus.mtl

#
# object Protomelas_Spilonotus
#

v  -0.0000 3.2354 4.8853
v  -0.0000 3.5501 4.9682
v  -0.0003 3.5454 4.9511
v  -0.0003 3.2342 4.8686
v  -0.0000 3.8334 5.0089
v  -0.0004 3.8243 4.9926
v  -0.0006 3.7690 4.9516
v  -0.0007 3.5536 4.9104
v  -0.0007 3.2360 4.8245
v  0.0000 3.7212 -3.6520
v  0.0000 3.6198 -3.8396
v  -0.1844 3.6003 -3.8279
v  -0.1900 3.6979 -3.6407
v  0.0000 3.5077 -4.0357
v  -0.1771 3.4926 -4.0224
v  -0.3209 3.4545 -3.9918
v  -0.3344 3.5467 -3.8073
v  -0.3735 3.6049 -3.5979
v  0.0000 3.3891 -4.2143
v  -0.1693 3.3770 -4.1973
v  0.0000 3.2661 -4.3771
v  -0.1600 3.2552 -4.3584
v  -0.3147 3.2043 -4.3036
v  -0.3080 3.3478 -4.1538
v  0.0000 2.7238 -4.9855
v  0.0000 2.6818 -4.9495
v  -0.1142 2.6773 -4.9454
v  -0.1022 2.7160 -4.9782
v  0.0000 2.6303 -4.8707
v  -0.1306 2.6291 -4.8697
v  -0.2330 2.6349 -4.8594
v  -0.2037 2.6802 -4.9287
v  -0.1685 2.7100 -4.9510
v  0.0000 2.5568 -4.7639
v  -0.1436 2.5568 -4.7639
v  0.0000 2.4989 -4.7155
v  -0.1427 2.4989 -4.7143
v  -0.2738 2.4816 -4.6834
v  -0.2558 2.5613 -4.7554
v  0.0000 1.8774 -3.9753
v  0.0000 1.7910 -3.7475
v  -0.1712 1.8285 -3.7514
v  -0.1569 1.9091 -3.9769
v  0.0000 1.7068 -3.5369
v  -0.1819 1.7491 -3.5423
v  -0.3375 1.8645 -3.5546
v  -0.3191 1.9291 -3.7590
v  -0.2940 1.9934 -3.9786
v  0.0000 1.6328 -3.3799
v  -0.1884 1.6769 -3.3853
v  0.0000 1.5738 -3.2475
v  -0.1926 1.6188 -3.2519
v  -0.3561 1.7524 -3.2634
v  -0.3487 1.8028 -3.3986
v  -0.0000 2.6942 4.7136
v  -0.0000 2.9575 4.7758
v  -0.0003 2.9575 4.7592
v  -0.0003 2.6939 4.6968
v  -0.0007 2.9568 4.7177
v  -0.0007 2.6921 4.6583
v  -0.5758 3.1310 -3.5390
v  -0.5523 3.2162 -3.5983
v  -0.5617 3.1837 -3.6288
v  -0.5796 3.1132 -3.5798
v  -0.5245 3.2741 -3.6846
v  -0.5399 3.2314 -3.7002
v  -0.5536 3.1801 -3.7180
v  -0.5687 3.1471 -3.6619
v  -0.5808 3.0915 -3.6279
v  -0.5013 3.2929 -3.7862
v  -0.5211 3.2469 -3.7843
v  -0.4847 3.2731 -3.8867
v  -0.5074 3.2305 -3.8676
v  -0.5294 3.1791 -3.8440
v  -0.5391 3.1954 -3.7812
v  -0.4770 3.2151 -3.9698
v  -0.5006 3.1824 -3.9367
v  -0.4813 3.1300 -4.0254
v  -0.5033 3.1118 -3.9830
v  -0.5255 3.0894 -3.9318
v  -0.5230 3.1453 -3.8992
v  -0.5011 3.0287 -4.0433
v  -0.5180 3.0279 -3.9978
v  -0.5245 2.9275 -4.0229
v  -0.5357 2.9441 -3.9810
v  -0.5466 2.9633 -3.9306
v  -0.5340 3.0262 -3.9470
v  -0.5396 2.8425 -3.9636
v  -0.5475 2.8738 -3.9320
v  -0.5512 2.7850 -3.8774
v  -0.5568 2.8263 -3.8607
v  -0.5619 2.8748 -3.8405
v  -0.5545 2.9078 -3.8966
v  -0.5640 2.7665 -3.7765
v  -0.5672 2.8110 -3.7771
v  -0.5756 2.7865 -3.6764
v  -0.5768 2.8275 -3.6940
v  -0.5770 2.8759 -3.7146
v  -0.5696 2.8596 -3.7774
v  -0.5838 2.8445 -3.5927
v  -0.5836 2.8756 -3.6246
v  -0.5877 2.9293 -3.5364
v  -0.5871 2.9461 -3.5778
v  -0.5849 2.9656 -3.6266
v  -0.5823 2.9097 -3.6593
v  -0.5863 3.0301 -3.5184
v  -0.5869 3.0296 -3.5629
v  -0.5857 3.0287 -3.6114
v  -0.5721 3.1079 -3.6994
v  -0.5791 3.0655 -3.6882
v  -0.5638 3.1183 -3.7420
v  -0.5719 3.0270 -3.7788
v  -0.5527 3.1404 -3.7799
v  -0.5494 3.1176 -3.8173
v  -0.5417 3.1065 -3.8598
v  -0.5469 3.0639 -3.8701
v  -0.5484 3.0260 -3.8923
v  -0.5583 2.9885 -3.8695
v  -0.5615 2.9461 -3.8583
v  -0.5675 2.9357 -3.8157
v  -0.5717 2.9136 -3.7778
v  -0.5765 2.9364 -3.7403
v  -0.5802 2.9475 -3.6979
v  -0.5813 2.9902 -3.6876
v  -0.5828 3.0280 -3.6654
v  -0.4862 3.3631 -3.6500
v  -0.5270 3.2824 -3.5378
v  -0.5055 3.3498 -3.5065
v  -0.4486 3.4589 -3.6347
v  -0.5636 3.1631 -3.4615
v  -0.5597 3.1890 -3.4209
v  -0.5598 3.2208 -3.3578
v  -0.4883 3.4250 -3.4503
v  -0.5815 3.0288 -3.4352
v  -0.5845 3.0289 -3.3915
v  -0.5858 2.8973 -3.4591
v  -0.5897 2.8807 -3.4183
v  -0.5937 2.8188 -3.3452
v  -0.5914 3.0361 -3.3236
v  -0.5817 2.7861 -3.5331
v  -0.5849 2.7554 -3.5019
v  -0.5710 2.7100 -3.6429
v  -0.5722 2.6696 -3.6257
v  -0.5671 2.5911 -3.6097
v  -0.5810 2.6716 -3.4737
v  -0.5554 2.6838 -3.7740
v  -0.5538 2.6401 -3.7734
v  -0.5375 2.7077 -3.9055
v  -0.5323 2.6669 -3.9216
v  -0.5170 2.5892 -3.9724
v  -0.5465 2.5641 -3.7731
v  -0.5200 2.7819 -4.0170
v  -0.5107 2.7505 -4.0469
v  -0.4969 2.8926 -4.0950
v  -0.4802 2.8767 -4.1395
v  -0.4575 2.8565 -4.2207
v  -0.4931 2.7194 -4.1170
v  -0.4624 3.0256 -4.1264
v  -0.4325 3.0316 -4.1897
v  -0.4332 3.1586 -4.1068
v  -0.3926 3.1854 -4.1796
v  -0.3991 3.0195 -4.2870
v  -0.4264 3.2693 -4.0317
v  -0.3856 3.3084 -4.0914
v  -0.4359 3.3471 -3.9184
v  -0.3979 3.4009 -3.9530
v  -0.4559 3.3815 -3.7840
v  -0.4158 3.4635 -3.7922
v  -0.1521 2.4902 -4.8981
v  -0.0884 2.5024 -4.9350
v  -0.0786 2.4845 -4.9899
v  -0.1565 2.4746 -4.9346
v  0.0000 2.5027 -4.9438
v  0.0000 2.4854 -5.0003
v  0.0000 2.4513 -5.0088
v  -0.0744 2.4508 -4.9984
v  -0.1479 2.4381 -4.9434
v  -0.0003 2.4221 4.7551
v  -0.0000 2.4233 4.7722
v  -0.0007 2.4179 4.7146
v  -0.0007 2.1590 4.8117
v  -0.0003 2.1661 4.8531
v  -0.0000 2.1670 4.8701
v  -0.5595 2.4832 -3.4533
v  -0.5697 2.5317 -3.3192
v  -0.5461 2.4386 -3.5970
v  -0.5053 2.2445 -3.5847
v  -0.5177 2.2430 -3.4358
v  -0.5265 2.2457 -3.2998
v  -0.5257 2.4262 -3.7731
v  -0.4956 2.4253 -3.9644
v  -0.4561 2.2694 -3.9725
v  -0.4855 2.2553 -3.7713
v  -0.1485 3.1286 -4.5115
v  -0.2774 3.0755 -4.4776
v  0.0000 3.1409 -4.5259
v  0.0000 3.0347 -4.6477
v  -0.1376 3.0209 -4.6386
v  -0.2570 2.9771 -4.6141
v  -0.1397 1.9848 -4.1832
v  0.0000 1.9584 -4.1838
v  -0.2628 2.0541 -4.1803
v  -0.2345 2.1019 -4.3361
v  -0.1241 2.0434 -4.3415
v  0.0000 2.0207 -4.3432
v  -0.3913 2.1194 -3.9772
v  -0.3530 2.1565 -4.1737
v  -0.4149 2.2806 -4.1646
v  -0.3763 2.2893 -4.3166
v  -0.3177 2.1863 -4.3271
v  -0.4584 2.6902 -4.2640
v  -0.4679 2.5537 -4.1759
v  -0.4249 2.8265 -4.3670
v  -0.3926 2.7963 -4.5158
v  -0.4216 2.6663 -4.4164
v  -0.4281 2.5294 -4.3299
v  -0.3670 2.9648 -4.4339
v  -0.3398 2.9011 -4.5775
v  0.0000 2.4094 -4.9965
v  -0.0627 2.4123 -4.9869
v  0.0000 2.3508 -4.9458
v  -0.0558 2.3583 -4.9377
v  -0.1021 2.3584 -4.9056
v  -0.1238 2.4002 -4.9362
v  -0.0007 1.9401 4.8744
v  -0.0003 1.9496 4.9097
v  -0.0006 1.8085 4.9022
v  -0.0004 1.7763 4.9331
v  -0.0000 1.7686 4.9482
v  -0.0000 1.9474 4.9256
v  -0.4405 2.0414 -3.5696
v  -0.4530 2.0038 -3.4165
v  -0.4613 1.9736 -3.2803
v  -0.4202 2.0805 -3.7661
v  -0.4533 2.4151 -4.1540
v  -0.4131 2.4037 -4.3071
v  -0.1930 3.7831 -3.4875
v  0.0000 3.8078 -3.4990
v  -0.3629 3.6845 -3.4404
v  -0.3665 3.7569 -3.3021
v  -0.1947 3.8625 -3.3482
v  0.0000 3.8882 -3.3598
v  -0.4867 3.4872 -3.3450
v  -0.5657 3.2562 -3.2515
v  -0.5737 3.2943 -3.1179
v  -0.4925 3.5430 -3.2103
v  -0.6011 3.0565 -3.2101
v  -0.6027 2.8392 -3.1928
v  -0.6132 2.8592 -3.0448
v  -0.6108 3.0841 -3.0701
v  -0.5803 2.5554 -3.1721
v  -0.5354 2.2472 -3.1514
v  -0.5432 2.2480 -2.9993
v  -0.5898 2.5662 -3.0201
v  -0.4694 1.9567 -3.1343
v  -0.3629 1.7221 -3.1215
v  -0.3680 1.7040 -2.9778
v  -0.4760 1.9473 -2.9857
v  -0.1965 1.5816 -3.1136
v  0.0000 1.5327 -3.1109
v  0.0000 1.5051 -2.9730
v  -0.1992 1.5580 -2.9739
v  -0.1301 2.9553 -4.7215
v  -0.2429 2.9186 -4.6995
v  0.0000 2.9687 -4.7295
v  0.0000 2.9255 -4.7830
v  -0.1240 2.9134 -4.7744
v  -0.2315 2.8815 -4.7516
v  -0.1148 2.0729 -4.4228
v  0.0000 2.0513 -4.4240
v  -0.2179 2.1272 -4.4179
v  -0.2073 2.1410 -4.4611
v  -0.1087 2.0880 -4.4648
v  0.0000 2.0666 -4.4652
v  -0.2978 2.2034 -4.4084
v  -0.3549 2.2960 -4.3974
v  -0.3416 2.3020 -4.4407
v  -0.2855 2.2142 -4.4517
v  -0.3896 2.3993 -4.3886
v  -0.4033 2.5166 -4.4132
v  -0.3853 2.5101 -4.4585
v  -0.3739 2.3990 -4.4322
v  -0.3977 2.6514 -4.5029
v  -0.3709 2.7757 -4.6045
v  -0.3533 2.7583 -4.6565
v  -0.3791 2.6400 -4.5516
v  -0.3212 2.8617 -4.6653
v  -0.3060 2.8343 -4.7177
v  -0.1170 2.4940 -4.8072
v  -0.2045 2.4827 -4.8030
v  0.0000 2.4940 -4.8122
v  0.0000 2.1889 -4.7285
v  -0.0808 2.2042 -4.7241
v  -0.0657 2.2783 -4.8332
v  0.0000 2.2665 -4.8394
v  -0.1575 2.2435 -4.7145
v  -0.1276 2.3088 -4.8243
v  -0.2262 2.3001 -4.7035
v  -0.1816 2.3526 -4.8222
v  -0.2752 2.3633 -4.6923
v  -0.2195 2.4019 -4.8199
v  -0.2930 2.4223 -4.6823
v  -0.2329 2.4486 -4.8104
v  -0.0008 5.2423 -0.6665
v  -0.0008 5.2499 -0.4175
v  -0.0005 5.2885 -0.4051
v  -0.0005 5.2795 -0.6544
v  -0.0008 5.2448 -0.1427
v  -0.0005 5.2846 -0.1277
v  -0.0000 5.2932 -0.1243
v  -0.0000 5.2973 -0.4019
v  -0.0000 5.2882 -0.6509
v  -0.5186 3.5432 -0.8506
v  -0.5000 3.5259 -0.6217
v  -0.4234 3.8227 -0.6728
v  -0.4399 3.8455 -0.9055
v  -0.4803 3.5040 -0.3974
v  -0.4061 3.7935 -0.4421
v  -0.2980 4.0288 -0.4831
v  -0.3112 4.0648 -0.7190
v  -0.3239 4.0927 -0.9547
v  -0.5569 2.9710 -0.7921
v  -0.5372 2.9607 -0.5688
v  -0.5349 3.2500 -0.5899
v  -0.5545 3.2640 -0.8155
v  -0.5164 2.9484 -0.3521
v  -0.5141 3.2326 -0.3698
v  -0.4913 2.2696 -0.7567
v  -0.4734 2.2732 -0.5347
v  -0.5159 2.6241 -0.5498
v  -0.5349 2.6272 -0.7720
v  -0.4545 2.2773 -0.3257
v  -0.4957 2.6204 -0.3367
v  -0.3301 1.6621 -0.7428
v  -0.3171 1.6686 -0.5198
v  -0.4125 1.9413 -0.5252
v  -0.4287 1.9356 -0.7476
v  -0.3037 1.6762 -0.3200
v  -0.3956 1.9480 -0.3208
v  0.0000 1.4228 -0.7397
v  0.0000 1.4338 -0.5165
v  -0.1712 1.4955 -0.5171
v  -0.1783 1.4863 -0.7404
v  0.0000 1.4459 -0.3224
v  -0.1638 1.5058 -0.3213
v  -0.0006 5.2196 3.1175
v  -0.0007 5.2212 3.1710
v  -0.0004 5.2462 3.2254
v  -0.0004 5.2361 3.1508
v  -0.0007 5.2076 3.1910
v  -0.0004 5.2391 3.2470
v  -0.0000 5.2434 3.2548
v  -0.0000 5.2512 3.2302
v  -0.0000 5.2415 3.1517
v  0.0000 5.2406 -1.5465
v  0.0000 5.1883 -1.7735
v  -0.0005 5.1797 -1.7767
v  -0.0005 5.2322 -1.5499
v  0.0000 5.1231 -1.9823
v  -0.0005 5.1154 -1.9846
v  -0.0008 5.0810 -1.9963
v  -0.0008 5.1426 -1.7886
v  -0.0008 5.1945 -1.5632
v  -0.2975 3.2238 1.1948
v  -0.2785 3.1835 1.3479
v  -0.2339 3.3419 1.3584
v  -0.2498 3.3976 1.2013
v  -0.2615 3.1455 1.4813
v  -0.2197 3.2885 1.4944
v  -0.1605 3.3899 1.5032
v  -0.1705 3.4560 1.3654
v  -0.1820 3.5248 1.2055
v  -0.3602 4.1344 -1.8207
v  -0.3669 4.1263 -2.0147
v  -0.4950 3.8646 -1.9242
v  -0.4871 3.8736 -1.7447
v  -0.3725 4.1117 -2.2078
v  -0.5014 3.8499 -2.1014
v  -0.5866 3.5355 -1.9867
v  -0.5802 3.5493 -1.8258
v  -0.5720 3.5584 -1.6606
v  -0.3203 2.8144 1.1743
v  -0.3006 2.7984 1.3170
v  -0.2989 2.9955 1.3335
v  -0.3189 3.0237 1.1858
v  -0.2831 2.7843 1.4422
v  -0.2810 2.9698 1.4628
v  -0.6191 3.2688 -1.7688
v  -0.6108 3.2763 -1.6080
v  -0.6253 3.2581 -1.9238
v  -0.6295 2.9430 -1.9038
v  -0.6212 2.9761 -1.7391
v  -0.6132 2.9815 -1.5768
v  -0.2825 2.4154 1.1469
v  -0.2656 2.4307 1.2836
v  -0.2893 2.6126 1.3000
v  -0.3081 2.6133 1.1606
v  -0.2510 2.4427 1.4029
v  -0.2728 2.6116 1.4224
v  -0.5962 2.6241 -1.7223
v  -0.5892 2.6280 -1.5573
v  -0.5989 2.5865 -1.8641
v  -0.5537 2.2508 -1.8610
v  -0.5474 2.2555 -1.7172
v  -0.5417 2.2589 -1.5492
v  -0.1862 2.0495 1.1281
v  -0.1764 2.0894 1.2588
v  -0.2301 2.2453 1.2691
v  -0.2439 2.2162 1.1355
v  -0.1684 2.1209 1.3683
v  -0.2184 2.2683 1.3835
v  -0.4779 1.9132 -1.7221
v  -0.4737 1.9171 -1.5527
v  -0.4892 1.9375 -1.8659
v  -0.4002 1.6509 -1.9040
v  -0.3842 1.6476 -1.7428
v  -0.3571 1.6125 -1.5777
v  -0.0000 0.7506 3.1488
v  -0.0000 0.8511 3.0854
v  -0.0002 0.8516 3.0833
v  -0.0002 0.7516 3.1465
v  -0.0000 0.9534 3.0230
v  -0.0002 0.9533 3.0211
v  -0.0003 0.9850 2.9888
v  -0.0003 0.8888 3.0407
v  -0.0003 0.7938 3.0937
v  0.0000 4.1551 -2.8399
v  0.0000 4.1081 -2.9456
v  -0.1991 4.0793 -2.9346
v  -0.1996 4.1284 -2.8276
v  0.0000 4.0469 -3.0720
v  -0.1981 4.0170 -3.0612
v  -0.3729 3.8963 -3.0154
v  -0.3748 3.9566 -2.8868
v  -0.3759 4.0063 -2.7752
v  -0.5040 3.7039 -2.7880
v  -0.5058 3.7470 -2.6668
v  -0.5012 3.6539 -2.9214
v  -0.5841 3.3741 -2.8256
v  -0.5874 3.4114 -2.6863
v  -0.5898 3.4447 -2.5546
v  -0.6260 3.1691 -2.6299
v  -0.6286 3.1940 -2.4903
v  -0.6225 3.1413 -2.7745
v  -0.6251 2.8977 -2.7477
v  -0.6287 2.9167 -2.6002
v  -0.6330 2.9114 -2.4384
v  -0.6043 2.5941 -2.5784
v  -0.6041 2.5676 -2.4454
v  -0.6008 2.5851 -2.7243
v  -0.5522 2.2486 -2.7079
v  -0.5555 2.2482 -2.5669
v  -0.5599 2.2456 -2.4382
v  -0.4850 1.9263 -2.5681
v  -0.4956 1.9467 -2.4424
v  -0.4821 1.9330 -2.7020
v  -0.3713 1.6788 -2.7017
v  -0.3736 1.6682 -2.5733
v  -0.3953 1.6667 -2.4309
v  -0.2006 1.5267 -2.7023
v  -0.2019 1.5137 -2.5736
v  0.0000 1.4719 -2.7029
v  0.0000 1.4540 -2.5726
v  0.0000 1.4398 -2.4464
v  -0.2030 1.5017 -2.4475
v  0.0000 3.9708 -3.2137
v  -0.1965 3.9426 -3.2026
v  -0.3700 3.8287 -3.1572
v  -0.3764 4.0425 -2.6844
v  -0.1997 4.1633 -2.7454
v  -0.3780 4.0772 -2.5788
v  -0.1755 4.1900 -2.6889
v  0.0000 4.2111 -2.7043
v  0.0000 4.1885 -2.7600
v  -0.4974 3.5994 -3.0656
v  -0.5796 3.3343 -2.9727
v  -0.5916 3.4726 -2.4304
v  -0.5069 3.7804 -2.5595
v  -0.5920 3.4965 -2.2997
v  -0.5069 3.8073 -2.4393
v  -0.6177 3.1127 -2.9231
v  -0.6203 2.8786 -2.8962
v  -0.6373 2.9907 -2.1816
v  -0.6309 3.2312 -2.2216
v  -0.6305 3.2144 -2.3570
v  -0.6367 2.9783 -2.3074
v  -0.5963 2.5760 -2.8712
v  -0.5484 2.2485 -2.8517
v  -0.4796 1.9397 -2.8414
v  -0.3701 1.6902 -2.8372
v  -0.2002 1.5405 -2.8363
v  0.0000 1.4866 -2.8366
v  0.0000 1.4216 -2.3252
v  -0.2031 1.4909 -2.3214
v  0.0000 1.4020 -2.2025
v  -0.1827 1.4723 -2.2192
v  -0.3587 1.5832 -2.1699
v  -0.3695 1.6146 -2.2970
v  0.0000 5.0441 -2.1797
v  -0.0005 5.0389 -2.1790
v  0.0000 4.9630 -2.3414
v  -0.0005 4.9606 -2.3376
v  -0.0007 4.9585 -2.3097
v  -0.0008 5.0113 -2.1902
v  -0.0008 5.2351 -1.3162
v  -0.0005 5.2732 -1.2990
v  -0.0008 5.2568 -1.0765
v  -0.0005 5.2948 -1.0569
v  -0.0000 5.3024 -1.0521
v  0.0000 5.2810 -1.2947
v  -0.3759 4.0928 -2.4008
v  -0.5052 3.8306 -2.2798
v  -0.5904 3.5176 -2.1482
v  -0.5626 3.5619 -1.4861
v  -0.4786 3.8754 -1.5594
v  -0.5509 3.5604 -1.2947
v  -0.4684 3.8710 -1.3601
v  -0.3459 4.1264 -1.4185
v  -0.3536 4.1340 -1.6251
v  -0.6292 3.2457 -2.0760
v  -0.6354 2.9956 -2.0515
v  -0.6035 2.9830 -1.4073
v  -0.6010 3.2791 -1.4382
v  -0.5911 2.9815 -1.2223
v  -0.5886 3.2778 -1.2516
v  -0.5335 2.2613 -1.3726
v  -0.5800 2.6295 -1.3848
v  -0.5223 2.2635 -1.1828
v  -0.5681 2.6295 -1.1984
v  -0.3603 1.6461 -1.3787
v  -0.4667 1.9208 -1.3725
v  -0.3524 1.6501 -1.1797
v  -0.4567 1.9250 -1.1785
v  0.0000 1.3883 -1.6056
v  0.0000 1.4003 -1.3888
v  -0.1949 1.4748 -1.3853
v  -0.1806 1.4675 -1.5545
v  0.0000 1.4060 -1.1811
v  -0.1906 1.4749 -1.1807
v  -0.0008 5.1394 0.4570
v  -0.0008 5.1026 0.8262
v  -0.0004 5.1415 0.8498
v  -0.0004 5.1774 0.4775
v  -0.0008 5.0712 1.1856
v  -0.0004 5.1119 1.2120
v  -0.0000 5.1191 1.2173
v  -0.0000 5.1488 0.8552
v  -0.0000 5.1848 0.4827
v  -0.0008 5.1974 0.1414
v  -0.0004 5.2363 0.1591
v  -0.0000 5.2443 0.1634
v  -0.0000 5.2973 -0.8525
v  -0.0005 5.2892 -0.8569
v  -0.0008 5.2519 -0.8730
v  -0.4378 3.4502 0.0270
v  -0.4142 3.4179 0.2369
v  -0.3484 3.6706 0.2311
v  -0.3695 3.7173 0.0081
v  -0.3898 3.3829 0.4446
v  -0.3270 3.6203 0.4474
v  -0.2379 3.8057 0.4493
v  -0.2542 3.8708 0.2256
v  -0.2706 3.9316 -0.0092
v  -0.4597 3.4788 -0.1828
v  -0.3884 3.7583 -0.2158
v  -0.2848 3.9843 -0.2460
v  -0.3357 4.1129 -1.1914
v  -0.4552 3.8613 -1.1383
v  -0.5359 3.5544 -1.0789
v  -0.4713 2.9215 0.0424
v  -0.4475 2.9054 0.2334
v  -0.4447 3.1684 0.2386
v  -0.4690 3.1925 0.0389
v  -0.4222 2.8881 0.4277
v  -0.4191 3.1420 0.4389
v  -0.4943 2.9356 -0.1505
v  -0.4922 3.2137 -0.1621
v  -0.5728 3.2731 -1.0401
v  -0.5752 2.9777 -1.0136
v  -0.4149 2.2911 0.0212
v  -0.3946 2.3053 0.1941
v  -0.4301 2.6123 0.2182
v  -0.4525 2.6142 0.0363
v  -0.3730 2.3245 0.3811
v  -0.4063 2.6114 0.4080
v  -0.4349 2.2825 -0.1462
v  -0.4744 2.6170 -0.1450
v  -0.5526 2.6289 -0.9912
v  -0.5079 2.2663 -0.9751
v  -0.2797 1.6975 -0.0240
v  -0.2642 1.7495 0.1392
v  -0.3431 2.0009 0.1622
v  -0.3608 1.9726 -0.0024
v  -0.2490 1.8042 0.3212
v  -0.3239 2.0398 0.3480
v  -0.2903 1.6858 -0.1675
v  -0.3783 1.9567 -0.1550
v  -0.4437 1.9300 -0.9678
v  -0.3421 1.6557 -0.9653
v  -0.0000 0.5420 2.9246
v  -0.0000 0.5475 3.0348
v  -0.0002 0.5493 3.0342
v  -0.0002 0.5441 2.9253
v  -0.0000 0.5698 3.1127
v  -0.0002 0.5712 3.1108
v  -0.0003 0.5981 3.0525
v  -0.0003 0.5697 2.9843
v  -0.0003 0.5619 2.9077
v  -0.0000 1.4566 -0.1865
v  -0.1566 1.5161 -0.1802
v  -0.0000 1.4605 -0.0949
v  -0.1331 1.5131 -0.0843
v  -0.1849 1.4791 -0.9636
v  0.0000 1.4152 -0.9630
v  -0.0000 5.0478 1.7336
v  -0.0000 5.0786 1.5054
v  -0.0004 5.0714 1.5001
v  -0.0004 5.0402 1.7292
v  -0.0007 5.0293 1.4717
v  -0.0007 4.9943 1.7004
v  -0.0000 5.0651 2.0820
v  -0.0000 5.0473 1.9163
v  -0.0004 5.0385 1.9145
v  -0.0004 5.0553 2.0829
v  -0.0007 4.9833 1.8875
v  -0.0008 4.9768 2.0978
v  -0.2104 3.6712 0.8435
v  -0.2238 3.7398 0.6526
v  -0.3071 3.5683 0.6510
v  -0.2878 3.5138 0.8441
v  -0.3655 3.3458 0.6479
v  -0.3416 3.3066 0.8430
v  -0.1959 3.5980 1.0296
v  -0.2683 3.4559 1.0287
v  -0.3187 3.2654 1.0259
v  -0.3924 3.1140 0.6416
v  -0.3660 3.0845 0.8381
v  -0.3949 2.8702 0.6306
v  -0.3677 2.8517 0.8293
v  -0.3413 3.0539 1.0201
v  -0.3428 2.8327 1.0112
v  -0.3800 2.6118 0.6135
v  -0.3537 2.6127 0.8165
v  -0.3488 2.3479 0.5911
v  -0.3244 2.3726 0.8006
v  -0.3297 2.6132 0.9992
v  -0.3022 2.3956 0.9859
v  -0.3020 2.0873 0.5643
v  -0.2800 2.1364 0.7823
v  -0.2313 1.8717 0.5427
v  -0.2137 1.9408 0.7687
v  -0.2606 2.1796 0.9730
v  -0.1987 2.0000 0.9643
v  -0.0003 0.6668 3.1194
v  -0.0003 0.6282 3.0974
v  -0.0002 0.5942 3.1593
v  -0.0002 0.6270 3.1812
v  -0.0000 0.5929 3.1616
v  -0.0000 0.6257 3.1835
v  -0.0003 0.7209 3.1191
v  -0.0002 0.6781 3.1781
v  -0.0000 0.6769 3.1804
v  -0.0000 2.1171 1.8539
v  -0.0000 2.1398 1.9845
v  -0.0635 2.1616 1.9821
v  -0.0702 2.1395 1.8502
v  -0.0000 2.1594 2.1147
v  -0.0568 2.1805 2.1127
v  -0.1058 2.2427 2.1115
v  -0.1180 2.2276 1.9808
v  -0.1300 2.2093 1.8481
v  -0.1541 2.3382 1.9866
v  -0.1693 2.3289 1.8564
v  -0.1388 2.3445 2.1155
v  -0.1605 2.4654 2.1217
v  -0.1774 2.4684 1.9958
v  -0.1942 2.4690 1.8696
v  -0.1930 2.5932 2.0047
v  -0.2108 2.6004 1.8823
v  -0.1752 2.5848 2.1271
v  -0.1821 2.7071 2.1318
v  -0.2003 2.7201 2.0128
v  -0.2184 2.7337 1.8939
v  -0.1985 2.8567 2.0195
v  -0.2162 2.8792 1.9037
v  -0.1807 2.8371 2.1358
v  -0.1677 2.9598 2.1395
v  -0.1843 2.9849 2.0254
v  -0.2007 3.0146 1.9119
v  -0.1543 3.0863 2.0307
v  -0.1684 3.1172 1.9188
v  -0.1399 3.0604 2.1433
v  -0.1005 3.1317 2.1477
v  -0.1113 3.1564 2.0366
v  -0.1219 3.1860 1.9268
v  -0.0582 3.1909 2.0442
v  -0.0638 3.2197 1.9383
v  -0.0524 3.1665 2.1530
v  -0.0000 3.1747 2.1559
v  -0.0000 3.1992 2.0484
v  -0.0000 3.2278 1.9449
v  -0.0000 3.1471 2.3647
v  -0.0418 3.1374 2.3657
v  -0.0362 3.1309 2.4729
v  -0.0000 3.1411 2.4711
v  -0.0804 3.1010 2.3675
v  -0.0696 3.0949 2.4776
v  -0.0597 3.1034 2.5961
v  -0.0312 3.1395 2.5892
v  -0.0000 3.1500 2.5871
v  -0.1123 3.0308 2.3688
v  -0.0970 3.0276 2.4842
v  -0.1348 2.9328 2.3700
v  -0.1163 2.9316 2.4918
v  -0.0992 2.9397 2.6229
v  -0.0830 3.0369 2.6085
v  -0.1451 2.8131 2.3719
v  -0.1251 2.8090 2.4992
v  -0.1459 2.6862 2.3737
v  -0.1257 2.6775 2.5047
v  -0.1072 2.6715 2.6440
v  -0.1067 2.8110 2.6356
v  -0.1397 2.5664 2.3750
v  -0.1203 2.5544 2.5066
v  -0.1271 2.4531 2.3750
v  -0.1095 2.4402 2.5056
v  -0.0936 2.4225 2.6422
v  -0.1026 2.5414 2.6454
v  -0.1088 2.3456 2.3732
v  -0.0938 2.3351 2.5026
v  -0.0819 2.2569 2.3717
v  -0.0707 2.2496 2.4994
v  -0.0611 2.2311 2.6313
v  -0.0806 2.3161 2.6367
v  -0.0437 2.1998 2.3723
v  -0.0378 2.1943 2.4983
v  -0.0000 2.1792 2.3731
v  -0.0000 2.1743 2.4983
v  -0.0000 2.1567 2.6275
v  -0.0328 2.1765 2.6284
v  -0.0160 3.6536 3.8917
v  -0.0124 3.7496 4.0959
v  -0.0066 3.8561 4.1051
v  -0.0084 3.7479 3.8937
v  -0.0089 3.8367 4.3005
v  -0.0047 3.9538 4.3169
v  -0.0000 3.9688 4.3157
v  -0.0000 3.8704 4.1033
v  -0.0000 3.7616 3.8914
v  -0.0255 3.1465 3.8572
v  -0.0199 3.1739 4.0201
v  -0.0169 3.4878 4.0612
v  -0.0217 3.4250 3.8764
v  -0.0143 3.2001 4.1831
v  -0.0121 3.5454 4.2462
v  -0.0274 2.6728 3.8405
v  -0.0214 2.6722 3.9842
v  -0.0213 2.9114 3.9919
v  -0.0273 2.9019 3.8438
v  -0.0153 2.6717 4.1279
v  -0.0152 2.9209 4.1401
v  -0.0242 2.2213 3.8727
v  -0.0189 2.1938 4.0419
v  -0.0205 2.4285 4.0043
v  -0.0263 2.4407 3.8520
v  -0.0135 2.1668 4.2112
v  -0.0147 2.4163 4.1566
v  -0.0163 1.8855 3.9170
v  -0.0127 1.8188 4.1236
v  -0.0165 1.9815 4.0866
v  -0.0212 2.0301 3.8971
v  -0.0091 1.7565 4.3304
v  -0.0118 1.9354 4.2762
v  -0.0000 1.7820 3.9246
v  -0.0000 1.7090 4.1399
v  -0.0069 1.7328 4.1382
v  -0.0088 1.8057 3.9242
v  -0.0000 1.6410 4.3554
v  -0.0049 1.6650 4.3524
v  -0.0000 4.1167 4.7119
v  -0.0014 4.1004 4.7111
v  -0.0008 4.1261 4.8379
v  -0.0000 4.1430 4.8425
v  -0.0026 3.9675 4.6804
v  -0.0015 3.9905 4.8002
v  -0.0012 3.9686 4.8797
v  -0.0006 4.0996 4.9225
v  -0.0000 4.1158 4.9317
v  -0.0036 3.6344 4.5919
v  -0.0020 3.6511 4.7054
v  -0.0042 3.2439 4.4899
v  -0.0024 3.2542 4.5960
v  -0.0018 3.2550 4.6804
v  -0.0016 3.6406 4.7880
v  -0.0045 2.9390 4.4190
v  -0.0026 2.9461 4.5148
v  -0.0046 2.6722 4.3968
v  -0.0026 2.6767 4.4854
v  -0.0019 2.6826 4.5516
v  -0.0019 2.9514 4.5901
v  -0.0044 2.3959 4.4408
v  -0.0025 2.3959 4.5318
v  -0.0040 2.1225 4.5248
v  -0.0023 2.1172 4.6209
v  -0.0017 2.1239 4.6906
v  -0.0019 2.4015 4.5995
v  -0.0035 1.8644 4.6226
v  -0.0020 1.8537 4.7198
v  -0.0027 1.6644 4.7045
v  -0.0015 1.6498 4.8034
v  -0.0012 1.6680 4.8571
v  -0.0015 1.8654 4.7813
v  -0.0015 1.5656 4.7408
v  -0.0008 1.5500 4.8466
v  -0.0000 1.5415 4.7476
v  -0.0000 1.5261 4.8581
v  -0.0000 1.5519 4.9186
v  -0.0007 1.5735 4.9031
v  -0.0009 3.8889 4.9345
v  -0.0005 4.0040 4.9785
v  -0.0000 4.0173 4.9919
v  -0.0012 3.2459 4.7592
v  -0.0011 3.5967 4.8561
v  -0.0013 2.6880 4.6095
v  -0.0013 2.9549 4.6595
v  -0.0012 2.1414 4.7559
v  -0.0013 2.4099 4.6616
v  -0.0009 1.7284 4.8907
v  -0.0011 1.9032 4.8322
v  -0.0000 1.6348 4.9473
v  -0.0005 1.6499 4.9314
v  -0.0000 3.3903 3.1718
v  -0.0000 3.3127 3.0176
v  -0.0213 3.3013 3.0204
v  -0.0183 3.3786 3.1748
v  -0.0000 3.2395 2.8653
v  -0.0244 3.2284 2.8678
v  -0.0466 3.1858 2.8778
v  -0.0407 3.2521 3.0308
v  -0.0348 3.3223 3.1853
v  -0.0562 3.1500 3.0510
v  -0.0479 3.2001 3.2050
v  -0.0645 3.1021 2.8979
v  -0.0769 2.9827 2.9200
v  -0.0669 3.0096 3.0731
v  -0.0568 3.0370 3.2264
v  -0.0717 2.8452 3.0888
v  -0.0609 2.8577 3.2417
v  -0.0825 2.8326 2.9359
v  -0.0829 2.6708 2.9442
v  -0.0720 2.6716 3.0965
v  -0.0612 2.6723 3.2487
v  -0.0691 2.5033 3.0944
v  -0.0587 2.4906 3.2454
v  -0.0794 2.5160 2.9434
v  -0.0726 2.3753 2.9369
v  -0.0632 2.3502 3.0865
v  -0.0537 2.3252 3.2360
v  -0.0547 2.2221 3.0765
v  -0.0466 2.1890 3.2247
v  -0.0627 2.2558 2.9284
v  -0.0478 2.1638 2.9204
v  -0.0418 2.1248 3.0675
v  -0.0357 2.0868 3.2146
v  -0.0225 2.0638 3.0623
v  -0.0192 2.0233 3.2088
v  -0.0257 2.1055 2.9158
v  -0.0000 2.0847 2.9144
v  -0.0000 2.0424 3.0607
v  -0.0000 2.0012 3.2070
v  -0.1030 4.2143 -2.6592
v  0.0000 4.2260 -2.6712
v  -0.1800 4.2020 -2.5927
v  -0.0522 4.2378 -2.5896
v  -0.0299 4.2362 -2.6492
v  0.0000 4.2389 -2.6570
v  -0.2048 4.2122 -2.4411
v  -0.2029 4.2312 -2.2458
v  -0.0590 4.2731 -2.2479
v  -0.0595 4.2533 -2.4417
v  -0.1997 4.2456 -2.0480
v  -0.1959 4.2532 -1.8490
v  -0.0572 4.2954 -1.8512
v  -0.0582 4.2877 -2.0505
v  -0.1923 4.2520 -1.6499
v  -0.1881 4.2432 -1.4405
v  -0.0552 4.2858 -1.4423
v  -0.0563 4.2944 -1.6519
v  -0.1826 4.2284 -1.2110
v  -0.1761 4.2065 -0.9725
v  -0.0521 4.2488 -0.9728
v  -0.0538 4.2709 -1.2119
v  -0.1692 4.1766 -0.7361
v  -0.1621 4.1378 -0.4991
v  -0.0485 4.1791 -0.5005
v  -0.0503 4.2186 -0.7369
v  -0.1550 4.0891 -0.2583
v  -0.1474 4.0307 -0.0163
v  -0.0447 4.0687 -0.0166
v  -0.0467 4.1291 -0.2597
v  -0.1385 3.9628 0.2245
v  -0.1296 3.8905 0.4522
v  -0.0400 3.9233 0.4559
v  -0.0423 3.9981 0.2266
v  -0.1223 3.8187 0.6543
v  -0.1153 3.7444 0.8429
v  -0.0362 3.7746 0.8438
v  -0.0380 3.8500 0.6569
v  -0.1076 3.6646 1.0297
v  -0.1001 3.5849 1.2076
v  -0.0323 3.6117 1.2096
v  -0.0342 3.6932 1.0307
v  -0.0941 3.5109 1.3694
v  -0.0888 3.4407 1.5086
v  -0.0293 3.4650 1.5131
v  -0.0307 3.5360 1.3725
v  -0.1427 3.2646 1.7122
v  -0.0640 3.2793 1.7684
v  -0.0396 3.3026 1.7409
v  -0.0704 3.3219 1.6967
v  -0.0000 3.2825 1.7842
v  -0.0000 3.3009 1.7545
v  -0.0000 3.3156 1.7508
v  -0.0134 3.3212 1.7413
v  -0.0238 3.3459 1.7027
v  -0.1283 1.7426 0.5359
v  -0.1185 1.8226 0.7668
v  -0.1382 1.6646 0.3134
v  -0.0407 1.5862 0.3172
v  -0.0380 1.6699 0.5391
v  -0.0354 1.7562 0.7726
v  -0.1466 1.6015 0.1417
v  -0.1331 1.5443 0.0271
v  -0.0389 1.4702 0.0541
v  -0.0430 1.5191 0.1558
v  -0.0772 1.4836 -0.0238
v  -0.0000 1.4523 -0.0334
v  -0.0000 1.4313 0.0044
v  -0.0226 1.4410 0.0112
v  -0.0000 2.0714 1.6191
v  -0.0716 2.0912 1.6103
v  -0.0435 2.0636 1.5645
v  -0.0000 2.0526 1.5725
v  -0.1518 2.1660 1.5742
v  -0.0771 2.0740 1.5297
v  -0.0239 2.0355 1.5228
v  -0.0135 2.0390 1.5541
v  -0.0000 2.0370 1.5605
v  -0.1612 2.1452 1.4686
v  -0.0906 2.0614 1.4575
v  -0.0944 2.0330 1.3615
v  -0.0290 1.9851 1.3610
v  -0.0280 2.0164 1.4540
v  -0.1103 1.8915 0.9637
v  -0.1036 1.9492 1.1265
v  -0.0332 1.8308 0.9689
v  -0.0314 1.8937 1.1296
v  -0.0055 1.6237 0.5473
v  -0.0053 1.7160 0.7819
v  -0.0056 1.5343 0.3254
v  -0.0026 1.4934 0.3389
v  -0.0025 1.5893 0.5615
v  -0.0024 1.6882 0.7970
v  -0.0058 1.4643 0.1678
v  -0.0052 1.4177 0.0709
v  -0.0023 1.3709 0.0848
v  -0.0026 1.4194 0.1814
v  -0.0030 1.3989 0.0308
v  -0.0000 1.3963 0.0250
v  -0.0000 1.3489 0.0389
v  -0.0013 1.3514 0.0448
v  -0.0024 2.0234 1.5548
v  -0.0000 2.0245 1.5604
v  -0.0043 2.0144 1.5247
v  -0.0020 2.0030 1.5415
v  -0.0011 2.0135 1.5719
v  -0.0000 2.0149 1.5771
v  -0.0049 1.9916 1.4568
v  -0.0050 1.9575 1.3647
v  -0.0023 1.9396 1.3776
v  -0.0023 1.9770 1.4715
v  -0.0052 1.7950 0.9776
v  -0.0051 1.8611 1.1367
v  -0.0024 1.7713 0.9933
v  -0.0023 1.8398 1.1522
v  -0.0011 1.5524 0.5824
v  -0.0010 1.6590 0.8198
v  -0.0011 1.4480 0.3587
v  -0.0006 1.3936 0.4174
v  -0.0006 1.5075 0.6440
v  -0.0005 1.6216 0.8805
v  -0.0011 1.3669 0.2002
v  -0.0010 1.3136 0.1028
v  -0.0005 1.2368 0.1319
v  -0.0006 1.3003 0.2444
v  -0.0006 1.2926 0.0625
v  -0.0000 1.2902 0.0566
v  -0.0000 1.2101 0.0809
v  -0.0003 1.2124 0.0867
v  -0.0005 2.0061 1.6106
v  -0.0000 2.0081 1.6152
v  -0.0009 1.9933 1.5794
v  -0.0005 1.9870 1.6569
v  -0.0003 2.0024 1.6878
v  -0.0000 2.0050 1.6914
v  -0.0010 1.9628 1.5037
v  -0.0010 1.9210 1.4045
v  -0.0005 1.9036 1.4758
v  -0.0005 1.9513 1.5784
v  -0.0010 1.7468 1.0194
v  -0.0010 1.8178 1.1806
v  -0.0005 1.7156 1.0828
v  -0.0005 1.7918 1.2477
v  -0.0004 1.1200 1.0780
v  -0.0004 1.0744 1.2841
v  -0.0004 1.2383 1.4454
v  -0.0004 1.2789 1.2662
v  -0.0004 1.0375 1.5072
v  -0.0004 1.2009 1.6463
v  -0.0004 1.3439 1.7763
v  -0.0004 1.3814 1.5957
v  -0.0004 1.4184 1.4394
v  -0.0003 0.7756 0.6956
v  -0.0003 0.7179 0.9643
v  -0.0004 0.8785 1.1060
v  -0.0004 0.9306 0.8658
v  -0.0003 0.6891 1.2406
v  -0.0004 0.8455 1.3580
v  -0.0000 0.7170 0.6289
v  -0.0000 0.6572 0.9080
v  -0.0002 0.6603 0.9119
v  -0.0002 0.7200 0.6331
v  -0.0000 0.6294 1.1933
v  -0.0002 0.6326 1.1968
v  -0.0003 1.9707 2.1275
v  -0.0003 1.9391 2.2283
v  -0.0002 1.9607 2.2515
v  -0.0002 1.9920 2.1500
v  -0.0003 1.8831 2.3441
v  -0.0002 1.9044 2.3676
v  -0.0000 1.9071 2.3706
v  -0.0000 1.9632 2.2547
v  -0.0000 1.9945 2.1533
v  -0.0004 1.6662 1.7588
v  -0.0004 1.6337 1.8742
v  -0.0004 1.7292 1.9906
v  -0.0004 1.7614 1.8867
v  -0.0004 1.5885 2.0109
v  -0.0004 1.6800 2.1124
v  -0.0004 1.7576 2.2036
v  -0.0004 1.8102 2.0897
v  -0.0004 1.8424 1.9912
v  -0.0004 1.5155 1.7406
v  -0.0004 1.5497 1.6066
v  -0.0004 1.4748 1.8984
v  -0.0004 0.9514 2.0138
v  -0.0004 0.8698 2.3270
v  -0.0004 0.9859 2.3989
v  -0.0004 1.0958 2.1232
v  -0.0004 0.7720 2.6344
v  -0.0004 0.8544 2.6734
v  -0.0004 0.9346 2.7066
v  -0.0004 1.0908 2.4627
v  -0.0004 1.2214 2.2203
v  -0.0004 1.0019 1.7455
v  -0.0004 1.1604 1.8723
v  -0.0004 1.2982 1.9880
v  -0.0004 1.5129 1.1631
v  -0.0004 1.5694 1.0089
v  -0.0004 1.4493 0.7801
v  -0.0004 1.3868 0.9480
v  -0.0004 1.3257 0.5473
v  -0.0004 1.2524 0.7160
v  -0.0004 1.4624 1.3009
v  -0.0004 1.3292 1.1052
v  -0.0004 1.1816 0.8908
v  -0.0003 0.6564 1.7993
v  -0.0003 0.6458 2.1888
v  -0.0004 0.7446 2.2498
v  -0.0004 0.7879 1.8941
v  -0.0003 0.6263 2.5581
v  -0.0004 0.6895 2.5919
v  -0.0003 0.6697 1.5011
v  -0.0004 0.8184 1.6088
v  -0.0004 1.2130 0.3343
v  -0.0004 1.1147 0.4697
v  -0.0003 1.1313 0.1792
v  -0.0003 1.0089 0.2770
v  -0.0004 1.0149 0.6503
v  -0.0003 0.8815 0.4578
v  -0.0000 0.6047 1.7616
v  -0.0000 0.6061 2.1638
v  -0.0002 0.6090 2.1658
v  -0.0002 0.6081 1.7642
v  -0.0000 0.5997 2.5434
v  -0.0002 0.6021 2.5448
v  -0.0000 0.6122 1.4580
v  -0.0002 0.6156 1.4611
v  -0.0002 1.1008 0.1202
v  -0.0002 0.9702 0.2060
v  -0.0000 1.0983 0.1147
v  -0.0000 0.9676 0.2010
v  -0.0002 0.8333 0.3874
v  -0.0000 0.8305 0.3828
v  -0.0003 1.6743 2.6093
v  -0.0003 1.5115 2.7198
v  -0.0002 1.5316 2.7343
v  -0.0002 1.6947 2.6292
v  -0.0003 1.3433 2.8150
v  -0.0002 1.3629 2.8234
v  -0.0000 1.3646 2.8249
v  -0.0000 1.5338 2.7361
v  -0.0000 1.6974 2.6315
v  -0.0003 1.7965 2.4776
v  -0.0002 1.8174 2.5003
v  -0.0000 1.8202 2.5029
v  -0.0000 2.0083 1.9625
v  -0.0000 2.0063 1.8227
v  -0.0002 2.0035 1.8201
v  -0.0002 2.0055 1.9604
v  -0.0003 1.9860 1.7926
v  -0.0003 1.9863 1.9367
v  -0.0000 2.0069 2.0643
v  -0.0002 2.0043 2.0617
v  -0.0003 1.9838 2.0394
v  -0.0004 1.4191 2.3741
v  -0.0004 1.2621 2.5611
v  -0.0004 1.3304 2.6003
v  -0.0004 1.4928 2.4354
v  -0.0004 1.0836 2.7497
v  -0.0004 1.1536 2.7620
v  -0.0004 1.2222 2.7751
v  -0.0004 1.3942 2.6392
v  -0.0004 1.5583 2.4944
v  -0.0004 1.5224 2.1841
v  -0.0004 1.6053 2.2667
v  -0.0004 1.6765 2.3438
v  -0.0004 1.9448 1.7207
v  -0.0004 1.9397 1.8742
v  -0.0004 1.8891 1.6215
v  -0.0004 1.8760 1.7818
v  -0.0004 1.9326 1.9828
v  -0.0004 1.9165 2.0730
v  -0.0004 1.8623 1.8968
v  -0.0004 1.1826 2.5161
v  -0.0004 1.3289 2.3032
v  -0.0004 1.0109 2.7317
v  -0.0004 1.4195 2.0916
v  -0.0004 1.7232 1.5290
v  -0.0004 1.7579 1.3795
v  -0.0004 1.6719 1.2102
v  -0.0004 1.6254 1.3586
v  -0.0004 1.6943 1.6496
v  -0.0004 1.5855 1.4851
v  -0.0038 4.2559 -2.6519
v  0.0000 4.2558 -2.6580
v  -0.0066 4.2621 -2.5938
v  -0.0029 4.2870 -2.6033
v  -0.0017 4.2806 -2.6634
v  0.0000 4.2808 -2.6692
v  -0.0075 4.2804 -2.4439
v  -0.0075 4.3020 -2.2470
v  -0.0034 4.3304 -2.2419
v  -0.0034 4.3069 -2.4461
v  -0.0075 4.3178 -2.0483
v  -0.0075 4.3263 -1.8488
v  -0.0033 4.3571 -1.8411
v  -0.0033 4.3475 -2.0407
v  -0.0074 4.3262 -1.6494
v  -0.0074 4.3183 -1.4396
v  -0.0033 4.3509 -1.4315
v  -0.0033 4.3579 -1.6415
v  -0.0074 4.3036 -1.2090
v  -0.0073 4.2814 -0.9697
v  -0.0033 4.3153 -0.9615
v  -0.0033 4.3370 -1.2008
v  -0.0073 4.2511 -0.7340
v  -0.0072 4.2114 -0.4977
v  -0.0033 4.2455 -0.4896
v  -0.0033 4.2852 -0.7258
v  -0.0072 4.1609 -0.2569
v  -0.0071 4.0999 -0.0135
v  -0.0032 4.1340 -0.0054
v  -0.0032 4.1951 -0.2488
v  -0.0070 4.0284 0.2306
v  -0.0069 3.9527 0.4604
v  -0.0032 3.9868 0.4688
v  -0.0032 4.0626 0.2387
v  -0.0068 3.8790 0.6610
v  -0.0067 3.8031 0.8473
v  -0.0031 3.8363 0.8576
v  -0.0031 3.9127 0.6702
v  -0.0067 3.7212 1.0343
v  -0.0066 3.6386 1.2135
v  -0.0031 3.6700 1.2254
v  -0.0031 3.7536 1.0456
v  -0.0066 3.5607 1.3768
v  -0.0065 3.4868 1.5189
v  -0.0030 3.5126 1.5319
v  -0.0030 3.5904 1.3883
v  -0.0032 3.3357 1.7528
v  -0.0056 3.3614 1.7156
v  -0.0000 3.3302 1.7605
v  -0.0000 3.3426 1.7861
v  -0.0015 3.3468 1.7790
v  -0.0026 3.3728 1.7407
v  -0.0008 4.3178 -2.6797
v  0.0000 4.3181 -2.6853
v  -0.0014 4.3245 -2.6158
v  -0.0010 4.3756 -2.6298
v  -0.0005 4.3686 -2.6984
v  0.0000 4.3689 -2.7041
v  -0.0016 4.3458 -2.4470
v  -0.0016 4.3709 -2.2313
v  -0.0011 4.4247 -2.2167
v  -0.0011 4.3980 -2.4467
v  -0.0016 4.3889 -2.0268
v  -0.0016 4.3989 -1.8275
v  -0.0011 4.4561 -1.8075
v  -0.0011 4.4446 -2.0072
v  -0.0016 4.4000 -1.6275
v  -0.0015 4.3936 -1.4169
v  -0.0011 4.4517 -1.3954
v  -0.0011 4.4576 -1.6066
v  -0.0015 4.3815 -1.1860
v  -0.0015 4.3617 -0.9468
v  -0.0011 4.4229 -0.9253
v  -0.0011 4.4413 -1.1643
v  -0.0015 4.3322 -0.7110
v  -0.0015 4.2924 -0.4748
v  -0.0011 4.3523 -0.4540
v  -0.0011 4.3932 -0.6900
v  -0.0015 4.2420 -0.2340
v  -0.0015 4.1810 0.0094
v  -0.0010 4.2385 0.0315
v  -0.0011 4.3006 -0.2130
v  -0.0015 4.1095 0.2535
v  -0.0015 4.0333 0.4844
v  -0.0010 4.0906 0.5124
v  -0.0010 4.1667 0.2779
v  -0.0015 3.9582 0.6882
v  -0.0015 3.8801 0.8787
v  -0.0010 3.9378 0.9169
v  -0.0010 4.0159 0.7212
v  -0.0015 3.7955 1.0699
v  -0.0015 3.7103 1.2514
v  -0.0010 3.7651 1.2953
v  -0.0010 3.8516 1.1118
v  -0.0015 3.6305 1.4131
v  -0.0014 3.5489 1.5577
v  -0.0010 3.6006 1.6053
v  -0.0010 3.6863 1.4566
v  -0.0007 3.3547 1.8235
v  -0.0013 3.3846 1.7831
v  -0.0000 3.3507 1.8301
v  -0.0000 3.3618 1.9127
v  -0.0005 3.3663 1.9069
v  -0.0008 3.4026 1.8621
v  -0.0008 4.5192 -2.6406
v  -0.0008 4.6063 -2.6039
v  -0.0005 4.6008 -2.6788
v  -0.0005 4.5123 -2.7173
v  -0.0008 4.6924 -2.5506
v  -0.0005 4.6873 -2.6217
v  0.0000 4.6876 -2.6274
v  0.0000 4.6011 -2.6845
v  0.0000 4.5126 -2.7229
v  -0.0009 4.5702 -2.1777
v  -0.0009 4.6517 -2.1501
v  -0.0009 4.6241 -2.4018
v  -0.0009 4.5408 -2.4335
v  -0.0009 4.7370 -2.1192
v  -0.0009 4.7089 -2.3601
v  -0.0009 4.6224 -1.7490
v  -0.0009 4.7166 -1.7160
v  -0.0009 4.6865 -1.9260
v  -0.0009 4.6001 -1.9548
v  -0.0009 4.8142 -1.6831
v  -0.0009 4.7768 -1.8969
v  -0.0009 4.6248 -1.3313
v  -0.0009 4.7305 -1.2907
v  -0.0009 4.7297 -1.5066
v  -0.0009 4.6289 -1.5442
v  -0.0009 4.8420 -1.2479
v  -0.0009 4.8348 -1.4678
v  -0.0009 4.5969 -0.8638
v  -0.0009 4.7075 -0.8262
v  -0.0009 4.7237 -1.0613
v  -0.0009 4.6156 -1.1009
v  -0.0009 4.8266 -0.7876
v  -0.0009 4.8387 -1.0202
v  -0.0009 4.5187 -0.3956
v  -0.0009 4.6394 -0.3555
v  -0.0009 4.6800 -0.5935
v  -0.0009 4.5644 -0.6309
v  -0.0009 4.7749 -0.3103
v  -0.0009 4.8074 -0.5533
v  -0.0009 4.3932 0.1039
v  -0.0009 4.5183 0.1622
v  -0.0009 4.5835 -0.1050
v  -0.0009 4.4605 -0.1511
v  -0.0009 4.6616 0.2291
v  -0.0009 4.7231 -0.0521
v  -0.0009 4.2481 0.6283
v  -0.0009 4.3818 0.7288
v  -0.0009 4.4499 0.4505
v  -0.0009 4.3204 0.3706
v  -0.0009 4.5381 0.8419
v  -0.0009 4.6001 0.5410
v  -0.0008 4.1135 1.0640
v  -0.0008 4.2510 1.1763
v  -0.0009 4.3176 0.9664
v  -0.0009 4.1825 0.8560
v  -0.0008 4.4106 1.3007
v  -0.0009 4.4754 1.0899
v  -0.0008 3.9460 1.4473
v  -0.0008 4.0942 1.5539
v  -0.0008 4.1759 1.3715
v  -0.0008 4.0313 1.2625
v  -0.0008 4.2632 1.6673
v  -0.0008 4.3425 1.4897
v  -0.0008 3.7667 1.7858
v  -0.0008 3.8850 1.9035
v  -0.0008 4.0082 1.7254
v  -0.0008 3.8680 1.6141
v  -0.0008 4.0181 2.0267
v  -0.0008 4.1651 1.8438
v  -0.0000 3.4128 2.2098
v  -0.0000 3.4490 2.3352
v  -0.0004 3.4538 2.3303
v  -0.0004 3.4183 2.2060
v  -0.0000 3.5150 2.4470
v  -0.0004 3.5189 2.4405
v  -0.0007 3.5911 2.3799
v  -0.0007 3.5180 2.2692
v  -0.0007 3.4720 2.1469
v  -0.0007 5.1792 3.1943
v  -0.0004 5.2140 3.2424
v  -0.0006 5.1302 3.1714
v  -0.0004 5.1513 3.2013
v  -0.0000 5.1515 3.2069
v  -0.0000 5.2161 3.2495
v  -0.2461 3.1109 1.5908
v  -0.2067 3.2371 1.6036
v  -0.2314 3.0781 1.6919
v  -0.1942 3.1904 1.7028
v  -0.1511 3.3247 1.6125
v  -0.2674 2.7718 1.5530
v  -0.2649 2.9471 1.5731
v  -0.2521 2.7597 1.6604
v  -0.2493 2.9254 1.6774
v  -0.2381 2.4526 1.5118
v  -0.2581 2.6106 1.5329
v  -0.2251 2.4604 1.6213
v  -0.2437 2.6088 1.6420
v  -0.2080 2.2865 1.4885
v  -0.1972 2.3020 1.5973
v  -0.0000 1.0326 2.9946
v  -0.0002 1.0319 2.9929
v  -0.0000 1.1145 2.9667
v  -0.0002 1.1134 2.9652
v  -0.0003 1.1233 2.9488
v  -0.0003 1.0615 2.9669
v  -0.0839 3.3728 1.6185
v  -0.0280 3.3978 1.6248
v  -0.0985 1.9960 1.2551
v  -0.0301 1.9447 1.2566
v  -0.0050 1.9146 1.2619
v  -0.0023 1.8949 1.2758
v  -0.0010 1.8743 1.3029
v  -0.0005 1.8524 1.3721
v  -0.0004 1.8298 2.2851
v  -0.0004 1.8846 2.1717
v  -0.0004 1.1529 2.8958
v  -0.0004 1.0802 2.8992
v  -0.0003 1.2046 2.9009
v  -0.0004 1.2909 2.7958
v  -0.0004 1.6238 2.5584
v  -0.0004 1.7449 2.4198
v  -0.0004 1.8286 1.5121
v  -0.0004 1.8052 1.6684
v  -0.0004 1.7848 1.7863
v  -0.0065 3.4160 1.6348
v  -0.0030 3.4340 1.6539
v  -0.0014 3.4581 1.6877
v  -0.0010 3.4934 1.7510
v  -0.0008 3.6917 2.1059
v  -0.0008 3.6114 1.9851
v  -0.0008 3.7921 2.2237
v  -0.0008 4.8359 -2.4424
v  -0.0008 4.9043 -2.3802
v  -0.0005 4.8908 -2.4382
v  -0.0005 4.8253 -2.5059
v  0.0000 4.8918 -2.4434
v  0.0000 4.8257 -2.5115
v  -0.0008 4.7671 -2.4980
v  -0.0005 4.7598 -2.5656
v  0.0000 4.7601 -2.5713
v  0.0000 4.4345 -2.7230
v  -0.0005 4.4342 -2.7173
v  -0.0008 4.4414 -2.6437
v  -0.0009 4.9168 -2.0554
v  -0.0009 5.0083 -2.0225
v  -0.0009 4.9491 -2.2268
v  -0.0009 4.8695 -2.2742
v  -0.0009 4.8259 -2.0876
v  -0.0009 4.7901 -2.3181
v  -0.0009 4.4642 -2.4454
v  -0.0009 4.4928 -2.1994
v  -0.0009 5.0144 -1.6215
v  -0.0009 5.1149 -1.5894
v  -0.0009 5.0653 -1.8117
v  -0.0009 4.9680 -1.8401
v  -0.0009 4.9138 -1.6521
v  -0.0009 4.8713 -1.8684
v  -0.0009 4.5172 -1.9826
v  -0.0009 4.5331 -1.7804
v  -0.0009 5.0648 -1.1630
v  -0.0009 5.1729 -1.1159
v  -0.0009 5.1524 -1.3509
v  -0.0009 5.0469 -1.3925
v  -0.0009 4.9539 -1.2062
v  -0.0009 4.9408 -1.4307
v  -0.0009 4.5360 -1.5782
v  -0.0009 4.5303 -1.3665
v  -0.0009 5.0627 -0.7179
v  -0.0009 5.1655 -0.6886
v  -0.0009 5.1720 -0.9042
v  -0.0009 5.0670 -0.9427
v  -0.0009 4.9473 -0.7512
v  -0.0009 4.9545 -0.9810
v  -0.0009 4.5204 -1.1356
v  -0.0009 4.5017 -0.8973
v  -0.0009 5.0443 -0.2155
v  -0.0009 5.1598 -0.1738
v  -0.0009 5.1694 -0.4419
v  -0.0009 5.0607 -0.4747
v  -0.0009 4.9130 -0.2623
v  -0.0009 4.9372 -0.5128
v  -0.0009 4.4697 -0.6632
v  -0.0009 4.4254 -0.4280
v  -0.0009 4.9390 0.3606
v  -0.0009 5.0552 0.4160
v  -0.0009 5.1127 0.1056
v  -0.0009 4.9966 0.0577
v  -0.0009 4.8048 0.2967
v  -0.0009 4.8638 0.0036
v  -0.0009 4.3698 -0.1862
v  -0.0009 4.3046 0.0617
v  -0.0009 4.8483 1.0468
v  -0.0009 4.9781 1.1280
v  -0.0009 5.0147 0.7771
v  -0.0009 4.8927 0.7090
v  -0.0009 4.6977 0.9497
v  -0.0009 4.7510 0.6287
v  -0.0009 4.2315 0.3151
v  -0.0009 4.1566 0.5583
v  -0.0008 4.7409 1.5353
v  -0.0008 4.8871 1.6319
v  -0.0009 4.9322 1.4082
v  -0.0009 4.7967 1.3179
v  -0.0008 4.5780 1.4226
v  -0.0009 4.6398 1.2094
v  -0.0009 4.0863 0.7757
v  -0.0008 4.0124 0.9780
v  -0.0008 4.6051 1.8787
v  -0.0008 4.7894 1.9849
v  -0.0008 4.8532 1.8134
v  -0.0008 4.6844 1.7122
v  -0.0008 4.4316 1.7742
v  -0.0008 4.5131 1.6038
v  -0.0008 3.9267 1.1760
v  -0.0008 3.8400 1.3608
v  -0.0008 4.3069 2.2607
v  -0.0008 4.4738 2.3756
v  -0.0008 4.6548 2.1782
v  -0.0008 4.4810 2.0652
v  -0.0008 4.6305 2.4826
v  -0.0008 4.8071 2.2964
v  -0.0008 4.1569 2.1451
v  -0.0008 4.3202 1.9554
v  -0.0008 3.7631 1.5241
v  -0.0008 3.6726 1.6839
v  -0.0000 3.8100 2.6679
v  -0.0000 4.0465 2.7538
v  -0.0004 4.0499 2.7477
v  -0.0004 3.8136 2.6612
v  -0.0000 4.2840 2.8241
v  -0.0004 4.2867 2.8183
v  -0.0007 4.3327 2.7702
v  -0.0007 4.1084 2.6945
v  -0.0007 3.8831 2.6029
v  -0.0000 3.6341 2.5618
v  -0.0004 3.6377 2.5548
v  -0.0007 3.7117 2.4946
v  -0.0007 3.4326 1.9973
v  -0.0004 3.3883 2.0496
v  -0.0000 3.3831 2.0542
v  -0.0008 4.2707 2.5591
v  -0.0008 4.0776 2.4547
v  -0.0008 4.4598 2.6494
v  -0.0008 3.9194 2.3414
v  -0.0008 3.5449 1.8585
v  0.0000 2.8561 -4.8497
v  0.0000 2.8335 -4.8813
v  -0.1092 2.8236 -4.8724
v  -0.1122 2.8457 -4.8407
v  0.0000 2.8083 -4.9183
v  -0.1065 2.7987 -4.9096
v  -0.1972 2.7743 -4.8874
v  -0.2027 2.7981 -4.8502
v  -0.2087 2.8191 -4.8179
v  -0.1885 2.1676 -4.5392
v  -0.1842 2.1813 -4.5764
v  -0.0955 2.1344 -4.5829
v  -0.0981 2.1189 -4.5445
v  -0.1803 2.1957 -4.6136
v  -0.0931 2.1504 -4.6214
v  0.0000 2.1325 -4.6241
v  0.0000 2.1156 -4.5849
v  0.0000 2.0993 -4.5458
v  -0.3168 2.3158 -4.5168
v  -0.3129 2.3242 -4.5523
v  -0.2591 2.2472 -4.5646
v  -0.2632 2.2355 -4.5285
v  -0.3097 2.3335 -4.5879
v  -0.2557 2.2598 -4.6009
v  -0.3498 2.4994 -4.5347
v  -0.3414 2.4954 -4.5702
v  -0.3379 2.4047 -4.5441
v  -0.3438 2.4019 -4.5086
v  -0.3338 2.4912 -4.6052
v  -0.3330 2.4080 -4.5792
v  -0.3155 2.7168 -4.7276
v  -0.3045 2.7004 -4.7621
v  -0.3301 2.6029 -4.6609
v  -0.3406 2.6137 -4.6257
v  -0.2944 2.6823 -4.7975
v  -0.3205 2.5911 -4.6959
v  -0.2650 2.7613 -4.8193
v  -0.2740 2.7807 -4.7859
v  -0.2566 2.7394 -4.8556
v  0.0000 2.8873 -4.8200
v  -0.1176 2.8762 -4.8110
v  -0.2192 2.8476 -4.7881
v  -0.1968 2.1543 -4.5012
v  -0.1029 2.1034 -4.5052
v  0.0000 2.0827 -4.5058
v  -0.3277 2.3085 -4.4801
v  -0.2730 2.2247 -4.4913
v  -0.3660 2.5043 -4.4982
v  -0.3572 2.4000 -4.4718
v  -0.3332 2.7374 -4.6949
v  -0.3585 2.6267 -4.5910
v  -0.2890 2.8062 -4.7550
v  0.0000 2.7688 -4.9641
v  -0.1018 2.7596 -4.9556
v  -0.1882 2.7371 -4.9320
v  -0.1733 2.2111 -4.6520
v  -0.0890 2.1676 -4.6610
v  0.0000 2.1505 -4.6644
v  -0.3012 2.3435 -4.6248
v  -0.2478 2.2733 -4.6384
v  -0.3203 2.4855 -4.6403
v  -0.3222 2.4113 -4.6152
v  -0.2791 2.6565 -4.8326
v  -0.3053 2.5750 -4.7301
v  -0.2437 2.7067 -4.8955
v  -0.5417 3.2435 -3.5682
v  -0.5697 3.1457 -3.5002
v  -0.5091 3.3098 -3.6672
v  -0.4820 3.3312 -3.7840
v  -0.4629 3.3082 -3.8999
v  -0.4545 3.2411 -3.9963
v  -0.4604 3.1429 -4.0611
v  -0.4839 3.0263 -4.0819
v  -0.5116 2.9099 -4.0585
v  -0.5301 2.8122 -3.9905
v  -0.5443 2.7463 -3.8916
v  -0.5594 2.7250 -3.7752
v  -0.5729 2.7481 -3.6596
v  -0.5823 2.8152 -3.5628
v  -0.5862 2.9133 -3.4976
v  -0.5833 3.0295 -3.4767
v  -0.0326 1.3850 -2.1168
v  -0.0385 1.3932 -2.1435
v  -0.0144 1.3747 -2.0525
v  -0.0289 1.3771 -2.0359
v  0.0000 1.3743 -2.0626
v  0.0000 1.3690 -1.9244
v  -0.0176 1.3709 -1.9261
v  -0.0345 1.3761 -1.9285
v  -0.2628 1.5092 -1.7848
v  -0.2238 1.4931 -1.6929
v  -0.2670 1.5063 -1.9082
v  -0.1607 1.4469 -1.9224
v  -0.1553 1.4492 -1.8258
v  -0.1276 1.4404 -1.7553
v  -0.5120 0.0456 1.2108
v  -0.5119 0.0466 1.2200
v  -0.5160 0.0404 1.2488
v  -0.5150 0.0406 1.2318
v  -0.5122 0.0456 1.2103
v  -0.5153 0.0407 1.2310
v  -0.5190 0.0332 1.2385
v  -0.5196 0.0336 1.2574
v  -0.5187 0.0330 1.2396
v  -0.5218 0.0199 1.2090
v  -0.5210 0.0256 1.2307
v  -0.5216 0.0270 1.2475
v  -0.5224 0.0199 1.2178
v  -0.5212 0.0257 1.2297
v  -0.5219 0.0199 1.2084
v  -0.1056 1.4239 -2.1086
v  -0.1410 1.4384 -2.0264
v  -0.2557 1.5005 -2.0304
v  -0.2129 1.4809 -2.1248
v  -0.3803 1.6092 -2.0409
v  -0.0804 1.4157 -1.7296
v  -0.1305 1.4422 -1.6650
v  -0.0396 1.3901 -1.7520
v  -0.0415 1.3903 -1.7003
v  -0.0312 1.3786 -1.8261
v  -0.0152 1.3713 -1.7980
v  0.0000 1.3680 -1.7807
v  -0.0638 1.4033 -2.1399
v  -0.1226 1.4369 -2.1651
v  -0.0896 1.4090 -2.0221
v  -0.1067 1.4168 -1.9272
v  -0.0655 1.3990 -2.0980
v  -0.0663 1.3689 -2.0700
v  -0.0799 1.3804 -1.9978
v  -0.0900 1.3926 -1.9073
v  -0.0477 1.3901 -2.1248
v  -0.0394 1.3841 -2.1012
v  -0.0549 1.3626 -2.0715
v  -0.0575 1.3628 -2.0948
v  -0.0437 1.3825 -2.0260
v  -0.0503 1.3841 -1.9293
v  -0.0661 1.3785 -1.9091
v  -0.0600 1.3691 -2.0000
v  -0.0489 1.3875 -1.8411
v  -0.0505 1.3941 -1.7791
v  -0.0663 1.3952 -1.7711
v  -0.0662 1.3875 -1.8279
v  -0.0663 1.4052 -1.7609
v  -0.0870 1.4153 -1.7834
v  -0.0802 1.4034 -1.7725
v  -0.0719 1.4011 -1.7531
v  -0.1031 1.4191 -1.8432
v  -0.0882 1.4004 -1.8281
v  -0.1502 1.0247 -1.6753
v  -0.1730 0.9376 -1.5613
v  -0.1702 1.0239 -1.5064
v  -0.1502 1.0953 -1.6142
v  -0.1958 0.8533 -1.4495
v  -0.1903 0.9551 -1.4026
v  -0.1784 1.0937 -1.3375
v  -0.1618 1.1405 -1.4322
v  -0.1453 1.1900 -1.5332
v  -0.1452 1.0218 -1.6757
v  -0.1685 0.9349 -1.5615
v  -0.1722 0.9080 -1.5796
v  -0.1483 1.0002 -1.6958
v  -0.1917 0.8508 -1.4496
v  -0.1961 0.8184 -1.4652
v  -0.1351 1.1833 -1.5340
v  -0.1525 1.1342 -1.4327
v  -0.1623 1.0187 -1.5070
v  -0.1416 1.0899 -1.6150
v  -0.1699 1.0878 -1.3377
v  -0.1830 0.9503 -1.4029
v  -0.1141 1.3565 -1.3918
v  -0.1257 1.3506 -1.2964
v  -0.1378 1.2562 -1.3554
v  -0.1237 1.2810 -1.4527
v  -0.1373 1.3468 -1.2117
v  -0.1520 1.2338 -1.2668
v  -0.1190 1.3596 -1.3925
v  -0.1302 1.3535 -1.2971
v  -0.1233 1.3831 -1.2772
v  -0.1127 1.3828 -1.3719
v  -0.1414 1.3495 -1.2125
v  -0.1339 1.3855 -1.1938
v  -0.1458 1.2615 -1.3556
v  -0.1324 1.2867 -1.4527
v  -0.1592 1.2387 -1.2673
v  -0.3423 0.4649 -0.6100
v  -0.3619 0.4191 -0.4879
v  -0.3343 0.5582 -0.4673
v  -0.3161 0.6069 -0.5862
v  -0.3772 0.3809 -0.3971
v  -0.3499 0.5117 -0.3773
v  -0.3130 0.7002 -0.3488
v  -0.2964 0.7615 -0.4365
v  -0.2796 0.8159 -0.5488
v  -0.2415 0.7004 -1.2266
v  -0.2643 0.6401 -1.1152
v  -0.2504 0.7741 -1.0801
v  -0.2304 0.8273 -1.1924
v  -0.2887 0.5836 -0.9787
v  -0.2714 0.7219 -0.9428
v  -0.2450 0.9209 -0.8831
v  -0.2282 0.9636 -1.0232
v  -0.2116 1.0040 -1.1402
v  -0.1287 1.2439 -1.6470
v  -0.1301 1.1700 -1.7298
v  -0.1121 1.2987 -1.7573
v  -0.1101 1.2459 -1.8404
v  -0.1046 1.2035 -1.9058
v  -0.1274 1.1132 -1.7935
v  -0.3405 0.4637 -0.6090
v  -0.3606 0.4181 -0.4868
v  -0.3706 0.3724 -0.4943
v  -0.3504 0.4172 -0.6175
v  -0.3763 0.3801 -0.3958
v  -0.3859 0.3371 -0.4032
v  -0.2381 0.6983 -1.2264
v  -0.2613 0.6383 -1.1148
v  -0.2678 0.5949 -1.1268
v  -0.2439 0.6574 -1.2379
v  -0.2861 0.5820 -0.9781
v  -0.2935 0.5370 -0.9905
v  -0.1245 1.0932 -1.8150
v  -0.1006 1.1883 -1.9279
v  -0.0988 1.2005 -1.9065
v  -0.1220 1.1102 -1.7941
v  -0.2759 0.8128 -0.5472
v  -0.2936 0.7589 -0.4345
v  -0.3319 0.5561 -0.4655
v  -0.3130 0.6044 -0.5847
v  -0.3109 0.6981 -0.3465
v  -0.3482 0.5100 -0.3753
v  -0.2047 0.9991 -1.1398
v  -0.2221 0.9591 -1.0225
v  -0.2453 0.7704 -1.0795
v  -0.2245 0.8233 -1.1921
v  -0.2397 0.9169 -0.8821
v  -0.2669 0.7187 -0.9419
v  -0.1208 1.1644 -1.7308
v  -0.1001 1.2401 -1.8417
v  -0.1003 1.2916 -1.7585
v  -0.1177 1.2370 -1.6481
v  -0.2086 1.2648 -0.4590
v  -0.2252 1.1933 -0.3680
v  -0.2545 0.9991 -0.3976
v  -0.2376 1.0622 -0.4990
v  -0.2455 1.0903 -0.2891
v  -0.2735 0.9158 -0.3143
v  -0.1605 1.3442 -1.0200
v  -0.1721 1.3409 -0.8809
v  -0.1943 1.1719 -0.9458
v  -0.1802 1.1923 -1.0741
v  -0.1837 1.3305 -0.7285
v  -0.2084 1.1464 -0.7992
v  -0.1096 1.3095 -1.5687
v  -0.0955 1.3393 -1.6822
v  -0.0909 1.3741 -1.6277
v  -0.1025 1.3642 -1.5106
v  -0.2103 1.2659 -0.4599
v  -0.2265 1.1942 -0.3690
v  -0.2159 1.2584 -0.3585
v  -0.1995 1.3327 -0.4460
v  -0.2465 1.0909 -0.2902
v  -0.2365 1.1486 -0.2811
v  -0.1638 1.3463 -1.0208
v  -0.1750 1.3428 -0.8818
v  -0.1658 1.3979 -0.8597
v  -0.1552 1.3955 -1.0024
v  -0.1862 1.3322 -0.7294
v  -0.1764 1.3924 -0.7054
v  -0.1021 1.3837 -1.4917
v  -0.0915 1.3870 -1.6099
v  -0.0966 1.3775 -1.6282
v  -0.1078 1.3675 -1.5113
v  -0.2570 1.0011 -0.3993
v  -0.2407 1.0646 -0.5005
v  -0.2752 0.9174 -0.3162
v  -0.1995 1.1756 -0.9467
v  -0.1860 1.1964 -1.0749
v  -0.2129 1.1496 -0.8003
v  -0.1189 1.3153 -1.5686
v  -0.1055 1.3454 -1.6819
v  -0.2186 0.7728 -1.3380
v  -0.2103 0.8886 -1.2989
v  -0.1950 1.0478 -1.2426
v  -0.2149 0.7705 -1.3379
v  -0.2200 0.7334 -1.3510
v  -0.1873 1.0424 -1.2425
v  -0.2038 0.8842 -1.2989
v  -0.1489 1.3454 -1.1249
v  -0.1661 1.2127 -1.1771
v  -0.1526 1.3478 -1.1257
v  -0.1446 1.3905 -1.1079
v  -0.1726 1.2172 -1.1777
v  -0.3163 0.5225 -0.7919
v  -0.2942 0.6638 -0.7614
v  -0.2623 0.8703 -0.7114
v  -0.3141 0.5210 -0.7912
v  -0.3228 0.4749 -0.8018
v  -0.2578 0.8668 -0.7100
v  -0.2904 0.6610 -0.7602
v  -0.1953 1.3078 -0.5835
v  -0.2225 1.1106 -0.6415
v  -0.1974 1.3092 -0.5844
v  -0.1870 1.3740 -0.5646
v  -0.2263 1.1134 -0.6429
v  -0.3902 0.3463 -0.3091
v  -0.3639 0.4615 -0.2891
v  -0.4019 0.3141 -0.2232
v  -0.3778 0.4109 -0.2027
v  -0.3469 0.5452 -0.1735
v  -0.3293 0.6249 -0.2603
v  -0.3897 0.3456 -0.3077
v  -0.3988 0.3076 -0.3152
v  -0.4018 0.3136 -0.2216
v  -0.4099 0.2817 -0.2294
v  -0.3280 0.6233 -0.2577
v  -0.3629 0.4602 -0.2867
v  -0.3463 0.5439 -0.1707
v  -0.3774 0.4099 -0.2001
v  -0.2700 0.9522 -0.2008
v  -0.2945 0.8069 -0.2257
v  -0.2978 0.8019 -0.1142
v  -0.3180 0.6890 -0.1388
v  -0.2706 0.9526 -0.2019
v  -0.2620 1.0007 -0.1929
v  -0.2981 0.8021 -0.1153
v  -0.2912 0.8396 -0.1063
v  -0.2956 0.8080 -0.2278
v  -0.3185 0.6898 -0.1410
v  -0.3931 0.3631 -0.1185
v  -0.3673 0.4702 -0.0910
v  -0.4136 0.2834 -0.1386
v  -0.4252 0.2523 -0.0553
v  -0.4092 0.3148 -0.0368
v  -0.3891 0.3968 -0.0126
v  -0.4204 0.2567 -0.1446
v  -0.4135 0.2830 -0.1369
v  -0.4251 0.2519 -0.0536
v  -0.4305 0.2314 -0.0608
v  -0.3928 0.3621 -0.1158
v  -0.3668 0.4691 -0.0881
v  -0.3887 0.3956 -0.0097
v  -0.4090 0.3139 -0.0341
v  -0.3440 0.5788 -0.0605
v  -0.3281 0.6621 -0.0400
v  -0.3584 0.5342 0.0274
v  -0.3708 0.4753 0.0121
v  -0.3228 0.6898 -0.0336
v  -0.3283 0.6622 -0.0412
v  -0.3586 0.5343 0.0263
v  -0.3543 0.5538 0.0321
v  -0.3444 0.5795 -0.0628
v  -0.3712 0.4759 0.0099
v  -0.0955 1.3507 -1.8474
v  -0.0900 1.3210 -1.9335
v  -0.0818 1.2962 -2.0020
v  -0.0767 1.2868 -2.0251
v  -0.0756 1.2930 -2.0028
v  -0.0793 1.3150 -1.9350
v  -0.0829 1.3432 -1.8489
v  -0.0814 1.3684 -1.7718
v  -0.0793 1.3865 -1.7176
v  -0.0809 1.3939 -1.6999
v  -0.0854 1.3901 -1.7180
v  -0.0921 1.3748 -1.7714
v  -0.0004 0.6733 2.8850
v  -0.0004 0.7250 2.9209
v  -0.0004 0.7813 2.9434
v  -0.0003 0.5865 2.7955
v  -0.0004 0.6238 2.8368
v  -0.0000 0.5689 2.7789
v  -0.0002 0.5711 2.7801
v  -0.0002 1.2236 2.9045
v  -0.0000 1.2250 2.9059
v  -0.0004 0.9160 2.9444
v  -0.0004 0.9979 2.9212
v  -0.0004 0.8444 2.9515
v  -0.0004 1.4601 2.6835
v  -0.0004 5.0795 2.2613
v  -0.0000 5.0889 2.2596
v  -0.0007 5.0261 2.3030
v  -0.0007 5.0657 2.4727
v  -0.0004 5.1090 2.4435
v  -0.0000 5.1175 2.4418
v  -0.0008 4.9032 2.4214
v  -0.0008 4.7501 2.5745
v  -0.0008 4.8481 2.6651
v  -0.0008 4.9697 2.5537
v  -0.0008 4.6061 2.7206
v  -0.0007 4.5009 2.8310
v  -0.0007 4.6386 2.8825
v  -0.0008 4.7280 2.7852
v  -0.0004 4.4641 2.8769
v  -0.0000 4.4629 2.8837
v  -0.0000 4.6091 2.9333
v  -0.0004 4.6090 2.9254
v  -0.0004 5.1414 2.6231
v  -0.0000 5.1496 2.6215
v  -0.0007 5.1062 2.6424
v  -0.0007 5.1482 2.8179
v  -0.0004 5.1755 2.8055
v  -0.0000 5.1833 2.8041
v  -0.0008 5.0334 2.6939
v  -0.0008 4.9402 2.7682
v  -0.0008 5.0322 2.8945
v  -0.0008 5.0976 2.8493
v  -0.0008 4.8442 2.8558
v  -0.0007 4.7714 2.9304
v  -0.0007 4.9050 2.9955
v  -0.0008 4.9607 2.9483
v  -0.0004 4.7479 2.9658
v  -0.0000 4.7485 2.9737
v  -0.0000 4.8873 3.0280
v  -0.0004 4.8869 3.0208
v  -0.0007 5.1922 3.0047
v  -0.0004 5.2098 2.9961
v  -0.0000 5.2164 2.9952
v  -0.0008 5.1300 3.0545
v  -0.0008 5.1659 3.0270
v  -0.0007 5.0448 3.0987
v  -0.0008 5.0836 3.0787
v  -0.0000 5.0318 3.1194
v  -0.0004 5.0318 3.1134
v  -0.4371 0.2190 0.0266
v  -0.4258 0.2632 0.0419
v  -0.4481 0.1881 0.1042
v  -0.4406 0.2167 0.1160
v  -0.4301 0.2559 0.1315
v  -0.4111 0.3213 0.0618
v  -0.4370 0.2186 0.0282
v  -0.4408 0.2042 0.0221
v  -0.4480 0.1877 0.1058
v  -0.4506 0.1784 0.1009
v  -0.4106 0.3202 0.0647
v  -0.4255 0.2622 0.0446
v  -0.4297 0.2548 0.1343
v  -0.4403 0.2158 0.1185
v  -0.3864 0.4200 0.0940
v  -0.3966 0.3774 0.0821
v  -0.4094 0.3290 0.1580
v  -0.4182 0.2966 0.1483
v  -0.3866 0.4201 0.0928
v  -0.3831 0.4341 0.0975
v  -0.4096 0.3291 0.1569
v  -0.4065 0.3397 0.1609
v  -0.3970 0.3780 0.0798
v  -0.4186 0.2973 0.1462
v  -0.0000 2.1734 2.2448
v  -0.0502 2.1943 2.2433
v  -0.0936 2.2535 2.2421
v  -0.1418 2.1890 1.7112
v  -0.0766 2.1163 1.7159
v  -0.0000 2.0936 1.7225
v  -0.1237 2.3479 2.2443
v  -0.1439 2.4609 2.2475
v  -0.2102 2.4661 1.7427
v  -0.1839 2.3164 1.7233
v  -0.1577 2.5762 2.2495
v  -0.1643 2.6960 2.2507
v  -0.2357 2.7470 1.7752
v  -0.2278 2.6055 1.7600
v  -0.1633 2.8225 2.2520
v  -0.1516 2.9423 2.2535
v  -0.2164 3.0458 1.7999
v  -0.2331 2.9024 1.7886
v  -0.1263 3.0418 2.2556
v  -0.0904 3.1133 2.2578
v  -0.1316 3.2192 1.8204
v  -0.1816 3.1512 1.8087
v  -0.0471 3.1489 2.2597
v  -0.0000 3.1578 2.2605
v  -0.0000 3.2568 1.8522
v  -0.0689 3.2504 1.8402
v  -0.0054 3.9128 4.5046
v  -0.0028 4.0391 4.5282
v  -0.0000 4.0548 4.5274
v  -0.0000 3.6445 3.6810
v  -0.0103 3.6316 3.6838
v  -0.0000 3.5376 3.4864
v  -0.0125 3.5252 3.4896
v  -0.0236 3.4554 3.4996
v  -0.0195 3.5503 3.6888
v  -0.0086 3.2246 4.3459
v  -0.0073 3.5967 4.4310
v  -0.0265 3.3582 3.6923
v  -0.0322 3.2956 3.5166
v  -0.0379 3.0898 3.5344
v  -0.0312 3.1180 3.6945
v  -0.0093 2.6711 4.2715
v  -0.0092 2.9304 4.2883
v  -0.0333 2.8924 3.6956
v  -0.0405 2.8821 3.5462
v  -0.0407 2.6736 3.5511
v  -0.0334 2.6733 3.6969
v  -0.0082 2.1411 4.3802
v  -0.0089 2.4040 4.3089
v  -0.0321 2.4530 3.6998
v  -0.0391 2.4653 3.5478
v  -0.0359 2.2758 3.5399
v  -0.0296 2.2490 3.7038
v  -0.0055 1.7026 4.5355
v  -0.0071 1.8940 4.4648
v  -0.0258 2.0791 3.7088
v  -0.0314 2.1234 3.5309
v  -0.0242 2.0115 3.5228
v  -0.0199 1.9527 3.7123
v  -0.0000 1.5825 4.5690
v  -0.0030 1.6066 4.5647
v  -0.0108 1.8792 3.7124
v  -0.0131 1.9431 3.5178
v  -0.0000 1.9199 3.5160
v  -0.0000 1.8557 3.7115
v  -0.0000 3.1840 2.7201
v  -0.0274 3.1732 2.7224
v  -0.0525 3.1349 2.7312
v  -0.0289 3.3848 3.3366
v  -0.0152 3.4471 3.3256
v  -0.0000 3.4590 3.3224
v  -0.0728 3.0631 2.7484
v  -0.0869 2.9581 2.7678
v  -0.0468 3.0632 3.3792
v  -0.0396 3.2458 3.3572
v  -0.0933 2.8201 2.7830
v  -0.0938 2.6700 2.7920
v  -0.0503 2.6731 3.4010
v  -0.0501 2.8703 3.3945
v  -0.0898 2.5286 2.7924
v  -0.0820 2.4001 2.7874
v  -0.0443 2.3008 3.3855
v  -0.0483 2.4779 3.3964
v  -0.0708 2.2884 2.7802
v  -0.0539 2.2009 2.7734
v  -0.0296 2.0526 3.3616
v  -0.0386 2.1581 3.3728
v  -0.0289 2.1449 2.7694
v  -0.0000 2.1249 2.7681
v  -0.0000 1.9644 3.3533
v  -0.0160 1.9871 3.3553
v  -0.7191 2.2706 -0.2560
v  -0.7206 2.2690 -0.2287
v  -0.7234 2.2909 -0.2228
v  -0.7217 2.2920 -0.2508
v  -0.7199 2.2682 -0.2275
v  -0.7229 2.2915 -0.2212
v  -0.7229 2.3141 -0.2424
v  -0.7232 2.3122 -0.2442
v  -0.7214 2.3087 -0.2673
v  -0.7104 2.2369 -0.2842
v  -0.7104 2.2305 -0.2649
v  -0.7165 2.2475 -0.2349
v  -0.7152 2.2500 -0.2615
v  -0.7093 2.2276 -0.2643
v  -0.7156 2.2455 -0.2340
v  -0.7195 2.3068 -0.2671
v  -0.7220 2.3110 -0.2441
v  -0.7222 2.2895 -0.2226
v  -0.7194 2.2897 -0.2506
v  -0.7194 2.2677 -0.2286
v  -0.7169 2.2684 -0.2557
v  -0.7091 2.2357 -0.2839
v  -0.7134 2.2483 -0.2612
v  -0.7155 2.2464 -0.2347
v  -0.7096 2.2298 -0.2647
v  -0.6010 2.4845 -2.2412
v  -0.6153 2.6560 -2.3190
v  -0.5974 2.4706 -2.3373
v  -0.5914 2.3709 -2.2544
v  -0.5668 2.2394 -2.3312
v  -0.5746 2.2341 -2.2489
v  -0.5210 1.9909 -2.2137
v  -0.5473 2.0993 -2.2362
v  -0.5209 2.0212 -2.3271
v  -0.4796 1.8561 -2.3036
v  -0.5178 2.0181 -1.9691
v  -0.4771 1.8486 -1.9964
v  -0.5637 2.2441 -1.9652
v  -0.5734 2.2387 -2.0361
v  -0.5467 2.1012 -2.0389
v  -0.5212 1.9916 -2.0541
v  -0.6006 2.4976 -2.0509
v  -0.6140 2.6734 -1.9927
v  -0.6227 2.7481 -2.0631
v  -0.6065 2.5579 -2.0893
v  -0.6246 2.7540 -2.1561
v  -0.6085 2.5717 -2.1417
v  -0.4626 1.7839 -2.2391
v  -0.4598 1.7697 -2.1530
v  -0.5035 1.9167 -2.1369
v  -0.5072 1.9330 -2.1792
v  -0.5075 1.9332 -2.0910
v  -0.4612 1.7786 -2.0649
v  -0.6067 2.5493 -2.1980
v  -0.6233 2.7369 -2.2500
v  -0.5905 2.3811 -2.0367
v  -0.5951 2.4840 -1.9666
v  -0.6033 2.4748 -2.1648
v  -0.6043 2.4947 -2.1351
v  -0.5996 2.4215 -2.1886
v  -0.6035 2.4118 -2.1457
v  -0.6059 2.4574 -2.1352
v  -0.6059 2.4723 -2.1225
v  -0.5934 2.3365 -2.1973
v  -0.5816 2.2345 -2.1945
v  -0.5870 2.2360 -2.1500
v  -0.5980 2.3330 -2.1505
v  -0.5611 2.1303 -2.1832
v  -0.5405 2.0440 -2.1670
v  -0.5480 2.0547 -2.1354
v  -0.5675 2.1361 -2.1442
v  -0.5283 1.9962 -2.1490
v  -0.5243 1.9822 -2.1293
v  -0.5326 2.0029 -2.1160
v  -0.5366 2.0133 -2.1258
v  -0.5280 1.9979 -2.1078
v  -0.5396 2.0469 -2.0902
v  -0.5448 2.0567 -2.0997
v  -0.5351 2.0145 -2.1069
v  -0.5592 2.1331 -2.0820
v  -0.5789 2.2378 -2.0800
v  -0.5810 2.2379 -2.0941
v  -0.5626 2.1381 -2.0953
v  -0.5908 2.3424 -2.0812
v  -0.5977 2.4289 -2.0894
v  -0.5993 2.4142 -2.1018
v  -0.5925 2.3352 -2.0963
v  -0.6023 2.4795 -2.1087
v  -0.6037 2.4589 -2.1110
v  -0.6074 2.4413 -2.0941
v  -0.6071 2.4539 -2.0899
v  -0.6051 2.3999 -2.0973
v  -0.6072 2.3915 -2.0323
v  -0.6098 2.4317 -2.0323
v  -0.6096 2.4438 -2.0314
v  -0.5999 2.3260 -2.0985
v  -0.5896 2.2341 -2.0978
v  -0.5921 2.2291 -2.0294
v  -0.6019 2.3189 -2.0311
v  -0.5717 2.1390 -2.0951
v  -0.5537 2.0619 -2.0913
v  -0.5596 2.0635 -2.0273
v  -0.5758 2.1374 -2.0283
v  -0.5430 2.0241 -2.0871
v  -0.5390 2.0152 -2.0831
v  -0.5456 2.0187 -2.0249
v  -0.5495 2.0272 -2.0261
v  -0.5411 2.0251 -2.0801
v  -0.5496 2.0636 -2.0778
v  -0.5554 2.0651 -2.0234
v  -0.5477 2.0282 -2.0241
v  -0.5647 2.1406 -2.0759
v  -0.5808 2.2353 -2.0756
v  -0.5819 2.2303 -2.0231
v  -0.5681 2.1389 -2.0228
v  -0.5920 2.3269 -2.0781
v  -0.5995 2.4006 -2.0819
v  -0.6011 2.3921 -2.0283
v  -0.5929 2.3197 -2.0254
v  -0.6045 2.4416 -2.0859
v  -0.6067 2.4320 -2.0301
v  -0.6368 2.3888 -1.5943
v  -0.6499 2.3833 -1.4083
v  -0.6522 2.4301 -1.4074
v  -0.6394 2.4367 -1.5940
v  -0.6632 2.3778 -1.2195
v  -0.6652 2.4215 -1.2180
v  -0.6651 2.4338 -1.2171
v  -0.6520 2.4433 -1.4067
v  -0.6392 2.4502 -1.5936
v  -0.6223 2.1933 -1.5937
v  -0.6370 2.1925 -1.4092
v  -0.6448 2.2961 -1.4086
v  -0.6310 2.2997 -1.5939
v  -0.6520 2.1998 -1.2220
v  -0.6588 2.2963 -1.2207
v  -0.5992 2.0158 -1.5956
v  -0.6163 2.0225 -1.4122
v  -0.6265 2.0967 -1.4108
v  -0.6105 2.0934 -1.5946
v  -0.6337 2.0424 -1.2256
v  -0.6427 2.1111 -1.2240
v  -0.5885 1.9659 -1.5953
v  -0.6067 1.9736 -1.4120
v  -0.6096 1.9839 -1.4123
v  -0.5917 1.9761 -1.5956
v  -0.6251 1.9962 -1.2254
v  -0.6277 2.0062 -1.2257
v  -0.5962 2.0170 -1.5949
v  -0.6135 2.0233 -1.4116
v  -0.6082 1.9845 -1.4120
v  -0.5902 1.9769 -1.5952
v  -0.6312 2.0428 -1.2250
v  -0.6265 2.0065 -1.2254
v  -0.6164 2.1935 -1.5929
v  -0.6317 2.1920 -1.4085
v  -0.6222 2.0969 -1.4100
v  -0.6059 2.0942 -1.5938
v  -0.6472 2.1986 -1.2214
v  -0.6388 2.1107 -1.2233
v  -0.6319 2.3886 -1.5940
v  -0.6455 2.3825 -1.4080
v  -0.6395 2.2952 -1.4081
v  -0.6252 2.2996 -1.5933
v  -0.6593 2.3765 -1.2192
v  -0.6540 2.2948 -1.2202
v  -0.6497 2.4297 -1.4072
v  -0.6367 2.4365 -1.5939
v  -0.6630 2.4208 -1.2179
v  -0.6994 2.3550 -0.6236
v  -0.7048 2.3465 -0.5236
v  -0.7059 2.3625 -0.5196
v  -0.7007 2.3736 -0.6196
v  -0.7108 2.3355 -0.4257
v  -0.7118 2.3493 -0.4219
v  -0.7116 2.3527 -0.4202
v  -0.7057 2.3669 -0.5180
v  -0.7005 2.3789 -0.6181
v  -0.6733 2.3734 -1.0785
v  -0.6751 2.4118 -1.0764
v  -0.6807 2.3704 -0.9758
v  -0.6823 2.4032 -0.9734
v  -0.6821 2.4124 -0.9723
v  -0.6749 2.4225 -1.0754
v  -0.6300 2.4534 -1.7271
v  -0.6302 2.4401 -1.7273
v  -0.6227 2.4522 -1.8339
v  -0.6229 2.4395 -1.8339
v  -0.6200 2.3947 -1.8335
v  -0.6274 2.3932 -1.7272
v  -0.6916 2.2798 -0.6358
v  -0.6980 2.2805 -0.5347
v  -0.7021 2.3167 -0.5290
v  -0.6963 2.3215 -0.6298
v  -0.7052 2.2775 -0.4348
v  -0.7087 2.3089 -0.4301
v  -0.6632 2.2161 -1.0823
v  -0.6693 2.3019 -1.0804
v  -0.6713 2.2347 -0.9803
v  -0.6770 2.3095 -0.9785
v  -0.6212 2.3057 -1.7262
v  -0.6137 2.3116 -1.8321
v  -0.6039 2.2121 -1.8309
v  -0.6118 2.2013 -1.7255
v  -0.6794 2.2014 -0.6406
v  -0.6867 2.2174 -0.5428
v  -0.6923 2.2455 -0.5396
v  -0.6854 2.2367 -0.6392
v  -0.6953 2.2274 -0.4430
v  -0.7003 2.2493 -0.4395
v  -0.6467 2.0705 -1.0849
v  -0.6548 2.1346 -1.0839
v  -0.6564 2.1007 -0.9795
v  -0.6638 2.1603 -0.9803
v  -0.5991 2.1033 -1.7259
v  -0.5904 2.1182 -1.8309
v  -0.5773 2.0451 -1.8314
v  -0.5870 2.0272 -1.7266
v  -0.6736 2.1778 -0.6402
v  -0.6814 2.1978 -0.5429
v  -0.6830 2.2023 -0.5433
v  -0.6753 2.1829 -0.6406
v  -0.6906 2.2114 -0.4431
v  -0.6920 2.2152 -0.4435
v  -0.6390 2.0282 -1.0845
v  -0.6413 2.0371 -1.0849
v  -0.6492 2.0625 -0.9783
v  -0.6514 2.0704 -0.9787
v  -0.5789 1.9885 -1.7265
v  -0.5687 2.0080 -1.8312
v  -0.5651 1.9988 -1.8310
v  -0.5755 1.9787 -1.7262
v  -0.6775 2.2008 -0.6402
v  -0.6850 2.2167 -0.5424
v  -0.6821 2.2020 -0.5431
v  -0.6744 2.1827 -0.6404
v  -0.6938 2.2266 -0.4426
v  -0.6913 2.2148 -0.4433
v  -0.6444 2.0706 -1.0844
v  -0.6401 2.0373 -1.0846
v  -0.6542 2.1006 -0.9790
v  -0.6503 2.0705 -0.9785
v  -0.5774 1.9894 -1.7261
v  -0.5671 2.0089 -1.8309
v  -0.5738 2.0465 -1.8306
v  -0.5838 2.0286 -1.7259
v  -0.6881 2.2778 -0.6353
v  -0.6947 2.2785 -0.5342
v  -0.6896 2.2440 -0.5391
v  -0.6826 2.2354 -0.6387
v  -0.7022 2.2753 -0.4343
v  -0.6978 2.2477 -0.4391
v  -0.6587 2.2146 -1.0816
v  -0.6512 2.1339 -1.0833
v  -0.6671 2.2331 -0.9797
v  -0.6604 2.1594 -0.9797
v  -0.5942 2.1044 -1.7250
v  -0.5848 2.1194 -1.8300
v  -0.5968 2.2129 -1.8300
v  -0.6055 2.2018 -1.7246
v  -0.6964 2.3532 -0.6234
v  -0.7020 2.3447 -0.5234
v  -0.6988 2.3145 -0.5286
v  -0.6927 2.3193 -0.6294
v  -0.7084 2.3336 -0.4255
v  -0.7057 2.3066 -0.4297
v  -0.6696 2.3718 -1.0782
v  -0.6648 2.3002 -1.0800
v  -0.6772 2.3688 -0.9756
v  -0.6728 2.3076 -0.9780
v  -0.6150 2.3060 -1.7256
v  -0.6068 2.3121 -1.8315
v  -0.6145 2.3950 -1.8332
v  -0.6223 2.3932 -1.7269
v  -0.7044 2.3615 -0.5195
v  -0.6990 2.3726 -0.6195
v  -0.7104 2.3483 -0.4218
v  -0.6730 2.4109 -1.0763
v  -0.6804 2.4023 -0.9733
v  -0.6273 2.4401 -1.7272
v  -0.6199 2.4396 -1.8338
v  -0.6859 2.3691 -0.9024
v  -0.6875 2.3981 -0.8997
v  -0.6902 2.3672 -0.8302
v  -0.6917 2.3929 -0.8272
v  -0.6915 2.4000 -0.8258
v  -0.6873 2.4061 -0.8984
v  -0.6773 2.2488 -0.9066
v  -0.6825 2.3154 -0.9056
v  -0.6820 2.2606 -0.8353
v  -0.6869 2.3196 -0.8342
v  -0.6638 2.1272 -0.8984
v  -0.6704 2.1815 -0.9030
v  -0.6695 2.1522 -0.8233
v  -0.6756 2.2007 -0.8300
v  -0.6571 2.0926 -0.8960
v  -0.6592 2.0997 -0.8964
v  -0.6632 2.1211 -0.8202
v  -0.6652 2.1275 -0.8206
v  -0.6617 2.1269 -0.8979
v  -0.6581 2.0996 -0.8961
v  -0.6675 2.1518 -0.8228
v  -0.6642 2.1275 -0.8203
v  -0.6732 2.2471 -0.9061
v  -0.6672 2.1805 -0.9024
v  -0.6781 2.2587 -0.8348
v  -0.6725 2.1995 -0.8294
v  -0.6826 2.3675 -0.9021
v  -0.6784 2.3135 -0.9051
v  -0.6870 2.3655 -0.8300
v  -0.6830 2.3176 -0.8338
v  -0.6856 2.3971 -0.8996
v  -0.6899 2.3919 -0.8271
v  -0.6946 2.3622 -0.7316
v  -0.6960 2.3842 -0.7280
v  -0.6958 2.3904 -0.7266
v  -0.6865 2.2720 -0.7405
v  -0.6914 2.3220 -0.7369
v  -0.6742 2.1783 -0.7358
v  -0.6802 2.2204 -0.7390
v  -0.6681 2.1509 -0.7338
v  -0.6700 2.1566 -0.7342
v  -0.6722 2.1778 -0.7353
v  -0.6690 2.1565 -0.7339
v  -0.6828 2.2701 -0.7400
v  -0.6772 2.2192 -0.7385
v  -0.6915 2.3605 -0.7314
v  -0.6876 2.3200 -0.7365
v  -0.6943 2.3833 -0.7279
v  -0.7177 2.3209 -0.3243
v  -0.7184 2.3321 -0.3204
v  -0.7182 2.3349 -0.3185
v  -0.7131 2.2738 -0.3333
v  -0.7160 2.2993 -0.3286
v  -0.7046 2.2326 -0.3420
v  -0.7088 2.2507 -0.3383
v  -0.7005 2.2187 -0.3421
v  -0.7017 2.2221 -0.3426
v  -0.7031 2.2315 -0.3416
v  -0.7010 2.2217 -0.3424
v  -0.7104 2.2714 -0.3329
v  -0.7066 2.2489 -0.3379
v  -0.7155 2.3189 -0.3241
v  -0.7133 2.2969 -0.3283
v  -0.7172 2.3310 -0.3203
v  -0.6154 2.4461 -1.9407
v  -0.6155 2.4339 -1.9406
v  -0.6127 2.3920 -1.9398
v  -0.6069 2.3151 -1.9380
v  -0.5971 2.2216 -1.9363
v  -0.5823 2.1300 -1.9360
v  -0.5678 2.0575 -1.9362
v  -0.5585 2.0214 -1.9360
v  -0.5548 2.0127 -1.9357
v  -0.5568 2.0223 -1.9356
v  -0.5639 2.0590 -1.9354
v  -0.5755 2.1314 -1.9350
v  -0.5881 2.2226 -1.9354
v  -0.5986 2.3157 -1.9373
v  -0.6068 2.3924 -1.9395
v  -0.6124 2.4341 -1.9405
v  -0.4516 0.1840 0.1838
v  -0.4431 0.2125 0.1959
v  -0.4574 0.1641 0.1749
v  -0.4671 0.1428 0.2558
v  -0.4618 0.1586 0.2627
v  -0.4539 0.1819 0.2722
v  -0.4593 0.1574 0.1725
v  -0.4573 0.1637 0.1763
v  -0.4670 0.1425 0.2570
v  -0.4688 0.1374 0.2540
v  -0.4513 0.1832 0.1860
v  -0.4427 0.2116 0.1983
v  -0.4535 0.1811 0.2743
v  -0.4615 0.1579 0.2645
v  -0.4327 0.2445 0.2097
v  -0.4247 0.2709 0.2179
v  -0.4367 0.2325 0.2906
v  -0.4442 0.2094 0.2837
v  -0.4221 0.2796 0.2203
v  -0.4249 0.2710 0.2169
v  -0.4369 0.2326 0.2899
v  -0.4343 0.2402 0.2927
v  -0.4330 0.2451 0.2079
v  -0.4445 0.2099 0.2822
v  -0.4918 0.0960 0.4861
v  -0.5017 0.0721 0.6081
v  -0.4967 0.0853 0.6125
v  -0.4865 0.1096 0.4912
v  -0.5093 0.0483 0.7301
v  -0.5047 0.0610 0.7338
v  -0.4979 0.0790 0.7388
v  -0.4894 0.1043 0.6185
v  -0.4788 0.1296 0.4982
v  -0.4917 0.0957 0.4871
v  -0.5017 0.0720 0.6090
v  -0.5034 0.0677 0.6070
v  -0.4935 0.0913 0.4848
v  -0.5092 0.0482 0.7309
v  -0.5108 0.0440 0.7292
v  -0.4784 0.1290 0.4999
v  -0.4890 0.1038 0.6201
v  -0.4964 0.0849 0.6140
v  -0.4862 0.1091 0.4927
v  -0.4975 0.0786 0.7403
v  -0.5044 0.0607 0.7352
v  -0.4626 0.1721 0.5115
v  -0.4739 0.1436 0.6294
v  -0.4806 0.1259 0.6256
v  -0.4696 0.1528 0.5066
v  -0.4837 0.1150 0.7473
v  -0.4898 0.0989 0.7445
v  -0.4628 0.1722 0.5108
v  -0.4741 0.1436 0.6288
v  -0.4718 0.1494 0.6305
v  -0.4603 0.1785 0.5128
v  -0.4839 0.1150 0.7467
v  -0.4818 0.1203 0.7481
v  -0.4809 0.1261 0.6243
v  -0.4699 0.1531 0.5053
v  -0.4901 0.0991 0.7434
v  -0.5085 0.0349 0.9657
v  -0.5138 0.0190 0.9626
v  -0.5160 0.0145 1.0424
v  -0.5114 0.0291 1.0448
v  -0.5176 0.0074 0.9601
v  -0.5195 0.0036 1.0401
v  -0.5207 0.0078 1.1054
v  -0.5177 0.0174 1.1092
v  -0.5137 0.0301 1.1121
v  -0.5188 0.0035 0.9595
v  -0.5206 -0.0000 1.0396
v  -0.5175 0.0073 0.9608
v  -0.5194 0.0036 1.0408
v  -0.5206 0.0078 1.1062
v  -0.5216 0.0046 1.1045
v  -0.5135 0.0189 0.9638
v  -0.5157 0.0144 1.0436
v  -0.5081 0.0347 0.9670
v  -0.5109 0.0289 1.0461
v  -0.5133 0.0299 1.1135
v  -0.5174 0.0172 1.1104
v  -0.5026 0.0514 0.9687
v  -0.5062 0.0436 1.0463
v  -0.4984 0.0643 0.9693
v  -0.5027 0.0548 1.0456
v  -0.5059 0.0517 1.1084
v  -0.5091 0.0424 1.1117
v  -0.4971 0.0685 0.9694
v  -0.5016 0.0585 1.0452
v  -0.4986 0.0642 0.9688
v  -0.5029 0.0548 1.0451
v  -0.5061 0.0517 1.1079
v  -0.5049 0.0548 1.1071
v  -0.5029 0.0515 0.9676
v  -0.5065 0.0437 1.0453
v  -0.5094 0.0425 1.1106
v  -0.5216 0.0144 1.1695
v  -0.5197 0.0218 1.1776
v  -0.5166 0.0317 1.1834
v  -0.5215 0.0143 1.1702
v  -0.5223 0.0119 1.1670
v  -0.5162 0.0315 1.1848
v  -0.5194 0.0217 1.1789
v  -0.5093 0.0487 1.1719
v  -0.5124 0.0413 1.1798
v  -0.5094 0.0486 1.1714
v  -0.5083 0.0511 1.1691
v  -0.5127 0.0414 1.1788
v  -0.5144 0.0245 0.8521
v  -0.5102 0.0367 0.8551
v  -0.5042 0.0537 0.8591
v  -0.4664 0.1549 0.3779
v  -0.4741 0.1339 0.3698
v  -0.4794 0.1198 0.3641
v  -0.5143 0.0244 0.8529
v  -0.5158 0.0204 0.8514
v  -0.4811 0.1150 0.3626
v  -0.4793 0.1195 0.3651
v  -0.5038 0.0534 0.8605
v  -0.5099 0.0365 0.8564
v  -0.4738 0.1334 0.3715
v  -0.4660 0.1542 0.3797
v  -0.4920 0.0865 0.8652
v  -0.4971 0.0720 0.8635
v  -0.4570 0.1798 0.3877
v  -0.4498 0.2007 0.3935
v  -0.4922 0.0864 0.8647
v  -0.4903 0.0913 0.8657
v  -0.4474 0.2076 0.3952
v  -0.4499 0.2007 0.3928
v  -0.4975 0.0721 0.8624
v  -0.4573 0.1802 0.3863
v  0.0003 3.2342 4.8686
v  0.0003 3.5454 4.9511
v  0.0007 3.2360 4.8245
v  0.0007 3.5536 4.9104
v  0.0006 3.7690 4.9516
v  0.0003 3.8243 4.9926
v  0.1900 3.6979 -3.6407
v  0.1844 3.6003 -3.8279
v  0.3735 3.6049 -3.5979
v  0.3344 3.5467 -3.8073
v  0.3209 3.4545 -3.9918
v  0.1771 3.4926 -4.0224
v  0.1693 3.3770 -4.1973
v  0.3080 3.3478 -4.1538
v  0.3147 3.2043 -4.3036
v  0.1600 3.2552 -4.3584
v  0.1022 2.7160 -4.9782
v  0.1142 2.6773 -4.9454
v  0.1685 2.7100 -4.9510
v  0.2037 2.6802 -4.9287
v  0.2330 2.6349 -4.8594
v  0.1306 2.6291 -4.8697
v  0.1436 2.5568 -4.7639
v  0.2558 2.5613 -4.7554
v  0.2738 2.4816 -4.6834
v  0.1427 2.4989 -4.7143
v  0.1569 1.9091 -3.9769
v  0.1712 1.8285 -3.7514
v  0.2940 1.9934 -3.9786
v  0.3191 1.9291 -3.7590
v  0.3375 1.8645 -3.5546
v  0.1819 1.7491 -3.5423
v  0.1884 1.6769 -3.3853
v  0.3487 1.8028 -3.3986
v  0.3561 1.7524 -3.2634
v  0.1926 1.6188 -3.2519
v  0.0003 2.6939 4.6968
v  0.0003 2.9575 4.7592
v  0.0007 2.6921 4.6582
v  0.0007 2.9568 4.7177
v  0.5758 3.1310 -3.5390
v  0.5796 3.1132 -3.5798
v  0.5617 3.1837 -3.6288
v  0.5523 3.2162 -3.5983
v  0.5808 3.0915 -3.6279
v  0.5687 3.1471 -3.6619
v  0.5536 3.1801 -3.7180
v  0.5399 3.2314 -3.7002
v  0.5245 3.2741 -3.6846
v  0.5212 3.2469 -3.7843
v  0.5013 3.2929 -3.7862
v  0.5391 3.1954 -3.7812
v  0.5294 3.1791 -3.8440
v  0.5074 3.2305 -3.8676
v  0.4847 3.2731 -3.8867
v  0.5006 3.1824 -3.9367
v  0.4770 3.2151 -3.9698
v  0.5230 3.1453 -3.8992
v  0.5255 3.0894 -3.9318
v  0.5033 3.1118 -3.9830
v  0.4813 3.1300 -4.0254
v  0.5180 3.0279 -3.9978
v  0.5011 3.0287 -4.0433
v  0.5340 3.0262 -3.9470
v  0.5466 2.9633 -3.9306
v  0.5357 2.9441 -3.9810
v  0.5245 2.9275 -4.0229
v  0.5475 2.8738 -3.9320
v  0.5396 2.8425 -3.9636
v  0.5545 2.9078 -3.8966
v  0.5619 2.8748 -3.8405
v  0.5568 2.8263 -3.8607
v  0.5512 2.7850 -3.8774
v  0.5672 2.8110 -3.7771
v  0.5640 2.7665 -3.7765
v  0.5696 2.8596 -3.7774
v  0.5770 2.8759 -3.7146
v  0.5768 2.8275 -3.6940
v  0.5756 2.7865 -3.6764
v  0.5836 2.8756 -3.6246
v  0.5838 2.8445 -3.5927
v  0.5823 2.9097 -3.6593
v  0.5849 2.9656 -3.6266
v  0.5872 2.9461 -3.5778
v  0.5877 2.9293 -3.5364
v  0.5869 3.0296 -3.5629
v  0.5863 3.0301 -3.5184
v  0.5857 3.0287 -3.6114
v  0.5791 3.0655 -3.6882
v  0.5721 3.1079 -3.6994
v  0.5719 3.0270 -3.7788
v  0.5638 3.1183 -3.7420
v  0.5527 3.1404 -3.7799
v  0.5494 3.1176 -3.8173
v  0.5417 3.1065 -3.8598
v  0.5469 3.0639 -3.8701
v  0.5484 3.0260 -3.8923
v  0.5583 2.9885 -3.8695
v  0.5615 2.9461 -3.8583
v  0.5675 2.9357 -3.8157
v  0.5717 2.9136 -3.7778
v  0.5765 2.9364 -3.7403
v  0.5802 2.9475 -3.6979
v  0.5813 2.9902 -3.6876
v  0.5828 3.0280 -3.6654
v  0.4862 3.3631 -3.6500
v  0.4486 3.4589 -3.6347
v  0.5055 3.3498 -3.5065
v  0.5270 3.2824 -3.5378
v  0.4883 3.4250 -3.4503
v  0.5598 3.2208 -3.3578
v  0.5597 3.1890 -3.4209
v  0.5636 3.1631 -3.4615
v  0.5845 3.0289 -3.3915
v  0.5815 3.0288 -3.4352
v  0.5914 3.0361 -3.3236
v  0.5937 2.8188 -3.3452
v  0.5897 2.8807 -3.4183
v  0.5858 2.8973 -3.4591
v  0.5849 2.7554 -3.5019
v  0.5817 2.7861 -3.5331
v  0.5811 2.6716 -3.4737
v  0.5671 2.5911 -3.6097
v  0.5722 2.6696 -3.6257
v  0.5710 2.7100 -3.6429
v  0.5538 2.6401 -3.7734
v  0.5554 2.6838 -3.7740
v  0.5465 2.5641 -3.7731
v  0.5170 2.5892 -3.9724
v  0.5323 2.6669 -3.9216
v  0.5375 2.7077 -3.9055
v  0.5107 2.7505 -4.0469
v  0.5200 2.7819 -4.0170
v  0.4931 2.7194 -4.1170
v  0.4575 2.8565 -4.2207
v  0.4802 2.8767 -4.1395
v  0.4969 2.8926 -4.0950
v  0.4325 3.0316 -4.1897
v  0.4624 3.0256 -4.1264
v  0.3991 3.0195 -4.2870
v  0.3926 3.1854 -4.1796
v  0.4332 3.1586 -4.1068
v  0.3856 3.3084 -4.0914
v  0.4264 3.2693 -4.0317
v  0.3979 3.4009 -3.9530
v  0.4359 3.3471 -3.9184
v  0.4158 3.4635 -3.7922
v  0.4559 3.3815 -3.7840
v  0.1521 2.4902 -4.8981
v  0.1565 2.4746 -4.9346
v  0.0786 2.4845 -4.9899
v  0.0884 2.5024 -4.9350
v  0.1479 2.4381 -4.9434
v  0.0744 2.4508 -4.9984
v  0.0003 2.4221 4.7551
v  0.0003 2.1661 4.8531
v  0.0007 2.1590 4.8117
v  0.0007 2.4179 4.7146
v  0.5697 2.5317 -3.3192
v  0.5595 2.4832 -3.4533
v  0.5265 2.2457 -3.2998
v  0.5177 2.2430 -3.4358
v  0.5053 2.2445 -3.5847
v  0.5461 2.4386 -3.5970
v  0.5257 2.4262 -3.7731
v  0.4855 2.2553 -3.7713
v  0.4561 2.2694 -3.9725
v  0.4956 2.4253 -3.9644
v  0.2774 3.0755 -4.4776
v  0.1485 3.1286 -4.5115
v  0.2570 2.9771 -4.6141
v  0.1376 3.0209 -4.6386
v  0.1397 1.9848 -4.1832
v  0.1241 2.0434 -4.3415
v  0.2345 2.1019 -4.3361
v  0.2628 2.0541 -4.1803
v  0.3530 2.1565 -4.1737
v  0.3913 2.1194 -3.9772
v  0.3177 2.1863 -4.3271
v  0.3763 2.2893 -4.3166
v  0.4149 2.2806 -4.1646
v  0.4679 2.5537 -4.1759
v  0.4584 2.6902 -4.2640
v  0.4281 2.5294 -4.3299
v  0.4216 2.6663 -4.4164
v  0.3926 2.7963 -4.5158
v  0.4249 2.8265 -4.3670
v  0.3670 2.9648 -4.4339
v  0.3398 2.9011 -4.5775
v  0.0628 2.4123 -4.9869
v  0.1238 2.4002 -4.9362
v  0.1021 2.3584 -4.9056
v  0.0558 2.3583 -4.9377
v  0.0003 1.9496 4.9097
v  0.0007 1.9401 4.8744
v  0.0004 1.7763 4.9331
v  0.0006 1.8085 4.9022
v  0.4530 2.0038 -3.4165
v  0.4405 2.0414 -3.5696
v  0.4613 1.9736 -3.2803
v  0.4202 2.0805 -3.7661
v  0.4533 2.4151 -4.1540
v  0.4131 2.4037 -4.3071
v  0.1930 3.7831 -3.4875
v  0.1947 3.8625 -3.3482
v  0.3665 3.7569 -3.3021
v  0.3629 3.6845 -3.4404
v  0.4867 3.4872 -3.3450
v  0.4925 3.5430 -3.2103
v  0.5737 3.2943 -3.1179
v  0.5657 3.2562 -3.2515
v  0.6011 3.0565 -3.2101
v  0.6108 3.0841 -3.0701
v  0.6132 2.8592 -3.0448
v  0.6027 2.8392 -3.1928
v  0.5803 2.5554 -3.1721
v  0.5898 2.5662 -3.0201
v  0.5432 2.2480 -2.9993
v  0.5354 2.2472 -3.1514
v  0.4694 1.9567 -3.1343
v  0.4760 1.9473 -2.9857
v  0.3680 1.7040 -2.9778
v  0.3629 1.7221 -3.1215
v  0.1965 1.5816 -3.1136
v  0.1992 1.5580 -2.9739
v  0.2429 2.9186 -4.6995
v  0.1301 2.9553 -4.7215
v  0.2315 2.8815 -4.7516
v  0.1240 2.9134 -4.7744
v  0.1148 2.0729 -4.4228
v  0.1087 2.0880 -4.4648
v  0.2073 2.1410 -4.4611
v  0.2179 2.1272 -4.4179
v  0.2978 2.2034 -4.4084
v  0.2855 2.2142 -4.4517
v  0.3416 2.3020 -4.4407
v  0.3549 2.2960 -4.3974
v  0.3896 2.3993 -4.3886
v  0.3739 2.3990 -4.4322
v  0.3853 2.5101 -4.4585
v  0.4033 2.5166 -4.4132
v  0.3977 2.6514 -4.5029
v  0.3791 2.6400 -4.5516
v  0.3533 2.7583 -4.6565
v  0.3709 2.7757 -4.6045
v  0.3212 2.8617 -4.6653
v  0.3060 2.8343 -4.7177
v  0.2045 2.4827 -4.8030
v  0.1170 2.4940 -4.8072
v  0.0657 2.2783 -4.8332
v  0.0808 2.2042 -4.7241
v  0.1276 2.3088 -4.8243
v  0.1575 2.2435 -4.7145
v  0.1816 2.3526 -4.8222
v  0.2262 2.3001 -4.7035
v  0.2195 2.4019 -4.8199
v  0.2752 2.3633 -4.6923
v  0.2329 2.4486 -4.8104
v  0.2930 2.4223 -4.6823
v  0.0008 5.2423 -0.6665
v  0.0005 5.2795 -0.6544
v  0.0005 5.2885 -0.4051
v  0.0008 5.2499 -0.4175
v  0.0005 5.2846 -0.1277
v  0.0008 5.2448 -0.1427
v  0.5186 3.5432 -0.8506
v  0.4399 3.8455 -0.9055
v  0.4234 3.8227 -0.6728
v  0.5000 3.5259 -0.6217
v  0.3239 4.0927 -0.9547
v  0.3112 4.0648 -0.7190
v  0.2980 4.0288 -0.4831
v  0.4061 3.7935 -0.4421
v  0.4803 3.5040 -0.3974
v  0.5569 2.9710 -0.7921
v  0.5545 3.2640 -0.8155
v  0.5349 3.2500 -0.5899
v  0.5372 2.9607 -0.5688
v  0.5141 3.2326 -0.3698
v  0.5164 2.9484 -0.3521
v  0.4913 2.2696 -0.7567
v  0.5349 2.6272 -0.7720
v  0.5159 2.6241 -0.5498
v  0.4734 2.2732 -0.5347
v  0.4957 2.6204 -0.3367
v  0.4545 2.2773 -0.3257
v  0.3301 1.6621 -0.7428
v  0.4287 1.9356 -0.7476
v  0.4125 1.9413 -0.5252
v  0.3171 1.6686 -0.5198
v  0.3956 1.9480 -0.3208
v  0.3037 1.6762 -0.3200
v  0.1783 1.4863 -0.7404
v  0.1712 1.4955 -0.5171
v  0.1638 1.5058 -0.3213
v  0.0006 5.2196 3.1175
v  0.0004 5.2361 3.1508
v  0.0004 5.2462 3.2254
v  0.0007 5.2212 3.1710
v  0.0004 5.2391 3.2470
v  0.0007 5.2076 3.1910
v  0.0005 5.2322 -1.5499
v  0.0005 5.1797 -1.7767
v  0.0008 5.1945 -1.5632
v  0.0008 5.1426 -1.7886
v  0.0008 5.0810 -1.9963
v  0.0005 5.1154 -1.9846
v  0.2975 3.2238 1.1948
v  0.2498 3.3976 1.2013
v  0.2339 3.3419 1.3584
v  0.2785 3.1835 1.3479
v  0.1820 3.5248 1.2055
v  0.1705 3.4560 1.3654
v  0.1605 3.3899 1.5032
v  0.2197 3.2885 1.4944
v  0.2615 3.1455 1.4813
v  0.3602 4.1344 -1.8207
v  0.4871 3.8736 -1.7447
v  0.4950 3.8646 -1.9242
v  0.3669 4.1263 -2.0147
v  0.5720 3.5584 -1.6606
v  0.5802 3.5493 -1.8258
v  0.5866 3.5355 -1.9867
v  0.5014 3.8499 -2.1014
v  0.3725 4.1117 -2.2078
v  0.3203 2.8144 1.1743
v  0.3189 3.0237 1.1858
v  0.2989 2.9955 1.3335
v  0.3006 2.7984 1.3170
v  0.2810 2.9698 1.4628
v  0.2831 2.7843 1.4422
v  0.6108 3.2763 -1.6080
v  0.6191 3.2688 -1.7688
v  0.6132 2.9815 -1.5768
v  0.6212 2.9761 -1.7391
v  0.6295 2.9430 -1.9038
v  0.6253 3.2581 -1.9238
v  0.2825 2.4154 1.1469
v  0.3081 2.6133 1.1606
v  0.2893 2.6126 1.3000
v  0.2656 2.4307 1.2836
v  0.2728 2.6116 1.4224
v  0.2510 2.4427 1.4029
v  0.5892 2.6280 -1.5573
v  0.5962 2.6241 -1.7223
v  0.5417 2.2589 -1.5492
v  0.5474 2.2555 -1.7172
v  0.5537 2.2508 -1.8610
v  0.5989 2.5865 -1.8641
v  0.1862 2.0495 1.1281
v  0.2439 2.2162 1.1355
v  0.2301 2.2453 1.2691
v  0.1764 2.0894 1.2588
v  0.2184 2.2683 1.3835
v  0.1684 2.1209 1.3683
v  0.4737 1.9171 -1.5527
v  0.4779 1.9132 -1.7221
v  0.3571 1.6125 -1.5777
v  0.3842 1.6476 -1.7428
v  0.4002 1.6509 -1.9040
v  0.4892 1.9375 -1.8659
v  0.0002 0.7516 3.1465
v  0.0002 0.8516 3.0833
v  0.0003 0.7938 3.0937
v  0.0003 0.8888 3.0407
v  0.0003 0.9850 2.9888
v  0.0002 0.9533 3.0211
v  0.1996 4.1284 -2.8276
v  0.1991 4.0793 -2.9346
v  0.3759 4.0063 -2.7752
v  0.3748 3.9566 -2.8868
v  0.3729 3.8963 -3.0154
v  0.1981 4.0170 -3.0612
v  0.5058 3.7470 -2.6668
v  0.5040 3.7039 -2.7880
v  0.5898 3.4447 -2.5546
v  0.5874 3.4114 -2.6863
v  0.5841 3.3741 -2.8256
v  0.5012 3.6539 -2.9214
v  0.6286 3.1940 -2.4903
v  0.6260 3.1691 -2.6299
v  0.6330 2.9114 -2.4384
v  0.6287 2.9167 -2.6002
v  0.6251 2.8977 -2.7477
v  0.6225 3.1413 -2.7745
v  0.6041 2.5676 -2.4454
v  0.6043 2.5941 -2.5784
v  0.5599 2.2456 -2.4382
v  0.5555 2.2482 -2.5669
v  0.5522 2.2486 -2.7079
v  0.6008 2.5851 -2.7243
v  0.4956 1.9467 -2.4424
v  0.4850 1.9263 -2.5681
v  0.3953 1.6667 -2.4309
v  0.3736 1.6682 -2.5733
v  0.3713 1.6788 -2.7017
v  0.4821 1.9330 -2.7020
v  0.2019 1.5137 -2.5736
v  0.2006 1.5267 -2.7023
v  0.2030 1.5017 -2.4475
v  0.1965 3.9426 -3.2026
v  0.3700 3.8287 -3.1572
v  0.1997 4.1633 -2.7454
v  0.3764 4.0425 -2.6844
v  0.1755 4.1900 -2.6889
v  0.3780 4.0772 -2.5788
v  0.4974 3.5994 -3.0656
v  0.5796 3.3343 -2.9727
v  0.5069 3.7804 -2.5595
v  0.5916 3.4726 -2.4304
v  0.5069 3.8073 -2.4393
v  0.5920 3.4965 -2.2997
v  0.6177 3.1127 -2.9231
v  0.6203 2.8786 -2.8962
v  0.6373 2.9907 -2.1816
v  0.6367 2.9783 -2.3074
v  0.6305 3.2144 -2.3570
v  0.6309 3.2312 -2.2216
v  0.5963 2.5760 -2.8712
v  0.5484 2.2485 -2.8517
v  0.4796 1.9397 -2.8414
v  0.3701 1.6902 -2.8372
v  0.2002 1.5405 -2.8363
v  0.2031 1.4909 -2.3214
v  0.3695 1.6146 -2.2970
v  0.3587 1.5832 -2.1699
v  0.1827 1.4723 -2.2192
v  0.0005 5.0389 -2.1790
v  0.0008 5.0113 -2.1902
v  0.0007 4.9585 -2.3097
v  0.0005 4.9606 -2.3376
v  0.0005 5.2732 -1.2990
v  0.0008 5.2351 -1.3162
v  0.0005 5.2948 -1.0569
v  0.0008 5.2568 -1.0765
v  0.5052 3.8306 -2.2798
v  0.3759 4.0928 -2.4008
v  0.5904 3.5176 -2.1482
v  0.4786 3.8754 -1.5594
v  0.5626 3.5619 -1.4861
v  0.3536 4.1340 -1.6251
v  0.3459 4.1264 -1.4185
v  0.4684 3.8710 -1.3601
v  0.5509 3.5604 -1.2947
v  0.6292 3.2457 -2.0760
v  0.6354 2.9956 -2.0515
v  0.6010 3.2791 -1.4382
v  0.6035 2.9830 -1.4073
v  0.5886 3.2778 -1.2516
v  0.5911 2.9815 -1.2223
v  0.5800 2.6295 -1.3848
v  0.5335 2.2613 -1.3726
v  0.5681 2.6295 -1.1984
v  0.5223 2.2635 -1.1828
v  0.4667 1.9208 -1.3725
v  0.3603 1.6461 -1.3787
v  0.4567 1.9250 -1.1785
v  0.3524 1.6501 -1.1797
v  0.1806 1.4675 -1.5545
v  0.1949 1.4748 -1.3853
v  0.1906 1.4749 -1.1807
v  0.0008 5.1394 0.4570
v  0.0004 5.1774 0.4775
v  0.0004 5.1415 0.8498
v  0.0008 5.1026 0.8262
v  0.0004 5.1119 1.2120
v  0.0008 5.0712 1.1856
v  0.0004 5.2363 0.1591
v  0.0008 5.1974 0.1414
v  0.0005 5.2892 -0.8569
v  0.0008 5.2519 -0.8730
v  0.4378 3.4502 0.0270
v  0.3695 3.7173 0.0081
v  0.3484 3.6706 0.2311
v  0.4142 3.4179 0.2369
v  0.2706 3.9316 -0.0092
v  0.2542 3.8708 0.2256
v  0.2379 3.8057 0.4493
v  0.3270 3.6203 0.4474
v  0.3898 3.3829 0.4446
v  0.3884 3.7583 -0.2158
v  0.4597 3.4788 -0.1828
v  0.2848 3.9843 -0.2460
v  0.4552 3.8613 -1.1383
v  0.3357 4.1129 -1.1914
v  0.5359 3.5544 -1.0789
v  0.4713 2.9215 0.0424
v  0.4690 3.1925 0.0389
v  0.4447 3.1684 0.2386
v  0.4475 2.9054 0.2334
v  0.4191 3.1420 0.4389
v  0.4222 2.8881 0.4277
v  0.4922 3.2137 -0.1621
v  0.4943 2.9356 -0.1505
v  0.5728 3.2731 -1.0401
v  0.5752 2.9777 -1.0136
v  0.4149 2.2911 0.0212
v  0.4525 2.6142 0.0363
v  0.4301 2.6123 0.2182
v  0.3946 2.3053 0.1941
v  0.4063 2.6114 0.4080
v  0.3730 2.3245 0.3811
v  0.4744 2.6170 -0.1450
v  0.4349 2.2825 -0.1462
v  0.5526 2.6289 -0.9912
v  0.5079 2.2663 -0.9751
v  0.2797 1.6975 -0.0240
v  0.3608 1.9726 -0.0024
v  0.3431 2.0009 0.1622
v  0.2642 1.7495 0.1392
v  0.3239 2.0398 0.3480
v  0.2490 1.8042 0.3212
v  0.3783 1.9567 -0.1550
v  0.2903 1.6858 -0.1675
v  0.4437 1.9300 -0.9678
v  0.3421 1.6557 -0.9653
v  0.0002 0.5441 2.9253
v  0.0002 0.5493 3.0342
v  0.0003 0.5619 2.9077
v  0.0003 0.5697 2.9842
v  0.0003 0.5981 3.0525
v  0.0002 0.5712 3.1108
v  0.1566 1.5161 -0.1802
v  0.1331 1.5131 -0.0843
v  0.1849 1.4791 -0.9636
v  0.0004 5.0402 1.7292
v  0.0004 5.0714 1.5001
v  0.0007 4.9943 1.7004
v  0.0007 5.0293 1.4717
v  0.0004 5.0553 2.0829
v  0.0004 5.0385 1.9145
v  0.0008 4.9768 2.0978
v  0.0007 4.9833 1.8875
v  0.2104 3.6712 0.8435
v  0.2878 3.5138 0.8441
v  0.3071 3.5683 0.6510
v  0.2238 3.7398 0.6526
v  0.3416 3.3066 0.8430
v  0.3655 3.3458 0.6479
v  0.2683 3.4559 1.0287
v  0.1959 3.5980 1.0296
v  0.3187 3.2654 1.0259
v  0.3660 3.0845 0.8381
v  0.3924 3.1140 0.6416
v  0.3677 2.8517 0.8293
v  0.3949 2.8702 0.6306
v  0.3413 3.0539 1.0201
v  0.3428 2.8327 1.0112
v  0.3537 2.6127 0.8165
v  0.3800 2.6118 0.6135
v  0.3244 2.3726 0.8006
v  0.3488 2.3479 0.5911
v  0.3297 2.6132 0.9992
v  0.3022 2.3956 0.9859
v  0.2800 2.1364 0.7823
v  0.3020 2.0873 0.5643
v  0.2137 1.9408 0.7687
v  0.2313 1.8717 0.5427
v  0.2606 2.1796 0.9730
v  0.1987 2.0000 0.9643
v  0.0003 0.6668 3.1194
v  0.0002 0.6270 3.1812
v  0.0002 0.5942 3.1593
v  0.0003 0.6282 3.0974
v  0.0002 0.6781 3.1781
v  0.0003 0.7209 3.1191
v  0.0702 2.1395 1.8502
v  0.0635 2.1616 1.9821
v  0.1300 2.2093 1.8481
v  0.1180 2.2276 1.9808
v  0.1058 2.2427 2.1115
v  0.0568 2.1805 2.1127
v  0.1693 2.3289 1.8564
v  0.1541 2.3382 1.9866
v  0.1942 2.4690 1.8696
v  0.1774 2.4684 1.9958
v  0.1605 2.4654 2.1217
v  0.1388 2.3445 2.1155
v  0.2108 2.6004 1.8823
v  0.1930 2.5932 2.0047
v  0.2184 2.7337 1.8939
v  0.2003 2.7201 2.0128
v  0.1821 2.7071 2.1318
v  0.1752 2.5848 2.1271
v  0.2162 2.8792 1.9037
v  0.1985 2.8567 2.0195
v  0.2007 3.0146 1.9119
v  0.1843 2.9849 2.0254
v  0.1677 2.9598 2.1395
v  0.1807 2.8371 2.1358
v  0.1684 3.1172 1.9188
v  0.1543 3.0863 2.0307
v  0.1219 3.1860 1.9268
v  0.1113 3.1564 2.0366
v  0.1005 3.1317 2.1477
v  0.1399 3.0604 2.1433
v  0.0638 3.2197 1.9383
v  0.0582 3.1909 2.0442
v  0.0524 3.1665 2.1530
v  0.0362 3.1309 2.4729
v  0.0418 3.1374 2.3657
v  0.0312 3.1395 2.5892
v  0.0597 3.1034 2.5961
v  0.0696 3.0949 2.4776
v  0.0804 3.1010 2.3675
v  0.0970 3.0277 2.4842
v  0.1123 3.0308 2.3688
v  0.0830 3.0369 2.6085
v  0.0992 2.9397 2.6229
v  0.1163 2.9316 2.4918
v  0.1348 2.9328 2.3700
v  0.1251 2.8090 2.4992
v  0.1451 2.8131 2.3719
v  0.1067 2.8110 2.6356
v  0.1072 2.6715 2.6440
v  0.1257 2.6775 2.5047
v  0.1459 2.6862 2.3737
v  0.1203 2.5544 2.5066
v  0.1397 2.5664 2.3750
v  0.1026 2.5414 2.6454
v  0.0936 2.4225 2.6422
v  0.1095 2.4402 2.5056
v  0.1271 2.4531 2.3750
v  0.0938 2.3351 2.5026
v  0.1088 2.3456 2.3732
v  0.0806 2.3161 2.6367
v  0.0611 2.2311 2.6313
v  0.0707 2.2496 2.4994
v  0.0819 2.2569 2.3717
v  0.0378 2.1943 2.4983
v  0.0437 2.1998 2.3723
v  0.0328 2.1765 2.6284
v  0.0160 3.6536 3.8917
v  0.0084 3.7479 3.8937
v  0.0066 3.8561 4.1051
v  0.0124 3.7496 4.0959
v  0.0047 3.9538 4.3169
v  0.0089 3.8367 4.3005
v  0.0255 3.1465 3.8572
v  0.0217 3.4250 3.8764
v  0.0169 3.4878 4.0612
v  0.0199 3.1739 4.0201
v  0.0121 3.5454 4.2462
v  0.0143 3.2001 4.1831
v  0.0274 2.6728 3.8405
v  0.0273 2.9019 3.8438
v  0.0213 2.9114 3.9919
v  0.0214 2.6722 3.9842
v  0.0152 2.9209 4.1401
v  0.0153 2.6717 4.1279
v  0.0242 2.2213 3.8727
v  0.0263 2.4407 3.8520
v  0.0205 2.4285 4.0043
v  0.0189 2.1938 4.0419
v  0.0147 2.4163 4.1566
v  0.0135 2.1668 4.2112
v  0.0163 1.8855 3.9170
v  0.0212 2.0301 3.8971
v  0.0165 1.9815 4.0866
v  0.0127 1.8188 4.1236
v  0.0118 1.9354 4.2762
v  0.0091 1.7565 4.3304
v  0.0088 1.8057 3.9242
v  0.0069 1.7328 4.1382
v  0.0049 1.6650 4.3524
v  0.0008 4.1261 4.8379
v  0.0014 4.1004 4.7111
v  0.0006 4.0996 4.9225
v  0.0012 3.9686 4.8796
v  0.0015 3.9905 4.8002
v  0.0026 3.9675 4.6804
v  0.0020 3.6511 4.7054
v  0.0036 3.6344 4.5919
v  0.0016 3.6406 4.7880
v  0.0018 3.2550 4.6804
v  0.0024 3.2542 4.5960
v  0.0042 3.2439 4.4899
v  0.0026 2.9461 4.5148
v  0.0045 2.9390 4.4190
v  0.0019 2.9514 4.5901
v  0.0019 2.6826 4.5516
v  0.0026 2.6767 4.4854
v  0.0046 2.6722 4.3968
v  0.0025 2.3959 4.5318
v  0.0044 2.3959 4.4408
v  0.0019 2.4015 4.5995
v  0.0017 2.1239 4.6906
v  0.0023 2.1172 4.6209
v  0.0040 2.1225 4.5248
v  0.0020 1.8537 4.7198
v  0.0035 1.8644 4.6226
v  0.0015 1.8654 4.7813
v  0.0012 1.6680 4.8571
v  0.0015 1.6498 4.8034
v  0.0027 1.6644 4.7045
v  0.0008 1.5500 4.8466
v  0.0015 1.5656 4.7408
v  0.0007 1.5735 4.9031
v  0.0005 4.0040 4.9785
v  0.0009 3.8889 4.9345
v  0.0011 3.5967 4.8561
v  0.0012 3.2459 4.7592
v  0.0013 2.9549 4.6595
v  0.0013 2.6880 4.6095
v  0.0013 2.4099 4.6616
v  0.0012 2.1414 4.7559
v  0.0011 1.9032 4.8322
v  0.0009 1.7284 4.8907
v  0.0005 1.6499 4.9314
v  0.0183 3.3786 3.1748
v  0.0213 3.3013 3.0204
v  0.0348 3.3223 3.1853
v  0.0407 3.2521 3.0308
v  0.0466 3.1858 2.8778
v  0.0244 3.2284 2.8678
v  0.0479 3.2001 3.2050
v  0.0562 3.1500 3.0510
v  0.0568 3.0370 3.2264
v  0.0669 3.0096 3.0731
v  0.0769 2.9827 2.9200
v  0.0645 3.1021 2.8979
v  0.0609 2.8577 3.2417
v  0.0717 2.8452 3.0888
v  0.0612 2.6723 3.2487
v  0.0720 2.6716 3.0965
v  0.0829 2.6708 2.9442
v  0.0825 2.8326 2.9359
v  0.0587 2.4906 3.2454
v  0.0691 2.5033 3.0944
v  0.0537 2.3252 3.2360
v  0.0632 2.3502 3.0865
v  0.0726 2.3753 2.9369
v  0.0794 2.5160 2.9434
v  0.0466 2.1890 3.2247
v  0.0547 2.2221 3.0765
v  0.0357 2.0868 3.2146
v  0.0418 2.1248 3.0675
v  0.0478 2.1638 2.9204
v  0.0627 2.2558 2.9284
v  0.0192 2.0233 3.2088
v  0.0225 2.0638 3.0623
v  0.0257 2.1055 2.9158
v  0.1030 4.2143 -2.6592
v  0.0299 4.2362 -2.6492
v  0.0523 4.2378 -2.5896
v  0.1800 4.2020 -2.5927
v  0.2048 4.2122 -2.4411
v  0.0595 4.2533 -2.4417
v  0.0590 4.2731 -2.2479
v  0.2029 4.2312 -2.2458
v  0.1997 4.2456 -2.0480
v  0.0582 4.2877 -2.0505
v  0.0572 4.2954 -1.8512
v  0.1959 4.2532 -1.8490
v  0.1923 4.2520 -1.6499
v  0.0563 4.2944 -1.6519
v  0.0552 4.2858 -1.4423
v  0.1881 4.2432 -1.4405
v  0.1826 4.2284 -1.2110
v  0.0538 4.2709 -1.2119
v  0.0521 4.2488 -0.9728
v  0.1761 4.2065 -0.9725
v  0.1692 4.1766 -0.7361
v  0.0503 4.2186 -0.7369
v  0.0485 4.1791 -0.5005
v  0.1621 4.1378 -0.4991
v  0.1550 4.0891 -0.2583
v  0.0467 4.1291 -0.2597
v  0.0447 4.0687 -0.0166
v  0.1474 4.0307 -0.0163
v  0.1385 3.9628 0.2245
v  0.0423 3.9981 0.2266
v  0.0400 3.9233 0.4559
v  0.1296 3.8905 0.4522
v  0.1223 3.8187 0.6543
v  0.0380 3.8500 0.6569
v  0.0362 3.7746 0.8438
v  0.1153 3.7444 0.8429
v  0.1076 3.6646 1.0297
v  0.0342 3.6932 1.0307
v  0.0323 3.6117 1.2096
v  0.1001 3.5849 1.2076
v  0.0941 3.5109 1.3694
v  0.0307 3.5360 1.3725
v  0.0293 3.4650 1.5131
v  0.0888 3.4407 1.5086
v  0.1427 3.2646 1.7122
v  0.0704 3.3219 1.6967
v  0.0396 3.3026 1.7409
v  0.0640 3.2793 1.7684
v  0.0238 3.3459 1.7027
v  0.0134 3.3212 1.7413
v  0.1185 1.8226 0.7668
v  0.1283 1.7426 0.5359
v  0.0354 1.7562 0.7726
v  0.0380 1.6699 0.5391
v  0.0407 1.5862 0.3172
v  0.1382 1.6646 0.3134
v  0.1466 1.6015 0.1417
v  0.0430 1.5191 0.1558
v  0.0389 1.4702 0.0541
v  0.1331 1.5443 0.0271
v  0.0772 1.4836 -0.0238
v  0.0226 1.4410 0.0112
v  0.0435 2.0636 1.5645
v  0.0716 2.0912 1.6103
v  0.0135 2.0390 1.5541
v  0.0239 2.0355 1.5228
v  0.0771 2.0740 1.5297
v  0.1518 2.1660 1.5742
v  0.0906 2.0614 1.4575
v  0.1612 2.1452 1.4686
v  0.0280 2.0164 1.4540
v  0.0290 1.9851 1.3610
v  0.0944 2.0330 1.3615
v  0.1036 1.9492 1.1265
v  0.1103 1.8915 0.9637
v  0.0314 1.8937 1.1296
v  0.0332 1.8308 0.9689
v  0.0053 1.7160 0.7819
v  0.0055 1.6237 0.5473
v  0.0024 1.6882 0.7970
v  0.0025 1.5893 0.5615
v  0.0026 1.4934 0.3389
v  0.0056 1.5343 0.3254
v  0.0058 1.4643 0.1678
v  0.0026 1.4194 0.1814
v  0.0023 1.3709 0.0848
v  0.0052 1.4177 0.0709
v  0.0030 1.3989 0.0308
v  0.0013 1.3514 0.0448
v  0.0024 2.0234 1.5548
v  0.0011 2.0135 1.5719
v  0.0020 2.0030 1.5415
v  0.0043 2.0144 1.5247
v  0.0049 1.9916 1.4568
v  0.0023 1.9770 1.4715
v  0.0023 1.9396 1.3776
v  0.0050 1.9575 1.3647
v  0.0051 1.8611 1.1367
v  0.0052 1.7950 0.9776
v  0.0023 1.8398 1.1522
v  0.0024 1.7713 0.9933
v  0.0010 1.6590 0.8198
v  0.0011 1.5524 0.5824
v  0.0005 1.6216 0.8805
v  0.0006 1.5075 0.6440
v  0.0006 1.3936 0.4174
v  0.0011 1.4480 0.3587
v  0.0011 1.3669 0.2002
v  0.0006 1.3003 0.2444
v  0.0005 1.2368 0.1319
v  0.0010 1.3136 0.1028
v  0.0006 1.2926 0.0625
v  0.0003 1.2124 0.0867
v  0.0005 2.0061 1.6106
v  0.0003 2.0024 1.6878
v  0.0005 1.9870 1.6569
v  0.0009 1.9933 1.5794
v  0.0010 1.9628 1.5037
v  0.0005 1.9513 1.5784
v  0.0005 1.9036 1.4758
v  0.0010 1.9210 1.4045
v  0.0010 1.8178 1.1806
v  0.0010 1.7468 1.0194
v  0.0005 1.7918 1.2477
v  0.0005 1.7156 1.0828
v  0.0004 1.1200 1.0780
v  0.0004 1.2789 1.2662
v  0.0004 1.2383 1.4454
v  0.0004 1.0744 1.2841
v  0.0004 1.4184 1.4394
v  0.0004 1.3815 1.5957
v  0.0004 1.3439 1.7763
v  0.0004 1.2009 1.6463
v  0.0004 1.0375 1.5072
v  0.0003 0.7756 0.6956
v  0.0004 0.9306 0.8658
v  0.0004 0.8785 1.1060
v  0.0003 0.7179 0.9643
v  0.0004 0.8455 1.3580
v  0.0003 0.6891 1.2406
v  0.0002 0.7200 0.6331
v  0.0002 0.6603 0.9119
v  0.0002 0.6326 1.1968
v  0.0003 1.9707 2.1275
v  0.0002 1.9920 2.1500
v  0.0002 1.9607 2.2515
v  0.0003 1.9391 2.2283
v  0.0002 1.9044 2.3676
v  0.0003 1.8831 2.3441
v  0.0004 1.6662 1.7588
v  0.0004 1.7614 1.8867
v  0.0004 1.7292 1.9906
v  0.0004 1.6337 1.8742
v  0.0004 1.8424 1.9912
v  0.0004 1.8102 2.0897
v  0.0004 1.7576 2.2036
v  0.0004 1.6800 2.1124
v  0.0004 1.5885 2.0109
v  0.0004 1.5497 1.6066
v  0.0004 1.5155 1.7406
v  0.0004 1.4748 1.8984
v  0.0004 0.9515 2.0138
v  0.0004 1.0958 2.1232
v  0.0004 0.9859 2.3989
v  0.0004 0.8698 2.3270
v  0.0004 1.2214 2.2203
v  0.0004 1.0908 2.4627
v  0.0004 0.9346 2.7066
v  0.0004 0.8544 2.6734
v  0.0004 0.7720 2.6344
v  0.0004 1.1604 1.8723
v  0.0004 1.0019 1.7455
v  0.0004 1.2982 1.9880
v  0.0004 1.5129 1.1630
v  0.0004 1.3868 0.9480
v  0.0004 1.4493 0.7801
v  0.0004 1.5694 1.0089
v  0.0004 1.2524 0.7160
v  0.0004 1.3257 0.5473
v  0.0004 1.3292 1.1052
v  0.0004 1.4624 1.3009
v  0.0004 1.1816 0.8908
v  0.0003 0.6564 1.7993
v  0.0004 0.7879 1.8941
v  0.0004 0.7446 2.2498
v  0.0003 0.6458 2.1888
v  0.0004 0.6895 2.5919
v  0.0003 0.6263 2.5581
v  0.0004 0.8184 1.6088
v  0.0003 0.6697 1.5011
v  0.0004 1.1147 0.4697
v  0.0004 1.2130 0.3343
v  0.0003 1.0089 0.2770
v  0.0003 1.1313 0.1792
v  0.0004 1.0149 0.6503
v  0.0003 0.8815 0.4578
v  0.0002 0.6081 1.7642
v  0.0002 0.6090 2.1658
v  0.0002 0.6021 2.5448
v  0.0002 0.6156 1.4611
v  0.0002 0.9702 0.2060
v  0.0002 1.1008 0.1202
v  0.0002 0.8333 0.3874
v  0.0003 1.6743 2.6093
v  0.0002 1.6947 2.6292
v  0.0002 1.5316 2.7343
v  0.0003 1.5115 2.7198
v  0.0002 1.3629 2.8234
v  0.0003 1.3433 2.8150
v  0.0002 1.8174 2.5003
v  0.0003 1.7965 2.4776
v  0.0002 2.0055 1.9604
v  0.0002 2.0035 1.8201
v  0.0003 1.9863 1.9367
v  0.0003 1.9860 1.7926
v  0.0002 2.0043 2.0617
v  0.0003 1.9838 2.0394
v  0.0004 1.4191 2.3741
v  0.0004 1.4928 2.4354
v  0.0004 1.3304 2.6003
v  0.0004 1.2621 2.5611
v  0.0004 1.5583 2.4944
v  0.0004 1.3942 2.6392
v  0.0004 1.2222 2.7751
v  0.0004 1.1536 2.7620
v  0.0004 1.0836 2.7497
v  0.0004 1.6053 2.2667
v  0.0004 1.5224 2.1841
v  0.0004 1.6765 2.3438
v  0.0004 1.9397 1.8742
v  0.0004 1.9448 1.7207
v  0.0004 1.8760 1.7818
v  0.0004 1.8891 1.6215
v  0.0004 1.9165 2.0730
v  0.0004 1.9326 1.9828
v  0.0004 1.8623 1.8968
v  0.0004 1.3289 2.3032
v  0.0004 1.1826 2.5161
v  0.0004 1.0109 2.7317
v  0.0004 1.4195 2.0916
v  0.0004 1.7232 1.5290
v  0.0004 1.6254 1.3586
v  0.0004 1.6719 1.2102
v  0.0004 1.7579 1.3795
v  0.0004 1.5855 1.4851
v  0.0004 1.6943 1.6496
v  0.0038 4.2559 -2.6519
v  0.0017 4.2806 -2.6634
v  0.0029 4.2870 -2.6033
v  0.0066 4.2621 -2.5938
v  0.0075 4.2804 -2.4439
v  0.0034 4.3069 -2.4461
v  0.0034 4.3304 -2.2419
v  0.0075 4.3020 -2.2470
v  0.0075 4.3178 -2.0483
v  0.0033 4.3475 -2.0407
v  0.0033 4.3571 -1.8411
v  0.0075 4.3263 -1.8488
v  0.0074 4.3262 -1.6494
v  0.0033 4.3579 -1.6415
v  0.0033 4.3509 -1.4315
v  0.0074 4.3183 -1.4396
v  0.0074 4.3036 -1.2090
v  0.0033 4.3370 -1.2008
v  0.0033 4.3153 -0.9615
v  0.0073 4.2814 -0.9697
v  0.0073 4.2511 -0.7340
v  0.0033 4.2852 -0.7258
v  0.0033 4.2455 -0.4896
v  0.0072 4.2114 -0.4977
v  0.0072 4.1609 -0.2569
v  0.0032 4.1951 -0.2488
v  0.0032 4.1340 -0.0054
v  0.0071 4.0999 -0.0135
v  0.0070 4.0284 0.2306
v  0.0032 4.0626 0.2387
v  0.0032 3.9868 0.4688
v  0.0069 3.9527 0.4604
v  0.0068 3.8790 0.6610
v  0.0031 3.9127 0.6702
v  0.0031 3.8363 0.8576
v  0.0067 3.8031 0.8473
v  0.0067 3.7212 1.0343
v  0.0031 3.7536 1.0456
v  0.0031 3.6700 1.2254
v  0.0066 3.6386 1.2135
v  0.0066 3.5607 1.3768
v  0.0030 3.5904 1.3883
v  0.0030 3.5126 1.5319
v  0.0065 3.4868 1.5189
v  0.0056 3.3614 1.7156
v  0.0032 3.3357 1.7528
v  0.0026 3.3728 1.7407
v  0.0015 3.3468 1.7790
v  0.0008 4.3178 -2.6797
v  0.0005 4.3686 -2.6984
v  0.0010 4.3756 -2.6298
v  0.0014 4.3245 -2.6158
v  0.0016 4.3458 -2.4470
v  0.0011 4.3980 -2.4467
v  0.0011 4.4247 -2.2167
v  0.0016 4.3709 -2.2313
v  0.0016 4.3889 -2.0268
v  0.0011 4.4446 -2.0072
v  0.0011 4.4561 -1.8075
v  0.0016 4.3989 -1.8275
v  0.0016 4.4000 -1.6275
v  0.0011 4.4576 -1.6066
v  0.0011 4.4517 -1.3954
v  0.0015 4.3936 -1.4169
v  0.0015 4.3815 -1.1860
v  0.0011 4.4413 -1.1643
v  0.0011 4.4229 -0.9253
v  0.0015 4.3617 -0.9468
v  0.0015 4.3322 -0.7110
v  0.0011 4.3932 -0.6900
v  0.0011 4.3523 -0.4540
v  0.0015 4.2924 -0.4748
v  0.0015 4.2420 -0.2340
v  0.0011 4.3006 -0.2130
v  0.0010 4.2385 0.0315
v  0.0015 4.1810 0.0094
v  0.0015 4.1095 0.2535
v  0.0010 4.1667 0.2779
v  0.0010 4.0906 0.5124
v  0.0015 4.0333 0.4844
v  0.0015 3.9582 0.6882
v  0.0010 4.0159 0.7212
v  0.0010 3.9378 0.9169
v  0.0015 3.8801 0.8787
v  0.0015 3.7955 1.0699
v  0.0010 3.8516 1.1118
v  0.0010 3.7651 1.2953
v  0.0015 3.7103 1.2514
v  0.0014 3.6305 1.4131
v  0.0010 3.6863 1.4566
v  0.0010 3.6006 1.6053
v  0.0014 3.5489 1.5577
v  0.0013 3.3846 1.7831
v  0.0007 3.3547 1.8235
v  0.0008 3.4026 1.8621
v  0.0005 3.3663 1.9069
v  0.0008 4.5192 -2.6406
v  0.0005 4.5123 -2.7173
v  0.0005 4.6008 -2.6788
v  0.0008 4.6063 -2.6039
v  0.0005 4.6873 -2.6217
v  0.0008 4.6924 -2.5506
v  0.0009 4.5702 -2.1777
v  0.0009 4.5408 -2.4335
v  0.0009 4.6241 -2.4018
v  0.0009 4.6517 -2.1501
v  0.0009 4.7089 -2.3601
v  0.0009 4.7370 -2.1192
v  0.0009 4.6224 -1.7490
v  0.0009 4.6001 -1.9548
v  0.0009 4.6865 -1.9260
v  0.0009 4.7166 -1.7160
v  0.0009 4.7768 -1.8969
v  0.0009 4.8142 -1.6831
v  0.0009 4.6248 -1.3313
v  0.0009 4.6289 -1.5442
v  0.0009 4.7297 -1.5066
v  0.0009 4.7305 -1.2907
v  0.0009 4.8348 -1.4678
v  0.0009 4.8420 -1.2479
v  0.0009 4.5969 -0.8638
v  0.0009 4.6156 -1.1009
v  0.0009 4.7237 -1.0613
v  0.0009 4.7075 -0.8262
v  0.0009 4.8387 -1.0202
v  0.0009 4.8266 -0.7876
v  0.0009 4.5187 -0.3956
v  0.0009 4.5644 -0.6309
v  0.0009 4.6800 -0.5935
v  0.0009 4.6394 -0.3555
v  0.0009 4.8074 -0.5533
v  0.0009 4.7749 -0.3103
v  0.0009 4.3932 0.1039
v  0.0009 4.4605 -0.1511
v  0.0009 4.5835 -0.1050
v  0.0009 4.5183 0.1622
v  0.0009 4.7231 -0.0521
v  0.0009 4.6616 0.2291
v  0.0009 4.2481 0.6283
v  0.0009 4.3204 0.3706
v  0.0009 4.4499 0.4505
v  0.0009 4.3818 0.7288
v  0.0009 4.6001 0.5410
v  0.0009 4.5381 0.8419
v  0.0008 4.1135 1.0640
v  0.0009 4.1825 0.8560
v  0.0009 4.3176 0.9664
v  0.0008 4.2510 1.1763
v  0.0009 4.4754 1.0899
v  0.0008 4.4106 1.3007
v  0.0008 3.9460 1.4473
v  0.0008 4.0313 1.2625
v  0.0008 4.1759 1.3715
v  0.0008 4.0942 1.5539
v  0.0008 4.3425 1.4897
v  0.0008 4.2632 1.6673
v  0.0008 3.7667 1.7858
v  0.0008 3.8680 1.6141
v  0.0008 4.0082 1.7254
v  0.0008 3.8850 1.9035
v  0.0008 4.1651 1.8438
v  0.0008 4.0181 2.0267
v  0.0004 3.4183 2.2060
v  0.0004 3.4538 2.3303
v  0.0007 3.4720 2.1469
v  0.0007 3.5180 2.2692
v  0.0007 3.5911 2.3799
v  0.0004 3.5189 2.4405
v  0.0004 5.2140 3.2424
v  0.0007 5.1792 3.1943
v  0.0004 5.1513 3.2013
v  0.0006 5.1302 3.1714
v  0.2067 3.2371 1.6036
v  0.2461 3.1109 1.5908
v  0.1511 3.3247 1.6125
v  0.1942 3.1904 1.7028
v  0.2314 3.0781 1.6919
v  0.2649 2.9471 1.5731
v  0.2674 2.7718 1.5530
v  0.2493 2.9254 1.6774
v  0.2520 2.7597 1.6604
v  0.2581 2.6106 1.5329
v  0.2381 2.4526 1.5118
v  0.2437 2.6088 1.6420
v  0.2251 2.4604 1.6213
v  0.2080 2.2865 1.4885
v  0.1972 2.3020 1.5973
v  0.0002 1.0319 2.9929
v  0.0003 1.0615 2.9669
v  0.0003 1.1233 2.9488
v  0.0002 1.1134 2.9652
v  0.0839 3.3728 1.6185
v  0.0280 3.3978 1.6248
v  0.0985 1.9960 1.2551
v  0.0301 1.9447 1.2566
v  0.0050 1.9146 1.2619
v  0.0023 1.8949 1.2758
v  0.0010 1.8743 1.3029
v  0.0005 1.8524 1.3721
v  0.0004 1.8846 2.1716
v  0.0004 1.8298 2.2851
v  0.0004 1.0802 2.8992
v  0.0004 1.1529 2.8958
v  0.0004 1.2909 2.7958
v  0.0003 1.2046 2.9009
v  0.0004 1.7449 2.4198
v  0.0004 1.6238 2.5584
v  0.0004 1.8286 1.5121
v  0.0004 1.8052 1.6684
v  0.0004 1.7848 1.7863
v  0.0065 3.4160 1.6348
v  0.0030 3.4340 1.6539
v  0.0014 3.4581 1.6877
v  0.0010 3.4934 1.7510
v  0.0008 3.6114 1.9851
v  0.0008 3.6917 2.1059
v  0.0008 3.7921 2.2237
v  0.0008 4.8359 -2.4424
v  0.0005 4.8253 -2.5059
v  0.0005 4.8908 -2.4382
v  0.0008 4.9043 -2.3802
v  0.0005 4.7598 -2.5656
v  0.0008 4.7671 -2.4980
v  0.0005 4.4342 -2.7173
v  0.0008 4.4414 -2.6437
v  0.0009 4.9168 -2.0554
v  0.0009 4.8695 -2.2742
v  0.0009 4.9491 -2.2268
v  0.0009 5.0083 -2.0225
v  0.0009 4.7901 -2.3181
v  0.0009 4.8259 -2.0876
v  0.0009 4.4642 -2.4454
v  0.0009 4.4928 -2.1994
v  0.0009 5.0144 -1.6215
v  0.0009 4.9680 -1.8401
v  0.0009 5.0653 -1.8117
v  0.0009 5.1149 -1.5894
v  0.0009 4.8713 -1.8684
v  0.0009 4.9138 -1.6521
v  0.0009 4.5172 -1.9826
v  0.0009 4.5331 -1.7804
v  0.0009 5.0648 -1.1630
v  0.0009 5.0469 -1.3925
v  0.0009 5.1524 -1.3509
v  0.0009 5.1729 -1.1159
v  0.0009 4.9408 -1.4307
v  0.0009 4.9539 -1.2062
v  0.0009 4.5360 -1.5782
v  0.0009 4.5303 -1.3665
v  0.0009 5.0627 -0.7179
v  0.0009 5.0670 -0.9427
v  0.0009 5.1720 -0.9042
v  0.0009 5.1655 -0.6886
v  0.0009 4.9545 -0.9810
v  0.0009 4.9473 -0.7512
v  0.0009 4.5204 -1.1356
v  0.0009 4.5017 -0.8973
v  0.0009 5.0443 -0.2155
v  0.0009 5.0607 -0.4747
v  0.0009 5.1694 -0.4419
v  0.0009 5.1598 -0.1738
v  0.0009 4.9372 -0.5128
v  0.0009 4.9130 -0.2623
v  0.0009 4.4697 -0.6632
v  0.0009 4.4254 -0.4280
v  0.0009 4.9390 0.3606
v  0.0009 4.9966 0.0577
v  0.0009 5.1127 0.1056
v  0.0009 5.0552 0.4160
v  0.0009 4.8638 0.0036
v  0.0009 4.8048 0.2967
v  0.0009 4.3698 -0.1862
v  0.0009 4.3046 0.0617
v  0.0009 4.8483 1.0468
v  0.0009 4.8927 0.7090
v  0.0009 5.0147 0.7771
v  0.0009 4.9781 1.1280
v  0.0009 4.7510 0.6287
v  0.0009 4.6977 0.9497
v  0.0009 4.2315 0.3151
v  0.0009 4.1566 0.5583
v  0.0008 4.7409 1.5353
v  0.0009 4.7967 1.3179
v  0.0009 4.9322 1.4082
v  0.0008 4.8871 1.6319
v  0.0009 4.6398 1.2094
v  0.0008 4.5780 1.4226
v  0.0009 4.0863 0.7757
v  0.0008 4.0124 0.9780
v  0.0008 4.6051 1.8787
v  0.0008 4.6844 1.7122
v  0.0008 4.8532 1.8134
v  0.0008 4.7894 1.9849
v  0.0008 4.5131 1.6038
v  0.0008 4.4316 1.7742
v  0.0008 3.9267 1.1760
v  0.0008 3.8400 1.3608
v  0.0008 4.3069 2.2607
v  0.0008 4.4810 2.0652
v  0.0008 4.6548 2.1782
v  0.0008 4.4738 2.3756
v  0.0008 4.8071 2.2964
v  0.0008 4.6305 2.4826
v  0.0008 4.3202 1.9554
v  0.0008 4.1569 2.1451
v  0.0008 3.7631 1.5241
v  0.0008 3.6726 1.6839
v  0.0004 3.8136 2.6612
v  0.0004 4.0499 2.7477
v  0.0007 3.8831 2.6029
v  0.0007 4.1084 2.6945
v  0.0007 4.3327 2.7702
v  0.0004 4.2867 2.8183
v  0.0004 3.6377 2.5548
v  0.0007 3.7117 2.4946
v  0.0004 3.3883 2.0496
v  0.0007 3.4326 1.9973
v  0.0008 4.0776 2.4547
v  0.0008 4.2707 2.5591
v  0.0008 4.4598 2.6494
v  0.0008 3.9194 2.3414
v  0.0008 3.5449 1.8585
v  0.1122 2.8457 -4.8407
v  0.1092 2.8236 -4.8724
v  0.2087 2.8191 -4.8179
v  0.2027 2.7981 -4.8502
v  0.1972 2.7743 -4.8874
v  0.1065 2.7987 -4.9096
v  0.1885 2.1676 -4.5392
v  0.0981 2.1189 -4.5445
v  0.0955 2.1344 -4.5829
v  0.1842 2.1813 -4.5764
v  0.0931 2.1504 -4.6214
v  0.1803 2.1957 -4.6136
v  0.3168 2.3158 -4.5168
v  0.2632 2.2355 -4.5285
v  0.2591 2.2472 -4.5646
v  0.3129 2.3242 -4.5523
v  0.2557 2.2598 -4.6009
v  0.3097 2.3335 -4.5879
v  0.3498 2.4994 -4.5347
v  0.3438 2.4019 -4.5086
v  0.3379 2.4047 -4.5441
v  0.3414 2.4954 -4.5702
v  0.3330 2.4080 -4.5792
v  0.3338 2.4912 -4.6052
v  0.3155 2.7168 -4.7276
v  0.3406 2.6137 -4.6257
v  0.3301 2.6029 -4.6609
v  0.3045 2.7004 -4.7621
v  0.3205 2.5911 -4.6959
v  0.2944 2.6823 -4.7975
v  0.2740 2.7807 -4.7859
v  0.2650 2.7613 -4.8193
v  0.2566 2.7394 -4.8556
v  0.1176 2.8762 -4.8110
v  0.2192 2.8476 -4.7881
v  0.1029 2.1034 -4.5052
v  0.1968 2.1543 -4.5012
v  0.2730 2.2247 -4.4913
v  0.3277 2.3085 -4.4801
v  0.3572 2.4000 -4.4718
v  0.3660 2.5043 -4.4982
v  0.3585 2.6267 -4.5910
v  0.3332 2.7374 -4.6949
v  0.2890 2.8062 -4.7550
v  0.1018 2.7596 -4.9556
v  0.1882 2.7371 -4.9320
v  0.0890 2.1676 -4.6610
v  0.1733 2.2111 -4.6520
v  0.2478 2.2733 -4.6384
v  0.3012 2.3435 -4.6248
v  0.3222 2.4113 -4.6152
v  0.3203 2.4855 -4.6403
v  0.3053 2.5750 -4.7301
v  0.2791 2.6565 -4.8326
v  0.2437 2.7067 -4.8955
v  0.5697 3.1457 -3.5002
v  0.5417 3.2435 -3.5682
v  0.5091 3.3098 -3.6672
v  0.4820 3.3312 -3.7840
v  0.4629 3.3082 -3.8999
v  0.4545 3.2411 -3.9963
v  0.4604 3.1429 -4.0611
v  0.4839 3.0263 -4.0819
v  0.5116 2.9099 -4.0585
v  0.5301 2.8122 -3.9905
v  0.5443 2.7463 -3.8916
v  0.5594 2.7250 -3.7752
v  0.5729 2.7481 -3.6596
v  0.5823 2.8152 -3.5628
v  0.5862 2.9133 -3.4976
v  0.5833 3.0295 -3.4767
v  0.0326 1.3850 -2.1168
v  0.0289 1.3771 -2.0359
v  0.0144 1.3747 -2.0525
v  0.0385 1.3932 -2.1435
v  0.0345 1.3761 -1.9285
v  0.0176 1.3709 -1.9261
v  0.2238 1.4931 -1.6929
v  0.2628 1.5092 -1.7848
v  0.1276 1.4404 -1.7553
v  0.1553 1.4492 -1.8258
v  0.1607 1.4469 -1.9224
v  0.2670 1.5063 -1.9082
v  0.5120 0.0456 1.2108
v  0.5150 0.0406 1.2318
v  0.5160 0.0404 1.2488
v  0.5119 0.0466 1.2200
v  0.5187 0.0330 1.2396
v  0.5196 0.0336 1.2574
v  0.5190 0.0332 1.2385
v  0.5153 0.0407 1.2310
v  0.5122 0.0456 1.2103
v  0.5218 0.0199 1.2090
v  0.5224 0.0199 1.2178
v  0.5216 0.0270 1.2475
v  0.5210 0.0256 1.2307
v  0.5219 0.0199 1.2084
v  0.5212 0.0257 1.2297
v  0.1056 1.4239 -2.1086
v  0.2129 1.4809 -2.1248
v  0.2557 1.5005 -2.0304
v  0.1410 1.4384 -2.0264
v  0.3803 1.6092 -2.0409
v  0.1305 1.4422 -1.6650
v  0.0804 1.4157 -1.7296
v  0.0415 1.3903 -1.7003
v  0.0396 1.3901 -1.7520
v  0.0152 1.3713 -1.7980
v  0.0312 1.3786 -1.8261
v  0.1226 1.4369 -2.1651
v  0.0638 1.4033 -2.1399
v  0.1067 1.4168 -1.9272
v  0.0896 1.4090 -2.0221
v  0.0900 1.3926 -1.9073
v  0.0799 1.3804 -1.9978
v  0.0663 1.3689 -2.0700
v  0.0655 1.3990 -2.0980
v  0.0477 1.3901 -2.1248
v  0.0575 1.3628 -2.0948
v  0.0549 1.3626 -2.0715
v  0.0394 1.3841 -2.1012
v  0.0437 1.3825 -2.0260
v  0.0600 1.3691 -2.0000
v  0.0661 1.3785 -1.9091
v  0.0503 1.3841 -1.9293
v  0.0489 1.3875 -1.8411
v  0.0662 1.3875 -1.8279
v  0.0663 1.3952 -1.7711
v  0.0505 1.3941 -1.7791
v  0.0663 1.4052 -1.7609
v  0.0719 1.4011 -1.7531
v  0.0802 1.4034 -1.7725
v  0.0870 1.4153 -1.7834
v  0.1031 1.4191 -1.8432
v  0.0882 1.4004 -1.8281
v  0.1502 1.0247 -1.6753
v  0.1502 1.0953 -1.6142
v  0.1702 1.0239 -1.5064
v  0.1730 0.9376 -1.5613
v  0.1453 1.1900 -1.5332
v  0.1618 1.1405 -1.4322
v  0.1784 1.0937 -1.3375
v  0.1903 0.9551 -1.4026
v  0.1958 0.8533 -1.4495
v  0.1452 1.0218 -1.6757
v  0.1483 1.0002 -1.6958
v  0.1722 0.9080 -1.5796
v  0.1685 0.9349 -1.5615
v  0.1961 0.8184 -1.4652
v  0.1917 0.8508 -1.4496
v  0.1351 1.1833 -1.5340
v  0.1416 1.0899 -1.6150
v  0.1623 1.0187 -1.5070
v  0.1525 1.1342 -1.4327
v  0.1830 0.9504 -1.4029
v  0.1699 1.0878 -1.3377
v  0.1141 1.3565 -1.3918
v  0.1237 1.2810 -1.4527
v  0.1378 1.2562 -1.3554
v  0.1257 1.3506 -1.2964
v  0.1520 1.2338 -1.2668
v  0.1373 1.3468 -1.2117
v  0.1190 1.3596 -1.3925
v  0.1127 1.3828 -1.3719
v  0.1233 1.3831 -1.2772
v  0.1302 1.3535 -1.2971
v  0.1339 1.3855 -1.1938
v  0.1414 1.3495 -1.2125
v  0.1324 1.2867 -1.4527
v  0.1458 1.2615 -1.3556
v  0.1592 1.2387 -1.2673
v  0.3423 0.4649 -0.6100
v  0.3161 0.6069 -0.5862
v  0.3343 0.5582 -0.4673
v  0.3619 0.4191 -0.4879
v  0.2796 0.8159 -0.5488
v  0.2964 0.7615 -0.4365
v  0.3130 0.7002 -0.3488
v  0.3499 0.5117 -0.3773
v  0.3772 0.3809 -0.3971
v  0.2415 0.7004 -1.2266
v  0.2304 0.8273 -1.1924
v  0.2504 0.7741 -1.0801
v  0.2643 0.6401 -1.1152
v  0.2116 1.0040 -1.1402
v  0.2282 0.9636 -1.0232
v  0.2450 0.9209 -0.8831
v  0.2714 0.7219 -0.9428
v  0.2887 0.5836 -0.9787
v  0.1301 1.1700 -1.7298
v  0.1287 1.2439 -1.6470
v  0.1274 1.1132 -1.7935
v  0.1046 1.2035 -1.9058
v  0.1101 1.2459 -1.8404
v  0.1121 1.2987 -1.7573
v  0.3405 0.4637 -0.6090
v  0.3504 0.4172 -0.6175
v  0.3706 0.3724 -0.4943
v  0.3606 0.4181 -0.4868
v  0.3859 0.3371 -0.4032
v  0.3763 0.3801 -0.3958
v  0.2381 0.6983 -1.2264
v  0.2439 0.6574 -1.2379
v  0.2678 0.5949 -1.1268
v  0.2613 0.6383 -1.1148
v  0.2935 0.5370 -0.9905
v  0.2861 0.5820 -0.9781
v  0.1245 1.0932 -1.8150
v  0.1220 1.1102 -1.7941
v  0.0988 1.2005 -1.9065
v  0.1006 1.1883 -1.9279
v  0.2759 0.8128 -0.5472
v  0.3130 0.6044 -0.5847
v  0.3319 0.5561 -0.4655
v  0.2936 0.7589 -0.4345
v  0.3482 0.5100 -0.3753
v  0.3109 0.6981 -0.3465
v  0.2047 0.9991 -1.1398
v  0.2245 0.8233 -1.1921
v  0.2453 0.7704 -1.0795
v  0.2221 0.9591 -1.0225
v  0.2669 0.7187 -0.9419
v  0.2397 0.9169 -0.8821
v  0.1208 1.1644 -1.7308
v  0.1177 1.2370 -1.6481
v  0.1003 1.2916 -1.7585
v  0.1001 1.2401 -1.8417
v  0.2086 1.2648 -0.4590
v  0.2376 1.0622 -0.4990
v  0.2545 0.9991 -0.3977
v  0.2252 1.1933 -0.3680
v  0.2735 0.9158 -0.3143
v  0.2455 1.0903 -0.2891
v  0.1605 1.3442 -1.0200
v  0.1802 1.1923 -1.0741
v  0.1943 1.1719 -0.9458
v  0.1721 1.3409 -0.8809
v  0.2084 1.1464 -0.7992
v  0.1837 1.3305 -0.7285
v  0.1096 1.3095 -1.5687
v  0.1025 1.3642 -1.5107
v  0.0909 1.3741 -1.6277
v  0.0955 1.3393 -1.6822
v  0.2103 1.2659 -0.4599
v  0.1995 1.3327 -0.4460
v  0.2159 1.2584 -0.3585
v  0.2265 1.1942 -0.3690
v  0.2365 1.1486 -0.2811
v  0.2465 1.0909 -0.2902
v  0.1638 1.3463 -1.0208
v  0.1552 1.3955 -1.0024
v  0.1658 1.3979 -0.8597
v  0.1750 1.3428 -0.8818
v  0.1764 1.3924 -0.7054
v  0.1862 1.3322 -0.7294
v  0.1021 1.3837 -1.4917
v  0.1078 1.3675 -1.5113
v  0.0966 1.3775 -1.6282
v  0.0915 1.3870 -1.6099
v  0.2407 1.0646 -0.5005
v  0.2570 1.0011 -0.3993
v  0.2752 0.9174 -0.3162
v  0.1860 1.1964 -1.0749
v  0.1995 1.1756 -0.9467
v  0.2129 1.1496 -0.8003
v  0.1189 1.3153 -1.5686
v  0.1055 1.3454 -1.6819
v  0.2103 0.8886 -1.2989
v  0.2186 0.7728 -1.3380
v  0.1950 1.0478 -1.2426
v  0.2200 0.7334 -1.3510
v  0.2149 0.7705 -1.3379
v  0.2038 0.8842 -1.2989
v  0.1873 1.0424 -1.2425
v  0.1661 1.2127 -1.1771
v  0.1489 1.3454 -1.1249
v  0.1446 1.3905 -1.1079
v  0.1526 1.3478 -1.1257
v  0.1726 1.2172 -1.1777
v  0.2942 0.6638 -0.7614
v  0.3163 0.5225 -0.7920
v  0.2623 0.8703 -0.7114
v  0.3228 0.4749 -0.8018
v  0.3141 0.5210 -0.7912
v  0.2904 0.6610 -0.7602
v  0.2578 0.8668 -0.7100
v  0.2225 1.1106 -0.6415
v  0.1953 1.3078 -0.5835
v  0.1870 1.3740 -0.5646
v  0.1974 1.3092 -0.5844
v  0.2263 1.1134 -0.6429
v  0.3639 0.4615 -0.2891
v  0.3902 0.3463 -0.3091
v  0.3293 0.6250 -0.2603
v  0.3469 0.5452 -0.1735
v  0.3778 0.4109 -0.2027
v  0.4019 0.3141 -0.2232
v  0.3988 0.3076 -0.3152
v  0.3897 0.3456 -0.3077
v  0.4099 0.2817 -0.2294
v  0.4018 0.3136 -0.2216
v  0.3629 0.4602 -0.2867
v  0.3280 0.6233 -0.2577
v  0.3774 0.4099 -0.2001
v  0.3463 0.5439 -0.1707
v  0.2945 0.8069 -0.2257
v  0.2700 0.9522 -0.2008
v  0.3180 0.6890 -0.1388
v  0.2978 0.8019 -0.1142
v  0.2620 1.0007 -0.1929
v  0.2706 0.9526 -0.2019
v  0.2912 0.8396 -0.1063
v  0.2981 0.8021 -0.1153
v  0.2956 0.8080 -0.2278
v  0.3185 0.6898 -0.1410
v  0.3673 0.4702 -0.0910
v  0.3931 0.3631 -0.1185
v  0.3891 0.3968 -0.0126
v  0.4092 0.3148 -0.0368
v  0.4252 0.2523 -0.0553
v  0.4136 0.2834 -0.1386
v  0.4204 0.2567 -0.1446
v  0.4305 0.2314 -0.0608
v  0.4251 0.2519 -0.0536
v  0.4135 0.2830 -0.1369
v  0.3928 0.3621 -0.1158
v  0.4090 0.3139 -0.0341
v  0.3887 0.3956 -0.0097
v  0.3668 0.4691 -0.0881
v  0.3440 0.5788 -0.0605
v  0.3708 0.4753 0.0121
v  0.3584 0.5342 0.0274
v  0.3281 0.6621 -0.0400
v  0.3228 0.6898 -0.0336
v  0.3543 0.5538 0.0321
v  0.3586 0.5343 0.0263
v  0.3283 0.6622 -0.0412
v  0.3444 0.5795 -0.0628
v  0.3712 0.4760 0.0099
v  0.0900 1.3210 -1.9335
v  0.0955 1.3507 -1.8474
v  0.0818 1.2962 -2.0020
v  0.0767 1.2868 -2.0251
v  0.0756 1.2930 -2.0028
v  0.0793 1.3150 -1.9350
v  0.0829 1.3432 -1.8489
v  0.0814 1.3684 -1.7718
v  0.0793 1.3865 -1.7176
v  0.0809 1.3939 -1.6999
v  0.0854 1.3901 -1.7180
v  0.0921 1.3748 -1.7714
v  0.0004 0.7250 2.9208
v  0.0004 0.6733 2.8850
v  0.0004 0.7813 2.9434
v  0.0004 0.6238 2.8368
v  0.0003 0.5865 2.7955
v  0.0002 0.5711 2.7801
v  0.0002 1.2236 2.9045
v  0.0004 0.9979 2.9212
v  0.0004 0.9160 2.9444
v  0.0004 0.8444 2.9515
v  0.0004 1.4601 2.6835
v  0.0004 5.0795 2.2613
v  0.0004 5.1090 2.4435
v  0.0007 5.0657 2.4727
v  0.0007 5.0261 2.3030
v  0.0008 4.9032 2.4214
v  0.0008 4.9697 2.5537
v  0.0008 4.8481 2.6651
v  0.0008 4.7501 2.5745
v  0.0008 4.6061 2.7206
v  0.0008 4.7280 2.7852
v  0.0007 4.6386 2.8825
v  0.0007 4.5009 2.8310
v  0.0004 4.4641 2.8769
v  0.0004 4.6090 2.9254
v  0.0004 5.1414 2.6231
v  0.0004 5.1755 2.8055
v  0.0007 5.1482 2.8179
v  0.0007 5.1062 2.6424
v  0.0008 5.0334 2.6939
v  0.0008 5.0976 2.8493
v  0.0008 5.0322 2.8945
v  0.0008 4.9402 2.7682
v  0.0008 4.8442 2.8558
v  0.0008 4.9607 2.9483
v  0.0007 4.9050 2.9955
v  0.0007 4.7714 2.9304
v  0.0004 4.7479 2.9658
v  0.0004 4.8869 3.0208
v  0.0004 5.2098 2.9961
v  0.0007 5.1922 3.0047
v  0.0008 5.1659 3.0270
v  0.0008 5.1300 3.0545
v  0.0008 5.0836 3.0787
v  0.0007 5.0448 3.0987
v  0.0004 5.0318 3.1134
v  0.4258 0.2632 0.0419
v  0.4371 0.2190 0.0266
v  0.4111 0.3213 0.0618
v  0.4301 0.2559 0.1315
v  0.4406 0.2167 0.1160
v  0.4481 0.1881 0.1042
v  0.4408 0.2042 0.0221
v  0.4370 0.2186 0.0282
v  0.4506 0.1784 0.1009
v  0.4480 0.1877 0.1058
v  0.4255 0.2622 0.0446
v  0.4106 0.3202 0.0647
v  0.4403 0.2158 0.1185
v  0.4297 0.2548 0.1343
v  0.3966 0.3774 0.0821
v  0.3864 0.4200 0.0940
v  0.4182 0.2966 0.1483
v  0.4094 0.3290 0.1580
v  0.3831 0.4341 0.0975
v  0.3866 0.4201 0.0928
v  0.4065 0.3397 0.1609
v  0.4096 0.3291 0.1569
v  0.3970 0.3780 0.0798
v  0.4186 0.2973 0.1462
v  0.0502 2.1943 2.2433
v  0.0936 2.2535 2.2421
v  0.0766 2.1163 1.7159
v  0.1418 2.1890 1.7112
v  0.1237 2.3479 2.2443
v  0.1439 2.4609 2.2475
v  0.1839 2.3164 1.7233
v  0.2102 2.4661 1.7427
v  0.1577 2.5762 2.2495
v  0.1643 2.6960 2.2507
v  0.2278 2.6055 1.7600
v  0.2357 2.7470 1.7752
v  0.1633 2.8225 2.2520
v  0.1516 2.9423 2.2535
v  0.2331 2.9024 1.7886
v  0.2164 3.0458 1.7999
v  0.1263 3.0418 2.2556
v  0.0904 3.1133 2.2578
v  0.1816 3.1512 1.8087
v  0.1316 3.2192 1.8204
v  0.0471 3.1489 2.2597
v  0.0689 3.2504 1.8402
v  0.0028 4.0391 4.5282
v  0.0054 3.9128 4.5046
v  0.0103 3.6316 3.6838
v  0.0195 3.5503 3.6888
v  0.0236 3.4554 3.4996
v  0.0125 3.5252 3.4896
v  0.0073 3.5967 4.4310
v  0.0086 3.2246 4.3459
v  0.0265 3.3582 3.6923
v  0.0312 3.1180 3.6945
v  0.0379 3.0898 3.5344
v  0.0322 3.2956 3.5166
v  0.0092 2.9304 4.2883
v  0.0093 2.6711 4.2715
v  0.0333 2.8924 3.6956
v  0.0334 2.6733 3.6969
v  0.0407 2.6736 3.5511
v  0.0405 2.8821 3.5462
v  0.0089 2.4040 4.3089
v  0.0082 2.1411 4.3801
v  0.0321 2.4530 3.6997
v  0.0296 2.2490 3.7038
v  0.0359 2.2758 3.5398
v  0.0391 2.4653 3.5478
v  0.0071 1.8940 4.4648
v  0.0055 1.7026 4.5355
v  0.0258 2.0791 3.7088
v  0.0199 1.9527 3.7123
v  0.0242 2.0115 3.5228
v  0.0314 2.1234 3.5309
v  0.0030 1.6066 4.5647
v  0.0108 1.8792 3.7124
v  0.0131 1.9431 3.5178
v  0.0274 3.1732 2.7224
v  0.0525 3.1349 2.7312
v  0.0152 3.4471 3.3256
v  0.0289 3.3848 3.3366
v  0.0728 3.0631 2.7484
v  0.0869 2.9581 2.7678
v  0.0396 3.2458 3.3572
v  0.0468 3.0632 3.3792
v  0.0933 2.8201 2.7830
v  0.0938 2.6700 2.7920
v  0.0501 2.8703 3.3945
v  0.0503 2.6731 3.4010
v  0.0898 2.5286 2.7924
v  0.0820 2.4001 2.7874
v  0.0483 2.4779 3.3964
v  0.0443 2.3008 3.3855
v  0.0708 2.2884 2.7802
v  0.0539 2.2009 2.7734
v  0.0386 2.1581 3.3728
v  0.0296 2.0526 3.3616
v  0.0289 2.1449 2.7694
v  0.0160 1.9871 3.3553
v  0.7191 2.2706 -0.2560
v  0.7217 2.2920 -0.2508
v  0.7234 2.2909 -0.2228
v  0.7206 2.2690 -0.2287
v  0.7214 2.3087 -0.2673
v  0.7232 2.3122 -0.2442
v  0.7229 2.3141 -0.2424
v  0.7229 2.2915 -0.2212
v  0.7199 2.2682 -0.2275
v  0.7104 2.2369 -0.2842
v  0.7152 2.2500 -0.2615
v  0.7165 2.2475 -0.2349
v  0.7104 2.2305 -0.2649
v  0.7156 2.2455 -0.2340
v  0.7093 2.2276 -0.2643
v  0.7195 2.3068 -0.2671
v  0.7194 2.2897 -0.2506
v  0.7222 2.2895 -0.2226
v  0.7220 2.3110 -0.2441
v  0.7169 2.2684 -0.2557
v  0.7194 2.2677 -0.2286
v  0.7091 2.2357 -0.2839
v  0.7096 2.2298 -0.2647
v  0.7155 2.2464 -0.2347
v  0.7134 2.2483 -0.2612
v  0.6010 2.4845 -2.2412
v  0.5914 2.3709 -2.2544
v  0.5974 2.4706 -2.3373
v  0.6153 2.6560 -2.3190
v  0.5746 2.2341 -2.2489
v  0.5668 2.2394 -2.3312
v  0.5210 1.9909 -2.2137
v  0.4796 1.8561 -2.3036
v  0.5209 2.0212 -2.3271
v  0.5473 2.0993 -2.2362
v  0.4771 1.8486 -1.9964
v  0.5178 2.0181 -1.9691
v  0.5212 1.9916 -2.0541
v  0.5467 2.1012 -2.0389
v  0.5734 2.2387 -2.0361
v  0.5637 2.2441 -1.9652
v  0.6006 2.4976 -2.0509
v  0.6065 2.5579 -2.0893
v  0.6227 2.7481 -2.0631
v  0.6140 2.6734 -1.9927
v  0.6085 2.5717 -2.1417
v  0.6246 2.7540 -2.1561
v  0.4626 1.7839 -2.2391
v  0.5072 1.9330 -2.1792
v  0.5035 1.9167 -2.1369
v  0.4598 1.7697 -2.1530
v  0.4612 1.7786 -2.0649
v  0.5075 1.9332 -2.0910
v  0.6233 2.7369 -2.2500
v  0.6067 2.5493 -2.1980
v  0.5951 2.4840 -1.9666
v  0.5905 2.3811 -2.0367
v  0.6043 2.4947 -2.1351
v  0.6033 2.4748 -2.1648
v  0.6059 2.4723 -2.1225
v  0.6059 2.4574 -2.1352
v  0.6035 2.4118 -2.1457
v  0.5996 2.4215 -2.1886
v  0.5934 2.3365 -2.1973
v  0.5980 2.3330 -2.1505
v  0.5870 2.2360 -2.1500
v  0.5816 2.2345 -2.1945
v  0.5611 2.1303 -2.1832
v  0.5675 2.1361 -2.1442
v  0.5480 2.0547 -2.1354
v  0.5405 2.0440 -2.1670
v  0.5283 1.9962 -2.1490
v  0.5366 2.0133 -2.1258
v  0.5326 2.0029 -2.1160
v  0.5243 1.9822 -2.1293
v  0.5280 1.9979 -2.1078
v  0.5351 2.0145 -2.1069
v  0.5448 2.0567 -2.0997
v  0.5396 2.0469 -2.0902
v  0.5592 2.1331 -2.0820
v  0.5626 2.1381 -2.0953
v  0.5810 2.2379 -2.0941
v  0.5789 2.2378 -2.0800
v  0.5908 2.3424 -2.0812
v  0.5925 2.3352 -2.0963
v  0.5993 2.4142 -2.1018
v  0.5977 2.4289 -2.0894
v  0.6023 2.4795 -2.1087
v  0.6037 2.4589 -2.1110
v  0.6071 2.4539 -2.0899
v  0.6074 2.4413 -2.0941
v  0.6096 2.4438 -2.0314
v  0.6098 2.4317 -2.0323
v  0.6072 2.3915 -2.0323
v  0.6051 2.3999 -2.0973
v  0.5999 2.3260 -2.0985
v  0.6019 2.3189 -2.0311
v  0.5921 2.2291 -2.0294
v  0.5896 2.2341 -2.0978
v  0.5717 2.1390 -2.0951
v  0.5758 2.1374 -2.0283
v  0.5596 2.0635 -2.0273
v  0.5537 2.0619 -2.0913
v  0.5430 2.0241 -2.0871
v  0.5495 2.0272 -2.0261
v  0.5456 2.0187 -2.0249
v  0.5390 2.0152 -2.0831
v  0.5411 2.0251 -2.0801
v  0.5477 2.0282 -2.0241
v  0.5554 2.0651 -2.0234
v  0.5496 2.0636 -2.0778
v  0.5647 2.1406 -2.0759
v  0.5681 2.1389 -2.0228
v  0.5819 2.2303 -2.0231
v  0.5808 2.2353 -2.0756
v  0.5920 2.3269 -2.0781
v  0.5929 2.3197 -2.0254
v  0.6011 2.3921 -2.0283
v  0.5995 2.4006 -2.0819
v  0.6045 2.4416 -2.0859
v  0.6067 2.4320 -2.0301
v  0.6368 2.3888 -1.5943
v  0.6394 2.4367 -1.5940
v  0.6522 2.4301 -1.4074
v  0.6499 2.3833 -1.4083
v  0.6392 2.4502 -1.5936
v  0.6520 2.4433 -1.4067
v  0.6651 2.4338 -1.2171
v  0.6652 2.4215 -1.2180
v  0.6633 2.3778 -1.2195
v  0.6223 2.1933 -1.5937
v  0.6310 2.2997 -1.5939
v  0.6448 2.2961 -1.4086
v  0.6370 2.1925 -1.4092
v  0.6588 2.2963 -1.2207
v  0.6520 2.1998 -1.2220
v  0.5992 2.0158 -1.5956
v  0.6105 2.0934 -1.5946
v  0.6265 2.0967 -1.4108
v  0.6163 2.0225 -1.4122
v  0.6427 2.1111 -1.2240
v  0.6337 2.0424 -1.2256
v  0.5885 1.9659 -1.5953
v  0.5917 1.9761 -1.5956
v  0.6096 1.9839 -1.4123
v  0.6067 1.9736 -1.4120
v  0.6277 2.0062 -1.2257
v  0.6251 1.9962 -1.2254
v  0.5962 2.0170 -1.5949
v  0.5902 1.9769 -1.5952
v  0.6082 1.9845 -1.4120
v  0.6135 2.0233 -1.4116
v  0.6265 2.0065 -1.2254
v  0.6312 2.0428 -1.2250
v  0.6164 2.1935 -1.5929
v  0.6059 2.0942 -1.5938
v  0.6222 2.0969 -1.4100
v  0.6317 2.1920 -1.4085
v  0.6388 2.1107 -1.2233
v  0.6472 2.1986 -1.2214
v  0.6319 2.3886 -1.5940
v  0.6252 2.2996 -1.5933
v  0.6395 2.2952 -1.4081
v  0.6455 2.3825 -1.4080
v  0.6540 2.2948 -1.2202
v  0.6593 2.3765 -1.2192
v  0.6367 2.4365 -1.5939
v  0.6497 2.4297 -1.4072
v  0.6630 2.4208 -1.2179
v  0.6994 2.3550 -0.6236
v  0.7007 2.3736 -0.6196
v  0.7059 2.3625 -0.5196
v  0.7048 2.3465 -0.5236
v  0.7005 2.3789 -0.6181
v  0.7057 2.3669 -0.5180
v  0.7116 2.3527 -0.4202
v  0.7118 2.3493 -0.4219
v  0.7108 2.3355 -0.4257
v  0.6751 2.4118 -1.0764
v  0.6733 2.3734 -1.0785
v  0.6749 2.4225 -1.0754
v  0.6821 2.4124 -0.9723
v  0.6823 2.4032 -0.9734
v  0.6807 2.3704 -0.9758
v  0.6302 2.4401 -1.7273
v  0.6300 2.4534 -1.7271
v  0.6274 2.3932 -1.7272
v  0.6200 2.3947 -1.8335
v  0.6229 2.4395 -1.8339
v  0.6227 2.4522 -1.8339
v  0.6916 2.2798 -0.6358
v  0.6963 2.3215 -0.6298
v  0.7021 2.3167 -0.5290
v  0.6980 2.2805 -0.5347
v  0.7087 2.3089 -0.4301
v  0.7052 2.2775 -0.4348
v  0.6693 2.3019 -1.0804
v  0.6632 2.2161 -1.0823
v  0.6770 2.3095 -0.9785
v  0.6713 2.2347 -0.9803
v  0.6212 2.3057 -1.7262
v  0.6118 2.2013 -1.7255
v  0.6039 2.2121 -1.8309
v  0.6137 2.3116 -1.8321
v  0.6794 2.2014 -0.6406
v  0.6854 2.2367 -0.6392
v  0.6923 2.2455 -0.5396
v  0.6867 2.2174 -0.5428
v  0.7003 2.2493 -0.4395
v  0.6953 2.2274 -0.4430
v  0.6548 2.1346 -1.0839
v  0.6467 2.0705 -1.0849
v  0.6638 2.1603 -0.9803
v  0.6564 2.1007 -0.9795
v  0.5991 2.1033 -1.7259
v  0.5870 2.0272 -1.7266
v  0.5773 2.0451 -1.8314
v  0.5904 2.1182 -1.8309
v  0.6736 2.1778 -0.6402
v  0.6753 2.1829 -0.6406
v  0.6830 2.2023 -0.5433
v  0.6814 2.1978 -0.5429
v  0.6920 2.2152 -0.4436
v  0.6906 2.2114 -0.4431
v  0.6413 2.0371 -1.0849
v  0.6390 2.0282 -1.0845
v  0.6514 2.0704 -0.9787
v  0.6492 2.0625 -0.9783
v  0.5789 1.9885 -1.7265
v  0.5755 1.9787 -1.7262
v  0.5651 1.9988 -1.8310
v  0.5687 2.0080 -1.8312
v  0.6775 2.2008 -0.6402
v  0.6744 2.1827 -0.6404
v  0.6821 2.2020 -0.5431
v  0.6850 2.2167 -0.5424
v  0.6913 2.2148 -0.4433
v  0.6938 2.2266 -0.4426
v  0.6401 2.0373 -1.0846
v  0.6444 2.0706 -1.0844
v  0.6503 2.0705 -0.9785
v  0.6542 2.1006 -0.9790
v  0.5774 1.9894 -1.7261
v  0.5838 2.0286 -1.7259
v  0.5738 2.0465 -1.8306
v  0.5671 2.0089 -1.8309
v  0.6881 2.2778 -0.6353
v  0.6826 2.2354 -0.6387
v  0.6896 2.2440 -0.5391
v  0.6947 2.2785 -0.5342
v  0.6978 2.2477 -0.4391
v  0.7022 2.2753 -0.4343
v  0.6512 2.1339 -1.0833
v  0.6587 2.2146 -1.0816
v  0.6604 2.1594 -0.9797
v  0.6671 2.2331 -0.9797
v  0.5942 2.1044 -1.7250
v  0.6055 2.2018 -1.7246
v  0.5968 2.2129 -1.8300
v  0.5848 2.1194 -1.8300
v  0.6964 2.3533 -0.6234
v  0.6927 2.3193 -0.6294
v  0.6988 2.3145 -0.5286
v  0.7020 2.3447 -0.5234
v  0.7057 2.3066 -0.4297
v  0.7084 2.3336 -0.4255
v  0.6648 2.3002 -1.0800
v  0.6696 2.3718 -1.0782
v  0.6728 2.3076 -0.9780
v  0.6772 2.3688 -0.9756
v  0.6150 2.3060 -1.7256
v  0.6223 2.3932 -1.7269
v  0.6145 2.3950 -1.8332
v  0.6068 2.3121 -1.8315
v  0.6990 2.3726 -0.6195
v  0.7044 2.3615 -0.5195
v  0.7104 2.3483 -0.4218
v  0.6730 2.4109 -1.0763
v  0.6804 2.4023 -0.9733
v  0.6273 2.4401 -1.7272
v  0.6199 2.4396 -1.8338
v  0.6875 2.3981 -0.8997
v  0.6859 2.3691 -0.9024
v  0.6873 2.4061 -0.8984
v  0.6915 2.4000 -0.8258
v  0.6917 2.3929 -0.8272
v  0.6902 2.3672 -0.8302
v  0.6825 2.3154 -0.9056
v  0.6773 2.2488 -0.9066
v  0.6869 2.3196 -0.8342
v  0.6820 2.2606 -0.8353
v  0.6704 2.1815 -0.9030
v  0.6638 2.1272 -0.8984
v  0.6756 2.2007 -0.8300
v  0.6695 2.1522 -0.8233
v  0.6592 2.0997 -0.8964
v  0.6571 2.0926 -0.8960
v  0.6652 2.1275 -0.8206
v  0.6632 2.1211 -0.8202
v  0.6581 2.0996 -0.8961
v  0.6617 2.1269 -0.8979
v  0.6642 2.1275 -0.8204
v  0.6675 2.1518 -0.8228
v  0.6672 2.1805 -0.9024
v  0.6732 2.2471 -0.9061
v  0.6725 2.1995 -0.8294
v  0.6781 2.2587 -0.8348
v  0.6784 2.3135 -0.9051
v  0.6826 2.3675 -0.9021
v  0.6830 2.3176 -0.8338
v  0.6870 2.3655 -0.8300
v  0.6856 2.3971 -0.8996
v  0.6899 2.3919 -0.8271
v  0.6960 2.3842 -0.7280
v  0.6946 2.3622 -0.7316
v  0.6958 2.3904 -0.7266
v  0.6914 2.3220 -0.7369
v  0.6865 2.2720 -0.7405
v  0.6802 2.2204 -0.7390
v  0.6742 2.1783 -0.7358
v  0.6700 2.1566 -0.7342
v  0.6681 2.1509 -0.7338
v  0.6690 2.1565 -0.7339
v  0.6722 2.1778 -0.7353
v  0.6772 2.2192 -0.7385
v  0.6828 2.2701 -0.7400
v  0.6876 2.3200 -0.7365
v  0.6915 2.3605 -0.7314
v  0.6943 2.3833 -0.7279
v  0.7184 2.3321 -0.3204
v  0.7177 2.3209 -0.3243
v  0.7182 2.3349 -0.3185
v  0.7160 2.2993 -0.3286
v  0.7131 2.2738 -0.3333
v  0.7088 2.2507 -0.3383
v  0.7046 2.2326 -0.3420
v  0.7017 2.2221 -0.3426
v  0.7005 2.2187 -0.3421
v  0.7010 2.2217 -0.3424
v  0.7031 2.2315 -0.3416
v  0.7066 2.2489 -0.3379
v  0.7104 2.2714 -0.3329
v  0.7133 2.2969 -0.3283
v  0.7155 2.3189 -0.3241
v  0.7172 2.3310 -0.3203
v  0.6155 2.4339 -1.9406
v  0.6154 2.4461 -1.9407
v  0.6127 2.3920 -1.9398
v  0.6069 2.3151 -1.9380
v  0.5971 2.2216 -1.9363
v  0.5823 2.1300 -1.9360
v  0.5678 2.0575 -1.9362
v  0.5585 2.0214 -1.9360
v  0.5548 2.0127 -1.9357
v  0.5568 2.0223 -1.9356
v  0.5639 2.0590 -1.9354
v  0.5755 2.1314 -1.9350
v  0.5881 2.2226 -1.9354
v  0.5986 2.3157 -1.9373
v  0.6068 2.3924 -1.9395
v  0.6124 2.4341 -1.9405
v  0.4431 0.2125 0.1959
v  0.4516 0.1840 0.1838
v  0.4539 0.1819 0.2722
v  0.4618 0.1586 0.2627
v  0.4671 0.1428 0.2558
v  0.4574 0.1641 0.1749
v  0.4593 0.1574 0.1725
v  0.4688 0.1374 0.2540
v  0.4670 0.1425 0.2570
v  0.4573 0.1637 0.1763
v  0.4513 0.1832 0.1860
v  0.4615 0.1579 0.2645
v  0.4535 0.1811 0.2743
v  0.4427 0.2116 0.1983
v  0.4327 0.2445 0.2097
v  0.4442 0.2094 0.2837
v  0.4367 0.2325 0.2906
v  0.4247 0.2709 0.2179
v  0.4221 0.2796 0.2203
v  0.4343 0.2402 0.2927
v  0.4369 0.2326 0.2899
v  0.4249 0.2710 0.2169
v  0.4330 0.2451 0.2079
v  0.4445 0.2099 0.2822
v  0.4918 0.0960 0.4861
v  0.4865 0.1096 0.4912
v  0.4967 0.0853 0.6125
v  0.5017 0.0721 0.6081
v  0.4788 0.1296 0.4982
v  0.4894 0.1043 0.6185
v  0.4979 0.0790 0.7388
v  0.5047 0.0610 0.7338
v  0.5093 0.0483 0.7301
v  0.4917 0.0957 0.4871
v  0.4935 0.0913 0.4848
v  0.5034 0.0677 0.6070
v  0.5017 0.0720 0.6090
v  0.5108 0.0440 0.7292
v  0.5092 0.0482 0.7309
v  0.4784 0.1290 0.4999
v  0.4862 0.1091 0.4927
v  0.4964 0.0849 0.6140
v  0.4890 0.1038 0.6201
v  0.5044 0.0607 0.7352
v  0.4975 0.0786 0.7403
v  0.4626 0.1721 0.5115
v  0.4696 0.1528 0.5066
v  0.4806 0.1259 0.6256
v  0.4739 0.1436 0.6294
v  0.4898 0.0989 0.7445
v  0.4837 0.1150 0.7473
v  0.4628 0.1722 0.5108
v  0.4603 0.1785 0.5128
v  0.4718 0.1494 0.6305
v  0.4741 0.1436 0.6288
v  0.4818 0.1203 0.7481
v  0.4839 0.1150 0.7467
v  0.4699 0.1531 0.5053
v  0.4809 0.1261 0.6243
v  0.4901 0.0991 0.7434
v  0.5085 0.0349 0.9656
v  0.5114 0.0291 1.0448
v  0.5160 0.0145 1.0424
v  0.5138 0.0190 0.9626
v  0.5137 0.0301 1.1121
v  0.5177 0.0174 1.1092
v  0.5207 0.0078 1.1054
v  0.5195 0.0036 1.0401
v  0.5176 0.0074 0.9601
v  0.5206 0.0000 1.0396
v  0.5188 0.0035 0.9595
v  0.5216 0.0046 1.1045
v  0.5206 0.0078 1.1062
v  0.5194 0.0036 1.0408
v  0.5175 0.0073 0.9608
v  0.5157 0.0144 1.0436
v  0.5135 0.0189 0.9638
v  0.5174 0.0172 1.1104
v  0.5133 0.0299 1.1135
v  0.5109 0.0289 1.0461
v  0.5081 0.0347 0.9670
v  0.5062 0.0436 1.0463
v  0.5026 0.0514 0.9687
v  0.5091 0.0424 1.1117
v  0.5059 0.0517 1.1084
v  0.5027 0.0548 1.0456
v  0.4984 0.0643 0.9693
v  0.5016 0.0585 1.0452
v  0.4971 0.0685 0.9694
v  0.5049 0.0548 1.1071
v  0.5061 0.0517 1.1079
v  0.5029 0.0548 1.0451
v  0.4986 0.0642 0.9688
v  0.5065 0.0437 1.0453
v  0.5029 0.0515 0.9676
v  0.5094 0.0425 1.1106
v  0.5197 0.0218 1.1776
v  0.5216 0.0144 1.1695
v  0.5166 0.0317 1.1834
v  0.5223 0.0119 1.1670
v  0.5215 0.0143 1.1702
v  0.5194 0.0217 1.1789
v  0.5162 0.0315 1.1848
v  0.5124 0.0413 1.1798
v  0.5093 0.0487 1.1719
v  0.5083 0.0511 1.1691
v  0.5094 0.0486 1.1714
v  0.5127 0.0414 1.1788
v  0.5102 0.0367 0.8551
v  0.5144 0.0245 0.8521
v  0.5042 0.0537 0.8591
v  0.4741 0.1339 0.3698
v  0.4664 0.1549 0.3779
v  0.4794 0.1198 0.3641
v  0.5158 0.0204 0.8514
v  0.5143 0.0244 0.8529
v  0.4811 0.1150 0.3626
v  0.4793 0.1195 0.3651
v  0.5099 0.0365 0.8564
v  0.5037 0.0534 0.8605
v  0.4738 0.1334 0.3715
v  0.4660 0.1542 0.3797
v  0.4971 0.0720 0.8635
v  0.4920 0.0865 0.8652
v  0.4570 0.1798 0.3877
v  0.4498 0.2007 0.3935
v  0.4903 0.0913 0.8657
v  0.4922 0.0864 0.8647
v  0.4474 0.2076 0.3952
v  0.4499 0.2007 0.3928
v  0.4975 0.0721 0.8624
v  0.4573 0.1802 0.3863
# 4834 vertices

vn 0.7615 0.0000 0.6481
vn 0.8333 -0.0000 0.5528
vn 0.0126 0.9999 0.0089
vn 0.0120 0.9999 0.0106
vn 0.9130 -0.0000 0.4080
vn 0.0145 0.9999 0.0076
vn 0.0071 1.0000 0.0042
vn 0.0067 1.0000 0.0047
vn 0.0069 1.0000 0.0058
vn -0.0993 0.0000 -0.9951
vn -0.1054 0.0000 -0.9944
vn -0.0767 0.2438 -0.9668
vn -0.0949 0.3034 -0.9481
vn -0.1488 0.0000 -0.9889
vn -0.1473 0.2062 -0.9673
vn -0.1380 0.4848 -0.8637
vn -0.0339 0.5132 -0.8576
vn -0.0056 0.6969 -0.7172
vn -0.2141 -0.0000 -0.9768
vn -0.2296 0.2285 -0.9461
vn -0.2701 -0.0000 -0.9628
vn -0.2687 0.2698 -0.9247
vn -0.2801 0.6355 -0.7195
vn -0.2420 0.4872 -0.8391
vn -0.9546 -0.0000 -0.2979
vn -0.9033 0.0000 0.4289
vn -0.9140 0.0926 0.3950
vn -0.9378 0.1902 -0.2903
vn -0.8357 -0.0000 0.5493
vn -0.8364 0.0487 0.5459
vn -0.8477 0.3769 0.3732
vn -0.8906 0.4485 0.0756
vn -0.8748 0.3593 -0.3250
vn -0.9087 -0.0000 0.4174
vn -0.9065 0.0450 0.4199
vn -0.6869 -0.0000 -0.7267
vn -0.7025 0.1519 -0.6953
vn -0.6572 0.7259 -0.2028
vn -0.8859 0.2838 0.3669
vn -0.6920 -0.0000 0.7219
vn -0.6988 -0.0000 0.7153
vn -0.6522 0.3512 0.6718
vn -0.6604 0.3279 0.6756
vn -0.7255 -0.0000 0.6882
vn -0.6802 0.3619 0.6374
vn -0.5231 0.6926 0.4967
vn -0.5328 0.6589 0.5311
vn -0.5547 0.6257 0.5485
vn -0.7384 -0.0000 0.6743
vn -0.6845 0.3732 0.6262
vn -0.6807 -0.0000 0.7326
vn -0.6257 0.3924 0.6742
vn -0.4536 0.7412 0.4948
vn -0.5192 0.7109 0.4744
vn 0.9141 -0.0000 0.4054
vn 0.7516 -0.0000 0.6596
vn 0.0122 0.9999 0.0102
vn 0.0138 0.9999 0.0061
vn 0.0082 0.9999 0.0068
vn 0.0105 0.9999 0.0046
vn 0.1257 0.9767 -0.1740
vn 0.1275 0.9383 -0.3214
vn 0.0664 0.9559 -0.2860
vn 0.0585 0.9861 -0.1554
vn 0.0814 0.9040 -0.4196
vn 0.0354 0.9297 -0.3665
vn -0.0221 0.9516 -0.3066
vn 0.0133 0.9702 -0.2420
vn 0.0035 0.9897 -0.1430
vn 0.0010 0.8790 -0.4768
vn -0.0308 0.9115 -0.4102
vn -0.1104 0.8644 -0.4905
vn -0.1168 0.9011 -0.4176
vn -0.1217 0.9312 -0.3436
vn -0.0604 0.9373 -0.3434
vn -0.2116 0.8611 -0.4624
vn -0.1904 0.8971 -0.3987
vn -0.2613 0.8721 -0.4138
vn -0.2269 0.9034 -0.3638
vn -0.1874 0.9312 -0.3127
vn -0.1735 0.9251 -0.3378
vn -0.2867 0.8973 -0.3356
vn -0.2323 0.9245 -0.3023
vn -0.2925 0.9376 -0.1879
vn -0.2255 0.9584 -0.1750
vn -0.1949 0.9669 -0.1650
vn -0.2009 0.9440 -0.2618
vn -0.2508 0.9672 -0.0413
vn -0.2024 0.9776 -0.0571
vn -0.2007 0.9794 0.0208
vn -0.1689 0.9856 -0.0046
vn -0.1541 0.9879 -0.0195
vn -0.1764 0.9824 -0.0615
vn -0.1545 0.9871 0.0431
vn -0.1413 0.9899 0.0122
vn -0.1037 0.9933 0.0518
vn -0.1038 0.9944 0.0180
vn -0.1035 0.9946 -0.0011
vn -0.1336 0.9910 -0.0049
vn -0.0509 0.9978 0.0427
vn -0.0652 0.9978 0.0117
vn 0.0052 0.9998 0.0201
vn -0.0332 0.9994 -0.0034
vn -0.0521 0.9985 -0.0158
vn -0.0743 0.9972 -0.0054
vn 0.0700 0.9968 -0.0385
vn 0.0174 0.9987 -0.0488
vn -0.0236 0.9986 -0.0467
vn -0.0485 0.9759 -0.2126
vn -0.0544 0.9903 -0.1279
vn -0.0796 0.9668 -0.2429
vn -0.1118 0.9837 -0.1406
vn -0.0946 0.9574 -0.2728
vn -0.1271 0.9569 -0.2613
vn -0.1488 0.9502 -0.2737
vn -0.1470 0.9554 -0.2563
vn -0.1619 0.9572 -0.2400
vn -0.1589 0.9752 -0.1541
vn -0.1584 0.9849 -0.0701
vn -0.1332 0.9903 -0.0404
vn -0.1258 0.9918 -0.0235
vn -0.1030 0.9942 -0.0303
vn -0.0821 0.9964 -0.0227
vn -0.0793 0.9962 -0.0355
vn -0.0544 0.9969 -0.0575
vn 0.0573 0.9031 -0.4256
vn 0.1173 0.9358 -0.3323
vn 0.0414 0.9304 -0.3643
vn 0.0796 0.8843 -0.4601
vn 0.0922 0.9744 -0.2051
vn 0.0113 0.9724 -0.2330
vn -0.0258 0.9679 -0.2501
vn -0.0377 0.9152 -0.4012
vn 0.0151 0.9960 -0.0876
vn -0.0438 0.9925 -0.1143
vn -0.0338 0.9989 -0.0330
vn -0.0424 0.9979 -0.0494
vn -0.0599 0.9981 0.0112
vn -0.0666 0.9903 -0.1224
vn -0.0688 0.9976 -0.0110
vn -0.0743 0.9972 -0.0028
vn -0.1076 0.9942 0.0055
vn -0.1077 0.9941 0.0139
vn -0.1173 0.9901 0.0774
vn -0.0553 0.9953 0.0799
vn -0.1485 0.9888 0.0119
vn -0.1552 0.9878 0.0133
vn -0.2053 0.9787 0.0035
vn -0.2008 0.9796 -0.0085
vn -0.2261 0.9739 0.0204
vn -0.1786 0.9817 0.0653
vn -0.2790 0.9590 -0.0498
vn -0.2498 0.9657 -0.0703
vn -0.3409 0.9186 -0.2000
vn -0.2811 0.9346 -0.2179
vn -0.2102 0.9476 -0.2407
vn -0.2303 0.9689 -0.0901
vn -0.3203 0.8792 -0.3528
vn -0.2701 0.8850 -0.3793
vn -0.2659 0.8601 -0.4354
vn -0.2933 0.8347 -0.4661
vn -0.1907 0.8899 -0.4144
vn -0.2071 0.8448 -0.4933
vn -0.2157 0.7625 -0.6099
vn -0.1112 0.8443 -0.5243
vn -0.1191 0.7431 -0.6585
vn -0.0053 0.8714 -0.4906
vn -0.0341 0.7954 -0.6051
vn 0.2022 0.3843 -0.9008
vn 0.2239 0.1554 -0.9621
vn -0.4299 0.3114 -0.8475
vn -0.3521 0.6696 -0.6540
vn 0.2675 0.0000 -0.9636
vn -0.4199 -0.0000 -0.9076
vn -0.9312 -0.0000 -0.3646
vn -0.8888 0.3533 -0.2920
vn -0.7442 0.6656 -0.0571
vn 0.0150 0.9999 0.0018
vn 0.9949 -0.0000 0.1010
vn 0.0104 0.9999 0.0013
vn 0.0092 1.0000 0.0009
vn 0.0151 0.9999 0.0013
vn 0.9949 0.0000 0.1006
vn -0.0939 0.9877 0.1247
vn -0.0903 0.9912 0.0964
vn -0.1393 0.9797 0.1441
vn -0.2060 0.9570 0.2043
vn -0.1593 0.9697 0.1851
vn -0.1405 0.9755 0.1692
vn -0.2022 0.9712 0.1257
vn -0.2469 0.9634 0.1047
vn -0.3123 0.9246 0.2181
vn -0.2515 0.9419 0.2226
vn -0.2915 0.2648 -0.9192
vn -0.2721 0.5973 -0.7545
vn -0.3018 -0.0000 -0.9534
vn -0.2902 -0.0000 -0.9570
vn -0.2890 0.2410 -0.9265
vn -0.2335 0.5423 -0.8071
vn -0.6681 0.3135 0.6748
vn -0.6984 -0.0000 0.7157
vn -0.5919 0.5863 0.5531
vn -0.6070 0.5626 0.5613
vn -0.6749 0.3027 0.6729
vn -0.6961 -0.0000 0.7179
vn -0.4179 0.8284 0.3730
vn -0.4692 0.7939 0.3867
vn -0.3609 0.9044 0.2277
vn -0.3999 0.8837 0.2430
vn -0.5058 0.7600 0.4081
vn -0.2274 0.9702 -0.0838
vn -0.2595 0.9657 0.0129
vn -0.1673 0.9509 -0.2605
vn -0.1940 0.9459 -0.2600
vn -0.2517 0.9658 -0.0625
vn -0.2883 0.9572 0.0255
vn -0.1896 0.8533 -0.4857
vn -0.1667 0.8116 -0.5599
vn -0.9956 -0.0000 0.0937
vn -0.9458 0.2913 0.1433
vn -0.9145 -0.0000 0.4047
vn -0.8716 0.2914 0.3942
vn -0.8062 0.4369 0.3990
vn -0.8129 0.5070 0.2865
vn 0.0094 1.0000 0.0016
vn 0.0159 0.9999 0.0031
vn 0.0102 0.9999 0.0025
vn 0.0180 0.9998 0.0055
vn 0.9438 -0.0000 0.3305
vn 0.9743 -0.0000 0.2251
vn -0.3326 0.8865 0.3217
vn -0.2990 0.9080 0.2934
vn -0.2476 0.9270 0.2818
vn -0.3670 0.8615 0.3509
vn -0.2946 0.9506 0.0977
vn -0.3259 0.9387 0.1123
vn -0.0997 0.3286 -0.9392
vn -0.1175 0.0000 -0.9931
vn -0.0382 0.7084 -0.7048
vn -0.0652 0.7231 -0.6876
vn -0.1057 0.3428 -0.9334
vn -0.1140 0.0000 -0.9935
vn -0.0315 0.9121 -0.4089
vn -0.0300 0.9664 -0.2551
vn -0.0198 0.9691 -0.2461
vn -0.0262 0.9143 -0.4042
vn -0.0537 0.9922 -0.1127
vn -0.0740 0.9972 0.0145
vn -0.0681 0.9975 0.0163
vn -0.0379 0.9936 -0.1067
vn -0.0994 0.9909 0.0907
vn -0.1279 0.9791 0.1579
vn -0.1166 0.9801 0.1606
vn -0.0905 0.9915 0.0934
vn -0.2090 0.9364 0.2819
vn -0.3715 0.7704 0.5182
vn -0.3233 0.7845 0.5292
vn -0.1780 0.9427 0.2824
vn -0.5312 0.4244 0.7333
vn -0.6010 -0.0000 0.7992
vn -0.5323 -0.0000 0.8466
vn -0.4718 0.4450 0.7612
vn -0.2710 0.2290 -0.9349
vn -0.2580 0.4858 -0.8351
vn -0.2742 -0.0000 -0.9617
vn -0.3325 -0.0000 -0.9431
vn -0.3385 0.2193 -0.9150
vn -0.3397 0.4658 -0.8171
vn -0.6753 0.3049 0.6716
vn -0.6893 -0.0000 0.7245
vn -0.6319 0.5445 0.5515
vn -0.6470 0.5394 0.5389
vn -0.6837 0.3054 0.6628
vn -0.6967 -0.0000 0.7174
vn -0.5383 0.7394 0.4045
vn -0.4346 0.8659 0.2478
vn -0.4810 0.8500 0.2147
vn -0.5745 0.7202 0.3890
vn -0.3719 0.9232 0.0968
vn -0.3520 0.9353 0.0366
vn -0.4286 0.9028 0.0367
vn -0.4297 0.9002 0.0710
vn -0.3151 0.9485 -0.0338
vn -0.2426 0.9351 -0.2583
vn -0.3687 0.9060 -0.2078
vn -0.4151 0.9097 0.0116
vn -0.2291 0.7805 -0.5817
vn -0.3377 0.7465 -0.5733
vn 0.3772 0.0670 -0.9237
vn 0.1455 0.4205 -0.8955
vn 0.3995 0.0000 -0.9167
vn -0.8301 -0.0000 0.5576
vn -0.8022 0.3009 0.5158
vn -0.8298 0.2972 0.4723
vn -0.8632 -0.0000 0.5048
vn -0.7466 0.4995 0.4394
vn -0.7808 0.4685 0.4134
vn -0.6762 0.6536 0.3400
vn -0.7211 0.6090 0.3303
vn -0.5699 0.8082 0.1484
vn -0.6121 0.7826 0.1133
vn -0.3698 0.9058 -0.2069
vn -0.3357 0.8452 -0.4159
vn 0.0022 1.0000 -0.0050
vn 0.0021 1.0000 -0.0050
vn 0.0121 0.9995 -0.0297
vn 0.0127 0.9995 -0.0289
vn 0.0024 1.0000 -0.0046
vn 0.0149 0.9995 -0.0286
vn 0.4844 -0.0000 -0.8748
vn 0.3862 -0.0000 -0.9224
vn 0.3871 0.0000 -0.9220
vn 0.1698 0.9725 -0.1596
vn 0.1793 0.9717 -0.1536
vn 0.2467 0.9231 -0.2950
vn 0.2344 0.9238 -0.3028
vn 0.1886 0.9711 -0.1465
vn 0.2588 0.9223 -0.2870
vn 0.3909 0.7527 -0.5297
vn 0.3728 0.7525 -0.5429
vn 0.3525 0.7511 -0.5582
vn 0.0723 0.9958 0.0556
vn 0.0789 0.9952 0.0583
vn 0.1229 0.9918 -0.0343
vn 0.1165 0.9924 -0.0387
vn 0.0885 0.9941 0.0632
vn 0.1330 0.9907 -0.0286
vn 0.0148 0.9841 0.1772
vn 0.0236 0.9838 0.1777
vn 0.0492 0.9915 0.1208
vn 0.0430 0.9920 0.1189
vn 0.0378 0.9825 0.1822
vn 0.0615 0.9902 0.1252
vn -0.1446 0.8507 0.5053
vn -0.1323 0.8561 0.4996
vn -0.0260 0.9602 0.2780
vn -0.0347 0.9589 0.2816
vn -0.1094 0.8600 0.4984
vn -0.0042 0.9601 0.2798
vn -0.3494 0.0000 0.9370
vn -0.3391 -0.0000 0.9408
vn -0.2683 0.5533 0.7886
vn -0.2822 0.5470 0.7881
vn -0.3220 -0.0000 0.9467
vn -0.2510 0.5593 0.7900
vn 0.0032 0.9999 -0.0142
vn 0.0033 1.0000 -0.0083
vn 0.0208 0.9986 -0.0492
vn 0.0129 0.9986 -0.0506
vn 0.0038 1.0000 -0.0004
vn 0.0361 0.9993 -0.0063
vn 0.9924 -0.0000 -0.1233
vn 0.5406 0.0000 -0.8413
vn 0.2515 0.0000 -0.9678
vn 0.2173 -0.0000 -0.9761
vn 0.1511 -0.0000 -0.9885
vn 0.0050 0.9992 -0.0393
vn 0.0075 0.9993 -0.0376
vn 0.0785 0.0000 -0.9969
vn 0.0024 0.9990 -0.0452
vn 0.0005 1.0000 -0.0076
vn 0.0009 1.0000 -0.0065
vn 0.0012 1.0000 -0.0061
vn 0.2346 0.9668 -0.1016
vn 0.2366 0.9664 -0.1000
vn 0.3670 0.8958 -0.2508
vn 0.3532 0.9012 -0.2511
vn 0.2525 0.9629 -0.0957
vn 0.3942 0.8861 -0.2438
vn 0.5942 0.6849 -0.4216
vn 0.5580 0.6997 -0.4462
vn 0.5401 0.7094 -0.4529
vn 0.2718 0.7470 -0.6068
vn 0.2463 0.7482 -0.6160
vn 0.1587 0.9280 -0.3370
vn 0.1768 0.9265 -0.3322
vn 0.2208 0.7505 -0.6228
vn 0.1374 0.9300 -0.3408
vn 0.0952 0.9767 -0.1922
vn 0.1134 0.9756 -0.1879
vn 0.1268 0.9748 -0.1833
vn 0.1145 0.9895 0.0885
vn 0.1140 0.9893 0.0911
vn 0.1587 0.9872 0.0142
vn 0.1588 0.9872 0.0114
vn 0.1154 0.9890 0.0925
vn 0.1627 0.9865 0.0187
vn 0.0728 0.9955 -0.0602
vn 0.0834 0.9949 -0.0564
vn 0.0593 0.9961 -0.0659
vn 0.0302 0.9984 0.0487
vn 0.0402 0.9981 0.0466
vn 0.0409 0.9981 0.0466
vn 0.0657 0.9739 0.2175
vn 0.0642 0.9735 0.2195
vn 0.0847 0.9841 0.1564
vn 0.0856 0.9844 0.1536
vn 0.0597 0.9742 0.2176
vn 0.0824 0.9840 0.1581
vn 0.0044 0.9934 0.1148
vn 0.0083 0.9936 0.1128
vn 0.0086 0.9927 0.1206
vn 0.0058 0.9816 0.1911
vn -0.0267 0.9838 0.1772
vn -0.0253 0.9845 0.1736
vn 0.0075 0.8383 0.5452
vn 0.0004 0.8369 0.5473
vn 0.0396 0.9475 0.3173
vn 0.0429 0.9472 0.3177
vn -0.0135 0.8373 0.5466
vn 0.0318 0.9488 0.3143
vn -0.0708 0.9580 0.2778
vn -0.0787 0.9557 0.2837
vn -0.0639 0.9612 0.2684
vn -0.1495 0.8464 0.5111
vn -0.1491 0.8538 0.4988
vn -0.1877 0.7976 0.5733
vn 0.9992 -0.0000 -0.0395
vn 0.9876 0.0000 -0.1569
vn 0.0696 0.9975 -0.0103
vn 0.0754 0.9971 -0.0098
vn 0.9972 -0.0000 -0.0752
vn 0.0602 0.9982 -0.0019
vn 0.0043 1.0000 0.0001
vn 0.0043 1.0000 -0.0004
vn 0.0036 1.0000 -0.0005
vn -0.0081 0.0000 -1.0000
vn -0.0326 0.0000 -0.9995
vn -0.0379 0.3708 -0.9280
vn -0.0146 0.3702 -0.9288
vn -0.0698 0.0000 -0.9976
vn -0.0671 0.3696 -0.9267
vn -0.0381 0.7495 -0.6609
vn -0.0266 0.7579 -0.6518
vn -0.0018 0.7628 -0.6467
vn 0.0013 0.9317 -0.3633
vn 0.0164 0.9353 -0.3534
vn -0.0059 0.9272 -0.3746
vn 0.0033 0.9739 -0.2270
vn 0.0114 0.9758 -0.2184
vn 0.0187 0.9773 -0.2109
vn -0.0047 0.9958 -0.0910
vn 0.0041 0.9961 -0.0878
vn -0.0095 0.9955 -0.0946
vn -0.0385 0.9990 0.0245
vn -0.0365 0.9991 0.0217
vn -0.0356 0.9990 0.0267
vn -0.0641 0.9933 0.0962
vn -0.0660 0.9935 0.0927
vn -0.0657 0.9928 0.0997
vn -0.0977 0.9816 0.1640
vn -0.1024 0.9820 0.1588
vn -0.1244 0.9816 0.1449
vn -0.1660 0.9480 0.2716
vn -0.1423 0.9547 0.2614
vn -0.1597 0.9453 0.2844
vn -0.2931 0.7948 0.5314
vn -0.3280 0.7895 0.5187
vn -0.3228 0.8098 0.4899
vn -0.4318 0.4579 0.7771
vn -0.4337 0.4634 0.7728
vn -0.4953 -0.0000 0.8687
vn -0.5019 -0.0000 0.8649
vn -0.4966 -0.0000 0.8680
vn -0.4203 0.4648 0.7793
vn -0.1016 0.0000 -0.9948
vn -0.0855 0.3574 -0.9300
vn -0.0498 0.7374 -0.6736
vn 0.0269 0.7659 -0.6424
vn 0.0518 0.3837 -0.9220
vn 0.1326 0.7438 -0.6551
vn 0.2667 0.3305 -0.9054
vn 0.0001 0.0000 -1.0000
vn 0.0104 0.0000 -0.9999
vn -0.0156 0.9211 -0.3889
vn -0.0031 0.9714 -0.2373
vn 0.0332 0.9783 -0.2045
vn 0.0413 0.9376 -0.3454
vn 0.0546 0.9782 -0.2005
vn 0.0814 0.9379 -0.3371
vn -0.0216 0.9947 -0.1002
vn -0.0497 0.9985 0.0219
vn -0.0002 0.9999 0.0149
vn 0.0301 0.9960 -0.0842
vn 0.0115 0.9961 -0.0874
vn -0.0172 0.9998 0.0068
vn -0.0753 0.9924 0.0977
vn -0.1037 0.9810 0.1642
vn -0.1631 0.9444 0.2856
vn -0.2974 0.7916 0.5337
vn -0.4410 0.4528 0.7749
vn -0.4999 -0.0000 0.8661
vn -0.5276 -0.0000 0.8495
vn -0.4386 0.4576 0.7735
vn -0.5863 -0.0000 0.8101
vn -0.3979 0.4441 0.8028
vn -0.3210 0.7214 0.6137
vn -0.3585 0.7373 0.5726
vn -0.0137 0.0000 -0.9999
vn -0.0012 0.9983 -0.0588
vn -0.1509 0.0000 -0.9885
vn -0.0082 0.9974 -0.0712
vn -0.0010 0.9999 -0.0121
vn -0.0003 0.9999 -0.0106
vn 0.0016 1.0000 -0.0058
vn 0.0104 0.9992 -0.0381
vn 0.0020 1.0000 -0.0054
vn 0.0135 0.9992 -0.0367
vn 0.3825 0.0000 -0.9239
vn 0.2878 -0.0000 -0.9577
vn 0.2117 0.7515 -0.6249
vn 0.1152 0.9331 -0.3408
vn 0.0747 0.9777 -0.1965
vn 0.1386 0.9742 -0.1782
vn 0.1921 0.9257 -0.3257
vn 0.1500 0.9736 -0.1718
vn 0.2074 0.9250 -0.3184
vn 0.3165 0.7482 -0.5832
vn 0.2970 0.7471 -0.5947
vn 0.0464 0.9961 -0.0753
vn 0.0238 0.9995 0.0183
vn 0.0506 0.9976 0.0482
vn 0.0916 0.9944 -0.0524
vn 0.0593 0.9969 0.0510
vn 0.1019 0.9937 -0.0475
vn -0.0126 0.9845 0.1751
vn 0.0185 0.9933 0.1143
vn -0.0011 0.9842 0.1768
vn 0.0293 0.9928 0.1161
vn -0.1580 0.8338 0.5289
vn -0.0657 0.9557 0.2870
vn -0.1688 0.8372 0.5202
vn -0.0534 0.9562 0.2879
vn -0.3108 -0.0000 0.9505
vn -0.3523 -0.0000 0.9359
vn -0.3053 0.5292 0.7917
vn -0.3654 0.5134 0.7765
vn -0.3664 -0.0000 0.9305
vn -0.3103 0.5348 0.7859
vn 0.0026 1.0000 -0.0041
vn 0.0023 1.0000 -0.0042
vn 0.0161 0.9994 -0.0299
vn 0.0169 0.9995 -0.0275
vn 0.0022 1.0000 -0.0040
vn 0.0164 0.9994 -0.0296
vn 0.4988 -0.0000 -0.8667
vn 0.4691 -0.0000 -0.8831
vn 0.5039 -0.0000 -0.8637
vn 0.0027 1.0000 -0.0041
vn 0.0172 0.9995 -0.0265
vn 0.5478 -0.0000 -0.8366
vn 0.4259 -0.0000 -0.9048
vn 0.0145 0.9994 -0.0312
vn 0.0024 1.0000 -0.0050
vn 0.2074 0.9696 -0.1299
vn 0.2139 0.9691 -0.1228
vn 0.2978 0.9187 -0.2593
vn 0.2837 0.9211 -0.2667
vn 0.2190 0.9687 -0.1169
vn 0.3057 0.9173 -0.2551
vn 0.4702 0.7434 -0.4757
vn 0.4533 0.7478 -0.4851
vn 0.4323 0.7506 -0.4998
vn 0.1985 0.9703 -0.1384
vn 0.2704 0.9219 -0.2776
vn 0.4097 0.7530 -0.5149
vn 0.3347 0.7496 -0.5711
vn 0.2206 0.9245 -0.3108
vn 0.1606 0.9730 -0.1655
vn 0.1048 0.9917 0.0744
vn 0.1084 0.9910 0.0786
vn 0.1533 0.9881 -0.0089
vn 0.1491 0.9887 -0.0144
vn 0.1118 0.9904 0.0815
vn 0.1575 0.9875 -0.0032
vn 0.0988 0.9927 0.0691
vn 0.1415 0.9897 -0.0215
vn 0.1093 0.9931 -0.0430
vn 0.0673 0.9963 0.0536
vn 0.0610 0.9788 0.1953
vn 0.0618 0.9780 0.1992
vn 0.0800 0.9867 0.1414
vn 0.0780 0.9874 0.1380
vn 0.0626 0.9771 0.2034
vn 0.0814 0.9862 0.1443
vn 0.0548 0.9804 0.1892
vn 0.0731 0.9885 0.1326
vn 0.0373 0.9923 0.1179
vn 0.0090 0.9840 0.1778
vn -0.0364 0.8475 0.5295
vn 0.0232 0.8485 0.5288
vn 0.0450 0.9539 0.2968
vn 0.0387 0.9582 0.2835
vn 0.0122 0.8459 0.5332
vn 0.0435 0.9517 0.3038
vn -0.0922 0.8636 0.4957
vn 0.0165 0.9593 0.2820
vn -0.0440 0.9575 0.2850
vn -0.1528 0.8446 0.5131
vn -0.4670 0.0000 0.8843
vn -0.2251 -0.0000 0.9743
vn -0.0148 0.9981 0.0591
vn -0.0230 0.9986 0.0480
vn -0.0133 -0.0000 0.9999
vn -0.0041 0.9984 0.0569
vn -0.0000 1.0000 0.0020
vn -0.0011 1.0000 0.0036
vn -0.0025 1.0000 0.0042
vn -0.3342 -0.0000 0.9425
vn -0.2248 0.5747 0.7869
vn -0.4221 -0.0000 0.9065
vn -0.1667 0.5740 0.8017
vn -0.2898 0.5386 0.7911
vn -0.3557 0.0000 0.9346
vn 0.4395 0.0000 -0.8983
vn 0.5122 -0.0000 -0.8589
vn 0.0165 0.9995 -0.0275
vn 0.0142 0.9995 -0.0268
vn 0.0022 1.0000 -0.0036
vn 0.0019 1.0000 -0.0033
vn 0.2805 0.0000 -0.9599
vn 0.3342 -0.0000 -0.9425
vn 0.0097 0.9996 -0.0254
vn 0.0068 0.9997 -0.0233
vn 0.0014 1.0000 -0.0030
vn 0.0007 1.0000 -0.0023
vn 0.5101 0.7275 -0.4589
vn 0.4878 0.7373 -0.4673
vn 0.3164 0.9148 -0.2513
vn 0.3281 0.9116 -0.2478
vn 0.2210 0.9689 -0.1115
vn 0.2272 0.9681 -0.1061
vn 0.5312 0.7161 -0.4528
vn 0.3454 0.9055 -0.2466
vn 0.2303 0.9676 -0.1032
vn 0.1582 0.9874 0.0015
vn 0.1595 0.9872 0.0063
vn 0.1149 0.9898 0.0838
vn 0.1151 0.9897 0.0848
vn 0.1590 0.9872 0.0089
vn 0.1149 0.9896 0.0861
vn 0.0841 0.9857 0.1459
vn 0.0854 0.9855 0.1469
vn 0.0623 0.9764 0.2069
vn 0.0646 0.9753 0.2113
vn 0.0863 0.9849 0.1503
vn 0.0665 0.9743 0.2153
vn 0.0433 0.9499 0.3095
vn 0.0432 0.9480 0.3152
vn 0.0104 0.8426 0.5385
vn 0.0078 0.8426 0.5385
vn 0.0435 0.9474 0.3169
vn 0.0066 0.8413 0.5405
vn 0.0012 1.0000 0.0008
vn 0.0005 1.0000 0.0013
vn 0.0117 0.9987 0.0496
vn 0.0406 0.9988 0.0279
vn 0.3520 -0.0000 0.9360
vn 0.7646 -0.0000 0.6445
vn 0.0020 1.0000 0.0003
vn 0.0623 0.9980 0.0051
vn 0.9723 -0.0000 0.2338
vn -0.2189 -0.0000 0.9757
vn -0.2386 -0.0000 0.9711
vn -0.1750 0.5500 0.8166
vn -0.1687 0.5341 0.8285
vn -0.2595 -0.0000 0.9657
vn -0.1948 0.5715 0.7971
vn -0.0708 0.8656 0.4957
vn -0.0594 0.8564 0.5128
vn -0.0608 0.8501 0.5230
vn 0.0211 0.9560 0.2925
vn 0.0217 0.9551 0.2955
vn 0.0176 0.9575 0.2879
vn 0.0595 0.9778 0.2007
vn 0.0596 0.9769 0.2054
vn 0.0585 0.9763 0.2082
vn 0.0917 0.9841 0.1519
vn 0.0882 0.9841 0.1544
vn 0.0929 0.9847 0.1472
vn 0.1296 0.9877 0.0869
vn 0.1301 0.9874 0.0898
vn 0.1256 0.9880 0.0896
vn 0.1762 0.9842 0.0146
vn 0.1750 0.9845 0.0135
vn 0.1736 0.9847 0.0142
vn 0.2354 0.9667 -0.1004
vn 0.2538 0.9618 -0.1025
vn 0.2577 0.9601 -0.1084
vn 0.3549 0.8908 -0.2839
vn 0.3822 0.8759 -0.2945
vn 0.3252 0.9060 -0.2710
vn 0.4413 0.7281 -0.5245
vn 0.4835 0.6974 -0.5290
vn 0.5195 0.6683 -0.5325
vn 0.5837 0.3482 -0.7335
vn 0.6121 0.3291 -0.7190
vn 0.5359 0.3723 -0.7578
vn 0.5640 -0.0000 -0.8258
vn 0.6036 0.0000 -0.7973
vn 0.6375 0.0000 -0.7705
vn 0.4744 -0.0000 -0.8803
vn 0.4381 0.4533 -0.7763
vn 0.3618 0.5066 -0.7826
vn 0.3835 0.0000 -0.9235
vn 0.3491 0.7931 -0.4992
vn 0.2861 0.8282 -0.4819
vn 0.1821 0.8701 -0.4580
vn 0.2171 0.5703 -0.7922
vn 0.2483 0.0000 -0.9687
vn 0.2642 0.9320 -0.2480
vn 0.2236 0.9455 -0.2368
vn 0.2078 0.9742 -0.0877
vn 0.1882 0.9788 -0.0811
vn 0.1379 0.9873 -0.0785
vn 0.1587 0.9619 -0.2225
vn 0.1694 0.9854 0.0181
vn 0.1560 0.9876 0.0160
vn 0.1344 0.9876 0.0806
vn 0.1303 0.9888 0.0732
vn 0.1002 0.9933 0.0568
vn 0.1227 0.9924 0.0079
vn 0.0998 0.9861 0.1331
vn 0.0960 0.9883 0.1183
vn 0.0598 0.9814 0.1824
vn 0.0564 0.9850 0.1633
vn 0.0369 0.9906 0.1319
vn 0.0750 0.9926 0.0958
vn 0.0036 0.9649 0.2626
vn -0.0061 0.9730 0.2307
vn -0.1037 0.8949 0.4341
vn -0.1235 0.9138 0.3869
vn -0.1439 0.9334 0.3286
vn -0.0206 0.9815 0.1905
vn -0.2703 0.6391 0.7201
vn -0.3167 0.6767 0.6646
vn -0.3748 -0.0000 0.9271
vn -0.4709 -0.0000 0.8822
vn -0.5362 -0.0000 0.8441
vn -0.3616 0.7162 0.5968
vn 0.0112 0.9984 -0.0552
vn 0.0158 0.9993 -0.0345
vn -0.0064 0.9652 -0.2616
vn -0.0224 0.9413 -0.3368
vn 0.0152 0.9997 -0.0190
vn 0.0066 0.9826 -0.1855
vn 0.0218 0.0000 -0.9998
vn -0.0488 0.0000 -0.9988
vn -0.0732 0.0000 -0.9973
vn 0.0348 0.9994 0.0047
vn 0.0344 0.9994 0.0108
vn 0.0252 0.9997 -0.0018
vn 0.0265 0.9996 -0.0095
vn 0.0329 0.9994 0.0146
vn 0.0257 0.9997 0.0062
vn 0.0392 0.9991 0.0182
vn 0.0406 0.9990 0.0178
vn 0.0386 0.9991 0.0161
vn 0.0402 0.9991 0.0143
vn 0.0400 0.9991 0.0168
vn 0.0386 0.9991 0.0190
vn 0.0244 0.9995 0.0216
vn 0.0287 0.9995 0.0161
vn 0.0358 0.9992 0.0164
vn 0.0348 0.9992 0.0198
vn 0.0310 0.9995 0.0115
vn 0.0383 0.9992 0.0131
vn -0.0304 0.9978 0.0597
vn -0.0151 0.9989 0.0448
vn 0.0144 0.9997 0.0210
vn 0.0093 0.9995 0.0293
vn -0.0038 0.9995 0.0303
vn 0.0212 0.9997 0.0140
vn -0.6531 -0.0000 0.7572
vn -0.6559 -0.0000 0.7548
vn -0.1208 0.9812 0.1506
vn -0.1581 0.9692 0.1887
vn -0.6028 0.0000 0.7979
vn -0.0811 0.9904 0.1122
vn 0.2083 0.0000 -0.9781
vn 0.0128 0.9987 -0.0499
vn 0.0140 0.9995 -0.0278
vn 0.4602 0.0000 -0.8878
vn 0.0112 0.9999 -0.0007
vn 0.0074 1.0000 0.0011
vn 0.0058 1.0000 0.0009
vn 0.0231 0.9997 -0.0091
vn 0.8806 0.0000 -0.4738
vn 0.0173 0.9998 0.0104
vn 0.0089 0.9999 0.0049
vn 0.0218 0.9997 0.0140
vn 0.0109 0.9999 0.0077
vn 0.0063 1.0000 0.0045
vn 0.0055 1.0000 0.0032
vn 0.0263 0.9995 0.0159
vn 0.0135 0.9999 0.0084
vn 0.0294 0.9995 0.0117
vn 0.0162 0.9998 0.0066
vn 0.0098 0.9999 0.0041
vn 0.0079 1.0000 0.0054
vn 0.0296 0.9995 0.0061
vn 0.0159 0.9999 0.0033
vn 0.0255 0.9997 0.0042
vn 0.0143 0.9999 0.0018
vn 0.0084 1.0000 0.0012
vn 0.0097 1.0000 0.0019
vn 0.0215 0.9998 0.0035
vn 0.0119 0.9999 0.0024
vn 0.0089 0.9999 0.0093
vn 0.0084 1.0000 0.0049
vn 0.0071 1.0000 0.0040
vn 0.0078 1.0000 0.0016
vn -0.0153 0.9993 0.0356
vn -0.0054 0.9997 0.0232
vn -0.4657 -0.0000 0.8849
vn -0.2240 -0.0000 0.9746
vn 0.4123 -0.0000 0.9111
vn 0.0114 0.9998 0.0166
vn 0.0073 1.0000 0.0035
vn 0.0206 0.9998 0.0036
vn 0.9997 -0.0000 0.0263
vn 0.0064 1.0000 0.0050
vn 0.0059 1.0000 0.0038
vn 0.0109 0.9999 0.0047
vn 0.0082 0.9999 0.0061
vn 0.0086 1.0000 0.0010
vn 0.0103 0.9999 0.0017
vn 0.0100 0.9999 0.0029
vn 0.0085 1.0000 0.0016
vn 0.8111 0.0000 0.5849
vn 0.0186 0.9998 0.0099
vn -0.0316 0.0000 -0.9995
vn -0.0558 0.0000 -0.9984
vn -0.0136 0.7371 -0.6757
vn -0.0119 0.7879 -0.6157
vn 0.0032 0.0000 -1.0000
vn 0.0117 0.6811 -0.7321
vn 0.0474 0.9397 -0.3386
vn 0.0314 0.9636 -0.2655
vn 0.0313 0.9792 -0.2004
vn 0.0593 0.9926 -0.1060
vn 0.0615 0.9956 -0.0707
vn 0.0734 0.9862 -0.1483
vn 0.0780 0.9955 -0.0538
vn 0.0774 0.9964 -0.0349
vn 0.0711 0.9972 -0.0212
vn 0.0733 0.9973 0.0079
vn 0.0737 0.9972 0.0126
vn 0.0767 0.9970 0.0037
vn 0.0641 0.9973 0.0368
vn 0.0661 0.9972 0.0358
vn 0.0657 0.9973 0.0341
vn 0.0503 0.9972 0.0559
vn 0.0544 0.9972 0.0509
vn 0.0481 0.9969 0.0629
vn 0.0205 0.9960 0.0868
vn 0.0289 0.9967 0.0760
vn 0.0342 0.9972 0.0659
vn -0.0137 0.9938 0.1103
vn 0.0012 0.9955 0.0950
vn -0.0250 0.9912 0.1301
vn -0.1330 0.9629 0.2350
vn -0.1046 0.9737 0.2023
vn -0.0807 0.9820 0.1707
vn -0.3280 0.8354 0.4410
vn -0.2819 0.8737 0.3966
vn -0.3635 0.7949 0.4859
vn -0.6118 -0.0000 0.7910
vn -0.6284 -0.0000 0.7779
vn -0.5941 -0.0000 0.8044
vn 0.1275 0.2376 -0.9630
vn -0.1731 0.0000 -0.9849
vn 0.1055 0.4102 -0.9059
vn 0.2451 0.3550 -0.9022
vn -0.0284 0.3420 -0.9393
vn -0.5828 0.0000 -0.8126
vn 0.2612 0.4162 -0.8710
vn 0.2876 0.4209 -0.8603
vn 0.2867 0.3689 -0.8841
vn 0.2672 0.3521 -0.8970
vn 0.3142 0.4236 -0.8496
vn 0.3474 0.4264 -0.8352
vn 0.3452 0.3964 -0.8507
vn 0.3142 0.3834 -0.8685
vn 0.3802 0.4298 -0.8190
vn 0.4044 0.4346 -0.8047
vn 0.4000 0.4211 -0.8141
vn 0.3777 0.4094 -0.8305
vn 0.4249 0.4404 -0.7909
vn 0.4479 0.4473 -0.7742
vn 0.4417 0.4436 -0.7798
vn 0.4190 0.4326 -0.7983
vn 0.4748 0.4524 -0.7549
vn 0.5007 0.4571 -0.7351
vn 0.4934 0.4635 -0.7360
vn 0.4671 0.4547 -0.7583
vn 0.5282 0.4572 -0.7155
vn 0.5558 0.4565 -0.6947
vn 0.5451 0.4757 -0.6904
vn 0.5201 0.4701 -0.7131
vn 0.5816 0.4551 -0.6743
vn 0.6040 0.4540 -0.6550
vn 0.5860 0.4921 -0.6437
vn 0.5682 0.4832 -0.6661
vn 0.6258 0.4487 -0.6380
vn 0.6498 0.4407 -0.6193
vn 0.6216 0.5039 -0.5997
vn 0.6062 0.4980 -0.6201
vn 0.6639 0.4377 -0.6063
vn 0.6729 0.4374 -0.5966
vn 0.6344 0.5238 -0.5685
vn 0.6313 0.5142 -0.5807
vn 0.6836 0.4384 -0.5836
vn 0.7202 0.4379 -0.5382
vn 0.6770 0.5240 -0.5168
vn 0.6447 0.5244 -0.5562
vn 0.6299 0.6342 -0.4483
vn 0.6959 0.2891 -0.6573
vn 0.8256 0.3369 -0.4526
vn 0.8018 0.4161 -0.4290
vn 0.7566 0.0000 -0.6539
vn 0.9593 -0.0000 -0.2824
vn 0.9619 -0.0000 0.2735
vn 0.7942 0.5986 -0.1045
vn 0.7124 0.5827 -0.3910
vn -0.0211 0.6645 0.7470
vn -0.0218 0.6666 0.7451
vn -0.0119 0.6629 0.7486
vn -0.0087 0.7071 0.7071
vn -0.0235 0.7025 0.7113
vn -0.0216 0.6964 0.7173
vn -0.0091 0.6737 0.7389
vn -0.1269 0.6822 0.7201
vn -0.0526 0.7403 0.6702
vn 0.0056 0.7121 0.7020
vn -0.2999 0.5438 0.7838
vn -0.6615 -0.0000 0.7499
vn -0.8903 -0.0000 0.4554
vn -0.4680 0.6614 0.5861
vn -0.1032 -0.0000 0.9947
vn -0.1796 0.5255 0.8316
vn -0.0069 0.4658 0.8849
vn 0.2447 -0.0000 0.9696
vn -0.0527 0.8291 0.5566
vn -0.0144 0.5943 0.8041
vn -0.0490 0.6173 0.7852
vn 0.1991 0.5453 0.8142
vn 0.6023 -0.0000 0.7983
vn -0.0315 0.8393 0.5428
vn -0.0658 0.6308 0.7731
vn -0.0447 0.6365 0.7700
vn -0.0344 0.6422 0.7658
vn -0.0590 0.6225 0.7804
vn -0.0191 0.6613 0.7498
vn -0.0170 0.6526 0.7575
vn -0.0171 0.6865 0.7269
vn -0.0116 0.6726 0.7399
vn -0.0085 0.9350 0.3547
vn -0.0078 0.9294 0.3689
vn 0.0011 0.9379 0.3469
vn 0.0013 0.9986 0.0535
vn 0.0003 0.9982 0.0599
vn -0.0003 0.9977 0.0683
vn 0.0038 0.9416 0.3368
vn -0.0141 0.9500 0.3120
vn -0.0137 0.9992 0.0367
vn 0.0014 0.9987 0.0504
vn -0.3087 0.9383 0.1559
vn -1.0000 0.0000 0.0075
vn -0.9998 0.0000 -0.0194
vn -0.1212 0.9926 0.0102
vn 0.2389 0.9217 0.3056
vn 0.9570 0.0000 -0.2902
vn -0.0162 0.8930 0.4498
vn 0.0165 0.9969 0.0764
vn 0.1198 0.9913 -0.0544
vn 0.6523 0.0000 -0.7579
vn -0.0262 0.8936 0.4480
vn -0.0100 0.9027 0.4301
vn -0.0011 0.9959 0.0903
vn -0.0015 0.9951 0.0993
vn -0.0062 0.9241 0.3822
vn -0.0009 0.9185 0.3955
vn 0.0004 0.9972 0.0742
vn 0.0007 0.9970 0.0780
vn 0.0004 0.9998 0.0218
vn 0.0005 0.9997 0.0248
vn 0.0012 0.9998 0.0195
vn 0.0003 1.0000 0.0044
vn 0.0003 1.0000 0.0047
vn 0.0002 1.0000 0.0052
vn 0.0005 0.9998 0.0177
vn -0.0042 0.9999 0.0147
vn -0.0025 1.0000 0.0031
vn 0.0002 1.0000 0.0044
vn -0.0531 0.9986 0.0004
vn -0.9942 0.0000 -0.1078
vn -0.9976 -0.0000 -0.0695
vn -0.0262 0.9997 -0.0008
vn 0.0561 0.9950 -0.0826
vn 0.4470 0.0000 -0.8945
vn 0.0060 0.9997 0.0217
vn 0.0035 1.0000 -0.0020
vn 0.0247 0.9985 -0.0492
vn 0.4026 -0.0000 -0.9154
vn 0.0007 0.9995 0.0310
vn 0.0004 0.9995 0.0300
vn 0.0002 1.0000 0.0064
vn 0.0006 1.0000 0.0063
vn 0.0003 0.9997 0.0262
vn 0.0007 0.9996 0.0268
vn 0.0002 1.0000 0.0055
vn 0.0002 1.0000 0.0056
vn 0.0000 1.0000 -0.0000
vn -0.0008 1.0000 0.0010
vn -0.0007 1.0000 0.0012
vn -0.0001 1.0000 0.0001
vn -0.0007 1.0000 0.0013
vn -0.6923 -0.0000 0.7216
vn -0.5493 -0.0000 0.8356
vn -0.0156 0.9995 0.0267
vn -0.0179 0.9996 0.0223
vn -0.4704 -0.0000 0.8824
vn -0.0141 0.9995 0.0274
vn 0.0020 1.0000 -0.0029
vn 0.0022 1.0000 -0.0023
vn 0.0223 0.9995 -0.0238
vn 0.0208 0.9993 -0.0313
vn 0.0023 1.0000 -0.0018
vn 0.0238 0.9995 -0.0187
vn 0.8016 0.0000 -0.5979
vn 0.7182 0.0000 -0.6959
vn 0.6087 -0.0000 -0.7934
vn 0.0001 1.0000 0.0008
vn 0.0001 1.0000 0.0007
vn -0.0007 1.0000 0.0016
vn -0.0010 1.0000 0.0021
vn -0.0001 1.0000 0.0002
vn -0.0016 1.0000 0.0029
vn -0.0002 1.0000 0.0003
vn -0.0007 1.0000 0.0014
vn -0.0001 1.0000 0.0008
vn -0.0013 1.0000 0.0009
vn -0.0011 1.0000 0.0005
vn -0.0009 1.0000 0.0007
vn -0.4064 0.0000 0.9137
vn -0.3936 -0.0000 0.9193
vn -0.0149 0.9993 0.0339
vn -0.0128 0.9995 0.0295
vn -0.4425 0.0000 0.8968
vn -0.0201 0.9991 0.0376
vn -0.4396 0.0000 0.8982
vn -0.0131 0.9995 0.0279
vn -0.0199 0.9998 0.0011
vn -0.0202 0.9998 0.0082
vn -0.9994 0.0000 0.0352
vn -0.9476 0.0000 0.3195
vn -0.0191 0.9997 0.0150
vn -0.8257 0.0000 0.5641
vn 0.0030 1.0000 -0.0009
vn 0.0038 1.0000 -0.0006
vn 0.0412 0.9991 -0.0049
vn 0.0325 0.9994 -0.0092
vn 0.0049 1.0000 -0.0006
vn 0.0506 0.9987 -0.0055
vn 0.9949 -0.0000 -0.1005
vn 0.9911 -0.0000 -0.1332
vn 0.9546 0.0000 -0.2979
vn 0.0025 1.0000 -0.0014
vn 0.0265 0.9995 -0.0145
vn 0.8807 -0.0000 -0.4736
vn 0.3948 0.0000 -0.9187
vn 0.3789 0.0000 -0.9254
vn 0.0155 0.9992 -0.0374
vn 0.0156 0.9992 -0.0373
vn 0.0021 1.0000 -0.0035
vn 0.0017 1.0000 -0.0041
vn 0.4835 0.0000 -0.8754
vn 0.0181 0.9991 -0.0371
vn 0.0018 1.0000 -0.0036
vn 0.0004 1.0000 0.0004
vn 0.0002 1.0000 -0.0005
vn 0.0001 1.0000 0.0009
vn 0.0002 1.0000 -0.0004
vn 0.0002 1.0000 -0.0003
vn -0.3367 0.8508 -0.4034
vn -0.9908 0.0000 -0.1356
vn 0.1453 0.8110 -0.5667
vn 0.0076 0.9962 -0.0867
vn -0.1564 0.9865 -0.0484
vn -0.9955 0.0000 -0.0946
vn 0.1658 0.8064 -0.5677
vn 0.1752 0.8159 -0.5511
vn 0.0305 0.9949 -0.0962
vn 0.0280 0.9944 -0.1018
vn 0.1911 0.8253 -0.5314
vn 0.2050 0.8340 -0.5122
vn 0.0342 0.9957 -0.0855
vn 0.0318 0.9954 -0.0909
vn 0.2231 0.8412 -0.4925
vn 0.2323 0.8473 -0.4777
vn 0.0375 0.9963 -0.0774
vn 0.0361 0.9960 -0.0813
vn 0.2425 0.8529 -0.4624
vn 0.2514 0.8583 -0.4474
vn 0.0391 0.9968 -0.0697
vn 0.0381 0.9966 -0.0734
vn 0.2650 0.8630 -0.4301
vn 0.2762 0.8672 -0.4143
vn 0.0431 0.9970 -0.0644
vn 0.0409 0.9969 -0.0668
vn 0.2901 0.8705 -0.3976
vn 0.3005 0.8740 -0.3819
vn 0.0470 0.9971 -0.0594
vn 0.0451 0.9971 -0.0620
vn 0.3108 0.8780 -0.3640
vn 0.3155 0.8829 -0.3477
vn 0.0498 0.9973 -0.0546
vn 0.0484 0.9972 -0.0570
vn 0.3236 0.8865 -0.3308
vn 0.3277 0.8898 -0.3175
vn 0.0524 0.9974 -0.0504
vn 0.0510 0.9973 -0.0523
vn 0.3299 0.8942 -0.3026
vn 0.3284 0.8975 -0.2943
vn 0.0548 0.9973 -0.0487
vn 0.0533 0.9974 -0.0490
vn 0.3383 0.8953 -0.2897
vn 0.3606 0.8902 -0.2784
vn 0.0651 0.9967 -0.0487
vn 0.0581 0.9971 -0.0483
vn 0.2891 0.9491 0.1248
vn 0.3725 0.9044 -0.2079
vn 0.2666 -0.0000 0.9638
vn -0.0567 -0.0000 0.9984
vn 0.0321 0.9941 0.1039
vn 0.0687 0.9975 -0.0189
vn -0.0867 0.9962 -0.0096
vn -0.9996 0.0000 -0.0279
vn 0.0017 0.9997 -0.0252
vn -0.0026 1.0000 -0.0051
vn -0.0569 0.9984 -0.0073
vn -0.9936 0.0000 -0.1133
vn 0.0073 0.9996 -0.0280
vn 0.0085 0.9996 -0.0273
vn 0.0018 1.0000 -0.0057
vn 0.0013 1.0000 -0.0059
vn 0.0091 0.9996 -0.0261
vn 0.0099 0.9996 -0.0249
vn 0.0020 1.0000 -0.0050
vn 0.0018 1.0000 -0.0054
vn 0.0107 0.9997 -0.0240
vn 0.0111 0.9997 -0.0232
vn 0.0022 1.0000 -0.0047
vn 0.0021 1.0000 -0.0048
vn 0.0112 0.9997 -0.0216
vn 0.0113 0.9997 -0.0202
vn 0.0024 1.0000 -0.0043
vn 0.0023 1.0000 -0.0045
vn 0.0119 0.9997 -0.0193
vn 0.0125 0.9997 -0.0187
vn 0.0028 1.0000 -0.0041
vn 0.0132 0.9998 -0.0180
vn 0.0138 0.9998 -0.0174
vn 0.0032 1.0000 -0.0040
vn 0.0030 1.0000 -0.0041
vn 0.0142 0.9998 -0.0167
vn 0.0146 0.9998 -0.0160
vn 0.0033 1.0000 -0.0036
vn 0.0033 1.0000 -0.0039
vn 0.0149 0.9998 -0.0153
vn 0.0153 0.9998 -0.0146
vn 0.0033 1.0000 -0.0031
vn 0.0033 1.0000 -0.0034
vn 0.0157 0.9998 -0.0143
vn 0.0160 0.9998 -0.0140
vn 0.0034 1.0000 -0.0029
vn 0.0033 1.0000 -0.0030
vn 0.0164 0.9998 -0.0135
vn 0.0180 0.9998 -0.0124
vn 0.0036 1.0000 -0.0024
vn 0.0034 1.0000 -0.0027
vn -0.0126 0.9969 0.0780
vn 0.0199 0.9998 -0.0041
vn -0.2542 -0.0000 0.9671
vn -0.2389 -0.0000 0.9710
vn -0.0114 0.9987 0.0498
vn 0.0018 1.0000 0.0038
vn -0.0025 1.0000 -0.0019
vn -0.0021 1.0000 -0.0027
vn -0.0324 0.9986 -0.0427
vn -0.0416 0.9987 -0.0303
vn -0.0020 1.0000 -0.0033
vn -0.0285 0.9984 -0.0481
vn -0.5321 0.0000 -0.8467
vn -0.6405 0.0000 -0.7679
vn -0.8306 0.0000 -0.5568
vn 0.0000 1.0000 0.0000
vn -0.0002 1.0000 -0.0003
vn -0.0003 1.0000 -0.0002
vn -0.1569 -0.0000 0.9876
vn 0.0340 -0.0000 0.9994
vn -0.0010 0.9993 0.0385
vn -0.0067 0.9993 0.0372
vn 0.2904 -0.0000 0.9569
vn 0.0081 0.9994 0.0339
vn 0.0006 1.0000 0.0020
vn 0.0001 1.0000 0.0023
vn -0.0004 1.0000 0.0028
vn 0.0049 1.0000 0.0056
vn 0.0311 0.9988 0.0372
vn 0.0065 0.9999 0.0112
vn 0.0303 0.9983 0.0488
vn 0.5414 -0.0000 0.8408
vn 0.7538 -0.0000 0.6571
vn 0.2643 0.9596 -0.0962
vn 0.4290 0.8700 -0.2431
vn 0.2688 0.9577 -0.1027
vn 0.4262 0.8629 -0.2715
vn 0.6309 0.6674 -0.3957
vn 0.1168 0.9888 0.0926
vn 0.1695 0.9853 0.0189
vn 0.1189 0.9888 0.0907
vn 0.1715 0.9851 0.0155
vn 0.0565 0.9748 0.2157
vn 0.0817 0.9842 0.1570
vn 0.0549 0.9757 0.2122
vn 0.0819 0.9844 0.1557
vn 0.0252 0.9503 0.3102
vn 0.0193 0.9514 0.3072
vn 0.9979 -0.0000 0.0654
vn 0.0593 0.9982 0.0041
vn 0.9997 -0.0000 -0.0256
vn 0.0616 0.9981 0.0001
vn 0.0072 1.0000 -0.0005
vn 0.0058 1.0000 0.0004
vn 0.7502 0.4463 -0.4878
vn 0.7031 0.5360 -0.4674
vn -0.0198 0.6428 0.7657
vn -0.0126 0.6574 0.7534
vn -0.0029 0.9117 0.4109
vn 0.0014 0.9966 0.0829
vn 0.0007 0.9996 0.0280
vn 0.0003 1.0000 0.0058
vn 0.0003 1.0000 -0.0002
vn 0.0003 1.0000 -0.0003
vn 0.0011 1.0000 0.0000
vn 0.0003 1.0000 0.0001
vn 0.0069 1.0000 -0.0007
vn 0.0005 1.0000 -0.0001
vn 0.0004 1.0000 -0.0001
vn 0.3854 0.8876 -0.2522
vn 0.0773 0.9959 -0.0479
vn 0.0209 0.9997 -0.0116
vn 0.0039 1.0000 -0.0016
vn 0.0000 1.0000 0.0003
vn 0.0001 1.0000 0.0002
vn -0.0022 1.0000 -0.0051
vn -0.0021 1.0000 -0.0091
vn -0.0180 0.9976 -0.0675
vn -0.0237 0.9980 -0.0582
vn -0.3154 0.0000 -0.9490
vn -0.4003 -0.0000 -0.9164
vn -0.0021 1.0000 -0.0038
vn -0.0262 0.9982 -0.0534
vn -0.4669 0.0000 -0.8843
vn -0.9619 0.0000 -0.2733
vn -0.0489 0.9987 -0.0125
vn -0.0025 1.0000 -0.0020
vn 0.0001 1.0000 -0.0010
vn -0.0003 1.0000 -0.0019
vn -0.0003 1.0000 -0.0004
vn 0.0000 1.0000 -0.0013
vn 0.0004 1.0000 -0.0012
vn 0.0002 1.0000 -0.0008
vn 0.0001 1.0000 -0.0009
vn 0.0004 1.0000 -0.0011
vn 0.0004 1.0000 -0.0010
vn 0.0003 1.0000 -0.0007
vn 0.0004 1.0000 -0.0009
vn 0.0005 1.0000 -0.0009
vn 0.0004 1.0000 -0.0006
vn 0.0006 1.0000 -0.0009
vn 0.0004 1.0000 -0.0005
vn 0.0007 1.0000 -0.0009
vn 0.0003 1.0000 -0.0005
vn 0.0008 1.0000 -0.0008
vn 0.0007 1.0000 -0.0008
vn 0.0003 1.0000 -0.0004
vn 0.0007 1.0000 -0.0007
vn 0.0006 1.0000 -0.0006
vn 0.0002 1.0000 -0.0001
vn 0.0007 1.0000 -0.0005
vn -0.0000 1.0000 -0.0001
vn 0.0006 1.0000 -0.0005
vn 0.0006 1.0000 -0.0004
vn 0.6590 -0.0000 0.7521
vn 0.7497 -0.0000 0.6618
vn 0.0256 0.9994 0.0224
vn 0.0209 0.9995 0.0237
vn 0.7617 -0.0000 0.6480
vn 0.0272 0.9994 0.0232
vn 0.0022 1.0000 0.0020
vn 0.0019 1.0000 0.0018
vn 0.0016 1.0000 0.0017
vn 0.5015 -0.0000 0.8652
vn 0.0150 0.9995 0.0275
vn 0.0010 1.0000 0.0018
vn 0.0000 1.0000 0.0030
vn -0.0091 0.9992 0.0387
vn -0.2243 -0.0000 0.9745
vn 0.0002 1.0000 0.0002
vn 0.0002 1.0000 0.0003
vn 0.0006 1.0000 0.0001
vn -0.3082 -0.0000 -0.9513
vn -0.2062 -0.0000 -0.9785
vn -0.2074 0.2201 -0.9532
vn -0.3130 0.2215 -0.9235
vn -0.2516 -0.0000 -0.9678
vn -0.2533 0.2210 -0.9418
vn -0.2737 0.4739 -0.8369
vn -0.2179 0.4618 -0.8598
vn -0.3305 0.4595 -0.8244
vn -0.6335 0.5377 0.5563
vn -0.6230 0.5387 0.5672
vn -0.6892 0.3103 0.6548
vn -0.6898 0.3093 0.6546
vn -0.6418 0.5342 0.5501
vn -0.7017 0.3094 0.6418
vn -0.7285 -0.0000 0.6850
vn -0.7189 -0.0000 0.6952
vn -0.7147 -0.0000 0.6995
vn -0.4213 0.8665 0.2677
vn -0.3511 0.8811 0.3168
vn -0.5119 0.7208 0.4674
vn -0.5425 0.7208 0.4313
vn -0.4027 0.8709 0.2818
vn -0.5509 0.7057 0.4455
vn -0.3589 0.9330 0.0265
vn -0.2424 0.9702 -0.0014
vn -0.2414 0.9643 0.1088
vn -0.3441 0.9353 0.0822
vn -0.2868 0.9579 -0.0111
vn -0.2764 0.9581 0.0752
vn -0.3744 0.9084 -0.1861
vn -0.2782 0.9324 -0.2307
vn -0.2708 0.9616 -0.0439
vn -0.3753 0.9269 0.0057
vn -0.3192 0.9258 -0.2022
vn -0.3232 0.9459 -0.0277
vn -0.2536 0.7640 -0.5933
vn -0.3616 0.7519 -0.5513
vn -0.3051 0.7652 -0.5669
vn -0.3926 0.0000 -0.9197
vn -0.4010 0.2184 -0.8897
vn -0.4179 0.4507 -0.7888
vn -0.6521 0.5371 0.5351
vn -0.6917 0.3067 0.6539
vn -0.7082 -0.0000 0.7060
vn -0.4849 0.8476 0.2154
vn -0.5799 0.7149 0.3908
vn -0.4585 0.8878 0.0392
vn -0.4405 0.8959 0.0571
vn -0.4485 0.8793 -0.1601
vn -0.4584 0.8882 0.0315
vn -0.4392 0.7303 -0.5233
vn -0.4921 -0.0000 -0.8706
vn -0.4786 0.2214 -0.8496
vn -0.5226 0.4926 -0.6959
vn -0.6985 0.5186 0.4932
vn -0.7477 0.3050 0.5899
vn -0.7709 -0.0000 0.6370
vn -0.4994 0.8403 0.2109
vn -0.6214 0.6817 0.3862
vn -0.5650 0.8249 0.0180
vn -0.4212 0.9069 -0.0140
vn -0.6099 0.7921 0.0241
vn -0.6285 0.7656 0.1373
vn -0.5811 0.7455 -0.3266
vn 0.1489 0.9304 -0.3350
vn 0.1492 0.9723 -0.1800
vn 0.0975 0.8956 -0.4341
vn 0.0094 0.8627 -0.5056
vn -0.1025 0.8381 -0.5358
vn -0.2153 0.8395 -0.4989
vn -0.2792 0.8545 -0.4380
vn -0.3262 0.8774 -0.3519
vn -0.3444 0.9195 -0.1895
vn -0.2903 0.9562 -0.0365
vn -0.2160 0.9759 0.0320
vn -0.1620 0.9854 0.0525
vn -0.1035 0.9930 0.0574
vn -0.0462 0.9978 0.0470
vn 0.0118 0.9998 0.0182
vn 0.0865 0.9951 -0.0480
vn -0.6334 -0.3869 0.6702
vn -0.5927 0.2441 0.7675
vn -0.4637 0.1399 0.8749
vn -0.4185 0.2724 0.8664
vn -0.5200 -0.0000 0.8542
vn -0.4034 -0.0000 0.9150
vn -0.3964 0.1899 0.8983
vn -0.3654 0.3581 0.8592
vn -0.2660 0.5908 0.7617
vn -0.2083 0.5074 0.8361
vn -0.3026 0.6044 0.7370
vn -0.3327 0.4647 0.8206
vn -0.2898 0.4564 0.8413
vn -0.3061 0.4564 0.8355
vn -0.1245 -0.9125 0.3897
vn 0.5513 -0.4620 -0.6947
vn 0.8134 -0.3318 -0.4779
vn -0.1069 -0.9197 0.3778
vn 0.1506 0.8879 -0.4347
vn 0.1399 0.8961 -0.4213
vn 0.1135 0.9197 -0.3760
vn 0.9119 0.0732 0.4038
vn -0.0999 -0.9172 0.3857
vn -0.0901 -0.9262 0.3662
vn -0.0918 -0.9209 0.3787
vn 0.1482 0.3469 0.9261
vn -0.1550 0.3435 0.9263
vn 0.0804 0.9463 -0.3131
vn 0.0726 0.9515 -0.2989
vn -0.4015 0.4684 0.7871
vn -0.3802 0.4649 0.7996
vn -0.3372 0.5557 0.7599
vn -0.4556 0.4850 0.7465
vn -0.2158 0.7801 0.5873
vn -0.3590 0.5059 0.7843
vn -0.3152 0.4622 0.8289
vn -0.3135 0.5445 0.7780
vn -0.2806 0.3998 0.8726
vn -0.2947 0.4662 0.8342
vn -0.3280 0.3474 0.8785
vn -0.3115 -0.0000 0.9502
vn -0.8402 0.0815 -0.5362
vn -0.4949 0.4030 0.7699
vn -0.3481 0.7233 0.5963
vn -0.3169 0.6325 0.7067
vn -0.4679 0.7081 0.5288
vn -0.3229 0.9462 0.0223
vn -0.1970 0.9701 0.1420
vn -0.1404 0.9604 0.2405
vn -0.8214 0.1560 0.5487
vn -0.5201 -0.2651 0.8119
vn -0.2090 -0.8841 0.4180
vn -0.9223 0.0786 0.3783
vn -0.3471 -0.2227 0.9110
vn -0.3646 0.0305 0.9307
vn -0.1866 -0.7327 0.6545
vn -0.0866 -0.8690 0.4872
vn -0.3061 0.1950 0.9318
vn -0.2385 0.2965 0.9248
vn 0.0511 -0.6459 0.7617
vn -0.2333 -0.5252 0.8184
vn 0.1312 0.2856 0.9493
vn -0.0773 0.7187 0.6910
vn 0.4986 0.8368 -0.2262
vn 0.5737 -0.5366 -0.6188
vn -0.2224 0.6431 0.7328
vn -0.0029 0.9745 0.2244
vn -0.1000 0.9864 -0.1302
vn -0.0940 0.9859 -0.1388
vn -0.0561 0.9854 -0.1609
vn -0.0524 0.9868 -0.1530
vn -0.0923 0.9852 -0.1443
vn -0.0585 0.9849 -0.1630
vn -0.0320 0.9812 -0.1902
vn -0.0219 0.9817 -0.1891
vn -0.0127 0.9824 -0.1863
vn 0.0042 -0.9824 0.1867
vn 0.0139 -0.9822 0.1874
vn -0.8629 0.0361 0.5041
vn -0.8786 0.0319 0.4764
vn 0.0247 -0.9822 0.1860
vn -0.8706 0.0299 0.4911
vn 0.0153 -0.9814 0.1913
vn 0.0261 -0.9803 0.1959
vn 0.0383 -0.9832 0.1784
vn 0.0302 -0.9843 0.1740
vn 0.0363 -0.9800 0.1958
vn 0.0452 -0.9828 0.1788
vn 0.0252 -0.9811 0.1919
vn 0.0440 -0.9761 0.2126
vn 0.0225 -0.9750 0.2211
vn 0.0034 -0.9764 0.2161
vn 0.0530 -0.9763 0.2100
vn 0.0347 -0.9754 0.2178
vn 0.0370 0.9504 -0.3087
vn 0.0056 0.9553 -0.2955
vn 0.4611 -0.2256 -0.8582
vn 0.4023 -0.2555 -0.8791
vn -0.0172 0.9606 -0.2775
vn 0.3649 -0.2221 -0.9042
vn -0.0035 0.9720 -0.2350
vn 0.0195 0.9720 -0.2340
vn -0.0175 0.9739 -0.2263
vn -0.0032 0.9769 -0.2137
vn 0.0034 0.9740 -0.2264
vn 0.0156 0.9755 -0.2194
vn 0.0119 0.9778 -0.2090
vn 0.0220 0.9726 -0.2315
vn 0.0349 0.9750 -0.2195
vn 0.0404 0.9796 -0.1970
vn 0.0169 0.9798 -0.1994
vn 0.0155 0.9816 -0.1904
vn -0.0875 0.9830 -0.1612
vn -0.0760 0.9822 -0.1718
vn -0.0447 0.9831 -0.1776
vn -0.0581 0.9837 -0.1699
vn -0.0460 0.9828 -0.1791
vn -0.0200 0.9834 -0.1802
vn 0.0007 0.9840 -0.1779
vn -0.0155 0.9838 -0.1789
vn -0.0295 0.9826 -0.1832
vn -0.0048 0.9838 -0.1789
vn -0.0601 0.9875 -0.1457
vn -0.0016 0.9794 -0.2021
vn -0.0735 0.9863 -0.1475
vn -0.1397 0.9827 -0.1220
vn -0.1157 0.9859 -0.1213
vn -0.0134 -0.9720 0.2347
vn -0.0162 -0.9696 0.2441
vn -0.6472 0.1859 0.7393
vn -0.6775 0.1665 0.7164
vn -0.0317 -0.9688 0.2457
vn -0.6845 0.1909 0.7036
vn 0.0426 -0.9797 0.1957
vn 0.0423 -0.9779 0.2046
vn -0.7322 0.0880 0.6753
vn -0.8156 0.0424 0.5770
vn 0.0196 -0.9778 0.2085
vn -0.6966 0.1203 0.7073
vn -0.8715 0.0292 0.4896
vn -0.9152 0.0085 0.4029
vn -0.0060 -0.9810 0.1939
vn -0.0001 -0.9820 0.1888
vn -0.0106 -0.9810 0.1939
vn -0.0097 -0.9790 0.2038
vn -0.0147 -0.9738 0.2271
vn -0.0127 -0.9761 0.2170
vn -0.0329 -0.9789 0.2018
vn -0.0322 -0.9734 0.2269
vn 0.0340 -0.9816 0.1880
vn 0.0201 -0.9828 0.1834
vn 0.0394 -0.9812 0.1891
vn 0.0512 -0.9818 0.1828
vn 0.0029 -0.9834 0.1815
vn 0.0164 -0.9816 0.1905
vn 0.0315 -0.9851 0.1693
vn 0.0366 -0.9838 0.1755
vn 0.0035 -0.9784 0.2067
vn 0.0072 -0.9826 0.1858
vn -0.0046 -0.9859 0.1672
vn -0.0074 -0.9851 0.1720
vn -0.0090 -0.9829 0.1838
vn -0.0079 -0.9842 0.1766
vn -0.0291 -0.9852 0.1687
vn -0.0303 -0.9831 0.1806
vn 0.0282 -0.9830 0.1813
vn 0.0095 -0.9852 0.1712
vn 0.0088 -0.9830 0.1835
vn 0.0248 -0.9812 0.1916
vn -0.0019 -0.9861 0.1660
vn -0.0057 -0.9844 0.1758
vn -0.0109 -0.9756 0.2192
vn -0.0242 -0.9689 0.2461
vn 0.0153 -0.9805 0.1958
vn 0.0165 -0.9817 0.1897
vn 0.0241 0.9837 -0.1781
vn 0.0312 0.9838 -0.1763
vn 0.9448 -0.0721 -0.3197
vn 0.7791 -0.1190 -0.6154
vn 0.0506 0.9841 -0.1703
vn 0.9813 -0.0701 -0.1794
vn -0.0066 0.9748 -0.2231
vn 0.0093 0.9793 -0.2024
vn 0.4711 -0.1599 -0.8674
vn 0.3755 -0.1687 -0.9113
vn 0.0180 0.9816 -0.1903
vn 0.4781 -0.1591 -0.8638
vn 0.4665 -0.2587 -0.8458
vn 0.4316 -0.3359 -0.8372
vn 0.1342 0.8879 -0.4399
vn 0.0770 0.9333 -0.3509
vn 0.0200 0.9830 -0.1823
vn 0.0173 0.9841 -0.1769
vn 0.0419 0.9831 -0.1781
vn 0.0002 0.9821 -0.1884
vn -0.0132 0.9803 -0.1971
vn 0.0139 0.9838 -0.1787
vn 0.0397 0.9670 -0.2515
vn 0.0675 0.9565 -0.2839
vn -0.0911 0.9845 -0.1496
vn -0.0597 0.9843 -0.1662
vn -0.0341 0.9824 -0.1838
vn 0.0359 -0.9815 0.1879
vn -0.8317 0.0392 0.5538
vn 0.0396 -0.9811 0.1895
vn 0.0491 -0.9825 0.1799
vn 0.0497 -0.9787 0.1990
vn 0.0350 -0.9776 0.2076
vn -0.0205 0.9681 -0.2498
vn 0.4340 -0.1802 -0.8827
vn -0.0212 0.9764 -0.2151
vn -0.0200 0.9806 -0.1952
vn 0.0011 0.9814 -0.1917
vn 0.0175 0.9839 -0.1781
vn -0.0001 -0.9753 0.2208
vn -0.6350 0.1555 0.7567
vn -0.0137 -0.9833 0.1814
vn -0.0040 -0.9797 0.2004
vn -0.0060 -0.9865 0.1638
vn -0.0119 -0.9850 0.1722
vn 0.0230 0.9833 -0.1804
vn 0.6505 -0.1390 -0.7467
vn 0.0197 0.9845 -0.1743
vn 0.0438 0.9696 -0.2407
vn 0.0616 0.9726 -0.2242
vn 0.0607 0.9653 -0.2540
vn 0.0708 0.9676 -0.2424
vn 0.0619 0.9744 -0.2160
vn 0.0656 0.9782 -0.1968
vn -0.0491 -0.9666 0.2515
vn -0.5584 0.2315 0.7966
vn -0.0652 -0.9631 0.2611
vn -0.6376 0.2407 0.7318
vn -0.0588 -0.9778 0.2012
vn -0.0593 -0.9713 0.2303
vn -0.0581 -0.9741 0.2186
vn -0.0698 -0.9666 0.2466
vn -0.0504 -0.9842 0.1698
vn -0.0503 -0.9825 0.1791
vn -0.0410 -0.9812 0.1884
vn -0.0468 -0.9792 0.1974
vn 0.0671 0.9832 -0.1695
vn 0.9963 -0.0725 -0.0457
vn 0.0529 0.9807 -0.1881
vn 0.9923 -0.0890 -0.0862
vn 0.0595 0.9825 -0.1767
vn 0.0532 0.9792 -0.1960
vn 0.0651 0.9645 -0.2560
vn 0.0528 0.9693 -0.2401
vn 0.0673 0.9622 -0.2641
vn 0.0690 0.9624 -0.2627
vn 0.0664 0.9630 -0.2611
vn 0.0603 0.9667 -0.2485
vn -0.6427 0.2480 0.7249
vn -0.0718 -0.9604 0.2694
vn -0.0753 -0.9603 0.2687
vn -0.6471 0.2487 0.7207
vn -0.0670 -0.9637 0.2585
vn -0.0517 -0.9692 0.2408
vn -0.0598 -0.9667 0.2487
vn -0.0698 -0.9622 0.2633
vn -0.0357 -0.9748 0.2203
vn -0.0358 -0.9770 0.2102
vn -0.0457 -0.9733 0.2251
vn -0.0490 -0.9710 0.2338
vn 0.9970 -0.0638 -0.0447
vn 0.0460 0.9765 -0.2106
vn 0.0581 0.9723 -0.2263
vn 0.9958 -0.0771 -0.0484
vn 0.0409 0.9746 -0.2204
vn 0.0546 0.9705 -0.2349
vn 0.0021 0.9887 -0.1497
vn -0.0942 0.9885 -0.1185
vn -0.1599 0.9801 -0.1176
vn -0.8934 0.0268 0.4485
vn -0.0230 -0.9745 0.2232
vn 0.0210 -0.9744 0.2238
vn -0.0115 -0.9637 0.2666
vn -0.0675 -0.9241 0.3763
vn 0.0065 -0.9418 0.3361
vn 0.5447 -0.4231 -0.7241
vn 0.2406 0.8166 -0.5247
vn 0.1235 0.9473 -0.2956
vn 0.0001 1.0000 0.0001
vn -0.0026 1.0000 0.0041
vn -0.0003 1.0000 0.0006
vn -0.5247 -0.0000 0.8513
vn -0.0246 0.9989 0.0389
vn 0.0575 0.9983 -0.0066
vn 0.9934 -0.0000 -0.1143
vn 0.0002 1.0000 0.0000
vn 0.0004 1.0000 0.0000
vn 0.0063 0.9997 -0.0247
vn 0.2546 0.0000 -0.9670
vn 0.0006 1.0000 -0.0030
vn 0.0008 1.0000 -0.0037
vn 0.0066 0.9996 -0.0278
vn 0.2303 0.0000 -0.9731
vn 0.0000 1.0000 -0.0003
vn -0.0000 1.0000 -0.0004
vn 0.0003 1.0000 0.0003
vn 0.0024 1.0000 0.0022
vn 0.0028 1.0000 0.0025
vn 0.0252 0.9994 0.0225
vn 0.7475 -0.0000 0.6643
vn 0.7643 -0.0000 0.6449
vn 0.0242 0.9995 0.0208
vn 0.0065 0.9995 -0.0296
vn 0.2204 0.0000 -0.9754
vn 0.0008 1.0000 -0.0048
vn 0.0012 1.0000 -0.0064
vn 0.0072 0.9995 -0.0323
vn 0.2188 0.0000 -0.9758
vn 0.0001 1.0000 -0.0006
vn 0.0000 1.0000 0.0001
vn 0.0000 1.0000 -0.0009
vn 0.0003 1.0000 0.0004
vn 0.0030 1.0000 0.0031
vn 0.0034 1.0000 0.0045
vn 0.0003 1.0000 0.0007
vn 0.0239 0.9995 0.0213
vn 0.7377 -0.0000 0.6751
vn 0.6144 -0.0000 0.7890
vn 0.0245 0.9993 0.0278
vn 0.0021 0.9999 -0.0101
vn 0.0093 0.9991 -0.0402
vn 0.2342 -0.0000 -0.9722
vn 0.0006 1.0000 -0.0018
vn 0.0048 1.0000 0.0082
vn 0.0010 1.0000 0.0012
vn 0.5301 -0.0000 0.8480
vn 0.0268 0.9988 0.0414
vn 0.0708 0.9624 -0.2621
vn 0.0752 0.9624 -0.2610
vn 0.0759 0.9604 -0.2680
vn 0.0833 0.9598 -0.2681
vn 0.0980 0.9596 -0.2639
vn 0.0758 0.9639 -0.2554
vn -0.0796 -0.9595 0.2704
vn -0.7020 0.2406 0.6703
vn -0.0883 -0.9557 0.2807
vn -0.6575 0.2567 0.7083
vn -0.0756 -0.9639 0.2553
vn -0.0796 -0.9612 0.2642
vn -0.0977 -0.9594 0.2645
vn -0.0895 -0.9578 0.2730
vn -0.0846 -0.9693 0.2310
vn -0.0767 -0.9672 0.2421
vn -0.1123 -0.9623 0.2477
vn -0.1090 -0.9611 0.2538
vn 0.0987 0.9674 -0.2331
vn 0.9843 -0.1258 -0.1235
vn 0.1263 0.9596 -0.2515
vn 0.9564 -0.1901 -0.2216
vn 0.0834 0.9663 -0.2435
vn 0.1163 0.9596 -0.2562
vn -0.3195 -0.0000 0.9476
vn -0.2246 0.6022 0.7661
vn -0.0807 0.8775 0.4727
vn -0.0611 0.8449 0.5315
vn -0.1621 0.5241 0.8361
vn -0.2066 -0.0000 0.9784
vn 0.0105 0.9606 0.2776
vn 0.0570 0.9794 0.1939
vn 0.0561 0.9761 0.2102
vn 0.0188 0.9539 0.2997
vn 0.0939 0.9857 0.1399
vn 0.1311 0.9878 0.0843
vn 0.1210 0.9886 0.0892
vn 0.0840 0.9844 0.1548
vn 0.1676 0.9858 0.0144
vn 0.2211 0.9706 -0.0953
vn 0.2646 0.9580 -0.1108
vn 0.1714 0.9851 0.0132
vn 0.2892 0.9204 -0.2631
vn 0.3939 0.7618 -0.5143
vn 0.5662 0.6476 -0.5099
vn 0.4012 0.8674 -0.2944
vn 0.4906 0.4081 -0.7699
vn 0.5082 -0.0000 -0.8612
vn 0.6684 0.0000 -0.7438
vn 0.6539 0.3126 -0.6890
vn 0.0167 0.9998 -0.0050
vn 0.0112 0.9942 -0.1067
vn 0.0528 0.0000 -0.9986
vn -0.1036 0.0000 -0.9946
vn -0.0311 0.9157 -0.4006
vn -0.0624 0.0000 -0.9981
vn -0.0212 0.8845 -0.4660
vn 0.0201 0.9939 -0.1084
vn 0.0132 0.9968 -0.0783
vn 0.0303 0.9994 0.0178
vn 0.0231 0.9997 0.0099
vn 0.0285 0.9994 -0.0209
vn 0.0419 0.9986 -0.0313
vn 0.0521 0.9986 -0.0047
vn 0.0407 0.9992 0.0005
vn 0.0391 0.9991 0.0155
vn 0.0353 0.9992 0.0191
vn 0.0438 0.9990 0.0124
vn 0.0570 0.9983 0.0140
vn 0.0527 0.9983 0.0260
vn 0.0435 0.9988 0.0210
vn 0.0326 0.9994 0.0069
vn 0.0370 0.9993 0.0102
vn 0.0355 0.9991 0.0252
vn 0.0449 0.9984 0.0347
vn 0.0297 0.9987 0.0417
vn 0.0248 0.9993 0.0294
vn 0.0082 0.9998 0.0181
vn 0.0231 0.9997 0.0083
vn 0.0034 0.9992 0.0404
vn 0.0061 0.9983 0.0582
vn -0.0512 0.9930 0.1065
vn -0.0419 0.9960 0.0793
vn -0.5995 0.0000 0.8004
vn -0.0430 0.9967 0.0688
vn -0.1876 0.9558 0.2264
vn -0.2092 0.9385 0.2748
vn -0.6238 -0.0000 0.7816
vn -0.6655 -0.0000 0.7464
vn 0.0924 0.0000 -0.9957
vn 0.0997 0.6269 -0.7727
vn 0.0931 0.9078 -0.4090
vn 0.0346 0.9885 -0.1469
vn 0.0007 0.8415 -0.5403
vn -0.0363 0.0000 -0.9993
vn 0.0962 0.9770 -0.1902
vn 0.0991 0.9926 -0.0698
vn 0.0677 0.9977 -0.0099
vn 0.0534 0.9974 -0.0484
vn 0.0862 0.9963 0.0015
vn 0.0739 0.9963 0.0429
vn 0.0637 0.9975 0.0320
vn 0.0676 0.9976 0.0143
vn 0.0509 0.9960 0.0738
vn 0.0217 0.9943 0.1041
vn 0.0366 0.9978 0.0560
vn 0.0524 0.9977 0.0439
vn -0.0330 0.9875 0.1539
vn -0.1458 0.9499 0.2766
vn -0.0574 0.9884 0.1406
vn 0.0061 0.9970 0.0775
vn -0.3750 0.7557 0.5369
vn -0.6040 -0.0000 0.7970
vn -0.6127 -0.0000 0.7903
vn -0.2377 0.9101 0.3395
vn -0.1260 0.9869 0.1003
vn 0.0584 0.9691 0.2395
vn 0.1278 0.9858 0.1093
vn -0.0989 0.9941 0.0455
vn 0.7592 0.0661 0.6474
vn 0.9935 0.0621 0.0954
vn 0.8056 0.0797 -0.5870
vn -0.0009 0.9986 -0.0528
vn -0.0923 0.9956 0.0184
vn -0.1718 0.9669 0.1889
vn -0.1674 0.9492 0.2664
vn -0.0041 0.9539 0.3000
vn -0.1516 0.9753 0.1606
vn -0.0802 -0.2298 0.9699
vn 0.4300 -0.0793 0.8993
vn 0.1266 -0.9904 -0.0556
vn 0.1857 -0.9779 -0.0957
vn 0.3277 -0.9430 0.0585
vn 0.1300 -0.9900 -0.0538
vn 0.3149 -0.9474 0.0568
vn 0.1382 -0.9870 -0.0819
vn 0.1614 -0.9764 -0.1435
vn 0.1518 -0.9812 -0.1195
vn 0.2323 -0.9726 -0.0115
vn 0.1608 -0.9784 -0.1297
vn -0.0612 0.9962 0.0620
vn -0.0651 0.9952 0.0735
vn -0.0899 0.9921 0.0878
vn -0.1175 0.9907 0.0684
vn -0.1553 0.9795 0.1280
vn -0.1774 0.9774 0.1152
vn -0.1809 0.9583 0.2210
vn -0.1929 0.9648 0.1787
vn -0.1743 0.9640 0.2008
vn -0.2432 0.9460 0.2143
vn 0.0158 0.9626 0.2705
vn 0.0210 0.9463 0.3225
vn 0.0539 0.9762 0.2099
vn 0.0662 0.9761 0.2069
vn 0.0441 0.9639 0.2625
vn -0.0086 0.9572 0.2895
vn 0.0143 0.9952 0.0970
vn 0.0239 0.9940 0.1069
vn -0.0036 0.9968 0.0793
vn -0.0108 0.9964 0.0837
vn -0.0211 0.9973 0.0697
vn -0.0223 0.9969 0.0753
vn -0.2029 0.9226 0.3280
vn -0.1635 0.9133 0.3731
vn -0.1195 0.9529 0.2788
vn -0.1603 0.9548 0.2502
vn -0.0661 0.9534 0.2943
vn -0.1080 0.9276 0.3577
vn -0.0383 0.9969 0.0690
vn -0.0374 0.9969 0.0688
vn 0.0465 0.9899 0.1337
vn 0.0302 0.9905 0.1343
vn -0.0600 0.9981 0.0102
vn 0.0120 0.9998 0.0188
vn -0.0917 0.9955 0.0233
vn -0.0950 0.9953 0.0175
vn -0.0617 0.9977 -0.0280
vn 0.1165 0.9916 -0.0555
vn -0.1393 0.9889 0.0519
vn -0.1813 0.9776 0.1068
vn -0.1461 0.9827 0.1139
vn -0.1111 0.9924 0.0539
vn -0.2111 0.9633 0.1656
vn -0.2240 0.9521 0.2079
vn -0.2112 0.9545 0.2106
vn -0.1845 0.9680 0.1702
vn -0.1935 0.9453 0.2625
vn -0.1167 0.9399 0.3209
vn -0.0812 0.8863 0.4560
vn -0.2108 0.9333 0.2906
vn 0.0061 0.9212 0.3891
vn 0.0602 0.9456 0.3196
vn 0.8563 -0.1052 0.5056
vn 0.7507 -0.4166 0.5127
vn 0.0626 0.9635 0.2604
vn 0.0703 0.9774 0.1996
vn 0.9075 -0.0993 0.4081
vn 0.9209 -0.0633 0.3845
vn 0.0827 0.9859 0.1457
vn 0.0823 0.9916 0.0999
vn 0.9859 -0.0302 0.1648
vn 0.9177 -0.0848 0.3882
vn 0.1088 0.9926 0.0548
vn 0.9967 0.0157 -0.0797
vn -0.0424 0.9991 -0.0032
vn 0.7124 0.1562 -0.6842
vn -0.0682 0.9969 0.0403
vn -0.0768 0.9960 0.0450
vn -0.0611 0.9981 0.0029
vn 0.4546 0.1266 -0.8817
vn -0.0813 0.9943 0.0695
vn -0.1104 0.9862 0.1232
vn -0.1147 0.9869 0.1136
vn -0.0844 0.9940 0.0697
vn -0.1508 0.9734 0.1722
vn -0.1837 0.9599 0.2117
vn -0.1867 0.9628 0.1955
vn -0.1525 0.9757 0.1575
vn -0.2044 0.9293 0.3076
vn -0.1317 -0.2963 0.9460
vn -0.3199 -0.3382 0.8850
vn -0.2361 0.9267 0.2924
vn 0.1926 -0.9721 -0.1339
vn 0.1999 -0.9698 -0.1399
vn 0.1734 -0.9750 -0.1386
vn 0.1886 -0.9703 -0.1516
vn 0.1462 -0.9791 -0.1414
vn 0.0813 -0.9880 -0.1311
vn 0.1155 -0.9875 -0.1070
vn 0.1447 -0.9822 -0.1201
vn 0.0760 -0.9925 -0.0959
vn 0.1117 -0.9903 -0.0831
vn 0.1046 -0.9899 -0.0962
vn 0.0987 -0.9907 -0.0938
vn 0.1692 -0.9768 -0.1314
vn 0.1412 -0.9771 -0.1593
vn -0.0948 0.9951 0.0274
vn -0.0913 0.9956 0.0211
vn -0.0742 0.9972 -0.0132
vn -0.0754 0.9971 -0.0089
vn -0.0899 0.9958 0.0170
vn -0.0725 0.9972 -0.0171
vn 0.4441 0.0736 -0.8929
vn 0.4243 0.0799 -0.9020
vn 0.4177 0.0899 -0.9041
vn -0.1215 0.9906 0.0626
vn -0.1129 0.9920 0.0564
vn -0.1000 0.9944 0.0335
vn -0.1041 0.9938 0.0394
vn -0.1064 0.9928 0.0543
vn -0.0961 0.9949 0.0293
vn -0.1608 0.9796 0.1208
vn -0.1412 0.9833 0.1151
vn -0.1275 0.9882 0.0848
vn -0.1399 0.9862 0.0886
vn -0.1268 0.9854 0.1132
vn -0.1169 0.9897 0.0825
vn -0.3765 -0.2284 0.8978
vn -0.2899 -0.2004 0.9358
vn -0.1650 0.9690 0.1836
vn -0.1975 0.9607 0.1952
vn -0.2086 -0.1775 0.9618
vn -0.1426 0.9739 0.1767
vn 0.1496 -0.9845 -0.0911
vn 0.1336 -0.9873 -0.0863
vn 0.1387 -0.9856 -0.0968
vn 0.1585 -0.9820 -0.1025
vn 0.1217 -0.9890 -0.0847
vn 0.1251 -0.9878 -0.0927
vn 0.1219 -0.9910 -0.0562
vn 0.1139 -0.9922 -0.0502
vn 0.1247 -0.9898 -0.0690
vn 0.1356 -0.9881 -0.0725
vn 0.1076 -0.9930 -0.0480
vn 0.1152 -0.9911 -0.0668
vn 0.1092 -0.9926 -0.0536
vn 0.1050 -0.9935 -0.0451
vn 0.1051 -0.9937 -0.0378
vn 0.1096 -0.9930 -0.0440
vn 0.1031 -0.9939 -0.0402
vn 0.1008 -0.9943 -0.0334
vn 0.1241 -0.9881 -0.0905
vn 0.1282 -0.9863 -0.1039
vn 0.1220 -0.9892 -0.0812
vn -0.0803 0.9958 0.0442
vn -0.0888 0.9954 0.0363
vn -0.0520 0.9983 -0.0268
vn -0.0489 0.9987 -0.0144
vn -0.0932 0.9953 0.0255
vn -0.0506 0.9978 -0.0425
vn 0.5244 0.0821 -0.8475
vn 0.5026 0.0874 -0.8601
vn 0.4822 0.0877 -0.8716
vn -0.0901 0.9958 0.0164
vn -0.0719 0.9972 -0.0194
vn -0.0907 0.9957 0.0192
vn -0.0717 0.9972 -0.0210
vn 0.4595 0.0774 -0.8848
vn 0.4649 0.0744 -0.8822
vn 0.3888 0.0972 -0.9162
vn -0.0772 0.9970 -0.0058
vn 0.3603 0.1058 -0.9268
vn -0.0766 0.9971 -0.0023
vn -0.0949 0.9947 0.0397
vn -0.0961 0.9948 0.0340
vn -0.0969 0.9906 0.0961
vn -0.1185 0.9884 0.0948
vn -0.1013 0.9931 0.0584
vn -0.0900 0.9937 0.0667
vn -0.1281 0.9874 0.0934
vn -0.1075 0.9930 0.0489
vn -0.0999 0.9935 0.0554
vn -0.0944 0.9950 0.0312
vn -0.0977 0.9935 0.0587
vn -0.0944 0.9949 0.0345
vn -0.1079 0.9931 0.0466
vn -0.1048 0.9929 0.0555
vn -0.1292 0.9882 0.0823
vn -0.1276 0.9893 0.0702
vn -0.1036 0.9796 0.1721
vn -0.1361 0.9733 0.1848
vn -0.1293 0.9820 0.1380
vn -0.1019 0.9860 0.1317
vn -0.1622 0.9674 0.1944
vn -0.1491 0.9778 0.1472
vn -0.1132 0.9869 0.1152
vn -0.1070 0.9907 0.0839
vn -0.1035 0.9873 0.1204
vn -0.1006 0.9912 0.0857
vn -0.1555 0.9831 0.0971
vn -0.1604 0.9807 0.1122
vn -0.1944 0.9702 0.1446
vn -0.1841 0.9747 0.1271
vn -0.1366 -0.2664 0.9541
vn -0.1972 -0.2762 0.9407
vn -0.1521 0.9521 0.2652
vn -0.1110 0.9593 0.2596
vn -0.2546 -0.2859 0.9238
vn -0.1812 0.9452 0.2715
vn -0.1198 -0.1750 0.9773
vn -0.1219 0.9750 0.1857
vn -0.0574 -0.1891 0.9803
vn -0.1083 0.9737 0.2002
vn -0.2352 0.9500 0.2053
vn -0.2523 0.9412 0.2246
vn -0.4756 -0.3081 0.8239
vn -0.4723 -0.2683 0.8396
vn 0.0977 -0.9860 -0.1351
vn 0.1273 -0.9813 -0.1442
vn 0.1288 -0.9791 -0.1571
vn 0.0958 -0.9832 -0.1551
vn 0.1503 -0.9770 -0.1511
vn 0.1510 -0.9753 -0.1614
vn 0.1104 -0.9901 -0.0862
vn 0.1121 -0.9888 -0.0986
vn 0.1022 -0.9906 -0.0904
vn 0.1033 -0.9888 -0.1081
vn 0.1814 -0.9773 -0.1096
vn 0.1938 -0.9733 -0.1227
vn 0.1777 -0.9782 -0.1076
vn 0.1691 -0.9809 -0.0962
vn 0.0967 -0.9914 -0.0881
vn 0.1178 -0.9893 -0.0858
vn 0.1243 -0.9856 -0.1150
vn 0.0982 -0.9890 -0.1110
vn 0.1273 -0.9883 -0.0834
vn 0.1424 -0.9823 -0.1218
vn 0.1012 -0.9937 -0.0491
vn 0.1062 -0.9920 -0.0680
vn 0.0992 -0.9937 -0.0523
vn 0.1005 -0.9925 -0.0695
vn 0.1502 -0.9855 -0.0792
vn 0.1582 -0.9834 -0.0891
vn 0.1366 -0.9880 -0.0719
vn 0.1301 -0.9895 -0.0625
vn 0.1015 -0.9915 -0.0812
vn 0.1124 -0.9908 -0.0751
vn 0.1083 -0.9919 -0.0658
vn 0.0960 -0.9926 -0.0744
vn 0.1191 -0.9907 -0.0651
vn 0.1149 -0.9918 -0.0563
vn 0.1035 -0.9938 -0.0404
vn 0.0991 -0.9944 -0.0356
vn 0.1052 -0.9934 -0.0455
vn 0.0989 -0.9943 -0.0396
vn 0.1153 -0.9920 -0.0517
vn 0.1186 -0.9911 -0.0610
vn 0.1142 -0.9907 -0.0746
vn 0.1120 -0.9917 -0.0624
vn 0.1444 -0.9807 -0.1318
vn 0.1307 -0.9825 -0.1329
vn 0.1551 -0.9797 -0.1268
vn 0.1252 -0.9888 -0.0819
vn 0.1291 -0.9877 -0.0885
vn 0.1321 -0.9840 -0.1193
vn 0.1318 -0.9816 -0.1380
vn -0.0864 0.9960 0.0242
vn -0.0650 0.9977 -0.0193
vn -0.0755 0.9966 0.0338
vn -0.0531 0.9985 -0.0139
vn 0.4611 0.0880 -0.8830
vn 0.4605 0.0840 -0.8837
vn -0.0921 0.9937 0.0641
vn -0.0896 0.9952 0.0405
vn -0.0811 0.9939 0.0750
vn -0.0796 0.9956 0.0503
vn -0.0935 0.9875 0.1271
vn -0.0932 0.9914 0.0915
vn -0.0784 0.9870 0.1403
vn -0.0801 0.9916 0.1016
vn -0.0279 -0.2003 0.9793
vn -0.0956 0.9720 0.2148
vn -0.0387 -0.2181 0.9751
vn -0.0796 0.9697 0.2310
vn 0.0925 -0.9910 -0.0965
vn 0.0924 -0.9886 -0.1191
vn 0.0767 -0.9911 -0.1085
vn 0.0750 -0.9882 -0.1334
vn 0.0932 -0.9940 -0.0578
vn 0.0930 -0.9928 -0.0750
vn 0.0816 -0.9943 -0.0685
vn 0.0789 -0.9933 -0.0845
vn 0.1013 -0.9934 -0.0529
vn 0.0943 -0.9945 -0.0461
vn 0.0919 -0.9937 -0.0646
vn 0.0840 -0.9949 -0.0567
vn 0.1261 -0.9871 -0.0990
vn 0.1193 -0.9864 -0.1127
vn -0.0730 0.9964 0.0427
vn -0.0457 0.9989 -0.0098
vn 0.4768 0.0885 -0.8746
vn -0.0808 0.9928 0.0887
vn -0.0772 0.9951 0.0621
vn -0.0766 0.9844 0.1582
vn -0.0793 0.9899 0.1179
vn -0.0760 -0.2454 0.9664
vn -0.0825 0.9653 0.2477
vn 0.0733 -0.9896 -0.1241
vn 0.0735 -0.9864 -0.1470
vn 0.0805 -0.9934 -0.0817
vn 0.0771 -0.9921 -0.0993
vn 0.0912 -0.9929 -0.0768
vn 0.0822 -0.9942 -0.0690
vn 0.1190 -0.9849 -0.1260
vn -0.0934 0.9955 0.0182
vn -0.0417 0.9976 -0.0561
vn 0.5834 0.0751 -0.8087
vn -0.1326 0.9868 0.0931
vn -0.1096 0.9929 0.0458
vn -0.1725 0.9652 0.1965
vn -0.1559 0.9766 0.1483
vn -0.2629 -0.2779 0.9239
vn -0.1942 0.9439 0.2670
vn 0.1599 -0.9755 -0.1513
vn 0.1626 -0.9742 -0.1567
vn 0.1329 -0.9878 -0.0816
vn 0.1494 -0.9813 -0.1211
vn 0.1244 -0.9905 -0.0592
vn 0.1194 -0.9914 -0.0528
vn 0.1631 -0.9796 -0.1174
vn 0.3419 0.1179 -0.9323
vn -0.0740 0.9973 0.0010
vn -0.0901 0.9949 0.0446
vn -0.0987 0.9932 0.0618
vn -0.1219 0.9876 0.0991
vn -0.1592 0.9780 0.1345
vn -0.1953 0.9660 0.1694
vn -0.2482 0.9334 0.2592
vn -0.4248 -0.3294 0.8432
vn 0.1918 -0.9711 -0.1418
vn 0.1774 -0.9766 -0.1214
vn 0.1568 -0.9824 -0.1018
vn 0.1358 -0.9870 -0.0855
vn 0.1180 -0.9902 -0.0751
vn 0.1139 -0.9894 -0.0903
vn 0.1343 -0.9786 -0.1561
vn 0.0973 0.9522 -0.2896
vn 0.1130 0.9516 -0.2859
vn 0.0861 0.9526 -0.2916
vn 0.1026 0.9402 -0.3248
vn 0.1103 0.9389 -0.3261
vn 0.1147 0.9407 -0.3194
vn -0.6489 0.2839 0.7059
vn -0.1016 -0.9454 0.3098
vn -0.1195 -0.9304 0.3465
vn -0.5948 0.3321 0.7320
vn -0.1043 -0.9490 0.2974
vn -0.1130 -0.9513 0.2867
vn -0.1146 -0.9403 0.3204
vn -0.1179 -0.9345 0.3359
vn -0.1177 -0.9532 0.2786
vn -0.1264 -0.9545 0.2702
vn -0.1140 -0.9465 0.3018
vn -0.1159 -0.9442 0.3083
vn 0.8385 -0.2679 -0.4744
vn 0.1399 0.9505 -0.2773
vn 0.1270 0.9412 -0.3131
vn 0.6919 -0.3132 -0.6505
vn 0.1248 0.9511 -0.2825
vn 0.1225 0.9414 -0.3142
vn 0.1333 0.9258 -0.3538
vn 0.1463 0.9290 -0.3400
vn 0.1479 0.9275 -0.3432
vn 0.1354 0.9247 -0.3557
vn 0.1538 0.9355 -0.3181
vn 0.1561 0.9334 -0.3231
vn 0.1597 0.9299 -0.3313
vn 0.1490 0.9263 -0.3462
vn 0.1342 0.9268 -0.3508
vn -0.1486 -0.9154 0.3741
vn -0.1597 -0.9199 0.3581
vn -0.5078 0.3822 0.7720
vn -0.5195 0.3879 0.7614
vn -0.1656 -0.9278 0.3342
vn -0.4993 0.3670 0.7849
vn -0.1344 -0.9265 0.3515
vn -0.1493 -0.9259 0.3469
vn -0.1551 -0.9225 0.3533
vn -0.1429 -0.9196 0.3661
vn -0.1601 -0.9295 0.3322
vn -0.1631 -0.9287 0.3331
vn -0.1247 -0.9347 0.3330
vn -0.1428 -0.9313 0.3351
vn -0.1449 -0.9294 0.3396
vn -0.1279 -0.9318 0.3398
vn -0.1542 -0.9315 0.3294
vn -0.1577 -0.9299 0.3324
vn 0.1366 0.9276 -0.3478
vn 0.1544 0.9240 -0.3497
vn 0.5959 -0.3567 -0.7195
vn 0.6024 -0.3439 -0.7203
vn 0.1659 0.9241 -0.3442
vn 0.5932 -0.3602 -0.7200
vn 0.1509 0.9256 -0.3470
vn 0.1339 0.9282 -0.3473
vn 0.1636 0.9261 -0.3399
vn 0.1322 0.9435 -0.3038
vn 0.1315 0.9457 -0.2972
vn 0.1031 0.9463 -0.3064
vn 0.1034 0.9451 -0.3101
vn 0.1313 0.9469 -0.2935
vn 0.1027 0.9479 -0.3016
vn 0.0839 0.9479 -0.3074
vn 0.0853 0.9453 -0.3148
vn 0.0907 0.9421 -0.3230
vn -0.5248 0.3183 0.7895
vn -0.4248 0.3194 0.8471
vn -0.1407 -0.9397 0.3118
vn -0.1118 -0.9389 0.3254
vn -0.0940 -0.9363 0.3383
vn -0.3108 0.3303 0.8912
vn -0.1379 -0.9410 0.3090
vn -0.1090 -0.9409 0.3206
vn -0.1326 -0.9430 0.3051
vn -0.1038 -0.9446 0.3114
vn -0.0907 -0.9416 0.3241
vn -0.0917 -0.9389 0.3318
vn -0.1263 -0.9456 0.3000
vn -0.0999 -0.9479 0.3025
vn -0.1212 -0.9477 0.2954
vn -0.0950 -0.9513 0.2933
vn -0.0895 -0.9476 0.3067
vn -0.0898 -0.9449 0.3149
vn 0.5147 -0.3326 -0.7902
vn 0.4466 -0.3248 -0.8337
vn 0.1347 0.9394 -0.3154
vn 0.1095 0.9414 -0.3191
vn 0.1059 0.9347 -0.3392
vn 0.4368 -0.3321 -0.8360
vn 0.1324 0.9417 -0.3093
vn 0.1063 0.9433 -0.3145
vn 0.0969 0.9389 -0.3302
vn 0.0757 0.9497 -0.3038
vn 0.0810 0.9441 -0.3196
vn 0.0916 0.9344 -0.3444
vn -0.0892 -0.9323 0.3505
vn -0.2789 0.3337 0.9005
vn -0.0906 -0.9338 0.3462
vn -0.0886 -0.9346 0.3445
vn -0.1079 -0.9305 0.3501
vn -0.1016 -0.9302 0.3526
vn 0.1301 0.9111 -0.3910
vn 0.4244 -0.3875 -0.8184
vn 0.1120 0.9214 -0.3722
vn 0.1526 0.9422 -0.2982
vn 0.1532 0.9405 -0.3034
vn 0.1563 0.9370 -0.3126
vn 0.1213 0.9307 -0.3452
vn 0.1211 0.9285 -0.3511
vn 0.1173 0.9286 -0.3522
vn -0.1629 -0.9354 0.3138
vn -0.5213 0.3421 0.7818
vn -0.5510 0.3710 0.7475
vn -0.1341 -0.9175 0.3746
vn -0.1568 -0.9365 0.3137
vn -0.1600 -0.9359 0.3137
vn -0.1288 -0.9234 0.3617
vn -0.1214 -0.9304 0.3459
vn -0.1469 -0.9387 0.3119
vn -0.1524 -0.9373 0.3135
vn -0.1148 -0.9365 0.3315
vn -0.1134 -0.9393 0.3238
vn 0.1594 0.9311 -0.3281
vn 0.5685 -0.3487 -0.7451
vn 0.6147 -0.3331 -0.7150
vn 0.1258 0.9327 -0.3379
vn 0.1585 0.9336 -0.3214
vn 0.1210 0.9331 -0.3386
vn 0.0120 -0.9999 0.0106
vn 0.0126 -0.9999 0.0089
vn 0.0069 -1.0000 0.0058
vn 0.0067 -1.0000 0.0047
vn 0.0071 -1.0000 0.0042
vn 0.0145 -0.9999 0.0076
vn -0.0949 -0.3034 -0.9481
vn -0.0767 -0.2438 -0.9668
vn -0.0056 -0.6969 -0.7172
vn -0.0339 -0.5132 -0.8576
vn -0.1380 -0.4848 -0.8637
vn -0.1473 -0.2062 -0.9673
vn -0.2296 -0.2285 -0.9461
vn -0.2420 -0.4872 -0.8391
vn -0.2801 -0.6355 -0.7195
vn -0.2687 -0.2698 -0.9247
vn -0.9378 -0.1902 -0.2903
vn -0.9140 -0.0926 0.3950
vn -0.8748 -0.3593 -0.3250
vn -0.8906 -0.4485 0.0756
vn -0.8477 -0.3769 0.3732
vn -0.8364 -0.0487 0.5459
vn -0.9065 -0.0450 0.4199
vn -0.8859 -0.2838 0.3669
vn -0.6572 -0.7259 -0.2028
vn -0.7025 -0.1519 -0.6953
vn -0.6604 -0.3279 0.6756
vn -0.6522 -0.3512 0.6718
vn -0.5547 -0.6257 0.5485
vn -0.5328 -0.6589 0.5311
vn -0.5231 -0.6926 0.4967
vn -0.6802 -0.3619 0.6374
vn -0.6845 -0.3732 0.6262
vn -0.5192 -0.7109 0.4744
vn -0.4536 -0.7412 0.4948
vn -0.6257 -0.3924 0.6742
vn 0.0138 -0.9999 0.0061
vn 0.0122 -0.9999 0.0102
vn 0.0105 -0.9999 0.0046
vn 0.0082 -0.9999 0.0068
vn 0.1257 -0.9767 -0.1740
vn 0.0585 -0.9861 -0.1554
vn 0.0664 -0.9559 -0.2860
vn 0.1275 -0.9383 -0.3214
vn 0.0035 -0.9897 -0.1430
vn 0.0133 -0.9702 -0.2420
vn -0.0221 -0.9516 -0.3066
vn 0.0354 -0.9297 -0.3665
vn 0.0814 -0.9040 -0.4196
vn -0.0308 -0.9115 -0.4102
vn 0.0010 -0.8790 -0.4768
vn -0.0604 -0.9373 -0.3434
vn -0.1217 -0.9312 -0.3436
vn -0.1168 -0.9011 -0.4176
vn -0.1104 -0.8644 -0.4905
vn -0.1904 -0.8971 -0.3987
vn -0.2116 -0.8611 -0.4624
vn -0.1735 -0.9251 -0.3378
vn -0.1874 -0.9312 -0.3127
vn -0.2269 -0.9034 -0.3638
vn -0.2613 -0.8721 -0.4138
vn -0.2323 -0.9245 -0.3023
vn -0.2867 -0.8973 -0.3356
vn -0.2009 -0.9440 -0.2618
vn -0.1949 -0.9669 -0.1650
vn -0.2255 -0.9584 -0.1750
vn -0.2925 -0.9376 -0.1879
vn -0.2024 -0.9776 -0.0571
vn -0.2508 -0.9672 -0.0413
vn -0.1764 -0.9824 -0.0615
vn -0.1541 -0.9879 -0.0195
vn -0.1689 -0.9856 -0.0046
vn -0.2007 -0.9794 0.0208
vn -0.1413 -0.9899 0.0122
vn -0.1545 -0.9871 0.0431
vn -0.1336 -0.9910 -0.0049
vn -0.1035 -0.9946 -0.0011
vn -0.1038 -0.9944 0.0180
vn -0.1037 -0.9933 0.0518
vn -0.0652 -0.9978 0.0117
vn -0.0509 -0.9978 0.0427
vn -0.0743 -0.9972 -0.0054
vn -0.0521 -0.9985 -0.0158
vn -0.0332 -0.9994 -0.0034
vn 0.0052 -0.9998 0.0201
vn 0.0174 -0.9987 -0.0488
vn 0.0700 -0.9968 -0.0385
vn -0.0236 -0.9986 -0.0467
vn -0.0544 -0.9903 -0.1279
vn -0.0485 -0.9759 -0.2126
vn -0.1118 -0.9837 -0.1406
vn -0.0796 -0.9668 -0.2429
vn -0.0946 -0.9574 -0.2728
vn -0.1271 -0.9569 -0.2613
vn -0.1488 -0.9502 -0.2737
vn -0.1470 -0.9554 -0.2563
vn -0.1619 -0.9572 -0.2400
vn -0.1589 -0.9752 -0.1541
vn -0.1584 -0.9849 -0.0701
vn -0.1332 -0.9903 -0.0404
vn -0.1258 -0.9918 -0.0235
vn -0.1030 -0.9942 -0.0303
vn -0.0821 -0.9964 -0.0227
vn -0.0793 -0.9962 -0.0355
vn -0.0544 -0.9969 -0.0575
vn 0.0573 -0.9031 -0.4256
vn 0.0796 -0.8843 -0.4601
vn 0.0414 -0.9304 -0.3643
vn 0.1173 -0.9358 -0.3323
vn -0.0377 -0.9152 -0.4012
vn -0.0258 -0.9679 -0.2501
vn 0.0113 -0.9724 -0.2330
vn 0.0922 -0.9744 -0.2051
vn -0.0438 -0.9925 -0.1143
vn 0.0151 -0.9960 -0.0876
vn -0.0666 -0.9903 -0.1224
vn -0.0599 -0.9981 0.0112
vn -0.0424 -0.9979 -0.0494
vn -0.0338 -0.9989 -0.0330
vn -0.0743 -0.9972 -0.0028
vn -0.0688 -0.9976 -0.0110
vn -0.0553 -0.9953 0.0799
vn -0.1173 -0.9901 0.0774
vn -0.1077 -0.9941 0.0139
vn -0.1076 -0.9942 0.0055
vn -0.1552 -0.9878 0.0133
vn -0.1485 -0.9888 0.0119
vn -0.1786 -0.9817 0.0653
vn -0.2261 -0.9739 0.0204
vn -0.2008 -0.9796 -0.0085
vn -0.2053 -0.9787 0.0035
vn -0.2498 -0.9657 -0.0704
vn -0.2790 -0.9590 -0.0498
vn -0.2303 -0.9689 -0.0901
vn -0.2102 -0.9476 -0.2407
vn -0.2811 -0.9346 -0.2179
vn -0.3409 -0.9186 -0.2000
vn -0.2701 -0.8850 -0.3793
vn -0.3203 -0.8792 -0.3528
vn -0.1907 -0.8899 -0.4144
vn -0.2933 -0.8347 -0.4661
vn -0.2659 -0.8601 -0.4354
vn -0.2157 -0.7625 -0.6099
vn -0.2071 -0.8448 -0.4933
vn -0.1191 -0.7431 -0.6585
vn -0.1112 -0.8443 -0.5243
vn -0.0341 -0.7954 -0.6051
vn -0.0053 -0.8714 -0.4906
vn 0.2022 -0.3843 -0.9008
vn -0.3521 -0.6696 -0.6540
vn -0.4299 -0.3114 -0.8475
vn 0.2239 -0.1554 -0.9621
vn -0.7442 -0.6656 -0.0571
vn -0.8888 -0.3533 -0.2920
vn 0.0150 -0.9999 0.0018
vn 0.0151 -0.9999 0.0013
vn 0.0092 -1.0000 0.0009
vn 0.0104 -0.9999 0.0013
vn -0.0903 -0.9912 0.0964
vn -0.0939 -0.9877 0.1247
vn -0.1405 -0.9755 0.1692
vn -0.1593 -0.9697 0.1851
vn -0.2060 -0.9570 0.2043
vn -0.1393 -0.9797 0.1441
vn -0.2022 -0.9712 0.1257
vn -0.2515 -0.9419 0.2226
vn -0.3123 -0.9246 0.2181
vn -0.2469 -0.9634 0.1047
vn -0.2721 -0.5973 -0.7545
vn -0.2915 -0.2648 -0.9192
vn -0.2335 -0.5423 -0.8071
vn -0.2890 -0.2410 -0.9265
vn -0.6681 -0.3135 0.6748
vn -0.6749 -0.3027 0.6729
vn -0.6070 -0.5626 0.5613
vn -0.5919 -0.5863 0.5531
vn -0.4692 -0.7939 0.3867
vn -0.4179 -0.8284 0.3730
vn -0.5058 -0.7600 0.4081
vn -0.3999 -0.8837 0.2430
vn -0.3609 -0.9044 0.2277
vn -0.2595 -0.9657 0.0129
vn -0.2274 -0.9702 -0.0838
vn -0.2883 -0.9572 0.0255
vn -0.2517 -0.9658 -0.0625
vn -0.1940 -0.9459 -0.2600
vn -0.1673 -0.9509 -0.2605
vn -0.1896 -0.8533 -0.4857
vn -0.1667 -0.8116 -0.5599
vn -0.9458 -0.2913 0.1433
vn -0.8129 -0.5070 0.2865
vn -0.8062 -0.4369 0.3990
vn -0.8716 -0.2914 0.3942
vn 0.0159 -0.9999 0.0031
vn 0.0094 -1.0000 0.0016
vn 0.0180 -0.9998 0.0055
vn 0.0102 -0.9999 0.0025
vn -0.2990 -0.9080 0.2934
vn -0.3326 -0.8865 0.3217
vn -0.2476 -0.9270 0.2818
vn -0.3670 -0.8615 0.3509
vn -0.2946 -0.9506 0.0977
vn -0.3259 -0.9387 0.1123
vn -0.0997 -0.3286 -0.9392
vn -0.1057 -0.3428 -0.9334
vn -0.0652 -0.7231 -0.6876
vn -0.0382 -0.7084 -0.7048
vn -0.0315 -0.9121 -0.4089
vn -0.0262 -0.9143 -0.4042
vn -0.0198 -0.9691 -0.2461
vn -0.0300 -0.9664 -0.2551
vn -0.0537 -0.9922 -0.1127
vn -0.0379 -0.9936 -0.1067
vn -0.0681 -0.9975 0.0163
vn -0.0740 -0.9972 0.0145
vn -0.0994 -0.9909 0.0907
vn -0.0905 -0.9915 0.0934
vn -0.1166 -0.9801 0.1606
vn -0.1279 -0.9791 0.1579
vn -0.2090 -0.9364 0.2819
vn -0.1780 -0.9427 0.2824
vn -0.3233 -0.7845 0.5292
vn -0.3715 -0.7704 0.5182
vn -0.5312 -0.4244 0.7333
vn -0.4718 -0.4450 0.7612
vn -0.2580 -0.4858 -0.8351
vn -0.2710 -0.2290 -0.9349
vn -0.3397 -0.4658 -0.8171
vn -0.3385 -0.2193 -0.9150
vn -0.6753 -0.3049 0.6716
vn -0.6837 -0.3054 0.6628
vn -0.6470 -0.5394 0.5389
vn -0.6319 -0.5445 0.5515
vn -0.5383 -0.7394 0.4045
vn -0.5745 -0.7202 0.3890
vn -0.4810 -0.8500 0.2147
vn -0.4346 -0.8659 0.2478
vn -0.3719 -0.9232 0.0968
vn -0.4297 -0.9002 0.0710
vn -0.4286 -0.9028 0.0367
vn -0.3520 -0.9353 0.0366
vn -0.3151 -0.9485 -0.0338
vn -0.4151 -0.9097 0.0116
vn -0.3687 -0.9060 -0.2078
vn -0.2426 -0.9351 -0.2583
vn -0.2291 -0.7805 -0.5817
vn -0.3377 -0.7465 -0.5733
vn 0.1455 -0.4205 -0.8955
vn 0.3772 -0.0670 -0.9237
vn -0.8298 -0.2972 0.4723
vn -0.8022 -0.3009 0.5158
vn -0.7808 -0.4685 0.4134
vn -0.7466 -0.4995 0.4394
vn -0.7211 -0.6090 0.3303
vn -0.6762 -0.6536 0.3400
vn -0.6121 -0.7826 0.1133
vn -0.5699 -0.8082 0.1484
vn -0.3357 -0.8452 -0.4159
vn -0.3698 -0.9058 -0.2069
vn 0.0022 -1.0000 -0.0050
vn 0.0127 -0.9995 -0.0289
vn 0.0121 -0.9995 -0.0297
vn 0.0021 -1.0000 -0.0050
vn 0.0149 -0.9995 -0.0286
vn 0.0024 -1.0000 -0.0046
vn 0.1698 -0.9725 -0.1596
vn 0.2344 -0.9238 -0.3028
vn 0.2467 -0.9231 -0.2950
vn 0.1793 -0.9717 -0.1536
vn 0.3525 -0.7511 -0.5582
vn 0.3728 -0.7525 -0.5429
vn 0.3909 -0.7527 -0.5297
vn 0.2588 -0.9223 -0.2870
vn 0.1886 -0.9711 -0.1465
vn 0.0723 -0.9958 0.0556
vn 0.1165 -0.9924 -0.0387
vn 0.1229 -0.9918 -0.0343
vn 0.0789 -0.9952 0.0583
vn 0.1330 -0.9907 -0.0286
vn 0.0885 -0.9941 0.0632
vn 0.0148 -0.9841 0.1772
vn 0.0430 -0.9920 0.1189
vn 0.0492 -0.9915 0.1208
vn 0.0236 -0.9838 0.1777
vn 0.0615 -0.9902 0.1252
vn 0.0378 -0.9825 0.1822
vn -0.1446 -0.8507 0.5053
vn -0.0347 -0.9589 0.2816
vn -0.0260 -0.9602 0.2780
vn -0.1323 -0.8561 0.4996
vn -0.0042 -0.9601 0.2798
vn -0.1094 -0.8600 0.4984
vn -0.2822 -0.5470 0.7881
vn -0.2683 -0.5533 0.7886
vn -0.2510 -0.5593 0.7900
vn 0.0032 -0.9999 -0.0142
vn 0.0129 -0.9986 -0.0506
vn 0.0208 -0.9986 -0.0492
vn 0.0033 -1.0000 -0.0083
vn 0.0361 -0.9993 -0.0063
vn 0.0038 -1.0000 -0.0004
vn 0.0075 -0.9993 -0.0376
vn 0.0050 -0.9992 -0.0393
vn 0.0012 -1.0000 -0.0061
vn 0.0009 -1.0000 -0.0065
vn 0.0005 -1.0000 -0.0076
vn 0.0024 -0.9990 -0.0452
vn 0.2346 -0.9668 -0.1016
vn 0.3532 -0.9012 -0.2511
vn 0.3670 -0.8958 -0.2508
vn 0.2366 -0.9664 -0.1000
vn 0.5401 -0.7094 -0.4529
vn 0.5580 -0.6997 -0.4462
vn 0.5942 -0.6849 -0.4216
vn 0.3942 -0.8861 -0.2438
vn 0.2525 -0.9629 -0.0957
vn 0.2718 -0.7470 -0.6068
vn 0.1768 -0.9265 -0.3322
vn 0.1587 -0.9280 -0.3370
vn 0.2463 -0.7482 -0.6160
vn 0.1268 -0.9748 -0.1833
vn 0.1134 -0.9756 -0.1879
vn 0.0952 -0.9767 -0.1922
vn 0.1374 -0.9300 -0.3408
vn 0.2208 -0.7505 -0.6228
vn 0.1145 -0.9895 0.0885
vn 0.1588 -0.9872 0.0114
vn 0.1587 -0.9872 0.0142
vn 0.1140 -0.9893 0.0911
vn 0.1627 -0.9865 0.0187
vn 0.1154 -0.9890 0.0925
vn 0.0834 -0.9949 -0.0564
vn 0.0728 -0.9955 -0.0602
vn 0.0409 -0.9981 0.0466
vn 0.0402 -0.9981 0.0466
vn 0.0302 -0.9984 0.0487
vn 0.0593 -0.9961 -0.0659
vn 0.0657 -0.9739 0.2175
vn 0.0856 -0.9844 0.1536
vn 0.0847 -0.9841 0.1564
vn 0.0642 -0.9735 0.2195
vn 0.0824 -0.9840 0.1581
vn 0.0597 -0.9742 0.2176
vn 0.0083 -0.9936 0.1128
vn 0.0044 -0.9934 0.1148
vn -0.0253 -0.9845 0.1736
vn -0.0267 -0.9838 0.1772
vn 0.0058 -0.9816 0.1911
vn 0.0086 -0.9927 0.1206
vn 0.0075 -0.8383 0.5452
vn 0.0429 -0.9472 0.3177
vn 0.0396 -0.9475 0.3173
vn 0.0004 -0.8369 0.5473
vn 0.0318 -0.9488 0.3143
vn -0.0135 -0.8373 0.5466
vn -0.0787 -0.9557 0.2837
vn -0.0708 -0.9580 0.2778
vn -0.1877 -0.7976 0.5733
vn -0.1491 -0.8538 0.4988
vn -0.1495 -0.8464 0.5111
vn -0.0639 -0.9612 0.2684
vn 0.0754 -0.9971 -0.0098
vn 0.0696 -0.9975 -0.0103
vn 0.0036 -1.0000 -0.0005
vn 0.0043 -1.0000 -0.0004
vn 0.0043 -1.0000 0.0001
vn 0.0602 -0.9982 -0.0019
vn -0.0146 -0.3702 -0.9288
vn -0.0379 -0.3708 -0.9280
vn -0.0018 -0.7628 -0.6467
vn -0.0266 -0.7579 -0.6518
vn -0.0381 -0.7495 -0.6609
vn -0.0671 -0.3696 -0.9267
vn 0.0164 -0.9353 -0.3534
vn 0.0013 -0.9317 -0.3633
vn 0.0187 -0.9773 -0.2109
vn 0.0114 -0.9758 -0.2184
vn 0.0033 -0.9739 -0.2270
vn -0.0059 -0.9272 -0.3746
vn 0.0041 -0.9961 -0.0878
vn -0.0047 -0.9958 -0.0910
vn -0.0356 -0.9990 0.0267
vn -0.0365 -0.9991 0.0217
vn -0.0385 -0.9990 0.0245
vn -0.0095 -0.9955 -0.0946
vn -0.0660 -0.9935 0.0927
vn -0.0641 -0.9933 0.0962
vn -0.1244 -0.9816 0.1449
vn -0.1024 -0.9820 0.1588
vn -0.0977 -0.9816 0.1640
vn -0.0658 -0.9928 0.0997
vn -0.1423 -0.9547 0.2614
vn -0.1660 -0.9480 0.2716
vn -0.3228 -0.8098 0.4899
vn -0.3280 -0.7895 0.5187
vn -0.2931 -0.7948 0.5314
vn -0.1597 -0.9453 0.2844
vn -0.4337 -0.4634 0.7728
vn -0.4318 -0.4579 0.7771
vn -0.4203 -0.4648 0.7793
vn -0.0855 -0.3574 -0.9300
vn -0.0498 -0.7374 -0.6736
vn 0.0518 -0.3837 -0.9220
vn 0.0269 -0.7659 -0.6424
vn 0.2667 -0.3305 -0.9054
vn 0.1326 -0.7438 -0.6551
vn -0.0156 -0.9211 -0.3889
vn -0.0031 -0.9714 -0.2373
vn 0.0413 -0.9376 -0.3454
vn 0.0332 -0.9783 -0.2045
vn 0.0814 -0.9379 -0.3371
vn 0.0546 -0.9782 -0.2005
vn -0.0216 -0.9947 -0.1002
vn -0.0497 -0.9985 0.0219
vn -0.0002 -0.9999 0.0149
vn -0.0172 -0.9998 0.0068
vn 0.0115 -0.9961 -0.0874
vn 0.0301 -0.9960 -0.0842
vn -0.0753 -0.9924 0.0977
vn -0.1037 -0.9810 0.1642
vn -0.1631 -0.9444 0.2856
vn -0.2974 -0.7916 0.5337
vn -0.4410 -0.4528 0.7749
vn -0.4386 -0.4576 0.7735
vn -0.3585 -0.7373 0.5726
vn -0.3210 -0.7214 0.6137
vn -0.3979 -0.4441 0.8028
vn -0.0012 -0.9983 -0.0588
vn -0.0003 -0.9999 -0.0106
vn -0.0010 -0.9999 -0.0121
vn -0.0082 -0.9974 -0.0712
vn 0.0104 -0.9992 -0.0381
vn 0.0016 -1.0000 -0.0058
vn 0.0135 -0.9992 -0.0367
vn 0.0020 -1.0000 -0.0054
vn 0.1152 -0.9331 -0.3408
vn 0.2117 -0.7515 -0.6249
vn 0.0747 -0.9777 -0.1965
vn 0.1921 -0.9257 -0.3257
vn 0.1386 -0.9742 -0.1782
vn 0.2970 -0.7471 -0.5947
vn 0.3165 -0.7482 -0.5832
vn 0.2074 -0.9250 -0.3184
vn 0.1500 -0.9736 -0.1718
vn 0.0464 -0.9961 -0.0753
vn 0.0238 -0.9995 0.0183
vn 0.0916 -0.9944 -0.0524
vn 0.0506 -0.9976 0.0482
vn 0.1019 -0.9937 -0.0475
vn 0.0593 -0.9969 0.0510
vn 0.0185 -0.9933 0.1143
vn -0.0126 -0.9845 0.1751
vn 0.0293 -0.9928 0.1161
vn -0.0011 -0.9842 0.1768
vn -0.0657 -0.9557 0.2870
vn -0.1580 -0.8338 0.5289
vn -0.0534 -0.9562 0.2879
vn -0.1688 -0.8372 0.5202
vn -0.3654 -0.5134 0.7765
vn -0.3053 -0.5292 0.7917
vn -0.3103 -0.5348 0.7859
vn 0.0026 -1.0000 -0.0041
vn 0.0169 -0.9995 -0.0275
vn 0.0161 -0.9994 -0.0299
vn 0.0023 -1.0000 -0.0042
vn 0.0164 -0.9994 -0.0296
vn 0.0022 -1.0000 -0.0040
vn 0.0172 -0.9995 -0.0265
vn 0.0027 -1.0000 -0.0041
vn 0.0145 -0.9994 -0.0312
vn 0.0024 -1.0000 -0.0050
vn 0.2074 -0.9696 -0.1299
vn 0.2837 -0.9211 -0.2667
vn 0.2978 -0.9187 -0.2593
vn 0.2139 -0.9691 -0.1228
vn 0.4323 -0.7506 -0.4998
vn 0.4533 -0.7478 -0.4851
vn 0.4702 -0.7434 -0.4757
vn 0.3057 -0.9173 -0.2551
vn 0.2190 -0.9687 -0.1169
vn 0.2704 -0.9219 -0.2776
vn 0.1985 -0.9703 -0.1384
vn 0.4097 -0.7530 -0.5149
vn 0.2206 -0.9245 -0.3108
vn 0.3347 -0.7496 -0.5711
vn 0.1606 -0.9730 -0.1655
vn 0.1047 -0.9917 0.0744
vn 0.1491 -0.9887 -0.0144
vn 0.1533 -0.9881 -0.0089
vn 0.1084 -0.9910 0.0786
vn 0.1575 -0.9875 -0.0032
vn 0.1118 -0.9904 0.0815
vn 0.1415 -0.9897 -0.0215
vn 0.0988 -0.9927 0.0691
vn 0.1093 -0.9931 -0.0430
vn 0.0673 -0.9963 0.0536
vn 0.0610 -0.9788 0.1953
vn 0.0780 -0.9874 0.1380
vn 0.0800 -0.9867 0.1414
vn 0.0618 -0.9780 0.1992
vn 0.0814 -0.9862 0.1443
vn 0.0626 -0.9771 0.2034
vn 0.0731 -0.9885 0.1326
vn 0.0548 -0.9804 0.1892
vn 0.0373 -0.9923 0.1179
vn 0.0090 -0.9840 0.1778
vn -0.0364 -0.8475 0.5295
vn 0.0387 -0.9582 0.2835
vn 0.0450 -0.9539 0.2968
vn 0.0232 -0.8485 0.5288
vn 0.0435 -0.9517 0.3038
vn 0.0122 -0.8459 0.5332
vn 0.0165 -0.9593 0.2820
vn -0.0922 -0.8636 0.4957
vn -0.0440 -0.9575 0.2850
vn -0.1528 -0.8446 0.5131
vn -0.0230 -0.9986 0.0480
vn -0.0148 -0.9981 0.0590
vn -0.0025 -1.0000 0.0042
vn -0.0011 -1.0000 0.0036
vn -0.0000 -1.0000 0.0020
vn -0.0041 -0.9984 0.0569
vn -0.2248 -0.5747 0.7869
vn -0.1667 -0.5740 0.8017
vn -0.2898 -0.5386 0.7911
vn 0.0142 -0.9995 -0.0268
vn 0.0165 -0.9995 -0.0275
vn 0.0019 -1.0000 -0.0033
vn 0.0022 -1.0000 -0.0036
vn 0.0068 -0.9997 -0.0233
vn 0.0097 -0.9996 -0.0254
vn 0.0007 -1.0000 -0.0023
vn 0.0014 -1.0000 -0.0030
vn 0.5101 -0.7275 -0.4589
vn 0.3281 -0.9116 -0.2478
vn 0.3164 -0.9148 -0.2513
vn 0.4878 -0.7373 -0.4673
vn 0.2272 -0.9681 -0.1061
vn 0.2210 -0.9689 -0.1115
vn 0.3454 -0.9055 -0.2466
vn 0.5312 -0.7161 -0.4528
vn 0.2303 -0.9676 -0.1032
vn 0.1595 -0.9872 0.0063
vn 0.1582 -0.9874 0.0015
vn 0.1151 -0.9897 0.0848
vn 0.1149 -0.9898 0.0838
vn 0.1590 -0.9872 0.0089
vn 0.1149 -0.9896 0.0861
vn 0.0854 -0.9855 0.1469
vn 0.0841 -0.9857 0.1459
vn 0.0646 -0.9753 0.2113
vn 0.0623 -0.9764 0.2069
vn 0.0863 -0.9849 0.1503
vn 0.0665 -0.9743 0.2153
vn 0.0432 -0.9480 0.3152
vn 0.0433 -0.9499 0.3095
vn 0.0078 -0.8426 0.5385
vn 0.0104 -0.8426 0.5385
vn 0.0435 -0.9474 0.3169
vn 0.0066 -0.8413 0.5405
vn 0.0012 -1.0000 0.0008
vn 0.0406 -0.9988 0.0279
vn 0.0117 -0.9987 0.0496
vn 0.0005 -1.0000 0.0013
vn 0.0623 -0.9980 0.0051
vn 0.0020 -1.0000 0.0003
vn -0.1687 -0.5341 0.8285
vn -0.1750 -0.5500 0.8166
vn -0.0608 -0.8501 0.5230
vn -0.0594 -0.8564 0.5128
vn -0.0708 -0.8656 0.4957
vn -0.1948 -0.5715 0.7971
vn 0.0217 -0.9551 0.2955
vn 0.0211 -0.9560 0.2925
vn 0.0585 -0.9763 0.2082
vn 0.0596 -0.9769 0.2054
vn 0.0595 -0.9778 0.2007
vn 0.0176 -0.9575 0.2879
vn 0.0881 -0.9841 0.1544
vn 0.0917 -0.9841 0.1519
vn 0.1256 -0.9880 0.0896
vn 0.1301 -0.9874 0.0898
vn 0.1296 -0.9877 0.0869
vn 0.0929 -0.9847 0.1472
vn 0.1750 -0.9845 0.0135
vn 0.1762 -0.9842 0.0146
vn 0.2577 -0.9601 -0.1084
vn 0.2538 -0.9618 -0.1025
vn 0.2354 -0.9667 -0.1004
vn 0.1736 -0.9847 0.0142
vn 0.3822 -0.8759 -0.2945
vn 0.3549 -0.8907 -0.2839
vn 0.5195 -0.6683 -0.5325
vn 0.4835 -0.6974 -0.5290
vn 0.4413 -0.7281 -0.5245
vn 0.3252 -0.9060 -0.2710
vn 0.6121 -0.3291 -0.7190
vn 0.5837 -0.3482 -0.7335
vn 0.5359 -0.3723 -0.7578
vn 0.3618 -0.5066 -0.7826
vn 0.4381 -0.4533 -0.7763
vn 0.2171 -0.5703 -0.7922
vn 0.1821 -0.8701 -0.4580
vn 0.2861 -0.8282 -0.4819
vn 0.3491 -0.7931 -0.4992
vn 0.2236 -0.9455 -0.2368
vn 0.2642 -0.9320 -0.2480
vn 0.1587 -0.9619 -0.2225
vn 0.1379 -0.9873 -0.0785
vn 0.1882 -0.9788 -0.0811
vn 0.2078 -0.9742 -0.0877
vn 0.1560 -0.9876 0.0160
vn 0.1694 -0.9854 0.0181
vn 0.1227 -0.9924 0.0079
vn 0.1002 -0.9933 0.0568
vn 0.1303 -0.9888 0.0732
vn 0.1344 -0.9876 0.0806
vn 0.0960 -0.9883 0.1183
vn 0.0998 -0.9861 0.1331
vn 0.0750 -0.9926 0.0958
vn 0.0369 -0.9906 0.1319
vn 0.0564 -0.9850 0.1633
vn 0.0598 -0.9814 0.1824
vn -0.0061 -0.9730 0.2307
vn 0.0036 -0.9649 0.2626
vn -0.0206 -0.9815 0.1905
vn -0.1439 -0.9334 0.3286
vn -0.1235 -0.9138 0.3869
vn -0.1037 -0.8949 0.4341
vn -0.3167 -0.6767 0.6646
vn -0.2703 -0.6391 0.7201
vn -0.3616 -0.7162 0.5968
vn 0.0112 -0.9984 -0.0552
vn -0.0224 -0.9413 -0.3368
vn -0.0064 -0.9652 -0.2616
vn 0.0158 -0.9993 -0.0345
vn 0.0066 -0.9826 -0.1855
vn 0.0152 -0.9997 -0.0190
vn 0.0348 -0.9994 0.0047
vn 0.0265 -0.9996 -0.0095
vn 0.0252 -0.9997 -0.0018
vn 0.0344 -0.9994 0.0108
vn 0.0257 -0.9997 0.0062
vn 0.0329 -0.9994 0.0146
vn 0.0392 -0.9991 0.0182
vn 0.0402 -0.9991 0.0143
vn 0.0386 -0.9991 0.0161
vn 0.0406 -0.9990 0.0178
vn 0.0386 -0.9991 0.0190
vn 0.0400 -0.9991 0.0168
vn 0.0244 -0.9995 0.0216
vn 0.0348 -0.9992 0.0198
vn 0.0358 -0.9992 0.0164
vn 0.0287 -0.9995 0.0161
vn 0.0383 -0.9992 0.0131
vn 0.0310 -0.9995 0.0115
vn -0.0304 -0.9978 0.0597
vn 0.0093 -0.9995 0.0293
vn 0.0144 -0.9997 0.0210
vn -0.0151 -0.9989 0.0448
vn 0.0212 -0.9997 0.0140
vn -0.0038 -0.9995 0.0303
vn -0.1581 -0.9692 0.1887
vn -0.1208 -0.9812 0.1506
vn -0.0811 -0.9904 0.1122
vn 0.0140 -0.9995 -0.0278
vn 0.0128 -0.9987 -0.0499
vn 0.0231 -0.9997 -0.0091
vn 0.0058 -1.0000 0.0009
vn 0.0074 -1.0000 0.0011
vn 0.0112 -0.9999 -0.0007
vn 0.0089 -0.9999 0.0049
vn 0.0173 -0.9998 0.0104
vn 0.0055 -1.0000 0.0032
vn 0.0063 -1.0000 0.0045
vn 0.0109 -0.9999 0.0077
vn 0.0218 -0.9997 0.0140
vn 0.0135 -0.9999 0.0084
vn 0.0263 -0.9995 0.0159
vn 0.0079 -1.0000 0.0054
vn 0.0098 -0.9999 0.0041
vn 0.0162 -0.9998 0.0066
vn 0.0294 -0.9995 0.0117
vn 0.0159 -0.9999 0.0033
vn 0.0296 -0.9995 0.0061
vn 0.0097 -1.0000 0.0019
vn 0.0084 -1.0000 0.0012
vn 0.0143 -0.9999 0.0018
vn 0.0255 -0.9997 0.0042
vn 0.0119 -0.9999 0.0024
vn 0.0215 -0.9998 0.0035
vn 0.0078 -1.0000 0.0016
vn 0.0071 -1.0000 0.0040
vn 0.0084 -1.0000 0.0049
vn 0.0089 -0.9999 0.0093
vn -0.0054 -0.9997 0.0232
vn -0.0153 -0.9993 0.0356
vn 0.0114 -0.9998 0.0166
vn 0.0206 -0.9998 0.0036
vn 0.0073 -1.0000 0.0035
vn 0.0059 -1.0000 0.0038
vn 0.0064 -1.0000 0.0050
vn 0.0082 -0.9999 0.0061
vn 0.0109 -0.9999 0.0047
vn 0.0103 -0.9999 0.0017
vn 0.0086 -1.0000 0.0010
vn 0.0085 -1.0000 0.0016
vn 0.0100 -0.9999 0.0029
vn 0.0186 -0.9998 0.0099
vn -0.0119 -0.7879 -0.6157
vn -0.0136 -0.7371 -0.6757
vn 0.0313 -0.9792 -0.2004
vn 0.0314 -0.9636 -0.2655
vn 0.0474 -0.9397 -0.3386
vn 0.0117 -0.6811 -0.7321
vn 0.0615 -0.9956 -0.0707
vn 0.0593 -0.9926 -0.1060
vn 0.0711 -0.9972 -0.0212
vn 0.0774 -0.9964 -0.0349
vn 0.0780 -0.9955 -0.0538
vn 0.0734 -0.9862 -0.1483
vn 0.0737 -0.9972 0.0126
vn 0.0733 -0.9973 0.0079
vn 0.0657 -0.9973 0.0341
vn 0.0661 -0.9972 0.0358
vn 0.0641 -0.9973 0.0368
vn 0.0767 -0.9970 0.0037
vn 0.0544 -0.9972 0.0509
vn 0.0503 -0.9972 0.0559
vn 0.0342 -0.9972 0.0659
vn 0.0289 -0.9967 0.0760
vn 0.0205 -0.9960 0.0868
vn 0.0481 -0.9969 0.0629
vn 0.0012 -0.9955 0.0950
vn -0.0137 -0.9938 0.1103
vn -0.0807 -0.9820 0.1707
vn -0.1046 -0.9737 0.2023
vn -0.1330 -0.9629 0.2350
vn -0.0250 -0.9912 0.1301
vn -0.2818 -0.8737 0.3965
vn -0.3280 -0.8354 0.4410
vn -0.3635 -0.7949 0.4859
vn 0.1275 -0.2376 -0.9630
vn -0.0284 -0.3420 -0.9393
vn 0.2451 -0.3550 -0.9022
vn 0.1055 -0.4102 -0.9059
vn 0.2612 -0.4162 -0.8710
vn 0.2672 -0.3521 -0.8970
vn 0.2867 -0.3689 -0.8841
vn 0.2876 -0.4209 -0.8603
vn 0.3142 -0.4236 -0.8496
vn 0.3142 -0.3834 -0.8685
vn 0.3452 -0.3964 -0.8507
vn 0.3474 -0.4264 -0.8352
vn 0.3802 -0.4298 -0.8190
vn 0.3777 -0.4094 -0.8305
vn 0.4000 -0.4211 -0.8141
vn 0.4044 -0.4346 -0.8047
vn 0.4249 -0.4404 -0.7909
vn 0.4190 -0.4326 -0.7983
vn 0.4417 -0.4436 -0.7798
vn 0.4479 -0.4473 -0.7742
vn 0.4748 -0.4524 -0.7549
vn 0.4671 -0.4547 -0.7583
vn 0.4934 -0.4635 -0.7360
vn 0.5007 -0.4571 -0.7351
vn 0.5282 -0.4572 -0.7155
vn 0.5201 -0.4701 -0.7131
vn 0.5451 -0.4757 -0.6904
vn 0.5558 -0.4565 -0.6947
vn 0.5816 -0.4551 -0.6743
vn 0.5682 -0.4832 -0.6661
vn 0.5860 -0.4921 -0.6437
vn 0.6040 -0.4540 -0.6550
vn 0.6258 -0.4487 -0.6380
vn 0.6062 -0.4980 -0.6201
vn 0.6216 -0.5039 -0.5997
vn 0.6498 -0.4407 -0.6193
vn 0.6639 -0.4377 -0.6063
vn 0.6313 -0.5142 -0.5807
vn 0.6344 -0.5238 -0.5685
vn 0.6729 -0.4374 -0.5966
vn 0.6836 -0.4384 -0.5836
vn 0.6447 -0.5244 -0.5562
vn 0.6770 -0.5240 -0.5168
vn 0.7202 -0.4379 -0.5382
vn 0.6299 -0.6342 -0.4483
vn 0.8018 -0.4161 -0.4290
vn 0.8256 -0.3369 -0.4526
vn 0.6959 -0.2891 -0.6573
vn 0.7124 -0.5827 -0.3910
vn 0.7942 -0.5986 -0.1045
vn -0.0218 -0.6666 0.7451
vn -0.0211 -0.6645 0.7470
vn -0.0216 -0.6964 0.7173
vn -0.0235 -0.7025 0.7113
vn -0.0087 -0.7071 0.7071
vn -0.0119 -0.6629 0.7486
vn -0.0091 -0.6737 0.7389
vn 0.0056 -0.7121 0.7020
vn -0.0526 -0.7403 0.6702
vn -0.1269 -0.6822 0.7201
vn -0.2999 -0.5438 0.7838
vn -0.4680 -0.6614 0.5861
vn -0.0069 -0.4658 0.8849
vn -0.1796 -0.5255 0.8316
vn 0.1991 -0.5454 0.8142
vn -0.0490 -0.6173 0.7852
vn -0.0144 -0.5943 0.8041
vn -0.0527 -0.8291 0.5566
vn -0.0658 -0.6308 0.7731
vn -0.0315 -0.8393 0.5428
vn -0.0590 -0.6225 0.7804
vn -0.0344 -0.6422 0.7658
vn -0.0447 -0.6365 0.7700
vn -0.0170 -0.6526 0.7575
vn -0.0191 -0.6613 0.7498
vn -0.0116 -0.6726 0.7399
vn -0.0171 -0.6865 0.7269
vn -0.0078 -0.9294 0.3689
vn -0.0085 -0.9350 0.3547
vn -0.0003 -0.9977 0.0683
vn 0.0003 -0.9982 0.0599
vn 0.0013 -0.9986 0.0535
vn 0.0011 -0.9379 0.3469
vn 0.0038 -0.9416 0.3368
vn 0.0014 -0.9987 0.0504
vn -0.0137 -0.9992 0.0367
vn -0.0141 -0.9500 0.3120
vn -0.3087 -0.9383 0.1559
vn -0.1212 -0.9926 0.0102
vn 0.2389 -0.9217 0.3056
vn 0.1198 -0.9913 -0.0544
vn 0.0165 -0.9969 0.0764
vn -0.0162 -0.8930 0.4498
vn -0.0262 -0.8936 0.4480
vn -0.0015 -0.9951 0.0993
vn -0.0011 -0.9959 0.0903
vn -0.0100 -0.9027 0.4301
vn -0.0009 -0.9185 0.3955
vn -0.0062 -0.9241 0.3822
vn 0.0007 -0.9970 0.0780
vn 0.0004 -0.9972 0.0742
vn 0.0005 -0.9997 0.0248
vn 0.0004 -0.9998 0.0218
vn 0.0002 -1.0000 0.0052
vn 0.0003 -1.0000 0.0047
vn 0.0003 -1.0000 0.0044
vn 0.0012 -0.9998 0.0195
vn 0.0005 -0.9998 0.0177
vn 0.0002 -1.0000 0.0044
vn -0.0025 -1.0000 0.0031
vn -0.0042 -0.9999 0.0147
vn -0.0531 -0.9986 0.0004
vn -0.0262 -0.9997 -0.0008
vn 0.0561 -0.9950 -0.0826
vn 0.0247 -0.9985 -0.0492
vn 0.0035 -1.0000 -0.0020
vn 0.0060 -0.9997 0.0217
vn 0.0007 -0.9995 0.0310
vn 0.0006 -1.0000 0.0063
vn 0.0002 -1.0000 0.0064
vn 0.0004 -0.9995 0.0300
vn 0.0007 -0.9996 0.0268
vn 0.0003 -0.9997 0.0262
vn 0.0002 -1.0000 0.0056
vn 0.0002 -1.0000 0.0055
vn 0.0000 -1.0000 -0.0000
vn -0.0008 -1.0000 0.0010
vn -0.0001 -1.0000 0.0001
vn -0.0007 -1.0000 0.0012
vn -0.0007 -1.0000 0.0013
vn -0.0179 -0.9996 0.0223
vn -0.0156 -0.9995 0.0267
vn -0.0141 -0.9995 0.0274
vn 0.0020 -1.0000 -0.0029
vn 0.0208 -0.9993 -0.0313
vn 0.0223 -0.9995 -0.0238
vn 0.0022 -1.0000 -0.0023
vn 0.0238 -0.9995 -0.0187
vn 0.0023 -1.0000 -0.0018
vn 0.0001 -1.0000 0.0008
vn 0.0001 -1.0000 0.0007
vn -0.0007 -1.0000 0.0016
vn -0.0001 -1.0000 0.0002
vn -0.0010 -1.0000 0.0021
vn -0.0002 -1.0000 0.0003
vn -0.0016 -1.0000 0.0029
vn -0.0007 -1.0000 0.0014
vn -0.0001 -1.0000 0.0008
vn -0.0011 -1.0000 0.0005
vn -0.0013 -1.0000 0.0009
vn -0.0009 -1.0000 0.0007
vn -0.0128 -0.9995 0.0295
vn -0.0149 -0.9993 0.0339
vn -0.0200 -0.9991 0.0376
vn -0.0131 -0.9995 0.0279
vn -0.0202 -0.9998 0.0082
vn -0.0199 -0.9998 0.0011
vn -0.0191 -0.9997 0.0150
vn 0.0030 -1.0000 -0.0009
vn 0.0325 -0.9994 -0.0092
vn 0.0412 -0.9991 -0.0049
vn 0.0038 -1.0000 -0.0006
vn 0.0506 -0.9987 -0.0055
vn 0.0049 -1.0000 -0.0006
vn 0.0265 -0.9995 -0.0145
vn 0.0025 -1.0000 -0.0014
vn 0.0156 -0.9992 -0.0373
vn 0.0155 -0.9992 -0.0374
vn 0.0017 -1.0000 -0.0041
vn 0.0021 -1.0000 -0.0035
vn 0.0181 -0.9991 -0.0371
vn 0.0018 -1.0000 -0.0036
vn 0.0002 -1.0000 -0.0005
vn 0.0004 -1.0000 0.0004
vn 0.0001 -1.0000 0.0009
vn 0.0002 -1.0000 -0.0003
vn 0.0002 -1.0000 -0.0004
vn -0.3367 -0.8508 -0.4034
vn -0.1564 -0.9865 -0.0484
vn 0.0076 -0.9962 -0.0867
vn 0.1453 -0.8110 -0.5667
vn 0.1658 -0.8064 -0.5677
vn 0.0280 -0.9944 -0.1018
vn 0.0305 -0.9949 -0.0962
vn 0.1752 -0.8159 -0.5511
vn 0.1911 -0.8253 -0.5314
vn 0.0318 -0.9954 -0.0909
vn 0.0342 -0.9957 -0.0855
vn 0.2050 -0.8340 -0.5122
vn 0.2231 -0.8412 -0.4925
vn 0.0361 -0.9960 -0.0813
vn 0.0375 -0.9963 -0.0774
vn 0.2323 -0.8473 -0.4777
vn 0.2425 -0.8529 -0.4624
vn 0.0381 -0.9966 -0.0734
vn 0.0391 -0.9968 -0.0697
vn 0.2514 -0.8583 -0.4474
vn 0.2650 -0.8630 -0.4301
vn 0.0409 -0.9969 -0.0668
vn 0.0431 -0.9970 -0.0644
vn 0.2762 -0.8672 -0.4143
vn 0.2901 -0.8705 -0.3976
vn 0.0451 -0.9971 -0.0620
vn 0.0470 -0.9971 -0.0594
vn 0.3005 -0.8740 -0.3819
vn 0.3108 -0.8780 -0.3640
vn 0.0484 -0.9972 -0.0570
vn 0.0498 -0.9973 -0.0546
vn 0.3155 -0.8829 -0.3477
vn 0.3236 -0.8865 -0.3308
vn 0.0510 -0.9973 -0.0523
vn 0.0524 -0.9974 -0.0504
vn 0.3277 -0.8898 -0.3175
vn 0.3299 -0.8942 -0.3026
vn 0.0533 -0.9974 -0.0490
vn 0.0548 -0.9973 -0.0487
vn 0.3284 -0.8975 -0.2943
vn 0.3383 -0.8953 -0.2897
vn 0.0581 -0.9971 -0.0483
vn 0.0651 -0.9967 -0.0487
vn 0.3606 -0.8902 -0.2784
vn 0.3725 -0.9044 -0.2080
vn 0.2891 -0.9491 0.1248
vn 0.0687 -0.9975 -0.0189
vn 0.0321 -0.9941 0.1039
vn -0.0867 -0.9962 -0.0096
vn -0.0569 -0.9984 -0.0073
vn -0.0026 -1.0000 -0.0051
vn 0.0017 -0.9997 -0.0252
vn 0.0073 -0.9996 -0.0280
vn 0.0013 -1.0000 -0.0059
vn 0.0018 -1.0000 -0.0057
vn 0.0085 -0.9996 -0.0273
vn 0.0091 -0.9996 -0.0261
vn 0.0018 -1.0000 -0.0054
vn 0.0020 -1.0000 -0.0050
vn 0.0099 -0.9996 -0.0249
vn 0.0107 -0.9997 -0.0240
vn 0.0021 -1.0000 -0.0048
vn 0.0022 -1.0000 -0.0047
vn 0.0111 -0.9997 -0.0232
vn 0.0112 -0.9997 -0.0216
vn 0.0023 -1.0000 -0.0045
vn 0.0024 -1.0000 -0.0043
vn 0.0113 -0.9997 -0.0202
vn 0.0119 -0.9997 -0.0193
vn 0.0028 -1.0000 -0.0041
vn 0.0125 -0.9997 -0.0187
vn 0.0132 -0.9998 -0.0180
vn 0.0030 -1.0000 -0.0041
vn 0.0032 -1.0000 -0.0040
vn 0.0138 -0.9998 -0.0174
vn 0.0142 -0.9998 -0.0167
vn 0.0033 -1.0000 -0.0039
vn 0.0033 -1.0000 -0.0036
vn 0.0146 -0.9998 -0.0160
vn 0.0149 -0.9998 -0.0153
vn 0.0033 -1.0000 -0.0034
vn 0.0033 -1.0000 -0.0031
vn 0.0153 -0.9998 -0.0146
vn 0.0157 -0.9998 -0.0143
vn 0.0033 -1.0000 -0.0030
vn 0.0034 -1.0000 -0.0029
vn 0.0160 -0.9998 -0.0140
vn 0.0164 -0.9998 -0.0135
vn 0.0034 -1.0000 -0.0027
vn 0.0036 -1.0000 -0.0024
vn 0.0180 -0.9998 -0.0124
vn 0.0199 -0.9998 -0.0041
vn -0.0126 -0.9969 0.0780
vn 0.0018 -1.0000 0.0038
vn -0.0114 -0.9987 0.0498
vn -0.0025 -1.0000 -0.0019
vn -0.0416 -0.9987 -0.0303
vn -0.0324 -0.9986 -0.0427
vn -0.0021 -1.0000 -0.0027
vn -0.0285 -0.9984 -0.0481
vn -0.0020 -1.0000 -0.0033
vn 0.0000 -1.0000 0.0000
vn -0.0003 -1.0000 -0.0002
vn -0.0002 -1.0000 -0.0003
vn -0.0067 -0.9993 0.0372
vn -0.0010 -0.9993 0.0385
vn -0.0004 -1.0000 0.0028
vn 0.0001 -1.0000 0.0023
vn 0.0006 -1.0000 0.0020
vn 0.0081 -0.9994 0.0339
vn 0.0311 -0.9988 0.0372
vn 0.0049 -1.0000 0.0056
vn 0.0303 -0.9984 0.0488
vn 0.0065 -0.9999 0.0112
vn 0.4290 -0.8700 -0.2431
vn 0.2643 -0.9596 -0.0962
vn 0.6309 -0.6674 -0.3957
vn 0.4262 -0.8629 -0.2715
vn 0.2688 -0.9577 -0.1027
vn 0.1695 -0.9853 0.0189
vn 0.1168 -0.9888 0.0926
vn 0.1714 -0.9851 0.0155
vn 0.1189 -0.9888 0.0907
vn 0.0817 -0.9842 0.1570
vn 0.0565 -0.9748 0.2157
vn 0.0819 -0.9844 0.1557
vn 0.0549 -0.9757 0.2122
vn 0.0252 -0.9503 0.3102
vn 0.0193 -0.9514 0.3072
vn 0.0593 -0.9982 0.0041
vn 0.0058 -1.0000 0.0004
vn 0.0072 -1.0000 -0.0005
vn 0.0616 -0.9981 0.0001
vn 0.7502 -0.4463 -0.4878
vn 0.7031 -0.5360 -0.4674
vn -0.0198 -0.6428 0.7657
vn -0.0126 -0.6574 0.7534
vn -0.0029 -0.9117 0.4109
vn 0.0014 -0.9966 0.0829
vn 0.0007 -0.9996 0.0280
vn 0.0003 -1.0000 0.0058
vn 0.0003 -1.0000 -0.0003
vn 0.0003 -1.0000 -0.0002
vn 0.0003 -1.0000 0.0001
vn 0.0011 -1.0000 0.0000
vn 0.0005 -1.0000 -0.0001
vn 0.0069 -1.0000 -0.0007
vn 0.0004 -1.0000 -0.0001
vn 0.3854 -0.8876 -0.2522
vn 0.0773 -0.9959 -0.0479
vn 0.0209 -0.9997 -0.0116
vn 0.0039 -1.0000 -0.0016
vn 0.0000 -1.0000 0.0003
vn 0.0001 -1.0000 0.0002
vn -0.0022 -1.0000 -0.0051
vn -0.0237 -0.9980 -0.0582
vn -0.0180 -0.9976 -0.0675
vn -0.0021 -1.0000 -0.0091
vn -0.0262 -0.9982 -0.0534
vn -0.0021 -1.0000 -0.0038
vn -0.0489 -0.9987 -0.0125
vn -0.0025 -1.0000 -0.0020
vn -0.0003 -1.0000 -0.0004
vn -0.0003 -1.0000 -0.0019
vn 0.0001 -1.0000 -0.0010
vn 0.0000 -1.0000 -0.0013
vn 0.0004 -1.0000 -0.0012
vn 0.0001 -1.0000 -0.0009
vn 0.0002 -1.0000 -0.0008
vn 0.0004 -1.0000 -0.0011
vn 0.0004 -1.0000 -0.0010
vn 0.0003 -1.0000 -0.0007
vn 0.0004 -1.0000 -0.0009
vn 0.0005 -1.0000 -0.0009
vn 0.0004 -1.0000 -0.0006
vn 0.0006 -1.0000 -0.0009
vn 0.0004 -1.0000 -0.0005
vn 0.0007 -1.0000 -0.0009
vn 0.0003 -1.0000 -0.0005
vn 0.0007 -1.0000 -0.0008
vn 0.0003 -1.0000 -0.0004
vn 0.0007 -1.0000 -0.0007
vn 0.0006 -1.0000 -0.0006
vn 0.0002 -1.0000 -0.0001
vn 0.0007 -1.0000 -0.0005
vn -0.0000 -1.0000 -0.0001
vn 0.0006 -1.0000 -0.0005
vn 0.0006 -1.0000 -0.0004
vn 0.0209 -0.9995 0.0237
vn 0.0256 -0.9994 0.0224
vn 0.0016 -1.0000 0.0017
vn 0.0019 -1.0000 0.0018
vn 0.0022 -1.0000 0.0020
vn 0.0272 -0.9994 0.0232
vn 0.0150 -0.9995 0.0275
vn 0.0010 -1.0000 0.0018
vn -0.0091 -0.9992 0.0387
vn 0.0000 -1.0000 0.0030
vn 0.0002 -1.0000 0.0002
vn 0.0002 -1.0000 0.0003
vn 0.0006 -1.0000 0.0001
vn -0.3130 -0.2215 -0.9235
vn -0.2074 -0.2201 -0.9532
vn -0.3305 -0.4595 -0.8244
vn -0.2179 -0.4618 -0.8598
vn -0.2737 -0.4739 -0.8369
vn -0.2533 -0.2210 -0.9418
vn -0.6335 -0.5377 0.5563
vn -0.6898 -0.3093 0.6546
vn -0.6892 -0.3103 0.6548
vn -0.6230 -0.5387 0.5672
vn -0.7017 -0.3094 0.6418
vn -0.6418 -0.5342 0.5501
vn -0.4213 -0.8665 0.2677
vn -0.5425 -0.7208 0.4313
vn -0.5119 -0.7208 0.4674
vn -0.3511 -0.8811 0.3168
vn -0.5509 -0.7057 0.4455
vn -0.4027 -0.8709 0.2818
vn -0.3589 -0.9330 0.0265
vn -0.3441 -0.9353 0.0822
vn -0.2414 -0.9643 0.1088
vn -0.2424 -0.9702 -0.0014
vn -0.2764 -0.9581 0.0752
vn -0.2868 -0.9579 -0.0111
vn -0.3744 -0.9084 -0.1861
vn -0.3753 -0.9269 0.0057
vn -0.2708 -0.9616 -0.0439
vn -0.2782 -0.9324 -0.2307
vn -0.3232 -0.9459 -0.0277
vn -0.3192 -0.9258 -0.2022
vn -0.3616 -0.7519 -0.5513
vn -0.2536 -0.7640 -0.5933
vn -0.3051 -0.7652 -0.5669
vn -0.4010 -0.2184 -0.8897
vn -0.4179 -0.4507 -0.7888
vn -0.6917 -0.3067 0.6539
vn -0.6521 -0.5371 0.5351
vn -0.5799 -0.7149 0.3908
vn -0.4849 -0.8476 0.2154
vn -0.4405 -0.8959 0.0571
vn -0.4585 -0.8878 0.0392
vn -0.4584 -0.8882 0.0315
vn -0.4485 -0.8793 -0.1601
vn -0.4392 -0.7303 -0.5233
vn -0.4786 -0.2214 -0.8496
vn -0.5226 -0.4927 -0.6959
vn -0.7477 -0.3050 0.5899
vn -0.6985 -0.5186 0.4932
vn -0.6214 -0.6817 0.3862
vn -0.4994 -0.8403 0.2109
vn -0.4212 -0.9069 -0.0140
vn -0.5650 -0.8249 0.0180
vn -0.6285 -0.7656 0.1373
vn -0.6099 -0.7921 0.0241
vn -0.5811 -0.7455 -0.3266
vn 0.1492 -0.9723 -0.1800
vn 0.1489 -0.9304 -0.3350
vn 0.0975 -0.8956 -0.4341
vn 0.0094 -0.8627 -0.5056
vn -0.1025 -0.8381 -0.5358
vn -0.2153 -0.8395 -0.4989
vn -0.2792 -0.8545 -0.4380
vn -0.3262 -0.8774 -0.3519
vn -0.3444 -0.9195 -0.1895
vn -0.2903 -0.9562 -0.0365
vn -0.2160 -0.9759 0.0320
vn -0.1620 -0.9854 0.0525
vn -0.1035 -0.9930 0.0574
vn -0.0462 -0.9978 0.0470
vn 0.0118 -0.9998 0.0182
vn 0.0865 -0.9951 -0.0480
vn -0.6334 0.3869 0.6702
vn -0.4185 -0.2724 0.8664
vn -0.4637 -0.1399 0.8749
vn -0.5927 -0.2441 0.7675
vn -0.3654 -0.3581 0.8592
vn -0.3964 -0.1899 0.8982
vn -0.2083 -0.5074 0.8361
vn -0.2660 -0.5908 0.7617
vn -0.3061 -0.4564 0.8355
vn -0.2898 -0.4564 0.8413
vn -0.3327 -0.4647 0.8206
vn -0.3026 -0.6044 0.7370
vn -0.1246 0.9125 0.3897
vn -0.1069 0.9197 0.3778
vn 0.8134 0.3318 -0.4778
vn 0.5513 0.4620 -0.6947
vn -0.0999 0.9172 0.3857
vn 0.9119 -0.0732 0.4038
vn 0.1135 -0.9197 -0.3760
vn 0.1399 -0.8961 -0.4213
vn 0.1507 -0.8879 -0.4347
vn -0.0901 0.9262 0.3662
vn -0.1550 -0.3435 0.9263
vn 0.1482 -0.3468 0.9262
vn -0.0918 0.9210 0.3787
vn 0.0726 -0.9515 -0.2989
vn 0.0804 -0.9463 -0.3131
vn -0.4015 -0.4684 0.7871
vn -0.4556 -0.4850 0.7465
vn -0.3372 -0.5557 0.7599
vn -0.3802 -0.4649 0.7996
vn -0.2158 -0.7801 0.5873
vn -0.3152 -0.4622 0.8289
vn -0.3590 -0.5059 0.7843
vn -0.2806 -0.3998 0.8726
vn -0.3135 -0.5445 0.7780
vn -0.3280 -0.3474 0.8785
vn -0.2947 -0.4662 0.8341
vn -0.4949 -0.4030 0.7699
vn -0.8402 -0.0815 -0.5361
vn -0.3169 -0.6325 0.7067
vn -0.3481 -0.7233 0.5963
vn -0.1404 -0.9604 0.2405
vn -0.1970 -0.9701 0.1420
vn -0.3229 -0.9462 0.0223
vn -0.4679 -0.7081 0.5288
vn -0.8213 -0.1560 0.5487
vn -0.9223 -0.0786 0.3783
vn -0.2090 0.8841 0.4180
vn -0.5201 0.2651 0.8119
vn -0.3471 0.2227 0.9110
vn -0.0866 0.8690 0.4872
vn -0.1866 0.7327 0.6545
vn -0.3646 -0.0305 0.9307
vn -0.3061 -0.1950 0.9318
vn -0.2333 0.5252 0.8184
vn 0.0511 0.6459 0.7617
vn -0.2385 -0.2965 0.9248
vn 0.1312 -0.2856 0.9493
vn 0.5737 0.5366 -0.6188
vn 0.4986 -0.8368 -0.2262
vn -0.0773 -0.7187 0.6910
vn -0.2224 -0.6431 0.7328
vn -0.0029 -0.9745 0.2244
vn -0.1000 -0.9864 -0.1302
vn -0.0524 -0.9868 -0.1530
vn -0.0561 -0.9854 -0.1609
vn -0.0940 -0.9859 -0.1388
vn -0.0127 -0.9824 -0.1863
vn -0.0219 -0.9817 -0.1891
vn -0.0320 -0.9812 -0.1902
vn -0.0585 -0.9849 -0.1630
vn -0.0923 -0.9852 -0.1443
vn 0.0042 0.9824 0.1867
vn -0.8786 -0.0319 0.4764
vn -0.8629 -0.0361 0.5041
vn 0.0139 0.9822 0.1874
vn -0.8706 -0.0299 0.4911
vn 0.0247 0.9822 0.1860
vn 0.0153 0.9814 0.1913
vn 0.0302 0.9843 0.1740
vn 0.0383 0.9832 0.1784
vn 0.0261 0.9803 0.1959
vn 0.0452 0.9828 0.1788
vn 0.0363 0.9800 0.1958
vn 0.0252 0.9811 0.1919
vn 0.0034 0.9764 0.2161
vn 0.0225 0.9750 0.2211
vn 0.0440 0.9761 0.2126
vn 0.0347 0.9754 0.2178
vn 0.0530 0.9763 0.2100
vn 0.0370 -0.9504 -0.3087
vn 0.4023 0.2555 -0.8791
vn 0.4611 0.2256 -0.8582
vn 0.0056 -0.9553 -0.2955
vn 0.3649 0.2221 -0.9042
vn -0.0172 -0.9606 -0.2775
vn 0.0195 -0.9720 -0.2340
vn -0.0035 -0.9720 -0.2350
vn -0.0175 -0.9739 -0.2263
vn -0.0032 -0.9769 -0.2137
vn 0.0119 -0.9778 -0.2090
vn 0.0156 -0.9755 -0.2194
vn 0.0034 -0.9740 -0.2264
vn 0.0155 -0.9816 -0.1904
vn 0.0169 -0.9798 -0.1994
vn 0.0404 -0.9796 -0.1970
vn 0.0349 -0.9750 -0.2195
vn 0.0220 -0.9726 -0.2315
vn -0.0875 -0.9830 -0.1612
vn -0.0581 -0.9837 -0.1699
vn -0.0447 -0.9831 -0.1776
vn -0.0760 -0.9822 -0.1718
vn -0.0295 -0.9826 -0.1832
vn -0.0155 -0.9838 -0.1789
vn 0.0007 -0.9840 -0.1779
vn -0.0200 -0.9834 -0.1802
vn -0.0460 -0.9828 -0.1791
vn -0.0601 -0.9875 -0.1457
vn -0.0048 -0.9838 -0.1789
vn -0.1157 -0.9859 -0.1213
vn -0.1397 -0.9827 -0.1220
vn -0.0735 -0.9863 -0.1475
vn -0.0016 -0.9794 -0.2021
vn -0.0134 0.9720 0.2347
vn -0.6775 -0.1665 0.7164
vn -0.6472 -0.1859 0.7393
vn -0.0162 0.9696 0.2441
vn -0.6845 -0.1909 0.7036
vn -0.0317 0.9688 0.2457
vn 0.0426 0.9797 0.1957
vn -0.8156 -0.0424 0.5770
vn -0.7322 -0.0880 0.6753
vn 0.0423 0.9779 0.2046
vn -0.6966 -0.1203 0.7073
vn 0.0196 0.9778 0.2085
vn -0.8715 -0.0292 0.4896
vn -0.0001 0.9820 0.1888
vn -0.0060 0.9810 0.1939
vn -0.9152 -0.0085 0.4029
vn -0.0106 0.9810 0.1939
vn -0.0127 0.9761 0.2170
vn -0.0147 0.9738 0.2271
vn -0.0097 0.9790 0.2038
vn -0.0322 0.9734 0.2269
vn -0.0329 0.9789 0.2018
vn 0.0340 0.9816 0.1880
vn 0.0512 0.9818 0.1828
vn 0.0394 0.9812 0.1891
vn 0.0201 0.9828 0.1834
vn 0.0164 0.9816 0.1905
vn 0.0029 0.9834 0.1815
vn 0.0315 0.9851 0.1693
vn 0.0072 0.9826 0.1858
vn 0.0035 0.9784 0.2067
vn 0.0366 0.9838 0.1755
vn -0.0046 0.9859 0.1672
vn -0.0079 0.9842 0.1766
vn -0.0090 0.9829 0.1838
vn -0.0074 0.9851 0.1720
vn -0.0303 0.9831 0.1806
vn -0.0291 0.9852 0.1687
vn 0.0282 0.9830 0.1813
vn 0.0248 0.9812 0.1916
vn 0.0088 0.9830 0.1835
vn 0.0095 0.9852 0.1712
vn -0.0057 0.9844 0.1758
vn -0.0019 0.9861 0.1660
vn -0.0109 0.9756 0.2192
vn 0.0165 0.9817 0.1897
vn 0.0153 0.9805 0.1958
vn -0.0242 0.9689 0.2461
vn 0.0241 -0.9837 -0.1781
vn 0.7791 0.1190 -0.6154
vn 0.9448 0.0721 -0.3197
vn 0.0312 -0.9838 -0.1763
vn 0.9813 0.0701 -0.1794
vn 0.0506 -0.9841 -0.1703
vn -0.0066 -0.9748 -0.2231
vn 0.3755 0.1687 -0.9113
vn 0.4711 0.1599 -0.8674
vn 0.0093 -0.9793 -0.2024
vn 0.4781 0.1591 -0.8638
vn 0.0180 -0.9816 -0.1903
vn 0.4665 0.2587 -0.8458
vn 0.0770 -0.9333 -0.3509
vn 0.1342 -0.8880 -0.4399
vn 0.4316 0.3359 -0.8372
vn 0.0173 -0.9841 -0.1769
vn 0.0200 -0.9830 -0.1823
vn 0.0419 -0.9831 -0.1781
vn -0.0132 -0.9803 -0.1971
vn 0.0002 -0.9821 -0.1884
vn 0.0139 -0.9838 -0.1787
vn 0.0397 -0.9670 -0.2515
vn 0.0675 -0.9565 -0.2839
vn -0.0597 -0.9843 -0.1662
vn -0.0911 -0.9845 -0.1496
vn -0.0341 -0.9824 -0.1838
vn -0.8317 -0.0392 0.5538
vn 0.0359 0.9815 0.1879
vn 0.0491 0.9825 0.1799
vn 0.0396 0.9811 0.1895
vn 0.0350 0.9776 0.2076
vn 0.0497 0.9787 0.1990
vn 0.4340 0.1802 -0.8827
vn -0.0205 -0.9681 -0.2498
vn -0.0212 -0.9764 -0.2151
vn 0.0011 -0.9814 -0.1917
vn -0.0200 -0.9806 -0.1952
vn 0.0175 -0.9839 -0.1781
vn -0.6350 -0.1555 0.7567
vn -0.0001 0.9753 0.2208
vn -0.0040 0.9797 0.2004
vn -0.0137 0.9833 0.1814
vn -0.0119 0.9850 0.1722
vn -0.0060 0.9865 0.1638
vn 0.6505 0.1390 -0.7467
vn 0.0230 -0.9833 -0.1804
vn 0.0197 -0.9845 -0.1743
vn 0.0616 -0.9726 -0.2242
vn 0.0438 -0.9696 -0.2407
vn 0.0656 -0.9782 -0.1968
vn 0.0619 -0.9744 -0.2160
vn 0.0708 -0.9676 -0.2424
vn 0.0607 -0.9653 -0.2540
vn -0.5584 -0.2315 0.7966
vn -0.0491 0.9666 0.2515
vn -0.6376 -0.2407 0.7318
vn -0.0652 0.9631 0.2611
vn -0.0593 0.9713 0.2303
vn -0.0588 0.9778 0.2012
vn -0.0698 0.9666 0.2466
vn -0.0581 0.9741 0.2186
vn -0.0503 0.9825 0.1791
vn -0.0504 0.9842 0.1698
vn -0.0468 0.9792 0.1974
vn -0.0410 0.9812 0.1884
vn 0.9963 0.0725 -0.0457
vn 0.0672 -0.9832 -0.1695
vn 0.9923 0.0890 -0.0862
vn 0.0529 -0.9807 -0.1881
vn 0.0595 -0.9825 -0.1767
vn 0.0532 -0.9792 -0.1960
vn 0.0528 -0.9693 -0.2401
vn 0.0651 -0.9645 -0.2560
vn 0.0603 -0.9667 -0.2485
vn 0.0664 -0.9630 -0.2611
vn 0.0690 -0.9624 -0.2627
vn 0.0673 -0.9622 -0.2641
vn -0.6427 -0.2480 0.7249
vn -0.6471 -0.2487 0.7207
vn -0.0753 0.9603 0.2687
vn -0.0718 0.9604 0.2694
vn -0.0670 0.9637 0.2585
vn -0.0698 0.9622 0.2633
vn -0.0598 0.9667 0.2487
vn -0.0517 0.9692 0.2408
vn -0.0357 0.9748 0.2203
vn -0.0490 0.9710 0.2338
vn -0.0457 0.9733 0.2251
vn -0.0358 0.9770 0.2102
vn 0.9970 0.0638 -0.0447
vn 0.9958 0.0771 -0.0484
vn 0.0581 -0.9723 -0.2263
vn 0.0460 -0.9765 -0.2106
vn 0.0409 -0.9746 -0.2204
vn 0.0546 -0.9705 -0.2349
vn -0.0942 -0.9885 -0.1185
vn 0.0021 -0.9887 -0.1497
vn -0.1599 -0.9801 -0.1176
vn -0.8934 -0.0268 0.4485
vn -0.0230 0.9745 0.2232
vn 0.0210 0.9744 0.2238
vn -0.0115 0.9637 0.2666
vn -0.0675 0.9241 0.3763
vn 0.0065 0.9418 0.3361
vn 0.5447 0.4231 -0.7241
vn 0.2406 -0.8166 -0.5247
vn 0.1235 -0.9473 -0.2956
vn 0.0001 -1.0000 0.0001
vn -0.0003 -1.0000 0.0006
vn -0.0026 -1.0000 0.0041
vn -0.0246 -0.9989 0.0389
vn 0.0575 -0.9983 -0.0066
vn 0.0004 -1.0000 0.0000
vn 0.0002 -1.0000 0.0000
vn 0.0063 -0.9997 -0.0247
vn 0.0066 -0.9996 -0.0278
vn 0.0008 -1.0000 -0.0037
vn 0.0006 -1.0000 -0.0030
vn 0.0000 -1.0000 -0.0003
vn -0.0000 -1.0000 -0.0004
vn 0.0003 -1.0000 0.0003
vn 0.0028 -1.0000 0.0025
vn 0.0024 -1.0000 0.0022
vn 0.0252 -0.9994 0.0225
vn 0.0242 -0.9995 0.0208
vn 0.0065 -0.9995 -0.0296
vn 0.0072 -0.9995 -0.0323
vn 0.0012 -1.0000 -0.0064
vn 0.0008 -1.0000 -0.0048
vn 0.0001 -1.0000 -0.0006
vn 0.0000 -1.0000 -0.0009
vn 0.0000 -1.0000 0.0001
vn 0.0003 -1.0000 0.0004
vn 0.0003 -1.0000 0.0007
vn 0.0034 -1.0000 0.0045
vn 0.0030 -1.0000 0.0031
vn 0.0239 -0.9995 0.0213
vn 0.0245 -0.9993 0.0278
vn 0.0093 -0.9991 -0.0402
vn 0.0021 -0.9999 -0.0101
vn 0.0006 -1.0000 -0.0018
vn 0.0010 -1.0000 0.0012
vn 0.0048 -1.0000 0.0082
vn 0.0268 -0.9988 0.0414
vn 0.0752 -0.9624 -0.2610
vn 0.0708 -0.9624 -0.2621
vn 0.0758 -0.9639 -0.2554
vn 0.0980 -0.9596 -0.2639
vn 0.0833 -0.9598 -0.2681
vn 0.0759 -0.9604 -0.2681
vn -0.7020 -0.2406 0.6703
vn -0.0796 0.9595 0.2704
vn -0.6575 -0.2567 0.7083
vn -0.0883 0.9557 0.2807
vn -0.0796 0.9612 0.2642
vn -0.0756 0.9639 0.2553
vn -0.0895 0.9578 0.2730
vn -0.0977 0.9594 0.2645
vn -0.0767 0.9672 0.2421
vn -0.0846 0.9693 0.2310
vn -0.1090 0.9611 0.2538
vn -0.1123 0.9623 0.2477
vn 0.9843 0.1258 -0.1235
vn 0.0987 -0.9674 -0.2331
vn 0.9564 0.1901 -0.2216
vn 0.1263 -0.9596 -0.2515
vn 0.0834 -0.9663 -0.2435
vn 0.1163 -0.9596 -0.2562
vn -0.2246 -0.6022 0.7661
vn -0.0807 -0.8775 0.4727
vn -0.1621 -0.5241 0.8361
vn -0.0611 -0.8449 0.5315
vn 0.0105 -0.9606 0.2776
vn 0.0570 -0.9794 0.1939
vn 0.0188 -0.9539 0.2997
vn 0.0561 -0.9761 0.2102
vn 0.0939 -0.9857 0.1399
vn 0.1311 -0.9878 0.0843
vn 0.0840 -0.9844 0.1548
vn 0.1210 -0.9886 0.0892
vn 0.1676 -0.9858 0.0144
vn 0.2211 -0.9706 -0.0953
vn 0.1714 -0.9851 0.0132
vn 0.2646 -0.9580 -0.1108
vn 0.2892 -0.9204 -0.2631
vn 0.3939 -0.7618 -0.5143
vn 0.4012 -0.8674 -0.2944
vn 0.5662 -0.6476 -0.5099
vn 0.4906 -0.4081 -0.7699
vn 0.6539 -0.3126 -0.6890
vn 0.0112 -0.9942 -0.1067
vn 0.0167 -0.9998 -0.0050
vn -0.0311 -0.9157 -0.4006
vn 0.0132 -0.9968 -0.0783
vn 0.0201 -0.9939 -0.1084
vn -0.0212 -0.8845 -0.4660
vn 0.0231 -0.9997 0.0099
vn 0.0303 -0.9994 0.0178
vn 0.0285 -0.9994 -0.0209
vn 0.0407 -0.9992 0.0005
vn 0.0521 -0.9986 -0.0047
vn 0.0419 -0.9986 -0.0313
vn 0.0353 -0.9992 0.0191
vn 0.0391 -0.9991 0.0155
vn 0.0438 -0.9990 0.0124
vn 0.0435 -0.9988 0.0210
vn 0.0527 -0.9983 0.0260
vn 0.0570 -0.9983 0.0140
vn 0.0370 -0.9993 0.0102
vn 0.0326 -0.9994 0.0069
vn 0.0355 -0.9991 0.0252
vn 0.0248 -0.9993 0.0294
vn 0.0296 -0.9987 0.0417
vn 0.0449 -0.9984 0.0347
vn 0.0231 -0.9997 0.0083
vn 0.0082 -0.9998 0.0181
vn 0.0034 -0.9992 0.0404
vn -0.0419 -0.9960 0.0793
vn -0.0512 -0.9930 0.1065
vn 0.0061 -0.9983 0.0582
vn -0.0430 -0.9967 0.0688
vn -0.1876 -0.9558 0.2264
vn -0.2092 -0.9385 0.2748
vn 0.0997 -0.6269 -0.7727
vn 0.0931 -0.9078 -0.4090
vn 0.0007 -0.8415 -0.5403
vn 0.0346 -0.9885 -0.1470
vn 0.0962 -0.9770 -0.1902
vn 0.0991 -0.9926 -0.0698
vn 0.0534 -0.9974 -0.0484
vn 0.0677 -0.9977 -0.0099
vn 0.0862 -0.9963 0.0015
vn 0.0739 -0.9963 0.0429
vn 0.0676 -0.9976 0.0143
vn 0.0637 -0.9975 0.0320
vn 0.0509 -0.9960 0.0738
vn 0.0217 -0.9943 0.1041
vn 0.0524 -0.9977 0.0439
vn 0.0366 -0.9978 0.0560
vn -0.0330 -0.9875 0.1539
vn -0.1458 -0.9499 0.2766
vn 0.0061 -0.9970 0.0775
vn -0.0574 -0.9884 0.1406
vn -0.3750 -0.7558 0.5369
vn -0.2377 -0.9101 0.3395
vn -0.1260 -0.9869 0.1003
vn -0.0989 -0.9941 0.0455
vn 0.1278 -0.9858 0.1093
vn 0.0584 -0.9691 0.2395
vn -0.0923 -0.9956 0.0184
vn -0.0009 -0.9986 -0.0528
vn 0.8056 -0.0797 -0.5870
vn 0.9935 -0.0621 0.0953
vn 0.7592 -0.0660 0.6474
vn -0.1718 -0.9669 0.1889
vn -0.1516 -0.9753 0.1606
vn -0.0040 -0.9539 0.3001
vn -0.1674 -0.9492 0.2664
vn 0.4300 0.0793 0.8993
vn -0.0802 0.2298 0.9699
vn 0.1266 0.9904 -0.0556
vn 0.1300 0.9900 -0.0538
vn 0.3277 0.9430 0.0585
vn 0.1857 0.9779 -0.0957
vn 0.1382 0.9870 -0.0819
vn 0.3148 0.9475 0.0568
vn 0.1614 0.9764 -0.1435
vn 0.1608 0.9784 -0.1297
vn 0.2323 0.9726 -0.0115
vn 0.1518 0.9812 -0.1195
vn -0.0612 -0.9962 0.0620
vn -0.1175 -0.9907 0.0684
vn -0.0899 -0.9921 0.0878
vn -0.0652 -0.9952 0.0735
vn -0.1774 -0.9774 0.1152
vn -0.1553 -0.9795 0.1280
vn -0.1809 -0.9583 0.2210
vn -0.2432 -0.9460 0.2143
vn -0.1743 -0.9640 0.2008
vn -0.1929 -0.9648 0.1787
vn 0.0210 -0.9463 0.3225
vn 0.0158 -0.9626 0.2705
vn -0.0086 -0.9572 0.2895
vn 0.0441 -0.9639 0.2625
vn 0.0662 -0.9761 0.2069
vn 0.0539 -0.9762 0.2099
vn 0.0143 -0.9952 0.0970
vn -0.0108 -0.9964 0.0837
vn -0.0036 -0.9968 0.0793
vn 0.0239 -0.9940 0.1069
vn -0.0223 -0.9969 0.0753
vn -0.0211 -0.9973 0.0697
vn -0.2029 -0.9226 0.3280
vn -0.1603 -0.9548 0.2502
vn -0.1195 -0.9529 0.2788
vn -0.1635 -0.9133 0.3731
vn -0.1080 -0.9276 0.3577
vn -0.0661 -0.9534 0.2943
vn -0.0374 -0.9969 0.0688
vn -0.0383 -0.9969 0.0690
vn 0.0302 -0.9905 0.1343
vn 0.0465 -0.9899 0.1337
vn 0.0120 -0.9998 0.0188
vn -0.0600 -0.9981 0.0102
vn 0.1165 -0.9916 -0.0556
vn -0.0617 -0.9977 -0.0280
vn -0.0950 -0.9953 0.0175
vn -0.0917 -0.9955 0.0233
vn -0.1393 -0.9889 0.0519
vn -0.1111 -0.9924 0.0539
vn -0.1461 -0.9827 0.1139
vn -0.1813 -0.9776 0.1068
vn -0.2111 -0.9633 0.1656
vn -0.1845 -0.9680 0.1702
vn -0.2112 -0.9545 0.2106
vn -0.2240 -0.9521 0.2079
vn -0.1935 -0.9453 0.2625
vn -0.2108 -0.9333 0.2906
vn -0.0812 -0.8863 0.4560
vn -0.1167 -0.9399 0.3209
vn 0.0061 -0.9212 0.3891
vn 0.7507 0.4166 0.5127
vn 0.8563 0.1052 0.5056
vn 0.0602 -0.9456 0.3196
vn 0.0626 -0.9635 0.2604
vn 0.9209 0.0633 0.3845
vn 0.9075 0.0993 0.4081
vn 0.0703 -0.9774 0.1996
vn 0.0827 -0.9859 0.1457
vn 0.9177 0.0848 0.3882
vn 0.9859 0.0302 0.1648
vn 0.0823 -0.9916 0.0999
vn 0.1088 -0.9926 0.0548
vn 0.9967 -0.0157 -0.0797
vn 0.7124 -0.1562 -0.6842
vn -0.0424 -0.9991 -0.0032
vn 0.4546 -0.1266 -0.8817
vn -0.0611 -0.9981 0.0029
vn -0.0768 -0.9960 0.0450
vn -0.0682 -0.9969 0.0403
vn -0.0813 -0.9943 0.0695
vn -0.0844 -0.9940 0.0697
vn -0.1147 -0.9869 0.1136
vn -0.1104 -0.9862 0.1232
vn -0.1508 -0.9734 0.1722
vn -0.1525 -0.9757 0.1575
vn -0.1867 -0.9628 0.1955
vn -0.1837 -0.9599 0.2117
vn -0.2044 -0.9293 0.3076
vn -0.2361 -0.9267 0.2924
vn -0.3199 0.3382 0.8850
vn -0.1317 0.2963 0.9460
vn 0.1926 0.9721 -0.1339
vn 0.1886 0.9703 -0.1516
vn 0.1734 0.9750 -0.1386
vn 0.1999 0.9698 -0.1399
vn 0.1462 0.9791 -0.1414
vn 0.1447 0.9822 -0.1201
vn 0.1155 0.9875 -0.1070
vn 0.0813 0.9880 -0.1311
vn 0.0760 0.9925 -0.0959
vn 0.0987 0.9907 -0.0938
vn 0.1046 0.9899 -0.0962
vn 0.1117 0.9903 -0.0831
vn 0.1692 0.9768 -0.1314
vn 0.1412 0.9771 -0.1593
vn -0.0948 -0.9951 0.0274
vn -0.0754 -0.9971 -0.0089
vn -0.0742 -0.9972 -0.0132
vn -0.0913 -0.9956 0.0211
vn 0.4177 -0.0899 -0.9041
vn 0.4243 -0.0799 -0.9020
vn 0.4441 -0.0736 -0.8929
vn -0.0725 -0.9972 -0.0171
vn -0.0899 -0.9958 0.0170
vn -0.1215 -0.9906 0.0626
vn -0.1041 -0.9938 0.0394
vn -0.1000 -0.9944 0.0335
vn -0.1129 -0.9920 0.0564
vn -0.0961 -0.9949 0.0293
vn -0.1064 -0.9928 0.0543
vn -0.1608 -0.9796 0.1208
vn -0.1399 -0.9862 0.0886
vn -0.1275 -0.9882 0.0848
vn -0.1412 -0.9833 0.1151
vn -0.1169 -0.9897 0.0825
vn -0.1268 -0.9854 0.1132
vn -0.3765 0.2284 0.8978
vn -0.1976 -0.9607 0.1952
vn -0.1650 -0.9690 0.1836
vn -0.2899 0.2004 0.9358
vn -0.1426 -0.9739 0.1767
vn -0.2086 0.1775 0.9617
vn 0.1496 0.9845 -0.0911
vn 0.1585 0.9820 -0.1025
vn 0.1387 0.9856 -0.0968
vn 0.1336 0.9873 -0.0863
vn 0.1251 0.9878 -0.0927
vn 0.1217 0.9890 -0.0847
vn 0.1219 0.9910 -0.0562
vn 0.1356 0.9881 -0.0725
vn 0.1247 0.9898 -0.0690
vn 0.1139 0.9922 -0.0502
vn 0.1152 0.9911 -0.0668
vn 0.1076 0.9930 -0.0480
vn 0.1092 0.9926 -0.0536
vn 0.1096 0.9930 -0.0440
vn 0.1051 0.9937 -0.0378
vn 0.1050 0.9935 -0.0451
vn 0.1008 0.9943 -0.0334
vn 0.1031 0.9939 -0.0402
vn 0.1282 0.9863 -0.1039
vn 0.1241 0.9881 -0.0905
vn 0.1220 0.9892 -0.0812
vn -0.0803 -0.9958 0.0442
vn -0.0489 -0.9987 -0.0144
vn -0.0520 -0.9983 -0.0268
vn -0.0888 -0.9954 0.0363
vn 0.4822 -0.0877 -0.8716
vn 0.5026 -0.0874 -0.8601
vn 0.5244 -0.0821 -0.8475
vn -0.0506 -0.9978 -0.0425
vn -0.0932 -0.9953 0.0255
vn -0.0719 -0.9972 -0.0194
vn -0.0901 -0.9958 0.0164
vn 0.4649 -0.0744 -0.8822
vn 0.4595 -0.0774 -0.8848
vn -0.0717 -0.9972 -0.0210
vn -0.0907 -0.9957 0.0192
vn -0.0772 -0.9970 -0.0058
vn 0.3888 -0.0972 -0.9162
vn -0.0961 -0.9948 0.0340
vn -0.0949 -0.9947 0.0397
vn -0.0766 -0.9971 -0.0023
vn 0.3603 -0.1058 -0.9268
vn -0.0969 -0.9906 0.0961
vn -0.0900 -0.9937 0.0667
vn -0.1013 -0.9931 0.0584
vn -0.1185 -0.9884 0.0948
vn -0.1075 -0.9930 0.0489
vn -0.1281 -0.9874 0.0934
vn -0.0944 -0.9950 0.0312
vn -0.0999 -0.9935 0.0554
vn -0.0944 -0.9949 0.0345
vn -0.0977 -0.9935 0.0587
vn -0.1079 -0.9931 0.0466
vn -0.1276 -0.9893 0.0702
vn -0.1292 -0.9882 0.0823
vn -0.1048 -0.9929 0.0555
vn -0.1036 -0.9796 0.1721
vn -0.1019 -0.9860 0.1317
vn -0.1293 -0.9820 0.1380
vn -0.1361 -0.9733 0.1848
vn -0.1491 -0.9778 0.1472
vn -0.1622 -0.9674 0.1944
vn -0.1070 -0.9907 0.0839
vn -0.1132 -0.9869 0.1152
vn -0.1006 -0.9912 0.0857
vn -0.1035 -0.9873 0.1204
vn -0.1555 -0.9831 0.0971
vn -0.1841 -0.9747 0.1271
vn -0.1944 -0.9702 0.1446
vn -0.1604 -0.9807 0.1122
vn -0.1366 0.2664 0.9541
vn -0.1110 -0.9593 0.2596
vn -0.1521 -0.9521 0.2652
vn -0.1972 0.2762 0.9407
vn -0.1812 -0.9452 0.2715
vn -0.2546 0.2859 0.9238
vn -0.1219 -0.9750 0.1857
vn -0.1198 0.1749 0.9773
vn -0.1083 -0.9737 0.2002
vn -0.0574 0.1891 0.9803
vn -0.2352 -0.9500 0.2053
vn -0.4723 0.2683 0.8396
vn -0.4756 0.3081 0.8239
vn -0.2523 -0.9412 0.2246
vn 0.0977 0.9860 -0.1351
vn 0.0958 0.9832 -0.1551
vn 0.1288 0.9791 -0.1571
vn 0.1273 0.9813 -0.1442
vn 0.1510 0.9753 -0.1614
vn 0.1503 0.9770 -0.1511
vn 0.1121 0.9888 -0.0986
vn 0.1104 0.9901 -0.0862
vn 0.1033 0.9888 -0.1081
vn 0.1022 0.9906 -0.0904
vn 0.1814 0.9773 -0.1096
vn 0.1691 0.9809 -0.0962
vn 0.1777 0.9782 -0.1076
vn 0.1938 0.9733 -0.1227
vn 0.0967 0.9914 -0.0881
vn 0.0982 0.9890 -0.1110
vn 0.1243 0.9856 -0.1150
vn 0.1178 0.9893 -0.0858
vn 0.1424 0.9823 -0.1218
vn 0.1273 0.9883 -0.0834
vn 0.1062 0.9920 -0.0680
vn 0.1012 0.9937 -0.0491
vn 0.1005 0.9925 -0.0695
vn 0.0992 0.9937 -0.0523
vn 0.1502 0.9855 -0.0792
vn 0.1301 0.9895 -0.0625
vn 0.1366 0.9880 -0.0719
vn 0.1582 0.9834 -0.0891
vn 0.1015 0.9915 -0.0812
vn 0.0960 0.9926 -0.0744
vn 0.1083 0.9919 -0.0658
vn 0.1124 0.9908 -0.0751
vn 0.1149 0.9918 -0.0563
vn 0.1191 0.9907 -0.0651
vn 0.0991 0.9944 -0.0356
vn 0.1035 0.9938 -0.0404
vn 0.0989 0.9943 -0.0396
vn 0.1052 0.9934 -0.0455
vn 0.1153 0.9920 -0.0517
vn 0.1120 0.9917 -0.0624
vn 0.1142 0.9907 -0.0746
vn 0.1186 0.9911 -0.0610
vn 0.1307 0.9825 -0.1329
vn 0.1444 0.9807 -0.1318
vn 0.1551 0.9797 -0.1268
vn 0.1252 0.9888 -0.0818
vn 0.1291 0.9877 -0.0885
vn 0.1321 0.9840 -0.1193
vn 0.1318 0.9816 -0.1380
vn -0.0650 -0.9977 -0.0193
vn -0.0864 -0.9960 0.0242
vn 0.4605 -0.0840 -0.8837
vn 0.4611 -0.0880 -0.8830
vn -0.0531 -0.9985 -0.0139
vn -0.0755 -0.9966 0.0338
vn -0.0896 -0.9952 0.0405
vn -0.0921 -0.9937 0.0641
vn -0.0796 -0.9956 0.0503
vn -0.0811 -0.9939 0.0750
vn -0.0932 -0.9914 0.0915
vn -0.0935 -0.9875 0.1271
vn -0.0801 -0.9916 0.1016
vn -0.0784 -0.9870 0.1403
vn -0.0956 -0.9720 0.2148
vn -0.0279 0.2003 0.9793
vn -0.0796 -0.9697 0.2311
vn -0.0387 0.2182 0.9751
vn 0.0924 0.9886 -0.1191
vn 0.0925 0.9910 -0.0965
vn 0.0750 0.9882 -0.1334
vn 0.0767 0.9911 -0.1085
vn 0.0930 0.9928 -0.0750
vn 0.0932 0.9940 -0.0578
vn 0.0789 0.9933 -0.0845
vn 0.0816 0.9943 -0.0685
vn 0.0943 0.9945 -0.0461
vn 0.1013 0.9934 -0.0529
vn 0.0840 0.9949 -0.0567
vn 0.0919 0.9937 -0.0646
vn 0.1261 0.9871 -0.0990
vn 0.1193 0.9864 -0.1127
vn -0.0457 -0.9989 -0.0098
vn -0.0730 -0.9964 0.0427
vn 0.4768 -0.0885 -0.8746
vn -0.0772 -0.9951 0.0621
vn -0.0808 -0.9928 0.0887
vn -0.0793 -0.9899 0.1179
vn -0.0766 -0.9844 0.1582
vn -0.0825 -0.9653 0.2477
vn -0.0760 0.2454 0.9664
vn 0.0735 0.9864 -0.1470
vn 0.0733 0.9896 -0.1241
vn 0.0771 0.9921 -0.0993
vn 0.0805 0.9934 -0.0817
vn 0.0822 0.9942 -0.0690
vn 0.0912 0.9929 -0.0768
vn 0.1190 0.9849 -0.1260
vn -0.0417 -0.9976 -0.0561
vn -0.0934 -0.9955 0.0182
vn 0.5834 -0.0751 -0.8087
vn -0.1096 -0.9929 0.0458
vn -0.1326 -0.9868 0.0931
vn -0.1559 -0.9766 0.1483
vn -0.1725 -0.9652 0.1965
vn -0.1942 -0.9439 0.2670
vn -0.2629 0.2779 0.9239
vn 0.1626 0.9742 -0.1567
vn 0.1599 0.9755 -0.1513
vn 0.1494 0.9813 -0.1211
vn 0.1329 0.9878 -0.0815
vn 0.1194 0.9914 -0.0528
vn 0.1244 0.9905 -0.0592
vn 0.1631 0.9796 -0.1174
vn -0.0740 -0.9973 0.0010
vn 0.3419 -0.1179 -0.9323
vn -0.0901 -0.9949 0.0446
vn -0.0987 -0.9932 0.0618
vn -0.1219 -0.9876 0.0991
vn -0.1592 -0.9780 0.1345
vn -0.1953 -0.9660 0.1694
vn -0.2482 -0.9334 0.2592
vn -0.4248 0.3294 0.8432
vn 0.1918 0.9711 -0.1418
vn 0.1774 0.9766 -0.1214
vn 0.1568 0.9824 -0.1018
vn 0.1358 0.9870 -0.0855
vn 0.1180 0.9902 -0.0751
vn 0.1139 0.9894 -0.0903
vn 0.1343 0.9786 -0.1561
vn 0.1130 -0.9516 -0.2859
vn 0.0973 -0.9522 -0.2896
vn 0.1147 -0.9407 -0.3194
vn 0.1103 -0.9389 -0.3261
vn 0.1026 -0.9402 -0.3248
vn 0.0861 -0.9526 -0.2916
vn -0.6489 -0.2839 0.7059
vn -0.5948 -0.3322 0.7320
vn -0.1195 0.9304 0.3465
vn -0.1016 0.9454 0.3097
vn -0.1043 0.9490 0.2974
vn -0.1179 0.9345 0.3359
vn -0.1146 0.9403 0.3204
vn -0.1130 0.9513 0.2867
vn -0.1177 0.9532 0.2786
vn -0.1159 0.9442 0.3083
vn -0.1140 0.9465 0.3018
vn -0.1264 0.9545 0.2702
vn 0.8386 0.2679 -0.4743
vn 0.6919 0.3132 -0.6505
vn 0.1270 -0.9412 -0.3131
vn 0.1399 -0.9505 -0.2773
vn 0.1248 -0.9511 -0.2825
vn 0.1225 -0.9414 -0.3142
vn 0.1332 -0.9258 -0.3538
vn 0.1354 -0.9247 -0.3557
vn 0.1479 -0.9275 -0.3432
vn 0.1463 -0.9290 -0.3400
vn 0.1342 -0.9268 -0.3508
vn 0.1490 -0.9263 -0.3462
vn 0.1597 -0.9299 -0.3313
vn 0.1561 -0.9334 -0.3231
vn 0.1538 -0.9355 -0.3181
vn -0.1486 0.9154 0.3741
vn -0.5195 -0.3879 0.7614
vn -0.5078 -0.3822 0.7720
vn -0.1597 0.9199 0.3581
vn -0.4992 -0.3670 0.7849
vn -0.1656 0.9278 0.3342
vn -0.1344 0.9265 0.3515
vn -0.1429 0.9196 0.3661
vn -0.1551 0.9226 0.3533
vn -0.1493 0.9259 0.3470
vn -0.1631 0.9287 0.3332
vn -0.1601 0.9295 0.3322
vn -0.1247 0.9347 0.3330
vn -0.1279 0.9318 0.3398
vn -0.1449 0.9294 0.3396
vn -0.1427 0.9313 0.3350
vn -0.1577 0.9299 0.3324
vn -0.1542 0.9315 0.3294
vn 0.1366 -0.9276 -0.3478
vn 0.6024 0.3439 -0.7203
vn 0.5959 0.3567 -0.7195
vn 0.1544 -0.9240 -0.3497
vn 0.5932 0.3602 -0.7200
vn 0.1659 -0.9241 -0.3442
vn 0.1339 -0.9282 -0.3473
vn 0.1509 -0.9256 -0.3470
vn 0.1636 -0.9261 -0.3399
vn 0.1322 -0.9435 -0.3038
vn 0.1034 -0.9451 -0.3101
vn 0.1031 -0.9463 -0.3064
vn 0.1315 -0.9457 -0.2972
vn 0.0907 -0.9421 -0.3230
vn 0.0853 -0.9453 -0.3147
vn 0.0839 -0.9479 -0.3074
vn 0.1027 -0.9479 -0.3016
vn 0.1313 -0.9469 -0.2935
vn -0.4248 -0.3194 0.8471
vn -0.5250 -0.3183 0.7894
vn -0.3109 -0.3303 0.8912
vn -0.0940 0.9363 0.3383
vn -0.1118 0.9389 0.3254
vn -0.1407 0.9397 0.3117
vn -0.1090 0.9409 0.3206
vn -0.1379 0.9410 0.3090
vn -0.0917 0.9389 0.3318
vn -0.0907 0.9417 0.3241
vn -0.1038 0.9446 0.3114
vn -0.1326 0.9430 0.3051
vn -0.0999 0.9479 0.3025
vn -0.1263 0.9456 0.3000
vn -0.0898 0.9448 0.3150
vn -0.0895 0.9476 0.3067
vn -0.0950 0.9513 0.2933
vn -0.1212 0.9477 0.2954
vn 0.4466 0.3248 -0.8337
vn 0.5148 0.3326 -0.7902
vn 0.4368 0.3321 -0.8360
vn 0.1059 -0.9347 -0.3392
vn 0.1095 -0.9414 -0.3191
vn 0.1347 -0.9394 -0.3154
vn 0.1063 -0.9433 -0.3145
vn 0.1324 -0.9417 -0.3093
vn 0.0969 -0.9389 -0.3302
vn 0.0810 -0.9441 -0.3196
vn 0.0757 -0.9497 -0.3038
vn 0.0916 -0.9344 -0.3444
vn -0.2789 -0.3336 0.9005
vn -0.0892 0.9323 0.3505
vn -0.0885 0.9346 0.3445
vn -0.0906 0.9338 0.3462
vn -0.1016 0.9302 0.3526
vn -0.1079 0.9305 0.3501
vn 0.4245 0.3875 -0.8183
vn 0.1301 -0.9111 -0.3910
vn 0.1120 -0.9214 -0.3722
vn 0.1532 -0.9405 -0.3034
vn 0.1526 -0.9422 -0.2982
vn 0.1563 -0.9370 -0.3125
vn 0.1211 -0.9285 -0.3511
vn 0.1213 -0.9307 -0.3452
vn 0.1173 -0.9286 -0.3522
vn -0.5213 -0.3421 0.7818
vn -0.1629 0.9354 0.3138
vn -0.5510 -0.3710 0.7475
vn -0.1341 0.9175 0.3745
vn -0.1600 0.9359 0.3137
vn -0.1568 0.9365 0.3137
vn -0.1288 0.9234 0.3616
vn -0.1214 0.9304 0.3459
vn -0.1524 0.9373 0.3135
vn -0.1469 0.9387 0.3119
vn -0.1148 0.9365 0.3315
vn -0.1134 0.9393 0.3238
vn 0.5685 0.3487 -0.7451
vn 0.1594 -0.9311 -0.3281
vn 0.6147 0.3331 -0.7150
vn 0.1258 -0.9327 -0.3379
vn 0.1585 -0.9336 -0.3214
vn 0.1210 -0.9331 -0.3386
# 4437 vertex normals

vt 0.0154 0.5535 0.0000
vt 0.0073 0.5845 0.0000
vt 0.0089 0.5840 0.0000
vt 0.0170 0.5534 0.0000
vt 0.0032 0.6123 0.0000
vt 0.0049 0.6115 0.0000
vt 0.0089 0.6060 0.0000
vt 0.0129 0.5848 0.0000
vt 0.0214 0.5536 0.0000
vt 0.8592 0.6086 0.0000
vt 0.8777 0.5984 0.0000
vt 0.8740 0.5922 0.0000
vt 0.8556 0.6019 0.0000
vt 0.8970 0.5871 0.0000
vt 0.8932 0.5815 0.0000
vt 0.8884 0.5751 0.0000
vt 0.8703 0.5841 0.0000
vt 0.8497 0.5899 0.0000
vt 0.9147 0.5752 0.0000
vt 0.9104 0.5701 0.0000
vt 0.9307 0.5628 0.0000
vt 0.9262 0.5580 0.0000
vt 0.9191 0.5505 0.0000
vt 0.9044 0.5646 0.0000
vt 0.9906 0.5052 0.0000
vt 0.9826 0.4991 0.0000
vt 0.9822 0.4987 0.0000
vt 0.9872 0.5037 0.0000
vt 0.9749 0.4940 0.0000
vt 0.9748 0.4939 0.0000
vt 0.9737 0.4945 0.0000
vt 0.9806 0.4989 0.0000
vt 0.9831 0.5012 0.0000
vt 0.9644 0.4868 0.0000
vt 0.9596 0.4811 0.0000
vt 0.9595 0.4811 0.0000
vt 0.9564 0.4794 0.0000
vt 0.9635 0.4872 0.0000
vt 0.8877 0.4144 0.0000
vt 0.8652 0.4060 0.0000
vt 0.8651 0.4132 0.0000
vt 0.8873 0.4210 0.0000
vt 0.8445 0.3978 0.0000
vt 0.8446 0.4055 0.0000
vt 0.8454 0.4187 0.0000
vt 0.8655 0.4251 0.0000
vt 0.8871 0.4314 0.0000
vt 0.8290 0.3906 0.0000
vt 0.8291 0.3984 0.0000
vt 0.8159 0.3848 0.0000
vt 0.8160 0.3928 0.0000
vt 0.8168 0.4077 0.0000
vt 0.8301 0.4126 0.0000
vt 0.0323 0.5003 0.0000
vt 0.0262 0.5262 0.0000
vt 0.0278 0.5262 0.0000
vt 0.0339 0.5003 0.0000
vt 0.0319 0.5261 0.0000
vt 0.0377 0.5001 0.0000
vt 0.8439 0.5433 0.0000
vt 0.8497 0.5517 0.0000
vt 0.8527 0.5484 0.0000
vt 0.8479 0.5415 0.0000
vt 0.8582 0.5573 0.0000
vt 0.8597 0.5531 0.0000
vt 0.8615 0.5481 0.0000
vt 0.8560 0.5449 0.0000
vt 0.8526 0.5394 0.0000
vt 0.8682 0.5592 0.0000
vt 0.8680 0.5547 0.0000
vt 0.8781 0.5572 0.0000
vt 0.8762 0.5530 0.0000
vt 0.8739 0.5480 0.0000
vt 0.8677 0.5496 0.0000
vt 0.8863 0.5515 0.0000
vt 0.8830 0.5483 0.0000
vt 0.8917 0.5432 0.0000
vt 0.8876 0.5414 0.0000
vt 0.8825 0.5392 0.0000
vt 0.8793 0.5447 0.0000
vt 0.8935 0.5332 0.0000
vt 0.8890 0.5331 0.0000
vt 0.8915 0.5233 0.0000
vt 0.8874 0.5249 0.0000
vt 0.8824 0.5268 0.0000
vt 0.8840 0.5330 0.0000
vt 0.8856 0.5149 0.0000
vt 0.8825 0.5180 0.0000
vt 0.8772 0.5092 0.0000
vt 0.8755 0.5133 0.0000
vt 0.8735 0.5181 0.0000
vt 0.8791 0.5213 0.0000
vt 0.8672 0.5074 0.0000
vt 0.8673 0.5118 0.0000
vt 0.8574 0.5094 0.0000
vt 0.8591 0.5134 0.0000
vt 0.8612 0.5182 0.0000
vt 0.8673 0.5166 0.0000
vt 0.8492 0.5151 0.0000
vt 0.8523 0.5182 0.0000
vt 0.8436 0.5234 0.0000
vt 0.8477 0.5251 0.0000
vt 0.8525 0.5270 0.0000
vt 0.8557 0.5215 0.0000
vt 0.8419 0.5333 0.0000
vt 0.8462 0.5333 0.0000
vt 0.8510 0.5332 0.0000
vt 0.8597 0.5410 0.0000
vt 0.8586 0.5368 0.0000
vt 0.8639 0.5420 0.0000
vt 0.8675 0.5330 0.0000
vt 0.8676 0.5442 0.0000
vt 0.8713 0.5420 0.0000
vt 0.8754 0.5409 0.0000
vt 0.8765 0.5367 0.0000
vt 0.8786 0.5329 0.0000
vt 0.8764 0.5293 0.0000
vt 0.8753 0.5251 0.0000
vt 0.8711 0.5241 0.0000
vt 0.8674 0.5219 0.0000
vt 0.8637 0.5241 0.0000
vt 0.8595 0.5252 0.0000
vt 0.8585 0.5294 0.0000
vt 0.8563 0.5331 0.0000
vt 0.8548 0.5661 0.0000
vt 0.8438 0.5582 0.0000
vt 0.8407 0.5648 0.0000
vt 0.8533 0.5755 0.0000
vt 0.8363 0.5464 0.0000
vt 0.8323 0.5490 0.0000
vt 0.8261 0.5521 0.0000
vt 0.8352 0.5722 0.0000
vt 0.8337 0.5332 0.0000
vt 0.8294 0.5332 0.0000
vt 0.8360 0.5203 0.0000
vt 0.8320 0.5187 0.0000
vt 0.8248 0.5126 0.0000
vt 0.8227 0.5339 0.0000
vt 0.8433 0.5093 0.0000
vt 0.8402 0.5063 0.0000
vt 0.8541 0.5019 0.0000
vt 0.8524 0.4979 0.0000
vt 0.8508 0.4902 0.0000
vt 0.8375 0.4981 0.0000
vt 0.8670 0.4993 0.0000
vt 0.8669 0.4950 0.0000
vt 0.8799 0.5016 0.0000
vt 0.8815 0.4976 0.0000
vt 0.8865 0.4900 0.0000
vt 0.8669 0.4875 0.0000
vt 0.8909 0.5089 0.0000
vt 0.8938 0.5058 0.0000
vt 0.8986 0.5198 0.0000
vt 0.9029 0.5183 0.0000
vt 0.9109 0.5163 0.0000
vt 0.9007 0.5028 0.0000
vt 0.9017 0.5329 0.0000
vt 0.9079 0.5335 0.0000
vt 0.8997 0.5460 0.0000
vt 0.9069 0.5486 0.0000
vt 0.9175 0.5323 0.0000
vt 0.8923 0.5569 0.0000
vt 0.8982 0.5607 0.0000
vt 0.8812 0.5645 0.0000
vt 0.8846 0.5698 0.0000
vt 0.8680 0.5679 0.0000
vt 0.8688 0.5760 0.0000
vt 0.9776 0.4802 0.0000
vt 0.9821 0.4811 0.0000
vt 0.9876 0.4800 0.0000
vt 0.9811 0.4787 0.0000
vt 0.9857 0.4816 0.0000
vt 0.9905 0.4808 0.0000
vt 0.9920 0.4772 0.0000
vt 0.9885 0.4766 0.0000
vt 0.9820 0.4751 0.0000
vt 0.0282 0.4736 0.0000
vt 0.0265 0.4737 0.0000
vt 0.0322 0.4731 0.0000
vt 0.0226 0.4477 0.0000
vt 0.0186 0.4484 0.0000
vt 0.0169 0.4485 0.0000
vt 0.8355 0.4796 0.0000
vt 0.8223 0.4843 0.0000
vt 0.8496 0.4752 0.0000
vt 0.8484 0.4561 0.0000
vt 0.8337 0.4559 0.0000
vt 0.8204 0.4562 0.0000
vt 0.8669 0.4740 0.0000
vt 0.8857 0.4739 0.0000
vt 0.8865 0.4585 0.0000
vt 0.8667 0.4572 0.0000
vt 0.9413 0.5454 0.0000
vt 0.9362 0.5378 0.0000
vt 0.9454 0.5503 0.0000
vt 0.9574 0.5396 0.0000
vt 0.9538 0.5347 0.0000
vt 0.9496 0.5281 0.0000
vt 0.9077 0.4284 0.0000
vt 0.9082 0.4223 0.0000
vt 0.9070 0.4374 0.0000
vt 0.9223 0.4421 0.0000
vt 0.9232 0.4341 0.0000
vt 0.9239 0.4283 0.0000
vt 0.8870 0.4438 0.0000
vt 0.9063 0.4474 0.0000
vt 0.9054 0.4596 0.0000
vt 0.9204 0.4605 0.0000
vt 0.9214 0.4504 0.0000
vt 0.9152 0.4999 0.0000
vt 0.9065 0.4865 0.0000
vt 0.9253 0.5133 0.0000
vt 0.9400 0.5104 0.0000
vt 0.9302 0.4976 0.0000
vt 0.9217 0.4841 0.0000
vt 0.9319 0.5269 0.0000
vt 0.9460 0.5207 0.0000
vt 0.9899 0.4727 0.0000
vt 0.9873 0.4729 0.0000
vt 0.9834 0.4634 0.0000
vt 0.9814 0.4652 0.0000
vt 0.9783 0.4673 0.0000
vt 0.9813 0.4714 0.0000
vt 0.0165 0.4262 0.0000
vt 0.0130 0.4271 0.0000
vt 0.0137 0.4132 0.0000
vt 0.0107 0.4100 0.0000
vt 0.0092 0.4093 0.0000
vt 0.0114 0.4269 0.0000
vt 0.8469 0.4361 0.0000
vt 0.8318 0.4324 0.0000
vt 0.8184 0.4294 0.0000
vt 0.8662 0.4400 0.0000
vt 0.9044 0.4729 0.0000
vt 0.9194 0.4717 0.0000
vt 0.8405 0.6104 0.0000
vt 0.8441 0.6173 0.0000
vt 0.8342 0.5977 0.0000
vt 0.8206 0.6048 0.0000
vt 0.8268 0.6182 0.0000
vt 0.8303 0.6254 0.0000
vt 0.8248 0.5783 0.0000
vt 0.8156 0.5556 0.0000
vt 0.8025 0.5593 0.0000
vt 0.8116 0.5838 0.0000
vt 0.8115 0.5359 0.0000
vt 0.8098 0.5146 0.0000
vt 0.7953 0.5165 0.0000
vt 0.7978 0.5387 0.0000
vt 0.8078 0.4867 0.0000
vt 0.8058 0.4563 0.0000
vt 0.7908 0.4564 0.0000
vt 0.7929 0.4877 0.0000
vt 0.8041 0.4278 0.0000
vt 0.8028 0.4047 0.0000
vt 0.7887 0.4029 0.0000
vt 0.7895 0.4269 0.0000
vt 0.8024 0.3891 0.0000
vt 0.8025 0.3808 0.0000
vt 0.7889 0.3781 0.0000
vt 0.7886 0.3868 0.0000
vt 0.9620 0.5282 0.0000
vt 0.9580 0.5224 0.0000
vt 0.9655 0.5329 0.0000
vt 0.9708 0.5286 0.0000
vt 0.9672 0.5241 0.0000
vt 0.9631 0.5187 0.0000
vt 0.9312 0.4370 0.0000
vt 0.9319 0.4313 0.0000
vt 0.9303 0.4445 0.0000
vt 0.9346 0.4459 0.0000
vt 0.9354 0.4385 0.0000
vt 0.9359 0.4328 0.0000
vt 0.9294 0.4520 0.0000
vt 0.9283 0.4611 0.0000
vt 0.9326 0.4617 0.0000
vt 0.9337 0.4531 0.0000
vt 0.9274 0.4713 0.0000
vt 0.9299 0.4828 0.0000
vt 0.9343 0.4822 0.0000
vt 0.9317 0.4713 0.0000
vt 0.9387 0.4961 0.0000
vt 0.9487 0.5083 0.0000
vt 0.9538 0.5066 0.0000
vt 0.9435 0.4950 0.0000
vt 0.9547 0.5168 0.0000
vt 0.9598 0.5141 0.0000
vt 0.9686 0.4806 0.0000
vt 0.9682 0.4795 0.0000
vt 0.9691 0.4806 0.0000
vt 0.9619 0.4447 0.0000
vt 0.9609 0.4498 0.0000
vt 0.9711 0.4574 0.0000
vt 0.9726 0.4530 0.0000
vt 0.9595 0.4560 0.0000
vt 0.9703 0.4624 0.0000
vt 0.9584 0.4616 0.0000
vt 0.9701 0.4667 0.0000
vt 0.9573 0.4678 0.0000
vt 0.9699 0.4716 0.0000
vt 0.9563 0.4736 0.0000
vt 0.9689 0.4762 0.0000
vt 0.5614 0.7509 0.0000
vt 0.5369 0.7516 0.0000
vt 0.5357 0.7554 0.0000
vt 0.5602 0.7546 0.0000
vt 0.5099 0.7512 0.0000
vt 0.5084 0.7551 0.0000
vt 0.5081 0.7559 0.0000
vt 0.5354 0.7563 0.0000
vt 0.5599 0.7554 0.0000
vt 0.5795 0.5838 0.0000
vt 0.5570 0.5821 0.0000
vt 0.5620 0.6113 0.0000
vt 0.5849 0.6135 0.0000
vt 0.5349 0.5800 0.0000
vt 0.5393 0.6084 0.0000
vt 0.5434 0.6316 0.0000
vt 0.5666 0.6351 0.0000
vt 0.5897 0.6378 0.0000
vt 0.5737 0.5275 0.0000
vt 0.5518 0.5265 0.0000
vt 0.5539 0.5550 0.0000
vt 0.5761 0.5563 0.0000
vt 0.5305 0.5253 0.0000
vt 0.5322 0.5533 0.0000
vt 0.5703 0.4586 0.0000
vt 0.5484 0.4589 0.0000
vt 0.5499 0.4934 0.0000
vt 0.5718 0.4937 0.0000
vt 0.5279 0.4593 0.0000
vt 0.5290 0.4931 0.0000
vt 0.5689 0.3988 0.0000
vt 0.5470 0.3995 0.0000
vt 0.5475 0.4263 0.0000
vt 0.5694 0.4257 0.0000
vt 0.5273 0.4002 0.0000
vt 0.5274 0.4269 0.0000
vt 0.5687 0.3701 0.0000
vt 0.5467 0.3712 0.0000
vt 0.5468 0.3808 0.0000
vt 0.5687 0.3799 0.0000
vt 0.5276 0.3724 0.0000
vt 0.5275 0.3818 0.0000
vt 0.1893 0.7487 0.0000
vt 0.1840 0.7488 0.0000
vt 0.1786 0.7513 0.0000
vt 0.1860 0.7503 0.0000
vt 0.1820 0.7475 0.0000
vt 0.1765 0.7506 0.0000
vt 0.1758 0.7510 0.0000
vt 0.1782 0.7518 0.0000
vt 0.1859 0.7508 0.0000
vt 0.6479 0.7507 0.0000
vt 0.6703 0.7456 0.0000
vt 0.6706 0.7448 0.0000
vt 0.6483 0.7499 0.0000
vt 0.6908 0.7392 0.0000
vt 0.6910 0.7384 0.0000
vt 0.6922 0.7350 0.0000
vt 0.6717 0.7411 0.0000
vt 0.6496 0.7462 0.0000
vt 0.3783 0.5524 0.0000
vt 0.3633 0.5484 0.0000
vt 0.3623 0.5640 0.0000
vt 0.3777 0.5695 0.0000
vt 0.3502 0.5447 0.0000
vt 0.3489 0.5588 0.0000
vt 0.3480 0.5687 0.0000
vt 0.3616 0.5752 0.0000
vt 0.3773 0.5820 0.0000
vt 0.6749 0.6420 0.0000
vt 0.6940 0.6411 0.0000
vt 0.6851 0.6154 0.0000
vt 0.6674 0.6163 0.0000
vt 0.7130 0.6397 0.0000
vt 0.7025 0.6140 0.0000
vt 0.6912 0.5830 0.0000
vt 0.6754 0.5844 0.0000
vt 0.6592 0.5853 0.0000
vt 0.3804 0.5121 0.0000
vt 0.3663 0.5106 0.0000
vt 0.3647 0.5299 0.0000
vt 0.3792 0.5327 0.0000
vt 0.3540 0.5092 0.0000
vt 0.3520 0.5274 0.0000
vt 0.6698 0.5568 0.0000
vt 0.6540 0.5576 0.0000
vt 0.6850 0.5558 0.0000
vt 0.6831 0.5248 0.0000
vt 0.6669 0.5280 0.0000
vt 0.6509 0.5286 0.0000
vt 0.3831 0.4729 0.0000
vt 0.3696 0.4744 0.0000
vt 0.3680 0.4923 0.0000
vt 0.3817 0.4924 0.0000
vt 0.3579 0.4756 0.0000
vt 0.3560 0.4922 0.0000
vt 0.6652 0.4934 0.0000
vt 0.6490 0.4938 0.0000
vt 0.6792 0.4897 0.0000
vt 0.6789 0.4567 0.0000
vt 0.6647 0.4572 0.0000
vt 0.6482 0.4575 0.0000
vt 0.3849 0.4369 0.0000
vt 0.3720 0.4408 0.0000
vt 0.3710 0.4562 0.0000
vt 0.3842 0.4533 0.0000
vt 0.3613 0.4439 0.0000
vt 0.3598 0.4584 0.0000
vt 0.6652 0.4235 0.0000
vt 0.6485 0.4239 0.0000
vt 0.6793 0.4259 0.0000
vt 0.6831 0.3977 0.0000
vt 0.6672 0.3974 0.0000
vt 0.6510 0.3939 0.0000
vt 0.1862 0.3092 0.0000
vt 0.1924 0.3190 0.0000
vt 0.1926 0.3191 0.0000
vt 0.1864 0.3093 0.0000
vt 0.1985 0.3291 0.0000
vt 0.1987 0.3291 0.0000
vt 0.2019 0.3322 0.0000
vt 0.1968 0.3228 0.0000
vt 0.1916 0.3134 0.0000
vt 0.7789 0.6521 0.0000
vt 0.7895 0.6475 0.0000
vt 0.7861 0.6397 0.0000
vt 0.7755 0.6444 0.0000
vt 0.8019 0.6414 0.0000
vt 0.7986 0.6335 0.0000
vt 0.7924 0.6185 0.0000
vt 0.7798 0.6245 0.0000
vt 0.7688 0.6294 0.0000
vt 0.7700 0.5996 0.0000
vt 0.7581 0.6038 0.0000
vt 0.7832 0.5947 0.0000
vt 0.7737 0.5672 0.0000
vt 0.7600 0.5708 0.0000
vt 0.7471 0.5741 0.0000
vt 0.7545 0.5470 0.0000
vt 0.7408 0.5495 0.0000
vt 0.7687 0.5443 0.0000
vt 0.7661 0.5203 0.0000
vt 0.7516 0.5222 0.0000
vt 0.7357 0.5217 0.0000
vt 0.7494 0.4905 0.0000
vt 0.7363 0.4879 0.0000
vt 0.7638 0.4896 0.0000
vt 0.7622 0.4565 0.0000
vt 0.7483 0.4564 0.0000
vt 0.7356 0.4562 0.0000
vt 0.7484 0.4248 0.0000
vt 0.7360 0.4268 0.0000
vt 0.7616 0.4255 0.0000
vt 0.7615 0.4005 0.0000
vt 0.7489 0.3994 0.0000
vt 0.7349 0.3993 0.0000
vt 0.7619 0.3838 0.0000
vt 0.7492 0.3825 0.0000
vt 0.7622 0.3749 0.0000
vt 0.7494 0.3731 0.0000
vt 0.7370 0.3718 0.0000
vt 0.7368 0.3814 0.0000
vt 0.8159 0.6337 0.0000
vt 0.8125 0.6262 0.0000
vt 0.8063 0.6119 0.0000
vt 0.7598 0.6329 0.0000
vt 0.7671 0.6470 0.0000
vt 0.7495 0.6363 0.0000
vt 0.7603 0.6474 0.0000
vt 0.7640 0.6522 0.0000
vt 0.7702 0.6531 0.0000
vt 0.7973 0.5893 0.0000
vt 0.7882 0.5633 0.0000
vt 0.7349 0.5769 0.0000
vt 0.7476 0.6071 0.0000
vt 0.7220 0.5792 0.0000
vt 0.7357 0.6098 0.0000
vt 0.7833 0.5415 0.0000
vt 0.7807 0.5184 0.0000
vt 0.7104 0.5295 0.0000
vt 0.7143 0.5531 0.0000
vt 0.7276 0.5515 0.0000
vt 0.7228 0.5282 0.0000
vt 0.7782 0.4887 0.0000
vt 0.7763 0.4565 0.0000
vt 0.7753 0.4261 0.0000
vt 0.7749 0.4016 0.0000
vt 0.7751 0.3852 0.0000
vt 0.7754 0.3763 0.0000
vt 0.7250 0.3700 0.0000
vt 0.7244 0.3803 0.0000
vt 0.7129 0.3681 0.0000
vt 0.7143 0.3785 0.0000
vt 0.7092 0.3910 0.0000
vt 0.7217 0.3941 0.0000
vt 0.7102 0.7314 0.0000
vt 0.7101 0.7309 0.0000
vt 0.7261 0.7234 0.0000
vt 0.7257 0.7232 0.0000
vt 0.7230 0.7230 0.0000
vt 0.7112 0.7282 0.0000
vt 0.6253 0.7502 0.0000
vt 0.6236 0.7539 0.0000
vt 0.6017 0.7523 0.0000
vt 0.5998 0.7561 0.0000
vt 0.5993 0.7568 0.0000
vt 0.6232 0.7547 0.0000
vt 0.7320 0.6379 0.0000
vt 0.7201 0.6121 0.0000
vt 0.7071 0.5813 0.0000
vt 0.6420 0.5856 0.0000
vt 0.6492 0.6165 0.0000
vt 0.6232 0.5855 0.0000
vt 0.6296 0.6160 0.0000
vt 0.6353 0.6412 0.0000
vt 0.6557 0.6419 0.0000
vt 0.7000 0.5545 0.0000
vt 0.6976 0.5300 0.0000
vt 0.6342 0.5287 0.0000
vt 0.6373 0.5578 0.0000
vt 0.6161 0.5286 0.0000
vt 0.6189 0.5577 0.0000
vt 0.6308 0.4577 0.0000
vt 0.6320 0.4940 0.0000
vt 0.6122 0.4579 0.0000
vt 0.6137 0.4940 0.0000
vt 0.6314 0.3972 0.0000
vt 0.6308 0.4243 0.0000
vt 0.6119 0.3976 0.0000
vt 0.6117 0.4247 0.0000
vt 0.6541 0.3667 0.0000
vt 0.6327 0.3679 0.0000
vt 0.6322 0.3787 0.0000
vt 0.6489 0.3780 0.0000
vt 0.6122 0.3685 0.0000
vt 0.6121 0.3788 0.0000
vt 0.4509 0.7408 0.0000
vt 0.4146 0.7372 0.0000
vt 0.4123 0.7410 0.0000
vt 0.4489 0.7445 0.0000
vt 0.3792 0.7341 0.0000
vt 0.3767 0.7381 0.0000
vt 0.3761 0.7388 0.0000
vt 0.4117 0.7417 0.0000
vt 0.4484 0.7452 0.0000
vt 0.4819 0.7465 0.0000
vt 0.4802 0.7503 0.0000
vt 0.4798 0.7511 0.0000
vt 0.5797 0.7563 0.0000
vt 0.5801 0.7555 0.0000
vt 0.5817 0.7518 0.0000
vt 0.4932 0.5747 0.0000
vt 0.4726 0.5715 0.0000
vt 0.4731 0.5963 0.0000
vt 0.4951 0.6009 0.0000
vt 0.4521 0.5680 0.0000
vt 0.4518 0.5914 0.0000
vt 0.4517 0.6096 0.0000
vt 0.4737 0.6160 0.0000
vt 0.4968 0.6220 0.0000
vt 0.5138 0.5775 0.0000
vt 0.5171 0.6050 0.0000
vt 0.5200 0.6272 0.0000
vt 0.6130 0.6398 0.0000
vt 0.6078 0.6151 0.0000
vt 0.6019 0.5849 0.0000
vt 0.4917 0.5227 0.0000
vt 0.4729 0.5211 0.0000
vt 0.4724 0.5469 0.0000
vt 0.4920 0.5493 0.0000
vt 0.4538 0.5194 0.0000
vt 0.4527 0.5444 0.0000
vt 0.5107 0.5240 0.0000
vt 0.5118 0.5514 0.0000
vt 0.5981 0.5572 0.0000
vt 0.5955 0.5282 0.0000
vt 0.4938 0.4607 0.0000
vt 0.4768 0.4621 0.0000
vt 0.4744 0.4923 0.0000
vt 0.4923 0.4924 0.0000
vt 0.4584 0.4639 0.0000
vt 0.4557 0.4922 0.0000
vt 0.5102 0.4598 0.0000
vt 0.5101 0.4927 0.0000
vt 0.5933 0.4939 0.0000
vt 0.5917 0.4582 0.0000
vt 0.4982 0.4023 0.0000
vt 0.4822 0.4074 0.0000
vt 0.4799 0.4321 0.0000
vt 0.4961 0.4293 0.0000
vt 0.4643 0.4128 0.0000
vt 0.4616 0.4359 0.0000
vt 0.5123 0.4011 0.0000
vt 0.5111 0.4278 0.0000
vt 0.5910 0.4252 0.0000
vt 0.5908 0.3982 0.0000
vt 0.2082 0.2887 0.0000
vt 0.1974 0.2892 0.0000
vt 0.1974 0.2894 0.0000
vt 0.2082 0.2889 0.0000
vt 0.1897 0.2914 0.0000
vt 0.1899 0.2915 0.0000
vt 0.1956 0.2942 0.0000
vt 0.2024 0.2914 0.0000
vt 0.2099 0.2906 0.0000
vt 0.5142 0.3734 0.0000
vt 0.5136 0.3828 0.0000
vt 0.5053 0.3751 0.0000
vt 0.5041 0.3825 0.0000
vt 0.5907 0.3792 0.0000
vt 0.5908 0.3694 0.0000
vt 0.3254 0.7318 0.0000
vt 0.3478 0.7348 0.0000
vt 0.3483 0.7341 0.0000
vt 0.3258 0.7310 0.0000
vt 0.3511 0.7300 0.0000
vt 0.3286 0.7265 0.0000
vt 0.2911 0.7335 0.0000
vt 0.3074 0.7317 0.0000
vt 0.3076 0.7309 0.0000
vt 0.2910 0.7325 0.0000
vt 0.3102 0.7254 0.0000
vt 0.2895 0.7248 0.0000
vt 0.4129 0.5964 0.0000
vt 0.4317 0.6031 0.0000
vt 0.4318 0.5863 0.0000
vt 0.4128 0.5809 0.0000
vt 0.4321 0.5644 0.0000
vt 0.4129 0.5605 0.0000
vt 0.3946 0.5892 0.0000
vt 0.3947 0.5752 0.0000
vt 0.3950 0.5565 0.0000
vt 0.4328 0.5416 0.0000
vt 0.4134 0.5387 0.0000
vt 0.4338 0.5176 0.0000
vt 0.4143 0.5158 0.0000
vt 0.3955 0.5357 0.0000
vt 0.3964 0.5139 0.0000
vt 0.4355 0.4922 0.0000
vt 0.4155 0.4923 0.0000
vt 0.4377 0.4663 0.0000
vt 0.4171 0.4687 0.0000
vt 0.3976 0.4923 0.0000
vt 0.3989 0.4709 0.0000
vt 0.4403 0.4406 0.0000
vt 0.4189 0.4455 0.0000
vt 0.4425 0.4194 0.0000
vt 0.4203 0.4262 0.0000
vt 0.4002 0.4497 0.0000
vt 0.4010 0.4320 0.0000
vt 0.1891 0.3009 0.0000
vt 0.1912 0.2971 0.0000
vt 0.1851 0.2938 0.0000
vt 0.1830 0.2970 0.0000
vt 0.1849 0.2937 0.0000
vt 0.1828 0.2969 0.0000
vt 0.1891 0.3062 0.0000
vt 0.1833 0.3020 0.0000
vt 0.1831 0.3019 0.0000
vt 0.3135 0.4436 0.0000
vt 0.3007 0.4458 0.0000
vt 0.3009 0.4479 0.0000
vt 0.3139 0.4458 0.0000
vt 0.2879 0.4477 0.0000
vt 0.2881 0.4498 0.0000
vt 0.2882 0.4559 0.0000
vt 0.3010 0.4544 0.0000
vt 0.3141 0.4526 0.0000
vt 0.3005 0.4653 0.0000
vt 0.3133 0.4644 0.0000
vt 0.2878 0.4659 0.0000
vt 0.2872 0.4778 0.0000
vt 0.2996 0.4781 0.0000
vt 0.3120 0.4782 0.0000
vt 0.2987 0.4904 0.0000
vt 0.3107 0.4911 0.0000
vt 0.2867 0.4895 0.0000
vt 0.2862 0.5016 0.0000
vt 0.2979 0.5029 0.0000
vt 0.3096 0.5042 0.0000
vt 0.2972 0.5163 0.0000
vt 0.3086 0.5185 0.0000
vt 0.2858 0.5144 0.0000
vt 0.2854 0.5264 0.0000
vt 0.2967 0.5289 0.0000
vt 0.3078 0.5318 0.0000
vt 0.2961 0.5389 0.0000
vt 0.3071 0.5419 0.0000
vt 0.2851 0.5363 0.0000
vt 0.2846 0.5433 0.0000
vt 0.2956 0.5458 0.0000
vt 0.3064 0.5487 0.0000
vt 0.2948 0.5492 0.0000
vt 0.3052 0.5520 0.0000
vt 0.2841 0.5468 0.0000
vt 0.2838 0.5476 0.0000
vt 0.2944 0.5500 0.0000
vt 0.3046 0.5528 0.0000
vt 0.2633 0.5449 0.0000
vt 0.2632 0.5439 0.0000
vt 0.2526 0.5433 0.0000
vt 0.2528 0.5443 0.0000
vt 0.2630 0.5403 0.0000
vt 0.2522 0.5397 0.0000
vt 0.2405 0.5406 0.0000
vt 0.2412 0.5441 0.0000
vt 0.2414 0.5451 0.0000
vt 0.2629 0.5334 0.0000
vt 0.2515 0.5331 0.0000
vt 0.2628 0.5238 0.0000
vt 0.2508 0.5237 0.0000
vt 0.2379 0.5245 0.0000
vt 0.2393 0.5340 0.0000
vt 0.2626 0.5120 0.0000
vt 0.2501 0.5116 0.0000
vt 0.2624 0.4995 0.0000
vt 0.2495 0.4987 0.0000
vt 0.2358 0.4981 0.0000
vt 0.2366 0.5118 0.0000
vt 0.2623 0.4877 0.0000
vt 0.2493 0.4866 0.0000
vt 0.2623 0.4766 0.0000
vt 0.2494 0.4753 0.0000
vt 0.2360 0.4736 0.0000
vt 0.2357 0.4853 0.0000
vt 0.2625 0.4660 0.0000
vt 0.2497 0.4650 0.0000
vt 0.2626 0.4573 0.0000
vt 0.2500 0.4566 0.0000
vt 0.2371 0.4548 0.0000
vt 0.2365 0.4631 0.0000
vt 0.2625 0.4517 0.0000
vt 0.2501 0.4512 0.0000
vt 0.2625 0.4497 0.0000
vt 0.2502 0.4492 0.0000
vt 0.2374 0.4475 0.0000
vt 0.2374 0.4494 0.0000
vt 0.1131 0.5947 0.0000
vt 0.0930 0.6041 0.0000
vt 0.0921 0.6146 0.0000
vt 0.1129 0.6039 0.0000
vt 0.0729 0.6127 0.0000
vt 0.0713 0.6242 0.0000
vt 0.0714 0.6257 0.0000
vt 0.0923 0.6160 0.0000
vt 0.1131 0.6053 0.0000
vt 0.1165 0.5448 0.0000
vt 0.1005 0.5475 0.0000
vt 0.0964 0.5784 0.0000
vt 0.1146 0.5722 0.0000
vt 0.0845 0.5501 0.0000
vt 0.0783 0.5840 0.0000
vt 0.1181 0.4982 0.0000
vt 0.1040 0.4981 0.0000
vt 0.1033 0.5217 0.0000
vt 0.1178 0.5207 0.0000
vt 0.0899 0.4981 0.0000
vt 0.0887 0.5226 0.0000
vt 0.1150 0.4538 0.0000
vt 0.0983 0.4511 0.0000
vt 0.1020 0.4742 0.0000
vt 0.1170 0.4754 0.0000
vt 0.0817 0.4484 0.0000
vt 0.0871 0.4730 0.0000
vt 0.1106 0.4208 0.0000
vt 0.0903 0.4142 0.0000
vt 0.0939 0.4302 0.0000
vt 0.1126 0.4350 0.0000
vt 0.0700 0.4081 0.0000
vt 0.0753 0.4257 0.0000
vt 0.1099 0.4106 0.0000
vt 0.0887 0.4034 0.0000
vt 0.0889 0.4058 0.0000
vt 0.1099 0.4129 0.0000
vt 0.0675 0.3967 0.0000
vt 0.0678 0.3991 0.0000
vt 0.0325 0.6402 0.0000
vt 0.0325 0.6386 0.0000
vt 0.0201 0.6411 0.0000
vt 0.0196 0.6428 0.0000
vt 0.0355 0.6255 0.0000
vt 0.0238 0.6278 0.0000
vt 0.0160 0.6256 0.0000
vt 0.0117 0.6385 0.0000
vt 0.0108 0.6401 0.0000
vt 0.0443 0.5928 0.0000
vt 0.0331 0.5944 0.0000
vt 0.0543 0.5544 0.0000
vt 0.0439 0.5554 0.0000
vt 0.0356 0.5555 0.0000
vt 0.0250 0.5934 0.0000
vt 0.0613 0.5244 0.0000
vt 0.0518 0.5251 0.0000
vt 0.0634 0.4981 0.0000
vt 0.0547 0.4986 0.0000
vt 0.0482 0.4992 0.0000
vt 0.0444 0.5256 0.0000
vt 0.0591 0.4710 0.0000
vt 0.0502 0.4710 0.0000
vt 0.0509 0.4441 0.0000
vt 0.0414 0.4436 0.0000
vt 0.0346 0.4442 0.0000
vt 0.0435 0.4715 0.0000
vt 0.0412 0.4187 0.0000
vt 0.0317 0.4176 0.0000
vt 0.0332 0.3990 0.0000
vt 0.0235 0.3976 0.0000
vt 0.0182 0.3994 0.0000
vt 0.0256 0.4188 0.0000
vt 0.0296 0.3893 0.0000
vt 0.0192 0.3878 0.0000
vt 0.0289 0.3869 0.0000
vt 0.0181 0.3854 0.0000
vt 0.0121 0.3880 0.0000
vt 0.0137 0.3901 0.0000
vt 0.0106 0.6178 0.0000
vt 0.0062 0.6291 0.0000
vt 0.0049 0.6304 0.0000
vt 0.0278 0.5546 0.0000
vt 0.0183 0.5891 0.0000
vt 0.0425 0.4997 0.0000
vt 0.0376 0.5259 0.0000
vt 0.0281 0.4459 0.0000
vt 0.0374 0.4724 0.0000
vt 0.0149 0.4053 0.0000
vt 0.0206 0.4225 0.0000
vt 0.0093 0.3961 0.0000
vt 0.0109 0.3976 0.0000
vt 0.1839 0.5688 0.0000
vt 0.1991 0.5611 0.0000
vt 0.1988 0.5600 0.0000
vt 0.1836 0.5676 0.0000
vt 0.2141 0.5539 0.0000
vt 0.2138 0.5528 0.0000
vt 0.2128 0.5487 0.0000
vt 0.1978 0.5552 0.0000
vt 0.1826 0.5621 0.0000
vt 0.1958 0.5451 0.0000
vt 0.1806 0.5501 0.0000
vt 0.2109 0.5404 0.0000
vt 0.2087 0.5287 0.0000
vt 0.1936 0.5313 0.0000
vt 0.1785 0.5340 0.0000
vt 0.1921 0.5152 0.0000
vt 0.1770 0.5164 0.0000
vt 0.2071 0.5139 0.0000
vt 0.2063 0.4980 0.0000
vt 0.1913 0.4981 0.0000
vt 0.1764 0.4982 0.0000
vt 0.1915 0.4815 0.0000
vt 0.1767 0.4803 0.0000
vt 0.2064 0.4828 0.0000
vt 0.2070 0.4689 0.0000
vt 0.1923 0.4665 0.0000
vt 0.1776 0.4640 0.0000
vt 0.1933 0.4539 0.0000
vt 0.1787 0.4506 0.0000
vt 0.2079 0.4572 0.0000
vt 0.2086 0.4481 0.0000
vt 0.1942 0.4443 0.0000
vt 0.1797 0.4406 0.0000
vt 0.1947 0.4383 0.0000
vt 0.1803 0.4343 0.0000
vt 0.2091 0.4424 0.0000
vt 0.2092 0.4404 0.0000
vt 0.1948 0.4362 0.0000
vt 0.1805 0.4322 0.0000
vt 0.7574 0.6498 0.0000
vt 0.7590 0.6514 0.0000
vt 0.7508 0.6486 0.0000
vt 0.7505 0.6521 0.0000
vt 0.7564 0.6520 0.0000
vt 0.7571 0.6522 0.0000
vt 0.7359 0.6496 0.0000
vt 0.7167 0.6515 0.0000
vt 0.7169 0.6556 0.0000
vt 0.7360 0.6536 0.0000
vt 0.6973 0.6529 0.0000
vt 0.6777 0.6536 0.0000
vt 0.6779 0.6578 0.0000
vt 0.6975 0.6570 0.0000
vt 0.6581 0.6535 0.0000
vt 0.6375 0.6527 0.0000
vt 0.6377 0.6568 0.0000
vt 0.6583 0.6577 0.0000
vt 0.6149 0.6512 0.0000
vt 0.5915 0.6490 0.0000
vt 0.5915 0.6532 0.0000
vt 0.6150 0.6554 0.0000
vt 0.5682 0.6461 0.0000
vt 0.5449 0.6423 0.0000
vt 0.5451 0.6463 0.0000
vt 0.5683 0.6502 0.0000
vt 0.5213 0.6375 0.0000
vt 0.4975 0.6317 0.0000
vt 0.4975 0.6355 0.0000
vt 0.5214 0.6414 0.0000
vt 0.4738 0.6251 0.0000
vt 0.4514 0.6180 0.0000
vt 0.4510 0.6212 0.0000
vt 0.4736 0.6285 0.0000
vt 0.4315 0.6109 0.0000
vt 0.4129 0.6036 0.0000
vt 0.4129 0.6066 0.0000
vt 0.4312 0.6140 0.0000
vt 0.3946 0.5957 0.0000
vt 0.3771 0.5879 0.0000
vt 0.3769 0.5905 0.0000
vt 0.3945 0.5986 0.0000
vt 0.3612 0.5806 0.0000
vt 0.3475 0.5737 0.0000
vt 0.3470 0.5761 0.0000
vt 0.3609 0.5831 0.0000
vt 0.3275 0.5564 0.0000
vt 0.3219 0.5579 0.0000
vt 0.3246 0.5601 0.0000
vt 0.3290 0.5620 0.0000
vt 0.3204 0.5582 0.0000
vt 0.3233 0.5600 0.0000
vt 0.3237 0.5614 0.0000
vt 0.3246 0.5620 0.0000
vt 0.3284 0.5644 0.0000
vt 0.4431 0.4067 0.0000
vt 0.4204 0.4146 0.0000
vt 0.4650 0.3991 0.0000
vt 0.4646 0.3913 0.0000
vt 0.4428 0.3996 0.0000
vt 0.4199 0.4081 0.0000
vt 0.4819 0.3929 0.0000
vt 0.4932 0.3872 0.0000
vt 0.4905 0.3799 0.0000
vt 0.4805 0.3847 0.0000
vt 0.4982 0.3810 0.0000
vt 0.4994 0.3760 0.0000
vt 0.4958 0.3754 0.0000
vt 0.4948 0.3769 0.0000
vt 0.3366 0.4391 0.0000
vt 0.3375 0.4410 0.0000
vt 0.3420 0.4383 0.0000
vt 0.3412 0.4372 0.0000
vt 0.3410 0.4484 0.0000
vt 0.3454 0.4393 0.0000
vt 0.3461 0.4355 0.0000
vt 0.3430 0.4359 0.0000
vt 0.3424 0.4357 0.0000
vt 0.3514 0.4463 0.0000
vt 0.3525 0.4381 0.0000
vt 0.3619 0.4353 0.0000
vt 0.3620 0.4306 0.0000
vt 0.3528 0.4337 0.0000
vt 0.4011 0.4214 0.0000
vt 0.3851 0.4270 0.0000
vt 0.4006 0.4154 0.0000
vt 0.3848 0.4216 0.0000
vt 0.4420 0.3950 0.0000
vt 0.4189 0.4041 0.0000
vt 0.4638 0.3862 0.0000
vt 0.4625 0.3822 0.0000
vt 0.4406 0.3917 0.0000
vt 0.4175 0.4014 0.0000
vt 0.4793 0.3794 0.0000
vt 0.4889 0.3748 0.0000
vt 0.4875 0.3702 0.0000
vt 0.4780 0.3749 0.0000
vt 0.4928 0.3729 0.0000
vt 0.4934 0.3726 0.0000
vt 0.4920 0.3680 0.0000
vt 0.4914 0.3682 0.0000
vt 0.3429 0.4343 0.0000
vt 0.3424 0.4344 0.0000
vt 0.3459 0.4335 0.0000
vt 0.3442 0.4323 0.0000
vt 0.3413 0.4334 0.0000
vt 0.3407 0.4335 0.0000
vt 0.3526 0.4312 0.0000
vt 0.3616 0.4279 0.0000
vt 0.3604 0.4261 0.0000
vt 0.3511 0.4298 0.0000
vt 0.3997 0.4119 0.0000
vt 0.3841 0.4184 0.0000
vt 0.3982 0.4095 0.0000
vt 0.3825 0.4163 0.0000
vt 0.4386 0.3880 0.0000
vt 0.4152 0.3985 0.0000
vt 0.4606 0.3778 0.0000
vt 0.4548 0.3724 0.0000
vt 0.4325 0.3836 0.0000
vt 0.4093 0.3948 0.0000
vt 0.4762 0.3698 0.0000
vt 0.4857 0.3645 0.0000
vt 0.4829 0.3570 0.0000
vt 0.4718 0.3632 0.0000
vt 0.4897 0.3625 0.0000
vt 0.4903 0.3622 0.0000
vt 0.4879 0.3544 0.0000
vt 0.4873 0.3546 0.0000
vt 0.3374 0.4326 0.0000
vt 0.3370 0.4328 0.0000
vt 0.3405 0.4314 0.0000
vt 0.3329 0.4308 0.0000
vt 0.3299 0.4323 0.0000
vt 0.3295 0.4325 0.0000
vt 0.3480 0.4284 0.0000
vt 0.3577 0.4243 0.0000
vt 0.3507 0.4226 0.0000
vt 0.3406 0.4272 0.0000
vt 0.3956 0.4071 0.0000
vt 0.3797 0.4141 0.0000
vt 0.3894 0.4041 0.0000
vt 0.3731 0.4116 0.0000
vt 0.3898 0.3455 0.0000
vt 0.3696 0.3410 0.0000
vt 0.3537 0.3571 0.0000
vt 0.3713 0.3611 0.0000
vt 0.3476 0.3374 0.0000
vt 0.3339 0.3535 0.0000
vt 0.3212 0.3675 0.0000
vt 0.3389 0.3712 0.0000
vt 0.3543 0.3748 0.0000
vt 0.4274 0.3116 0.0000
vt 0.4010 0.3060 0.0000
vt 0.3871 0.3217 0.0000
vt 0.4107 0.3269 0.0000
vt 0.3738 0.3031 0.0000
vt 0.3623 0.3185 0.0000
vt 0.4340 0.3059 0.0000
vt 0.4065 0.3000 0.0000
vt 0.4062 0.3003 0.0000
vt 0.4336 0.3062 0.0000
vt 0.3785 0.2972 0.0000
vt 0.3781 0.2976 0.0000
vt 0.2866 0.4292 0.0000
vt 0.2767 0.4261 0.0000
vt 0.2744 0.4282 0.0000
vt 0.2844 0.4313 0.0000
vt 0.2653 0.4205 0.0000
vt 0.2630 0.4226 0.0000
vt 0.2627 0.4229 0.0000
vt 0.2741 0.4284 0.0000
vt 0.2841 0.4315 0.0000
vt 0.3229 0.3992 0.0000
vt 0.3115 0.3960 0.0000
vt 0.3001 0.4054 0.0000
vt 0.3103 0.4086 0.0000
vt 0.2981 0.3916 0.0000
vt 0.2881 0.4006 0.0000
vt 0.2791 0.4082 0.0000
vt 0.2903 0.4134 0.0000
vt 0.3000 0.4165 0.0000
vt 0.3247 0.3844 0.0000
vt 0.3378 0.3878 0.0000
vt 0.3092 0.3804 0.0000
vt 0.2978 0.3289 0.0000
vt 0.2670 0.3209 0.0000
vt 0.2599 0.3323 0.0000
vt 0.2870 0.3431 0.0000
vt 0.2368 0.3113 0.0000
vt 0.2329 0.3194 0.0000
vt 0.2297 0.3273 0.0000
vt 0.2536 0.3426 0.0000
vt 0.2775 0.3555 0.0000
vt 0.3242 0.3339 0.0000
vt 0.3117 0.3495 0.0000
vt 0.3003 0.3630 0.0000
vt 0.3815 0.3841 0.0000
vt 0.3966 0.3897 0.0000
vt 0.4191 0.3779 0.0000
vt 0.4026 0.3717 0.0000
vt 0.4420 0.3657 0.0000
vt 0.4254 0.3585 0.0000
vt 0.3679 0.3792 0.0000
vt 0.3872 0.3661 0.0000
vt 0.4082 0.3516 0.0000
vt 0.3189 0.2999 0.0000
vt 0.2806 0.2989 0.0000
vt 0.2746 0.3086 0.0000
vt 0.3096 0.3128 0.0000
vt 0.2443 0.2969 0.0000
vt 0.2409 0.3032 0.0000
vt 0.3482 0.3012 0.0000
vt 0.3376 0.3158 0.0000
vt 0.4630 0.3546 0.0000
vt 0.4497 0.3450 0.0000
vt 0.4782 0.3466 0.0000
vt 0.4686 0.3346 0.0000
vt 0.4319 0.3352 0.0000
vt 0.4508 0.3220 0.0000
vt 0.3226 0.2948 0.0000
vt 0.2830 0.2950 0.0000
vt 0.2828 0.2952 0.0000
vt 0.3223 0.2951 0.0000
vt 0.2457 0.2943 0.0000
vt 0.2456 0.2946 0.0000
vt 0.3525 0.2956 0.0000
vt 0.3522 0.2959 0.0000
vt 0.4840 0.3436 0.0000
vt 0.4756 0.3308 0.0000
vt 0.4846 0.3434 0.0000
vt 0.4761 0.3305 0.0000
vt 0.4577 0.3173 0.0000
vt 0.4582 0.3170 0.0000
vt 0.2392 0.4000 0.0000
vt 0.2284 0.3840 0.0000
vt 0.2269 0.3860 0.0000
vt 0.2373 0.4020 0.0000
vt 0.2190 0.3675 0.0000
vt 0.2182 0.3694 0.0000
vt 0.2180 0.3696 0.0000
vt 0.2268 0.3862 0.0000
vt 0.2371 0.4023 0.0000
vt 0.2522 0.4120 0.0000
vt 0.2500 0.4141 0.0000
vt 0.2497 0.4144 0.0000
vt 0.3028 0.4329 0.0000
vt 0.3166 0.4327 0.0000
vt 0.3169 0.4324 0.0000
vt 0.3031 0.4326 0.0000
vt 0.3196 0.4307 0.0000
vt 0.3054 0.4307 0.0000
vt 0.2928 0.4327 0.0000
vt 0.2931 0.4325 0.0000
vt 0.2953 0.4304 0.0000
vt 0.2624 0.3749 0.0000
vt 0.2440 0.3595 0.0000
vt 0.2401 0.3662 0.0000
vt 0.2563 0.3822 0.0000
vt 0.2254 0.3419 0.0000
vt 0.2242 0.3488 0.0000
vt 0.2229 0.3555 0.0000
vt 0.2363 0.3725 0.0000
vt 0.2505 0.3886 0.0000
vt 0.2810 0.3851 0.0000
vt 0.2729 0.3932 0.0000
vt 0.2653 0.4002 0.0000
vt 0.3266 0.4266 0.0000
vt 0.3115 0.4261 0.0000
vt 0.3364 0.4211 0.0000
vt 0.3206 0.4198 0.0000
vt 0.3009 0.4254 0.0000
vt 0.2920 0.4238 0.0000
vt 0.3093 0.4185 0.0000
vt 0.2484 0.3516 0.0000
vt 0.2693 0.3660 0.0000
vt 0.2272 0.3348 0.0000
vt 0.2901 0.3749 0.0000
vt 0.3455 0.4048 0.0000
vt 0.3602 0.4082 0.0000
vt 0.3768 0.3998 0.0000
vt 0.3622 0.3952 0.0000
vt 0.3336 0.4020 0.0000
vt 0.3498 0.3913 0.0000
vt 0.7567 0.6539 0.0000
vt 0.7573 0.6539 0.0000
vt 0.7509 0.6545 0.0000
vt 0.7519 0.6570 0.0000
vt 0.7578 0.6563 0.0000
vt 0.7583 0.6563 0.0000
vt 0.7362 0.6563 0.0000
vt 0.7168 0.6584 0.0000
vt 0.7163 0.6612 0.0000
vt 0.7364 0.6589 0.0000
vt 0.6973 0.6600 0.0000
vt 0.6777 0.6608 0.0000
vt 0.6769 0.6639 0.0000
vt 0.6965 0.6629 0.0000
vt 0.6581 0.6608 0.0000
vt 0.6374 0.6600 0.0000
vt 0.6366 0.6632 0.0000
vt 0.6573 0.6639 0.0000
vt 0.6147 0.6586 0.0000
vt 0.5912 0.6564 0.0000
vt 0.5904 0.6597 0.0000
vt 0.6139 0.6619 0.0000
vt 0.5680 0.6534 0.0000
vt 0.5448 0.6495 0.0000
vt 0.5440 0.6529 0.0000
vt 0.5672 0.6568 0.0000
vt 0.5211 0.6446 0.0000
vt 0.4972 0.6386 0.0000
vt 0.4964 0.6419 0.0000
vt 0.5203 0.6479 0.0000
vt 0.4732 0.6315 0.0000
vt 0.4506 0.6241 0.0000
vt 0.4497 0.6274 0.0000
vt 0.4724 0.6349 0.0000
vt 0.4308 0.6168 0.0000
vt 0.4125 0.6094 0.0000
vt 0.4115 0.6126 0.0000
vt 0.4299 0.6201 0.0000
vt 0.3941 0.6013 0.0000
vt 0.3765 0.5932 0.0000
vt 0.3753 0.5963 0.0000
vt 0.3930 0.6045 0.0000
vt 0.3604 0.5855 0.0000
vt 0.3465 0.5783 0.0000
vt 0.3452 0.5808 0.0000
vt 0.3593 0.5884 0.0000
vt 0.3235 0.5634 0.0000
vt 0.3271 0.5659 0.0000
vt 0.3227 0.5629 0.0000
vt 0.3202 0.5641 0.0000
vt 0.3209 0.5645 0.0000
vt 0.3247 0.5670 0.0000
vt 0.7594 0.6600 0.0000
vt 0.7599 0.6600 0.0000
vt 0.7531 0.6606 0.0000
vt 0.7545 0.6657 0.0000
vt 0.7612 0.6650 0.0000
vt 0.7618 0.6650 0.0000
vt 0.7365 0.6627 0.0000
vt 0.7153 0.6652 0.0000
vt 0.7138 0.6705 0.0000
vt 0.7365 0.6679 0.0000
vt 0.6952 0.6670 0.0000
vt 0.6756 0.6680 0.0000
vt 0.6736 0.6736 0.0000
vt 0.6932 0.6725 0.0000
vt 0.6559 0.6681 0.0000
vt 0.6352 0.6674 0.0000
vt 0.6331 0.6732 0.0000
vt 0.6538 0.6737 0.0000
vt 0.6125 0.6662 0.0000
vt 0.5890 0.6643 0.0000
vt 0.5868 0.6703 0.0000
vt 0.6104 0.6721 0.0000
vt 0.5658 0.6614 0.0000
vt 0.5425 0.6575 0.0000
vt 0.5405 0.6634 0.0000
vt 0.5637 0.6674 0.0000
vt 0.5189 0.6525 0.0000
vt 0.4949 0.6465 0.0000
vt 0.4927 0.6522 0.0000
vt 0.5168 0.6583 0.0000
vt 0.4709 0.6395 0.0000
vt 0.4482 0.6320 0.0000
vt 0.4455 0.6376 0.0000
vt 0.4685 0.6451 0.0000
vt 0.4282 0.6246 0.0000
vt 0.4094 0.6169 0.0000
vt 0.4057 0.6226 0.0000
vt 0.4249 0.6303 0.0000
vt 0.3906 0.6086 0.0000
vt 0.3728 0.6002 0.0000
vt 0.3685 0.6056 0.0000
vt 0.3865 0.6141 0.0000
vt 0.3569 0.5924 0.0000
vt 0.3427 0.5844 0.0000
vt 0.3380 0.5895 0.0000
vt 0.3526 0.5979 0.0000
vt 0.3165 0.5653 0.0000
vt 0.3205 0.5682 0.0000
vt 0.3159 0.5649 0.0000
vt 0.3077 0.5660 0.0000
vt 0.3083 0.5664 0.0000
vt 0.3127 0.5700 0.0000
vt 0.7555 0.6798 0.0000
vt 0.7519 0.6884 0.0000
vt 0.7593 0.6878 0.0000
vt 0.7631 0.6791 0.0000
vt 0.7467 0.6968 0.0000
vt 0.7537 0.6963 0.0000
vt 0.7542 0.6964 0.0000
vt 0.7599 0.6878 0.0000
vt 0.7636 0.6791 0.0000
vt 0.7100 0.6848 0.0000
vt 0.7073 0.6928 0.0000
vt 0.7321 0.6901 0.0000
vt 0.7352 0.6819 0.0000
vt 0.7043 0.7012 0.0000
vt 0.7280 0.6985 0.0000
vt 0.6678 0.6899 0.0000
vt 0.6646 0.6992 0.0000
vt 0.6853 0.6962 0.0000
vt 0.6881 0.6877 0.0000
vt 0.6614 0.7088 0.0000
vt 0.6824 0.7051 0.0000
vt 0.6268 0.6902 0.0000
vt 0.6228 0.7006 0.0000
vt 0.6440 0.7005 0.0000
vt 0.6477 0.6906 0.0000
vt 0.6186 0.7115 0.0000
vt 0.6402 0.7108 0.0000
vt 0.5808 0.6874 0.0000
vt 0.5771 0.6983 0.0000
vt 0.6002 0.6999 0.0000
vt 0.6041 0.6893 0.0000
vt 0.5733 0.7100 0.0000
vt 0.5962 0.7112 0.0000
vt 0.5347 0.6797 0.0000
vt 0.5308 0.6916 0.0000
vt 0.5542 0.6956 0.0000
vt 0.5579 0.6842 0.0000
vt 0.5264 0.7049 0.0000
vt 0.5503 0.7081 0.0000
vt 0.4856 0.6674 0.0000
vt 0.4799 0.6797 0.0000
vt 0.5062 0.6861 0.0000
vt 0.5107 0.6740 0.0000
vt 0.4733 0.6938 0.0000
vt 0.5010 0.6998 0.0000
vt 0.4341 0.6531 0.0000
vt 0.4242 0.6663 0.0000
vt 0.4515 0.6730 0.0000
vt 0.4594 0.6602 0.0000
vt 0.4131 0.6817 0.0000
vt 0.4426 0.6877 0.0000
vt 0.3912 0.6399 0.0000
vt 0.3802 0.6534 0.0000
vt 0.4008 0.6600 0.0000
vt 0.4117 0.6467 0.0000
vt 0.3679 0.6691 0.0000
vt 0.3887 0.6755 0.0000
vt 0.3535 0.6234 0.0000
vt 0.3430 0.6380 0.0000
vt 0.3610 0.6460 0.0000
vt 0.3717 0.6318 0.0000
vt 0.3319 0.6546 0.0000
vt 0.3493 0.6624 0.0000
vt 0.3202 0.6058 0.0000
vt 0.3086 0.6174 0.0000
vt 0.3262 0.6295 0.0000
vt 0.3371 0.6158 0.0000
vt 0.2965 0.6305 0.0000
vt 0.3145 0.6450 0.0000
vt 0.2785 0.5710 0.0000
vt 0.2662 0.5745 0.0000
vt 0.2667 0.5750 0.0000
vt 0.2789 0.5715 0.0000
vt 0.2552 0.5810 0.0000
vt 0.2558 0.5814 0.0000
vt 0.2618 0.5885 0.0000
vt 0.2727 0.5813 0.0000
vt 0.2847 0.5768 0.0000
vt 0.1817 0.7447 0.0000
vt 0.1770 0.7481 0.0000
vt 0.1840 0.7399 0.0000
vt 0.1810 0.7420 0.0000
vt 0.1805 0.7420 0.0000
vt 0.1763 0.7483 0.0000
vt 0.3394 0.5413 0.0000
vt 0.3381 0.5537 0.0000
vt 0.3295 0.5381 0.0000
vt 0.3284 0.5491 0.0000
vt 0.3373 0.5623 0.0000
vt 0.3431 0.5079 0.0000
vt 0.3411 0.5252 0.0000
vt 0.3326 0.5068 0.0000
vt 0.3309 0.5230 0.0000
vt 0.3472 0.4766 0.0000
vt 0.3451 0.4921 0.0000
vt 0.3364 0.4773 0.0000
vt 0.3344 0.4919 0.0000
vt 0.3495 0.4602 0.0000
vt 0.3388 0.4617 0.0000
vt 0.2013 0.3369 0.0000
vt 0.2015 0.3368 0.0000
vt 0.2041 0.3450 0.0000
vt 0.2042 0.3448 0.0000
vt 0.2059 0.3458 0.0000
vt 0.2041 0.3397 0.0000
vt 0.3367 0.5670 0.0000
vt 0.3361 0.5695 0.0000
vt 0.3724 0.4316 0.0000
vt 0.3723 0.4266 0.0000
vt 0.3717 0.4236 0.0000
vt 0.3704 0.4217 0.0000
vt 0.3677 0.4197 0.0000
vt 0.3609 0.4175 0.0000
vt 0.2711 0.4153 0.0000
vt 0.2823 0.4207 0.0000
vt 0.2111 0.3487 0.0000
vt 0.2107 0.3416 0.0000
vt 0.2106 0.3538 0.0000
vt 0.2209 0.3623 0.0000
vt 0.2442 0.3950 0.0000
vt 0.2579 0.4070 0.0000
vt 0.3471 0.4152 0.0000
vt 0.3318 0.4129 0.0000
vt 0.3202 0.4109 0.0000
vt 0.3351 0.5713 0.0000
vt 0.3332 0.5731 0.0000
vt 0.3299 0.5754 0.0000
vt 0.3236 0.5789 0.0000
vt 0.2887 0.5984 0.0000
vt 0.3006 0.5905 0.0000
vt 0.2772 0.6083 0.0000
vt 0.7360 0.7109 0.0000
vt 0.7299 0.7177 0.0000
vt 0.7356 0.7163 0.0000
vt 0.7423 0.7099 0.0000
vt 0.7361 0.7164 0.0000
vt 0.7428 0.7099 0.0000
vt 0.7415 0.7042 0.0000
vt 0.7482 0.7035 0.0000
vt 0.7487 0.7035 0.0000
vt 0.7636 0.6715 0.0000
vt 0.7631 0.6714 0.0000
vt 0.7558 0.6721 0.0000
vt 0.6980 0.7189 0.0000
vt 0.6947 0.7279 0.0000
vt 0.7148 0.7221 0.0000
vt 0.7195 0.7142 0.0000
vt 0.7012 0.7099 0.0000
vt 0.7238 0.7064 0.0000
vt 0.7363 0.6744 0.0000
vt 0.7121 0.6772 0.0000
vt 0.6553 0.7285 0.0000
vt 0.6522 0.7384 0.0000
vt 0.6740 0.7335 0.0000
vt 0.6768 0.7239 0.0000
vt 0.6583 0.7186 0.0000
vt 0.6796 0.7144 0.0000
vt 0.6908 0.6796 0.0000
vt 0.6709 0.6812 0.0000
vt 0.6102 0.7334 0.0000
vt 0.6056 0.7441 0.0000
vt 0.6287 0.7421 0.0000
vt 0.6328 0.7317 0.0000
vt 0.6145 0.7225 0.0000
vt 0.6365 0.7213 0.0000
vt 0.6511 0.6814 0.0000
vt 0.6302 0.6809 0.0000
vt 0.5664 0.7332 0.0000
vt 0.5636 0.7433 0.0000
vt 0.5848 0.7440 0.0000
vt 0.5886 0.7337 0.0000
vt 0.5697 0.7219 0.0000
vt 0.5923 0.7226 0.0000
vt 0.6075 0.6799 0.0000
vt 0.5841 0.6781 0.0000
vt 0.5170 0.7314 0.0000
vt 0.5129 0.7428 0.0000
vt 0.5393 0.7437 0.0000
vt 0.5425 0.7330 0.0000
vt 0.5216 0.7185 0.0000
vt 0.5463 0.7209 0.0000
vt 0.5611 0.6749 0.0000
vt 0.5379 0.6706 0.0000
vt 0.4604 0.7211 0.0000
vt 0.4549 0.7325 0.0000
vt 0.4855 0.7382 0.0000
vt 0.4902 0.7267 0.0000
vt 0.4667 0.7079 0.0000
vt 0.4955 0.7137 0.0000
vt 0.5142 0.6651 0.0000
vt 0.4898 0.6587 0.0000
vt 0.3929 0.7122 0.0000
vt 0.3849 0.7249 0.0000
vt 0.4194 0.7285 0.0000
vt 0.4261 0.7165 0.0000
vt 0.4025 0.6973 0.0000
vt 0.4340 0.7026 0.0000
vt 0.4649 0.6515 0.0000
vt 0.4409 0.6441 0.0000
vt 0.3449 0.7016 0.0000
vt 0.3354 0.7160 0.0000
vt 0.3574 0.7204 0.0000
vt 0.3662 0.7071 0.0000
vt 0.3559 0.6856 0.0000
vt 0.3769 0.6916 0.0000
vt 0.4196 0.6372 0.0000
vt 0.3997 0.6299 0.0000
vt 0.3111 0.6882 0.0000
vt 0.3006 0.7064 0.0000
vt 0.3175 0.7126 0.0000
vt 0.3275 0.6960 0.0000
vt 0.3214 0.6712 0.0000
vt 0.3381 0.6792 0.0000
vt 0.3802 0.6215 0.0000
vt 0.3620 0.6130 0.0000
vt 0.2735 0.6589 0.0000
vt 0.2622 0.6753 0.0000
vt 0.2816 0.6931 0.0000
vt 0.2927 0.6760 0.0000
vt 0.2517 0.6907 0.0000
vt 0.2700 0.7081 0.0000
vt 0.2849 0.6442 0.0000
vt 0.3035 0.6602 0.0000
vt 0.3460 0.6054 0.0000
vt 0.3302 0.5965 0.0000
vt 0.2335 0.6100 0.0000
vt 0.2250 0.6333 0.0000
vt 0.2256 0.6336 0.0000
vt 0.2341 0.6104 0.0000
vt 0.2181 0.6567 0.0000
vt 0.2187 0.6569 0.0000
vt 0.2234 0.6614 0.0000
vt 0.2309 0.6394 0.0000
vt 0.2399 0.6172 0.0000
vt 0.2439 0.5927 0.0000
vt 0.2446 0.5931 0.0000
vt 0.2505 0.6004 0.0000
vt 0.2994 0.5729 0.0000
vt 0.2943 0.5686 0.0000
vt 0.2938 0.5681 0.0000
vt 0.2442 0.6553 0.0000
vt 0.2544 0.6364 0.0000
vt 0.2353 0.6740 0.0000
vt 0.2656 0.6208 0.0000
vt 0.3131 0.5840 0.0000
vt 0.9774 0.5216 0.0000
vt 0.9805 0.5194 0.0000
vt 0.9768 0.5152 0.0000
vt 0.9737 0.5174 0.0000
vt 0.9841 0.5168 0.0000
vt 0.9805 0.5127 0.0000
vt 0.9765 0.5082 0.0000
vt 0.9728 0.5105 0.0000
vt 0.9697 0.5126 0.0000
vt 0.9423 0.4485 0.0000
vt 0.9459 0.4499 0.0000
vt 0.9470 0.4430 0.0000
vt 0.9432 0.4415 0.0000
vt 0.9496 0.4513 0.0000
vt 0.9508 0.4445 0.0000
vt 0.9516 0.4392 0.0000
vt 0.9478 0.4376 0.0000
vt 0.9439 0.4360 0.0000
vt 0.9401 0.4631 0.0000
vt 0.9435 0.4639 0.0000
vt 0.9448 0.4564 0.0000
vt 0.9412 0.4552 0.0000
vt 0.9470 0.4648 0.0000
vt 0.9483 0.4576 0.0000
vt 0.9418 0.4811 0.0000
vt 0.9453 0.4808 0.0000
vt 0.9427 0.4718 0.0000
vt 0.9392 0.4716 0.0000
vt 0.9487 0.4803 0.0000
vt 0.9462 0.4722 0.0000
vt 0.9608 0.5025 0.0000
vt 0.9642 0.5009 0.0000
vt 0.9542 0.4913 0.0000
vt 0.9508 0.4924 0.0000
vt 0.9677 0.4991 0.0000
vt 0.9577 0.4902 0.0000
vt 0.9698 0.5069 0.0000
vt 0.9665 0.5088 0.0000
vt 0.9734 0.5048 0.0000
vt 0.9744 0.5248 0.0000
vt 0.9708 0.5204 0.0000
vt 0.9667 0.5154 0.0000
vt 0.9385 0.4472 0.0000
vt 0.9394 0.4400 0.0000
vt 0.9400 0.4344 0.0000
vt 0.9364 0.4624 0.0000
vt 0.9375 0.4541 0.0000
vt 0.9382 0.4816 0.0000
vt 0.9356 0.4714 0.0000
vt 0.9576 0.5046 0.0000
vt 0.9473 0.4937 0.0000
vt 0.9635 0.5113 0.0000
vt 0.9887 0.5128 0.0000
vt 0.9850 0.5088 0.0000
vt 0.9809 0.5045 0.0000
vt 0.9533 0.4528 0.0000
vt 0.9547 0.4462 0.0000
vt 0.9556 0.4410 0.0000
vt 0.9507 0.4658 0.0000
vt 0.9520 0.4589 0.0000
vt 0.9522 0.4798 0.0000
vt 0.9497 0.4725 0.0000
vt 0.9711 0.4966 0.0000
vt 0.9610 0.4886 0.0000
vt 0.9773 0.5015 0.0000
vt 0.8468 0.5543 0.0000
vt 0.8401 0.5447 0.0000
vt 0.8565 0.5608 0.0000
vt 0.8680 0.5630 0.0000
vt 0.8794 0.5607 0.0000
vt 0.8889 0.5541 0.0000
vt 0.8952 0.5444 0.0000
vt 0.8973 0.5330 0.0000
vt 0.8950 0.5215 0.0000
vt 0.8883 0.5119 0.0000
vt 0.8786 0.5054 0.0000
vt 0.8671 0.5033 0.0000
vt 0.8558 0.5056 0.0000
vt 0.8462 0.5122 0.0000
vt 0.8398 0.5219 0.0000
vt 0.8378 0.5333 0.0000
vt 0.7040 0.3716 0.0000
vt 0.7069 0.3703 0.0000
vt 0.6979 0.3689 0.0000
vt 0.6961 0.3708 0.0000
vt 0.6989 0.3669 0.0000
vt 0.6853 0.3664 0.0000
vt 0.6854 0.3686 0.0000
vt 0.6855 0.3707 0.0000
vt 0.6714 0.3838 0.0000
vt 0.6623 0.3822 0.0000
vt 0.6835 0.3835 0.0000
vt 0.6849 0.3776 0.0000
vt 0.6754 0.3779 0.0000
vt 0.6685 0.3770 0.0000
vt 0.3768 0.1912 0.0000
vt 0.3759 0.1913 0.0000
vt 0.3730 0.1907 0.0000
vt 0.3747 0.1907 0.0000
vt 0.3748 0.1907 0.0000
vt 0.3740 0.1900 0.0000
vt 0.3722 0.1900 0.0000
vt 0.3739 0.1900 0.0000
vt 0.3769 0.1887 0.0000
vt 0.3748 0.1893 0.0000
vt 0.3732 0.1894 0.0000
vt 0.3761 0.1887 0.0000
vt 0.3749 0.1893 0.0000
vt 0.3770 0.1887 0.0000
vt 0.7032 0.3754 0.0000
vt 0.6951 0.3768 0.0000
vt 0.6955 0.3829 0.0000
vt 0.7048 0.3810 0.0000
vt 0.6966 0.3936 0.0000
vt 0.6659 0.3746 0.0000
vt 0.6596 0.3772 0.0000
vt 0.6681 0.3721 0.0000
vt 0.6630 0.3701 0.0000
vt 0.6754 0.3709 0.0000
vt 0.6727 0.3686 0.0000
vt 0.6712 0.3663 0.0000
vt 0.7063 0.3734 0.0000
vt 0.7097 0.3759 0.0000
vt 0.6947 0.3739 0.0000
vt 0.6854 0.3747 0.0000
vt 0.7022 0.3729 0.0000
vt 0.6994 0.3214 0.0000
vt 0.6923 0.3225 0.0000
vt 0.6947 0.3253 0.0000
vt 0.7022 0.3243 0.0000
vt 0.6834 0.3237 0.0000
vt 0.6854 0.3261 0.0000
vt 0.7048 0.3721 0.0000
vt 0.7025 0.3715 0.0000
vt 0.6996 0.3208 0.0000
vt 0.7019 0.3208 0.0000
vt 0.7048 0.3235 0.0000
vt 0.7025 0.3229 0.0000
vt 0.6951 0.3713 0.0000
vt 0.6856 0.3715 0.0000
vt 0.6836 0.3223 0.0000
vt 0.6925 0.3214 0.0000
vt 0.6951 0.3227 0.0000
vt 0.6856 0.3229 0.0000
vt 0.6769 0.3718 0.0000
vt 0.6708 0.3724 0.0000
vt 0.6700 0.3240 0.0000
vt 0.6756 0.3232 0.0000
vt 0.6769 0.3232 0.0000
vt 0.6708 0.3238 0.0000
vt 0.6690 0.3735 0.0000
vt 0.6712 0.3745 0.0000
vt 0.6702 0.3248 0.0000
vt 0.6683 0.3245 0.0000
vt 0.6690 0.3249 0.0000
vt 0.6712 0.3259 0.0000
vt 0.6771 0.3749 0.0000
vt 0.6756 0.3245 0.0000
vt 0.6771 0.3263 0.0000
vt 0.6606 0.2875 0.0000
vt 0.6494 0.2790 0.0000
vt 0.6440 0.2874 0.0000
vt 0.6546 0.2945 0.0000
vt 0.6384 0.2707 0.0000
vt 0.6338 0.2807 0.0000
vt 0.6274 0.2943 0.0000
vt 0.6367 0.2989 0.0000
vt 0.6466 0.3038 0.0000
vt 0.6606 0.2872 0.0000
vt 0.6494 0.2787 0.0000
vt 0.6512 0.2760 0.0000
vt 0.6626 0.2851 0.0000
vt 0.6384 0.2704 0.0000
vt 0.6399 0.2672 0.0000
vt 0.6467 0.3031 0.0000
vt 0.6367 0.2983 0.0000
vt 0.6441 0.2869 0.0000
vt 0.6547 0.2939 0.0000
vt 0.6274 0.2937 0.0000
vt 0.6338 0.2802 0.0000
vt 0.6327 0.3201 0.0000
vt 0.6233 0.3196 0.0000
vt 0.6291 0.3103 0.0000
vt 0.6387 0.3127 0.0000
vt 0.6150 0.3192 0.0000
vt 0.6204 0.3081 0.0000
vt 0.6328 0.3205 0.0000
vt 0.6234 0.3199 0.0000
vt 0.6215 0.3228 0.0000
vt 0.6308 0.3227 0.0000
vt 0.6151 0.3195 0.0000
vt 0.6132 0.3230 0.0000
vt 0.6292 0.3108 0.0000
vt 0.6387 0.3133 0.0000
vt 0.6205 0.3086 0.0000
vt 0.5558 0.2325 0.0000
vt 0.5438 0.2280 0.0000
vt 0.5418 0.2416 0.0000
vt 0.5535 0.2464 0.0000
vt 0.5349 0.2242 0.0000
vt 0.5330 0.2371 0.0000
vt 0.5301 0.2556 0.0000
vt 0.5388 0.2616 0.0000
vt 0.5498 0.2670 0.0000
vt 0.6165 0.2556 0.0000
vt 0.6055 0.2497 0.0000
vt 0.6021 0.2629 0.0000
vt 0.6131 0.2681 0.0000
vt 0.5921 0.2441 0.0000
vt 0.5886 0.2577 0.0000
vt 0.5827 0.2773 0.0000
vt 0.5965 0.2815 0.0000
vt 0.6080 0.2855 0.0000
vt 0.6578 0.3091 0.0000
vt 0.6660 0.3018 0.0000
vt 0.6687 0.3145 0.0000
vt 0.6768 0.3093 0.0000
vt 0.6833 0.3051 0.0000
vt 0.6722 0.2962 0.0000
vt 0.5557 0.2323 0.0000
vt 0.5437 0.2279 0.0000
vt 0.5445 0.2234 0.0000
vt 0.5566 0.2278 0.0000
vt 0.5348 0.2241 0.0000
vt 0.5355 0.2199 0.0000
vt 0.6165 0.2554 0.0000
vt 0.6055 0.2495 0.0000
vt 0.6067 0.2452 0.0000
vt 0.6176 0.2514 0.0000
vt 0.5920 0.2440 0.0000
vt 0.5933 0.2396 0.0000
vt 0.6743 0.2943 0.0000
vt 0.6854 0.3036 0.0000
vt 0.6833 0.3048 0.0000
vt 0.6723 0.2959 0.0000
vt 0.5497 0.2667 0.0000
vt 0.5386 0.2614 0.0000
vt 0.5416 0.2414 0.0000
vt 0.5534 0.2462 0.0000
vt 0.5299 0.2554 0.0000
vt 0.5328 0.2369 0.0000
vt 0.6079 0.2850 0.0000
vt 0.5964 0.2811 0.0000
vt 0.6020 0.2625 0.0000
vt 0.6131 0.2677 0.0000
vt 0.5826 0.2769 0.0000
vt 0.5885 0.2574 0.0000
vt 0.6661 0.3013 0.0000
vt 0.6770 0.3087 0.0000
vt 0.6688 0.3138 0.0000
vt 0.6579 0.3084 0.0000
vt 0.5410 0.3111 0.0000
vt 0.5320 0.3041 0.0000
vt 0.5350 0.2850 0.0000
vt 0.5449 0.2912 0.0000
vt 0.5243 0.2940 0.0000
vt 0.5268 0.2768 0.0000
vt 0.5962 0.3189 0.0000
vt 0.5825 0.3186 0.0000
vt 0.5889 0.3020 0.0000
vt 0.6015 0.3040 0.0000
vt 0.5675 0.3176 0.0000
vt 0.5744 0.2995 0.0000
vt 0.6501 0.3155 0.0000
vt 0.6613 0.3185 0.0000
vt 0.6559 0.3219 0.0000
vt 0.6444 0.3209 0.0000
vt 0.5411 0.3112 0.0000
vt 0.5321 0.3042 0.0000
vt 0.5311 0.3105 0.0000
vt 0.5397 0.3178 0.0000
vt 0.5244 0.2940 0.0000
vt 0.5235 0.2997 0.0000
vt 0.5962 0.3191 0.0000
vt 0.5826 0.3188 0.0000
vt 0.5804 0.3242 0.0000
vt 0.5944 0.3240 0.0000
vt 0.5676 0.3178 0.0000
vt 0.5652 0.3237 0.0000
vt 0.6425 0.3228 0.0000
vt 0.6542 0.3231 0.0000
vt 0.6560 0.3222 0.0000
vt 0.6445 0.3212 0.0000
vt 0.5351 0.2852 0.0000
vt 0.5451 0.2914 0.0000
vt 0.5269 0.2770 0.0000
vt 0.5890 0.3024 0.0000
vt 0.6016 0.3044 0.0000
vt 0.5746 0.2998 0.0000
vt 0.6501 0.3161 0.0000
vt 0.6613 0.3191 0.0000
vt 0.6274 0.2627 0.0000
vt 0.6236 0.2741 0.0000
vt 0.6180 0.2898 0.0000
vt 0.6274 0.2625 0.0000
vt 0.6287 0.2589 0.0000
vt 0.6180 0.2893 0.0000
vt 0.6236 0.2737 0.0000
vt 0.6065 0.3191 0.0000
vt 0.6116 0.3060 0.0000
vt 0.6066 0.3193 0.0000
vt 0.6048 0.3235 0.0000
vt 0.6117 0.3065 0.0000
vt 0.5737 0.2381 0.0000
vt 0.5707 0.2520 0.0000
vt 0.5658 0.2723 0.0000
vt 0.5737 0.2380 0.0000
vt 0.5747 0.2334 0.0000
vt 0.5657 0.2720 0.0000
vt 0.5706 0.2517 0.0000
vt 0.5532 0.3154 0.0000
vt 0.5589 0.2960 0.0000
vt 0.5533 0.3155 0.0000
vt 0.5514 0.3219 0.0000
vt 0.5591 0.2962 0.0000
vt 0.5262 0.2208 0.0000
vt 0.5243 0.2321 0.0000
vt 0.5178 0.2176 0.0000
vt 0.5158 0.2272 0.0000
vt 0.5129 0.2404 0.0000
vt 0.5214 0.2482 0.0000
vt 0.5261 0.2207 0.0000
vt 0.5268 0.2170 0.0000
vt 0.5176 0.2176 0.0000
vt 0.5184 0.2144 0.0000
vt 0.5212 0.2480 0.0000
vt 0.5240 0.2320 0.0000
vt 0.5126 0.2402 0.0000
vt 0.5155 0.2271 0.0000
vt 0.5156 0.2804 0.0000
vt 0.5180 0.2661 0.0000
vt 0.5071 0.2656 0.0000
vt 0.5095 0.2545 0.0000
vt 0.5157 0.2804 0.0000
vt 0.5148 0.2852 0.0000
vt 0.5072 0.2656 0.0000
vt 0.5063 0.2693 0.0000
vt 0.5182 0.2662 0.0000
vt 0.5097 0.2546 0.0000
vt 0.5075 0.2224 0.0000
vt 0.5048 0.2330 0.0000
vt 0.5095 0.2146 0.0000
vt 0.5013 0.2116 0.0000
vt 0.4995 0.2177 0.0000
vt 0.4971 0.2258 0.0000
vt 0.5101 0.2120 0.0000
vt 0.5093 0.2146 0.0000
vt 0.5011 0.2115 0.0000
vt 0.5018 0.2095 0.0000
vt 0.5072 0.2224 0.0000
vt 0.5045 0.2329 0.0000
vt 0.4968 0.2256 0.0000
vt 0.4992 0.2176 0.0000
vt 0.5018 0.2437 0.0000
vt 0.4998 0.2519 0.0000
vt 0.4932 0.2393 0.0000
vt 0.4947 0.2335 0.0000
vt 0.4992 0.2546 0.0000
vt 0.4999 0.2519 0.0000
vt 0.4933 0.2393 0.0000
vt 0.4927 0.2412 0.0000
vt 0.5020 0.2437 0.0000
vt 0.4949 0.2336 0.0000
vt 0.6775 0.3196 0.0000
vt 0.6860 0.3167 0.0000
vt 0.6927 0.3142 0.0000
vt 0.6950 0.3133 0.0000
vt 0.6928 0.3139 0.0000
vt 0.6861 0.3161 0.0000
vt 0.6777 0.3188 0.0000
vt 0.6701 0.3213 0.0000
vt 0.6648 0.3231 0.0000
vt 0.6630 0.3238 0.0000
vt 0.6648 0.3235 0.0000
vt 0.6701 0.3219 0.0000
vt 0.2121 0.3016 0.0000
vt 0.2086 0.3067 0.0000
vt 0.2064 0.3122 0.0000
vt 0.2209 0.2930 0.0000
vt 0.2169 0.2967 0.0000
vt 0.2226 0.2913 0.0000
vt 0.2224 0.2915 0.0000
vt 0.2102 0.3557 0.0000
vt 0.2101 0.3558 0.0000
vt 0.2063 0.3254 0.0000
vt 0.2086 0.3335 0.0000
vt 0.2056 0.3184 0.0000
vt 0.2319 0.3789 0.0000
vt 0.2735 0.7349 0.0000
vt 0.2736 0.7358 0.0000
vt 0.2694 0.7296 0.0000
vt 0.2527 0.7335 0.0000
vt 0.2555 0.7378 0.0000
vt 0.2557 0.7386 0.0000
vt 0.2577 0.7176 0.0000
vt 0.2427 0.7025 0.0000
vt 0.2337 0.7121 0.0000
vt 0.2447 0.7241 0.0000
vt 0.2283 0.6883 0.0000
vt 0.2174 0.6780 0.0000
vt 0.2124 0.6915 0.0000
vt 0.2219 0.7003 0.0000
vt 0.2129 0.6744 0.0000
vt 0.2122 0.6743 0.0000
vt 0.2074 0.6886 0.0000
vt 0.2081 0.6886 0.0000
vt 0.2379 0.7410 0.0000
vt 0.2380 0.7418 0.0000
vt 0.2360 0.7375 0.0000
vt 0.2187 0.7416 0.0000
vt 0.2199 0.7443 0.0000
vt 0.2201 0.7451 0.0000
vt 0.2309 0.7304 0.0000
vt 0.2236 0.7212 0.0000
vt 0.2112 0.7302 0.0000
vt 0.2156 0.7367 0.0000
vt 0.2150 0.7118 0.0000
vt 0.2077 0.7046 0.0000
vt 0.2013 0.7177 0.0000
vt 0.2059 0.7232 0.0000
vt 0.2042 0.7023 0.0000
vt 0.2034 0.7023 0.0000
vt 0.1981 0.7160 0.0000
vt 0.1988 0.7160 0.0000
vt 0.2004 0.7460 0.0000
vt 0.2012 0.7477 0.0000
vt 0.2013 0.7484 0.0000
vt 0.1955 0.7399 0.0000
vt 0.1982 0.7434 0.0000
vt 0.1911 0.7315 0.0000
vt 0.1931 0.7353 0.0000
vt 0.1891 0.7302 0.0000
vt 0.1897 0.7302 0.0000
vt 0.4932 0.2083 0.0000
vt 0.4917 0.2126 0.0000
vt 0.4856 0.2052 0.0000
vt 0.4844 0.2081 0.0000
vt 0.4829 0.2119 0.0000
vt 0.4898 0.2183 0.0000
vt 0.4931 0.2082 0.0000
vt 0.4937 0.2068 0.0000
vt 0.4854 0.2052 0.0000
vt 0.4859 0.2043 0.0000
vt 0.4895 0.2182 0.0000
vt 0.4915 0.2125 0.0000
vt 0.4826 0.2118 0.0000
vt 0.4842 0.2080 0.0000
vt 0.4866 0.2280 0.0000
vt 0.4878 0.2239 0.0000
vt 0.4803 0.2191 0.0000
vt 0.4813 0.2159 0.0000
vt 0.4867 0.2281 0.0000
vt 0.4863 0.2294 0.0000
vt 0.4804 0.2191 0.0000
vt 0.4800 0.2202 0.0000
vt 0.4880 0.2239 0.0000
vt 0.4815 0.2160 0.0000
vt 0.2751 0.4491 0.0000
vt 0.2752 0.4511 0.0000
vt 0.2754 0.4570 0.0000
vt 0.3276 0.4506 0.0000
vt 0.3271 0.4435 0.0000
vt 0.3265 0.4412 0.0000
vt 0.2751 0.4663 0.0000
vt 0.2748 0.4774 0.0000
vt 0.3245 0.4779 0.0000
vt 0.3264 0.4632 0.0000
vt 0.2746 0.4887 0.0000
vt 0.2745 0.5005 0.0000
vt 0.3213 0.5055 0.0000
vt 0.3228 0.4916 0.0000
vt 0.2744 0.5129 0.0000
vt 0.2742 0.5247 0.0000
vt 0.3188 0.5349 0.0000
vt 0.3199 0.5208 0.0000
vt 0.2740 0.5345 0.0000
vt 0.2738 0.5415 0.0000
vt 0.3168 0.5519 0.0000
vt 0.3180 0.5453 0.0000
vt 0.2736 0.5450 0.0000
vt 0.2735 0.5459 0.0000
vt 0.3137 0.5556 0.0000
vt 0.3149 0.5550 0.0000
vt 0.0528 0.6202 0.0000
vt 0.0505 0.6326 0.0000
vt 0.0506 0.6341 0.0000
vt 0.1338 0.5938 0.0000
vt 0.1336 0.5925 0.0000
vt 0.1530 0.5833 0.0000
vt 0.1527 0.5820 0.0000
vt 0.1517 0.5752 0.0000
vt 0.1331 0.5845 0.0000
vt 0.0684 0.5525 0.0000
vt 0.0601 0.5891 0.0000
vt 0.1327 0.5656 0.0000
vt 0.1500 0.5595 0.0000
vt 0.1483 0.5392 0.0000
vt 0.1325 0.5420 0.0000
vt 0.0758 0.4980 0.0000
vt 0.0741 0.5235 0.0000
vt 0.1324 0.5198 0.0000
vt 0.1471 0.5188 0.0000
vt 0.1466 0.4983 0.0000
vt 0.1323 0.4983 0.0000
vt 0.0651 0.4459 0.0000
vt 0.0721 0.4718 0.0000
vt 0.1320 0.4766 0.0000
vt 0.1469 0.4778 0.0000
vt 0.1477 0.4592 0.0000
vt 0.1316 0.4565 0.0000
vt 0.0498 0.4028 0.0000
vt 0.0568 0.4216 0.0000
vt 0.1311 0.4398 0.0000
vt 0.1486 0.4442 0.0000
vt 0.1494 0.4332 0.0000
vt 0.1308 0.4274 0.0000
vt 0.0465 0.3910 0.0000
vt 0.0469 0.3934 0.0000
vt 0.1308 0.4202 0.0000
vt 0.1499 0.4264 0.0000
vt 0.1501 0.4242 0.0000
vt 0.1308 0.4178 0.0000
vt 0.2283 0.5485 0.0000
vt 0.2281 0.5474 0.0000
vt 0.2272 0.5437 0.0000
vt 0.1677 0.5682 0.0000
vt 0.1688 0.5744 0.0000
vt 0.1691 0.5755 0.0000
vt 0.2256 0.5366 0.0000
vt 0.2236 0.5263 0.0000
vt 0.1635 0.5366 0.0000
vt 0.1657 0.5546 0.0000
vt 0.2221 0.5127 0.0000
vt 0.2213 0.4979 0.0000
vt 0.1614 0.4982 0.0000
vt 0.1620 0.5176 0.0000
vt 0.2212 0.4840 0.0000
vt 0.2217 0.4714 0.0000
vt 0.1629 0.4616 0.0000
vt 0.1618 0.4790 0.0000
vt 0.2224 0.4604 0.0000
vt 0.2231 0.4518 0.0000
vt 0.1652 0.4372 0.0000
vt 0.1641 0.4476 0.0000
vt 0.2235 0.4463 0.0000
vt 0.2236 0.4443 0.0000
vt 0.1661 0.4285 0.0000
vt 0.1659 0.4308 0.0000
vt 0.5210 0.1245 0.0000
vt 0.5183 0.1244 0.0000
vt 0.5178 0.1265 0.0000
vt 0.5205 0.1266 0.0000
vt 0.5182 0.1243 0.0000
vt 0.5176 0.1266 0.0000
vt 0.5197 0.1288 0.0000
vt 0.5199 0.1286 0.0000
vt 0.5221 0.1283 0.0000
vt 0.5238 0.1212 0.0000
vt 0.5219 0.1206 0.0000
vt 0.5189 0.1223 0.0000
vt 0.5216 0.1225 0.0000
vt 0.5218 0.1203 0.0000
vt 0.5189 0.1221 0.0000
vt 0.5221 0.1281 0.0000
vt 0.5199 0.1285 0.0000
vt 0.5177 0.1264 0.0000
vt 0.5205 0.1264 0.0000
vt 0.5183 0.1242 0.0000
vt 0.5210 0.1243 0.0000
vt 0.5238 0.1211 0.0000
vt 0.5215 0.1223 0.0000
vt 0.5189 0.1222 0.0000
vt 0.5219 0.1205 0.0000
vt 0.7163 0.4797 0.0000
vt 0.7239 0.4966 0.0000
vt 0.7257 0.4783 0.0000
vt 0.7176 0.4685 0.0000
vt 0.7251 0.4556 0.0000
vt 0.7170 0.4551 0.0000
vt 0.7136 0.4311 0.0000
vt 0.7158 0.4418 0.0000
vt 0.7247 0.4341 0.0000
vt 0.7224 0.4179 0.0000
vt 0.6895 0.4338 0.0000
vt 0.6922 0.4172 0.0000
vt 0.6891 0.4560 0.0000
vt 0.6961 0.4555 0.0000
vt 0.6964 0.4420 0.0000
vt 0.6979 0.4312 0.0000
vt 0.6975 0.4810 0.0000
vt 0.6918 0.4983 0.0000
vt 0.6987 0.5056 0.0000
vt 0.7013 0.4869 0.0000
vt 0.7079 0.5062 0.0000
vt 0.7065 0.4883 0.0000
vt 0.7161 0.4108 0.0000
vt 0.7076 0.4094 0.0000
vt 0.7060 0.4239 0.0000
vt 0.7102 0.4254 0.0000
vt 0.7015 0.4255 0.0000
vt 0.6989 0.4103 0.0000
vt 0.7120 0.4861 0.0000
vt 0.7171 0.5045 0.0000
vt 0.6961 0.4695 0.0000
vt 0.6893 0.4796 0.0000
vt 0.7087 0.4787 0.0000
vt 0.7058 0.4807 0.0000
vt 0.7111 0.4735 0.0000
vt 0.7069 0.4725 0.0000
vt 0.7058 0.4770 0.0000
vt 0.7046 0.4785 0.0000
vt 0.7119 0.4651 0.0000
vt 0.7117 0.4551 0.0000
vt 0.7073 0.4553 0.0000
vt 0.7073 0.4648 0.0000
vt 0.7106 0.4449 0.0000
vt 0.7090 0.4364 0.0000
vt 0.7059 0.4374 0.0000
vt 0.7067 0.4454 0.0000
vt 0.7072 0.4317 0.0000
vt 0.7052 0.4303 0.0000
vt 0.7039 0.4323 0.0000
vt 0.7049 0.4333 0.0000
vt 0.7031 0.4318 0.0000
vt 0.7014 0.4367 0.0000
vt 0.7023 0.4376 0.0000
vt 0.7031 0.4335 0.0000
vt 0.7006 0.4451 0.0000
vt 0.7004 0.4554 0.0000
vt 0.7018 0.4554 0.0000
vt 0.7019 0.4456 0.0000
vt 0.7005 0.4657 0.0000
vt 0.7013 0.4742 0.0000
vt 0.7026 0.4728 0.0000
vt 0.7020 0.4650 0.0000
vt 0.7032 0.4792 0.0000
vt 0.7034 0.4772 0.0000
vt 0.7046 0.1444 0.0000
vt 0.7058 0.1429 0.0000
vt 0.7018 0.1413 0.0000
vt 0.7014 0.1426 0.0000
vt 0.7069 0.1384 0.0000
vt 0.7021 0.1373 0.0000
vt 0.6957 0.1364 0.0000
vt 0.6957 0.1404 0.0000
vt 0.6956 0.1416 0.0000
vt 0.7073 0.1307 0.0000
vt 0.7022 0.1300 0.0000
vt 0.7073 0.1211 0.0000
vt 0.7022 0.1209 0.0000
vt 0.6954 0.1205 0.0000
vt 0.6956 0.1293 0.0000
vt 0.7067 0.1113 0.0000
vt 0.7019 0.1116 0.0000
vt 0.7059 0.1033 0.0000
vt 0.7015 0.1040 0.0000
vt 0.6952 0.1042 0.0000
vt 0.6953 0.1114 0.0000
vt 0.7049 0.0992 0.0000
vt 0.7011 0.1003 0.0000
vt 0.7039 0.0982 0.0000
vt 0.7007 0.0994 0.0000
vt 0.6950 0.0998 0.0000
vt 0.6951 0.1006 0.0000
vt 0.7031 0.0993 0.0000
vt 0.7004 0.1004 0.0000
vt 0.7023 0.1035 0.0000
vt 0.7002 0.1042 0.0000
vt 0.6948 0.1043 0.0000
vt 0.6949 0.1007 0.0000
vt 0.7019 0.1115 0.0000
vt 0.7000 0.1117 0.0000
vt 0.7018 0.1213 0.0000
vt 0.7000 0.1211 0.0000
vt 0.6948 0.1206 0.0000
vt 0.6948 0.1116 0.0000
vt 0.7020 0.1309 0.0000
vt 0.7002 0.1301 0.0000
vt 0.7026 0.1387 0.0000
vt 0.7006 0.1373 0.0000
vt 0.6953 0.1365 0.0000
vt 0.6950 0.1294 0.0000
vt 0.7034 0.1430 0.0000
vt 0.7010 0.1414 0.0000
vt 0.6955 0.1404 0.0000
vt 0.6526 0.1362 0.0000
vt 0.6343 0.1356 0.0000
vt 0.6343 0.1402 0.0000
vt 0.6526 0.1409 0.0000
vt 0.6158 0.1351 0.0000
vt 0.6156 0.1394 0.0000
vt 0.6155 0.1406 0.0000
vt 0.6342 0.1415 0.0000
vt 0.6526 0.1422 0.0000
vt 0.6526 0.1169 0.0000
vt 0.6344 0.1169 0.0000
vt 0.6344 0.1270 0.0000
vt 0.6526 0.1274 0.0000
vt 0.6160 0.1176 0.0000
vt 0.6159 0.1271 0.0000
vt 0.6528 0.0995 0.0000
vt 0.6347 0.1001 0.0000
vt 0.6346 0.1074 0.0000
vt 0.6527 0.1071 0.0000
vt 0.6164 0.1021 0.0000
vt 0.6162 0.1088 0.0000
vt 0.6527 0.0946 0.0000
vt 0.6347 0.0953 0.0000
vt 0.6347 0.0963 0.0000
vt 0.6528 0.0956 0.0000
vt 0.6164 0.0976 0.0000
vt 0.6164 0.0985 0.0000
vt 0.6527 0.0996 0.0000
vt 0.6347 0.1002 0.0000
vt 0.6347 0.0964 0.0000
vt 0.6527 0.0956 0.0000
vt 0.6163 0.1021 0.0000
vt 0.6164 0.0986 0.0000
vt 0.6525 0.1170 0.0000
vt 0.6344 0.1168 0.0000
vt 0.6345 0.1075 0.0000
vt 0.6526 0.1072 0.0000
vt 0.6160 0.1175 0.0000
vt 0.6526 0.1361 0.0000
vt 0.6343 0.1355 0.0000
vt 0.6343 0.1270 0.0000
vt 0.6525 0.1274 0.0000
vt 0.6158 0.1349 0.0000
vt 0.6158 0.1269 0.0000
vt 0.6342 0.1402 0.0000
vt 0.6156 0.1393 0.0000
vt 0.5572 0.1328 0.0000
vt 0.5473 0.1320 0.0000
vt 0.5470 0.1336 0.0000
vt 0.5568 0.1347 0.0000
vt 0.5377 0.1309 0.0000
vt 0.5373 0.1323 0.0000
vt 0.5372 0.1326 0.0000
vt 0.5468 0.1340 0.0000
vt 0.5566 0.1352 0.0000
vt 0.6019 0.1346 0.0000
vt 0.6017 0.1384 0.0000
vt 0.5918 0.1343 0.0000
vt 0.5916 0.1376 0.0000
vt 0.5915 0.1385 0.0000
vt 0.6016 0.1395 0.0000
vt 0.6657 0.1425 0.0000
vt 0.6657 0.1412 0.0000
vt 0.6762 0.1424 0.0000
vt 0.6762 0.1411 0.0000
vt 0.6762 0.1367 0.0000
vt 0.6657 0.1366 0.0000
vt 0.5584 0.1254 0.0000
vt 0.5484 0.1255 0.0000
vt 0.5479 0.1291 0.0000
vt 0.5578 0.1295 0.0000
vt 0.5386 0.1252 0.0000
vt 0.5381 0.1283 0.0000
vt 0.6023 0.1192 0.0000
vt 0.6021 0.1276 0.0000
vt 0.5923 0.1210 0.0000
vt 0.5921 0.1284 0.0000
vt 0.6656 0.1280 0.0000
vt 0.6760 0.1286 0.0000
vt 0.6759 0.1188 0.0000
vt 0.6655 0.1177 0.0000
vt 0.5589 0.1177 0.0000
vt 0.5492 0.1193 0.0000
vt 0.5489 0.1221 0.0000
vt 0.5587 0.1212 0.0000
vt 0.5394 0.1203 0.0000
vt 0.5391 0.1224 0.0000
vt 0.6025 0.1049 0.0000
vt 0.6024 0.1112 0.0000
vt 0.5922 0.1078 0.0000
vt 0.5923 0.1137 0.0000
vt 0.6656 0.1081 0.0000
vt 0.6759 0.1095 0.0000
vt 0.6760 0.1024 0.0000
vt 0.6656 0.1006 0.0000
vt 0.5588 0.1154 0.0000
vt 0.5492 0.1174 0.0000
vt 0.5493 0.1178 0.0000
vt 0.5588 0.1159 0.0000
vt 0.5394 0.1187 0.0000
vt 0.5395 0.1191 0.0000
vt 0.6025 0.1007 0.0000
vt 0.6025 0.1016 0.0000
vt 0.5921 0.1041 0.0000
vt 0.5921 0.1048 0.0000
vt 0.6656 0.0968 0.0000
vt 0.6759 0.0987 0.0000
vt 0.6759 0.0978 0.0000
vt 0.6656 0.0958 0.0000
vt 0.5588 0.1177 0.0000
vt 0.5492 0.1192 0.0000
vt 0.5394 0.1202 0.0000
vt 0.5394 0.1190 0.0000
vt 0.5921 0.1078 0.0000
vt 0.5921 0.1049 0.0000
vt 0.6656 0.0969 0.0000
vt 0.6759 0.0988 0.0000
vt 0.6759 0.1025 0.0000
vt 0.6656 0.1007 0.0000
vt 0.5583 0.1252 0.0000
vt 0.5484 0.1253 0.0000
vt 0.5489 0.1219 0.0000
vt 0.5587 0.1211 0.0000
vt 0.5386 0.1250 0.0000
vt 0.5390 0.1223 0.0000
vt 0.6022 0.1190 0.0000
vt 0.6024 0.1111 0.0000
vt 0.5922 0.1208 0.0000
vt 0.5922 0.1136 0.0000
vt 0.6655 0.1082 0.0000
vt 0.6758 0.1097 0.0000
vt 0.6758 0.1189 0.0000
vt 0.6655 0.1178 0.0000
vt 0.5572 0.1327 0.0000
vt 0.5473 0.1318 0.0000
vt 0.5478 0.1289 0.0000
vt 0.5577 0.1293 0.0000
vt 0.5377 0.1307 0.0000
vt 0.5381 0.1281 0.0000
vt 0.6019 0.1345 0.0000
vt 0.6021 0.1274 0.0000
vt 0.5918 0.1342 0.0000
vt 0.5920 0.1282 0.0000
vt 0.6761 0.1368 0.0000
vt 0.5469 0.1335 0.0000
vt 0.5568 0.1346 0.0000
vt 0.5373 0.1322 0.0000
vt 0.6017 0.1383 0.0000
vt 0.5916 0.1375 0.0000
vt 0.6762 0.1412 0.0000
vt 0.5846 0.1342 0.0000
vt 0.5843 0.1371 0.0000
vt 0.5775 0.1340 0.0000
vt 0.5772 0.1366 0.0000
vt 0.5771 0.1373 0.0000
vt 0.5842 0.1379 0.0000
vt 0.5850 0.1224 0.0000
vt 0.5849 0.1289 0.0000
vt 0.5780 0.1235 0.0000
vt 0.5779 0.1294 0.0000
vt 0.5842 0.1104 0.0000
vt 0.5847 0.1158 0.0000
vt 0.5768 0.1129 0.0000
vt 0.5775 0.1177 0.0000
vt 0.5840 0.1070 0.0000
vt 0.5840 0.1077 0.0000
vt 0.5765 0.1098 0.0000
vt 0.5765 0.1105 0.0000
vt 0.5850 0.1222 0.0000
vt 0.5846 0.1157 0.0000
vt 0.5779 0.1234 0.0000
vt 0.5774 0.1175 0.0000
vt 0.5846 0.1341 0.0000
vt 0.5849 0.1287 0.0000
vt 0.5775 0.1339 0.0000
vt 0.5778 0.1292 0.0000
vt 0.5843 0.1370 0.0000
vt 0.5772 0.1365 0.0000
vt 0.5678 0.1335 0.0000
vt 0.5674 0.1357 0.0000
vt 0.5673 0.1363 0.0000
vt 0.5687 0.1247 0.0000
vt 0.5683 0.1296 0.0000
vt 0.5682 0.1155 0.0000
vt 0.5685 0.1196 0.0000
vt 0.5680 0.1128 0.0000
vt 0.5681 0.1133 0.0000
vt 0.5682 0.1154 0.0000
vt 0.5680 0.1133 0.0000
vt 0.5686 0.1245 0.0000
vt 0.5685 0.1195 0.0000
vt 0.5678 0.1334 0.0000
vt 0.5683 0.1294 0.0000
vt 0.5674 0.1356 0.0000
vt 0.5277 0.1295 0.0000
vt 0.5274 0.1306 0.0000
vt 0.5272 0.1309 0.0000
vt 0.5286 0.1249 0.0000
vt 0.5282 0.1274 0.0000
vt 0.5295 0.1208 0.0000
vt 0.5291 0.1226 0.0000
vt 0.5295 0.1194 0.0000
vt 0.5295 0.1198 0.0000
vt 0.5294 0.1207 0.0000
vt 0.5295 0.1197 0.0000
vt 0.5286 0.1246 0.0000
vt 0.5291 0.1224 0.0000
vt 0.5277 0.1293 0.0000
vt 0.5281 0.1271 0.0000
vt 0.5273 0.1305 0.0000
vt 0.6867 0.1418 0.0000
vt 0.6867 0.1406 0.0000
vt 0.6866 0.1365 0.0000
vt 0.6864 0.1289 0.0000
vt 0.6863 0.1197 0.0000
vt 0.6862 0.1107 0.0000
vt 0.6863 0.1036 0.0000
vt 0.6862 0.1000 0.0000
vt 0.6862 0.0992 0.0000
vt 0.6862 0.1001 0.0000
vt 0.6862 0.1037 0.0000
vt 0.6861 0.1108 0.0000
vt 0.6862 0.1198 0.0000
vt 0.6864 0.1290 0.0000
vt 0.4778 0.2048 0.0000
vt 0.4766 0.2076 0.0000
vt 0.4786 0.2029 0.0000
vt 0.4707 0.2008 0.0000
vt 0.4700 0.2023 0.0000
vt 0.4691 0.2046 0.0000
vt 0.4789 0.2022 0.0000
vt 0.4785 0.2028 0.0000
vt 0.4706 0.2008 0.0000
vt 0.4709 0.2003 0.0000
vt 0.4776 0.2048 0.0000
vt 0.4763 0.2075 0.0000
vt 0.4689 0.2046 0.0000
vt 0.4698 0.2023 0.0000
vt 0.4752 0.2108 0.0000
vt 0.4744 0.2134 0.0000
vt 0.4673 0.2096 0.0000
vt 0.4679 0.2073 0.0000
vt 0.4742 0.2142 0.0000
vt 0.4745 0.2134 0.0000
vt 0.4671 0.2104 0.0000
vt 0.4754 0.2108 0.0000
vt 0.4681 0.2074 0.0000
vt 0.4480 0.1962 0.0000
vt 0.4360 0.1938 0.0000
vt 0.4356 0.1951 0.0000
vt 0.4475 0.1975 0.0000
vt 0.4240 0.1915 0.0000
vt 0.4237 0.1927 0.0000
vt 0.4232 0.1945 0.0000
vt 0.4350 0.1970 0.0000
vt 0.4469 0.1995 0.0000
vt 0.4479 0.1962 0.0000
vt 0.4362 0.1934 0.0000
vt 0.4482 0.1957 0.0000
vt 0.4241 0.1911 0.0000
vt 0.4467 0.1994 0.0000
vt 0.4349 0.1970 0.0000
vt 0.4355 0.1951 0.0000
vt 0.4474 0.1975 0.0000
vt 0.4230 0.1945 0.0000
vt 0.4235 0.1927 0.0000
vt 0.4455 0.2037 0.0000
vt 0.4339 0.2009 0.0000
vt 0.4343 0.1991 0.0000
vt 0.4460 0.2018 0.0000
vt 0.4224 0.1981 0.0000
vt 0.4226 0.1965 0.0000
vt 0.4456 0.2037 0.0000
vt 0.4340 0.2009 0.0000
vt 0.4338 0.2014 0.0000
vt 0.4454 0.2043 0.0000
vt 0.4223 0.1986 0.0000
vt 0.4344 0.1991 0.0000
vt 0.4462 0.2018 0.0000
vt 0.4227 0.1965 0.0000
vt 0.4009 0.1902 0.0000
vt 0.4012 0.1886 0.0000
vt 0.3933 0.1882 0.0000
vt 0.3931 0.1896 0.0000
vt 0.4014 0.1875 0.0000
vt 0.3936 0.1871 0.0000
vt 0.3871 0.1875 0.0000
vt 0.3868 0.1885 0.0000
vt 0.3865 0.1897 0.0000
vt 0.4015 0.1871 0.0000
vt 0.3936 0.1867 0.0000
vt 0.3935 0.1871 0.0000
vt 0.3872 0.1872 0.0000
vt 0.4011 0.1886 0.0000
vt 0.3932 0.1882 0.0000
vt 0.4007 0.1902 0.0000
vt 0.3930 0.1896 0.0000
vt 0.3863 0.1897 0.0000
vt 0.3866 0.1884 0.0000
vt 0.4006 0.1918 0.0000
vt 0.3929 0.1910 0.0000
vt 0.4005 0.1931 0.0000
vt 0.3930 0.1921 0.0000
vt 0.3868 0.1918 0.0000
vt 0.3865 0.1909 0.0000
vt 0.4005 0.1935 0.0000
vt 0.3931 0.1925 0.0000
vt 0.4006 0.1931 0.0000
vt 0.3931 0.1921 0.0000
vt 0.3869 0.1918 0.0000
vt 0.3870 0.1921 0.0000
vt 0.4007 0.1918 0.0000
vt 0.3930 0.1910 0.0000
vt 0.3866 0.1909 0.0000
vt 0.3808 0.1882 0.0000
vt 0.3800 0.1889 0.0000
vt 0.3795 0.1899 0.0000
vt 0.3811 0.1879 0.0000
vt 0.3793 0.1898 0.0000
vt 0.3799 0.1889 0.0000
vt 0.3806 0.1915 0.0000
vt 0.3798 0.1908 0.0000
vt 0.3809 0.1918 0.0000
vt 0.3799 0.1908 0.0000
vt 0.4120 0.1892 0.0000
vt 0.4117 0.1904 0.0000
vt 0.4114 0.1920 0.0000
vt 0.4587 0.2020 0.0000
vt 0.4595 0.1999 0.0000
vt 0.4600 0.1985 0.0000
vt 0.4120 0.1891 0.0000
vt 0.4121 0.1887 0.0000
vt 0.4602 0.1981 0.0000
vt 0.4599 0.1985 0.0000
vt 0.4112 0.1920 0.0000
vt 0.4116 0.1903 0.0000
vt 0.4593 0.1999 0.0000
vt 0.4585 0.2019 0.0000
vt 0.4108 0.1952 0.0000
vt 0.4109 0.1938 0.0000
vt 0.4577 0.2044 0.0000
vt 0.4571 0.2065 0.0000
vt 0.4107 0.1957 0.0000
vt 0.4570 0.2072 0.0000
vt 0.4572 0.2065 0.0000
vt 0.4110 0.1938 0.0000
vt 0.4579 0.2045 0.0000
# 2534 texture coords

g Protomelas_Spilonotus
usemtl Protomelas_Spilonotus
s 2
f 1/1/1 2/2/2 3/3/3 4/4/4 
f 5/5/5 6/6/6 3/3/3 2/2/2 
f 7/7/7 8/8/8 3/3/3 6/6/6 
f 9/9/9 4/4/4 3/3/3 8/8/8 
f 10/10/10 11/11/11 12/12/12 13/13/13 
f 14/14/14 15/15/15 12/12/12 11/11/11 
f 16/16/16 17/17/17 12/12/12 15/15/15 
f 18/18/18 13/13/13 12/12/12 17/17/17 
f 14/14/14 19/19/19 20/20/20 15/15/15 
f 21/21/21 22/22/22 20/20/20 19/19/19 
f 23/23/23 24/24/24 20/20/20 22/22/22 
f 16/16/16 15/15/15 20/20/20 24/24/24 
f 25/25/25 26/26/26 27/27/27 28/28/28 
f 29/29/29 30/30/30 27/27/27 26/26/26 
f 31/31/31 32/32/32 27/27/27 30/30/30 
f 33/33/33 28/28/28 27/27/27 32/32/32 
f 29/29/29 34/34/34 35/34/35 30/30/30 
f 36/35/36 37/36/37 35/34/35 34/34/34 
f 38/37/38 39/38/39 35/34/35 37/36/37 
f 31/31/31 30/30/30 35/34/35 39/38/39 
f 40/39/40 41/40/41 42/41/42 43/42/43 
f 44/43/44 45/44/45 42/41/42 41/40/41 
f 46/45/46 47/46/47 42/41/42 45/44/45 
f 48/47/48 43/42/43 42/41/42 47/46/47 
f 44/43/44 49/48/49 50/49/50 45/44/45 
f 51/50/51 52/51/52 50/49/50 49/48/49 
f 53/52/53 54/53/54 50/49/50 52/51/52 
f 46/45/46 45/44/45 50/49/50 54/53/54 
f 55/54/55 56/55/56 57/56/57 58/57/58 
f 1/1/1 4/4/4 57/56/57 56/55/56 
f 9/9/9 59/58/59 57/56/57 4/4/4 
f 60/59/60 58/57/58 57/56/57 59/58/59 
f 61/60/61 62/61/62 63/62/63 64/63/64 
f 65/64/65 66/65/66 63/62/63 62/61/62 
f 67/66/67 68/67/68 63/62/63 66/65/66 
f 69/68/69 64/63/64 63/62/63 68/67/68 
f 65/64/65 70/69/70 71/70/71 66/65/66 
f 72/71/72 73/72/73 71/70/71 70/69/70 
f 74/73/74 75/74/75 71/70/71 73/72/73 
f 67/66/67 66/65/66 71/70/71 75/74/75 
f 72/71/72 76/75/76 77/76/77 73/72/73 
f 78/77/78 79/78/79 77/76/77 76/75/76 
f 80/79/80 81/80/81 77/76/77 79/78/79 
f 74/73/74 73/72/73 77/76/77 81/80/81 
f 78/77/78 82/81/82 83/82/83 79/78/79 
f 84/83/84 85/84/85 83/82/83 82/81/82 
f 86/85/86 87/86/87 83/82/83 85/84/85 
f 80/79/80 79/78/79 83/82/83 87/86/87 
f 84/83/84 88/87/88 89/88/89 85/84/85 
f 90/89/90 91/90/91 89/88/89 88/87/88 
f 92/91/92 93/92/93 89/88/89 91/90/91 
f 86/85/86 85/84/85 89/88/89 93/92/93 
f 90/89/90 94/93/94 95/94/95 91/90/91 
f 96/95/96 97/96/97 95/94/95 94/93/94 
f 98/97/98 99/98/99 95/94/95 97/96/97 
f 92/91/92 91/90/91 95/94/95 99/98/99 
f 96/95/96 100/99/100 101/100/101 97/96/97 
f 102/101/102 103/102/103 101/100/101 100/99/100 
f 104/103/104 105/104/105 101/100/101 103/102/103 
f 98/97/98 97/96/97 101/100/101 105/104/105 
f 102/101/102 106/105/106 107/106/107 103/102/103 
f 61/60/61 64/63/64 107/106/107 106/105/106 
f 69/68/69 108/107/108 107/106/107 64/63/64 
f 104/103/104 103/102/103 107/106/107 108/107/108 
f 69/68/69 68/67/68 109/108/109 110/109/110 
f 67/66/67 111/110/111 109/108/109 68/67/68 
f 112/111/112 110/109/110 109/108/109 111/110/111 
f 67/66/67 75/74/75 113/112/113 111/110/111 
f 74/73/74 114/113/114 113/112/113 75/74/75 
f 112/111/112 111/110/111 113/112/113 114/113/114 
f 74/73/74 81/80/81 115/114/115 114/113/114 
f 80/79/80 116/115/116 115/114/115 81/80/81 
f 112/111/112 114/113/114 115/114/115 116/115/116 
f 80/79/80 87/86/87 117/116/117 116/115/116 
f 86/85/86 118/117/118 117/116/117 87/86/87 
f 112/111/112 116/115/116 117/116/117 118/117/118 
f 86/85/86 93/92/93 119/118/119 118/117/118 
f 92/91/92 120/119/120 119/118/119 93/92/93 
f 112/111/112 118/117/118 119/118/119 120/119/120 
f 92/91/92 99/98/99 121/120/121 120/119/120 
f 98/97/98 122/121/122 121/120/121 99/98/99 
f 112/111/112 120/119/120 121/120/121 122/121/122 
f 98/97/98 105/104/105 123/122/123 122/121/122 
f 104/103/104 124/123/124 123/122/123 105/104/105 
f 112/111/112 122/121/122 123/122/123 124/123/124 
f 104/103/104 108/107/108 125/124/125 124/123/124 
f 69/68/69 110/109/110 125/124/125 108/107/108 
f 112/111/112 124/123/124 125/124/125 110/109/110 
f 126/125/126 127/126/127 128/127/128 129/128/129 
f 130/129/130 131/130/131 128/127/128 127/126/127 
f 132/131/132 133/132/133 128/127/128 131/130/131 
f 18/18/18 129/128/129 128/127/128 133/132/133 
f 130/129/130 134/133/134 135/134/135 131/130/131 
f 136/135/136 137/136/137 135/134/135 134/133/134 
f 138/137/138 139/138/139 135/134/135 137/136/137 
f 132/131/132 131/130/131 135/134/135 139/138/139 
f 136/135/136 140/139/140 141/140/141 137/136/137 
f 142/141/142 143/142/143 141/140/141 140/139/140 
f 144/143/144 145/144/145 141/140/141 143/142/143 
f 138/137/138 137/136/137 141/140/141 145/144/145 
f 142/141/142 146/145/146 147/146/147 143/142/143 
f 148/147/148 149/148/149 147/146/147 146/145/146 
f 150/149/150 151/150/151 147/146/147 149/148/149 
f 144/143/144 143/142/143 147/146/147 151/150/151 
f 148/147/148 152/151/152 153/152/153 149/148/149 
f 154/153/154 155/154/155 153/152/153 152/151/152 
f 156/155/156 157/156/157 153/152/153 155/154/155 
f 150/149/150 149/148/149 153/152/153 157/156/157 
f 154/153/154 158/157/158 159/158/159 155/154/155 
f 160/159/160 161/160/161 159/158/159 158/157/158 
f 23/23/23 162/161/162 159/158/159 161/160/161 
f 156/155/156 155/154/155 159/158/159 162/161/162 
f 160/159/160 163/162/163 164/163/164 161/160/161 
f 165/164/165 166/165/166 164/163/164 163/162/163 
f 16/16/16 24/24/24 164/163/164 166/165/166 
f 23/23/23 161/160/161 164/163/164 24/24/24 
f 165/164/165 167/166/167 168/167/168 166/165/166 
f 126/125/126 129/128/129 168/167/168 167/166/167 
f 18/18/18 17/17/17 168/167/168 129/128/129 
f 16/16/16 166/165/166 168/167/168 17/17/17 
f 169/168/169 170/169/170 171/170/171 172/171/172 
f 173/172/173 174/173/174 171/170/171 170/169/170 
f 175/174/175 176/175/176 171/170/171 174/173/174 
f 177/176/177 172/171/172 171/170/171 176/175/176 
f 55/54/55 58/57/58 178/177/178 179/178/179 
f 60/59/60 180/179/180 178/177/178 58/57/58 
f 181/180/181 182/181/182 178/177/178 180/179/180 
f 183/182/183 179/178/179 178/177/178 182/181/182 
f 138/137/138 145/144/145 184/183/184 185/184/185 
f 144/143/144 186/185/186 184/183/184 145/144/145 
f 187/186/187 188/187/188 184/183/184 186/185/186 
f 189/188/189 185/184/185 184/183/184 188/187/188 
f 144/143/144 151/150/151 190/189/190 186/185/186 
f 150/149/150 191/190/191 190/189/190 151/150/151 
f 192/191/192 193/192/193 190/189/190 191/190/191 
f 187/186/187 186/185/186 190/189/190 193/192/193 
f 23/23/23 22/22/22 194/193/194 195/194/195 
f 21/21/21 196/195/196 194/193/194 22/22/22 
f 197/196/197 198/197/198 194/193/194 196/195/196 
f 199/198/199 195/194/195 194/193/194 198/197/198 
f 40/39/40 43/42/43 200/199/200 201/200/201 
f 48/47/48 202/201/202 200/199/200 43/42/43 
f 203/202/203 204/203/204 200/199/200 202/201/202 
f 205/204/205 201/200/201 200/199/200 204/203/204 
f 48/47/48 206/205/206 207/206/207 202/201/202 
f 192/191/192 208/207/208 207/206/207 206/205/206 
f 209/208/209 210/209/210 207/206/207 208/207/208 
f 203/202/203 202/201/202 207/206/207 210/209/210 
f 150/149/150 157/156/157 211/210/211 212/211/212 
f 156/155/156 213/212/213 211/210/211 157/156/157 
f 214/213/214 215/214/215 211/210/211 213/212/213 
f 216/215/216 212/211/212 211/210/211 215/214/215 
f 156/155/156 162/161/162 217/216/217 213/212/213 
f 23/23/23 195/194/195 217/216/217 162/161/162 
f 199/198/199 218/217/218 217/216/217 195/194/195 
f 214/213/214 213/212/213 217/216/217 218/217/218 
f 175/174/175 219/218/219 220/219/220 176/175/176 
f 221/220/221 222/221/222 220/219/220 219/218/219 
f 223/222/223 224/223/224 220/219/220 222/221/222 
f 177/176/177 176/175/176 220/219/220 224/223/224 
f 181/180/181 225/224/225 226/225/226 182/181/182 
f 227/226/227 228/227/228 226/225/226 225/224/225 
f 229/228/229 230/229/230 226/225/226 228/227/228 
f 183/182/183 182/181/182 226/225/226 230/229/230 
f 187/186/187 231/230/231 232/231/232 188/187/188 
f 46/45/46 54/53/54 232/231/232 231/230/231 
f 53/52/53 233/232/233 232/231/232 54/53/54 
f 189/188/189 188/187/188 232/231/232 233/232/233 
f 192/191/192 206/205/206 234/233/234 193/192/193 
f 48/47/48 47/46/47 234/233/234 206/205/206 
f 46/45/46 231/230/231 234/233/234 47/46/47 
f 187/186/187 193/192/193 234/233/234 231/230/231 
f 192/191/192 191/190/191 235/234/235 208/207/208 
f 150/149/150 212/211/212 235/234/235 191/190/191 
f 216/215/216 236/235/236 235/234/235 212/211/212 
f 209/208/209 208/207/208 235/234/235 236/235/236 
f 10/10/10 13/13/13 237/236/237 238/237/238 
f 18/18/18 239/238/239 237/236/237 13/13/13 
f 240/239/240 241/240/241 237/236/237 239/238/239 
f 242/241/242 238/237/238 237/236/237 241/240/241 
f 18/18/18 133/132/133 243/242/243 239/238/239 
f 132/131/132 244/243/244 243/242/243 133/132/133 
f 245/244/245 246/245/246 243/242/243 244/243/244 
f 240/239/240 239/238/239 243/242/243 246/245/246 
f 132/131/132 139/138/139 247/246/247 244/243/244 
f 138/137/138 248/247/248 247/246/247 139/138/139 
f 249/248/249 250/249/250 247/246/247 248/247/248 
f 245/244/245 244/243/244 247/246/247 250/249/250 
f 138/137/138 185/184/185 251/250/251 248/247/248 
f 189/188/189 252/251/252 251/250/251 185/184/185 
f 253/252/253 254/253/254 251/250/251 252/251/252 
f 249/248/249 248/247/248 251/250/251 254/253/254 
f 189/188/189 233/232/233 255/254/255 252/251/252 
f 53/52/53 256/255/256 255/254/255 233/232/233 
f 257/256/257 258/257/258 255/254/255 256/255/256 
f 253/252/253 252/251/252 255/254/255 258/257/258 
f 53/52/53 52/51/52 259/258/259 256/255/256 
f 51/50/51 260/259/260 259/258/259 52/51/52 
f 261/260/261 262/261/262 259/258/259 260/259/260 
f 257/256/257 256/255/256 259/258/259 262/261/262 
f 199/198/199 198/197/198 263/262/263 264/263/264 
f 197/196/197 265/264/265 263/262/263 198/197/198 
f 266/265/266 267/266/267 263/262/263 265/264/265 
f 268/267/268 264/263/264 263/262/263 267/266/267 
f 205/204/205 204/203/204 269/268/269 270/269/270 
f 203/202/203 271/270/271 269/268/269 204/203/204 
f 272/271/272 273/272/273 269/268/269 271/270/271 
f 274/273/274 270/269/270 269/268/269 273/272/273 
f 203/202/203 210/209/210 275/274/275 271/270/271 
f 209/208/209 276/275/276 275/274/275 210/209/210 
f 277/276/277 278/277/278 275/274/275 276/275/276 
f 272/271/272 271/270/271 275/274/275 278/277/278 
f 209/208/209 236/235/236 279/278/279 276/275/276 
f 216/215/216 280/279/280 279/278/279 236/235/236 
f 281/280/281 282/281/282 279/278/279 280/279/280 
f 277/276/277 276/275/276 279/278/279 282/281/282 
f 216/215/216 215/214/215 283/282/283 280/279/280 
f 214/213/214 284/283/284 283/282/283 215/214/215 
f 285/284/285 286/285/286 283/282/283 284/283/284 
f 281/280/281 280/279/280 283/282/283 286/285/286 
f 214/213/214 218/217/218 287/286/287 284/283/284 
f 199/198/199 264/263/264 287/286/287 218/217/218 
f 268/267/268 288/287/288 287/286/287 264/263/264 
f 285/284/285 284/283/284 287/286/287 288/287/288 
f 38/37/38 37/36/37 289/288/289 290/289/290 
f 36/35/36 291/290/291 289/288/289 37/36/37 
f 173/172/173 170/169/170 289/288/289 291/290/291 
f 169/168/169 290/289/290 289/288/289 170/169/170 
f 292/291/292 293/292/293 294/293/294 295/294/295 
f 296/295/296 297/296/297 294/293/294 293/292/293 
f 223/222/223 222/221/222 294/293/294 297/296/297 
f 221/220/221 295/294/295 294/293/294 222/221/222 
f 296/295/296 298/297/298 299/298/299 297/296/297 
f 300/299/300 301/300/301 299/298/299 298/297/298 
f 177/176/177 224/223/224 299/298/299 301/300/301 
f 223/222/223 297/296/297 299/298/299 224/223/224 
f 300/299/300 302/301/302 303/302/303 301/300/301 
f 38/37/38 290/289/290 303/302/303 302/301/302 
f 169/168/169 172/171/172 303/302/303 290/289/290 
f 177/176/177 301/300/301 303/302/303 172/171/172 
f 304/303/304 305/304/305 306/305/306 307/306/307 
f 308/307/308 309/308/309 306/305/306 305/304/305 
f 310/309/310 311/310/311 306/305/306 309/308/309 
f 312/311/312 307/306/307 306/305/306 311/310/311 
f 313/312/313 314/313/314 315/314/315 316/315/316 
f 317/316/317 318/317/318 315/314/315 314/313/314 
f 319/318/319 320/319/320 315/314/315 318/317/318 
f 321/320/321 316/315/316 315/314/315 320/319/320 
f 322/321/322 323/322/323 324/323/324 325/324/325 
f 326/325/326 327/326/327 324/323/324 323/322/323 
f 317/316/317 314/313/314 324/323/324 327/326/327 
f 313/312/313 325/324/325 324/323/324 314/313/314 
f 328/327/328 329/328/329 330/329/330 331/330/331 
f 332/331/332 333/332/333 330/329/330 329/328/329 
f 326/325/326 323/322/323 330/329/330 333/332/333 
f 322/321/322 331/330/331 330/329/330 323/322/323 
f 334/333/334 335/334/335 336/335/336 337/336/337 
f 338/337/338 339/338/339 336/335/336 335/334/335 
f 332/331/332 329/328/329 336/335/336 339/338/339 
f 328/327/328 337/336/337 336/335/336 329/328/329 
f 340/339/340 341/340/341 342/341/342 343/342/343 
f 344/343/344 345/344/345 342/341/342 341/340/341 
f 338/337/338 335/334/335 342/341/342 345/344/345 
f 334/333/334 343/342/343 342/341/342 335/334/335 
f 346/345/346 347/346/347 348/347/348 349/348/349 
f 350/349/350 351/350/351 348/347/348 347/346/347 
f 352/351/352 353/352/353 348/347/348 351/350/351 
f 354/353/354 349/348/349 348/347/348 353/352/353 
f 355/354/355 356/355/356 357/356/357 358/357/358 
f 359/358/359 360/359/360 357/356/357 356/355/356 
f 361/360/361 362/361/362 357/356/357 360/359/360 
f 363/362/363 358/357/358 357/356/357 362/361/362 
f 364/363/364 365/364/365 366/365/366 367/366/367 
f 368/367/368 369/368/369 366/365/366 365/364/365 
f 370/369/370 371/370/371 366/365/366 369/368/369 
f 372/371/372 367/366/367 366/365/366 371/370/371 
f 373/372/373 374/373/374 375/374/375 376/375/376 
f 377/376/377 378/377/378 375/374/375 374/373/374 
f 379/378/379 380/379/380 375/374/375 378/377/378 
f 381/380/381 376/375/376 375/374/375 380/379/380 
f 382/381/382 383/382/383 384/383/384 385/384/385 
f 386/385/386 387/386/387 384/383/384 383/382/383 
f 368/367/368 365/364/365 384/383/384 387/386/387 
f 364/363/364 385/384/385 384/383/384 365/364/365 
f 381/380/381 380/379/380 388/387/388 389/388/389 
f 379/378/379 390/389/390 388/387/388 380/379/380 
f 391/390/391 392/391/392 388/387/388 390/389/390 
f 393/392/393 389/388/389 388/387/388 392/391/392 
f 394/393/394 395/394/395 396/395/396 397/396/397 
f 398/397/398 399/398/399 396/395/396 395/394/395 
f 386/385/386 383/382/383 396/395/396 399/398/399 
f 382/381/382 397/396/397 396/395/396 383/382/383 
f 393/392/393 392/391/392 400/399/400 401/400/401 
f 391/390/391 402/401/402 400/399/400 392/391/392 
f 403/402/403 404/403/404 400/399/400 402/401/402 
f 405/404/405 401/400/401 400/399/400 404/403/404 
f 406/405/406 407/406/407 408/407/408 409/408/409 
f 410/409/410 411/410/411 408/407/408 407/406/407 
f 398/397/398 395/394/395 408/407/408 411/410/411 
f 394/393/394 409/408/409 408/407/408 395/394/395 
f 405/404/405 404/403/404 412/411/412 413/412/413 
f 403/402/403 414/413/414 412/411/412 404/403/404 
f 415/414/415 416/415/416 412/411/412 414/413/414 
f 417/416/417 413/412/413 412/411/412 416/415/416 
f 418/417/418 419/418/419 420/419/420 421/420/421 
f 422/421/422 423/422/423 420/419/420 419/418/419 
f 424/423/424 425/424/425 420/419/420 423/422/423 
f 426/425/426 421/420/421 420/419/420 425/424/425 
f 427/426/427 428/427/428 429/428/429 430/429/430 
f 431/430/431 432/431/432 429/428/429 428/427/428 
f 433/432/433 434/433/434 429/428/429 432/431/432 
f 435/434/435 430/429/430 429/428/429 434/433/434 
f 435/434/435 434/433/434 436/435/436 437/436/437 
f 433/432/433 438/437/438 436/435/436 434/433/434 
f 439/438/439 440/439/440 436/435/436 438/437/438 
f 441/440/441 437/436/437 436/435/436 440/439/440 
f 441/440/441 440/439/440 442/441/442 443/442/443 
f 439/438/439 444/443/444 442/441/442 440/439/440 
f 445/444/445 446/445/446 442/441/442 444/443/444 
f 447/446/447 443/442/443 442/441/442 446/445/446 
f 447/446/447 446/445/446 448/447/448 449/448/449 
f 445/444/445 450/449/450 448/447/448 446/445/446 
f 451/450/451 452/451/452 448/447/448 450/449/450 
f 453/452/453 449/448/449 448/447/448 452/451/452 
f 453/452/453 452/451/452 454/453/454 455/454/455 
f 451/450/451 456/455/456 454/453/454 452/451/452 
f 457/456/457 458/457/458 454/453/454 456/455/456 
f 459/458/459 455/454/455 454/453/454 458/457/458 
f 457/456/457 460/459/460 461/460/461 458/457/458 
f 462/461/462 463/462/463 461/460/461 460/459/460 
f 464/463/464 465/464/465 461/460/461 463/462/463 
f 459/458/459 458/457/458 461/460/461 465/464/465 
f 431/430/431 466/465/466 467/466/467 432/431/432 
f 242/241/242 241/240/241 467/466/467 466/465/466 
f 240/239/240 468/467/468 467/466/467 241/240/241 
f 433/432/433 432/431/432 467/466/467 468/467/468 
f 435/434/435 469/468/469 470/469/470 430/429/430 
f 471/470/471 472/471/472 470/469/470 469/468/469 
f 473/472/473 474/473/474 470/469/470 472/471/472 
f 427/426/427 430/429/430 470/469/470 474/473/474 
f 433/432/433 468/467/468 475/474/475 438/437/438 
f 240/239/240 246/245/246 475/474/475 468/467/468 
f 245/244/245 476/475/476 475/474/475 246/245/246 
f 439/438/439 438/437/438 475/474/475 476/475/476 
f 441/440/441 477/476/477 478/477/478 437/436/437 
f 479/478/479 480/479/480 478/477/478 477/476/477 
f 471/470/471 469/468/469 478/477/478 480/479/480 
f 435/434/435 437/436/437 478/477/478 469/468/469 
f 439/438/439 476/475/476 481/480/481 444/443/444 
f 245/244/245 250/249/250 481/480/481 476/475/476 
f 249/248/249 482/481/482 481/480/481 250/249/250 
f 445/444/445 444/443/444 481/480/481 482/481/482 
f 483/482/483 484/483/484 485/484/485 486/485/486 
f 479/478/479 477/476/477 485/484/485 484/483/484 
f 441/440/441 443/442/443 485/484/485 477/476/477 
f 447/446/447 486/485/486 485/484/485 443/442/443 
f 445/444/445 482/481/482 487/486/487 450/449/450 
f 249/248/249 254/253/254 487/486/487 482/481/482 
f 253/252/253 488/487/488 487/486/487 254/253/254 
f 451/450/451 450/449/450 487/486/487 488/487/488 
f 451/450/451 488/487/488 489/488/489 456/455/456 
f 253/252/253 258/257/258 489/488/489 488/487/488 
f 257/256/257 490/489/490 489/488/489 258/257/258 
f 457/456/457 456/455/456 489/488/489 490/489/490 
f 457/456/457 490/489/490 491/490/491 460/459/460 
f 257/256/257 262/261/262 491/490/491 490/489/490 
f 261/260/261 492/491/492 491/490/491 262/261/262 
f 462/461/462 460/459/460 491/490/491 492/491/492 
f 464/463/464 493/492/493 494/493/494 465/464/465 
f 495/494/495 496/495/496 494/493/494 493/492/493 
f 497/496/497 498/497/498 494/493/494 496/495/496 
f 459/458/459 465/464/465 494/493/494 498/497/498 
f 359/358/359 499/498/499 500/499/500 360/359/360 
f 501/500/501 502/501/502 500/499/500 499/498/499 
f 503/502/503 504/503/504 500/499/500 502/501/502 
f 361/360/361 360/359/360 500/499/500 504/503/504 
f 363/362/363 505/504/505 506/505/506 358/357/358 
f 507/506/507 508/507/508 506/505/506 505/504/505 
f 509/508/509 510/509/510 506/505/506 508/507/508 
f 355/354/355 358/357/358 506/505/506 510/509/510 
f 377/376/377 511/510/511 512/511/512 378/377/378 
f 471/470/471 480/479/480 512/511/512 511/510/511 
f 479/478/479 513/512/513 512/511/512 480/479/480 
f 379/378/379 378/377/378 512/511/512 513/512/513 
f 381/380/381 514/513/514 515/514/515 376/375/376 
f 516/515/516 517/516/517 515/514/515 514/513/514 
f 518/517/518 519/518/519 515/514/515 517/516/517 
f 373/372/373 376/375/376 515/514/515 519/518/519 
f 379/378/379 513/512/513 520/519/520 390/389/390 
f 479/478/479 484/483/484 520/519/520 513/512/513 
f 483/482/483 521/520/521 520/519/520 484/483/484 
f 391/390/391 390/389/390 520/519/520 521/520/521 
f 393/392/393 522/521/522 523/522/523 389/388/389 
f 524/523/524 525/524/525 523/522/523 522/521/522 
f 516/515/516 514/513/514 523/522/523 525/524/525 
f 381/380/381 389/388/389 523/522/523 514/513/514 
f 405/404/405 526/525/526 527/526/527 401/400/401 
f 528/527/528 529/528/529 527/526/527 526/525/526 
f 524/523/524 522/521/522 527/526/527 529/528/529 
f 393/392/393 401/400/401 527/526/527 522/521/522 
f 417/416/417 530/529/530 531/530/531 413/412/413 
f 532/531/532 533/532/533 531/530/531 530/529/530 
f 528/527/528 526/525/526 531/530/531 533/532/533 
f 405/404/405 413/412/413 531/530/531 526/525/526 
f 534/533/534 535/534/535 536/535/536 537/536/537 
f 538/537/538 539/538/539 536/535/536 535/534/535 
f 532/531/532 530/529/530 536/535/536 539/538/539 
f 417/416/417 537/536/537 536/535/536 530/529/530 
f 540/539/540 541/540/541 542/541/542 543/542/543 
f 544/543/544 545/544/545 542/541/542 541/540/541 
f 546/545/546 547/546/547 542/541/542 545/544/545 
f 548/547/548 543/542/543 542/541/542 547/546/547 
f 308/307/308 549/548/549 550/549/550 309/308/309 
f 540/539/540 543/542/543 550/549/550 549/548/549 
f 548/547/548 551/550/551 550/549/550 543/542/543 
f 310/309/310 309/308/309 550/549/550 551/550/551 
f 312/311/312 552/551/552 553/552/553 307/306/307 
f 509/508/509 508/507/508 553/552/553 552/551/552 
f 507/506/507 554/553/554 553/552/553 508/507/508 
f 304/303/304 307/306/307 553/552/553 554/553/554 
f 555/554/555 556/555/556 557/556/557 558/557/558 
f 559/558/559 560/559/560 557/556/557 556/555/556 
f 561/560/561 562/561/562 557/556/557 560/559/560 
f 563/562/563 558/557/558 557/556/557 562/561/562 
f 317/316/317 564/563/564 565/564/565 318/317/318 
f 555/554/555 558/557/558 565/564/565 564/563/564 
f 563/562/563 566/565/566 565/564/565 558/557/558 
f 319/318/319 318/317/318 565/564/565 566/565/566 
f 321/320/321 567/566/567 568/567/568 316/315/316 
f 518/517/518 517/516/517 568/567/568 567/566/567 
f 516/515/516 569/568/569 568/567/568 517/516/517 
f 313/312/313 316/315/316 568/567/568 569/568/569 
f 570/569/570 571/570/571 572/571/572 573/572/573 
f 574/573/574 575/574/575 572/571/572 571/570/571 
f 559/558/559 556/555/556 572/571/572 575/574/575 
f 555/554/555 573/572/573 572/571/572 556/555/556 
f 326/325/326 576/575/576 577/576/577 327/326/327 
f 570/569/570 573/572/573 577/576/577 576/575/576 
f 555/554/555 564/563/564 577/576/577 573/572/573 
f 317/316/317 327/326/327 577/576/577 564/563/564 
f 313/312/313 569/568/569 578/577/578 325/324/325 
f 516/515/516 525/524/525 578/577/578 569/568/569 
f 524/523/524 579/578/579 578/577/578 525/524/525 
f 322/321/322 325/324/325 578/577/578 579/578/579 
f 580/579/580 581/580/581 582/581/582 583/582/583 
f 584/583/584 585/584/585 582/581/582 581/580/581 
f 574/573/574 571/570/571 582/581/582 585/584/585 
f 570/569/570 583/582/583 582/581/582 571/570/571 
f 332/331/332 586/585/586 587/586/587 333/332/333 
f 580/579/580 583/582/583 587/586/587 586/585/586 
f 570/569/570 576/575/576 587/586/587 583/582/583 
f 326/325/326 333/332/333 587/586/587 576/575/576 
f 322/321/322 579/578/579 588/587/588 331/330/331 
f 524/523/524 529/528/529 588/587/588 579/578/579 
f 528/527/528 589/588/589 588/587/588 529/528/529 
f 328/327/328 331/330/331 588/587/588 589/588/589 
f 590/589/590 591/590/591 592/591/592 593/592/593 
f 594/593/594 595/594/595 592/591/592 591/590/591 
f 584/583/584 581/580/581 592/591/592 595/594/595 
f 580/579/580 593/592/593 592/591/592 581/580/581 
f 338/337/338 596/595/596 597/596/597 339/338/339 
f 590/589/590 593/592/593 597/596/597 596/595/596 
f 580/579/580 586/585/586 597/596/597 593/592/593 
f 332/331/332 339/338/339 597/596/597 586/585/586 
f 328/327/328 589/588/589 598/597/598 337/336/337 
f 528/527/528 533/532/533 598/597/598 589/588/589 
f 532/531/532 599/598/599 598/597/598 533/532/533 
f 334/333/334 337/336/337 598/597/598 599/598/599 
f 600/599/600 601/600/601 602/601/602 603/602/603 
f 604/603/604 605/604/605 602/601/602 601/600/601 
f 606/605/606 607/606/607 602/601/602 605/604/605 
f 608/607/608 603/602/603 602/601/602 607/606/607 
f 344/343/344 609/608/609 610/609/610 345/344/345 
f 611/610/611 612/611/612 610/609/610 609/608/609 
f 590/589/590 596/595/596 610/609/610 612/611/612 
f 338/337/338 345/344/345 610/609/610 596/595/596 
f 334/333/334 599/598/599 613/612/613 343/342/343 
f 532/531/532 539/538/539 613/612/613 599/598/599 
f 538/537/538 614/613/614 613/612/613 539/538/539 
f 340/339/340 343/342/343 613/612/613 614/613/614 
f 615/614/615 616/615/616 617/616/617 618/617/618 
f 546/545/546 545/544/545 617/616/617 616/615/616 
f 544/543/544 619/618/619 617/616/617 545/544/545 
f 620/619/620 618/617/618 617/616/617 619/618/619 
f 621/620/621 622/621/622 623/622/623 624/623/624 
f 615/614/615 618/617/618 623/622/623 622/621/622 
f 620/619/620 625/624/625 623/622/623 618/617/618 
f 626/625/626 624/623/624 623/622/623 625/624/625 
f 627/626/627 628/627/628 629/628/629 630/629/630 
f 561/560/561 560/559/560 629/628/629 628/627/628 
f 559/558/559 631/630/631 629/628/629 560/559/560 
f 632/631/632 630/629/630 629/628/629 631/630/631 
f 372/371/372 633/632/633 634/633/634 367/366/367 
f 627/626/627 630/629/630 634/633/634 633/632/633 
f 632/631/632 635/634/635 634/633/634 630/629/630 
f 364/363/364 367/366/367 634/633/634 635/634/635 
f 632/631/632 631/630/631 636/635/636 637/636/637 
f 559/558/559 575/574/575 636/635/636 631/630/631 
f 574/573/574 638/637/638 636/635/636 575/574/575 
f 639/638/639 637/636/637 636/635/636 638/637/638 
f 364/363/364 635/634/635 640/639/640 385/384/385 
f 632/631/632 637/636/637 640/639/640 635/634/635 
f 639/638/639 641/640/641 640/639/640 637/636/637 
f 382/381/382 385/384/385 640/639/640 641/640/641 
f 639/638/639 638/637/638 642/641/642 643/642/643 
f 574/573/574 585/584/585 642/641/642 638/637/638 
f 584/583/584 644/643/644 642/641/642 585/584/585 
f 645/644/645 643/642/643 642/641/642 644/643/644 
f 382/381/382 641/640/641 646/645/646 397/396/397 
f 639/638/639 643/642/643 646/645/646 641/640/641 
f 645/644/645 647/646/647 646/645/646 643/642/643 
f 394/393/394 397/396/397 646/645/646 647/646/647 
f 645/644/645 644/643/644 648/647/648 649/648/649 
f 584/583/584 595/594/595 648/647/648 644/643/644 
f 594/593/594 650/649/650 648/647/648 595/594/595 
f 651/650/651 649/648/649 648/647/648 650/649/650 
f 394/393/394 647/646/647 652/651/652 409/408/409 
f 645/644/645 649/648/649 652/651/652 647/646/647 
f 651/650/651 653/652/653 652/651/652 649/648/649 
f 406/405/406 409/408/409 652/651/652 653/652/653 
f 654/653/654 655/654/655 656/655/656 657/656/657 
f 606/605/606 605/604/605 656/655/656 655/654/655 
f 604/603/604 658/657/658 656/655/656 605/604/605 
f 659/658/659 657/656/657 656/655/656 658/657/658 
f 426/425/426 660/659/660 661/660/661 421/420/421 
f 654/653/654 657/656/657 661/660/661 660/659/660 
f 659/658/659 662/661/662 661/660/661 657/656/657 
f 418/417/418 421/420/421 661/660/661 662/661/662 
f 663/662/663 664/663/664 665/664/665 666/665/666 
f 667/666/667 668/667/668 665/664/665 664/663/664 
f 669/668/669 670/669/670 665/664/665 668/667/668 
f 671/670/671 666/665/666 665/664/665 670/669/670 
f 671/670/671 670/669/670 672/671/672 673/672/673 
f 669/668/669 674/673/674 672/671/672 670/669/670 
f 675/674/675 676/675/676 672/671/672 674/673/674 
f 677/676/677 673/672/673 672/671/672 676/675/676 
f 677/676/677 676/675/676 678/677/678 679/678/679 
f 675/674/675 680/679/680 678/677/678 676/675/676 
f 681/680/681 682/681/682 678/677/678 680/679/680 
f 683/682/683 679/678/679 678/677/678 682/681/682 
f 683/682/683 682/681/682 684/683/684 685/684/685 
f 681/680/681 686/685/686 684/683/684 682/681/682 
f 687/686/687 688/687/688 684/683/684 686/685/686 
f 689/688/689 685/684/685 684/683/684 688/687/688 
f 689/688/689 688/687/688 690/689/690 691/690/691 
f 687/686/687 692/691/692 690/689/690 688/687/688 
f 693/692/693 694/693/694 690/689/690 692/691/692 
f 695/694/695 691/690/691 690/689/690 694/693/694 
f 695/694/695 694/693/694 696/695/696 697/696/697 
f 693/692/693 698/697/698 696/695/696 694/693/694 
f 699/698/699 700/699/700 696/695/696 698/697/698 
f 701/700/701 697/696/697 696/695/696 700/699/700 
f 702/701/702 703/702/703 704/703/704 705/704/705 
f 706/705/706 707/706/707 704/703/704 703/702/703 
f 708/707/708 709/708/709 704/703/704 707/706/707 
f 710/709/710 705/704/705 704/703/704 709/708/709 
f 706/705/706 711/710/711 712/711/712 707/706/707 
f 713/712/713 714/713/714 712/711/712 711/710/711 
f 715/714/715 716/715/716 712/711/712 714/713/714 
f 708/707/708 707/706/707 712/711/712 716/715/716 
f 713/712/713 717/716/717 718/717/718 714/713/714 
f 719/718/719 720/719/720 718/717/718 717/716/717 
f 721/720/721 722/721/722 718/717/718 720/719/720 
f 715/714/715 714/713/714 718/717/718 722/721/722 
f 719/718/719 723/722/723 724/723/724 720/719/720 
f 725/724/725 726/725/726 724/723/724 723/722/723 
f 727/726/727 728/727/728 724/723/724 726/725/726 
f 721/720/721 720/719/720 724/723/724 728/727/728 
f 725/724/725 729/728/729 730/729/730 726/725/726 
f 731/730/731 732/731/732 730/729/730 729/728/729 
f 733/732/733 734/733/734 730/729/730 732/731/732 
f 727/726/727 726/725/726 730/729/730 734/733/734 
f 731/730/731 735/734/735 736/735/736 732/731/732 
f 737/736/737 738/737/738 736/735/736 735/734/735 
f 739/738/739 740/739/740 736/735/736 738/737/738 
f 733/732/733 732/731/732 736/735/736 740/739/740 
f 741/740/741 742/741/742 743/742/743 744/743/744 
f 745/744/745 746/745/746 743/742/743 742/741/742 
f 747/746/747 748/747/748 743/742/743 746/745/746 
f 749/748/749 744/743/744 743/742/743 748/747/748 
f 750/749/750 751/750/751 752/751/752 753/752/753 
f 754/753/754 755/754/755 752/751/752 751/750/751 
f 745/744/745 742/741/742 752/751/752 755/754/755 
f 741/740/741 753/752/753 752/751/752 742/741/742 
f 756/755/756 757/756/757 758/757/758 759/758/759 
f 760/759/760 761/760/761 758/757/758 757/756/757 
f 754/753/754 751/750/751 758/757/758 761/760/761 
f 750/749/750 759/758/759 758/757/758 751/750/751 
f 762/761/762 763/762/763 764/763/764 765/764/765 
f 766/765/766 767/766/767 764/763/764 763/762/763 
f 760/759/760 757/756/757 764/763/764 767/766/767 
f 756/755/756 765/764/765 764/763/764 757/756/757 
f 768/767/768 769/768/769 770/769/770 771/770/771 
f 772/771/772 773/772/773 770/769/770 769/768/769 
f 766/765/766 763/762/763 770/769/770 773/772/773 
f 762/761/762 771/770/771 770/769/770 763/762/763 
f 774/773/774 775/774/775 776/775/776 777/776/777 
f 778/777/778 779/778/779 776/775/776 775/774/775 
f 772/771/772 769/768/769 776/775/776 779/778/779 
f 768/767/768 777/776/777 776/775/776 769/768/769 
f 780/779/780 781/780/781 782/781/782 783/782/783 
f 784/783/784 785/784/785 782/781/782 781/780/781 
f 786/785/786 787/786/787 782/781/782 785/784/785 
f 788/787/788 783/782/783 782/781/782 787/786/787 
f 784/783/784 789/788/789 790/789/790 785/784/785 
f 791/790/791 792/791/792 790/789/790 789/788/789 
f 793/792/793 794/793/794 790/789/790 792/791/792 
f 786/785/786 785/784/785 790/789/790 794/793/794 
f 791/790/791 795/794/795 796/795/796 792/791/792 
f 797/796/797 798/797/798 796/795/796 795/794/795 
f 799/798/799 800/799/800 796/795/796 798/797/798 
f 793/792/793 792/791/792 796/795/796 800/799/800 
f 797/796/797 801/800/801 802/801/802 798/797/798 
f 803/802/803 804/803/804 802/801/802 801/800/801 
f 805/804/805 806/805/806 802/801/802 804/803/804 
f 799/798/799 798/797/798 802/801/802 806/805/806 
f 803/802/803 807/806/807 808/807/808 804/803/804 
f 809/808/809 810/809/810 808/807/808 807/806/807 
f 811/810/811 812/811/812 808/807/808 810/809/810 
f 805/804/805 804/803/804 808/807/808 812/811/812 
f 809/808/809 813/812/813 814/813/814 810/809/810 
f 815/814/815 816/815/816 814/813/814 813/812/813 
f 817/816/817 818/817/818 814/813/814 816/815/816 
f 811/810/811 810/809/810 814/813/814 818/817/818 
f 786/785/786 819/818/819 820/819/820 787/786/787 
f 7/7/7 6/6/6 820/819/820 819/818/819 
f 5/5/5 821/820/821 820/819/820 6/6/6 
f 788/787/788 787/786/787 820/819/820 821/820/821 
f 793/792/793 822/821/822 823/822/823 794/793/794 
f 9/9/9 8/8/8 823/822/823 822/821/822 
f 7/7/7 819/818/819 823/822/823 8/8/8 
f 786/785/786 794/793/794 823/822/823 819/818/819 
f 799/798/799 824/823/824 825/824/825 800/799/800 
f 60/59/60 59/58/59 825/824/825 824/823/824 
f 9/9/9 822/821/822 825/824/825 59/58/59 
f 793/792/793 800/799/800 825/824/825 822/821/822 
f 805/804/805 826/825/826 827/826/827 806/805/806 
f 181/180/181 180/179/180 827/826/827 826/825/826 
f 60/59/60 824/823/824 827/826/827 180/179/180 
f 799/798/799 806/805/806 827/826/827 824/823/824 
f 811/810/811 828/827/828 829/828/829 812/811/812 
f 227/226/227 225/224/225 829/828/829 828/827/828 
f 181/180/181 826/825/826 829/828/829 225/224/225 
f 805/804/805 812/811/812 829/828/829 826/825/826 
f 817/816/817 830/829/830 831/830/831 818/817/818 
f 229/228/229 228/227/228 831/830/831 830/829/830 
f 227/226/227 828/827/828 831/830/831 228/227/228 
f 811/810/811 818/817/818 831/830/831 828/827/828 
f 832/831/832 833/832/833 834/833/834 835/834/835 
f 836/835/836 837/836/837 834/833/834 833/832/833 
f 838/837/838 839/838/839 834/833/834 837/836/837 
f 840/839/840 835/834/835 834/833/834 839/838/839 
f 840/839/840 839/838/839 841/840/841 842/841/842 
f 838/837/838 843/842/843 841/840/841 839/838/839 
f 844/843/844 845/844/845 841/840/841 843/842/843 
f 846/845/846 842/841/842 841/840/841 845/844/845 
f 846/845/846 845/844/845 847/846/847 848/847/848 
f 844/843/844 849/848/849 847/846/847 845/844/845 
f 850/849/850 851/850/851 847/846/847 849/848/849 
f 852/851/852 848/847/848 847/846/847 851/850/851 
f 852/851/852 851/850/851 853/852/853 854/853/854 
f 850/849/850 855/854/855 853/852/853 851/850/851 
f 856/855/856 857/856/857 853/852/853 855/854/855 
f 858/857/858 854/853/854 853/852/853 857/856/857 
f 858/857/858 857/856/857 859/858/859 860/859/860 
f 856/855/856 861/860/861 859/858/859 857/856/857 
f 862/861/862 863/862/863 859/858/859 861/860/861 
f 864/863/864 860/859/860 859/858/859 863/862/863 
f 864/863/864 863/862/863 865/864/865 866/865/866 
f 862/861/862 867/866/867 865/864/865 863/862/863 
f 868/867/868 869/868/869 865/864/865 867/866/867 
f 870/869/870 866/865/866 865/864/865 869/868/869 
f 473/472/473 472/471/472 871/870/871 872/871/872 
f 471/470/471 873/872/873 871/870/871 472/471/472 
f 874/873/874 875/874/875 871/870/871 873/872/873 
f 876/875/876 872/871/872 871/870/871 875/874/875 
f 471/470/471 511/510/511 877/876/877 873/872/873 
f 377/376/377 878/877/878 877/876/877 511/510/511 
f 879/878/879 880/879/880 877/876/877 878/877/878 
f 874/873/874 873/872/873 877/876/877 880/879/880 
f 377/376/377 374/373/374 881/880/881 878/877/878 
f 373/372/373 882/881/882 881/880/881 374/373/374 
f 883/882/883 884/883/884 881/880/881 882/881/882 
f 879/878/879 878/877/878 881/880/881 884/883/884 
f 373/372/373 519/518/519 885/884/885 882/881/882 
f 518/517/518 886/885/886 885/884/885 519/518/519 
f 887/886/887 888/887/888 885/884/885 886/885/886 
f 883/882/883 882/881/882 885/884/885 888/887/888 
f 518/517/518 567/566/567 889/888/889 886/885/886 
f 321/320/321 890/889/890 889/888/889 567/566/567 
f 891/890/891 892/891/892 889/888/889 890/889/890 
f 887/886/887 886/885/886 889/888/889 892/891/892 
f 321/320/321 320/319/320 893/892/893 890/889/890 
f 319/318/319 894/893/894 893/892/893 320/319/320 
f 895/894/895 896/895/896 893/892/893 894/893/894 
f 891/890/891 890/889/890 893/892/893 896/895/896 
f 319/318/319 566/565/566 897/896/897 894/893/894 
f 563/562/563 898/897/898 897/896/897 566/565/566 
f 899/898/899 900/899/900 897/896/897 898/897/898 
f 895/894/895 894/893/894 897/896/897 900/899/900 
f 563/562/563 562/561/562 901/900/901 898/897/898 
f 561/560/561 902/901/902 901/900/901 562/561/562 
f 903/902/903 904/903/904 901/900/901 902/901/902 
f 899/898/899 898/897/898 901/900/901 904/903/904 
f 561/560/561 628/627/628 905/904/905 902/901/902 
f 627/626/627 906/905/906 905/904/905 628/627/628 
f 907/906/907 908/907/908 905/904/905 906/905/906 
f 903/902/903 902/901/902 905/904/905 908/907/908 
f 627/626/627 633/632/633 909/908/909 906/905/906 
f 372/371/372 910/909/910 909/908/909 633/632/633 
f 911/910/911 912/911/912 909/908/909 910/909/910 
f 907/906/907 906/905/906 909/908/909 912/911/912 
f 372/371/372 371/370/371 913/912/913 910/909/910 
f 370/369/370 914/913/914 913/912/913 371/370/371 
f 915/914/915 916/915/916 913/912/913 914/913/914 
f 911/910/911 910/909/910 913/912/913 916/915/916 
f 917/916/917 918/917/918 919/918/919 920/919/920 
f 921/920/921 922/921/922 919/918/919 918/917/918 
f 923/922/923 924/923/924 919/918/919 922/921/922 
f 925/924/925 920/919/920 919/918/919 924/923/924 
f 651/650/651 650/649/650 926/925/926 927/926/927 
f 594/593/594 928/927/928 926/925/926 650/649/650 
f 929/928/929 930/929/930 926/925/926 928/927/928 
f 931/930/931 927/926/927 926/925/926 930/929/930 
f 594/593/594 591/590/591 932/931/932 928/927/928 
f 590/589/590 933/932/933 932/931/932 591/590/591 
f 934/933/934 935/934/935 932/931/932 933/932/933 
f 929/928/929 928/927/928 932/931/932 935/934/935 
f 590/589/590 612/611/612 936/935/936 933/932/933 
f 611/610/611 937/936/937 936/935/936 612/611/612 
f 938/937/938 939/938/939 936/935/936 937/936/937 
f 934/933/934 933/932/933 936/935/936 939/938/939 
f 940/939/940 941/940/941 942/941/942 943/942/943 
f 944/943/944 945/944/945 942/941/942 941/940/941 
f 946/945/946 947/946/947 942/941/942 945/944/945 
f 948/947/948 943/942/943 942/941/942 947/946/947 
f 944/943/944 949/948/949 950/949/950 945/944/945 
f 410/409/410 951/950/951 950/949/950 949/948/949 
f 952/951/952 953/952/953 950/949/950 951/950/951 
f 946/945/946 945/944/945 950/949/950 953/952/953 
f 406/405/406 653/652/653 954/953/954 955/954/955 
f 651/650/651 927/926/927 954/953/954 653/652/653 
f 931/930/931 956/955/956 954/953/954 927/926/927 
f 957/956/957 955/954/955 954/953/954 956/955/956 
f 931/930/931 930/929/930 958/957/958 959/958/959 
f 929/928/929 960/959/960 958/957/958 930/929/930 
f 961/960/961 962/961/962 958/957/958 960/959/960 
f 963/962/963 959/958/959 958/957/958 962/961/962 
f 929/928/929 935/934/935 964/963/964 960/959/960 
f 934/933/934 965/964/965 964/963/964 935/934/935 
f 966/965/966 967/966/967 964/963/964 965/964/965 
f 961/960/961 960/959/960 964/963/964 967/966/967 
f 934/933/934 939/938/939 968/967/968 965/964/965 
f 938/937/938 969/968/969 968/967/968 939/938/939 
f 970/969/970 971/970/971 968/967/968 969/968/969 
f 966/965/966 965/964/965 968/967/968 971/970/971 
f 948/947/948 947/946/947 972/971/972 973/972/973 
f 946/945/946 974/973/974 972/971/972 947/946/947 
f 975/974/975 976/975/976 972/971/972 974/973/974 
f 977/976/977 973/972/973 972/971/972 976/975/976 
f 946/945/946 953/952/953 978/977/978 974/973/974 
f 952/951/952 979/978/979 978/977/978 953/952/953 
f 980/979/980 981/980/981 978/977/978 979/978/979 
f 975/974/975 974/973/974 978/977/978 981/980/981 
f 957/956/957 956/955/956 982/981/982 983/982/983 
f 931/930/931 959/958/959 982/981/982 956/955/956 
f 963/962/963 984/983/984 982/981/982 959/958/959 
f 985/984/985 983/982/983 982/981/982 984/983/984 
f 963/962/963 962/961/962 986/985/986 987/986/987 
f 961/960/961 988/987/988 986/985/986 962/961/962 
f 989/988/989 990/989/990 986/985/986 988/987/988 
f 991/990/991 987/986/987 986/985/986 990/989/990 
f 961/960/961 967/966/967 992/991/992 988/987/988 
f 966/965/966 993/992/993 992/991/992 967/966/967 
f 994/993/994 995/994/995 992/991/992 993/992/993 
f 989/988/989 988/987/988 992/991/992 995/994/995 
f 966/965/966 971/970/971 996/995/996 993/992/993 
f 970/969/970 997/996/997 996/995/996 971/970/971 
f 998/997/998 999/998/999 996/995/996 997/996/997 
f 994/993/994 993/992/993 996/995/996 999/998/999 
f 977/976/977 976/975/976 1000/999/1000 1001/1000/1001 
f 975/974/975 1002/1001/1002 1000/999/1000 976/975/976 
f 1003/1002/1003 1004/1003/1004 1000/999/1000 1002/1001/1002 
f 1005/1004/1005 1001/1000/1001 1000/999/1000 1004/1003/1004 
f 975/974/975 981/980/981 1006/1005/1006 1002/1001/1002 
f 980/979/980 1007/1006/1007 1006/1005/1006 981/980/981 
f 1008/1007/1008 1009/1008/1009 1006/1005/1006 1007/1006/1007 
f 1003/1002/1003 1002/1001/1002 1006/1005/1006 1009/1008/1009 
f 985/984/985 984/983/984 1010/1009/1010 1011/1010/1011 
f 963/962/963 987/986/987 1010/1009/1010 984/983/984 
f 991/990/991 1012/1011/1012 1010/1009/1010 987/986/987 
f 1013/1012/1013 1011/1010/1011 1010/1009/1010 1012/1011/1012 
f 1014/1013/1014 1015/1014/1014 1016/1015/1014 1017/1016/1014 
f 1018/1017/1014 1019/1018/1014 1016/1015/1014 1015/1014/1014 
f 1020/1019/1014 1021/1020/1014 1016/1015/1014 1019/1018/1014 
f 1022/1021/1014 1017/1016/1014 1016/1015/1014 1021/1020/1014 
f 1023/1022/1015 1024/1023/1016 1025/1024/1017 1026/1025/1017 
f 1027/1026/1018 1028/1027/1017 1025/1024/1017 1024/1023/1016 
f 1018/1017/1014 1015/1014/1014 1025/1024/1017 1028/1027/1017 
f 1014/1013/1014 1026/1025/1017 1025/1024/1017 1015/1014/1014 
f 1029/1028/1019 1030/1029/1020 1031/1030/1021 1032/1031/1022 
f 1033/1032/1023 1034/1033/1024 1031/1030/1021 1030/1029/1020 
f 1027/1026/1018 1024/1023/1016 1031/1030/1021 1034/1033/1024 
f 1023/1022/1015 1032/1031/1022 1031/1030/1021 1024/1023/1016 
f 1035/1034/1025 1036/1035/1026 1037/1036/1027 1038/1037/1028 
f 1039/1038/1029 1040/1039/1030 1037/1036/1027 1036/1035/1026 
f 1041/1040/1031 1042/1041/1032 1037/1036/1027 1040/1039/1030 
f 1043/1042/1033 1038/1037/1028 1037/1036/1027 1042/1041/1032 
f 1044/1043/1014 1045/1044/1014 1046/1045/1014 1047/1046/1014 
f 1048/1047/1014 1049/1048/1014 1046/1045/1014 1045/1044/1014 
f 1050/1049/1014 1051/1050/1014 1046/1045/1014 1049/1048/1014 
f 1052/1051/1014 1047/1046/1014 1046/1045/1014 1051/1050/1014 
f 1022/1021/1014 1021/1020/1014 1053/1052/1014 1054/1053/1014 
f 1020/1019/1014 1055/1054/1014 1053/1052/1014 1021/1020/1014 
f 1048/1047/1014 1045/1044/1014 1053/1052/1014 1055/1054/1014 
f 1044/1043/1014 1054/1053/1014 1053/1052/1014 1045/1044/1014 
f 1056/1055/1014 1057/1056/1014 1058/1057/1014 1059/1058/1014 
f 1060/1059/1014 1061/1060/1014 1058/1057/1014 1057/1056/1014 
f 1062/1061/1014 1063/1062/1014 1058/1057/1014 1061/1060/1014 
f 1064/1063/1014 1059/1058/1014 1058/1057/1014 1063/1062/1014 
f 1018/1017/1014 1065/1064/1014 1066/1065/1014 1019/1018/1014 
f 1056/1055/1014 1059/1058/1014 1066/1065/1014 1065/1064/1014 
f 1064/1063/1014 1067/1066/1014 1066/1065/1014 1059/1058/1014 
f 1020/1019/1014 1019/1018/1014 1066/1065/1014 1067/1066/1014 
f 1068/1067/1014 1069/1068/1034 1070/1069/1034 1071/1070/1014 
f 991/990/991 990/989/990 1070/1069/1034 1069/1068/1034 
f 989/988/989 1072/1071/1035 1070/1069/1034 990/989/990 
f 1073/1072/1014 1071/1070/1014 1070/1069/1034 1072/1071/1035 
f 1022/1021/1014 1074/1073/1014 1075/1074/1014 1017/1016/1014 
f 1068/1067/1014 1071/1070/1014 1075/1074/1014 1074/1073/1014 
f 1073/1072/1014 1076/1075/1014 1075/1074/1014 1071/1070/1014 
f 1014/1013/1014 1017/1016/1014 1075/1074/1014 1076/1075/1014 
f 1077/1076/1036 1078/1077/1037 1079/1078/1038 1080/1079/1017 
f 1081/1080/1039 1082/1081/1040 1079/1078/1038 1078/1077/1037 
f 1060/1059/1014 1057/1056/1014 1079/1078/1038 1082/1081/1040 
f 1056/1055/1014 1080/1079/1017 1079/1078/1038 1057/1056/1014 
f 1027/1026/1018 1083/1082/1041 1084/1083/1017 1028/1027/1017 
f 1077/1076/1036 1080/1079/1017 1084/1083/1017 1083/1082/1041 
f 1056/1055/1014 1065/1064/1014 1084/1083/1017 1080/1079/1017 
f 1018/1017/1014 1028/1027/1017 1084/1083/1017 1065/1064/1014 
f 1073/1072/1014 1072/1071/1035 1085/1084/1042 1086/1085/1017 
f 989/988/989 995/994/995 1085/1084/1042 1072/1071/1035 
f 994/993/994 1087/1086/1043 1085/1084/1042 995/994/995 
f 1088/1087/1044 1086/1085/1017 1085/1084/1042 1087/1086/1043 
f 1014/1013/1014 1076/1075/1014 1089/1088/1017 1026/1025/1017 
f 1073/1072/1014 1086/1085/1017 1089/1088/1017 1076/1075/1014 
f 1088/1087/1044 1090/1089/1045 1089/1088/1017 1086/1085/1017 
f 1023/1022/1015 1026/1025/1017 1089/1088/1017 1090/1089/1045 
f 1091/1090/1046 1092/1091/1047 1093/1092/1048 1094/1093/1049 
f 1095/1094/1050 1096/1095/1051 1093/1092/1048 1092/1091/1047 
f 1081/1080/1039 1078/1077/1037 1093/1092/1048 1096/1095/1051 
f 1077/1076/1036 1094/1093/1049 1093/1092/1048 1078/1077/1037 
f 1033/1032/1023 1097/1096/1052 1098/1097/1053 1034/1033/1024 
f 1091/1090/1046 1094/1093/1049 1098/1097/1053 1097/1096/1052 
f 1077/1076/1036 1083/1082/1041 1098/1097/1053 1094/1093/1049 
f 1027/1026/1018 1034/1033/1024 1098/1097/1053 1083/1082/1041 
f 1088/1087/1044 1087/1086/1043 1099/1098/1054 1100/1099/1055 
f 994/993/994 999/998/999 1099/1098/1054 1087/1086/1043 
f 998/997/998 1101/1100/1056 1099/1098/1054 999/998/999 
f 1102/1101/1057 1100/1099/1055 1099/1098/1054 1101/1100/1056 
f 1023/1022/1015 1090/1089/1045 1103/1102/1058 1032/1031/1022 
f 1088/1087/1044 1100/1099/1055 1103/1102/1058 1090/1089/1045 
f 1102/1101/1057 1104/1103/1059 1103/1102/1058 1100/1099/1055 
f 1029/1028/1019 1032/1031/1022 1103/1102/1058 1104/1103/1059 
f 1105/1104/1060 1106/1105/1061 1107/1106/1062 1108/1107/1063 
f 1109/1108/1064 1110/1109/1065 1107/1106/1062 1106/1105/1061 
f 1111/1110/1066 1112/1111/1067 1107/1106/1062 1110/1109/1065 
f 1113/1112/1068 1108/1107/1063 1107/1106/1062 1112/1111/1067 
f 1039/1038/1029 1114/1113/1069 1115/1114/1070 1040/1039/1030 
f 1105/1104/1060 1108/1107/1063 1115/1114/1070 1114/1113/1069 
f 1113/1112/1068 1116/1115/1071 1115/1114/1070 1108/1107/1063 
f 1041/1040/1031 1040/1039/1030 1115/1114/1070 1116/1115/1071 
f 1117/1116/1072 1118/1117/1073 1119/1118/1074 1120/1119/1075 
f 1005/1004/1005 1004/1003/1004 1119/1118/1074 1118/1117/1073 
f 1003/1002/1003 1121/1120/1076 1119/1118/1074 1004/1003/1004 
f 1122/1121/1077 1120/1119/1075 1119/1118/1074 1121/1120/1076 
f 1043/1042/1033 1123/1122/1078 1124/1123/1079 1038/1037/1028 
f 1117/1116/1072 1120/1119/1075 1124/1123/1079 1123/1122/1078 
f 1122/1121/1077 1125/1124/1080 1124/1123/1079 1120/1119/1075 
f 1035/1034/1025 1038/1037/1028 1124/1123/1079 1125/1124/1080 
f 1126/1125/1014 1127/1126/1014 1128/1127/1014 1129/1128/1014 
f 1130/1129/1014 1131/1130/1014 1128/1127/1014 1127/1126/1014 
f 1132/1131/1014 1133/1132/1014 1128/1127/1014 1131/1130/1014 
f 1134/1133/1014 1129/1128/1014 1128/1127/1014 1133/1132/1014 
f 1048/1047/1014 1135/1134/1014 1136/1135/1014 1049/1048/1014 
f 1126/1125/1014 1129/1128/1014 1136/1135/1014 1135/1134/1014 
f 1134/1133/1014 1137/1136/1014 1136/1135/1014 1129/1128/1014 
f 1050/1049/1014 1049/1048/1014 1136/1135/1014 1137/1136/1014 
f 1122/1121/1077 1121/1120/1076 1138/1137/1081 1139/1138/1082 
f 1003/1002/1003 1009/1008/1009 1138/1137/1081 1121/1120/1076 
f 1008/1007/1008 1140/1139/1083 1138/1137/1081 1009/1008/1009 
f 1141/1140/1014 1139/1138/1082 1138/1137/1081 1140/1139/1083 
f 1035/1034/1025 1125/1124/1080 1142/1141/1084 1143/1142/1085 
f 1122/1121/1077 1139/1138/1082 1142/1141/1084 1125/1124/1080 
f 1141/1140/1014 1144/1143/1014 1142/1141/1084 1139/1138/1082 
f 1052/1051/1014 1143/1142/1085 1142/1141/1084 1144/1143/1014 
f 1064/1063/1014 1063/1062/1014 1145/1144/1014 1146/1145/1014 
f 1062/1061/1014 1147/1146/1014 1145/1144/1014 1063/1062/1014 
f 1130/1129/1014 1127/1126/1014 1145/1144/1014 1147/1146/1014 
f 1126/1125/1014 1146/1145/1014 1145/1144/1014 1127/1126/1014 
f 1020/1019/1014 1067/1066/1014 1148/1147/1014 1055/1054/1014 
f 1064/1063/1014 1146/1145/1014 1148/1147/1014 1067/1066/1014 
f 1126/1125/1014 1135/1134/1014 1148/1147/1014 1146/1145/1014 
f 1048/1047/1014 1055/1054/1014 1148/1147/1014 1135/1134/1014 
f 1149/1148/1014 1150/1149/1083 1151/1150/1083 1152/1151/1014 
f 1013/1012/1013 1012/1011/1012 1151/1150/1083 1150/1149/1083 
f 991/990/991 1069/1068/1034 1151/1150/1083 1012/1011/1012 
f 1068/1067/1014 1152/1151/1014 1151/1150/1083 1069/1068/1034 
f 1044/1043/1014 1153/1152/1014 1154/1153/1014 1054/1053/1014 
f 1149/1148/1014 1152/1151/1014 1154/1153/1014 1153/1152/1014 
f 1068/1067/1014 1074/1073/1014 1154/1153/1014 1152/1151/1014 
f 1022/1021/1014 1054/1053/1014 1154/1153/1014 1074/1073/1014 
f 876/875/876 875/874/875 1155/1154/1086 1156/1155/1087 
f 874/873/874 1157/1156/1088 1155/1154/1086 875/874/875 
f 1158/1157/1089 1159/1158/1090 1155/1154/1086 1157/1156/1088 
f 1160/1159/1091 1156/1155/1087 1155/1154/1086 1159/1158/1090 
f 874/873/874 880/879/880 1161/1160/1092 1157/1156/1088 
f 879/878/879 1162/1161/1093 1161/1160/1092 880/879/880 
f 1163/1162/1094 1164/1163/1095 1161/1160/1092 1162/1161/1093 
f 1158/1157/1089 1157/1156/1088 1161/1160/1092 1164/1163/1095 
f 879/878/879 884/883/884 1165/1164/1096 1162/1161/1093 
f 883/882/883 1166/1165/1097 1165/1164/1096 884/883/884 
f 1167/1166/1098 1168/1167/1099 1165/1164/1096 1166/1165/1097 
f 1163/1162/1094 1162/1161/1093 1165/1164/1096 1168/1167/1099 
f 883/882/883 888/887/888 1169/1168/1100 1166/1165/1097 
f 887/886/887 1170/1169/1101 1169/1168/1100 888/887/888 
f 1171/1170/1102 1172/1171/1103 1169/1168/1100 1170/1169/1101 
f 1167/1166/1098 1166/1165/1097 1169/1168/1100 1172/1171/1103 
f 887/886/887 892/891/892 1173/1172/1104 1170/1169/1101 
f 891/890/891 1174/1173/1105 1173/1172/1104 892/891/892 
f 1175/1174/1106 1176/1175/1107 1173/1172/1104 1174/1173/1105 
f 1171/1170/1102 1170/1169/1101 1173/1172/1104 1176/1175/1107 
f 891/890/891 896/895/896 1177/1176/1108 1174/1173/1105 
f 895/894/895 1178/1177/1109 1177/1176/1108 896/895/896 
f 1179/1178/1110 1180/1179/1111 1177/1176/1108 1178/1177/1109 
f 1175/1174/1106 1174/1173/1105 1177/1176/1108 1180/1179/1111 
f 895/894/895 900/899/900 1181/1180/1112 1178/1177/1109 
f 899/898/899 1182/1181/1113 1181/1180/1112 900/899/900 
f 1183/1182/1114 1184/1183/1115 1181/1180/1112 1182/1181/1113 
f 1179/1178/1110 1178/1177/1109 1181/1180/1112 1184/1183/1115 
f 899/898/899 904/903/904 1185/1184/1116 1182/1181/1113 
f 903/902/903 1186/1185/1117 1185/1184/1116 904/903/904 
f 1187/1186/1118 1188/1187/1119 1185/1184/1116 1186/1185/1117 
f 1183/1182/1114 1182/1181/1113 1185/1184/1116 1188/1187/1119 
f 903/902/903 908/907/908 1189/1188/1120 1186/1185/1117 
f 907/906/907 1190/1189/1121 1189/1188/1120 908/907/908 
f 1191/1190/1122 1192/1191/1123 1189/1188/1120 1190/1189/1121 
f 1187/1186/1118 1186/1185/1117 1189/1188/1120 1192/1191/1123 
f 907/906/907 912/911/912 1193/1192/1124 1190/1189/1121 
f 911/910/911 1194/1193/1125 1193/1192/1124 912/911/912 
f 1195/1194/1126 1196/1195/1127 1193/1192/1124 1194/1193/1125 
f 1191/1190/1122 1190/1189/1121 1193/1192/1124 1196/1195/1127 
f 911/910/911 916/915/916 1197/1196/1128 1194/1193/1125 
f 915/914/915 1198/1197/1129 1197/1196/1128 916/915/916 
f 1199/1198/1130 1200/1199/1131 1197/1196/1128 1198/1197/1129 
f 1195/1194/1126 1194/1193/1125 1197/1196/1128 1200/1199/1131 
f 925/924/925 924/923/924 1201/1200/1132 1202/1201/1133 
f 923/922/923 1203/1202/1134 1201/1200/1132 924/923/924 
f 1204/1203/1135 1205/1204/1136 1201/1200/1132 1203/1202/1134 
f 1206/1205/1137 1202/1201/1133 1201/1200/1132 1205/1204/1136 
f 1160/1159/1091 1159/1158/1090 1207/1206/1138 1208/1207/1139 
f 1158/1157/1089 1209/1208/1140 1207/1206/1138 1159/1158/1090 
f 1210/1209/1141 1211/1210/1142 1207/1206/1138 1209/1208/1140 
f 1212/1211/1143 1208/1207/1139 1207/1206/1138 1211/1210/1142 
f 1158/1157/1089 1164/1163/1095 1213/1212/1144 1209/1208/1140 
f 1163/1162/1094 1214/1213/1145 1213/1212/1144 1164/1163/1095 
f 1215/1214/1146 1216/1215/1147 1213/1212/1144 1214/1213/1145 
f 1210/1209/1141 1209/1208/1140 1213/1212/1144 1216/1215/1147 
f 1163/1162/1094 1168/1167/1099 1217/1216/1148 1214/1213/1145 
f 1167/1166/1098 1218/1217/1149 1217/1216/1148 1168/1167/1099 
f 1219/1218/1150 1220/1219/1151 1217/1216/1148 1218/1217/1149 
f 1215/1214/1146 1214/1213/1145 1217/1216/1148 1220/1219/1151 
f 1167/1166/1098 1172/1171/1103 1221/1220/1152 1218/1217/1149 
f 1171/1170/1102 1222/1221/1153 1221/1220/1152 1172/1171/1103 
f 1223/1222/1154 1224/1223/1155 1221/1220/1152 1222/1221/1153 
f 1219/1218/1150 1218/1217/1149 1221/1220/1152 1224/1223/1155 
f 1171/1170/1102 1176/1175/1107 1225/1224/1156 1222/1221/1153 
f 1175/1174/1106 1226/1225/1157 1225/1224/1156 1176/1175/1107 
f 1227/1226/1158 1228/1227/1159 1225/1224/1156 1226/1225/1157 
f 1223/1222/1154 1222/1221/1153 1225/1224/1156 1228/1227/1159 
f 1175/1174/1106 1180/1179/1111 1229/1228/1160 1226/1225/1157 
f 1179/1178/1110 1230/1229/1161 1229/1228/1160 1180/1179/1111 
f 1231/1230/1162 1232/1231/540 1229/1228/1160 1230/1229/1161 
f 1227/1226/1158 1226/1225/1157 1229/1228/1160 1232/1231/540 
f 1179/1178/1110 1184/1183/1115 1233/1232/1163 1230/1229/1161 
f 1183/1182/1114 1234/1233/1164 1233/1232/1163 1184/1183/1115 
f 1235/1234/1165 1236/1235/1166 1233/1232/1163 1234/1233/1164 
f 1231/1230/1162 1230/1229/1161 1233/1232/1163 1236/1235/1166 
f 1183/1182/1114 1188/1187/1119 1237/1236/1167 1234/1233/1164 
f 1187/1186/1118 1238/1237/1168 1237/1236/1167 1188/1187/1119 
f 1239/1238/1169 1240/1239/1170 1237/1236/1167 1238/1237/1168 
f 1235/1234/1165 1234/1233/1164 1237/1236/1167 1240/1239/1170 
f 1187/1186/1118 1192/1191/1123 1241/1240/1171 1238/1237/1168 
f 1191/1190/1122 1242/1241/1172 1241/1240/1171 1192/1191/1123 
f 1243/1242/1173 1244/1243/1174 1241/1240/1171 1242/1241/1172 
f 1239/1238/1169 1238/1237/1168 1241/1240/1171 1244/1243/1174 
f 1191/1190/1122 1196/1195/1127 1245/1244/1175 1242/1241/1172 
f 1195/1194/1126 1246/1245/1176 1245/1244/1175 1196/1195/1127 
f 1247/1246/1177 1248/1247/1178 1245/1244/1175 1246/1245/1176 
f 1243/1242/1173 1242/1241/1172 1245/1244/1175 1248/1247/1178 
f 1195/1194/1126 1200/1199/1131 1249/1248/1179 1246/1245/1176 
f 1199/1198/1130 1250/1249/1180 1249/1248/1179 1200/1199/1131 
f 1251/1250/1181 1252/1251/1182 1249/1248/1179 1250/1249/1180 
f 1247/1246/1177 1246/1245/1176 1249/1248/1179 1252/1251/1182 
f 1206/1205/1137 1205/1204/1136 1253/1252/1183 1254/1253/1184 
f 1204/1203/1135 1255/1254/1185 1253/1252/1183 1205/1204/1136 
f 1256/1255/1186 1257/1256/1187 1253/1252/1183 1255/1254/1185 
f 1258/1257/1188 1254/1253/1184 1253/1252/1183 1257/1256/1187 
f 1259/1258/1189 1260/1259/1190 1261/1260/1191 1262/1261/1192 
f 1263/1262/1193 1264/1263/1194 1261/1260/1191 1260/1259/1190 
f 1265/1264/1195 1266/1265/1196 1261/1260/1191 1264/1263/1194 
f 1267/1266/1197 1262/1261/1192 1261/1260/1191 1266/1265/1196 
f 1268/1267/1198 1269/1268/1198 1270/1269/1199 1271/1270/1200 
f 1272/1271/1198 1273/1272/1199 1270/1269/1199 1269/1268/1198 
f 1263/1262/1193 1260/1259/1190 1270/1269/1199 1273/1272/1199 
f 1259/1258/1189 1271/1270/1200 1270/1269/1199 1260/1259/1190 
f 1274/1273/1198 1275/1274/1198 1276/1275/1198 1277/1276/1198 
f 1278/1277/1198 1279/1278/1198 1276/1275/1198 1275/1274/1198 
f 1272/1271/1198 1269/1268/1198 1276/1275/1198 1279/1278/1198 
f 1268/1267/1198 1277/1276/1198 1276/1275/1198 1269/1268/1198 
f 1280/1279/1198 1281/1280/1198 1282/1281/1198 1283/1282/1198 
f 1284/1283/1198 1285/1284/1198 1282/1281/1198 1281/1280/1198 
f 1278/1277/1198 1275/1274/1198 1282/1281/1198 1285/1284/1198 
f 1274/1273/1198 1283/1282/1198 1282/1281/1198 1275/1274/1198 
f 1286/1285/1198 1287/1286/1198 1288/1287/1198 1289/1288/1198 
f 1290/1289/1198 1291/1290/1198 1288/1287/1198 1287/1286/1198 
f 1284/1283/1198 1281/1280/1198 1288/1287/1198 1291/1290/1198 
f 1280/1279/1198 1289/1288/1198 1288/1287/1198 1281/1280/1198 
f 1292/1291/1198 1293/1292/1198 1294/1293/1198 1295/1294/1198 
f 1296/1295/1198 1297/1296/1198 1294/1293/1198 1293/1292/1198 
f 1290/1289/1198 1287/1286/1198 1294/1293/1198 1297/1296/1198 
f 1286/1285/1198 1295/1294/1198 1294/1293/1198 1287/1286/1198 
f 1298/1297/1198 1299/1298/1198 1300/1299/1198 1301/1300/1198 
f 1302/1301/1198 1303/1302/1198 1300/1299/1198 1299/1298/1198 
f 1296/1295/1198 1293/1292/1198 1300/1299/1198 1303/1302/1198 
f 1292/1291/1198 1301/1300/1198 1300/1299/1198 1293/1292/1198 
f 1304/1303/1198 1305/1304/1198 1306/1305/1198 1307/1306/1198 
f 1308/1307/1198 1309/1308/1198 1306/1305/1198 1305/1304/1198 
f 1302/1301/1198 1299/1298/1198 1306/1305/1198 1309/1308/1198 
f 1298/1297/1198 1307/1306/1198 1306/1305/1198 1299/1298/1198 
f 1310/1309/1198 1311/1310/1198 1312/1311/1198 1313/1312/1198 
f 1314/1313/1198 1315/1314/1198 1312/1311/1198 1311/1310/1198 
f 1308/1307/1198 1305/1304/1198 1312/1311/1198 1315/1314/1198 
f 1304/1303/1198 1313/1312/1198 1312/1311/1198 1305/1304/1198 
f 1316/1315/1198 1317/1316/1198 1318/1317/1198 1319/1318/1198 
f 1320/1319/1198 1321/1320/1198 1318/1317/1198 1317/1316/1198 
f 1314/1313/1198 1311/1310/1198 1318/1317/1198 1321/1320/1198 
f 1310/1309/1198 1319/1318/1198 1318/1317/1198 1311/1310/1198 
f 1322/1321/1198 1323/1322/1198 1324/1323/1198 1325/1324/1198 
f 1326/1325/1198 1327/1326/1198 1324/1323/1198 1323/1322/1198 
f 1320/1319/1198 1317/1316/1198 1324/1323/1198 1327/1326/1198 
f 1316/1315/1198 1325/1324/1198 1324/1323/1198 1317/1316/1198 
f 1328/1327/1201 1329/1328/1202 1330/1329/1203 1331/1330/1204 
f 1332/1331/1205 1333/1332/1206 1330/1329/1203 1329/1328/1202 
f 1334/1333/1207 1335/1334/1208 1330/1329/1203 1333/1332/1206 
f 1336/1335/1209 1331/1330/1204 1330/1329/1203 1335/1334/1208 
f 350/349/350 1337/1336/1210 1338/1337/1211 351/350/351 
f 1339/1338/1212 1340/1339/1213 1338/1337/1211 1337/1336/1210 
f 1341/1340/1214 1342/1341/1215 1338/1337/1211 1340/1339/1213 
f 352/351/352 351/350/351 1338/1337/1211 1342/1341/1215 
f 368/367/368 1343/1342/1216 1344/1343/1217 369/368/369 
f 1345/1344/1218 1346/1345/1219 1344/1343/1217 1343/1342/1216 
f 917/916/917 1347/1346/1220 1344/1343/1217 1346/1345/1219 
f 370/369/370 369/368/369 1344/1343/1217 1347/1346/1220 
f 386/385/386 1348/1347/1221 1349/1348/1222 387/386/387 
f 1350/1349/1223 1351/1350/1224 1349/1348/1222 1348/1347/1221 
f 1345/1344/1218 1343/1342/1216 1349/1348/1222 1351/1350/1224 
f 368/367/368 387/386/387 1349/1348/1222 1343/1342/1216 
f 398/397/398 1352/1351/1225 1353/1352/1226 399/398/399 
f 1354/1353/1227 1355/1354/1228 1353/1352/1226 1352/1351/1225 
f 1350/1349/1223 1348/1347/1221 1353/1352/1226 1355/1354/1228 
f 386/385/386 399/398/399 1353/1352/1226 1348/1347/1221 
f 410/409/410 949/948/949 1356/1355/1229 411/410/411 
f 944/943/944 1357/1356/1230 1356/1355/1229 949/948/949 
f 1354/1353/1227 1352/1351/1225 1356/1355/1229 1357/1356/1230 
f 398/397/398 411/410/411 1356/1355/1229 1352/1351/1225 
f 422/421/422 1358/1357/1231 1359/1358/1232 423/422/423 
f 1360/1359/1233 1361/1360/1234 1359/1358/1232 1358/1357/1231 
f 1362/1361/1235 1363/1362/1236 1359/1358/1232 1361/1360/1234 
f 424/423/424 423/422/423 1359/1358/1232 1363/1362/1236 
f 370/369/370 1347/1346/1220 1364/1363/1237 914/913/914 
f 917/916/917 920/919/920 1364/1363/1237 1347/1346/1220 
f 925/924/925 1365/1364/1238 1364/1363/1237 920/919/920 
f 915/914/915 914/913/914 1364/1363/1237 1365/1364/1238 
f 410/409/410 407/406/407 1366/1365/1239 951/950/951 
f 406/405/406 955/954/955 1366/1365/1239 407/406/407 
f 957/956/957 1367/1366/1240 1366/1365/1239 955/954/955 
f 952/951/952 951/950/951 1366/1365/1239 1367/1366/1240 
f 952/951/952 1367/1366/1240 1368/1367/1241 979/978/979 
f 957/956/957 983/982/983 1368/1367/1241 1367/1366/1240 
f 985/984/985 1369/1368/1242 1368/1367/1241 983/982/983 
f 980/979/980 979/978/979 1368/1367/1241 1369/1368/1242 
f 980/979/980 1369/1368/1242 1370/1369/1243 1007/1006/1007 
f 985/984/985 1011/1010/1011 1370/1369/1243 1369/1368/1242 
f 1013/1012/1013 1371/1370/1244 1370/1369/1243 1011/1010/1011 
f 1008/1007/1008 1007/1006/1007 1370/1369/1243 1371/1370/1244 
f 1050/1049/1014 1372/1371/1245 1373/1372/1246 1051/1050/1014 
f 1039/1038/1029 1036/1035/1026 1373/1372/1246 1372/1371/1245 
f 1035/1034/1025 1143/1142/1085 1373/1372/1246 1036/1035/1026 
f 1052/1051/1014 1051/1050/1014 1373/1372/1246 1143/1142/1085 
f 424/423/424 1363/1362/1236 1374/1373/1247 1375/1374/1248 
f 1362/1361/1235 1376/1375/1249 1374/1373/1247 1363/1362/1236 
f 1109/1108/1064 1377/1376/1250 1374/1373/1247 1376/1375/1249 
f 1132/1131/1014 1375/1374/1248 1374/1373/1247 1377/1376/1250 
f 1134/1133/1014 1378/1377/1251 1379/1378/1245 1137/1136/1014 
f 1105/1104/1060 1114/1113/1069 1379/1378/1245 1378/1377/1251 
f 1039/1038/1029 1372/1371/1245 1379/1378/1245 1114/1113/1069 
f 1050/1049/1014 1137/1136/1014 1379/1378/1245 1372/1371/1245 
f 1008/1007/1008 1371/1370/1244 1380/1379/1083 1140/1139/1083 
f 1013/1012/1013 1150/1149/1083 1380/1379/1083 1371/1370/1244 
f 1149/1148/1014 1381/1380/1014 1380/1379/1083 1150/1149/1083 
f 1141/1140/1014 1140/1139/1083 1380/1379/1083 1381/1380/1014 
f 1141/1140/1014 1381/1380/1014 1382/1381/1014 1144/1143/1014 
f 1149/1148/1014 1153/1152/1014 1382/1381/1014 1381/1380/1014 
f 1044/1043/1014 1047/1046/1014 1382/1381/1014 1153/1152/1014 
f 1052/1051/1014 1144/1143/1014 1382/1381/1014 1047/1046/1014 
f 915/914/915 1365/1364/1238 1383/1382/1252 1198/1197/1129 
f 925/924/925 1202/1201/1133 1383/1382/1252 1365/1364/1238 
f 1206/1205/1137 1384/1383/1253 1383/1382/1252 1202/1201/1133 
f 1199/1198/1130 1198/1197/1129 1383/1382/1252 1384/1383/1253 
f 1199/1198/1130 1384/1383/1253 1385/1384/1254 1250/1249/1180 
f 1206/1205/1137 1254/1253/1184 1385/1384/1254 1384/1383/1253 
f 1258/1257/1188 1386/1385/1255 1385/1384/1254 1254/1253/1184 
f 1251/1250/1181 1250/1249/1180 1385/1384/1254 1386/1385/1255 
f 1336/1335/1209 1335/1334/1208 1387/1386/1256 1388/1387/1256 
f 1334/1333/1207 1389/1388/1257 1387/1386/1256 1335/1334/1208 
f 1326/1325/1198 1323/1322/1198 1387/1386/1256 1389/1388/1257 
f 1322/1321/1198 1388/1387/1256 1387/1386/1256 1323/1322/1198 
f 1390/1389/1258 1391/1390/1259 1392/1391/1260 1393/1392/1261 
f 503/502/503 502/501/502 1392/1391/1260 1391/1390/1259 
f 501/500/501 1394/1393/1262 1392/1391/1260 502/501/502 
f 1395/1394/1263 1393/1392/1261 1392/1391/1260 1394/1393/1262 
f 1263/1262/1193 1396/1395/1264 1397/1396/1265 1264/1263/1194 
f 1390/1389/1258 1393/1392/1261 1397/1396/1265 1396/1395/1264 
f 1395/1394/1263 1398/1397/1266 1397/1396/1265 1393/1392/1261 
f 1265/1264/1195 1264/1263/1194 1397/1396/1265 1398/1397/1266 
f 1267/1266/1197 1399/1398/1267 1400/1399/1268 1262/1261/1192 
f 1212/1211/1143 1211/1210/1142 1400/1399/1268 1399/1398/1267 
f 1210/1209/1141 1401/1400/1269 1400/1399/1268 1211/1210/1142 
f 1259/1258/1189 1262/1261/1192 1400/1399/1268 1401/1400/1269 
f 1402/1401/1198 1403/1402/1270 1404/1403/1271 1405/1404/1272 
f 361/360/361 504/503/504 1404/1403/1271 1403/1402/1270 
f 503/502/503 1391/1390/1259 1404/1403/1271 504/503/504 
f 1390/1389/1258 1405/1404/1272 1404/1403/1271 1391/1390/1259 
f 1272/1271/1198 1406/1405/1198 1407/1406/1272 1273/1272/1199 
f 1402/1401/1198 1405/1404/1272 1407/1406/1272 1406/1405/1198 
f 1390/1389/1258 1396/1395/1264 1407/1406/1272 1405/1404/1272 
f 1263/1262/1193 1273/1272/1199 1407/1406/1272 1396/1395/1264 
f 1259/1258/1189 1401/1400/1269 1408/1407/1273 1271/1270/1200 
f 1210/1209/1141 1216/1215/1147 1408/1407/1273 1401/1400/1269 
f 1215/1214/1146 1409/1408/1274 1408/1407/1273 1216/1215/1147 
f 1268/1267/1198 1271/1270/1200 1408/1407/1273 1409/1408/1274 
f 1410/1409/1198 1411/1410/1275 1412/1411/1276 1413/1412/1198 
f 363/362/363 362/361/362 1412/1411/1276 1411/1410/1275 
f 361/360/361 1403/1402/1270 1412/1411/1276 362/361/362 
f 1402/1401/1198 1413/1412/1198 1412/1411/1276 1403/1402/1270 
f 1278/1277/1198 1414/1413/1198 1415/1414/1198 1279/1278/1198 
f 1410/1409/1198 1413/1412/1198 1415/1414/1198 1414/1413/1198 
f 1402/1401/1198 1406/1405/1198 1415/1414/1198 1413/1412/1198 
f 1272/1271/1198 1279/1278/1198 1415/1414/1198 1406/1405/1198 
f 1268/1267/1198 1409/1408/1274 1416/1415/1277 1277/1276/1198 
f 1215/1214/1146 1220/1219/1151 1416/1415/1277 1409/1408/1274 
f 1219/1218/1150 1417/1416/1278 1416/1415/1277 1220/1219/1151 
f 1274/1273/1198 1277/1276/1198 1416/1415/1277 1417/1416/1278 
f 1418/1417/1198 1419/1418/1279 1420/1419/1275 1421/1420/1198 
f 507/506/507 505/504/505 1420/1419/1275 1419/1418/1279 
f 363/362/363 1411/1410/1275 1420/1419/1275 505/504/505 
f 1410/1409/1198 1421/1420/1198 1420/1419/1275 1411/1410/1275 
f 1284/1283/1198 1422/1421/1198 1423/1422/1198 1285/1284/1198 
f 1418/1417/1198 1421/1420/1198 1423/1422/1198 1422/1421/1198 
f 1410/1409/1198 1414/1413/1198 1423/1422/1198 1421/1420/1198 
f 1278/1277/1198 1285/1284/1198 1423/1422/1198 1414/1413/1198 
f 1274/1273/1198 1417/1416/1278 1424/1423/1280 1283/1282/1198 
f 1219/1218/1150 1224/1223/1155 1424/1423/1280 1417/1416/1278 
f 1223/1222/1154 1425/1424/1281 1424/1423/1280 1224/1223/1155 
f 1280/1279/1198 1283/1282/1198 1424/1423/1280 1425/1424/1281 
f 1426/1425/1198 1427/1426/1279 1428/1427/1279 1429/1428/1198 
f 304/303/304 554/553/554 1428/1427/1279 1427/1426/1279 
f 507/506/507 1419/1418/1279 1428/1427/1279 554/553/554 
f 1418/1417/1198 1429/1428/1198 1428/1427/1279 1419/1418/1279 
f 1290/1289/1198 1430/1429/1198 1431/1430/1198 1291/1290/1198 
f 1426/1425/1198 1429/1428/1198 1431/1430/1198 1430/1429/1198 
f 1418/1417/1198 1422/1421/1198 1431/1430/1198 1429/1428/1198 
f 1284/1283/1198 1291/1290/1198 1431/1430/1198 1422/1421/1198 
f 1280/1279/1198 1425/1424/1281 1432/1431/1281 1289/1288/1198 
f 1223/1222/1154 1228/1227/1159 1432/1431/1281 1425/1424/1281 
f 1227/1226/1158 1433/1432/1281 1432/1431/1281 1228/1227/1159 
f 1286/1285/1198 1289/1288/1198 1432/1431/1281 1433/1432/1281 
f 1434/1433/1198 1435/1434/1282 1436/1435/1279 1437/1436/1198 
f 308/307/308 305/304/305 1436/1435/1279 1435/1434/1282 
f 304/303/304 1427/1426/1279 1436/1435/1279 305/304/305 
f 1426/1425/1198 1437/1436/1198 1436/1435/1279 1427/1426/1279 
f 1296/1295/1198 1438/1437/1198 1439/1438/1198 1297/1296/1198 
f 1434/1433/1198 1437/1436/1198 1439/1438/1198 1438/1437/1198 
f 1426/1425/1198 1430/1429/1198 1439/1438/1198 1437/1436/1198 
f 1290/1289/1198 1297/1296/1198 1439/1438/1198 1430/1429/1198 
f 1286/1285/1198 1433/1432/1281 1440/1439/1283 1295/1294/1198 
f 1227/1226/1158 1232/1231/540 1440/1439/1283 1433/1432/1281 
f 1231/1230/1162 1441/1440/1283 1440/1439/1283 1232/1231/540 
f 1292/1291/1198 1295/1294/1198 1440/1439/1283 1441/1440/1283 
f 1442/1441/1198 1443/1442/1284 1444/1443/1284 1445/1444/1198 
f 540/539/540 549/548/549 1444/1443/1284 1443/1442/1284 
f 308/307/308 1435/1434/1282 1444/1443/1284 549/548/549 
f 1434/1433/1198 1445/1444/1198 1444/1443/1284 1435/1434/1282 
f 1302/1301/1198 1446/1445/1198 1447/1446/1198 1303/1302/1198 
f 1442/1441/1198 1445/1444/1198 1447/1446/1198 1446/1445/1198 
f 1434/1433/1198 1438/1437/1198 1447/1446/1198 1445/1444/1198 
f 1296/1295/1198 1303/1302/1198 1447/1446/1198 1438/1437/1198 
f 1292/1291/1198 1441/1440/1283 1448/1447/1285 1301/1300/1198 
f 1231/1230/1162 1236/1235/1166 1448/1447/1285 1441/1440/1283 
f 1235/1234/1165 1449/1448/1285 1448/1447/1285 1236/1235/1166 
f 1298/1297/1198 1301/1300/1198 1448/1447/1285 1449/1448/1285 
f 1450/1449/1198 1451/1450/1286 1452/1451/1286 1453/1452/1198 
f 544/543/544 541/540/541 1452/1451/1286 1451/1450/1286 
f 540/539/540 1443/1442/1284 1452/1451/1286 541/540/541 
f 1442/1441/1198 1453/1452/1198 1452/1451/1286 1443/1442/1284 
f 1308/1307/1198 1454/1453/1198 1455/1454/1198 1309/1308/1198 
f 1450/1449/1198 1453/1452/1198 1455/1454/1198 1454/1453/1198 
f 1442/1441/1198 1446/1445/1198 1455/1454/1198 1453/1452/1198 
f 1302/1301/1198 1309/1308/1198 1455/1454/1198 1446/1445/1198 
f 1298/1297/1198 1449/1448/1285 1456/1455/1287 1307/1306/1198 
f 1235/1234/1165 1240/1239/1170 1456/1455/1287 1449/1448/1285 
f 1239/1238/1169 1457/1456/1288 1456/1455/1287 1240/1239/1170 
f 1304/1303/1198 1307/1306/1198 1456/1455/1287 1457/1456/1288 
f 1458/1457/1198 1459/1458/1246 1460/1459/1289 1461/1460/1198 
f 620/619/620 619/618/619 1460/1459/1289 1459/1458/1246 
f 544/543/544 1451/1450/1286 1460/1459/1289 619/618/619 
f 1450/1449/1198 1461/1460/1198 1460/1459/1289 1451/1450/1286 
f 1314/1313/1198 1462/1461/1198 1463/1462/1198 1315/1314/1198 
f 1458/1457/1198 1461/1460/1198 1463/1462/1198 1462/1461/1198 
f 1450/1449/1198 1454/1453/1198 1463/1462/1198 1461/1460/1198 
f 1308/1307/1198 1315/1314/1198 1463/1462/1198 1454/1453/1198 
f 1304/1303/1198 1457/1456/1288 1464/1463/1290 1313/1312/1198 
f 1239/1238/1169 1244/1243/1174 1464/1463/1290 1457/1456/1288 
f 1243/1242/1173 1465/1464/1291 1464/1463/1290 1244/1243/1174 
f 1310/1309/1198 1313/1312/1198 1464/1463/1290 1465/1464/1291 
f 1466/1465/1198 1467/1466/1292 1468/1467/1085 1469/1468/1198 
f 626/625/626 625/624/625 1468/1467/1085 1467/1466/1292 
f 620/619/620 1459/1458/1246 1468/1467/1085 625/624/625 
f 1458/1457/1198 1469/1468/1198 1468/1467/1085 1459/1458/1246 
f 1320/1319/1198 1470/1469/1198 1471/1470/1198 1321/1320/1198 
f 1466/1465/1198 1469/1468/1198 1471/1470/1198 1470/1469/1198 
f 1458/1457/1198 1462/1461/1198 1471/1470/1198 1469/1468/1198 
f 1314/1313/1198 1321/1320/1198 1471/1470/1198 1462/1461/1198 
f 1310/1309/1198 1465/1464/1291 1472/1471/1293 1319/1318/1198 
f 1243/1242/1173 1248/1247/1178 1472/1471/1293 1465/1464/1291 
f 1247/1246/1177 1473/1472/1293 1472/1471/1293 1248/1247/1178 
f 1316/1315/1198 1319/1318/1198 1472/1471/1293 1473/1472/1293 
f 1474/1473/1198 1475/1474/1198 1476/1475/1014 1477/1476/1198 
f 1478/1477/1198 1479/1478/1294 1476/1475/1014 1475/1474/1198 
f 626/625/626 1467/1466/1292 1476/1475/1014 1479/1478/1294 
f 1466/1465/1198 1477/1476/1198 1476/1475/1014 1467/1466/1292 
f 1326/1325/1198 1480/1479/1198 1481/1480/1198 1327/1326/1198 
f 1474/1473/1198 1477/1476/1198 1481/1480/1198 1480/1479/1198 
f 1466/1465/1198 1470/1469/1198 1481/1480/1198 1477/1476/1198 
f 1320/1319/1198 1327/1326/1198 1481/1480/1198 1470/1469/1198 
f 1316/1315/1198 1473/1472/1293 1482/1481/1295 1325/1324/1198 
f 1247/1246/1177 1252/1251/1182 1482/1481/1295 1473/1472/1293 
f 1251/1250/1181 1483/1482/1296 1482/1481/1295 1252/1251/1182 
f 1322/1321/1198 1325/1324/1198 1482/1481/1295 1483/1482/1296 
f 1484/1483/1297 1485/1484/1298 1486/1485/1299 1487/1486/1300 
f 1488/1487/1301 1489/1488/1302 1486/1485/1299 1485/1484/1298 
f 1490/1489/1303 1491/1490/1304 1486/1485/1299 1489/1488/1302 
f 1492/1491/1305 1487/1486/1300 1486/1485/1299 1491/1490/1304 
f 1332/1331/1205 1493/1492/1306 1494/1493/1307 1333/1332/1206 
f 1484/1483/1297 1487/1486/1300 1494/1493/1307 1493/1492/1306 
f 1492/1491/1305 1495/1494/1308 1494/1493/1307 1487/1486/1300 
f 1334/1333/1207 1333/1332/1206 1494/1493/1307 1495/1494/1308 
f 1336/1335/1209 1496/1495/1309 1497/1496/1310 1331/1330/1204 
f 1258/1257/1188 1257/1256/1187 1497/1496/1310 1496/1495/1309 
f 1256/1255/1186 1498/1497/1311 1497/1496/1310 1257/1256/1187 
f 1328/1327/1201 1331/1330/1204 1497/1496/1310 1498/1497/1311 
f 1492/1491/1305 1491/1490/1304 1499/1498/1312 1500/1499/1312 
f 1490/1489/1303 1501/1500/1313 1499/1498/1312 1491/1490/1304 
f 1478/1477/1198 1475/1474/1198 1499/1498/1312 1501/1500/1313 
f 1474/1473/1198 1500/1499/1312 1499/1498/1312 1475/1474/1198 
f 1334/1333/1207 1495/1494/1308 1502/1501/1257 1389/1388/1257 
f 1492/1491/1305 1500/1499/1312 1502/1501/1257 1495/1494/1308 
f 1474/1473/1198 1480/1479/1198 1502/1501/1257 1500/1499/1312 
f 1326/1325/1198 1389/1388/1257 1502/1501/1257 1480/1479/1198 
f 1322/1321/1198 1483/1482/1296 1503/1502/1314 1388/1387/1256 
f 1251/1250/1181 1386/1385/1255 1503/1502/1314 1483/1482/1296 
f 1258/1257/1188 1496/1495/1309 1503/1502/1314 1386/1385/1255 
f 1336/1335/1209 1388/1387/1256 1503/1502/1314 1496/1495/1309 
f 1504/1503/1315 1505/1504/1316 1506/1505/1317 1507/1506/1318 
f 1508/1507/1319 1509/1508/1320 1506/1505/1317 1505/1504/1316 
f 1510/1509/1321 1511/1510/1322 1506/1505/1317 1509/1508/1320 
f 1512/1511/1323 1507/1506/1318 1506/1505/1317 1511/1510/1322 
f 1513/1512/1324 1514/1513/1325 1515/1514/1326 1516/1515/1327 
f 1517/1516/1328 1518/1517/1329 1515/1514/1326 1514/1513/1325 
f 1519/1518/1330 1520/1519/1331 1515/1514/1326 1518/1517/1329 
f 1521/1520/1332 1516/1515/1327 1515/1514/1326 1520/1519/1331 
f 1522/1521/1333 1523/1522/1334 1524/1523/1335 1525/1524/1336 
f 1526/1525/1337 1527/1526/1338 1524/1523/1335 1523/1522/1334 
f 1517/1516/1328 1514/1513/1325 1524/1523/1335 1527/1526/1338 
f 1513/1512/1324 1525/1524/1336 1524/1523/1335 1514/1513/1325 
f 1528/1527/1339 1529/1528/1340 1530/1529/1341 1531/1530/1342 
f 1532/1531/1343 1533/1532/1344 1530/1529/1341 1529/1528/1340 
f 1526/1525/1337 1523/1522/1334 1530/1529/1341 1533/1532/1344 
f 1522/1521/1333 1531/1530/1342 1530/1529/1341 1523/1522/1334 
f 1534/1533/1345 1535/1534/1346 1536/1535/1347 1537/1536/1348 
f 1538/1537/1349 1539/1538/1350 1536/1535/1347 1535/1534/1346 
f 1532/1531/1343 1529/1528/1340 1536/1535/1347 1539/1538/1350 
f 1528/1527/1339 1537/1536/1348 1536/1535/1347 1529/1528/1340 
f 1512/1511/1323 1511/1510/1322 1540/1539/1351 1541/1540/1352 
f 1510/1509/1321 1542/1541/1353 1540/1539/1351 1511/1510/1322 
f 1538/1537/1349 1535/1534/1346 1540/1539/1351 1542/1541/1353 
f 1534/1533/1345 1541/1540/1352 1540/1539/1351 1535/1534/1346 
f 266/265/266 1543/1542/1354 1544/1543/1355 267/266/267 
f 1504/1503/1315 1507/1506/1318 1544/1543/1355 1543/1542/1354 
f 1512/1511/1323 1545/1544/1356 1544/1543/1355 1507/1506/1318 
f 268/267/268 267/266/267 1544/1543/1355 1545/1544/1356 
f 272/271/272 1546/1545/1357 1547/1546/1358 273/272/273 
f 1513/1512/1324 1516/1515/1327 1547/1546/1358 1546/1545/1357 
f 1521/1520/1332 1548/1547/1359 1547/1546/1358 1516/1515/1327 
f 274/273/274 273/272/273 1547/1546/1358 1548/1547/1359 
f 277/276/277 1549/1548/1360 1550/1549/1361 278/277/278 
f 1522/1521/1333 1525/1524/1336 1550/1549/1361 1549/1548/1360 
f 1513/1512/1324 1546/1545/1357 1550/1549/1361 1525/1524/1336 
f 272/271/272 278/277/278 1550/1549/1361 1546/1545/1357 
f 281/280/281 1551/1550/1362 1552/1551/1363 282/281/282 
f 1528/1527/1339 1531/1530/1342 1552/1551/1363 1551/1550/1362 
f 1522/1521/1333 1549/1548/1360 1552/1551/1363 1531/1530/1342 
f 277/276/277 282/281/282 1552/1551/1363 1549/1548/1360 
f 285/284/285 1553/1552/1364 1554/1553/1365 286/285/286 
f 1534/1533/1345 1537/1536/1348 1554/1553/1365 1553/1552/1364 
f 1528/1527/1339 1551/1550/1362 1554/1553/1365 1537/1536/1348 
f 281/280/281 286/285/286 1554/1553/1365 1551/1550/1362 
f 268/267/268 1545/1544/1356 1555/1554/1366 288/287/288 
f 1512/1511/1323 1541/1540/1352 1555/1554/1366 1545/1544/1356 
f 1534/1533/1345 1553/1552/1364 1555/1554/1366 1541/1540/1352 
f 285/284/285 288/287/288 1555/1554/1366 1553/1552/1364 
f 1508/1507/1319 1556/1555/1367 1557/1556/1368 1509/1508/1320 
f 25/25/25 28/28/28 1557/1556/1368 1556/1555/1367 
f 33/33/33 1558/1557/1369 1557/1556/1368 28/28/28 
f 1510/1509/1321 1509/1508/1320 1557/1556/1368 1558/1557/1369 
f 1517/1516/1328 1559/1558/1370 1560/1559/1371 1518/1517/1329 
f 296/295/296 293/292/293 1560/1559/1371 1559/1558/1370 
f 292/291/292 1561/1560/1372 1560/1559/1371 293/292/293 
f 1519/1518/1330 1518/1517/1329 1560/1559/1371 1561/1560/1372 
f 1526/1525/1337 1562/1561/1373 1563/1562/1374 1527/1526/1338 
f 300/299/300 298/297/298 1563/1562/1374 1562/1561/1373 
f 296/295/296 1559/1558/1370 1563/1562/1374 298/297/298 
f 1517/1516/1328 1527/1526/1338 1563/1562/1374 1559/1558/1370 
f 1532/1531/1343 1564/1563/1375 1565/1564/1376 1533/1532/1344 
f 38/37/38 302/301/302 1565/1564/1376 1564/1563/1375 
f 300/299/300 1562/1561/1373 1565/1564/1376 302/301/302 
f 1526/1525/1337 1533/1532/1344 1565/1564/1376 1562/1561/1373 
f 1538/1537/1349 1566/1565/1377 1567/1566/1378 1539/1538/1350 
f 31/31/31 39/38/39 1567/1566/1378 1566/1565/1377 
f 38/37/38 1564/1563/1375 1567/1566/1378 39/38/39 
f 1532/1531/1343 1539/1538/1350 1567/1566/1378 1564/1563/1375 
f 1510/1509/1321 1558/1557/1369 1568/1567/1379 1542/1541/1353 
f 33/33/33 32/32/32 1568/1567/1379 1558/1557/1369 
f 31/31/31 1566/1565/1377 1568/1567/1379 32/32/32 
f 1538/1537/1349 1542/1541/1353 1568/1567/1379 1566/1565/1377 
f 130/129/130 127/126/127 1569/1568/1380 1570/1569/1381 
f 126/125/126 1571/1570/1382 1569/1568/1380 127/126/127 
f 65/64/65 62/61/62 1569/1568/1380 1571/1570/1382 
f 61/60/61 1570/1569/1381 1569/1568/1380 62/61/62 
f 126/125/126 167/166/167 1572/1571/1383 1571/1570/1382 
f 165/164/165 1573/1572/1384 1572/1571/1383 167/166/167 
f 72/71/72 70/69/70 1572/1571/1383 1573/1572/1384 
f 65/64/65 1571/1570/1382 1572/1571/1383 70/69/70 
f 165/164/165 163/162/163 1574/1573/1385 1573/1572/1384 
f 160/159/160 1575/1574/1386 1574/1573/1385 163/162/163 
f 78/77/78 76/75/76 1574/1573/1385 1575/1574/1386 
f 72/71/72 1573/1572/1384 1574/1573/1385 76/75/76 
f 160/159/160 158/157/158 1576/1575/1387 1575/1574/1386 
f 154/153/154 1577/1576/1388 1576/1575/1387 158/157/158 
f 84/83/84 82/81/82 1576/1575/1387 1577/1576/1388 
f 78/77/78 1575/1574/1386 1576/1575/1387 82/81/82 
f 154/153/154 152/151/152 1578/1577/1389 1577/1576/1388 
f 148/147/148 1579/1578/1390 1578/1577/1389 152/151/152 
f 90/89/90 88/87/88 1578/1577/1389 1579/1578/1390 
f 84/83/84 1577/1576/1388 1578/1577/1389 88/87/88 
f 148/147/148 146/145/146 1580/1579/1391 1579/1578/1390 
f 142/141/142 1581/1580/1392 1580/1579/1391 146/145/146 
f 96/95/96 94/93/94 1580/1579/1391 1581/1580/1392 
f 90/89/90 1579/1578/1390 1580/1579/1391 94/93/94 
f 142/141/142 140/139/140 1582/1581/1393 1581/1580/1392 
f 136/135/136 1583/1582/1394 1582/1581/1393 140/139/140 
f 102/101/102 100/99/100 1582/1581/1393 1583/1582/1394 
f 96/95/96 1581/1580/1392 1582/1581/1393 100/99/100 
f 136/135/136 134/133/134 1584/1583/1395 1583/1582/1394 
f 130/129/130 1570/1569/1381 1584/1583/1395 134/133/134 
f 61/60/61 106/105/106 1584/1583/1395 1570/1569/1381 
f 102/101/102 1583/1582/1394 1584/1583/1395 106/105/106 
f 1585/1584/1396 1586/1585/1397 1587/1586/1398 1588/1587/1399 
f 495/494/495 1589/1588/1400 1587/1586/1398 1586/1585/1397 
f 1590/1589/1401 1591/1590/1402 1587/1586/1398 1589/1588/1400 
f 1592/1591/1403 1588/1587/1399 1587/1586/1398 1591/1590/1402 
f 417/416/417 416/415/416 1593/1592/1404 1594/1593/1405 
f 415/414/415 1595/1594/1406 1593/1592/1404 416/415/416 
f 1596/1595/1407 1597/1596/1408 1593/1592/1404 1595/1594/1406 
f 1598/1597/1409 1594/1593/1405 1593/1592/1404 1597/1596/1408 
f 1599/1598/1410 1600/1599/1411 1601/1600/1412 1602/1601/1413 
f 1603/1598/1414 1604/1602/1415 1601/1600/1412 1600/1599/1411 
f 1605/1603/1416 1606/1604/1417 1601/1600/1412 1604/1602/1415 
f 1607/1605/1418 1602/1601/1413 1601/1600/1412 1606/1604/1417 
f 1608/1606/1419 1609/1607/1420 1610/1608/1421 1611/1609/1422 
f 1607/1605/1418 1606/1604/1417 1610/1608/1421 1609/1607/1420 
f 1605/1603/1416 1612/1610/1423 1610/1608/1421 1606/1604/1417 
f 1613/1611/1424 1611/1609/1422 1610/1608/1421 1612/1610/1423 
f 1614/1612/1425 1615/1613/1426 1616/1614/1427 1617/1615/1428 
f 1596/1595/1407 1595/1594/1406 1616/1614/1427 1615/1613/1426 
f 415/414/415 1618/1616/1429 1616/1614/1427 1595/1594/1406 
f 497/496/497 1617/1615/1428 1616/1614/1427 1618/1616/1429 
f 1598/1597/1409 1619/1617/1430 1620/1618/1431 1594/1593/1405 
f 1621/1619/1432 1622/1620/1433 1620/1618/1431 1619/1617/1430 
f 534/533/534 537/536/537 1620/1618/1431 1622/1620/1433 
f 417/416/417 1594/1593/1405 1620/1618/1431 537/536/537 
f 1621/1619/1432 1623/1621/1434 1624/1622/1435 1622/1620/1433 
f 1592/1591/1403 1591/1590/1402 1624/1622/1435 1623/1621/1434 
f 1590/1589/1401 1625/1623/1436 1624/1622/1435 1591/1590/1402 
f 534/533/534 1622/1620/1433 1624/1622/1435 1625/1623/1436 
f 1585/1584/1396 1626/1624/1437 1627/1625/1438 1586/1585/1397 
f 1614/1612/1425 1617/1615/1428 1627/1625/1438 1626/1624/1437 
f 497/496/497 496/495/496 1627/1625/1438 1617/1615/1428 
f 495/494/495 1586/1585/1397 1627/1625/1438 496/495/496 
f 1596/1595/1407 1615/1613/1426 1628/1626/1439 1629/1627/1440 
f 1614/1612/1425 1630/1628/1441 1628/1626/1439 1615/1613/1426 
f 1631/1629/1442 1632/1630/1443 1628/1631/1439 1630/1632/1441 
f 1633/1633/1444 1629/1634/1440 1628/1631/1439 1632/1630/1443 
f 1614/1612/1425 1626/1624/1437 1634/1635/1445 1630/1628/1441 
f 1585/1584/1396 1635/1636/1446 1634/1635/1445 1626/1624/1437 
f 1636/1637/1447 1637/1638/1448 1634/1639/1445 1635/1640/1446 
f 1631/1629/1442 1630/1632/1441 1634/1639/1445 1637/1638/1448 
f 1585/1584/1396 1588/1587/1399 1638/1641/1449 1635/1636/1446 
f 1592/1591/1403 1639/1642/1450 1638/1641/1449 1588/1587/1399 
f 1640/1643/1451 1641/1644/1452 1638/1645/1449 1639/1646/1450 
f 1636/1637/1447 1635/1640/1446 1638/1645/1449 1641/1644/1452 
f 1592/1591/1403 1623/1621/1434 1642/1647/1453 1639/1642/1450 
f 1621/1619/1432 1643/1648/1454 1642/1647/1453 1623/1621/1434 
f 1644/1649/1455 1645/1650/1456 1642/1651/1453 1643/1652/1454 
f 1640/1643/1451 1639/1646/1450 1642/1651/1453 1645/1650/1456 
f 1621/1619/1432 1619/1617/1430 1646/1653/1457 1643/1648/1454 
f 1598/1597/1409 1647/1654/1458 1646/1653/1457 1619/1617/1430 
f 1648/1655/1459 1649/1656/1460 1646/1657/1457 1647/1658/1458 
f 1644/1649/1455 1643/1652/1454 1646/1657/1457 1649/1656/1460 
f 1598/1597/1409 1597/1596/1408 1650/1659/1461 1647/1654/1458 
f 1596/1595/1407 1629/1627/1440 1650/1659/1461 1597/1596/1408 
f 1633/1633/1444 1651/1660/1462 1650/1661/1461 1629/1634/1440 
f 1648/1655/1459 1647/1658/1458 1650/1661/1461 1651/1660/1462 
f 1652/1662/1463 1653/1663/1464 1654/1664/1465 1655/1665/1466 
f 1656/1666/1467 1657/1667/1468 1654/1664/1465 1653/1663/1464 
f 1658/1668/1469 1659/1669/1470 1654/1664/1465 1657/1667/1468 
f 1660/1670/1471 1655/1665/1466 1654/1664/1465 1659/1669/1470 
f 1661/1671/1472 1662/1672/1473 1663/1673/1474 1664/1674/1475 
f 1665/1675/1476 1666/1676/1477 1663/1673/1474 1662/1672/1473 
f 1656/1666/1467 1653/1663/1464 1663/1673/1474 1666/1676/1477 
f 1652/1662/1463 1664/1674/1475 1663/1673/1474 1653/1663/1464 
f 1667/1677/1478 1668/1678/1479 1669/1679/1480 1670/1680/1481 
f 1671/1681/1482 1672/1682/1483 1669/1679/1480 1668/1678/1479 
f 1665/1675/1476 1662/1672/1473 1669/1679/1480 1672/1682/1483 
f 1661/1671/1472 1670/1680/1481 1669/1679/1480 1662/1672/1473 
f 1673/1683/1484 1674/1684/1485 1675/1685/1486 1676/1686/1487 
f 1677/1687/1488 1678/1688/1489 1675/1685/1486 1674/1684/1485 
f 1671/1681/1482 1668/1678/1479 1675/1685/1486 1678/1688/1489 
f 1667/1677/1478 1676/1686/1487 1675/1685/1486 1668/1678/1479 
f 1679/1689/1490 1680/1690/1491 1681/1691/1492 1682/1692/1493 
f 1683/1693/1494 1684/1694/1495 1681/1691/1492 1680/1690/1491 
f 1677/1687/1488 1674/1684/1485 1681/1691/1492 1684/1694/1495 
f 1673/1683/1484 1682/1692/1493 1681/1691/1492 1674/1684/1485 
f 1660/1670/1471 1659/1669/1470 1685/1695/1496 1686/1696/1497 
f 1658/1668/1469 1687/1697/1498 1685/1695/1496 1659/1669/1470 
f 1683/1693/1494 1680/1690/1491 1685/1695/1496 1687/1697/1498 
f 1679/1689/1490 1686/1696/1497 1685/1695/1496 1680/1690/1491 
f 1688/1698/1499 1689/1699/1500 1690/1700/1501 1691/1701/1502 
f 1692/1702/1503 1693/1703/1504 1690/1700/1501 1689/1699/1500 
f 1694/1704/1505 1695/1705/1506 1690/1700/1501 1693/1703/1504 
f 1696/1706/1507 1691/1701/1502 1690/1700/1501 1695/1705/1506 
f 1697/1707/1508 1698/1708/1509 1699/1709/1510 1700/1710/1511 
f 1701/1711/1512 1702/1712/1513 1699/1709/1510 1698/1708/1509 
f 1703/1713/1514 1704/1714/1515 1699/1709/1510 1702/1712/1513 
f 1705/1715/1516 1700/1710/1511 1699/1709/1510 1704/1714/1515 
f 1660/1670/1471 1706/1716/1517 1707/1717/1518 1655/1665/1466 
f 1708/1718/1519 1709/1719/1520 1707/1717/1518 1706/1716/1517 
f 1710/1720/1521 1711/1721/1522 1707/1717/1518 1709/1719/1520 
f 1652/1662/1463 1655/1665/1466 1707/1717/1518 1711/1721/1522 
f 1712/1722/1523 1713/1723/1524 1714/1724/1525 1715/1725/1526 
f 1716/1726/1527 1717/1727/1528 1714/1724/1525 1713/1723/1524 
f 1692/1702/1503 1689/1699/1500 1714/1724/1525 1717/1727/1528 
f 1688/1698/1499 1715/1725/1526 1714/1724/1525 1689/1699/1500 
f 1718/1728/1529 1719/1729/1530 1720/1730/1531 1721/1731/1532 
f 1722/1732/1533 1723/1733/1534 1720/1730/1531 1719/1729/1530 
f 1701/1711/1512 1698/1708/1509 1720/1730/1531 1723/1733/1534 
f 1697/1707/1508 1721/1731/1532 1720/1730/1531 1698/1708/1509 
f 1652/1662/1463 1711/1721/1522 1724/1734/1535 1664/1674/1475 
f 1710/1720/1521 1725/1735/1536 1724/1734/1535 1711/1721/1522 
f 1726/1736/1537 1727/1737/1538 1724/1734/1535 1725/1735/1536 
f 1661/1671/1472 1664/1674/1475 1724/1734/1535 1727/1737/1538 
f 1728/1738/1539 1729/1739/1540 1730/1740/1541 1731/1741/1542 
f 1732/1742/1543 1733/1743/1544 1730/1740/1541 1729/1739/1540 
f 1716/1726/1527 1713/1723/1524 1730/1740/1541 1733/1743/1544 
f 1712/1722/1523 1731/1741/1542 1730/1740/1541 1713/1723/1524 
f 1734/1744/1545 1735/1745/1546 1736/1746/1547 1737/1747/1548 
f 1738/1748/1549 1739/1749/1550 1736/1746/1547 1735/1745/1546 
f 1722/1732/1533 1719/1729/1530 1736/1746/1547 1739/1749/1550 
f 1718/1728/1529 1737/1747/1548 1736/1746/1547 1719/1729/1530 
f 1661/1671/1472 1727/1737/1538 1740/1750/1551 1670/1680/1481 
f 1726/1736/1537 1741/1751/1552 1740/1750/1551 1727/1737/1538 
f 1742/1752/1553 1743/1753/1554 1740/1750/1551 1741/1751/1552 
f 1667/1677/1478 1670/1680/1481 1740/1750/1551 1743/1753/1554 
f 1744/1754/1555 1745/1755/1556 1746/1756/1557 1747/1757/1558 
f 1748/1758/1559 1749/1759/1560 1746/1756/1557 1745/1755/1556 
f 1732/1742/1543 1729/1739/1540 1746/1756/1557 1749/1759/1560 
f 1728/1738/1539 1747/1757/1558 1746/1756/1557 1729/1739/1540 
f 1750/1760/1561 1751/1761/1562 1752/1762/1563 1753/1763/1564 
f 1754/1764/1565 1755/1765/1566 1752/1762/1563 1751/1761/1562 
f 1738/1748/1549 1735/1745/1546 1752/1762/1563 1755/1765/1566 
f 1734/1744/1545 1753/1763/1564 1752/1762/1563 1735/1745/1546 
f 1667/1677/1478 1743/1753/1554 1756/1766/1567 1676/1686/1487 
f 1742/1752/1553 1757/1767/1568 1756/1766/1567 1743/1753/1554 
f 1758/1768/1569 1759/1769/1570 1756/1766/1567 1757/1767/1568 
f 1673/1683/1484 1676/1686/1487 1756/1766/1567 1759/1769/1570 
f 1760/1770/1571 1761/1771/1572 1762/1772/1573 1763/1773/1574 
f 1764/1774/1575 1765/1775/1576 1762/1772/1573 1761/1771/1572 
f 1748/1758/1559 1745/1755/1556 1762/1772/1573 1765/1775/1576 
f 1744/1754/1555 1763/1773/1574 1762/1772/1573 1745/1755/1556 
f 1766/1776/1577 1767/1777/1578 1768/1778/1579 1769/1779/1580 
f 1770/1780/1581 1771/1781/1582 1768/1778/1579 1767/1777/1578 
f 1754/1764/1565 1751/1761/1562 1768/1778/1579 1771/1781/1582 
f 1750/1760/1561 1769/1779/1580 1768/1778/1579 1751/1761/1562 
f 1673/1683/1484 1759/1769/1570 1772/1782/1583 1682/1692/1493 
f 1758/1768/1569 1773/1783/1584 1772/1782/1583 1759/1769/1570 
f 1774/1784/1585 1775/1785/1586 1772/1782/1583 1773/1783/1584 
f 1679/1689/1490 1682/1692/1493 1772/1782/1583 1775/1785/1586 
f 1696/1706/1507 1695/1705/1506 1776/1786/1587 1777/1787/1588 
f 1694/1704/1505 1778/1788/1589 1776/1786/1587 1695/1705/1506 
f 1764/1774/1575 1761/1771/1572 1776/1786/1587 1778/1788/1589 
f 1760/1770/1571 1777/1787/1588 1776/1786/1587 1761/1771/1572 
f 1705/1715/1516 1704/1714/1515 1779/1789/1590 1780/1790/1591 
f 1703/1713/1514 1781/1791/1592 1779/1789/1590 1704/1714/1515 
f 1770/1780/1581 1767/1777/1578 1779/1789/1590 1781/1791/1592 
f 1766/1776/1577 1780/1790/1591 1779/1789/1590 1767/1777/1578 
f 1679/1689/1490 1775/1785/1586 1782/1792/1593 1686/1696/1497 
f 1774/1784/1585 1783/1793/1594 1782/1792/1593 1775/1785/1586 
f 1708/1718/1519 1706/1716/1517 1782/1792/1593 1783/1793/1594 
f 1660/1670/1471 1686/1696/1497 1782/1792/1593 1706/1716/1517 
f 1656/1666/1467 1784/1794/1595 1785/1795/1596 1657/1667/1468 
f 1697/1707/1508 1700/1710/1511 1785/1795/1596 1784/1794/1595 
f 1705/1715/1516 1786/1796/1597 1785/1795/1596 1700/1710/1511 
f 1658/1668/1469 1657/1667/1468 1785/1795/1596 1786/1796/1597 
f 1665/1675/1476 1787/1797/1598 1788/1798/1599 1666/1676/1477 
f 1718/1728/1529 1721/1731/1532 1788/1798/1599 1787/1797/1598 
f 1697/1707/1508 1784/1794/1595 1788/1798/1599 1721/1731/1532 
f 1656/1666/1467 1666/1676/1477 1788/1798/1599 1784/1794/1595 
f 1671/1681/1482 1789/1799/1600 1790/1800/1601 1672/1682/1483 
f 1734/1744/1545 1737/1747/1548 1790/1800/1601 1789/1799/1600 
f 1718/1728/1529 1787/1797/1598 1790/1800/1601 1737/1747/1548 
f 1665/1675/1476 1672/1682/1483 1790/1800/1601 1787/1797/1598 
f 1677/1687/1488 1791/1801/1602 1792/1802/1603 1678/1688/1489 
f 1750/1760/1561 1753/1763/1564 1792/1802/1603 1791/1801/1602 
f 1734/1744/1545 1789/1799/1600 1792/1802/1603 1753/1763/1564 
f 1671/1681/1482 1678/1688/1489 1792/1802/1603 1789/1799/1600 
f 1683/1693/1494 1793/1803/1604 1794/1804/1605 1684/1694/1495 
f 1766/1776/1577 1769/1779/1580 1794/1804/1605 1793/1803/1604 
f 1750/1760/1561 1791/1801/1602 1794/1804/1605 1769/1779/1580 
f 1677/1687/1488 1684/1694/1495 1794/1804/1605 1791/1801/1602 
f 1658/1668/1469 1786/1796/1597 1795/1805/1606 1687/1697/1498 
f 1705/1715/1516 1780/1790/1591 1795/1805/1606 1786/1796/1597 
f 1766/1776/1577 1793/1803/1604 1795/1805/1606 1780/1790/1591 
f 1683/1693/1494 1687/1697/1498 1795/1805/1606 1793/1803/1604 
f 1701/1711/1512 1796/1806/1607 1797/1807/1608 1702/1712/1513 
f 1688/1698/1499 1691/1701/1502 1797/1807/1608 1796/1806/1607 
f 1696/1706/1507 1798/1808/1609 1797/1807/1608 1691/1701/1502 
f 1703/1713/1514 1702/1712/1513 1797/1807/1608 1798/1808/1609 
f 1722/1732/1533 1799/1809/1610 1800/1810/1611 1723/1733/1534 
f 1712/1722/1523 1715/1725/1526 1800/1810/1611 1799/1809/1610 
f 1688/1698/1499 1796/1806/1607 1800/1810/1611 1715/1725/1526 
f 1701/1711/1512 1723/1733/1534 1800/1810/1611 1796/1806/1607 
f 1738/1748/1549 1801/1811/1612 1802/1812/1613 1739/1749/1550 
f 1728/1738/1539 1731/1741/1542 1802/1812/1613 1801/1811/1612 
f 1712/1722/1523 1799/1809/1610 1802/1812/1613 1731/1741/1542 
f 1722/1732/1533 1739/1749/1550 1802/1812/1613 1799/1809/1610 
f 1754/1764/1565 1803/1813/1614 1804/1814/1615 1755/1765/1566 
f 1744/1754/1555 1747/1757/1558 1804/1814/1615 1803/1813/1614 
f 1728/1738/1539 1801/1811/1612 1804/1814/1615 1747/1757/1558 
f 1738/1748/1549 1755/1765/1566 1804/1814/1615 1801/1811/1612 
f 1770/1780/1581 1805/1815/1616 1806/1816/1617 1771/1781/1582 
f 1760/1770/1571 1763/1773/1574 1806/1816/1617 1805/1815/1616 
f 1744/1754/1555 1803/1813/1614 1806/1816/1617 1763/1773/1574 
f 1754/1764/1565 1771/1781/1582 1806/1816/1617 1803/1813/1614 
f 1703/1713/1514 1798/1808/1609 1807/1817/1618 1781/1791/1592 
f 1696/1706/1507 1777/1787/1588 1807/1817/1618 1798/1808/1609 
f 1760/1770/1571 1805/1815/1616 1807/1817/1618 1777/1787/1588 
f 1770/1780/1581 1781/1791/1592 1807/1817/1618 1805/1815/1616 
f 1692/1702/1503 1808/1818/1619 1809/1819/1620 1693/1703/1504 
f 1810/1820/1621 1811/1821/1622 1809/1819/1620 1808/1818/1619 
f 1812/1822/1623 1813/1823/1624 1809/1819/1620 1811/1821/1622 
f 1694/1704/1505 1693/1703/1504 1809/1819/1620 1813/1823/1624 
f 1716/1726/1527 1814/1824/1625 1815/1825/1626 1717/1727/1528 
f 1816/1826/1627 1817/1827/1628 1815/1825/1626 1814/1824/1625 
f 1810/1820/1621 1808/1818/1619 1815/1825/1626 1817/1827/1628 
f 1692/1702/1503 1717/1727/1528 1815/1825/1626 1808/1818/1619 
f 1732/1742/1543 1818/1828/1629 1819/1829/1630 1733/1743/1544 
f 1820/1830/1631 1821/1831/1632 1819/1829/1630 1818/1828/1629 
f 1816/1826/1627 1814/1824/1625 1819/1829/1630 1821/1831/1632 
f 1716/1726/1527 1733/1743/1544 1819/1829/1630 1814/1824/1625 
f 1748/1758/1559 1822/1832/1633 1823/1833/1634 1749/1759/1560 
f 1824/1834/1635 1825/1835/1636 1823/1833/1634 1822/1832/1633 
f 1820/1830/1631 1818/1828/1629 1823/1833/1634 1825/1835/1636 
f 1732/1742/1543 1749/1759/1560 1823/1833/1634 1818/1828/1629 
f 1764/1774/1575 1826/1836/1637 1827/1837/1638 1765/1775/1576 
f 1828/1838/1639 1829/1839/1640 1827/1837/1638 1826/1836/1637 
f 1824/1834/1635 1822/1832/1633 1827/1837/1638 1829/1839/1640 
f 1748/1758/1559 1765/1775/1576 1827/1837/1638 1822/1832/1633 
f 1694/1704/1505 1813/1823/1624 1830/1840/1641 1778/1788/1589 
f 1812/1822/1623 1831/1841/1642 1830/1840/1641 1813/1823/1624 
f 1828/1838/1639 1826/1836/1637 1830/1840/1641 1831/1841/1642 
f 1764/1774/1575 1778/1788/1589 1830/1840/1641 1826/1836/1637 
f 1812/1822/1623 1811/1821/1622 1832/1842/1643 1833/1843/1644 
f 1810/1820/1621 1834/1844/1645 1832/1842/1643 1811/1821/1622 
f 1835/1845/1646 1836/1846/1647 1832/1842/1643 1834/1844/1645 
f 1837/1847/1648 1833/1843/1644 1832/1842/1643 1836/1846/1647 
f 1810/1820/1621 1817/1827/1628 1838/1848/1649 1834/1844/1645 
f 1816/1826/1627 1839/1849/1650 1838/1848/1649 1817/1827/1628 
f 1840/1850/1651 1841/1851/1652 1838/1848/1649 1839/1849/1650 
f 1835/1845/1646 1834/1844/1645 1838/1848/1649 1841/1851/1652 
f 1816/1826/1627 1821/1831/1632 1842/1852/1653 1839/1849/1650 
f 1820/1830/1631 1843/1853/1654 1842/1852/1653 1821/1831/1632 
f 1844/1854/1655 1845/1855/1656 1842/1852/1653 1843/1853/1654 
f 1840/1850/1651 1839/1849/1650 1842/1852/1653 1845/1855/1656 
f 1820/1830/1631 1825/1835/1636 1846/1856/1657 1843/1853/1654 
f 1824/1834/1635 1847/1857/1658 1846/1856/1657 1825/1835/1636 
f 1848/1858/1659 1849/1859/1660 1846/1856/1657 1847/1857/1658 
f 1844/1854/1655 1843/1853/1654 1846/1856/1657 1849/1859/1660 
f 1824/1834/1635 1829/1839/1640 1850/1860/1661 1847/1857/1658 
f 1828/1838/1639 1851/1861/1662 1850/1860/1661 1829/1839/1640 
f 1852/1862/1663 1853/1863/1664 1850/1860/1661 1851/1861/1662 
f 1848/1858/1659 1847/1857/1658 1850/1860/1661 1853/1863/1664 
f 1828/1838/1639 1831/1841/1642 1854/1864/1665 1851/1861/1662 
f 1812/1822/1623 1833/1843/1644 1854/1864/1665 1831/1841/1642 
f 1837/1847/1648 1855/1865/1666 1854/1864/1665 1833/1843/1644 
f 1852/1862/1663 1851/1861/1662 1854/1864/1665 1855/1865/1666 
f 1708/1718/1519 1856/1866/1667 1857/1867/1668 1709/1719/1520 
f 1633/1633/1444 1632/1630/1443 1857/1867/1668 1856/1866/1667 
f 1631/1629/1442 1858/1868/1669 1857/1867/1668 1632/1630/1443 
f 1710/1720/1521 1709/1719/1520 1857/1867/1668 1858/1868/1669 
f 1710/1720/1521 1858/1868/1669 1859/1869/1670 1725/1735/1536 
f 1631/1629/1442 1637/1638/1448 1859/1869/1670 1858/1868/1669 
f 1636/1637/1447 1860/1870/1671 1859/1869/1670 1637/1638/1448 
f 1726/1736/1537 1725/1735/1536 1859/1869/1670 1860/1870/1671 
f 1726/1736/1537 1860/1870/1671 1861/1871/1672 1741/1751/1552 
f 1636/1637/1447 1641/1644/1452 1861/1871/1672 1860/1870/1671 
f 1640/1643/1451 1862/1872/1673 1861/1871/1672 1641/1644/1452 
f 1742/1752/1553 1741/1751/1552 1861/1871/1672 1862/1872/1673 
f 1742/1752/1553 1862/1872/1673 1863/1873/1674 1757/1767/1568 
f 1640/1643/1451 1645/1650/1456 1863/1873/1674 1862/1872/1673 
f 1644/1649/1455 1864/1874/1675 1863/1873/1674 1645/1650/1456 
f 1758/1768/1569 1757/1767/1568 1863/1873/1674 1864/1874/1675 
f 1758/1768/1569 1864/1874/1675 1865/1875/1676 1773/1783/1584 
f 1644/1649/1455 1649/1656/1460 1865/1875/1676 1864/1874/1675 
f 1648/1655/1459 1866/1876/1677 1865/1875/1676 1649/1656/1460 
f 1774/1784/1585 1773/1783/1584 1865/1875/1676 1866/1876/1677 
f 1774/1784/1585 1866/1876/1677 1867/1877/1678 1783/1793/1594 
f 1648/1655/1459 1651/1660/1462 1867/1877/1678 1866/1876/1677 
f 1633/1633/1444 1856/1866/1667 1867/1877/1678 1651/1660/1462 
f 1708/1718/1519 1783/1793/1594 1867/1877/1678 1856/1866/1667 
f 1060/1059/1014 1868/1878/1679 1869/1879/1679 1061/1060/1014 
f 606/605/606 655/654/655 1869/1879/1679 1868/1878/1679 
f 654/653/654 1870/1880/1679 1869/1879/1679 655/654/655 
f 1062/1061/1014 1061/1060/1014 1869/1879/1679 1870/1880/1679 
f 1081/1080/1039 1871/1881/1680 1872/1882/1681 1082/1081/1040 
f 608/607/608 607/606/607 1872/1882/1681 1871/1881/1680 
f 606/605/606 1868/1878/1679 1872/1882/1681 607/606/607 
f 1060/1059/1014 1082/1081/1040 1872/1882/1681 1868/1878/1679 
f 1095/1094/1050 1873/1883/1682 1874/1884/1683 1096/1095/1051 
f 600/599/600 603/602/603 1874/1884/1683 1873/1883/1682 
f 608/607/608 1871/1881/1680 1874/1884/1683 603/602/603 
f 1081/1080/1039 1096/1095/1051 1874/1884/1683 1871/1881/1680 
f 1109/1108/1064 1376/1375/1249 1875/1885/1684 1110/1109/1065 
f 1362/1361/1235 1361/1360/1234 1875/1885/1684 1376/1375/1249 
f 1360/1359/1233 1876/1886/1685 1875/1885/1684 1361/1360/1234 
f 1111/1110/1066 1110/1109/1065 1875/1885/1684 1876/1886/1685 
f 1130/1129/1014 1877/1887/1686 1878/1888/1687 1131/1130/1014 
f 426/425/426 425/424/425 1878/1888/1687 1877/1887/1686 
f 424/423/424 1375/1374/1248 1878/1888/1687 425/424/425 
f 1132/1131/1014 1131/1130/1014 1878/1888/1687 1375/1374/1248 
f 1062/1061/1014 1870/1880/1679 1879/1889/1686 1147/1146/1014 
f 654/653/654 660/659/660 1879/1889/1686 1870/1880/1679 
f 426/425/426 1877/1887/1686 1879/1889/1686 660/659/660 
f 1130/1129/1014 1147/1146/1014 1879/1889/1686 1877/1887/1686 
f 1109/1108/1064 1106/1105/1061 1880/1890/1251 1377/1376/1250 
f 1105/1104/1060 1378/1377/1251 1880/1890/1251 1106/1105/1061 
f 1134/1133/1014 1133/1132/1014 1880/1890/1251 1378/1377/1251 
f 1132/1131/1014 1377/1376/1250 1880/1890/1251 1133/1132/1014 
f 621/620/621 624/623/624 1881/1891/1688 1882/1892/1689 
f 626/625/626 1883/1893/1690 1881/1891/1688 624/623/624 
f 1884/1894/1691 1885/1895/1692 1881/1891/1688 1883/1893/1690 
f 1886/1896/1693 1882/1892/1689 1881/1891/1688 1885/1895/1692 
f 626/625/626 1479/1478/1294 1887/1897/1694 1883/1893/1690 
f 1478/1477/1198 1888/1898/1198 1887/1897/1694 1479/1478/1294 
f 1889/1899/1198 1890/1900/1695 1887/1897/1694 1888/1898/1198 
f 1884/1894/1691 1883/1893/1690 1887/1897/1694 1890/1900/1695 
f 1478/1477/1198 1501/1500/1313 1891/1901/1696 1888/1898/1198 
f 1490/1489/1303 1892/1902/1697 1891/1901/1696 1501/1500/1313 
f 1893/1903/1698 1894/1904/1696 1891/1901/1696 1892/1902/1697 
f 1889/1899/1198 1888/1898/1198 1891/1901/1696 1894/1904/1696 
f 1490/1489/1303 1489/1488/1302 1895/1905/1699 1892/1902/1697 
f 1488/1487/1301 1896/1906/1700 1895/1905/1699 1489/1488/1302 
f 1897/1907/1701 1898/1908/1702 1895/1905/1699 1896/1906/1700 
f 1893/1903/1698 1892/1902/1697 1895/1905/1699 1898/1908/1702 
f 1886/1896/1693 1885/1895/1692 1899/1909/1703 1900/1910/1704 
f 1884/1894/1691 1901/1911/1705 1899/1909/1703 1885/1895/1692 
f 1902/1912/1706 1903/1913/1707 1899/1909/1703 1901/1911/1705 
f 1904/1914/1708 1900/1910/1704 1899/1909/1703 1903/1913/1707 
f 1884/1894/1691 1890/1900/1695 1905/1915/1709 1901/1911/1705 
f 1889/1899/1198 1906/1916/1198 1905/1915/1709 1890/1900/1695 
f 1907/1917/1710 1908/1918/1711 1905/1915/1709 1906/1916/1198 
f 1902/1912/1706 1901/1911/1705 1905/1915/1709 1908/1918/1711 
f 1889/1899/1198 1894/1904/1696 1909/1919/1712 1906/1916/1198 
f 1893/1903/1698 1910/1920/1713 1909/1919/1712 1894/1904/1696 
f 1911/1921/1714 1912/1922/1715 1909/1919/1712 1910/1920/1713 
f 1907/1917/1710 1906/1916/1198 1909/1919/1712 1912/1922/1715 
f 1893/1903/1698 1898/1908/1702 1913/1923/1716 1910/1920/1713 
f 1897/1907/1701 1914/1924/1717 1913/1923/1716 1898/1908/1702 
f 1915/1925/1718 1916/1926/1719 1913/1923/1716 1914/1924/1717 
f 1911/1921/1714 1910/1920/1713 1913/1923/1716 1916/1926/1719 
f 1902/1912/1706 1917/1927/1720 1918/1928/1721 1903/1913/1707 
f 346/345/346 349/348/349 1918/1928/1721 1917/1927/1720 
f 354/353/354 1919/1929/1722 1918/1928/1721 349/348/349 
f 1904/1914/1708 1903/1913/1707 1918/1928/1721 1919/1929/1722 
f 1907/1917/1710 1920/1930/1687 1921/1931/1723 1908/1918/1711 
f 350/349/350 347/346/347 1921/1931/1723 1920/1930/1687 
f 346/345/346 1917/1927/1720 1921/1931/1723 347/346/347 
f 1902/1912/1706 1908/1918/1711 1921/1931/1723 1917/1927/1720 
f 1911/1921/1714 1922/1932/1724 1923/1933/1725 1912/1922/1715 
f 1339/1338/1212 1337/1336/1210 1923/1933/1725 1922/1932/1724 
f 350/349/350 1920/1930/1687 1923/1933/1725 1337/1336/1210 
f 1907/1917/1710 1912/1922/1715 1923/1933/1725 1920/1930/1687 
f 1915/1925/1718 1924/1934/1726 1925/1935/1727 1916/1926/1719 
f 1341/1340/1214 1340/1339/1213 1925/1935/1727 1924/1934/1726 
f 1339/1338/1212 1922/1932/1724 1925/1935/1727 1340/1339/1213 
f 1911/1921/1714 1916/1926/1719 1925/1935/1727 1922/1932/1724 
f 1835/1845/1646 1926/1936/1728 1927/1937/1729 1836/1846/1647 
f 1928/1938/1730 1929/1939/1731 1927/1937/1729 1926/1936/1728 
f 1930/1940/1732 1931/1941/1733 1927/1937/1729 1929/1939/1731 
f 1837/1847/1648 1836/1846/1647 1927/1937/1729 1931/1941/1733 
f 1840/1850/1651 1932/1942/1734 1933/1943/1735 1841/1851/1652 
f 1934/1944/1736 1935/1945/1737 1933/1943/1735 1932/1942/1734 
f 1928/1938/1730 1926/1936/1728 1933/1943/1735 1935/1945/1737 
f 1835/1845/1646 1841/1851/1652 1933/1943/1735 1926/1936/1728 
f 1844/1854/1655 1936/1946/1738 1937/1947/1739 1845/1855/1656 
f 1938/1948/1740 1939/1949/1741 1937/1947/1739 1936/1946/1738 
f 1934/1944/1736 1932/1942/1734 1937/1947/1739 1939/1949/1741 
f 1840/1850/1651 1845/1855/1656 1937/1947/1739 1932/1942/1734 
f 1848/1858/1659 1940/1950/1742 1941/1951/1743 1849/1859/1660 
f 1942/1952/1744 1943/1953/1745 1941/1951/1743 1940/1950/1742 
f 1938/1948/1740 1936/1946/1738 1941/1951/1743 1943/1953/1745 
f 1844/1854/1655 1849/1859/1660 1941/1951/1743 1936/1946/1738 
f 1852/1862/1663 1944/1954/1746 1945/1955/1747 1853/1863/1664 
f 1946/1956/1748 1947/1957/1749 1945/1955/1747 1944/1954/1746 
f 1942/1952/1744 1940/1950/1742 1945/1955/1747 1947/1957/1749 
f 1848/1858/1659 1853/1863/1664 1945/1955/1747 1940/1950/1742 
f 1837/1847/1648 1931/1941/1733 1948/1958/1750 1855/1865/1666 
f 1930/1940/1732 1949/1959/1751 1948/1958/1750 1931/1941/1733 
f 1946/1956/1748 1944/1954/1746 1948/1958/1750 1949/1959/1751 
f 1852/1862/1663 1855/1865/1666 1948/1958/1750 1944/1954/1746 
f 667/666/667 1950/1960/1752 1951/1961/1753 668/667/668 
f 737/736/737 735/734/735 1951/1961/1753 1950/1960/1752 
f 731/730/731 1952/1962/1754 1951/1961/1753 735/734/735 
f 669/668/669 668/667/668 1951/1961/1753 1952/1962/1754 
f 671/670/671 1953/1963/1755 1954/1964/1756 666/665/666 
f 944/943/944 941/940/941 1954/1964/1756 1953/1963/1755 
f 940/939/940 1955/1965/1757 1954/1964/1756 941/940/941 
f 663/662/663 666/665/666 1954/1964/1756 1955/1965/1757 
f 669/668/669 1952/1962/1754 1956/1966/1758 674/673/674 
f 731/730/731 729/728/729 1956/1966/1758 1952/1962/1754 
f 725/724/725 1957/1967/1759 1956/1966/1758 729/728/729 
f 675/674/675 674/673/674 1956/1966/1758 1957/1967/1759 
f 677/676/677 1958/1968/1760 1959/1969/1761 673/672/673 
f 1354/1353/1227 1357/1356/1230 1959/1969/1761 1958/1968/1760 
f 944/943/944 1953/1963/1755 1959/1969/1761 1357/1356/1230 
f 671/670/671 673/672/673 1959/1969/1761 1953/1963/1755 
f 675/674/675 1957/1967/1759 1960/1970/1762 680/679/680 
f 725/724/725 723/722/723 1960/1970/1762 1957/1967/1759 
f 719/718/719 1961/1971/1763 1960/1970/1762 723/722/723 
f 681/680/681 680/679/680 1960/1970/1762 1961/1971/1763 
f 683/682/683 1962/1972/1764 1963/1973/1765 679/678/679 
f 1350/1349/1223 1355/1354/1228 1963/1973/1765 1962/1972/1764 
f 1354/1353/1227 1958/1968/1760 1963/1973/1765 1355/1354/1228 
f 677/676/677 679/678/679 1963/1973/1765 1958/1968/1760 
f 681/680/681 1961/1971/1763 1964/1974/1766 686/685/686 
f 719/718/719 717/716/717 1964/1974/1766 1961/1971/1763 
f 713/712/713 1965/1975/1767 1964/1974/1766 717/716/717 
f 687/686/687 686/685/686 1964/1974/1766 1965/1975/1767 
f 689/688/689 1966/1976/1768 1967/1977/1769 685/684/685 
f 1345/1344/1218 1351/1350/1224 1967/1977/1769 1966/1976/1768 
f 1350/1349/1223 1962/1972/1764 1967/1977/1769 1351/1350/1224 
f 683/682/683 685/684/685 1967/1977/1769 1962/1972/1764 
f 687/686/687 1965/1975/1767 1968/1978/1770 692/691/692 
f 713/712/713 711/710/711 1968/1978/1770 1965/1975/1767 
f 706/705/706 1969/1979/1771 1968/1978/1770 711/710/711 
f 693/692/693 692/691/692 1968/1978/1770 1969/1979/1771 
f 695/694/695 1970/1980/1772 1971/1981/1773 691/690/691 
f 917/916/917 1346/1345/1219 1971/1981/1773 1970/1980/1772 
f 1345/1344/1218 1966/1976/1768 1971/1981/1773 1346/1345/1219 
f 689/688/689 691/690/691 1971/1981/1773 1966/1976/1768 
f 693/692/693 1969/1979/1771 1972/1982/1774 698/697/698 
f 706/705/706 703/702/703 1972/1982/1774 1969/1979/1771 
f 702/701/702 1973/1983/1775 1972/1982/1774 703/702/703 
f 699/698/699 698/697/698 1972/1982/1774 1973/1983/1775 
f 701/700/701 1974/1984/1776 1975/1985/1777 697/696/697 
f 921/920/921 918/917/918 1975/1985/1777 1974/1984/1776 
f 917/916/917 1970/1980/1772 1975/1985/1777 918/917/918 
f 695/694/695 697/696/697 1975/1985/1777 1970/1980/1772 
f 745/744/745 1976/1986/1778 1977/1987/1779 746/745/746 
f 784/783/784 781/780/781 1977/1987/1779 1976/1986/1778 
f 780/779/780 1978/1988/1780 1977/1987/1779 781/780/781 
f 747/746/747 746/745/746 1977/1987/1779 1978/1988/1780 
f 749/748/749 1979/1989/1781 1980/1990/1782 744/743/744 
f 1981/1991/1783 1982/1992/1784 1980/1990/1782 1979/1989/1781 
f 1983/1993/1785 1984/1994/1786 1980/1990/1782 1982/1992/1784 
f 741/740/741 744/743/744 1980/1990/1782 1984/1994/1786 
f 754/753/754 1985/1995/1787 1986/1996/1788 755/754/755 
f 791/790/791 789/788/789 1986/1996/1788 1985/1995/1787 
f 784/783/784 1976/1986/1778 1986/1996/1788 789/788/789 
f 745/744/745 755/754/755 1986/1996/1788 1976/1986/1778 
f 741/740/741 1984/1994/1786 1987/1997/1789 753/752/753 
f 1983/1993/1785 1988/1998/1790 1987/1997/1789 1984/1994/1786 
f 1989/1999/1791 1990/2000/1792 1987/1997/1789 1988/1998/1790 
f 750/749/750 753/752/753 1987/1997/1789 1990/2000/1792 
f 760/759/760 1991/2001/1793 1992/2002/1794 761/760/761 
f 797/796/797 795/794/795 1992/2002/1794 1991/2001/1793 
f 791/790/791 1985/1995/1787 1992/2002/1794 795/794/795 
f 754/753/754 761/760/761 1992/2002/1794 1985/1995/1787 
f 750/749/750 1990/2000/1792 1993/2003/1795 759/758/759 
f 1989/1999/1791 1994/2004/1796 1993/2003/1795 1990/2000/1792 
f 1995/2005/1797 1996/2006/1798 1993/2003/1795 1994/2004/1796 
f 756/755/756 759/758/759 1993/2003/1795 1996/2006/1798 
f 766/765/766 1997/2007/1799 1998/2008/1800 767/766/767 
f 803/802/803 801/800/801 1998/2008/1800 1997/2007/1799 
f 797/796/797 1991/2001/1793 1998/2008/1800 801/800/801 
f 760/759/760 767/766/767 1998/2008/1800 1991/2001/1793 
f 756/755/756 1996/2006/1798 1999/2009/1801 765/764/765 
f 1995/2005/1797 2000/2010/1802 1999/2009/1801 1996/2006/1798 
f 2001/2011/1803 2002/2012/1804 1999/2009/1801 2000/2010/1802 
f 762/761/762 765/764/765 1999/2009/1801 2002/2012/1804 
f 772/771/772 2003/2013/1805 2004/2014/1806 773/772/773 
f 809/808/809 807/806/807 2004/2014/1806 2003/2013/1805 
f 803/802/803 1997/2007/1799 2004/2014/1806 807/806/807 
f 766/765/766 773/772/773 2004/2014/1806 1997/2007/1799 
f 762/761/762 2002/2012/1804 2005/2015/1807 771/770/771 
f 2001/2011/1803 2006/2016/1808 2005/2015/1807 2002/2012/1804 
f 2007/2017/1809 2008/2018/1810 2005/2015/1807 2006/2016/1808 
f 768/767/768 771/770/771 2005/2015/1807 2008/2018/1810 
f 778/777/778 2009/2019/1811 2010/2020/1812 779/778/779 
f 815/814/815 813/812/813 2010/2020/1812 2009/2019/1811 
f 809/808/809 2003/2013/1805 2010/2020/1812 813/812/813 
f 772/771/772 779/778/779 2010/2020/1812 2003/2013/1805 
f 768/767/768 2008/2018/1810 2011/2021/1813 777/776/777 
f 2007/2017/1809 2012/2022/1814 2011/2021/1813 2008/2018/1810 
f 2013/2023/1815 2014/2024/1816 2011/2021/1813 2012/2022/1814 
f 774/773/774 777/776/777 2011/2021/1813 2014/2024/1816 
f 836/835/836 2015/2025/1817 2016/2026/1818 837/836/837 
f 710/709/710 709/708/709 2016/2026/1818 2015/2025/1817 
f 708/707/708 2017/2027/1819 2016/2026/1818 709/708/709 
f 838/837/838 837/836/837 2016/2026/1818 2017/2027/1819 
f 840/839/840 2018/2028/1820 2019/2029/1821 835/834/835 
f 1983/1993/1785 1982/1992/1784 2019/2029/1821 2018/2028/1820 
f 1981/1991/1783 2020/2030/1822 2019/2029/1821 1982/1992/1784 
f 832/831/832 835/834/835 2019/2029/1821 2020/2030/1822 
f 838/837/838 2017/2027/1819 2021/2031/1823 843/842/843 
f 708/707/708 716/715/716 2021/2031/1823 2017/2027/1819 
f 715/714/715 2022/2032/1824 2021/2031/1823 716/715/716 
f 844/843/844 843/842/843 2021/2031/1823 2022/2032/1824 
f 846/845/846 2023/2033/1825 2024/2034/1826 842/841/842 
f 1989/1999/1791 1988/1998/1790 2024/2034/1826 2023/2033/1825 
f 1983/1993/1785 2018/2028/1820 2024/2034/1826 1988/1998/1790 
f 840/839/840 842/841/842 2024/2034/1826 2018/2028/1820 
f 844/843/844 2022/2032/1824 2025/2035/1827 849/848/849 
f 715/714/715 722/721/722 2025/2035/1827 2022/2032/1824 
f 721/720/721 2026/2036/1828 2025/2035/1827 722/721/722 
f 850/849/850 849/848/849 2025/2035/1827 2026/2036/1828 
f 852/851/852 2027/2037/1829 2028/2038/1830 848/847/848 
f 1995/2005/1797 1994/2004/1796 2028/2038/1830 2027/2037/1829 
f 1989/1999/1791 2023/2033/1825 2028/2038/1830 1994/2004/1796 
f 846/845/846 848/847/848 2028/2038/1830 2023/2033/1825 
f 850/849/850 2026/2036/1828 2029/2039/1831 855/854/855 
f 721/720/721 728/727/728 2029/2039/1831 2026/2036/1828 
f 727/726/727 2030/2040/1832 2029/2039/1831 728/727/728 
f 856/855/856 855/854/855 2029/2039/1831 2030/2040/1832 
f 858/857/858 2031/2041/1833 2032/2042/1834 854/853/854 
f 2001/2011/1803 2000/2010/1802 2032/2042/1834 2031/2041/1833 
f 1995/2005/1797 2027/2037/1829 2032/2042/1834 2000/2010/1802 
f 852/851/852 854/853/854 2032/2042/1834 2027/2037/1829 
f 856/855/856 2030/2040/1832 2033/2043/1835 861/860/861 
f 727/726/727 734/733/734 2033/2043/1835 2030/2040/1832 
f 733/732/733 2034/2044/1836 2033/2043/1835 734/733/734 
f 862/861/862 861/860/861 2033/2043/1835 2034/2044/1836 
f 864/863/864 2035/2045/1837 2036/2046/1838 860/859/860 
f 2007/2017/1809 2006/2016/1808 2036/2046/1838 2035/2045/1837 
f 2001/2011/1803 2031/2041/1833 2036/2046/1838 2006/2016/1808 
f 858/857/858 860/859/860 2036/2046/1838 2031/2041/1833 
f 862/861/862 2034/2044/1836 2037/2047/1839 867/866/867 
f 733/732/733 740/739/740 2037/2047/1839 2034/2044/1836 
f 739/738/739 2038/2048/1840 2037/2047/1839 740/739/740 
f 868/867/868 867/866/867 2037/2047/1839 2038/2048/1840 
f 870/869/870 2039/2049/1841 2040/2050/1842 866/865/866 
f 2013/2023/1815 2012/2022/1814 2040/2050/1842 2039/2049/1841 
f 2007/2017/1809 2035/2045/1837 2040/2050/1842 2012/2022/1814 
f 864/863/864 866/865/866 2040/2050/1842 2035/2045/1837 
f 2041/2051/1843 2042/2052/1844 2043/2053/1845 2044/2054/1846 
f 2045/2055/1847 2046/2056/1848 2043/2053/1845 2042/2052/1844 
f 2047/2057/1849 2048/2058/1850 2043/2053/1845 2046/2056/1848 
f 2049/2059/1851 2044/2054/1846 2043/2053/1845 2048/2058/1850 
f 2050/2060/1852 2051/2061/1853 2052/2062/1854 2053/2063/1855 
f 2054/2064/1856 2055/2065/1857 2052/2062/1854 2051/2061/1853 
f 2045/2055/1847 2042/2052/1844 2052/2062/1854 2055/2065/1857 
f 2041/2051/1843 2053/2063/1855 2052/2062/1854 2042/2052/1844 
f 2056/2066/1858 2057/2067/1859 2058/2068/1860 2059/2069/1861 
f 2047/2057/1849 2046/2056/1848 2058/2068/1860 2057/2067/1859 
f 2045/2055/1847 2060/2070/1862 2058/2068/1860 2046/2056/1848 
f 2061/2071/1863 2059/2069/1861 2058/2068/1860 2060/2070/1862 
f 2062/2072/1864 2063/2073/1865 2064/2074/1866 2065/2075/1867 
f 2061/2071/1863 2060/2070/1862 2064/2074/1866 2063/2073/1865 
f 2045/2055/1847 2055/2065/1857 2064/2074/1866 2060/2070/1862 
f 2054/2064/1856 2065/2075/1867 2064/2074/1866 2055/2065/1857 
f 2066/2076/1868 2067/2077/1869 2068/2078/1870 2069/2079/1871 
f 447/446/447 449/448/449 2068/2078/1870 2067/2077/1869 
f 453/452/453 2070/2080/1872 2068/2078/1870 449/448/449 
f 2071/2081/1873 2069/2079/1871 2068/2078/1870 2070/2080/1872 
f 2072/2082/1874 2073/2083/1875 2074/2084/1876 2075/2085/1877 
f 2071/2081/1873 2070/2080/1872 2074/2084/1876 2073/2083/1875 
f 453/452/453 455/454/455 2074/2084/1876 2070/2080/1872 
f 459/458/459 2075/2085/1877 2074/2084/1876 455/454/455 
f 415/414/415 414/413/414 2076/2086/1878 2077/2087/1879 
f 403/402/403 2078/2088/1880 2076/2086/1878 414/413/414 
f 2079/2089/1881 2080/2090/1882 2076/2086/1878 2078/2088/1880 
f 2081/2091/1883 2077/2087/1879 2076/2086/1878 2080/2090/1882 
f 2082/2092/1884 2083/2093/1885 2084/2094/1886 2085/2095/1887 
f 391/390/391 521/520/521 2084/2094/1886 2083/2093/1885 
f 483/482/483 2086/2096/1888 2084/2094/1886 521/520/521 
f 2087/2097/1889 2085/2095/1887 2084/2094/1886 2086/2096/1888 
f 459/458/459 498/497/498 2088/2098/1890 2075/2085/1877 
f 497/496/497 2089/2099/1891 2088/2098/1890 498/497/498 
f 2090/2100/1892 2091/2101/1893 2088/2098/1890 2089/2099/1891 
f 2072/2082/1874 2075/2085/1877 2088/2098/1890 2091/2101/1893 
f 2081/2091/1883 2092/2102/1894 2093/2103/1895 2077/2087/1879 
f 2090/2100/1892 2089/2099/1891 2093/2103/1895 2092/2102/1894 
f 497/496/497 1618/1616/1429 2093/2103/1895 2089/2099/1891 
f 415/414/415 2077/2087/1879 2093/2103/1895 1618/1616/1429 
f 2066/2076/1868 2094/2104/1896 2095/2105/1897 2067/2077/1869 
f 2087/2097/1889 2086/2096/1888 2095/2105/1897 2094/2104/1896 
f 483/482/483 486/485/486 2095/2105/1897 2086/2096/1888 
f 447/446/447 2067/2077/1869 2095/2105/1897 486/485/486 
f 2082/2092/1884 2096/2106/1898 2097/2107/1899 2083/2093/1885 
f 2079/2089/1881 2078/2088/1880 2097/2107/1899 2096/2106/1898 
f 403/402/403 402/401/402 2097/2107/1899 2078/2088/1880 
f 391/390/391 2083/2093/1885 2097/2107/1899 402/401/402 
f 2087/2097/1889 2094/2104/1896 2098/2108/1900 2099/2109/1901 
f 2066/2076/1868 2100/2110/1902 2098/2108/1900 2094/2104/1896 
f 2101/2111/1903 2102/2112/1904 2098/2108/1900 2100/2110/1902 
f 2103/2113/1905 2099/2109/1901 2098/2108/1900 2102/2112/1904 
f 2066/2076/1868 2069/2079/1871 2104/2114/1906 2100/2110/1902 
f 2071/2081/1873 2105/2115/1907 2104/2114/1906 2069/2079/1871 
f 2106/2116/1908 2107/2117/1909 2104/2114/1906 2105/2115/1907 
f 2101/2111/1903 2100/2110/1902 2104/2114/1906 2107/2117/1909 
f 2071/2081/1873 2073/2083/1875 2108/2118/1910 2105/2115/1907 
f 2072/2082/1874 2109/2119/1911 2108/2118/1910 2073/2083/1875 
f 2110/2120/1912 2111/2121/1913 2108/2118/1910 2109/2119/1911 
f 2106/2116/1908 2105/2115/1907 2108/2118/1910 2111/2121/1913 
f 2072/2082/1874 2091/2101/1893 2112/2122/1914 2109/2119/1911 
f 2090/2100/1892 2113/2123/1915 2112/2122/1914 2091/2101/1893 
f 2114/2124/1916 2115/2125/1917 2112/2122/1914 2113/2123/1915 
f 2110/2120/1912 2109/2119/1911 2112/2122/1914 2115/2125/1917 
f 2090/2100/1892 2092/2102/1894 2116/2126/1918 2113/2123/1915 
f 2081/2091/1883 2117/2127/1919 2116/2126/1918 2092/2102/1894 
f 2118/2128/1920 2119/2129/1921 2116/2126/1918 2117/2127/1919 
f 2114/2124/1916 2113/2123/1915 2116/2126/1918 2119/2129/1921 
f 2081/2091/1883 2080/2090/1882 2120/2130/1922 2117/2127/1919 
f 2079/2089/1881 2121/2131/1923 2120/2130/1922 2080/2090/1882 
f 2122/2132/1924 2123/2133/1925 2120/2130/1922 2121/2131/1923 
f 2118/2128/1920 2117/2127/1919 2120/2130/1922 2123/2133/1925 
f 2079/2089/1881 2096/2106/1898 2124/2134/1926 2121/2131/1923 
f 2082/2092/1884 2125/2135/1927 2124/2134/1926 2096/2106/1898 
f 2126/2136/1928 2127/2137/1929 2124/2134/1926 2125/2135/1927 
f 2122/2132/1924 2121/2131/1923 2124/2134/1926 2127/2137/1929 
f 2082/2092/1884 2085/2095/1887 2128/2138/1930 2125/2135/1927 
f 2087/2097/1889 2099/2109/1901 2128/2138/1930 2085/2095/1887 
f 2103/2113/1905 2129/2139/1931 2128/2138/1930 2099/2109/1901 
f 2126/2136/1928 2125/2135/1927 2128/2138/1930 2129/2139/1931 
f 2103/2140/1905 2102/2141/1904 2130/2142/1932 2131/2143/1933 
f 2101/2144/1903 2132/2145/1934 2130/2142/1932 2102/2141/1904 
f 2133/2146/1935 2134/2147/1936 2130/2142/1932 2132/2145/1934 
f 2135/2148/1937 2131/2143/1933 2130/2142/1932 2134/2147/1936 
f 2101/2144/1903 2107/2149/1909 2136/2150/1938 2132/2145/1934 
f 2106/2151/1908 2137/2152/1939 2136/2150/1938 2107/2149/1909 
f 2138/2153/1940 2139/2154/1941 2136/2150/1938 2137/2152/1939 
f 2133/2146/1935 2132/2145/1934 2136/2150/1938 2139/2154/1941 
f 2106/2151/1908 2111/2155/1913 2140/2156/1942 2137/2152/1939 
f 2110/2157/1912 2141/2158/1943 2140/2156/1942 2111/2155/1913 
f 2142/2159/1944 2143/2160/1945 2140/2156/1942 2141/2158/1943 
f 2138/2153/1940 2137/2152/1939 2140/2156/1942 2143/2160/1945 
f 2110/2157/1912 2115/2161/1917 2144/2162/1946 2141/2158/1943 
f 2114/2163/1916 2145/2164/1947 2144/2162/1946 2115/2161/1917 
f 2146/2165/1948 2147/2166/1949 2144/2162/1946 2145/2164/1947 
f 2142/2159/1944 2141/2158/1943 2144/2162/1946 2147/2166/1949 
f 2114/2163/1916 2119/2167/1921 2148/2168/1950 2145/2164/1947 
f 2118/2169/1920 2149/2170/1951 2148/2168/1950 2119/2167/1921 
f 2150/2171/1952 2151/2172/1953 2148/2168/1950 2149/2170/1951 
f 2146/2165/1948 2145/2164/1947 2148/2168/1950 2151/2172/1953 
f 2118/2169/1920 2123/2173/1925 2152/2174/1954 2149/2170/1951 
f 2122/2175/1924 2153/2176/1955 2152/2174/1954 2123/2173/1925 
f 2154/2177/1956 2155/2178/1957 2152/2174/1954 2153/2176/1955 
f 2150/2171/1952 2149/2170/1951 2152/2174/1954 2155/2178/1957 
f 2122/2175/1924 2127/2179/1929 2156/2180/1958 2153/2176/1955 
f 2126/2181/1928 2157/2182/1959 2156/2180/1958 2127/2179/1929 
f 2158/2183/1960 2159/2184/1961 2156/2180/1958 2157/2182/1959 
f 2154/2177/1956 2153/2176/1955 2156/2180/1958 2159/2184/1961 
f 2126/2181/1928 2129/2185/1931 2160/2186/1962 2157/2182/1959 
f 2103/2140/1905 2131/2143/1933 2160/2186/1962 2129/2185/1931 
f 2135/2148/1937 2161/2187/1963 2160/2186/1962 2131/2143/1933 
f 2158/2183/1960 2157/2182/1959 2160/2186/1962 2161/2187/1963 
f 2162/2188/1964 2163/2189/1965 2164/2190/1966 2165/2191/1967 
f 2166/2192/1968 2167/2193/1969 2164/2190/1966 2163/2189/1965 
f 2168/2194/1970 2169/2195/1971 2164/2190/1966 2167/2193/1969 
f 2170/2196/1972 2165/2191/1967 2164/2190/1966 2169/2195/1971 
f 2171/2197/1973 2172/2198/1974 2173/2199/1975 2174/2200/1976 
f 2175/2201/1977 2176/2202/1978 2173/2199/1975 2172/2198/1974 
f 2166/2192/1968 2163/2189/1965 2173/2199/1975 2176/2202/1978 
f 2162/2188/1964 2174/2200/1976 2173/2199/1975 2163/2189/1965 
f 2177/2203/1979 2178/2204/1980 2179/2205/1981 2180/2206/1982 
f 2181/2207/1983 2182/2208/1984 2179/2205/1981 2178/2204/1980 
f 2175/2201/1977 2172/2198/1974 2179/2205/1981 2182/2208/1984 
f 2171/2197/1973 2180/2206/1982 2179/2205/1981 2172/2198/1974 
f 2183/2209/1985 2184/2210/1986 2185/2211/1987 2186/2212/1988 
f 2187/2213/1989 2188/2214/1990 2185/2211/1987 2184/2210/1986 
f 2181/2207/1983 2178/2204/1980 2185/2211/1987 2188/2214/1990 
f 2177/2203/1979 2186/2212/1988 2185/2211/1987 2178/2204/1980 
f 2189/2215/1991 2190/2216/1992 2191/2217/1993 2192/2218/1994 
f 2193/2219/1995 2194/2220/1996 2191/2217/1993 2190/2216/1992 
f 2187/2213/1989 2184/2210/1986 2191/2217/1993 2194/2220/1996 
f 2183/2209/1985 2192/2218/1994 2191/2217/1993 2184/2210/1986 
f 2195/2221/1997 2196/2222/1998 2197/2223/1999 2198/2224/2000 
f 2199/2225/2001 2200/2208/2002 2197/2223/1999 2196/2222/1998 
f 2193/2219/1995 2190/2216/1992 2197/2223/1999 2200/2208/2002 
f 2189/2215/1991 2198/2224/2000 2197/2223/1999 2190/2216/1992 
f 2201/2226/2003 2202/2227/2004 2203/2228/2005 2204/2229/2006 
f 2205/2230/2007 2206/2231/2008 2203/2228/2005 2202/2227/2004 
f 2199/2225/2001 2196/2222/1998 2203/2228/2005 2206/2231/2008 
f 2195/2221/1997 2204/2229/2006 2203/2228/2005 2196/2222/1998 
f 2170/2196/1972 2169/2195/1971 2207/2232/2009 2208/2191/2010 
f 2168/2194/1970 2209/2233/2011 2207/2232/2009 2169/2195/1971 
f 2205/2230/2007 2202/2227/2004 2207/2232/2009 2209/2233/2011 
f 2201/2226/2003 2208/2191/2010 2207/2232/2009 2202/2227/2004 
f 2210/2234/2012 2211/2235/2013 2212/2236/2014 2213/2237/2015 
f 2214/2238/2016 2215/2239/2017 2212/2236/2014 2211/2235/2013 
f 2216/2240/2018 2217/2241/2019 2212/2236/2014 2215/2239/2017 
f 2218/2242/2020 2213/2237/2015 2212/2236/2014 2217/2241/2019 
f 2166/2192/1968 2219/2243/2021 2220/2244/2022 2167/2193/1969 
f 2221/2245/2023 2222/2246/2024 2220/2244/2022 2219/2243/2021 
f 2223/2247/2025 2224/2248/2026 2220/2244/2022 2222/2246/2024 
f 2168/2194/1970 2167/2193/1969 2220/2244/2022 2224/2248/2026 
f 2170/2196/1972 2225/2249/2027 2226/2250/2028 2165/2191/1967 
f 2227/2251/2029 2228/2252/2030 2226/2250/2028 2225/2249/2027 
f 2229/2253/2031 2230/2254/2032 2226/2250/2028 2228/2252/2030 
f 2162/2188/1964 2165/2191/1967 2226/2250/2028 2230/2254/2032 
f 2231/2255/2033 2232/2256/2034 2233/2257/2035 2234/2258/2036 
f 2235/2259/2037 2236/2260/2038 2233/2257/2035 2232/2256/2034 
f 2214/2238/2016 2211/2235/2013 2233/2257/2035 2236/2260/2038 
f 2210/2234/2012 2234/2258/2036 2233/2257/2035 2211/2235/2013 
f 2175/2201/1977 2237/2261/2039 2238/2262/2040 2176/2202/1978 
f 2239/2263/2041 2240/2264/2042 2238/2262/2040 2237/2261/2039 
f 2221/2245/2023 2219/2243/2021 2238/2262/2040 2240/2264/2042 
f 2166/2192/1968 2176/2202/1978 2238/2262/2040 2219/2243/2021 
f 2162/2188/1964 2230/2254/2032 2241/2265/2043 2174/2200/1976 
f 2229/2253/2031 2242/2266/2044 2241/2265/2043 2230/2254/2032 
f 2243/2267/2045 2244/2268/2046 2241/2265/2043 2242/2266/2044 
f 2171/2197/1973 2174/2200/1976 2241/2265/2043 2244/2268/2046 
f 2245/2269/2047 2246/2270/2048 2247/2271/2049 2248/2272/2050 
f 2249/2273/2051 2250/2274/2052 2247/2271/2049 2246/2270/2048 
f 2235/2259/2037 2232/2256/2034 2247/2271/2049 2250/2274/2052 
f 2231/2255/2033 2248/2272/2050 2247/2271/2049 2232/2256/2034 
f 2181/2207/1983 2251/2275/2053 2252/2276/2054 2182/2208/1984 
f 2253/2277/2055 2254/2278/2056 2252/2276/2054 2251/2275/2053 
f 2239/2263/2041 2237/2261/2039 2252/2276/2054 2254/2278/2056 
f 2175/2201/1977 2182/2208/1984 2252/2276/2054 2237/2261/2039 
f 2171/2197/1973 2244/2268/2046 2255/2279/2057 2180/2206/1982 
f 2243/2267/2045 2256/2280/2058 2255/2279/2057 2244/2268/2046 
f 2257/2281/2059 2258/2282/2060 2255/2279/2057 2256/2280/2058 
f 2177/2203/1979 2180/2206/1982 2255/2279/2057 2258/2282/2060 
f 2259/2283/2061 2260/2284/2062 2261/2285/2063 2262/2286/2064 
f 2263/2287/2065 2264/2288/2066 2261/2285/2063 2260/2284/2062 
f 2249/2273/2051 2246/2270/2048 2261/2285/2063 2264/2288/2066 
f 2245/2269/2047 2262/2286/2064 2261/2285/2063 2246/2270/2048 
f 2187/2213/1989 2265/2289/2067 2266/2290/2068 2188/2214/1990 
f 2267/2291/2069 2268/2292/2070 2266/2290/2068 2265/2289/2067 
f 2253/2277/2055 2251/2275/2053 2266/2290/2068 2268/2292/2070 
f 2181/2207/1983 2188/2214/1990 2266/2290/2068 2251/2275/2053 
f 2177/2203/1979 2258/2282/2060 2269/2293/2071 2186/2212/1988 
f 2257/2281/2059 2270/2294/2072 2269/2293/2071 2258/2282/2060 
f 2271/2295/2073 2272/2296/2074 2269/2293/2071 2270/2294/2072 
f 2183/2209/1985 2186/2212/1988 2269/2293/2071 2272/2296/2074 
f 2273/2297/2075 2274/2298/2076 2275/2285/2077 2276/2286/2078 
f 2277/2299/2079 2278/2300/2080 2275/2285/2077 2274/2298/2076 
f 2263/2287/2065 2260/2284/2062 2275/2285/2077 2278/2300/2080 
f 2259/2283/2061 2276/2286/2078 2275/2285/2077 2260/2284/2062 
f 2193/2219/1995 2279/2275/2081 2280/2290/2082 2194/2220/1996 
f 2281/2301/2083 2282/2302/2084 2280/2290/2082 2279/2275/2081 
f 2267/2291/2069 2265/2289/2067 2280/2290/2082 2282/2302/2084 
f 2187/2213/1989 2194/2220/1996 2280/2290/2082 2265/2289/2067 
f 2183/2209/1985 2272/2296/2074 2283/2303/2085 2192/2218/1994 
f 2271/2295/2073 2284/2304/2086 2283/2303/2085 2272/2296/2074 
f 2285/2305/2087 2286/2306/2088 2283/2303/2085 2284/2304/2086 
f 2189/2215/1991 2192/2218/1994 2283/2303/2085 2286/2306/2088 
f 2287/2307/2089 2288/2308/2090 2289/2309/2091 2290/2310/2092 
f 2291/2311/2093 2292/2312/2094 2289/2309/2091 2288/2308/2090 
f 2277/2299/2079 2274/2298/2076 2289/2309/2091 2292/2312/2094 
f 2273/2297/2075 2290/2310/2092 2289/2309/2091 2274/2298/2076 
f 2199/2225/2001 2293/2313/2095 2294/2314/2096 2200/2208/2002 
f 2295/2315/2097 2296/2316/2098 2294/2314/2096 2293/2313/2095 
f 2281/2301/2083 2279/2275/2081 2294/2314/2096 2296/2316/2098 
f 2193/2219/1995 2200/2208/2002 2294/2314/2096 2279/2275/2081 
f 2189/2215/1991 2286/2306/2088 2297/2317/2099 2198/2224/2000 
f 2285/2305/2087 2298/2318/2100 2297/2317/2099 2286/2306/2088 
f 2299/2319/2101 2300/2320/2102 2297/2317/2099 2298/2318/2100 
f 2195/2221/1997 2198/2224/2000 2297/2317/2099 2300/2320/2102 
f 2301/2321/2103 2302/2322/2104 2303/2323/2105 2304/2324/2106 
f 2305/2325/2107 2306/2326/2108 2303/2323/2105 2302/2322/2104 
f 2291/2311/2093 2288/2308/2090 2303/2323/2105 2306/2326/2108 
f 2287/2307/2089 2304/2324/2106 2303/2323/2105 2288/2308/2090 
f 2205/2230/2007 2307/2327/2109 2308/2328/2110 2206/2231/2008 
f 2309/2329/2111 2310/2330/2112 2308/2328/2110 2307/2327/2109 
f 2295/2315/2097 2293/2313/2095 2308/2328/2110 2310/2330/2112 
f 2199/2225/2001 2206/2231/2008 2308/2328/2110 2293/2313/2095 
f 2195/2221/1997 2300/2320/2102 2311/2265/2113 2204/2229/2006 
f 2299/2319/2101 2312/2266/2114 2311/2265/2113 2300/2320/2102 
f 2313/2331/2115 2314/2254/2116 2311/2265/2113 2312/2266/2114 
f 2201/2226/2003 2204/2229/2006 2311/2265/2113 2314/2254/2116 
f 2218/2242/2020 2217/2241/2019 2315/2332/2117 2316/2333/2118 
f 2216/2240/2018 2317/2334/2119 2315/2332/2117 2217/2241/2019 
f 2305/2325/2107 2302/2322/2104 2315/2332/2117 2317/2334/2119 
f 2301/2321/2103 2316/2333/2118 2315/2332/2117 2302/2322/2104 
f 2168/2194/1970 2224/2248/2026 2318/2335/2120 2209/2233/2011 
f 2223/2247/2025 2319/2336/2121 2318/2335/2120 2224/2248/2026 
f 2309/2329/2111 2307/2327/2109 2318/2335/2120 2319/2336/2121 
f 2205/2230/2007 2209/2233/2011 2318/2335/2120 2307/2327/2109 
f 2201/2226/2003 2314/2254/2116 2320/2250/2122 2208/2191/2010 
f 2313/2331/2115 2321/2337/2123 2320/2250/2122 2314/2254/2116 
f 2227/2251/2029 2225/2249/2027 2320/2250/2122 2321/2337/2123 
f 2170/2196/1972 2208/2191/2010 2320/2250/2122 2225/2249/2027 
f 2221/2245/2023 2322/2338/2124 2323/2339/2125 2222/2246/2024 
f 2324/2340/2126 2325/2341/2127 2323/2339/2125 2322/2338/2124 
f 2326/2342/2128 2327/2343/2129 2323/2339/2125 2325/2341/2127 
f 2223/2247/2025 2222/2246/2024 2323/2339/2125 2327/2343/2129 
f 2239/2263/2041 2328/2344/2130 2329/2345/2131 2240/2264/2042 
f 2330/2346/2132 2331/2347/2133 2329/2345/2131 2328/2344/2130 
f 2324/2340/2126 2322/2338/2124 2329/2345/2131 2331/2347/2133 
f 2221/2245/2023 2240/2264/2042 2329/2345/2131 2322/2338/2124 
f 2253/2277/2055 2332/2348/2134 2333/2349/2135 2254/2278/2056 
f 2334/2350/2136 2335/2351/2137 2333/2349/2135 2332/2348/2134 
f 2330/2346/2132 2328/2344/2130 2333/2349/2135 2335/2351/2137 
f 2239/2263/2041 2254/2278/2056 2333/2349/2135 2328/2344/2130 
f 2267/2291/2069 2336/2352/2138 2337/2353/2139 2268/2292/2070 
f 2338/2354/2140 2339/2355/2141 2337/2353/2139 2336/2352/2138 
f 2334/2350/2136 2332/2348/2134 2337/2353/2139 2339/2355/2141 
f 2253/2277/2055 2268/2292/2070 2337/2353/2139 2332/2348/2134 
f 2281/2301/2083 2340/2348/2142 2341/2353/2143 2282/2302/2084 
f 2342/2350/2144 2343/2355/2145 2341/2353/2143 2340/2348/2142 
f 2338/2354/2140 2336/2352/2138 2341/2353/2143 2343/2355/2145 
f 2267/2291/2069 2282/2302/2084 2341/2353/2143 2336/2352/2138 
f 2295/2315/2097 2344/2356/2146 2345/2357/2147 2296/2316/2098 
f 2346/2358/2148 2347/2359/2149 2345/2357/2147 2344/2356/2146 
f 2342/2350/2144 2340/2348/2142 2345/2357/2147 2347/2359/2149 
f 2281/2301/2083 2296/2316/2098 2345/2357/2147 2340/2348/2142 
f 2309/2329/2111 2348/2360/2150 2349/2361/2151 2310/2330/2112 
f 2350/2362/2152 2351/2363/2153 2349/2361/2151 2348/2360/2150 
f 2346/2358/2148 2344/2356/2146 2349/2361/2151 2351/2363/2153 
f 2295/2315/2097 2310/2330/2112 2349/2361/2151 2344/2356/2146 
f 2223/2247/2025 2327/2343/2129 2352/2364/2154 2319/2336/2121 
f 2326/2342/2128 2353/2365/2155 2352/2364/2154 2327/2343/2129 
f 2350/2362/2152 2348/2360/2150 2352/2364/2154 2353/2365/2155 
f 2309/2329/2111 2319/2336/2121 2352/2364/2154 2348/2360/2150 
f 2324/2340/2126 2354/2366/2156 2355/2367/2157 2325/2341/2127 
f 2210/2234/2012 2213/2237/2015 2355/2367/2157 2354/2366/2156 
f 2218/2242/2020 2356/2368/2158 2355/2367/2157 2213/2237/2015 
f 2326/2342/2128 2325/2341/2127 2355/2367/2157 2356/2368/2158 
f 2330/2346/2132 2357/2369/2159 2358/2370/2160 2331/2347/2133 
f 2231/2255/2033 2234/2258/2036 2358/2370/2160 2357/2369/2159 
f 2210/2234/2012 2354/2366/2156 2358/2370/2160 2234/2258/2036 
f 2324/2340/2126 2331/2347/2133 2358/2370/2160 2354/2366/2156 
f 2334/2350/2136 2359/2371/2161 2360/2372/2162 2335/2351/2137 
f 2245/2269/2047 2248/2272/2050 2360/2372/2162 2359/2371/2161 
f 2231/2255/2033 2357/2369/2159 2360/2372/2162 2248/2272/2050 
f 2330/2346/2132 2335/2351/2137 2360/2372/2162 2357/2369/2159 
f 2338/2354/2140 2361/2373/2163 2362/2374/2164 2339/2355/2141 
f 2259/2283/2061 2262/2286/2064 2362/2374/2164 2361/2373/2163 
f 2245/2269/2047 2359/2371/2161 2362/2374/2164 2262/2286/2064 
f 2334/2350/2136 2339/2355/2141 2362/2374/2164 2359/2371/2161 
f 2342/2350/2144 2363/2375/2165 2364/2376/2166 2343/2355/2145 
f 2273/2297/2075 2276/2286/2078 2364/2376/2166 2363/2375/2165 
f 2259/2283/2061 2361/2373/2163 2364/2376/2166 2276/2286/2078 
f 2338/2354/2140 2343/2355/2145 2364/2376/2166 2361/2373/2163 
f 2346/2358/2148 2365/2377/2167 2366/2378/2168 2347/2359/2149 
f 2287/2307/2089 2290/2310/2092 2366/2378/2168 2365/2377/2167 
f 2273/2297/2075 2363/2375/2165 2366/2378/2168 2290/2310/2092 
f 2342/2350/2144 2347/2359/2149 2366/2378/2168 2363/2375/2165 
f 2350/2362/2152 2367/2379/2169 2368/2380/2170 2351/2363/2153 
f 2301/2321/2103 2304/2324/2106 2368/2380/2170 2367/2379/2169 
f 2287/2307/2089 2365/2377/2167 2368/2380/2170 2304/2324/2106 
f 2346/2358/2148 2351/2363/2153 2368/2380/2170 2365/2377/2167 
f 2326/2342/2128 2356/2368/2158 2369/2381/2171 2353/2365/2155 
f 2218/2242/2020 2316/2333/2118 2369/2381/2171 2356/2368/2158 
f 2301/2321/2103 2367/2379/2169 2369/2381/2171 2316/2333/2118 
f 2350/2362/2152 2353/2365/2155 2369/2381/2171 2367/2379/2169 
f 2214/2238/2016 2370/2382/2172 2371/2383/2173 2215/2239/2017 
f 2049/2059/1851 2048/2058/1850 2371/2383/2173 2370/2382/2172 
f 2047/2057/1849 2372/2384/2174 2371/2383/2173 2048/2058/1850 
f 2216/2240/2018 2215/2239/2017 2371/2383/2173 2372/2384/2174 
f 2235/2259/2037 2373/2385/2175 2374/2386/2176 2236/2260/2038 
f 2041/2051/1843 2044/2054/1846 2374/2386/2176 2373/2385/2175 
f 2049/2059/1851 2370/2382/2172 2374/2386/2176 2044/2054/1846 
f 2214/2238/2016 2236/2260/2038 2374/2386/2176 2370/2382/2172 
f 2249/2273/2051 2375/2387/2177 2376/2388/2178 2250/2274/2052 
f 2050/2060/1852 2053/2063/1855 2376/2388/2178 2375/2387/2177 
f 2041/2051/1843 2373/2385/2175 2376/2388/2178 2053/2063/1855 
f 2235/2259/2037 2250/2274/2052 2376/2388/2178 2373/2385/2175 
f 2263/2287/2065 2377/2389/2179 2378/2390/2180 2264/2288/2066 
f 2054/2064/1856 2051/2061/1853 2378/2390/2180 2377/2389/2179 
f 2050/2060/1852 2375/2387/2177 2378/2390/2180 2051/2061/1853 
f 2249/2273/2051 2264/2288/2066 2378/2390/2180 2375/2387/2177 
f 2277/2299/2079 2379/2391/2181 2380/2392/2182 2278/2300/2080 
f 2062/2072/1864 2065/2075/1867 2380/2392/2182 2379/2391/2181 
f 2054/2064/1856 2377/2389/2179 2380/2392/2182 2065/2075/1867 
f 2263/2287/2065 2278/2300/2080 2380/2392/2182 2377/2389/2179 
f 2291/2311/2093 2381/2393/2183 2382/2394/2184 2292/2312/2094 
f 2061/2071/1863 2063/2073/1865 2382/2394/2184 2381/2393/2183 
f 2062/2072/1864 2379/2391/2181 2382/2394/2184 2063/2073/1865 
f 2277/2299/2079 2292/2312/2094 2382/2394/2184 2379/2391/2181 
f 2305/2325/2107 2383/2395/2185 2384/2396/2186 2306/2326/2108 
f 2056/2066/1858 2059/2069/1861 2384/2396/2186 2383/2395/2185 
f 2061/2071/1863 2381/2393/2183 2384/2396/2186 2059/2069/1861 
f 2291/2311/2093 2306/2326/2108 2384/2396/2186 2381/2393/2183 
f 2216/2240/2018 2372/2384/2174 2385/2397/2187 2317/2334/2119 
f 2047/2057/1849 2057/2067/1859 2385/2397/2187 2372/2384/2174 
f 2056/2066/1858 2383/2395/2185 2385/2397/2187 2057/2067/1859 
f 2305/2325/2107 2317/2334/2119 2385/2397/2187 2383/2395/2185 
f 2227/2251/2029 2386/2398/2188 2387/2399/2189 2228/2252/2030 
f 2135/2148/1937 2134/2147/1936 2387/2399/2189 2386/2398/2188 
f 2133/2146/1935 2388/2400/2190 2387/2399/2189 2134/2147/1936 
f 2229/2253/2031 2228/2252/2030 2387/2399/2189 2388/2400/2190 
f 2229/2253/2031 2388/2400/2190 2389/2401/2191 2242/2266/2044 
f 2133/2146/1935 2139/2154/1941 2389/2401/2191 2388/2400/2190 
f 2138/2153/1940 2390/2402/2192 2389/2401/2191 2139/2154/1941 
f 2243/2267/2045 2242/2266/2044 2389/2401/2191 2390/2402/2192 
f 2243/2267/2045 2390/2402/2192 2391/2403/2193 2256/2280/2058 
f 2138/2153/1940 2143/2160/1945 2391/2403/2193 2390/2402/2192 
f 2142/2159/1944 2392/2404/2194 2391/2403/2193 2143/2160/1945 
f 2257/2281/2059 2256/2280/2058 2391/2403/2193 2392/2404/2194 
f 2257/2281/2059 2392/2404/2194 2393/2405/2195 2270/2294/2072 
f 2142/2159/1944 2147/2166/1949 2393/2405/2195 2392/2404/2194 
f 2146/2165/1948 2394/2406/2196 2393/2405/2195 2147/2166/1949 
f 2271/2295/2073 2270/2294/2072 2393/2405/2195 2394/2406/2196 
f 2271/2295/2073 2394/2406/2196 2395/2407/2197 2284/2304/2086 
f 2146/2165/1948 2151/2172/1953 2395/2407/2197 2394/2406/2196 
f 2150/2171/1952 2396/2408/2198 2395/2407/2197 2151/2172/1953 
f 2285/2305/2087 2284/2304/2086 2395/2407/2197 2396/2408/2198 
f 2285/2305/2087 2396/2408/2198 2397/2409/2199 2298/2318/2100 
f 2150/2171/1952 2155/2178/1957 2397/2409/2199 2396/2408/2198 
f 2154/2177/1956 2398/2410/2200 2397/2409/2199 2155/2178/1957 
f 2299/2319/2101 2298/2318/2100 2397/2409/2199 2398/2410/2200 
f 2299/2319/2101 2398/2410/2200 2399/2411/2201 2312/2266/2114 
f 2154/2177/1956 2159/2184/1961 2399/2411/2201 2398/2410/2200 
f 2158/2183/1960 2400/2400/2202 2399/2411/2201 2159/2184/1961 
f 2313/2331/2115 2312/2266/2114 2399/2411/2201 2400/2400/2202 
f 2313/2331/2115 2400/2400/2202 2401/2399/2203 2321/2337/2123 
f 2158/2183/1960 2161/2187/1963 2401/2399/2203 2400/2400/2202 
f 2135/2148/1937 2386/2398/2188 2401/2399/2203 2161/2187/1963 
f 2227/2251/2029 2321/2337/2123 2401/2399/2203 2386/2398/2188 
f 1930/1940/1732 1929/1939/1731 2402/2412/2204 2403/2413/2205 
f 1928/1938/1730 2404/2414/2206 2402/2412/2204 1929/1939/1731 
f 2405/2415/2207 2406/2416/2208 2402/2412/2204 2404/2414/2206 
f 2407/2417/2209 2403/2413/2205 2402/2412/2204 2406/2416/2208 
f 1928/1938/1730 1935/1945/1737 2408/2418/2210 2404/2414/2206 
f 1934/1944/1736 2409/2419/2211 2408/2418/2210 1935/1945/1737 
f 2410/2420/2212 2411/2421/2213 2408/2418/2210 2409/2419/2211 
f 2405/2415/2207 2404/2414/2206 2408/2418/2210 2411/2421/2213 
f 1934/1944/1736 1939/1949/1741 2412/2422/2214 2409/2419/2211 
f 1938/1948/1740 2413/2423/2215 2412/2422/2214 1939/1949/1741 
f 2414/2424/2216 2415/2425/2217 2412/2422/2214 2413/2423/2215 
f 2410/2420/2212 2409/2419/2211 2412/2422/2214 2415/2425/2217 
f 1938/1948/1740 1943/1953/1745 2416/2426/2218 2413/2423/2215 
f 1942/1952/1744 2417/2427/2219 2416/2426/2218 1943/1953/1745 
f 2418/2428/2220 2419/2429/2221 2416/2426/2218 2417/2427/2219 
f 2414/2424/2216 2413/2423/2215 2416/2426/2218 2419/2429/2221 
f 1942/1952/1744 1947/1957/1749 2420/2430/2222 2417/2427/2219 
f 1946/1956/1748 2421/2431/2223 2420/2430/2222 1947/1957/1749 
f 2422/2428/2224 2423/2432/2225 2420/2430/2222 2421/2431/2223 
f 2418/2428/2220 2417/2427/2219 2420/2430/2222 2423/2432/2225 
f 1946/1956/1748 1949/1959/1751 2424/2433/2226 2421/2431/2223 
f 1930/1940/1732 2403/2413/2205 2424/2433/2226 1949/1959/1751 
f 2407/2417/2209 2425/2434/2227 2424/2433/2226 2403/2413/2205 
f 2422/2428/2224 2421/2431/2223 2424/2433/2226 2425/2434/2227 
f 2426/2435/2228 2427/2436/2229 2428/2437/2230 2429/2438/2231 
f 2430/2439/2232 2431/2440/2233 2428/2437/2230 2427/2436/2229 
f 2432/2441/2234 2433/2442/2235 2428/2437/2230 2431/2440/2233 
f 2434/2443/2236 2429/2438/2231 2428/2437/2230 2433/2442/2235 
f 2435/2444/2237 2436/2436/2238 2437/2445/2239 2438/2446/2240 
f 2439/2439/2241 2440/2447/2242 2437/2445/2239 2436/2436/2238 
f 2430/2439/2232 2427/2436/2229 2437/2445/2239 2440/2447/2242 
f 2426/2435/2228 2438/2446/2240 2437/2445/2239 2427/2436/2229 
f 2441/2448/2243 2442/2449/2244 2443/2450/2245 2444/2451/2246 
f 2445/2452/2247 2446/2453/2248 2443/2450/2245 2442/2449/2244 
f 2439/2439/2241 2436/2436/2238 2443/2450/2245 2446/2453/2248 
f 2435/2444/2237 2444/2451/2246 2443/2450/2245 2436/2436/2238 
f 2447/2454/2249 2448/2455/2250 2449/2456/2251 2450/2457/2252 
f 2451/2458/2253 2452/2459/2254 2449/2456/2251 2448/2455/2250 
f 2445/2452/2247 2442/2449/2244 2449/2456/2251 2452/2459/2254 
f 2441/2448/2243 2450/2457/2252 2449/2456/2251 2442/2449/2244 
f 2453/2460/2255 2454/2461/2256 2455/2462/2257 2456/2463/2258 
f 2457/2458/2259 2458/2464/2260 2455/2462/2257 2454/2461/2256 
f 2451/2458/2253 2448/2455/2250 2455/2462/2257 2458/2464/2260 
f 2447/2454/2249 2456/2463/2258 2455/2462/2257 2448/2455/2250 
f 2434/2443/2236 2433/2442/2235 2459/2465/2261 2460/2466/2262 
f 2432/2441/2234 2461/2467/2263 2459/2465/2261 2433/2442/2235 
f 2457/2458/2259 2454/2461/2256 2459/2465/2261 2461/2467/2263 
f 2453/2460/2255 2460/2466/2262 2459/2465/2261 2454/2461/2256 
f 2462/2468/2264 2463/2469/2265 2464/2470/2266 2465/2471/2267 
f 2466/2472/2268 2467/2473/2269 2464/2470/2266 2463/2469/2265 
f 2468/2474/2270 2469/2475/2271 2464/2470/2266 2467/2473/2269 
f 2470/2476/2272 2465/2471/2267 2464/2470/2266 2469/2475/2271 
f 2466/2472/2268 2471/2477/2273 2472/2478/2274 2467/2473/2269 
f 2473/2472/2275 2474/2479/2276 2472/2478/2274 2471/2477/2273 
f 2475/2474/2277 2476/2480/2278 2472/2478/2274 2474/2479/2276 
f 2468/2474/2270 2467/2473/2269 2472/2478/2274 2476/2480/2278 
f 2473/2472/2275 2477/2481/2279 2478/2482/2280 2474/2479/2276 
f 2479/2483/2281 2480/2484/2282 2478/2482/2280 2477/2481/2279 
f 2481/2485/2283 2482/2486/2284 2478/2482/2280 2480/2484/2282 
f 2475/2474/2277 2474/2479/2276 2478/2482/2280 2482/2486/2284 
f 2479/2483/2281 2483/2487/2285 2484/2488/2286 2480/2484/2282 
f 2485/2489/2287 2486/2490/2288 2484/2488/2286 2483/2487/2285 
f 2487/2491/2289 2488/2492/2290 2484/2488/2286 2486/2490/2288 
f 2481/2485/2283 2480/2484/2282 2484/2488/2286 2488/2492/2290 
f 2485/2489/2287 2489/2493/2291 2490/2494/2292 2486/2490/2288 
f 2491/2495/2293 2492/2496/2294 2490/2494/2292 2489/2493/2291 
f 2493/2497/2295 2494/2498/2296 2490/2494/2292 2492/2496/2294 
f 2487/2491/2289 2486/2490/2288 2490/2494/2292 2494/2498/2296 
f 2491/2495/2293 2495/2499/2297 2496/2500/2298 2492/2496/2294 
f 2462/2468/2264 2465/2471/2267 2496/2500/2298 2495/2499/2297 
f 2470/2476/2272 2497/2501/2299 2496/2500/2298 2465/2471/2267 
f 2493/2497/2295 2492/2496/2294 2496/2500/2298 2497/2501/2299 
f 2468/2474/2270 2498/2502/2300 2499/2503/2301 2469/2475/2271 
f 1613/1611/1424 1612/1610/1423 2499/2503/2301 2498/2502/2300 
f 1605/1603/1416 2500/2504/2302 2499/2503/2301 1612/1610/1423 
f 2470/2476/2272 2469/2475/2271 2499/2503/2301 2500/2504/2302 
f 2475/2474/2277 2501/2502/2303 2502/2505/2304 2476/2480/2278 
f 1608/1606/1419 1611/1609/1422 2502/2505/2304 2501/2502/2303 
f 1613/1611/1424 2498/2502/2300 2502/2505/2304 1611/1609/1422 
f 2468/2474/2270 2476/2480/2278 2502/2505/2304 2498/2502/2300 
f 2481/2485/2283 2503/2506/2305 2504/2507/2306 2482/2486/2284 
f 1607/1605/1418 1609/1607/1420 2504/2507/2306 2503/2506/2305 
f 1608/1606/1419 2501/2502/2303 2504/2507/2306 1609/1607/1420 
f 2475/2474/2277 2482/2486/2284 2504/2507/2306 2501/2502/2303 
f 2487/2491/2289 2505/2508/2307 2506/2509/2308 2488/2492/2290 
f 1599/1598/1410 1602/1601/1413 2506/2509/2308 2505/2508/2307 
f 1607/1605/1418 2503/2506/2305 2506/2509/2308 1602/1601/1413 
f 2481/2485/2283 2488/2492/2290 2506/2509/2308 2503/2506/2305 
f 2493/2497/2295 2507/2508/2309 2508/2510/2310 2494/2498/2296 
f 1603/1598/1414 1600/1599/1411 2508/2510/2310 2507/2508/2309 
f 1599/1598/1410 2505/2508/2307 2508/2510/2310 1600/1599/1411 
f 2487/2491/2289 2494/2498/2296 2508/2510/2310 2505/2508/2307 
f 2470/2476/2272 2500/2504/2302 2509/2511/2311 2497/2501/2299 
f 1605/1603/1416 1604/1602/1415 2509/2511/2311 2500/2504/2302 
f 1603/1598/1414 2507/2508/2309 2509/2511/2311 1604/1602/1415 
f 2493/2497/2295 2497/2501/2299 2509/2511/2311 2507/2508/2309 
f 2430/2439/2232 2510/2512/2312 2511/2513/2313 2431/2440/2233 
f 2466/2472/2268 2463/2469/2265 2511/2513/2313 2510/2512/2312 
f 2462/2468/2264 2512/2514/2314 2511/2513/2313 2463/2469/2265 
f 2432/2441/2234 2431/2440/2233 2511/2513/2313 2512/2514/2314 
f 2434/2443/2236 2513/2515/2315 2514/2516/2316 2429/2438/2231 
f 2407/2417/2209 2406/2416/2208 2514/2516/2316 2513/2515/2315 
f 2405/2415/2207 2515/2517/2317 2514/2516/2316 2406/2416/2208 
f 2426/2435/2228 2429/2438/2231 2514/2516/2316 2515/2517/2317 
f 2439/2439/2241 2516/2518/2318 2517/2519/2319 2440/2447/2242 
f 2473/2472/2275 2471/2477/2273 2517/2519/2319 2516/2518/2318 
f 2466/2472/2268 2510/2512/2312 2517/2519/2319 2471/2477/2273 
f 2430/2439/2232 2440/2447/2242 2517/2519/2319 2510/2512/2312 
f 2426/2435/2228 2515/2517/2317 2518/2520/2320 2438/2446/2240 
f 2405/2415/2207 2411/2421/2213 2518/2520/2320 2515/2517/2317 
f 2410/2420/2212 2519/2521/2321 2518/2520/2320 2411/2421/2213 
f 2435/2444/2237 2438/2446/2240 2518/2520/2320 2519/2521/2321 
f 2445/2452/2247 2520/2522/2322 2521/2523/2323 2446/2453/2248 
f 2479/2483/2281 2477/2481/2279 2521/2523/2323 2520/2522/2322 
f 2473/2472/2275 2516/2518/2318 2521/2523/2323 2477/2481/2279 
f 2439/2439/2241 2446/2453/2248 2521/2523/2323 2516/2518/2318 
f 2435/2444/2237 2519/2521/2321 2522/2524/2324 2444/2451/2246 
f 2410/2420/2212 2415/2425/2217 2522/2524/2324 2519/2521/2321 
f 2414/2424/2216 2523/2525/2325 2522/2524/2324 2415/2425/2217 
f 2441/2448/2243 2444/2451/2246 2522/2524/2324 2523/2525/2325 
f 2451/2458/2253 2524/2526/2326 2525/2527/2327 2452/2459/2254 
f 2485/2489/2287 2483/2487/2285 2525/2527/2327 2524/2526/2326 
f 2479/2483/2281 2520/2522/2322 2525/2527/2327 2483/2487/2285 
f 2445/2452/2247 2452/2459/2254 2525/2527/2327 2520/2522/2322 
f 2441/2448/2243 2523/2525/2325 2526/2528/2328 2450/2457/2252 
f 2414/2424/2216 2419/2429/2221 2526/2528/2328 2523/2525/2325 
f 2418/2428/2220 2527/2529/2329 2526/2528/2328 2419/2429/2221 
f 2447/2454/2249 2450/2457/2252 2526/2528/2328 2527/2529/2329 
f 2457/2458/2259 2528/2526/2330 2529/2530/2331 2458/2464/2260 
f 2491/2495/2293 2489/2493/2291 2529/2530/2331 2528/2526/2330 
f 2485/2489/2287 2524/2526/2326 2529/2530/2331 2489/2493/2291 
f 2451/2458/2253 2458/2464/2260 2529/2530/2331 2524/2526/2326 
f 2447/2454/2249 2527/2529/2329 2530/2531/2332 2456/2463/2258 
f 2418/2428/2220 2423/2432/2225 2530/2531/2332 2527/2529/2329 
f 2422/2428/2224 2531/2532/2333 2530/2531/2332 2423/2432/2225 
f 2453/2460/2255 2456/2463/2258 2530/2531/2332 2531/2532/2333 
f 2432/2441/2234 2512/2514/2314 2532/2533/2334 2461/2467/2263 
f 2462/2468/2264 2495/2499/2297 2532/2533/2334 2512/2514/2314 
f 2491/2495/2293 2528/2526/2330 2532/2533/2334 2495/2499/2297 
f 2457/2458/2259 2461/2467/2263 2532/2533/2334 2528/2526/2330 
f 2453/2460/2255 2531/2532/2333 2533/2534/2335 2460/2466/2262 
f 2422/2428/2224 2425/2434/2227 2533/2534/2335 2531/2532/2333 
f 2407/2417/2209 2513/2515/2315 2533/2534/2335 2425/2434/2227 
f 2434/2443/2236 2460/2466/2262 2533/2534/2335 2513/2515/2315 
f 1/1/1 2534/4/2336 2535/3/2337 2/2/2 
f 2536/9/2338 2537/8/2339 2535/3/2337 2534/4/2336 
f 2538/7/2340 2539/6/2341 2535/3/2337 2537/8/2339 
f 5/5/5 2/2/2 2535/3/2337 2539/6/2341 
f 10/10/10 2540/13/2342 2541/12/2343 11/11/11 
f 2542/18/2344 2543/17/2345 2541/12/2343 2540/13/2342 
f 2544/16/2346 2545/15/2347 2541/12/2343 2543/17/2345 
f 14/14/14 11/11/11 2541/12/2343 2545/15/2347 
f 14/14/14 2545/15/2347 2546/20/2348 19/19/19 
f 2544/16/2346 2547/24/2349 2546/20/2348 2545/15/2347 
f 2548/23/2350 2549/22/2351 2546/20/2348 2547/24/2349 
f 21/21/21 19/19/19 2546/20/2348 2549/22/2351 
f 25/25/25 2550/28/2352 2551/27/2353 26/26/26 
f 2552/33/2354 2553/32/2355 2551/27/2353 2550/28/2352 
f 2554/31/2356 2555/30/2357 2551/27/2353 2553/32/2355 
f 29/29/29 26/26/26 2551/27/2353 2555/30/2357 
f 29/29/29 2555/30/2357 2556/34/2358 34/34/34 
f 2554/31/2356 2557/38/2359 2556/34/2358 2555/30/2357 
f 2558/37/2360 2559/36/2361 2556/34/2358 2557/38/2359 
f 36/35/36 34/34/34 2556/34/2358 2559/36/2361 
f 40/39/40 2560/42/2362 2561/41/2363 41/40/41 
f 2562/47/2364 2563/46/2365 2561/41/2363 2560/42/2362 
f 2564/45/2366 2565/44/2367 2561/41/2363 2563/46/2365 
f 44/43/44 41/40/41 2561/41/2363 2565/44/2367 
f 44/43/44 2565/44/2367 2566/49/2368 49/48/49 
f 2564/45/2366 2567/53/2369 2566/49/2368 2565/44/2367 
f 2568/52/2370 2569/51/2371 2566/49/2368 2567/53/2369 
f 51/50/51 49/48/49 2566/49/2368 2569/51/2371 
f 55/54/55 2570/57/2372 2571/56/2373 56/55/56 
f 2572/59/2374 2573/58/2375 2571/56/2373 2570/57/2372 
f 2536/9/2338 2534/4/2336 2571/56/2373 2573/58/2375 
f 1/1/1 56/55/56 2571/56/2373 2534/4/2336 
f 2574/60/2376 2575/63/2377 2576/62/2378 2577/61/2379 
f 2578/68/2380 2579/67/2381 2576/62/2378 2575/63/2377 
f 2580/66/2382 2581/65/2383 2576/62/2378 2579/67/2381 
f 2582/64/2384 2577/61/2379 2576/62/2378 2581/65/2383 
f 2582/64/2384 2581/65/2383 2583/70/2385 2584/69/2386 
f 2580/66/2382 2585/74/2387 2583/70/2385 2581/65/2383 
f 2586/73/2388 2587/72/2389 2583/70/2385 2585/74/2387 
f 2588/71/2390 2584/69/2386 2583/70/2385 2587/72/2389 
f 2588/71/2390 2587/72/2389 2589/76/2391 2590/75/2392 
f 2586/73/2388 2591/80/2393 2589/76/2391 2587/72/2389 
f 2592/79/2394 2593/78/2395 2589/76/2391 2591/80/2393 
f 2594/77/2396 2590/75/2392 2589/76/2391 2593/78/2395 
f 2594/77/2396 2593/78/2395 2595/82/2397 2596/81/2398 
f 2592/79/2394 2597/86/2399 2595/82/2397 2593/78/2395 
f 2598/85/2400 2599/84/2401 2595/82/2397 2597/86/2399 
f 2600/83/2402 2596/81/2398 2595/82/2397 2599/84/2401 
f 2600/83/2402 2599/84/2401 2601/88/2403 2602/87/2404 
f 2598/85/2400 2603/92/2405 2601/88/2403 2599/84/2401 
f 2604/91/2406 2605/90/2407 2601/88/2403 2603/92/2405 
f 2606/89/2408 2602/87/2404 2601/88/2403 2605/90/2407 
f 2606/89/2408 2605/90/2407 2607/94/2409 2608/93/2410 
f 2604/91/2406 2609/98/2411 2607/94/2409 2605/90/2407 
f 2610/97/2412 2611/96/2413 2607/94/2409 2609/98/2411 
f 2612/95/2414 2608/93/2410 2607/94/2409 2611/96/2413 
f 2612/95/2414 2611/96/2413 2613/100/2415 2614/99/2416 
f 2610/97/2412 2615/104/2417 2613/100/2415 2611/96/2413 
f 2616/103/2418 2617/102/2419 2613/100/2415 2615/104/2417 
f 2618/101/2420 2614/99/2416 2613/100/2415 2617/102/2419 
f 2618/101/2420 2617/102/2419 2619/106/2421 2620/105/2422 
f 2616/103/2418 2621/107/2423 2619/106/2421 2617/102/2419 
f 2578/68/2380 2575/63/2377 2619/106/2421 2621/107/2423 
f 2574/60/2376 2620/105/2422 2619/106/2421 2575/63/2377 
f 2578/68/2380 2622/109/2424 2623/108/2425 2579/67/2381 
f 2624/111/2426 2625/110/2427 2623/108/2425 2622/109/2424 
f 2580/66/2382 2579/67/2381 2623/108/2425 2625/110/2427 
f 2580/66/2382 2625/110/2427 2626/112/2428 2585/74/2387 
f 2624/111/2426 2627/113/2429 2626/112/2428 2625/110/2427 
f 2586/73/2388 2585/74/2387 2626/112/2428 2627/113/2429 
f 2586/73/2388 2627/113/2429 2628/114/2430 2591/80/2393 
f 2624/111/2426 2629/115/2431 2628/114/2430 2627/113/2429 
f 2592/79/2394 2591/80/2393 2628/114/2430 2629/115/2431 
f 2592/79/2394 2629/115/2431 2630/116/2432 2597/86/2399 
f 2624/111/2426 2631/117/2433 2630/116/2432 2629/115/2431 
f 2598/85/2400 2597/86/2399 2630/116/2432 2631/117/2433 
f 2598/85/2400 2631/117/2433 2632/118/2434 2603/92/2405 
f 2624/111/2426 2633/119/2435 2632/118/2434 2631/117/2433 
f 2604/91/2406 2603/92/2405 2632/118/2434 2633/119/2435 
f 2604/91/2406 2633/119/2435 2634/120/2436 2609/98/2411 
f 2624/111/2426 2635/121/2437 2634/120/2436 2633/119/2435 
f 2610/97/2412 2609/98/2411 2634/120/2436 2635/121/2437 
f 2610/97/2412 2635/121/2437 2636/122/2438 2615/104/2417 
f 2624/111/2426 2637/123/2439 2636/122/2438 2635/121/2437 
f 2616/103/2418 2615/104/2417 2636/122/2438 2637/123/2439 
f 2616/103/2418 2637/123/2439 2638/124/2440 2621/107/2423 
f 2624/111/2426 2622/109/2424 2638/124/2440 2637/123/2439 
f 2578/68/2380 2621/107/2423 2638/124/2440 2622/109/2424 
f 2639/125/2441 2640/128/2442 2641/127/2443 2642/126/2444 
f 2542/18/2344 2643/132/2445 2641/127/2443 2640/128/2442 
f 2644/131/2446 2645/130/2447 2641/127/2443 2643/132/2445 
f 2646/129/2448 2642/126/2444 2641/127/2443 2645/130/2447 
f 2646/129/2448 2645/130/2447 2647/134/2449 2648/133/2450 
f 2644/131/2446 2649/138/2451 2647/134/2449 2645/130/2447 
f 2650/137/2452 2651/136/2453 2647/134/2449 2649/138/2451 
f 2652/135/2454 2648/133/2450 2647/134/2449 2651/136/2453 
f 2652/135/2454 2651/136/2453 2653/140/2455 2654/139/2456 
f 2650/137/2452 2655/144/2457 2653/140/2455 2651/136/2453 
f 2656/143/2458 2657/142/2459 2653/140/2455 2655/144/2457 
f 2658/141/2460 2654/139/2456 2653/140/2455 2657/142/2459 
f 2658/141/2460 2657/142/2459 2659/146/2461 2660/145/2462 
f 2656/143/2458 2661/150/2463 2659/146/2461 2657/142/2459 
f 2662/149/2464 2663/148/2465 2659/146/2461 2661/150/2463 
f 2664/147/2466 2660/145/2462 2659/146/2461 2663/148/2465 
f 2664/147/2466 2663/148/2465 2665/152/2467 2666/151/2468 
f 2662/149/2464 2667/156/2469 2665/152/2467 2663/148/2465 
f 2668/155/2470 2669/154/2471 2665/152/2467 2667/156/2469 
f 2670/153/2472 2666/151/2468 2665/152/2467 2669/154/2471 
f 2670/153/2472 2669/154/2471 2671/158/2473 2672/157/2474 
f 2668/155/2470 2673/161/2475 2671/158/2473 2669/154/2471 
f 2548/23/2350 2674/160/2476 2671/158/2473 2673/161/2475 
f 2675/159/2477 2672/157/2474 2671/158/2473 2674/160/2476 
f 2675/159/2477 2674/160/2476 2676/163/2478 2677/162/2479 
f 2548/23/2350 2547/24/2349 2676/163/2478 2674/160/2476 
f 2544/16/2346 2678/165/2480 2676/163/2478 2547/24/2349 
f 2679/164/2481 2677/162/2479 2676/163/2478 2678/165/2480 
f 2679/164/2481 2678/165/2480 2680/167/2482 2681/166/2483 
f 2544/16/2346 2543/17/2345 2680/167/2482 2678/165/2480 
f 2542/18/2344 2640/128/2442 2680/167/2482 2543/17/2345 
f 2639/125/2441 2681/166/2483 2680/167/2482 2640/128/2442 
f 2682/168/2484 2683/171/2485 2684/170/2486 2685/169/2487 
f 2686/176/2488 2687/175/2489 2684/170/2486 2683/171/2485 
f 175/174/175 174/173/174 2684/170/2486 2687/175/2489 
f 173/172/173 2685/169/2487 2684/170/2486 174/173/174 
f 55/54/55 179/178/179 2688/177/2490 2570/57/2372 
f 183/182/183 2689/181/2491 2688/177/2490 179/178/179 
f 2690/180/2492 2691/179/2493 2688/177/2490 2689/181/2491 
f 2572/59/2374 2570/57/2372 2688/177/2490 2691/179/2493 
f 2650/137/2452 2692/184/2494 2693/183/2495 2655/144/2457 
f 2694/188/2496 2695/187/2497 2693/183/2495 2692/184/2494 
f 2696/186/2498 2697/185/2499 2693/183/2495 2695/187/2497 
f 2656/143/2458 2655/144/2457 2693/183/2495 2697/185/2499 
f 2656/143/2458 2697/185/2499 2698/189/2500 2661/150/2463 
f 2696/186/2498 2699/192/2501 2698/189/2500 2697/185/2499 
f 2700/191/2502 2701/190/2503 2698/189/2500 2699/192/2501 
f 2662/149/2464 2661/150/2463 2698/189/2500 2701/190/2503 
f 2548/23/2350 2702/194/2504 2703/193/2505 2549/22/2351 
f 2704/198/2506 2705/197/2507 2703/193/2505 2702/194/2504 
f 197/196/197 196/195/196 2703/193/2505 2705/197/2507 
f 21/21/21 2549/22/2351 2703/193/2505 196/195/196 
f 40/39/40 201/200/201 2706/199/2508 2560/42/2362 
f 205/204/205 2707/203/2509 2706/199/2508 201/200/201 
f 2708/202/2510 2709/201/2511 2706/199/2508 2707/203/2509 
f 2562/47/2364 2560/42/2362 2706/199/2508 2709/201/2511 
f 2562/47/2364 2709/201/2511 2710/206/2512 2711/205/2513 
f 2708/202/2510 2712/209/2514 2710/206/2512 2709/201/2511 
f 2713/208/2515 2714/207/2516 2710/206/2512 2712/209/2514 
f 2700/191/2502 2711/205/2513 2710/206/2512 2714/207/2516 
f 2662/149/2464 2715/211/2517 2716/210/2518 2667/156/2469 
f 2717/215/2519 2718/214/2520 2716/210/2518 2715/211/2517 
f 2719/213/2521 2720/212/2522 2716/210/2518 2718/214/2520 
f 2668/155/2470 2667/156/2469 2716/210/2518 2720/212/2522 
f 2668/155/2470 2720/212/2522 2721/216/2523 2673/161/2475 
f 2719/213/2521 2722/217/2524 2721/216/2523 2720/212/2522 
f 2704/198/2506 2702/194/2504 2721/216/2523 2722/217/2524 
f 2548/23/2350 2673/161/2475 2721/216/2523 2702/194/2504 
f 175/174/175 2687/175/2489 2723/219/2525 219/218/219 
f 2686/176/2488 2724/223/2526 2723/219/2525 2687/175/2489 
f 2725/222/2527 2726/221/2528 2723/219/2525 2724/223/2526 
f 221/220/221 219/218/219 2723/219/2525 2726/221/2528 
f 2690/180/2492 2689/181/2491 2727/225/2529 2728/224/2530 
f 183/182/183 230/229/230 2727/225/2529 2689/181/2491 
f 229/228/229 2729/227/2531 2727/225/2529 230/229/230 
f 2730/226/2532 2728/224/2530 2727/225/2529 2729/227/2531 
f 2696/186/2498 2695/187/2497 2731/231/2533 2732/230/2534 
f 2694/188/2496 2733/232/2535 2731/231/2533 2695/187/2497 
f 2568/52/2370 2567/53/2369 2731/231/2533 2733/232/2535 
f 2564/45/2366 2732/230/2534 2731/231/2533 2567/53/2369 
f 2700/191/2502 2699/192/2501 2734/233/2536 2711/205/2513 
f 2696/186/2498 2732/230/2534 2734/233/2536 2699/192/2501 
f 2564/45/2366 2563/46/2365 2734/233/2536 2732/230/2534 
f 2562/47/2364 2711/205/2513 2734/233/2536 2563/46/2365 
f 2700/191/2502 2714/207/2516 2735/234/2537 2701/190/2503 
f 2713/208/2515 2736/235/2538 2735/234/2537 2714/207/2516 
f 2717/215/2519 2715/211/2517 2735/234/2537 2736/235/2538 
f 2662/149/2464 2701/190/2503 2735/234/2537 2715/211/2517 
f 10/10/10 238/237/238 2737/236/2539 2540/13/2342 
f 242/241/242 2738/240/2540 2737/236/2539 238/237/238 
f 2739/239/2541 2740/238/2542 2737/236/2539 2738/240/2540 
f 2542/18/2344 2540/13/2342 2737/236/2539 2740/238/2542 
f 2542/18/2344 2740/238/2542 2741/242/2543 2643/132/2445 
f 2739/239/2541 2742/245/2544 2741/242/2543 2740/238/2542 
f 2743/244/2545 2744/243/2546 2741/242/2543 2742/245/2544 
f 2644/131/2446 2643/132/2445 2741/242/2543 2744/243/2546 
f 2644/131/2446 2744/243/2546 2745/246/2547 2649/138/2451 
f 2743/244/2545 2746/249/2548 2745/246/2547 2744/243/2546 
f 2747/248/2549 2748/247/2550 2745/246/2547 2746/249/2548 
f 2650/137/2452 2649/138/2451 2745/246/2547 2748/247/2550 
f 2650/137/2452 2748/247/2550 2749/250/2551 2692/184/2494 
f 2747/248/2549 2750/253/2552 2749/250/2551 2748/247/2550 
f 2751/252/2553 2752/251/2554 2749/250/2551 2750/253/2552 
f 2694/188/2496 2692/184/2494 2749/250/2551 2752/251/2554 
f 2694/188/2496 2752/251/2554 2753/254/2555 2733/232/2535 
f 2751/252/2553 2754/257/2556 2753/254/2555 2752/251/2554 
f 2755/256/2557 2756/255/2558 2753/254/2555 2754/257/2556 
f 2568/52/2370 2733/232/2535 2753/254/2555 2756/255/2558 
f 2568/52/2370 2756/255/2558 2757/258/2559 2569/51/2371 
f 2755/256/2557 2758/261/2560 2757/258/2559 2756/255/2558 
f 261/260/261 260/259/260 2757/258/2559 2758/261/2560 
f 51/50/51 2569/51/2371 2757/258/2559 260/259/260 
f 2704/198/2506 2759/263/2561 2760/262/2562 2705/197/2507 
f 2761/267/2563 2762/266/2564 2760/262/2562 2759/263/2561 
f 266/265/266 265/264/265 2760/262/2562 2762/266/2564 
f 197/196/197 2705/197/2507 2760/262/2562 265/264/265 
f 205/204/205 270/269/270 2763/268/2565 2707/203/2509 
f 274/273/274 2764/272/2566 2763/268/2565 270/269/270 
f 2765/271/2567 2766/270/2568 2763/268/2565 2764/272/2566 
f 2708/202/2510 2707/203/2509 2763/268/2565 2766/270/2568 
f 2708/202/2510 2766/270/2568 2767/274/2569 2712/209/2514 
f 2765/271/2567 2768/277/2570 2767/274/2569 2766/270/2568 
f 2769/276/2571 2770/275/2572 2767/274/2569 2768/277/2570 
f 2713/208/2515 2712/209/2514 2767/274/2569 2770/275/2572 
f 2713/208/2515 2770/275/2572 2771/278/2573 2736/235/2538 
f 2769/276/2571 2772/281/2574 2771/278/2573 2770/275/2572 
f 2773/280/2575 2774/279/2576 2771/278/2573 2772/281/2574 
f 2717/215/2519 2736/235/2538 2771/278/2573 2774/279/2576 
f 2717/215/2519 2774/279/2576 2775/282/2577 2718/214/2520 
f 2773/280/2575 2776/285/2578 2775/282/2577 2774/279/2576 
f 2777/284/2579 2778/283/2580 2775/282/2577 2776/285/2578 
f 2719/213/2521 2718/214/2520 2775/282/2577 2778/283/2580 
f 2719/213/2521 2778/283/2580 2779/286/2581 2722/217/2524 
f 2777/284/2579 2780/287/2582 2779/286/2581 2778/283/2580 
f 2761/267/2563 2759/263/2561 2779/286/2581 2780/287/2582 
f 2704/198/2506 2722/217/2524 2779/286/2581 2759/263/2561 
f 2558/37/2360 2781/289/2583 2782/288/2584 2559/36/2361 
f 2682/168/2484 2685/169/2487 2782/288/2584 2781/289/2583 
f 173/172/173 291/290/291 2782/288/2584 2685/169/2487 
f 36/35/36 2559/36/2361 2782/288/2584 291/290/291 
f 292/291/292 295/294/295 2783/293/2585 2784/292/2586 
f 221/220/221 2726/221/2528 2783/293/2585 295/294/295 
f 2725/222/2527 2785/296/2587 2783/293/2585 2726/221/2528 
f 2786/295/2588 2784/292/2586 2783/293/2585 2785/296/2587 
f 2786/295/2588 2785/296/2587 2787/298/2589 2788/297/2590 
f 2725/222/2527 2724/223/2526 2787/298/2589 2785/296/2587 
f 2686/176/2488 2789/300/2591 2787/298/2589 2724/223/2526 
f 2790/299/2592 2788/297/2590 2787/298/2589 2789/300/2591 
f 2790/299/2592 2789/300/2591 2791/302/2593 2792/301/2594 
f 2686/176/2488 2683/171/2485 2791/302/2593 2789/300/2591 
f 2682/168/2484 2781/289/2583 2791/302/2593 2683/171/2485 
f 2558/37/2360 2792/301/2594 2791/302/2593 2781/289/2583 
f 2793/303/2595 2794/306/2596 2795/305/2597 2796/304/2598 
f 312/311/312 311/310/311 2795/305/2597 2794/306/2596 
f 310/309/310 2797/308/2599 2795/305/2597 311/310/311 
f 2798/307/2600 2796/304/2598 2795/305/2597 2797/308/2599 
f 2799/312/2601 2800/315/2602 2801/314/2603 2802/313/2604 
f 2803/320/2605 2804/319/2606 2801/314/2603 2800/315/2602 
f 2805/318/2607 2806/317/2608 2801/314/2603 2804/319/2606 
f 2807/316/2609 2802/313/2604 2801/314/2603 2806/317/2608 
f 2808/321/2610 2809/324/2611 2810/323/2612 2811/322/2613 
f 2799/312/2601 2802/313/2604 2810/323/2612 2809/324/2611 
f 2807/316/2609 2812/326/2614 2810/323/2612 2802/313/2604 
f 2813/325/2615 2811/322/2613 2810/323/2612 2812/326/2614 
f 2814/327/2616 2815/330/2617 2816/329/2618 2817/328/2619 
f 2808/321/2610 2811/322/2613 2816/329/2618 2815/330/2617 
f 2813/325/2615 2818/332/2620 2816/329/2618 2811/322/2613 
f 2819/331/2621 2817/328/2619 2816/329/2618 2818/332/2620 
f 2820/333/2622 2821/336/2623 2822/335/2624 2823/334/2625 
f 2814/327/2616 2817/328/2619 2822/335/2624 2821/336/2623 
f 2819/331/2621 2824/338/2626 2822/335/2624 2817/328/2619 
f 2825/337/2627 2823/334/2625 2822/335/2624 2824/338/2626 
f 340/339/340 2826/342/2628 2827/341/2629 341/340/341 
f 2820/333/2622 2823/334/2625 2827/341/2629 2826/342/2628 
f 2825/337/2627 2828/344/2630 2827/341/2629 2823/334/2625 
f 344/343/344 341/340/341 2827/341/2629 2828/344/2630 
f 2829/345/2631 2830/348/2632 2831/347/2633 2832/346/2634 
f 354/353/354 353/352/353 2831/347/2633 2830/348/2632 
f 352/351/352 2833/350/2635 2831/347/2633 353/352/353 
f 2834/349/2636 2832/346/2634 2831/347/2633 2833/350/2635 
f 355/354/355 2835/357/2637 2836/356/2638 356/355/356 
f 2837/362/2639 2838/361/2640 2836/356/2638 2835/357/2637 
f 2839/360/2641 2840/359/2642 2836/356/2638 2838/361/2640 
f 359/358/359 356/355/356 2836/356/2638 2840/359/2642 
f 2841/363/2643 2842/366/2644 2843/365/2645 2844/364/2646 
f 2845/371/2647 2846/370/2648 2843/365/2645 2842/366/2644 
f 2847/369/2649 2848/368/2650 2843/365/2645 2846/370/2648 
f 2849/367/2651 2844/364/2646 2843/365/2645 2848/368/2650 
f 2850/372/2652 2851/375/2653 2852/374/2654 2853/373/2655 
f 2854/380/2656 2855/379/2657 2852/374/2654 2851/375/2653 
f 2856/378/2658 2857/377/2659 2852/374/2654 2855/379/2657 
f 2858/376/2660 2853/373/2655 2852/374/2654 2857/377/2659 
f 2859/381/2661 2860/384/2662 2861/383/2663 2862/382/2664 
f 2841/363/2643 2844/364/2646 2861/383/2663 2860/384/2662 
f 2849/367/2651 2863/386/2665 2861/383/2663 2844/364/2646 
f 2864/385/2666 2862/382/2664 2861/383/2663 2863/386/2665 
f 2854/380/2656 2865/388/2667 2866/387/2668 2855/379/2657 
f 2867/392/2669 2868/391/2670 2866/387/2668 2865/388/2667 
f 2869/390/2671 2870/389/2672 2866/387/2668 2868/391/2670 
f 2856/378/2658 2855/379/2657 2866/387/2668 2870/389/2672 
f 2871/393/2673 2872/396/2674 2873/395/2675 2874/394/2676 
f 2859/381/2661 2862/382/2664 2873/395/2675 2872/396/2674 
f 2864/385/2666 2875/398/2677 2873/395/2675 2862/382/2664 
f 2876/397/2678 2874/394/2676 2873/395/2675 2875/398/2677 
f 2867/392/2669 2877/400/2679 2878/399/2680 2868/391/2670 
f 2879/404/2681 2880/403/2682 2878/399/2680 2877/400/2679 
f 2881/402/2683 2882/401/2684 2878/399/2680 2880/403/2682 
f 2869/390/2671 2868/391/2670 2878/399/2680 2882/401/2684 
f 2883/405/2685 2884/408/2686 2885/407/2687 2886/406/2688 
f 2871/393/2673 2874/394/2676 2885/407/2687 2884/408/2686 
f 2876/397/2678 2887/410/2689 2885/407/2687 2874/394/2676 
f 2888/409/2690 2886/406/2688 2885/407/2687 2887/410/2689 
f 2879/404/2681 2889/412/2691 2890/411/2692 2880/403/2682 
f 2891/416/2693 2892/415/2694 2890/411/2692 2889/412/2691 
f 2893/414/2695 2894/413/2696 2890/411/2692 2892/415/2694 
f 2881/402/2683 2880/403/2682 2890/411/2692 2894/413/2696 
f 418/417/418 2895/420/2697 2896/419/2698 419/418/419 
f 2897/425/2699 2898/424/2700 2896/419/2698 2895/420/2697 
f 2899/423/2701 2900/422/2702 2896/419/2698 2898/424/2700 
f 422/421/422 419/418/419 2896/419/2698 2900/422/2702 
f 427/426/427 2901/429/2703 2902/428/2704 428/427/428 
f 2903/434/2705 2904/433/2706 2902/428/2704 2901/429/2703 
f 2905/432/2707 2906/431/2708 2902/428/2704 2904/433/2706 
f 431/430/431 428/427/428 2902/428/2704 2906/431/2708 
f 2903/434/2705 2907/436/2709 2908/435/2710 2904/433/2706 
f 2909/440/2711 2910/439/2712 2908/435/2710 2907/436/2709 
f 2911/438/2713 2912/437/2714 2908/435/2710 2910/439/2712 
f 2905/432/2707 2904/433/2706 2908/435/2710 2912/437/2714 
f 2909/440/2711 2913/442/2715 2914/441/2716 2910/439/2712 
f 2915/446/2717 2916/445/2718 2914/441/2716 2913/442/2715 
f 2917/444/2719 2918/443/2720 2914/441/2716 2916/445/2718 
f 2911/438/2713 2910/439/2712 2914/441/2716 2918/443/2720 
f 2915/446/2717 2919/448/2721 2920/447/2722 2916/445/2718 
f 2921/452/2723 2922/451/2724 2920/447/2722 2919/448/2721 
f 2923/450/2725 2924/449/2726 2920/447/2722 2922/451/2724 
f 2917/444/2719 2916/445/2718 2920/447/2722 2924/449/2726 
f 2921/452/2723 2925/454/2727 2926/453/2728 2922/451/2724 
f 2927/458/2729 2928/457/2730 2926/453/2728 2925/454/2727 
f 2929/456/2731 2930/455/2732 2926/453/2728 2928/457/2730 
f 2923/450/2725 2922/451/2724 2926/453/2728 2930/455/2732 
f 2929/456/2731 2928/457/2730 2931/460/2733 2932/459/2734 
f 2927/458/2729 2933/464/2735 2931/460/2733 2928/457/2730 
f 464/463/464 463/462/463 2931/460/2733 2933/464/2735 
f 462/461/462 2932/459/2734 2931/460/2733 463/462/463 
f 431/430/431 2906/431/2708 2934/466/2736 466/465/466 
f 2905/432/2707 2935/467/2737 2934/466/2736 2906/431/2708 
f 2739/239/2541 2738/240/2540 2934/466/2736 2935/467/2737 
f 242/241/242 466/465/466 2934/466/2736 2738/240/2540 
f 2903/434/2705 2901/429/2703 2936/469/2738 2937/468/2739 
f 427/426/427 474/473/474 2936/469/2738 2901/429/2703 
f 473/472/473 2938/471/2740 2936/469/2738 474/473/474 
f 2939/470/2741 2937/468/2739 2936/469/2738 2938/471/2740 
f 2905/432/2707 2912/437/2714 2940/474/2742 2935/467/2737 
f 2911/438/2713 2941/475/2743 2940/474/2742 2912/437/2714 
f 2743/244/2545 2742/245/2544 2940/474/2742 2941/475/2743 
f 2739/239/2541 2935/467/2737 2940/474/2742 2742/245/2544 
f 2909/440/2711 2907/436/2709 2942/477/2744 2943/476/2745 
f 2903/434/2705 2937/468/2739 2942/477/2744 2907/436/2709 
f 2939/470/2741 2944/479/2746 2942/477/2744 2937/468/2739 
f 2945/478/2747 2943/476/2745 2942/477/2744 2944/479/2746 
f 2911/438/2713 2918/443/2720 2946/480/2748 2941/475/2743 
f 2917/444/2719 2947/481/2749 2946/480/2748 2918/443/2720 
f 2747/248/2549 2746/249/2548 2946/480/2748 2947/481/2749 
f 2743/244/2545 2941/475/2743 2946/480/2748 2746/249/2548 
f 2948/482/2750 2949/485/2751 2950/484/2752 2951/483/2753 
f 2915/446/2717 2913/442/2715 2950/484/2752 2949/485/2751 
f 2909/440/2711 2943/476/2745 2950/484/2752 2913/442/2715 
f 2945/478/2747 2951/483/2753 2950/484/2752 2943/476/2745 
f 2917/444/2719 2924/449/2726 2952/486/2754 2947/481/2749 
f 2923/450/2725 2953/487/2755 2952/486/2754 2924/449/2726 
f 2751/252/2553 2750/253/2552 2952/486/2754 2953/487/2755 
f 2747/248/2549 2947/481/2749 2952/486/2754 2750/253/2552 
f 2923/450/2725 2930/455/2732 2954/488/2756 2953/487/2755 
f 2929/456/2731 2955/489/2757 2954/488/2756 2930/455/2732 
f 2755/256/2557 2754/257/2556 2954/488/2756 2955/489/2757 
f 2751/252/2553 2953/487/2755 2954/488/2756 2754/257/2556 
f 2929/456/2731 2932/459/2734 2956/490/2758 2955/489/2757 
f 462/461/462 492/491/492 2956/490/2758 2932/459/2734 
f 261/260/261 2758/261/2560 2956/490/2758 492/491/492 
f 2755/256/2557 2955/489/2757 2956/490/2758 2758/261/2560 
f 464/463/464 2933/464/2735 2957/493/2759 493/492/493 
f 2927/458/2729 2958/497/2760 2957/493/2759 2933/464/2735 
f 2959/496/2761 2960/495/2762 2957/493/2759 2958/497/2760 
f 495/494/495 493/492/493 2957/493/2759 2960/495/2762 
f 359/358/359 2840/359/2642 2961/499/2763 499/498/499 
f 2839/360/2641 2962/503/2764 2961/499/2763 2840/359/2642 
f 2963/502/2765 2964/501/2766 2961/499/2763 2962/503/2764 
f 501/500/501 499/498/499 2961/499/2763 2964/501/2766 
f 2837/362/2639 2835/357/2637 2965/505/2767 2966/504/2768 
f 355/354/355 510/509/510 2965/505/2767 2835/357/2637 
f 509/508/509 2967/507/2769 2965/505/2767 510/509/510 
f 2968/506/2770 2966/504/2768 2965/505/2767 2967/507/2769 
f 2858/376/2660 2857/377/2659 2969/511/2771 2970/510/2772 
f 2856/378/2658 2971/512/2773 2969/511/2771 2857/377/2659 
f 2945/478/2747 2944/479/2746 2969/511/2771 2971/512/2773 
f 2939/470/2741 2970/510/2772 2969/511/2771 2944/479/2746 
f 2854/380/2656 2851/375/2653 2972/514/2774 2973/513/2775 
f 2850/372/2652 2974/518/2776 2972/514/2774 2851/375/2653 
f 2975/517/2777 2976/516/2778 2972/514/2774 2974/518/2776 
f 2977/515/2779 2973/513/2775 2972/514/2774 2976/516/2778 
f 2856/378/2658 2870/389/2672 2978/519/2780 2971/512/2773 
f 2869/390/2671 2979/520/2781 2978/519/2780 2870/389/2672 
f 2948/482/2750 2951/483/2753 2978/519/2780 2979/520/2781 
f 2945/478/2747 2971/512/2773 2978/519/2780 2951/483/2753 
f 2867/392/2669 2865/388/2667 2980/522/2782 2981/521/2783 
f 2854/380/2656 2973/513/2775 2980/522/2782 2865/388/2667 
f 2977/515/2779 2982/524/2784 2980/522/2782 2973/513/2775 
f 2983/523/2785 2981/521/2783 2980/522/2782 2982/524/2784 
f 2879/404/2681 2877/400/2679 2984/526/2786 2985/525/2787 
f 2867/392/2669 2981/521/2783 2984/526/2786 2877/400/2679 
f 2983/523/2785 2986/528/2788 2984/526/2786 2981/521/2783 
f 2987/527/2789 2985/525/2787 2984/526/2786 2986/528/2788 
f 2891/416/2693 2889/412/2691 2988/530/2790 2989/529/2791 
f 2879/404/2681 2985/525/2787 2988/530/2790 2889/412/2691 
f 2987/527/2789 2990/532/2792 2988/530/2790 2985/525/2787 
f 2991/531/2793 2989/529/2791 2988/530/2790 2990/532/2792 
f 534/533/534 2992/536/2794 2993/535/2795 535/534/535 
f 2891/416/2693 2989/529/2791 2993/535/2795 2992/536/2794 
f 2991/531/2793 2994/538/2796 2993/535/2795 2989/529/2791 
f 538/537/538 535/534/535 2993/535/2795 2994/538/2796 
f 2995/539/2797 2996/542/2798 2997/541/2799 2998/540/2800 
f 548/547/548 547/546/547 2997/541/2799 2996/542/2798 
f 546/545/546 2999/544/2801 2997/541/2799 547/546/547 
f 3000/543/2802 2998/540/2800 2997/541/2799 2999/544/2801 
f 2798/307/2600 2797/308/2599 3001/549/2803 3002/548/2804 
f 310/309/310 551/550/551 3001/549/2803 2797/308/2599 
f 548/547/548 2996/542/2798 3001/549/2803 551/550/551 
f 2995/539/2797 3002/548/2804 3001/549/2803 2996/542/2798 
f 312/311/312 2794/306/2596 3003/552/2805 552/551/552 
f 2793/303/2595 3004/553/2806 3003/552/2805 2794/306/2596 
f 2968/506/2770 2967/507/2769 3003/552/2805 3004/553/2806 
f 509/508/509 552/551/552 3003/552/2805 2967/507/2769 
f 3005/554/2807 3006/557/2808 3007/556/2809 3008/555/2810 
f 3009/562/2811 3010/561/2812 3007/556/2809 3006/557/2808 
f 3011/560/2813 3012/559/2814 3007/556/2809 3010/561/2812 
f 3013/558/2815 3008/555/2810 3007/556/2809 3012/559/2814 
f 2807/316/2609 2806/317/2608 3014/564/2816 3015/563/2817 
f 2805/318/2607 3016/565/2818 3014/564/2816 2806/317/2608 
f 3009/562/2811 3006/557/2808 3014/564/2816 3016/565/2818 
f 3005/554/2807 3015/563/2817 3014/564/2816 3006/557/2808 
f 2803/320/2605 2800/315/2602 3017/567/2819 3018/566/2820 
f 2799/312/2601 3019/568/2821 3017/567/2819 2800/315/2602 
f 2977/515/2779 2976/516/2778 3017/567/2819 3019/568/2821 
f 2975/517/2777 3018/566/2820 3017/567/2819 2976/516/2778 
f 3020/569/2822 3021/572/2823 3022/571/2824 3023/570/2825 
f 3005/554/2807 3008/555/2810 3022/571/2824 3021/572/2823 
f 3013/558/2815 3024/574/2826 3022/571/2824 3008/555/2810 
f 3025/573/2827 3023/570/2825 3022/571/2824 3024/574/2826 
f 2813/325/2615 2812/326/2614 3026/576/2828 3027/575/2829 
f 2807/316/2609 3015/563/2817 3026/576/2828 2812/326/2614 
f 3005/554/2807 3021/572/2823 3026/576/2828 3015/563/2817 
f 3020/569/2822 3027/575/2829 3026/576/2828 3021/572/2823 
f 2799/312/2601 2809/324/2611 3028/577/2830 3019/568/2821 
f 2808/321/2610 3029/578/2831 3028/577/2830 2809/324/2611 
f 2983/523/2785 2982/524/2784 3028/577/2830 3029/578/2831 
f 2977/515/2779 3019/568/2821 3028/577/2830 2982/524/2784 
f 3030/579/2832 3031/582/2833 3032/581/2834 3033/580/2835 
f 3020/569/2822 3023/570/2825 3032/581/2834 3031/582/2833 
f 3025/573/2827 3034/584/2836 3032/581/2834 3023/570/2825 
f 3035/583/2837 3033/580/2835 3032/581/2834 3034/584/2836 
f 2819/331/2621 2818/332/2620 3036/586/2838 3037/585/2839 
f 2813/325/2615 3027/575/2829 3036/586/2838 2818/332/2620 
f 3020/569/2822 3031/582/2833 3036/586/2838 3027/575/2829 
f 3030/579/2832 3037/585/2839 3036/586/2838 3031/582/2833 
f 2808/321/2610 2815/330/2617 3038/587/2840 3029/578/2831 
f 2814/327/2616 3039/588/2841 3038/587/2840 2815/330/2617 
f 2987/527/2789 2986/528/2788 3038/587/2840 3039/588/2841 
f 2983/523/2785 3029/578/2831 3038/587/2840 2986/528/2788 
f 3040/589/2842 3041/592/2843 3042/591/2844 3043/590/2845 
f 3030/579/2832 3033/580/2835 3042/591/2844 3041/592/2843 
f 3035/583/2837 3044/594/2846 3042/591/2844 3033/580/2835 
f 3045/593/2847 3043/590/2845 3042/591/2844 3044/594/2846 
f 2825/337/2627 2824/338/2626 3046/596/2848 3047/595/2849 
f 2819/331/2621 3037/585/2839 3046/596/2848 2824/338/2626 
f 3030/579/2832 3041/592/2843 3046/596/2848 3037/585/2839 
f 3040/589/2842 3047/595/2849 3046/596/2848 3041/592/2843 
f 2814/327/2616 2821/336/2623 3048/597/2850 3039/588/2841 
f 2820/333/2622 3049/598/2851 3048/597/2850 2821/336/2623 
f 2991/531/2793 2990/532/2792 3048/597/2850 3049/598/2851 
f 2987/527/2789 3039/588/2841 3048/597/2850 2990/532/2792 
f 600/599/600 3050/602/2852 3051/601/2853 601/600/601 
f 3052/607/2854 3053/606/2855 3051/601/2853 3050/602/2852 
f 3054/605/2856 3055/604/2857 3051/601/2853 3053/606/2855 
f 604/603/604 601/600/601 3051/601/2853 3055/604/2857 
f 344/343/344 2828/344/2630 3056/609/2858 609/608/609 
f 2825/337/2627 3047/595/2849 3056/609/2858 2828/344/2630 
f 3040/589/2842 3057/611/2859 3056/609/2858 3047/595/2849 
f 611/610/611 609/608/609 3056/609/2858 3057/611/2859 
f 2820/333/2622 2826/342/2628 3058/612/2860 3049/598/2851 
f 340/339/340 614/613/614 3058/612/2860 2826/342/2628 
f 538/537/538 2994/538/2796 3058/612/2860 614/613/614 
f 2991/531/2793 3049/598/2851 3058/612/2860 2994/538/2796 
f 615/614/615 3059/617/2861 3060/616/2862 616/615/616 
f 3061/619/2863 3062/618/2864 3060/616/2862 3059/617/2861 
f 3000/543/2802 2999/544/2801 3060/616/2862 3062/618/2864 
f 546/545/546 616/615/616 3060/616/2862 2999/544/2801 
f 621/620/621 3063/623/2865 3064/622/2866 622/621/622 
f 3065/625/2867 3066/624/2868 3064/622/2866 3063/623/2865 
f 3061/619/2863 3059/617/2861 3064/622/2866 3066/624/2868 
f 615/614/615 622/621/622 3064/622/2866 3059/617/2861 
f 3067/626/2869 3068/629/2870 3069/628/2871 3070/627/2872 
f 3071/631/2873 3072/630/2874 3069/628/2871 3068/629/2870 
f 3013/558/2815 3012/559/2814 3069/628/2871 3072/630/2874 
f 3011/560/2813 3070/627/2872 3069/628/2871 3012/559/2814 
f 2845/371/2647 2842/366/2644 3073/633/2875 3074/632/2876 
f 2841/363/2643 3075/634/2877 3073/633/2875 2842/366/2644 
f 3071/631/2873 3068/629/2870 3073/633/2875 3075/634/2877 
f 3067/626/2869 3074/632/2876 3073/633/2875 3068/629/2870 
f 3071/631/2873 3076/636/2878 3077/635/2879 3072/630/2874 
f 3078/638/2880 3079/637/2881 3077/635/2879 3076/636/2878 
f 3025/573/2827 3024/574/2826 3077/635/2879 3079/637/2881 
f 3013/558/2815 3072/630/2874 3077/635/2879 3024/574/2826 
f 2841/363/2643 2860/384/2662 3080/639/2882 3075/634/2877 
f 2859/381/2661 3081/640/2883 3080/639/2882 2860/384/2662 
f 3078/638/2880 3076/636/2878 3080/639/2882 3081/640/2883 
f 3071/631/2873 3075/634/2877 3080/639/2882 3076/636/2878 
f 3078/638/2880 3082/642/2884 3083/641/2885 3079/637/2881 
f 3084/644/2886 3085/643/2887 3083/641/2885 3082/642/2884 
f 3035/583/2837 3034/584/2836 3083/641/2885 3085/643/2887 
f 3025/573/2827 3079/637/2881 3083/641/2885 3034/584/2836 
f 2859/381/2661 2872/396/2674 3086/645/2888 3081/640/2883 
f 2871/393/2673 3087/646/2889 3086/645/2888 2872/396/2674 
f 3084/644/2886 3082/642/2884 3086/645/2888 3087/646/2889 
f 3078/638/2880 3081/640/2883 3086/645/2888 3082/642/2884 
f 3084/644/2886 3088/648/2890 3089/647/2891 3085/643/2887 
f 3090/650/2892 3091/649/2893 3089/647/2891 3088/648/2890 
f 3045/593/2847 3044/594/2846 3089/647/2891 3091/649/2893 
f 3035/583/2837 3085/643/2887 3089/647/2891 3044/594/2846 
f 2871/393/2673 2884/408/2686 3092/651/2894 3087/646/2889 
f 2883/405/2685 3093/652/2895 3092/651/2894 2884/408/2686 
f 3090/650/2892 3088/648/2890 3092/651/2894 3093/652/2895 
f 3084/644/2886 3087/646/2889 3092/651/2894 3088/648/2890 
f 3094/653/2896 3095/656/2897 3096/655/2898 3097/654/2899 
f 659/658/659 658/657/658 3096/655/2898 3095/656/2897 
f 604/603/604 3055/604/2857 3096/655/2898 658/657/658 
f 3054/605/2856 3097/654/2899 3096/655/2898 3055/604/2857 
f 2897/425/2699 2895/420/2697 3098/660/2900 3099/659/2901 
f 418/417/418 662/661/662 3098/660/2900 2895/420/2697 
f 659/658/659 3095/656/2897 3098/660/2900 662/661/662 
f 3094/653/2896 3099/659/2901 3098/660/2900 3095/656/2897 
f 663/662/663 3100/665/2902 3101/664/2903 664/663/664 
f 3102/670/2904 3103/669/2905 3101/664/2903 3100/665/2902 
f 3104/668/2906 3105/667/2907 3101/664/2903 3103/669/2905 
f 667/666/667 664/663/664 3101/664/2903 3105/667/2907 
f 3102/670/2904 3106/672/2908 3107/671/2909 3103/669/2905 
f 3108/676/2910 3109/675/2911 3107/671/2909 3106/672/2908 
f 3110/674/2912 3111/673/2913 3107/671/2909 3109/675/2911 
f 3104/668/2906 3103/669/2905 3107/671/2909 3111/673/2913 
f 3108/676/2910 3112/678/2914 3113/677/2915 3109/675/2911 
f 3114/682/2916 3115/681/2917 3113/677/2915 3112/678/2914 
f 3116/680/2918 3117/679/2919 3113/677/2915 3115/681/2917 
f 3110/674/2912 3109/675/2911 3113/677/2915 3117/679/2919 
f 3114/682/2916 3118/684/2920 3119/683/2921 3115/681/2917 
f 3120/688/2922 3121/687/2923 3119/683/2921 3118/684/2920 
f 3122/686/2924 3123/685/2925 3119/683/2921 3121/687/2923 
f 3116/680/2918 3115/681/2917 3119/683/2921 3123/685/2925 
f 3120/688/2922 3124/690/2926 3125/689/2927 3121/687/2923 
f 3126/694/2928 3127/693/2929 3125/689/2927 3124/690/2926 
f 3128/692/2930 3129/691/2931 3125/689/2927 3127/693/2929 
f 3122/686/2924 3121/687/2923 3125/689/2927 3129/691/2931 
f 3126/694/2928 3130/696/2932 3131/695/2933 3127/693/2929 
f 701/700/701 700/699/700 3131/695/2933 3130/696/2932 
f 699/698/699 3132/697/2934 3131/695/2933 700/699/700 
f 3128/692/2930 3127/693/2929 3131/695/2933 3132/697/2934 
f 702/701/702 705/704/705 3133/703/2935 3134/702/2936 
f 710/709/710 3135/708/2937 3133/703/2935 705/704/705 
f 3136/707/2938 3137/706/2939 3133/703/2935 3135/708/2937 
f 3138/705/2940 3134/702/2936 3133/703/2935 3137/706/2939 
f 3138/705/2940 3137/706/2939 3139/711/2941 3140/710/2942 
f 3136/707/2938 3141/715/2943 3139/711/2941 3137/706/2939 
f 3142/714/2944 3143/713/2945 3139/711/2941 3141/715/2943 
f 3144/712/2946 3140/710/2942 3139/711/2941 3143/713/2945 
f 3144/712/2946 3143/713/2945 3145/717/2947 3146/716/2948 
f 3142/714/2944 3147/721/2949 3145/717/2947 3143/713/2945 
f 3148/720/2950 3149/719/2951 3145/717/2947 3147/721/2949 
f 3150/718/2952 3146/716/2948 3145/717/2947 3149/719/2951 
f 3150/718/2952 3149/719/2951 3151/723/2953 3152/722/2954 
f 3148/720/2950 3153/727/2955 3151/723/2953 3149/719/2951 
f 3154/726/2956 3155/725/2957 3151/723/2953 3153/727/2955 
f 3156/724/2958 3152/722/2954 3151/723/2953 3155/725/2957 
f 3156/724/2958 3155/725/2957 3157/729/2959 3158/728/2960 
f 3154/726/2956 3159/733/2961 3157/729/2959 3155/725/2957 
f 3160/732/2962 3161/731/2963 3157/729/2959 3159/733/2961 
f 3162/730/2964 3158/728/2960 3157/729/2959 3161/731/2963 
f 3162/730/2964 3161/731/2963 3163/735/2965 3164/734/2966 
f 3160/732/2962 3165/739/2967 3163/735/2965 3161/731/2963 
f 739/738/739 738/737/738 3163/735/2965 3165/739/2967 
f 737/736/737 3164/734/2966 3163/735/2965 738/737/738 
f 3166/740/2968 3167/743/2969 3168/742/2970 3169/741/2971 
f 749/748/749 748/747/748 3168/742/2970 3167/743/2969 
f 747/746/747 3170/745/2972 3168/742/2970 748/747/748 
f 3171/744/2973 3169/741/2971 3168/742/2970 3170/745/2972 
f 3172/749/2974 3173/752/2975 3174/751/2976 3175/750/2977 
f 3166/740/2968 3169/741/2971 3174/751/2976 3173/752/2975 
f 3171/744/2973 3176/754/2978 3174/751/2976 3169/741/2971 
f 3177/753/2979 3175/750/2977 3174/751/2976 3176/754/2978 
f 3178/755/2980 3179/758/2981 3180/757/2982 3181/756/2983 
f 3172/749/2974 3175/750/2977 3180/757/2982 3179/758/2981 
f 3177/753/2979 3182/760/2984 3180/757/2982 3175/750/2977 
f 3183/759/2985 3181/756/2983 3180/757/2982 3182/760/2984 
f 3184/761/2986 3185/764/2987 3186/763/2988 3187/762/2989 
f 3178/755/2980 3181/756/2983 3186/763/2988 3185/764/2987 
f 3183/759/2985 3188/766/2990 3186/763/2988 3181/756/2983 
f 3189/765/2991 3187/762/2989 3186/763/2988 3188/766/2990 
f 3190/767/2992 3191/770/2993 3192/769/2994 3193/768/2995 
f 3184/761/2986 3187/762/2989 3192/769/2994 3191/770/2993 
f 3189/765/2991 3194/772/2996 3192/769/2994 3187/762/2989 
f 3195/771/2997 3193/768/2995 3192/769/2994 3194/772/2996 
f 774/773/774 3196/776/2998 3197/775/2999 775/774/775 
f 3190/767/2992 3193/768/2995 3197/775/2999 3196/776/2998 
f 3195/771/2997 3198/778/3000 3197/775/2999 3193/768/2995 
f 778/777/778 775/774/775 3197/775/2999 3198/778/3000 
f 780/779/780 783/782/783 3199/781/3001 3200/780/3002 
f 788/787/788 3201/786/3003 3199/781/3001 783/782/783 
f 3202/785/3004 3203/784/3005 3199/781/3001 3201/786/3003 
f 3204/783/3006 3200/780/3002 3199/781/3001 3203/784/3005 
f 3204/783/3006 3203/784/3005 3205/789/3007 3206/788/3008 
f 3202/785/3004 3207/793/3009 3205/789/3007 3203/784/3005 
f 3208/792/3010 3209/791/3011 3205/789/3007 3207/793/3009 
f 3210/790/3012 3206/788/3008 3205/789/3007 3209/791/3011 
f 3210/790/3012 3209/791/3011 3211/795/3013 3212/794/3014 
f 3208/792/3010 3213/799/3015 3211/795/3013 3209/791/3011 
f 3214/798/3016 3215/797/3017 3211/795/3013 3213/799/3015 
f 3216/796/3018 3212/794/3014 3211/795/3013 3215/797/3017 
f 3216/796/3018 3215/797/3017 3217/801/3019 3218/800/3020 
f 3214/798/3016 3219/805/3021 3217/801/3019 3215/797/3017 
f 3220/804/3022 3221/803/3023 3217/801/3019 3219/805/3021 
f 3222/802/3024 3218/800/3020 3217/801/3019 3221/803/3023 
f 3222/802/3024 3221/803/3023 3223/807/3025 3224/806/3026 
f 3220/804/3022 3225/811/3027 3223/807/3025 3221/803/3023 
f 3226/810/3028 3227/809/3029 3223/807/3025 3225/811/3027 
f 3228/808/3030 3224/806/3026 3223/807/3025 3227/809/3029 
f 3228/808/3030 3227/809/3029 3229/813/3031 3230/812/3032 
f 3226/810/3028 3231/817/3033 3229/813/3031 3227/809/3029 
f 817/816/817 816/815/816 3229/813/3031 3231/817/3033 
f 815/814/815 3230/812/3032 3229/813/3031 816/815/816 
f 3202/785/3004 3201/786/3003 3232/819/3034 3233/818/3035 
f 788/787/788 821/820/821 3232/819/3034 3201/786/3003 
f 5/5/5 2539/6/2341 3232/819/3034 821/820/821 
f 2538/7/2340 3233/818/3035 3232/819/3034 2539/6/2341 
f 3208/792/3010 3207/793/3009 3234/822/3036 3235/821/3037 
f 3202/785/3004 3233/818/3035 3234/822/3036 3207/793/3009 
f 2538/7/2340 2537/8/2339 3234/822/3036 3233/818/3035 
f 2536/9/2338 3235/821/3037 3234/822/3036 2537/8/2339 
f 3214/798/3016 3213/799/3015 3236/824/3038 3237/823/3039 
f 3208/792/3010 3235/821/3037 3236/824/3038 3213/799/3015 
f 2536/9/2338 2573/58/2375 3236/824/3038 3235/821/3037 
f 2572/59/2374 3237/823/3039 3236/824/3038 2573/58/2375 
f 3220/804/3022 3219/805/3021 3238/826/3040 3239/825/3041 
f 3214/798/3016 3237/823/3039 3238/826/3040 3219/805/3021 
f 2572/59/2374 2691/179/2493 3238/826/3040 3237/823/3039 
f 2690/180/2492 3239/825/3041 3238/826/3040 2691/179/2493 
f 3226/810/3028 3225/811/3027 3240/828/3042 3241/827/3043 
f 3220/804/3022 3239/825/3041 3240/828/3042 3225/811/3027 
f 2690/180/2492 2728/224/2530 3240/828/3042 3239/825/3041 
f 2730/226/2532 3241/827/3043 3240/828/3042 2728/224/2530 
f 817/816/817 3231/817/3033 3242/830/3044 830/829/830 
f 3226/810/3028 3241/827/3043 3242/830/3044 3231/817/3033 
f 2730/226/2532 2729/227/2531 3242/830/3044 3241/827/3043 
f 229/228/229 830/829/830 3242/830/3044 2729/227/2531 
f 832/831/832 3243/834/3045 3244/833/3046 833/832/833 
f 3245/839/3047 3246/838/3048 3244/833/3046 3243/834/3045 
f 3247/837/3049 3248/836/3050 3244/833/3046 3246/838/3048 
f 836/835/836 833/832/833 3244/833/3046 3248/836/3050 
f 3245/839/3047 3249/841/3051 3250/840/3052 3246/838/3048 
f 3251/845/3053 3252/844/3054 3250/840/3052 3249/841/3051 
f 3253/843/3055 3254/842/3056 3250/840/3052 3252/844/3054 
f 3247/837/3049 3246/838/3048 3250/840/3052 3254/842/3056 
f 3251/845/3053 3255/847/3057 3256/846/3058 3252/844/3054 
f 3257/851/3059 3258/850/3060 3256/846/3058 3255/847/3057 
f 3259/849/3061 3260/848/3062 3256/846/3058 3258/850/3060 
f 3253/843/3055 3252/844/3054 3256/846/3058 3260/848/3062 
f 3257/851/3059 3261/853/3063 3262/852/3064 3258/850/3060 
f 3263/857/3065 3264/856/3066 3262/852/3064 3261/853/3063 
f 3265/855/3067 3266/854/3068 3262/852/3064 3264/856/3066 
f 3259/849/3061 3258/850/3060 3262/852/3064 3266/854/3068 
f 3263/857/3065 3267/859/3069 3268/858/3070 3264/856/3066 
f 3269/863/3071 3270/862/3072 3268/858/3070 3267/859/3069 
f 3271/861/3073 3272/860/3074 3268/858/3070 3270/862/3072 
f 3265/855/3067 3264/856/3066 3268/858/3070 3272/860/3074 
f 3269/863/3071 3273/865/3075 3274/864/3076 3270/862/3072 
f 870/869/870 869/868/869 3274/864/3076 3273/865/3075 
f 868/867/868 3275/866/3077 3274/864/3076 869/868/869 
f 3271/861/3073 3270/862/3072 3274/864/3076 3275/866/3077 
f 473/472/473 872/871/872 3276/870/3078 2938/471/2740 
f 876/875/876 3277/874/3079 3276/870/3078 872/871/872 
f 3278/873/3080 3279/872/3081 3276/870/3078 3277/874/3079 
f 2939/470/2741 2938/471/2740 3276/870/3078 3279/872/3081 
f 2939/470/2741 3279/872/3081 3280/876/3082 2970/510/2772 
f 3278/873/3080 3281/879/3083 3280/876/3082 3279/872/3081 
f 3282/878/3084 3283/877/3085 3280/876/3082 3281/879/3083 
f 2858/376/2660 2970/510/2772 3280/876/3082 3283/877/3085 
f 2858/376/2660 3283/877/3085 3284/880/3086 2853/373/2655 
f 3282/878/3084 3285/883/3087 3284/880/3086 3283/877/3085 
f 3286/882/3088 3287/881/3089 3284/880/3086 3285/883/3087 
f 2850/372/2652 2853/373/2655 3284/880/3086 3287/881/3089 
f 2850/372/2652 3287/881/3089 3288/884/3090 2974/518/2776 
f 3286/882/3088 3289/887/3091 3288/884/3090 3287/881/3089 
f 3290/886/3092 3291/885/3093 3288/884/3090 3289/887/3091 
f 2975/517/2777 2974/518/2776 3288/884/3090 3291/885/3093 
f 2975/517/2777 3291/885/3093 3292/888/3094 3018/566/2820 
f 3290/886/3092 3293/891/3095 3292/888/3094 3291/885/3093 
f 3294/890/3096 3295/889/3097 3292/888/3094 3293/891/3095 
f 2803/320/2605 3018/566/2820 3292/888/3094 3295/889/3097 
f 2803/320/2605 3295/889/3097 3296/892/3098 2804/319/2606 
f 3294/890/3096 3297/895/3099 3296/892/3098 3295/889/3097 
f 3298/894/3100 3299/893/3101 3296/892/3098 3297/895/3099 
f 2805/318/2607 2804/319/2606 3296/892/3098 3299/893/3101 
f 2805/318/2607 3299/893/3101 3300/896/3102 3016/565/2818 
f 3298/894/3100 3301/899/3103 3300/896/3102 3299/893/3101 
f 3302/898/3104 3303/897/3105 3300/896/3102 3301/899/3103 
f 3009/562/2811 3016/565/2818 3300/896/3102 3303/897/3105 
f 3009/562/2811 3303/897/3105 3304/900/3106 3010/561/2812 
f 3302/898/3104 3305/903/3107 3304/900/3106 3303/897/3105 
f 3306/902/3108 3307/901/3109 3304/900/3106 3305/903/3107 
f 3011/560/2813 3010/561/2812 3304/900/3106 3307/901/3109 
f 3011/560/2813 3307/901/3109 3308/904/3110 3070/627/2872 
f 3306/902/3108 3309/907/3111 3308/904/3110 3307/901/3109 
f 3310/906/3112 3311/905/3113 3308/904/3110 3309/907/3111 
f 3067/626/2869 3070/627/2872 3308/904/3110 3311/905/3113 
f 3067/626/2869 3311/905/3113 3312/908/3114 3074/632/2876 
f 3310/906/3112 3313/911/3115 3312/908/3114 3311/905/3113 
f 3314/910/3116 3315/909/3117 3312/908/3114 3313/911/3115 
f 2845/371/2647 3074/632/2876 3312/908/3114 3315/909/3117 
f 2845/371/2647 3315/909/3117 3316/912/3118 2846/370/2648 
f 3314/910/3116 3317/915/3119 3316/912/3118 3315/909/3117 
f 3318/914/3120 3319/913/3121 3316/912/3118 3317/915/3119 
f 2847/369/2649 2846/370/2648 3316/912/3118 3319/913/3121 
f 3320/916/3122 3321/919/3123 3322/918/3124 3323/917/3125 
f 3324/924/3126 3325/923/3127 3322/918/3124 3321/919/3123 
f 923/922/923 922/921/922 3322/918/3124 3325/923/3127 
f 921/920/921 3323/917/3125 3322/918/3124 922/921/922 
f 3090/650/2892 3326/926/3128 3327/925/3129 3091/649/2893 
f 3328/930/3130 3329/929/3131 3327/925/3129 3326/926/3128 
f 3330/928/3132 3331/927/3133 3327/925/3129 3329/929/3131 
f 3045/593/2847 3091/649/2893 3327/925/3129 3331/927/3133 
f 3045/593/2847 3331/927/3133 3332/931/3134 3043/590/2845 
f 3330/928/3132 3333/934/3135 3332/931/3134 3331/927/3133 
f 3334/933/3136 3335/932/3137 3332/931/3134 3333/934/3135 
f 3040/589/2842 3043/590/2845 3332/931/3134 3335/932/3137 
f 3040/589/2842 3335/932/3137 3336/935/3138 3057/611/2859 
f 3334/933/3136 3337/938/3139 3336/935/3138 3335/932/3137 
f 938/937/938 937/936/937 3336/935/3138 3337/938/3139 
f 611/610/611 3057/611/2859 3336/935/3138 937/936/937 
f 940/939/940 943/942/943 3338/941/3140 3339/940/3141 
f 948/947/948 3340/946/3142 3338/941/3140 943/942/943 
f 3341/945/3143 3342/944/3144 3338/941/3140 3340/946/3142 
f 3343/943/3145 3339/940/3141 3338/941/3140 3342/944/3144 
f 3343/943/3145 3342/944/3144 3344/949/3146 3345/948/3147 
f 3341/945/3143 3346/952/3148 3344/949/3146 3342/944/3144 
f 3347/951/3149 3348/950/3150 3344/949/3146 3346/952/3148 
f 2888/409/2690 3345/948/3147 3344/949/3146 3348/950/3150 
f 2883/405/2685 3349/954/3151 3350/953/3152 3093/652/2895 
f 3351/956/3153 3352/955/3154 3350/953/3152 3349/954/3151 
f 3328/930/3130 3326/926/3128 3350/953/3152 3352/955/3154 
f 3090/650/2892 3093/652/2895 3350/953/3152 3326/926/3128 
f 3328/930/3130 3353/958/3155 3354/957/3156 3329/929/3131 
f 3355/962/3157 3356/961/3158 3354/957/3156 3353/958/3155 
f 3357/960/3159 3358/959/3160 3354/957/3156 3356/961/3158 
f 3330/928/3132 3329/929/3131 3354/957/3156 3358/959/3160 
f 3330/928/3132 3358/959/3160 3359/963/3161 3333/934/3135 
f 3357/960/3159 3360/966/3162 3359/963/3161 3358/959/3160 
f 3361/965/3163 3362/964/3164 3359/963/3161 3360/966/3162 
f 3334/933/3136 3333/934/3135 3359/963/3161 3362/964/3164 
f 3334/933/3136 3362/964/3164 3363/967/3165 3337/938/3139 
f 3361/965/3163 3364/970/3166 3363/967/3165 3362/964/3164 
f 970/969/970 969/968/969 3363/967/3165 3364/970/3166 
f 938/937/938 3337/938/3139 3363/967/3165 969/968/969 
f 948/947/948 973/972/973 3365/971/3167 3340/946/3142 
f 977/976/977 3366/975/3168 3365/971/3167 973/972/973 
f 3367/974/3169 3368/973/3170 3365/971/3167 3366/975/3168 
f 3341/945/3143 3340/946/3142 3365/971/3167 3368/973/3170 
f 3341/945/3143 3368/973/3170 3369/977/3171 3346/952/3148 
f 3367/974/3169 3370/980/3172 3369/977/3171 3368/973/3170 
f 3371/979/3173 3372/978/3174 3369/977/3171 3370/980/3172 
f 3347/951/3149 3346/952/3148 3369/977/3171 3372/978/3174 
f 3351/956/3153 3373/982/3175 3374/981/3176 3352/955/3154 
f 3375/984/3177 3376/983/3178 3374/981/3176 3373/982/3175 
f 3355/962/3157 3353/958/3155 3374/981/3176 3376/983/3178 
f 3328/930/3130 3352/955/3154 3374/981/3176 3353/958/3155 
f 3355/962/3157 3377/986/3179 3378/985/3180 3356/961/3158 
f 3379/990/3181 3380/989/3182 3378/985/3180 3377/986/3179 
f 3381/988/3183 3382/987/3184 3378/985/3180 3380/989/3182 
f 3357/960/3159 3356/961/3158 3378/985/3180 3382/987/3184 
f 3357/960/3159 3382/987/3184 3383/991/3185 3360/966/3162 
f 3381/988/3183 3384/994/3186 3383/991/3185 3382/987/3184 
f 3385/993/3187 3386/992/3188 3383/991/3185 3384/994/3186 
f 3361/965/3163 3360/966/3162 3383/991/3185 3386/992/3188 
f 3361/965/3163 3386/992/3188 3387/995/3189 3364/970/3166 
f 3385/993/3187 3388/998/3190 3387/995/3189 3386/992/3188 
f 998/997/998 997/996/997 3387/995/3189 3388/998/3190 
f 970/969/970 3364/970/3166 3387/995/3189 997/996/997 
f 977/976/977 1001/1000/1001 3389/999/3191 3366/975/3168 
f 1005/1004/1005 3390/1003/3192 3389/999/3191 1001/1000/1001 
f 3391/1002/3193 3392/1001/3194 3389/999/3191 3390/1003/3192 
f 3367/974/3169 3366/975/3168 3389/999/3191 3392/1001/3194 
f 3367/974/3169 3392/1001/3194 3393/1005/3195 3370/980/3172 
f 3391/1002/3193 3394/1008/3196 3393/1005/3195 3392/1001/3194 
f 3395/1007/3197 3396/1006/3198 3393/1005/3195 3394/1008/3196 
f 3371/979/3173 3370/980/3172 3393/1005/3195 3396/1006/3198 
f 3375/984/3177 3397/1010/3199 3398/1009/3200 3376/983/3178 
f 3399/1012/3201 3400/1011/3202 3398/1009/3200 3397/1010/3199 
f 3379/990/3181 3377/986/3179 3398/1009/3200 3400/1011/3202 
f 3355/962/3157 3376/983/3178 3398/1009/3200 3377/986/3179 
f 3401/1013/3203 3402/1016/3203 3403/1015/3203 3404/1014/3203 
f 3405/1021/3203 3406/1020/3203 3403/1015/3203 3402/1016/3203 
f 3407/1019/3203 3408/1018/3203 3403/1015/3203 3406/1020/3203 
f 3409/1017/3203 3404/1014/3203 3403/1015/3203 3408/1018/3203 
f 3410/1022/3204 3411/1025/3205 3412/1024/3205 3413/1023/3206 
f 3401/1013/3203 3404/1014/3203 3412/1024/3205 3411/1025/3205 
f 3409/1017/3203 3414/1027/3205 3412/1024/3205 3404/1014/3203 
f 3415/1026/3207 3413/1023/3206 3412/1024/3205 3414/1027/3205 
f 1029/1028/1019 3416/1031/3208 3417/1030/3209 1030/1029/1020 
f 3410/1022/3204 3413/1023/3206 3417/1030/3209 3416/1031/3208 
f 3415/1026/3207 3418/1033/3210 3417/1030/3209 3413/1023/3206 
f 1033/1032/1023 1030/1029/1020 3417/1030/3209 3418/1033/3210 
f 3419/1034/3211 3420/1037/3212 3421/1036/3213 3422/1035/3214 
f 1043/1042/1033 1042/1041/1032 3421/1036/3213 3420/1037/3212 
f 1041/1040/1031 3423/1039/3215 3421/1036/3213 1042/1041/1032 
f 3424/1038/3216 3422/1035/3214 3421/1036/3213 3423/1039/3215 
f 3425/1043/3203 3426/1046/3203 3427/1045/3203 3428/1044/3203 
f 3429/1051/3203 3430/1050/3203 3427/1045/3203 3426/1046/3203 
f 3431/1049/3203 3432/1048/3203 3427/1045/3203 3430/1050/3203 
f 3433/1047/3203 3428/1044/3203 3427/1045/3203 3432/1048/3203 
f 3405/1021/3203 3434/1053/3203 3435/1052/3203 3406/1020/3203 
f 3425/1043/3203 3428/1044/3203 3435/1052/3203 3434/1053/3203 
f 3433/1047/3203 3436/1054/3203 3435/1052/3203 3428/1044/3203 
f 3407/1019/3203 3406/1020/3203 3435/1052/3203 3436/1054/3203 
f 3437/1055/3203 3438/1058/3203 3439/1057/3203 3440/1056/3203 
f 3441/1063/3203 3442/1062/3203 3439/1057/3203 3438/1058/3203 
f 3443/1061/3203 3444/1060/3203 3439/1057/3203 3442/1062/3203 
f 3445/1059/3203 3440/1056/3203 3439/1057/3203 3444/1060/3203 
f 3409/1017/3203 3408/1018/3203 3446/1065/3203 3447/1064/3203 
f 3407/1019/3203 3448/1066/3203 3446/1065/3203 3408/1018/3203 
f 3441/1063/3203 3438/1058/3203 3446/1065/3203 3448/1066/3203 
f 3437/1055/3203 3447/1064/3203 3446/1065/3203 3438/1058/3203 
f 3449/1067/3203 3450/1070/3203 3451/1069/3217 3452/1068/3217 
f 3453/1072/3203 3454/1071/3218 3451/1069/3217 3450/1070/3203 
f 3381/988/3183 3380/989/3182 3451/1069/3217 3454/1071/3218 
f 3379/990/3181 3452/1068/3217 3451/1069/3217 3380/989/3182 
f 3405/1021/3203 3402/1016/3203 3455/1074/3203 3456/1073/3203 
f 3401/1013/3203 3457/1075/3203 3455/1074/3203 3402/1016/3203 
f 3453/1072/3203 3450/1070/3203 3455/1074/3203 3457/1075/3203 
f 3449/1067/3203 3456/1073/3203 3455/1074/3203 3450/1070/3203 
f 3458/1076/3219 3459/1079/3205 3460/1078/3220 3461/1077/3221 
f 3437/1055/3203 3440/1056/3203 3460/1078/3220 3459/1079/3205 
f 3445/1059/3203 3462/1081/3222 3460/1078/3220 3440/1056/3203 
f 3463/1080/3223 3461/1077/3221 3460/1078/3220 3462/1081/3222 
f 3415/1026/3207 3414/1027/3205 3464/1083/3205 3465/1082/3224 
f 3409/1017/3203 3447/1064/3203 3464/1083/3205 3414/1027/3205 
f 3437/1055/3203 3459/1079/3205 3464/1083/3205 3447/1064/3203 
f 3458/1076/3219 3465/1082/3224 3464/1083/3205 3459/1079/3205 
f 3453/1072/3203 3466/1085/3205 3467/1084/3225 3454/1071/3218 
f 3468/1087/3226 3469/1086/3227 3467/1084/3225 3466/1085/3205 
f 3385/993/3187 3384/994/3186 3467/1084/3225 3469/1086/3227 
f 3381/988/3183 3454/1071/3218 3467/1084/3225 3384/994/3186 
f 3401/1013/3203 3411/1025/3205 3470/1088/3205 3457/1075/3203 
f 3410/1022/3204 3471/1089/3228 3470/1088/3205 3411/1025/3205 
f 3468/1087/3226 3466/1085/3205 3470/1088/3205 3471/1089/3228 
f 3453/1072/3203 3457/1075/3203 3470/1088/3205 3466/1085/3205 
f 1091/1090/1046 3472/1093/3229 3473/1092/3230 1092/1091/1047 
f 3458/1076/3219 3461/1077/3221 3473/1092/3230 3472/1093/3229 
f 3463/1080/3223 3474/1095/3231 3473/1092/3230 3461/1077/3221 
f 1095/1094/1050 1092/1091/1047 3473/1092/3230 3474/1095/3231 
f 1033/1032/1023 3418/1033/3210 3475/1097/3232 1097/1096/1052 
f 3415/1026/3207 3465/1082/3224 3475/1097/3232 3418/1033/3210 
f 3458/1076/3219 3472/1093/3229 3475/1097/3232 3465/1082/3224 
f 1091/1090/1046 1097/1096/1052 3475/1097/3232 3472/1093/3229 
f 3468/1087/3226 3476/1099/3233 3477/1098/3234 3469/1086/3227 
f 1102/1101/1057 1101/1100/1056 3477/1098/3234 3476/1099/3233 
f 998/997/998 3388/998/3190 3477/1098/3234 1101/1100/1056 
f 3385/993/3187 3469/1086/3227 3477/1098/3234 3388/998/3190 
f 3410/1022/3204 3416/1031/3208 3478/1102/3235 3471/1089/3228 
f 1029/1028/1019 1104/1103/1059 3478/1102/3235 3416/1031/3208 
f 1102/1101/1057 3476/1099/3233 3478/1102/3235 1104/1103/1059 
f 3468/1087/3226 3471/1089/3228 3478/1102/3235 3476/1099/3233 
f 3479/1104/3236 3480/1107/3237 3481/1106/3238 3482/1105/3239 
f 1113/1112/1068 1112/1111/1067 3481/1106/3238 3480/1107/3237 
f 1111/1110/1066 3483/1109/3240 3481/1106/3238 1112/1111/1067 
f 3484/1108/3241 3482/1105/3239 3481/1106/3238 3483/1109/3240 
f 3424/1038/3216 3423/1039/3215 3485/1114/3242 3486/1113/3243 
f 1041/1040/1031 1116/1115/1071 3485/1114/3242 3423/1039/3215 
f 1113/1112/1068 3480/1107/3237 3485/1114/3242 1116/1115/1071 
f 3479/1104/3236 3486/1113/3243 3485/1114/3242 3480/1107/3237 
f 1117/1116/1072 3487/1119/3244 3488/1118/3245 1118/1117/1073 
f 3489/1121/3246 3490/1120/3247 3488/1118/3245 3487/1119/3244 
f 3391/1002/3193 3390/1003/3192 3488/1118/3245 3490/1120/3247 
f 1005/1004/1005 1118/1117/1073 3488/1118/3245 3390/1003/3192 
f 1043/1042/1033 3420/1037/3212 3491/1123/3248 1123/1122/1078 
f 3419/1034/3211 3492/1124/3249 3491/1123/3248 3420/1037/3212 
f 3489/1121/3246 3487/1119/3244 3491/1123/3248 3492/1124/3249 
f 1117/1116/1072 1123/1122/1078 3491/1123/3248 3487/1119/3244 
f 3493/1125/3203 3494/1128/3203 3495/1127/3203 3496/1126/3203 
f 3497/1133/3203 3498/1132/3203 3495/1127/3203 3494/1128/3203 
f 3499/1131/3203 3500/1130/3203 3495/1127/3203 3498/1132/3203 
f 3501/1129/3203 3496/1126/3203 3495/1127/3203 3500/1130/3203 
f 3433/1047/3203 3432/1048/3203 3502/1135/3203 3503/1134/3203 
f 3431/1049/3203 3504/1136/3203 3502/1135/3203 3432/1048/3203 
f 3497/1133/3203 3494/1128/3203 3502/1135/3203 3504/1136/3203 
f 3493/1125/3203 3503/1134/3203 3502/1135/3203 3494/1128/3203 
f 3489/1121/3246 3505/1138/3250 3506/1137/3251 3490/1120/3247 
f 3507/1140/3203 3508/1139/3252 3506/1137/3251 3505/1138/3250 
f 3395/1007/3197 3394/1008/3196 3506/1137/3251 3508/1139/3252 
f 3391/1002/3193 3490/1120/3247 3506/1137/3251 3394/1008/3196 
f 3419/1034/3211 3509/1142/3253 3510/1141/3254 3492/1124/3249 
f 3429/1051/3203 3511/1143/3203 3510/1141/3254 3509/1142/3253 
f 3507/1140/3203 3505/1138/3250 3510/1141/3254 3511/1143/3203 
f 3489/1121/3246 3492/1124/3249 3510/1141/3254 3505/1138/3250 
f 3441/1063/3203 3512/1145/3203 3513/1144/3203 3442/1062/3203 
f 3493/1125/3203 3496/1126/3203 3513/1144/3203 3512/1145/3203 
f 3501/1129/3203 3514/1146/3203 3513/1144/3203 3496/1126/3203 
f 3443/1061/3203 3442/1062/3203 3513/1144/3203 3514/1146/3203 
f 3407/1019/3203 3436/1054/3203 3515/1147/3203 3448/1066/3203 
f 3433/1047/3203 3503/1134/3203 3515/1147/3203 3436/1054/3203 
f 3493/1125/3203 3512/1145/3203 3515/1147/3203 3503/1134/3203 
f 3441/1063/3203 3448/1066/3203 3515/1147/3203 3512/1145/3203 
f 3516/1148/3203 3517/1151/3203 3518/1150/3252 3519/1149/3252 
f 3449/1067/3203 3452/1068/3217 3518/1150/3252 3517/1151/3203 
f 3379/990/3181 3400/1011/3202 3518/1150/3252 3452/1068/3217 
f 3399/1012/3201 3519/1149/3252 3518/1150/3252 3400/1011/3202 
f 3425/1043/3203 3434/1053/3203 3520/1153/3203 3521/1152/3203 
f 3405/1021/3203 3456/1073/3203 3520/1153/3203 3434/1053/3203 
f 3449/1067/3203 3517/1151/3203 3520/1153/3203 3456/1073/3203 
f 3516/1148/3203 3521/1152/3203 3520/1153/3203 3517/1151/3203 
f 876/875/876 1156/1155/1087 3522/1154/3255 3277/874/3079 
f 1160/1159/1091 3523/1158/3256 3522/1154/3255 1156/1155/1087 
f 3524/1157/3257 3525/1156/3258 3522/1154/3255 3523/1158/3256 
f 3278/873/3080 3277/874/3079 3522/1154/3255 3525/1156/3258 
f 3278/873/3080 3525/1156/3258 3526/1160/3259 3281/879/3083 
f 3524/1157/3257 3527/1163/3260 3526/1160/3259 3525/1156/3258 
f 3528/1162/3261 3529/1161/3262 3526/1160/3259 3527/1163/3260 
f 3282/878/3084 3281/879/3083 3526/1160/3259 3529/1161/3262 
f 3282/878/3084 3529/1161/3262 3530/1164/3263 3285/883/3087 
f 3528/1162/3261 3531/1167/3264 3530/1164/3263 3529/1161/3262 
f 3532/1166/3265 3533/1165/3266 3530/1164/3263 3531/1167/3264 
f 3286/882/3088 3285/883/3087 3530/1164/3263 3533/1165/3266 
f 3286/882/3088 3533/1165/3266 3534/1168/3267 3289/887/3091 
f 3532/1166/3265 3535/1171/3268 3534/1168/3267 3533/1165/3266 
f 3536/1170/3269 3537/1169/3270 3534/1168/3267 3535/1171/3268 
f 3290/886/3092 3289/887/3091 3534/1168/3267 3537/1169/3270 
f 3290/886/3092 3537/1169/3270 3538/1172/3271 3293/891/3095 
f 3536/1170/3269 3539/1175/3272 3538/1172/3271 3537/1169/3270 
f 3540/1174/3273 3541/1173/3274 3538/1172/3271 3539/1175/3272 
f 3294/890/3096 3293/891/3095 3538/1172/3271 3541/1173/3274 
f 3294/890/3096 3541/1173/3274 3542/1176/3275 3297/895/3099 
f 3540/1174/3273 3543/1179/3276 3542/1176/3275 3541/1173/3274 
f 3544/1178/3277 3545/1177/3278 3542/1176/3275 3543/1179/3276 
f 3298/894/3100 3297/895/3099 3542/1176/3275 3545/1177/3278 
f 3298/894/3100 3545/1177/3278 3546/1180/3279 3301/899/3103 
f 3544/1178/3277 3547/1183/3280 3546/1180/3279 3545/1177/3278 
f 3548/1182/3281 3549/1181/3282 3546/1180/3279 3547/1183/3280 
f 3302/898/3104 3301/899/3103 3546/1180/3279 3549/1181/3282 
f 3302/898/3104 3549/1181/3282 3550/1184/3283 3305/903/3107 
f 3548/1182/3281 3551/1187/3284 3550/1184/3283 3549/1181/3282 
f 3552/1186/3285 3553/1185/3286 3550/1184/3283 3551/1187/3284 
f 3306/902/3108 3305/903/3107 3550/1184/3283 3553/1185/3286 
f 3306/902/3108 3553/1185/3286 3554/1188/3287 3309/907/3111 
f 3552/1186/3285 3555/1191/3288 3554/1188/3287 3553/1185/3286 
f 3556/1190/3289 3557/1189/3290 3554/1188/3287 3555/1191/3288 
f 3310/906/3112 3309/907/3111 3554/1188/3287 3557/1189/3290 
f 3310/906/3112 3557/1189/3290 3558/1192/3291 3313/911/3115 
f 3556/1190/3289 3559/1195/3292 3558/1192/3291 3557/1189/3290 
f 3560/1194/3293 3561/1193/3294 3558/1192/3291 3559/1195/3292 
f 3314/910/3116 3313/911/3115 3558/1192/3291 3561/1193/3294 
f 3314/910/3116 3561/1193/3294 3562/1196/3295 3317/915/3119 
f 3560/1194/3293 3563/1199/3296 3562/1196/3295 3561/1193/3294 
f 3564/1198/3297 3565/1197/3298 3562/1196/3295 3563/1199/3296 
f 3318/914/3120 3317/915/3119 3562/1196/3295 3565/1197/3298 
f 3324/924/3126 3566/1201/3299 3567/1200/3300 3325/923/3127 
f 3568/1205/3301 3569/1204/3302 3567/1200/3300 3566/1201/3299 
f 1204/1203/1135 1203/1202/1134 3567/1200/3300 3569/1204/3302 
f 923/922/923 3325/923/3127 3567/1200/3300 1203/1202/1134 
f 1160/1159/1091 1208/1207/1139 3570/1206/3303 3523/1158/3256 
f 1212/1211/1143 3571/1210/3304 3570/1206/3303 1208/1207/1139 
f 3572/1209/3305 3573/1208/3306 3570/1206/3303 3571/1210/3304 
f 3524/1157/3257 3523/1158/3256 3570/1206/3303 3573/1208/3306 
f 3524/1157/3257 3573/1208/3306 3574/1212/3307 3527/1163/3260 
f 3572/1209/3305 3575/1215/3308 3574/1212/3307 3573/1208/3306 
f 3576/1214/3309 3577/1213/3310 3574/1212/3307 3575/1215/3308 
f 3528/1162/3261 3527/1163/3260 3574/1212/3307 3577/1213/3310 
f 3528/1162/3261 3577/1213/3310 3578/1216/3311 3531/1167/3264 
f 3576/1214/3309 3579/1219/3312 3578/1216/3311 3577/1213/3310 
f 3580/1218/3313 3581/1217/3314 3578/1216/3311 3579/1219/3312 
f 3532/1166/3265 3531/1167/3264 3578/1216/3311 3581/1217/3314 
f 3532/1166/3265 3581/1217/3314 3582/1220/3315 3535/1171/3268 
f 3580/1218/3313 3583/1223/3316 3582/1220/3315 3581/1217/3314 
f 3584/1222/3317 3585/1221/3318 3582/1220/3315 3583/1223/3316 
f 3536/1170/3269 3535/1171/3268 3582/1220/3315 3585/1221/3318 
f 3536/1170/3269 3585/1221/3318 3586/1224/3319 3539/1175/3272 
f 3584/1222/3317 3587/1227/3320 3586/1224/3319 3585/1221/3318 
f 3588/1226/3321 3589/1225/3322 3586/1224/3319 3587/1227/3320 
f 3540/1174/3273 3539/1175/3272 3586/1224/3319 3589/1225/3322 
f 3540/1174/3273 3589/1225/3322 3590/1228/3323 3543/1179/3276 
f 3588/1226/3321 3591/1231/2797 3590/1228/3323 3589/1225/3322 
f 3592/1230/3324 3593/1229/3325 3590/1228/3323 3591/1231/2797 
f 3544/1178/3277 3543/1179/3276 3590/1228/3323 3593/1229/3325 
f 3544/1178/3277 3593/1229/3325 3594/1232/3326 3547/1183/3280 
f 3592/1230/3324 3595/1235/3327 3594/1232/3326 3593/1229/3325 
f 3596/1234/3328 3597/1233/3329 3594/1232/3326 3595/1235/3327 
f 3548/1182/3281 3547/1183/3280 3594/1232/3326 3597/1233/3329 
f 3548/1182/3281 3597/1233/3329 3598/1236/3330 3551/1187/3284 
f 3596/1234/3328 3599/1239/3331 3598/1236/3330 3597/1233/3329 
f 3600/1238/3332 3601/1237/3333 3598/1236/3330 3599/1239/3331 
f 3552/1186/3285 3551/1187/3284 3598/1236/3330 3601/1237/3333 
f 3552/1186/3285 3601/1237/3333 3602/1240/3334 3555/1191/3288 
f 3600/1238/3332 3603/1243/3335 3602/1240/3334 3601/1237/3333 
f 3604/1242/3336 3605/1241/3337 3602/1240/3334 3603/1243/3335 
f 3556/1190/3289 3555/1191/3288 3602/1240/3334 3605/1241/3337 
f 3556/1190/3289 3605/1241/3337 3606/1244/3338 3559/1195/3292 
f 3604/1242/3336 3607/1247/3339 3606/1244/3338 3605/1241/3337 
f 3608/1246/3340 3609/1245/3341 3606/1244/3338 3607/1247/3339 
f 3560/1194/3293 3559/1195/3292 3606/1244/3338 3609/1245/3341 
f 3560/1194/3293 3609/1245/3341 3610/1248/3342 3563/1199/3296 
f 3608/1246/3340 3611/1251/3343 3610/1248/3342 3609/1245/3341 
f 3612/1250/3344 3613/1249/3345 3610/1248/3342 3611/1251/3343 
f 3564/1198/3297 3563/1199/3296 3610/1248/3342 3613/1249/3345 
f 3568/1205/3301 3614/1253/3346 3615/1252/3347 3569/1204/3302 
f 3616/1257/3348 3617/1256/3349 3615/1252/3347 3614/1253/3346 
f 1256/1255/1186 1255/1254/1185 3615/1252/3347 3617/1256/3349 
f 1204/1203/1135 3569/1204/3302 3615/1252/3347 1255/1254/1185 
f 3618/1258/3350 3619/1261/3351 3620/1260/3352 3621/1259/3353 
f 1267/1266/1197 1266/1265/1196 3620/1260/3352 3619/1261/3351 
f 1265/1264/1195 3622/1263/3354 3620/1260/3352 1266/1265/1196 
f 3623/1262/3355 3621/1259/3353 3620/1260/3352 3622/1263/3354 
f 3624/1267/3356 3625/1270/3357 3626/1269/3358 3627/1268/3356 
f 3618/1258/3350 3621/1259/3353 3626/1269/3358 3625/1270/3357 
f 3623/1262/3355 3628/1272/3358 3626/1269/3358 3621/1259/3353 
f 3629/1271/3356 3627/1268/3356 3626/1269/3358 3628/1272/3358 
f 3630/1273/3356 3631/1276/3356 3632/1275/3356 3633/1274/3356 
f 3624/1267/3356 3627/1268/3356 3632/1275/3356 3631/1276/3356 
f 3629/1271/3356 3634/1278/3356 3632/1275/3356 3627/1268/3356 
f 3635/1277/3356 3633/1274/3356 3632/1275/3356 3634/1278/3356 
f 3636/1279/3356 3637/1282/3356 3638/1281/3356 3639/1280/3356 
f 3630/1273/3356 3633/1274/3356 3638/1281/3356 3637/1282/3356 
f 3635/1277/3356 3640/1284/3356 3638/1281/3356 3633/1274/3356 
f 3641/1283/3356 3639/1280/3356 3638/1281/3356 3640/1284/3356 
f 3642/1285/3356 3643/1288/3356 3644/1287/3356 3645/1286/3356 
f 3636/1279/3356 3639/1280/3356 3644/1287/3356 3643/1288/3356 
f 3641/1283/3356 3646/1290/3356 3644/1287/3356 3639/1280/3356 
f 3647/1289/3356 3645/1286/3356 3644/1287/3356 3646/1290/3356 
f 3648/1291/3356 3649/1294/3356 3650/1293/3356 3651/1292/3356 
f 3642/1285/3356 3645/1286/3356 3650/1293/3356 3649/1294/3356 
f 3647/1289/3356 3652/1296/3356 3650/1293/3356 3645/1286/3356 
f 3653/1295/3356 3651/1292/3356 3650/1293/3356 3652/1296/3356 
f 3654/1297/3356 3655/1300/3356 3656/1299/3356 3657/1298/3356 
f 3648/1291/3356 3651/1292/3356 3656/1299/3356 3655/1300/3356 
f 3653/1295/3356 3658/1302/3356 3656/1299/3356 3651/1292/3356 
f 3659/1301/3356 3657/1298/3356 3656/1299/3356 3658/1302/3356 
f 3660/1303/3356 3661/1306/3356 3662/1305/3356 3663/1304/3356 
f 3654/1297/3356 3657/1298/3356 3662/1305/3356 3661/1306/3356 
f 3659/1301/3356 3664/1308/3356 3662/1305/3356 3657/1298/3356 
f 3665/1307/3356 3663/1304/3356 3662/1305/3356 3664/1308/3356 
f 3666/1309/3356 3667/1312/3356 3668/1311/3356 3669/1310/3356 
f 3660/1303/3356 3663/1304/3356 3668/1311/3356 3667/1312/3356 
f 3665/1307/3356 3670/1314/3356 3668/1311/3356 3663/1304/3356 
f 3671/1313/3356 3669/1310/3356 3668/1311/3356 3670/1314/3356 
f 3672/1315/3356 3673/1318/3356 3674/1317/3356 3675/1316/3356 
f 3666/1309/3356 3669/1310/3356 3674/1317/3356 3673/1318/3356 
f 3671/1313/3356 3676/1320/3356 3674/1317/3356 3669/1310/3356 
f 3677/1319/3356 3675/1316/3356 3674/1317/3356 3676/1320/3356 
f 3678/1321/3356 3679/1324/3356 3680/1323/3356 3681/1322/3356 
f 3672/1315/3356 3675/1316/3356 3680/1323/3356 3679/1324/3356 
f 3677/1319/3356 3682/1326/3356 3680/1323/3356 3675/1316/3356 
f 3683/1325/3356 3681/1322/3356 3680/1323/3356 3682/1326/3356 
f 1328/1327/1201 3684/1330/3359 3685/1329/3360 1329/1328/1202 
f 3686/1335/3361 3687/1334/3362 3685/1329/3360 3684/1330/3359 
f 3688/1333/3363 3689/1332/3364 3685/1329/3360 3687/1334/3362 
f 1332/1331/1205 1329/1328/1202 3685/1329/3360 3689/1332/3364 
f 2834/349/2636 2833/350/2635 3690/1337/3365 3691/1336/3366 
f 352/351/352 1342/1341/1215 3690/1337/3365 2833/350/2635 
f 1341/1340/1214 3692/1339/3367 3690/1337/3365 1342/1341/1215 
f 3693/1338/3368 3691/1336/3366 3690/1337/3365 3692/1339/3367 
f 2849/367/2651 2848/368/2650 3694/1343/3369 3695/1342/3370 
f 2847/369/2649 3696/1346/3371 3694/1343/3369 2848/368/2650 
f 3320/916/3122 3697/1345/3372 3694/1343/3369 3696/1346/3371 
f 3698/1344/3373 3695/1342/3370 3694/1343/3369 3697/1345/3372 
f 2864/385/2666 2863/386/2665 3699/1348/3374 3700/1347/3375 
f 2849/367/2651 3695/1342/3370 3699/1348/3374 2863/386/2665 
f 3698/1344/3373 3701/1350/3376 3699/1348/3374 3695/1342/3370 
f 3702/1349/3377 3700/1347/3375 3699/1348/3374 3701/1350/3376 
f 2876/397/2678 2875/398/2677 3703/1352/3378 3704/1351/3379 
f 2864/385/2666 3700/1347/3375 3703/1352/3378 2875/398/2677 
f 3702/1349/3377 3705/1354/3380 3703/1352/3378 3700/1347/3375 
f 3706/1353/3381 3704/1351/3379 3703/1352/3378 3705/1354/3380 
f 2888/409/2690 2887/410/2689 3707/1355/3382 3345/948/3147 
f 2876/397/2678 3704/1351/3379 3707/1355/3382 2887/410/2689 
f 3706/1353/3381 3708/1356/3383 3707/1355/3382 3704/1351/3379 
f 3343/943/3145 3345/948/3147 3707/1355/3382 3708/1356/3383 
f 422/421/422 2900/422/2702 3709/1358/3384 1358/1357/1231 
f 2899/423/2701 3710/1362/3385 3709/1358/3384 2900/422/2702 
f 3711/1361/3386 3712/1360/3387 3709/1358/3384 3710/1362/3385 
f 1360/1359/1233 1358/1357/1231 3709/1358/3384 3712/1360/3387 
f 2847/369/2649 3319/913/3121 3713/1363/3388 3696/1346/3371 
f 3318/914/3120 3714/1364/3389 3713/1363/3388 3319/913/3121 
f 3324/924/3126 3321/919/3123 3713/1363/3388 3714/1364/3389 
f 3320/916/3122 3696/1346/3371 3713/1363/3388 3321/919/3123 
f 2888/409/2690 3348/950/3150 3715/1365/3390 2886/406/2688 
f 3347/951/3149 3716/1366/3391 3715/1365/3390 3348/950/3150 
f 3351/956/3153 3349/954/3151 3715/1365/3390 3716/1366/3391 
f 2883/405/2685 2886/406/2688 3715/1365/3390 3349/954/3151 
f 3347/951/3149 3372/978/3174 3717/1367/3392 3716/1366/3391 
f 3371/979/3173 3718/1368/3393 3717/1367/3392 3372/978/3174 
f 3375/984/3177 3373/982/3175 3717/1367/3392 3718/1368/3393 
f 3351/956/3153 3716/1366/3391 3717/1367/3392 3373/982/3175 
f 3371/979/3173 3396/1006/3198 3719/1369/3394 3718/1368/3393 
f 3395/1007/3197 3720/1370/3395 3719/1369/3394 3396/1006/3198 
f 3399/1012/3201 3397/1010/3199 3719/1369/3394 3720/1370/3395 
f 3375/984/3177 3718/1368/3393 3719/1369/3394 3397/1010/3199 
f 3431/1049/3203 3430/1050/3203 3721/1372/3396 3722/1371/3397 
f 3429/1051/3203 3509/1142/3253 3721/1372/3396 3430/1050/3203 
f 3419/1034/3211 3422/1035/3214 3721/1372/3396 3509/1142/3253 
f 3424/1038/3216 3722/1371/3397 3721/1372/3396 3422/1035/3214 
f 2899/423/2701 3723/1374/3398 3724/1373/3399 3710/1362/3385 
f 3499/1131/3203 3725/1376/3400 3724/1373/3399 3723/1374/3398 
f 3484/1108/3241 3726/1375/3401 3724/1373/3399 3725/1376/3400 
f 3711/1361/3386 3710/1362/3385 3724/1373/3399 3726/1375/3401 
f 3497/1133/3203 3504/1136/3203 3727/1378/3397 3728/1377/3402 
f 3431/1049/3203 3722/1371/3397 3727/1378/3397 3504/1136/3203 
f 3424/1038/3216 3486/1113/3243 3727/1378/3397 3722/1371/3397 
f 3479/1104/3236 3728/1377/3402 3727/1378/3397 3486/1113/3243 
f 3395/1007/3197 3508/1139/3252 3729/1379/3252 3720/1370/3395 
f 3507/1140/3203 3730/1380/3203 3729/1379/3252 3508/1139/3252 
f 3516/1148/3203 3519/1149/3252 3729/1379/3252 3730/1380/3203 
f 3399/1012/3201 3720/1370/3395 3729/1379/3252 3519/1149/3252 
f 3507/1140/3203 3511/1143/3203 3731/1381/3203 3730/1380/3203 
f 3429/1051/3203 3426/1046/3203 3731/1381/3203 3511/1143/3203 
f 3425/1043/3203 3521/1152/3203 3731/1381/3203 3426/1046/3203 
f 3516/1148/3203 3730/1380/3203 3731/1381/3203 3521/1152/3203 
f 3318/914/3120 3565/1197/3298 3732/1382/3403 3714/1364/3389 
f 3564/1198/3297 3733/1383/3404 3732/1382/3403 3565/1197/3298 
f 3568/1205/3301 3566/1201/3299 3732/1382/3403 3733/1383/3404 
f 3324/924/3126 3714/1364/3389 3732/1382/3403 3566/1201/3299 
f 3564/1198/3297 3613/1249/3345 3734/1384/3405 3733/1383/3404 
f 3612/1250/3344 3735/1385/3406 3734/1384/3405 3613/1249/3345 
f 3616/1257/3348 3614/1253/3346 3734/1384/3405 3735/1385/3406 
f 3568/1205/3301 3733/1383/3404 3734/1384/3405 3614/1253/3346 
f 3686/1335/3361 3736/1387/3407 3737/1386/3407 3687/1334/3362 
f 3678/1321/3356 3681/1322/3356 3737/1386/3407 3736/1387/3407 
f 3683/1325/3356 3738/1388/3408 3737/1386/3407 3681/1322/3356 
f 3688/1333/3363 3687/1334/3362 3737/1386/3407 3738/1388/3408 
f 3739/1389/3409 3740/1392/3410 3741/1391/3411 3742/1390/3412 
f 1395/1394/1263 1394/1393/1262 3741/1391/3411 3740/1392/3410 
f 501/500/501 2964/501/2766 3741/1391/3411 1394/1393/1262 
f 2963/502/2765 3742/1390/3412 3741/1391/3411 2964/501/2766 
f 3623/1262/3355 3622/1263/3354 3743/1396/3413 3744/1395/3414 
f 1265/1264/1195 1398/1397/1266 3743/1396/3413 3622/1263/3354 
f 1395/1394/1263 3740/1392/3410 3743/1396/3413 1398/1397/1266 
f 3739/1389/3409 3744/1395/3414 3743/1396/3413 3740/1392/3410 
f 1267/1266/1197 3619/1261/3351 3745/1399/3415 1399/1398/1267 
f 3618/1258/3350 3746/1400/3416 3745/1399/3415 3619/1261/3351 
f 3572/1209/3305 3571/1210/3304 3745/1399/3415 3746/1400/3416 
f 1212/1211/1143 1399/1398/1267 3745/1399/3415 3571/1210/3304 
f 3747/1401/3356 3748/1404/3417 3749/1403/3418 3750/1402/3419 
f 3739/1389/3409 3742/1390/3412 3749/1403/3418 3748/1404/3417 
f 2963/502/2765 2962/503/2764 3749/1403/3418 3742/1390/3412 
f 2839/360/2641 3750/1402/3419 3749/1403/3418 2962/503/2764 
f 3629/1271/3356 3628/1272/3358 3751/1406/3417 3752/1405/3356 
f 3623/1262/3355 3744/1395/3414 3751/1406/3417 3628/1272/3358 
f 3739/1389/3409 3748/1404/3417 3751/1406/3417 3744/1395/3414 
f 3747/1401/3356 3752/1405/3356 3751/1406/3417 3748/1404/3417 
f 3618/1258/3350 3625/1270/3357 3753/1407/3420 3746/1400/3416 
f 3624/1267/3356 3754/1408/3421 3753/1407/3420 3625/1270/3357 
f 3576/1214/3309 3575/1215/3308 3753/1407/3420 3754/1408/3421 
f 3572/1209/3305 3746/1400/3416 3753/1407/3420 3575/1215/3308 
f 3755/1409/3356 3756/1412/3356 3757/1411/3422 3758/1410/3423 
f 3747/1401/3356 3750/1402/3419 3757/1411/3422 3756/1412/3356 
f 2839/360/2641 2838/361/2640 3757/1411/3422 3750/1402/3419 
f 2837/362/2639 3758/1410/3423 3757/1411/3422 2838/361/2640 
f 3635/1277/3356 3634/1278/3356 3759/1414/3356 3760/1413/3356 
f 3629/1271/3356 3752/1405/3356 3759/1414/3356 3634/1278/3356 
f 3747/1401/3356 3756/1412/3356 3759/1414/3356 3752/1405/3356 
f 3755/1409/3356 3760/1413/3356 3759/1414/3356 3756/1412/3356 
f 3624/1267/3356 3631/1276/3356 3761/1415/3424 3754/1408/3421 
f 3630/1273/3356 3762/1416/3425 3761/1415/3424 3631/1276/3356 
f 3580/1218/3313 3579/1219/3312 3761/1415/3424 3762/1416/3425 
f 3576/1214/3309 3754/1408/3421 3761/1415/3424 3579/1219/3312 
f 3763/1417/3356 3764/1420/3356 3765/1419/3423 3766/1418/3426 
f 3755/1409/3356 3758/1410/3423 3765/1419/3423 3764/1420/3356 
f 2837/362/2639 2966/504/2768 3765/1419/3423 3758/1410/3423 
f 2968/506/2770 3766/1418/3426 3765/1419/3423 2966/504/2768 
f 3641/1283/3356 3640/1284/3356 3767/1422/3356 3768/1421/3356 
f 3635/1277/3356 3760/1413/3356 3767/1422/3356 3640/1284/3356 
f 3755/1409/3356 3764/1420/3356 3767/1422/3356 3760/1413/3356 
f 3763/1417/3356 3768/1421/3356 3767/1422/3356 3764/1420/3356 
f 3630/1273/3356 3637/1282/3356 3769/1423/3427 3762/1416/3425 
f 3636/1279/3356 3770/1424/3428 3769/1423/3427 3637/1282/3356 
f 3584/1222/3317 3583/1223/3316 3769/1423/3427 3770/1424/3428 
f 3580/1218/3313 3762/1416/3425 3769/1423/3427 3583/1223/3316 
f 3771/1425/3356 3772/1428/3356 3773/1427/3426 3774/1426/3426 
f 3763/1417/3356 3766/1418/3426 3773/1427/3426 3772/1428/3356 
f 2968/506/2770 3004/553/2806 3773/1427/3426 3766/1418/3426 
f 2793/303/2595 3774/1426/3426 3773/1427/3426 3004/553/2806 
f 3647/1289/3356 3646/1290/3356 3775/1430/3356 3776/1429/3356 
f 3641/1283/3356 3768/1421/3356 3775/1430/3356 3646/1290/3356 
f 3763/1417/3356 3772/1428/3356 3775/1430/3356 3768/1421/3356 
f 3771/1425/3356 3776/1429/3356 3775/1430/3356 3772/1428/3356 
f 3636/1279/3356 3643/1288/3356 3777/1431/3428 3770/1424/3428 
f 3642/1285/3356 3778/1432/3428 3777/1431/3428 3643/1288/3356 
f 3588/1226/3321 3587/1227/3320 3777/1431/3428 3778/1432/3428 
f 3584/1222/3317 3770/1424/3428 3777/1431/3428 3587/1227/3320 
f 3779/1433/3356 3780/1436/3356 3781/1435/3426 3782/1434/3429 
f 3771/1425/3356 3774/1426/3426 3781/1435/3426 3780/1436/3356 
f 2793/303/2595 2796/304/2598 3781/1435/3426 3774/1426/3426 
f 2798/307/2600 3782/1434/3429 3781/1435/3426 2796/304/2598 
f 3653/1295/3356 3652/1296/3356 3783/1438/3356 3784/1437/3356 
f 3647/1289/3356 3776/1429/3356 3783/1438/3356 3652/1296/3356 
f 3771/1425/3356 3780/1436/3356 3783/1438/3356 3776/1429/3356 
f 3779/1433/3356 3784/1437/3356 3783/1438/3356 3780/1436/3356 
f 3642/1285/3356 3649/1294/3356 3785/1439/3430 3778/1432/3428 
f 3648/1291/3356 3786/1440/3430 3785/1439/3430 3649/1294/3356 
f 3592/1230/3324 3591/1231/2797 3785/1439/3430 3786/1440/3430 
f 3588/1226/3321 3778/1432/3428 3785/1439/3430 3591/1231/2797 
f 3787/1441/3356 3788/1444/3356 3789/1443/3431 3790/1442/3431 
f 3779/1433/3356 3782/1434/3429 3789/1443/3431 3788/1444/3356 
f 2798/307/2600 3002/548/2804 3789/1443/3431 3782/1434/3429 
f 2995/539/2797 3790/1442/3431 3789/1443/3431 3002/548/2804 
f 3659/1301/3356 3658/1302/3356 3791/1446/3356 3792/1445/3356 
f 3653/1295/3356 3784/1437/3356 3791/1446/3356 3658/1302/3356 
f 3779/1433/3356 3788/1444/3356 3791/1446/3356 3784/1437/3356 
f 3787/1441/3356 3792/1445/3356 3791/1446/3356 3788/1444/3356 
f 3648/1291/3356 3655/1300/3356 3793/1447/3432 3786/1440/3430 
f 3654/1297/3356 3794/1448/3432 3793/1447/3432 3655/1300/3356 
f 3596/1234/3328 3595/1235/3327 3793/1447/3432 3794/1448/3432 
f 3592/1230/3324 3786/1440/3430 3793/1447/3432 3595/1235/3327 
f 3795/1449/3356 3796/1452/3356 3797/1451/3433 3798/1450/3433 
f 3787/1441/3356 3790/1442/3431 3797/1451/3433 3796/1452/3356 
f 2995/539/2797 2998/540/2800 3797/1451/3433 3790/1442/3431 
f 3000/543/2802 3798/1450/3433 3797/1451/3433 2998/540/2800 
f 3665/1307/3356 3664/1308/3356 3799/1454/3356 3800/1453/3356 
f 3659/1301/3356 3792/1445/3356 3799/1454/3356 3664/1308/3356 
f 3787/1441/3356 3796/1452/3356 3799/1454/3356 3792/1445/3356 
f 3795/1449/3356 3800/1453/3356 3799/1454/3356 3796/1452/3356 
f 3654/1297/3356 3661/1306/3356 3801/1455/3434 3794/1448/3432 
f 3660/1303/3356 3802/1456/3434 3801/1455/3434 3661/1306/3356 
f 3600/1238/3332 3599/1239/3331 3801/1455/3434 3802/1456/3434 
f 3596/1234/3328 3794/1448/3432 3801/1455/3434 3599/1239/3331 
f 3803/1457/3356 3804/1460/3356 3805/1459/3435 3806/1458/3396 
f 3795/1449/3356 3798/1450/3433 3805/1459/3435 3804/1460/3356 
f 3000/543/2802 3062/618/2864 3805/1459/3435 3798/1450/3433 
f 3061/619/2863 3806/1458/3396 3805/1459/3435 3062/618/2864 
f 3671/1313/3356 3670/1314/3356 3807/1462/3356 3808/1461/3356 
f 3665/1307/3356 3800/1453/3356 3807/1462/3356 3670/1314/3356 
f 3795/1449/3356 3804/1460/3356 3807/1462/3356 3800/1453/3356 
f 3803/1457/3356 3808/1461/3356 3807/1462/3356 3804/1460/3356 
f 3660/1303/3356 3667/1312/3356 3809/1463/3436 3802/1456/3434 
f 3666/1309/3356 3810/1464/3437 3809/1463/3436 3667/1312/3356 
f 3604/1242/3336 3603/1243/3335 3809/1463/3436 3810/1464/3437 
f 3600/1238/3332 3802/1456/3434 3809/1463/3436 3603/1243/3335 
f 3811/1465/3356 3812/1468/3356 3813/1467/3253 3814/1466/3438 
f 3803/1457/3356 3806/1458/3396 3813/1467/3253 3812/1468/3356 
f 3061/619/2863 3066/624/2868 3813/1467/3253 3806/1458/3396 
f 3065/625/2867 3814/1466/3438 3813/1467/3253 3066/624/2868 
f 3677/1319/3356 3676/1320/3356 3815/1470/3356 3816/1469/3356 
f 3671/1313/3356 3808/1461/3356 3815/1470/3356 3676/1320/3356 
f 3803/1457/3356 3812/1468/3356 3815/1470/3356 3808/1461/3356 
f 3811/1465/3356 3816/1469/3356 3815/1470/3356 3812/1468/3356 
f 3666/1309/3356 3673/1318/3356 3817/1471/3439 3810/1464/3437 
f 3672/1315/3356 3818/1472/3439 3817/1471/3439 3673/1318/3356 
f 3608/1246/3340 3607/1247/3339 3817/1471/3439 3818/1472/3439 
f 3604/1242/3336 3810/1464/3437 3817/1471/3439 3607/1247/3339 
f 3819/1473/3356 3820/1476/3356 3821/1475/3203 3822/1474/3356 
f 3811/1465/3356 3814/1466/3438 3821/1475/3203 3820/1476/3356 
f 3065/625/2867 3823/1478/3440 3821/1475/3203 3814/1466/3438 
f 3824/1477/3356 3822/1474/3356 3821/1475/3203 3823/1478/3440 
f 3683/1325/3356 3682/1326/3356 3825/1480/3356 3826/1479/3356 
f 3677/1319/3356 3816/1469/3356 3825/1480/3356 3682/1326/3356 
f 3811/1465/3356 3820/1476/3356 3825/1480/3356 3816/1469/3356 
f 3819/1473/3356 3826/1479/3356 3825/1480/3356 3820/1476/3356 
f 3672/1315/3356 3679/1324/3356 3827/1481/3441 3818/1472/3439 
f 3678/1321/3356 3828/1482/3442 3827/1481/3441 3679/1324/3356 
f 3612/1250/3344 3611/1251/3343 3827/1481/3441 3828/1482/3442 
f 3608/1246/3340 3818/1472/3439 3827/1481/3441 3611/1251/3343 
f 1484/1483/1297 3829/1486/3443 3830/1485/3444 1485/1484/1298 
f 3831/1491/3445 3832/1490/3446 3830/1485/3444 3829/1486/3443 
f 3833/1489/3447 3834/1488/3448 3830/1485/3444 3832/1490/3446 
f 1488/1487/1301 1485/1484/1298 3830/1485/3444 3834/1488/3448 
f 1332/1331/1205 3689/1332/3364 3835/1493/3449 1493/1492/1306 
f 3688/1333/3363 3836/1494/3450 3835/1493/3449 3689/1332/3364 
f 3831/1491/3445 3829/1486/3443 3835/1493/3449 3836/1494/3450 
f 1484/1483/1297 1493/1492/1306 3835/1493/3449 3829/1486/3443 
f 3686/1335/3361 3684/1330/3359 3837/1496/3451 3838/1495/3452 
f 1328/1327/1201 1498/1497/1311 3837/1496/3451 3684/1330/3359 
f 1256/1255/1186 3617/1256/3349 3837/1496/3451 1498/1497/1311 
f 3616/1257/3348 3838/1495/3452 3837/1496/3451 3617/1256/3349 
f 3831/1491/3445 3839/1499/3453 3840/1498/3453 3832/1490/3446 
f 3819/1473/3356 3822/1474/3356 3840/1498/3453 3839/1499/3453 
f 3824/1477/3356 3841/1500/3454 3840/1498/3453 3822/1474/3356 
f 3833/1489/3447 3832/1490/3446 3840/1498/3453 3841/1500/3454 
f 3688/1333/3363 3738/1388/3408 3842/1501/3408 3836/1494/3450 
f 3683/1325/3356 3826/1479/3356 3842/1501/3408 3738/1388/3408 
f 3819/1473/3356 3839/1499/3453 3842/1501/3408 3826/1479/3356 
f 3831/1491/3445 3836/1494/3450 3842/1501/3408 3839/1499/3453 
f 3678/1321/3356 3736/1387/3407 3843/1502/3455 3828/1482/3442 
f 3686/1335/3361 3838/1495/3452 3843/1502/3455 3736/1387/3407 
f 3616/1257/3348 3735/1385/3406 3843/1502/3455 3838/1495/3452 
f 3612/1250/3344 3828/1482/3442 3843/1502/3455 3735/1385/3406 
f 1504/1503/1315 3844/1506/3456 3845/1505/3457 1505/1504/1316 
f 3846/1511/3458 3847/1510/3459 3845/1505/3457 3844/1506/3456 
f 3848/1509/3460 3849/1508/3461 3845/1505/3457 3847/1510/3459 
f 1508/1507/1319 1505/1504/1316 3845/1505/3457 3849/1508/3461 
f 3850/1512/3462 3851/1515/3463 3852/1514/3464 3853/1513/3465 
f 1521/1520/1332 1520/1519/1331 3852/1514/3464 3851/1515/3463 
f 1519/1518/1330 3854/1517/3466 3852/1514/3464 1520/1519/1331 
f 3855/1516/3467 3853/1513/3465 3852/1514/3464 3854/1517/3466 
f 3856/1521/3468 3857/1524/3469 3858/1523/3470 3859/1522/3471 
f 3850/1512/3462 3853/1513/3465 3858/1523/3470 3857/1524/3469 
f 3855/1516/3467 3860/1526/3472 3858/1523/3470 3853/1513/3465 
f 3861/1525/3473 3859/1522/3471 3858/1523/3470 3860/1526/3472 
f 3862/1527/3474 3863/1530/3475 3864/1529/3476 3865/1528/3477 
f 3856/1521/3468 3859/1522/3471 3864/1529/3476 3863/1530/3475 
f 3861/1525/3473 3866/1532/3478 3864/1529/3476 3859/1522/3471 
f 3867/1531/3479 3865/1528/3477 3864/1529/3476 3866/1532/3478 
f 3868/1533/3480 3869/1536/3481 3870/1535/3482 3871/1534/3483 
f 3862/1527/3474 3865/1528/3477 3870/1535/3482 3869/1536/3481 
f 3867/1531/3479 3872/1538/3484 3870/1535/3482 3865/1528/3477 
f 3873/1537/3485 3871/1534/3483 3870/1535/3482 3872/1538/3484 
f 3846/1511/3458 3874/1540/3486 3875/1539/3487 3847/1510/3459 
f 3868/1533/3480 3871/1534/3483 3875/1539/3487 3874/1540/3486 
f 3873/1537/3485 3876/1541/3488 3875/1539/3487 3871/1534/3483 
f 3848/1509/3460 3847/1510/3459 3875/1539/3487 3876/1541/3488 
f 266/265/266 2762/266/2564 3877/1543/3489 1543/1542/1354 
f 2761/267/2563 3878/1544/3490 3877/1543/3489 2762/266/2564 
f 3846/1511/3458 3844/1506/3456 3877/1543/3489 3878/1544/3490 
f 1504/1503/1315 1543/1542/1354 3877/1543/3489 3844/1506/3456 
f 2765/271/2567 2764/272/2566 3879/1546/3491 3880/1545/3492 
f 274/273/274 1548/1547/1359 3879/1546/3491 2764/272/2566 
f 1521/1520/1332 3851/1515/3463 3879/1546/3491 1548/1547/1359 
f 3850/1512/3462 3880/1545/3492 3879/1546/3491 3851/1515/3463 
f 2769/276/2571 2768/277/2570 3881/1549/3493 3882/1548/3494 
f 2765/271/2567 3880/1545/3492 3881/1549/3493 2768/277/2570 
f 3850/1512/3462 3857/1524/3469 3881/1549/3493 3880/1545/3492 
f 3856/1521/3468 3882/1548/3494 3881/1549/3493 3857/1524/3469 
f 2773/280/2575 2772/281/2574 3883/1551/3495 3884/1550/3496 
f 2769/276/2571 3882/1548/3494 3883/1551/3495 2772/281/2574 
f 3856/1521/3468 3863/1530/3475 3883/1551/3495 3882/1548/3494 
f 3862/1527/3474 3884/1550/3496 3883/1551/3495 3863/1530/3475 
f 2777/284/2579 2776/285/2578 3885/1553/3497 3886/1552/3498 
f 2773/280/2575 3884/1550/3496 3885/1553/3497 2776/285/2578 
f 3862/1527/3474 3869/1536/3481 3885/1553/3497 3884/1550/3496 
f 3868/1533/3480 3886/1552/3498 3885/1553/3497 3869/1536/3481 
f 2761/267/2563 2780/287/2582 3887/1554/3499 3878/1544/3490 
f 2777/284/2579 3886/1552/3498 3887/1554/3499 2780/287/2582 
f 3868/1533/3480 3874/1540/3486 3887/1554/3499 3886/1552/3498 
f 3846/1511/3458 3878/1544/3490 3887/1554/3499 3874/1540/3486 
f 1508/1507/1319 3849/1508/3461 3888/1556/3500 1556/1555/1367 
f 3848/1509/3460 3889/1557/3501 3888/1556/3500 3849/1508/3461 
f 2552/33/2354 2550/28/2352 3888/1556/3500 3889/1557/3501 
f 25/25/25 1556/1555/1367 3888/1556/3500 2550/28/2352 
f 3855/1516/3467 3854/1517/3466 3890/1559/3502 3891/1558/3503 
f 1519/1518/1330 1561/1560/1372 3890/1559/3502 3854/1517/3466 
f 292/291/292 2784/292/2586 3890/1559/3502 1561/1560/1372 
f 2786/295/2588 3891/1558/3503 3890/1559/3502 2784/292/2586 
f 3861/1525/3473 3860/1526/3472 3892/1562/3504 3893/1561/3505 
f 3855/1516/3467 3891/1558/3503 3892/1562/3504 3860/1526/3472 
f 2786/295/2588 2788/297/2590 3892/1562/3504 3891/1558/3503 
f 2790/299/2592 3893/1561/3505 3892/1562/3504 2788/297/2590 
f 3867/1531/3479 3866/1532/3478 3894/1564/3506 3895/1563/3507 
f 3861/1525/3473 3893/1561/3505 3894/1564/3506 3866/1532/3478 
f 2790/299/2592 2792/301/2594 3894/1564/3506 3893/1561/3505 
f 2558/37/2360 3895/1563/3507 3894/1564/3506 2792/301/2594 
f 3873/1537/3485 3872/1538/3484 3896/1566/3508 3897/1565/3509 
f 3867/1531/3479 3895/1563/3507 3896/1566/3508 3872/1538/3484 
f 2558/37/2360 2557/38/2359 3896/1566/3508 3895/1563/3507 
f 2554/31/2356 3897/1565/3509 3896/1566/3508 2557/38/2359 
f 3848/1509/3460 3876/1541/3488 3898/1567/3510 3889/1557/3501 
f 3873/1537/3485 3897/1565/3509 3898/1567/3510 3876/1541/3488 
f 2554/31/2356 2553/32/2355 3898/1567/3510 3897/1565/3509 
f 2552/33/2354 3889/1557/3501 3898/1567/3510 2553/32/2355 
f 2646/129/2448 3899/1569/3511 3900/1568/3512 2642/126/2444 
f 2574/60/2376 2577/61/2379 3900/1568/3512 3899/1569/3511 
f 2582/64/2384 3901/1570/3513 3900/1568/3512 2577/61/2379 
f 2639/125/2441 2642/126/2444 3900/1568/3512 3901/1570/3513 
f 2639/125/2441 3901/1570/3513 3902/1571/3514 2681/166/2483 
f 2582/64/2384 2584/69/2386 3902/1571/3514 3901/1570/3513 
f 2588/71/2390 3903/1572/3515 3902/1571/3514 2584/69/2386 
f 2679/164/2481 2681/166/2483 3902/1571/3514 3903/1572/3515 
f 2679/164/2481 3903/1572/3515 3904/1573/3516 2677/162/2479 
f 2588/71/2390 2590/75/2392 3904/1573/3516 3903/1572/3515 
f 2594/77/2396 3905/1574/3517 3904/1573/3516 2590/75/2392 
f 2675/159/2477 2677/162/2479 3904/1573/3516 3905/1574/3517 
f 2675/159/2477 3905/1574/3517 3906/1575/3518 2672/157/2474 
f 2594/77/2396 2596/81/2398 3906/1575/3518 3905/1574/3517 
f 2600/83/2402 3907/1576/3519 3906/1575/3518 2596/81/2398 
f 2670/153/2472 2672/157/2474 3906/1575/3518 3907/1576/3519 
f 2670/153/2472 3907/1576/3519 3908/1577/3520 2666/151/2468 
f 2600/83/2402 2602/87/2404 3908/1577/3520 3907/1576/3519 
f 2606/89/2408 3909/1578/3521 3908/1577/3520 2602/87/2404 
f 2664/147/2466 2666/151/2468 3908/1577/3520 3909/1578/3521 
f 2664/147/2466 3909/1578/3521 3910/1579/3522 2660/145/2462 
f 2606/89/2408 2608/93/2410 3910/1579/3522 3909/1578/3521 
f 2612/95/2414 3911/1580/3523 3910/1579/3522 2608/93/2410 
f 2658/141/2460 2660/145/2462 3910/1579/3522 3911/1580/3523 
f 2658/141/2460 3911/1580/3523 3912/1581/3524 2654/139/2456 
f 2612/95/2414 2614/99/2416 3912/1581/3524 3911/1580/3523 
f 2618/101/2420 3913/1582/3525 3912/1581/3524 2614/99/2416 
f 2652/135/2454 2654/139/2456 3912/1581/3524 3913/1582/3525 
f 2652/135/2454 3913/1582/3525 3914/1583/3526 2648/133/2450 
f 2618/101/2420 2620/105/2422 3914/1583/3526 3913/1582/3525 
f 2574/60/2376 3899/1569/3511 3914/1583/3526 2620/105/2422 
f 2646/129/2448 2648/133/2450 3914/1583/3526 3899/1569/3511 
f 3915/1584/3527 3916/1587/3528 3917/1586/3529 3918/1585/3530 
f 3919/1591/3531 3920/1590/3532 3917/1586/3529 3916/1587/3528 
f 1590/1589/1401 1589/1588/1400 3917/1586/3529 3920/1590/3532 
f 495/494/495 3918/1585/3530 3917/1586/3529 1589/1588/1400 
f 2891/416/2693 3921/1593/3533 3922/1592/3534 2892/415/2694 
f 3923/1597/3535 3924/1596/3536 3922/1592/3534 3921/1593/3533 
f 3925/1595/3537 3926/1594/3538 3922/1592/3534 3924/1596/3536 
f 2893/414/2695 2892/415/2694 3922/1592/3534 3926/1594/3538 
f 3927/1598/3539 3928/1601/3540 3929/1600/3541 3930/1599/3542 
f 3931/1605/3543 3932/1604/3544 3929/1600/3541 3928/1601/3540 
f 3933/1603/3545 3934/1602/3546 3929/1600/3541 3932/1604/3544 
f 3935/1598/3547 3930/1599/3542 3929/1600/3541 3934/1602/3546 
f 3936/1606/3548 3937/1609/3549 3938/1608/3550 3939/1607/3551 
f 3940/1611/3552 3941/1610/3553 3938/1608/3550 3937/1609/3549 
f 3933/1603/3545 3932/1604/3544 3938/1608/3550 3941/1610/3553 
f 3931/1605/3543 3939/1607/3551 3938/1608/3550 3932/1604/3544 
f 3942/1612/3554 3943/1615/3555 3944/1614/3556 3945/1613/3557 
f 2959/496/2761 3946/1616/3558 3944/1614/3556 3943/1615/3555 
f 2893/414/2695 3926/1594/3538 3944/1614/3556 3946/1616/3558 
f 3925/1595/3537 3945/1613/3557 3944/1614/3556 3926/1594/3538 
f 3923/1597/3535 3921/1593/3533 3947/1618/3559 3948/1617/3560 
f 2891/416/2693 2992/536/2794 3947/1618/3559 3921/1593/3533 
f 534/533/534 3949/1620/3561 3947/1618/3559 2992/536/2794 
f 3950/1619/3562 3948/1617/3560 3947/1618/3559 3949/1620/3561 
f 3950/1619/3562 3949/1620/3561 3951/1622/3563 3952/1621/3564 
f 534/533/534 1625/1623/1436 3951/1622/3563 3949/1620/3561 
f 1590/1589/1401 3920/1590/3532 3951/1622/3563 1625/1623/1436 
f 3919/1591/3531 3952/1621/3564 3951/1622/3563 3920/1590/3532 
f 3915/1584/3527 3918/1585/3530 3953/1625/3565 3954/1624/3566 
f 495/494/495 2960/495/2762 3953/1625/3565 3918/1585/3530 
f 2959/496/2761 3943/1615/3555 3953/1625/3565 2960/495/2762 
f 3942/1612/3554 3954/1624/3566 3953/1625/3565 3943/1615/3555 
f 3925/1595/3537 3955/1627/3567 3956/1626/3568 3945/1613/3557 
f 3957/1633/3569 3958/1630/3570 3956/1631/3568 3955/1634/3567 
f 3959/1629/3571 3960/1632/3572 3956/1631/3568 3958/1630/3570 
f 3942/1612/3554 3945/1613/3557 3956/1626/3568 3960/1628/3572 
f 3942/1612/3554 3960/1628/3572 3961/1635/3573 3954/1624/3566 
f 3959/1629/3571 3962/1638/3574 3961/1639/3573 3960/1632/3572 
f 3963/1637/3575 3964/1640/3576 3961/1639/3573 3962/1638/3574 
f 3915/1584/3527 3954/1624/3566 3961/1635/3573 3964/1636/3576 
f 3915/1584/3527 3964/1636/3576 3965/1641/3577 3916/1587/3528 
f 3963/1637/3575 3966/1644/3578 3965/1645/3577 3964/1640/3576 
f 3967/1643/3579 3968/1646/3580 3965/1645/3577 3966/1644/3578 
f 3919/1591/3531 3916/1587/3528 3965/1641/3577 3968/1642/3580 
f 3919/1591/3531 3968/1642/3580 3969/1647/3581 3952/1621/3564 
f 3967/1643/3579 3970/1650/3582 3969/1651/3581 3968/1646/3580 
f 3971/1649/3583 3972/1652/3584 3969/1651/3581 3970/1650/3582 
f 3950/1619/3562 3952/1621/3564 3969/1647/3581 3972/1648/3584 
f 3950/1619/3562 3972/1648/3584 3973/1653/3585 3948/1617/3560 
f 3971/1649/3583 3974/1656/3586 3973/1657/3585 3972/1652/3584 
f 3975/1655/3587 3976/1658/3588 3973/1657/3585 3974/1656/3586 
f 3923/1597/3535 3948/1617/3560 3973/1653/3585 3976/1654/3588 
f 3923/1597/3535 3976/1654/3588 3977/1659/3589 3924/1596/3536 
f 3975/1655/3587 3978/1660/3590 3977/1661/3589 3976/1658/3588 
f 3957/1633/3569 3955/1634/3567 3977/1661/3589 3978/1660/3590 
f 3925/1595/3537 3924/1596/3536 3977/1659/3589 3955/1627/3567 
f 3979/1662/3591 3980/1665/3592 3981/1664/3593 3982/1663/3594 
f 3983/1670/3595 3984/1669/3596 3981/1664/3593 3980/1665/3592 
f 3985/1668/3597 3986/1667/3598 3981/1664/3593 3984/1669/3596 
f 3987/1666/3599 3982/1663/3594 3981/1664/3593 3986/1667/3598 
f 3988/1671/3600 3989/1674/3601 3990/1673/3602 3991/1672/3603 
f 3979/1662/3591 3982/1663/3594 3990/1673/3602 3989/1674/3601 
f 3987/1666/3599 3992/1676/3604 3990/1673/3602 3982/1663/3594 
f 3993/1675/3605 3991/1672/3603 3990/1673/3602 3992/1676/3604 
f 3994/1677/3606 3995/1680/3607 3996/1679/3608 3997/1678/3609 
f 3988/1671/3600 3991/1672/3603 3996/1679/3608 3995/1680/3607 
f 3993/1675/3605 3998/1682/3610 3996/1679/3608 3991/1672/3603 
f 3999/1681/3611 3997/1678/3609 3996/1679/3608 3998/1682/3610 
f 4000/1683/3612 4001/1686/3613 4002/1685/3614 4003/1684/3615 
f 3994/1677/3606 3997/1678/3609 4002/1685/3614 4001/1686/3613 
f 3999/1681/3611 4004/1688/3616 4002/1685/3614 3997/1678/3609 
f 4005/1687/3617 4003/1684/3615 4002/1685/3614 4004/1688/3616 
f 4006/1689/3618 4007/1692/3619 4008/1691/3620 4009/1690/3621 
f 4000/1683/3612 4003/1684/3615 4008/1691/3620 4007/1692/3619 
f 4005/1687/3617 4010/1694/3622 4008/1691/3620 4003/1684/3615 
f 4011/1693/3623 4009/1690/3621 4008/1691/3620 4010/1694/3622 
f 3983/1670/3595 4012/1696/3624 4013/1695/3625 3984/1669/3596 
f 4006/1689/3618 4009/1690/3621 4013/1695/3625 4012/1696/3624 
f 4011/1693/3623 4014/1697/3626 4013/1695/3625 4009/1690/3621 
f 3985/1668/3597 3984/1669/3596 4013/1695/3625 4014/1697/3626 
f 4015/1698/3627 4016/1701/3628 4017/1700/3629 4018/1699/3630 
f 4019/1706/3631 4020/1705/3632 4017/1700/3629 4016/1701/3628 
f 4021/1704/3633 4022/1703/3634 4017/1700/3629 4020/1705/3632 
f 4023/1702/3635 4018/1699/3630 4017/1700/3629 4022/1703/3634 
f 4024/1707/3636 4025/1710/3637 4026/1709/3638 4027/1708/3639 
f 4028/1715/3640 4029/1714/3641 4026/1709/3638 4025/1710/3637 
f 4030/1713/3642 4031/1712/3643 4026/1709/3638 4029/1714/3641 
f 4032/1711/3644 4027/1708/3639 4026/1709/3638 4031/1712/3643 
f 3983/1670/3595 3980/1665/3592 4033/1717/3645 4034/1716/3646 
f 3979/1662/3591 4035/1721/3647 4033/1717/3645 3980/1665/3592 
f 4036/1720/3648 4037/1719/3649 4033/1717/3645 4035/1721/3647 
f 4038/1718/3650 4034/1716/3646 4033/1717/3645 4037/1719/3649 
f 4039/1722/3651 4040/1725/3652 4041/1724/3653 4042/1723/3654 
f 4015/1698/3627 4018/1699/3630 4041/1724/3653 4040/1725/3652 
f 4023/1702/3635 4043/1727/3655 4041/1724/3653 4018/1699/3630 
f 4044/1726/3656 4042/1723/3654 4041/1724/3653 4043/1727/3655 
f 4045/1728/3657 4046/1731/3658 4047/1730/3659 4048/1729/3660 
f 4024/1707/3636 4027/1708/3639 4047/1730/3659 4046/1731/3658 
f 4032/1711/3644 4049/1733/3661 4047/1730/3659 4027/1708/3639 
f 4050/1732/3662 4048/1729/3660 4047/1730/3659 4049/1733/3661 
f 3979/1662/3591 3989/1674/3601 4051/1734/3663 4035/1721/3647 
f 3988/1671/3600 4052/1737/3664 4051/1734/3663 3989/1674/3601 
f 4053/1736/3665 4054/1735/3666 4051/1734/3663 4052/1737/3664 
f 4036/1720/3648 4035/1721/3647 4051/1734/3663 4054/1735/3666 
f 4055/1738/3667 4056/1741/3668 4057/1740/3669 4058/1739/3670 
f 4039/1722/3651 4042/1723/3654 4057/1740/3669 4056/1741/3668 
f 4044/1726/3656 4059/1743/3671 4057/1740/3669 4042/1723/3654 
f 4060/1742/3672 4058/1739/3670 4057/1740/3669 4059/1743/3671 
f 4061/1744/3673 4062/1747/3674 4063/1746/3675 4064/1745/3676 
f 4045/1728/3657 4048/1729/3660 4063/1746/3675 4062/1747/3674 
f 4050/1732/3662 4065/1749/3677 4063/1746/3675 4048/1729/3660 
f 4066/1748/3678 4064/1745/3676 4063/1746/3675 4065/1749/3677 
f 3988/1671/3600 3995/1680/3607 4067/1750/3679 4052/1737/3664 
f 3994/1677/3606 4068/1753/3680 4067/1750/3679 3995/1680/3607 
f 4069/1752/3681 4070/1751/3682 4067/1750/3679 4068/1753/3680 
f 4053/1736/3665 4052/1737/3664 4067/1750/3679 4070/1751/3682 
f 4071/1754/3683 4072/1757/3684 4073/1756/3685 4074/1755/3686 
f 4055/1738/3667 4058/1739/3670 4073/1756/3685 4072/1757/3684 
f 4060/1742/3672 4075/1759/3687 4073/1756/3685 4058/1739/3670 
f 4076/1758/3688 4074/1755/3686 4073/1756/3685 4075/1759/3687 
f 4077/1760/3689 4078/1763/3690 4079/1762/3691 4080/1761/3692 
f 4061/1744/3673 4064/1745/3676 4079/1762/3691 4078/1763/3690 
f 4066/1748/3678 4081/1765/3693 4079/1762/3691 4064/1745/3676 
f 4082/1764/3694 4080/1761/3692 4079/1762/3691 4081/1765/3693 
f 3994/1677/3606 4001/1686/3613 4083/1766/3695 4068/1753/3680 
f 4000/1683/3612 4084/1769/3696 4083/1766/3695 4001/1686/3613 
f 4085/1768/3697 4086/1767/3698 4083/1766/3695 4084/1769/3696 
f 4069/1752/3681 4068/1753/3680 4083/1766/3695 4086/1767/3698 
f 4087/1770/3699 4088/1773/3700 4089/1772/3701 4090/1771/3702 
f 4071/1754/3683 4074/1755/3686 4089/1772/3701 4088/1773/3700 
f 4076/1758/3688 4091/1775/3703 4089/1772/3701 4074/1755/3686 
f 4092/1774/3704 4090/1771/3702 4089/1772/3701 4091/1775/3703 
f 4093/1776/3705 4094/1779/3706 4095/1778/3707 4096/1777/3708 
f 4077/1760/3689 4080/1761/3692 4095/1778/3707 4094/1779/3706 
f 4082/1764/3694 4097/1781/3709 4095/1778/3707 4080/1761/3692 
f 4098/1780/3710 4096/1777/3708 4095/1778/3707 4097/1781/3709 
f 4000/1683/3612 4007/1692/3619 4099/1782/3711 4084/1769/3696 
f 4006/1689/3618 4100/1785/3712 4099/1782/3711 4007/1692/3619 
f 4101/1784/3713 4102/1783/3714 4099/1782/3711 4100/1785/3712 
f 4085/1768/3697 4084/1769/3696 4099/1782/3711 4102/1783/3714 
f 4019/1706/3631 4103/1787/3715 4104/1786/3716 4020/1705/3632 
f 4087/1770/3699 4090/1771/3702 4104/1786/3716 4103/1787/3715 
f 4092/1774/3704 4105/1788/3717 4104/1786/3716 4090/1771/3702 
f 4021/1704/3633 4020/1705/3632 4104/1786/3716 4105/1788/3717 
f 4028/1715/3640 4106/1790/3718 4107/1789/3719 4029/1714/3641 
f 4093/1776/3705 4096/1777/3708 4107/1789/3719 4106/1790/3718 
f 4098/1780/3710 4108/1791/3720 4107/1789/3719 4096/1777/3708 
f 4030/1713/3642 4029/1714/3641 4107/1789/3719 4108/1791/3720 
f 4006/1689/3618 4012/1696/3624 4109/1792/3721 4100/1785/3712 
f 3983/1670/3595 4034/1716/3646 4109/1792/3721 4012/1696/3624 
f 4038/1718/3650 4110/1793/3722 4109/1792/3721 4034/1716/3646 
f 4101/1784/3713 4100/1785/3712 4109/1792/3721 4110/1793/3722 
f 3987/1666/3599 3986/1667/3598 4111/1795/3723 4112/1794/3724 
f 3985/1668/3597 4113/1796/3725 4111/1795/3723 3986/1667/3598 
f 4028/1715/3640 4025/1710/3637 4111/1795/3723 4113/1796/3725 
f 4024/1707/3636 4112/1794/3724 4111/1795/3723 4025/1710/3637 
f 3993/1675/3605 3992/1676/3604 4114/1798/3726 4115/1797/3727 
f 3987/1666/3599 4112/1794/3724 4114/1798/3726 3992/1676/3604 
f 4024/1707/3636 4046/1731/3658 4114/1798/3726 4112/1794/3724 
f 4045/1728/3657 4115/1797/3727 4114/1798/3726 4046/1731/3658 
f 3999/1681/3611 3998/1682/3610 4116/1800/3728 4117/1799/3729 
f 3993/1675/3605 4115/1797/3727 4116/1800/3728 3998/1682/3610 
f 4045/1728/3657 4062/1747/3674 4116/1800/3728 4115/1797/3727 
f 4061/1744/3673 4117/1799/3729 4116/1800/3728 4062/1747/3674 
f 4005/1687/3617 4004/1688/3616 4118/1802/3730 4119/1801/3731 
f 3999/1681/3611 4117/1799/3729 4118/1802/3730 4004/1688/3616 
f 4061/1744/3673 4078/1763/3690 4118/1802/3730 4117/1799/3729 
f 4077/1760/3689 4119/1801/3731 4118/1802/3730 4078/1763/3690 
f 4011/1693/3623 4010/1694/3622 4120/1804/3732 4121/1803/3733 
f 4005/1687/3617 4119/1801/3731 4120/1804/3732 4010/1694/3622 
f 4077/1760/3689 4094/1779/3706 4120/1804/3732 4119/1801/3731 
f 4093/1776/3705 4121/1803/3733 4120/1804/3732 4094/1779/3706 
f 3985/1668/3597 4014/1697/3626 4122/1805/3734 4113/1796/3725 
f 4011/1693/3623 4121/1803/3733 4122/1805/3734 4014/1697/3626 
f 4093/1776/3705 4106/1790/3718 4122/1805/3734 4121/1803/3733 
f 4028/1715/3640 4113/1796/3725 4122/1805/3734 4106/1790/3718 
f 4032/1711/3644 4031/1712/3643 4123/1807/3735 4124/1806/3736 
f 4030/1713/3642 4125/1808/3737 4123/1807/3735 4031/1712/3643 
f 4019/1706/3631 4016/1701/3628 4123/1807/3735 4125/1808/3737 
f 4015/1698/3627 4124/1806/3736 4123/1807/3735 4016/1701/3628 
f 4050/1732/3662 4049/1733/3661 4126/1810/3738 4127/1809/3739 
f 4032/1711/3644 4124/1806/3736 4126/1810/3738 4049/1733/3661 
f 4015/1698/3627 4040/1725/3652 4126/1810/3738 4124/1806/3736 
f 4039/1722/3651 4127/1809/3739 4126/1810/3738 4040/1725/3652 
f 4066/1748/3678 4065/1749/3677 4128/1812/3740 4129/1811/3741 
f 4050/1732/3662 4127/1809/3739 4128/1812/3740 4065/1749/3677 
f 4039/1722/3651 4056/1741/3668 4128/1812/3740 4127/1809/3739 
f 4055/1738/3667 4129/1811/3741 4128/1812/3740 4056/1741/3668 
f 4082/1764/3694 4081/1765/3693 4130/1814/3742 4131/1813/3743 
f 4066/1748/3678 4129/1811/3741 4130/1814/3742 4081/1765/3693 
f 4055/1738/3667 4072/1757/3684 4130/1814/3742 4129/1811/3741 
f 4071/1754/3683 4131/1813/3743 4130/1814/3742 4072/1757/3684 
f 4098/1780/3710 4097/1781/3709 4132/1816/3744 4133/1815/3745 
f 4082/1764/3694 4131/1813/3743 4132/1816/3744 4097/1781/3709 
f 4071/1754/3683 4088/1773/3700 4132/1816/3744 4131/1813/3743 
f 4087/1770/3699 4133/1815/3745 4132/1816/3744 4088/1773/3700 
f 4030/1713/3642 4108/1791/3720 4134/1817/3746 4125/1808/3737 
f 4098/1780/3710 4133/1815/3745 4134/1817/3746 4108/1791/3720 
f 4087/1770/3699 4103/1787/3715 4134/1817/3746 4133/1815/3745 
f 4019/1706/3631 4125/1808/3737 4134/1817/3746 4103/1787/3715 
f 4023/1702/3635 4022/1703/3634 4135/1819/3747 4136/1818/3748 
f 4021/1704/3633 4137/1823/3749 4135/1819/3747 4022/1703/3634 
f 4138/1822/3750 4139/1821/3751 4135/1819/3747 4137/1823/3749 
f 4140/1820/3752 4136/1818/3748 4135/1819/3747 4139/1821/3751 
f 4044/1726/3656 4043/1727/3655 4141/1825/3753 4142/1824/3754 
f 4023/1702/3635 4136/1818/3748 4141/1825/3753 4043/1727/3655 
f 4140/1820/3752 4143/1827/3755 4141/1825/3753 4136/1818/3748 
f 4144/1826/3756 4142/1824/3754 4141/1825/3753 4143/1827/3755 
f 4060/1742/3672 4059/1743/3671 4145/1829/3757 4146/1828/3758 
f 4044/1726/3656 4142/1824/3754 4145/1829/3757 4059/1743/3671 
f 4144/1826/3756 4147/1831/3759 4145/1829/3757 4142/1824/3754 
f 4148/1830/3760 4146/1828/3758 4145/1829/3757 4147/1831/3759 
f 4076/1758/3688 4075/1759/3687 4149/1833/3761 4150/1832/3762 
f 4060/1742/3672 4146/1828/3758 4149/1833/3761 4075/1759/3687 
f 4148/1830/3760 4151/1835/3763 4149/1833/3761 4146/1828/3758 
f 4152/1834/3764 4150/1832/3762 4149/1833/3761 4151/1835/3763 
f 4092/1774/3704 4091/1775/3703 4153/1837/3765 4154/1836/3766 
f 4076/1758/3688 4150/1832/3762 4153/1837/3765 4091/1775/3703 
f 4152/1834/3764 4155/1839/3767 4153/1837/3765 4150/1832/3762 
f 4156/1838/3768 4154/1836/3766 4153/1837/3765 4155/1839/3767 
f 4021/1704/3633 4105/1788/3717 4157/1840/3769 4137/1823/3749 
f 4092/1774/3704 4154/1836/3766 4157/1840/3769 4105/1788/3717 
f 4156/1838/3768 4158/1841/3770 4157/1840/3769 4154/1836/3766 
f 4138/1822/3750 4137/1823/3749 4157/1840/3769 4158/1841/3770 
f 4138/1822/3750 4159/1843/3771 4160/1842/3772 4139/1821/3751 
f 4161/1847/3773 4162/1846/3774 4160/1842/3772 4159/1843/3771 
f 4163/1845/3775 4164/1844/3776 4160/1842/3772 4162/1846/3774 
f 4140/1820/3752 4139/1821/3751 4160/1842/3772 4164/1844/3776 
f 4140/1820/3752 4164/1844/3776 4165/1848/3777 4143/1827/3755 
f 4163/1845/3775 4166/1851/3778 4165/1848/3777 4164/1844/3776 
f 4167/1850/3779 4168/1849/3780 4165/1848/3777 4166/1851/3778 
f 4144/1826/3756 4143/1827/3755 4165/1848/3777 4168/1849/3780 
f 4144/1826/3756 4168/1849/3780 4169/1852/3781 4147/1831/3759 
f 4167/1850/3779 4170/1855/3782 4169/1852/3781 4168/1849/3780 
f 4171/1854/3783 4172/1853/3784 4169/1852/3781 4170/1855/3782 
f 4148/1830/3760 4147/1831/3759 4169/1852/3781 4172/1853/3784 
f 4148/1830/3760 4172/1853/3784 4173/1856/3785 4151/1835/3763 
f 4171/1854/3783 4174/1859/3786 4173/1856/3785 4172/1853/3784 
f 4175/1858/3787 4176/1857/3788 4173/1856/3785 4174/1859/3786 
f 4152/1834/3764 4151/1835/3763 4173/1856/3785 4176/1857/3788 
f 4152/1834/3764 4176/1857/3788 4177/1860/3789 4155/1839/3767 
f 4175/1858/3787 4178/1863/3790 4177/1860/3789 4176/1857/3788 
f 4179/1862/3791 4180/1861/3792 4177/1860/3789 4178/1863/3790 
f 4156/1838/3768 4155/1839/3767 4177/1860/3789 4180/1861/3792 
f 4156/1838/3768 4180/1861/3792 4181/1864/3793 4158/1841/3770 
f 4179/1862/3791 4182/1865/3794 4181/1864/3793 4180/1861/3792 
f 4161/1847/3773 4159/1843/3771 4181/1864/3793 4182/1865/3794 
f 4138/1822/3750 4158/1841/3770 4181/1864/3793 4159/1843/3771 
f 4038/1718/3650 4037/1719/3649 4183/1867/3795 4184/1866/3796 
f 4036/1720/3648 4185/1868/3797 4183/1867/3795 4037/1719/3649 
f 3959/1629/3571 3958/1630/3570 4183/1867/3795 4185/1868/3797 
f 3957/1633/3569 4184/1866/3796 4183/1867/3795 3958/1630/3570 
f 4036/1720/3648 4054/1735/3666 4186/1869/3798 4185/1868/3797 
f 4053/1736/3665 4187/1870/3799 4186/1869/3798 4054/1735/3666 
f 3963/1637/3575 3962/1638/3574 4186/1869/3798 4187/1870/3799 
f 3959/1629/3571 4185/1868/3797 4186/1869/3798 3962/1638/3574 
f 4053/1736/3665 4070/1751/3682 4188/1871/3800 4187/1870/3799 
f 4069/1752/3681 4189/1872/3801 4188/1871/3800 4070/1751/3682 
f 3967/1643/3579 3966/1644/3578 4188/1871/3800 4189/1872/3801 
f 3963/1637/3575 4187/1870/3799 4188/1871/3800 3966/1644/3578 
f 4069/1752/3681 4086/1767/3698 4190/1873/3802 4189/1872/3801 
f 4085/1768/3697 4191/1874/3803 4190/1873/3802 4086/1767/3698 
f 3971/1649/3583 3970/1650/3582 4190/1873/3802 4191/1874/3803 
f 3967/1643/3579 4189/1872/3801 4190/1873/3802 3970/1650/3582 
f 4085/1768/3697 4102/1783/3714 4192/1875/3804 4191/1874/3803 
f 4101/1784/3713 4193/1876/3805 4192/1875/3804 4102/1783/3714 
f 3975/1655/3587 3974/1656/3586 4192/1875/3804 4193/1876/3805 
f 3971/1649/3583 4191/1874/3803 4192/1875/3804 3974/1656/3586 
f 4101/1784/3713 4110/1793/3722 4194/1877/3806 4193/1876/3805 
f 4038/1718/3650 4184/1866/3796 4194/1877/3806 4110/1793/3722 
f 3957/1633/3569 3978/1660/3590 4194/1877/3806 4184/1866/3796 
f 3975/1655/3587 4193/1876/3805 4194/1877/3806 3978/1660/3590 
f 3445/1059/3203 3444/1060/3203 4195/1879/3807 4196/1878/3807 
f 3443/1061/3203 4197/1880/3807 4195/1879/3807 3444/1060/3203 
f 3094/653/2896 3097/654/2899 4195/1879/3807 4197/1880/3807 
f 3054/605/2856 4196/1878/3807 4195/1879/3807 3097/654/2899 
f 3463/1080/3223 3462/1081/3222 4198/1882/3808 4199/1881/3809 
f 3445/1059/3203 4196/1878/3807 4198/1882/3808 3462/1081/3222 
f 3054/605/2856 3053/606/2855 4198/1882/3808 4196/1878/3807 
f 3052/607/2854 4199/1881/3809 4198/1882/3808 3053/606/2855 
f 1095/1094/1050 3474/1095/3231 4200/1884/3810 1873/1883/1682 
f 3463/1080/3223 4199/1881/3809 4200/1884/3810 3474/1095/3231 
f 3052/607/2854 3050/602/2852 4200/1884/3810 4199/1881/3809 
f 600/599/600 1873/1883/1682 4200/1884/3810 3050/602/2852 
f 3484/1108/3241 3483/1109/3240 4201/1885/3811 3726/1375/3401 
f 1111/1110/1066 1876/1886/1685 4201/1885/3811 3483/1109/3240 
f 1360/1359/1233 3712/1360/3387 4201/1885/3811 1876/1886/1685 
f 3711/1361/3386 3726/1375/3401 4201/1885/3811 3712/1360/3387 
f 3501/1129/3203 3500/1130/3203 4202/1888/3812 4203/1887/3813 
f 3499/1131/3203 3723/1374/3398 4202/1888/3812 3500/1130/3203 
f 2899/423/2701 2898/424/2700 4202/1888/3812 3723/1374/3398 
f 2897/425/2699 4203/1887/3813 4202/1888/3812 2898/424/2700 
f 3443/1061/3203 3514/1146/3203 4204/1889/3813 4197/1880/3807 
f 3501/1129/3203 4203/1887/3813 4204/1889/3813 3514/1146/3203 
f 2897/425/2699 3099/659/2901 4204/1889/3813 4203/1887/3813 
f 3094/653/2896 4197/1880/3807 4204/1889/3813 3099/659/2901 
f 3484/1108/3241 3725/1376/3400 4205/1890/3402 3482/1105/3239 
f 3499/1131/3203 3498/1132/3203 4205/1890/3402 3725/1376/3400 
f 3497/1133/3203 3728/1377/3402 4205/1890/3402 3498/1132/3203 
f 3479/1104/3236 3482/1105/3239 4205/1890/3402 3728/1377/3402 
f 621/620/621 1882/1892/1689 4206/1891/3814 3063/623/2865 
f 1886/1896/1693 4207/1895/3815 4206/1891/3814 1882/1892/1689 
f 4208/1894/3816 4209/1893/3817 4206/1891/3814 4207/1895/3815 
f 3065/625/2867 3063/623/2865 4206/1891/3814 4209/1893/3817 
f 3065/625/2867 4209/1893/3817 4210/1897/3818 3823/1478/3440 
f 4208/1894/3816 4211/1900/3819 4210/1897/3818 4209/1893/3817 
f 4212/1899/3356 4213/1898/3356 4210/1897/3818 4211/1900/3819 
f 3824/1477/3356 3823/1478/3440 4210/1897/3818 4213/1898/3356 
f 3824/1477/3356 4213/1898/3356 4214/1901/3820 3841/1500/3454 
f 4212/1899/3356 4215/1904/3820 4214/1901/3820 4213/1898/3356 
f 4216/1903/3821 4217/1902/3822 4214/1901/3820 4215/1904/3820 
f 3833/1489/3447 3841/1500/3454 4214/1901/3820 4217/1902/3822 
f 3833/1489/3447 4217/1902/3822 4218/1905/3823 3834/1488/3448 
f 4216/1903/3821 4219/1908/3824 4218/1905/3823 4217/1902/3822 
f 1897/1907/1701 1896/1906/1700 4218/1905/3823 4219/1908/3824 
f 1488/1487/1301 3834/1488/3448 4218/1905/3823 1896/1906/1700 
f 1886/1896/1693 1900/1910/1704 4220/1909/3825 4207/1895/3815 
f 1904/1914/1708 4221/1913/3826 4220/1909/3825 1900/1910/1704 
f 4222/1912/3827 4223/1911/3828 4220/1909/3825 4221/1913/3826 
f 4208/1894/3816 4207/1895/3815 4220/1909/3825 4223/1911/3828 
f 4208/1894/3816 4223/1911/3828 4224/1915/3829 4211/1900/3819 
f 4222/1912/3827 4225/1918/3830 4224/1915/3829 4223/1911/3828 
f 4226/1917/3831 4227/1916/3356 4224/1915/3829 4225/1918/3830 
f 4212/1899/3356 4211/1900/3819 4224/1915/3829 4227/1916/3356 
f 4212/1899/3356 4227/1916/3356 4228/1919/3832 4215/1904/3820 
f 4226/1917/3831 4229/1922/3833 4228/1919/3832 4227/1916/3356 
f 4230/1921/3834 4231/1920/3835 4228/1919/3832 4229/1922/3833 
f 4216/1903/3821 4215/1904/3820 4228/1919/3832 4231/1920/3835 
f 4216/1903/3821 4231/1920/3835 4232/1923/3836 4219/1908/3824 
f 4230/1921/3834 4233/1926/3837 4232/1923/3836 4231/1920/3835 
f 1915/1925/1718 1914/1924/1717 4232/1923/3836 4233/1926/3837 
f 1897/1907/1701 4219/1908/3824 4232/1923/3836 1914/1924/1717 
f 4222/1912/3827 4221/1913/3826 4234/1928/3838 4235/1927/3839 
f 1904/1914/1708 1919/1929/1722 4234/1928/3838 4221/1913/3826 
f 354/353/354 2830/348/2632 4234/1928/3838 1919/1929/1722 
f 2829/345/2631 4235/1927/3839 4234/1928/3838 2830/348/2632 
f 4226/1917/3831 4225/1918/3830 4236/1931/3840 4237/1930/3812 
f 4222/1912/3827 4235/1927/3839 4236/1931/3840 4225/1918/3830 
f 2829/345/2631 2832/346/2634 4236/1931/3840 4235/1927/3839 
f 2834/349/2636 4237/1930/3812 4236/1931/3840 2832/346/2634 
f 4230/1921/3834 4229/1922/3833 4238/1933/3841 4239/1932/3842 
f 4226/1917/3831 4237/1930/3812 4238/1933/3841 4229/1922/3833 
f 2834/349/2636 3691/1336/3366 4238/1933/3841 4237/1930/3812 
f 3693/1338/3368 4239/1932/3842 4238/1933/3841 3691/1336/3366 
f 1915/1925/1718 4233/1926/3837 4240/1935/3843 1924/1934/1726 
f 4230/1921/3834 4239/1932/3842 4240/1935/3843 4233/1926/3837 
f 3693/1338/3368 3692/1339/3367 4240/1935/3843 4239/1932/3842 
f 1341/1340/1214 1924/1934/1726 4240/1935/3843 3692/1339/3367 
f 4163/1845/3775 4162/1846/3774 4241/1937/3844 4242/1936/3845 
f 4161/1847/3773 4243/1941/3846 4241/1937/3844 4162/1846/3774 
f 4244/1940/3847 4245/1939/3848 4241/1937/3844 4243/1941/3846 
f 4246/1938/3849 4242/1936/3845 4241/1937/3844 4245/1939/3848 
f 4167/1850/3779 4166/1851/3778 4247/1943/3850 4248/1942/3851 
f 4163/1845/3775 4242/1936/3845 4247/1943/3850 4166/1851/3778 
f 4246/1938/3849 4249/1945/3852 4247/1943/3850 4242/1936/3845 
f 4250/1944/3853 4248/1942/3851 4247/1943/3850 4249/1945/3852 
f 4171/1854/3783 4170/1855/3782 4251/1947/3854 4252/1946/3855 
f 4167/1850/3779 4248/1942/3851 4251/1947/3854 4170/1855/3782 
f 4250/1944/3853 4253/1949/3856 4251/1947/3854 4248/1942/3851 
f 4254/1948/3857 4252/1946/3855 4251/1947/3854 4253/1949/3856 
f 4175/1858/3787 4174/1859/3786 4255/1951/3858 4256/1950/3859 
f 4171/1854/3783 4252/1946/3855 4255/1951/3858 4174/1859/3786 
f 4254/1948/3857 4257/1953/3860 4255/1951/3858 4252/1946/3855 
f 4258/1952/3861 4256/1950/3859 4255/1951/3858 4257/1953/3860 
f 4179/1862/3791 4178/1863/3790 4259/1955/3862 4260/1954/3863 
f 4175/1858/3787 4256/1950/3859 4259/1955/3862 4178/1863/3790 
f 4258/1952/3861 4261/1957/3864 4259/1955/3862 4256/1950/3859 
f 4262/1956/3865 4260/1954/3863 4259/1955/3862 4261/1957/3864 
f 4161/1847/3773 4182/1865/3794 4263/1958/3866 4243/1941/3846 
f 4179/1862/3791 4260/1954/3863 4263/1958/3866 4182/1865/3794 
f 4262/1956/3865 4264/1959/3867 4263/1958/3866 4260/1954/3863 
f 4244/1940/3847 4243/1941/3846 4263/1958/3866 4264/1959/3867 
f 667/666/667 3105/667/2907 4265/1961/3868 1950/1960/1752 
f 3104/668/2906 4266/1962/3869 4265/1961/3868 3105/667/2907 
f 3162/730/2964 3164/734/2966 4265/1961/3868 4266/1962/3869 
f 737/736/737 1950/1960/1752 4265/1961/3868 3164/734/2966 
f 3102/670/2904 3100/665/2902 4267/1964/3870 4268/1963/3871 
f 663/662/663 1955/1965/1757 4267/1964/3870 3100/665/2902 
f 940/939/940 3339/940/3141 4267/1964/3870 1955/1965/1757 
f 3343/943/3145 4268/1963/3871 4267/1964/3870 3339/940/3141 
f 3104/668/2906 3111/673/2913 4269/1966/3872 4266/1962/3869 
f 3110/674/2912 4270/1967/3873 4269/1966/3872 3111/673/2913 
f 3156/724/2958 3158/728/2960 4269/1966/3872 4270/1967/3873 
f 3162/730/2964 4266/1962/3869 4269/1966/3872 3158/728/2960 
f 3108/676/2910 3106/672/2908 4271/1969/3874 4272/1968/3875 
f 3102/670/2904 4268/1963/3871 4271/1969/3874 3106/672/2908 
f 3343/943/3145 3708/1356/3383 4271/1969/3874 4268/1963/3871 
f 3706/1353/3381 4272/1968/3875 4271/1969/3874 3708/1356/3383 
f 3110/674/2912 3117/679/2919 4273/1970/3876 4270/1967/3873 
f 3116/680/2918 4274/1971/3877 4273/1970/3876 3117/679/2919 
f 3150/718/2952 3152/722/2954 4273/1970/3876 4274/1971/3877 
f 3156/724/2958 4270/1967/3873 4273/1970/3876 3152/722/2954 
f 3114/682/2916 3112/678/2914 4275/1973/3878 4276/1972/3879 
f 3108/676/2910 4272/1968/3875 4275/1973/3878 3112/678/2914 
f 3706/1353/3381 3705/1354/3380 4275/1973/3878 4272/1968/3875 
f 3702/1349/3377 4276/1972/3879 4275/1973/3878 3705/1354/3380 
f 3116/680/2918 3123/685/2925 4277/1974/3880 4274/1971/3877 
f 3122/686/2924 4278/1975/3881 4277/1974/3880 3123/685/2925 
f 3144/712/2946 3146/716/2948 4277/1974/3880 4278/1975/3881 
f 3150/718/2952 4274/1971/3877 4277/1974/3880 3146/716/2948 
f 3120/688/2922 3118/684/2920 4279/1977/3882 4280/1976/3883 
f 3114/682/2916 4276/1972/3879 4279/1977/3882 3118/684/2920 
f 3702/1349/3377 3701/1350/3376 4279/1977/3882 4276/1972/3879 
f 3698/1344/3373 4280/1976/3883 4279/1977/3882 3701/1350/3376 
f 3122/686/2924 3129/691/2931 4281/1978/3884 4278/1975/3881 
f 3128/692/2930 4282/1979/3885 4281/1978/3884 3129/691/2931 
f 3138/705/2940 3140/710/2942 4281/1978/3884 4282/1979/3885 
f 3144/712/2946 4278/1975/3881 4281/1978/3884 3140/710/2942 
f 3126/694/2928 3124/690/2926 4283/1981/3886 4284/1980/3887 
f 3120/688/2922 4280/1976/3883 4283/1981/3886 3124/690/2926 
f 3698/1344/3373 3697/1345/3372 4283/1981/3886 4280/1976/3883 
f 3320/916/3122 4284/1980/3887 4283/1981/3886 3697/1345/3372 
f 3128/692/2930 3132/697/2934 4285/1982/3888 4282/1979/3885 
f 699/698/699 1973/1983/1775 4285/1982/3888 3132/697/2934 
f 702/701/702 3134/702/2936 4285/1982/3888 1973/1983/1775 
f 3138/705/2940 4282/1979/3885 4285/1982/3888 3134/702/2936 
f 701/700/701 3130/696/2932 4286/1985/3889 1974/1984/1776 
f 3126/694/2928 4284/1980/3887 4286/1985/3889 3130/696/2932 
f 3320/916/3122 3323/917/3125 4286/1985/3889 4284/1980/3887 
f 921/920/921 1974/1984/1776 4286/1985/3889 3323/917/3125 
f 3171/744/2973 3170/745/2972 4287/1987/3890 4288/1986/3891 
f 747/746/747 1978/1988/1780 4287/1987/3890 3170/745/2972 
f 780/779/780 3200/780/3002 4287/1987/3890 1978/1988/1780 
f 3204/783/3006 4288/1986/3891 4287/1987/3890 3200/780/3002 
f 749/748/749 3167/743/2969 4289/1990/3892 1979/1989/1781 
f 3166/740/2968 4290/1994/3893 4289/1990/3892 3167/743/2969 
f 4291/1993/3894 4292/1992/3895 4289/1990/3892 4290/1994/3893 
f 1981/1991/1783 1979/1989/1781 4289/1990/3892 4292/1992/3895 
f 3177/753/2979 3176/754/2978 4293/1996/3896 4294/1995/3897 
f 3171/744/2973 4288/1986/3891 4293/1996/3896 3176/754/2978 
f 3204/783/3006 3206/788/3008 4293/1996/3896 4288/1986/3891 
f 3210/790/3012 4294/1995/3897 4293/1996/3896 3206/788/3008 
f 3166/740/2968 3173/752/2975 4295/1997/3898 4290/1994/3893 
f 3172/749/2974 4296/2000/3899 4295/1997/3898 3173/752/2975 
f 4297/1999/3900 4298/1998/3901 4295/1997/3898 4296/2000/3899 
f 4291/1993/3894 4290/1994/3893 4295/1997/3898 4298/1998/3901 
f 3183/759/2985 3182/760/2984 4299/2002/3902 4300/2001/3903 
f 3177/753/2979 4294/1995/3897 4299/2002/3902 3182/760/2984 
f 3210/790/3012 3212/794/3014 4299/2002/3902 4294/1995/3897 
f 3216/796/3018 4300/2001/3903 4299/2002/3902 3212/794/3014 
f 3172/749/2974 3179/758/2981 4301/2003/3904 4296/2000/3899 
f 3178/755/2980 4302/2006/3905 4301/2003/3904 3179/758/2981 
f 4303/2005/3906 4304/2004/3907 4301/2003/3904 4302/2006/3905 
f 4297/1999/3900 4296/2000/3899 4301/2003/3904 4304/2004/3907 
f 3189/765/2991 3188/766/2990 4305/2008/3908 4306/2007/3909 
f 3183/759/2985 4300/2001/3903 4305/2008/3908 3188/766/2990 
f 3216/796/3018 3218/800/3020 4305/2008/3908 4300/2001/3903 
f 3222/802/3024 4306/2007/3909 4305/2008/3908 3218/800/3020 
f 3178/755/2980 3185/764/2987 4307/2009/3910 4302/2006/3905 
f 3184/761/2986 4308/2012/3911 4307/2009/3910 3185/764/2987 
f 4309/2011/3912 4310/2010/3913 4307/2009/3910 4308/2012/3911 
f 4303/2005/3906 4302/2006/3905 4307/2009/3910 4310/2010/3913 
f 3195/771/2997 3194/772/2996 4311/2014/3914 4312/2013/3915 
f 3189/765/2991 4306/2007/3909 4311/2014/3914 3194/772/2996 
f 3222/802/3024 3224/806/3026 4311/2014/3914 4306/2007/3909 
f 3228/808/3030 4312/2013/3915 4311/2014/3914 3224/806/3026 
f 3184/761/2986 3191/770/2993 4313/2015/3916 4308/2012/3911 
f 3190/767/2992 4314/2018/3917 4313/2015/3916 3191/770/2993 
f 4315/2017/3918 4316/2016/3919 4313/2015/3916 4314/2018/3917 
f 4309/2011/3912 4308/2012/3911 4313/2015/3916 4316/2016/3919 
f 778/777/778 3198/778/3000 4317/2020/3920 2009/2019/1811 
f 3195/771/2997 4312/2013/3915 4317/2020/3920 3198/778/3000 
f 3228/808/3030 3230/812/3032 4317/2020/3920 4312/2013/3915 
f 815/814/815 2009/2019/1811 4317/2020/3920 3230/812/3032 
f 3190/767/2992 3196/776/2998 4318/2021/3921 4314/2018/3917 
f 774/773/774 2014/2024/1816 4318/2021/3921 3196/776/2998 
f 2013/2023/1815 4319/2022/3922 4318/2021/3921 2014/2024/1816 
f 4315/2017/3918 4314/2018/3917 4318/2021/3921 4319/2022/3922 
f 836/835/836 3248/836/3050 4320/2026/3923 2015/2025/1817 
f 3247/837/3049 4321/2027/3924 4320/2026/3923 3248/836/3050 
f 3136/707/2938 3135/708/2937 4320/2026/3923 4321/2027/3924 
f 710/709/710 2015/2025/1817 4320/2026/3923 3135/708/2937 
f 3245/839/3047 3243/834/3045 4322/2029/3925 4323/2028/3926 
f 832/831/832 2020/2030/1822 4322/2029/3925 3243/834/3045 
f 1981/1991/1783 4292/1992/3895 4322/2029/3925 2020/2030/1822 
f 4291/1993/3894 4323/2028/3926 4322/2029/3925 4292/1992/3895 
f 3247/837/3049 3254/842/3056 4324/2031/3927 4321/2027/3924 
f 3253/843/3055 4325/2032/3928 4324/2031/3927 3254/842/3056 
f 3142/714/2944 3141/715/2943 4324/2031/3927 4325/2032/3928 
f 3136/707/2938 4321/2027/3924 4324/2031/3927 3141/715/2943 
f 3251/845/3053 3249/841/3051 4326/2034/3929 4327/2033/3930 
f 3245/839/3047 4323/2028/3926 4326/2034/3929 3249/841/3051 
f 4291/1993/3894 4298/1998/3901 4326/2034/3929 4323/2028/3926 
f 4297/1999/3900 4327/2033/3930 4326/2034/3929 4298/1998/3901 
f 3253/843/3055 3260/848/3062 4328/2035/3931 4325/2032/3928 
f 3259/849/3061 4329/2036/3932 4328/2035/3931 3260/848/3062 
f 3148/720/2950 3147/721/2949 4328/2035/3931 4329/2036/3932 
f 3142/714/2944 4325/2032/3928 4328/2035/3931 3147/721/2949 
f 3257/851/3059 3255/847/3057 4330/2038/3933 4331/2037/3934 
f 3251/845/3053 4327/2033/3930 4330/2038/3933 3255/847/3057 
f 4297/1999/3900 4304/2004/3907 4330/2038/3933 4327/2033/3930 
f 4303/2005/3906 4331/2037/3934 4330/2038/3933 4304/2004/3907 
f 3259/849/3061 3266/854/3068 4332/2039/3935 4329/2036/3932 
f 3265/855/3067 4333/2040/3936 4332/2039/3935 3266/854/3068 
f 3154/726/2956 3153/727/2955 4332/2039/3935 4333/2040/3936 
f 3148/720/2950 4329/2036/3932 4332/2039/3935 3153/727/2955 
f 3263/857/3065 3261/853/3063 4334/2042/3937 4335/2041/3938 
f 3257/851/3059 4331/2037/3934 4334/2042/3937 3261/853/3063 
f 4303/2005/3906 4310/2010/3913 4334/2042/3937 4331/2037/3934 
f 4309/2011/3912 4335/2041/3938 4334/2042/3937 4310/2010/3913 
f 3265/855/3067 3272/860/3074 4336/2043/3939 4333/2040/3936 
f 3271/861/3073 4337/2044/3940 4336/2043/3939 3272/860/3074 
f 3160/732/2962 3159/733/2961 4336/2043/3939 4337/2044/3940 
f 3154/726/2956 4333/2040/3936 4336/2043/3939 3159/733/2961 
f 3269/863/3071 3267/859/3069 4338/2046/3941 4339/2045/3942 
f 3263/857/3065 4335/2041/3938 4338/2046/3941 3267/859/3069 
f 4309/2011/3912 4316/2016/3919 4338/2046/3941 4335/2041/3938 
f 4315/2017/3918 4339/2045/3942 4338/2046/3941 4316/2016/3919 
f 3271/861/3073 3275/866/3077 4340/2047/3943 4337/2044/3940 
f 868/867/868 2038/2048/1840 4340/2047/3943 3275/866/3077 
f 739/738/739 3165/739/2967 4340/2047/3943 2038/2048/1840 
f 3160/732/2962 4337/2044/3940 4340/2047/3943 3165/739/2967 
f 870/869/870 3273/865/3075 4341/2050/3944 2039/2049/1841 
f 3269/863/3071 4339/2045/3942 4341/2050/3944 3273/865/3075 
f 4315/2017/3918 4319/2022/3922 4341/2050/3944 4339/2045/3942 
f 2013/2023/1815 2039/2049/1841 4341/2050/3944 4319/2022/3922 
f 4342/2051/3945 4343/2054/3946 4344/2053/3947 4345/2052/3948 
f 4346/2059/3949 4347/2058/3950 4344/2053/3947 4343/2054/3946 
f 4348/2057/3951 4349/2056/3952 4344/2053/3947 4347/2058/3950 
f 4350/2055/3953 4345/2052/3948 4344/2053/3947 4349/2056/3952 
f 4351/2060/3954 4352/2063/3955 4353/2062/3956 4354/2061/3957 
f 4342/2051/3945 4345/2052/3948 4353/2062/3956 4352/2063/3955 
f 4350/2055/3953 4355/2065/3958 4353/2062/3956 4345/2052/3948 
f 4356/2064/3959 4354/2061/3957 4353/2062/3956 4355/2065/3958 
f 4357/2066/3960 4358/2069/3961 4359/2068/3962 4360/2067/3963 
f 4361/2071/3964 4362/2070/3965 4359/2068/3962 4358/2069/3961 
f 4350/2055/3953 4349/2056/3952 4359/2068/3962 4362/2070/3965 
f 4348/2057/3951 4360/2067/3963 4359/2068/3962 4349/2056/3952 
f 4363/2072/3966 4364/2075/3967 4365/2074/3968 4366/2073/3969 
f 4356/2064/3959 4355/2065/3958 4365/2074/3968 4364/2075/3967 
f 4350/2055/3953 4362/2070/3965 4365/2074/3968 4355/2065/3958 
f 4361/2071/3964 4366/2073/3969 4365/2074/3968 4362/2070/3965 
f 4367/2076/3970 4368/2079/3971 4369/2078/3972 4370/2077/3973 
f 4371/2081/3974 4372/2080/3975 4369/2078/3972 4368/2079/3971 
f 2921/452/2723 2919/448/2721 4369/2078/3972 4372/2080/3975 
f 2915/446/2717 4370/2077/3973 4369/2078/3972 2919/448/2721 
f 4373/2082/3976 4374/2085/3977 4375/2084/3978 4376/2083/3979 
f 2927/458/2729 2925/454/2727 4375/2084/3978 4374/2085/3977 
f 2921/452/2723 4372/2080/3975 4375/2084/3978 2925/454/2727 
f 4371/2081/3974 4376/2083/3979 4375/2084/3978 4372/2080/3975 
f 2893/414/2695 4377/2087/3980 4378/2086/3981 2894/413/2696 
f 4379/2091/3982 4380/2090/3983 4378/2086/3981 4377/2087/3980 
f 4381/2089/3984 4382/2088/3985 4378/2086/3981 4380/2090/3983 
f 2881/402/2683 2894/413/2696 4378/2086/3981 4382/2088/3985 
f 4383/2092/3986 4384/2095/3987 4385/2094/3988 4386/2093/3989 
f 4387/2097/3990 4388/2096/3991 4385/2094/3988 4384/2095/3987 
f 2948/482/2750 2979/520/2781 4385/2094/3988 4388/2096/3991 
f 2869/390/2671 4386/2093/3989 4385/2094/3988 2979/520/2781 
f 2927/458/2729 4374/2085/3977 4389/2098/3992 2958/497/2760 
f 4373/2082/3976 4390/2101/3993 4389/2098/3992 4374/2085/3977 
f 4391/2100/3994 4392/2099/3995 4389/2098/3992 4390/2101/3993 
f 2959/496/2761 2958/497/2760 4389/2098/3992 4392/2099/3995 
f 4379/2091/3982 4377/2087/3980 4393/2103/3996 4394/2102/3997 
f 2893/414/2695 3946/1616/3558 4393/2103/3996 4377/2087/3980 
f 2959/496/2761 4392/2099/3995 4393/2103/3996 3946/1616/3558 
f 4391/2100/3994 4394/2102/3997 4393/2103/3996 4392/2099/3995 
f 4367/2076/3970 4370/2077/3973 4395/2105/3998 4396/2104/3999 
f 2915/446/2717 2949/485/2751 4395/2105/3998 4370/2077/3973 
f 2948/482/2750 4388/2096/3991 4395/2105/3998 2949/485/2751 
f 4387/2097/3990 4396/2104/3999 4395/2105/3998 4388/2096/3991 
f 4383/2092/3986 4386/2093/3989 4397/2107/4000 4398/2106/4001 
f 2869/390/2671 2882/401/2684 4397/2107/4000 4386/2093/3989 
f 2881/402/2683 4382/2088/3985 4397/2107/4000 2882/401/2684 
f 4381/2089/3984 4398/2106/4001 4397/2107/4000 4382/2088/3985 
f 4387/2097/3990 4399/2109/4002 4400/2108/4003 4396/2104/3999 
f 4401/2113/4004 4402/2112/4005 4400/2108/4003 4399/2109/4002 
f 4403/2111/4006 4404/2110/4007 4400/2108/4003 4402/2112/4005 
f 4367/2076/3970 4396/2104/3999 4400/2108/4003 4404/2110/4007 
f 4367/2076/3970 4404/2110/4007 4405/2114/4008 4368/2079/3971 
f 4403/2111/4006 4406/2117/4009 4405/2114/4008 4404/2110/4007 
f 4407/2116/4010 4408/2115/4011 4405/2114/4008 4406/2117/4009 
f 4371/2081/3974 4368/2079/3971 4405/2114/4008 4408/2115/4011 
f 4371/2081/3974 4408/2115/4011 4409/2118/4012 4376/2083/3979 
f 4407/2116/4010 4410/2121/4013 4409/2118/4012 4408/2115/4011 
f 4411/2120/4014 4412/2119/4015 4409/2118/4012 4410/2121/4013 
f 4373/2082/3976 4376/2083/3979 4409/2118/4012 4412/2119/4015 
f 4373/2082/3976 4412/2119/4015 4413/2122/4016 4390/2101/3993 
f 4411/2120/4014 4414/2125/4017 4413/2122/4016 4412/2119/4015 
f 4415/2124/4018 4416/2123/4019 4413/2122/4016 4414/2125/4017 
f 4391/2100/3994 4390/2101/3993 4413/2122/4016 4416/2123/4019 
f 4391/2100/3994 4416/2123/4019 4417/2126/4020 4394/2102/3997 
f 4415/2124/4018 4418/2129/4021 4417/2126/4020 4416/2123/4019 
f 4419/2128/4022 4420/2127/4023 4417/2126/4020 4418/2129/4021 
f 4379/2091/3982 4394/2102/3997 4417/2126/4020 4420/2127/4023 
f 4379/2091/3982 4420/2127/4023 4421/2130/4024 4380/2090/3983 
f 4419/2128/4022 4422/2133/4025 4421/2130/4024 4420/2127/4023 
f 4423/2132/4026 4424/2131/4027 4421/2130/4024 4422/2133/4025 
f 4381/2089/3984 4380/2090/3983 4421/2130/4024 4424/2131/4027 
f 4381/2089/3984 4424/2131/4027 4425/2134/4028 4398/2106/4001 
f 4423/2132/4026 4426/2137/4029 4425/2134/4028 4424/2131/4027 
f 4427/2136/4030 4428/2135/4031 4425/2134/4028 4426/2137/4029 
f 4383/2092/3986 4398/2106/4001 4425/2134/4028 4428/2135/4031 
f 4383/2092/3986 4428/2135/4031 4429/2138/4032 4384/2095/3987 
f 4427/2136/4030 4430/2139/4033 4429/2138/4032 4428/2135/4031 
f 4401/2113/4004 4399/2109/4002 4429/2138/4032 4430/2139/4033 
f 4387/2097/3990 4384/2095/3987 4429/2138/4032 4399/2109/4002 
f 4401/2140/4004 4431/2143/4034 4432/2142/4035 4402/2141/4005 
f 4433/2148/4036 4434/2147/4037 4432/2142/4035 4431/2143/4034 
f 4435/2146/4038 4436/2145/4039 4432/2142/4035 4434/2147/4037 
f 4403/2144/4006 4402/2141/4005 4432/2142/4035 4436/2145/4039 
f 4403/2144/4006 4436/2145/4039 4437/2150/4040 4406/2149/4009 
f 4435/2146/4038 4438/2154/4041 4437/2150/4040 4436/2145/4039 
f 4439/2153/4042 4440/2152/4043 4437/2150/4040 4438/2154/4041 
f 4407/2151/4010 4406/2149/4009 4437/2150/4040 4440/2152/4043 
f 4407/2151/4010 4440/2152/4043 4441/2156/4044 4410/2155/4013 
f 4439/2153/4042 4442/2160/4045 4441/2156/4044 4440/2152/4043 
f 4443/2159/4046 4444/2158/4047 4441/2156/4044 4442/2160/4045 
f 4411/2157/4014 4410/2155/4013 4441/2156/4044 4444/2158/4047 
f 4411/2157/4014 4444/2158/4047 4445/2162/4048 4414/2161/4017 
f 4443/2159/4046 4446/2166/4049 4445/2162/4048 4444/2158/4047 
f 4447/2165/4050 4448/2164/4051 4445/2162/4048 4446/2166/4049 
f 4415/2163/4018 4414/2161/4017 4445/2162/4048 4448/2164/4051 
f 4415/2163/4018 4448/2164/4051 4449/2168/4052 4418/2167/4021 
f 4447/2165/4050 4450/2172/4053 4449/2168/4052 4448/2164/4051 
f 4451/2171/4054 4452/2170/4055 4449/2168/4052 4450/2172/4053 
f 4419/2169/4022 4418/2167/4021 4449/2168/4052 4452/2170/4055 
f 4419/2169/4022 4452/2170/4055 4453/2174/4056 4422/2173/4025 
f 4451/2171/4054 4454/2178/4057 4453/2174/4056 4452/2170/4055 
f 4455/2177/4058 4456/2176/4059 4453/2174/4056 4454/2178/4057 
f 4423/2175/4026 4422/2173/4025 4453/2174/4056 4456/2176/4059 
f 4423/2175/4026 4456/2176/4059 4457/2180/4060 4426/2179/4029 
f 4455/2177/4058 4458/2184/4061 4457/2180/4060 4456/2176/4059 
f 4459/2183/4062 4460/2182/4063 4457/2180/4060 4458/2184/4061 
f 4427/2181/4030 4426/2179/4029 4457/2180/4060 4460/2182/4063 
f 4427/2181/4030 4460/2182/4063 4461/2186/4064 4430/2185/4033 
f 4459/2183/4062 4462/2187/4065 4461/2186/4064 4460/2182/4063 
f 4433/2148/4036 4431/2143/4034 4461/2186/4064 4462/2187/4065 
f 4401/2140/4004 4430/2185/4033 4461/2186/4064 4431/2143/4034 
f 4463/2188/4066 4464/2191/4067 4465/2190/4068 4466/2189/4069 
f 4467/2196/4070 4468/2195/4071 4465/2190/4068 4464/2191/4067 
f 4469/2194/4072 4470/2193/4073 4465/2190/4068 4468/2195/4071 
f 4471/2192/4074 4466/2189/4069 4465/2190/4068 4470/2193/4073 
f 4472/2197/4075 4473/2200/4076 4474/2199/4077 4475/2198/4078 
f 4463/2188/4066 4466/2189/4069 4474/2199/4077 4473/2200/4076 
f 4471/2192/4074 4476/2202/4079 4474/2199/4077 4466/2189/4069 
f 4477/2201/4080 4475/2198/4078 4474/2199/4077 4476/2202/4079 
f 4478/2203/4081 4479/2206/4082 4480/2205/4083 4481/2204/4084 
f 4472/2197/4075 4475/2198/4078 4480/2205/4083 4479/2206/4082 
f 4477/2201/4080 4482/2208/4085 4480/2205/4083 4475/2198/4078 
f 4483/2207/4086 4481/2204/4084 4480/2205/4083 4482/2208/4085 
f 4484/2209/4087 4485/2212/4088 4486/2211/4089 4487/2210/4090 
f 4478/2203/4081 4481/2204/4084 4486/2211/4089 4485/2212/4088 
f 4483/2207/4086 4488/2214/4091 4486/2211/4089 4481/2204/4084 
f 4489/2213/4092 4487/2210/4090 4486/2211/4089 4488/2214/4091 
f 4490/2215/4093 4491/2218/4094 4492/2217/4095 4493/2216/4096 
f 4484/2209/4087 4487/2210/4090 4492/2217/4095 4491/2218/4094 
f 4489/2213/4092 4494/2220/4097 4492/2217/4095 4487/2210/4090 
f 4495/2219/4098 4493/2216/4096 4492/2217/4095 4494/2220/4097 
f 4496/2221/4099 4497/2224/4100 4498/2223/4101 4499/2222/4102 
f 4490/2215/4093 4493/2216/4096 4498/2223/4101 4497/2224/4100 
f 4495/2219/4098 4500/2208/4103 4498/2223/4101 4493/2216/4096 
f 4501/2225/4104 4499/2222/4102 4498/2223/4101 4500/2208/4103 
f 4502/2226/4105 4503/2229/4106 4504/2228/4107 4505/2227/4108 
f 4496/2221/4099 4499/2222/4102 4504/2228/4107 4503/2229/4106 
f 4501/2225/4104 4506/2231/4109 4504/2228/4107 4499/2222/4102 
f 4507/2230/4110 4505/2227/4108 4504/2228/4107 4506/2231/4109 
f 4467/2196/4070 4508/2191/4111 4509/2232/4112 4468/2195/4071 
f 4502/2226/4105 4505/2227/4108 4509/2232/4112 4508/2191/4111 
f 4507/2230/4110 4510/2233/4113 4509/2232/4112 4505/2227/4108 
f 4469/2194/4072 4468/2195/4071 4509/2232/4112 4510/2233/4113 
f 4511/2234/4114 4512/2237/4115 4513/2236/4116 4514/2235/4117 
f 4515/2242/4118 4516/2241/4119 4513/2236/4116 4512/2237/4115 
f 4517/2240/4120 4518/2239/4121 4513/2236/4116 4516/2241/4119 
f 4519/2238/4122 4514/2235/4117 4513/2236/4116 4518/2239/4121 
f 4471/2192/4074 4470/2193/4073 4520/2244/4123 4521/2243/4124 
f 4469/2194/4072 4522/2248/4125 4520/2244/4123 4470/2193/4073 
f 4523/2247/4126 4524/2246/4127 4520/2244/4123 4522/2248/4125 
f 4525/2245/4128 4521/2243/4124 4520/2244/4123 4524/2246/4127 
f 4467/2196/4070 4464/2191/4067 4526/2250/4129 4527/2249/4130 
f 4463/2188/4066 4528/2254/4131 4526/2250/4129 4464/2191/4067 
f 4529/2253/4132 4530/2252/4133 4526/2250/4129 4528/2254/4131 
f 4531/2251/4134 4527/2249/4130 4526/2250/4129 4530/2252/4133 
f 4532/2255/4135 4533/2258/4136 4534/2257/4137 4535/2256/4138 
f 4511/2234/4114 4514/2235/4117 4534/2257/4137 4533/2258/4136 
f 4519/2238/4122 4536/2260/4139 4534/2257/4137 4514/2235/4117 
f 4537/2259/4140 4535/2256/4138 4534/2257/4137 4536/2260/4139 
f 4477/2201/4080 4476/2202/4079 4538/2262/4141 4539/2261/4142 
f 4471/2192/4074 4521/2243/4124 4538/2262/4141 4476/2202/4079 
f 4525/2245/4128 4540/2264/4143 4538/2262/4141 4521/2243/4124 
f 4541/2263/4144 4539/2261/4142 4538/2262/4141 4540/2264/4143 
f 4463/2188/4066 4473/2200/4076 4542/2265/4145 4528/2254/4131 
f 4472/2197/4075 4543/2268/4146 4542/2265/4145 4473/2200/4076 
f 4544/2267/4147 4545/2266/4148 4542/2265/4145 4543/2268/4146 
f 4529/2253/4132 4528/2254/4131 4542/2265/4145 4545/2266/4148 
f 4546/2269/4149 4547/2272/4150 4548/2271/4151 4549/2270/4152 
f 4532/2255/4135 4535/2256/4138 4548/2271/4151 4547/2272/4150 
f 4537/2259/4140 4550/2274/4153 4548/2271/4151 4535/2256/4138 
f 4551/2273/4154 4549/2270/4152 4548/2271/4151 4550/2274/4153 
f 4483/2207/4086 4482/2208/4085 4552/2276/4155 4553/2275/4156 
f 4477/2201/4080 4539/2261/4142 4552/2276/4155 4482/2208/4085 
f 4541/2263/4144 4554/2278/4157 4552/2276/4155 4539/2261/4142 
f 4555/2277/4158 4553/2275/4156 4552/2276/4155 4554/2278/4157 
f 4472/2197/4075 4479/2206/4082 4556/2279/4159 4543/2268/4146 
f 4478/2203/4081 4557/2282/4160 4556/2279/4159 4479/2206/4082 
f 4558/2281/4161 4559/2280/4162 4556/2279/4159 4557/2282/4160 
f 4544/2267/4147 4543/2268/4146 4556/2279/4159 4559/2280/4162 
f 4560/2283/4163 4561/2286/4164 4562/2285/4165 4563/2284/4166 
f 4546/2269/4149 4549/2270/4152 4562/2285/4165 4561/2286/4164 
f 4551/2273/4154 4564/2288/4167 4562/2285/4165 4549/2270/4152 
f 4565/2287/4168 4563/2284/4166 4562/2285/4165 4564/2288/4167 
f 4489/2213/4092 4488/2214/4091 4566/2290/4169 4567/2289/4170 
f 4483/2207/4086 4553/2275/4156 4566/2290/4169 4488/2214/4091 
f 4555/2277/4158 4568/2292/4171 4566/2290/4169 4553/2275/4156 
f 4569/2291/4172 4567/2289/4170 4566/2290/4169 4568/2292/4171 
f 4478/2203/4081 4485/2212/4088 4570/2293/4173 4557/2282/4160 
f 4484/2209/4087 4571/2296/4174 4570/2293/4173 4485/2212/4088 
f 4572/2295/4175 4573/2294/4176 4570/2293/4173 4571/2296/4174 
f 4558/2281/4161 4557/2282/4160 4570/2293/4173 4573/2294/4176 
f 4574/2297/4177 4575/2286/4178 4576/2285/4179 4577/2298/4180 
f 4560/2283/4163 4563/2284/4166 4576/2285/4179 4575/2286/4178 
f 4565/2287/4168 4578/2300/4181 4576/2285/4179 4563/2284/4166 
f 4579/2299/4182 4577/2298/4180 4576/2285/4179 4578/2300/4181 
f 4495/2219/4098 4494/2220/4097 4580/2290/4183 4581/2275/4184 
f 4489/2213/4092 4567/2289/4170 4580/2290/4183 4494/2220/4097 
f 4569/2291/4172 4582/2302/4185 4580/2290/4183 4567/2289/4170 
f 4583/2301/4186 4581/2275/4184 4580/2290/4183 4582/2302/4185 
f 4484/2209/4087 4491/2218/4094 4584/2303/4187 4571/2296/4174 
f 4490/2215/4093 4585/2306/4188 4584/2303/4187 4491/2218/4094 
f 4586/2305/4189 4587/2304/4190 4584/2303/4187 4585/2306/4188 
f 4572/2295/4175 4571/2296/4174 4584/2303/4187 4587/2304/4190 
f 4588/2307/4191 4589/2310/4192 4590/2309/4193 4591/2308/4194 
f 4574/2297/4177 4577/2298/4180 4590/2309/4193 4589/2310/4192 
f 4579/2299/4182 4592/2312/4195 4590/2309/4193 4577/2298/4180 
f 4593/2311/4196 4591/2308/4194 4590/2309/4193 4592/2312/4195 
f 4501/2225/4104 4500/2208/4103 4594/2314/4197 4595/2313/4198 
f 4495/2219/4098 4581/2275/4184 4594/2314/4197 4500/2208/4103 
f 4583/2301/4186 4596/2316/4199 4594/2314/4197 4581/2275/4184 
f 4597/2315/4200 4595/2313/4198 4594/2314/4197 4596/2316/4199 
f 4490/2215/4093 4497/2224/4100 4598/2317/4201 4585/2306/4188 
f 4496/2221/4099 4599/2320/4202 4598/2317/4201 4497/2224/4100 
f 4600/2319/4203 4601/2318/4204 4598/2317/4201 4599/2320/4202 
f 4586/2305/4189 4585/2306/4188 4598/2317/4201 4601/2318/4204 
f 4602/2321/4205 4603/2324/4206 4604/2323/4207 4605/2322/4208 
f 4588/2307/4191 4591/2308/4194 4604/2323/4207 4603/2324/4206 
f 4593/2311/4196 4606/2326/4209 4604/2323/4207 4591/2308/4194 
f 4607/2325/4210 4605/2322/4208 4604/2323/4207 4606/2326/4209 
f 4507/2230/4110 4506/2231/4109 4608/2328/4211 4609/2327/4212 
f 4501/2225/4104 4595/2313/4198 4608/2328/4211 4506/2231/4109 
f 4597/2315/4200 4610/2330/4213 4608/2328/4211 4595/2313/4198 
f 4611/2329/4214 4609/2327/4212 4608/2328/4211 4610/2330/4213 
f 4496/2221/4099 4503/2229/4106 4612/2265/4215 4599/2320/4202 
f 4502/2226/4105 4613/2254/4216 4612/2265/4215 4503/2229/4106 
f 4614/2331/4217 4615/2266/4218 4612/2265/4215 4613/2254/4216 
f 4600/2319/4203 4599/2320/4202 4612/2265/4215 4615/2266/4218 
f 4515/2242/4118 4616/2333/4219 4617/2332/4220 4516/2241/4119 
f 4602/2321/4205 4605/2322/4208 4617/2332/4220 4616/2333/4219 
f 4607/2325/4210 4618/2334/4221 4617/2332/4220 4605/2322/4208 
f 4517/2240/4120 4516/2241/4119 4617/2332/4220 4618/2334/4221 
f 4469/2194/4072 4510/2233/4113 4619/2335/4222 4522/2248/4125 
f 4507/2230/4110 4609/2327/4212 4619/2335/4222 4510/2233/4113 
f 4611/2329/4214 4620/2336/4223 4619/2335/4222 4609/2327/4212 
f 4523/2247/4126 4522/2248/4125 4619/2335/4222 4620/2336/4223 
f 4502/2226/4105 4508/2191/4111 4621/2250/4224 4613/2254/4216 
f 4467/2196/4070 4527/2249/4130 4621/2250/4224 4508/2191/4111 
f 4531/2251/4134 4622/2337/4225 4621/2250/4224 4527/2249/4130 
f 4614/2331/4217 4613/2254/4216 4621/2250/4224 4622/2337/4225 
f 4525/2245/4128 4524/2246/4127 4623/2339/4226 4624/2338/4227 
f 4523/2247/4126 4625/2343/4228 4623/2339/4226 4524/2246/4127 
f 4626/2342/4229 4627/2341/4230 4623/2339/4226 4625/2343/4228 
f 4628/2340/4231 4624/2338/4227 4623/2339/4226 4627/2341/4230 
f 4541/2263/4144 4540/2264/4143 4629/2345/4232 4630/2344/4233 
f 4525/2245/4128 4624/2338/4227 4629/2345/4232 4540/2264/4143 
f 4628/2340/4231 4631/2347/4234 4629/2345/4232 4624/2338/4227 
f 4632/2346/4235 4630/2344/4233 4629/2345/4232 4631/2347/4234 
f 4555/2277/4158 4554/2278/4157 4633/2349/4236 4634/2348/4237 
f 4541/2263/4144 4630/2344/4233 4633/2349/4236 4554/2278/4157 
f 4632/2346/4235 4635/2351/4238 4633/2349/4236 4630/2344/4233 
f 4636/2350/4239 4634/2348/4237 4633/2349/4236 4635/2351/4238 
f 4569/2291/4172 4568/2292/4171 4637/2353/4240 4638/2352/4241 
f 4555/2277/4158 4634/2348/4237 4637/2353/4240 4568/2292/4171 
f 4636/2350/4239 4639/2355/4242 4637/2353/4240 4634/2348/4237 
f 4640/2354/4243 4638/2352/4241 4637/2353/4240 4639/2355/4242 
f 4583/2301/4186 4582/2302/4185 4641/2353/4244 4642/2348/4245 
f 4569/2291/4172 4638/2352/4241 4641/2353/4244 4582/2302/4185 
f 4640/2354/4243 4643/2355/4246 4641/2353/4244 4638/2352/4241 
f 4644/2350/4247 4642/2348/4245 4641/2353/4244 4643/2355/4246 
f 4597/2315/4200 4596/2316/4199 4645/2357/4248 4646/2356/4249 
f 4583/2301/4186 4642/2348/4245 4645/2357/4248 4596/2316/4199 
f 4644/2350/4247 4647/2359/4250 4645/2357/4248 4642/2348/4245 
f 4648/2358/4251 4646/2356/4249 4645/2357/4248 4647/2359/4250 
f 4611/2329/4214 4610/2330/4213 4649/2361/4252 4650/2360/4253 
f 4597/2315/4200 4646/2356/4249 4649/2361/4252 4610/2330/4213 
f 4648/2358/4251 4651/2363/4254 4649/2361/4252 4646/2356/4249 
f 4652/2362/4255 4650/2360/4253 4649/2361/4252 4651/2363/4254 
f 4523/2247/4126 4620/2336/4223 4653/2364/4256 4625/2343/4228 
f 4611/2329/4214 4650/2360/4253 4653/2364/4256 4620/2336/4223 
f 4652/2362/4255 4654/2365/4257 4653/2364/4256 4650/2360/4253 
f 4626/2342/4229 4625/2343/4228 4653/2364/4256 4654/2365/4257 
f 4628/2340/4231 4627/2341/4230 4655/2367/4258 4656/2366/4259 
f 4626/2342/4229 4657/2368/4260 4655/2367/4258 4627/2341/4230 
f 4515/2242/4118 4512/2237/4115 4655/2367/4258 4657/2368/4260 
f 4511/2234/4114 4656/2366/4259 4655/2367/4258 4512/2237/4115 
f 4632/2346/4235 4631/2347/4234 4658/2370/4261 4659/2369/4262 
f 4628/2340/4231 4656/2366/4259 4658/2370/4261 4631/2347/4234 
f 4511/2234/4114 4533/2258/4136 4658/2370/4261 4656/2366/4259 
f 4532/2255/4135 4659/2369/4262 4658/2370/4261 4533/2258/4136 
f 4636/2350/4239 4635/2351/4238 4660/2372/4263 4661/2371/4264 
f 4632/2346/4235 4659/2369/4262 4660/2372/4263 4635/2351/4238 
f 4532/2255/4135 4547/2272/4150 4660/2372/4263 4659/2369/4262 
f 4546/2269/4149 4661/2371/4264 4660/2372/4263 4547/2272/4150 
f 4640/2354/4243 4639/2355/4242 4662/2374/4265 4663/2373/4266 
f 4636/2350/4239 4661/2371/4264 4662/2374/4265 4639/2355/4242 
f 4546/2269/4149 4561/2286/4164 4662/2374/4265 4661/2371/4264 
f 4560/2283/4163 4663/2373/4266 4662/2374/4265 4561/2286/4164 
f 4644/2350/4247 4643/2355/4246 4664/2376/4267 4665/2375/4268 
f 4640/2354/4243 4663/2373/4266 4664/2376/4267 4643/2355/4246 
f 4560/2283/4163 4575/2286/4178 4664/2376/4267 4663/2373/4266 
f 4574/2297/4177 4665/2375/4268 4664/2376/4267 4575/2286/4178 
f 4648/2358/4251 4647/2359/4250 4666/2378/4269 4667/2377/4270 
f 4644/2350/4247 4665/2375/4268 4666/2378/4269 4647/2359/4250 
f 4574/2297/4177 4589/2310/4192 4666/2378/4269 4665/2375/4268 
f 4588/2307/4191 4667/2377/4270 4666/2378/4269 4589/2310/4192 
f 4652/2362/4255 4651/2363/4254 4668/2380/4271 4669/2379/4272 
f 4648/2358/4251 4667/2377/4270 4668/2380/4271 4651/2363/4254 
f 4588/2307/4191 4603/2324/4206 4668/2380/4271 4667/2377/4270 
f 4602/2321/4205 4669/2379/4272 4668/2380/4271 4603/2324/4206 
f 4626/2342/4229 4654/2365/4257 4670/2381/4273 4657/2368/4260 
f 4652/2362/4255 4669/2379/4272 4670/2381/4273 4654/2365/4257 
f 4602/2321/4205 4616/2333/4219 4670/2381/4273 4669/2379/4272 
f 4515/2242/4118 4657/2368/4260 4670/2381/4273 4616/2333/4219 
f 4519/2238/4122 4518/2239/4121 4671/2383/4274 4672/2382/4275 
f 4517/2240/4120 4673/2384/4276 4671/2383/4274 4518/2239/4121 
f 4348/2057/3951 4347/2058/3950 4671/2383/4274 4673/2384/4276 
f 4346/2059/3949 4672/2382/4275 4671/2383/4274 4347/2058/3950 
f 4537/2259/4140 4536/2260/4139 4674/2386/4277 4675/2385/4278 
f 4519/2238/4122 4672/2382/4275 4674/2386/4277 4536/2260/4139 
f 4346/2059/3949 4343/2054/3946 4674/2386/4277 4672/2382/4275 
f 4342/2051/3945 4675/2385/4278 4674/2386/4277 4343/2054/3946 
f 4551/2273/4154 4550/2274/4153 4676/2388/4279 4677/2387/4280 
f 4537/2259/4140 4675/2385/4278 4676/2388/4279 4550/2274/4153 
f 4342/2051/3945 4352/2063/3955 4676/2388/4279 4675/2385/4278 
f 4351/2060/3954 4677/2387/4280 4676/2388/4279 4352/2063/3955 
f 4565/2287/4168 4564/2288/4167 4678/2390/4281 4679/2389/4282 
f 4551/2273/4154 4677/2387/4280 4678/2390/4281 4564/2288/4167 
f 4351/2060/3954 4354/2061/3957 4678/2390/4281 4677/2387/4280 
f 4356/2064/3959 4679/2389/4282 4678/2390/4281 4354/2061/3957 
f 4579/2299/4182 4578/2300/4181 4680/2392/4283 4681/2391/4284 
f 4565/2287/4168 4679/2389/4282 4680/2392/4283 4578/2300/4181 
f 4356/2064/3959 4364/2075/3967 4680/2392/4283 4679/2389/4282 
f 4363/2072/3966 4681/2391/4284 4680/2392/4283 4364/2075/3967 
f 4593/2311/4196 4592/2312/4195 4682/2394/4285 4683/2393/4286 
f 4579/2299/4182 4681/2391/4284 4682/2394/4285 4592/2312/4195 
f 4363/2072/3966 4366/2073/3969 4682/2394/4285 4681/2391/4284 
f 4361/2071/3964 4683/2393/4286 4682/2394/4285 4366/2073/3969 
f 4607/2325/4210 4606/2326/4209 4684/2396/4287 4685/2395/4288 
f 4593/2311/4196 4683/2393/4286 4684/2396/4287 4606/2326/4209 
f 4361/2071/3964 4358/2069/3961 4684/2396/4287 4683/2393/4286 
f 4357/2066/3960 4685/2395/4288 4684/2396/4287 4358/2069/3961 
f 4517/2240/4120 4618/2334/4221 4686/2397/4289 4673/2384/4276 
f 4607/2325/4210 4685/2395/4288 4686/2397/4289 4618/2334/4221 
f 4357/2066/3960 4360/2067/3963 4686/2397/4289 4685/2395/4288 
f 4348/2057/3951 4673/2384/4276 4686/2397/4289 4360/2067/3963 
f 4531/2251/4134 4530/2252/4133 4687/2399/4290 4688/2398/4291 
f 4529/2253/4132 4689/2400/4292 4687/2399/4290 4530/2252/4133 
f 4435/2146/4038 4434/2147/4037 4687/2399/4290 4689/2400/4292 
f 4433/2148/4036 4688/2398/4291 4687/2399/4290 4434/2147/4037 
f 4529/2253/4132 4545/2266/4148 4690/2401/4293 4689/2400/4292 
f 4544/2267/4147 4691/2402/4294 4690/2401/4293 4545/2266/4148 
f 4439/2153/4042 4438/2154/4041 4690/2401/4293 4691/2402/4294 
f 4435/2146/4038 4689/2400/4292 4690/2401/4293 4438/2154/4041 
f 4544/2267/4147 4559/2280/4162 4692/2403/4295 4691/2402/4294 
f 4558/2281/4161 4693/2404/4296 4692/2403/4295 4559/2280/4162 
f 4443/2159/4046 4442/2160/4045 4692/2403/4295 4693/2404/4296 
f 4439/2153/4042 4691/2402/4294 4692/2403/4295 4442/2160/4045 
f 4558/2281/4161 4573/2294/4176 4694/2405/4297 4693/2404/4296 
f 4572/2295/4175 4695/2406/4298 4694/2405/4297 4573/2294/4176 
f 4447/2165/4050 4446/2166/4049 4694/2405/4297 4695/2406/4298 
f 4443/2159/4046 4693/2404/4296 4694/2405/4297 4446/2166/4049 
f 4572/2295/4175 4587/2304/4190 4696/2407/4299 4695/2406/4298 
f 4586/2305/4189 4697/2408/4300 4696/2407/4299 4587/2304/4190 
f 4451/2171/4054 4450/2172/4053 4696/2407/4299 4697/2408/4300 
f 4447/2165/4050 4695/2406/4298 4696/2407/4299 4450/2172/4053 
f 4586/2305/4189 4601/2318/4204 4698/2409/4301 4697/2408/4300 
f 4600/2319/4203 4699/2410/4302 4698/2409/4301 4601/2318/4204 
f 4455/2177/4058 4454/2178/4057 4698/2409/4301 4699/2410/4302 
f 4451/2171/4054 4697/2408/4300 4698/2409/4301 4454/2178/4057 
f 4600/2319/4203 4615/2266/4218 4700/2411/4303 4699/2410/4302 
f 4614/2331/4217 4701/2400/4304 4700/2411/4303 4615/2266/4218 
f 4459/2183/4062 4458/2184/4061 4700/2411/4303 4701/2400/4304 
f 4455/2177/4058 4699/2410/4302 4700/2411/4303 4458/2184/4061 
f 4614/2331/4217 4622/2337/4225 4702/2399/4305 4701/2400/4304 
f 4531/2251/4134 4688/2398/4291 4702/2399/4305 4622/2337/4225 
f 4433/2148/4036 4462/2187/4065 4702/2399/4305 4688/2398/4291 
f 4459/2183/4062 4701/2400/4304 4702/2399/4305 4462/2187/4065 
f 4244/1940/3847 4703/2413/4306 4704/2412/4307 4245/1939/3848 
f 4705/2417/4308 4706/2416/4309 4704/2412/4307 4703/2413/4306 
f 4707/2415/4310 4708/2414/4311 4704/2412/4307 4706/2416/4309 
f 4246/1938/3849 4245/1939/3848 4704/2412/4307 4708/2414/4311 
f 4246/1938/3849 4708/2414/4311 4709/2418/4312 4249/1945/3852 
f 4707/2415/4310 4710/2421/4313 4709/2418/4312 4708/2414/4311 
f 4711/2420/4314 4712/2419/4315 4709/2418/4312 4710/2421/4313 
f 4250/1944/3853 4249/1945/3852 4709/2418/4312 4712/2419/4315 
f 4250/1944/3853 4712/2419/4315 4713/2422/4316 4253/1949/3856 
f 4711/2420/4314 4714/2425/4317 4713/2422/4316 4712/2419/4315 
f 4715/2424/4318 4716/2423/4319 4713/2422/4316 4714/2425/4317 
f 4254/1948/3857 4253/1949/3856 4713/2422/4316 4716/2423/4319 
f 4254/1948/3857 4716/2423/4319 4717/2426/4320 4257/1953/3860 
f 4715/2424/4318 4718/2429/4321 4717/2426/4320 4716/2423/4319 
f 4719/2428/4322 4720/2427/4323 4717/2426/4320 4718/2429/4321 
f 4258/1952/3861 4257/1953/3860 4717/2426/4320 4720/2427/4323 
f 4258/1952/3861 4720/2427/4323 4721/2430/4324 4261/1957/3864 
f 4719/2428/4322 4722/2432/4325 4721/2430/4324 4720/2427/4323 
f 4723/2428/4326 4724/2431/4327 4721/2430/4324 4722/2432/4325 
f 4262/1956/3865 4261/1957/3864 4721/2430/4324 4724/2431/4327 
f 4262/1956/3865 4724/2431/4327 4725/2433/4328 4264/1959/3867 
f 4723/2428/4326 4726/2434/4329 4725/2433/4328 4724/2431/4327 
f 4705/2417/4308 4703/2413/4306 4725/2433/4328 4726/2434/4329 
f 4244/1940/3847 4264/1959/3867 4725/2433/4328 4703/2413/4306 
f 4727/2435/4330 4728/2438/4331 4729/2437/4332 4730/2436/4333 
f 4731/2443/4334 4732/2442/4335 4729/2437/4332 4728/2438/4331 
f 4733/2441/4336 4734/2440/4337 4729/2437/4332 4732/2442/4335 
f 4735/2439/4338 4730/2436/4333 4729/2437/4332 4734/2440/4337 
f 4736/2444/4339 4737/2446/4340 4738/2445/4341 4739/2436/4342 
f 4727/2435/4330 4730/2436/4333 4738/2445/4341 4737/2446/4340 
f 4735/2439/4338 4740/2447/4343 4738/2445/4341 4730/2436/4333 
f 4741/2439/4344 4739/2436/4342 4738/2445/4341 4740/2447/4343 
f 4742/2448/4345 4743/2451/4346 4744/2450/4347 4745/2449/4348 
f 4736/2444/4339 4739/2436/4342 4744/2450/4347 4743/2451/4346 
f 4741/2439/4344 4746/2453/4349 4744/2450/4347 4739/2436/4342 
f 4747/2452/4350 4745/2449/4348 4744/2450/4347 4746/2453/4349 
f 4748/2454/4351 4749/2457/4352 4750/2456/4353 4751/2455/4354 
f 4742/2448/4345 4745/2449/4348 4750/2456/4353 4749/2457/4352 
f 4747/2452/4350 4752/2459/4355 4750/2456/4353 4745/2449/4348 
f 4753/2458/4356 4751/2455/4354 4750/2456/4353 4752/2459/4355 
f 4754/2460/4357 4755/2463/4358 4756/2462/4359 4757/2461/4360 
f 4748/2454/4351 4751/2455/4354 4756/2462/4359 4755/2463/4358 
f 4753/2458/4356 4758/2464/4361 4756/2462/4359 4751/2455/4354 
f 4759/2458/4362 4757/2461/4360 4756/2462/4359 4758/2464/4361 
f 4731/2443/4334 4760/2466/4363 4761/2465/4364 4732/2442/4335 
f 4754/2460/4357 4757/2461/4360 4761/2465/4364 4760/2466/4363 
f 4759/2458/4362 4762/2467/4365 4761/2465/4364 4757/2461/4360 
f 4733/2441/4336 4732/2442/4335 4761/2465/4364 4762/2467/4365 
f 4763/2468/4366 4764/2471/4367 4765/2470/4368 4766/2469/4369 
f 4767/2476/4370 4768/2475/4371 4765/2470/4368 4764/2471/4367 
f 4769/2474/4372 4770/2473/4373 4765/2470/4368 4768/2475/4371 
f 4771/2472/4374 4766/2469/4369 4765/2470/4368 4770/2473/4373 
f 4771/2472/4374 4770/2473/4373 4772/2478/4375 4773/2477/4376 
f 4769/2474/4372 4774/2480/4377 4772/2478/4375 4770/2473/4373 
f 4775/2474/4378 4776/2479/4379 4772/2478/4375 4774/2480/4377 
f 4777/2472/4380 4773/2477/4376 4772/2478/4375 4776/2479/4379 
f 4777/2472/4380 4776/2479/4379 4778/2482/4381 4779/2481/4382 
f 4775/2474/4378 4780/2486/4383 4778/2482/4381 4776/2479/4379 
f 4781/2485/4384 4782/2484/4385 4778/2482/4381 4780/2486/4383 
f 4783/2483/4386 4779/2481/4382 4778/2482/4381 4782/2484/4385 
f 4783/2483/4386 4782/2484/4385 4784/2488/4387 4785/2487/4388 
f 4781/2485/4384 4786/2492/4389 4784/2488/4387 4782/2484/4385 
f 4787/2491/4390 4788/2490/4391 4784/2488/4387 4786/2492/4389 
f 4789/2489/4392 4785/2487/4388 4784/2488/4387 4788/2490/4391 
f 4789/2489/4392 4788/2490/4391 4790/2494/4393 4791/2493/4394 
f 4787/2491/4390 4792/2498/4395 4790/2494/4393 4788/2490/4391 
f 4793/2497/4396 4794/2496/4397 4790/2494/4393 4792/2498/4395 
f 4795/2495/4398 4791/2493/4394 4790/2494/4393 4794/2496/4397 
f 4795/2495/4398 4794/2496/4397 4796/2500/4399 4797/2499/4400 
f 4793/2497/4396 4798/2501/4401 4796/2500/4399 4794/2496/4397 
f 4767/2476/4370 4764/2471/4367 4796/2500/4399 4798/2501/4401 
f 4763/2468/4366 4797/2499/4400 4796/2500/4399 4764/2471/4367 
f 4769/2474/4372 4768/2475/4371 4799/2503/4402 4800/2502/4403 
f 4767/2476/4370 4801/2504/4404 4799/2503/4402 4768/2475/4371 
f 3933/1603/3545 3941/1610/3553 4799/2503/4402 4801/2504/4404 
f 3940/1611/3552 4800/2502/4403 4799/2503/4402 3941/1610/3553 
f 4775/2474/4378 4774/2480/4377 4802/2505/4405 4803/2502/4406 
f 4769/2474/4372 4800/2502/4403 4802/2505/4405 4774/2480/4377 
f 3940/1611/3552 3937/1609/3549 4802/2505/4405 4800/2502/4403 
f 3936/1606/3548 4803/2502/4406 4802/2505/4405 3937/1609/3549 
f 4781/2485/4384 4780/2486/4383 4804/2507/4407 4805/2506/4408 
f 4775/2474/4378 4803/2502/4406 4804/2507/4407 4780/2486/4383 
f 3936/1606/3548 3939/1607/3551 4804/2507/4407 4803/2502/4406 
f 3931/1605/3543 4805/2506/4408 4804/2507/4407 3939/1607/3551 
f 4787/2491/4390 4786/2492/4389 4806/2509/4409 4807/2508/4410 
f 4781/2485/4384 4805/2506/4408 4806/2509/4409 4786/2492/4389 
f 3931/1605/3543 3928/1601/3540 4806/2509/4409 4805/2506/4408 
f 3927/1598/3539 4807/2508/4410 4806/2509/4409 3928/1601/3540 
f 4793/2497/4396 4792/2498/4395 4808/2510/4411 4809/2508/4412 
f 4787/2491/4390 4807/2508/4410 4808/2510/4411 4792/2498/4395 
f 3927/1598/3539 3930/1599/3542 4808/2510/4411 4807/2508/4410 
f 3935/1598/3547 4809/2508/4412 4808/2510/4411 3930/1599/3542 
f 4767/2476/4370 4798/2501/4401 4810/2511/4413 4801/2504/4404 
f 4793/2497/4396 4809/2508/4412 4810/2511/4413 4798/2501/4401 
f 3935/1598/3547 3934/1602/3546 4810/2511/4413 4809/2508/4412 
f 3933/1603/3545 4801/2504/4404 4810/2511/4413 3934/1602/3546 
f 4735/2439/4338 4734/2440/4337 4811/2513/4414 4812/2512/4415 
f 4733/2441/4336 4813/2514/4416 4811/2513/4414 4734/2440/4337 
f 4763/2468/4366 4766/2469/4369 4811/2513/4414 4813/2514/4416 
f 4771/2472/4374 4812/2512/4415 4811/2513/4414 4766/2469/4369 
f 4731/2443/4334 4728/2438/4331 4814/2516/4417 4815/2515/4418 
f 4727/2435/4330 4816/2517/4419 4814/2516/4417 4728/2438/4331 
f 4707/2415/4310 4706/2416/4309 4814/2516/4417 4816/2517/4419 
f 4705/2417/4308 4815/2515/4418 4814/2516/4417 4706/2416/4309 
f 4741/2439/4344 4740/2447/4343 4817/2519/4420 4818/2518/4421 
f 4735/2439/4338 4812/2512/4415 4817/2519/4420 4740/2447/4343 
f 4771/2472/4374 4773/2477/4376 4817/2519/4420 4812/2512/4415 
f 4777/2472/4380 4818/2518/4421 4817/2519/4420 4773/2477/4376 
f 4727/2435/4330 4737/2446/4340 4819/2520/4422 4816/2517/4419 
f 4736/2444/4339 4820/2521/4423 4819/2520/4422 4737/2446/4340 
f 4711/2420/4314 4710/2421/4313 4819/2520/4422 4820/2521/4423 
f 4707/2415/4310 4816/2517/4419 4819/2520/4422 4710/2421/4313 
f 4747/2452/4350 4746/2453/4349 4821/2523/4424 4822/2522/4425 
f 4741/2439/4344 4818/2518/4421 4821/2523/4424 4746/2453/4349 
f 4777/2472/4380 4779/2481/4382 4821/2523/4424 4818/2518/4421 
f 4783/2483/4386 4822/2522/4425 4821/2523/4424 4779/2481/4382 
f 4736/2444/4339 4743/2451/4346 4823/2524/4426 4820/2521/4423 
f 4742/2448/4345 4824/2525/4427 4823/2524/4426 4743/2451/4346 
f 4715/2424/4318 4714/2425/4317 4823/2524/4426 4824/2525/4427 
f 4711/2420/4314 4820/2521/4423 4823/2524/4426 4714/2425/4317 
f 4753/2458/4356 4752/2459/4355 4825/2527/4428 4826/2526/4429 
f 4747/2452/4350 4822/2522/4425 4825/2527/4428 4752/2459/4355 
f 4783/2483/4386 4785/2487/4388 4825/2527/4428 4822/2522/4425 
f 4789/2489/4392 4826/2526/4429 4825/2527/4428 4785/2487/4388 
f 4742/2448/4345 4749/2457/4352 4827/2528/4430 4824/2525/4427 
f 4748/2454/4351 4828/2529/4431 4827/2528/4430 4749/2457/4352 
f 4719/2428/4322 4718/2429/4321 4827/2528/4430 4828/2529/4431 
f 4715/2424/4318 4824/2525/4427 4827/2528/4430 4718/2429/4321 
f 4759/2458/4362 4758/2464/4361 4829/2530/4432 4830/2526/4433 
f 4753/2458/4356 4826/2526/4429 4829/2530/4432 4758/2464/4361 
f 4789/2489/4392 4791/2493/4394 4829/2530/4432 4826/2526/4429 
f 4795/2495/4398 4830/2526/4433 4829/2530/4432 4791/2493/4394 
f 4748/2454/4351 4755/2463/4358 4831/2531/4434 4828/2529/4431 
f 4754/2460/4357 4832/2532/4435 4831/2531/4434 4755/2463/4358 
f 4723/2428/4326 4722/2432/4325 4831/2531/4434 4832/2532/4435 
f 4719/2428/4322 4828/2529/4431 4831/2531/4434 4722/2432/4325 
f 4733/2441/4336 4762/2467/4365 4833/2533/4436 4813/2514/4416 
f 4759/2458/4362 4830/2526/4433 4833/2533/4436 4762/2467/4365 
f 4795/2495/4398 4797/2499/4400 4833/2533/4436 4830/2526/4433 
f 4763/2468/4366 4813/2514/4416 4833/2533/4436 4797/2499/4400 
f 4754/2460/4357 4760/2466/4363 4834/2534/4437 4832/2532/4435 
f 4731/2443/4334 4815/2515/4418 4834/2534/4437 4760/2466/4363 
f 4705/2417/4308 4726/2434/4329 4834/2534/4437 4815/2515/4418 
f 4723/2428/4326 4832/2532/4435 4834/2534/4437 4726/2434/4329 
# 4832 polygons

