# 3ds Max Wavefront OBJ Exporter v0.97b - (c)2007 guruware
# File Created: 18.09.2017 04:04:55

mtllib Undualte_Triggerfish.mtl

#
# object Undualte_Triggerfish
#

v  0.0000 -2.1977 -8.8538
v  0.0000 -1.2602 8.9476
v  0.0000 2.1062 -8.8777
v  0.0000 1.2666 8.9562
v  -0.4921 -1.9502 -8.8538
v  -0.1144 -1.1662 8.8338
v  -0.4991 1.8480 -8.8747
v  -0.1554 1.1264 8.8696
v  0.0000 4.6677 1.8539
v  0.0000 -4.3208 2.0465
v  -0.6294 -4.0618 1.8154
v  -0.6122 4.2526 2.1237
v  0.0000 4.3834 -5.1980
v  -0.7457 -3.4156 -5.2097
v  0.0000 -3.8181 -5.2097
v  -0.6987 4.1333 -5.2049
v  0.0000 3.0877 -7.3052
v  -0.6625 -2.6912 -7.2651
v  0.0000 -3.0167 -7.2651
v  -0.6504 2.7647 -7.3042
v  0.0000 -3.2883 -6.6318
v  -0.6364 3.3806 -6.5941
v  0.0000 3.6766 -6.5935
v  -0.6750 -2.9358 -6.6318
v  0.0000 -4.2350 -4.1340
v  -0.7783 4.3153 -4.0996
v  0.0000 4.6921 -4.0651
v  -0.7748 -3.7938 -4.1356
v  0.0000 -5.1608 -1.7758
v  -0.7270 4.3008 -1.7004
v  0.0000 4.8036 -1.6891
v  -0.7548 -4.6585 -1.7917
v  -0.3930 2.9585 5.9185
v  -0.3730 -2.7570 5.8962
v  -0.5240 -3.5350 3.5345
v  0.0000 -3.9108 3.3455
v  -0.5536 3.8299 3.8833
v  -0.2873 2.1298 7.2175
v  -0.2559 -2.1877 7.2180
v  0.0000 -5.4555 -0.0982
v  -0.6899 4.2404 0.1749
v  0.0000 4.7528 0.1787
v  -0.6811 -4.9953 0.0573
v  0.0000 -1.4352 9.9365
v  0.0000 1.6645 9.9923
v  -0.1145 1.4907 10.1121
v  -0.0711 -1.3310 10.0492
v  0.0000 1.3336 -9.8811
v  0.0000 -1.4169 -9.8968
v  -0.3400 -1.2409 -9.8936
v  -0.3582 1.1500 -9.8819
v  -0.2131 0.6587 8.8974
v  -0.2143 0.0019 8.9068
v  -0.1675 -0.6654 8.8663
v  -0.7262 -1.1317 -8.8538
v  -0.8585 -0.0857 -8.8538
v  -0.7836 1.0162 -8.8568
v  -0.9810 -2.1721 1.8495
v  -1.1610 0.0944 1.9082
v  -1.0449 2.3750 1.9853
v  -1.1437 -1.8140 -5.2115
v  -1.3498 0.2393 -5.2188
v  -1.2698 1.8758 -5.2039
v  -0.9785 -1.4782 -7.2651
v  -1.1529 0.0925 -7.2651
v  -1.0459 1.7039 -7.2335
v  -1.0161 -1.5839 -6.6318
v  -1.2011 0.1743 -6.6318
v  -1.1070 1.7896 -6.6282
v  -1.1880 -2.0247 -4.1596
v  -1.4035 0.1862 -4.2228
v  -1.2916 2.1839 -4.1069
v  -1.1655 -2.6153 -1.9672
v  -1.3783 -0.1680 -2.0936
v  -1.2058 2.3538 -1.9025
v  -0.5478 -1.4893 5.9013
v  -0.6569 0.1156 5.9073
v  -0.6020 1.7155 5.9132
v  -0.8173 -1.8066 3.6693
v  -0.9705 0.2058 3.7848
v  -0.8775 2.2175 3.8612
v  -0.3704 -1.2397 7.2176
v  -0.4505 -0.0186 7.2176
v  -0.4206 1.1991 7.2176
v  -1.0657 -2.7529 0.0860
v  -1.2594 -0.1834 0.1169
v  -1.1304 2.2564 0.1478
v  -0.1407 0.8531 10.0788
v  -0.1320 0.0726 10.0662
v  -0.0967 -0.6805 10.0479
v  0.0000 -0.1882 -9.8942
v  -0.5053 -0.7563 -9.8860
v  -0.6066 -0.1556 -9.9143
v  -0.5588 0.6353 -9.8828
v  -0.2262 1.5889 8.0445
v  -0.6018 -3.7012 2.6012
v  -0.6668 4.2024 1.1171
v  -0.4776 3.4636 4.8648
v  -0.4669 -3.1292 4.6893
v  0.0000 -4.1104 2.6435
v  -0.6059 4.0374 2.9595
v  -0.1881 -1.6821 8.0416
v  0.0000 4.7004 1.0999
v  -0.6939 -4.4040 0.9372
v  0.0000 -1.2073 9.4585
v  0.0000 1.3789 9.4808
v  -0.1337 1.1989 9.4837
v  -0.0913 -1.0499 9.4576
v  -0.9673 2.3400 2.8513
v  -1.0726 0.1907 2.7553
v  -0.9051 -1.9684 2.6821
v  -0.7472 2.0119 4.8345
v  -0.8222 0.1799 4.7891
v  -0.6898 -1.6560 4.7364
v  -0.3157 0.9043 8.0449
v  -0.3312 -0.0230 8.0447
v  -0.2679 -0.9579 8.0431
v  -1.0905 2.3039 1.0685
v  -1.2129 -0.0877 1.0208
v  -1.0256 -2.4945 0.9753
v  -0.1291 -0.6082 9.4597
v  -0.1696 0.0429 9.4718
v  -0.1738 0.7346 9.4779
v  0.0000 4.7848 -3.0479
v  -0.7688 -4.2713 -2.9890
v  0.0000 -4.7507 -2.9764
v  -0.7355 4.4073 -3.0480
v  -1.2798 2.1463 -3.0480
v  -1.4207 -0.0097 -3.2561
v  -1.1875 -2.3175 -3.0866
v  0.0000 2.6022 -8.0648
v  -0.5949 -2.3320 -8.0611
v  0.0000 -2.6194 -8.0611
v  -0.5942 2.3031 -8.0644
v  -0.9344 1.3035 -8.0616
v  -1.0266 -0.0043 -8.0611
v  -0.8738 -1.3126 -8.0611
v  -0.1155 1.4446 11.0253
v  -0.1276 0.9584 11.1811
v  -0.1193 0.0572 11.2267
v  -0.0890 -0.9362 11.1165
v  -0.0755 -1.5151 10.8978
v  -0.1202 1.5101 10.6499
v  -0.1360 0.9106 10.6996
v  -0.1266 0.0688 10.7159
v  -0.0921 -0.7973 10.6334
v  -0.0753 -1.4962 10.5184
v  -0.1943 1.2491 8.4854
v  -0.2610 0.7471 8.4883
v  -0.2688 -0.0120 8.4887
v  -0.1528 -1.3811 8.4599
v  -0.2143 -0.7917 8.4730
v  0.0000 2.1194 10.2703
v  -0.0637 2.0222 10.3847
v  -0.0728 1.9384 10.7872
v  -0.0730 1.7090 11.2722
v  -0.0743 1.0849 11.5677
v  -0.0729 0.0586 11.6125
v  -0.0677 -1.1014 11.4800
v  -0.0653 -1.8213 11.1201
v  -0.0650 -1.9419 10.6534
v  -0.0569 -1.8421 10.2741
v  0.0000 -1.8525 10.1436
v  0.0000 4.2826 12.7039
v  -0.0058 4.1550 12.6415
v  -0.0053 3.9686 12.9525
v  -0.0053 3.1168 13.4770
v  -0.0054 1.7426 14.0210
v  -0.0053 -0.0078 14.1926
v  -0.0049 -1.8773 13.8333
v  -0.0047 -3.0979 13.2237
v  -0.0046 -3.8767 12.7073
v  -0.0051 -4.1085 12.3397
v  0.0000 -4.2664 12.3756
v  0.0000 -4.0073 12.8812
v  0.0000 -3.2047 13.4105
v  0.0000 -1.9733 14.0221
v  0.0000 -0.0071 14.4025
v  0.0000 1.8610 14.2078
v  0.0000 3.2832 13.6661
v  0.0000 4.1076 13.1347
v  0.0000 3.9463 11.8594
v  0.0000 3.3832 11.1412
v  0.0000 2.7086 10.6233
v  -0.0407 2.6482 10.7820
v  -0.0219 3.3125 11.3009
v  -0.0141 3.8627 11.9836
v  -0.0465 2.4713 11.2205
v  -0.0250 3.0241 11.7686
v  -0.0162 3.5487 12.3649
v  -0.0465 2.0581 11.7912
v  -0.0250 2.4198 12.3630
v  -0.0162 2.7804 12.9404
v  -0.0466 1.2456 12.1621
v  -0.0253 1.4111 12.7988
v  -0.0165 1.5769 13.4371
v  -0.0465 0.0438 12.2342
v  -0.0250 0.0258 12.9041
v  -0.0162 0.0076 13.5756
v  -0.0462 -1.2934 12.0482
v  -0.0239 -1.4908 12.6590
v  -0.0151 -1.6887 13.2713
v  -0.0460 -2.1417 11.6233
v  -0.0234 -2.4665 12.1713
v  -0.0145 -2.7930 12.7201
v  -0.0460 -2.4259 11.1188
v  -0.0234 -2.9285 11.6515
v  -0.0145 -3.4254 12.2127
v  -0.0402 -2.4774 10.6059
v  -0.0204 -3.1666 11.0717
v  -0.0127 -3.7771 11.7601
v  0.0000 -2.4960 10.4377
v  0.0000 -3.2336 10.9051
v  0.0000 -3.8915 11.6371
v  -0.0874 1.4671 8.4918
v  -0.0748 1.3143 8.8146
v  0.0000 1.2964 8.8690
v  -0.1336 4.6710 2.2250
v  -0.1468 4.5473 2.9718
v  -0.1394 4.3233 3.8824
v  -0.1286 3.9177 4.8631
v  -0.1164 3.3630 5.9238
v  -0.1007 2.4512 7.2271
v  -0.0919 1.8453 8.0494
v  -0.0434 -1.3545 8.7809
v  -0.0538 -1.5896 8.4656
v  -0.0595 -1.9305 8.0521
v  -0.0707 -2.4941 7.2255
v  -0.0897 -3.1320 5.9016
v  -0.1047 -3.5441 4.6928
v  -0.1020 -3.8503 3.6830
v  -0.0033 1.9376 8.7377
v  -0.0039 1.7431 9.0121
v  0.0000 1.9936 8.7677
v  -0.0153 5.4062 2.3993
v  -0.0174 5.2954 3.0802
v  -0.0172 5.0736 3.9804
v  -0.0169 4.6771 4.9651
v  -0.0148 4.1333 6.0576
v  -0.0025 3.2239 7.5777
v  -0.0030 2.3384 8.2686
v  -0.0017 5.1910 7.0180
v  0.0000 6.3457 4.4167
v  -0.0035 6.3584 3.1215
v  -0.0030 6.3870 3.5139
v  -0.0033 6.2663 4.3935
v  -0.0037 6.0872 5.4644
v  -0.0030 5.6749 6.4696
v  -0.0058 -1.6592 9.0194
v  -0.0056 -1.9767 8.6884
v  -0.0026 -2.4988 8.4258
v  -0.0104 -3.1465 7.4262
v  -0.0125 -3.7836 6.1215
v  -0.0121 -4.2201 4.9472
v  -0.0046 -4.5551 3.8623
v  0.0000 -4.6282 3.6582
v  0.0000 -2.4906 8.5617
v  -0.0034 -3.9985 8.5551
v  -0.0031 -4.4855 8.2863
v  -0.0030 -5.0372 7.6747
v  -0.0032 -5.3177 7.1608
v  -0.0024 -5.3831 6.6820
v  -0.0000 -5.1228 7.7702
v  -0.0001 -4.5734 8.3532
v  -0.0074 -1.5086 8.9470
v  -0.0083 -1.8130 8.5791
v  -0.0085 -2.2288 8.2159
v  -0.0140 -2.8352 7.3141
v  -0.0161 -3.4769 5.9847
v  -0.0162 -3.9104 4.7693
v  -0.0102 -4.2544 3.6477
v  -0.0024 -3.0516 8.4312
v  -0.0025 -3.5538 8.5094
v  -0.0097 -3.6001 7.7057
v  -0.0065 -4.0710 8.0132
v  -0.0118 -4.2101 6.6252
v  -0.0077 -4.6497 7.1844
v  -0.0118 -4.5975 5.6645
v  -0.0083 -4.9797 6.4636
v  -0.0042 -4.8571 4.7960
v  -0.0035 -5.1541 5.8379
v  0.0000 -4.9238 4.6313
v  0.0000 -5.2137 5.7175
v  -0.0115 1.7331 8.6085
v  -0.0117 1.5715 8.9137
v  -0.0211 5.0648 2.3351
v  -0.0239 4.9543 3.0250
v  -0.0237 4.7307 3.9261
v  -0.0233 4.3222 4.9063
v  -0.0215 3.7681 5.9868
v  -0.0128 2.8537 7.3890
v  -0.0115 2.1303 8.1691
v  -0.0021 3.9784 7.3086
v  -0.0020 4.6380 7.1694
v  -0.0124 5.7707 2.5612
v  -0.0097 6.1230 2.8431
v  -0.0141 5.6794 3.2156
v  -0.0109 6.0616 3.3764
v  -0.0140 5.4743 4.1167
v  -0.0110 5.8825 4.2648
v  -0.0138 5.1617 5.1323
v  -0.0110 5.6584 5.3139
v  -0.0120 4.6626 6.1946
v  -0.0094 5.2091 6.3438
v  -0.0505 1.3650 9.2741
v  0.0000 1.3524 9.2895
v  0.0000 1.4441 9.3968
v  -0.0037 1.5211 9.3590
v  -0.0102 1.4491 9.3548
v  -0.0620 1.3352 8.9785
v  -0.0620 1.3508 9.1304
v  0.0000 1.3120 8.9825
v  0.0000 1.3300 9.1267
v  -0.0037 1.6565 9.1502
v  -0.0021 1.5867 9.2728
v  -0.0117 1.5175 9.0680
v  -0.0114 1.4779 9.2129
v  -0.0286 1.5971 8.5404
v  -0.0286 1.4440 8.8522
v  -0.0340 4.8497 2.2949
v  -0.0386 4.7487 2.9979
v  -0.0382 4.5266 3.9011
v  -0.0377 4.1182 4.8813
v  -0.0362 3.5618 5.9515
v  -0.0300 2.6448 7.2975
v  -0.0288 1.9855 8.1019
v  0.0000 1.3920 9.3783
v  -0.0250 1.4012 9.3359
v  -0.0286 1.4078 9.1697
v  -0.0286 1.4177 9.0165
v  -0.0138 -1.4305 8.8508
v  -0.0159 -1.6995 8.5142
v  -0.0166 -2.0745 8.1226
v  -0.0204 -2.6595 7.2645
v  -0.0226 -3.3014 5.9384
v  -0.0236 -3.7244 4.7243
v  -0.0190 -4.0480 3.6512
v  -0.1243 -4.4697 1.8536
v  -0.1737 -4.9067 0.9524
v  -0.1559 -5.3848 0.2241
v  -0.0034 -4.7480 2.0836
v  -0.0024 -5.3475 1.3516
v  -0.0030 -5.5742 1.0918
v  -0.0018 -5.5741 1.4235
v  -0.0018 -5.6145 1.3850
v  -0.0192 -4.2694 2.5040
v  -0.0023 -4.3966 2.5813
v  -0.0023 -5.5022 1.3645
v  -0.0024 -5.5991 1.2691
v  -0.0343 -4.5543 1.8944
v  -0.0134 -4.6422 1.9788
v  -0.0395 -5.0240 1.0366
v  -0.0151 -5.1561 1.1859
v  -0.0352 -5.4652 0.3936
v  -0.0135 -5.5148 0.7154
v  -0.0073 -4.2663 2.5981
v  -0.0039 -4.3111 2.6195
v  -0.3711 0.4938 -10.5195
v  -0.3675 0.6937 -10.4047
v  -0.2405 0.8797 -10.3409
v  0.0000 -0.6179 -10.5896
v  -0.2241 -0.5543 -10.5475
v  -0.3211 -0.4065 -10.4598
v  -0.3697 -0.2652 -10.3832
v  0.0000 -0.1588 -10.3242
v  0.0000 -3.4994 -6.0708
v  -0.7080 3.7004 -6.0783
v  0.0000 4.0098 -6.0696
v  -0.7029 -3.1269 -6.0708
v  -1.1727 1.9988 -6.0730
v  -1.2713 0.2174 -6.0708
v  -1.0762 -1.6732 -6.0708
v  0.0000 4.7993 -0.7777
v  -0.7318 -4.8532 -0.8452
v  0.0000 -5.3635 -0.8679
v  -0.7114 4.2796 -0.7815
v  -1.1686 2.2578 -0.8100
v  -1.3104 -0.1937 -0.8466
v  -1.1108 -2.7856 -0.8471
v  -0.1599 -0.3730 -10.6828
v  -0.2102 -0.2906 -10.6531
v  -0.2325 -0.2360 -10.5793
v  -0.2221 0.6276 -10.5873
v  -0.2133 0.7437 -10.5354
v  -0.1578 0.8520 -10.4497
v  0.0000 1.7239 -9.4223
v  0.0000 -1.7895 -9.4077
v  -0.4156 -1.5786 -9.4077
v  -0.4286 1.4993 -9.4205
v  -0.6700 0.8066 -9.4095
v  -0.7314 -0.1250 -9.4077
v  -0.6148 -0.9409 -9.4077
v  -1.1021 3.0779 -5.1944
v  -0.9051 2.6825 -6.6055
v  -1.0605 3.3576 -3.9288
v  -1.0483 3.4017 -3.0441
v  -0.9553 2.8659 -6.2227
v  -1.0230 3.4391 -2.4129
v  -0.7170 4.4020 -2.3806
v  0.0000 4.7981 -2.3802
v  -0.8788 2.5418 -6.9130
v  -0.6288 3.1104 -6.9286
v  0.0000 3.3891 -6.9344
v  -0.9691 2.9633 -6.0012
v  -0.8987 3.4257 -5.6866
v  -0.8607 3.8083 -5.2457
v  -0.9679 3.5170 -4.8617
v  -1.0547 3.2819 -4.4578
v  -1.1677 2.7397 -4.7701
v  -1.2287 2.3189 -5.2164
v  -1.1255 2.4746 -5.7636
v  -0.9808 3.3107 -5.5282
v  -1.0474 3.0225 -5.5861
v  -1.1199 2.7650 -5.5067
v  -1.1775 2.7141 -5.2231
v  -1.1613 2.8323 -4.9027
v  -1.0915 3.1386 -4.8361
v  -1.0194 3.3779 -4.9283
v  -0.9945 3.4177 -5.1901
v  -0.9881 2.9975 -5.8202
v  -0.8461 3.5406 -5.8316
v  -0.9094 3.6197 -5.2388
v  -0.9318 3.7151 -4.7034
v  -1.0554 3.2239 -4.6648
v  -1.2038 2.6166 -4.5925
v  -1.1937 2.5050 -5.2235
v  -1.1083 2.6358 -5.6258
v  -1.2789 -1.8345 -2.6269
v  -1.3773 -0.7836 -2.7165
v  -1.3877 -0.7417 -3.0134
v  -1.2805 -1.7718 -2.8989
v  -0.5054 0.2354 -10.2088
v  -0.4649 0.6524 -10.1678
v  -0.3006 1.0030 -10.1454
v  0.0000 -1.0315 -10.2771
v  -0.2810 -0.9090 -10.2524
v  -0.4115 -0.5795 -10.1945
v  -0.4848 -0.2656 -10.1500
v  0.0000 -0.1315 -10.1392
v  -1.3110 -1.7353 -2.7569
v  -1.3908 -0.8396 -2.8277
v  -1.3961 -0.8335 -2.8761
v  -1.3125 -1.7264 -2.7974
v  -1.5111 -2.0446 -1.8423
v  -1.6065 -0.6839 -1.6702
v  -1.6080 -0.6797 -1.6744
v  -1.5116 -2.0393 -1.8459
v  -1.3571 -1.9019 -2.5771
v  -1.4065 -2.0806 -2.3364
v  -1.4558 -2.2128 -2.0805
v  -1.4478 -0.6929 -2.5637
v  -1.5112 -0.5666 -2.2289
v  -1.5745 -0.4772 -1.8915
v  -1.4522 -0.6897 -2.5814
v  -1.5149 -0.5627 -2.2423
v  -1.5775 -0.4726 -1.9005
v  -1.3587 -1.8970 -2.5905
v  -1.4076 -2.0748 -2.3465
v  -1.4565 -2.2059 -2.0873
v  0.4921 -1.9502 -8.8538
v  0.1144 -1.1662 8.8338
v  0.4991 1.8480 -8.8747
v  0.1554 1.1264 8.8696
v  0.6294 -4.0618 1.8154
v  0.6122 4.2526 2.1237
v  0.7457 -3.4156 -5.2097
v  0.6987 4.1333 -5.2049
v  0.6626 -2.6912 -7.2651
v  0.6504 2.7647 -7.3042
v  0.6364 3.3806 -6.5941
v  0.6750 -2.9358 -6.6318
v  0.7783 4.3153 -4.0996
v  0.7748 -3.7938 -4.1356
v  0.7270 4.3008 -1.7004
v  0.7548 -4.6585 -1.7917
v  0.3930 2.9585 5.9185
v  0.3730 -2.7570 5.8962
v  0.5240 -3.5350 3.5345
v  0.5536 3.8299 3.8832
v  0.2873 2.1298 7.2175
v  0.2559 -2.1877 7.2180
v  0.6899 4.2404 0.1749
v  0.6811 -4.9953 0.0573
v  0.1145 1.4907 10.1121
v  0.0711 -1.3310 10.0492
v  0.3400 -1.2409 -9.8936
v  0.3582 1.1500 -9.8819
v  0.2131 0.6587 8.8974
v  0.2143 0.0019 8.9068
v  0.1675 -0.6654 8.8663
v  0.7262 -1.1317 -8.8538
v  0.8585 -0.0857 -8.8538
v  0.7836 1.0162 -8.8568
v  0.9810 -2.1721 1.8495
v  1.1610 0.0944 1.9082
v  1.0449 2.3750 1.9853
v  1.1437 -1.8140 -5.2115
v  1.3498 0.2393 -5.2188
v  1.2698 1.8758 -5.2039
v  0.9785 -1.4782 -7.2651
v  1.1529 0.0925 -7.2651
v  1.0459 1.7039 -7.2335
v  1.0161 -1.5839 -6.6318
v  1.2011 0.1743 -6.6318
v  1.1070 1.7896 -6.6282
v  1.1880 -2.0247 -4.1596
v  1.4035 0.1862 -4.2228
v  1.2916 2.1839 -4.1069
v  1.1655 -2.6153 -1.9672
v  1.3783 -0.1680 -2.0936
v  1.2058 2.3538 -1.9025
v  0.5478 -1.4893 5.9013
v  0.6569 0.1156 5.9073
v  0.6020 1.7155 5.9132
v  0.8173 -1.8066 3.6693
v  0.9705 0.2058 3.7848
v  0.8775 2.2175 3.8612
v  0.3704 -1.2397 7.2176
v  0.4505 -0.0186 7.2176
v  0.4206 1.1991 7.2176
v  1.0657 -2.7529 0.0860
v  1.2594 -0.1834 0.1169
v  1.1304 2.2564 0.1478
v  0.1407 0.8531 10.0788
v  0.1320 0.0726 10.0662
v  0.0967 -0.6805 10.0479
v  0.5054 -0.7563 -9.8860
v  0.6066 -0.1556 -9.9143
v  0.5588 0.6353 -9.8828
v  0.2262 1.5889 8.0445
v  0.6018 -3.7012 2.6012
v  0.6668 4.2024 1.1171
v  0.4776 3.4636 4.8648
v  0.4669 -3.1292 4.6893
v  0.6059 4.0374 2.9595
v  0.1881 -1.6821 8.0416
v  0.6940 -4.4040 0.9372
v  0.1337 1.1989 9.4837
v  0.0913 -1.0499 9.4576
v  0.9673 2.3400 2.8513
v  1.0726 0.1907 2.7553
v  0.9051 -1.9684 2.6821
v  0.7472 2.0119 4.8345
v  0.8222 0.1799 4.7891
v  0.6898 -1.6560 4.7364
v  0.3157 0.9043 8.0449
v  0.3312 -0.0230 8.0447
v  0.2679 -0.9579 8.0431
v  1.0905 2.3039 1.0685
v  1.2129 -0.0877 1.0208
v  1.0256 -2.4945 0.9753
v  0.1291 -0.6082 9.4597
v  0.1696 0.0429 9.4718
v  0.1738 0.7346 9.4779
v  0.7688 -4.2713 -2.9890
v  0.7355 4.4073 -3.0480
v  1.2798 2.1463 -3.0480
v  1.4207 -0.0097 -3.2561
v  1.1875 -2.3175 -3.0866
v  0.5949 -2.3320 -8.0611
v  0.5943 2.3031 -8.0644
v  0.9344 1.3035 -8.0616
v  1.0266 -0.0043 -8.0611
v  0.8738 -1.3126 -8.0611
v  0.1155 1.4446 11.0253
v  0.1276 0.9584 11.1811
v  0.1193 0.0572 11.2267
v  0.0890 -0.9362 11.1165
v  0.0755 -1.5151 10.8978
v  0.1202 1.5101 10.6499
v  0.1360 0.9106 10.6996
v  0.1266 0.0688 10.7159
v  0.0921 -0.7973 10.6334
v  0.0753 -1.4962 10.5184
v  0.1943 1.2491 8.4854
v  0.2610 0.7471 8.4883
v  0.2688 -0.0120 8.4887
v  0.1528 -1.3811 8.4599
v  0.2143 -0.7917 8.4730
v  0.0637 2.0222 10.3847
v  0.0728 1.9384 10.7872
v  0.0730 1.7090 11.2722
v  0.0743 1.0849 11.5677
v  0.0729 0.0586 11.6125
v  0.0677 -1.1014 11.4800
v  0.0653 -1.8213 11.1201
v  0.0650 -1.9419 10.6534
v  0.0569 -1.8421 10.2741
v  0.0058 4.1550 12.6415
v  0.0053 3.9686 12.9525
v  0.0053 3.1168 13.4770
v  0.0054 1.7426 14.0210
v  0.0053 -0.0078 14.1926
v  0.0049 -1.8773 13.8333
v  0.0047 -3.0979 13.2237
v  0.0046 -3.8767 12.7073
v  0.0051 -4.1085 12.3397
v  0.0407 2.6482 10.7820
v  0.0219 3.3125 11.3009
v  0.0141 3.8627 11.9836
v  0.0465 2.4713 11.2205
v  0.0250 3.0241 11.7686
v  0.0162 3.5487 12.3649
v  0.0465 2.0581 11.7912
v  0.0250 2.4198 12.3630
v  0.0162 2.7804 12.9404
v  0.0466 1.2456 12.1621
v  0.0253 1.4111 12.7988
v  0.0165 1.5769 13.4371
v  0.0465 0.0438 12.2342
v  0.0250 0.0258 12.9041
v  0.0162 0.0076 13.5756
v  0.0462 -1.2934 12.0482
v  0.0239 -1.4908 12.6590
v  0.0151 -1.6887 13.2713
v  0.0460 -2.1418 11.6233
v  0.0234 -2.4665 12.1713
v  0.0145 -2.7930 12.7201
v  0.0460 -2.4259 11.1188
v  0.0234 -2.9285 11.6515
v  0.0145 -3.4254 12.2127
v  0.0402 -2.4774 10.6059
v  0.0204 -3.1666 11.0717
v  0.0127 -3.7771 11.7601
v  0.0874 1.4671 8.4918
v  0.0748 1.3143 8.8146
v  0.0000 4.7362 2.0447
v  0.1336 4.6710 2.2250
v  0.1468 4.5473 2.9718
v  0.1394 4.3233 3.8824
v  0.1286 3.9177 4.8631
v  0.1164 3.3630 5.9238
v  0.1007 2.4512 7.2271
v  0.0919 1.8453 8.0494
v  0.0000 -1.3235 8.8538
v  0.0434 -1.3545 8.7809
v  0.0538 -1.5896 8.4656
v  0.0595 -1.9305 8.0521
v  0.0707 -2.4941 7.2255
v  0.0897 -3.1320 5.9016
v  0.1047 -3.5441 4.6928
v  0.1020 -3.8503 3.6830
v  0.0000 -3.9388 3.4905
v  0.0033 1.9376 8.7377
v  0.0039 1.7431 9.0121
v  0.0000 1.7871 9.0436
v  0.0000 2.3927 8.2937
v  0.0000 3.1835 7.7591
v  0.0000 5.4417 2.2484
v  0.0153 5.4062 2.3993
v  0.0174 5.2954 3.0802
v  0.0172 5.0736 3.9804
v  0.0169 4.6771 4.9651
v  0.0148 4.1333 6.0576
v  0.0025 3.2239 7.5777
v  0.0030 2.3384 8.2686
v  0.0017 5.1910 7.0180
v  0.0000 5.2083 7.0806
v  0.0000 5.7632 6.4960
v  0.0000 6.1738 5.4947
v  0.0000 6.4590 3.5356
v  0.0000 6.4074 3.0958
v  0.0035 6.3584 3.1215
v  0.0030 6.3870 3.5139
v  0.0033 6.2663 4.3935
v  0.0037 6.0872 5.4644
v  0.0030 5.6749 6.4696
v  0.0000 -2.0245 8.7380
v  0.0000 -1.6460 9.1186
v  0.0058 -1.6592 9.0194
v  0.0056 -1.9767 8.6884
v  0.0026 -2.4988 8.4258
v  0.0104 -3.1465 7.4262
v  0.0125 -3.7836 6.1215
v  0.0121 -4.2201 4.9472
v  0.0046 -4.5551 3.8623
v  -0.0001 -4.0076 8.6226
v  0.0026 -3.9985 8.5551
v  0.0025 -4.4855 8.2863
v  0.0027 -5.0372 7.6747
v  0.0043 -5.3177 7.1608
v  0.0028 -5.3831 6.6820
v  0.0001 -5.4549 6.7209
v  0.0002 -5.3976 7.2796
v  0.0000 -1.4590 9.0298
v  0.0074 -1.5086 8.9470
v  0.0083 -1.8130 8.5791
v  0.0085 -2.2288 8.2159
v  0.0140 -2.8352 7.3141
v  0.0161 -3.4769 5.9847
v  0.0162 -3.9104 4.7693
v  0.0102 -4.2544 3.6477
v  0.0000 -4.3286 3.4371
v  0.0000 -2.9909 8.5593
v  -0.0000 -3.4967 8.6081
v  0.0024 -3.0516 8.4312
v  0.0024 -3.5538 8.5094
v  0.0097 -3.6001 7.7057
v  0.0064 -4.0710 8.0132
v  0.0118 -4.2101 6.6252
v  0.0077 -4.6497 7.1844
v  0.0118 -4.5975 5.6645
v  0.0085 -4.9797 6.4636
v  0.0042 -4.8571 4.7960
v  0.0036 -5.1541 5.8379
v  0.0115 1.7331 8.6085
v  0.0117 1.5715 8.9137
v  0.0000 5.1007 2.1815
v  0.0211 5.0648 2.3351
v  0.0239 4.9543 3.0250
v  0.0237 4.7307 3.9261
v  0.0233 4.3222 4.9063
v  0.0215 3.7681 5.9868
v  0.0128 2.8537 7.3890
v  0.0115 2.1303 8.1691
v  0.0021 3.9784 7.3086
v  0.0020 4.6380 7.1694
v  0.0000 3.8807 7.4920
v  0.0000 4.5556 7.3066
v  0.0000 5.8000 2.4236
v  0.0000 6.1464 2.7367
v  0.0124 5.7707 2.5612
v  0.0097 6.1230 2.8431
v  0.0141 5.6794 3.2156
v  0.0109 6.0616 3.3764
v  0.0140 5.4743 4.1167
v  0.0110 5.8825 4.2648
v  0.0138 5.1617 5.1323
v  0.0110 5.6584 5.3139
v  0.0120 4.6626 6.1946
v  0.0094 5.2091 6.3438
v  0.0505 1.3650 9.2741
v  0.0000 1.5339 9.3864
v  0.0037 1.5211 9.3590
v  0.0102 1.4491 9.3548
v  0.0620 1.3352 8.9785
v  0.0620 1.3508 9.1304
v  0.0000 1.6944 9.1801
v  0.0000 1.6203 9.2992
v  0.0037 1.6565 9.1502
v  0.0021 1.5867 9.2728
v  0.0117 1.5175 9.0680
v  0.0114 1.4779 9.2129
v  0.0286 1.5971 8.5404
v  0.0286 1.4440 8.8522
v  0.0000 4.8840 2.1390
v  0.0340 4.8497 2.2949
v  0.0386 4.7487 2.9979
v  0.0382 4.5266 3.9011
v  0.0377 4.1182 4.8813
v  0.0362 3.5618 5.9515
v  0.0300 2.6448 7.2975
v  0.0288 1.9855 8.1019
v  0.0250 1.4012 9.3359
v  0.0286 1.4078 9.1697
v  0.0286 1.4177 9.0165
v  0.0000 -1.3840 8.9233
v  0.0138 -1.4305 8.8508
v  0.0159 -1.6995 8.5142
v  0.0166 -2.0745 8.1226
v  0.0204 -2.6595 7.2645
v  0.0226 -3.3014 5.9384
v  0.0236 -3.7244 4.7243
v  0.0190 -4.0480 3.6512
v  0.0000 -4.1189 3.4489
v  0.0000 -4.3984 2.0377
v  0.1243 -4.4697 1.8536
v  0.1737 -4.9067 0.9524
v  0.1559 -5.3848 0.2241
v  0.0000 -5.5191 0.0892
v  0.0000 -5.3271 1.4678
v  0.0000 -4.7765 2.1351
v  0.0034 -4.7480 2.0836
v  0.0024 -5.3475 1.3516
v  0.0030 -5.5742 1.0918
v  0.0000 -5.6481 1.0437
v  0.0000 -5.5924 1.4695
v  0.0018 -5.5741 1.4235
v  0.0018 -5.6145 1.3850
v  0.0000 -5.6504 1.4099
v  0.0000 -4.2130 2.6032
v  0.0192 -4.2694 2.5040
v  0.0023 -4.3966 2.5813
v  0.0000 -4.3645 2.6781
v  0.0000 -5.4969 1.4228
v  0.0023 -5.5022 1.3645
v  0.0024 -5.5991 1.2691
v  0.0000 -5.6562 1.2530
v  0.0343 -4.5543 1.8944
v  0.0134 -4.6422 1.9788
v  0.0395 -5.0240 1.0366
v  0.0151 -5.1561 1.1859
v  0.0352 -5.4652 0.3936
v  0.0135 -5.5148 0.7154
v  0.0000 -5.5708 0.2764
v  0.0000 -5.6068 0.6295
v  0.0073 -4.2663 2.5981
v  0.0039 -4.3111 2.6195
v  0.0000 -4.2525 2.7425
v  0.0000 -4.2003 2.7230
v  0.0000 0.9654 -10.3223
v  0.0000 0.5042 -10.5593
v  0.3711 0.4938 -10.5195
v  0.3675 0.6937 -10.4047
v  0.2405 0.8797 -10.3409
v  0.2241 -0.5543 -10.5475
v  0.3211 -0.4065 -10.4598
v  0.3697 -0.2652 -10.3832
v  0.7080 3.7004 -6.0783
v  0.7029 -3.1269 -6.0708
v  1.1728 1.9988 -6.0730
v  1.2713 0.2174 -6.0708
v  1.0762 -1.6732 -6.0708
v  0.7318 -4.8532 -0.8452
v  0.7114 4.2796 -0.7815
v  1.1686 2.2578 -0.8100
v  1.3104 -0.1937 -0.8466
v  1.1108 -2.7856 -0.8471
v  0.0000 -0.3781 -10.7262
v  0.1599 -0.3730 -10.6828
v  0.2103 -0.2906 -10.6531
v  0.2325 -0.2360 -10.5793
v  0.0000 -0.2256 -10.6375
v  0.0000 -0.2666 -10.7068
v  0.0000 0.8968 -10.4466
v  0.0000 0.7588 -10.5642
v  0.0000 0.6218 -10.6089
v  0.2222 0.6276 -10.5873
v  0.2133 0.7437 -10.5354
v  0.1578 0.8520 -10.4497
v  0.4156 -1.5786 -9.4077
v  0.4286 1.4993 -9.4205
v  0.6700 0.8066 -9.4095
v  0.7314 -0.1250 -9.4077
v  0.6148 -0.9409 -9.4077
v  1.1021 3.0779 -5.1944
v  0.9051 2.6825 -6.6055
v  1.0605 3.3576 -3.9288
v  1.0483 3.4017 -3.0441
v  0.9553 2.8659 -6.2227
v  1.0231 3.4391 -2.4129
v  0.7170 4.4020 -2.3806
v  0.8788 2.5418 -6.9130
v  0.6288 3.1104 -6.9286
v  0.9691 2.9633 -6.0012
v  0.8987 3.4257 -5.6866
v  0.8607 3.8083 -5.2457
v  0.9679 3.5170 -4.8617
v  1.0547 3.2819 -4.4578
v  1.1677 2.7397 -4.7701
v  1.2287 2.3189 -5.2164
v  1.1255 2.4746 -5.7636
v  0.9808 3.3107 -5.5282
v  1.0474 3.0225 -5.5861
v  1.1199 2.7650 -5.5067
v  1.1775 2.7141 -5.2231
v  1.1613 2.8323 -4.9027
v  1.0915 3.1386 -4.8361
v  1.0194 3.3779 -4.9283
v  0.9945 3.4177 -5.1901
v  0.9881 2.9975 -5.8202
v  0.8461 3.5406 -5.8316
v  0.9094 3.6197 -5.2388
v  0.9318 3.7151 -4.7034
v  1.0554 3.2239 -4.6648
v  1.2038 2.6166 -4.5925
v  1.1937 2.5050 -5.2235
v  1.1083 2.6358 -5.6258
v  1.2789 -1.8345 -2.6269
v  1.3773 -0.7836 -2.7165
v  1.3877 -0.7417 -3.0134
v  1.2805 -1.7718 -2.8989
v  0.0000 1.1384 -10.1368
v  0.0000 0.1951 -10.0701
v  0.5054 0.2354 -10.2088
v  0.4649 0.6524 -10.1678
v  0.3006 1.0030 -10.1454
v  0.2810 -0.9090 -10.2524
v  0.4115 -0.5795 -10.1945
v  0.4848 -0.2656 -10.1500
v  1.3110 -1.7353 -2.7569
v  1.3908 -0.8395 -2.8277
v  1.3961 -0.8335 -2.8761
v  1.3126 -1.7264 -2.7974
v  1.5111 -2.0446 -1.8423
v  1.6065 -0.6839 -1.6702
v  1.6080 -0.6797 -1.6744
v  1.5116 -2.0393 -1.8459
v  1.3571 -1.9019 -2.5771
v  1.4065 -2.0806 -2.3364
v  1.4558 -2.2128 -2.0805
v  1.4478 -0.6929 -2.5637
v  1.5112 -0.5666 -2.2289
v  1.5745 -0.4772 -1.8915
v  1.4522 -0.6897 -2.5814
v  1.5149 -0.5627 -2.2423
v  1.5775 -0.4726 -1.9005
v  1.3587 -1.8970 -2.5905
v  1.4076 -2.0748 -2.3465
v  1.4565 -2.2059 -2.0873
v  -0.2764 0.3815 -10.4163
v  0.0000 0.4324 -10.4720
v  0.2764 0.3815 -10.4163
v  0.4297 0.1563 -10.1792
v  0.4908 -0.1733 -9.9176
v  0.4259 -0.2183 -10.1174
v  0.3114 -0.2454 -10.3389
v  0.1896 -0.2351 -10.5112
v  0.0000 -0.2292 -10.5601
v  -0.1896 -0.2351 -10.5112
v  -0.3114 -0.2454 -10.3389
v  -0.4259 -0.2183 -10.1174
v  -0.4908 -0.1733 -9.9176
v  -0.4297 0.1563 -10.1792
v  -0.3602 -0.1908 -9.9396
v  0.0000 -0.1861 -9.9290
v  0.3602 -0.1908 -9.9396
v  0.3520 -0.2105 -10.0940
v  0.2457 -0.2411 -10.3050
v  0.1435 -0.2371 -10.4540
v  0.0000 -0.2328 -10.4927
v  -0.1435 -0.2371 -10.4540
v  -0.2457 -0.2411 -10.3050
v  -0.3520 -0.2105 -10.0940
v  -0.2935 -0.1290 -9.9789
v  0.0000 -0.1136 -9.9787
v  0.2935 -0.1290 -9.9789
v  0.2869 -0.1446 -10.1047
v  0.1986 -0.1741 -10.3019
v  0.1249 -0.1770 -10.4275
v  0.0000 -0.1691 -10.4553
v  -0.1249 -0.1770 -10.4275
v  -0.1986 -0.1741 -10.3019
v  -0.2869 -0.1446 -10.1047
v  -0.3491 -0.1580 -9.9460
v  0.0000 -0.1517 -9.9366
v  0.3491 -0.1580 -9.9460
v  0.3444 -0.1777 -10.0913
v  0.2384 -0.2091 -10.3016
v  0.1381 -0.2060 -10.4486
v  0.0000 -0.2019 -10.4862
v  -0.1381 -0.2060 -10.4486
v  -0.2384 -0.2091 -10.3016
v  -0.3444 -0.1777 -10.0913
v  0.0000 -0.1722 -9.7689
v  -0.3630 -0.1324 -9.7937
v  -0.3140 0.1452 -10.0430
v  -0.2047 0.3191 -10.2600
v  0.0000 0.3487 -10.2784
v  0.2047 0.3191 -10.2600
v  0.3140 0.1452 -10.0430
v  0.3630 -0.1324 -9.7937
v  -0.2752 -0.0012 -9.5647
v  0.0000 0.0261 -9.5628
v  0.2752 -0.0012 -9.5647
v  0.3042 -0.1191 -9.5072
v  0.0000 -0.1359 -9.4926
v  -0.3042 -0.1191 -9.5072
v  -0.3027 0.0605 -9.7662
v  0.0000 0.1116 -9.8071
v  0.3027 0.0605 -9.7662
v  0.3492 -0.1342 -9.6287
v  0.0000 -0.1655 -9.6166
v  -0.3492 -0.1342 -9.6287
v  -1.0395 -0.6940 -7.6500
v  -0.2951 -2.3508 -8.4764
v  -0.0020 -1.0201 14.2200
v  -0.0015 1.8645 8.9235
v  -0.1191 0.6890 -10.5931
v  -0.9672 -0.8565 3.2115
v  -0.3394 -4.1603 2.2556
v  -0.3445 4.5789 1.5691
v  -1.3087 -0.8439 -4.7166
v  -0.4104 -3.9352 -4.6885
v  -0.3836 4.1140 -5.6769
v  -1.1155 -0.7165 -6.9283
v  -0.3635 -3.1002 -6.9283
v  -0.3351 2.7904 -7.6500
v  -0.3469 3.1784 -7.0876
v  -1.2416 -0.7601 -5.6777
v  -0.3694 -3.3204 -6.3674
v  -0.4022 4.4698 -4.6426
v  -1.5716 -1.3678 -1.6921
v  -0.4164 -4.4090 -3.5659
v  -0.3960 4.6986 -2.6891
v  -1.2154 -1.5064 -0.3566
v  -0.4005 -5.1921 -1.2924
v  -0.0013 5.9847 6.0251
v  -0.5145 -0.6807 6.5806
v  -0.0013 -4.8554 8.0638
v  -0.6989 -0.7277 5.3079
v  -0.0014 -5.4450 7.0379
v  -0.0011 6.4036 3.9280
v  -0.0011 5.4929 6.8382
v  -0.2187 -0.3758 8.6717
v  -0.0021 -4.2752 8.5189
v  -0.3682 4.6829 -0.2985
v  -1.1242 -1.1858 1.4444
v  -0.0010 -5.6172 1.4417
v  -0.0800 1.2548 9.1796
v  -0.1976 0.3648 9.1789
v  -0.0569 -1.1767 9.1598
v  -0.2451 -1.9373 -9.1513
v  -0.7454 -0.5907 -9.1513
v  -0.2457 1.8536 -9.1734
v  -0.8502 2.0781 -7.6500
v  -1.0836 0.7765 -7.6500
v  -0.6979 -1.7425 -8.4764
v  -0.0022 2.5906 13.9134
v  -0.0022 0.9474 14.3229
v  -0.0019 -2.6396 13.6763
v  -0.1004 -0.3091 -10.7181
v  -0.1224 -0.2428 -10.6627
v  -0.0961 0.8250 -10.5078
v  -0.7794 3.2312 3.3848
v  -1.0097 1.2675 3.3055
v  -0.8166 -3.0658 2.2188
v  -1.3576 1.2054 -4.6935
v  -1.0037 -2.8696 -4.6886
v  -0.9935 2.2053 -6.8460
v  -1.1618 0.9729 -6.9283
v  -0.8678 -2.2730 -6.9283
v  -1.2891 1.1593 -5.6777
v  -0.8968 -2.4273 -6.3674
v  -0.9173 3.9592 -2.6912
v  -1.3531 1.1231 -2.5714
v  -1.0168 -3.2275 -3.5916
v  -0.9623 3.3873 -0.3101
v  -1.2599 1.0574 -0.3334
v  -0.9738 -3.8968 -1.3258
v  -0.4377 2.0770 6.5806
v  -0.5478 0.7684 6.5806
v  -0.3956 -2.0052 6.5806
v  -0.5769 2.6589 5.3556
v  -0.7359 1.0414 5.3317
v  -0.6540 -2.6172 4.1447
v  -0.2144 0.9542 8.6728
v  -0.2459 0.3571 8.6857
v  -0.2690 -1.5585 7.6961
v  -0.8979 3.3902 1.5866
v  -1.1699 1.1982 1.4970
v  -0.9023 -3.7919 0.5134
v  -0.1293 -0.8758 9.1393
v  -0.1713 -0.3162 9.1648
v  -0.1477 1.0920 9.7876
v  -0.6190 1.3397 -9.1623
v  -0.7828 0.4065 -9.1513
v  -0.4856 -1.1581 -9.6615
v  -0.0007 2.7604 8.0052
v  -1.0573 -0.9722 2.2898
v  -0.3107 -3.9207 3.0304
v  -0.3566 4.6302 0.6474
v  -0.0014 6.2680 4.9449
v  -0.8477 -0.7830 4.2428
v  -0.0014 -5.2798 7.5039
v  -0.0010 6.4472 3.2847
v  -0.3513 -0.5749 7.6961
v  -0.0020 -2.2418 8.6049
v  -1.1678 -1.4115 0.5517
v  -0.0009 -5.0684 1.7451
v  -0.0686 1.4521 9.7739
v  -0.1557 0.4402 9.7685
v  -0.0438 -1.2557 9.7374
v  -0.8475 3.3576 2.4864
v  -1.1016 1.2865 2.3584
v  -0.7467 -2.8465 3.0962
v  -0.6893 2.9956 4.3639
v  -0.8878 1.1780 4.3219
v  -0.5386 -2.3653 5.2840
v  -0.3146 1.4771 7.6961
v  -0.3813 0.5103 7.6961
v  -0.2073 -1.2329 8.2822
v  -0.9309 3.3764 0.6282
v  -1.2144 1.0894 0.5900
v  -0.8685 -3.3795 1.3917
v  -0.0975 -0.9212 9.7576
v  -0.1303 -0.3008 9.7584
v  -0.1787 0.9368 9.1697
v  -1.3315 -1.0356 -3.7056
v  -0.4101 -4.8900 -2.3576
v  -0.4071 4.6629 -3.5200
v  -0.9349 3.9300 -3.5037
v  -1.3820 1.2049 -3.6659
v  -1.0000 -3.6250 -2.4300
v  -0.8896 -0.6521 -8.4764
v  -0.3454 -2.7655 -7.6500
v  -0.2907 2.2811 -8.4911
v  -0.7333 1.6701 -8.4838
v  -0.9295 0.5649 -8.4764
v  -0.8164 -2.0376 -7.6500
v  -0.0021 4.2343 12.9211
v  -0.1322 1.2233 10.3889
v  -0.1347 0.4940 10.4002
v  -0.1097 -0.3400 10.3756
v  -0.0816 -1.1022 10.3105
v  -0.0018 -4.1767 12.6213
v  -0.0021 3.7351 13.3373
v  -0.1322 1.2443 10.9005
v  -0.1347 0.5225 10.9928
v  -0.1097 -0.4153 10.9605
v  -0.0816 -1.2383 10.7956
v  -0.0018 -3.6365 13.0849
v  -0.0012 2.1405 8.5475
v  -0.2719 -0.4509 8.2894
v  -0.2546 1.1481 8.2929
v  -0.3002 0.4165 8.2929
v  -0.0036 -1.8094 8.9332
v  -0.1661 -1.0262 8.6405
v  -0.0485 1.8310 10.1673
v  -0.0971 1.7445 10.4511
v  -0.0971 1.6781 10.9113
v  -0.1003 1.3419 11.2638
v  -0.1017 0.5738 11.4104
v  -0.0887 -0.4983 11.3739
v  -0.0741 -1.4122 11.1521
v  -0.0705 -1.7535 10.7615
v  -0.0705 -1.6627 10.3380
v  -0.0353 -1.6013 10.0819
v  -0.0174 3.0336 10.9013
v  -0.0348 2.8945 11.2263
v  -0.0348 2.5370 11.7852
v  -0.0349 1.8352 12.3123
v  -0.0349 0.7202 12.5643
v  -0.0344 -0.7042 12.4968
v  -0.0339 -1.9234 12.1425
v  -0.0338 -2.5388 11.6492
v  -0.0338 -2.7684 11.0762
v  -0.0169 -2.8546 10.6784
v  -0.0053 4.1291 12.3227
v  -0.0099 3.6698 11.5095
v  -0.0288 2.3731 10.4609
v  -0.0107 3.9658 12.5027
v  -0.0199 3.4906 11.8108
v  -0.0576 2.2691 10.7417
v  -0.0107 3.4405 12.9419
v  -0.0199 2.9977 12.3530
v  -0.0576 2.0740 11.2495
v  -0.0108 2.3616 13.5215
v  -0.0201 2.0977 12.9154
v  -0.0577 1.5740 11.7122
v  -0.0109 0.8673 13.8948
v  -0.0202 0.7935 13.2279
v  -0.0577 0.6472 11.9040
v  -0.0103 -0.9296 13.7968
v  -0.0193 -0.8166 13.1452
v  -0.0573 -0.5924 11.8517
v  -0.0096 -2.4485 13.2954
v  -0.0183 -2.1853 12.7175
v  -0.0567 -1.6629 11.5703
v  -0.0094 -3.3694 12.7252
v  -0.0180 -2.9465 12.1916
v  -0.0566 -2.1332 11.1095
v  -0.0094 -3.8728 12.2706
v  -0.0180 -3.3611 11.6426
v  -0.0566 -2.1666 10.6188
v  -0.0047 -4.0979 12.0404
v  -0.0090 -3.5625 11.2798
v  -0.0283 -2.1445 10.3079
v  -0.1326 1.2819 8.6618
v  -0.0626 1.2533 8.8547
v  -0.1909 4.6357 2.0471
v  -0.3690 4.4673 2.5549
v  -0.3436 4.3036 3.4156
v  -0.3099 3.9936 4.3681
v  -0.2680 3.5426 5.3646
v  -0.2160 2.7906 6.5813
v  -0.1700 2.0076 7.6946
v  -0.1476 1.5424 8.2927
v  -0.0422 -1.2812 8.8405
v  -0.0932 -1.3837 8.6326
v  -0.1106 -1.6627 8.2785
v  -0.1368 -2.0968 7.6971
v  -0.1904 -2.7199 6.5817
v  -0.2511 -3.2451 5.2725
v  -0.3000 -3.5986 4.1086
v  -0.1622 -3.8536 3.4942
v  -0.0510 1.4361 8.6851
v  -0.0255 1.3748 9.3399
v  -0.0300 4.7930 2.1200
v  -0.0598 4.7230 2.5683
v  -0.0592 4.5664 3.4247
v  -0.0585 4.2485 4.3737
v  -0.0576 3.7858 5.3731
v  -0.0546 3.0164 6.6114
v  -0.0517 2.1946 7.7307
v  -0.0512 1.6989 8.3203
v  -0.0003 4.2169 7.3875
v  -0.0065 5.9712 2.5854
v  -0.0130 5.9237 2.9409
v  -0.0129 5.7851 3.7175
v  -0.0129 5.5599 4.7000
v  -0.0127 5.2071 5.7434
v  -0.0066 4.5943 6.8151
v  -0.0136 -1.3571 8.8706
v  -0.0275 -1.5028 8.6673
v  -0.0280 -1.8066 8.3129
v  -0.0300 -2.2701 7.7307
v  -0.0332 -2.9145 6.6022
v  -0.0358 -3.4529 5.2957
v  -0.0368 -3.8167 4.1202
v  -0.0184 -4.0091 3.4953
v  -0.0008 -3.2370 8.5675
v  -0.0054 -3.5281 8.2249
v  -0.0096 -4.1504 7.3935
v  -0.0109 -4.6354 6.4739
v  -0.0076 -4.9149 5.6449
v  -0.0017 -5.0551 5.1902
v  -0.0039 -1.5315 9.0974
v  -0.0076 -1.7105 8.8345
v  -0.0059 -2.1060 8.4981
v  -0.0086 -2.6445 7.9012
v  -0.0135 -3.3063 6.6980
v  -0.0145 -3.8502 5.4071
v  -0.0109 -4.2476 4.1816
v  -0.0035 -4.4618 3.4974
v  -0.0019 -3.7417 8.6197
v  -0.0006 -2.7312 8.5354
v  -0.0043 -4.0144 8.4033
v  -0.0062 -3.0388 8.0552
v  -0.0050 -4.6044 7.8268
v  -0.0116 -3.6919 6.9559
v  -0.0057 -5.0492 7.1478
v  -0.0127 -4.2175 5.7933
v  -0.0046 -5.2488 6.5742
v  -0.0082 -4.5777 4.7061
v  -0.0015 -5.3410 6.2674
v  -0.0016 -4.7662 4.1021
v  -0.0070 1.7320 8.8403
v  -0.0037 1.4836 9.3900
v  -0.0102 5.2525 2.2301
v  -0.0203 5.1795 2.6510
v  -0.0201 5.0198 3.4801
v  -0.0199 4.7019 4.4291
v  -0.0196 4.2392 5.4284
v  -0.0126 3.4912 6.7621
v  -0.0063 2.5891 7.9187
v  -0.0068 2.0001 8.4715
v  -0.0007 4.8866 7.2100
v  -0.0002 3.5408 7.5927
v  -0.0035 6.2864 2.9270
v  -0.0078 5.6129 2.3407
v  -0.0070 6.2668 3.1744
v  -0.0155 5.5481 2.7513
v  -0.0070 6.1814 3.8562
v  -0.0154 5.3953 3.5741
v  -0.0074 6.0160 4.8608
v  -0.0152 5.1083 4.5343
v  -0.0072 5.7162 5.9292
v  -0.0150 4.6824 5.5484
v  -0.0041 5.1884 6.8238
v  -0.0076 3.9855 6.8184
v  -0.0394 1.3255 9.0498
v  -0.0009 1.6510 9.2339
v  -0.0065 1.5625 9.1764
v  -0.0510 1.3743 9.0679
v  -0.0394 1.3449 9.2107
v  -0.0394 1.3097 8.9082
v  -0.0009 1.5718 9.3434
v  -0.0018 1.7256 9.1137
v  -0.0065 1.5061 9.3089
v  -0.0073 1.6200 9.0470
v  -0.0510 1.3799 9.2367
v  -0.0172 1.4757 8.9700
v  -0.0171 1.5572 8.7403
v  -0.0086 1.4169 9.3842
v  -0.0143 4.9702 2.1871
v  -0.0285 4.9032 2.6131
v  -0.0283 4.7496 3.4471
v  -0.0279 4.4316 4.3961
v  -0.0275 3.9690 5.3954
v  -0.0223 3.2073 6.6695
v  -0.0172 2.3544 7.8052
v  -0.0171 1.8200 8.3755
v  -0.0172 1.4502 9.1116
v  -0.0172 1.4295 9.2764
v  -0.0510 1.3696 8.9204
v  -0.0051 -1.4183 8.9603
v  -0.0103 -1.5851 8.7338
v  -0.0103 -1.9282 8.3815
v  -0.0132 -2.4206 7.7954
v  -0.0170 -3.0728 6.6409
v  -0.0183 -3.6134 5.3407
v  -0.0164 -3.9977 4.1228
v  -0.0070 -4.2060 3.4517
v  -0.2022 -4.3668 1.9115
v  -0.4120 -4.5431 1.3781
v  -0.4270 -5.0461 0.5084
v  -0.2173 -5.4346 0.0549
v  -0.0016 -4.2326 2.7217
v  -0.0234 -4.8308 1.5089
v  -0.0240 -5.3150 0.7688
v  -0.0121 -5.5712 0.4463
v  -0.0011 -5.4435 1.3739
v  -0.0022 -5.5198 1.2598
v  -0.0012 -5.6371 1.1713
v  -0.0258 -4.3241 2.2983
v  -0.0132 -4.4092 2.3231
v  -0.0013 -4.5306 2.4408
v  -0.0013 -5.5419 1.4362
v  -0.0025 -5.5709 1.3647
v  -0.0013 -5.6416 1.3352
v  -0.0013 -4.2878 2.7319
v  -0.0014 -4.2000 2.6998
v  -0.0081 -4.9759 1.6386
v  -0.0675 -4.7348 1.4229
v  -0.0080 -5.4276 1.0486
v  -0.0690 -5.2322 0.5849
v  -0.0041 -5.6106 0.8582
v  -0.0349 -5.5296 0.1771
v  -0.0054 -4.4816 2.3781
v  -0.0348 -4.3637 2.2797
v  -0.1862 -0.0628 -9.4957
v  -0.5501 0.3268 -10.0511
v  -0.4381 0.8756 -10.0352
v  -0.1749 1.1790 -10.0289
v  -0.1677 -1.1913 -10.0944
v  -0.3972 -0.8924 -10.0705
v  -0.5125 -0.4379 -10.0424
v  -0.1788 -0.1219 -10.0387
v  -0.3593 3.7536 -6.3666
v  -1.1658 -0.7303 -6.3674
v  -0.3889 -3.5721 -5.6777
v  -0.8248 3.1813 -6.3922
v  -1.2121 1.1027 -6.3674
v  -0.9515 -2.6075 -5.6777
v  -1.2662 -1.4683 -1.4068
v  -0.3880 -5.3256 -0.4201
v  -0.3791 4.7082 -1.2521
v  -0.9919 3.4012 -1.2861
v  -1.3057 1.0680 -1.3824
v  -0.9376 -3.9924 -0.3798
v  -0.1046 -0.4636 -10.6686
v  -0.2430 -0.3881 -10.6080
v  -0.3003 -0.2883 -10.5305
v  -0.0895 -0.1666 -10.3929
v  -0.1670 0.5602 -10.5893
v  -0.3208 0.6428 -10.5333
v  -0.2588 0.7947 -10.4412
v  -0.1050 0.9082 -10.3924
v  -0.2044 -1.5531 -9.6615
v  -0.6272 -0.5137 -9.6615
v  -0.2092 1.4655 -9.6688
v  -0.5257 1.0525 -9.6651
v  -0.6625 0.2865 -9.6615
v  -0.5811 -1.4439 -9.1513
v  -0.8515 4.0261 -4.8138
v  -1.1787 2.8293 -3.5127
v  -1.0390 2.3840 -6.3926
v  -0.9563 3.6818 -2.0835
v  -0.3860 4.7041 -2.0557
v  -0.7872 2.9524 -6.7682
v  -0.3442 3.4504 -6.7750
v  -1.1555 2.8523 -2.5649
v  -0.8375 2.5703 -7.0809
v  -0.8753 3.2885 -6.0688
v  -1.0351 3.2208 -5.3877
v  -1.0561 3.2695 -5.0087
v  -1.2588 2.2829 -4.7699
v  -1.1468 2.9239 -5.0181
v  -1.0592 2.5887 -6.0424
v  -1.1224 2.8771 -5.3950
v  -0.9723 3.1948 -5.7025
v  -1.0641 2.8404 -5.6688
v  -1.1596 2.6187 -5.4120
v  -1.1887 2.6549 -5.0157
v  -1.1217 2.9810 -4.7486
v  -1.0307 3.3324 -4.7913
v  -0.9675 3.5121 -5.0373
v  -0.9376 3.4788 -5.4245
v  -0.9116 3.2463 -5.8860
v  -0.8655 3.6357 -5.5216
v  -0.9136 3.6794 -5.0118
v  -0.9964 3.4527 -4.6662
v  -1.1202 2.9700 -4.5899
v  -1.2116 2.5018 -4.9369
v  -1.1724 2.4472 -5.4751
v  -1.0444 2.7526 -5.8379
v  -1.1591 2.8816 -4.2567
v  -0.9666 3.7033 -4.3005
v  -0.8059 3.8289 -5.6180
v  -1.2048 2.2076 -5.5917
v  -1.3106 -1.3629 -2.3444
v  -1.4156 -0.3511 -2.8071
v  -1.3303 -1.2098 -3.1032
v  -1.2254 -2.2216 -2.6406
v  -0.1369 0.2642 -10.1702
v  -0.4519 0.5107 -10.3364
v  -0.3627 0.8176 -10.2671
v  -0.1462 1.0143 -10.2405
v  -0.1382 -0.7914 -10.4382
v  -0.3223 -0.6166 -10.3737
v  -0.4077 -0.3631 -10.2966
v  -0.1383 -0.1506 -10.2219
v  -1.3376 -1.2955 -2.7648
v  -1.3964 -0.6920 -2.9064
v  -1.3420 -1.2686 -2.9268
v  -1.2831 -1.8722 -2.7852
v  -1.4303 -1.3108 -2.4263
v  -1.4981 -0.3940 -2.3958
v  -1.4338 -1.3048 -2.4445
v  -1.3660 -2.2216 -2.4750
v  -1.5429 -1.3586 -1.8369
v  -1.4867 -1.3354 -2.1331
v  -1.3735 -1.2901 -2.7033
v  -1.6283 -0.1475 -1.6941
v  -1.5634 -0.2420 -2.0401
v  -1.4325 -0.6040 -2.7396
v  -1.5449 -1.3503 -1.8449
v  -1.4895 -1.3283 -2.1462
v  -1.3779 -1.2853 -2.7266
v  -1.4594 -2.5614 -1.9877
v  -1.4128 -2.4217 -2.2391
v  -1.3189 -1.9715 -2.6902
v  1.0395 -0.6940 -7.6500
v  0.2951 -2.3508 -8.4764
v  0.0020 -1.0201 14.2200
v  0.0015 1.8645 8.9235
v  0.1191 0.6890 -10.5931
v  0.9672 -0.8565 3.2115
v  0.3394 -4.1603 2.2556
v  0.3445 4.5789 1.5691
v  1.3087 -0.8439 -4.7166
v  0.4104 -3.9352 -4.6885
v  0.3836 4.1140 -5.6769
v  1.1155 -0.7165 -6.9283
v  0.3635 -3.1002 -6.9283
v  0.3351 2.7904 -7.6500
v  0.3469 3.1784 -7.0876
v  1.2416 -0.7601 -5.6777
v  0.3694 -3.3204 -6.3674
v  0.4022 4.4698 -4.6426
v  1.5716 -1.3678 -1.6921
v  0.4164 -4.4090 -3.5659
v  0.3960 4.6986 -2.6891
v  1.2154 -1.5064 -0.3566
v  0.4005 -5.1921 -1.2924
v  0.0013 5.9847 6.0251
v  0.5145 -0.6807 6.5806
v  0.0010 -4.8554 8.0638
v  0.6989 -0.7277 5.3079
v  0.0020 -5.4450 7.0379
v  0.0011 6.4036 3.9280
v  0.0011 5.4929 6.8382
v  0.2187 -0.3758 8.6717
v  0.0016 -4.2752 8.5189
v  0.3682 4.6829 -0.2985
v  1.1242 -1.1858 1.4444
v  0.0010 -5.6172 1.4417
v  0.0800 1.2548 9.1796
v  0.1976 0.3648 9.1789
v  0.0569 -1.1767 9.1598
v  0.2452 -1.9373 -9.1513
v  0.7454 -0.5907 -9.1513
v  0.2457 1.8536 -9.1734
v  0.8502 2.0781 -7.6500
v  1.0836 0.7765 -7.6500
v  0.6979 -1.7425 -8.4764
v  0.0022 2.5906 13.9134
v  0.0022 0.9474 14.3229
v  0.0019 -2.6396 13.6763
v  0.1004 -0.3091 -10.7181
v  0.1224 -0.2428 -10.6627
v  0.0961 0.8250 -10.5078
v  0.7794 3.2312 3.3848
v  1.0097 1.2675 3.3055
v  0.8166 -3.0658 2.2188
v  1.3576 1.2054 -4.6935
v  1.0037 -2.8696 -4.6886
v  0.9935 2.2053 -6.8460
v  1.1618 0.9729 -6.9283
v  0.8678 -2.2730 -6.9283
v  1.2891 1.1593 -5.6777
v  0.8968 -2.4273 -6.3674
v  0.9173 3.9592 -2.6912
v  1.3531 1.1231 -2.5714
v  1.0168 -3.2275 -3.5916
v  0.9623 3.3873 -0.3101
v  1.2599 1.0574 -0.3334
v  0.9738 -3.8968 -1.3258
v  0.4377 2.0770 6.5806
v  0.5478 0.7684 6.5806
v  0.3956 -2.0052 6.5806
v  0.5769 2.6589 5.3556
v  0.7360 1.0414 5.3317
v  0.6540 -2.6172 4.1447
v  0.2144 0.9542 8.6728
v  0.2459 0.3571 8.6857
v  0.2690 -1.5585 7.6961
v  0.8979 3.3902 1.5866
v  1.1699 1.1982 1.4970
v  0.9023 -3.7919 0.5134
v  0.1293 -0.8758 9.1393
v  0.1713 -0.3162 9.1648
v  0.1477 1.0920 9.7876
v  0.6190 1.3397 -9.1623
v  0.7828 0.4065 -9.1513
v  0.4856 -1.1581 -9.6615
v  0.0007 2.7604 8.0052
v  1.0573 -0.9722 2.2898
v  0.3107 -3.9207 3.0304
v  0.3566 4.6302 0.6474
v  0.0014 6.2680 4.9449
v  0.8477 -0.7830 4.2428
v  0.0017 -5.2798 7.5039
v  0.0010 6.4472 3.2847
v  0.3513 -0.5749 7.6961
v  0.0020 -2.2418 8.6049
v  1.1678 -1.4115 0.5517
v  0.0010 -5.0684 1.7451
v  0.0686 1.4521 9.7739
v  0.1557 0.4402 9.7685
v  0.0439 -1.2557 9.7374
v  0.8475 3.3576 2.4864
v  1.1016 1.2865 2.3584
v  0.7467 -2.8465 3.0962
v  0.6893 2.9956 4.3639
v  0.8878 1.1780 4.3219
v  0.5386 -2.3653 5.2840
v  0.3146 1.4771 7.6961
v  0.3813 0.5103 7.6961
v  0.2073 -1.2329 8.2822
v  0.9309 3.3764 0.6282
v  1.2144 1.0894 0.5900
v  0.8685 -3.3795 1.3917
v  0.0975 -0.9212 9.7576
v  0.1303 -0.3008 9.7584
v  0.1787 0.9368 9.1697
v  1.3315 -1.0356 -3.7056
v  0.4101 -4.8900 -2.3576
v  0.4071 4.6629 -3.5200
v  0.9349 3.9300 -3.5037
v  1.3820 1.2049 -3.6659
v  1.0000 -3.6250 -2.4300
v  0.8896 -0.6521 -8.4764
v  0.3454 -2.7655 -7.6500
v  0.2907 2.2811 -8.4911
v  0.7333 1.6701 -8.4838
v  0.9295 0.5649 -8.4764
v  0.8164 -2.0376 -7.6500
v  0.0021 4.2343 12.9211
v  0.1322 1.2233 10.3889
v  0.1347 0.4940 10.4002
v  0.1097 -0.3400 10.3756
v  0.0816 -1.1022 10.3105
v  0.0018 -4.1767 12.6213
v  0.0021 3.7351 13.3373
v  0.1322 1.2443 10.9005
v  0.1347 0.5225 10.9928
v  0.1097 -0.4153 10.9605
v  0.0816 -1.2383 10.7956
v  0.0018 -3.6365 13.0849
v  0.0012 2.1405 8.5475
v  0.2719 -0.4509 8.2894
v  0.2546 1.1481 8.2929
v  0.3002 0.4165 8.2929
v  0.0036 -1.8094 8.9332
v  0.1661 -1.0262 8.6405
v  0.0485 1.8310 10.1673
v  0.0971 1.7445 10.4511
v  0.0971 1.6781 10.9113
v  0.1003 1.3419 11.2638
v  0.1017 0.5738 11.4104
v  0.0887 -0.4983 11.3739
v  0.0741 -1.4122 11.1521
v  0.0705 -1.7535 10.7615
v  0.0705 -1.6627 10.3380
v  0.0353 -1.6013 10.0819
v  0.0174 3.0336 10.9013
v  0.0348 2.8945 11.2263
v  0.0348 2.5370 11.7852
v  0.0349 1.8352 12.3123
v  0.0349 0.7202 12.5643
v  0.0344 -0.7042 12.4968
v  0.0339 -1.9234 12.1425
v  0.0338 -2.5388 11.6492
v  0.0338 -2.7684 11.0762
v  0.0169 -2.8546 10.6784
v  0.0053 4.1291 12.3227
v  0.0099 3.6698 11.5095
v  0.0288 2.3731 10.4609
v  0.0107 3.9658 12.5027
v  0.0199 3.4906 11.8108
v  0.0576 2.2691 10.7417
v  0.0107 3.4405 12.9419
v  0.0199 2.9977 12.3530
v  0.0576 2.0740 11.2495
v  0.0108 2.3616 13.5215
v  0.0201 2.0977 12.9154
v  0.0577 1.5740 11.7122
v  0.0109 0.8673 13.8948
v  0.0202 0.7935 13.2279
v  0.0577 0.6472 11.9040
v  0.0103 -0.9296 13.7968
v  0.0193 -0.8166 13.1452
v  0.0573 -0.5924 11.8517
v  0.0096 -2.4485 13.2954
v  0.0183 -2.1853 12.7175
v  0.0567 -1.6629 11.5703
v  0.0094 -3.3694 12.7252
v  0.0180 -2.9465 12.1916
v  0.0566 -2.1332 11.1095
v  0.0094 -3.8728 12.2706
v  0.0180 -3.3611 11.6426
v  0.0566 -2.1666 10.6188
v  0.0047 -4.0979 12.0404
v  0.0090 -3.5625 11.2798
v  0.0283 -2.1445 10.3079
v  0.1326 1.2819 8.6618
v  0.0626 1.2533 8.8547
v  0.1909 4.6357 2.0471
v  0.3690 4.4673 2.5549
v  0.3436 4.3036 3.4156
v  0.3099 3.9936 4.3681
v  0.2680 3.5426 5.3646
v  0.2160 2.7906 6.5813
v  0.1700 2.0076 7.6946
v  0.1476 1.5424 8.2927
v  0.0422 -1.2812 8.8405
v  0.0932 -1.3837 8.6326
v  0.1106 -1.6627 8.2785
v  0.1368 -2.0968 7.6971
v  0.1904 -2.7199 6.5817
v  0.2511 -3.2451 5.2725
v  0.3000 -3.5986 4.1086
v  0.1623 -3.8536 3.4942
v  0.0510 1.4361 8.6851
v  0.0255 1.3748 9.3399
v  0.0300 4.7930 2.1200
v  0.0598 4.7230 2.5683
v  0.0592 4.5664 3.4247
v  0.0585 4.2485 4.3737
v  0.0576 3.7858 5.3731
v  0.0546 3.0164 6.6114
v  0.0517 2.1946 7.7307
v  0.0512 1.6989 8.3203
v  0.0003 4.2169 7.3875
v  0.0065 5.9712 2.5854
v  0.0130 5.9237 2.9409
v  0.0129 5.7851 3.7175
v  0.0129 5.5599 4.7000
v  0.0127 5.2071 5.7434
v  0.0066 4.5943 6.8151
v  0.0136 -1.3571 8.8706
v  0.0275 -1.5028 8.6673
v  0.0280 -1.8066 8.3129
v  0.0300 -2.2701 7.7307
v  0.0332 -2.9145 6.6022
v  0.0358 -3.4529 5.2957
v  0.0368 -3.8167 4.1202
v  0.0184 -4.0091 3.4953
v  0.0008 -3.2370 8.5675
v  0.0054 -3.5281 8.2249
v  0.0096 -4.1504 7.3935
v  0.0109 -4.6354 6.4739
v  0.0076 -4.9149 5.6449
v  0.0017 -5.0551 5.1902
v  0.0039 -1.5315 9.0974
v  0.0076 -1.7105 8.8345
v  0.0059 -2.1060 8.4981
v  0.0086 -2.6445 7.9012
v  0.0135 -3.3063 6.6980
v  0.0145 -3.8502 5.4071
v  0.0109 -4.2476 4.1816
v  0.0035 -4.4618 3.4974
v  0.0015 -3.7417 8.6197
v  0.0006 -2.7312 8.5354
v  0.0037 -4.0144 8.4033
v  0.0062 -3.0388 8.0552
v  0.0046 -4.6044 7.8268
v  0.0116 -3.6919 6.9559
v  0.0061 -5.0492 7.1478
v  0.0127 -4.2175 5.7933
v  0.0052 -5.2488 6.5742
v  0.0082 -4.5777 4.7061
v  0.0015 -5.3410 6.2674
v  0.0016 -4.7662 4.1021
v  0.0070 1.7320 8.8403
v  0.0037 1.4836 9.3900
v  0.0102 5.2525 2.2301
v  0.0203 5.1795 2.6510
v  0.0201 5.0198 3.4801
v  0.0199 4.7019 4.4291
v  0.0196 4.2392 5.4284
v  0.0126 3.4912 6.7621
v  0.0063 2.5891 7.9187
v  0.0068 2.0001 8.4715
v  0.0007 4.8866 7.2100
v  0.0002 3.5408 7.5927
v  0.0035 6.2864 2.9270
v  0.0078 5.6129 2.3407
v  0.0070 6.2668 3.1744
v  0.0155 5.5481 2.7513
v  0.0070 6.1814 3.8562
v  0.0154 5.3953 3.5741
v  0.0074 6.0160 4.8608
v  0.0152 5.1083 4.5343
v  0.0072 5.7162 5.9292
v  0.0150 4.6824 5.5484
v  0.0041 5.1884 6.8238
v  0.0076 3.9855 6.8184
v  0.0394 1.3255 9.0498
v  0.0009 1.6510 9.2339
v  0.0065 1.5625 9.1764
v  0.0510 1.3743 9.0679
v  0.0394 1.3449 9.2107
v  0.0394 1.3097 8.9082
v  0.0009 1.5718 9.3434
v  0.0018 1.7256 9.1137
v  0.0065 1.5061 9.3089
v  0.0073 1.6200 9.0470
v  0.0510 1.3799 9.2367
v  0.0172 1.4757 8.9700
v  0.0171 1.5572 8.7403
v  0.0086 1.4169 9.3842
v  0.0143 4.9702 2.1871
v  0.0285 4.9032 2.6131
v  0.0283 4.7496 3.4471
v  0.0279 4.4316 4.3961
v  0.0275 3.9690 5.3954
v  0.0223 3.2073 6.6695
v  0.0172 2.3544 7.8052
v  0.0171 1.8200 8.3755
v  0.0172 1.4502 9.1116
v  0.0172 1.4295 9.2764
v  0.0510 1.3696 8.9204
v  0.0051 -1.4183 8.9603
v  0.0103 -1.5851 8.7338
v  0.0103 -1.9282 8.3815
v  0.0132 -2.4206 7.7954
v  0.0170 -3.0728 6.6409
v  0.0183 -3.6134 5.3407
v  0.0164 -3.9977 4.1228
v  0.0070 -4.2060 3.4517
v  0.2022 -4.3668 1.9115
v  0.4120 -4.5431 1.3781
v  0.4270 -5.0461 0.5084
v  0.2173 -5.4346 0.0549
v  0.0016 -4.2326 2.7217
v  0.0234 -4.8308 1.5089
v  0.0240 -5.3150 0.7688
v  0.0121 -5.5712 0.4463
v  0.0011 -5.4435 1.3739
v  0.0022 -5.5198 1.2598
v  0.0012 -5.6371 1.1713
v  0.0258 -4.3241 2.2983
v  0.0132 -4.4092 2.3231
v  0.0013 -4.5306 2.4408
v  0.0013 -5.5419 1.4362
v  0.0025 -5.5709 1.3647
v  0.0013 -5.6416 1.3352
v  0.0013 -4.2878 2.7319
v  0.0014 -4.2000 2.6998
v  0.0081 -4.9759 1.6386
v  0.0675 -4.7348 1.4229
v  0.0080 -5.4276 1.0486
v  0.0690 -5.2322 0.5849
v  0.0041 -5.6106 0.8582
v  0.0349 -5.5296 0.1771
v  0.0054 -4.4816 2.3781
v  0.0348 -4.3637 2.2797
v  0.1862 -0.0628 -9.4957
v  0.5501 0.3268 -10.0511
v  0.4381 0.8756 -10.0352
v  0.1749 1.1790 -10.0289
v  0.1677 -1.1913 -10.0944
v  0.3972 -0.8924 -10.0705
v  0.5125 -0.4379 -10.0424
v  0.1788 -0.1219 -10.0387
v  0.3593 3.7536 -6.3666
v  1.1658 -0.7303 -6.3674
v  0.3889 -3.5721 -5.6777
v  0.8248 3.1813 -6.3922
v  1.2121 1.1027 -6.3674
v  0.9515 -2.6075 -5.6777
v  1.2662 -1.4683 -1.4068
v  0.3880 -5.3256 -0.4201
v  0.3791 4.7082 -1.2521
v  0.9919 3.4012 -1.2861
v  1.3057 1.0680 -1.3824
v  0.9376 -3.9924 -0.3798
v  0.1046 -0.4636 -10.6686
v  0.2430 -0.3881 -10.6080
v  0.3003 -0.2883 -10.5305
v  0.0895 -0.1666 -10.3929
v  0.1670 0.5602 -10.5893
v  0.3208 0.6428 -10.5333
v  0.2588 0.7947 -10.4412
v  0.1050 0.9082 -10.3924
v  0.2044 -1.5531 -9.6615
v  0.6272 -0.5137 -9.6615
v  0.2092 1.4655 -9.6688
v  0.5257 1.0525 -9.6651
v  0.6625 0.2865 -9.6615
v  0.5811 -1.4439 -9.1513
v  0.8515 4.0261 -4.8138
v  1.1787 2.8293 -3.5127
v  1.0390 2.3840 -6.3926
v  0.9563 3.6818 -2.0835
v  0.3860 4.7041 -2.0557
v  0.7872 2.9524 -6.7682
v  0.3442 3.4504 -6.7750
v  1.1555 2.8523 -2.5649
v  0.8375 2.5703 -7.0809
v  0.8753 3.2885 -6.0688
v  1.0351 3.2208 -5.3877
v  1.0562 3.2695 -5.0087
v  1.2588 2.2829 -4.7699
v  1.1468 2.9239 -5.0181
v  1.0592 2.5887 -6.0424
v  1.1224 2.8771 -5.3950
v  0.9723 3.1948 -5.7025
v  1.0641 2.8404 -5.6688
v  1.1596 2.6187 -5.4120
v  1.1887 2.6549 -5.0157
v  1.1217 2.9810 -4.7486
v  1.0307 3.3324 -4.7913
v  0.9675 3.5121 -5.0373
v  0.9376 3.4788 -5.4245
v  0.9116 3.2463 -5.8860
v  0.8655 3.6357 -5.5216
v  0.9136 3.6794 -5.0118
v  0.9964 3.4527 -4.6662
v  1.1202 2.9700 -4.5899
v  1.2116 2.5018 -4.9369
v  1.1724 2.4472 -5.4751
v  1.0444 2.7526 -5.8379
v  1.1591 2.8816 -4.2567
v  0.9666 3.7033 -4.3005
v  0.8059 3.8289 -5.6180
v  1.2048 2.2076 -5.5917
v  1.3106 -1.3629 -2.3444
v  1.4156 -0.3511 -2.8071
v  1.3303 -1.2098 -3.1032
v  1.2254 -2.2216 -2.6406
v  0.1369 0.2642 -10.1702
v  0.4519 0.5107 -10.3364
v  0.3627 0.8176 -10.2671
v  0.1462 1.0143 -10.2405
v  0.1382 -0.7914 -10.4382
v  0.3223 -0.6166 -10.3737
v  0.4077 -0.3631 -10.2966
v  0.1383 -0.1506 -10.2219
v  1.3376 -1.2955 -2.7648
v  1.3964 -0.6920 -2.9064
v  1.3420 -1.2686 -2.9268
v  1.2831 -1.8722 -2.7852
v  1.4303 -1.3108 -2.4263
v  1.4981 -0.3940 -2.3958
v  1.4339 -1.3048 -2.4445
v  1.3660 -2.2216 -2.4750
v  1.5429 -1.3586 -1.8369
v  1.4867 -1.3354 -2.1331
v  1.3735 -1.2901 -2.7033
v  1.6283 -0.1475 -1.6941
v  1.5634 -0.2420 -2.0401
v  1.4325 -0.6040 -2.7396
v  1.5449 -1.3503 -1.8449
v  1.4895 -1.3283 -2.1462
v  1.3779 -1.2853 -2.7266
v  1.4594 -2.5614 -1.9877
v  1.4128 -2.4217 -2.2391
v  1.3189 -1.9715 -2.6902
v  -0.1773 0.4599 -10.5195
v  0.1773 0.4599 -10.5195
v  0.4169 0.3141 -10.3578
v  0.5313 -0.0066 -10.0551
v  0.5250 -0.2054 -10.0178
v  0.4081 -0.2356 -10.2473
v  0.2898 -0.2406 -10.4628
v  0.1150 -0.2260 -10.5873
v  -0.1150 -0.2260 -10.5873
v  -0.2898 -0.2406 -10.4628
v  -0.4081 -0.2356 -10.2473
v  -0.5250 -0.2054 -10.0178
v  -0.5313 -0.0066 -10.0551
v  -0.4169 0.3141 -10.3578
v  -0.2357 -0.1918 -9.9152
v  0.2357 -0.1918 -9.9152
v  0.4294 -0.2040 -10.0026
v  0.3294 -0.2332 -10.2132
v  0.2217 -0.2448 -10.4107
v  0.0861 -0.2352 -10.5122
v  -0.0861 -0.2352 -10.5122
v  -0.2217 -0.2448 -10.4107
v  -0.3294 -0.2332 -10.2132
v  -0.4294 -0.2040 -10.0026
v  -0.2034 -0.1729 -9.9284
v  0.2034 -0.1729 -9.9284
v  0.3794 -0.1841 -10.0011
v  0.2935 -0.2136 -10.1964
v  0.1899 -0.2287 -10.3871
v  0.0725 -0.2214 -10.4784
v  -0.0724 -0.2214 -10.4784
v  -0.1899 -0.2287 -10.3871
v  -0.2935 -0.2136 -10.1964
v  -0.3794 -0.1841 -10.0011
v  -0.1987 -0.1321 -9.9426
v  0.1987 -0.1321 -9.9426
v  0.3708 -0.1480 -10.0100
v  0.2868 -0.1768 -10.1972
v  0.1856 -0.1916 -10.3835
v  0.0708 -0.1845 -10.4727
v  -0.0708 -0.1845 -10.4727
v  -0.1856 -0.1916 -10.3835
v  -0.2868 -0.1768 -10.1972
v  -0.3708 -0.1480 -10.0100
v  -0.2376 -0.1811 -9.8349
v  -0.4305 -0.0084 -9.9775
v  -0.3184 0.2683 -10.2420
v  -0.1255 0.3890 -10.3734
v  0.1255 0.3890 -10.3734
v  0.3184 0.2683 -10.2420
v  0.4306 -0.0084 -9.9775
v  0.2376 -0.1811 -9.8349
v  -0.1676 0.1386 -9.9357
v  0.1676 0.1386 -9.9357
v  0.3725 -0.0227 -9.8011
v  0.2048 -0.1681 -9.6894
v  -0.2048 -0.1681 -9.6894
v  -0.3725 -0.0227 -9.8011
v  -0.1676 0.0695 -9.6652
v  0.1676 0.0695 -9.6652
v  0.3725 -0.0549 -9.5891
v  0.2048 -0.1633 -9.5361
v  -0.2048 -0.1633 -9.5361
v  -0.3725 -0.0549 -9.5891
v  0.0000 2.3439 -8.4911
v  -0.5434 -2.1411 -8.4764
v  -0.1954 0.9165 8.8882
v  -0.1800 1.1535 8.6669
v  -0.6327 -1.5932 -8.8538
v  -0.0565 -1.2324 8.9260
v  -0.2671 -2.1426 -8.8538
v  -0.0785 1.2284 8.9442
v  -0.2654 2.0468 -8.8777
v  -0.6285 -3.8235 2.2063
v  -0.6551 4.1845 1.6138
v  -0.8471 -3.2002 1.8181
v  -0.3123 -4.2706 1.9980
v  -0.3031 4.5805 1.9173
v  0.0000 4.5578 -4.6426
v  -0.7639 -3.5914 -4.6885
v  0.0000 -3.3899 -6.3674
v  -0.6809 3.9604 -5.6622
v  -0.9798 -2.7307 -5.2097
v  -0.4006 -3.7434 -5.2097
v  -0.3937 4.3009 -5.1980
v  0.0000 3.5288 -6.7761
v  -0.6714 -2.8266 -6.9283
v  0.0000 -2.8282 -7.6500
v  -0.6315 2.5423 -7.6500
v  -0.8525 -2.1694 -7.2651
v  -0.3595 -2.9517 -7.2651
v  -0.3463 3.0147 -7.3049
v  0.0000 -3.1670 -6.9283
v  -0.6270 3.2475 -6.7722
v  0.0000 4.1964 -5.6769
v  -0.6860 -3.0277 -6.3674
v  -0.3489 3.5955 -6.5932
v  -0.8775 -2.3563 -6.6318
v  -0.3645 -3.2200 -6.6318
v  0.0000 -4.0127 -4.6885
v  -0.7156 4.2710 -4.6854
v  0.0000 4.7591 -3.5200
v  -0.7747 -4.0306 -3.5723
v  -0.4073 4.5981 -4.0651
v  -1.0177 -3.0325 -4.1405
v  -0.4163 -4.1547 -4.1340
v  0.0000 -4.9784 -2.3576
v  -0.7216 4.3516 -2.0623
v  0.0000 4.7795 -0.2985
v  -0.7440 -4.7768 -1.2960
v  -0.3835 4.7066 -1.6890
v  -0.9893 -3.7861 -1.8478
v  -0.4060 -5.0702 -1.7746
v  -0.4377 3.2463 5.3638
v  -0.3129 -2.4839 6.5809
v  -0.0011 5.7540 6.4925
v  -0.4740 -2.2103 5.8983
v  -0.0013 -5.1103 7.7597
v  -0.5111 -3.2903 4.1101
v  0.0000 -3.9940 3.0313
v  -0.5817 3.9504 3.4090
v  -0.7061 -2.7355 3.6030
v  -0.2664 -3.8428 3.3621
v  -0.0012 6.3359 4.4147
v  -0.3387 2.5475 6.5808
v  -0.2158 -1.9135 7.6963
v  -0.0003 3.1774 7.7531
v  -0.3212 -1.7785 7.2176
v  -0.0015 -4.5615 8.3417
v  0.0000 -5.2836 -1.2971
v  -0.7008 4.2625 -0.3014
v  0.0000 4.7262 0.6474
v  -0.7070 -4.6578 0.5026
v  -0.3625 4.6565 0.1787
v  -0.9196 -3.9473 0.0705
v  -0.3421 -5.3731 -0.0811
v  -0.0608 1.6195 10.0152
v  -0.1361 1.1778 10.0895
v  -0.0384 -1.4112 9.9584
v  0.0000 -1.2143 9.1734
v  0.0000 1.3014 9.1868
v  -0.1447 1.1287 9.1699
v  -0.1035 -1.0639 9.1410
v  -0.1843 -1.3726 -9.8959
v  -0.4382 -1.0234 -9.8900
v  -0.1907 1.2862 -9.8814
v  0.0000 1.9100 -9.1734
v  0.0000 -1.6010 -9.6615
v  -0.4517 -1.7613 -9.1513
v  -0.4619 1.6687 -9.1706
v  -0.2202 0.3448 8.9066
v  -0.1934 -0.3432 8.8891
v  -0.1465 -0.9396 8.8508
v  -0.8097 -0.6255 -8.8538
v  -0.8482 0.4764 -8.8538
v  -0.6695 1.4889 -8.8657
v  -1.0966 -1.0615 1.8789
v  -1.1417 1.2586 1.9391
v  -0.8771 3.3874 2.0603
v  -1.2780 -0.7906 -5.2167
v  -1.3263 1.1755 -5.2109
v  -1.2430 2.1977 -5.2082
v  -1.0895 -0.7093 -7.2651
v  -1.1356 0.8825 -7.2651
v  -0.8703 2.3066 -7.3032
v  -1.1350 -0.7215 -6.6318
v  -1.1811 1.0467 -6.6318
v  -1.0111 2.2969 -6.6175
v  -1.3284 -0.9242 -4.2040
v  -1.3779 1.2236 -4.1653
v  -1.1779 2.8314 -3.9460
v  -1.2897 -1.4174 -1.9353
v  -1.3288 1.0870 -1.9693
v  -0.9904 3.4713 -1.7346
v  -0.6156 -0.7032 5.9043
v  -0.6509 0.9343 5.9102
v  -0.5141 2.4215 5.9162
v  -0.9148 -0.8163 3.7307
v  -0.9562 1.2298 3.8292
v  -0.7399 3.1308 3.8777
v  -0.4187 -0.6435 7.2176
v  -0.4500 0.6062 7.2176
v  -0.3654 1.7281 7.2176
v  -1.1906 -1.4772 0.1014
v  -1.2369 1.0653 0.1324
v  -0.9470 3.3776 0.1633
v  -0.1400 0.4734 10.0722
v  -0.1149 -0.3149 10.0571
v  -0.0855 -1.0154 10.0413
v  -0.5676 -0.4757 -9.8829
v  -0.6030 0.2669 -9.8851
v  -0.4790 0.9314 -9.8821
v  -0.9985 1.4666 -7.6500
v  -1.0993 0.0442 -7.6500
v  -0.7996 -1.2233 -8.4764
v  -0.0022 1.8220 14.1653
v  -0.0021 -0.0083 14.3524
v  -0.0019 -1.9449 13.9774
v  -0.1133 -0.2701 -10.6955
v  -0.2535 -0.1891 -9.8890
v  -0.1109 0.7556 -10.5591
v  -0.9258 2.2893 3.3484
v  -1.0254 0.2057 3.2589
v  -0.9457 -2.0583 2.2582
v  -1.2963 1.9419 -4.6871
v  -1.3820 0.2259 -4.7248
v  -1.1714 -1.9079 -4.6956
v  -1.0894 1.6942 -6.9078
v  -1.1806 0.1373 -6.9283
v  -1.0000 -1.5370 -6.9283
v  -1.2336 1.8672 -5.6562
v  -1.3116 0.2336 -5.6777
v  -1.0430 -1.6259 -6.3674
v  -1.2614 2.1395 -2.5020
v  -1.4111 0.1704 -2.6981
v  -1.1875 -2.1718 -3.6329
v  -1.1497 2.2536 -0.3218
v  -1.2846 -0.1973 -0.3450
v  -1.1333 -2.7335 -1.3675
v  -0.5088 1.4578 6.5806
v  -0.5509 0.0439 6.5806
v  -0.4567 -1.3741 6.5806
v  -0.6787 1.8881 5.3436
v  -0.7442 0.1569 5.3198
v  -0.7569 -1.7310 4.1947
v  -0.2364 0.6876 8.6793
v  -0.2408 -0.0074 8.6854
v  -0.3097 -1.0921 7.6961
v  -1.0704 2.3451 1.5326
v  -1.1900 0.0033 1.4707
v  -1.0452 -2.6444 0.5326
v  -0.1476 -0.6230 9.1490
v  -0.1912 0.0209 9.1776
v  -0.1549 0.7969 9.7760
v  -0.7238 0.9058 -9.1541
v  -0.7916 -0.1088 -9.1513
v  -0.5594 -0.8474 -9.6615
v  -0.2511 1.8219 7.6957
v  -0.5751 -3.5788 3.0459
v  -0.6785 4.2207 0.6426
v  -0.5176 3.6629 4.3699
v  -0.4226 -2.9618 5.2752
v  0.0000 -4.2234 2.2958
v  -0.6301 4.1039 2.5469
v  -0.1685 -1.5140 8.2795
v  0.0000 4.6761 1.5288
v  -0.6809 -4.1742 1.3752
v  0.0000 -1.2896 9.7255
v  0.0000 1.4999 9.7603
v  -0.1227 1.3143 9.7909
v  -0.0792 -1.1382 9.7544
v  -1.0088 2.3709 2.4109
v  -1.1199 0.1552 2.3207
v  -0.8645 -1.8852 3.1588
v  -0.8157 2.1234 4.3484
v  -0.9002 0.1967 4.2861
v  -0.6228 -1.5793 5.2959
v  -0.3585 1.0233 7.6961
v  -0.3799 -0.0323 7.6961
v  -0.2381 -0.8638 8.2858
v  -1.1106 2.2738 0.6091
v  -1.2357 -0.1484 0.5708
v  -1.0059 -2.3273 1.4181
v  -0.1106 -0.6327 9.7559
v  -0.1481 0.0613 9.7632
v  -0.1927 0.6814 9.1743
v  -0.0011 2.3835 8.2897
v  -1.0122 -0.9073 2.7197
v  -0.3251 -4.0417 2.6210
v  -0.3506 4.6043 1.1100
v  -0.0015 6.1632 5.4910
v  -0.7733 -0.7542 4.7633
v  -0.0014 -5.3845 7.2716
v  -0.0010 6.4483 3.5347
v  -0.3049 -0.5018 8.0440
v  -0.0009 -2.4827 8.5499
v  -1.1460 -1.3131 0.9980
v  -0.0008 -5.3249 1.4510
v  -0.0743 1.3301 9.4824
v  -0.1766 0.4017 9.4753
v  -0.0504 -1.1669 9.4581
v  -0.8134 3.3043 2.9121
v  -1.0557 1.2876 2.7991
v  -0.7817 -2.9550 2.6321
v  -0.6331 2.8351 4.8533
v  -0.8119 1.1144 4.8130
v  -0.5963 -2.4933 4.7090
v  -0.2795 1.2939 8.0449
v  -0.3339 0.4555 8.0449
v  -0.2329 -1.3687 8.0422
v  -0.9144 3.3814 1.0982
v  -1.1922 1.1327 1.0435
v  -0.8854 -3.5835 0.9526
v  -0.1134 -0.8609 9.4576
v  -0.1508 -0.3003 9.4655
v  -0.1632 1.0003 9.4815
v  0.0000 4.8011 -2.0560
v  -0.7626 -4.4853 -2.3757
v  0.0000 -4.4920 -3.5659
v  -0.7427 4.3834 -3.5159
v  -1.2911 2.1430 -3.5636
v  -1.4095 0.1127 -3.7399
v  -1.1462 -2.7300 -2.5188
v  -1.3287 -1.1427 -3.3093
v  -0.4134 -4.6651 -2.9764
v  -0.4030 4.6883 -3.0478
v  -0.9273 3.9503 -3.0487
v  -1.3728 1.1658 -3.1499
v  -1.0083 -3.4324 -3.0265
v  0.0000 2.8605 -7.6500
v  -0.6358 -2.5208 -7.6500
v  0.0000 -2.4084 -8.4764
v  -0.5467 2.0655 -8.4893
v  -0.8583 1.1511 -8.4782
v  -0.9416 -0.0492 -8.4764
v  -0.9349 -1.4005 -7.6500
v  -0.9709 -0.6739 -8.0611
v  -0.3232 -2.5593 -8.0611
v  -0.3159 2.5358 -8.0648
v  -0.7977 1.8706 -8.0630
v  -1.0126 0.6667 -8.0611
v  -0.7634 -1.8909 -8.0611
v  -0.0021 3.2344 13.6199
v  -0.1242 1.2664 11.0980
v  -0.1265 0.5424 11.2235
v  -0.1045 -0.4584 11.1922
v  -0.0797 -1.3082 10.9962
v  -0.0018 -3.1787 13.3632
v  -0.1202 1.5065 10.4000
v  -0.1360 0.8881 10.3962
v  -0.1266 0.0737 10.3952
v  -0.0921 -0.7358 10.3459
v  -0.0753 -1.4182 10.2983
v  -0.1202 1.4876 10.8665
v  -0.1360 0.9291 10.9602
v  -0.1266 0.0620 10.9942
v  -0.0921 -0.8638 10.8937
v  -0.0753 -1.5358 10.7303
v  -0.0021 4.0744 13.0947
v  -0.1322 1.2413 10.6659
v  -0.1347 0.5084 10.7184
v  -0.1097 -0.3741 10.6860
v  -0.0816 -1.1778 10.5629
v  -0.0018 -3.9801 12.8385
v  -0.2085 1.3961 8.2928
v  -0.2853 0.8158 8.2929
v  -0.2966 -0.0167 8.2920
v  -0.1369 -1.2556 8.6331
v  -0.1902 -0.7236 8.6537
v  -0.0013 1.9835 8.7637
v  -0.2454 -0.4123 8.4820
v  -0.2346 1.0361 8.4867
v  -0.2732 0.3861 8.4899
v  -0.0031 -2.0152 8.7246
v  -0.1868 -1.1268 8.4653
v  -0.0364 2.0833 10.2944
v  -0.0728 1.9833 10.5593
v  -0.0728 1.8592 11.0379
v  -0.0738 1.4510 11.4509
v  -0.0741 0.6107 11.6164
v  -0.0703 -0.5411 11.5717
v  -0.0661 -1.5354 11.3234
v  -0.0650 -1.9374 10.8883
v  -0.0650 -1.8930 10.4410
v  -0.0325 -1.8408 10.1757
v  0.0000 1.8728 10.1436
v  -0.0849 1.7675 10.2619
v  -0.0971 1.7265 10.6844
v  -0.0979 1.5623 11.1113
v  -0.1023 1.0135 11.3648
v  -0.0975 0.0581 11.4102
v  -0.0796 -1.0152 11.2913
v  -0.0714 -1.6660 10.9708
v  -0.0705 -1.7330 10.5440
v  -0.0617 -1.5997 10.1739
v  0.0000 -1.6182 10.0539
v  -0.0029 4.2430 12.7020
v  -0.0053 4.1306 12.7935
v  -0.0053 3.6210 13.1921
v  -0.0054 2.4851 13.7718
v  -0.0054 0.9058 14.1694
v  -0.0051 -0.9806 14.0664
v  -0.0047 -2.5624 13.5358
v  -0.0046 -3.5458 12.9463
v  -0.0046 -4.0616 12.5102
v  -0.0025 -4.2186 12.3748
v  0.0000 -4.2159 12.6446
v  0.0000 -3.6605 13.1335
v  0.0000 -2.6691 13.7215
v  0.0000 -1.0369 14.2679
v  0.0000 0.9690 14.3694
v  0.0000 2.6387 13.9571
v  0.0000 3.7756 13.3837
v  0.0000 4.2709 12.9441
v  0.0000 4.1600 12.3060
v  -0.0504 2.3215 10.5635
v  -0.0576 2.1939 10.9767
v  -0.0576 1.8778 11.5110
v  -0.0578 1.1634 11.8457
v  -0.0576 0.0528 11.9013
v  -0.0569 -1.1953 11.7448
v  -0.0566 -1.9804 11.3509
v  -0.0566 -2.1769 10.8606
v  -0.0495 -2.1425 10.4219
v  0.0000 -2.1520 10.2716
v  0.0000 3.6851 11.4729
v  0.0000 3.0472 10.8594
v  0.0000 2.3986 10.4285
v  -0.0304 2.9853 11.0245
v  -0.0174 3.6097 11.6215
v  -0.0093 4.0575 12.3844
v  -0.0348 2.7491 11.4866
v  -0.0199 3.2931 12.0603
v  -0.0107 3.7836 12.6857
v  -0.0348 2.2389 12.0758
v  -0.0199 2.6005 12.6508
v  -0.0107 2.9590 13.2332
v  -0.0349 1.3282 12.4800
v  -0.0202 1.4939 13.1175
v  -0.0109 1.6604 13.7583
v  -0.0348 0.0348 12.5687
v  -0.0199 0.0167 13.2394
v  -0.0107 -0.0015 13.9135
v  -0.0341 -1.3920 12.3532
v  -0.0187 -1.5896 12.9647
v  -0.0099 -1.7882 13.5793
v  -0.0338 -2.3039 11.8970
v  -0.0181 -2.6291 12.4457
v  -0.0095 -2.9593 12.9943
v  -0.0338 -2.6773 11.3815
v  -0.0180 -3.1772 11.9317
v  -0.0094 -3.6752 12.4850
v  -0.0296 -2.8237 10.8148
v  -0.0158 -3.4917 11.4001
v  -0.0083 -4.0009 12.1123
v  0.0000 -2.8639 10.6416
v  0.0000 -3.5830 11.2502
v  0.0000 -4.1387 12.0260
v  -0.0081 3.9267 11.8898
v  -0.0125 3.3687 11.1805
v  -0.0233 2.6925 10.6641
v  -0.0162 3.7494 12.1435
v  -0.0250 3.2016 11.5050
v  -0.0465 2.5800 10.9726
v  -0.0162 3.2230 12.6433
v  -0.0250 2.7679 12.0680
v  -0.0465 2.3055 11.5104
v  -0.0164 2.2293 13.2177
v  -0.0252 1.9665 12.6139
v  -0.0466 1.7042 12.0115
v  -0.0165 0.8303 13.5605
v  -0.0253 0.7569 12.8961
v  -0.0466 0.6836 12.2333
v  -0.0156 -0.8730 13.4702
v  -0.0245 -0.7604 12.8210
v  -0.0463 -0.6482 12.1734
v  -0.0147 -2.3166 13.0058
v  -0.0236 -2.0544 12.4300
v  -0.0460 -1.7928 11.8556
v  -0.0145 -3.1541 12.4606
v  -0.0234 -2.7427 11.9204
v  -0.0460 -2.3355 11.3787
v  -0.0145 -3.6321 11.9616
v  -0.0234 -3.0698 11.3390
v  -0.0460 -2.4647 10.8407
v  -0.0072 -3.8632 11.6611
v  -0.0117 -3.2187 10.9383
v  -0.0230 -2.4899 10.4763
v  -0.0854 1.3670 8.6654
v  -0.0452 1.2926 8.8598
v  -0.0768 4.7160 2.0756
v  -0.1503 4.6171 2.5491
v  -0.1434 4.4545 3.4168
v  -0.1343 4.1385 4.3667
v  -0.1229 3.6788 5.3653
v  -0.1083 2.9117 6.5892
v  -0.0954 2.1075 7.7029
v  -0.0894 1.6292 8.2995
v  -0.1401 1.3821 8.4850
v  -0.1114 1.2396 8.7947
v  0.0000 1.2740 8.8665
v  -0.3308 4.5396 2.2263
v  -0.3563 4.3961 2.9717
v  -0.3288 4.1746 3.8825
v  -0.2890 3.7774 4.8647
v  -0.2445 3.2326 5.9196
v  -0.1890 2.3408 7.2172
v  -0.1569 1.7538 8.0431
v  -0.0244 -1.3228 8.8423
v  -0.0513 -1.4523 8.6428
v  -0.0563 -1.7399 8.2870
v  -0.0641 -2.1888 7.7060
v  -0.0800 -2.8259 6.5873
v  -0.0977 -3.3604 5.2786
v  -0.1116 -3.7162 4.1190
v  -0.0592 -3.9200 3.5107
v  0.0000 -1.2945 8.8587
v  -0.0761 -1.2935 8.7703
v  -0.1020 -1.5180 8.4584
v  -0.1215 -1.8461 8.0417
v  -0.1589 -2.3947 7.2189
v  -0.2237 -3.0206 5.8959
v  -0.2756 -3.4267 4.6854
v  -0.2778 -3.7460 3.6692
v  -0.0036 1.8226 8.8974
v  -0.0017 1.7798 9.0369
v  0.0000 2.1506 8.5511
v  -0.0088 5.4329 2.2717
v  -0.0174 5.3617 2.6886
v  -0.0173 5.2035 3.5146
v  -0.0171 4.8933 4.4663
v  -0.0168 4.4398 5.4694
v  -0.0092 3.7095 6.8081
v  -0.0024 2.7098 7.9786
v  -0.0032 2.0953 8.5249
v  -0.0511 1.5362 8.5127
v  -0.0171 1.5024 8.8790
v  -0.0525 4.7665 2.2559
v  -0.0595 4.6579 2.9827
v  -0.0589 4.4346 3.8899
v  -0.0581 4.0262 4.8701
v  -0.0566 3.4688 5.9358
v  -0.0525 2.5509 7.2573
v  -0.0514 1.9198 8.0717
v  -0.0010 5.2032 7.0737
v  0.0000 6.4135 3.9302
v  -0.0017 6.3949 3.1061
v  -0.0030 6.3900 3.2616
v  -0.0031 6.3381 3.9078
v  -0.0036 6.1948 4.9210
v  -0.0035 5.9073 5.9976
v  -0.0024 5.4095 6.8296
v  -0.0022 3.6477 7.3921
v  -0.0136 5.5883 2.4652
v  -0.0154 5.4858 3.1405
v  -0.0153 5.2712 4.0421
v  -0.0151 4.9107 5.0400
v  -0.0131 4.3864 6.1207
v  -0.0037 -1.6423 9.1009
v  -0.0064 -1.7775 8.8922
v  -0.0039 -2.1987 8.5661
v  -0.0066 -2.8177 7.9766
v  -0.0120 -3.4803 6.7814
v  -0.0129 -4.0207 5.5257
v  -0.0086 -4.4104 4.3391
v  -0.0020 -4.6175 3.6776
v  -0.0239 -1.3971 8.8104
v  -0.0278 -1.6480 8.4864
v  -0.0287 -2.0052 8.0824
v  -0.0317 -2.5803 7.2424
v  -0.0347 -3.2222 5.9175
v  -0.0366 -3.6399 4.7067
v  -0.0322 -3.9506 3.6714
v  -0.0025 -4.0006 8.6075
v  -0.0037 -4.2006 8.4766
v  -0.0029 -4.7801 7.9938
v  -0.0031 -5.2098 7.4045
v  -0.0029 -5.3809 6.9213
v  -0.0014 -5.4382 6.7280
v  0.0001 -5.2922 7.5143
v  -0.0001 -4.8680 8.0745
v  0.0000 -2.7385 8.5476
v  -0.0023 -2.8007 8.4032
v  -0.0100 -3.3632 7.5524
v  -0.0122 -3.9887 6.3435
v  -0.0119 -4.4050 5.2619
v  -0.0041 -4.7075 4.2712
v  0.0000 -4.7778 4.0841
v  -0.0067 -1.5763 9.0168
v  -0.0071 -1.8988 8.6339
v  -0.0058 -2.3489 8.2971
v  -0.0119 -2.9709 7.3537
v  -0.0141 -3.6122 6.0204
v  -0.0138 -4.0515 4.8102
v  -0.0070 -4.3978 3.6883
v  -0.0042 -1.4619 9.0187
v  -0.0085 -1.6369 8.7763
v  -0.0080 -2.0027 8.4276
v  -0.0111 -2.5138 7.8379
v  -0.0154 -3.1704 6.6648
v  -0.0166 -3.7123 5.3685
v  -0.0139 -4.1048 4.1404
v  -0.0054 -4.3182 3.4570
v  -0.0023 -3.3029 8.4681
v  -0.0034 -3.8034 8.5504
v  -0.0083 -3.8361 7.8595
v  -0.0047 -4.3047 8.1662
v  -0.0101 -4.4304 6.9055
v  -0.0052 -4.8678 7.4618
v  -0.0105 -4.7891 6.0650
v  -0.0057 -5.1693 6.8602
v  -0.0040 -5.0060 5.3183
v  -0.0030 -5.3015 6.3550
v  0.0000 -5.0691 5.1758
v  -0.0011 -3.4900 8.5936
v  -0.0007 -2.9838 8.5463
v  -0.0046 -3.7718 8.3143
v  -0.0061 -3.2836 8.1377
v  -0.0073 -4.3780 7.6107
v  -0.0113 -3.9217 7.1752
v  -0.0085 -4.8428 6.8117
v  -0.0125 -4.4270 6.1344
v  -0.0062 -5.0823 6.1107
v  -0.0083 -4.7467 5.1767
v  -0.0016 -5.1984 5.7302
v  -0.0017 -4.9110 4.6475
v  -0.0068 1.8403 8.6755
v  -0.0073 1.6627 8.9646
v  -0.0178 5.2253 2.3592
v  -0.0202 5.1121 3.0449
v  -0.0200 4.8880 3.9453
v  -0.0197 4.4796 4.9255
v  -0.0177 3.9275 6.0150
v  -0.0076 3.0164 7.4649
v  -0.0067 2.2402 8.2215
v  -0.0116 1.6309 8.7790
v  -0.0059 1.4445 9.3879
v  -0.0121 5.0917 2.2053
v  -0.0240 5.0204 2.6291
v  -0.0238 4.8625 3.4609
v  -0.0235 4.5445 4.4099
v  -0.0231 4.0819 5.4092
v  -0.0171 3.3255 6.7070
v  -0.0115 2.4526 7.8520
v  -0.0115 1.8950 8.4132
v  -0.0020 4.3098 7.2358
v  -0.0020 4.9592 7.1052
v  -0.0114 5.9525 2.6916
v  -0.0062 6.2715 3.0022
v  -0.0129 5.8721 3.2954
v  -0.0070 6.2457 3.4551
v  -0.0129 5.6765 4.1910
v  -0.0072 6.0971 4.3379
v  -0.0128 5.4114 5.2242
v  -0.0074 5.9013 5.3997
v  -0.0110 4.9377 6.2696
v  -0.0062 5.4741 6.4153
v  -0.0005 4.5542 7.2978
v  -0.0002 3.8780 7.4841
v  -0.0055 6.1392 2.7518
v  -0.0071 5.7923 2.4432
v  -0.0110 6.1030 3.0564
v  -0.0141 5.7362 2.8363
v  -0.0109 5.9812 3.7878
v  -0.0140 5.5907 3.6460
v  -0.0110 5.7862 4.7814
v  -0.0139 5.3347 4.6174
v  -0.0108 5.4648 5.8383
v  -0.0137 4.9454 5.6461
v  -0.0057 4.8949 6.8195
v  -0.0070 4.2901 6.8138
v  -0.0359 1.3572 9.2877
v  0.0000 1.3705 9.3445
v  -0.0020 1.5280 9.3790
v  -0.0062 1.4863 9.3616
v  -0.0150 1.4224 9.3486
v  -0.0620 1.3279 8.9048
v  0.0000 1.3066 8.9146
v  -0.0040 1.6923 9.0899
v  -0.0117 1.5380 9.0016
v  -0.0620 1.3429 9.0524
v  -0.0620 1.3587 9.2165
v  0.0000 1.3203 9.0518
v  0.0000 1.3398 9.2115
v  -0.0028 1.6220 9.2124
v  -0.0028 1.5485 9.3277
v  -0.0115 1.4971 9.1386
v  -0.0115 1.4610 9.2907
v  -0.0394 1.3352 9.1259
v  -0.0394 1.3167 8.9786
v  -0.0005 1.6134 9.2921
v  -0.0015 1.6875 9.1730
v  -0.0061 1.5344 9.2434
v  -0.0071 1.5909 9.1101
v  -0.0510 1.3768 9.1474
v  -0.0172 1.4630 9.0390
v  -0.0171 1.6573 8.5679
v  -0.0510 1.3850 8.8252
v  -0.0250 4.9444 2.3175
v  -0.0284 4.8404 3.0107
v  -0.0281 4.6178 3.9123
v  -0.0277 4.2093 4.8925
v  -0.0261 3.6539 5.9671
v  -0.0185 2.7378 7.3373
v  -0.0172 2.0505 8.1318
v  0.0000 1.4146 9.3929
v  -0.0446 1.3803 9.3095
v  -0.0172 1.4386 9.1899
v  -0.0510 1.3720 8.9937
v  -0.0286 1.4969 8.7129
v  -0.0143 1.3955 9.3709
v  -0.0195 4.8749 2.1629
v  -0.0388 4.8100 2.5954
v  -0.0384 4.6585 3.4360
v  -0.0380 4.3405 4.3849
v  -0.0374 3.8779 5.3843
v  -0.0331 3.1123 6.6406
v  -0.0289 2.2749 7.7682
v  -0.0287 1.7597 8.3480
v  -0.0286 1.4124 9.0898
v  -0.0286 1.4047 9.2603
v  -0.0286 1.4229 8.9453
v  -0.0090 -1.4638 8.8940
v  -0.0104 -1.7505 8.5421
v  -0.0110 -2.1432 8.1624
v  -0.0156 -2.7379 7.2863
v  -0.0177 -3.3798 5.9591
v  -0.0181 -3.8079 4.7429
v  -0.0129 -4.1435 3.6393
v  -0.0078 -1.3877 8.9138
v  -0.0158 -1.5441 8.6998
v  -0.0160 -1.8677 8.3474
v  -0.0184 -2.3457 7.7632
v  -0.0217 -2.9940 6.6217
v  -0.0234 -3.5335 5.3183
v  -0.0227 -3.9079 4.1192
v  -0.0106 -4.1085 3.4688
v  -0.0823 -4.4007 2.0077
v  -0.1711 -4.6691 1.3957
v  -0.1763 -5.1674 0.5346
v  -0.0895 -5.4926 0.1026
v  0.0000 -4.3903 1.9541
v  -0.3558 -4.3874 1.7355
v  -0.4195 -4.7805 0.9367
v  -0.3783 -5.2831 0.1842
v  -0.0012 -4.7712 2.1203
v  -0.0032 -5.0414 1.7030
v  -0.0033 -5.4838 1.1805
v  -0.0017 -5.6293 1.0516
v  -0.0590 -4.5248 1.8645
v  -0.0683 -4.9764 0.9859
v  -0.0609 -5.4380 0.2914
v  -0.0011 -5.5851 1.4530
v  -0.0019 -5.5951 1.4099
v  -0.0011 -5.6366 1.4024
v  -0.0019 -5.4600 1.3280
v  -0.0020 -5.5898 1.1981
v  -0.0073 -4.2271 2.5926
v  -0.0105 -4.2545 2.5856
v  -0.0013 -4.3637 2.6602
v  -0.0410 -4.3466 2.2752
v  -0.0030 -4.5145 2.4086
v  -0.0022 -5.5439 1.4006
v  -0.0022 -5.6083 1.3393
v  -0.0013 -5.4930 1.4052
v  -0.0027 -5.5454 1.3126
v  -0.0014 -5.6393 1.2537
v  -0.0207 -4.5937 1.9326
v  -0.0075 -4.6993 2.0328
v  -0.0237 -5.0837 1.1038
v  -0.0079 -5.2419 1.2817
v  -0.0211 -5.4893 0.5382
v  -0.0071 -5.5461 0.9154
v  -0.0052 -4.2860 2.6097
v  -0.0030 -4.3391 2.6269
v  -0.0014 -4.2588 2.7284
v  -0.0017 -4.2120 2.7121
v  -0.0150 -4.8973 1.5683
v  -0.0391 -4.7766 1.4604
v  -0.0152 -5.3663 0.8995
v  -0.0399 -5.2711 0.6620
v  -0.0077 -5.5886 0.6400
v  -0.0202 -5.5533 0.2883
v  -0.0088 -4.4429 2.3494
v  -0.0210 -4.3823 2.2996
v  -0.1910 0.5034 -10.5573
v  -0.3948 0.5858 -10.4597
v  -0.3180 0.7945 -10.3660
v  -0.1288 0.9409 -10.3267
v  0.0000 1.2212 -10.0277
v  -0.5573 0.0786 -10.0582
v  -0.5102 0.6288 -10.0410
v  -0.3282 1.0610 -10.0317
v  -0.1225 -0.6004 -10.5776
v  -0.2839 -0.4862 -10.5056
v  -0.3550 -0.3259 -10.4180
v  -0.1123 -0.1630 -10.3149
v  0.0000 -1.2295 -10.0976
v  -0.3089 -1.0783 -10.0851
v  -0.4569 -0.6677 -10.0548
v  -0.5424 -0.2636 -10.0308
v  0.0000 -0.1175 -10.0485
v  0.0000 -3.6446 -5.6777
v  -0.6554 3.5274 -6.3730
v  0.0000 3.8367 -6.3666
v  -0.7241 -3.2585 -5.6777
v  -1.1364 1.8681 -6.3737
v  -1.2329 0.1993 -6.3674
v  -1.1109 -1.7358 -5.6777
v  -0.3720 3.9260 -6.0696
v  -1.2030 -0.7431 -6.0708
v  -0.3778 -3.4286 -6.0708
v  -0.8518 3.2721 -6.1996
v  -1.2498 1.1404 -6.0708
v  -0.9226 -2.5048 -6.0708
v  0.0000 4.8052 -1.2521
v  -0.7194 -4.9006 -0.3957
v  0.0000 -5.4172 -0.4344
v  -0.7218 4.2846 -1.2606
v  -1.1873 2.2613 -1.3272
v  -1.3358 -0.1761 -1.4197
v  -1.0879 -2.7960 -0.3682
v  -1.2410 -1.5023 -0.8501
v  -0.3942 -5.2719 -0.8584
v  -0.3737 4.7025 -0.7777
v  -0.9772 3.3978 -0.7930
v  -1.2829 1.0601 -0.8305
v  -0.9559 -3.9635 -0.8434
v  -0.0940 -0.3701 -10.7145
v  -0.1863 -0.3273 -10.6793
v  -0.2281 -0.2580 -10.6176
v  -0.1241 -0.2279 -10.6249
v  -0.1915 -0.4319 -10.6411
v  -0.2742 -0.3381 -10.5707
v  -0.3095 -0.2515 -10.4928
v  0.0000 -0.1636 -10.4007
v  -0.1335 0.6242 -10.6047
v  -0.2291 0.6782 -10.5726
v  -0.1848 0.8082 -10.4896
v  -0.0892 0.8812 -10.4490
v  -0.2889 0.5827 -10.5730
v  -0.2987 0.7202 -10.4845
v  -0.1959 0.8596 -10.4088
v  0.0000 1.5165 -9.6688
v  0.0000 -1.9899 -9.1513
v  -0.3769 -1.4064 -9.6615
v  -0.3929 1.3113 -9.6678
v  -0.6135 0.7055 -9.6624
v  -0.6685 -0.1411 -9.6615
v  -0.6675 -1.0366 -9.1513
v  -0.2255 -1.7392 -9.4077
v  -0.6877 -0.5520 -9.4077
v  -0.2282 1.6702 -9.4223
v  -0.5737 1.2012 -9.4150
v  -0.7240 0.3462 -9.4077
v  -0.5347 -1.2978 -9.4077
v  -1.0487 3.2611 -5.1858
v  -0.8010 3.0600 -6.5980
v  -0.9461 3.8603 -3.9548
v  -1.1687 2.8460 -3.0283
v  -1.0607 2.4776 -6.1935
v  -1.0589 3.3200 -4.2439
v  -1.0799 3.0479 -5.4010
v  -1.0562 3.3846 -3.4978
v  -0.9314 2.7789 -6.4051
v  -1.0395 3.4095 -2.6610
v  -0.7243 4.4171 -2.6894
v  -0.9214 3.8915 -2.3849
v  0.0000 4.7952 -2.6894
v  -0.3893 4.7013 -2.3798
v  -0.8881 2.5950 -6.7854
v  -0.6430 2.9518 -7.0848
v  -0.7953 2.8065 -6.9227
v  0.0000 3.2530 -7.0887
v  -0.3439 3.3131 -6.9328
v  -1.0982 3.0602 -2.2180
v  -0.9484 2.2496 -7.0199
v  -0.9652 2.9255 -6.0964
v  -0.9341 3.2227 -5.7986
v  -0.8266 3.9603 -5.2258
v  -0.8939 3.5601 -5.4786
v  -0.9347 3.5982 -5.0316
v  -1.1037 3.1060 -4.9974
v  -1.0073 3.3976 -4.7338
v  -1.1150 2.9798 -4.6715
v  -1.1469 2.8852 -5.2097
v  -1.1950 2.5779 -4.9765
v  -1.1608 2.5315 -5.4440
v  -1.0484 2.7965 -5.7569
v  -1.0110 3.1863 -5.5735
v  -1.0894 2.8715 -5.5545
v  -1.1523 2.7276 -5.3914
v  -1.1777 2.7609 -5.0358
v  -1.1343 2.9652 -4.8533
v  -1.0520 3.2814 -4.8719
v  -1.0091 3.4072 -5.0295
v  -0.9877 3.3723 -5.3854
v  -0.9444 3.3642 -5.6083
v  -1.0145 3.0078 -5.7187
v  -1.1146 2.7062 -5.5631
v  -1.1880 2.5957 -5.2260
v  -1.1654 2.7866 -4.8377
v  -1.0720 3.1817 -4.7369
v  -0.9963 3.4401 -4.8966
v  -0.9470 3.5308 -5.2133
v  -0.9748 2.9849 -5.9117
v  -0.8701 3.4816 -5.7571
v  -0.8844 3.7035 -5.2498
v  -0.9515 3.5877 -4.8149
v  -1.0516 3.2536 -4.5849
v  -1.1807 2.6900 -4.7007
v  -1.2098 2.4171 -5.2209
v  -1.1129 2.5673 -5.6854
v  -0.8952 3.2676 -5.9731
v  -0.8402 3.7204 -5.5645
v  -0.8905 3.8055 -4.9489
v  -0.9867 3.5403 -4.5385
v  -1.1355 2.9408 -4.4646
v  -1.2343 2.4093 -4.8753
v  -1.1889 2.3458 -5.5195
v  -1.0490 2.6897 -5.9277
v  -1.2362 2.4989 -4.4086
v  -0.8937 3.9618 -4.4745
v  -0.8140 3.6118 -5.9219
v  -1.1436 2.3317 -5.8823
v  -1.3271 -1.3178 -2.6243
v  -1.3997 -0.5893 -2.8820
v  -1.3351 -1.2481 -3.0036
v  -1.2626 -1.9766 -2.7459
v  -1.2448 -2.0571 -2.3848
v  -1.3814 -0.6303 -2.4938
v  -1.4022 -0.5395 -3.0787
v  -1.2535 -1.9184 -2.9380
v  -0.4526 0.3764 -10.3668
v  -0.4201 0.6726 -10.2941
v  -0.2734 0.9351 -10.2508
v  0.0000 -0.8153 -10.4480
v  -0.2534 -0.7239 -10.4123
v  -0.3665 -0.4897 -10.3320
v  -0.4277 -0.2680 -10.2682
v  0.0000 -0.1467 -10.2340
v  -0.1600 0.1874 -10.0626
v  -0.5008 0.4226 -10.1910
v  -0.4002 0.8495 -10.1538
v  -0.1605 1.1023 -10.1393
v  -0.1529 -1.0005 -10.2705
v  -0.3595 -0.7589 -10.2245
v  -0.4599 -0.4003 -10.1701
v  -0.1623 -0.1350 -10.1258
v  -1.3503 -1.2887 -2.7848
v  -1.4070 -0.6875 -2.8643
v  -1.3549 -1.2787 -2.8441
v  -1.2981 -1.8799 -2.7647
v  -1.2971 -1.7366 -2.7436
v  -1.3792 -0.8477 -2.8265
v  -1.3854 -0.8313 -2.9560
v  -1.2975 -1.7127 -2.8572
v  -1.5640 -1.3677 -1.7269
v  -1.6303 -0.4378 -1.6094
v  -1.5653 -1.3612 -1.7317
v  -1.4991 -2.2911 -1.8491
v  -1.3322 -1.8027 -2.6889
v  -1.4159 -0.7763 -2.7235
v  -1.4207 -0.7735 -2.7434
v  -1.3340 -1.7984 -2.7039
v  -1.3818 -1.9958 -2.4592
v  -1.4312 -2.1524 -2.2100
v  -1.4803 -2.2634 -1.9483
v  -1.4796 -0.6242 -2.3979
v  -1.5429 -0.5166 -2.0594
v  -1.6059 -0.4517 -1.7274
v  -1.4836 -0.6207 -2.4135
v  -1.5462 -0.5123 -2.0706
v  -1.6085 -0.4467 -1.7342
v  -1.3832 -1.9905 -2.4710
v  -1.4321 -2.1460 -2.2185
v  -1.4807 -2.2560 -1.9536
v  -1.5149 -1.3460 -1.9847
v  -1.4585 -1.3245 -2.2807
v  -1.4020 -1.2981 -2.5678
v  -1.5959 -0.1859 -1.8647
v  -1.5308 -0.3125 -2.2180
v  -1.4654 -0.4900 -2.5707
v  -1.5173 -1.3383 -1.9952
v  -1.4617 -1.3179 -2.2964
v  -1.4060 -1.2927 -2.5886
v  -1.4362 -2.4984 -2.1152
v  -1.3894 -2.3299 -2.3591
v  -1.3425 -2.1008 -2.5857
v  0.5434 -2.1411 -8.4764
v  0.1954 0.9165 8.8882
v  0.1800 1.1535 8.6669
v  0.6327 -1.5932 -8.8538
v  0.0565 -1.2324 8.9260
v  0.2671 -2.1426 -8.8538
v  0.0785 1.2284 8.9442
v  0.2654 2.0468 -8.8777
v  0.6285 -3.8235 2.2063
v  0.6551 4.1845 1.6138
v  0.8471 -3.2002 1.8181
v  0.3123 -4.2706 1.9980
v  0.3031 4.5805 1.9173
v  0.7639 -3.5914 -4.6885
v  0.6809 3.9604 -5.6622
v  0.9798 -2.7307 -5.2097
v  0.4006 -3.7434 -5.2097
v  0.3937 4.3009 -5.1980
v  0.6714 -2.8266 -6.9283
v  0.6315 2.5423 -7.6500
v  0.8525 -2.1694 -7.2651
v  0.3595 -2.9517 -7.2651
v  0.3463 3.0147 -7.3049
v  0.6270 3.2475 -6.7722
v  0.6860 -3.0277 -6.3674
v  0.3489 3.5955 -6.5932
v  0.8775 -2.3563 -6.6318
v  0.3645 -3.2200 -6.6318
v  0.7156 4.2710 -4.6854
v  0.7747 -4.0306 -3.5723
v  0.4073 4.5981 -4.0651
v  1.0177 -3.0325 -4.1405
v  0.4163 -4.1547 -4.1340
v  0.7216 4.3516 -2.0623
v  0.7440 -4.7768 -1.2960
v  0.3835 4.7066 -1.6890
v  0.9893 -3.7861 -1.8478
v  0.4060 -5.0702 -1.7746
v  0.4377 3.2463 5.3638
v  0.3129 -2.4839 6.5809
v  0.0011 5.7540 6.4925
v  0.4740 -2.2103 5.8983
v  0.0012 -5.1103 7.7597
v  0.5111 -3.2903 4.1101
v  0.5817 3.9504 3.4090
v  0.7061 -2.7355 3.6030
v  0.2664 -3.8428 3.3621
v  0.0012 6.3359 4.4147
v  0.3387 2.5475 6.5808
v  0.2158 -1.9135 7.6963
v  0.0003 3.1774 7.7531
v  0.3212 -1.7785 7.2176
v  0.0011 -4.5615 8.3417
v  0.7008 4.2625 -0.3014
v  0.7070 -4.6578 0.5026
v  0.3625 4.6565 0.1787
v  0.9196 -3.9473 0.0705
v  0.3421 -5.3731 -0.0811
v  0.0608 1.6195 10.0152
v  0.1361 1.1778 10.0895
v  0.0384 -1.4112 9.9584
v  0.1447 1.1287 9.1699
v  0.1035 -1.0639 9.1410
v  0.1843 -1.3726 -9.8959
v  0.4382 -1.0234 -9.8900
v  0.1907 1.2862 -9.8814
v  0.4517 -1.7613 -9.1513
v  0.4619 1.6687 -9.1706
v  0.2202 0.3448 8.9066
v  0.1934 -0.3432 8.8891
v  0.1465 -0.9396 8.8508
v  0.8097 -0.6255 -8.8538
v  0.8482 0.4764 -8.8538
v  0.6695 1.4889 -8.8657
v  1.0966 -1.0615 1.8789
v  1.1417 1.2586 1.9391
v  0.8771 3.3874 2.0603
v  1.2780 -0.7906 -5.2167
v  1.3263 1.1755 -5.2109
v  1.2430 2.1977 -5.2082
v  1.0896 -0.7093 -7.2651
v  1.1356 0.8825 -7.2651
v  0.8703 2.3066 -7.3032
v  1.1350 -0.7215 -6.6318
v  1.1811 1.0467 -6.6318
v  1.0111 2.2969 -6.6175
v  1.3284 -0.9242 -4.2040
v  1.3779 1.2236 -4.1653
v  1.1779 2.8314 -3.9460
v  1.2897 -1.4174 -1.9353
v  1.3288 1.0870 -1.9693
v  0.9904 3.4713 -1.7346
v  0.6156 -0.7032 5.9043
v  0.6510 0.9343 5.9102
v  0.5141 2.4215 5.9162
v  0.9148 -0.8163 3.7307
v  0.9562 1.2298 3.8292
v  0.7399 3.1308 3.8776
v  0.4187 -0.6435 7.2176
v  0.4500 0.6062 7.2176
v  0.3654 1.7281 7.2176
v  1.1906 -1.4772 0.1014
v  1.2369 1.0653 0.1324
v  0.9470 3.3776 0.1633
v  0.1400 0.4734 10.0722
v  0.1149 -0.3149 10.0571
v  0.0855 -1.0154 10.0413
v  0.5676 -0.4757 -9.8829
v  0.6030 0.2669 -9.8851
v  0.4790 0.9314 -9.8821
v  0.9985 1.4666 -7.6500
v  1.0993 0.0442 -7.6500
v  0.7996 -1.2233 -8.4764
v  0.0022 1.8220 14.1653
v  0.0021 -0.0083 14.3524
v  0.0019 -1.9449 13.9774
v  0.1134 -0.2701 -10.6955
v  0.2535 -0.1891 -9.8890
v  0.1109 0.7556 -10.5591
v  0.9258 2.2893 3.3484
v  1.0254 0.2057 3.2589
v  0.9457 -2.0583 2.2582
v  1.2963 1.9419 -4.6871
v  1.3820 0.2259 -4.7248
v  1.1714 -1.9079 -4.6956
v  1.0894 1.6942 -6.9078
v  1.1806 0.1373 -6.9283
v  1.0001 -1.5370 -6.9283
v  1.2336 1.8672 -5.6562
v  1.3116 0.2336 -5.6777
v  1.0430 -1.6259 -6.3674
v  1.2614 2.1395 -2.5020
v  1.4111 0.1704 -2.6981
v  1.1875 -2.1718 -3.6329
v  1.1497 2.2536 -0.3218
v  1.2846 -0.1973 -0.3450
v  1.1333 -2.7335 -1.3675
v  0.5088 1.4578 6.5806
v  0.5509 0.0439 6.5806
v  0.4567 -1.3741 6.5806
v  0.6787 1.8881 5.3436
v  0.7442 0.1569 5.3198
v  0.7569 -1.7310 4.1947
v  0.2364 0.6876 8.6793
v  0.2408 -0.0074 8.6854
v  0.3097 -1.0921 7.6961
v  1.0704 2.3451 1.5326
v  1.1900 0.0033 1.4707
v  1.0452 -2.6444 0.5326
v  0.1476 -0.6230 9.1490
v  0.1912 0.0209 9.1776
v  0.1549 0.7969 9.7760
v  0.7238 0.9058 -9.1541
v  0.7916 -0.1088 -9.1513
v  0.5594 -0.8474 -9.6615
v  0.2511 1.8219 7.6957
v  0.5751 -3.5788 3.0459
v  0.6785 4.2207 0.6426
v  0.5176 3.6629 4.3699
v  0.4226 -2.9618 5.2752
v  0.6301 4.1039 2.5469
v  0.1685 -1.5140 8.2795
v  0.6809 -4.1742 1.3752
v  0.1227 1.3143 9.7909
v  0.0792 -1.1382 9.7544
v  1.0088 2.3709 2.4109
v  1.1199 0.1552 2.3207
v  0.8645 -1.8852 3.1588
v  0.8157 2.1234 4.3484
v  0.9002 0.1967 4.2861
v  0.6228 -1.5793 5.2959
v  0.3585 1.0233 7.6961
v  0.3799 -0.0323 7.6961
v  0.2381 -0.8638 8.2858
v  1.1106 2.2738 0.6091
v  1.2357 -0.1484 0.5708
v  1.0059 -2.3273 1.4181
v  0.1106 -0.6327 9.7559
v  0.1481 0.0613 9.7632
v  0.1927 0.6814 9.1743
v  0.0011 2.3835 8.2897
v  1.0123 -0.9073 2.7197
v  0.3251 -4.0417 2.6210
v  0.3506 4.6043 1.1100
v  0.0015 6.1632 5.4910
v  0.7733 -0.7542 4.7633
v  0.0022 -5.3845 7.2717
v  0.0010 6.4483 3.5347
v  0.3049 -0.5018 8.0440
v  0.0009 -2.4827 8.5499
v  1.1460 -1.3131 0.9980
v  0.0008 -5.3249 1.4510
v  0.0743 1.3301 9.4824
v  0.1766 0.4017 9.4753
v  0.0504 -1.1669 9.4581
v  0.8134 3.3043 2.9121
v  1.0557 1.2876 2.7991
v  0.7817 -2.9550 2.6321
v  0.6331 2.8351 4.8533
v  0.8119 1.1144 4.8130
v  0.5963 -2.4933 4.7090
v  0.2795 1.2939 8.0449
v  0.3339 0.4555 8.0449
v  0.2329 -1.3687 8.0422
v  0.9144 3.3814 1.0982
v  1.1922 1.1327 1.0435
v  0.8854 -3.5835 0.9526
v  0.1134 -0.8609 9.4576
v  0.1508 -0.3003 9.4655
v  0.1632 1.0003 9.4815
v  0.7626 -4.4853 -2.3757
v  0.7427 4.3834 -3.5159
v  1.2911 2.1430 -3.5636
v  1.4095 0.1127 -3.7399
v  1.1462 -2.7300 -2.5188
v  1.3287 -1.1427 -3.3093
v  0.4134 -4.6651 -2.9764
v  0.4030 4.6883 -3.0478
v  0.9273 3.9503 -3.0487
v  1.3728 1.1659 -3.1499
v  1.0083 -3.4324 -3.0265
v  0.6358 -2.5208 -7.6500
v  0.5467 2.0655 -8.4893
v  0.8583 1.1511 -8.4782
v  0.9416 -0.0492 -8.4764
v  0.9349 -1.4005 -7.6500
v  0.9709 -0.6739 -8.0611
v  0.3232 -2.5593 -8.0611
v  0.3159 2.5358 -8.0648
v  0.7977 1.8706 -8.0630
v  1.0126 0.6667 -8.0611
v  0.7634 -1.8909 -8.0611
v  0.0021 3.2344 13.6199
v  0.1242 1.2664 11.0980
v  0.1265 0.5424 11.2235
v  0.1045 -0.4584 11.1922
v  0.0797 -1.3082 10.9962
v  0.0018 -3.1787 13.3632
v  0.1202 1.5065 10.4000
v  0.1360 0.8881 10.3962
v  0.1266 0.0737 10.3952
v  0.0921 -0.7358 10.3459
v  0.0753 -1.4182 10.2983
v  0.1202 1.4876 10.8665
v  0.1360 0.9291 10.9602
v  0.1266 0.0620 10.9942
v  0.0921 -0.8638 10.8937
v  0.0753 -1.5358 10.7303
v  0.0021 4.0744 13.0947
v  0.1322 1.2413 10.6659
v  0.1347 0.5084 10.7184
v  0.1097 -0.3741 10.6860
v  0.0816 -1.1778 10.5629
v  0.0018 -3.9801 12.8385
v  0.2085 1.3961 8.2928
v  0.2853 0.8158 8.2929
v  0.2966 -0.0167 8.2920
v  0.1369 -1.2556 8.6331
v  0.1902 -0.7236 8.6537
v  0.0013 1.9835 8.7637
v  0.2454 -0.4123 8.4820
v  0.2346 1.0361 8.4867
v  0.2732 0.3861 8.4899
v  0.0031 -2.0152 8.7246
v  0.1868 -1.1268 8.4653
v  0.0364 2.0833 10.2944
v  0.0728 1.9833 10.5593
v  0.0728 1.8592 11.0379
v  0.0738 1.4510 11.4509
v  0.0741 0.6107 11.6164
v  0.0703 -0.5411 11.5717
v  0.0661 -1.5354 11.3234
v  0.0650 -1.9374 10.8883
v  0.0650 -1.8930 10.4410
v  0.0325 -1.8408 10.1757
v  0.0849 1.7675 10.2619
v  0.0971 1.7265 10.6844
v  0.0979 1.5623 11.1113
v  0.1023 1.0135 11.3648
v  0.0975 0.0581 11.4102
v  0.0796 -1.0152 11.2913
v  0.0714 -1.6660 10.9708
v  0.0705 -1.7330 10.5440
v  0.0617 -1.5997 10.1739
v  0.0029 4.2430 12.7020
v  0.0053 4.1306 12.7935
v  0.0053 3.6210 13.1921
v  0.0054 2.4851 13.7718
v  0.0054 0.9058 14.1694
v  0.0051 -0.9806 14.0664
v  0.0047 -2.5624 13.5358
v  0.0046 -3.5458 12.9463
v  0.0046 -4.0616 12.5102
v  0.0025 -4.2186 12.3748
v  0.0504 2.3215 10.5635
v  0.0576 2.1939 10.9767
v  0.0576 1.8778 11.5110
v  0.0578 1.1634 11.8457
v  0.0576 0.0528 11.9013
v  0.0569 -1.1953 11.7448
v  0.0566 -1.9804 11.3509
v  0.0566 -2.1769 10.8606
v  0.0495 -2.1425 10.4219
v  0.0304 2.9853 11.0245
v  0.0174 3.6097 11.6215
v  0.0093 4.0575 12.3844
v  0.0348 2.7491 11.4866
v  0.0199 3.2931 12.0603
v  0.0107 3.7836 12.6857
v  0.0348 2.2389 12.0758
v  0.0199 2.6005 12.6508
v  0.0107 2.9590 13.2332
v  0.0349 1.3282 12.4800
v  0.0202 1.4939 13.1175
v  0.0109 1.6604 13.7583
v  0.0348 0.0348 12.5687
v  0.0199 0.0167 13.2394
v  0.0107 -0.0015 13.9135
v  0.0341 -1.3920 12.3532
v  0.0187 -1.5896 12.9647
v  0.0099 -1.7882 13.5793
v  0.0338 -2.3039 11.8970
v  0.0181 -2.6291 12.4457
v  0.0095 -2.9593 12.9943
v  0.0338 -2.6773 11.3815
v  0.0180 -3.1772 11.9317
v  0.0094 -3.6752 12.4850
v  0.0296 -2.8237 10.8148
v  0.0158 -3.4917 11.4001
v  0.0083 -4.0009 12.1123
v  0.0081 3.9267 11.8898
v  0.0125 3.3687 11.1805
v  0.0233 2.6925 10.6641
v  0.0162 3.7494 12.1435
v  0.0250 3.2016 11.5050
v  0.0465 2.5800 10.9726
v  0.0162 3.2230 12.6433
v  0.0250 2.7679 12.0680
v  0.0465 2.3055 11.5104
v  0.0164 2.2293 13.2177
v  0.0252 1.9665 12.6139
v  0.0466 1.7042 12.0115
v  0.0165 0.8303 13.5605
v  0.0253 0.7569 12.8961
v  0.0466 0.6836 12.2333
v  0.0156 -0.8730 13.4702
v  0.0245 -0.7604 12.8210
v  0.0463 -0.6482 12.1734
v  0.0147 -2.3166 13.0058
v  0.0236 -2.0544 12.4300
v  0.0460 -1.7928 11.8556
v  0.0145 -3.1541 12.4606
v  0.0234 -2.7427 11.9204
v  0.0460 -2.3355 11.3787
v  0.0145 -3.6321 11.9616
v  0.0234 -3.0698 11.3390
v  0.0460 -2.4647 10.8407
v  0.0072 -3.8632 11.6611
v  0.0117 -3.2187 10.9383
v  0.0230 -2.4899 10.4763
v  0.0854 1.3670 8.6654
v  0.0452 1.2926 8.8598
v  0.0768 4.7160 2.0756
v  0.1503 4.6171 2.5491
v  0.1434 4.4545 3.4168
v  0.1343 4.1385 4.3667
v  0.1229 3.6788 5.3653
v  0.1083 2.9117 6.5892
v  0.0954 2.1075 7.7029
v  0.0894 1.6292 8.2995
v  0.1402 1.3821 8.4850
v  0.1114 1.2396 8.7947
v  0.0000 4.6896 1.9949
v  0.3308 4.5396 2.2263
v  0.3563 4.3961 2.9717
v  0.3288 4.1746 3.8825
v  0.2890 3.7774 4.8647
v  0.2445 3.2326 5.9196
v  0.1890 2.3408 7.2172
v  0.1569 1.7538 8.0431
v  0.0244 -1.3228 8.8423
v  0.0513 -1.4523 8.6428
v  0.0563 -1.7399 8.2870
v  0.0641 -2.1888 7.7060
v  0.0800 -2.8259 6.5873
v  0.0977 -3.3604 5.2786
v  0.1116 -3.7162 4.1190
v  0.0592 -3.9200 3.5107
v  0.0761 -1.2935 8.7703
v  0.1020 -1.5180 8.4584
v  0.1215 -1.8461 8.0417
v  0.1589 -2.3947 7.2189
v  0.2237 -3.0206 5.8959
v  0.2756 -3.4267 4.6854
v  0.2778 -3.7460 3.6692
v  0.0000 -3.8975 3.4729
v  0.0036 1.8226 8.8974
v  0.0017 1.7798 9.0369
v  0.0000 1.8733 8.9288
v  0.0000 2.7682 8.0101
v  0.0088 5.4329 2.2717
v  0.0174 5.3617 2.6886
v  0.0173 5.2035 3.5146
v  0.0171 4.8933 4.4663
v  0.0168 4.4398 5.4694
v  0.0092 3.7095 6.8081
v  0.0025 2.7098 7.9786
v  0.0032 2.0953 8.5249
v  0.0511 1.5362 8.5127
v  0.0171 1.5024 8.8790
v  0.0000 4.8020 2.0961
v  0.0525 4.7665 2.2559
v  0.0595 4.6579 2.9827
v  0.0589 4.4346 3.8899
v  0.0581 4.0262 4.8701
v  0.0566 3.4688 5.9358
v  0.0525 2.5509 7.2573
v  0.0514 1.9198 8.0717
v  0.0010 5.2032 7.0737
v  0.0000 5.5002 6.8433
v  0.0000 5.9949 6.0286
v  0.0000 6.2783 4.9478
v  0.0000 6.4593 3.2803
v  0.0017 6.3949 3.1061
v  0.0030 6.3900 3.2616
v  0.0031 6.3381 3.9078
v  0.0036 6.1948 4.9210
v  0.0035 5.9073 5.9976
v  0.0024 5.4095 6.8296
v  0.0022 3.6477 7.3921
v  0.0000 3.5450 7.5997
v  0.0000 5.6212 2.3189
v  0.0136 5.5883 2.4652
v  0.0154 5.4858 3.1405
v  0.0153 5.2712 4.0421
v  0.0151 4.9107 5.0400
v  0.0131 4.3864 6.1207
v  0.0000 -1.8166 8.9496
v  0.0037 -1.6423 9.1009
v  0.0064 -1.7775 8.8922
v  0.0039 -2.1987 8.5661
v  0.0066 -2.8177 7.9766
v  0.0120 -3.4803 6.7814
v  0.0129 -4.0207 5.5257
v  0.0086 -4.4104 4.3391
v  0.0020 -4.6175 3.6776
v  0.0000 -2.2509 8.6170
v  0.0000 -1.3535 8.8799
v  0.0239 -1.3971 8.8104
v  0.0278 -1.6480 8.4864
v  0.0287 -2.0052 8.0824
v  0.0317 -2.5803 7.2424
v  0.0347 -3.2222 5.9175
v  0.0366 -3.6399 4.7067
v  0.0322 -3.9506 3.6714
v  0.0000 -4.0195 3.4755
v  0.0019 -4.0006 8.6075
v  0.0029 -4.2006 8.4766
v  0.0024 -4.7801 7.9938
v  0.0037 -5.2098 7.4045
v  0.0037 -5.3809 6.9213
v  0.0016 -5.4382 6.7280
v  0.0001 -5.4600 7.0385
v  -0.0001 -4.2847 8.5324
v  0.0023 -2.8007 8.4032
v  0.0100 -3.3632 7.5524
v  0.0122 -3.9887 6.3435
v  0.0119 -4.4050 5.2619
v  0.0041 -4.7075 4.2712
v  0.0000 -1.5314 9.1123
v  0.0067 -1.5763 9.0168
v  0.0071 -1.8988 8.6339
v  0.0058 -2.3489 8.2971
v  0.0120 -2.9709 7.3537
v  0.0141 -3.6122 6.0204
v  0.0138 -4.0515 4.8102
v  0.0070 -4.3978 3.6883
v  0.0000 -4.4722 3.4775
v  0.0042 -1.4619 9.0187
v  0.0085 -1.6369 8.7763
v  0.0080 -2.0027 8.4276
v  0.0111 -2.5138 7.8379
v  0.0154 -3.1704 6.6648
v  0.0166 -3.7123 5.3685
v  0.0139 -4.1048 4.1404
v  0.0054 -4.3182 3.4570
v  0.0000 -3.2439 8.5812
v  -0.0001 -3.7481 8.6349
v  0.0023 -3.3029 8.4681
v  0.0028 -3.8034 8.5504
v  0.0083 -3.8361 7.8595
v  0.0043 -4.3047 8.1662
v  0.0102 -4.4304 6.9055
v  0.0051 -4.8678 7.4618
v  0.0105 -4.7891 6.0650
v  0.0064 -5.1693 6.8602
v  0.0040 -5.0060 5.3183
v  0.0032 -5.3015 6.3550
v  0.0000 -5.3575 6.2566
v  0.0010 -3.4900 8.5936
v  0.0007 -2.9838 8.5463
v  0.0044 -3.7718 8.3143
v  0.0061 -3.2836 8.1377
v  0.0072 -4.3780 7.6107
v  0.0113 -3.9217 7.1752
v  0.0086 -4.8428 6.8117
v  0.0125 -4.4270 6.1344
v  0.0064 -5.0823 6.1107
v  0.0083 -4.7467 5.1767
v  0.0016 -5.1984 5.7302
v  0.0017 -4.9110 4.6475
v  0.0068 1.8403 8.6755
v  0.0073 1.6627 8.9646
v  0.0000 5.2616 2.2062
v  0.0178 5.2253 2.3592
v  0.0202 5.1121 3.0449
v  0.0200 4.8880 3.9453
v  0.0197 4.4796 4.9255
v  0.0177 3.9275 6.0150
v  0.0076 3.0164 7.4649
v  0.0067 2.2402 8.2215
v  0.0116 1.6309 8.7790
v  0.0059 1.4445 9.3879
v  0.0121 5.0917 2.2053
v  0.0240 5.0204 2.6291
v  0.0238 4.8625 3.4609
v  0.0235 4.5445 4.4099
v  0.0231 4.0819 5.4092
v  0.0171 3.3255 6.7070
v  0.0115 2.4526 7.8520
v  0.0115 1.8950 8.4132
v  0.0020 4.3098 7.2358
v  0.0020 4.9592 7.1052
v  0.0000 4.2184 7.3961
v  0.0000 4.8895 7.2182
v  0.0000 5.9780 2.5681
v  0.0000 6.2964 2.9136
v  0.0114 5.9525 2.6916
v  0.0062 6.2715 3.0022
v  0.0129 5.8721 3.2954
v  0.0070 6.2457 3.4551
v  0.0129 5.6765 4.1910
v  0.0072 6.0971 4.3379
v  0.0128 5.4114 5.2242
v  0.0074 5.9013 5.3997
v  0.0110 4.9377 6.2696
v  0.0062 5.4741 6.4153
v  0.0005 4.5542 7.2978
v  0.0002 3.8780 7.4841
v  0.0055 6.1392 2.7518
v  0.0071 5.7923 2.4432
v  0.0110 6.1030 3.0564
v  0.0141 5.7362 2.8363
v  0.0109 5.9812 3.7878
v  0.0140 5.5907 3.6460
v  0.0110 5.7862 4.7814
v  0.0139 5.3347 4.6174
v  0.0108 5.4648 5.8383
v  0.0137 4.9454 5.6461
v  0.0057 4.8949 6.8195
v  0.0070 4.2901 6.8138
v  0.0359 1.3572 9.2877
v  0.0000 1.4864 9.3982
v  0.0020 1.5280 9.3790
v  0.0062 1.4863 9.3616
v  0.0150 1.4224 9.3486
v  0.0620 1.3279 8.9048
v  0.0000 1.7325 9.1208
v  0.0040 1.6923 9.0899
v  0.0117 1.5380 9.0016
v  0.0620 1.3429 9.0524
v  0.0620 1.3587 9.2165
v  0.0000 1.6579 9.2410
v  0.0000 1.5787 9.3505
v  0.0028 1.6220 9.2124
v  0.0028 1.5485 9.3277
v  0.0115 1.4971 9.1386
v  0.0115 1.4610 9.2907
v  0.0394 1.3352 9.1259
v  0.0394 1.3167 8.9786
v  0.0005 1.6134 9.2921
v  0.0015 1.6875 9.1730
v  0.0061 1.5344 9.2434
v  0.0071 1.5909 9.1101
v  0.0510 1.3768 9.1474
v  0.0172 1.4630 9.0390
v  0.0171 1.6573 8.5679
v  0.0510 1.3850 8.8252
v  0.0000 4.9792 2.1633
v  0.0250 4.9444 2.3175
v  0.0284 4.8404 3.0107
v  0.0281 4.6178 3.9123
v  0.0277 4.2093 4.8925
v  0.0261 3.6539 5.9671
v  0.0185 2.7378 7.3373
v  0.0172 2.0505 8.1318
v  0.0446 1.3803 9.3095
v  0.0172 1.4386 9.1899
v  0.0510 1.3720 8.9937
v  0.0286 1.4969 8.7129
v  0.0143 1.3955 9.3709
v  0.0195 4.8749 2.1629
v  0.0388 4.8100 2.5954
v  0.0384 4.6585 3.4360
v  0.0380 4.3405 4.3849
v  0.0374 3.8779 5.3843
v  0.0331 3.1123 6.6406
v  0.0289 2.2749 7.7682
v  0.0287 1.7597 8.3480
v  0.0286 1.4124 9.0898
v  0.0286 1.4047 9.2603
v  0.0286 1.4229 8.9453
v  0.0000 -1.4145 8.9700
v  0.0090 -1.4638 8.8940
v  0.0104 -1.7505 8.5421
v  0.0110 -2.1432 8.1624
v  0.0156 -2.7379 7.2863
v  0.0177 -3.3798 5.9591
v  0.0181 -3.8079 4.7429
v  0.0129 -4.1435 3.6393
v  0.0000 -4.2164 3.4319
v  0.0078 -1.3877 8.9138
v  0.0158 -1.5441 8.6998
v  0.0160 -1.8677 8.3474
v  0.0184 -2.3457 7.7632
v  0.0217 -2.9940 6.6217
v  0.0234 -3.5335 5.3183
v  0.0227 -3.9079 4.1192
v  0.0106 -4.1085 3.4688
v  0.0823 -4.4007 2.0077
v  0.1711 -4.6691 1.3957
v  0.1763 -5.1674 0.5346
v  0.0895 -5.4926 0.1026
v  0.3558 -4.3874 1.7355
v  0.4195 -4.7805 0.9367
v  0.3783 -5.2831 0.1842
v  0.0000 -5.4890 0.0389
v  0.0000 -5.0723 1.7605
v  0.0012 -4.7712 2.1203
v  0.0032 -5.0414 1.7030
v  0.0033 -5.4838 1.1805
v  0.0017 -5.6293 1.0516
v  0.0590 -4.5248 1.8645
v  0.0683 -4.9764 0.9859
v  0.0609 -5.4380 0.2914
v  0.0000 -5.5469 0.1647
v  0.0011 -5.5851 1.4530
v  0.0019 -5.5951 1.4099
v  0.0011 -5.6366 1.4024
v  0.0000 -5.6278 1.4542
v  0.0000 -5.4460 1.3914
v  0.0019 -5.4600 1.3280
v  0.0020 -5.5898 1.1981
v  0.0000 -5.6551 1.1666
v  0.0073 -4.2271 2.5926
v  0.0105 -4.2545 2.5856
v  0.0013 -4.3637 2.6602
v  0.0000 -4.2851 2.7485
v  0.0000 -4.3115 2.3168
v  0.0410 -4.3466 2.2752
v  0.0030 -4.5145 2.4086
v  0.0000 -4.5344 2.4573
v  0.0000 -5.5472 1.4540
v  0.0022 -5.5439 1.4006
v  0.0022 -5.6083 1.3393
v  0.0000 -5.6572 1.3385
v  0.0013 -5.4930 1.4052
v  0.0027 -5.5454 1.3126
v  0.0014 -5.6393 1.2537
v  0.0207 -4.5937 1.9326
v  0.0075 -4.6993 2.0328
v  0.0237 -5.0837 1.1038
v  0.0079 -5.2419 1.2817
v  0.0211 -5.4893 0.5382
v  0.0071 -5.5461 0.9154
v  0.0000 -5.5891 0.4350
v  0.0000 -5.6292 0.8485
v  0.0052 -4.2860 2.6097
v  0.0030 -4.3391 2.6269
v  0.0000 -4.2233 2.7341
v  0.0000 -4.1864 2.7090
v  0.0014 -4.2588 2.7284
v  0.0017 -4.2120 2.7121
v  0.0150 -4.8973 1.5683
v  0.0391 -4.7766 1.4604
v  0.0153 -5.3663 0.8995
v  0.0399 -5.2711 0.6620
v  0.0077 -5.5886 0.6400
v  0.0202 -5.5533 0.2883
v  0.0088 -4.4429 2.3494
v  0.0210 -4.3823 2.2996
v  0.1910 0.5034 -10.5573
v  0.3948 0.5858 -10.4597
v  0.3180 0.7945 -10.3660
v  0.1288 0.9409 -10.3267
v  0.0000 -0.0589 -9.5015
v  0.5573 0.0786 -10.0582
v  0.5102 0.6288 -10.0410
v  0.3282 1.0610 -10.0317
v  0.1225 -0.6004 -10.5776
v  0.2839 -0.4862 -10.5056
v  0.3550 -0.3259 -10.4180
v  0.1123 -0.1630 -10.3149
v  0.3089 -1.0783 -10.0851
v  0.4569 -0.6677 -10.0548
v  0.5424 -0.2636 -10.0308
v  0.6554 3.5274 -6.3730
v  0.7241 -3.2585 -5.6777
v  1.1364 1.8681 -6.3737
v  1.2329 0.1993 -6.3674
v  1.1109 -1.7358 -5.6777
v  0.3720 3.9260 -6.0696
v  1.2030 -0.7431 -6.0708
v  0.3778 -3.4286 -6.0708
v  0.8518 3.2721 -6.1996
v  1.2498 1.1404 -6.0708
v  0.9226 -2.5048 -6.0708
v  0.7194 -4.9006 -0.3957
v  0.7218 4.2846 -1.2606
v  1.1873 2.2613 -1.3272
v  1.3358 -0.1761 -1.4197
v  1.0880 -2.7960 -0.3682
v  1.2410 -1.5023 -0.8501
v  0.3942 -5.2719 -0.8584
v  0.3737 4.7025 -0.7777
v  0.9772 3.3978 -0.7930
v  1.2829 1.0601 -0.8305
v  0.9559 -3.9635 -0.8434
v  0.0940 -0.3701 -10.7145
v  0.1863 -0.3273 -10.6793
v  0.2281 -0.2580 -10.6176
v  0.1241 -0.2279 -10.6249
v  0.0000 -0.2390 -10.6748
v  0.0000 -0.3106 -10.7294
v  0.0000 -0.4763 -10.6810
v  0.1915 -0.4319 -10.6411
v  0.2742 -0.3381 -10.5707
v  0.3095 -0.2515 -10.4928
v  0.0000 0.8343 -10.5094
v  0.0000 0.6882 -10.5986
v  0.1335 0.6242 -10.6047
v  0.2291 0.6782 -10.5726
v  0.1848 0.8082 -10.4896
v  0.0892 0.8812 -10.4490
v  0.0000 0.9284 -10.3883
v  0.0000 0.5585 -10.5915
v  0.2889 0.5827 -10.5730
v  0.2987 0.7202 -10.4845
v  0.1959 0.8596 -10.4088
v  0.3769 -1.4064 -9.6615
v  0.3929 1.3113 -9.6678
v  0.6136 0.7055 -9.6624
v  0.6685 -0.1411 -9.6615
v  0.6675 -1.0366 -9.1513
v  0.2255 -1.7392 -9.4077
v  0.6877 -0.5520 -9.4077
v  0.2282 1.6702 -9.4223
v  0.5737 1.2012 -9.4150
v  0.7240 0.3462 -9.4077
v  0.5347 -1.2978 -9.4077
v  1.0487 3.2611 -5.1858
v  0.8010 3.0600 -6.5980
v  0.9461 3.8603 -3.9548
v  1.1687 2.8460 -3.0283
v  1.0607 2.4776 -6.1935
v  1.0589 3.3200 -4.2439
v  1.0799 3.0479 -5.4010
v  1.0562 3.3846 -3.4978
v  0.9314 2.7789 -6.4051
v  1.0395 3.4095 -2.6610
v  0.7243 4.4171 -2.6894
v  0.9214 3.8915 -2.3849
v  0.3893 4.7013 -2.3798
v  0.8881 2.5950 -6.7854
v  0.6430 2.9518 -7.0848
v  0.7953 2.8065 -6.9227
v  0.3440 3.3131 -6.9328
v  1.0982 3.0602 -2.2180
v  0.9484 2.2496 -7.0199
v  0.9652 2.9255 -6.0964
v  0.9341 3.2227 -5.7986
v  0.8266 3.9603 -5.2258
v  0.8939 3.5601 -5.4786
v  0.9347 3.5982 -5.0316
v  1.1037 3.1060 -4.9974
v  1.0073 3.3976 -4.7338
v  1.1150 2.9798 -4.6715
v  1.1469 2.8852 -5.2097
v  1.1950 2.5779 -4.9765
v  1.1608 2.5315 -5.4440
v  1.0484 2.7965 -5.7569
v  1.0110 3.1863 -5.5735
v  1.0894 2.8715 -5.5545
v  1.1523 2.7276 -5.3915
v  1.1777 2.7609 -5.0358
v  1.1343 2.9652 -4.8533
v  1.0520 3.2814 -4.8719
v  1.0091 3.4072 -5.0295
v  0.9877 3.3723 -5.3855
v  0.9444 3.3642 -5.6083
v  1.0145 3.0078 -5.7187
v  1.1146 2.7062 -5.5631
v  1.1880 2.5957 -5.2260
v  1.1654 2.7866 -4.8377
v  1.0720 3.1817 -4.7369
v  0.9963 3.4401 -4.8966
v  0.9470 3.5308 -5.2133
v  0.9748 2.9849 -5.9117
v  0.8701 3.4816 -5.7571
v  0.8844 3.7035 -5.2498
v  0.9515 3.5877 -4.8149
v  1.0516 3.2536 -4.5849
v  1.1807 2.6900 -4.7007
v  1.2098 2.4171 -5.2209
v  1.1129 2.5673 -5.6854
v  0.8952 3.2676 -5.9731
v  0.8402 3.7205 -5.5645
v  0.8905 3.8055 -4.9489
v  0.9867 3.5403 -4.5385
v  1.1355 2.9408 -4.4646
v  1.2343 2.4093 -4.8753
v  1.1890 2.3458 -5.5195
v  1.0490 2.6897 -5.9277
v  1.2362 2.4989 -4.4086
v  0.8937 3.9618 -4.4745
v  0.8140 3.6118 -5.9219
v  1.1436 2.3317 -5.8823
v  1.3271 -1.3178 -2.6243
v  1.3997 -0.5892 -2.8820
v  1.3351 -1.2481 -3.0036
v  1.2626 -1.9766 -2.7459
v  1.2448 -2.0571 -2.3848
v  1.3814 -0.6303 -2.4938
v  1.4022 -0.5395 -3.0787
v  1.2535 -1.9184 -2.9380
v  0.0000 1.0443 -10.2368
v  0.0000 0.2719 -10.1779
v  0.4526 0.3764 -10.3668
v  0.4201 0.6726 -10.2941
v  0.2734 0.9351 -10.2508
v  0.2534 -0.7239 -10.4123
v  0.3665 -0.4897 -10.3320
v  0.4277 -0.2680 -10.2682
v  0.1600 0.1874 -10.0626
v  0.5008 0.4226 -10.1910
v  0.4002 0.8495 -10.1538
v  0.1605 1.1023 -10.1393
v  0.1529 -1.0005 -10.2705
v  0.3595 -0.7589 -10.2245
v  0.4599 -0.4003 -10.1701
v  0.1623 -0.1350 -10.1258
v  1.3503 -1.2887 -2.7848
v  1.4070 -0.6875 -2.8643
v  1.3549 -1.2787 -2.8441
v  1.2981 -1.8799 -2.7647
v  1.2971 -1.7366 -2.7436
v  1.3792 -0.8477 -2.8265
v  1.3854 -0.8313 -2.9560
v  1.2975 -1.7127 -2.8572
v  1.5640 -1.3677 -1.7269
v  1.6303 -0.4378 -1.6094
v  1.5654 -1.3612 -1.7317
v  1.4991 -2.2911 -1.8491
v  1.3322 -1.8027 -2.6889
v  1.4160 -0.7763 -2.7235
v  1.4207 -0.7735 -2.7434
v  1.3340 -1.7984 -2.7039
v  1.3818 -1.9958 -2.4592
v  1.4312 -2.1524 -2.2100
v  1.4803 -2.2634 -1.9483
v  1.4796 -0.6242 -2.3979
v  1.5429 -0.5166 -2.0594
v  1.6059 -0.4517 -1.7274
v  1.4836 -0.6207 -2.4135
v  1.5462 -0.5123 -2.0706
v  1.6085 -0.4467 -1.7342
v  1.3832 -1.9905 -2.4710
v  1.4321 -2.1460 -2.2185
v  1.4807 -2.2560 -1.9536
v  1.5149 -1.3460 -1.9847
v  1.4585 -1.3245 -2.2807
v  1.4020 -1.2981 -2.5678
v  1.5959 -0.1859 -1.8647
v  1.5308 -0.3125 -2.2180
v  1.4654 -0.4900 -2.5707
v  1.5173 -1.3383 -1.9952
v  1.4617 -1.3179 -2.2964
v  1.4060 -1.2927 -2.5886
v  1.4362 -2.4984 -2.1152
v  1.3894 -2.3299 -2.3591
v  1.3425 -2.1008 -2.5857
v  -0.1481 0.4237 -10.4626
v  0.1481 0.4237 -10.4626
v  0.3653 0.2895 -10.3146
v  0.4848 -0.0090 -10.0316
v  0.4806 -0.2050 -10.0071
v  0.3688 -0.2345 -10.2303
v  0.2558 -0.2428 -10.4368
v  0.1006 -0.2306 -10.5498
v  -0.1006 -0.2306 -10.5498
v  -0.2558 -0.2428 -10.4368
v  -0.3688 -0.2345 -10.2303
v  -0.4806 -0.2050 -10.0071
v  -0.4848 -0.0090 -10.0316
v  -0.3653 0.2895 -10.3146
v  -0.3259 0.4183 -10.4735
v  0.0000 0.4650 -10.5251
v  0.3259 0.4183 -10.4735
v  0.4766 0.1661 -10.2069
v  0.5558 -0.1489 -9.9697
v  0.4666 -0.2198 -10.1326
v  0.3493 -0.2451 -10.3586
v  0.2163 -0.2312 -10.5444
v  0.0000 -0.2244 -10.5990
v  -0.2163 -0.2312 -10.5444
v  -0.3493 -0.2451 -10.3586
v  -0.4666 -0.2198 -10.1326
v  -0.5558 -0.1489 -9.9697
v  -0.4766 0.1661 -10.2069
v  -0.2102 -0.1870 -9.9246
v  0.2102 -0.1870 -9.9246
v  0.3897 -0.1984 -10.0015
v  0.3008 -0.2276 -10.2005
v  0.1968 -0.2418 -10.3917
v  0.0754 -0.2340 -10.4850
v  -0.0754 -0.2340 -10.4850
v  -0.1968 -0.2418 -10.3917
v  -0.3008 -0.2276 -10.2005
v  -0.3897 -0.1984 -10.0015
v  -0.4020 -0.1958 -9.9322
v  0.0000 -0.1908 -9.9200
v  0.4020 -0.1958 -9.9322
v  0.3835 -0.2165 -10.1038
v  0.2735 -0.2455 -10.3193
v  0.1630 -0.2388 -10.4780
v  0.0000 -0.2339 -10.5211
v  -0.1630 -0.2388 -10.4780
v  -0.2734 -0.2455 -10.3193
v  -0.3835 -0.2165 -10.1038
v  -0.1902 -0.1185 -9.9733
v  0.1902 -0.1185 -9.9733
v  0.3162 -0.1328 -10.0217
v  0.2446 -0.1611 -10.2036
v  0.1583 -0.1759 -10.3828
v  0.0742 -0.1707 -10.4481
v  -0.0742 -0.1707 -10.4481
v  -0.1583 -0.1759 -10.3828
v  -0.2446 -0.1611 -10.2036
v  -0.3162 -0.1328 -10.0217
v  -0.3491 -0.1767 -9.9424
v  0.0000 -0.1720 -9.9326
v  0.3491 -0.1767 -9.9424
v  0.3443 -0.1961 -10.0905
v  0.2383 -0.2275 -10.3013
v  0.1380 -0.2243 -10.4482
v  0.0000 -0.2203 -10.4858
v  -0.1380 -0.2243 -10.4482
v  -0.2383 -0.2275 -10.3013
v  -0.3443 -0.1961 -10.0905
v  -0.3411 -0.1395 -9.9554
v  0.0000 -0.1286 -9.9467
v  0.3411 -0.1395 -9.9554
v  0.3364 -0.1597 -10.0946
v  0.2329 -0.1904 -10.2996
v  0.1349 -0.1874 -10.4432
v  0.0000 -0.1834 -10.4800
v  -0.1349 -0.1874 -10.4432
v  -0.2329 -0.1904 -10.2996
v  -0.3364 -0.1597 -10.0946
v  -0.2034 -0.1533 -9.9324
v  0.2034 -0.1533 -9.9324
v  0.3795 -0.1657 -10.0033
v  0.2936 -0.1952 -10.1968
v  0.1900 -0.2104 -10.3875
v  0.0725 -0.2030 -10.4788
v  -0.0725 -0.2030 -10.4788
v  -0.1900 -0.2104 -10.3875
v  -0.2936 -0.1952 -10.1968
v  -0.3795 -0.1657 -10.0033
v  -0.2130 -0.1725 -9.7645
v  -0.3870 -0.0110 -9.8987
v  -0.2507 0.2576 -10.1804
v  -0.1187 0.3408 -10.2700
v  0.1187 0.3408 -10.2700
v  0.2507 0.2576 -10.1804
v  0.3870 -0.0110 -9.8987
v  0.2130 -0.1725 -9.7645
v  0.0000 -0.1805 -9.8398
v  -0.4047 -0.1386 -9.8657
v  -0.3802 0.1477 -10.1198
v  -0.2364 0.3499 -10.3309
v  0.0000 0.3979 -10.3831
v  0.2364 0.3499 -10.3309
v  0.3802 0.1477 -10.1198
v  0.4047 -0.1386 -9.8657
v  -0.1723 0.0193 -9.5559
v  0.1723 0.0193 -9.5559
v  0.3259 -0.0648 -9.5133
v  0.2002 -0.1370 -9.4880
v  -0.2002 -0.1370 -9.4880
v  -0.3259 -0.0648 -9.5133
v  -0.3027 0.0905 -9.8947
v  0.0000 0.1463 -9.9430
v  0.3027 0.0905 -9.8947
v  0.3492 -0.1319 -9.7132
v  0.0000 -0.1678 -9.6936
v  -0.3492 -0.1319 -9.7132
v  -0.3027 0.0307 -9.6389
v  0.0000 0.0772 -9.6725
v  0.3027 0.0307 -9.6389
v  0.3492 -0.1364 -9.5451
v  0.0000 -0.1631 -9.5402
v  -0.3492 -0.1364 -9.5451
v  -0.1676 0.1039 -9.7998
v  0.1676 0.1039 -9.7998
v  0.3725 -0.0388 -9.6946
v  0.2048 -0.1657 -9.6124
v  -0.2048 -0.1657 -9.6124
v  -0.3725 -0.0388 -9.6946
# 3850 vertices

vn -0.9834 -0.1467 -0.1070
vn -0.9902 -0.1010 -0.0966
vn -0.9850 -0.1030 -0.1384
vn -0.9777 -0.1491 -0.1478
vn -0.9949 -0.0258 -0.0977
vn -0.9899 -0.0270 -0.1394
vn -0.9850 -0.1030 -0.1384
vn -0.9902 -0.1010 -0.0966
vn -0.9853 -0.0282 -0.1687
vn -0.9802 -0.1052 -0.1675
vn -0.9850 -0.1030 -0.1384
vn -0.9899 -0.0270 -0.1394
vn -0.9722 -0.1522 -0.1779
vn -0.9777 -0.1491 -0.1478
vn -0.9850 -0.1030 -0.1384
vn -0.9802 -0.1052 -0.1675
vn 0.0000 -0.8476 -0.5306
vn -0.0000 -0.8831 -0.4693
vn -0.4160 -0.7942 -0.4428
vn -0.4093 -0.7648 -0.4975
vn 0.0000 -0.8904 -0.4552
vn -0.4155 -0.8037 -0.4260
vn -0.4160 -0.7942 -0.4428
vn -0.0000 -0.8831 -0.4693
vn -0.7970 -0.5151 -0.3154
vn -0.7875 -0.5133 -0.3410
vn -0.4160 -0.7942 -0.4428
vn -0.4155 -0.8037 -0.4260
vn -0.7729 -0.5062 -0.3825
vn -0.4093 -0.7648 -0.4975
vn -0.4160 -0.7942 -0.4428
vn -0.7875 -0.5133 -0.3410
vn -0.0000 -0.3388 0.9409
vn -0.0000 -0.1976 0.9803
vn -0.9996 -0.0053 0.0271
vn -0.9997 -0.0084 0.0246
vn 0.0000 -0.0476 0.9989
vn -0.9996 -0.0016 0.0290
vn -0.9996 -0.0053 0.0271
vn -0.0000 -0.1976 0.9803
vn -0.9998 -0.0011 0.0179
vn -0.9998 -0.0035 0.0171
vn -0.9996 -0.0053 0.0271
vn -0.9996 -0.0016 0.0290
vn -0.9999 -0.0057 0.0160
vn -0.9997 -0.0084 0.0246
vn -0.9996 -0.0053 0.0271
vn -0.9998 -0.0035 0.0171
vn -0.0000 0.8134 0.5817
vn 0.0000 0.8006 0.5992
vn -0.9964 0.0689 0.0499
vn -0.9950 0.0813 0.0578
vn 0.0000 0.8088 0.5881
vn -0.9974 0.0586 0.0424
vn -0.9964 0.0689 0.0499
vn 0.0000 0.8006 0.5992
vn -0.9995 0.0261 0.0183
vn -0.9994 0.0290 0.0182
vn -0.9964 0.0689 0.0499
vn -0.9974 0.0586 0.0424
vn -0.9992 0.0334 0.0206
vn -0.9950 0.0813 0.0578
vn -0.9964 0.0689 0.0499
vn -0.9994 0.0290 0.0182
vn 0.0000 0.5224 -0.8527
vn 0.0000 0.2973 -0.9548
vn -0.1358 0.3399 -0.9306
vn -0.1669 0.5361 -0.8275
vn 0.0000 -0.0481 -0.9988
vn -0.1143 0.0049 -0.9934
vn -0.1358 0.3399 -0.9306
vn 0.0000 0.2973 -0.9548
vn -0.2879 0.1068 -0.9517
vn -0.3854 0.3813 -0.8402
vn -0.1358 0.3399 -0.9306
vn -0.1143 0.0049 -0.9934
vn -0.4139 0.5693 -0.7103
vn -0.1669 0.5361 -0.8275
vn -0.1358 0.3399 -0.9306
vn -0.3854 0.3813 -0.8402
vn -0.9886 -0.1045 0.1087
vn -0.9910 -0.0754 0.1103
vn -0.9928 -0.0742 0.0938
vn -0.9896 -0.1061 0.0977
vn -0.9936 -0.0230 0.1104
vn -0.9957 -0.0219 0.0904
vn -0.9928 -0.0742 0.0938
vn -0.9910 -0.0754 0.1103
vn -0.9955 -0.0208 0.0930
vn -0.9924 -0.0737 0.0983
vn -0.9928 -0.0742 0.0938
vn -0.9957 -0.0219 0.0904
vn -0.9890 -0.1067 0.1020
vn -0.9896 -0.1061 0.0977
vn -0.9928 -0.0742 0.0938
vn -0.9924 -0.0737 0.0983
vn 0.0000 -0.8742 0.4855
vn 0.0000 -0.9420 0.3357
vn -0.5270 -0.7911 0.3104
vn -0.4981 -0.8162 0.2928
vn -0.0000 -0.9535 0.3014
vn -0.5458 -0.7947 0.2657
vn -0.5270 -0.7911 0.3104
vn 0.0000 -0.9420 0.3357
vn -0.8988 -0.4042 0.1695
vn -0.8981 -0.3898 0.2036
vn -0.5270 -0.7911 0.3104
vn -0.5458 -0.7947 0.2657
vn -0.8583 -0.4493 0.2478
vn -0.4981 -0.8162 0.2928
vn -0.5270 -0.7911 0.3104
vn -0.8981 -0.3898 0.2036
vn 0.0000 0.9987 -0.0505
vn 0.0000 0.9991 0.0425
vn -0.5794 0.8141 0.0386
vn -0.5614 0.8243 0.0730
vn -0.0000 0.9983 0.0582
vn -0.5792 0.8135 0.0523
vn -0.5794 0.8141 0.0386
vn 0.0000 0.9991 0.0425
vn -0.9015 0.4312 0.0358
vn -0.9053 0.4240 0.0239
vn -0.5794 0.8141 0.0386
vn -0.5792 0.8135 0.0523
vn -0.8748 0.4809 0.0588
vn -0.5614 0.8243 0.0730
vn -0.5794 0.8141 0.0386
vn -0.9053 0.4240 0.0239
vn -0.9897 -0.1350 -0.0482
vn -0.9953 -0.0892 -0.0372
vn -0.9943 -0.0902 -0.0571
vn -0.9883 -0.1375 -0.0656
vn -0.9995 -0.0184 -0.0273
vn -0.9986 -0.0185 -0.0503
vn -0.9943 -0.0902 -0.0571
vn -0.9953 -0.0892 -0.0372
vn -0.9975 -0.0195 -0.0676
vn -0.9933 -0.0909 -0.0715
vn -0.9943 -0.0902 -0.0571
vn -0.9986 -0.0185 -0.0503
vn -0.9868 -0.1400 -0.0809
vn -0.9883 -0.1375 -0.0656
vn -0.9943 -0.0902 -0.0571
vn -0.9933 -0.0909 -0.0715
vn 0.0000 -0.9374 -0.3482
vn -0.0000 -0.9324 -0.3615
vn -0.4697 -0.8235 -0.3182
vn -0.4619 -0.8296 -0.3136
vn 0.0000 -0.9203 -0.3913
vn -0.4743 -0.8101 -0.3446
vn -0.4697 -0.8235 -0.3182
vn -0.0000 -0.9324 -0.3615
vn -0.8599 -0.4726 -0.1930
vn -0.8520 -0.4870 -0.1920
vn -0.4697 -0.8235 -0.3182
vn -0.4743 -0.8101 -0.3446
vn -0.8459 -0.4953 -0.1979
vn -0.4619 -0.8296 -0.3136
vn -0.4697 -0.8235 -0.3182
vn -0.8520 -0.4870 -0.1920
vn 0.0000 0.9442 -0.3294
vn 0.0000 0.9188 -0.3948
vn -0.3525 0.8531 -0.3846
vn -0.3528 0.8827 -0.3105
vn -0.0000 0.8840 -0.4675
vn -0.3782 0.8142 -0.4404
vn -0.3525 0.8531 -0.3846
vn 0.0000 0.9188 -0.3948
vn -0.7247 0.5686 -0.3892
vn -0.6220 0.7024 -0.3461
vn -0.3525 0.8531 -0.3846
vn -0.3782 0.8142 -0.4404
vn -0.6638 0.7077 -0.2420
vn -0.3528 0.8827 -0.3105
vn -0.3525 0.8531 -0.3846
vn -0.6220 0.7024 -0.3461
vn -0.9853 -0.1436 -0.0921
vn -0.9918 -0.0957 -0.0850
vn -0.9929 -0.0984 -0.0668
vn -0.9865 -0.1444 -0.0772
vn -0.9962 -0.0228 -0.0842
vn -0.9975 -0.0244 -0.0658
vn -0.9929 -0.0984 -0.0668
vn -0.9918 -0.0957 -0.0850
vn -0.9949 -0.0258 -0.0977
vn -0.9902 -0.1010 -0.0966
vn -0.9929 -0.0984 -0.0668
vn -0.9975 -0.0244 -0.0658
vn -0.9834 -0.1467 -0.1070
vn -0.9865 -0.1444 -0.0772
vn -0.9929 -0.0984 -0.0668
vn -0.9902 -0.1010 -0.0966
vn 0.0000 -0.9064 -0.4224
vn 0.0000 -0.9198 -0.3925
vn -0.4422 -0.8267 -0.3479
vn -0.4270 -0.8178 -0.3858
vn 0.0000 -0.9301 -0.3672
vn -0.4503 -0.8298 -0.3296
vn -0.4422 -0.8267 -0.3479
vn 0.0000 -0.9198 -0.3925
vn -0.8352 -0.5097 -0.2066
vn -0.8313 -0.5137 -0.2124
vn -0.4422 -0.8267 -0.3479
vn -0.4503 -0.8298 -0.3296
vn -0.8186 -0.5154 -0.2535
vn -0.4270 -0.8178 -0.3858
vn -0.4422 -0.8267 -0.3479
vn -0.8313 -0.5137 -0.2124
vn -0.0000 0.8148 -0.5797
vn -0.0000 0.8415 -0.5402
vn -0.4090 0.7639 -0.4992
vn -0.4008 0.7464 -0.5313
vn -0.0000 0.8512 -0.5248
vn -0.4128 0.7701 -0.4864
vn -0.4090 0.7639 -0.4992
vn -0.0000 0.8415 -0.5402
vn -0.7619 0.5310 -0.3709
vn -0.7625 0.5294 -0.3719
vn -0.4090 0.7639 -0.4992
vn -0.4128 0.7701 -0.4864
vn -0.7505 0.5276 -0.3979
vn -0.4008 0.7464 -0.5313
vn -0.4090 0.7639 -0.4992
vn -0.7625 0.5294 -0.3719
vn -0.0000 0.7517 -0.6595
vn -0.0000 0.7708 -0.6371
vn -0.3690 0.7164 -0.5921
vn -0.3535 0.7068 -0.6127
vn -0.0000 0.8148 -0.5797
vn -0.4008 0.7464 -0.5313
vn -0.3690 0.7164 -0.5921
vn -0.0000 0.7708 -0.6371
vn -0.7505 0.5276 -0.3979
vn -0.7224 0.5273 -0.4473
vn -0.3690 0.7164 -0.5921
vn -0.4008 0.7464 -0.5313
vn -0.6940 0.5390 -0.4773
vn -0.3535 0.7068 -0.6127
vn -0.3690 0.7164 -0.5921
vn -0.7224 0.5273 -0.4473
vn -0.9868 -0.1400 -0.0809
vn -0.9933 -0.0909 -0.0715
vn -0.9920 -0.0923 -0.0857
vn -0.9853 -0.1423 -0.0946
vn -0.9975 -0.0195 -0.0676
vn -0.9963 -0.0206 -0.0839
vn -0.9920 -0.0923 -0.0857
vn -0.9933 -0.0909 -0.0715
vn -0.9943 -0.0213 -0.1043
vn -0.9900 -0.0937 -0.1050
vn -0.9920 -0.0923 -0.0857
vn -0.9963 -0.0206 -0.0839
vn -0.9834 -0.1430 -0.1120
vn -0.9853 -0.1423 -0.0946
vn -0.9920 -0.0923 -0.0857
vn -0.9900 -0.0937 -0.1050
vn 0.0000 -0.9301 -0.3672
vn 0.0000 -0.9359 -0.3522
vn -0.4543 -0.8320 -0.3185
vn -0.4503 -0.8298 -0.3296
vn 0.0000 -0.9379 -0.3468
vn -0.4564 -0.8320 -0.3154
vn -0.4543 -0.8320 -0.3185
vn 0.0000 -0.9359 -0.3522
vn -0.8381 -0.5030 -0.2111
vn -0.8370 -0.5051 -0.2104
vn -0.4543 -0.8320 -0.3185
vn -0.4564 -0.8320 -0.3154
vn -0.8352 -0.5097 -0.2066
vn -0.4503 -0.8298 -0.3296
vn -0.4543 -0.8320 -0.3185
vn -0.8370 -0.5051 -0.2104
vn 0.0000 0.9855 -0.1694
vn 0.0000 0.9651 -0.2618
vn -0.3960 0.8908 -0.2229
vn -0.4429 0.8839 -0.1502
vn 0.0000 0.9442 -0.3294
vn -0.3528 0.8827 -0.3105
vn -0.3960 0.8908 -0.2229
vn 0.0000 0.9651 -0.2618
vn -0.6638 0.7077 -0.2420
vn -0.7077 0.6876 -0.1624
vn -0.3960 0.8908 -0.2229
vn -0.3528 0.8827 -0.3105
vn -0.8192 0.5683 -0.0773
vn -0.4429 0.8839 -0.1502
vn -0.3960 0.8908 -0.2229
vn -0.7077 0.6876 -0.1624
vn 0.9824 0.0393 0.1824
vn 0.9818 0.0393 0.1860
vn -0.1651 -0.1479 0.9751
vn -0.1434 -0.4277 0.8925
vn 0.9821 0.0406 0.1838
vn -0.1715 0.2168 0.9610
vn -0.1651 -0.1479 0.9751
vn 0.9818 0.0393 0.1860
vn -0.9871 -0.0434 -0.1541
vn -0.9864 -0.0439 -0.1584
vn -0.1651 -0.1479 0.9751
vn -0.1715 0.2168 0.9610
vn -0.9849 -0.0430 -0.1676
vn -0.1434 -0.4277 0.8925
vn -0.1651 -0.1479 0.9751
vn -0.9864 -0.0439 -0.1584
vn 0.0000 -0.9203 -0.3913
vn 0.0000 -0.9136 -0.4067
vn -0.4847 -0.8022 -0.3486
vn -0.4743 -0.8101 -0.3446
vn 0.0000 -0.9293 -0.3694
vn -0.4980 -0.8068 -0.3178
vn -0.4847 -0.8022 -0.3486
vn 0.0000 -0.9136 -0.4067
vn -0.8751 -0.4539 -0.1679
vn -0.8663 -0.4626 -0.1885
vn -0.4847 -0.8022 -0.3486
vn -0.4980 -0.8068 -0.3178
vn -0.8599 -0.4726 -0.1930
vn -0.4743 -0.8101 -0.3446
vn -0.4847 -0.8022 -0.3486
vn -0.8663 -0.4626 -0.1885
vn -0.0000 1.0000 -0.0072
vn -0.0000 0.9998 -0.0191
vn -0.4889 0.8724 -0.0029
vn -0.5011 0.8654 -0.0003
vn -0.0000 0.9992 -0.0396
vn -0.4804 0.8766 -0.0299
vn -0.4889 0.8724 -0.0029
vn -0.0000 0.9998 -0.0191
vn -0.8274 0.5616 -0.0060
vn -0.8268 0.5618 0.0267
vn -0.4889 0.8724 -0.0029
vn -0.4804 0.8766 -0.0299
vn -0.8440 0.5339 0.0513
vn -0.5011 0.8654 -0.0003
vn -0.4889 0.8724 -0.0029
vn -0.8268 0.5618 0.0267
vn -0.9929 -0.1025 0.0603
vn -0.9960 -0.0699 0.0550
vn -0.9963 -0.0702 0.0497
vn -0.9936 -0.1027 0.0477
vn -0.9986 -0.0170 0.0494
vn -0.9987 -0.0159 0.0485
vn -0.9963 -0.0702 0.0497
vn -0.9960 -0.0699 0.0550
vn -0.9990 -0.0149 0.0428
vn -0.9966 -0.0706 0.0417
vn -0.9963 -0.0702 0.0497
vn -0.9987 -0.0159 0.0485
vn -0.9938 -0.1059 0.0340
vn -0.9936 -0.1027 0.0477
vn -0.9963 -0.0702 0.0497
vn -0.9966 -0.0706 0.0417
vn 0.0000 -0.9630 -0.2696
vn 0.0000 -0.9766 -0.2150
vn -0.5444 -0.8215 -0.1696
vn -0.5301 -0.8177 -0.2242
vn 0.0000 -0.9887 -0.1500
vn -0.5551 -0.8233 -0.1183
vn -0.5444 -0.8215 -0.1696
vn 0.0000 -0.9766 -0.2150
vn -0.9074 -0.4186 -0.0369
vn -0.9007 -0.4290 -0.0680
vn -0.5444 -0.8215 -0.1696
vn -0.5551 -0.8233 -0.1183
vn -0.8935 -0.4366 -0.1049
vn -0.5301 -0.8177 -0.2242
vn -0.5444 -0.8215 -0.1696
vn -0.9007 -0.4290 -0.0680
vn -0.0000 0.8551 0.5184
vn -0.0000 0.9251 0.3797
vn -0.9976 0.0644 0.0270
vn -0.9978 0.0563 0.0356
vn -0.0000 0.9664 0.2569
vn -0.9972 0.0725 0.0188
vn -0.9976 0.0644 0.0270
vn -0.0000 0.9251 0.3797
vn -0.9998 0.0207 0.0056
vn -0.9998 0.0187 0.0084
vn -0.9976 0.0644 0.0270
vn -0.9972 0.0725 0.0188
vn -0.9998 0.0150 0.0106
vn -0.9978 0.0563 0.0356
vn -0.9976 0.0644 0.0270
vn -0.9998 0.0187 0.0084
vn -0.9874 -0.0781 0.1378
vn -0.9887 -0.0599 0.1375
vn -0.9886 -0.0607 0.1375
vn -0.9872 -0.0813 0.1370
vn -0.9904 -0.0233 0.1360
vn -0.9899 -0.0208 0.1403
vn -0.9886 -0.0607 0.1375
vn -0.9887 -0.0599 0.1375
vn -0.9905 -0.0202 0.1359
vn -0.9892 -0.0622 0.1329
vn -0.9886 -0.0607 0.1375
vn -0.9899 -0.0208 0.1403
vn -0.9878 -0.0860 0.1295
vn -0.9872 -0.0813 0.1370
vn -0.9886 -0.0607 0.1375
vn -0.9892 -0.0622 0.1329
vn 0.0021 -0.7957 0.6057
vn 0.0048 -0.7295 0.6840
vn -0.9991 -0.0311 0.0290
vn -0.9990 -0.0356 0.0266
vn 0.0056 -0.6248 0.7808
vn -0.9988 -0.0307 0.0388
vn -0.9991 -0.0311 0.0290
vn 0.0048 -0.7295 0.6840
vn -0.9999 -0.0076 0.0086
vn -0.9999 -0.0083 0.0073
vn -0.9991 -0.0311 0.0290
vn -0.9988 -0.0307 0.0388
vn -0.9999 -0.0087 0.0066
vn -0.9990 -0.0356 0.0266
vn -0.9991 -0.0311 0.0290
vn -0.9999 -0.0083 0.0073
vn -0.9878 -0.0860 0.1295
vn -0.9892 -0.0622 0.1329
vn -0.9897 -0.0656 0.1272
vn -0.9883 -0.0905 0.1229
vn -0.9905 -0.0202 0.1359
vn -0.9910 -0.0205 0.1326
vn -0.9897 -0.0656 0.1272
vn -0.9892 -0.0622 0.1329
vn -0.9906 -0.0223 0.1349
vn -0.9891 -0.0691 0.1298
vn -0.9897 -0.0656 0.1272
vn -0.9910 -0.0205 0.1326
vn -0.9878 -0.0963 0.1227
vn -0.9883 -0.0905 0.1229
vn -0.9897 -0.0656 0.1272
vn -0.9891 -0.0691 0.1298
vn -0.0026 -0.9912 -0.1324
vn -0.0079 -0.9936 0.1126
vn -0.9983 -0.0579 0.0076
vn -0.9988 -0.0485 -0.0044
vn -0.0104 -0.9389 0.3439
vn -0.9983 -0.0553 0.0191
vn -0.9983 -0.0579 0.0076
vn -0.0079 -0.9936 0.1126
vn -0.9999 -0.0127 0.0039
vn -0.9999 -0.0165 0.0001
vn -0.9983 -0.0579 0.0076
vn -0.9983 -0.0553 0.0191
vn -0.9998 -0.0183 -0.0026
vn -0.9988 -0.0485 -0.0044
vn -0.9983 -0.0579 0.0076
vn -0.9999 -0.0165 0.0001
vn 0.0000 0.9916 0.1296
vn 0.0000 0.9919 0.1269
vn -0.9981 0.0617 0.0078
vn -0.9977 0.0675 0.0087
vn 0.0000 0.9985 0.0548
vn -0.9983 0.0582 0.0032
vn -0.9981 0.0617 0.0078
vn 0.0000 0.9919 0.1269
vn -0.9996 0.0270 0.0020
vn -0.9997 0.0246 0.0030
vn -0.9981 0.0617 0.0078
vn -0.9983 0.0582 0.0032
vn -0.9997 0.0232 0.0031
vn -0.9977 0.0675 0.0087
vn -0.9981 0.0617 0.0078
vn -0.9997 0.0246 0.0030
vn 0.0000 0.5207 0.8537
vn -0.0000 0.7269 0.6868
vn -0.9977 0.0481 0.0477
vn -0.9981 0.0311 0.0535
vn -0.0000 0.8551 0.5184
vn -0.9978 0.0563 0.0356
vn -0.9977 0.0481 0.0477
vn -0.0000 0.7269 0.6868
vn -0.9998 0.0150 0.0106
vn -0.9999 0.0101 0.0121
vn -0.9977 0.0481 0.0477
vn -0.9978 0.0563 0.0356
vn -0.9999 0.0063 0.0112
vn -0.9981 0.0311 0.0535
vn -0.9977 0.0481 0.0477
vn -0.9999 0.0101 0.0121
vn -0.9924 -0.0762 0.0962
vn -0.9928 -0.0698 0.0976
vn -0.9895 -0.0687 0.1275
vn -0.9878 -0.0794 0.1342
vn -0.9949 -0.0369 0.0943
vn -0.9922 -0.0359 0.1198
vn -0.9895 -0.0687 0.1275
vn -0.9928 -0.0698 0.0976
vn -0.9911 -0.0329 0.1293
vn -0.9882 -0.0662 0.1385
vn -0.9895 -0.0687 0.1275
vn -0.9922 -0.0359 0.1198
vn -0.9862 -0.0774 0.1461
vn -0.9878 -0.0794 0.1342
vn -0.9895 -0.0687 0.1275
vn -0.9882 -0.0662 0.1385
vn 0.0056 -0.6248 0.7808
vn 0.0073 -0.4325 0.9016
vn -0.9976 -0.0292 0.0623
vn -0.9988 -0.0307 0.0388
vn 0.0076 -0.1970 0.9804
vn -0.9969 -0.0115 0.0774
vn -0.9976 -0.0292 0.0623
vn 0.0073 -0.4325 0.9016
vn -0.9999 -0.0017 0.0116
vn -0.9999 -0.0055 0.0114
vn -0.9976 -0.0292 0.0623
vn -0.9969 -0.0115 0.0774
vn -0.9999 -0.0076 0.0086
vn -0.9988 -0.0307 0.0388
vn -0.9976 -0.0292 0.0623
vn -0.9999 -0.0055 0.0114
vn -0.0000 0.9983 0.0578
vn -0.0000 0.9988 0.0485
vn -0.5735 0.8179 0.0456
vn -0.5768 0.8152 0.0519
vn -0.0000 0.9996 0.0283
vn -0.5701 0.8211 0.0276
vn -0.5735 0.8179 0.0456
vn -0.0000 0.9988 0.0485
vn -0.8998 0.4355 0.0274
vn -0.9015 0.4313 0.0361
vn -0.5735 0.8179 0.0456
vn -0.5701 0.8211 0.0276
vn -0.9023 0.4294 0.0381
vn -0.5768 0.8152 0.0519
vn -0.5735 0.8179 0.0456
vn -0.9015 0.4313 0.0361
vn -0.9892 -0.1078 0.0993
vn -0.9931 -0.0743 0.0907
vn -0.9947 -0.0735 0.0722
vn -0.9904 -0.1079 0.0859
vn -0.9967 -0.0192 0.0786
vn -0.9982 -0.0188 0.0572
vn -0.9947 -0.0735 0.0722
vn -0.9931 -0.0743 0.0907
vn -0.9986 -0.0187 0.0498
vn -0.9954 -0.0727 0.0629
vn -0.9947 -0.0735 0.0722
vn -0.9982 -0.0188 0.0572
vn -0.9913 -0.1056 0.0783
vn -0.9904 -0.1079 0.0859
vn -0.9947 -0.0735 0.0722
vn -0.9954 -0.0727 0.0629
vn 0.0000 -0.9511 0.3090
vn -0.0000 -0.6776 0.7354
vn -0.9991 -0.0292 0.0312
vn -0.9989 -0.0445 0.0134
vn -0.0000 -0.0924 0.9957
vn -0.9989 0.0026 0.0458
vn -0.9991 -0.0292 0.0312
vn -0.0000 -0.6776 0.7354
vn -0.9998 -0.0010 0.0188
vn -0.9999 -0.0108 0.0127
vn -0.9991 -0.0292 0.0312
vn -0.9989 0.0026 0.0458
vn -0.9998 -0.0194 0.0070
vn -0.9989 -0.0445 0.0134
vn -0.9991 -0.0292 0.0312
vn -0.9999 -0.0108 0.0127
vn -0.0000 1.0000 -0.0006
vn -0.6790 0.7341 -0.0066
vn -0.7439 0.6604 -0.1028
vn 0.0000 0.9779 -0.2089
vn -0.9360 0.3359 0.1052
vn -0.9580 0.2867 -0.0003
vn -0.7439 0.6604 -0.1028
vn -0.6790 0.7341 -0.0066
vn -0.9666 0.2525 -0.0441
vn -0.7807 0.5972 -0.1841
vn -0.7439 0.6604 -0.1028
vn -0.9580 0.2867 -0.0003
vn 0.0000 0.9490 -0.3152
vn 0.0000 0.9779 -0.2089
vn -0.7439 0.6604 -0.1028
vn -0.7807 0.5972 -0.1841
vn -0.9957 0.0423 0.0823
vn -0.9959 0.0031 0.0906
vn -0.9976 -0.0012 0.0686
vn -0.9978 0.0324 0.0578
vn -0.9949 -0.0369 0.0943
vn -0.9965 -0.0369 0.0748
vn -0.9976 -0.0012 0.0686
vn -0.9959 0.0031 0.0906
vn -0.9971 -0.0345 0.0677
vn -0.9978 -0.0056 0.0655
vn -0.9976 -0.0012 0.0686
vn -0.9965 -0.0369 0.0748
vn -0.9984 0.0215 0.0515
vn -0.9978 0.0324 0.0578
vn -0.9976 -0.0012 0.0686
vn -0.9978 -0.0056 0.0655
vn -0.9436 -0.2807 0.1757
vn -0.7321 -0.6505 0.2021
vn -0.8058 -0.5840 0.0984
vn -0.9720 -0.2228 0.0750
vn 0.0000 -0.9527 0.3040
vn 0.0000 -0.9946 0.1039
vn -0.8058 -0.5840 0.0984
vn -0.7321 -0.6505 0.2021
vn 0.0000 -0.9912 -0.1324
vn -0.8487 -0.5261 -0.0544
vn -0.8058 -0.5840 0.0984
vn 0.0000 -0.9946 0.1039
vn -0.9808 -0.1944 0.0134
vn -0.9720 -0.2228 0.0750
vn -0.8058 -0.5840 0.0984
vn -0.8487 -0.5261 -0.0544
vn 0.0000 -0.8476 -0.5306
vn -0.4093 -0.7648 -0.4975
vn -0.3972 -0.7302 -0.5559
vn 0.0000 -0.8055 -0.5926
vn -0.7729 -0.5062 -0.3825
vn -0.7553 -0.4954 -0.4291
vn -0.3972 -0.7302 -0.5559
vn -0.4093 -0.7648 -0.4975
vn -0.7500 -0.4941 -0.4397
vn -0.3956 -0.7192 -0.5712
vn -0.3972 -0.7302 -0.5559
vn -0.7553 -0.4954 -0.4291
vn 0.0000 -0.7926 -0.6097
vn 0.0000 -0.8055 -0.5926
vn -0.3972 -0.7302 -0.5559
vn -0.3956 -0.7192 -0.5712
vn -0.9624 -0.1624 -0.2180
vn -0.9730 -0.1138 -0.2007
vn -0.9696 -0.1204 -0.2129
vn -0.9572 -0.1693 -0.2347
vn -0.9798 -0.0326 -0.1971
vn -0.9786 -0.0354 -0.2029
vn -0.9696 -0.1204 -0.2129
vn -0.9730 -0.1138 -0.2007
vn -0.9760 -0.0386 -0.2141
vn -0.9663 -0.1275 -0.2237
vn -0.9696 -0.1204 -0.2129
vn -0.9786 -0.0354 -0.2029
vn -0.9516 -0.1787 -0.2501
vn -0.9572 -0.1693 -0.2347
vn -0.9696 -0.1204 -0.2129
vn -0.9663 -0.1275 -0.2237
vn -0.7574 0.5229 -0.3910
vn -0.4178 0.7579 -0.5011
vn -0.4113 0.7381 -0.5349
vn -0.7483 0.5146 -0.4186
vn -0.0000 0.8421 -0.5393
vn -0.0000 0.8188 -0.5740
vn -0.4113 0.7381 -0.5349
vn -0.4178 0.7579 -0.5011
vn -0.0000 0.7836 -0.6213
vn -0.3994 0.7100 -0.5800
vn -0.4113 0.7381 -0.5349
vn -0.0000 0.8188 -0.5740
vn -0.7312 0.5079 -0.4553
vn -0.7483 0.5146 -0.4186
vn -0.4113 0.7381 -0.5349
vn -0.3994 0.7100 -0.5800
vn -0.9729 0.1664 -0.1606
vn -0.9242 0.3028 -0.2326
vn -0.9214 0.2966 -0.2512
vn -0.9680 0.1585 -0.1944
vn -0.7505 0.5276 -0.3979
vn -0.7625 0.5294 -0.3719
vn -0.9214 0.2966 -0.2512
vn -0.9242 0.3028 -0.2326
vn -0.7619 0.5310 -0.3709
vn -0.9198 0.2933 -0.2607
vn -0.9214 0.2966 -0.2512
vn -0.7625 0.5294 -0.3719
vn -0.9650 0.1586 -0.2090
vn -0.9680 0.1585 -0.1944
vn -0.9214 0.2966 -0.2512
vn -0.9198 0.2933 -0.2607
vn -0.9949 -0.0258 -0.0977
vn -0.9916 0.0617 -0.1134
vn -0.9856 0.0637 -0.1566
vn -0.9899 -0.0270 -0.1394
vn -0.9729 0.1664 -0.1606
vn -0.9680 0.1585 -0.1944
vn -0.9856 0.0637 -0.1566
vn -0.9916 0.0617 -0.1134
vn -0.9650 0.1586 -0.2090
vn -0.9810 0.0637 -0.1831
vn -0.9856 0.0637 -0.1566
vn -0.9680 0.1585 -0.1944
vn -0.9853 -0.0282 -0.1687
vn -0.9899 -0.0270 -0.1394
vn -0.9856 0.0637 -0.1566
vn -0.9810 0.0637 -0.1831
vn -0.9624 -0.1624 -0.2180
vn -0.9313 -0.2533 -0.2616
vn -0.9395 -0.2487 -0.2354
vn -0.9672 -0.1562 -0.2005
vn -0.7729 -0.5062 -0.3825
vn -0.7875 -0.5133 -0.3410
vn -0.9395 -0.2487 -0.2354
vn -0.9313 -0.2533 -0.2616
vn -0.7970 -0.5151 -0.3154
vn -0.9462 -0.2451 -0.2111
vn -0.9395 -0.2487 -0.2354
vn -0.7875 -0.5133 -0.3410
vn -0.9722 -0.1522 -0.1779
vn -0.9672 -0.1562 -0.2005
vn -0.9395 -0.2487 -0.2354
vn -0.9462 -0.2451 -0.2111
vn 0.0000 0.2650 0.9642
vn 0.0000 0.3745 0.9272
vn -0.9997 0.0093 0.0243
vn -0.9996 0.0069 0.0288
vn -0.0000 0.4623 0.8867
vn -0.9997 0.0107 0.0211
vn -0.9997 0.0093 0.0243
vn 0.0000 0.3745 0.9272
vn -0.9999 0.0077 0.0146
vn -0.9998 0.0065 0.0163
vn -0.9997 0.0093 0.0243
vn -0.9997 0.0107 0.0211
vn -0.9998 0.0044 0.0179
vn -0.9996 0.0069 0.0288
vn -0.9997 0.0093 0.0243
vn -0.9998 0.0065 0.0163
vn 0.0000 -0.0476 0.9989
vn -0.0000 0.1204 0.9927
vn -0.9995 0.0029 0.0303
vn -0.9996 -0.0016 0.0290
vn 0.0000 0.2650 0.9642
vn -0.9996 0.0069 0.0288
vn -0.9995 0.0029 0.0303
vn -0.0000 0.1204 0.9927
vn -0.9998 0.0044 0.0179
vn -0.9998 0.0017 0.0184
vn -0.9995 0.0029 0.0303
vn -0.9996 0.0069 0.0288
vn -0.9998 -0.0011 0.0179
vn -0.9996 -0.0016 0.0290
vn -0.9995 0.0029 0.0303
vn -0.9998 0.0017 0.0184
vn -0.9999 -0.0057 0.0160
vn -0.9999 -0.0076 0.0147
vn -0.9997 -0.0109 0.0217
vn -0.9997 -0.0084 0.0246
vn -0.9999 -0.0084 0.0138
vn -0.9997 -0.0120 0.0202
vn -0.9997 -0.0109 0.0217
vn -0.9999 -0.0076 0.0147
vn -0.0000 -0.5115 0.8593
vn -0.0000 -0.4536 0.8912
vn -0.9997 -0.0109 0.0217
vn -0.9997 -0.0120 0.0202
vn -0.0000 -0.3388 0.9409
vn -0.9997 -0.0084 0.0246
vn -0.9997 -0.0109 0.0217
vn -0.0000 -0.4536 0.8912
vn 0.0000 0.6168 -0.7871
vn 0.0000 0.2055 -0.9786
vn -0.2839 0.1816 -0.9415
vn -0.2903 0.5645 -0.7727
vn 0.0000 -0.2503 -0.9682
vn -0.2902 -0.2355 -0.9275
vn -0.2839 0.1816 -0.9415
vn 0.0000 0.2055 -0.9786
vn -0.5085 -0.2558 -0.8222
vn -0.5995 -0.0016 -0.8004
vn -0.2839 0.1816 -0.9415
vn -0.2902 -0.2355 -0.9275
vn -0.6579 0.2769 -0.7003
vn -0.2903 0.5645 -0.7727
vn -0.2839 0.1816 -0.9415
vn -0.5995 -0.0016 -0.8004
vn -0.0000 0.9794 -0.2021
vn -0.0000 0.8593 -0.5114
vn -0.2394 0.8055 -0.5421
vn -0.1190 0.9679 -0.2212
vn 0.0000 0.6168 -0.7871
vn -0.2903 0.5645 -0.7727
vn -0.2394 0.8055 -0.5421
vn -0.0000 0.8593 -0.5114
vn -0.6579 0.2769 -0.7003
vn -0.6269 0.5334 -0.5678
vn -0.2394 0.8055 -0.5421
vn -0.2903 0.5645 -0.7727
vn -0.4472 0.8427 -0.2998
vn -0.1190 0.9679 -0.2212
vn -0.2394 0.8055 -0.5421
vn -0.6269 0.5334 -0.5678
vn -0.4139 0.5693 -0.7103
vn -0.4078 0.6781 -0.6115
vn -0.1860 0.6643 -0.7239
vn -0.1669 0.5361 -0.8275
vn -0.3849 0.7459 -0.5436
vn -0.2320 0.7904 -0.5670
vn -0.1860 0.6643 -0.7239
vn -0.4078 0.6781 -0.6115
vn -0.0000 0.8148 -0.5797
vn 0.0000 0.6526 -0.7577
vn -0.1860 0.6643 -0.7239
vn -0.2320 0.7904 -0.5670
vn 0.0000 0.5224 -0.8527
vn -0.1669 0.5361 -0.8275
vn -0.1860 0.6643 -0.7239
vn 0.0000 0.6526 -0.7577
vn -0.9881 0.1007 0.1159
vn -0.9746 0.1846 0.1267
vn -0.9769 0.1883 0.1010
vn -0.9902 0.1039 0.0929
vn -0.9124 0.3742 0.1659
vn -0.9137 0.3839 0.1334
vn -0.9769 0.1883 0.1010
vn -0.9746 0.1846 0.1267
vn -0.9125 0.3929 0.1144
vn -0.9770 0.1913 0.0945
vn -0.9769 0.1883 0.1010
vn -0.9137 0.3839 0.1334
vn -0.9904 0.1056 0.0893
vn -0.9902 0.1039 0.0929
vn -0.9769 0.1883 0.1010
vn -0.9770 0.1913 0.0945
vn -0.9936 -0.0230 0.1104
vn -0.9929 0.0384 0.1126
vn -0.9951 0.0405 0.0898
vn -0.9957 -0.0219 0.0904
vn -0.9881 0.1007 0.1159
vn -0.9902 0.1039 0.0929
vn -0.9951 0.0405 0.0898
vn -0.9929 0.0384 0.1126
vn -0.9904 0.1056 0.0893
vn -0.9951 0.0416 0.0895
vn -0.9951 0.0405 0.0898
vn -0.9902 0.1039 0.0929
vn -0.9955 -0.0208 0.0930
vn -0.9957 -0.0219 0.0904
vn -0.9951 0.0405 0.0898
vn -0.9951 0.0416 0.0895
vn -0.9892 -0.1078 0.0993
vn -0.9779 -0.1708 0.1203
vn -0.9779 -0.1694 0.1222
vn -0.9882 -0.1076 0.1086
vn -0.8583 -0.4493 0.2478
vn -0.8981 -0.3898 0.2036
vn -0.9779 -0.1694 0.1222
vn -0.9779 -0.1708 0.1203
vn -0.8988 -0.4042 0.1695
vn -0.9792 -0.1679 0.1135
vn -0.9779 -0.1694 0.1222
vn -0.8981 -0.3898 0.2036
vn -0.9890 -0.1067 0.1020
vn -0.9882 -0.1076 0.1086
vn -0.9779 -0.1694 0.1222
vn -0.9792 -0.1679 0.1135
vn -0.9995 -0.0184 -0.0273
vn -0.9983 0.0541 -0.0213
vn -0.9976 0.0512 -0.0462
vn -0.9986 -0.0185 -0.0503
vn -0.9929 0.1186 -0.0085
vn -0.9958 0.0820 -0.0409
vn -0.9976 0.0512 -0.0462
vn -0.9983 0.0541 -0.0213
vn -0.9948 0.0776 -0.0665
vn -0.9966 0.0485 -0.0661
vn -0.9976 0.0512 -0.0462
vn -0.9958 0.0820 -0.0409
vn -0.9975 -0.0195 -0.0676
vn -0.9986 -0.0185 -0.0503
vn -0.9976 0.0512 -0.0462
vn -0.9966 0.0485 -0.0661
vn -0.9868 -0.1400 -0.0809
vn -0.9676 -0.2286 -0.1074
vn -0.9703 -0.2225 -0.0955
vn -0.9883 -0.1375 -0.0656
vn -0.8459 -0.4953 -0.1979
vn -0.8520 -0.4870 -0.1920
vn -0.9703 -0.2225 -0.0955
vn -0.9676 -0.2286 -0.1074
vn -0.8599 -0.4726 -0.1930
vn -0.9732 -0.2155 -0.0805
vn -0.9703 -0.2225 -0.0955
vn -0.8520 -0.4870 -0.1920
vn -0.9897 -0.1350 -0.0482
vn -0.9883 -0.1375 -0.0656
vn -0.9703 -0.2225 -0.0955
vn -0.9732 -0.2155 -0.0805
vn -0.9832 0.1324 -0.1255
vn -0.9630 0.2084 -0.1707
vn -0.9640 0.2179 -0.1525
vn -0.9853 0.1326 -0.1081
vn -0.9461 0.2441 -0.2130
vn -0.9470 0.2590 -0.1899
vn -0.9640 0.2179 -0.1525
vn -0.9630 0.2084 -0.1707
vn -0.9495 0.2634 -0.1706
vn -0.9483 0.2478 -0.1983
vn -0.9640 0.2179 -0.1525
vn -0.9470 0.2590 -0.1899
vn -0.9729 0.1664 -0.1606
vn -0.9853 0.1326 -0.1081
vn -0.9640 0.2179 -0.1525
vn -0.9483 0.2478 -0.1983
vn -0.9962 -0.0228 -0.0842
vn -0.9938 0.0562 -0.0956
vn -0.9949 0.0589 -0.0822
vn -0.9975 -0.0244 -0.0658
vn -0.9832 0.1324 -0.1255
vn -0.9853 0.1326 -0.1081
vn -0.9949 0.0589 -0.0822
vn -0.9938 0.0562 -0.0956
vn -0.9729 0.1664 -0.1606
vn -0.9916 0.0617 -0.1134
vn -0.9949 0.0589 -0.0822
vn -0.9853 0.1326 -0.1081
vn -0.9949 -0.0258 -0.0977
vn -0.9975 -0.0244 -0.0658
vn -0.9949 0.0589 -0.0822
vn -0.9916 0.0617 -0.1134
vn -0.9834 -0.1467 -0.1070
vn -0.9612 -0.2384 -0.1385
vn -0.9661 -0.2358 -0.1054
vn -0.9865 -0.1444 -0.0772
vn -0.8186 -0.5154 -0.2535
vn -0.8313 -0.5137 -0.2124
vn -0.9661 -0.2358 -0.1054
vn -0.9612 -0.2384 -0.1385
vn -0.8352 -0.5097 -0.2066
vn -0.9663 -0.2323 -0.1107
vn -0.9661 -0.2358 -0.1054
vn -0.8313 -0.5137 -0.2124
vn -0.9853 -0.1436 -0.0921
vn -0.9865 -0.1444 -0.0772
vn -0.9661 -0.2358 -0.1054
vn -0.9663 -0.2323 -0.1107
vn -0.9975 -0.0195 -0.0676
vn -0.9966 0.0485 -0.0661
vn -0.9951 0.0496 -0.0851
vn -0.9963 -0.0206 -0.0839
vn -0.9948 0.0776 -0.0665
vn -0.9924 0.0826 -0.0907
vn -0.9951 0.0496 -0.0851
vn -0.9966 0.0485 -0.0661
vn -0.9825 0.1240 -0.1390
vn -0.9929 0.0518 -0.1075
vn -0.9951 0.0496 -0.0851
vn -0.9924 0.0826 -0.0907
vn -0.9943 -0.0213 -0.1043
vn -0.9963 -0.0206 -0.0839
vn -0.9951 0.0496 -0.0851
vn -0.9929 0.0518 -0.1075
vn -0.9853 -0.1436 -0.0921
vn -0.9663 -0.2323 -0.1107
vn -0.9633 -0.2334 -0.1326
vn -0.9825 -0.1433 -0.1187
vn -0.8352 -0.5097 -0.2066
vn -0.8370 -0.5051 -0.2104
vn -0.9633 -0.2334 -0.1326
vn -0.9663 -0.2323 -0.1107
vn -0.8381 -0.5030 -0.2111
vn -0.9630 -0.2349 -0.1319
vn -0.9633 -0.2334 -0.1326
vn -0.8370 -0.5051 -0.2104
vn -0.9834 -0.1430 -0.1120
vn -0.9825 -0.1433 -0.1187
vn -0.9633 -0.2334 -0.1326
vn -0.9630 -0.2349 -0.1319
vn -0.9798 0.1968 0.0350
vn -0.9571 0.2796 0.0760
vn -0.9587 0.2827 0.0315
vn -0.9804 0.1955 0.0259
vn -0.8440 0.5339 0.0513
vn -0.8268 0.5618 0.0267
vn -0.9587 0.2827 0.0315
vn -0.9571 0.2796 0.0760
vn -0.8274 0.5616 -0.0060
vn -0.9602 0.2791 0.0099
vn -0.9587 0.2827 0.0315
vn -0.8268 0.5618 0.0267
vn -0.9804 0.1963 0.0136
vn -0.9804 0.1955 0.0259
vn -0.9587 0.2827 0.0315
vn -0.9602 0.2791 0.0099
vn -0.9984 -0.0121 0.0559
vn -0.9975 0.0590 0.0390
vn -0.9974 0.0603 0.0389
vn -0.9989 0.0324 0.0346
vn -0.9910 0.1256 0.0460
vn -0.9937 0.1048 0.0403
vn -0.9974 0.0603 0.0389
vn -0.9975 0.0590 0.0390
vn -0.9933 0.1128 0.0251
vn -0.9979 0.0590 0.0280
vn -0.9974 0.0603 0.0389
vn -0.9937 0.1048 0.0403
vn -0.9998 -0.0111 -0.0140
vn -0.9989 0.0324 0.0346
vn -0.9974 0.0603 0.0389
vn -0.9979 0.0590 0.0280
vn -0.9897 -0.1350 -0.0482
vn -0.9732 -0.2155 -0.0805
vn -0.9754 -0.2089 -0.0703
vn -0.9906 -0.1323 -0.0357
vn -0.8599 -0.4726 -0.1930
vn -0.8663 -0.4626 -0.1885
vn -0.9754 -0.2089 -0.0703
vn -0.9732 -0.2155 -0.0805
vn -0.8751 -0.4539 -0.1679
vn -0.9778 -0.2018 -0.0565
vn -0.9754 -0.2089 -0.0703
vn -0.8663 -0.4626 -0.1885
vn -0.9896 -0.1375 -0.0427
vn -0.9906 -0.1323 -0.0357
vn -0.9754 -0.2089 -0.0703
vn -0.9778 -0.2018 -0.0565
vn -0.9928 0.1141 0.0359
vn -0.9783 0.2046 0.0323
vn -0.9779 0.2064 0.0327
vn -0.9926 0.1160 0.0363
vn -0.9023 0.4294 0.0381
vn -0.9015 0.4313 0.0361
vn -0.9779 0.2064 0.0327
vn -0.9783 0.2046 0.0323
vn -0.8998 0.4355 0.0274
vn -0.9775 0.2086 0.0301
vn -0.9779 0.2064 0.0327
vn -0.9015 0.4313 0.0361
vn -0.9923 0.1186 0.0349
vn -0.9926 0.1160 0.0363
vn -0.9779 0.2064 0.0327
vn -0.9775 0.2086 0.0301
vn -0.9986 -0.0170 0.0494
vn -0.9979 0.0480 0.0432
vn -0.9978 0.0503 0.0431
vn -0.9987 -0.0159 0.0485
vn -0.9928 0.1141 0.0359
vn -0.9926 0.1160 0.0363
vn -0.9978 0.0503 0.0431
vn -0.9979 0.0480 0.0432
vn -0.9923 0.1186 0.0349
vn -0.9978 0.0527 0.0404
vn -0.9978 0.0503 0.0431
vn -0.9926 0.1160 0.0363
vn -0.9990 -0.0149 0.0428
vn -0.9987 -0.0159 0.0485
vn -0.9978 0.0503 0.0431
vn -0.9978 0.0527 0.0404
vn -0.9927 -0.1198 0.0149
vn -0.9814 -0.1901 -0.0252
vn -0.9836 -0.1806 -0.0021
vn -0.9936 -0.1093 0.0276
vn -0.8935 -0.4366 -0.1049
vn -0.9007 -0.4290 -0.0680
vn -0.9836 -0.1806 -0.0021
vn -0.9814 -0.1901 -0.0252
vn -0.9074 -0.4186 -0.0369
vn -0.9848 -0.1731 0.0169
vn -0.9836 -0.1806 -0.0021
vn -0.9007 -0.4290 -0.0680
vn -0.9938 -0.1059 0.0340
vn -0.9936 -0.1093 0.0276
vn -0.9836 -0.1806 -0.0021
vn -0.9848 -0.1731 0.0169
vn -0.9867 0.0694 0.1472
vn -0.9766 0.1327 0.1690
vn -0.9734 0.1446 0.1779
vn -0.9848 0.0771 0.1556
vn -0.9296 0.2757 0.2447
vn -0.9206 0.2942 0.2567
vn -0.9734 0.1446 0.1779
vn -0.9766 0.1327 0.1690
vn -0.9162 0.3156 0.2468
vn -0.9724 0.1552 0.1744
vn -0.9734 0.1446 0.1779
vn -0.9206 0.2942 0.2567
vn -0.9849 0.0837 0.1514
vn -0.9848 0.0771 0.1556
vn -0.9734 0.1446 0.1779
vn -0.9724 0.1552 0.1744
vn -0.9904 -0.0233 0.1360
vn -0.9900 0.0224 0.1393
vn -0.9891 0.0273 0.1449
vn -0.9899 -0.0208 0.1403
vn -0.9867 0.0694 0.1472
vn -0.9848 0.0771 0.1556
vn -0.9891 0.0273 0.1449
vn -0.9900 0.0224 0.1393
vn -0.9849 0.0837 0.1514
vn -0.9893 0.0315 0.1428
vn -0.9891 0.0273 0.1449
vn -0.9848 0.0771 0.1556
vn -0.9905 -0.0202 0.1359
vn -0.9899 -0.0208 0.1403
vn -0.9891 0.0273 0.1449
vn -0.9893 0.0315 0.1428
vn -0.9878 -0.0860 0.1295
vn -0.9824 -0.1295 0.1347
vn -0.9823 -0.1215 0.1426
vn -0.9872 -0.0813 0.1370
vn -0.9318 -0.3135 0.1830
vn -0.9358 -0.2892 0.2015
vn -0.9823 -0.1215 0.1426
vn -0.9824 -0.1295 0.1347
vn -0.9402 -0.2669 0.2114
vn -0.9825 -0.1132 0.1479
vn -0.9823 -0.1215 0.1426
vn -0.9358 -0.2892 0.2015
vn -0.9874 -0.0781 0.1378
vn -0.9872 -0.0813 0.1370
vn -0.9823 -0.1215 0.1426
vn -0.9825 -0.1132 0.1479
vn -0.9849 0.0837 0.1514
vn -0.9724 0.1552 0.1744
vn -0.9734 0.1623 0.1616
vn -0.9855 0.0881 0.1453
vn -0.9162 0.3156 0.2468
vn -0.9160 0.3312 0.2262
vn -0.9734 0.1623 0.1616
vn -0.9724 0.1552 0.1744
vn -0.9146 0.3454 0.2102
vn -0.9731 0.1681 0.1578
vn -0.9734 0.1623 0.1616
vn -0.9160 0.3312 0.2262
vn -0.9852 0.0918 0.1449
vn -0.9855 0.0881 0.1453
vn -0.9734 0.1623 0.1616
vn -0.9731 0.1681 0.1578
vn -0.9905 -0.0202 0.1359
vn -0.9893 0.0315 0.1428
vn -0.9900 0.0330 0.1372
vn -0.9910 -0.0205 0.1326
vn -0.9849 0.0837 0.1514
vn -0.9855 0.0881 0.1453
vn -0.9900 0.0330 0.1372
vn -0.9893 0.0315 0.1428
vn -0.9852 0.0918 0.1449
vn -0.9895 0.0341 0.1406
vn -0.9900 0.0330 0.1372
vn -0.9855 0.0881 0.1453
vn -0.9906 -0.0223 0.1349
vn -0.9910 -0.0205 0.1326
vn -0.9900 0.0330 0.1372
vn -0.9895 0.0341 0.1406
vn -0.9886 -0.1045 0.1087
vn -0.9798 -0.1640 0.1147
vn -0.9807 -0.1540 0.1204
vn -0.9873 -0.1020 0.1220
vn -0.8744 -0.4576 0.1613
vn -0.9202 -0.3556 0.1637
vn -0.9807 -0.1540 0.1204
vn -0.9798 -0.1640 0.1147
vn -0.9238 -0.3480 0.1597
vn -0.9818 -0.1450 0.1229
vn -0.9807 -0.1540 0.1204
vn -0.9202 -0.3556 0.1637
vn -0.9878 -0.0963 0.1227
vn -0.9873 -0.1020 0.1220
vn -0.9807 -0.1540 0.1204
vn -0.9818 -0.1450 0.1229
vn -0.9957 0.0423 0.0823
vn -0.9905 0.1169 0.0722
vn -0.9846 0.1188 0.1284
vn -0.9917 0.0516 0.1178
vn -0.9360 0.3359 0.1052
vn -0.9595 0.2312 0.1610
vn -0.9846 0.1188 0.1284
vn -0.9905 0.1169 0.0722
vn -0.9444 0.2463 0.2179
vn -0.9797 0.1245 0.1570
vn -0.9846 0.1188 0.1284
vn -0.9595 0.2312 0.1610
vn -0.9895 0.0561 0.1328
vn -0.9917 0.0516 0.1178
vn -0.9846 0.1188 0.1284
vn -0.9797 0.1245 0.1570
vn -0.9949 -0.0369 0.0943
vn -0.9959 0.0031 0.0906
vn -0.9932 0.0070 0.1164
vn -0.9922 -0.0359 0.1198
vn -0.9957 0.0423 0.0823
vn -0.9917 0.0516 0.1178
vn -0.9932 0.0070 0.1164
vn -0.9959 0.0031 0.0906
vn -0.9895 0.0561 0.1328
vn -0.9919 0.0104 0.1267
vn -0.9932 0.0070 0.1164
vn -0.9917 0.0516 0.1178
vn -0.9911 -0.0329 0.1293
vn -0.9922 -0.0359 0.1198
vn -0.9932 0.0070 0.1164
vn -0.9919 0.0104 0.1267
vn -0.9874 -0.0781 0.1378
vn -0.9825 -0.1132 0.1479
vn -0.9830 -0.1072 0.1491
vn -0.9875 -0.0757 0.1379
vn -0.9402 -0.2669 0.2114
vn -0.9427 -0.2463 0.2252
vn -0.9830 -0.1072 0.1491
vn -0.9825 -0.1132 0.1479
vn -0.9448 -0.2335 0.2298
vn -0.9831 -0.1026 0.1519
vn -0.9830 -0.1072 0.1491
vn -0.9427 -0.2463 0.2252
vn -0.9875 -0.0753 0.1382
vn -0.9875 -0.0757 0.1379
vn -0.9830 -0.1072 0.1491
vn -0.9831 -0.1026 0.1519
vn -0.9920 0.1110 0.0604
vn -0.9767 0.2065 0.0584
vn -0.9777 0.2073 0.0337
vn -0.9930 0.1128 0.0363
vn -0.8748 0.4809 0.0588
vn -0.9053 0.4240 0.0239
vn -0.9777 0.2073 0.0337
vn -0.9767 0.2065 0.0584
vn -0.9015 0.4312 0.0358
vn -0.9782 0.2060 0.0278
vn -0.9777 0.2073 0.0337
vn -0.9053 0.4240 0.0239
vn -0.9932 0.1125 0.0311
vn -0.9930 0.1128 0.0363
vn -0.9777 0.2073 0.0337
vn -0.9782 0.2060 0.0278
vn -0.9967 -0.0192 0.0786
vn -0.9967 0.0454 0.0677
vn -0.9979 0.0460 0.0449
vn -0.9982 -0.0188 0.0572
vn -0.9920 0.1110 0.0604
vn -0.9930 0.1128 0.0363
vn -0.9979 0.0460 0.0449
vn -0.9967 0.0454 0.0677
vn -0.9932 0.1125 0.0311
vn -0.9982 0.0460 0.0393
vn -0.9979 0.0460 0.0449
vn -0.9930 0.1128 0.0363
vn -0.9986 -0.0187 0.0498
vn -0.9982 -0.0188 0.0572
vn -0.9979 0.0460 0.0449
vn -0.9982 0.0460 0.0393
vn -0.9929 -0.1025 0.0603
vn -0.9842 -0.1613 0.0727
vn -0.9816 -0.1613 0.1024
vn -0.9922 -0.1029 0.0709
vn -0.8771 -0.4627 0.1288
vn -0.9058 -0.3600 0.2236
vn -0.9816 -0.1613 0.1024
vn -0.9842 -0.1613 0.0727
vn -0.9001 -0.3712 0.2280
vn -0.9802 -0.1636 0.1112
vn -0.9816 -0.1613 0.1024
vn -0.9058 -0.3600 0.2236
vn -0.9913 -0.1056 0.0783
vn -0.9922 -0.1029 0.0709
vn -0.9816 -0.1613 0.1024
vn -0.9802 -0.1636 0.1112
vn -0.9924 -0.0762 0.0962
vn -0.9895 -0.1035 0.1011
vn -0.9937 -0.0934 0.0616
vn -0.9953 -0.0710 0.0661
vn -0.9436 -0.2807 0.1757
vn -0.9720 -0.2228 0.0750
vn -0.9937 -0.0934 0.0616
vn -0.9895 -0.1035 0.1011
vn -0.9808 -0.1944 0.0134
vn -0.9960 -0.0795 0.0409
vn -0.9937 -0.0934 0.0616
vn -0.9720 -0.2228 0.0750
vn -0.9967 -0.0601 0.0543
vn -0.9953 -0.0710 0.0661
vn -0.9937 -0.0934 0.0616
vn -0.9960 -0.0795 0.0409
vn -0.9949 -0.0369 0.0943
vn -0.9928 -0.0698 0.0976
vn -0.9954 -0.0642 0.0717
vn -0.9965 -0.0369 0.0748
vn -0.9924 -0.0762 0.0962
vn -0.9953 -0.0710 0.0661
vn -0.9954 -0.0642 0.0717
vn -0.9928 -0.0698 0.0976
vn -0.9967 -0.0601 0.0543
vn -0.9962 -0.0582 0.0644
vn -0.9954 -0.0642 0.0717
vn -0.9953 -0.0710 0.0661
vn -0.9971 -0.0345 0.0677
vn -0.9965 -0.0369 0.0748
vn -0.9954 -0.0642 0.0717
vn -0.9962 -0.0582 0.0644
vn -0.9996 0.0065 0.0262
vn -0.9992 0.0382 0.0150
vn -0.9980 0.0610 0.0171
vn -0.9988 0.0108 0.0482
vn -0.9864 0.1431 -0.0803
vn -0.9755 0.2092 -0.0681
vn -0.9980 0.0610 0.0171
vn -0.9992 0.0382 0.0150
vn -0.9666 0.2525 -0.0441
vn -0.9962 0.0838 0.0249
vn -0.9980 0.0610 0.0171
vn -0.9755 0.2092 -0.0681
vn -0.9984 0.0215 0.0515
vn -0.9988 0.0108 0.0482
vn -0.9980 0.0610 0.0171
vn -0.9962 0.0838 0.0249
vn -0.9603 0.1553 -0.2316
vn -0.9146 0.2893 -0.2824
vn -0.9091 0.2900 -0.2991
vn -0.9588 0.1539 -0.2387
vn -0.7574 0.5229 -0.3910
vn -0.7483 0.5146 -0.4186
vn -0.9091 0.2900 -0.2991
vn -0.9146 0.2893 -0.2824
vn -0.7312 0.5079 -0.4553
vn -0.9015 0.2917 -0.3197
vn -0.9091 0.2900 -0.2991
vn -0.7483 0.5146 -0.4186
vn -0.9549 0.1558 -0.2526
vn -0.9588 0.1539 -0.2387
vn -0.9091 0.2900 -0.2991
vn -0.9015 0.2917 -0.3197
vn -0.9798 -0.0326 -0.1971
vn -0.9762 0.0607 -0.2081
vn -0.9750 0.0595 -0.2140
vn -0.9786 -0.0354 -0.2029
vn -0.9603 0.1553 -0.2316
vn -0.9588 0.1539 -0.2387
vn -0.9750 0.0595 -0.2140
vn -0.9762 0.0607 -0.2081
vn -0.9549 0.1558 -0.2526
vn -0.9730 0.0583 -0.2232
vn -0.9750 0.0595 -0.2140
vn -0.9588 0.1539 -0.2387
vn -0.9760 -0.0386 -0.2141
vn -0.9786 -0.0354 -0.2029
vn -0.9750 0.0595 -0.2140
vn -0.9730 0.0583 -0.2232
vn -0.9306 -0.1931 -0.3110
vn -0.8903 -0.2786 -0.3603
vn -0.9061 -0.2748 -0.3216
vn -0.9436 -0.1900 -0.2713
vn -0.7256 -0.4874 -0.4857
vn -0.7406 -0.4978 -0.4514
vn -0.9061 -0.2748 -0.3216
vn -0.8903 -0.2786 -0.3603
vn -0.7500 -0.4941 -0.4397
vn -0.9139 -0.2672 -0.3056
vn -0.9061 -0.2748 -0.3216
vn -0.7406 -0.4978 -0.4514
vn -0.9516 -0.1787 -0.2501
vn -0.9436 -0.1900 -0.2713
vn -0.9061 -0.2748 -0.3216
vn -0.9139 -0.2672 -0.3056
vn -0.0000 0.6532 0.7572
vn -0.0000 0.5489 0.8359
vn -0.9986 0.0305 0.0421
vn -0.9974 0.0485 0.0524
vn 0.0000 0.4612 0.8873
vn -0.9997 0.0124 0.0217
vn -0.9986 0.0305 0.0421
vn -0.0000 0.5489 0.8359
vn -0.9998 0.0099 0.0144
vn -0.9996 0.0185 0.0229
vn -0.9986 0.0305 0.0421
vn -0.9997 0.0124 0.0217
vn -0.9994 0.0240 0.0251
vn -0.9974 0.0485 0.0524
vn -0.9986 0.0305 0.0421
vn -0.9996 0.0185 0.0229
vn -0.9955 -0.0208 0.0930
vn -0.9951 -0.0201 0.0969
vn -0.9918 -0.0741 0.1040
vn -0.9924 -0.0737 0.0983
vn -0.9967 -0.0192 0.0786
vn -0.9931 -0.0743 0.0907
vn -0.9918 -0.0741 0.1040
vn -0.9951 -0.0201 0.0969
vn -0.9892 -0.1078 0.0993
vn -0.9882 -0.1076 0.1086
vn -0.9918 -0.0741 0.1040
vn -0.9931 -0.0743 0.0907
vn -0.9890 -0.1067 0.1020
vn -0.9924 -0.0737 0.0983
vn -0.9918 -0.0741 0.1040
vn -0.9882 -0.1076 0.1086
vn -0.0000 -0.9535 0.3014
vn -0.0000 -0.9622 0.2724
vn -0.5497 -0.8007 0.2384
vn -0.5458 -0.7947 0.2657
vn 0.0000 -0.9821 0.1886
vn -0.5116 -0.8160 0.2692
vn -0.5497 -0.8007 0.2384
vn -0.0000 -0.9622 0.2724
vn -0.8744 -0.4576 0.1613
vn -0.9093 -0.3925 0.1383
vn -0.5497 -0.8007 0.2384
vn -0.5116 -0.8160 0.2692
vn -0.8988 -0.4042 0.1695
vn -0.5458 -0.7947 0.2657
vn -0.5497 -0.8007 0.2384
vn -0.9093 -0.3925 0.1383
vn -0.0000 0.9983 0.0582
vn -0.0000 0.9984 0.0568
vn -0.5783 0.8142 0.0515
vn -0.5792 0.8135 0.0523
vn -0.0000 0.9983 0.0578
vn -0.5768 0.8152 0.0519
vn -0.5783 0.8142 0.0515
vn -0.0000 0.9984 0.0568
vn -0.9023 0.4294 0.0381
vn -0.9025 0.4291 0.0375
vn -0.5783 0.8142 0.0515
vn -0.5768 0.8152 0.0519
vn -0.9015 0.4312 0.0358
vn -0.5792 0.8135 0.0523
vn -0.5783 0.8142 0.0515
vn -0.9025 0.4291 0.0375
vn -0.0000 0.9664 0.2569
vn -0.0000 0.9873 0.1591
vn -0.9973 0.0729 0.0114
vn -0.9972 0.0725 0.0188
vn 0.0000 0.9916 0.1296
vn -0.9977 0.0675 0.0087
vn -0.9973 0.0729 0.0114
vn -0.0000 0.9873 0.1591
vn -0.9997 0.0232 0.0031
vn -0.9997 0.0223 0.0033
vn -0.9973 0.0729 0.0114
vn -0.9977 0.0675 0.0087
vn -0.9998 0.0207 0.0056
vn -0.9972 0.0725 0.0188
vn -0.9973 0.0729 0.0114
vn -0.9997 0.0223 0.0033
vn -0.9906 -0.0223 0.1349
vn -0.9908 -0.0237 0.1330
vn -0.9892 -0.0729 0.1274
vn -0.9891 -0.0691 0.1298
vn -0.9936 -0.0230 0.1104
vn -0.9910 -0.0754 0.1103
vn -0.9892 -0.0729 0.1274
vn -0.9908 -0.0237 0.1330
vn -0.9886 -0.1045 0.1087
vn -0.9873 -0.1020 0.1220
vn -0.9892 -0.0729 0.1274
vn -0.9910 -0.0754 0.1103
vn -0.9878 -0.0963 0.1227
vn -0.9891 -0.0691 0.1298
vn -0.9892 -0.0729 0.1274
vn -0.9873 -0.1020 0.1220
vn -0.0104 -0.9389 0.3439
vn -0.0047 -0.8714 0.4906
vn -0.9987 -0.0450 0.0243
vn -0.9983 -0.0553 0.0191
vn 0.0021 -0.7957 0.6057
vn -0.9990 -0.0356 0.0266
vn -0.9987 -0.0450 0.0243
vn -0.0047 -0.8714 0.4906
vn -0.9999 -0.0087 0.0066
vn -0.9999 -0.0104 0.0058
vn -0.9987 -0.0450 0.0243
vn -0.9990 -0.0356 0.0266
vn -0.9999 -0.0127 0.0039
vn -0.9983 -0.0553 0.0191
vn -0.9987 -0.0450 0.0243
vn -0.9999 -0.0104 0.0058
vn 0.0000 0.9985 0.0548
vn 0.0000 0.9883 -0.1524
vn -0.9985 0.0553 -0.0054
vn -0.9983 0.0582 0.0032
vn -0.0000 0.9280 -0.3727
vn -0.9973 0.0702 -0.0234
vn -0.9985 0.0553 -0.0054
vn 0.0000 0.9883 -0.1524
vn -0.9992 0.0379 -0.0085
vn -0.9995 0.0316 -0.0016
vn -0.9985 0.0553 -0.0054
vn -0.9973 0.0702 -0.0234
vn -0.9996 0.0270 0.0020
vn -0.9983 0.0582 0.0032
vn -0.9985 0.0553 -0.0054
vn -0.9995 0.0316 -0.0016
vn -0.9915 -0.0275 0.1272
vn -0.9912 -0.0253 0.1300
vn -0.9891 -0.0606 0.1342
vn -0.9891 -0.0616 0.1339
vn -0.9904 -0.0233 0.1360
vn -0.9887 -0.0599 0.1375
vn -0.9891 -0.0606 0.1342
vn -0.9912 -0.0253 0.1300
vn -0.9874 -0.0781 0.1378
vn -0.9875 -0.0757 0.1379
vn -0.9891 -0.0606 0.1342
vn -0.9887 -0.0599 0.1375
vn -0.9875 -0.0753 0.1382
vn -0.9891 -0.0616 0.1339
vn -0.9891 -0.0606 0.1342
vn -0.9875 -0.0757 0.1379
vn -0.0000 -0.1475 0.9891
vn -0.0000 -0.3256 0.9455
vn -0.9974 -0.0301 0.0652
vn -0.9993 -0.0086 0.0353
vn 0.0000 -0.6130 0.7901
vn -0.9949 -0.0621 0.0798
vn -0.9974 -0.0301 0.0652
vn -0.0000 -0.3256 0.9455
vn -0.9996 -0.0192 0.0193
vn -0.9997 -0.0148 0.0182
vn -0.9974 -0.0301 0.0652
vn -0.9949 -0.0621 0.0798
vn -0.9999 -0.0056 0.0126
vn -0.9993 -0.0086 0.0353
vn -0.9974 -0.0301 0.0652
vn -0.9997 -0.0148 0.0182
vn -0.9986 -0.0187 0.0498
vn -0.9986 -0.0180 0.0489
vn -0.9957 -0.0713 0.0588
vn -0.9954 -0.0727 0.0629
vn -0.9986 -0.0170 0.0494
vn -0.9960 -0.0699 0.0550
vn -0.9957 -0.0713 0.0588
vn -0.9986 -0.0180 0.0489
vn -0.9929 -0.1025 0.0603
vn -0.9922 -0.1029 0.0709
vn -0.9957 -0.0713 0.0588
vn -0.9960 -0.0699 0.0550
vn -0.9913 -0.1056 0.0783
vn -0.9954 -0.0727 0.0629
vn -0.9957 -0.0713 0.0588
vn -0.9922 -0.1029 0.0709
vn 0.0000 -0.6950 0.7190
vn 0.0000 -0.7760 0.6308
vn -0.9985 -0.0425 0.0348
vn -0.9993 -0.0248 0.0287
vn -0.0000 -0.7968 0.6043
vn -0.9978 -0.0522 0.0399
vn -0.9985 -0.0425 0.0348
vn 0.0000 -0.7760 0.6308
vn -0.9987 -0.0410 0.0310
vn -0.9989 -0.0362 0.0285
vn -0.9985 -0.0425 0.0348
vn -0.9978 -0.0522 0.0399
vn -0.9996 -0.0206 0.0203
vn -0.9993 -0.0248 0.0287
vn -0.9985 -0.0425 0.0348
vn -0.9989 -0.0362 0.0285
vn -0.9666 0.2525 -0.0441
vn -0.9755 0.2092 -0.0681
vn -0.8169 0.5155 -0.2587
vn -0.7807 0.5972 -0.1841
vn -0.9864 0.1431 -0.0803
vn -0.8547 0.3934 -0.3386
vn -0.8169 0.5155 -0.2587
vn -0.9755 0.2092 -0.0681
vn 0.0000 0.7148 -0.6993
vn 0.0000 0.8663 -0.4996
vn -0.8169 0.5155 -0.2587
vn -0.8547 0.3934 -0.3386
vn 0.0000 0.9490 -0.3152
vn -0.7807 0.5972 -0.1841
vn -0.8169 0.5155 -0.2587
vn 0.0000 0.8663 -0.4996
vn -0.9971 -0.0345 0.0677
vn -0.9977 -0.0323 0.0595
vn -0.9984 -0.0084 0.0559
vn -0.9978 -0.0056 0.0655
vn -0.9991 -0.0298 0.0315
vn -0.9994 -0.0104 0.0318
vn -0.9984 -0.0084 0.0559
vn -0.9977 -0.0323 0.0595
vn -0.9996 0.0065 0.0262
vn -0.9988 0.0108 0.0482
vn -0.9984 -0.0084 0.0559
vn -0.9994 -0.0104 0.0318
vn -0.9984 0.0215 0.0515
vn -0.9978 -0.0056 0.0655
vn -0.9984 -0.0084 0.0559
vn -0.9988 0.0108 0.0482
vn 0.0000 -0.9912 -0.1324
vn 0.0000 -0.8962 -0.4436
vn -0.8604 -0.4649 -0.2088
vn -0.8487 -0.5261 -0.0544
vn 0.0000 -0.6996 -0.7146
vn -0.8762 -0.3463 -0.3353
vn -0.8604 -0.4649 -0.2088
vn 0.0000 -0.8962 -0.4436
vn -0.9921 -0.0979 -0.0783
vn -0.9866 -0.1578 -0.0416
vn -0.8604 -0.4649 -0.2088
vn -0.8762 -0.3463 -0.3353
vn -0.9808 -0.1944 0.0134
vn -0.8487 -0.5261 -0.0544
vn -0.8604 -0.4649 -0.2088
vn -0.9866 -0.1578 -0.0416
vn -0.9125 0.3929 0.1144
vn -0.9138 0.3922 0.1055
vn -0.9766 0.1980 0.0837
vn -0.9770 0.1913 0.0945
vn -0.8748 0.4809 0.0588
vn -0.9767 0.2065 0.0584
vn -0.9766 0.1980 0.0837
vn -0.9138 0.3922 0.1055
vn -0.9920 0.1110 0.0604
vn -0.9905 0.1078 0.0852
vn -0.9766 0.1980 0.0837
vn -0.9767 0.2065 0.0584
vn -0.9904 0.1056 0.0893
vn -0.9770 0.1913 0.0945
vn -0.9766 0.1980 0.0837
vn -0.9905 0.1078 0.0852
vn -0.9904 0.1056 0.0893
vn -0.9905 0.1078 0.0852
vn -0.9951 0.0432 0.0891
vn -0.9951 0.0416 0.0895
vn -0.9920 0.1110 0.0604
vn -0.9967 0.0454 0.0677
vn -0.9951 0.0432 0.0891
vn -0.9905 0.1078 0.0852
vn -0.9967 -0.0192 0.0786
vn -0.9951 -0.0201 0.0969
vn -0.9951 0.0432 0.0891
vn -0.9967 0.0454 0.0677
vn -0.9955 -0.0208 0.0930
vn -0.9951 0.0416 0.0895
vn -0.9951 0.0432 0.0891
vn -0.9951 -0.0201 0.0969
vn -0.8988 -0.4042 0.1695
vn -0.9093 -0.3925 0.1383
vn -0.9804 -0.1657 0.1065
vn -0.9792 -0.1679 0.1135
vn -0.8744 -0.4576 0.1613
vn -0.9798 -0.1640 0.1147
vn -0.9804 -0.1657 0.1065
vn -0.9093 -0.3925 0.1383
vn -0.9886 -0.1045 0.1087
vn -0.9896 -0.1061 0.0977
vn -0.9804 -0.1657 0.1065
vn -0.9798 -0.1640 0.1147
vn -0.9890 -0.1067 0.1020
vn -0.9792 -0.1679 0.1135
vn -0.9804 -0.1657 0.1065
vn -0.9896 -0.1061 0.0977
vn -0.9146 0.3454 0.2102
vn -0.9114 0.3601 0.1991
vn -0.9729 0.1764 0.1497
vn -0.9731 0.1681 0.1578
vn -0.9124 0.3742 0.1659
vn -0.9746 0.1846 0.1267
vn -0.9729 0.1764 0.1497
vn -0.9114 0.3601 0.1991
vn -0.9881 0.1007 0.1159
vn -0.9853 0.0965 0.1409
vn -0.9729 0.1764 0.1497
vn -0.9746 0.1846 0.1267
vn -0.9852 0.0918 0.1449
vn -0.9731 0.1681 0.1578
vn -0.9729 0.1764 0.1497
vn -0.9853 0.0965 0.1409
vn -0.9852 0.0918 0.1449
vn -0.9853 0.0965 0.1409
vn -0.9901 0.0359 0.1361
vn -0.9895 0.0341 0.1406
vn -0.9881 0.1007 0.1159
vn -0.9929 0.0384 0.1126
vn -0.9901 0.0359 0.1361
vn -0.9853 0.0965 0.1409
vn -0.9936 -0.0230 0.1104
vn -0.9908 -0.0237 0.1330
vn -0.9901 0.0359 0.1361
vn -0.9929 0.0384 0.1126
vn -0.9906 -0.0223 0.1349
vn -0.9895 0.0341 0.1406
vn -0.9901 0.0359 0.1361
vn -0.9908 -0.0237 0.1330
vn -0.9238 -0.3480 0.1597
vn -0.9284 -0.3313 0.1682
vn -0.9827 -0.1376 0.1239
vn -0.9818 -0.1450 0.1229
vn -0.9318 -0.3135 0.1830
vn -0.9824 -0.1295 0.1347
vn -0.9827 -0.1376 0.1239
vn -0.9284 -0.3313 0.1682
vn -0.9878 -0.0860 0.1295
vn -0.9883 -0.0905 0.1229
vn -0.9827 -0.1376 0.1239
vn -0.9824 -0.1295 0.1347
vn -0.9878 -0.0963 0.1227
vn -0.9818 -0.1450 0.1229
vn -0.9827 -0.1376 0.1239
vn -0.9883 -0.0905 0.1229
vn -0.9347 0.2563 0.2462
vn -0.9360 0.2620 0.2352
vn -0.9791 0.1265 0.1591
vn -0.9797 0.1228 0.1586
vn -0.9296 0.2757 0.2447
vn -0.9766 0.1327 0.1690
vn -0.9791 0.1265 0.1591
vn -0.9360 0.2620 0.2352
vn -0.9867 0.0694 0.1472
vn -0.9886 0.0635 0.1364
vn -0.9791 0.1265 0.1591
vn -0.9766 0.1327 0.1690
vn -0.9893 0.0609 0.1326
vn -0.9797 0.1228 0.1586
vn -0.9791 0.1265 0.1591
vn -0.9886 0.0635 0.1364
vn -0.9893 0.0609 0.1326
vn -0.9886 0.0635 0.1364
vn -0.9914 0.0187 0.1296
vn -0.9920 0.0157 0.1256
vn -0.9867 0.0694 0.1472
vn -0.9900 0.0224 0.1393
vn -0.9914 0.0187 0.1296
vn -0.9886 0.0635 0.1364
vn -0.9904 -0.0233 0.1360
vn -0.9912 -0.0253 0.1300
vn -0.9914 0.0187 0.1296
vn -0.9900 0.0224 0.1393
vn -0.9915 -0.0275 0.1272
vn -0.9920 0.0157 0.1256
vn -0.9914 0.0187 0.1296
vn -0.9912 -0.0253 0.1300
vn -0.9448 -0.2335 0.2298
vn -0.9452 -0.2253 0.2362
vn -0.9827 -0.1010 0.1554
vn -0.9831 -0.1026 0.1519
vn -0.9489 -0.2161 0.2302
vn -0.9818 -0.1002 0.1610
vn -0.9827 -0.1010 0.1554
vn -0.9452 -0.2253 0.2362
vn -0.9862 -0.0774 0.1461
vn -0.9870 -0.0757 0.1418
vn -0.9827 -0.1010 0.1554
vn -0.9818 -0.1002 0.1610
vn -0.9875 -0.0753 0.1382
vn -0.9831 -0.1026 0.1519
vn -0.9827 -0.1010 0.1554
vn -0.9870 -0.0757 0.1418
vn -0.9015 0.4312 0.0358
vn -0.9025 0.4291 0.0375
vn -0.9783 0.2051 0.0308
vn -0.9782 0.2060 0.0278
vn -0.9023 0.4294 0.0381
vn -0.9783 0.2046 0.0323
vn -0.9783 0.2051 0.0308
vn -0.9025 0.4291 0.0375
vn -0.9928 0.1141 0.0359
vn -0.9931 0.1127 0.0335
vn -0.9783 0.2051 0.0308
vn -0.9783 0.2046 0.0323
vn -0.9932 0.1125 0.0311
vn -0.9782 0.2060 0.0278
vn -0.9783 0.2051 0.0308
vn -0.9931 0.1127 0.0335
vn -0.9932 0.1125 0.0311
vn -0.9931 0.1127 0.0335
vn -0.9981 0.0469 0.0411
vn -0.9982 0.0460 0.0393
vn -0.9928 0.1141 0.0359
vn -0.9979 0.0480 0.0432
vn -0.9981 0.0469 0.0411
vn -0.9931 0.1127 0.0335
vn -0.9986 -0.0170 0.0494
vn -0.9986 -0.0180 0.0489
vn -0.9981 0.0469 0.0411
vn -0.9979 0.0480 0.0432
vn -0.9986 -0.0187 0.0498
vn -0.9982 0.0460 0.0393
vn -0.9981 0.0469 0.0411
vn -0.9986 -0.0180 0.0489
vn -0.9001 -0.3712 0.2280
vn -0.9086 -0.3671 0.1993
vn -0.9791 -0.1673 0.1154
vn -0.9802 -0.1636 0.1112
vn -0.8583 -0.4493 0.2478
vn -0.9779 -0.1708 0.1203
vn -0.9791 -0.1673 0.1154
vn -0.9086 -0.3671 0.1993
vn -0.9892 -0.1078 0.0993
vn -0.9904 -0.1079 0.0859
vn -0.9791 -0.1673 0.1154
vn -0.9779 -0.1708 0.1203
vn -0.9913 -0.1056 0.0783
vn -0.9802 -0.1636 0.1112
vn -0.9791 -0.1673 0.1154
vn -0.9904 -0.1079 0.0859
vn -0.9808 -0.1944 0.0134
vn -0.9866 -0.1578 -0.0416
vn -0.9980 -0.0574 0.0249
vn -0.9960 -0.0795 0.0409
vn -0.9921 -0.0979 -0.0783
vn -0.9992 -0.0360 0.0143
vn -0.9980 -0.0574 0.0249
vn -0.9866 -0.1578 -0.0416
vn -0.9990 -0.0396 0.0217
vn -0.9979 -0.0479 0.0442
vn -0.9980 -0.0574 0.0249
vn -0.9992 -0.0360 0.0143
vn -0.9967 -0.0601 0.0543
vn -0.9960 -0.0795 0.0409
vn -0.9980 -0.0574 0.0249
vn -0.9979 -0.0479 0.0442
vn -0.9967 -0.0601 0.0543
vn -0.9979 -0.0479 0.0442
vn -0.9973 -0.0504 0.0531
vn -0.9962 -0.0582 0.0644
vn -0.9990 -0.0396 0.0217
vn -0.9987 -0.0435 0.0281
vn -0.9973 -0.0504 0.0531
vn -0.9979 -0.0479 0.0442
vn -0.9991 -0.0298 0.0315
vn -0.9977 -0.0323 0.0595
vn -0.9973 -0.0504 0.0531
vn -0.9987 -0.0435 0.0281
vn -0.9971 -0.0345 0.0677
vn -0.9962 -0.0582 0.0644
vn -0.9973 -0.0504 0.0531
vn -0.9977 -0.0323 0.0595
vn -0.9666 0.2525 -0.0441
vn -0.9580 0.2867 -0.0003
vn -0.9941 0.1024 0.0357
vn -0.9962 0.0838 0.0249
vn -0.9360 0.3359 0.1052
vn -0.9905 0.1169 0.0722
vn -0.9941 0.1024 0.0357
vn -0.9580 0.2867 -0.0003
vn -0.9957 0.0423 0.0823
vn -0.9978 0.0324 0.0578
vn -0.9941 0.1024 0.0357
vn -0.9905 0.1169 0.0722
vn -0.9984 0.0215 0.0515
vn -0.9962 0.0838 0.0249
vn -0.9941 0.1024 0.0357
vn -0.9978 0.0324 0.0578
vn -0.9998 -0.0111 -0.0140
vn -0.9996 -0.0181 -0.0195
vn -0.9955 -0.0913 -0.0244
vn -0.9952 -0.0936 -0.0273
vn -0.9995 -0.0184 -0.0273
vn -0.9953 -0.0892 -0.0372
vn -0.9955 -0.0913 -0.0244
vn -0.9996 -0.0181 -0.0195
vn -0.9897 -0.1350 -0.0482
vn -0.9906 -0.1323 -0.0357
vn -0.9955 -0.0913 -0.0244
vn -0.9953 -0.0892 -0.0372
vn -0.9896 -0.1375 -0.0427
vn -0.9952 -0.0936 -0.0273
vn -0.9955 -0.0913 -0.0244
vn -0.9906 -0.1323 -0.0357
vn 0.0000 -0.9293 -0.3694
vn 0.0000 -0.9470 -0.3213
vn -0.5164 -0.8134 -0.2678
vn -0.4980 -0.8068 -0.3178
vn 0.0000 -0.9630 -0.2696
vn -0.5301 -0.8177 -0.2242
vn -0.5164 -0.8134 -0.2678
vn 0.0000 -0.9470 -0.3213
vn -0.8935 -0.4366 -0.1049
vn -0.8853 -0.4451 -0.1348
vn -0.5164 -0.8134 -0.2678
vn -0.5301 -0.8177 -0.2242
vn -0.8751 -0.4539 -0.1679
vn -0.4980 -0.8068 -0.3178
vn -0.5164 -0.8134 -0.2678
vn -0.8853 -0.4451 -0.1348
vn -0.0000 0.9992 -0.0396
vn 0.0000 0.9961 -0.0878
vn -0.4701 0.8800 -0.0684
vn -0.4804 0.8766 -0.0299
vn 0.0000 0.9855 -0.1694
vn -0.4429 0.8839 -0.1502
vn -0.4701 0.8800 -0.0684
vn 0.0000 0.9961 -0.0878
vn -0.8192 0.5683 -0.0773
vn -0.8219 0.5692 -0.0195
vn -0.4701 0.8800 -0.0684
vn -0.4429 0.8839 -0.1502
vn -0.8274 0.5616 -0.0060
vn -0.4804 0.8766 -0.0299
vn -0.4701 0.8800 -0.0684
vn -0.8219 0.5692 -0.0195
vn -0.8274 0.5616 -0.0060
vn -0.8219 0.5692 -0.0195
vn -0.9607 0.2776 -0.0023
vn -0.9602 0.2791 0.0099
vn -0.8192 0.5683 -0.0773
vn -0.9655 0.2574 -0.0393
vn -0.9607 0.2776 -0.0023
vn -0.8219 0.5692 -0.0195
vn -0.9792 0.2021 -0.0168
vn -0.9802 0.1982 0.0024
vn -0.9607 0.2776 -0.0023
vn -0.9655 0.2574 -0.0393
vn -0.9804 0.1963 0.0136
vn -0.9602 0.2791 0.0099
vn -0.9607 0.2776 -0.0023
vn -0.9802 0.1982 0.0024
vn -0.9933 0.1128 0.0251
vn -0.9931 0.1160 0.0145
vn -0.9984 0.0564 0.0061
vn -0.9979 0.0590 0.0280
vn -0.9929 0.1186 -0.0085
vn -0.9983 0.0541 -0.0213
vn -0.9984 0.0564 0.0061
vn -0.9931 0.1160 0.0145
vn -0.9995 -0.0184 -0.0273
vn -0.9996 -0.0181 -0.0195
vn -0.9984 0.0564 0.0061
vn -0.9983 0.0541 -0.0213
vn -0.9998 -0.0111 -0.0140
vn -0.9979 0.0590 0.0280
vn -0.9984 0.0564 0.0061
vn -0.9996 -0.0181 -0.0195
vn -0.8751 -0.4539 -0.1679
vn -0.8853 -0.4451 -0.1348
vn -0.9793 -0.1972 -0.0453
vn -0.9778 -0.2018 -0.0565
vn -0.8935 -0.4366 -0.1049
vn -0.9814 -0.1901 -0.0252
vn -0.9793 -0.1972 -0.0453
vn -0.8853 -0.4451 -0.1348
vn -0.9927 -0.1198 0.0149
vn -0.9887 -0.1479 -0.0221
vn -0.9793 -0.1972 -0.0453
vn -0.9814 -0.1901 -0.0252
vn -0.9896 -0.1375 -0.0427
vn -0.9778 -0.2018 -0.0565
vn -0.9793 -0.1972 -0.0453
vn -0.9887 -0.1479 -0.0221
vn -0.9853 -0.0282 -0.1687
vn -0.9818 -0.0300 -0.1873
vn -0.9759 -0.1090 -0.1890
vn -0.9802 -0.1052 -0.1675
vn -0.9798 -0.0326 -0.1971
vn -0.9730 -0.1138 -0.2007
vn -0.9759 -0.1090 -0.1890
vn -0.9818 -0.0300 -0.1873
vn -0.9624 -0.1624 -0.2180
vn -0.9672 -0.1562 -0.2005
vn -0.9759 -0.1090 -0.1890
vn -0.9730 -0.1138 -0.2007
vn -0.9722 -0.1522 -0.1779
vn -0.9802 -0.1052 -0.1675
vn -0.9759 -0.1090 -0.1890
vn -0.9672 -0.1562 -0.2005
vn 0.0000 -0.8904 -0.4552
vn 0.0000 -0.8951 -0.4459
vn -0.4192 -0.8088 -0.4124
vn -0.4155 -0.8037 -0.4260
vn 0.0000 -0.9064 -0.4224
vn -0.4270 -0.8178 -0.3858
vn -0.4192 -0.8088 -0.4124
vn 0.0000 -0.8951 -0.4459
vn -0.8186 -0.5154 -0.2535
vn -0.8042 -0.5166 -0.2941
vn -0.4192 -0.8088 -0.4124
vn -0.4270 -0.8178 -0.3858
vn -0.7970 -0.5151 -0.3154
vn -0.4155 -0.8037 -0.4260
vn -0.4192 -0.8088 -0.4124
vn -0.8042 -0.5166 -0.2941
vn -0.0000 0.8512 -0.5248
vn -0.0000 0.8537 -0.5208
vn -0.4163 0.7685 -0.4858
vn -0.4128 0.7701 -0.4864
vn -0.0000 0.8421 -0.5393
vn -0.4178 0.7579 -0.5011
vn -0.4163 0.7685 -0.4858
vn -0.0000 0.8537 -0.5208
vn -0.7574 0.5229 -0.3910
vn -0.7607 0.5278 -0.3779
vn -0.4163 0.7685 -0.4858
vn -0.4178 0.7579 -0.5011
vn -0.7619 0.5310 -0.3709
vn -0.4128 0.7701 -0.4864
vn -0.4163 0.7685 -0.4858
vn -0.7607 0.5278 -0.3779
vn -0.7619 0.5310 -0.3709
vn -0.7607 0.5278 -0.3779
vn -0.9171 0.2912 -0.2724
vn -0.9198 0.2933 -0.2607
vn -0.7574 0.5229 -0.3910
vn -0.9146 0.2893 -0.2824
vn -0.9171 0.2912 -0.2724
vn -0.7607 0.5278 -0.3779
vn -0.9603 0.1553 -0.2316
vn -0.9620 0.1567 -0.2234
vn -0.9171 0.2912 -0.2724
vn -0.9146 0.2893 -0.2824
vn -0.9650 0.1586 -0.2090
vn -0.9198 0.2933 -0.2607
vn -0.9171 0.2912 -0.2724
vn -0.9620 0.1567 -0.2234
vn -0.9650 0.1586 -0.2090
vn -0.9620 0.1567 -0.2234
vn -0.9778 0.0622 -0.2001
vn -0.9810 0.0637 -0.1831
vn -0.9603 0.1553 -0.2316
vn -0.9762 0.0607 -0.2081
vn -0.9778 0.0622 -0.2001
vn -0.9620 0.1567 -0.2234
vn -0.9798 -0.0326 -0.1971
vn -0.9818 -0.0300 -0.1873
vn -0.9778 0.0622 -0.2001
vn -0.9762 0.0607 -0.2081
vn -0.9853 -0.0282 -0.1687
vn -0.9810 0.0637 -0.1831
vn -0.9778 0.0622 -0.2001
vn -0.9818 -0.0300 -0.1873
vn -0.7970 -0.5151 -0.3154
vn -0.8042 -0.5166 -0.2941
vn -0.9532 -0.2414 -0.1821
vn -0.9462 -0.2451 -0.2111
vn -0.8186 -0.5154 -0.2535
vn -0.9612 -0.2384 -0.1385
vn -0.9532 -0.2414 -0.1821
vn -0.8042 -0.5166 -0.2941
vn -0.9834 -0.1467 -0.1070
vn -0.9777 -0.1491 -0.1478
vn -0.9532 -0.2414 -0.1821
vn -0.9612 -0.2384 -0.1385
vn -0.9722 -0.1522 -0.1779
vn -0.9462 -0.2451 -0.2111
vn -0.9532 -0.2414 -0.1821
vn -0.9777 -0.1491 -0.1478
vn 0.0000 0.9983 -0.0591
vn -0.9988 0.0499 -0.0019
vn -0.9994 0.0329 0.0129
vn -0.0000 0.9181 0.3963
vn -0.9997 0.0261 0.0017
vn -0.9998 0.0156 0.0090
vn -0.9994 0.0329 0.0129
vn -0.9988 0.0499 -0.0019
vn -0.9999 0.0104 0.0121
vn -0.9996 0.0182 0.0206
vn -0.9994 0.0329 0.0129
vn -0.9998 0.0156 0.0090
vn 0.0000 0.6633 0.7483
vn -0.0000 0.9181 0.3963
vn -0.9994 0.0329 0.0129
vn -0.9996 0.0182 0.0206
vn -0.9864 0.1431 -0.0803
vn -0.9992 0.0382 0.0150
vn -0.9996 0.0290 -0.0004
vn -0.9978 0.0655 -0.0119
vn -0.9996 0.0065 0.0262
vn -1.0000 0.0039 0.0064
vn -0.9996 0.0290 -0.0004
vn -0.9992 0.0382 0.0150
vn -1.0000 0.0039 -0.0002
vn -0.9997 0.0257 -0.0010
vn -0.9996 0.0290 -0.0004
vn -1.0000 0.0039 0.0064
vn -0.9976 0.0697 0.0048
vn -0.9978 0.0655 -0.0119
vn -0.9996 0.0290 -0.0004
vn -0.9997 0.0257 -0.0010
vn -0.9996 0.0065 0.0262
vn -0.9994 -0.0104 0.0318
vn -0.9999 -0.0101 0.0075
vn -1.0000 0.0039 0.0064
vn -0.9991 -0.0298 0.0315
vn -0.9996 -0.0276 0.0072
vn -0.9999 -0.0101 0.0075
vn -0.9994 -0.0104 0.0318
vn -0.9997 -0.0256 -0.0010
vn -1.0000 -0.0099 0.0005
vn -0.9999 -0.0101 0.0075
vn -0.9996 -0.0276 0.0072
vn -1.0000 0.0039 -0.0002
vn -1.0000 0.0039 0.0064
vn -0.9999 -0.0101 0.0075
vn -1.0000 -0.0099 0.0005
vn -0.9991 -0.0298 0.0315
vn -0.9987 -0.0435 0.0281
vn -0.9992 -0.0393 0.0034
vn -0.9996 -0.0276 0.0072
vn -0.9990 -0.0396 0.0217
vn -0.9994 -0.0336 0.0003
vn -0.9992 -0.0393 0.0034
vn -0.9987 -0.0435 0.0281
vn -0.9995 -0.0309 -0.0067
vn -0.9993 -0.0359 -0.0047
vn -0.9992 -0.0393 0.0034
vn -0.9994 -0.0336 0.0003
vn -0.9997 -0.0256 -0.0010
vn -0.9996 -0.0276 0.0072
vn -0.9992 -0.0393 0.0034
vn -0.9993 -0.0359 -0.0047
vn -0.9990 -0.0396 0.0217
vn -0.9992 -0.0360 0.0143
vn -0.9997 -0.0259 -0.0044
vn -0.9994 -0.0336 0.0003
vn -0.9921 -0.0979 -0.0783
vn -0.9997 -0.0191 -0.0149
vn -0.9997 -0.0259 -0.0044
vn -0.9992 -0.0360 0.0143
vn -0.9998 -0.0186 -0.0050
vn -0.9998 -0.0206 -0.0058
vn -0.9997 -0.0259 -0.0044
vn -0.9997 -0.0191 -0.0149
vn -0.9995 -0.0309 -0.0067
vn -0.9994 -0.0336 0.0003
vn -0.9997 -0.0259 -0.0044
vn -0.9998 -0.0206 -0.0058
vn -0.9998 -0.0189 0.0032
vn -0.9993 -0.0366 0.0007
vn -0.9996 -0.0255 0.0129
vn -0.9999 -0.0132 0.0086
vn 0.0000 -0.9999 -0.0150
vn 0.0000 -0.8937 0.4487
vn -0.9996 -0.0255 0.0129
vn -0.9993 -0.0366 0.0007
vn -0.0000 -0.6591 0.7521
vn -0.9997 -0.0168 0.0185
vn -0.9996 -0.0255 0.0129
vn 0.0000 -0.8937 0.4487
vn -0.9999 -0.0101 0.0113
vn -0.9999 -0.0132 0.0086
vn -0.9996 -0.0255 0.0129
vn -0.9997 -0.0168 0.0185
vn -0.9999 0.0104 0.0121
vn -0.9999 0.0084 0.0135
vn -0.9997 0.0131 0.0203
vn -0.9996 0.0182 0.0206
vn -0.9999 0.0077 0.0146
vn -0.9997 0.0107 0.0211
vn -0.9997 0.0131 0.0203
vn -0.9999 0.0084 0.0135
vn -0.0000 0.4623 0.8867
vn -0.0000 0.5539 0.8326
vn -0.9997 0.0131 0.0203
vn -0.9997 0.0107 0.0211
vn 0.0000 0.6633 0.7483
vn -0.9996 0.0182 0.0206
vn -0.9997 0.0131 0.0203
vn -0.0000 0.5539 0.8326
vn -1.0000 0.0039 -0.0002
vn -0.9998 0.0063 0.0173
vn -0.9994 0.0309 0.0172
vn -0.9997 0.0257 -0.0010
vn -0.9969 0.0171 0.0774
vn -0.9964 0.0481 0.0695
vn -0.9994 0.0309 0.0172
vn -0.9998 0.0063 0.0173
vn -0.9954 0.0744 0.0597
vn -0.9967 0.0766 0.0256
vn -0.9994 0.0309 0.0172
vn -0.9964 0.0481 0.0695
vn -0.9976 0.0697 0.0048
vn -0.9997 0.0257 -0.0010
vn -0.9994 0.0309 0.0172
vn -0.9967 0.0766 0.0256
vn -0.9997 -0.0256 -0.0010
vn -0.9996 -0.0247 0.0141
vn -0.9998 -0.0083 0.0169
vn -1.0000 -0.0099 0.0005
vn -0.9975 -0.0198 0.0676
vn -0.9969 -0.0040 0.0783
vn -0.9998 -0.0083 0.0169
vn -0.9996 -0.0247 0.0141
vn -0.9969 0.0171 0.0774
vn -0.9998 0.0063 0.0173
vn -0.9998 -0.0083 0.0169
vn -0.9969 -0.0040 0.0783
vn -1.0000 0.0039 -0.0002
vn -1.0000 -0.0099 0.0005
vn -0.9998 -0.0083 0.0169
vn -0.9998 0.0063 0.0173
vn -0.9995 -0.0309 -0.0067
vn -0.9995 -0.0305 -0.0023
vn -0.9994 -0.0330 0.0052
vn -0.9993 -0.0359 -0.0047
vn -0.9994 -0.0279 0.0225
vn -0.9985 -0.0327 0.0440
vn -0.9994 -0.0330 0.0052
vn -0.9995 -0.0305 -0.0023
vn -0.9975 -0.0198 0.0676
vn -0.9996 -0.0247 0.0141
vn -0.9994 -0.0330 0.0052
vn -0.9985 -0.0327 0.0440
vn -0.9997 -0.0256 -0.0010
vn -0.9993 -0.0359 -0.0047
vn -0.9994 -0.0330 0.0052
vn -0.9996 -0.0247 0.0141
vn -0.9998 -0.0186 -0.0050
vn -0.9998 -0.0197 -0.0014
vn -0.9998 -0.0214 -0.0018
vn -0.9998 -0.0206 -0.0058
vn -0.9998 -0.0205 0.0064
vn -0.9997 -0.0240 0.0083
vn -0.9998 -0.0214 -0.0018
vn -0.9998 -0.0197 -0.0014
vn -0.9994 -0.0279 0.0225
vn -0.9995 -0.0305 -0.0023
vn -0.9998 -0.0214 -0.0018
vn -0.9997 -0.0240 0.0083
vn -0.9995 -0.0309 -0.0067
vn -0.9998 -0.0206 -0.0058
vn -0.9998 -0.0214 -0.0018
vn -0.9995 -0.0305 -0.0023
vn -0.0000 -0.6591 0.7521
vn 0.0000 -0.5516 0.8341
vn -0.9997 -0.0131 0.0195
vn -0.9997 -0.0168 0.0185
vn -0.0000 -0.5115 0.8593
vn -0.9997 -0.0120 0.0202
vn -0.9997 -0.0131 0.0195
vn 0.0000 -0.5516 0.8341
vn -0.9999 -0.0084 0.0138
vn -0.9999 -0.0087 0.0129
vn -0.9997 -0.0131 0.0195
vn -0.9997 -0.0120 0.0202
vn -0.9999 -0.0101 0.0113
vn -0.9997 -0.0168 0.0185
vn -0.9997 -0.0131 0.0195
vn -0.9999 -0.0087 0.0129
vn 0.0000 0.8088 0.5881
vn 0.0000 0.7611 0.6487
vn -0.9975 0.0552 0.0450
vn -0.9974 0.0586 0.0424
vn -0.0000 0.6532 0.7572
vn -0.9974 0.0485 0.0524
vn -0.9975 0.0552 0.0450
vn 0.0000 0.7611 0.6487
vn -0.9994 0.0240 0.0251
vn -0.9994 0.0258 0.0212
vn -0.9975 0.0552 0.0450
vn -0.9974 0.0485 0.0524
vn -0.9995 0.0261 0.0183
vn -0.9974 0.0586 0.0424
vn -0.9975 0.0552 0.0450
vn -0.9994 0.0258 0.0212
vn -0.9911 -0.0329 0.1293
vn -0.9913 -0.0300 0.1279
vn -0.9887 -0.0638 0.1355
vn -0.9882 -0.0662 0.1385
vn -0.9915 -0.0275 0.1272
vn -0.9891 -0.0616 0.1339
vn -0.9887 -0.0638 0.1355
vn -0.9913 -0.0300 0.1279
vn -0.9875 -0.0753 0.1382
vn -0.9870 -0.0757 0.1418
vn -0.9887 -0.0638 0.1355
vn -0.9891 -0.0616 0.1339
vn -0.9862 -0.0774 0.1461
vn -0.9882 -0.0662 0.1385
vn -0.9887 -0.0638 0.1355
vn -0.9870 -0.0757 0.1418
vn -0.9444 0.2463 0.2179
vn -0.9333 0.2522 0.2557
vn -0.9785 0.1242 0.1646
vn -0.9797 0.1245 0.1570
vn -0.9347 0.2563 0.2462
vn -0.9797 0.1228 0.1586
vn -0.9785 0.1242 0.1646
vn -0.9333 0.2522 0.2557
vn -0.9893 0.0609 0.1326
vn -0.9895 0.0585 0.1324
vn -0.9785 0.1242 0.1646
vn -0.9797 0.1228 0.1586
vn -0.9895 0.0561 0.1328
vn -0.9797 0.1245 0.1570
vn -0.9785 0.1242 0.1646
vn -0.9895 0.0585 0.1324
vn -0.9895 0.0561 0.1328
vn -0.9895 0.0585 0.1324
vn -0.9920 0.0130 0.1256
vn -0.9919 0.0104 0.1267
vn -0.9893 0.0609 0.1326
vn -0.9920 0.0157 0.1256
vn -0.9920 0.0130 0.1256
vn -0.9895 0.0585 0.1324
vn -0.9915 -0.0275 0.1272
vn -0.9913 -0.0300 0.1279
vn -0.9920 0.0130 0.1256
vn -0.9920 0.0157 0.1256
vn -0.9911 -0.0329 0.1293
vn -0.9919 0.0104 0.1267
vn -0.9920 0.0130 0.1256
vn -0.9913 -0.0300 0.1279
vn 0.0000 -0.6130 0.7901
vn 0.0000 -0.7074 0.7068
vn -0.9926 -0.0863 0.0852
vn -0.9949 -0.0621 0.0798
vn -0.0000 -0.3406 0.9402
vn -0.9916 -0.0551 0.1171
vn -0.9926 -0.0863 0.0852
vn 0.0000 -0.7074 0.7068
vn -0.9996 -0.0169 0.0230
vn -0.9995 -0.0221 0.0213
vn -0.9926 -0.0863 0.0852
vn -0.9916 -0.0551 0.1171
vn -0.9996 -0.0192 0.0193
vn -0.9949 -0.0621 0.0798
vn -0.9926 -0.0863 0.0852
vn -0.9995 -0.0221 0.0213
vn -0.9489 -0.2161 0.2302
vn -0.9588 -0.1994 0.2023
vn -0.9840 -0.1007 0.1468
vn -0.9818 -0.1002 0.1610
vn -0.9436 -0.2807 0.1757
vn -0.9895 -0.1035 0.1011
vn -0.9840 -0.1007 0.1468
vn -0.9588 -0.1994 0.2023
vn -0.9924 -0.0762 0.0962
vn -0.9878 -0.0794 0.1342
vn -0.9840 -0.1007 0.1468
vn -0.9895 -0.1035 0.1011
vn -0.9862 -0.0774 0.1461
vn -0.9818 -0.1002 0.1610
vn -0.9840 -0.1007 0.1468
vn -0.9878 -0.0794 0.1342
vn 0.0000 0.7148 -0.6993
vn -0.8547 0.3934 -0.3386
vn -0.8616 0.2953 -0.4128
vn 0.0000 0.5080 -0.8613
vn -0.9864 0.1431 -0.0803
vn -0.9804 0.1516 -0.1260
vn -0.8616 0.2953 -0.4128
vn -0.8547 0.3934 -0.3386
vn -0.9878 0.1118 -0.1082
vn -0.8917 0.2365 -0.3858
vn -0.8616 0.2953 -0.4128
vn -0.9804 0.1516 -0.1260
vn -0.0000 0.5048 -0.8632
vn 0.0000 0.5080 -0.8613
vn -0.8616 0.2953 -0.4128
vn -0.8917 0.2365 -0.3858
vn -0.9864 0.1431 -0.0803
vn -0.9978 0.0655 -0.0119
vn -0.9950 0.0982 -0.0163
vn -0.9804 0.1516 -0.1260
vn -0.9976 0.0697 0.0048
vn -0.9952 0.0966 0.0133
vn -0.9950 0.0982 -0.0163
vn -0.9978 0.0655 -0.0119
vn -0.9975 0.0685 0.0164
vn -0.9971 0.0762 -0.0087
vn -0.9950 0.0982 -0.0163
vn -0.9952 0.0966 0.0133
vn -0.9878 0.1118 -0.1082
vn -0.9804 0.1516 -0.1260
vn -0.9950 0.0982 -0.0163
vn -0.9971 0.0762 -0.0087
vn -0.9976 0.0697 0.0048
vn -0.9967 0.0766 0.0256
vn -0.9947 0.0964 0.0354
vn -0.9952 0.0966 0.0133
vn -0.9954 0.0744 0.0597
vn -0.9942 0.0835 0.0671
vn -0.9947 0.0964 0.0354
vn -0.9967 0.0766 0.0256
vn -0.9973 0.0537 0.0493
vn -0.9973 0.0666 0.0305
vn -0.9947 0.0964 0.0354
vn -0.9942 0.0835 0.0671
vn -0.9975 0.0685 0.0164
vn -0.9952 0.0966 0.0133
vn -0.9947 0.0964 0.0354
vn -0.9973 0.0666 0.0305
vn -0.9954 0.0744 0.0597
vn -0.9964 0.0481 0.0695
vn -0.9935 0.0543 0.1001
vn -0.9942 0.0835 0.0671
vn -0.9969 0.0171 0.0774
vn -0.9929 0.0253 0.1166
vn -0.9935 0.0543 0.1001
vn -0.9964 0.0481 0.0695
vn -0.9966 0.0180 0.0807
vn -0.9969 0.0365 0.0694
vn -0.9935 0.0543 0.1001
vn -0.9929 0.0253 0.1166
vn -0.9973 0.0537 0.0493
vn -0.9942 0.0835 0.0671
vn -0.9935 0.0543 0.1001
vn -0.9969 0.0365 0.0694
vn -0.9969 0.0171 0.0774
vn -0.9969 -0.0040 0.0783
vn -0.9929 0.0018 0.1192
vn -0.9929 0.0253 0.1166
vn -0.9975 -0.0198 0.0676
vn -0.9939 -0.0144 0.1092
vn -0.9929 0.0018 0.1192
vn -0.9969 -0.0040 0.0783
vn -0.9969 -0.0076 0.0777
vn -0.9964 0.0030 0.0849
vn -0.9929 0.0018 0.1192
vn -0.9939 -0.0144 0.1092
vn -0.9966 0.0180 0.0807
vn -0.9929 0.0253 0.1166
vn -0.9929 0.0018 0.1192
vn -0.9964 0.0030 0.0849
vn -0.9975 -0.0198 0.0676
vn -0.9985 -0.0327 0.0440
vn -0.9968 -0.0238 0.0762
vn -0.9939 -0.0144 0.1092
vn -0.9994 -0.0279 0.0225
vn -0.9988 -0.0250 0.0422
vn -0.9968 -0.0238 0.0762
vn -0.9985 -0.0327 0.0440
vn -0.9991 -0.0164 0.0402
vn -0.9981 -0.0112 0.0607
vn -0.9968 -0.0238 0.0762
vn -0.9988 -0.0250 0.0422
vn -0.9969 -0.0076 0.0777
vn -0.9939 -0.0144 0.1092
vn -0.9968 -0.0238 0.0762
vn -0.9981 -0.0112 0.0607
vn -0.9994 -0.0279 0.0225
vn -0.9997 -0.0240 0.0083
vn -0.9995 -0.0221 0.0243
vn -0.9988 -0.0250 0.0422
vn -0.9998 -0.0205 0.0064
vn -0.9997 -0.0232 0.0103
vn -0.9995 -0.0221 0.0243
vn -0.9997 -0.0240 0.0083
vn -0.9996 -0.0226 0.0167
vn -0.9995 -0.0176 0.0276
vn -0.9995 -0.0221 0.0243
vn -0.9997 -0.0232 0.0103
vn -0.9991 -0.0164 0.0402
vn -0.9988 -0.0250 0.0422
vn -0.9995 -0.0221 0.0243
vn -0.9995 -0.0176 0.0276
vn -0.9998 -0.0205 0.0064
vn -0.9998 -0.0197 -0.0014
vn -0.9997 -0.0233 0.0017
vn -0.9997 -0.0232 0.0103
vn -0.9998 -0.0186 -0.0050
vn -0.9997 -0.0239 -0.0059
vn -0.9997 -0.0233 0.0017
vn -0.9998 -0.0197 -0.0014
vn -0.9995 -0.0301 -0.0031
vn -0.9996 -0.0294 0.0052
vn -0.9997 -0.0233 0.0017
vn -0.9997 -0.0239 -0.0059
vn -0.9996 -0.0226 0.0167
vn -0.9997 -0.0232 0.0103
vn -0.9997 -0.0233 0.0017
vn -0.9996 -0.0294 0.0052
vn -0.9998 -0.0186 -0.0050
vn -0.9997 -0.0191 -0.0149
vn -0.9988 -0.0343 -0.0350
vn -0.9997 -0.0239 -0.0059
vn -0.9921 -0.0979 -0.0783
vn -0.9824 -0.0957 -0.1605
vn -0.9988 -0.0343 -0.0350
vn -0.9997 -0.0191 -0.0149
vn -0.9870 -0.0788 -0.1404
vn -0.9982 -0.0467 -0.0365
vn -0.9988 -0.0343 -0.0350
vn -0.9824 -0.0957 -0.1605
vn -0.9995 -0.0301 -0.0031
vn -0.9997 -0.0239 -0.0059
vn -0.9988 -0.0343 -0.0350
vn -0.9982 -0.0467 -0.0365
vn -0.9921 -0.0979 -0.0783
vn -0.8762 -0.3463 -0.3353
vn -0.8706 -0.2296 -0.4352
vn -0.9824 -0.0957 -0.1605
vn 0.0000 -0.6996 -0.7146
vn 0.0000 -0.4478 -0.8941
vn -0.8706 -0.2296 -0.4352
vn -0.8762 -0.3463 -0.3353
vn 0.0000 -0.3912 -0.9203
vn -0.8856 -0.1856 -0.4257
vn -0.8706 -0.2296 -0.4352
vn 0.0000 -0.4478 -0.8941
vn -0.9870 -0.0788 -0.1404
vn -0.9824 -0.0957 -0.1605
vn -0.8706 -0.2296 -0.4352
vn -0.8856 -0.1856 -0.4257
vn -0.9963 0.0639 -0.0578
vn -0.9978 0.0547 -0.0365
vn -0.9719 0.1517 -0.1798
vn -0.9556 0.1739 -0.2380
vn -0.9989 0.0409 -0.0247
vn -0.9826 0.1353 -0.1275
vn -0.9719 0.1517 -0.1798
vn -0.9978 0.0547 -0.0365
vn 0.0000 0.6973 -0.7168
vn 0.0000 0.6010 -0.7992
vn -0.9719 0.1517 -0.1798
vn -0.9826 0.1353 -0.1275
vn -0.0000 0.5716 -0.8205
vn -0.9556 0.1739 -0.2380
vn -0.9719 0.1517 -0.1798
vn 0.0000 0.6010 -0.7992
vn -0.9996 0.0257 0.0130
vn -0.9997 0.0218 0.0138
vn -0.9996 0.0272 0.0033
vn -0.9994 0.0341 -0.0009
vn -0.9998 0.0139 0.0104
vn -0.9998 0.0188 0.0039
vn -0.9996 0.0272 0.0033
vn -0.9997 0.0218 0.0138
vn -0.9989 0.0409 -0.0247
vn -0.9978 0.0547 -0.0365
vn -0.9996 0.0272 0.0033
vn -0.9998 0.0188 0.0039
vn -0.9963 0.0639 -0.0578
vn -0.9994 0.0341 -0.0009
vn -0.9996 0.0272 0.0033
vn -0.9978 0.0547 -0.0365
vn -0.9995 0.0200 0.0237
vn -0.9996 0.0176 0.0229
vn -0.9996 0.0207 0.0177
vn -0.9995 0.0247 0.0175
vn -0.9998 0.0112 0.0158
vn -0.9998 0.0130 0.0130
vn -0.9996 0.0207 0.0177
vn -0.9996 0.0176 0.0229
vn -0.9998 0.0139 0.0104
vn -0.9997 0.0218 0.0138
vn -0.9996 0.0207 0.0177
vn -0.9998 0.0130 0.0130
vn -0.9996 0.0257 0.0130
vn -0.9995 0.0247 0.0175
vn -0.9996 0.0207 0.0177
vn -0.9997 0.0218 0.0138
vn -0.9995 0.0070 0.0309
vn -0.9996 0.0067 0.0286
vn -0.9996 0.0122 0.0266
vn -0.9995 0.0136 0.0288
vn -0.9998 0.0047 0.0195
vn -0.9998 0.0083 0.0184
vn -0.9996 0.0122 0.0266
vn -0.9996 0.0067 0.0286
vn -0.9998 0.0112 0.0158
vn -0.9996 0.0176 0.0229
vn -0.9996 0.0122 0.0266
vn -0.9998 0.0083 0.0184
vn -0.9995 0.0200 0.0237
vn -0.9995 0.0136 0.0288
vn -0.9996 0.0122 0.0266
vn -0.9996 0.0176 0.0229
vn -0.9995 -0.0016 0.0313
vn -0.9996 -0.0016 0.0292
vn -0.9996 0.0020 0.0291
vn -0.9995 0.0019 0.0313
vn -0.9998 -0.0014 0.0201
vn -0.9998 0.0014 0.0198
vn -0.9996 0.0020 0.0291
vn -0.9996 -0.0016 0.0292
vn -0.9998 0.0047 0.0195
vn -0.9996 0.0067 0.0286
vn -0.9996 0.0020 0.0291
vn -0.9998 0.0014 0.0198
vn -0.9995 0.0070 0.0309
vn -0.9995 0.0019 0.0313
vn -0.9996 0.0020 0.0291
vn -0.9996 0.0067 0.0286
vn -0.9995 -0.0094 0.0312
vn -0.9995 -0.0094 0.0300
vn -0.9995 -0.0050 0.0299
vn -0.9995 -0.0047 0.0315
vn -0.9998 -0.0069 0.0204
vn -0.9998 -0.0040 0.0204
vn -0.9995 -0.0050 0.0299
vn -0.9995 -0.0094 0.0300
vn -0.9998 -0.0014 0.0201
vn -0.9996 -0.0016 0.0292
vn -0.9995 -0.0050 0.0299
vn -0.9998 -0.0040 0.0204
vn -0.9995 -0.0016 0.0313
vn -0.9995 -0.0047 0.0315
vn -0.9995 -0.0050 0.0299
vn -0.9996 -0.0016 0.0292
vn -0.9995 -0.0224 0.0243
vn -0.9995 -0.0209 0.0250
vn -0.9995 -0.0150 0.0285
vn -0.9994 -0.0155 0.0295
vn -0.9998 -0.0135 0.0173
vn -0.9998 -0.0105 0.0196
vn -0.9995 -0.0150 0.0285
vn -0.9995 -0.0209 0.0250
vn -0.9998 -0.0069 0.0204
vn -0.9995 -0.0094 0.0300
vn -0.9995 -0.0150 0.0285
vn -0.9998 -0.0105 0.0196
vn -0.9995 -0.0094 0.0312
vn -0.9994 -0.0155 0.0295
vn -0.9995 -0.0150 0.0285
vn -0.9995 -0.0094 0.0300
vn -0.9994 -0.0331 0.0082
vn -0.9995 -0.0287 0.0115
vn -0.9995 -0.0255 0.0182
vn -0.9994 -0.0304 0.0160
vn -0.9998 -0.0176 0.0098
vn -0.9998 -0.0159 0.0139
vn -0.9995 -0.0255 0.0182
vn -0.9995 -0.0287 0.0115
vn -0.9998 -0.0135 0.0173
vn -0.9995 -0.0209 0.0250
vn -0.9995 -0.0255 0.0182
vn -0.9998 -0.0159 0.0139
vn -0.9995 -0.0224 0.0243
vn -0.9994 -0.0304 0.0160
vn -0.9995 -0.0255 0.0182
vn -0.9995 -0.0209 0.0250
vn -0.9958 -0.0617 -0.0672
vn -0.9978 -0.0530 -0.0390
vn -0.9995 -0.0320 0.0004
vn -0.9991 -0.0406 -0.0077
vn -0.9990 -0.0373 -0.0233
vn -0.9998 -0.0211 0.0033
vn -0.9995 -0.0320 0.0004
vn -0.9978 -0.0530 -0.0390
vn -0.9998 -0.0176 0.0098
vn -0.9995 -0.0287 0.0115
vn -0.9995 -0.0320 0.0004
vn -0.9998 -0.0211 0.0033
vn -0.9994 -0.0331 0.0082
vn -0.9991 -0.0406 -0.0077
vn -0.9995 -0.0320 0.0004
vn -0.9995 -0.0287 0.0115
vn 0.0000 -0.4757 -0.8796
vn 0.0000 -0.5249 -0.8511
vn -0.9672 -0.1460 -0.2077
vn -0.9460 -0.1612 -0.2814
vn 0.0000 -0.6536 -0.7568
vn -0.9827 -0.1267 -0.1353
vn -0.9672 -0.1460 -0.2077
vn 0.0000 -0.5249 -0.8511
vn -0.9990 -0.0373 -0.0233
vn -0.9978 -0.0530 -0.0390
vn -0.9672 -0.1460 -0.2077
vn -0.9827 -0.1267 -0.1353
vn -0.9958 -0.0617 -0.0672
vn -0.9460 -0.1612 -0.2814
vn -0.9672 -0.1460 -0.2077
vn -0.9978 -0.0530 -0.0390
vn -0.9993 0.0353 -0.0119
vn -0.9995 0.0317 -0.0019
vn -0.9956 0.0888 -0.0301
vn -0.9890 0.1317 -0.0667
vn -0.9997 0.0261 0.0017
vn -0.9988 0.0499 -0.0019
vn -0.9956 0.0888 -0.0301
vn -0.9995 0.0317 -0.0019
vn 0.0000 0.9983 -0.0591
vn -0.0000 0.9294 -0.3691
vn -0.9956 0.0888 -0.0301
vn -0.9988 0.0499 -0.0019
vn -0.0000 0.8672 -0.4979
vn -0.9890 0.1317 -0.0667
vn -0.9956 0.0888 -0.0301
vn -0.0000 0.9294 -0.3691
vn -0.9989 0.0409 -0.0247
vn -0.9992 0.0354 -0.0177
vn -0.9864 0.1328 -0.0967
vn -0.9826 0.1353 -0.1275
vn -0.9993 0.0353 -0.0119
vn -0.9890 0.1317 -0.0667
vn -0.9864 0.1328 -0.0967
vn -0.9992 0.0354 -0.0177
vn -0.0000 0.8672 -0.4979
vn -0.0000 0.7727 -0.6348
vn -0.9864 0.1328 -0.0967
vn -0.9890 0.1317 -0.0667
vn 0.0000 0.6973 -0.7168
vn -0.9826 0.1353 -0.1275
vn -0.9864 0.1328 -0.0967
vn -0.0000 0.7727 -0.6348
vn -0.0000 0.5716 -0.8205
vn -0.0000 0.5139 -0.8578
vn -0.9298 0.2015 -0.3079
vn -0.9556 0.1739 -0.2380
vn -0.0000 0.5048 -0.8632
vn -0.8917 0.2365 -0.3858
vn -0.9298 0.2015 -0.3079
vn -0.0000 0.5139 -0.8578
vn -0.9878 0.1118 -0.1082
vn -0.9935 0.0833 -0.0777
vn -0.9298 0.2015 -0.3079
vn -0.8917 0.2365 -0.3858
vn -0.9963 0.0639 -0.0578
vn -0.9556 0.1739 -0.2380
vn -0.9298 0.2015 -0.3079
vn -0.9935 0.0833 -0.0777
vn -0.9999 0.0075 0.0077
vn -0.9999 0.0092 0.0105
vn -0.9999 0.0144 0.0069
vn -0.9999 0.0127 0.0037
vn -0.9999 0.0104 0.0121
vn -0.9998 0.0156 0.0090
vn -0.9999 0.0144 0.0069
vn -0.9999 0.0092 0.0105
vn -0.9997 0.0261 0.0017
vn -0.9995 0.0317 -0.0019
vn -0.9999 0.0144 0.0069
vn -0.9998 0.0156 0.0090
vn -0.9993 0.0353 -0.0119
vn -0.9999 0.0127 0.0037
vn -0.9999 0.0144 0.0069
vn -0.9995 0.0317 -0.0019
vn -0.9998 0.0139 0.0104
vn -0.9999 0.0076 0.0068
vn -0.9999 0.0121 0.0019
vn -0.9998 0.0188 0.0039
vn -0.9999 0.0075 0.0077
vn -0.9999 0.0127 0.0037
vn -0.9999 0.0121 0.0019
vn -0.9999 0.0076 0.0068
vn -0.9993 0.0353 -0.0119
vn -0.9992 0.0354 -0.0177
vn -0.9999 0.0121 0.0019
vn -0.9999 0.0127 0.0037
vn -0.9989 0.0409 -0.0247
vn -0.9998 0.0188 0.0039
vn -0.9999 0.0121 0.0019
vn -0.9992 0.0354 -0.0177
vn -0.9963 0.0639 -0.0578
vn -0.9935 0.0833 -0.0777
vn -0.9991 0.0430 -0.0061
vn -0.9994 0.0341 -0.0009
vn -0.9878 0.1118 -0.1082
vn -0.9971 0.0762 -0.0087
vn -0.9991 0.0430 -0.0061
vn -0.9935 0.0833 -0.0777
vn -0.9975 0.0685 0.0164
vn -0.9993 0.0347 0.0131
vn -0.9991 0.0430 -0.0061
vn -0.9971 0.0762 -0.0087
vn -0.9996 0.0257 0.0130
vn -0.9994 0.0341 -0.0009
vn -0.9991 0.0430 -0.0061
vn -0.9993 0.0347 0.0131
vn -0.9999 0.0063 0.0106
vn -0.9999 0.0076 0.0139
vn -0.9999 0.0083 0.0122
vn -0.9999 0.0070 0.0091
vn -0.9999 0.0077 0.0146
vn -0.9999 0.0084 0.0135
vn -0.9999 0.0083 0.0122
vn -0.9999 0.0076 0.0139
vn -0.9999 0.0104 0.0121
vn -0.9999 0.0092 0.0105
vn -0.9999 0.0083 0.0122
vn -0.9999 0.0084 0.0135
vn -0.9999 0.0075 0.0077
vn -0.9999 0.0070 0.0091
vn -0.9999 0.0083 0.0122
vn -0.9999 0.0092 0.0105
vn -0.9998 0.0112 0.0158
vn -0.9999 0.0064 0.0098
vn -0.9999 0.0072 0.0082
vn -0.9998 0.0130 0.0130
vn -0.9999 0.0063 0.0106
vn -0.9999 0.0070 0.0091
vn -0.9999 0.0072 0.0082
vn -0.9999 0.0064 0.0098
vn -0.9999 0.0075 0.0077
vn -0.9999 0.0076 0.0068
vn -0.9999 0.0072 0.0082
vn -0.9999 0.0070 0.0091
vn -0.9998 0.0139 0.0104
vn -0.9998 0.0130 0.0130
vn -0.9999 0.0072 0.0082
vn -0.9999 0.0076 0.0068
vn -0.9996 0.0257 0.0130
vn -0.9993 0.0347 0.0131
vn -0.9993 0.0331 0.0192
vn -0.9995 0.0247 0.0175
vn -0.9975 0.0685 0.0164
vn -0.9973 0.0666 0.0305
vn -0.9993 0.0331 0.0192
vn -0.9993 0.0347 0.0131
vn -0.9973 0.0537 0.0493
vn -0.9992 0.0269 0.0281
vn -0.9993 0.0331 0.0192
vn -0.9973 0.0666 0.0305
vn -0.9995 0.0200 0.0237
vn -0.9995 0.0247 0.0175
vn -0.9993 0.0331 0.0192
vn -0.9992 0.0269 0.0281
vn -0.9999 0.0032 0.0126
vn -0.9999 0.0041 0.0163
vn -0.9999 0.0063 0.0153
vn -0.9999 0.0052 0.0119
vn -0.9998 0.0044 0.0179
vn -0.9998 0.0065 0.0163
vn -0.9999 0.0063 0.0153
vn -0.9999 0.0041 0.0163
vn -0.9999 0.0077 0.0146
vn -0.9999 0.0076 0.0139
vn -0.9999 0.0063 0.0153
vn -0.9998 0.0065 0.0163
vn -0.9999 0.0063 0.0106
vn -0.9999 0.0052 0.0119
vn -0.9999 0.0063 0.0153
vn -0.9999 0.0076 0.0139
vn -0.9998 0.0047 0.0195
vn -0.9999 0.0029 0.0117
vn -0.9999 0.0049 0.0110
vn -0.9998 0.0083 0.0184
vn -0.9999 0.0032 0.0126
vn -0.9999 0.0052 0.0119
vn -0.9999 0.0049 0.0110
vn -0.9999 0.0029 0.0117
vn -0.9999 0.0063 0.0106
vn -0.9999 0.0064 0.0098
vn -0.9999 0.0049 0.0110
vn -0.9999 0.0052 0.0119
vn -0.9998 0.0112 0.0158
vn -0.9998 0.0083 0.0184
vn -0.9999 0.0049 0.0110
vn -0.9999 0.0064 0.0098
vn -0.9995 0.0200 0.0237
vn -0.9992 0.0269 0.0281
vn -0.9992 0.0177 0.0356
vn -0.9995 0.0136 0.0288
vn -0.9973 0.0537 0.0493
vn -0.9969 0.0365 0.0694
vn -0.9992 0.0177 0.0356
vn -0.9992 0.0269 0.0281
vn -0.9966 0.0180 0.0807
vn -0.9992 0.0088 0.0402
vn -0.9992 0.0177 0.0356
vn -0.9969 0.0365 0.0694
vn -0.9995 0.0070 0.0309
vn -0.9995 0.0136 0.0288
vn -0.9992 0.0177 0.0356
vn -0.9992 0.0088 0.0402
vn -0.9999 -0.0010 0.0126
vn -0.9999 -0.0011 0.0162
vn -0.9999 0.0015 0.0165
vn -0.9999 0.0010 0.0128
vn -0.9998 -0.0011 0.0179
vn -0.9998 0.0017 0.0184
vn -0.9999 0.0015 0.0165
vn -0.9999 -0.0011 0.0162
vn -0.9998 0.0044 0.0179
vn -0.9999 0.0041 0.0163
vn -0.9999 0.0015 0.0165
vn -0.9998 0.0017 0.0184
vn -0.9999 0.0032 0.0126
vn -0.9999 0.0010 0.0128
vn -0.9999 0.0015 0.0165
vn -0.9999 0.0041 0.0163
vn -0.9998 -0.0014 0.0201
vn -0.9999 -0.0011 0.0119
vn -0.9999 0.0008 0.0119
vn -0.9998 0.0014 0.0198
vn -0.9999 -0.0010 0.0126
vn -0.9999 0.0010 0.0128
vn -0.9999 0.0008 0.0119
vn -0.9999 -0.0011 0.0119
vn -0.9999 0.0032 0.0126
vn -0.9999 0.0029 0.0117
vn -0.9999 0.0008 0.0119
vn -0.9999 0.0010 0.0128
vn -0.9998 0.0047 0.0195
vn -0.9998 0.0014 0.0198
vn -0.9999 0.0008 0.0119
vn -0.9999 0.0029 0.0117
vn -0.9995 0.0070 0.0309
vn -0.9992 0.0088 0.0402
vn -0.9992 0.0018 0.0407
vn -0.9995 0.0019 0.0313
vn -0.9966 0.0180 0.0807
vn -0.9964 0.0030 0.0849
vn -0.9992 0.0018 0.0407
vn -0.9992 0.0088 0.0402
vn -0.9969 -0.0076 0.0777
vn -0.9992 -0.0019 0.0391
vn -0.9992 0.0018 0.0407
vn -0.9964 0.0030 0.0849
vn -0.9995 -0.0016 0.0313
vn -0.9995 0.0019 0.0313
vn -0.9992 0.0018 0.0407
vn -0.9992 -0.0019 0.0391
vn -0.9999 -0.0044 0.0118
vn -0.9999 -0.0054 0.0149
vn -0.9999 -0.0034 0.0157
vn -0.9999 -0.0028 0.0122
vn -0.9999 -0.0057 0.0160
vn -0.9998 -0.0035 0.0171
vn -0.9999 -0.0034 0.0157
vn -0.9999 -0.0054 0.0149
vn -0.9998 -0.0011 0.0179
vn -0.9999 -0.0011 0.0162
vn -0.9999 -0.0034 0.0157
vn -0.9998 -0.0035 0.0171
vn -0.9999 -0.0010 0.0126
vn -0.9999 -0.0028 0.0122
vn -0.9999 -0.0034 0.0157
vn -0.9999 -0.0011 0.0162
vn -0.9998 -0.0069 0.0204
vn -0.9999 -0.0044 0.0116
vn -0.9999 -0.0027 0.0119
vn -0.9998 -0.0040 0.0204
vn -0.9999 -0.0044 0.0118
vn -0.9999 -0.0028 0.0122
vn -0.9999 -0.0027 0.0119
vn -0.9999 -0.0044 0.0116
vn -0.9999 -0.0010 0.0126
vn -0.9999 -0.0011 0.0119
vn -0.9999 -0.0027 0.0119
vn -0.9999 -0.0028 0.0122
vn -0.9998 -0.0014 0.0201
vn -0.9998 -0.0040 0.0204
vn -0.9999 -0.0027 0.0119
vn -0.9999 -0.0011 0.0119
vn -0.9995 -0.0016 0.0313
vn -0.9992 -0.0019 0.0391
vn -0.9994 -0.0061 0.0355
vn -0.9995 -0.0047 0.0315
vn -0.9969 -0.0076 0.0777
vn -0.9981 -0.0112 0.0607
vn -0.9994 -0.0061 0.0355
vn -0.9992 -0.0019 0.0391
vn -0.9991 -0.0164 0.0402
vn -0.9995 -0.0091 0.0315
vn -0.9994 -0.0061 0.0355
vn -0.9981 -0.0112 0.0607
vn -0.9995 -0.0094 0.0312
vn -0.9995 -0.0047 0.0315
vn -0.9994 -0.0061 0.0355
vn -0.9995 -0.0091 0.0315
vn -0.9999 -0.0068 0.0101
vn -0.9999 -0.0083 0.0130
vn -0.9999 -0.0073 0.0139
vn -0.9999 -0.0060 0.0111
vn -0.9999 -0.0084 0.0138
vn -0.9999 -0.0076 0.0147
vn -0.9999 -0.0073 0.0139
vn -0.9999 -0.0083 0.0130
vn -0.9999 -0.0057 0.0160
vn -0.9999 -0.0054 0.0149
vn -0.9999 -0.0073 0.0139
vn -0.9999 -0.0076 0.0147
vn -0.9999 -0.0044 0.0118
vn -0.9999 -0.0060 0.0111
vn -0.9999 -0.0073 0.0139
vn -0.9999 -0.0054 0.0149
vn -0.9998 -0.0135 0.0173
vn -0.9999 -0.0075 0.0102
vn -0.9999 -0.0061 0.0111
vn -0.9998 -0.0105 0.0196
vn -0.9999 -0.0068 0.0101
vn -0.9999 -0.0060 0.0111
vn -0.9999 -0.0061 0.0111
vn -0.9999 -0.0075 0.0102
vn -0.9999 -0.0044 0.0118
vn -0.9999 -0.0044 0.0116
vn -0.9999 -0.0061 0.0111
vn -0.9999 -0.0060 0.0111
vn -0.9998 -0.0069 0.0204
vn -0.9998 -0.0105 0.0196
vn -0.9999 -0.0061 0.0111
vn -0.9999 -0.0044 0.0116
vn -0.9995 -0.0094 0.0312
vn -0.9995 -0.0091 0.0315
vn -0.9995 -0.0150 0.0270
vn -0.9994 -0.0155 0.0295
vn -0.9991 -0.0164 0.0402
vn -0.9995 -0.0176 0.0276
vn -0.9995 -0.0150 0.0270
vn -0.9995 -0.0091 0.0315
vn -0.9996 -0.0226 0.0167
vn -0.9995 -0.0226 0.0208
vn -0.9995 -0.0150 0.0270
vn -0.9995 -0.0176 0.0276
vn -0.9995 -0.0224 0.0243
vn -0.9994 -0.0155 0.0295
vn -0.9995 -0.0150 0.0270
vn -0.9995 -0.0226 0.0208
vn -0.9999 -0.0078 0.0074
vn -0.9999 -0.0092 0.0100
vn -0.9999 -0.0085 0.0117
vn -0.9999 -0.0073 0.0090
vn -0.9999 -0.0101 0.0113
vn -0.9999 -0.0087 0.0129
vn -0.9999 -0.0085 0.0117
vn -0.9999 -0.0092 0.0100
vn -0.9999 -0.0084 0.0138
vn -0.9999 -0.0083 0.0130
vn -0.9999 -0.0085 0.0117
vn -0.9999 -0.0087 0.0129
vn -0.9999 -0.0068 0.0101
vn -0.9999 -0.0073 0.0090
vn -0.9999 -0.0085 0.0117
vn -0.9999 -0.0083 0.0130
vn -0.9998 -0.0176 0.0098
vn -0.9999 -0.0087 0.0066
vn -0.9999 -0.0082 0.0085
vn -0.9998 -0.0159 0.0139
vn -0.9999 -0.0078 0.0074
vn -0.9999 -0.0073 0.0090
vn -0.9999 -0.0082 0.0085
vn -0.9999 -0.0087 0.0066
vn -0.9999 -0.0068 0.0101
vn -0.9999 -0.0075 0.0102
vn -0.9999 -0.0082 0.0085
vn -0.9999 -0.0073 0.0090
vn -0.9998 -0.0135 0.0173
vn -0.9998 -0.0159 0.0139
vn -0.9999 -0.0082 0.0085
vn -0.9999 -0.0075 0.0102
vn -0.9995 -0.0224 0.0243
vn -0.9995 -0.0226 0.0208
vn -0.9995 -0.0294 0.0111
vn -0.9994 -0.0304 0.0160
vn -0.9996 -0.0226 0.0167
vn -0.9996 -0.0294 0.0052
vn -0.9995 -0.0294 0.0111
vn -0.9995 -0.0226 0.0208
vn -0.9995 -0.0301 -0.0031
vn -0.9994 -0.0345 0.0017
vn -0.9995 -0.0294 0.0111
vn -0.9996 -0.0294 0.0052
vn -0.9994 -0.0331 0.0082
vn -0.9994 -0.0304 0.0160
vn -0.9995 -0.0294 0.0111
vn -0.9994 -0.0345 0.0017
vn -0.9997 -0.0246 -0.0091
vn -0.9998 -0.0222 -0.0002
vn -0.9999 -0.0122 0.0068
vn -0.9999 -0.0107 0.0039
vn -0.9998 -0.0189 0.0032
vn -0.9999 -0.0132 0.0086
vn -0.9999 -0.0122 0.0068
vn -0.9998 -0.0222 -0.0002
vn -0.9999 -0.0101 0.0113
vn -0.9999 -0.0092 0.0100
vn -0.9999 -0.0122 0.0068
vn -0.9999 -0.0132 0.0086
vn -0.9999 -0.0078 0.0074
vn -0.9999 -0.0107 0.0039
vn -0.9999 -0.0122 0.0068
vn -0.9999 -0.0092 0.0100
vn -0.9990 -0.0373 -0.0233
vn -0.9995 -0.0282 -0.0144
vn -0.9999 -0.0116 0.0021
vn -0.9998 -0.0211 0.0033
vn -0.9997 -0.0246 -0.0091
vn -0.9999 -0.0107 0.0039
vn -0.9999 -0.0116 0.0021
vn -0.9995 -0.0282 -0.0144
vn -0.9999 -0.0078 0.0074
vn -0.9999 -0.0087 0.0066
vn -0.9999 -0.0116 0.0021
vn -0.9999 -0.0107 0.0039
vn -0.9998 -0.0176 0.0098
vn -0.9998 -0.0211 0.0033
vn -0.9999 -0.0116 0.0021
vn -0.9999 -0.0087 0.0066
vn -0.9994 -0.0331 0.0082
vn -0.9994 -0.0345 0.0017
vn -0.9990 -0.0408 -0.0196
vn -0.9991 -0.0406 -0.0077
vn -0.9995 -0.0301 -0.0031
vn -0.9982 -0.0467 -0.0365
vn -0.9990 -0.0408 -0.0196
vn -0.9994 -0.0345 0.0017
vn -0.9870 -0.0788 -0.1404
vn -0.9917 -0.0774 -0.1025
vn -0.9990 -0.0408 -0.0196
vn -0.9982 -0.0467 -0.0365
vn -0.9958 -0.0617 -0.0672
vn -0.9991 -0.0406 -0.0077
vn -0.9990 -0.0408 -0.0196
vn -0.9917 -0.0774 -0.1025
vn -0.0000 -0.8292 -0.5589
vn 0.0000 -0.9001 -0.4356
vn -0.9977 -0.0615 -0.0267
vn -0.9938 -0.0934 -0.0601
vn 0.0000 -0.9999 -0.0150
vn -0.9993 -0.0366 0.0007
vn -0.9977 -0.0615 -0.0267
vn 0.0000 -0.9001 -0.4356
vn -0.9998 -0.0189 0.0032
vn -0.9998 -0.0222 -0.0002
vn -0.9977 -0.0615 -0.0267
vn -0.9993 -0.0366 0.0007
vn -0.9997 -0.0246 -0.0091
vn -0.9938 -0.0934 -0.0601
vn -0.9977 -0.0615 -0.0267
vn -0.9998 -0.0222 -0.0002
vn 0.0000 -0.6536 -0.7568
vn 0.0000 -0.7382 -0.6746
vn -0.9896 -0.1098 -0.0927
vn -0.9827 -0.1267 -0.1353
vn -0.0000 -0.8292 -0.5589
vn -0.9938 -0.0934 -0.0601
vn -0.9896 -0.1098 -0.0927
vn 0.0000 -0.7382 -0.6746
vn -0.9997 -0.0246 -0.0091
vn -0.9995 -0.0282 -0.0144
vn -0.9896 -0.1098 -0.0927
vn -0.9938 -0.0934 -0.0601
vn -0.9990 -0.0373 -0.0233
vn -0.9827 -0.1267 -0.1353
vn -0.9896 -0.1098 -0.0927
vn -0.9995 -0.0282 -0.0144
vn -0.9958 -0.0617 -0.0672
vn -0.9917 -0.0774 -0.1025
vn -0.9167 -0.1785 -0.3576
vn -0.9460 -0.1612 -0.2814
vn -0.9870 -0.0788 -0.1404
vn -0.8856 -0.1856 -0.4257
vn -0.9167 -0.1785 -0.3576
vn -0.9917 -0.0774 -0.1025
vn 0.0000 -0.3912 -0.9203
vn 0.0000 -0.4117 -0.9113
vn -0.9167 -0.1785 -0.3576
vn -0.8856 -0.1856 -0.4257
vn 0.0000 -0.4757 -0.8796
vn -0.9460 -0.1612 -0.2814
vn -0.9167 -0.1785 -0.3576
vn 0.0000 -0.4117 -0.9113
vn -0.9444 0.2463 0.2179
vn -0.9595 0.2312 0.1610
vn -0.8974 0.3788 0.2261
vn -0.8700 0.3888 0.3031
vn -0.9360 0.3359 0.1052
vn -0.8369 0.4239 0.3462
vn -0.8974 0.3788 0.2261
vn -0.9595 0.2312 0.1610
vn -0.9370 0.2157 0.2746
vn -0.8911 0.3971 0.2197
vn -0.8974 0.3788 0.2261
vn -0.8369 0.4239 0.3462
vn -0.8647 0.4018 0.3014
vn -0.8700 0.3888 0.3031
vn -0.8974 0.3788 0.2261
vn -0.8911 0.3971 0.2197
vn -0.9360 0.3359 0.1052
vn -0.6790 0.7341 -0.0066
vn -0.7212 0.5273 0.4493
vn -0.8369 0.4239 0.3462
vn -0.0000 1.0000 -0.0006
vn -0.0000 0.5697 0.8219
vn -0.7212 0.5273 0.4493
vn -0.6790 0.7341 -0.0066
vn -0.0000 -0.6890 0.7248
vn -0.6313 -0.3443 0.6949
vn -0.7212 0.5273 0.4493
vn -0.0000 0.5697 0.8219
vn -0.9370 0.2157 0.2746
vn -0.8369 0.4239 0.3462
vn -0.7212 0.5273 0.4493
vn -0.6313 -0.3443 0.6949
vn 0.0000 0.9987 -0.0505
vn -0.5614 0.8243 0.0730
vn -0.5411 0.8376 -0.0757
vn -0.0000 0.9100 -0.4145
vn -0.8748 0.4809 0.0588
vn -0.6775 0.7355 0.0057
vn -0.5411 0.8376 -0.0757
vn -0.5614 0.8243 0.0730
vn -0.6985 0.7148 0.0351
vn -0.6022 0.7198 -0.3454
vn -0.5411 0.8376 -0.0757
vn -0.6775 0.7355 0.0057
vn -0.0000 0.7240 -0.6898
vn -0.0000 0.9100 -0.4145
vn -0.5411 0.8376 -0.0757
vn -0.6022 0.7198 -0.3454
vn -0.8748 0.4809 0.0588
vn -0.9138 0.3922 0.1055
vn -0.7179 0.6851 0.1233
vn -0.6775 0.7355 0.0057
vn -0.9125 0.3929 0.1144
vn -0.7352 0.6621 0.1454
vn -0.7179 0.6851 0.1233
vn -0.9138 0.3922 0.1055
vn -0.7194 0.6816 0.1336
vn -0.6989 0.7077 0.1028
vn -0.7179 0.6851 0.1233
vn -0.7352 0.6621 0.1454
vn -0.6985 0.7148 0.0351
vn -0.6775 0.7355 0.0057
vn -0.7179 0.6851 0.1233
vn -0.6989 0.7077 0.1028
vn -0.9125 0.3929 0.1144
vn -0.9137 0.3839 0.1334
vn -0.7419 0.6469 0.1762
vn -0.7352 0.6621 0.1454
vn -0.9124 0.3742 0.1659
vn -0.7444 0.6278 0.2274
vn -0.7419 0.6469 0.1762
vn -0.9137 0.3839 0.1334
vn -0.7383 0.6382 0.2182
vn -0.7323 0.6602 0.1668
vn -0.7419 0.6469 0.1762
vn -0.7444 0.6278 0.2274
vn -0.7194 0.6816 0.1336
vn -0.7352 0.6621 0.1454
vn -0.7419 0.6469 0.1762
vn -0.7323 0.6602 0.1668
vn -0.9124 0.3742 0.1659
vn -0.9114 0.3601 0.1991
vn -0.7481 0.6054 0.2718
vn -0.7444 0.6278 0.2274
vn -0.9146 0.3454 0.2102
vn -0.7585 0.5822 0.2927
vn -0.7481 0.6054 0.2718
vn -0.9114 0.3601 0.1991
vn -0.7564 0.5906 0.2813
vn -0.7443 0.6147 0.2609
vn -0.7481 0.6054 0.2718
vn -0.7585 0.5822 0.2927
vn -0.7383 0.6382 0.2182
vn -0.7444 0.6278 0.2274
vn -0.7481 0.6054 0.2718
vn -0.7443 0.6147 0.2609
vn -0.9146 0.3454 0.2102
vn -0.9160 0.3312 0.2262
vn -0.7688 0.5569 0.3142
vn -0.7585 0.5822 0.2927
vn -0.9162 0.3156 0.2468
vn -0.7791 0.5204 0.3495
vn -0.7688 0.5569 0.3142
vn -0.9160 0.3312 0.2262
vn -0.7901 0.5169 0.3296
vn -0.7731 0.5596 0.2984
vn -0.7688 0.5569 0.3142
vn -0.7791 0.5204 0.3495
vn -0.7564 0.5906 0.2813
vn -0.7585 0.5822 0.2927
vn -0.7688 0.5569 0.3142
vn -0.7731 0.5596 0.2984
vn -0.9162 0.3156 0.2468
vn -0.9206 0.2942 0.2567
vn -0.7972 0.4831 0.3620
vn -0.7791 0.5204 0.3495
vn -0.9296 0.2757 0.2447
vn -0.8233 0.4493 0.3467
vn -0.7972 0.4831 0.3620
vn -0.9206 0.2942 0.2567
vn -0.8431 0.4297 0.3234
vn -0.8184 0.4668 0.3351
vn -0.7972 0.4831 0.3620
vn -0.8233 0.4493 0.3467
vn -0.7901 0.5169 0.3296
vn -0.7791 0.5204 0.3495
vn -0.7972 0.4831 0.3620
vn -0.8184 0.4668 0.3351
vn -0.9296 0.2757 0.2447
vn -0.9360 0.2620 0.2352
vn -0.8367 0.4312 0.3377
vn -0.8233 0.4493 0.3467
vn -0.9347 0.2563 0.2462
vn -0.8381 0.4142 0.3550
vn -0.8367 0.4312 0.3377
vn -0.9360 0.2620 0.2352
vn -0.8406 0.4157 0.3473
vn -0.8500 0.4199 0.3181
vn -0.8367 0.4312 0.3377
vn -0.8381 0.4142 0.3550
vn -0.8431 0.4297 0.3234
vn -0.8233 0.4493 0.3467
vn -0.8367 0.4312 0.3377
vn -0.8500 0.4199 0.3181
vn -0.9347 0.2563 0.2462
vn -0.9333 0.2522 0.2557
vn -0.8447 0.3974 0.3586
vn -0.8381 0.4142 0.3550
vn -0.9444 0.2463 0.2179
vn -0.8700 0.3888 0.3031
vn -0.8447 0.3974 0.3586
vn -0.9333 0.2522 0.2557
vn -0.8647 0.4018 0.3014
vn -0.8432 0.4049 0.3537
vn -0.8447 0.3974 0.3586
vn -0.8700 0.3888 0.3031
vn -0.8406 0.4157 0.3473
vn -0.8381 0.4142 0.3550
vn -0.8447 0.3974 0.3586
vn -0.8432 0.4049 0.3537
vn 0.0000 -0.9527 0.3040
vn -0.7321 -0.6505 0.2021
vn -0.7492 -0.4898 0.4459
vn -0.0000 -0.6421 0.7666
vn -0.9436 -0.2807 0.1757
vn -0.8366 -0.3896 0.3851
vn -0.7492 -0.4898 0.4459
vn -0.7321 -0.6505 0.2021
vn -0.9037 -0.2881 0.3168
vn -0.7719 -0.0638 0.6325
vn -0.7492 -0.4898 0.4459
vn -0.8366 -0.3896 0.3851
vn 0.0000 0.2626 0.9649
vn -0.0000 -0.6421 0.7666
vn -0.7492 -0.4898 0.4459
vn -0.7719 -0.0638 0.6325
vn -0.9436 -0.2807 0.1757
vn -0.9588 -0.1994 0.2023
vn -0.8803 -0.3590 0.3102
vn -0.8366 -0.3896 0.3851
vn -0.9489 -0.2161 0.2302
vn -0.8587 -0.3832 0.3402
vn -0.8803 -0.3590 0.3102
vn -0.9588 -0.1994 0.2023
vn -0.8708 -0.3730 0.3203
vn -0.8885 -0.3541 0.2918
vn -0.8803 -0.3590 0.3102
vn -0.8587 -0.3832 0.3402
vn -0.9037 -0.2881 0.3168
vn -0.8366 -0.3896 0.3851
vn -0.8803 -0.3590 0.3102
vn -0.8885 -0.3541 0.2918
vn -0.9489 -0.2161 0.2302
vn -0.9452 -0.2253 0.2362
vn -0.8496 -0.3955 0.3488
vn -0.8587 -0.3832 0.3402
vn -0.9448 -0.2335 0.2298
vn -0.8464 -0.4086 0.3416
vn -0.8496 -0.3955 0.3488
vn -0.9452 -0.2253 0.2362
vn -0.8734 -0.3777 0.3075
vn -0.8727 -0.3712 0.3170
vn -0.8496 -0.3955 0.3488
vn -0.8464 -0.4086 0.3416
vn -0.8708 -0.3730 0.3203
vn -0.8587 -0.3832 0.3402
vn -0.8496 -0.3955 0.3488
vn -0.8727 -0.3712 0.3170
vn -0.9448 -0.2335 0.2298
vn -0.9427 -0.2463 0.2252
vn -0.8351 -0.4402 0.3300
vn -0.8464 -0.4086 0.3416
vn -0.9402 -0.2669 0.2114
vn -0.8193 -0.4827 0.3095
vn -0.8351 -0.4402 0.3300
vn -0.9427 -0.2463 0.2252
vn -0.8417 -0.4624 0.2787
vn -0.8647 -0.4094 0.2910
vn -0.8351 -0.4402 0.3300
vn -0.8193 -0.4827 0.3095
vn -0.8734 -0.3777 0.3075
vn -0.8464 -0.4086 0.3416
vn -0.8351 -0.4402 0.3300
vn -0.8647 -0.4094 0.2910
vn -0.9402 -0.2669 0.2114
vn -0.9358 -0.2892 0.2015
vn -0.7927 -0.5372 0.2883
vn -0.8193 -0.4827 0.3095
vn -0.9318 -0.3135 0.1830
vn -0.7678 -0.5834 0.2649
vn -0.7927 -0.5372 0.2883
vn -0.9358 -0.2892 0.2015
vn -0.7744 -0.5822 0.2475
vn -0.8082 -0.5264 0.2639
vn -0.7927 -0.5372 0.2883
vn -0.7678 -0.5834 0.2649
vn -0.8417 -0.4624 0.2787
vn -0.8193 -0.4827 0.3095
vn -0.7927 -0.5372 0.2883
vn -0.8082 -0.5264 0.2639
vn -0.9318 -0.3135 0.1830
vn -0.9284 -0.3313 0.1682
vn -0.7488 -0.6195 0.2357
vn -0.7678 -0.5834 0.2649
vn -0.9238 -0.3480 0.1597
vn -0.7306 -0.6450 0.2239
vn -0.7488 -0.6195 0.2357
vn -0.9284 -0.3313 0.1682
vn -0.7255 -0.6550 0.2112
vn -0.7505 -0.6233 0.2198
vn -0.7488 -0.6195 0.2357
vn -0.7306 -0.6450 0.2239
vn -0.7744 -0.5822 0.2475
vn -0.7678 -0.5834 0.2649
vn -0.7488 -0.6195 0.2357
vn -0.7505 -0.6233 0.2198
vn -0.9238 -0.3480 0.1597
vn -0.9202 -0.3556 0.1637
vn -0.7012 -0.6750 0.2295
vn -0.7306 -0.6450 0.2239
vn -0.8744 -0.4576 0.1613
vn -0.6456 -0.7480 0.1539
vn -0.7012 -0.6750 0.2295
vn -0.9202 -0.3556 0.1637
vn -0.7037 -0.6896 0.1707
vn -0.6974 -0.6865 0.2059
vn -0.7012 -0.6750 0.2295
vn -0.6456 -0.7480 0.1539
vn -0.7255 -0.6550 0.2112
vn -0.7306 -0.6450 0.2239
vn -0.7012 -0.6750 0.2295
vn -0.6974 -0.6865 0.2059
vn -0.8744 -0.4576 0.1613
vn -0.5116 -0.8160 0.2692
vn -0.5098 -0.8517 0.1212
vn -0.6456 -0.7480 0.1539
vn 0.0000 -0.9821 0.1886
vn 0.0000 -0.8561 -0.5169
vn -0.5098 -0.8517 0.1212
vn -0.5116 -0.8160 0.2692
vn 0.0000 -0.2073 -0.9783
vn -0.7042 -0.6326 -0.3224
vn -0.5098 -0.8517 0.1212
vn 0.0000 -0.8561 -0.5169
vn -0.7037 -0.6896 0.1707
vn -0.6456 -0.7480 0.1539
vn -0.5098 -0.8517 0.1212
vn -0.7042 -0.6326 -0.3224
vn -0.8647 0.4018 0.3014
vn -0.8911 0.3971 0.2197
vn -0.9372 0.3097 0.1602
vn -0.9281 0.3024 0.2170
vn -0.9370 0.2157 0.2746
vn -0.9544 0.2881 0.0778
vn -0.9372 0.3097 0.1602
vn -0.8911 0.3971 0.2197
vn -0.9708 0.2307 0.0662
vn -0.9735 0.2064 0.0985
vn -0.9372 0.3097 0.1602
vn -0.9544 0.2881 0.0778
vn -0.9724 0.1902 0.1355
vn -0.9281 0.3024 0.2170
vn -0.9372 0.3097 0.1602
vn -0.9735 0.2064 0.0985
vn -0.9174 -0.3556 0.1790
vn -0.4445 -0.8513 0.2787
vn -0.6722 -0.5626 0.4812
vn -0.9589 0.0511 0.2791
vn 0.0000 -0.9677 0.2520
vn 0.0000 -0.9002 0.4354
vn -0.6722 -0.5626 0.4812
vn -0.4445 -0.8513 0.2787
vn -0.0000 -0.6191 0.7853
vn -0.7853 -0.2950 0.5444
vn -0.6722 -0.5626 0.4812
vn 0.0000 -0.9002 0.4354
vn -0.9396 0.2630 0.2189
vn -0.9589 0.0511 0.2791
vn -0.6722 -0.5626 0.4812
vn -0.7853 -0.2950 0.5444
vn -0.0000 0.7240 -0.6898
vn -0.6022 0.7198 -0.3454
vn -0.8042 0.4560 -0.3812
vn 0.0000 0.5495 -0.8355
vn -0.6985 0.7148 0.0351
vn -0.9026 0.4304 -0.0088
vn -0.8042 0.4560 -0.3812
vn -0.6022 0.7198 -0.3454
vn -0.9886 0.1470 -0.0338
vn -0.9379 0.1914 -0.2892
vn -0.8042 0.4560 -0.3812
vn -0.9026 0.4304 -0.0088
vn 0.0000 0.4403 -0.8978
vn 0.0000 0.5495 -0.8355
vn -0.8042 0.4560 -0.3812
vn -0.9379 0.1914 -0.2892
vn -0.6985 0.7148 0.0351
vn -0.6989 0.7077 0.1028
vn -0.9092 0.4130 0.0536
vn -0.9026 0.4304 -0.0088
vn -0.7194 0.6816 0.1336
vn -0.9167 0.3931 0.0718
vn -0.9092 0.4130 0.0536
vn -0.6989 0.7077 0.1028
vn -0.9885 0.1487 0.0274
vn -0.9881 0.1534 0.0152
vn -0.9092 0.4130 0.0536
vn -0.9167 0.3931 0.0718
vn -0.9886 0.1470 -0.0338
vn -0.9026 0.4304 -0.0088
vn -0.9092 0.4130 0.0536
vn -0.9881 0.1534 0.0152
vn -0.7194 0.6816 0.1336
vn -0.7323 0.6602 0.1668
vn -0.9205 0.3791 0.0949
vn -0.9167 0.3931 0.0718
vn -0.7383 0.6382 0.2182
vn -0.9226 0.3661 0.1216
vn -0.9205 0.3791 0.0949
vn -0.7323 0.6602 0.1668
vn -0.9884 0.1438 0.0482
vn -0.9886 0.1464 0.0360
vn -0.9205 0.3791 0.0949
vn -0.9226 0.3661 0.1216
vn -0.9885 0.1487 0.0274
vn -0.9167 0.3931 0.0718
vn -0.9205 0.3791 0.0949
vn -0.9886 0.1464 0.0360
vn -0.7383 0.6382 0.2182
vn -0.7443 0.6147 0.2609
vn -0.9233 0.3537 0.1494
vn -0.9226 0.3661 0.1216
vn -0.7564 0.5906 0.2813
vn -0.9265 0.3413 0.1582
vn -0.9233 0.3537 0.1494
vn -0.7443 0.6147 0.2609
vn -0.9879 0.1405 0.0655
vn -0.9881 0.1420 0.0593
vn -0.9233 0.3537 0.1494
vn -0.9265 0.3413 0.1582
vn -0.9884 0.1438 0.0482
vn -0.9226 0.3661 0.1216
vn -0.9233 0.3537 0.1494
vn -0.9881 0.1420 0.0593
vn -0.7564 0.5906 0.2813
vn -0.7731 0.5596 0.2984
vn -0.9307 0.3232 0.1710
vn -0.9265 0.3413 0.1582
vn -0.7901 0.5169 0.3296
vn -0.9360 0.2995 0.1849
vn -0.9307 0.3232 0.1710
vn -0.7731 0.5596 0.2984
vn -0.9876 0.1329 0.0831
vn -0.9878 0.1379 0.0722
vn -0.9307 0.3232 0.1710
vn -0.9360 0.2995 0.1849
vn -0.9879 0.1405 0.0655
vn -0.9265 0.3413 0.1582
vn -0.9307 0.3232 0.1710
vn -0.9878 0.1379 0.0722
vn -0.7901 0.5169 0.3296
vn -0.8184 0.4668 0.3351
vn -0.9448 0.2661 0.1909
vn -0.9360 0.2995 0.1849
vn -0.8431 0.4297 0.3234
vn -0.9517 0.2463 0.1832
vn -0.9448 0.2661 0.1909
vn -0.8184 0.4668 0.3351
vn -0.9878 0.1231 0.0949
vn -0.9883 0.1243 0.0887
vn -0.9448 0.2661 0.1909
vn -0.9517 0.2463 0.1832
vn -0.9876 0.1329 0.0831
vn -0.9360 0.2995 0.1849
vn -0.9448 0.2661 0.1909
vn -0.9883 0.1243 0.0887
vn -0.8431 0.4297 0.3234
vn -0.8500 0.4199 0.3181
vn -0.9440 0.2591 0.2044
vn -0.9517 0.2463 0.1832
vn -0.8406 0.4157 0.3473
vn -0.9280 0.2845 0.2405
vn -0.9440 0.2591 0.2044
vn -0.8500 0.4199 0.3181
vn -0.9760 0.1636 0.1437
vn -0.9837 0.1380 0.1150
vn -0.9440 0.2591 0.2044
vn -0.9280 0.2845 0.2405
vn -0.9878 0.1231 0.0949
vn -0.9517 0.2463 0.1832
vn -0.9440 0.2591 0.2044
vn -0.9837 0.1380 0.1150
vn -0.8406 0.4157 0.3473
vn -0.8432 0.4049 0.3537
vn -0.9223 0.2907 0.2548
vn -0.9280 0.2845 0.2405
vn -0.8647 0.4018 0.3014
vn -0.9281 0.3024 0.2170
vn -0.9223 0.2907 0.2548
vn -0.8432 0.4049 0.3537
vn -0.9724 0.1902 0.1355
vn -0.9715 0.1775 0.1570
vn -0.9223 0.2907 0.2548
vn -0.9281 0.3024 0.2170
vn -0.9760 0.1636 0.1437
vn -0.9280 0.2845 0.2405
vn -0.9223 0.2907 0.2548
vn -0.9715 0.1775 0.1570
vn -0.0000 0.2847 0.9586
vn -0.0000 0.2655 0.9641
vn -0.9997 0.0057 0.0218
vn -0.9998 0.0055 0.0183
vn 0.0000 0.2454 0.9694
vn -0.9995 0.0073 0.0296
vn -0.9997 0.0057 0.0218
vn -0.0000 0.2655 0.9641
vn -0.9999 0.0026 0.0120
vn -0.9999 0.0025 0.0117
vn -0.9997 0.0057 0.0218
vn -0.9995 0.0073 0.0296
vn -0.9999 0.0028 0.0109
vn -0.9998 0.0055 0.0183
vn -0.9997 0.0057 0.0218
vn -0.9999 0.0025 0.0117
vn -0.9996 0.0190 -0.0212
vn -0.9995 0.0240 -0.0205
vn -0.9811 0.1314 -0.1417
vn -0.9834 0.1050 -0.1479
vn -0.9993 0.0320 -0.0184
vn -0.9820 0.1434 -0.1227
vn -0.9811 0.1314 -0.1417
vn -0.9995 0.0240 -0.0205
vn -0.0000 0.7390 -0.6737
vn -0.0000 0.6617 -0.7498
vn -0.9811 0.1314 -0.1417
vn -0.9820 0.1434 -0.1227
vn -0.0000 0.5595 -0.8288
vn -0.9834 0.1050 -0.1479
vn -0.9811 0.1314 -0.1417
vn -0.0000 0.6617 -0.7498
vn -1.0000 0.0054 0.0011
vn -1.0000 0.0070 0.0013
vn -1.0000 0.0091 -0.0018
vn -1.0000 0.0071 -0.0019
vn -0.9999 0.0140 0.0020
vn -0.9999 0.0170 -0.0010
vn -1.0000 0.0091 -0.0018
vn -1.0000 0.0070 0.0013
vn -0.9993 0.0320 -0.0184
vn -0.9995 0.0240 -0.0205
vn -1.0000 0.0091 -0.0018
vn -0.9999 0.0170 -0.0010
vn -0.9996 0.0190 -0.0212
vn -1.0000 0.0071 -0.0019
vn -1.0000 0.0091 -0.0018
vn -0.9995 0.0240 -0.0205
vn -1.0000 0.0049 0.0014
vn -1.0000 0.0062 0.0015
vn -1.0000 0.0067 0.0015
vn -1.0000 0.0053 0.0013
vn -0.9999 0.0116 0.0021
vn -0.9999 0.0127 0.0025
vn -1.0000 0.0067 0.0015
vn -1.0000 0.0062 0.0015
vn -0.9999 0.0140 0.0020
vn -1.0000 0.0070 0.0013
vn -1.0000 0.0067 0.0015
vn -0.9999 0.0127 0.0025
vn -1.0000 0.0054 0.0011
vn -1.0000 0.0053 0.0013
vn -1.0000 0.0067 0.0015
vn -1.0000 0.0070 0.0013
vn -1.0000 0.0036 0.0016
vn -1.0000 0.0046 0.0017
vn -1.0000 0.0054 0.0014
vn -1.0000 0.0042 0.0014
vn -1.0000 0.0092 0.0029
vn -0.9999 0.0103 0.0022
vn -1.0000 0.0054 0.0014
vn -1.0000 0.0046 0.0017
vn -0.9999 0.0116 0.0021
vn -1.0000 0.0062 0.0015
vn -1.0000 0.0054 0.0014
vn -0.9999 0.0103 0.0022
vn -1.0000 0.0049 0.0014
vn -1.0000 0.0042 0.0014
vn -1.0000 0.0054 0.0014
vn -1.0000 0.0062 0.0015
vn -1.0000 0.0018 0.0061
vn -1.0000 0.0025 0.0066
vn -1.0000 0.0039 0.0032
vn -1.0000 0.0029 0.0029
vn -1.0000 0.0060 0.0078
vn -1.0000 0.0082 0.0050
vn -1.0000 0.0039 0.0032
vn -1.0000 0.0025 0.0066
vn -1.0000 0.0092 0.0029
vn -1.0000 0.0046 0.0017
vn -1.0000 0.0039 0.0032
vn -1.0000 0.0082 0.0050
vn -1.0000 0.0036 0.0016
vn -1.0000 0.0029 0.0029
vn -1.0000 0.0039 0.0032
vn -1.0000 0.0046 0.0017
vn -0.9999 0.0028 0.0109
vn -0.9999 0.0025 0.0117
vn -1.0000 0.0019 0.0097
vn -1.0000 0.0016 0.0092
vn -0.9999 0.0026 0.0120
vn -0.9999 0.0036 0.0109
vn -1.0000 0.0019 0.0097
vn -0.9999 0.0025 0.0117
vn -1.0000 0.0060 0.0078
vn -1.0000 0.0025 0.0066
vn -1.0000 0.0019 0.0097
vn -0.9999 0.0036 0.0109
vn -1.0000 0.0018 0.0061
vn -1.0000 0.0016 0.0092
vn -1.0000 0.0019 0.0097
vn -1.0000 0.0025 0.0066
vn 0.0000 0.2626 0.9649
vn -0.7719 -0.0638 0.6325
vn -0.8646 0.2651 0.4268
vn -0.0000 0.7586 0.6516
vn -0.9037 -0.2881 0.3168
vn -0.9668 -0.1629 0.1968
vn -0.8646 0.2651 0.4268
vn -0.7719 -0.0638 0.6325
vn -0.9929 -0.0607 0.1019
vn -0.9341 0.2501 0.2546
vn -0.8646 0.2651 0.4268
vn -0.9668 -0.1629 0.1968
vn -0.0000 0.7907 0.6122
vn -0.0000 0.7586 0.6516
vn -0.8646 0.2651 0.4268
vn -0.9341 0.2501 0.2546
vn -0.9037 -0.2881 0.3168
vn -0.8885 -0.3541 0.2918
vn -0.9587 -0.2178 0.1828
vn -0.9668 -0.1629 0.1968
vn -0.8708 -0.3730 0.3203
vn -0.9579 -0.2168 0.1884
vn -0.9587 -0.2178 0.1828
vn -0.8885 -0.3541 0.2918
vn -0.9903 -0.1029 0.0930
vn -0.9891 -0.1123 0.0957
vn -0.9587 -0.2178 0.1828
vn -0.9579 -0.2168 0.1884
vn -0.9929 -0.0607 0.1019
vn -0.9668 -0.1629 0.1968
vn -0.9587 -0.2178 0.1828
vn -0.9891 -0.1123 0.0957
vn -0.8708 -0.3730 0.3203
vn -0.8727 -0.3712 0.3170
vn -0.9656 -0.1934 0.1741
vn -0.9579 -0.2168 0.1884
vn -0.8734 -0.3777 0.3075
vn -0.9709 -0.1856 0.1516
vn -0.9656 -0.1934 0.1741
vn -0.8727 -0.3712 0.3170
vn -0.9948 -0.0766 0.0669
vn -0.9930 -0.0844 0.0826
vn -0.9656 -0.1934 0.1741
vn -0.9709 -0.1856 0.1516
vn -0.9903 -0.1029 0.0930
vn -0.9579 -0.2168 0.1884
vn -0.9656 -0.1934 0.1741
vn -0.9930 -0.0844 0.0826
vn -0.8734 -0.3777 0.3075
vn -0.8647 -0.4094 0.2910
vn -0.9694 -0.1992 0.1436
vn -0.9709 -0.1856 0.1516
vn -0.8417 -0.4624 0.2787
vn -0.9654 -0.2252 0.1314
vn -0.9694 -0.1992 0.1436
vn -0.8647 -0.4094 0.2910
vn -0.9958 -0.0780 0.0475
vn -0.9955 -0.0759 0.0562
vn -0.9694 -0.1992 0.1436
vn -0.9654 -0.2252 0.1314
vn -0.9948 -0.0766 0.0669
vn -0.9709 -0.1856 0.1516
vn -0.9694 -0.1992 0.1436
vn -0.9955 -0.0759 0.0562
vn -0.8417 -0.4624 0.2787
vn -0.8082 -0.5264 0.2639
vn -0.9572 -0.2583 0.1302
vn -0.9654 -0.2252 0.1314
vn -0.7744 -0.5822 0.2475
vn -0.9495 -0.2902 0.1198
vn -0.9572 -0.2583 0.1302
vn -0.8082 -0.5264 0.2639
vn -0.9955 -0.0869 0.0369
vn -0.9957 -0.0823 0.0413
vn -0.9572 -0.2583 0.1302
vn -0.9495 -0.2902 0.1198
vn -0.9958 -0.0780 0.0475
vn -0.9654 -0.2252 0.1314
vn -0.9572 -0.2583 0.1302
vn -0.9957 -0.0823 0.0413
vn -0.7744 -0.5822 0.2475
vn -0.7505 -0.6233 0.2198
vn -0.9435 -0.3123 0.1110
vn -0.9495 -0.2902 0.1198
vn -0.7255 -0.6550 0.2112
vn -0.9372 -0.3331 0.1036
vn -0.9435 -0.3123 0.1110
vn -0.7505 -0.6233 0.2198
vn -0.9952 -0.0936 0.0288
vn -0.9955 -0.0895 0.0317
vn -0.9435 -0.3123 0.1110
vn -0.9372 -0.3331 0.1036
vn -0.9955 -0.0869 0.0369
vn -0.9495 -0.2902 0.1198
vn -0.9435 -0.3123 0.1110
vn -0.9955 -0.0895 0.0317
vn -0.7255 -0.6550 0.2112
vn -0.6974 -0.6865 0.2059
vn -0.9293 -0.3547 0.1028
vn -0.9372 -0.3331 0.1036
vn -0.7037 -0.6896 0.1707
vn -0.9352 -0.3462 0.0740
vn -0.9293 -0.3547 0.1028
vn -0.6974 -0.6865 0.2059
vn -0.9965 -0.0840 -0.0040
vn -0.9945 -0.1015 0.0262
vn -0.9293 -0.3547 0.1028
vn -0.9352 -0.3462 0.0740
vn -0.9952 -0.0936 0.0288
vn -0.9372 -0.3331 0.1036
vn -0.9293 -0.3547 0.1028
vn -0.9945 -0.1015 0.0262
vn -0.7037 -0.6896 0.1707
vn -0.7042 -0.6326 -0.3224
vn -0.9061 -0.0458 -0.4206
vn -0.9352 -0.3462 0.0740
vn 0.0000 -0.2073 -0.9783
vn 0.0000 0.2342 -0.9722
vn -0.9061 -0.0458 -0.4206
vn -0.7042 -0.6326 -0.3224
vn 0.0000 0.1321 -0.9912
vn -0.9658 0.0107 -0.2590
vn -0.9061 -0.0458 -0.4206
vn 0.0000 0.2342 -0.9722
vn -0.9965 -0.0840 -0.0040
vn -0.9352 -0.3462 0.0740
vn -0.9061 -0.0458 -0.4206
vn -0.9658 0.0107 -0.2590
vn -0.9999 0.0015 0.0111
vn -0.9999 0.0019 0.0114
vn -0.9994 0.0036 0.0344
vn -0.9995 0.0022 0.0329
vn -0.9999 0.0028 0.0104
vn -0.9991 0.0060 0.0424
vn -0.9994 0.0036 0.0344
vn -0.9999 0.0019 0.0114
vn 0.0019 0.1284 0.9917
vn 0.0001 0.0997 0.9950
vn -0.9994 0.0036 0.0344
vn -0.9991 0.0060 0.0424
vn -0.0000 0.0758 0.9971
vn -0.9995 0.0022 0.0329
vn -0.9994 0.0036 0.0344
vn 0.0001 0.0997 0.9950
vn -1.0000 -0.0001 0.0050
vn -1.0000 -0.0021 0.0065
vn -1.0000 0.0003 0.0086
vn -1.0000 0.0014 0.0084
vn -1.0000 -0.0028 0.0057
vn -1.0000 0.0006 0.0070
vn -1.0000 0.0003 0.0086
vn -1.0000 -0.0021 0.0065
vn -0.9999 0.0028 0.0104
vn -0.9999 0.0019 0.0114
vn -1.0000 0.0003 0.0086
vn -1.0000 0.0006 0.0070
vn -0.9999 0.0015 0.0111
vn -1.0000 0.0014 0.0084
vn -1.0000 0.0003 0.0086
vn -0.9999 0.0019 0.0114
vn -1.0000 -0.0017 0.0019
vn -1.0000 -0.0041 0.0035
vn -1.0000 -0.0039 0.0041
vn -1.0000 -0.0016 0.0027
vn -1.0000 -0.0050 0.0042
vn -1.0000 -0.0048 0.0047
vn -1.0000 -0.0039 0.0041
vn -1.0000 -0.0041 0.0035
vn -1.0000 -0.0028 0.0057
vn -1.0000 -0.0021 0.0065
vn -1.0000 -0.0039 0.0041
vn -1.0000 -0.0048 0.0047
vn -1.0000 -0.0001 0.0050
vn -1.0000 -0.0016 0.0027
vn -1.0000 -0.0039 0.0041
vn -1.0000 -0.0021 0.0065
vn -1.0000 -0.0070 -0.0017
vn -1.0000 -0.0096 -0.0006
vn -1.0000 -0.0049 0.0024
vn -1.0000 -0.0026 0.0009
vn -0.9999 -0.0101 0.0005
vn -1.0000 -0.0060 0.0034
vn -1.0000 -0.0049 0.0024
vn -1.0000 -0.0096 -0.0006
vn -1.0000 -0.0050 0.0042
vn -1.0000 -0.0041 0.0035
vn -1.0000 -0.0049 0.0024
vn -1.0000 -0.0060 0.0034
vn -1.0000 -0.0017 0.0019
vn -1.0000 -0.0026 0.0009
vn -1.0000 -0.0049 0.0024
vn -1.0000 -0.0041 0.0035
vn -0.9998 -0.0198 -0.0058
vn -0.9997 -0.0222 -0.0057
vn -0.9999 -0.0156 -0.0036
vn -0.9999 -0.0135 -0.0042
vn -0.9997 -0.0217 -0.0053
vn -0.9999 -0.0161 -0.0028
vn -0.9999 -0.0156 -0.0036
vn -0.9997 -0.0222 -0.0057
vn -0.9999 -0.0101 0.0005
vn -1.0000 -0.0096 -0.0006
vn -0.9999 -0.0156 -0.0036
vn -0.9999 -0.0161 -0.0028
vn -1.0000 -0.0070 -0.0017
vn -0.9999 -0.0135 -0.0042
vn -0.9999 -0.0156 -0.0036
vn -1.0000 -0.0096 -0.0006
vn 0.0000 -0.9662 -0.2578
vn -0.0000 -0.9662 -0.2578
vn -0.9984 -0.0554 -0.0148
vn -0.9982 -0.0576 -0.0154
vn -0.0002 -0.9670 -0.2548
vn -0.9986 -0.0512 -0.0134
vn -0.9984 -0.0554 -0.0148
vn -0.0000 -0.9662 -0.2578
vn -0.9997 -0.0217 -0.0053
vn -0.9997 -0.0222 -0.0057
vn -0.9984 -0.0554 -0.0148
vn -0.9986 -0.0512 -0.0134
vn -0.9998 -0.0198 -0.0058
vn -0.9982 -0.0576 -0.0154
vn -0.9984 -0.0554 -0.0148
vn -0.9997 -0.0222 -0.0057
vn -0.9998 0.0057 0.0214
vn -0.9997 -0.0005 0.0224
vn -0.9828 0.1040 0.1527
vn -0.9762 0.1655 0.1402
vn -0.9996 -0.0169 0.0230
vn -0.9916 -0.0551 0.1171
vn -0.9828 0.1040 0.1527
vn -0.9997 -0.0005 0.0224
vn -0.0000 -0.3406 0.9402
vn 0.0000 0.3639 0.9314
vn -0.9828 0.1040 0.1527
vn -0.9916 -0.0551 0.1171
vn 0.0000 0.7586 0.6516
vn -0.9762 0.1655 0.1402
vn -0.9828 0.1040 0.1527
vn 0.0000 0.3639 0.9314
vn -0.9998 -0.0142 0.0131
vn -0.9999 -0.0101 0.0073
vn -0.9999 -0.0073 0.0079
vn -0.9998 -0.0121 0.0126
vn -0.9996 -0.0192 0.0193
vn -0.9995 -0.0221 0.0213
vn -0.9999 -0.0073 0.0079
vn -0.9999 -0.0101 0.0073
vn -0.9996 -0.0169 0.0230
vn -0.9997 -0.0005 0.0224
vn -0.9999 -0.0073 0.0079
vn -0.9995 -0.0221 0.0213
vn -0.9998 0.0057 0.0214
vn -0.9998 -0.0121 0.0126
vn -0.9999 -0.0073 0.0079
vn -0.9997 -0.0005 0.0224
vn -0.9998 -0.0131 0.0157
vn -0.9999 -0.0101 0.0130
vn -0.9999 -0.0107 0.0112
vn -0.9998 -0.0135 0.0157
vn -0.9999 -0.0056 0.0126
vn -0.9997 -0.0148 0.0182
vn -0.9999 -0.0107 0.0112
vn -0.9999 -0.0101 0.0130
vn -0.9996 -0.0192 0.0193
vn -0.9999 -0.0101 0.0073
vn -0.9999 -0.0107 0.0112
vn -0.9997 -0.0148 0.0182
vn -0.9998 -0.0142 0.0131
vn -0.9998 -0.0135 0.0157
vn -0.9999 -0.0107 0.0112
vn -0.9999 -0.0101 0.0073
vn -0.9999 -0.0118 0.0101
vn -0.9999 -0.0081 0.0082
vn -0.9999 -0.0083 0.0120
vn -0.9998 -0.0125 0.0141
vn -1.0000 -0.0023 0.0054
vn -1.0000 -0.0025 0.0088
vn -0.9999 -0.0083 0.0120
vn -0.9999 -0.0081 0.0082
vn -0.9999 -0.0056 0.0126
vn -0.9999 -0.0101 0.0130
vn -0.9999 -0.0083 0.0120
vn -1.0000 -0.0025 0.0088
vn -0.9998 -0.0131 0.0157
vn -0.9998 -0.0125 0.0141
vn -0.9999 -0.0083 0.0120
vn -0.9999 -0.0101 0.0130
vn -0.9999 -0.0127 0.0061
vn -0.9999 -0.0092 0.0046
vn -0.9999 -0.0086 0.0056
vn -0.9999 -0.0120 0.0072
vn -1.0000 -0.0033 0.0022
vn -1.0000 -0.0030 0.0029
vn -0.9999 -0.0086 0.0056
vn -0.9999 -0.0092 0.0046
vn -1.0000 -0.0023 0.0054
vn -0.9999 -0.0081 0.0082
vn -0.9999 -0.0086 0.0056
vn -1.0000 -0.0030 0.0029
vn -0.9999 -0.0118 0.0101
vn -0.9999 -0.0120 0.0072
vn -0.9999 -0.0086 0.0056
vn -0.9999 -0.0081 0.0082
vn -0.9999 -0.0154 0.0029
vn -0.9999 -0.0120 0.0010
vn -0.9999 -0.0098 0.0033
vn -0.9999 -0.0133 0.0048
vn -1.0000 -0.0076 -0.0010
vn -1.0000 -0.0041 0.0011
vn -0.9999 -0.0098 0.0033
vn -0.9999 -0.0120 0.0010
vn -1.0000 -0.0033 0.0022
vn -0.9999 -0.0092 0.0046
vn -0.9999 -0.0098 0.0033
vn -1.0000 -0.0041 0.0011
vn -0.9999 -0.0127 0.0061
vn -0.9999 -0.0133 0.0048
vn -0.9999 -0.0098 0.0033
vn -0.9999 -0.0092 0.0046
vn -0.9997 -0.0209 -0.0091
vn -0.9997 -0.0216 -0.0061
vn -0.9999 -0.0168 -0.0008
vn -0.9998 -0.0201 0.0010
vn -0.9998 -0.0182 -0.0051
vn -0.9999 -0.0125 -0.0027
vn -0.9999 -0.0168 -0.0008
vn -0.9997 -0.0216 -0.0061
vn -1.0000 -0.0076 -0.0010
vn -0.9999 -0.0120 0.0010
vn -0.9999 -0.0168 -0.0008
vn -0.9999 -0.0125 -0.0027
vn -0.9999 -0.0154 0.0029
vn -0.9998 -0.0201 0.0010
vn -0.9999 -0.0168 -0.0008
vn -0.9999 -0.0120 0.0010
vn 0.0000 -0.2244 -0.9745
vn 0.0000 -0.5263 -0.8503
vn -0.9957 -0.0544 -0.0751
vn -0.9916 -0.0303 -0.1260
vn -0.0000 -0.8559 -0.5172
vn -0.9979 -0.0593 -0.0264
vn -0.9957 -0.0544 -0.0751
vn 0.0000 -0.5263 -0.8503
vn -0.9998 -0.0182 -0.0051
vn -0.9997 -0.0216 -0.0061
vn -0.9957 -0.0544 -0.0751
vn -0.9979 -0.0593 -0.0264
vn -0.9997 -0.0209 -0.0091
vn -0.9916 -0.0303 -0.1260
vn -0.9957 -0.0544 -0.0751
vn -0.9997 -0.0216 -0.0061
vn -0.9999 0.0028 0.0104
vn -0.9999 0.0023 0.0105
vn -0.9979 0.0051 0.0649
vn -0.9991 0.0060 0.0424
vn -0.9999 -0.0017 0.0116
vn -0.9969 -0.0115 0.0774
vn -0.9979 0.0051 0.0649
vn -0.9999 0.0023 0.0105
vn 0.0076 -0.1970 0.9804
vn 0.0053 0.0100 0.9999
vn -0.9979 0.0051 0.0649
vn -0.9969 -0.0115 0.0774
vn 0.0019 0.1284 0.9917
vn -0.9991 0.0060 0.0424
vn -0.9979 0.0051 0.0649
vn 0.0053 0.0100 0.9999
vn -0.0000 0.0758 0.9971
vn -0.0000 0.0131 0.9999
vn -0.9996 -0.0008 0.0287
vn -0.9995 0.0022 0.0329
vn -0.0000 -0.1475 0.9891
vn -0.9993 -0.0086 0.0353
vn -0.9996 -0.0008 0.0287
vn -0.0000 0.0131 0.9999
vn -0.9999 -0.0056 0.0126
vn -0.9999 -0.0001 0.0110
vn -0.9996 -0.0008 0.0287
vn -0.9993 -0.0086 0.0353
vn -0.9999 0.0015 0.0111
vn -0.9995 0.0022 0.0329
vn -0.9996 -0.0008 0.0287
vn -0.9999 -0.0001 0.0110
vn -1.0000 -0.0028 0.0057
vn -1.0000 -0.0040 0.0053
vn -1.0000 -0.0005 0.0049
vn -1.0000 0.0006 0.0070
vn -0.9999 -0.0076 0.0086
vn -0.9999 -0.0055 0.0114
vn -1.0000 -0.0005 0.0049
vn -1.0000 -0.0040 0.0053
vn -0.9999 -0.0017 0.0116
vn -0.9999 0.0023 0.0105
vn -1.0000 -0.0005 0.0049
vn -0.9999 -0.0055 0.0114
vn -0.9999 0.0028 0.0104
vn -1.0000 0.0006 0.0070
vn -1.0000 -0.0005 0.0049
vn -0.9999 0.0023 0.0105
vn -0.9999 0.0015 0.0111
vn -0.9999 -0.0001 0.0110
vn -1.0000 0.0013 0.0075
vn -1.0000 0.0014 0.0084
vn -0.9999 -0.0056 0.0126
vn -1.0000 -0.0025 0.0088
vn -1.0000 0.0013 0.0075
vn -0.9999 -0.0001 0.0110
vn -1.0000 -0.0023 0.0054
vn -1.0000 0.0011 0.0040
vn -1.0000 0.0013 0.0075
vn -1.0000 -0.0025 0.0088
vn -1.0000 -0.0001 0.0050
vn -1.0000 0.0014 0.0084
vn -1.0000 0.0013 0.0075
vn -1.0000 0.0011 0.0040
vn -1.0000 -0.0050 0.0042
vn -1.0000 -0.0056 0.0046
vn -1.0000 -0.0052 0.0049
vn -1.0000 -0.0048 0.0047
vn -0.9999 -0.0087 0.0066
vn -0.9999 -0.0083 0.0073
vn -1.0000 -0.0052 0.0049
vn -1.0000 -0.0056 0.0046
vn -0.9999 -0.0076 0.0086
vn -1.0000 -0.0040 0.0053
vn -1.0000 -0.0052 0.0049
vn -0.9999 -0.0083 0.0073
vn -1.0000 -0.0028 0.0057
vn -1.0000 -0.0048 0.0047
vn -1.0000 -0.0052 0.0049
vn -1.0000 -0.0040 0.0053
vn -1.0000 -0.0001 0.0050
vn -1.0000 0.0011 0.0040
vn -1.0000 -0.0000 0.0016
vn -1.0000 -0.0016 0.0027
vn -1.0000 -0.0023 0.0054
vn -1.0000 -0.0030 0.0029
vn -1.0000 -0.0000 0.0016
vn -1.0000 0.0011 0.0040
vn -1.0000 -0.0033 0.0022
vn -1.0000 -0.0003 0.0010
vn -1.0000 -0.0000 0.0016
vn -1.0000 -0.0030 0.0029
vn -1.0000 -0.0017 0.0019
vn -1.0000 -0.0016 0.0027
vn -1.0000 -0.0000 0.0016
vn -1.0000 -0.0003 0.0010
vn -0.9999 -0.0101 0.0005
vn -0.9999 -0.0107 0.0017
vn -1.0000 -0.0068 0.0039
vn -1.0000 -0.0060 0.0034
vn -0.9999 -0.0127 0.0039
vn -0.9999 -0.0104 0.0058
vn -1.0000 -0.0068 0.0039
vn -0.9999 -0.0107 0.0017
vn -0.9999 -0.0087 0.0066
vn -1.0000 -0.0056 0.0046
vn -1.0000 -0.0068 0.0039
vn -0.9999 -0.0104 0.0058
vn -1.0000 -0.0050 0.0042
vn -1.0000 -0.0060 0.0034
vn -1.0000 -0.0068 0.0039
vn -1.0000 -0.0056 0.0046
vn -1.0000 -0.0017 0.0019
vn -1.0000 -0.0003 0.0010
vn -1.0000 -0.0010 0.0001
vn -1.0000 -0.0026 0.0009
vn -1.0000 -0.0033 0.0022
vn -1.0000 -0.0041 0.0011
vn -1.0000 -0.0010 0.0001
vn -1.0000 -0.0003 0.0010
vn -1.0000 -0.0076 -0.0010
vn -1.0000 -0.0050 -0.0022
vn -1.0000 -0.0010 0.0001
vn -1.0000 -0.0041 0.0011
vn -1.0000 -0.0070 -0.0017
vn -1.0000 -0.0026 0.0009
vn -1.0000 -0.0010 0.0001
vn -1.0000 -0.0050 -0.0022
vn -0.9997 -0.0217 -0.0053
vn -0.9998 -0.0197 -0.0039
vn -0.9999 -0.0148 -0.0014
vn -0.9999 -0.0161 -0.0028
vn -0.9998 -0.0183 -0.0026
vn -0.9999 -0.0165 0.0001
vn -0.9999 -0.0148 -0.0014
vn -0.9998 -0.0197 -0.0039
vn -0.9999 -0.0127 0.0039
vn -0.9999 -0.0107 0.0017
vn -0.9999 -0.0148 -0.0014
vn -0.9999 -0.0165 0.0001
vn -0.9999 -0.0101 0.0005
vn -0.9999 -0.0161 -0.0028
vn -0.9999 -0.0148 -0.0014
vn -0.9999 -0.0107 0.0017
vn -1.0000 -0.0070 -0.0017
vn -1.0000 -0.0050 -0.0022
vn -0.9999 -0.0112 -0.0039
vn -0.9999 -0.0135 -0.0042
vn -1.0000 -0.0076 -0.0010
vn -0.9999 -0.0125 -0.0027
vn -0.9999 -0.0112 -0.0039
vn -1.0000 -0.0050 -0.0022
vn -0.9998 -0.0182 -0.0051
vn -0.9998 -0.0177 -0.0053
vn -0.9999 -0.0112 -0.0039
vn -0.9999 -0.0125 -0.0027
vn -0.9998 -0.0198 -0.0058
vn -0.9999 -0.0135 -0.0042
vn -0.9999 -0.0112 -0.0039
vn -0.9998 -0.0177 -0.0053
vn -0.0002 -0.9670 -0.2548
vn -0.0006 -0.9714 -0.2373
vn -0.9988 -0.0476 -0.0110
vn -0.9986 -0.0512 -0.0134
vn -0.0026 -0.9912 -0.1324
vn -0.9988 -0.0485 -0.0044
vn -0.9988 -0.0476 -0.0110
vn -0.0006 -0.9714 -0.2373
vn -0.9998 -0.0183 -0.0026
vn -0.9998 -0.0197 -0.0039
vn -0.9988 -0.0476 -0.0110
vn -0.9988 -0.0485 -0.0044
vn -0.9997 -0.0217 -0.0053
vn -0.9986 -0.0512 -0.0134
vn -0.9988 -0.0476 -0.0110
vn -0.9998 -0.0197 -0.0039
vn -0.9998 -0.0198 -0.0058
vn -0.9998 -0.0177 -0.0053
vn -0.9984 -0.0543 -0.0159
vn -0.9982 -0.0576 -0.0154
vn -0.9998 -0.0182 -0.0051
vn -0.9979 -0.0593 -0.0264
vn -0.9984 -0.0543 -0.0159
vn -0.9998 -0.0177 -0.0053
vn -0.0000 -0.8559 -0.5172
vn 0.0000 -0.9505 -0.3106
vn -0.9984 -0.0543 -0.0159
vn -0.9979 -0.0593 -0.0264
vn 0.0000 -0.9662 -0.2578
vn -0.9982 -0.0576 -0.0154
vn -0.9984 -0.0543 -0.0159
vn 0.0000 -0.9505 -0.3106
vn -0.9986 0.0488 0.0192
vn -0.9994 0.0320 0.0159
vn -0.9995 0.0287 0.0158
vn -0.9988 0.0432 0.0219
vn -0.9992 0.0334 0.0206
vn -0.9994 0.0290 0.0182
vn -0.9995 0.0287 0.0158
vn -0.9994 0.0320 0.0159
vn -0.9995 0.0261 0.0183
vn -0.9995 0.0256 0.0176
vn -0.9995 0.0287 0.0158
vn -0.9994 0.0290 0.0182
vn -0.9988 0.0392 0.0277
vn -0.9988 0.0432 0.0219
vn -0.9995 0.0287 0.0158
vn -0.9995 0.0256 0.0176
vn -0.0000 -0.0041 1.0000
vn -0.0000 0.1213 0.9926
vn -0.9676 0.0469 0.2480
vn -0.9415 0.0352 0.3351
vn 0.0000 0.5450 0.8385
vn -0.9897 0.0830 0.1165
vn -0.9676 0.0469 0.2480
vn -0.0000 0.1213 0.9926
vn -0.9969 0.0630 0.0462
vn -0.9948 0.0793 0.0642
vn -0.9676 0.0469 0.2480
vn -0.9897 0.0830 0.1165
vn -0.9911 0.0995 0.0885
vn -0.9415 0.0352 0.3351
vn -0.9676 0.0469 0.2480
vn -0.9948 0.0793 0.0642
vn -0.9991 0.0270 -0.0321
vn -0.9994 0.0207 -0.0274
vn -0.9784 0.0447 -0.2017
vn -0.9718 0.0485 -0.2306
vn -0.9996 0.0168 -0.0248
vn -0.9831 0.0585 -0.1735
vn -0.9784 0.0447 -0.2017
vn -0.9994 0.0207 -0.0274
vn 0.0000 0.3100 -0.9507
vn 0.0000 0.1938 -0.9810
vn -0.9784 0.0447 -0.2017
vn -0.9831 0.0585 -0.1735
vn 0.0000 0.1761 -0.9844
vn -0.9718 0.0485 -0.2306
vn -0.9784 0.0447 -0.2017
vn 0.0000 0.1938 -0.9810
vn -0.9996 0.0279 0.0054
vn -0.9998 0.0172 0.0035
vn -0.9998 0.0176 -0.0011
vn -0.9996 0.0282 0.0000
vn -0.9999 0.0111 0.0023
vn -0.9999 0.0123 -0.0014
vn -0.9998 0.0176 -0.0011
vn -0.9998 0.0172 0.0035
vn -0.9996 0.0168 -0.0248
vn -0.9994 0.0207 -0.0274
vn -0.9998 0.0176 -0.0011
vn -0.9999 0.0123 -0.0014
vn -0.9991 0.0270 -0.0321
vn -0.9996 0.0282 0.0000
vn -0.9998 0.0176 -0.0011
vn -0.9994 0.0207 -0.0274
vn -0.9996 0.0273 0.0093
vn -0.9998 0.0166 0.0057
vn -0.9998 0.0170 0.0044
vn -0.9996 0.0278 0.0071
vn -0.9999 0.0103 0.0035
vn -0.9999 0.0108 0.0028
vn -0.9998 0.0170 0.0044
vn -0.9998 0.0166 0.0057
vn -0.9999 0.0111 0.0023
vn -0.9998 0.0172 0.0035
vn -0.9998 0.0170 0.0044
vn -0.9999 0.0108 0.0028
vn -0.9996 0.0279 0.0054
vn -0.9996 0.0278 0.0071
vn -0.9998 0.0170 0.0044
vn -0.9998 0.0172 0.0035
vn -0.9996 0.0266 0.0126
vn -0.9998 0.0157 0.0075
vn -0.9998 0.0161 0.0069
vn -0.9996 0.0269 0.0115
vn -1.0000 0.0090 0.0043
vn -0.9999 0.0096 0.0041
vn -0.9998 0.0161 0.0069
vn -0.9998 0.0157 0.0075
vn -0.9999 0.0103 0.0035
vn -0.9998 0.0166 0.0057
vn -0.9998 0.0161 0.0069
vn -0.9999 0.0096 0.0041
vn -0.9996 0.0273 0.0093
vn -0.9996 0.0269 0.0115
vn -0.9998 0.0161 0.0069
vn -0.9998 0.0166 0.0057
vn -0.9995 0.0256 0.0189
vn -0.9998 0.0149 0.0128
vn -0.9998 0.0152 0.0092
vn -0.9996 0.0261 0.0147
vn -0.9999 0.0076 0.0090
vn -1.0000 0.0082 0.0057
vn -0.9998 0.0152 0.0092
vn -0.9998 0.0149 0.0128
vn -1.0000 0.0090 0.0043
vn -0.9998 0.0157 0.0075
vn -0.9998 0.0152 0.0092
vn -1.0000 0.0082 0.0057
vn -0.9996 0.0266 0.0126
vn -0.9996 0.0261 0.0147
vn -0.9998 0.0152 0.0092
vn -0.9998 0.0157 0.0075
vn -0.9994 0.0260 0.0245
vn -0.9997 0.0167 0.0180
vn -0.9998 0.0152 0.0162
vn -0.9994 0.0252 0.0221
vn -0.9998 0.0099 0.0144
vn -0.9999 0.0080 0.0122
vn -0.9998 0.0152 0.0162
vn -0.9997 0.0167 0.0180
vn -0.9999 0.0076 0.0090
vn -0.9998 0.0149 0.0128
vn -0.9998 0.0152 0.0162
vn -0.9999 0.0080 0.0122
vn -0.9995 0.0256 0.0189
vn -0.9994 0.0252 0.0221
vn -0.9998 0.0152 0.0162
vn -0.9998 0.0149 0.0128
vn -0.9988 0.0357 0.0345
vn -0.9994 0.0249 0.0255
vn -0.9995 0.0205 0.0224
vn -0.9991 0.0299 0.0292
vn -0.9994 0.0240 0.0251
vn -0.9996 0.0185 0.0229
vn -0.9995 0.0205 0.0224
vn -0.9994 0.0249 0.0255
vn -0.9998 0.0099 0.0144
vn -0.9997 0.0167 0.0180
vn -0.9995 0.0205 0.0224
vn -0.9996 0.0185 0.0229
vn -0.9994 0.0260 0.0245
vn -0.9991 0.0299 0.0292
vn -0.9995 0.0205 0.0224
vn -0.9997 0.0167 0.0180
vn -0.9988 0.0392 0.0277
vn -0.9995 0.0256 0.0176
vn -0.9994 0.0254 0.0219
vn -0.9987 0.0375 0.0337
vn -0.9995 0.0261 0.0183
vn -0.9994 0.0258 0.0212
vn -0.9994 0.0254 0.0219
vn -0.9995 0.0256 0.0176
vn -0.9994 0.0240 0.0251
vn -0.9994 0.0249 0.0255
vn -0.9994 0.0254 0.0219
vn -0.9994 0.0258 0.0212
vn -0.9988 0.0357 0.0345
vn -0.9987 0.0375 0.0337
vn -0.9994 0.0254 0.0219
vn -0.9994 0.0249 0.0255
vn 0.0000 0.2454 0.9694
vn 0.0000 0.3270 0.9450
vn -0.9989 0.0147 0.0440
vn -0.9995 0.0073 0.0296
vn 0.0000 0.5207 0.8537
vn -0.9981 0.0311 0.0535
vn -0.9989 0.0147 0.0440
vn 0.0000 0.3270 0.9450
vn -0.9999 0.0063 0.0112
vn -0.9999 0.0042 0.0120
vn -0.9989 0.0147 0.0440
vn -0.9981 0.0311 0.0535
vn -0.9999 0.0026 0.0120
vn -0.9995 0.0073 0.0296
vn -0.9989 0.0147 0.0440
vn -0.9999 0.0042 0.0120
vn -0.9999 0.0028 0.0109
vn -0.9999 0.0046 0.0114
vn -0.9998 0.0067 0.0163
vn -0.9998 0.0055 0.0183
vn -0.9998 0.0099 0.0144
vn -0.9997 0.0124 0.0217
vn -0.9998 0.0067 0.0163
vn -0.9999 0.0046 0.0114
vn 0.0000 0.4612 0.8873
vn -0.0000 0.3489 0.9372
vn -0.9998 0.0067 0.0163
vn -0.9997 0.0124 0.0217
vn -0.0000 0.2847 0.9586
vn -0.9998 0.0055 0.0183
vn -0.9998 0.0067 0.0163
vn -0.0000 0.3489 0.9372
vn -0.9993 0.0320 -0.0184
vn -0.9991 0.0406 -0.0129
vn -0.9914 0.1093 -0.0714
vn -0.9820 0.1434 -0.1227
vn -0.9992 0.0379 -0.0085
vn -0.9973 0.0702 -0.0234
vn -0.9914 0.1093 -0.0714
vn -0.9991 0.0406 -0.0129
vn -0.0000 0.9280 -0.3727
vn -0.0000 0.8026 -0.5965
vn -0.9914 0.1093 -0.0714
vn -0.9973 0.0702 -0.0234
vn -0.0000 0.7390 -0.6737
vn -0.9820 0.1434 -0.1227
vn -0.9914 0.1093 -0.0714
vn -0.0000 0.8026 -0.5965
vn -0.0000 0.5595 -0.8288
vn 0.0000 0.4334 -0.9012
vn -0.9843 0.0793 -0.1575
vn -0.9834 0.1050 -0.1479
vn 0.0000 0.3100 -0.9507
vn -0.9831 0.0585 -0.1735
vn -0.9843 0.0793 -0.1575
vn 0.0000 0.4334 -0.9012
vn -0.9996 0.0168 -0.0248
vn -0.9996 0.0172 -0.0220
vn -0.9843 0.0793 -0.1575
vn -0.9831 0.0585 -0.1735
vn -0.9996 0.0190 -0.0212
vn -0.9834 0.1050 -0.1479
vn -0.9843 0.0793 -0.1575
vn -0.9996 0.0172 -0.0220
vn -0.9999 0.0140 0.0020
vn -0.9998 0.0217 0.0025
vn -0.9997 0.0262 -0.0008
vn -0.9999 0.0170 -0.0010
vn -0.9996 0.0270 0.0020
vn -0.9995 0.0316 -0.0016
vn -0.9997 0.0262 -0.0008
vn -0.9998 0.0217 0.0025
vn -0.9992 0.0379 -0.0085
vn -0.9991 0.0406 -0.0129
vn -0.9997 0.0262 -0.0008
vn -0.9995 0.0316 -0.0016
vn -0.9993 0.0320 -0.0184
vn -0.9999 0.0170 -0.0010
vn -0.9997 0.0262 -0.0008
vn -0.9991 0.0406 -0.0129
vn -0.9996 0.0190 -0.0212
vn -0.9996 0.0172 -0.0220
vn -1.0000 0.0086 -0.0018
vn -1.0000 0.0071 -0.0019
vn -0.9996 0.0168 -0.0248
vn -0.9999 0.0123 -0.0014
vn -1.0000 0.0086 -0.0018
vn -0.9996 0.0172 -0.0220
vn -0.9999 0.0111 0.0023
vn -1.0000 0.0072 0.0015
vn -1.0000 0.0086 -0.0018
vn -0.9999 0.0123 -0.0014
vn -1.0000 0.0054 0.0011
vn -1.0000 0.0071 -0.0019
vn -1.0000 0.0086 -0.0018
vn -1.0000 0.0072 0.0015
vn -0.9999 0.0116 0.0021
vn -0.9998 0.0176 0.0026
vn -0.9998 0.0194 0.0030
vn -0.9999 0.0127 0.0025
vn -0.9997 0.0232 0.0031
vn -0.9997 0.0246 0.0030
vn -0.9998 0.0194 0.0030
vn -0.9998 0.0176 0.0026
vn -0.9996 0.0270 0.0020
vn -0.9998 0.0217 0.0025
vn -0.9998 0.0194 0.0030
vn -0.9997 0.0246 0.0030
vn -0.9999 0.0140 0.0020
vn -0.9999 0.0127 0.0025
vn -0.9998 0.0194 0.0030
vn -0.9998 0.0217 0.0025
vn -1.0000 0.0054 0.0011
vn -1.0000 0.0072 0.0015
vn -1.0000 0.0070 0.0018
vn -1.0000 0.0053 0.0013
vn -0.9999 0.0111 0.0023
vn -0.9999 0.0108 0.0028
vn -1.0000 0.0070 0.0018
vn -1.0000 0.0072 0.0015
vn -0.9999 0.0103 0.0035
vn -1.0000 0.0066 0.0021
vn -1.0000 0.0070 0.0018
vn -0.9999 0.0108 0.0028
vn -1.0000 0.0049 0.0014
vn -1.0000 0.0053 0.0013
vn -1.0000 0.0070 0.0018
vn -1.0000 0.0066 0.0021
vn -1.0000 0.0092 0.0029
vn -0.9999 0.0145 0.0042
vn -0.9999 0.0161 0.0027
vn -0.9999 0.0103 0.0022
vn -0.9998 0.0207 0.0056
vn -0.9997 0.0223 0.0033
vn -0.9999 0.0161 0.0027
vn -0.9999 0.0145 0.0042
vn -0.9997 0.0232 0.0031
vn -0.9998 0.0176 0.0026
vn -0.9999 0.0161 0.0027
vn -0.9997 0.0223 0.0033
vn -0.9999 0.0116 0.0021
vn -0.9999 0.0103 0.0022
vn -0.9999 0.0161 0.0027
vn -0.9998 0.0176 0.0026
vn -1.0000 0.0049 0.0014
vn -1.0000 0.0066 0.0021
vn -1.0000 0.0058 0.0023
vn -1.0000 0.0042 0.0014
vn -0.9999 0.0103 0.0035
vn -0.9999 0.0096 0.0041
vn -1.0000 0.0058 0.0023
vn -1.0000 0.0066 0.0021
vn -1.0000 0.0090 0.0043
vn -1.0000 0.0051 0.0023
vn -1.0000 0.0058 0.0023
vn -0.9999 0.0096 0.0041
vn -1.0000 0.0036 0.0016
vn -1.0000 0.0042 0.0014
vn -1.0000 0.0058 0.0023
vn -1.0000 0.0051 0.0023
vn -1.0000 0.0060 0.0078
vn -0.9999 0.0104 0.0095
vn -0.9999 0.0131 0.0065
vn -1.0000 0.0082 0.0050
vn -0.9998 0.0150 0.0106
vn -0.9998 0.0187 0.0084
vn -0.9999 0.0131 0.0065
vn -0.9999 0.0104 0.0095
vn -0.9998 0.0207 0.0056
vn -0.9999 0.0145 0.0042
vn -0.9999 0.0131 0.0065
vn -0.9998 0.0187 0.0084
vn -1.0000 0.0092 0.0029
vn -1.0000 0.0082 0.0050
vn -0.9999 0.0131 0.0065
vn -0.9999 0.0145 0.0042
vn -1.0000 0.0036 0.0016
vn -1.0000 0.0051 0.0023
vn -1.0000 0.0044 0.0037
vn -1.0000 0.0029 0.0029
vn -1.0000 0.0090 0.0043
vn -1.0000 0.0082 0.0057
vn -1.0000 0.0044 0.0037
vn -1.0000 0.0051 0.0023
vn -0.9999 0.0076 0.0090
vn -1.0000 0.0032 0.0068
vn -1.0000 0.0044 0.0037
vn -1.0000 0.0082 0.0057
vn -1.0000 0.0018 0.0061
vn -1.0000 0.0029 0.0029
vn -1.0000 0.0044 0.0037
vn -1.0000 0.0032 0.0068
vn -0.9999 0.0026 0.0120
vn -0.9999 0.0042 0.0120
vn -0.9999 0.0062 0.0106
vn -0.9999 0.0036 0.0109
vn -0.9999 0.0063 0.0112
vn -0.9999 0.0101 0.0121
vn -0.9999 0.0062 0.0106
vn -0.9999 0.0042 0.0120
vn -0.9998 0.0150 0.0106
vn -0.9999 0.0104 0.0095
vn -0.9999 0.0062 0.0106
vn -0.9999 0.0101 0.0121
vn -1.0000 0.0060 0.0078
vn -0.9999 0.0036 0.0109
vn -0.9999 0.0062 0.0106
vn -0.9999 0.0104 0.0095
vn -1.0000 0.0018 0.0061
vn -1.0000 0.0032 0.0068
vn -0.9999 0.0035 0.0099
vn -1.0000 0.0016 0.0092
vn -0.9999 0.0076 0.0090
vn -0.9999 0.0080 0.0122
vn -0.9999 0.0035 0.0099
vn -1.0000 0.0032 0.0068
vn -0.9998 0.0099 0.0144
vn -0.9999 0.0046 0.0114
vn -0.9999 0.0035 0.0099
vn -0.9999 0.0080 0.0122
vn -0.9999 0.0028 0.0109
vn -1.0000 0.0016 0.0092
vn -0.9999 0.0035 0.0099
vn -0.9999 0.0046 0.0114
vn -0.0000 -0.9942 0.1080
vn -0.0000 -0.9923 0.1237
vn -0.4063 -0.9075 0.1067
vn -0.4198 -0.9021 0.0998
vn -0.0000 -0.9927 0.1203
vn -0.3774 -0.9193 0.1115
vn -0.4063 -0.9075 0.1067
vn -0.0000 -0.9923 0.1237
vn -0.9605 -0.2743 0.0475
vn -0.9623 -0.2706 0.0277
vn -0.4063 -0.9075 0.1067
vn -0.3774 -0.9193 0.1115
vn -0.9585 -0.2823 0.0398
vn -0.4198 -0.9021 0.0998
vn -0.4063 -0.9075 0.1067
vn -0.9623 -0.2706 0.0277
vn -0.9989 0.0365 0.0280
vn -0.9988 0.0360 0.0324
vn -0.9978 0.0546 0.0388
vn -0.9953 0.0795 0.0558
vn -0.9986 0.0457 0.0273
vn -0.9990 0.0364 0.0265
vn -0.9978 0.0546 0.0388
vn -0.9988 0.0360 0.0324
vn 0.0000 0.8150 0.5795
vn -0.0000 0.8473 0.5311
vn -0.9978 0.0546 0.0388
vn -0.9990 0.0364 0.0265
vn -0.0000 0.8302 0.5575
vn -0.9953 0.0795 0.0558
vn -0.9978 0.0546 0.0388
vn -0.0000 0.8473 0.5311
vn -0.9978 0.0640 0.0197
vn -0.9968 0.0768 0.0227
vn -0.9985 0.0481 0.0266
vn -0.9990 0.0384 0.0230
vn -0.9950 0.0970 0.0216
vn -0.9977 0.0626 0.0266
vn -0.9985 0.0481 0.0266
vn -0.9968 0.0768 0.0227
vn -0.9986 0.0457 0.0273
vn -0.9988 0.0360 0.0324
vn -0.9985 0.0481 0.0266
vn -0.9977 0.0626 0.0266
vn -0.9989 0.0365 0.0280
vn -0.9990 0.0384 0.0230
vn -0.9985 0.0481 0.0266
vn -0.9988 0.0360 0.0324
vn -0.9585 -0.2823 0.0398
vn -0.9623 -0.2706 0.0277
vn -0.9207 0.3901 -0.0062
vn -0.9400 0.3410 -0.0108
vn -0.9605 -0.2743 0.0475
vn -0.8845 0.4662 -0.0154
vn -0.9207 0.3901 -0.0062
vn -0.9623 -0.2706 0.0277
vn -0.9018 0.4320 0.0129
vn -0.9325 0.3605 0.0233
vn -0.9207 0.3901 -0.0062
vn -0.8845 0.4662 -0.0154
vn -0.9501 0.3116 0.0164
vn -0.9400 0.3410 -0.0108
vn -0.9207 0.3901 -0.0062
vn -0.9325 0.3605 0.0233
vn -0.0000 -0.9927 0.1203
vn 0.0000 -0.9906 0.1369
vn -0.3524 -0.9267 0.1308
vn -0.3774 -0.9193 0.1115
vn 0.0000 -0.9677 0.2520
vn -0.4445 -0.8513 0.2787
vn -0.3524 -0.9267 0.1308
vn 0.0000 -0.9906 0.1369
vn -0.9174 -0.3556 0.1790
vn -0.9593 -0.2675 0.0910
vn -0.3524 -0.9267 0.1308
vn -0.4445 -0.8513 0.2787
vn -0.9605 -0.2743 0.0475
vn -0.3774 -0.9193 0.1115
vn -0.3524 -0.9267 0.1308
vn -0.9593 -0.2675 0.0910
vn -0.9585 -0.2823 0.0398
vn -0.9481 -0.2979 0.1111
vn -0.4139 -0.8929 0.1773
vn -0.4198 -0.9021 0.0998
vn -0.9370 0.2157 0.2746
vn -0.6313 -0.3443 0.6949
vn -0.4139 -0.8929 0.1773
vn -0.9481 -0.2979 0.1111
vn -0.0000 -0.6890 0.7248
vn -0.0000 -0.9899 0.1418
vn -0.4139 -0.8929 0.1773
vn -0.6313 -0.3443 0.6949
vn -0.0000 -0.9942 0.1080
vn -0.4198 -0.9021 0.0998
vn -0.4139 -0.8929 0.1773
vn -0.0000 -0.9899 0.1418
vn -0.9986 0.0457 0.0273
vn -0.9978 0.0603 0.0291
vn -0.9973 0.0580 0.0460
vn -0.9990 0.0364 0.0265
vn -0.9969 0.0630 0.0462
vn -0.9897 0.0830 0.1165
vn -0.9973 0.0580 0.0460
vn -0.9978 0.0603 0.0291
vn 0.0000 0.5450 0.8385
vn 0.0000 0.7047 0.7095
vn -0.9973 0.0580 0.0460
vn -0.9897 0.0830 0.1165
vn 0.0000 0.8150 0.5795
vn -0.9990 0.0364 0.0265
vn -0.9973 0.0580 0.0460
vn 0.0000 0.7047 0.7095
vn -0.0000 0.8302 0.5575
vn -0.0000 0.8309 0.5564
vn -0.9944 0.0872 0.0592
vn -0.9953 0.0795 0.0558
vn -0.0000 0.8134 0.5817
vn -0.9950 0.0813 0.0578
vn -0.9944 0.0872 0.0592
vn -0.0000 0.8309 0.5564
vn -0.9992 0.0334 0.0206
vn -0.9991 0.0359 0.0242
vn -0.9944 0.0872 0.0592
vn -0.9950 0.0813 0.0578
vn -0.9989 0.0365 0.0280
vn -0.9953 0.0795 0.0558
vn -0.9944 0.0872 0.0592
vn -0.9991 0.0359 0.0242
vn -0.9950 0.0970 0.0216
vn -0.9925 0.1177 0.0324
vn -0.9967 0.0755 0.0291
vn -0.9977 0.0626 0.0266
vn -0.9911 0.0995 0.0885
vn -0.9948 0.0793 0.0642
vn -0.9967 0.0755 0.0291
vn -0.9925 0.1177 0.0324
vn -0.9969 0.0630 0.0462
vn -0.9978 0.0603 0.0291
vn -0.9967 0.0755 0.0291
vn -0.9948 0.0793 0.0642
vn -0.9986 0.0457 0.0273
vn -0.9977 0.0626 0.0266
vn -0.9967 0.0755 0.0291
vn -0.9978 0.0603 0.0291
vn -0.9989 0.0365 0.0280
vn -0.9991 0.0359 0.0242
vn -0.9992 0.0356 0.0180
vn -0.9990 0.0384 0.0230
vn -0.9992 0.0334 0.0206
vn -0.9994 0.0320 0.0159
vn -0.9992 0.0356 0.0180
vn -0.9991 0.0359 0.0242
vn -0.9986 0.0488 0.0192
vn -0.9983 0.0545 0.0189
vn -0.9992 0.0356 0.0180
vn -0.9994 0.0320 0.0159
vn -0.9978 0.0640 0.0197
vn -0.9990 0.0384 0.0230
vn -0.9992 0.0356 0.0180
vn -0.9983 0.0545 0.0189
vn -0.9605 -0.2743 0.0475
vn -0.9593 -0.2675 0.0910
vn -0.8787 0.4740 0.0566
vn -0.8845 0.4662 -0.0154
vn -0.9174 -0.3556 0.1790
vn -0.9589 0.0511 0.2791
vn -0.8787 0.4740 0.0566
vn -0.9593 -0.2675 0.0910
vn -0.9396 0.2630 0.2189
vn -0.8684 0.4943 0.0392
vn -0.8787 0.4740 0.0566
vn -0.9589 0.0511 0.2791
vn -0.9018 0.4320 0.0129
vn -0.8845 0.4662 -0.0154
vn -0.8787 0.4740 0.0566
vn -0.8684 0.4943 0.0392
vn -0.9978 0.0640 0.0197
vn -0.9983 0.0545 0.0189
vn -0.9914 0.1285 0.0264
vn -0.9890 0.1458 0.0262
vn -0.9986 0.0488 0.0192
vn -0.9934 0.1086 0.0370
vn -0.9914 0.1285 0.0264
vn -0.9983 0.0545 0.0189
vn -0.9708 0.2307 0.0662
vn -0.9637 0.2643 0.0379
vn -0.9914 0.1285 0.0264
vn -0.9934 0.1086 0.0370
vn -0.9501 0.3116 0.0164
vn -0.9890 0.1458 0.0262
vn -0.9914 0.1285 0.0264
vn -0.9637 0.2643 0.0379
vn -0.9708 0.2307 0.0662
vn -0.9934 0.1086 0.0370
vn -0.9938 0.1002 0.0486
vn -0.9735 0.2064 0.0985
vn -0.9986 0.0488 0.0192
vn -0.9988 0.0432 0.0219
vn -0.9938 0.1002 0.0486
vn -0.9934 0.1086 0.0370
vn -0.9988 0.0392 0.0277
vn -0.9936 0.0917 0.0656
vn -0.9938 0.1002 0.0486
vn -0.9988 0.0432 0.0219
vn -0.9724 0.1902 0.1355
vn -0.9735 0.2064 0.0985
vn -0.9938 0.1002 0.0486
vn -0.9936 0.0917 0.0656
vn -0.0000 -0.6191 0.7853
vn -0.0000 -0.3385 0.9410
vn -0.8801 -0.0835 0.4674
vn -0.7853 -0.2950 0.5444
vn -0.0000 -0.0041 1.0000
vn -0.9415 0.0352 0.3351
vn -0.8801 -0.0835 0.4674
vn -0.0000 -0.3385 0.9410
vn -0.9911 0.0995 0.0885
vn -0.9655 0.2268 0.1277
vn -0.8801 -0.0835 0.4674
vn -0.9415 0.0352 0.3351
vn -0.9396 0.2630 0.2189
vn -0.7853 -0.2950 0.5444
vn -0.8801 -0.0835 0.4674
vn -0.9655 0.2268 0.1277
vn -0.9886 0.1470 -0.0338
vn -0.9974 0.0646 -0.0309
vn -0.9615 0.0801 -0.2629
vn -0.9379 0.1914 -0.2892
vn -0.9991 0.0270 -0.0321
vn -0.9718 0.0485 -0.2306
vn -0.9615 0.0801 -0.2629
vn -0.9974 0.0646 -0.0309
vn 0.0000 0.1761 -0.9844
vn 0.0000 0.1930 -0.9812
vn -0.9615 0.0801 -0.2629
vn -0.9718 0.0485 -0.2306
vn 0.0000 0.4403 -0.8978
vn -0.9379 0.1914 -0.2892
vn -0.9615 0.0801 -0.2629
vn 0.0000 0.1930 -0.9812
vn -0.9885 0.1487 0.0274
vn -0.9977 0.0666 0.0124
vn -0.9978 0.0659 0.0042
vn -0.9881 0.1534 0.0152
vn -0.9996 0.0279 0.0054
vn -0.9996 0.0282 0.0000
vn -0.9978 0.0659 0.0042
vn -0.9977 0.0666 0.0124
vn -0.9991 0.0270 -0.0321
vn -0.9974 0.0646 -0.0309
vn -0.9978 0.0659 0.0042
vn -0.9996 0.0282 0.0000
vn -0.9886 0.1470 -0.0338
vn -0.9881 0.1534 0.0152
vn -0.9978 0.0659 0.0042
vn -0.9974 0.0646 -0.0309
vn -0.9884 0.1438 0.0482
vn -0.9977 0.0649 0.0218
vn -0.9977 0.0661 0.0164
vn -0.9886 0.1464 0.0360
vn -0.9996 0.0273 0.0093
vn -0.9996 0.0278 0.0071
vn -0.9977 0.0661 0.0164
vn -0.9977 0.0649 0.0218
vn -0.9996 0.0279 0.0054
vn -0.9977 0.0666 0.0124
vn -0.9977 0.0661 0.0164
vn -0.9996 0.0278 0.0071
vn -0.9885 0.1487 0.0274
vn -0.9886 0.1464 0.0360
vn -0.9977 0.0661 0.0164
vn -0.9977 0.0666 0.0124
vn -0.9879 0.1405 0.0655
vn -0.9975 0.0636 0.0297
vn -0.9976 0.0642 0.0270
vn -0.9881 0.1420 0.0593
vn -0.9996 0.0266 0.0126
vn -0.9996 0.0269 0.0115
vn -0.9976 0.0642 0.0270
vn -0.9975 0.0636 0.0297
vn -0.9996 0.0273 0.0093
vn -0.9977 0.0649 0.0218
vn -0.9976 0.0642 0.0270
vn -0.9996 0.0269 0.0115
vn -0.9884 0.1438 0.0482
vn -0.9881 0.1420 0.0593
vn -0.9976 0.0642 0.0270
vn -0.9977 0.0649 0.0218
vn -0.9876 0.1329 0.0831
vn -0.9974 0.0606 0.0392
vn -0.9975 0.0623 0.0332
vn -0.9878 0.1379 0.0722
vn -0.9995 0.0256 0.0189
vn -0.9996 0.0261 0.0147
vn -0.9975 0.0623 0.0332
vn -0.9974 0.0606 0.0392
vn -0.9996 0.0266 0.0126
vn -0.9975 0.0636 0.0297
vn -0.9975 0.0623 0.0332
vn -0.9996 0.0261 0.0147
vn -0.9879 0.1405 0.0655
vn -0.9878 0.1379 0.0722
vn -0.9975 0.0623 0.0332
vn -0.9975 0.0636 0.0297
vn -0.9878 0.1231 0.0949
vn -0.9972 0.0573 0.0472
vn -0.9974 0.0576 0.0436
vn -0.9883 0.1243 0.0887
vn -0.9994 0.0260 0.0245
vn -0.9994 0.0252 0.0221
vn -0.9974 0.0576 0.0436
vn -0.9972 0.0573 0.0472
vn -0.9995 0.0256 0.0189
vn -0.9974 0.0606 0.0392
vn -0.9974 0.0576 0.0436
vn -0.9994 0.0252 0.0221
vn -0.9876 0.1329 0.0831
vn -0.9883 0.1243 0.0887
vn -0.9974 0.0576 0.0436
vn -0.9974 0.0606 0.0392
vn -0.9760 0.1636 0.1437
vn -0.9942 0.0786 0.0739
vn -0.9962 0.0658 0.0577
vn -0.9837 0.1380 0.1150
vn -0.9988 0.0357 0.0345
vn -0.9991 0.0299 0.0292
vn -0.9962 0.0658 0.0577
vn -0.9942 0.0786 0.0739
vn -0.9994 0.0260 0.0245
vn -0.9972 0.0573 0.0472
vn -0.9962 0.0658 0.0577
vn -0.9991 0.0299 0.0292
vn -0.9878 0.1231 0.0949
vn -0.9837 0.1380 0.1150
vn -0.9962 0.0658 0.0577
vn -0.9972 0.0573 0.0472
vn -0.9724 0.1902 0.1355
vn -0.9936 0.0917 0.0656
vn -0.9935 0.0853 0.0759
vn -0.9715 0.1775 0.1570
vn -0.9988 0.0392 0.0277
vn -0.9987 0.0375 0.0337
vn -0.9935 0.0853 0.0759
vn -0.9936 0.0917 0.0656
vn -0.9988 0.0357 0.0345
vn -0.9942 0.0786 0.0739
vn -0.9935 0.0853 0.0759
vn -0.9987 0.0375 0.0337
vn -0.9760 0.1636 0.1437
vn -0.9715 0.1775 0.1570
vn -0.9935 0.0853 0.0759
vn -0.9942 0.0786 0.0739
vn -0.9018 0.4320 0.0129
vn -0.9765 0.2137 0.0265
vn -0.9840 0.1766 0.0235
vn -0.9325 0.3605 0.0233
vn -0.9950 0.0970 0.0216
vn -0.9968 0.0768 0.0227
vn -0.9840 0.1766 0.0235
vn -0.9765 0.2137 0.0265
vn -0.9978 0.0640 0.0197
vn -0.9890 0.1458 0.0262
vn -0.9840 0.1766 0.0235
vn -0.9968 0.0768 0.0227
vn -0.9501 0.3116 0.0164
vn -0.9325 0.3605 0.0233
vn -0.9840 0.1766 0.0235
vn -0.9890 0.1458 0.0262
vn -0.9396 0.2630 0.2189
vn -0.9655 0.2268 0.1277
vn -0.9668 0.2525 0.0385
vn -0.8684 0.4943 0.0392
vn -0.9911 0.0995 0.0885
vn -0.9925 0.1177 0.0324
vn -0.9668 0.2525 0.0385
vn -0.9655 0.2268 0.1277
vn -0.9950 0.0970 0.0216
vn -0.9765 0.2137 0.0265
vn -0.9668 0.2525 0.0385
vn -0.9925 0.1177 0.0324
vn -0.9018 0.4320 0.0129
vn -0.8684 0.4943 0.0392
vn -0.9668 0.2525 0.0385
vn -0.9765 0.2137 0.0265
vn -0.9708 0.2307 0.0662
vn -0.9544 0.2881 0.0778
vn -0.9561 0.2913 0.0306
vn -0.9637 0.2643 0.0379
vn -0.9370 0.2157 0.2746
vn -0.9481 -0.2979 0.1111
vn -0.9561 0.2913 0.0306
vn -0.9544 0.2881 0.0778
vn -0.9585 -0.2823 0.0398
vn -0.9400 0.3410 -0.0108
vn -0.9561 0.2913 0.0306
vn -0.9481 -0.2979 0.1111
vn -0.9501 0.3116 0.0164
vn -0.9637 0.2643 0.0379
vn -0.9561 0.2913 0.0306
vn -0.9400 0.3410 -0.0108
vn -0.9929 -0.0607 0.1019
vn -0.9986 -0.0223 0.0471
vn -0.9616 0.2161 0.1694
vn -0.9341 0.2501 0.2546
vn -0.9998 0.0057 0.0214
vn -0.9762 0.1655 0.1402
vn -0.9616 0.2161 0.1694
vn -0.9986 -0.0223 0.0471
vn 0.0000 0.7586 0.6516
vn -0.0000 0.8143 0.5804
vn -0.9616 0.2161 0.1694
vn -0.9762 0.1655 0.1402
vn -0.0000 0.7907 0.6122
vn -0.9341 0.2501 0.2546
vn -0.9616 0.2161 0.1694
vn -0.0000 0.8143 0.5804
vn -0.9903 -0.1029 0.0930
vn -0.9982 -0.0425 0.0420
vn -0.9982 -0.0440 0.0398
vn -0.9891 -0.1123 0.0957
vn -0.9998 -0.0142 0.0131
vn -0.9998 -0.0121 0.0126
vn -0.9982 -0.0440 0.0398
vn -0.9982 -0.0425 0.0420
vn -0.9998 0.0057 0.0214
vn -0.9986 -0.0223 0.0471
vn -0.9982 -0.0440 0.0398
vn -0.9998 -0.0121 0.0126
vn -0.9929 -0.0607 0.1019
vn -0.9891 -0.1123 0.0957
vn -0.9982 -0.0440 0.0398
vn -0.9986 -0.0223 0.0471
vn -0.9948 -0.0766 0.0669
vn -0.9990 -0.0312 0.0310
vn -0.9987 -0.0354 0.0367
vn -0.9930 -0.0844 0.0826
vn -0.9998 -0.0131 0.0157
vn -0.9998 -0.0135 0.0157
vn -0.9987 -0.0354 0.0367
vn -0.9990 -0.0312 0.0310
vn -0.9998 -0.0142 0.0131
vn -0.9982 -0.0425 0.0420
vn -0.9987 -0.0354 0.0367
vn -0.9998 -0.0135 0.0157
vn -0.9903 -0.1029 0.0930
vn -0.9930 -0.0844 0.0826
vn -0.9987 -0.0354 0.0367
vn -0.9982 -0.0425 0.0420
vn -0.9958 -0.0780 0.0475
vn -0.9994 -0.0294 0.0197
vn -0.9992 -0.0302 0.0255
vn -0.9955 -0.0759 0.0562
vn -0.9999 -0.0118 0.0101
vn -0.9998 -0.0125 0.0141
vn -0.9992 -0.0302 0.0255
vn -0.9994 -0.0294 0.0197
vn -0.9998 -0.0131 0.0157
vn -0.9990 -0.0312 0.0310
vn -0.9992 -0.0302 0.0255
vn -0.9998 -0.0125 0.0141
vn -0.9948 -0.0766 0.0669
vn -0.9955 -0.0759 0.0562
vn -0.9992 -0.0302 0.0255
vn -0.9990 -0.0312 0.0310
vn -0.9955 -0.0869 0.0369
vn -0.9994 -0.0323 0.0142
vn -0.9994 -0.0305 0.0162
vn -0.9957 -0.0823 0.0413
vn -0.9999 -0.0127 0.0061
vn -0.9999 -0.0120 0.0072
vn -0.9994 -0.0305 0.0162
vn -0.9994 -0.0323 0.0142
vn -0.9999 -0.0118 0.0101
vn -0.9994 -0.0294 0.0197
vn -0.9994 -0.0305 0.0162
vn -0.9999 -0.0120 0.0072
vn -0.9958 -0.0780 0.0475
vn -0.9957 -0.0823 0.0413
vn -0.9994 -0.0305 0.0162
vn -0.9994 -0.0294 0.0197
vn -0.9952 -0.0936 0.0288
vn -0.9993 -0.0360 0.0100
vn -0.9994 -0.0334 0.0120
vn -0.9955 -0.0895 0.0317
vn -0.9999 -0.0154 0.0029
vn -0.9999 -0.0133 0.0048
vn -0.9994 -0.0334 0.0120
vn -0.9993 -0.0360 0.0100
vn -0.9999 -0.0127 0.0061
vn -0.9994 -0.0323 0.0142
vn -0.9994 -0.0334 0.0120
vn -0.9999 -0.0133 0.0048
vn -0.9955 -0.0869 0.0369
vn -0.9955 -0.0895 0.0317
vn -0.9994 -0.0334 0.0120
vn -0.9994 -0.0323 0.0142
vn -0.9965 -0.0840 -0.0040
vn -0.9992 -0.0404 -0.0054
vn -0.9991 -0.0416 0.0078
vn -0.9945 -0.1015 0.0262
vn -0.9997 -0.0209 -0.0091
vn -0.9998 -0.0201 0.0010
vn -0.9991 -0.0416 0.0078
vn -0.9992 -0.0404 -0.0054
vn -0.9999 -0.0154 0.0029
vn -0.9993 -0.0360 0.0100
vn -0.9991 -0.0416 0.0078
vn -0.9998 -0.0201 0.0010
vn -0.9952 -0.0936 0.0288
vn -0.9945 -0.1015 0.0262
vn -0.9991 -0.0416 0.0078
vn -0.9993 -0.0360 0.0100
vn 0.0000 0.1321 -0.9912
vn 0.0000 0.0297 -0.9996
vn -0.9821 0.0061 -0.1880
vn -0.9658 0.0107 -0.2590
vn 0.0000 -0.2244 -0.9745
vn -0.9916 -0.0303 -0.1260
vn -0.9821 0.0061 -0.1880
vn 0.0000 0.0297 -0.9996
vn -0.9997 -0.0209 -0.0091
vn -0.9992 -0.0404 -0.0054
vn -0.9821 0.0061 -0.1880
vn -0.9916 -0.0303 -0.1260
vn -0.9965 -0.0840 -0.0040
vn -0.9658 0.0107 -0.2590
vn -0.9821 0.0061 -0.1880
vn -0.9992 -0.0404 -0.0054
vn 0.0000 -0.8742 0.4855
vn -0.4981 -0.8162 0.2928
vn -0.5061 -0.6744 0.5377
vn 0.0000 0.3894 0.9211
vn -0.8583 -0.4493 0.2478
vn -0.6014 -0.6639 0.4445
vn -0.5061 -0.6744 0.5377
vn -0.4981 -0.8162 0.2928
vn -0.6277 -0.6760 0.3861
vn -0.6904 0.6447 0.3282
vn -0.5061 -0.6744 0.5377
vn -0.6014 -0.6639 0.4445
vn -0.0000 0.9959 -0.0900
vn 0.0000 0.3894 0.9211
vn -0.5061 -0.6744 0.5377
vn -0.6904 0.6447 0.3282
vn -0.8583 -0.4493 0.2478
vn -0.9086 -0.3671 0.1993
vn -0.6517 -0.6705 0.3545
vn -0.6014 -0.6639 0.4445
vn -0.9001 -0.3712 0.2280
vn -0.6415 -0.6591 0.3925
vn -0.6517 -0.6705 0.3545
vn -0.9086 -0.3671 0.1993
vn -0.5448 -0.7216 0.4272
vn -0.5384 -0.7471 0.3900
vn -0.6517 -0.6705 0.3545
vn -0.6415 -0.6591 0.3925
vn -0.6277 -0.6760 0.3861
vn -0.6014 -0.6639 0.4445
vn -0.6517 -0.6705 0.3545
vn -0.5384 -0.7471 0.3900
vn -0.9001 -0.3712 0.2280
vn -0.9058 -0.3600 0.2236
vn -0.6372 -0.6510 0.4124
vn -0.6415 -0.6591 0.3925
vn -0.8771 -0.4627 0.1288
vn -0.6427 -0.7193 0.2637
vn -0.6372 -0.6510 0.4124
vn -0.9058 -0.3600 0.2236
vn -0.5819 -0.7079 0.4003
vn -0.5474 -0.7042 0.4522
vn -0.6372 -0.6510 0.4124
vn -0.6427 -0.7193 0.2637
vn -0.5448 -0.7216 0.4272
vn -0.6415 -0.6591 0.3925
vn -0.6372 -0.6510 0.4124
vn -0.5474 -0.7042 0.4522
vn -0.8771 -0.4627 0.1288
vn -0.5670 -0.8230 0.0355
vn -0.4792 -0.8747 0.0729
vn -0.6427 -0.7193 0.2637
vn 0.0000 -0.9855 -0.1694
vn 0.0000 -0.9241 -0.3821
vn -0.4792 -0.8747 0.0729
vn -0.5670 -0.8230 0.0355
vn 0.0000 -0.9272 -0.3745
vn -0.4996 -0.8657 -0.0314
vn -0.4792 -0.8747 0.0729
vn 0.0000 -0.9241 -0.3821
vn -0.5819 -0.7079 0.4003
vn -0.6427 -0.7193 0.2637
vn -0.4792 -0.8747 0.0729
vn -0.4996 -0.8657 -0.0314
vn -0.9923 -0.0881 0.0868
vn -0.9977 -0.0476 0.0492
vn -0.9979 0.0160 0.0635
vn -0.9974 0.0432 0.0584
vn -0.9991 -0.0278 0.0332
vn -0.9986 0.0050 0.0534
vn -0.9979 0.0160 0.0635
vn -0.9977 -0.0476 0.0492
vn -0.0000 0.1696 0.9855
vn -0.0000 0.3698 0.9291
vn -0.9979 0.0160 0.0635
vn -0.9986 0.0050 0.0534
vn 0.0000 0.6143 0.7891
vn -0.9974 0.0432 0.0584
vn -0.9979 0.0160 0.0635
vn -0.0000 0.3698 0.9291
vn -0.9632 -0.2290 0.1407
vn -0.9928 -0.0999 0.0660
vn -0.9898 -0.1216 0.0738
vn -0.9485 -0.2758 0.1557
vn -0.9980 -0.0516 0.0364
vn -0.9973 -0.0611 0.0415
vn -0.9898 -0.1216 0.0738
vn -0.9928 -0.0999 0.0660
vn -0.9964 -0.0694 0.0477
vn -0.9861 -0.1427 0.0848
vn -0.9898 -0.1216 0.0738
vn -0.9973 -0.0611 0.0415
vn -0.9315 -0.3222 0.1686
vn -0.9485 -0.2758 0.1557
vn -0.9898 -0.1216 0.0738
vn -0.9861 -0.1427 0.0848
vn -0.9711 -0.2195 0.0940
vn -0.9922 -0.1155 0.0463
vn -0.9939 -0.0920 0.0602
vn -0.9693 -0.2059 0.1343
vn -0.9975 -0.0669 0.0214
vn -0.9983 -0.0486 0.0332
vn -0.9939 -0.0920 0.0602
vn -0.9922 -0.1155 0.0463
vn -0.9980 -0.0516 0.0364
vn -0.9928 -0.0999 0.0660
vn -0.9939 -0.0920 0.0602
vn -0.9983 -0.0486 0.0332
vn -0.9632 -0.2290 0.1407
vn -0.9693 -0.2059 0.1343
vn -0.9939 -0.0920 0.0602
vn -0.9928 -0.0999 0.0660
vn 0.0000 -0.9951 -0.0987
vn 0.0000 -0.9944 -0.1055
vn -0.9401 -0.3408 -0.0060
vn -0.8711 -0.4911 -0.0011
vn 0.0000 -0.9989 -0.0474
vn -0.9758 -0.2188 -0.0031
vn -0.9401 -0.3408 -0.0060
vn 0.0000 -0.9944 -0.1055
vn -0.9975 -0.0669 0.0214
vn -0.9922 -0.1155 0.0463
vn -0.9401 -0.3408 -0.0060
vn -0.9758 -0.2188 -0.0031
vn -0.9711 -0.2195 0.0940
vn -0.8711 -0.4911 -0.0011
vn -0.9401 -0.3408 -0.0060
vn -0.9922 -0.1155 0.0463
vn 0.0000 -0.6950 0.7190
vn -0.9993 -0.0248 0.0287
vn -0.9996 0.0016 0.0292
vn -0.0000 0.0848 0.9964
vn -0.9996 -0.0206 0.0203
vn -1.0000 0.0016 0.0085
vn -0.9996 0.0016 0.0292
vn -0.9993 -0.0248 0.0287
vn -0.9999 0.0109 0.0093
vn -0.9982 0.0341 0.0503
vn -0.9996 0.0016 0.0292
vn -1.0000 0.0016 0.0085
vn 0.0000 0.5341 0.8454
vn -0.0000 0.0848 0.9964
vn -0.9996 0.0016 0.0292
vn -0.9982 0.0341 0.0503
vn -0.9996 -0.0206 0.0203
vn -0.9997 -0.0164 0.0156
vn -1.0000 -0.0017 0.0021
vn -1.0000 0.0016 0.0085
vn -0.9997 -0.0235 0.0107
vn -0.9999 -0.0105 0.0006
vn -1.0000 -0.0017 0.0021
vn -0.9997 -0.0164 0.0156
vn -0.9999 -0.0115 -0.0027
vn -1.0000 0.0026 -0.0017
vn -1.0000 -0.0017 0.0021
vn -0.9999 -0.0105 0.0006
vn -0.9999 0.0109 0.0093
vn -1.0000 0.0016 0.0085
vn -1.0000 -0.0017 0.0021
vn -1.0000 0.0026 -0.0017
vn -0.9997 -0.0235 0.0107
vn -0.9985 -0.0549 0.0035
vn -0.9992 -0.0402 -0.0004
vn -0.9999 -0.0105 0.0006
vn 0.0000 -1.0000 0.0053
vn 0.0000 -0.9993 -0.0378
vn -0.9992 -0.0402 -0.0004
vn -0.9985 -0.0549 0.0035
vn 0.0000 -0.9995 -0.0327
vn -0.9988 -0.0485 -0.0021
vn -0.9992 -0.0402 -0.0004
vn 0.0000 -0.9993 -0.0378
vn -0.9999 -0.0115 -0.0027
vn -0.9999 -0.0105 0.0006
vn -0.9992 -0.0402 -0.0004
vn -0.9988 -0.0485 -0.0021
vn -0.0000 0.9959 -0.0900
vn -0.6904 0.6447 0.3282
vn -0.5438 0.8105 -0.2177
vn -0.0000 0.9482 -0.3178
vn -0.6277 -0.6760 0.3861
vn -0.9830 0.1524 0.1020
vn -0.5438 0.8105 -0.2177
vn -0.6904 0.6447 0.3282
vn -0.9905 0.1360 0.0229
vn -0.9124 0.4035 -0.0693
vn -0.5438 0.8105 -0.2177
vn -0.9830 0.1524 0.1020
vn -0.0000 0.9835 -0.1807
vn -0.0000 0.9482 -0.3178
vn -0.5438 0.8105 -0.2177
vn -0.9124 0.4035 -0.0693
vn -0.9315 -0.3222 0.1686
vn -0.9861 -0.1427 0.0848
vn -0.9894 -0.1222 0.0785
vn -0.9455 -0.2886 0.1508
vn -0.9964 -0.0694 0.0477
vn -0.9969 -0.0631 0.0463
vn -0.9894 -0.1222 0.0785
vn -0.9861 -0.1427 0.0848
vn -0.9991 -0.0278 0.0332
vn -0.9977 -0.0476 0.0492
vn -0.9894 -0.1222 0.0785
vn -0.9969 -0.0631 0.0463
vn -0.9923 -0.0881 0.0868
vn -0.9455 -0.2886 0.1508
vn -0.9894 -0.1222 0.0785
vn -0.9977 -0.0476 0.0492
vn -0.9987 -0.0410 0.0310
vn -0.9978 -0.0522 0.0399
vn -0.9977 -0.0546 0.0414
vn -0.9988 -0.0391 0.0297
vn -0.0000 -0.7968 0.6043
vn -0.0000 -0.7945 0.6073
vn -0.9977 -0.0546 0.0414
vn -0.9978 -0.0522 0.0399
vn 0.0000 -0.7167 0.6973
vn -0.9979 -0.0489 0.0420
vn -0.9977 -0.0546 0.0414
vn -0.0000 -0.7945 0.6073
vn -0.9991 -0.0333 0.0271
vn -0.9988 -0.0391 0.0297
vn -0.9977 -0.0546 0.0414
vn -0.9979 -0.0489 0.0420
vn -0.9999 0.0109 0.0093
vn -0.9998 0.0064 0.0165
vn -0.9983 0.0263 0.0516
vn -0.9982 0.0341 0.0503
vn -0.9998 -0.0010 0.0188
vn -0.9989 0.0026 0.0458
vn -0.9983 0.0263 0.0516
vn -0.9998 0.0064 0.0165
vn -0.0000 -0.0924 0.9957
vn -0.0000 0.3858 0.9226
vn -0.9983 0.0263 0.0516
vn -0.9989 0.0026 0.0458
vn 0.0000 0.5341 0.8454
vn -0.9982 0.0341 0.0503
vn -0.9983 0.0263 0.0516
vn -0.0000 0.3858 0.9226
vn -0.9999 -0.0115 -0.0027
vn -0.9998 -0.0180 0.0027
vn -1.0000 -0.0047 0.0058
vn -1.0000 0.0026 -0.0017
vn -0.9998 -0.0194 0.0070
vn -0.9999 -0.0108 0.0127
vn -1.0000 -0.0047 0.0058
vn -0.9998 -0.0180 0.0027
vn -0.9998 -0.0010 0.0188
vn -0.9998 0.0064 0.0165
vn -1.0000 -0.0047 0.0058
vn -0.9999 -0.0108 0.0127
vn -0.9999 0.0109 0.0093
vn -1.0000 0.0026 -0.0017
vn -1.0000 -0.0047 0.0058
vn -0.9998 0.0064 0.0165
vn 0.0000 -0.9995 -0.0327
vn 0.0000 -0.9989 0.0466
vn -0.9987 -0.0503 0.0023
vn -0.9988 -0.0485 -0.0021
vn 0.0000 -0.9511 0.3090
vn -0.9989 -0.0445 0.0134
vn -0.9987 -0.0503 0.0023
vn 0.0000 -0.9989 0.0466
vn -0.9998 -0.0194 0.0070
vn -0.9998 -0.0180 0.0027
vn -0.9987 -0.0503 0.0023
vn -0.9989 -0.0445 0.0134
vn -0.9999 -0.0115 -0.0027
vn -0.9988 -0.0485 -0.0021
vn -0.9987 -0.0503 0.0023
vn -0.9998 -0.0180 0.0027
vn -0.9991 -0.0278 0.0332
vn -0.9992 -0.0295 0.0278
vn -0.9979 -0.0283 0.0579
vn -0.9986 0.0050 0.0534
vn -0.9991 -0.0333 0.0271
vn -0.9979 -0.0489 0.0420
vn -0.9979 -0.0283 0.0579
vn -0.9992 -0.0295 0.0278
vn 0.0000 -0.7167 0.6973
vn 0.0000 -0.1829 0.9831
vn -0.9979 -0.0283 0.0579
vn -0.9979 -0.0489 0.0420
vn -0.0000 0.1696 0.9855
vn -0.9986 0.0050 0.0534
vn -0.9979 -0.0283 0.0579
vn 0.0000 -0.1829 0.9831
vn 0.0000 0.6143 0.7891
vn -0.0000 0.9434 0.3318
vn -0.9964 0.0834 0.0149
vn -0.9974 0.0432 0.0584
vn -0.0000 0.9835 -0.1807
vn -0.9124 0.4035 -0.0693
vn -0.9964 0.0834 0.0149
vn -0.0000 0.9434 0.3318
vn -0.9905 0.1360 0.0229
vn -0.9880 -0.1027 0.1155
vn -0.9964 0.0834 0.0149
vn -0.9124 0.4035 -0.0693
vn -0.9923 -0.0881 0.0868
vn -0.9974 0.0432 0.0584
vn -0.9964 0.0834 0.0149
vn -0.9880 -0.1027 0.1155
vn -0.9980 -0.0516 0.0364
vn -0.9989 -0.0364 0.0279
vn -0.9985 -0.0437 0.0319
vn -0.9973 -0.0611 0.0415
vn -0.9996 -0.0206 0.0203
vn -0.9989 -0.0362 0.0285
vn -0.9985 -0.0437 0.0319
vn -0.9989 -0.0364 0.0279
vn -0.9987 -0.0410 0.0310
vn -0.9981 -0.0497 0.0365
vn -0.9985 -0.0437 0.0319
vn -0.9989 -0.0362 0.0285
vn -0.9964 -0.0694 0.0477
vn -0.9973 -0.0611 0.0415
vn -0.9985 -0.0437 0.0319
vn -0.9981 -0.0497 0.0365
vn -0.9315 -0.3222 0.1686
vn -0.7801 -0.5634 0.2719
vn -0.7743 -0.5569 0.3004
vn -0.9485 -0.2758 0.1557
vn -0.6277 -0.6760 0.3861
vn -0.5384 -0.7471 0.3900
vn -0.7743 -0.5569 0.3004
vn -0.7801 -0.5634 0.2719
vn -0.5448 -0.7216 0.4272
vn -0.8027 -0.5113 0.3069
vn -0.7743 -0.5569 0.3004
vn -0.5384 -0.7471 0.3900
vn -0.9632 -0.2290 0.1407
vn -0.9485 -0.2758 0.1557
vn -0.7743 -0.5569 0.3004
vn -0.8027 -0.5113 0.3069
vn -0.9975 -0.0669 0.0214
vn -0.9989 -0.0437 0.0184
vn -0.9992 -0.0325 0.0245
vn -0.9983 -0.0486 0.0332
vn -0.9997 -0.0235 0.0107
vn -0.9997 -0.0164 0.0156
vn -0.9992 -0.0325 0.0245
vn -0.9989 -0.0437 0.0184
vn -0.9996 -0.0206 0.0203
vn -0.9989 -0.0364 0.0279
vn -0.9992 -0.0325 0.0245
vn -0.9997 -0.0164 0.0156
vn -0.9980 -0.0516 0.0364
vn -0.9983 -0.0486 0.0332
vn -0.9992 -0.0325 0.0245
vn -0.9989 -0.0364 0.0279
vn -0.9632 -0.2290 0.1407
vn -0.8027 -0.5113 0.3069
vn -0.8204 -0.4805 0.3099
vn -0.9693 -0.2059 0.1343
vn -0.5448 -0.7216 0.4272
vn -0.5474 -0.7042 0.4522
vn -0.8204 -0.4805 0.3099
vn -0.8027 -0.5113 0.3069
vn -0.5819 -0.7079 0.4003
vn -0.8239 -0.4988 0.2690
vn -0.8204 -0.4805 0.3099
vn -0.5474 -0.7042 0.4522
vn -0.9711 -0.2195 0.0940
vn -0.9693 -0.2059 0.1343
vn -0.8204 -0.4805 0.3099
vn -0.8239 -0.4988 0.2690
vn 0.0000 -0.9989 -0.0474
vn 0.0000 -0.9950 -0.0996
vn -0.9923 -0.1238 -0.0013
vn -0.9758 -0.2188 -0.0031
vn 0.0000 -1.0000 0.0053
vn -0.9985 -0.0549 0.0035
vn -0.9923 -0.1238 -0.0013
vn 0.0000 -0.9950 -0.0996
vn -0.9997 -0.0235 0.0107
vn -0.9989 -0.0437 0.0184
vn -0.9923 -0.1238 -0.0013
vn -0.9985 -0.0549 0.0035
vn -0.9975 -0.0669 0.0214
vn -0.9758 -0.2188 -0.0031
vn -0.9923 -0.1238 -0.0013
vn -0.9989 -0.0437 0.0184
vn -0.9711 -0.2195 0.0940
vn -0.8239 -0.4988 0.2690
vn -0.6656 -0.7453 -0.0380
vn -0.8711 -0.4911 -0.0011
vn -0.5819 -0.7079 0.4003
vn -0.4996 -0.8657 -0.0314
vn -0.6656 -0.7453 -0.0380
vn -0.8239 -0.4988 0.2690
vn 0.0000 -0.9272 -0.3745
vn 0.0000 -0.9582 -0.2862
vn -0.6656 -0.7453 -0.0380
vn -0.4996 -0.8657 -0.0314
vn 0.0000 -0.9951 -0.0987
vn -0.8711 -0.4911 -0.0011
vn -0.6656 -0.7453 -0.0380
vn 0.0000 -0.9582 -0.2862
vn -0.9964 -0.0694 0.0477
vn -0.9981 -0.0497 0.0365
vn -0.9984 -0.0449 0.0350
vn -0.9969 -0.0631 0.0463
vn -0.9987 -0.0410 0.0310
vn -0.9988 -0.0391 0.0297
vn -0.9984 -0.0449 0.0350
vn -0.9981 -0.0497 0.0365
vn -0.9991 -0.0333 0.0271
vn -0.9992 -0.0295 0.0278
vn -0.9984 -0.0449 0.0350
vn -0.9988 -0.0391 0.0297
vn -0.9991 -0.0278 0.0332
vn -0.9969 -0.0631 0.0463
vn -0.9984 -0.0449 0.0350
vn -0.9992 -0.0295 0.0278
vn -0.9923 -0.0881 0.0868
vn -0.9880 -0.1027 0.1155
vn -0.9184 -0.3389 0.2043
vn -0.9455 -0.2886 0.1508
vn -0.9905 0.1360 0.0229
vn -0.9830 0.1524 0.1020
vn -0.9184 -0.3389 0.2043
vn -0.9880 -0.1027 0.1155
vn -0.6277 -0.6760 0.3861
vn -0.7801 -0.5634 0.2719
vn -0.9184 -0.3389 0.2043
vn -0.9830 0.1524 0.1020
vn -0.9315 -0.3222 0.1686
vn -0.9455 -0.2886 0.1508
vn -0.9184 -0.3389 0.2043
vn -0.7801 -0.5634 0.2719
vn 0.0000 0.4568 -0.8896
vn 0.1142 0.4610 -0.8800
vn 0.0717 -0.3693 -0.9265
vn 0.0000 -0.3667 -0.9303
vn 0.4035 0.3489 -0.8458
vn 0.5892 -0.2757 -0.7595
vn 0.0717 -0.3693 -0.9265
vn 0.1142 0.4610 -0.8800
vn 0.3182 -0.7610 -0.5654
vn 0.1104 -0.7743 -0.6231
vn 0.0717 -0.3693 -0.9265
vn 0.5892 -0.2757 -0.7595
vn 0.0000 -0.7784 -0.6278
vn 0.0000 -0.3667 -0.9303
vn 0.0717 -0.3693 -0.9265
vn 0.1104 -0.7743 -0.6231
vn -0.9268 -0.0509 -0.3720
vn -0.9664 0.0607 -0.2499
vn -0.9630 0.0762 -0.2586
vn -0.9129 -0.0988 -0.3960
vn -0.9481 0.1671 -0.2705
vn -0.9439 0.1853 -0.2732
vn -0.9630 0.0762 -0.2586
vn -0.9664 0.0607 -0.2499
vn -0.9354 0.2348 -0.2642
vn -0.9662 0.1039 -0.2361
vn -0.9630 0.0762 -0.2586
vn -0.9439 0.1853 -0.2732
vn -0.8913 -0.1358 -0.4327
vn -0.9129 -0.0988 -0.3960
vn -0.9630 0.0762 -0.2586
vn -0.9662 0.1039 -0.2361
vn -0.9481 0.1671 -0.2705
vn -0.8840 0.3203 -0.3406
vn -0.8737 0.3521 -0.3356
vn -0.9439 0.1853 -0.2732
vn -0.7068 0.5301 -0.4684
vn -0.6929 0.5633 -0.4502
vn -0.8737 0.3521 -0.3356
vn -0.8840 0.3203 -0.3406
vn -0.6417 0.5926 -0.4869
vn -0.8490 0.3951 -0.3508
vn -0.8737 0.3521 -0.3356
vn -0.6929 0.5633 -0.4502
vn -0.9354 0.2348 -0.2642
vn -0.9439 0.1853 -0.2732
vn -0.8737 0.3521 -0.3356
vn -0.8490 0.3951 -0.3508
vn -0.7068 0.5301 -0.4684
vn -0.3908 0.7062 -0.5904
vn -0.3824 0.7367 -0.5577
vn -0.6929 0.5633 -0.4502
vn -0.0000 0.7750 -0.6320
vn -0.0000 0.7949 -0.6067
vn -0.3824 0.7367 -0.5577
vn -0.3908 0.7062 -0.5904
vn -0.0000 0.7737 -0.6336
vn -0.3359 0.7248 -0.6016
vn -0.3824 0.7367 -0.5577
vn -0.0000 0.7949 -0.6067
vn -0.6417 0.5926 -0.4869
vn -0.6929 0.5633 -0.4502
vn -0.3824 0.7367 -0.5577
vn -0.3359 0.7248 -0.6016
vn 0.0000 -0.7617 -0.6480
vn -0.3923 -0.6912 -0.6070
vn -0.3728 -0.6453 -0.6668
vn 0.0000 -0.7050 -0.7092
vn -0.7256 -0.4874 -0.4857
vn -0.7057 -0.4633 -0.5360
vn -0.3728 -0.6453 -0.6668
vn -0.3923 -0.6912 -0.6070
vn -0.6873 -0.4356 -0.5812
vn -0.3549 -0.5979 -0.7188
vn -0.3728 -0.6453 -0.6668
vn -0.7057 -0.4633 -0.5360
vn 0.0000 -0.6479 -0.7617
vn 0.0000 -0.7050 -0.7092
vn -0.3728 -0.6453 -0.6668
vn -0.3549 -0.5979 -0.7188
vn -0.7256 -0.4874 -0.4857
vn -0.8903 -0.2786 -0.3603
vn -0.8778 -0.2643 -0.3995
vn -0.7057 -0.4633 -0.5360
vn -0.9306 -0.1931 -0.3110
vn -0.9121 -0.1889 -0.3637
vn -0.8778 -0.2643 -0.3995
vn -0.8903 -0.2786 -0.3603
vn -0.9077 -0.1755 -0.3812
vn -0.8731 -0.2457 -0.4210
vn -0.8778 -0.2643 -0.3995
vn -0.9121 -0.1889 -0.3637
vn -0.6873 -0.4356 -0.5812
vn -0.7057 -0.4633 -0.5360
vn -0.8778 -0.2643 -0.3995
vn -0.8731 -0.2457 -0.4210
vn -0.9306 -0.1931 -0.3110
vn -0.9419 -0.1603 -0.2953
vn -0.9203 -0.1505 -0.3612
vn -0.9121 -0.1889 -0.3637
vn -0.9268 -0.0509 -0.3720
vn -0.9026 0.0598 -0.4263
vn -0.9203 -0.1505 -0.3612
vn -0.9419 -0.1603 -0.2953
vn -0.8904 0.1836 -0.4165
vn -0.9137 -0.1349 -0.3834
vn -0.9203 -0.1505 -0.3612
vn -0.9026 0.0598 -0.4263
vn -0.9077 -0.1755 -0.3812
vn -0.9121 -0.1889 -0.3637
vn -0.9203 -0.1505 -0.3612
vn -0.9137 -0.1349 -0.3834
vn -0.1375 0.9847 0.1067
vn -0.0680 0.9824 0.1741
vn -0.0707 0.9912 -0.1121
vn -0.2321 0.9670 -0.1049
vn -0.0000 0.9830 0.1835
vn -0.0000 0.9943 -0.1062
vn -0.0707 0.9912 -0.1121
vn -0.0680 0.9824 0.1741
vn -0.0000 0.9874 -0.1582
vn -0.0776 0.9824 -0.1697
vn -0.0707 0.9912 -0.1121
vn -0.0000 0.9943 -0.1062
vn -0.2447 0.9402 -0.2370
vn -0.2321 0.9670 -0.1049
vn -0.0707 0.9912 -0.1121
vn -0.0776 0.9824 -0.1697
vn -0.0000 0.8840 -0.4675
vn -0.0000 0.8432 -0.5375
vn -0.3798 0.7700 -0.5127
vn -0.3782 0.8142 -0.4404
vn -0.0000 0.7995 -0.6006
vn -0.3761 0.7373 -0.5613
vn -0.3798 0.7700 -0.5127
vn -0.0000 0.8432 -0.5375
vn -0.7107 0.5520 -0.4362
vn -0.7110 0.5525 -0.4349
vn -0.3798 0.7700 -0.5127
vn -0.3761 0.7373 -0.5613
vn -0.7247 0.5686 -0.3892
vn -0.3782 0.8142 -0.4404
vn -0.3798 0.7700 -0.5127
vn -0.7110 0.5525 -0.4349
vn -0.9943 -0.0213 -0.1043
vn -0.9935 -0.0218 -0.1117
vn -0.9891 -0.0944 -0.1127
vn -0.9900 -0.0937 -0.1050
vn -0.9962 -0.0228 -0.0842
vn -0.9918 -0.0957 -0.0850
vn -0.9891 -0.0944 -0.1127
vn -0.9935 -0.0218 -0.1117
vn -0.9853 -0.1436 -0.0921
vn -0.9825 -0.1433 -0.1187
vn -0.9891 -0.0944 -0.1127
vn -0.9918 -0.0957 -0.0850
vn -0.9834 -0.1430 -0.1120
vn -0.9900 -0.0937 -0.1050
vn -0.9891 -0.0944 -0.1127
vn -0.9825 -0.1433 -0.1187
vn 0.0000 -0.9379 -0.3468
vn 0.0000 -0.9378 -0.3471
vn -0.4591 -0.8313 -0.3132
vn -0.4564 -0.8320 -0.3154
vn 0.0000 -0.9374 -0.3482
vn -0.4619 -0.8296 -0.3136
vn -0.4591 -0.8313 -0.3132
vn 0.0000 -0.9378 -0.3471
vn -0.8459 -0.4953 -0.1979
vn -0.8404 -0.5013 -0.2062
vn -0.4591 -0.8313 -0.3132
vn -0.4619 -0.8296 -0.3136
vn -0.8381 -0.5030 -0.2111
vn -0.4564 -0.8320 -0.3154
vn -0.4591 -0.8313 -0.3132
vn -0.8404 -0.5013 -0.2062
vn -0.7247 0.5686 -0.3892
vn -0.7110 0.5525 -0.4349
vn -0.9052 0.3177 -0.2821
vn -0.9270 0.2966 -0.2295
vn -0.7107 0.5520 -0.4362
vn -0.9026 0.3261 -0.2811
vn -0.9052 0.3177 -0.2821
vn -0.7110 0.5525 -0.4349
vn -0.9461 0.2441 -0.2130
vn -0.9463 0.2324 -0.2248
vn -0.9052 0.3177 -0.2821
vn -0.9026 0.3261 -0.2811
vn -0.9532 0.2280 -0.1985
vn -0.9270 0.2966 -0.2295
vn -0.9052 0.3177 -0.2821
vn -0.9463 0.2324 -0.2248
vn -0.9825 0.1240 -0.1390
vn -0.9807 0.1236 -0.1514
vn -0.9911 0.0546 -0.1216
vn -0.9929 0.0518 -0.1075
vn -0.9832 0.1324 -0.1255
vn -0.9938 0.0562 -0.0956
vn -0.9911 0.0546 -0.1216
vn -0.9807 0.1236 -0.1514
vn -0.9962 -0.0228 -0.0842
vn -0.9935 -0.0218 -0.1117
vn -0.9911 0.0546 -0.1216
vn -0.9938 0.0562 -0.0956
vn -0.9943 -0.0213 -0.1043
vn -0.9929 0.0518 -0.1075
vn -0.9911 0.0546 -0.1216
vn -0.9935 -0.0218 -0.1117
vn -0.8381 -0.5030 -0.2111
vn -0.8404 -0.5013 -0.2062
vn -0.9652 -0.2323 -0.1204
vn -0.9630 -0.2349 -0.1319
vn -0.8459 -0.4953 -0.1979
vn -0.9676 -0.2286 -0.1074
vn -0.9652 -0.2323 -0.1204
vn -0.8404 -0.5013 -0.2062
vn -0.9868 -0.1400 -0.0809
vn -0.9853 -0.1423 -0.0946
vn -0.9652 -0.2323 -0.1204
vn -0.9676 -0.2286 -0.1074
vn -0.9834 -0.1430 -0.1120
vn -0.9630 -0.2349 -0.1319
vn -0.9652 -0.2323 -0.1204
vn -0.9853 -0.1423 -0.0946
vn -0.9990 -0.0149 0.0428
vn -0.9987 -0.0138 0.0488
vn -0.9967 -0.0733 0.0362
vn -0.9966 -0.0706 0.0417
vn -0.9984 -0.0121 0.0559
vn -0.9964 -0.0778 0.0345
vn -0.9967 -0.0733 0.0362
vn -0.9987 -0.0138 0.0488
vn -0.9927 -0.1198 0.0149
vn -0.9936 -0.1093 0.0276
vn -0.9967 -0.0733 0.0362
vn -0.9964 -0.0778 0.0345
vn -0.9938 -0.1059 0.0340
vn -0.9966 -0.0706 0.0417
vn -0.9967 -0.0733 0.0362
vn -0.9936 -0.1093 0.0276
vn 0.0000 -0.9887 -0.1500
vn 0.0000 -0.9930 -0.1182
vn -0.5672 -0.8199 -0.0776
vn -0.5551 -0.8233 -0.1183
vn 0.0000 -0.9855 -0.1694
vn -0.5670 -0.8230 0.0355
vn -0.5672 -0.8199 -0.0776
vn 0.0000 -0.9930 -0.1182
vn -0.8771 -0.4627 0.1288
vn -0.9173 -0.3979 -0.0146
vn -0.5672 -0.8199 -0.0776
vn -0.5670 -0.8230 0.0355
vn -0.9074 -0.4186 -0.0369
vn -0.5551 -0.8233 -0.1183
vn -0.5672 -0.8199 -0.0776
vn -0.9173 -0.3979 -0.0146
vn -0.0000 0.9996 0.0283
vn -0.0000 1.0000 0.0044
vn -0.5654 0.8247 0.0120
vn -0.5701 0.8211 0.0276
vn -0.0000 1.0000 -0.0041
vn -0.5578 0.8300 -0.0000
vn -0.5654 0.8247 0.0120
vn -0.0000 1.0000 0.0044
vn -0.8905 0.4537 0.0348
vn -0.8993 0.4368 0.0241
vn -0.5654 0.8247 0.0120
vn -0.5578 0.8300 -0.0000
vn -0.8998 0.4355 0.0274
vn -0.5701 0.8211 0.0276
vn -0.5654 0.8247 0.0120
vn -0.8993 0.4368 0.0241
vn -0.8998 0.4355 0.0274
vn -0.8993 0.4368 0.0241
vn -0.9768 0.2119 0.0305
vn -0.9775 0.2086 0.0301
vn -0.8905 0.4537 0.0348
vn -0.9755 0.2170 0.0351
vn -0.9768 0.2119 0.0305
vn -0.8993 0.4368 0.0241
vn -0.9910 0.1256 0.0460
vn -0.9920 0.1192 0.0408
vn -0.9768 0.2119 0.0305
vn -0.9755 0.2170 0.0351
vn -0.9923 0.1186 0.0349
vn -0.9775 0.2086 0.0301
vn -0.9768 0.2119 0.0305
vn -0.9920 0.1192 0.0408
vn -0.9923 0.1186 0.0349
vn -0.9920 0.1192 0.0408
vn -0.9977 0.0553 0.0399
vn -0.9978 0.0527 0.0404
vn -0.9910 0.1256 0.0460
vn -0.9975 0.0590 0.0390
vn -0.9977 0.0553 0.0399
vn -0.9920 0.1192 0.0408
vn -0.9984 -0.0121 0.0559
vn -0.9987 -0.0138 0.0488
vn -0.9977 0.0553 0.0399
vn -0.9975 0.0590 0.0390
vn -0.9990 -0.0149 0.0428
vn -0.9978 0.0527 0.0404
vn -0.9977 0.0553 0.0399
vn -0.9987 -0.0138 0.0488
vn -0.9074 -0.4186 -0.0369
vn -0.9173 -0.3979 -0.0146
vn -0.9852 -0.1672 0.0364
vn -0.9848 -0.1731 0.0169
vn -0.8771 -0.4627 0.1288
vn -0.9842 -0.1613 0.0727
vn -0.9852 -0.1672 0.0364
vn -0.9173 -0.3979 -0.0146
vn -0.9929 -0.1025 0.0603
vn -0.9936 -0.1027 0.0477
vn -0.9852 -0.1672 0.0364
vn -0.9842 -0.1613 0.0727
vn -0.9938 -0.1059 0.0340
vn -0.9848 -0.1731 0.0169
vn -0.9852 -0.1672 0.0364
vn -0.9936 -0.1027 0.0477
vn -0.0000 -0.5619 -0.8272
vn -0.3300 -0.5190 -0.7885
vn -0.3091 -0.4525 -0.8365
vn 0.0000 -0.4835 -0.8753
vn -0.6438 -0.3936 -0.6562
vn -0.5847 -0.3350 -0.7389
vn -0.3091 -0.4525 -0.8365
vn -0.3300 -0.5190 -0.7885
vn -0.5085 -0.2558 -0.8222
vn -0.2902 -0.2355 -0.9275
vn -0.3091 -0.4525 -0.8365
vn -0.5847 -0.3350 -0.7389
vn 0.0000 -0.2503 -0.9682
vn 0.0000 -0.4835 -0.8753
vn -0.3091 -0.4525 -0.8365
vn -0.2902 -0.2355 -0.9275
vn -0.6438 -0.3936 -0.6562
vn -0.8486 -0.2208 -0.4808
vn -0.7886 -0.1716 -0.5905
vn -0.5847 -0.3350 -0.7389
vn -0.8985 -0.1389 -0.4163
vn -0.8619 -0.0593 -0.5036
vn -0.7886 -0.1716 -0.5905
vn -0.8486 -0.2208 -0.4808
vn -0.6579 0.2769 -0.7003
vn -0.5995 -0.0016 -0.8004
vn -0.7886 -0.1716 -0.5905
vn -0.8619 -0.0593 -0.5036
vn -0.5085 -0.2558 -0.8222
vn -0.5847 -0.3350 -0.7389
vn -0.7886 -0.1716 -0.5905
vn -0.5995 -0.0016 -0.8004
vn -0.8985 -0.1389 -0.4163
vn -0.9140 -0.0570 -0.4018
vn -0.8621 0.1452 -0.4854
vn -0.8619 -0.0593 -0.5036
vn -0.8164 0.4474 -0.3651
vn -0.6894 0.6484 -0.3231
vn -0.8621 0.1452 -0.4854
vn -0.9140 -0.0570 -0.4018
vn -0.4472 0.8427 -0.2998
vn -0.6269 0.5334 -0.5678
vn -0.8621 0.1452 -0.4854
vn -0.6894 0.6484 -0.3231
vn -0.6579 0.2769 -0.7003
vn -0.8619 -0.0593 -0.5036
vn -0.8621 0.1452 -0.4854
vn -0.6269 0.5334 -0.5678
vn -0.3148 0.9237 -0.2184
vn -0.1047 0.9878 -0.1152
vn -0.1057 0.9901 -0.0929
vn -0.3470 0.9113 -0.2215
vn -0.0000 0.9952 -0.0975
vn -0.0000 0.9966 -0.0825
vn -0.1057 0.9901 -0.0929
vn -0.1047 0.9878 -0.1152
vn -0.0000 0.9489 -0.3157
vn -0.1641 0.9331 -0.3201
vn -0.1057 0.9901 -0.0929
vn -0.0000 0.9966 -0.0825
vn -0.2973 0.9146 -0.2741
vn -0.3470 0.9113 -0.2215
vn -0.1057 0.9901 -0.0929
vn -0.1641 0.9331 -0.3201
vn 0.0000 -0.5831 -0.8124
vn -0.0953 -0.5584 -0.8241
vn -0.1090 -0.3207 -0.9409
vn 0.0000 -0.3922 -0.9199
vn -0.6097 -0.2469 -0.7532
vn -0.4184 -0.0179 -0.9081
vn -0.1090 -0.3207 -0.9409
vn -0.0953 -0.5584 -0.8241
vn -0.2879 0.1068 -0.9517
vn -0.1143 0.0049 -0.9934
vn -0.1090 -0.3207 -0.9409
vn -0.4184 -0.0179 -0.9081
vn 0.0000 -0.0481 -0.9988
vn 0.0000 -0.3922 -0.9199
vn -0.1090 -0.3207 -0.9409
vn -0.1143 0.0049 -0.9934
vn -0.6097 -0.2469 -0.7532
vn -0.8881 0.2314 -0.3971
vn -0.6718 0.3552 -0.6500
vn -0.4184 -0.0179 -0.9081
vn -0.8271 0.4177 -0.3761
vn -0.6639 0.5512 -0.5053
vn -0.6718 0.3552 -0.6500
vn -0.8881 0.2314 -0.3971
vn -0.4139 0.5693 -0.7103
vn -0.3854 0.3813 -0.8402
vn -0.6718 0.3552 -0.6500
vn -0.6639 0.5512 -0.5053
vn -0.2879 0.1068 -0.9517
vn -0.4184 -0.0179 -0.9081
vn -0.6718 0.3552 -0.6500
vn -0.3854 0.3813 -0.8402
vn -0.8271 0.4177 -0.3761
vn -0.6872 0.5716 -0.4485
vn -0.5927 0.6291 -0.5029
vn -0.6639 0.5512 -0.5053
vn -0.5150 0.6827 -0.5183
vn -0.4394 0.7481 -0.4972
vn -0.5927 0.6291 -0.5029
vn -0.6872 0.5716 -0.4485
vn -0.3849 0.7459 -0.5436
vn -0.4078 0.6781 -0.6115
vn -0.5927 0.6291 -0.5029
vn -0.4394 0.7481 -0.4972
vn -0.4139 0.5693 -0.7103
vn -0.6639 0.5512 -0.5053
vn -0.5927 0.6291 -0.5029
vn -0.4078 0.6781 -0.6115
vn -0.5150 0.6827 -0.5183
vn -0.2585 0.7676 -0.5865
vn -0.2691 0.8341 -0.4816
vn -0.4394 0.7481 -0.4972
vn -0.0000 0.8057 -0.5923
vn -0.0000 0.8753 -0.4836
vn -0.2691 0.8341 -0.4816
vn -0.2585 0.7676 -0.5865
vn -0.0000 0.8148 -0.5797
vn -0.2320 0.7904 -0.5670
vn -0.2691 0.8341 -0.4816
vn -0.0000 0.8753 -0.4836
vn -0.3849 0.7459 -0.5436
vn -0.4394 0.7481 -0.4972
vn -0.2691 0.8341 -0.4816
vn -0.2320 0.7904 -0.5670
vn -0.7500 -0.4941 -0.4397
vn -0.7406 -0.4978 -0.4514
vn -0.4001 -0.7188 -0.5686
vn -0.3956 -0.7192 -0.5712
vn -0.7256 -0.4874 -0.4857
vn -0.3923 -0.6912 -0.6070
vn -0.4001 -0.7188 -0.5686
vn -0.7406 -0.4978 -0.4514
vn 0.0000 -0.7617 -0.6480
vn -0.0000 -0.7960 -0.6053
vn -0.4001 -0.7188 -0.5686
vn -0.3923 -0.6912 -0.6070
vn 0.0000 -0.7926 -0.6097
vn -0.3956 -0.7192 -0.5712
vn -0.4001 -0.7188 -0.5686
vn -0.0000 -0.7960 -0.6053
vn -0.9760 -0.0386 -0.2141
vn -0.9753 -0.0431 -0.2168
vn -0.9598 -0.1405 -0.2431
vn -0.9663 -0.1275 -0.2237
vn -0.9268 -0.0509 -0.3720
vn -0.9419 -0.1603 -0.2953
vn -0.9598 -0.1405 -0.2431
vn -0.9753 -0.0431 -0.2168
vn -0.9306 -0.1931 -0.3110
vn -0.9436 -0.1900 -0.2713
vn -0.9598 -0.1405 -0.2431
vn -0.9419 -0.1603 -0.2953
vn -0.9516 -0.1787 -0.2501
vn -0.9663 -0.1275 -0.2237
vn -0.9598 -0.1405 -0.2431
vn -0.9436 -0.1900 -0.2713
vn -0.0000 0.7836 -0.6213
vn -0.0000 0.7618 -0.6478
vn -0.3909 0.6939 -0.6047
vn -0.3994 0.7100 -0.5800
vn -0.0000 0.7750 -0.6320
vn -0.3908 0.7062 -0.5904
vn -0.3909 0.6939 -0.6047
vn -0.0000 0.7618 -0.6478
vn -0.7068 0.5301 -0.4684
vn -0.7122 0.5085 -0.4839
vn -0.3909 0.6939 -0.6047
vn -0.3908 0.7062 -0.5904
vn -0.7312 0.5079 -0.4553
vn -0.3994 0.7100 -0.5800
vn -0.3909 0.6939 -0.6047
vn -0.7122 0.5085 -0.4839
vn -0.7312 0.5079 -0.4553
vn -0.7122 0.5085 -0.4839
vn -0.8889 0.3032 -0.3434
vn -0.9015 0.2917 -0.3197
vn -0.7068 0.5301 -0.4684
vn -0.8840 0.3203 -0.3406
vn -0.8889 0.3032 -0.3434
vn -0.7122 0.5085 -0.4839
vn -0.9481 0.1671 -0.2705
vn -0.9524 0.1573 -0.2611
vn -0.8889 0.3032 -0.3434
vn -0.8840 0.3203 -0.3406
vn -0.9549 0.1558 -0.2526
vn -0.9015 0.2917 -0.3197
vn -0.8889 0.3032 -0.3434
vn -0.9524 0.1573 -0.2611
vn -0.9549 0.1558 -0.2526
vn -0.9524 0.1573 -0.2611
vn -0.9706 0.0583 -0.2335
vn -0.9730 0.0583 -0.2232
vn -0.9481 0.1671 -0.2705
vn -0.9664 0.0607 -0.2499
vn -0.9706 0.0583 -0.2335
vn -0.9524 0.1573 -0.2611
vn -0.9268 -0.0509 -0.3720
vn -0.9753 -0.0431 -0.2168
vn -0.9706 0.0583 -0.2335
vn -0.9664 0.0607 -0.2499
vn -0.9760 -0.0386 -0.2141
vn -0.9730 0.0583 -0.2232
vn -0.9706 0.0583 -0.2335
vn -0.9753 -0.0431 -0.2168
vn -0.7500 -0.4941 -0.4397
vn -0.7553 -0.4954 -0.4291
vn -0.9214 -0.2593 -0.2895
vn -0.9139 -0.2672 -0.3056
vn -0.7729 -0.5062 -0.3825
vn -0.9313 -0.2533 -0.2616
vn -0.9214 -0.2593 -0.2895
vn -0.7553 -0.4954 -0.4291
vn -0.9624 -0.1624 -0.2180
vn -0.9572 -0.1693 -0.2347
vn -0.9214 -0.2593 -0.2895
vn -0.9313 -0.2533 -0.2616
vn -0.9516 -0.1787 -0.2501
vn -0.9139 -0.2672 -0.3056
vn -0.9214 -0.2593 -0.2895
vn -0.9572 -0.1693 -0.2347
vn -0.8192 0.5683 -0.0773
vn -0.7077 0.6876 -0.1624
vn -0.9244 0.3661 -0.1075
vn -0.9638 0.2643 -0.0360
vn -0.6638 0.7077 -0.2420
vn -0.9020 0.4051 -0.1491
vn -0.9244 0.3661 -0.1075
vn -0.7077 0.6876 -0.1624
vn -0.9723 0.2099 -0.1024
vn -0.9751 0.2060 -0.0816
vn -0.9244 0.3661 -0.1075
vn -0.9020 0.4051 -0.1491
vn -0.9757 0.2059 -0.0744
vn -0.9638 0.2643 -0.0360
vn -0.9244 0.3661 -0.1075
vn -0.9751 0.2060 -0.0816
vn -0.9792 0.2021 -0.0168
vn -0.9836 0.1797 -0.0120
vn -0.9850 0.1727 0.0073
vn -0.9802 0.1982 0.0024
vn -0.9929 0.1186 -0.0085
vn -0.9931 0.1160 0.0145
vn -0.9850 0.1727 0.0073
vn -0.9836 0.1797 -0.0120
vn -0.9933 0.1128 0.0251
vn -0.9855 0.1689 0.0181
vn -0.9850 0.1727 0.0073
vn -0.9931 0.1160 0.0145
vn -0.9804 0.1963 0.0136
vn -0.9802 0.1982 0.0024
vn -0.9850 0.1727 0.0073
vn -0.9855 0.1689 0.0181
vn -0.9461 0.2441 -0.2130
vn -0.9630 0.2084 -0.1707
vn -0.9615 0.1986 -0.1898
vn -0.9463 0.2324 -0.2248
vn -0.9832 0.1324 -0.1255
vn -0.9807 0.1236 -0.1514
vn -0.9615 0.1986 -0.1898
vn -0.9630 0.2084 -0.1707
vn -0.9825 0.1240 -0.1390
vn -0.9670 0.1961 -0.1629
vn -0.9615 0.1986 -0.1898
vn -0.9807 0.1236 -0.1514
vn -0.9532 0.2280 -0.1985
vn -0.9463 0.2324 -0.2248
vn -0.9615 0.1986 -0.1898
vn -0.9670 0.1961 -0.1629
vn -0.9798 0.1968 0.0350
vn -0.9812 0.1817 0.0653
vn -0.9687 0.2416 0.0568
vn -0.9571 0.2796 0.0760
vn -0.9910 0.1256 0.0460
vn -0.9755 0.2170 0.0351
vn -0.9687 0.2416 0.0568
vn -0.9812 0.1817 0.0653
vn -0.8905 0.4537 0.0348
vn -0.8710 0.4874 0.0611
vn -0.9687 0.2416 0.0568
vn -0.9755 0.2170 0.0351
vn -0.8440 0.5339 0.0513
vn -0.9571 0.2796 0.0760
vn -0.9687 0.2416 0.0568
vn -0.8710 0.4874 0.0611
vn -0.8440 0.5339 0.0513
vn -0.8710 0.4874 0.0611
vn -0.5314 0.8470 0.0152
vn -0.5011 0.8654 -0.0003
vn -0.8905 0.4537 0.0348
vn -0.5578 0.8300 -0.0000
vn -0.5314 0.8470 0.0152
vn -0.8710 0.4874 0.0611
vn -0.0000 1.0000 -0.0041
vn -0.0000 1.0000 -0.0081
vn -0.5314 0.8470 0.0152
vn -0.5578 0.8300 -0.0000
vn -0.0000 1.0000 -0.0072
vn -0.5011 0.8654 -0.0003
vn -0.5314 0.8470 0.0152
vn -0.0000 1.0000 -0.0081
vn -0.9495 0.2634 -0.1706
vn -0.9470 0.2590 -0.1899
vn -0.8972 0.3382 -0.2840
vn -0.8890 0.3440 -0.3022
vn -0.9461 0.2441 -0.2130
vn -0.9026 0.3261 -0.2811
vn -0.8972 0.3382 -0.2840
vn -0.9470 0.2590 -0.1899
vn -0.7107 0.5520 -0.4362
vn -0.6943 0.5509 -0.4632
vn -0.8972 0.3382 -0.2840
vn -0.9026 0.3261 -0.2811
vn -0.6940 0.5390 -0.4773
vn -0.8890 0.3440 -0.3022
vn -0.8972 0.3382 -0.2840
vn -0.6943 0.5509 -0.4632
vn -0.6940 0.5390 -0.4773
vn -0.6943 0.5509 -0.4632
vn -0.3614 0.7150 -0.5985
vn -0.3535 0.7068 -0.6127
vn -0.7107 0.5520 -0.4362
vn -0.3761 0.7373 -0.5613
vn -0.3614 0.7150 -0.5985
vn -0.6943 0.5509 -0.4632
vn -0.0000 0.7995 -0.6006
vn -0.0000 0.7651 -0.6440
vn -0.3614 0.7150 -0.5985
vn -0.3761 0.7373 -0.5613
vn -0.0000 0.7517 -0.6595
vn -0.3535 0.7068 -0.6127
vn -0.3614 0.7150 -0.5985
vn -0.0000 0.7651 -0.6440
vn -0.9798 0.1968 0.0350
vn -0.9804 0.1955 0.0259
vn -0.9856 0.1657 0.0327
vn -0.9812 0.1817 0.0653
vn -0.9804 0.1963 0.0136
vn -0.9855 0.1689 0.0181
vn -0.9856 0.1657 0.0327
vn -0.9804 0.1955 0.0259
vn -0.9933 0.1128 0.0251
vn -0.9937 0.1048 0.0403
vn -0.9856 0.1657 0.0327
vn -0.9855 0.1689 0.0181
vn -0.9910 0.1256 0.0460
vn -0.9812 0.1817 0.0653
vn -0.9856 0.1657 0.0327
vn -0.9937 0.1048 0.0403
vn -0.9495 0.2634 -0.1706
vn -0.8890 0.3440 -0.3022
vn -0.9115 0.3239 -0.2534
vn -0.9483 0.2478 -0.1983
vn -0.6940 0.5390 -0.4773
vn -0.7224 0.5273 -0.4473
vn -0.9115 0.3239 -0.2534
vn -0.8890 0.3440 -0.3022
vn -0.7505 0.5276 -0.3979
vn -0.9242 0.3028 -0.2326
vn -0.9115 0.3239 -0.2534
vn -0.7224 0.5273 -0.4473
vn -0.9729 0.1664 -0.1606
vn -0.9483 0.2478 -0.1983
vn -0.9115 0.3239 -0.2534
vn -0.9242 0.3028 -0.2326
vn -0.7247 0.5686 -0.3892
vn -0.9270 0.2966 -0.2295
vn -0.9479 0.2641 -0.1781
vn -0.9157 0.3170 -0.2470
vn -0.9532 0.2280 -0.1985
vn -0.9622 0.2260 -0.1521
vn -0.9479 0.2641 -0.1781
vn -0.9270 0.2966 -0.2295
vn -0.9665 0.2269 -0.1197
vn -0.9665 0.2246 -0.1245
vn -0.9479 0.2641 -0.1781
vn -0.9622 0.2260 -0.1521
vn -0.9672 0.2203 -0.1267
vn -0.9157 0.3170 -0.2470
vn -0.9479 0.2641 -0.1781
vn -0.9665 0.2246 -0.1245
vn -0.9391 0.2902 -0.1842
vn -0.9487 0.2431 -0.2020
vn -0.9561 0.2579 -0.1390
vn -0.9408 0.3113 -0.1343
vn -0.9550 0.2078 -0.2118
vn -0.9613 0.2263 -0.1571
vn -0.9561 0.2579 -0.1390
vn -0.9487 0.2431 -0.2020
vn -0.9688 0.2336 -0.0822
vn -0.9565 0.2799 -0.0816
vn -0.9561 0.2579 -0.1390
vn -0.9613 0.2263 -0.1571
vn -0.9440 0.3191 -0.0840
vn -0.9408 0.3113 -0.1343
vn -0.9561 0.2579 -0.1390
vn -0.9565 0.2799 -0.0816
vn -0.9506 0.3101 0.0096
vn -0.9479 0.3173 -0.0272
vn -0.9613 0.2747 -0.0223
vn -0.9610 0.2750 0.0300
vn -0.9440 0.3191 -0.0840
vn -0.9565 0.2799 -0.0816
vn -0.9613 0.2747 -0.0223
vn -0.9479 0.3173 -0.0272
vn -0.9688 0.2336 -0.0822
vn -0.9724 0.2330 -0.0082
vn -0.9613 0.2747 -0.0223
vn -0.9565 0.2799 -0.0816
vn -0.9711 0.2341 0.0465
vn -0.9610 0.2750 0.0300
vn -0.9613 0.2747 -0.0223
vn -0.9724 0.2330 -0.0082
vn -0.9873 0.1387 -0.0771
vn -0.9938 0.0875 -0.0687
vn -0.9920 0.1197 -0.0389
vn -0.9857 0.1626 -0.0434
vn -0.9948 0.0776 -0.0665
vn -0.9958 0.0820 -0.0409
vn -0.9920 0.1197 -0.0389
vn -0.9938 0.0875 -0.0687
vn -0.9929 0.1186 -0.0085
vn -0.9857 0.1675 -0.0173
vn -0.9920 0.1197 -0.0389
vn -0.9958 0.0820 -0.0409
vn -0.9802 0.1931 -0.0430
vn -0.9857 0.1626 -0.0434
vn -0.9920 0.1197 -0.0389
vn -0.9857 0.1675 -0.0173
vn -0.9688 0.2336 -0.0822
vn -0.9787 0.1886 -0.0812
vn -0.9814 0.1915 -0.0092
vn -0.9724 0.2330 -0.0082
vn -0.9893 0.1227 -0.0787
vn -0.9912 0.1326 0.0003
vn -0.9814 0.1915 -0.0092
vn -0.9787 0.1886 -0.0812
vn -0.9875 0.1525 0.0405
vn -0.9808 0.1883 0.0516
vn -0.9814 0.1915 -0.0092
vn -0.9912 0.1326 0.0003
vn -0.9711 0.2341 0.0465
vn -0.9724 0.2330 -0.0082
vn -0.9814 0.1915 -0.0092
vn -0.9808 0.1883 0.0516
vn -0.9665 0.2269 -0.1197
vn -0.9622 0.2260 -0.1521
vn -0.9671 0.2127 -0.1393
vn -0.9671 0.2260 -0.1170
vn -0.9532 0.2280 -0.1985
vn -0.9670 0.1961 -0.1629
vn -0.9671 0.2127 -0.1393
vn -0.9622 0.2260 -0.1521
vn -0.9825 0.1240 -0.1390
vn -0.9736 0.1823 -0.1373
vn -0.9671 0.2127 -0.1393
vn -0.9670 0.1961 -0.1629
vn -0.9700 0.2116 -0.1193
vn -0.9671 0.2260 -0.1170
vn -0.9671 0.2127 -0.1393
vn -0.9736 0.1823 -0.1373
vn -0.9675 0.1426 -0.2090
vn -0.9781 0.1303 -0.1625
vn -0.9689 0.1917 -0.1563
vn -0.9601 0.1781 -0.2156
vn -0.9893 0.1227 -0.0787
vn -0.9787 0.1886 -0.0812
vn -0.9689 0.1917 -0.1563
vn -0.9781 0.1303 -0.1625
vn -0.9688 0.2336 -0.0822
vn -0.9613 0.2263 -0.1571
vn -0.9689 0.1917 -0.1563
vn -0.9787 0.1886 -0.0812
vn -0.9550 0.2078 -0.2118
vn -0.9601 0.1781 -0.2156
vn -0.9689 0.1917 -0.1563
vn -0.9613 0.2263 -0.1571
vn -0.9421 0.2786 -0.1866
vn -0.9474 0.2450 -0.2059
vn -0.9355 0.2498 -0.2500
vn -0.9252 0.3118 -0.2163
vn -0.9565 0.2133 -0.1990
vn -0.9492 0.2008 -0.2421
vn -0.9355 0.2498 -0.2500
vn -0.9474 0.2450 -0.2059
vn -0.9550 0.2078 -0.2118
vn -0.9487 0.2431 -0.2020
vn -0.9355 0.2498 -0.2500
vn -0.9492 0.2008 -0.2421
vn -0.9391 0.2902 -0.1842
vn -0.9252 0.3118 -0.2163
vn -0.9355 0.2498 -0.2500
vn -0.9487 0.2431 -0.2020
vn -0.9565 0.2133 -0.1990
vn -0.9629 0.1892 -0.1924
vn -0.9569 0.1663 -0.2381
vn -0.9492 0.2008 -0.2421
vn -0.9700 0.1595 -0.1834
vn -0.9672 0.1246 -0.2212
vn -0.9569 0.1663 -0.2381
vn -0.9629 0.1892 -0.1924
vn -0.9675 0.1426 -0.2090
vn -0.9601 0.1781 -0.2156
vn -0.9569 0.1663 -0.2381
vn -0.9672 0.1246 -0.2212
vn -0.9550 0.2078 -0.2118
vn -0.9492 0.2008 -0.2421
vn -0.9569 0.1663 -0.2381
vn -0.9601 0.1781 -0.2156
vn -0.9700 0.1595 -0.1834
vn -0.9804 0.1296 -0.1487
vn -0.9826 0.0827 -0.1661
vn -0.9672 0.1246 -0.2212
vn -0.9899 0.1169 -0.0807
vn -0.9948 0.0670 -0.0767
vn -0.9826 0.0827 -0.1661
vn -0.9804 0.1296 -0.1487
vn -0.9893 0.1227 -0.0787
vn -0.9781 0.1303 -0.1625
vn -0.9826 0.0827 -0.1661
vn -0.9948 0.0670 -0.0767
vn -0.9675 0.1426 -0.2090
vn -0.9672 0.1246 -0.2212
vn -0.9826 0.0827 -0.1661
vn -0.9781 0.1303 -0.1625
vn -0.9899 0.1169 -0.0807
vn -0.9909 0.1335 -0.0176
vn -0.9962 0.0870 0.0077
vn -0.9948 0.0670 -0.0767
vn -0.9854 0.1701 0.0099
vn -0.9887 0.1393 0.0557
vn -0.9962 0.0870 0.0077
vn -0.9909 0.1335 -0.0176
vn -0.9875 0.1525 0.0405
vn -0.9912 0.1326 0.0003
vn -0.9962 0.0870 0.0077
vn -0.9887 0.1393 0.0557
vn -0.9893 0.1227 -0.0787
vn -0.9948 0.0670 -0.0767
vn -0.9962 0.0870 0.0077
vn -0.9912 0.1326 0.0003
vn -0.9854 0.1701 0.0099
vn -0.9786 0.2048 0.0185
vn -0.9787 0.1896 0.0789
vn -0.9887 0.1393 0.0557
vn -0.9726 0.2324 0.0051
vn -0.9690 0.2375 0.0678
vn -0.9787 0.1896 0.0789
vn -0.9786 0.2048 0.0185
vn -0.9711 0.2341 0.0465
vn -0.9808 0.1883 0.0516
vn -0.9787 0.1896 0.0789
vn -0.9690 0.2375 0.0678
vn -0.9875 0.1525 0.0405
vn -0.9887 0.1393 0.0557
vn -0.9787 0.1896 0.0789
vn -0.9808 0.1883 0.0516
vn -0.9726 0.2324 0.0051
vn -0.9664 0.2566 -0.0138
vn -0.9582 0.2829 0.0431
vn -0.9690 0.2375 0.0678
vn -0.9609 0.2755 -0.0277
vn -0.9487 0.3160 0.0103
vn -0.9582 0.2829 0.0431
vn -0.9664 0.2566 -0.0138
vn -0.9506 0.3101 0.0096
vn -0.9610 0.2750 0.0300
vn -0.9582 0.2829 0.0431
vn -0.9487 0.3160 0.0103
vn -0.9711 0.2341 0.0465
vn -0.9690 0.2375 0.0678
vn -0.9582 0.2829 0.0431
vn -0.9610 0.2750 0.0300
vn -0.9609 0.2755 -0.0277
vn -0.9570 0.2841 -0.0587
vn -0.9417 0.3344 -0.0361
vn -0.9487 0.3160 0.0103
vn -0.9519 0.2893 -0.1010
vn -0.9367 0.3383 -0.0905
vn -0.9417 0.3344 -0.0361
vn -0.9570 0.2841 -0.0587
vn -0.9440 0.3191 -0.0840
vn -0.9479 0.3173 -0.0272
vn -0.9417 0.3344 -0.0361
vn -0.9367 0.3383 -0.0905
vn -0.9506 0.3101 0.0096
vn -0.9487 0.3160 0.0103
vn -0.9417 0.3344 -0.0361
vn -0.9479 0.3173 -0.0272
vn -0.9519 0.2893 -0.1010
vn -0.9444 0.2934 -0.1484
vn -0.9267 0.3422 -0.1553
vn -0.9367 0.3383 -0.0905
vn -0.9421 0.2786 -0.1866
vn -0.9252 0.3118 -0.2163
vn -0.9267 0.3422 -0.1553
vn -0.9444 0.2934 -0.1484
vn -0.9391 0.2902 -0.1842
vn -0.9408 0.3113 -0.1343
vn -0.9267 0.3422 -0.1553
vn -0.9252 0.3118 -0.2163
vn -0.9440 0.3191 -0.0840
vn -0.9367 0.3383 -0.0905
vn -0.9267 0.3422 -0.1553
vn -0.9408 0.3113 -0.1343
vn -0.9421 0.2786 -0.1866
vn -0.9644 0.2285 -0.1332
vn -0.9647 0.2268 -0.1339
vn -0.9474 0.2450 -0.2059
vn -0.9672 0.2203 -0.1267
vn -0.9665 0.2246 -0.1245
vn -0.9647 0.2268 -0.1339
vn -0.9644 0.2285 -0.1332
vn -0.9665 0.2269 -0.1197
vn -0.9656 0.2242 -0.1317
vn -0.9647 0.2268 -0.1339
vn -0.9665 0.2246 -0.1245
vn -0.9565 0.2133 -0.1990
vn -0.9474 0.2450 -0.2059
vn -0.9647 0.2268 -0.1339
vn -0.9656 0.2242 -0.1317
vn -0.9519 0.2893 -0.1010
vn -0.9691 0.2244 -0.1024
vn -0.9660 0.2271 -0.1236
vn -0.9444 0.2934 -0.1484
vn -0.9723 0.2099 -0.1024
vn -0.9697 0.2132 -0.1195
vn -0.9660 0.2271 -0.1236
vn -0.9691 0.2244 -0.1024
vn -0.9672 0.2203 -0.1267
vn -0.9644 0.2285 -0.1332
vn -0.9660 0.2271 -0.1236
vn -0.9697 0.2132 -0.1195
vn -0.9421 0.2786 -0.1866
vn -0.9444 0.2934 -0.1484
vn -0.9660 0.2271 -0.1236
vn -0.9644 0.2285 -0.1332
vn -0.9609 0.2755 -0.0277
vn -0.9728 0.2218 -0.0671
vn -0.9717 0.2231 -0.0769
vn -0.9570 0.2841 -0.0587
vn -0.9757 0.2059 -0.0744
vn -0.9751 0.2060 -0.0816
vn -0.9717 0.2231 -0.0769
vn -0.9728 0.2218 -0.0671
vn -0.9723 0.2099 -0.1024
vn -0.9691 0.2244 -0.1024
vn -0.9717 0.2231 -0.0769
vn -0.9751 0.2060 -0.0816
vn -0.9519 0.2893 -0.1010
vn -0.9570 0.2841 -0.0587
vn -0.9717 0.2231 -0.0769
vn -0.9691 0.2244 -0.1024
vn -0.9726 0.2324 0.0051
vn -0.9739 0.2198 -0.0572
vn -0.9733 0.2203 -0.0637
vn -0.9664 0.2566 -0.0138
vn -0.9755 0.2112 -0.0619
vn -0.9747 0.2111 -0.0728
vn -0.9733 0.2203 -0.0637
vn -0.9739 0.2198 -0.0572
vn -0.9757 0.2059 -0.0744
vn -0.9728 0.2218 -0.0671
vn -0.9733 0.2203 -0.0637
vn -0.9747 0.2111 -0.0728
vn -0.9609 0.2755 -0.0277
vn -0.9664 0.2566 -0.0138
vn -0.9733 0.2203 -0.0637
vn -0.9728 0.2218 -0.0671
vn -0.9854 0.1701 0.0099
vn -0.9782 0.2037 -0.0397
vn -0.9760 0.2125 -0.0466
vn -0.9786 0.2048 0.0185
vn -0.9802 0.1931 -0.0430
vn -0.9764 0.2101 -0.0497
vn -0.9760 0.2125 -0.0466
vn -0.9782 0.2037 -0.0397
vn -0.9755 0.2112 -0.0619
vn -0.9739 0.2198 -0.0572
vn -0.9760 0.2125 -0.0466
vn -0.9764 0.2101 -0.0497
vn -0.9726 0.2324 0.0051
vn -0.9786 0.2048 0.0185
vn -0.9760 0.2125 -0.0466
vn -0.9739 0.2198 -0.0572
vn -0.9899 0.1169 -0.0807
vn -0.9825 0.1661 -0.0841
vn -0.9823 0.1811 -0.0477
vn -0.9909 0.1335 -0.0176
vn -0.9873 0.1387 -0.0771
vn -0.9857 0.1626 -0.0434
vn -0.9823 0.1811 -0.0477
vn -0.9825 0.1661 -0.0841
vn -0.9802 0.1931 -0.0430
vn -0.9782 0.2037 -0.0397
vn -0.9823 0.1811 -0.0477
vn -0.9857 0.1626 -0.0434
vn -0.9854 0.1701 0.0099
vn -0.9909 0.1335 -0.0176
vn -0.9823 0.1811 -0.0477
vn -0.9782 0.2037 -0.0397
vn -0.9700 0.1595 -0.1834
vn -0.9684 0.2094 -0.1357
vn -0.9751 0.1854 -0.1215
vn -0.9804 0.1296 -0.1487
vn -0.9700 0.2116 -0.1193
vn -0.9770 0.1780 -0.1171
vn -0.9751 0.1854 -0.1215
vn -0.9684 0.2094 -0.1357
vn -0.9873 0.1387 -0.0771
vn -0.9825 0.1661 -0.0841
vn -0.9751 0.1854 -0.1215
vn -0.9770 0.1780 -0.1171
vn -0.9899 0.1169 -0.0807
vn -0.9804 0.1296 -0.1487
vn -0.9751 0.1854 -0.1215
vn -0.9825 0.1661 -0.0841
vn -0.9565 0.2133 -0.1990
vn -0.9656 0.2242 -0.1317
vn -0.9666 0.2187 -0.1335
vn -0.9629 0.1892 -0.1924
vn -0.9665 0.2269 -0.1197
vn -0.9671 0.2260 -0.1170
vn -0.9666 0.2187 -0.1335
vn -0.9656 0.2242 -0.1317
vn -0.9700 0.2116 -0.1193
vn -0.9684 0.2094 -0.1357
vn -0.9666 0.2187 -0.1335
vn -0.9671 0.2260 -0.1170
vn -0.9700 0.1595 -0.1834
vn -0.9629 0.1892 -0.1924
vn -0.9666 0.2187 -0.1335
vn -0.9684 0.2094 -0.1357
vn -0.9929 0.1186 -0.0085
vn -0.9836 0.1797 -0.0120
vn -0.9806 0.1938 -0.0293
vn -0.9857 0.1675 -0.0173
vn -0.9792 0.2021 -0.0168
vn -0.9775 0.2070 -0.0411
vn -0.9806 0.1938 -0.0293
vn -0.9836 0.1797 -0.0120
vn -0.9755 0.2112 -0.0619
vn -0.9764 0.2101 -0.0497
vn -0.9806 0.1938 -0.0293
vn -0.9775 0.2070 -0.0411
vn -0.9802 0.1931 -0.0430
vn -0.9857 0.1675 -0.0173
vn -0.9806 0.1938 -0.0293
vn -0.9764 0.2101 -0.0497
vn -0.9757 0.2059 -0.0744
vn -0.9747 0.2111 -0.0728
vn -0.9728 0.2268 -0.0474
vn -0.9638 0.2643 -0.0360
vn -0.9755 0.2112 -0.0619
vn -0.9775 0.2070 -0.0411
vn -0.9728 0.2268 -0.0474
vn -0.9747 0.2111 -0.0728
vn -0.9792 0.2021 -0.0168
vn -0.9655 0.2574 -0.0393
vn -0.9728 0.2268 -0.0474
vn -0.9775 0.2070 -0.0411
vn -0.8192 0.5683 -0.0773
vn -0.9638 0.2643 -0.0360
vn -0.9728 0.2268 -0.0474
vn -0.9655 0.2574 -0.0393
vn -0.9672 0.2203 -0.1267
vn -0.9697 0.2132 -0.1195
vn -0.8864 0.4122 -0.2108
vn -0.9157 0.3170 -0.2470
vn -0.9723 0.2099 -0.1024
vn -0.9020 0.4051 -0.1491
vn -0.8864 0.4122 -0.2108
vn -0.9697 0.2132 -0.1195
vn -0.6638 0.7077 -0.2420
vn -0.6220 0.7024 -0.3461
vn -0.8864 0.4122 -0.2108
vn -0.9020 0.4051 -0.1491
vn -0.7247 0.5686 -0.3892
vn -0.9157 0.3170 -0.2470
vn -0.8864 0.4122 -0.2108
vn -0.6220 0.7024 -0.3461
vn -0.9825 0.1240 -0.1390
vn -0.9924 0.0826 -0.0907
vn -0.9859 0.1306 -0.1047
vn -0.9736 0.1823 -0.1373
vn -0.9948 0.0776 -0.0665
vn -0.9938 0.0875 -0.0687
vn -0.9859 0.1306 -0.1047
vn -0.9924 0.0826 -0.0907
vn -0.9873 0.1387 -0.0771
vn -0.9770 0.1780 -0.1171
vn -0.9859 0.1306 -0.1047
vn -0.9938 0.0875 -0.0687
vn -0.9700 0.2116 -0.1193
vn -0.9736 0.1823 -0.1373
vn -0.9859 0.1306 -0.1047
vn -0.9770 0.1780 -0.1171
vn -0.9927 -0.1198 0.0149
vn -0.9964 -0.0778 0.0345
vn -0.9959 -0.0792 0.0429
vn -0.9939 -0.1054 0.0323
vn -0.9984 -0.0121 0.0559
vn -0.9960 -0.0663 0.0601
vn -0.9959 -0.0792 0.0429
vn -0.9964 -0.0778 0.0345
vn -0.9962 -0.0737 0.0466
vn -0.9956 -0.0812 0.0473
vn -0.9959 -0.0792 0.0429
vn -0.9960 -0.0663 0.0601
vn -0.9934 -0.1062 0.0441
vn -0.9939 -0.1054 0.0323
vn -0.9959 -0.0792 0.0429
vn -0.9956 -0.0812 0.0473
vn -0.9984 -0.0121 0.0559
vn -0.9989 0.0324 0.0346
vn -0.9992 -0.0340 0.0226
vn -0.9960 -0.0663 0.0601
vn -0.9998 -0.0111 -0.0140
vn -0.9937 -0.0723 -0.0861
vn -0.9992 -0.0340 0.0226
vn -0.9989 0.0324 0.0346
vn -0.9950 -0.0748 -0.0668
vn -0.9984 -0.0562 0.0096
vn -0.9992 -0.0340 0.0226
vn -0.9937 -0.0723 -0.0861
vn -0.9962 -0.0737 0.0466
vn -0.9960 -0.0663 0.0601
vn -0.9992 -0.0340 0.0226
vn -0.9984 -0.0562 0.0096
vn -0.9998 -0.0111 -0.0140
vn -0.9952 -0.0936 -0.0273
vn -0.9927 -0.1015 -0.0658
vn -0.9937 -0.0723 -0.0861
vn -0.9896 -0.1375 -0.0427
vn -0.9884 -0.1315 -0.0762
vn -0.9927 -0.1015 -0.0658
vn -0.9952 -0.0936 -0.0273
vn -0.9798 -0.1414 -0.1411
vn -0.9899 -0.1048 -0.0957
vn -0.9927 -0.1015 -0.0658
vn -0.9884 -0.1315 -0.0762
vn -0.9950 -0.0748 -0.0668
vn -0.9937 -0.0723 -0.0861
vn -0.9927 -0.1015 -0.0658
vn -0.9899 -0.1048 -0.0957
vn -0.9896 -0.1375 -0.0427
vn -0.9887 -0.1479 -0.0221
vn -0.9904 -0.1370 -0.0199
vn -0.9884 -0.1315 -0.0762
vn -0.9927 -0.1198 0.0149
vn -0.9939 -0.1054 0.0323
vn -0.9904 -0.1370 -0.0199
vn -0.9887 -0.1479 -0.0221
vn -0.9934 -0.1062 0.0441
vn -0.9812 -0.1773 -0.0759
vn -0.9904 -0.1370 -0.0199
vn -0.9939 -0.1054 0.0323
vn -0.9798 -0.1414 -0.1411
vn -0.9884 -0.1315 -0.0762
vn -0.9904 -0.1370 -0.0199
vn -0.9812 -0.1773 -0.0759
vn 0.4473 -0.7759 -0.4448
vn 0.2311 -0.8088 -0.5407
vn 0.0700 -0.8069 -0.5865
vn 0.1123 -0.8771 -0.4670
vn 0.2127 -0.8361 -0.5056
vn 0.0924 -0.8540 -0.5119
vn 0.0700 -0.8069 -0.5865
vn 0.2311 -0.8088 -0.5407
vn -0.0000 -0.8584 -0.5130
vn -0.0000 -0.8041 -0.5944
vn 0.0700 -0.8069 -0.5865
vn 0.0924 -0.8540 -0.5119
vn -0.0000 -0.8786 -0.4775
vn 0.1123 -0.8771 -0.4670
vn 0.0700 -0.8069 -0.5865
vn -0.0000 -0.8041 -0.5944
vn -0.9354 0.2348 -0.2642
vn -0.9069 0.3078 -0.2876
vn -0.9467 0.1451 -0.2875
vn -0.9662 0.1039 -0.2361
vn -0.8271 0.4177 -0.3761
vn -0.8881 0.2314 -0.3971
vn -0.9467 0.1451 -0.2875
vn -0.9069 0.3078 -0.2876
vn -0.6097 -0.2469 -0.7532
vn -0.8580 -0.1806 -0.4808
vn -0.9467 0.1451 -0.2875
vn -0.8881 0.2314 -0.3971
vn -0.8913 -0.1358 -0.4327
vn -0.9662 0.1039 -0.2361
vn -0.9467 0.1451 -0.2875
vn -0.8580 -0.1806 -0.4808
vn -0.6417 0.5926 -0.4869
vn -0.5568 0.6239 -0.5484
vn -0.7916 0.4650 -0.3964
vn -0.8490 0.3951 -0.3508
vn -0.5150 0.6827 -0.5183
vn -0.6872 0.5716 -0.4485
vn -0.7916 0.4650 -0.3964
vn -0.5568 0.6239 -0.5484
vn -0.8271 0.4177 -0.3761
vn -0.9069 0.3078 -0.2876
vn -0.7916 0.4650 -0.3964
vn -0.6872 0.5716 -0.4485
vn -0.9354 0.2348 -0.2642
vn -0.8490 0.3951 -0.3508
vn -0.7916 0.4650 -0.3964
vn -0.9069 0.3078 -0.2876
vn -0.0000 0.7737 -0.6336
vn -0.0000 0.7313 -0.6820
vn -0.2892 0.7128 -0.6390
vn -0.3359 0.7248 -0.6016
vn -0.0000 0.8057 -0.5923
vn -0.2585 0.7676 -0.5865
vn -0.2892 0.7128 -0.6390
vn -0.0000 0.7313 -0.6820
vn -0.5150 0.6827 -0.5183
vn -0.5568 0.6239 -0.5484
vn -0.2892 0.7128 -0.6390
vn -0.2585 0.7676 -0.5865
vn -0.6417 0.5926 -0.4869
vn -0.3359 0.7248 -0.6016
vn -0.2892 0.7128 -0.6390
vn -0.5568 0.6239 -0.5484
vn -0.6873 -0.4356 -0.5812
vn -0.6719 -0.4129 -0.6148
vn -0.3415 -0.5593 -0.7553
vn -0.3549 -0.5979 -0.7188
vn -0.6438 -0.3936 -0.6562
vn -0.3300 -0.5190 -0.7885
vn -0.3415 -0.5593 -0.7553
vn -0.6719 -0.4129 -0.6148
vn -0.0000 -0.5619 -0.8272
vn -0.0000 -0.6029 -0.7978
vn -0.3415 -0.5593 -0.7553
vn -0.3300 -0.5190 -0.7885
vn 0.0000 -0.6479 -0.7617
vn -0.3549 -0.5979 -0.7188
vn -0.3415 -0.5593 -0.7553
vn -0.0000 -0.6029 -0.7978
vn -0.9077 -0.1755 -0.3812
vn -0.9075 -0.1615 -0.3878
vn -0.8635 -0.2338 -0.4469
vn -0.8731 -0.2457 -0.4210
vn -0.8985 -0.1389 -0.4163
vn -0.8486 -0.2208 -0.4808
vn -0.8635 -0.2338 -0.4469
vn -0.9075 -0.1615 -0.3878
vn -0.6438 -0.3936 -0.6562
vn -0.6719 -0.4129 -0.6148
vn -0.8635 -0.2338 -0.4469
vn -0.8486 -0.2208 -0.4808
vn -0.6873 -0.4356 -0.5812
vn -0.8731 -0.2457 -0.4210
vn -0.8635 -0.2338 -0.4469
vn -0.6719 -0.4129 -0.6148
vn -0.8904 0.1836 -0.4165
vn -0.8729 0.2916 -0.3912
vn -0.9128 -0.1073 -0.3942
vn -0.9137 -0.1349 -0.3834
vn -0.8164 0.4474 -0.3651
vn -0.9140 -0.0570 -0.4018
vn -0.9128 -0.1073 -0.3942
vn -0.8729 0.2916 -0.3912
vn -0.8985 -0.1389 -0.4163
vn -0.9075 -0.1615 -0.3878
vn -0.9128 -0.1073 -0.3942
vn -0.9140 -0.0570 -0.4018
vn -0.9077 -0.1755 -0.3812
vn -0.9137 -0.1349 -0.3834
vn -0.9128 -0.1073 -0.3942
vn -0.9075 -0.1615 -0.3878
vn -0.0000 0.9874 -0.1582
vn -0.0000 0.9894 -0.1450
vn -0.0942 0.9805 -0.1722
vn -0.0776 0.9824 -0.1697
vn -0.0000 0.9952 -0.0975
vn -0.1047 0.9878 -0.1152
vn -0.0942 0.9805 -0.1722
vn -0.0000 0.9894 -0.1450
vn -0.3148 0.9237 -0.2184
vn -0.2779 0.9266 -0.2534
vn -0.0942 0.9805 -0.1722
vn -0.1047 0.9878 -0.1152
vn -0.2447 0.9402 -0.2370
vn -0.0776 0.9824 -0.1697
vn -0.0942 0.9805 -0.1722
vn -0.2779 0.9266 -0.2534
vn -0.9934 -0.1062 0.0441
vn -0.9956 -0.0812 0.0473
vn -0.9583 -0.0583 0.2798
vn -0.9241 -0.1247 0.3613
vn -0.9962 -0.0737 0.0466
vn -0.7038 0.0998 0.7034
vn -0.9583 -0.0583 0.2798
vn -0.9956 -0.0812 0.0473
vn 0.7460 0.2735 0.6072
vn 0.1239 0.0909 0.9881
vn -0.9583 -0.0583 0.2798
vn -0.7038 0.0998 0.7034
vn 0.2432 -0.0591 0.9682
vn -0.9241 -0.1247 0.3613
vn -0.9583 -0.0583 0.2798
vn 0.1239 0.0909 0.9881
vn -0.9962 -0.0737 0.0466
vn -0.9984 -0.0562 0.0096
vn -0.9997 -0.0135 -0.0190
vn -0.7038 0.0998 0.7034
vn -0.9950 -0.0748 -0.0668
vn -0.9910 -0.0776 -0.1086
vn -0.9997 -0.0135 -0.0190
vn -0.9984 -0.0562 0.0096
vn -0.9883 -0.0691 -0.1363
vn -0.0789 0.9558 -0.2832
vn -0.9997 -0.0135 -0.0190
vn -0.9910 -0.0776 -0.1086
vn 0.7460 0.2735 0.6072
vn -0.7038 0.0998 0.7034
vn -0.9997 -0.0135 -0.0190
vn -0.0789 0.9558 -0.2832
vn -0.9950 -0.0748 -0.0668
vn -0.9899 -0.1048 -0.0957
vn -0.9857 -0.1035 -0.1326
vn -0.9910 -0.0776 -0.1086
vn -0.9798 -0.1414 -0.1411
vn -0.9670 -0.1383 -0.2139
vn -0.9857 -0.1035 -0.1326
vn -0.9899 -0.1048 -0.0957
vn -0.9529 -0.1336 -0.2722
vn -0.9812 -0.0985 -0.1662
vn -0.9857 -0.1035 -0.1326
vn -0.9670 -0.1383 -0.2139
vn -0.9883 -0.0691 -0.1363
vn -0.9910 -0.0776 -0.1086
vn -0.9857 -0.1035 -0.1326
vn -0.9812 -0.0985 -0.1662
vn -0.9798 -0.1414 -0.1411
vn -0.9812 -0.1773 -0.0759
vn -0.9615 -0.2436 -0.1271
vn -0.9670 -0.1383 -0.2139
vn -0.9934 -0.1062 0.0441
vn -0.9241 -0.1247 0.3613
vn -0.9615 -0.2436 -0.1271
vn -0.9812 -0.1773 -0.0759
vn 0.2432 -0.0591 0.9682
vn 0.2687 -0.8126 -0.5171
vn -0.9615 -0.2436 -0.1271
vn -0.9241 -0.1247 0.3613
vn -0.9529 -0.1336 -0.2722
vn -0.9670 -0.1383 -0.2139
vn -0.9615 -0.2436 -0.1271
vn 0.2687 -0.8126 -0.5171
vn 0.9874 0.0756 0.1394
vn 0.9871 0.0651 0.1461
vn 0.9817 0.0569 0.1816
vn 0.9800 0.0651 0.1882
vn 0.9871 0.0582 0.1494
vn 0.9830 0.0495 0.1770
vn 0.9817 0.0569 0.1816
vn 0.9871 0.0651 0.1461
vn 0.9777 0.0448 0.2050
vn 0.9743 0.0497 0.2196
vn 0.9817 0.0569 0.1816
vn 0.9830 0.0495 0.1770
vn 0.9688 0.0584 0.2407
vn 0.9800 0.0651 0.1882
vn 0.9817 0.0569 0.1816
vn 0.9743 0.0497 0.2196
vn -0.9876 -0.0594 -0.1454
vn -0.9877 -0.0524 -0.1472
vn -0.0041 0.9363 -0.3512
vn 0.0093 0.8619 -0.5070
vn -0.9875 -0.0478 -0.1502
vn 0.0076 0.9223 -0.3865
vn -0.0041 0.9363 -0.3512
vn -0.9877 -0.0524 -0.1472
vn 0.9871 0.0582 0.1494
vn 0.9871 0.0651 0.1461
vn -0.0041 0.9363 -0.3512
vn 0.0076 0.9223 -0.3865
vn 0.9874 0.0756 0.1394
vn 0.0093 0.8619 -0.5070
vn -0.0041 0.9363 -0.3512
vn 0.9871 0.0651 0.1461
vn -0.9654 -0.0740 -0.2501
vn -0.9732 -0.0598 -0.2221
vn -0.9825 -0.0597 -0.1765
vn -0.9809 -0.0680 -0.1824
vn -0.9770 -0.0529 -0.2064
vn -0.9838 -0.0519 -0.1717
vn -0.9825 -0.0597 -0.1765
vn -0.9732 -0.0598 -0.2221
vn -0.9875 -0.0478 -0.1502
vn -0.9877 -0.0524 -0.1472
vn -0.9825 -0.0597 -0.1765
vn -0.9838 -0.0519 -0.1717
vn -0.9876 -0.0594 -0.1454
vn -0.9809 -0.0680 -0.1824
vn -0.9825 -0.0597 -0.1765
vn -0.9877 -0.0524 -0.1472
vn 0.9688 0.0584 0.2407
vn 0.9743 0.0497 0.2196
vn 0.1724 -0.8038 -0.5693
vn 0.2318 -0.6747 -0.7008
vn 0.9777 0.0448 0.2050
vn 0.1661 -0.7846 -0.5974
vn 0.1724 -0.8038 -0.5693
vn 0.9743 0.0497 0.2196
vn -0.9770 -0.0529 -0.2064
vn -0.9732 -0.0598 -0.2221
vn 0.1724 -0.8038 -0.5693
vn 0.1661 -0.7846 -0.5974
vn -0.9654 -0.0740 -0.2501
vn 0.2318 -0.6747 -0.7008
vn 0.1724 -0.8038 -0.5693
vn -0.9732 -0.0598 -0.2221
vn 0.9858 0.0486 0.1608
vn 0.9831 0.0453 0.1775
vn 0.9837 0.0415 0.1750
vn 0.9839 0.0425 0.1737
vn 0.9821 0.0406 0.1838
vn 0.9818 0.0393 0.1860
vn 0.9837 0.0415 0.1750
vn 0.9831 0.0453 0.1775
vn 0.9824 0.0393 0.1824
vn 0.9828 0.0394 0.1802
vn 0.9837 0.0415 0.1750
vn 0.9818 0.0393 0.1860
vn 0.9819 0.0403 0.1853
vn 0.9839 0.0425 0.1737
vn 0.9837 0.0415 0.1750
vn 0.9828 0.0394 0.1802
vn 0.9871 0.0582 0.1494
vn 0.9865 0.0522 0.1550
vn 0.9836 0.0460 0.1743
vn 0.9830 0.0495 0.1770
vn 0.9858 0.0486 0.1608
vn 0.9839 0.0425 0.1737
vn 0.9836 0.0460 0.1743
vn 0.9865 0.0522 0.1550
vn 0.9819 0.0403 0.1853
vn 0.9802 0.0413 0.1938
vn 0.9836 0.0460 0.1743
vn 0.9839 0.0425 0.1737
vn 0.9777 0.0448 0.2050
vn 0.9830 0.0495 0.1770
vn 0.9836 0.0460 0.1743
vn 0.9802 0.0413 0.1938
vn 0.9688 0.0584 0.2407
vn 0.9516 0.0719 0.2989
vn 0.9719 0.0814 0.2210
vn 0.9800 0.0651 0.1882
vn 0.2432 -0.0591 0.9682
vn 0.1239 0.0909 0.9881
vn 0.9719 0.0814 0.2210
vn 0.9516 0.0719 0.2989
vn 0.7460 0.2735 0.6072
vn 0.9850 0.0903 0.1471
vn 0.9719 0.0814 0.2210
vn 0.1239 0.0909 0.9881
vn 0.9874 0.0756 0.1394
vn 0.9800 0.0651 0.1882
vn 0.9719 0.0814 0.2210
vn 0.9850 0.0903 0.1471
vn -0.9864 -0.0419 -0.1590
vn -0.9870 -0.0403 -0.1556
vn -0.1138 0.8824 0.4565
vn -0.0006 0.9663 -0.2574
vn -0.9871 -0.0434 -0.1541
vn -0.1715 0.2168 0.9610
vn -0.1138 0.8824 0.4565
vn -0.9870 -0.0403 -0.1556
vn 0.9821 0.0406 0.1838
vn 0.9831 0.0453 0.1775
vn -0.1138 0.8824 0.4565
vn -0.1715 0.2168 0.9610
vn 0.9858 0.0486 0.1608
vn -0.0006 0.9663 -0.2574
vn -0.1138 0.8824 0.4565
vn 0.9831 0.0453 0.1775
vn -0.9875 -0.0478 -0.1502
vn -0.9872 -0.0441 -0.1533
vn -0.0103 0.9727 -0.2316
vn 0.0076 0.9223 -0.3865
vn -0.9864 -0.0419 -0.1590
vn -0.0006 0.9663 -0.2574
vn -0.0103 0.9727 -0.2316
vn -0.9872 -0.0441 -0.1533
vn 0.9858 0.0486 0.1608
vn 0.9865 0.0522 0.1550
vn -0.0103 0.9727 -0.2316
vn -0.0006 0.9663 -0.2574
vn 0.9871 0.0582 0.1494
vn 0.0076 0.9223 -0.3865
vn -0.0103 0.9727 -0.2316
vn 0.9865 0.0522 0.1550
vn 0.9874 0.0756 0.1394
vn 0.9850 0.0903 0.1471
vn -0.0198 0.9143 -0.4045
vn 0.0093 0.8619 -0.5070
vn 0.7460 0.2735 0.6072
vn -0.0789 0.9558 -0.2832
vn -0.0198 0.9143 -0.4045
vn 0.9850 0.0903 0.1471
vn -0.9883 -0.0691 -0.1363
vn -0.9880 -0.0700 -0.1376
vn -0.0198 0.9143 -0.4045
vn -0.0789 0.9558 -0.2832
vn -0.9876 -0.0594 -0.1454
vn 0.0093 0.8619 -0.5070
vn -0.0198 0.9143 -0.4045
vn -0.9880 -0.0700 -0.1376
vn -0.9820 -0.0447 -0.1837
vn -0.9837 -0.0431 -0.1743
vn -0.9849 -0.0436 -0.1677
vn -0.9847 -0.0446 -0.1685
vn -0.9849 -0.0430 -0.1676
vn -0.9864 -0.0439 -0.1584
vn -0.9849 -0.0436 -0.1677
vn -0.9837 -0.0431 -0.1743
vn -0.9871 -0.0434 -0.1541
vn -0.9870 -0.0403 -0.1556
vn -0.9849 -0.0436 -0.1677
vn -0.9864 -0.0439 -0.1584
vn -0.9864 -0.0419 -0.1590
vn -0.9847 -0.0446 -0.1685
vn -0.9849 -0.0436 -0.1677
vn -0.9870 -0.0403 -0.1556
vn -0.9770 -0.0529 -0.2064
vn -0.9802 -0.0470 -0.1925
vn -0.9844 -0.0482 -0.1693
vn -0.9838 -0.0519 -0.1717
vn -0.9820 -0.0447 -0.1837
vn -0.9847 -0.0446 -0.1685
vn -0.9844 -0.0482 -0.1693
vn -0.9802 -0.0470 -0.1925
vn -0.9864 -0.0419 -0.1590
vn -0.9872 -0.0441 -0.1533
vn -0.9844 -0.0482 -0.1693
vn -0.9847 -0.0446 -0.1685
vn -0.9875 -0.0478 -0.1502
vn -0.9838 -0.0519 -0.1717
vn -0.9844 -0.0482 -0.1693
vn -0.9872 -0.0441 -0.1533
vn -0.9876 -0.0594 -0.1454
vn -0.9880 -0.0700 -0.1376
vn -0.9794 -0.0837 -0.1840
vn -0.9809 -0.0680 -0.1824
vn -0.9883 -0.0691 -0.1363
vn -0.9812 -0.0985 -0.1662
vn -0.9794 -0.0837 -0.1840
vn -0.9880 -0.0700 -0.1376
vn -0.9529 -0.1336 -0.2722
vn -0.9581 -0.0923 -0.2712
vn -0.9794 -0.0837 -0.1840
vn -0.9812 -0.0985 -0.1662
vn -0.9654 -0.0740 -0.2501
vn -0.9809 -0.0680 -0.1824
vn -0.9794 -0.0837 -0.1840
vn -0.9581 -0.0923 -0.2712
vn 0.9819 0.0403 0.1853
vn 0.9828 0.0394 0.1802
vn -0.0090 -0.9644 0.2645
vn 0.1198 -0.8875 -0.4450
vn 0.9824 0.0393 0.1824
vn -0.1434 -0.4277 0.8925
vn -0.0090 -0.9644 0.2645
vn 0.9828 0.0394 0.1802
vn -0.9849 -0.0430 -0.1676
vn -0.9837 -0.0431 -0.1743
vn -0.0090 -0.9644 0.2645
vn -0.1434 -0.4277 0.8925
vn -0.9820 -0.0447 -0.1837
vn 0.1198 -0.8875 -0.4450
vn -0.0090 -0.9644 0.2645
vn -0.9837 -0.0431 -0.1743
vn 0.9777 0.0448 0.2050
vn 0.9802 0.0413 0.1938
vn 0.1133 -0.9202 -0.3747
vn 0.1661 -0.7846 -0.5974
vn 0.9819 0.0403 0.1853
vn 0.1198 -0.8875 -0.4450
vn 0.1133 -0.9202 -0.3747
vn 0.9802 0.0413 0.1938
vn -0.9820 -0.0447 -0.1837
vn -0.9802 -0.0470 -0.1925
vn 0.1133 -0.9202 -0.3747
vn 0.1198 -0.8875 -0.4450
vn -0.9770 -0.0529 -0.2064
vn 0.1661 -0.7846 -0.5974
vn 0.1133 -0.9202 -0.3747
vn -0.9802 -0.0470 -0.1925
vn -0.9654 -0.0740 -0.2501
vn -0.9581 -0.0923 -0.2712
vn 0.2190 -0.8111 -0.5424
vn 0.2318 -0.6747 -0.7008
vn -0.9529 -0.1336 -0.2722
vn 0.2687 -0.8126 -0.5171
vn 0.2190 -0.8111 -0.5424
vn -0.9581 -0.0923 -0.2712
vn 0.2432 -0.0591 0.9682
vn 0.9516 0.0719 0.2989
vn 0.2190 -0.8111 -0.5424
vn 0.2687 -0.8126 -0.5171
vn 0.9688 0.0584 0.2407
vn 0.2318 -0.6747 -0.7008
vn 0.2190 -0.8111 -0.5424
vn 0.9516 0.0719 0.2989
vn 0.9834 -0.1467 -0.1070
vn 0.9777 -0.1491 -0.1478
vn 0.9850 -0.1029 -0.1384
vn 0.9902 -0.1010 -0.0966
vn 0.9722 -0.1522 -0.1779
vn 0.9802 -0.1052 -0.1675
vn 0.9850 -0.1029 -0.1384
vn 0.9777 -0.1491 -0.1478
vn 0.9853 -0.0282 -0.1687
vn 0.9899 -0.0270 -0.1394
vn 0.9850 -0.1029 -0.1384
vn 0.9802 -0.1052 -0.1675
vn 0.9949 -0.0258 -0.0977
vn 0.9902 -0.1010 -0.0966
vn 0.9850 -0.1029 -0.1384
vn 0.9899 -0.0270 -0.1394
vn 0.0000 -0.8476 -0.5306
vn 0.4093 -0.7648 -0.4975
vn 0.4160 -0.7942 -0.4428
vn -0.0000 -0.8831 -0.4693
vn 0.7729 -0.5062 -0.3825
vn 0.7875 -0.5133 -0.3410
vn 0.4160 -0.7942 -0.4428
vn 0.4093 -0.7648 -0.4975
vn 0.7970 -0.5151 -0.3154
vn 0.4155 -0.8037 -0.4260
vn 0.4160 -0.7942 -0.4428
vn 0.7875 -0.5133 -0.3410
vn 0.0000 -0.8904 -0.4552
vn -0.0000 -0.8831 -0.4693
vn 0.4160 -0.7942 -0.4428
vn 0.4155 -0.8037 -0.4260
vn -0.0000 -0.3388 0.9409
vn 0.9997 -0.0084 0.0246
vn 0.9996 -0.0053 0.0271
vn -0.0000 -0.1976 0.9803
vn 0.9999 -0.0057 0.0160
vn 0.9998 -0.0035 0.0171
vn 0.9996 -0.0053 0.0271
vn 0.9997 -0.0084 0.0246
vn 0.9998 -0.0011 0.0179
vn 0.9996 -0.0016 0.0290
vn 0.9996 -0.0053 0.0271
vn 0.9998 -0.0035 0.0171
vn 0.0000 -0.0476 0.9989
vn -0.0000 -0.1976 0.9803
vn 0.9996 -0.0053 0.0271
vn 0.9996 -0.0016 0.0290
vn -0.0000 0.8134 0.5817
vn 0.9950 0.0813 0.0578
vn 0.9964 0.0689 0.0499
vn 0.0000 0.8006 0.5992
vn 0.9992 0.0334 0.0206
vn 0.9994 0.0290 0.0182
vn 0.9964 0.0689 0.0499
vn 0.9950 0.0813 0.0578
vn 0.9995 0.0261 0.0183
vn 0.9974 0.0586 0.0424
vn 0.9964 0.0689 0.0499
vn 0.9994 0.0290 0.0182
vn 0.0000 0.8088 0.5881
vn 0.0000 0.8006 0.5992
vn 0.9964 0.0689 0.0499
vn 0.9974 0.0586 0.0424
vn 0.0000 0.5224 -0.8527
vn 0.1669 0.5361 -0.8275
vn 0.1358 0.3399 -0.9306
vn 0.0000 0.2973 -0.9548
vn 0.4139 0.5693 -0.7103
vn 0.3854 0.3813 -0.8402
vn 0.1358 0.3399 -0.9306
vn 0.1669 0.5361 -0.8275
vn 0.2879 0.1068 -0.9517
vn 0.1143 0.0049 -0.9934
vn 0.1358 0.3399 -0.9306
vn 0.3854 0.3813 -0.8402
vn 0.0000 -0.0481 -0.9988
vn 0.0000 0.2973 -0.9548
vn 0.1358 0.3399 -0.9306
vn 0.1143 0.0049 -0.9934
vn 0.9886 -0.1045 0.1087
vn 0.9896 -0.1061 0.0977
vn 0.9928 -0.0742 0.0938
vn 0.9910 -0.0754 0.1103
vn 0.9890 -0.1067 0.1020
vn 0.9924 -0.0737 0.0983
vn 0.9928 -0.0742 0.0938
vn 0.9896 -0.1061 0.0977
vn 0.9955 -0.0208 0.0930
vn 0.9957 -0.0219 0.0904
vn 0.9928 -0.0742 0.0938
vn 0.9924 -0.0737 0.0983
vn 0.9936 -0.0230 0.1104
vn 0.9910 -0.0754 0.1103
vn 0.9928 -0.0742 0.0938
vn 0.9957 -0.0219 0.0904
vn 0.0000 -0.8742 0.4855
vn 0.4981 -0.8162 0.2928
vn 0.5270 -0.7911 0.3104
vn 0.0000 -0.9420 0.3357
vn 0.8583 -0.4493 0.2478
vn 0.8981 -0.3898 0.2036
vn 0.5270 -0.7911 0.3104
vn 0.4981 -0.8162 0.2928
vn 0.8988 -0.4042 0.1695
vn 0.5458 -0.7947 0.2657
vn 0.5270 -0.7911 0.3104
vn 0.8981 -0.3898 0.2036
vn -0.0000 -0.9535 0.3014
vn 0.0000 -0.9420 0.3357
vn 0.5270 -0.7911 0.3104
vn 0.5458 -0.7947 0.2657
vn 0.0000 0.9987 -0.0505
vn 0.5614 0.8243 0.0730
vn 0.5794 0.8141 0.0386
vn 0.0000 0.9991 0.0425
vn 0.8748 0.4809 0.0588
vn 0.9053 0.4240 0.0239
vn 0.5794 0.8141 0.0386
vn 0.5614 0.8243 0.0730
vn 0.9015 0.4312 0.0358
vn 0.5792 0.8135 0.0523
vn 0.5794 0.8141 0.0386
vn 0.9053 0.4240 0.0239
vn -0.0000 0.9983 0.0582
vn 0.0000 0.9991 0.0425
vn 0.5794 0.8141 0.0386
vn 0.5792 0.8135 0.0523
vn 0.9897 -0.1350 -0.0482
vn 0.9883 -0.1375 -0.0656
vn 0.9943 -0.0902 -0.0571
vn 0.9953 -0.0892 -0.0372
vn 0.9868 -0.1400 -0.0809
vn 0.9933 -0.0909 -0.0715
vn 0.9943 -0.0902 -0.0571
vn 0.9883 -0.1375 -0.0656
vn 0.9975 -0.0195 -0.0676
vn 0.9986 -0.0185 -0.0503
vn 0.9943 -0.0902 -0.0571
vn 0.9933 -0.0909 -0.0715
vn 0.9995 -0.0184 -0.0273
vn 0.9953 -0.0892 -0.0372
vn 0.9943 -0.0902 -0.0571
vn 0.9986 -0.0185 -0.0503
vn 0.0000 -0.9374 -0.3482
vn 0.4619 -0.8296 -0.3136
vn 0.4697 -0.8235 -0.3182
vn -0.0000 -0.9324 -0.3615
vn 0.8459 -0.4953 -0.1979
vn 0.8520 -0.4870 -0.1920
vn 0.4697 -0.8235 -0.3182
vn 0.4619 -0.8296 -0.3136
vn 0.8599 -0.4726 -0.1930
vn 0.4743 -0.8101 -0.3446
vn 0.4697 -0.8235 -0.3182
vn 0.8520 -0.4870 -0.1920
vn 0.0000 -0.9203 -0.3913
vn -0.0000 -0.9324 -0.3615
vn 0.4697 -0.8235 -0.3182
vn 0.4743 -0.8101 -0.3446
vn 0.0000 0.9442 -0.3294
vn 0.3528 0.8827 -0.3105
vn 0.3525 0.8531 -0.3846
vn 0.0000 0.9188 -0.3948
vn 0.6638 0.7077 -0.2420
vn 0.6220 0.7024 -0.3461
vn 0.3525 0.8531 -0.3846
vn 0.3528 0.8827 -0.3105
vn 0.7247 0.5686 -0.3892
vn 0.3782 0.8142 -0.4404
vn 0.3525 0.8531 -0.3846
vn 0.6220 0.7024 -0.3461
vn -0.0000 0.8840 -0.4675
vn 0.0000 0.9188 -0.3948
vn 0.3525 0.8531 -0.3846
vn 0.3782 0.8142 -0.4404
vn 0.9853 -0.1436 -0.0921
vn 0.9865 -0.1444 -0.0772
vn 0.9929 -0.0984 -0.0668
vn 0.9918 -0.0957 -0.0850
vn 0.9834 -0.1467 -0.1070
vn 0.9902 -0.1010 -0.0966
vn 0.9929 -0.0984 -0.0668
vn 0.9865 -0.1444 -0.0772
vn 0.9949 -0.0258 -0.0977
vn 0.9975 -0.0244 -0.0658
vn 0.9929 -0.0984 -0.0668
vn 0.9902 -0.1010 -0.0966
vn 0.9962 -0.0228 -0.0842
vn 0.9918 -0.0957 -0.0850
vn 0.9929 -0.0984 -0.0668
vn 0.9975 -0.0244 -0.0658
vn 0.0000 -0.9064 -0.4224
vn 0.4270 -0.8178 -0.3858
vn 0.4422 -0.8267 -0.3479
vn 0.0000 -0.9198 -0.3925
vn 0.8186 -0.5154 -0.2535
vn 0.8313 -0.5137 -0.2124
vn 0.4422 -0.8267 -0.3479
vn 0.4270 -0.8178 -0.3858
vn 0.8352 -0.5097 -0.2066
vn 0.4503 -0.8298 -0.3296
vn 0.4422 -0.8267 -0.3479
vn 0.8313 -0.5137 -0.2124
vn 0.0000 -0.9301 -0.3672
vn 0.0000 -0.9198 -0.3925
vn 0.4422 -0.8267 -0.3479
vn 0.4503 -0.8298 -0.3296
vn -0.0000 0.8148 -0.5797
vn 0.4008 0.7464 -0.5313
vn 0.4090 0.7639 -0.4992
vn -0.0000 0.8415 -0.5402
vn 0.7505 0.5276 -0.3979
vn 0.7625 0.5294 -0.3719
vn 0.4090 0.7639 -0.4992
vn 0.4008 0.7464 -0.5313
vn 0.7619 0.5310 -0.3709
vn 0.4128 0.7701 -0.4864
vn 0.4090 0.7639 -0.4992
vn 0.7625 0.5294 -0.3719
vn -0.0000 0.8512 -0.5248
vn -0.0000 0.8415 -0.5402
vn 0.4090 0.7639 -0.4992
vn 0.4128 0.7701 -0.4864
vn -0.0000 0.7517 -0.6595
vn 0.3535 0.7068 -0.6127
vn 0.3690 0.7164 -0.5921
vn -0.0000 0.7708 -0.6371
vn 0.6940 0.5390 -0.4773
vn 0.7224 0.5273 -0.4473
vn 0.3690 0.7164 -0.5921
vn 0.3535 0.7068 -0.6127
vn 0.7505 0.5276 -0.3979
vn 0.4008 0.7464 -0.5313
vn 0.3690 0.7164 -0.5921
vn 0.7224 0.5273 -0.4473
vn -0.0000 0.8148 -0.5797
vn -0.0000 0.7708 -0.6371
vn 0.3690 0.7164 -0.5921
vn 0.4008 0.7464 -0.5313
vn 0.9868 -0.1400 -0.0809
vn 0.9853 -0.1423 -0.0946
vn 0.9920 -0.0923 -0.0857
vn 0.9933 -0.0909 -0.0715
vn 0.9834 -0.1430 -0.1120
vn 0.9900 -0.0937 -0.1050
vn 0.9920 -0.0923 -0.0857
vn 0.9853 -0.1423 -0.0946
vn 0.9943 -0.0213 -0.1043
vn 0.9963 -0.0206 -0.0839
vn 0.9920 -0.0923 -0.0857
vn 0.9900 -0.0937 -0.1050
vn 0.9975 -0.0195 -0.0676
vn 0.9933 -0.0909 -0.0715
vn 0.9920 -0.0923 -0.0857
vn 0.9963 -0.0206 -0.0839
vn 0.0000 -0.9301 -0.3672
vn 0.4503 -0.8298 -0.3296
vn 0.4543 -0.8320 -0.3185
vn 0.0000 -0.9359 -0.3522
vn 0.8352 -0.5097 -0.2066
vn 0.8370 -0.5051 -0.2104
vn 0.4543 -0.8320 -0.3185
vn 0.4503 -0.8298 -0.3296
vn 0.8381 -0.5030 -0.2111
vn 0.4564 -0.8320 -0.3154
vn 0.4543 -0.8320 -0.3185
vn 0.8370 -0.5051 -0.2104
vn 0.0000 -0.9379 -0.3468
vn 0.0000 -0.9359 -0.3522
vn 0.4543 -0.8320 -0.3185
vn 0.4564 -0.8320 -0.3154
vn 0.0000 0.9855 -0.1694
vn 0.4429 0.8839 -0.1502
vn 0.3960 0.8908 -0.2229
vn 0.0000 0.9651 -0.2618
vn 0.8192 0.5683 -0.0773
vn 0.7077 0.6876 -0.1624
vn 0.3960 0.8908 -0.2229
vn 0.4429 0.8839 -0.1502
vn 0.6638 0.7077 -0.2420
vn 0.3528 0.8827 -0.3105
vn 0.3960 0.8908 -0.2229
vn 0.7077 0.6876 -0.1624
vn 0.0000 0.9442 -0.3294
vn 0.0000 0.9651 -0.2618
vn 0.3960 0.8908 -0.2229
vn 0.3528 0.8827 -0.3105
vn -0.9824 0.0393 0.1824
vn 0.1434 -0.4277 0.8925
vn 0.1651 -0.1479 0.9751
vn -0.9818 0.0393 0.1860
vn 0.9849 -0.0430 -0.1676
vn 0.9864 -0.0439 -0.1584
vn 0.1651 -0.1479 0.9751
vn 0.1434 -0.4277 0.8925
vn 0.9871 -0.0434 -0.1541
vn 0.1714 0.2168 0.9610
vn 0.1651 -0.1479 0.9751
vn 0.9864 -0.0439 -0.1584
vn -0.9821 0.0406 0.1838
vn -0.9818 0.0393 0.1860
vn 0.1651 -0.1479 0.9751
vn 0.1714 0.2168 0.9610
vn 0.0000 -0.9203 -0.3913
vn 0.4743 -0.8101 -0.3446
vn 0.4847 -0.8022 -0.3486
vn 0.0000 -0.9136 -0.4067
vn 0.8599 -0.4726 -0.1930
vn 0.8663 -0.4626 -0.1885
vn 0.4847 -0.8022 -0.3486
vn 0.4743 -0.8101 -0.3446
vn 0.8751 -0.4539 -0.1679
vn 0.4980 -0.8068 -0.3178
vn 0.4847 -0.8022 -0.3486
vn 0.8663 -0.4626 -0.1885
vn 0.0000 -0.9293 -0.3694
vn 0.0000 -0.9136 -0.4067
vn 0.4847 -0.8022 -0.3486
vn 0.4980 -0.8068 -0.3178
vn -0.0000 1.0000 -0.0072
vn 0.5011 0.8654 -0.0003
vn 0.4888 0.8724 -0.0029
vn -0.0000 0.9998 -0.0191
vn 0.8440 0.5339 0.0513
vn 0.8268 0.5618 0.0267
vn 0.4888 0.8724 -0.0029
vn 0.5011 0.8654 -0.0003
vn 0.8274 0.5616 -0.0060
vn 0.4804 0.8766 -0.0299
vn 0.4888 0.8724 -0.0029
vn 0.8268 0.5618 0.0267
vn -0.0000 0.9992 -0.0396
vn -0.0000 0.9998 -0.0191
vn 0.4888 0.8724 -0.0029
vn 0.4804 0.8766 -0.0299
vn 0.9929 -0.1025 0.0603
vn 0.9936 -0.1027 0.0477
vn 0.9963 -0.0702 0.0497
vn 0.9960 -0.0699 0.0550
vn 0.9938 -0.1059 0.0340
vn 0.9966 -0.0706 0.0416
vn 0.9963 -0.0702 0.0497
vn 0.9936 -0.1027 0.0477
vn 0.9990 -0.0149 0.0428
vn 0.9987 -0.0159 0.0485
vn 0.9963 -0.0702 0.0497
vn 0.9966 -0.0706 0.0416
vn 0.9986 -0.0170 0.0494
vn 0.9960 -0.0699 0.0550
vn 0.9963 -0.0702 0.0497
vn 0.9987 -0.0159 0.0485
vn 0.0000 -0.9630 -0.2696
vn 0.5301 -0.8177 -0.2242
vn 0.5444 -0.8215 -0.1696
vn 0.0000 -0.9766 -0.2150
vn 0.8935 -0.4366 -0.1049
vn 0.9007 -0.4290 -0.0680
vn 0.5444 -0.8215 -0.1696
vn 0.5301 -0.8177 -0.2242
vn 0.9074 -0.4186 -0.0369
vn 0.5551 -0.8233 -0.1183
vn 0.5444 -0.8215 -0.1696
vn 0.9007 -0.4290 -0.0680
vn 0.0000 -0.9887 -0.1500
vn 0.0000 -0.9766 -0.2150
vn 0.5444 -0.8215 -0.1696
vn 0.5551 -0.8233 -0.1183
vn -0.0000 0.8551 0.5184
vn 0.9978 0.0563 0.0356
vn 0.9976 0.0644 0.0270
vn -0.0000 0.9251 0.3797
vn 0.9998 0.0150 0.0106
vn 0.9998 0.0187 0.0084
vn 0.9976 0.0644 0.0270
vn 0.9978 0.0563 0.0356
vn 0.9998 0.0207 0.0056
vn 0.9972 0.0725 0.0188
vn 0.9976 0.0644 0.0270
vn 0.9998 0.0187 0.0084
vn -0.0000 0.9664 0.2569
vn -0.0000 0.9251 0.3797
vn 0.9976 0.0644 0.0270
vn 0.9972 0.0725 0.0188
vn 0.9874 -0.0781 0.1378
vn 0.9872 -0.0813 0.1370
vn 0.9886 -0.0607 0.1375
vn 0.9887 -0.0599 0.1375
vn 0.9878 -0.0860 0.1295
vn 0.9892 -0.0622 0.1329
vn 0.9886 -0.0607 0.1375
vn 0.9872 -0.0813 0.1370
vn 0.9905 -0.0202 0.1359
vn 0.9899 -0.0208 0.1403
vn 0.9886 -0.0607 0.1375
vn 0.9892 -0.0622 0.1329
vn 0.9904 -0.0233 0.1360
vn 0.9887 -0.0599 0.1375
vn 0.9886 -0.0607 0.1375
vn 0.9899 -0.0208 0.1403
vn 0.0021 -0.7957 0.6057
vn 0.9991 -0.0327 0.0257
vn 0.9993 -0.0266 0.0252
vn 0.0048 -0.7295 0.6840
vn 0.9999 -0.0077 0.0072
vn 0.9999 -0.0076 0.0073
vn 0.9993 -0.0266 0.0252
vn 0.9991 -0.0327 0.0257
vn 0.9999 -0.0070 0.0082
vn 0.9991 -0.0261 0.0331
vn 0.9993 -0.0266 0.0252
vn 0.9999 -0.0076 0.0073
vn 0.0056 -0.6248 0.7808
vn 0.0048 -0.7295 0.6840
vn 0.9993 -0.0266 0.0252
vn 0.9991 -0.0261 0.0331
vn 0.9878 -0.0860 0.1295
vn 0.9883 -0.0905 0.1229
vn 0.9897 -0.0656 0.1272
vn 0.9892 -0.0622 0.1329
vn 0.9878 -0.0963 0.1227
vn 0.9891 -0.0691 0.1298
vn 0.9897 -0.0656 0.1272
vn 0.9883 -0.0905 0.1229
vn 0.9906 -0.0223 0.1349
vn 0.9910 -0.0205 0.1326
vn 0.9897 -0.0656 0.1272
vn 0.9891 -0.0691 0.1298
vn 0.9905 -0.0202 0.1359
vn 0.9892 -0.0622 0.1329
vn 0.9897 -0.0656 0.1272
vn 0.9910 -0.0205 0.1326
vn -0.0026 -0.9912 -0.1324
vn 0.9986 -0.0534 -0.0056
vn 0.9976 -0.0691 0.0085
vn -0.0079 -0.9936 0.1126
vn 0.9998 -0.0218 -0.0040
vn 0.9998 -0.0202 -0.0010
vn 0.9976 -0.0691 0.0085
vn 0.9986 -0.0534 -0.0056
vn 0.9999 -0.0134 0.0045
vn 0.9974 -0.0676 0.0239
vn 0.9976 -0.0691 0.0085
vn 0.9998 -0.0202 -0.0010
vn -0.0104 -0.9389 0.3439
vn -0.0079 -0.9936 0.1126
vn 0.9976 -0.0691 0.0085
vn 0.9974 -0.0676 0.0239
vn 0.0000 0.9916 0.1296
vn 0.9977 0.0675 0.0087
vn 0.9981 0.0617 0.0078
vn 0.0000 0.9919 0.1269
vn 0.9997 0.0232 0.0031
vn 0.9997 0.0246 0.0030
vn 0.9981 0.0617 0.0078
vn 0.9977 0.0675 0.0087
vn 0.9996 0.0270 0.0020
vn 0.9983 0.0582 0.0032
vn 0.9981 0.0617 0.0078
vn 0.9997 0.0246 0.0030
vn 0.0000 0.9985 0.0548
vn 0.0000 0.9919 0.1269
vn 0.9981 0.0617 0.0078
vn 0.9983 0.0582 0.0032
vn 0.0000 0.5207 0.8537
vn 0.9981 0.0311 0.0535
vn 0.9977 0.0481 0.0477
vn -0.0000 0.7269 0.6868
vn 0.9999 0.0063 0.0112
vn 0.9999 0.0101 0.0121
vn 0.9977 0.0481 0.0477
vn 0.9981 0.0311 0.0535
vn 0.9998 0.0150 0.0106
vn 0.9978 0.0563 0.0356
vn 0.9977 0.0481 0.0477
vn 0.9999 0.0101 0.0121
vn -0.0000 0.8551 0.5184
vn -0.0000 0.7269 0.6868
vn 0.9977 0.0481 0.0477
vn 0.9978 0.0563 0.0356
vn 0.9924 -0.0762 0.0962
vn 0.9878 -0.0794 0.1342
vn 0.9895 -0.0687 0.1275
vn 0.9928 -0.0698 0.0976
vn 0.9862 -0.0774 0.1461
vn 0.9882 -0.0662 0.1385
vn 0.9895 -0.0687 0.1275
vn 0.9878 -0.0794 0.1342
vn 0.9911 -0.0329 0.1293
vn 0.9922 -0.0359 0.1198
vn 0.9895 -0.0687 0.1275
vn 0.9882 -0.0662 0.1385
vn 0.9949 -0.0369 0.0943
vn 0.9928 -0.0698 0.0976
vn 0.9895 -0.0687 0.1275
vn 0.9922 -0.0359 0.1198
vn 0.0056 -0.6248 0.7808
vn 0.9991 -0.0261 0.0331
vn 0.9983 -0.0248 0.0534
vn 0.0073 -0.4325 0.9016
vn 0.9999 -0.0070 0.0082
vn 0.9999 -0.0050 0.0103
vn 0.9983 -0.0248 0.0534
vn 0.9991 -0.0261 0.0331
vn 0.9999 -0.0019 0.0107
vn 0.9977 -0.0103 0.0672
vn 0.9983 -0.0248 0.0534
vn 0.9999 -0.0050 0.0103
vn 0.0076 -0.1970 0.9804
vn 0.0073 -0.4325 0.9016
vn 0.9983 -0.0248 0.0534
vn 0.9977 -0.0103 0.0672
vn -0.0000 0.9983 0.0578
vn 0.5768 0.8152 0.0519
vn 0.5735 0.8179 0.0456
vn -0.0000 0.9988 0.0485
vn 0.9023 0.4294 0.0381
vn 0.9015 0.4313 0.0361
vn 0.5735 0.8179 0.0456
vn 0.5768 0.8152 0.0519
vn 0.8998 0.4355 0.0274
vn 0.5701 0.8211 0.0276
vn 0.5735 0.8179 0.0456
vn 0.9015 0.4313 0.0361
vn -0.0000 0.9996 0.0283
vn -0.0000 0.9988 0.0485
vn 0.5735 0.8179 0.0456
vn 0.5701 0.8211 0.0276
vn 0.9892 -0.1078 0.0993
vn 0.9904 -0.1079 0.0859
vn 0.9947 -0.0735 0.0722
vn 0.9931 -0.0743 0.0907
vn 0.9913 -0.1056 0.0783
vn 0.9954 -0.0727 0.0629
vn 0.9947 -0.0735 0.0722
vn 0.9904 -0.1079 0.0859
vn 0.9986 -0.0187 0.0498
vn 0.9982 -0.0188 0.0572
vn 0.9947 -0.0735 0.0722
vn 0.9954 -0.0727 0.0629
vn 0.9967 -0.0192 0.0786
vn 0.9931 -0.0743 0.0907
vn 0.9947 -0.0735 0.0722
vn 0.9982 -0.0188 0.0572
vn 0.0000 -0.9511 0.3090
vn 0.9989 -0.0445 0.0134
vn 0.9991 -0.0292 0.0312
vn -0.0000 -0.6776 0.7354
vn 0.9998 -0.0194 0.0070
vn 0.9999 -0.0108 0.0127
vn 0.9991 -0.0292 0.0312
vn 0.9989 -0.0445 0.0134
vn 0.9998 -0.0010 0.0188
vn 0.9989 0.0026 0.0458
vn 0.9991 -0.0292 0.0312
vn 0.9999 -0.0108 0.0127
vn -0.0000 -0.0924 0.9957
vn -0.0000 -0.6776 0.7354
vn 0.9991 -0.0292 0.0312
vn 0.9989 0.0026 0.0458
vn -0.0000 1.0000 -0.0006
vn 0.0000 0.9779 -0.2089
vn 0.7439 0.6604 -0.1028
vn 0.6790 0.7341 -0.0066
vn 0.0000 0.9490 -0.3152
vn 0.7807 0.5972 -0.1841
vn 0.7439 0.6604 -0.1028
vn 0.0000 0.9779 -0.2089
vn 0.9666 0.2525 -0.0441
vn 0.9580 0.2867 -0.0003
vn 0.7439 0.6604 -0.1028
vn 0.7807 0.5972 -0.1841
vn 0.9360 0.3359 0.1052
vn 0.6790 0.7341 -0.0066
vn 0.7439 0.6604 -0.1028
vn 0.9580 0.2867 -0.0003
vn 0.9957 0.0423 0.0823
vn 0.9978 0.0324 0.0578
vn 0.9976 -0.0012 0.0686
vn 0.9959 0.0031 0.0906
vn 0.9984 0.0215 0.0515
vn 0.9978 -0.0056 0.0655
vn 0.9976 -0.0012 0.0686
vn 0.9978 0.0324 0.0578
vn 0.9971 -0.0345 0.0677
vn 0.9965 -0.0369 0.0748
vn 0.9976 -0.0012 0.0686
vn 0.9978 -0.0056 0.0655
vn 0.9949 -0.0369 0.0943
vn 0.9959 0.0031 0.0906
vn 0.9976 -0.0012 0.0686
vn 0.9965 -0.0369 0.0748
vn 0.9436 -0.2807 0.1757
vn 0.9720 -0.2228 0.0750
vn 0.8058 -0.5840 0.0984
vn 0.7321 -0.6505 0.2021
vn 0.9808 -0.1944 0.0134
vn 0.8487 -0.5261 -0.0544
vn 0.8058 -0.5840 0.0984
vn 0.9720 -0.2228 0.0750
vn 0.0000 -0.9912 -0.1324
vn 0.0000 -0.9946 0.1039
vn 0.8058 -0.5840 0.0984
vn 0.8487 -0.5261 -0.0544
vn 0.0000 -0.9527 0.3040
vn 0.7321 -0.6505 0.2021
vn 0.8058 -0.5840 0.0984
vn 0.0000 -0.9946 0.1039
vn 0.0000 -0.8476 -0.5306
vn 0.0000 -0.8055 -0.5926
vn 0.3972 -0.7302 -0.5559
vn 0.4093 -0.7648 -0.4975
vn 0.0000 -0.7926 -0.6097
vn 0.3956 -0.7192 -0.5712
vn 0.3972 -0.7302 -0.5559
vn 0.0000 -0.8055 -0.5926
vn 0.7500 -0.4941 -0.4397
vn 0.7553 -0.4954 -0.4291
vn 0.3972 -0.7302 -0.5559
vn 0.3956 -0.7192 -0.5712
vn 0.7729 -0.5062 -0.3825
vn 0.4093 -0.7648 -0.4975
vn 0.3972 -0.7302 -0.5559
vn 0.7553 -0.4954 -0.4291
vn 0.9624 -0.1624 -0.2180
vn 0.9572 -0.1693 -0.2347
vn 0.9696 -0.1204 -0.2129
vn 0.9730 -0.1138 -0.2007
vn 0.9516 -0.1787 -0.2501
vn 0.9663 -0.1275 -0.2237
vn 0.9696 -0.1204 -0.2129
vn 0.9572 -0.1693 -0.2347
vn 0.9760 -0.0386 -0.2141
vn 0.9786 -0.0354 -0.2029
vn 0.9696 -0.1204 -0.2129
vn 0.9663 -0.1275 -0.2237
vn 0.9798 -0.0326 -0.1971
vn 0.9730 -0.1138 -0.2007
vn 0.9696 -0.1204 -0.2129
vn 0.9786 -0.0354 -0.2029
vn 0.7574 0.5229 -0.3910
vn 0.7483 0.5146 -0.4186
vn 0.4113 0.7381 -0.5349
vn 0.4178 0.7579 -0.5011
vn 0.7312 0.5079 -0.4553
vn 0.3994 0.7100 -0.5800
vn 0.4113 0.7381 -0.5349
vn 0.7483 0.5146 -0.4186
vn -0.0000 0.7836 -0.6213
vn -0.0000 0.8188 -0.5740
vn 0.4113 0.7381 -0.5349
vn 0.3994 0.7100 -0.5800
vn -0.0000 0.8421 -0.5393
vn 0.4178 0.7579 -0.5011
vn 0.4113 0.7381 -0.5349
vn -0.0000 0.8188 -0.5740
vn 0.9729 0.1664 -0.1606
vn 0.9680 0.1585 -0.1944
vn 0.9214 0.2966 -0.2512
vn 0.9242 0.3028 -0.2326
vn 0.9650 0.1586 -0.2090
vn 0.9198 0.2933 -0.2607
vn 0.9214 0.2966 -0.2512
vn 0.9680 0.1585 -0.1944
vn 0.7619 0.5310 -0.3709
vn 0.7625 0.5294 -0.3719
vn 0.9214 0.2966 -0.2512
vn 0.9198 0.2933 -0.2607
vn 0.7505 0.5276 -0.3979
vn 0.9242 0.3028 -0.2326
vn 0.9214 0.2966 -0.2512
vn 0.7625 0.5294 -0.3719
vn 0.9949 -0.0258 -0.0977
vn 0.9899 -0.0270 -0.1394
vn 0.9856 0.0637 -0.1566
vn 0.9916 0.0617 -0.1134
vn 0.9853 -0.0282 -0.1687
vn 0.9810 0.0637 -0.1831
vn 0.9856 0.0637 -0.1566
vn 0.9899 -0.0270 -0.1394
vn 0.9650 0.1586 -0.2090
vn 0.9680 0.1585 -0.1944
vn 0.9856 0.0637 -0.1566
vn 0.9810 0.0637 -0.1831
vn 0.9729 0.1664 -0.1606
vn 0.9916 0.0617 -0.1134
vn 0.9856 0.0637 -0.1566
vn 0.9680 0.1585 -0.1944
vn 0.9624 -0.1624 -0.2180
vn 0.9672 -0.1562 -0.2005
vn 0.9395 -0.2487 -0.2354
vn 0.9313 -0.2533 -0.2616
vn 0.9722 -0.1522 -0.1779
vn 0.9462 -0.2451 -0.2111
vn 0.9395 -0.2487 -0.2354
vn 0.9672 -0.1562 -0.2005
vn 0.7970 -0.5151 -0.3154
vn 0.7875 -0.5133 -0.3410
vn 0.9395 -0.2487 -0.2354
vn 0.9462 -0.2451 -0.2111
vn 0.7729 -0.5062 -0.3825
vn 0.9313 -0.2533 -0.2616
vn 0.9395 -0.2487 -0.2354
vn 0.7875 -0.5133 -0.3410
vn 0.0000 0.2650 0.9642
vn 0.9996 0.0069 0.0288
vn 0.9997 0.0093 0.0243
vn 0.0000 0.3745 0.9272
vn 0.9998 0.0044 0.0179
vn 0.9998 0.0065 0.0163
vn 0.9997 0.0093 0.0243
vn 0.9996 0.0069 0.0288
vn 0.9999 0.0077 0.0146
vn 0.9997 0.0107 0.0211
vn 0.9997 0.0093 0.0243
vn 0.9998 0.0065 0.0163
vn -0.0000 0.4623 0.8867
vn 0.0000 0.3745 0.9272
vn 0.9997 0.0093 0.0243
vn 0.9997 0.0107 0.0211
vn 0.0000 -0.0476 0.9989
vn 0.9996 -0.0016 0.0290
vn 0.9995 0.0029 0.0303
vn -0.0000 0.1204 0.9927
vn 0.9998 -0.0011 0.0179
vn 0.9998 0.0017 0.0184
vn 0.9995 0.0029 0.0303
vn 0.9996 -0.0016 0.0290
vn 0.9998 0.0044 0.0179
vn 0.9996 0.0069 0.0288
vn 0.9995 0.0029 0.0303
vn 0.9998 0.0017 0.0184
vn 0.0000 0.2650 0.9642
vn -0.0000 0.1204 0.9927
vn 0.9995 0.0029 0.0303
vn 0.9996 0.0069 0.0288
vn 0.9999 -0.0057 0.0160
vn 0.9997 -0.0084 0.0246
vn 0.9997 -0.0109 0.0217
vn 0.9999 -0.0076 0.0147
vn -0.0000 -0.3388 0.9409
vn -0.0000 -0.4536 0.8912
vn 0.9997 -0.0109 0.0217
vn 0.9997 -0.0084 0.0246
vn -0.0000 -0.5115 0.8593
vn 0.9997 -0.0120 0.0202
vn 0.9997 -0.0109 0.0217
vn -0.0000 -0.4536 0.8912
vn 0.9999 -0.0084 0.0138
vn 0.9999 -0.0076 0.0147
vn 0.9997 -0.0109 0.0217
vn 0.9997 -0.0120 0.0202
vn 0.0000 0.6168 -0.7871
vn 0.2903 0.5645 -0.7727
vn 0.2839 0.1816 -0.9415
vn 0.0000 0.2055 -0.9786
vn 0.6579 0.2769 -0.7003
vn 0.5995 -0.0016 -0.8004
vn 0.2839 0.1816 -0.9415
vn 0.2903 0.5645 -0.7727
vn 0.5085 -0.2558 -0.8222
vn 0.2902 -0.2355 -0.9275
vn 0.2839 0.1816 -0.9415
vn 0.5995 -0.0016 -0.8004
vn 0.0000 -0.2503 -0.9682
vn 0.0000 0.2055 -0.9786
vn 0.2839 0.1816 -0.9415
vn 0.2902 -0.2355 -0.9275
vn -0.0000 0.9794 -0.2021
vn 0.1190 0.9679 -0.2212
vn 0.2394 0.8055 -0.5421
vn -0.0000 0.8593 -0.5114
vn 0.4472 0.8427 -0.2998
vn 0.6269 0.5334 -0.5678
vn 0.2394 0.8055 -0.5421
vn 0.1190 0.9679 -0.2212
vn 0.6579 0.2769 -0.7003
vn 0.2903 0.5645 -0.7727
vn 0.2394 0.8055 -0.5421
vn 0.6269 0.5334 -0.5678
vn 0.0000 0.6168 -0.7871
vn -0.0000 0.8593 -0.5114
vn 0.2394 0.8055 -0.5421
vn 0.2903 0.5645 -0.7727
vn 0.4139 0.5693 -0.7103
vn 0.1669 0.5361 -0.8275
vn 0.1860 0.6643 -0.7239
vn 0.4078 0.6781 -0.6115
vn 0.0000 0.5224 -0.8527
vn 0.0000 0.6526 -0.7577
vn 0.1860 0.6643 -0.7239
vn 0.1669 0.5361 -0.8275
vn -0.0000 0.8148 -0.5797
vn 0.2320 0.7903 -0.5670
vn 0.1860 0.6643 -0.7239
vn 0.0000 0.6526 -0.7577
vn 0.3849 0.7459 -0.5436
vn 0.4078 0.6781 -0.6115
vn 0.1860 0.6643 -0.7239
vn 0.2320 0.7903 -0.5670
vn 0.9881 0.1007 0.1159
vn 0.9902 0.1039 0.0929
vn 0.9769 0.1883 0.1010
vn 0.9746 0.1846 0.1267
vn 0.9904 0.1056 0.0893
vn 0.9770 0.1913 0.0945
vn 0.9769 0.1883 0.1010
vn 0.9902 0.1039 0.0929
vn 0.9125 0.3929 0.1144
vn 0.9137 0.3839 0.1334
vn 0.9769 0.1883 0.1010
vn 0.9770 0.1913 0.0945
vn 0.9124 0.3742 0.1659
vn 0.9746 0.1846 0.1267
vn 0.9769 0.1883 0.1010
vn 0.9137 0.3839 0.1334
vn 0.9936 -0.0230 0.1104
vn 0.9957 -0.0219 0.0904
vn 0.9951 0.0405 0.0898
vn 0.9929 0.0384 0.1126
vn 0.9955 -0.0208 0.0930
vn 0.9951 0.0416 0.0895
vn 0.9951 0.0405 0.0898
vn 0.9957 -0.0219 0.0904
vn 0.9904 0.1056 0.0893
vn 0.9902 0.1039 0.0929
vn 0.9951 0.0405 0.0898
vn 0.9951 0.0416 0.0895
vn 0.9881 0.1007 0.1159
vn 0.9929 0.0384 0.1126
vn 0.9951 0.0405 0.0898
vn 0.9902 0.1039 0.0929
vn 0.9892 -0.1078 0.0993
vn 0.9882 -0.1076 0.1086
vn 0.9779 -0.1694 0.1222
vn 0.9779 -0.1708 0.1203
vn 0.9890 -0.1067 0.1020
vn 0.9792 -0.1679 0.1135
vn 0.9779 -0.1694 0.1222
vn 0.9882 -0.1076 0.1086
vn 0.8988 -0.4042 0.1695
vn 0.8981 -0.3898 0.2036
vn 0.9779 -0.1694 0.1222
vn 0.9792 -0.1679 0.1135
vn 0.8583 -0.4493 0.2478
vn 0.9779 -0.1708 0.1203
vn 0.9779 -0.1694 0.1222
vn 0.8981 -0.3898 0.2036
vn 0.9995 -0.0184 -0.0273
vn 0.9986 -0.0185 -0.0503
vn 0.9976 0.0512 -0.0462
vn 0.9983 0.0541 -0.0213
vn 0.9975 -0.0195 -0.0676
vn 0.9966 0.0485 -0.0661
vn 0.9976 0.0512 -0.0462
vn 0.9986 -0.0185 -0.0503
vn 0.9948 0.0776 -0.0665
vn 0.9958 0.0820 -0.0409
vn 0.9976 0.0512 -0.0462
vn 0.9966 0.0485 -0.0661
vn 0.9929 0.1186 -0.0085
vn 0.9983 0.0541 -0.0213
vn 0.9976 0.0512 -0.0462
vn 0.9958 0.0820 -0.0409
vn 0.9868 -0.1400 -0.0809
vn 0.9883 -0.1375 -0.0656
vn 0.9703 -0.2225 -0.0955
vn 0.9676 -0.2286 -0.1074
vn 0.9897 -0.1350 -0.0482
vn 0.9732 -0.2155 -0.0805
vn 0.9703 -0.2225 -0.0955
vn 0.9883 -0.1375 -0.0656
vn 0.8599 -0.4726 -0.1930
vn 0.8520 -0.4870 -0.1920
vn 0.9703 -0.2225 -0.0955
vn 0.9732 -0.2155 -0.0805
vn 0.8459 -0.4953 -0.1979
vn 0.9676 -0.2286 -0.1074
vn 0.9703 -0.2225 -0.0955
vn 0.8520 -0.4870 -0.1920
vn 0.9832 0.1324 -0.1255
vn 0.9853 0.1326 -0.1081
vn 0.9640 0.2179 -0.1525
vn 0.9630 0.2085 -0.1707
vn 0.9729 0.1664 -0.1606
vn 0.9483 0.2478 -0.1983
vn 0.9640 0.2179 -0.1525
vn 0.9853 0.1326 -0.1081
vn 0.9495 0.2634 -0.1706
vn 0.9470 0.2590 -0.1899
vn 0.9640 0.2179 -0.1525
vn 0.9483 0.2478 -0.1983
vn 0.9461 0.2441 -0.2130
vn 0.9630 0.2085 -0.1707
vn 0.9640 0.2179 -0.1525
vn 0.9470 0.2590 -0.1899
vn 0.9962 -0.0228 -0.0842
vn 0.9975 -0.0244 -0.0658
vn 0.9949 0.0589 -0.0822
vn 0.9938 0.0562 -0.0956
vn 0.9949 -0.0258 -0.0977
vn 0.9916 0.0617 -0.1134
vn 0.9949 0.0589 -0.0822
vn 0.9975 -0.0244 -0.0658
vn 0.9729 0.1664 -0.1606
vn 0.9853 0.1326 -0.1081
vn 0.9949 0.0589 -0.0822
vn 0.9916 0.0617 -0.1134
vn 0.9832 0.1324 -0.1255
vn 0.9938 0.0562 -0.0956
vn 0.9949 0.0589 -0.0822
vn 0.9853 0.1326 -0.1081
vn 0.9834 -0.1467 -0.1070
vn 0.9865 -0.1444 -0.0772
vn 0.9661 -0.2358 -0.1054
vn 0.9612 -0.2384 -0.1385
vn 0.9853 -0.1436 -0.0921
vn 0.9663 -0.2323 -0.1107
vn 0.9661 -0.2358 -0.1054
vn 0.9865 -0.1444 -0.0772
vn 0.8352 -0.5097 -0.2066
vn 0.8313 -0.5137 -0.2124
vn 0.9661 -0.2358 -0.1054
vn 0.9663 -0.2323 -0.1107
vn 0.8186 -0.5154 -0.2535
vn 0.9612 -0.2384 -0.1385
vn 0.9661 -0.2358 -0.1054
vn 0.8313 -0.5137 -0.2124
vn 0.9975 -0.0195 -0.0676
vn 0.9963 -0.0206 -0.0839
vn 0.9951 0.0496 -0.0851
vn 0.9966 0.0485 -0.0661
vn 0.9943 -0.0213 -0.1043
vn 0.9929 0.0518 -0.1075
vn 0.9951 0.0496 -0.0851
vn 0.9963 -0.0206 -0.0839
vn 0.9825 0.1240 -0.1390
vn 0.9924 0.0826 -0.0907
vn 0.9951 0.0496 -0.0851
vn 0.9929 0.0518 -0.1075
vn 0.9948 0.0776 -0.0665
vn 0.9966 0.0485 -0.0661
vn 0.9951 0.0496 -0.0851
vn 0.9924 0.0826 -0.0907
vn 0.9853 -0.1436 -0.0921
vn 0.9825 -0.1433 -0.1187
vn 0.9633 -0.2334 -0.1326
vn 0.9663 -0.2323 -0.1107
vn 0.9834 -0.1430 -0.1120
vn 0.9630 -0.2349 -0.1319
vn 0.9633 -0.2334 -0.1326
vn 0.9825 -0.1433 -0.1187
vn 0.8381 -0.5030 -0.2111
vn 0.8370 -0.5051 -0.2104
vn 0.9633 -0.2334 -0.1326
vn 0.9630 -0.2349 -0.1319
vn 0.8352 -0.5097 -0.2066
vn 0.9663 -0.2323 -0.1107
vn 0.9633 -0.2334 -0.1326
vn 0.8370 -0.5051 -0.2104
vn 0.9798 0.1968 0.0350
vn 0.9804 0.1955 0.0259
vn 0.9587 0.2827 0.0315
vn 0.9571 0.2796 0.0760
vn 0.9804 0.1963 0.0136
vn 0.9602 0.2791 0.0099
vn 0.9587 0.2827 0.0315
vn 0.9804 0.1955 0.0259
vn 0.8274 0.5616 -0.0060
vn 0.8268 0.5618 0.0267
vn 0.9587 0.2827 0.0315
vn 0.9602 0.2791 0.0099
vn 0.8440 0.5339 0.0513
vn 0.9571 0.2796 0.0760
vn 0.9587 0.2827 0.0315
vn 0.8268 0.5618 0.0267
vn 0.9984 -0.0121 0.0559
vn 0.9989 0.0324 0.0346
vn 0.9974 0.0603 0.0389
vn 0.9975 0.0590 0.0390
vn 0.9998 -0.0111 -0.0140
vn 0.9979 0.0590 0.0280
vn 0.9974 0.0603 0.0389
vn 0.9989 0.0324 0.0346
vn 0.9933 0.1128 0.0251
vn 0.9937 0.1048 0.0403
vn 0.9974 0.0603 0.0389
vn 0.9979 0.0590 0.0280
vn 0.9910 0.1256 0.0460
vn 0.9975 0.0590 0.0390
vn 0.9974 0.0603 0.0389
vn 0.9937 0.1048 0.0403
vn 0.9897 -0.1350 -0.0482
vn 0.9906 -0.1323 -0.0357
vn 0.9754 -0.2089 -0.0703
vn 0.9732 -0.2155 -0.0805
vn 0.9896 -0.1375 -0.0427
vn 0.9778 -0.2018 -0.0565
vn 0.9754 -0.2089 -0.0703
vn 0.9906 -0.1323 -0.0357
vn 0.8751 -0.4539 -0.1679
vn 0.8663 -0.4626 -0.1885
vn 0.9754 -0.2089 -0.0703
vn 0.9778 -0.2018 -0.0565
vn 0.8599 -0.4726 -0.1930
vn 0.9732 -0.2155 -0.0805
vn 0.9754 -0.2089 -0.0703
vn 0.8663 -0.4626 -0.1885
vn 0.9928 0.1141 0.0359
vn 0.9926 0.1160 0.0363
vn 0.9779 0.2064 0.0327
vn 0.9783 0.2046 0.0323
vn 0.9923 0.1186 0.0349
vn 0.9775 0.2086 0.0301
vn 0.9779 0.2064 0.0327
vn 0.9926 0.1160 0.0363
vn 0.8998 0.4355 0.0274
vn 0.9015 0.4313 0.0361
vn 0.9779 0.2064 0.0327
vn 0.9775 0.2086 0.0301
vn 0.9023 0.4294 0.0381
vn 0.9783 0.2046 0.0323
vn 0.9779 0.2064 0.0327
vn 0.9015 0.4313 0.0361
vn 0.9986 -0.0170 0.0494
vn 0.9987 -0.0159 0.0485
vn 0.9978 0.0503 0.0431
vn 0.9979 0.0480 0.0432
vn 0.9990 -0.0149 0.0428
vn 0.9978 0.0527 0.0404
vn 0.9978 0.0503 0.0431
vn 0.9987 -0.0159 0.0485
vn 0.9923 0.1186 0.0349
vn 0.9926 0.1160 0.0363
vn 0.9978 0.0503 0.0431
vn 0.9978 0.0527 0.0404
vn 0.9928 0.1141 0.0359
vn 0.9979 0.0480 0.0432
vn 0.9978 0.0503 0.0431
vn 0.9926 0.1160 0.0363
vn 0.9927 -0.1198 0.0149
vn 0.9936 -0.1093 0.0276
vn 0.9836 -0.1806 -0.0021
vn 0.9814 -0.1901 -0.0252
vn 0.9938 -0.1059 0.0340
vn 0.9848 -0.1731 0.0169
vn 0.9836 -0.1806 -0.0021
vn 0.9936 -0.1093 0.0276
vn 0.9074 -0.4186 -0.0369
vn 0.9007 -0.4290 -0.0680
vn 0.9836 -0.1806 -0.0021
vn 0.9848 -0.1731 0.0169
vn 0.8935 -0.4366 -0.1049
vn 0.9814 -0.1901 -0.0252
vn 0.9836 -0.1806 -0.0021
vn 0.9007 -0.4290 -0.0680
vn 0.9867 0.0694 0.1472
vn 0.9848 0.0771 0.1556
vn 0.9734 0.1446 0.1779
vn 0.9766 0.1327 0.1690
vn 0.9849 0.0837 0.1514
vn 0.9724 0.1552 0.1744
vn 0.9734 0.1446 0.1779
vn 0.9848 0.0771 0.1556
vn 0.9162 0.3156 0.2468
vn 0.9206 0.2942 0.2567
vn 0.9734 0.1446 0.1779
vn 0.9724 0.1552 0.1744
vn 0.9296 0.2757 0.2447
vn 0.9766 0.1327 0.1690
vn 0.9734 0.1446 0.1779
vn 0.9206 0.2942 0.2567
vn 0.9904 -0.0233 0.1360
vn 0.9899 -0.0208 0.1403
vn 0.9891 0.0273 0.1449
vn 0.9900 0.0224 0.1393
vn 0.9905 -0.0202 0.1359
vn 0.9893 0.0315 0.1428
vn 0.9891 0.0273 0.1449
vn 0.9899 -0.0208 0.1403
vn 0.9849 0.0837 0.1514
vn 0.9848 0.0771 0.1556
vn 0.9891 0.0273 0.1449
vn 0.9893 0.0315 0.1428
vn 0.9867 0.0694 0.1472
vn 0.9900 0.0224 0.1393
vn 0.9891 0.0273 0.1449
vn 0.9848 0.0771 0.1556
vn 0.9878 -0.0860 0.1295
vn 0.9872 -0.0813 0.1370
vn 0.9823 -0.1215 0.1426
vn 0.9824 -0.1295 0.1347
vn 0.9874 -0.0781 0.1378
vn 0.9825 -0.1132 0.1479
vn 0.9823 -0.1215 0.1426
vn 0.9872 -0.0813 0.1370
vn 0.9402 -0.2669 0.2114
vn 0.9358 -0.2892 0.2015
vn 0.9823 -0.1215 0.1426
vn 0.9825 -0.1132 0.1479
vn 0.9318 -0.3135 0.1830
vn 0.9824 -0.1295 0.1347
vn 0.9823 -0.1215 0.1426
vn 0.9358 -0.2892 0.2015
vn 0.9849 0.0837 0.1514
vn 0.9855 0.0881 0.1453
vn 0.9734 0.1623 0.1616
vn 0.9724 0.1552 0.1744
vn 0.9852 0.0918 0.1449
vn 0.9731 0.1681 0.1578
vn 0.9734 0.1623 0.1616
vn 0.9855 0.0881 0.1453
vn 0.9146 0.3454 0.2102
vn 0.9160 0.3312 0.2262
vn 0.9734 0.1623 0.1616
vn 0.9731 0.1681 0.1578
vn 0.9162 0.3156 0.2468
vn 0.9724 0.1552 0.1744
vn 0.9734 0.1623 0.1616
vn 0.9160 0.3312 0.2262
vn 0.9905 -0.0202 0.1359
vn 0.9910 -0.0205 0.1326
vn 0.9900 0.0330 0.1372
vn 0.9893 0.0315 0.1428
vn 0.9906 -0.0223 0.1349
vn 0.9895 0.0341 0.1406
vn 0.9900 0.0330 0.1372
vn 0.9910 -0.0205 0.1326
vn 0.9852 0.0918 0.1449
vn 0.9855 0.0881 0.1453
vn 0.9900 0.0330 0.1372
vn 0.9895 0.0341 0.1406
vn 0.9849 0.0837 0.1514
vn 0.9893 0.0315 0.1428
vn 0.9900 0.0330 0.1372
vn 0.9855 0.0881 0.1453
vn 0.9886 -0.1045 0.1087
vn 0.9873 -0.1020 0.1220
vn 0.9807 -0.1540 0.1204
vn 0.9798 -0.1640 0.1147
vn 0.9878 -0.0963 0.1227
vn 0.9818 -0.1450 0.1229
vn 0.9807 -0.1540 0.1204
vn 0.9873 -0.1020 0.1220
vn 0.9238 -0.3480 0.1597
vn 0.9202 -0.3556 0.1637
vn 0.9807 -0.1540 0.1204
vn 0.9818 -0.1450 0.1229
vn 0.8744 -0.4576 0.1613
vn 0.9798 -0.1640 0.1147
vn 0.9807 -0.1540 0.1204
vn 0.9202 -0.3556 0.1637
vn 0.9957 0.0423 0.0823
vn 0.9917 0.0516 0.1178
vn 0.9846 0.1188 0.1284
vn 0.9905 0.1169 0.0722
vn 0.9895 0.0561 0.1328
vn 0.9797 0.1245 0.1570
vn 0.9846 0.1188 0.1284
vn 0.9917 0.0516 0.1178
vn 0.9444 0.2463 0.2179
vn 0.9595 0.2312 0.1610
vn 0.9846 0.1188 0.1284
vn 0.9797 0.1245 0.1570
vn 0.9360 0.3359 0.1052
vn 0.9905 0.1169 0.0722
vn 0.9846 0.1188 0.1284
vn 0.9595 0.2312 0.1610
vn 0.9949 -0.0369 0.0943
vn 0.9922 -0.0359 0.1198
vn 0.9932 0.0070 0.1164
vn 0.9959 0.0031 0.0906
vn 0.9911 -0.0329 0.1293
vn 0.9919 0.0104 0.1267
vn 0.9932 0.0070 0.1164
vn 0.9922 -0.0359 0.1198
vn 0.9895 0.0561 0.1328
vn 0.9917 0.0516 0.1178
vn 0.9932 0.0070 0.1164
vn 0.9919 0.0104 0.1267
vn 0.9957 0.0423 0.0823
vn 0.9959 0.0031 0.0906
vn 0.9932 0.0070 0.1164
vn 0.9917 0.0516 0.1178
vn 0.9874 -0.0781 0.1378
vn 0.9875 -0.0757 0.1379
vn 0.9830 -0.1072 0.1490
vn 0.9825 -0.1132 0.1479
vn 0.9875 -0.0753 0.1382
vn 0.9831 -0.1026 0.1519
vn 0.9830 -0.1072 0.1490
vn 0.9875 -0.0757 0.1379
vn 0.9448 -0.2335 0.2298
vn 0.9427 -0.2463 0.2252
vn 0.9830 -0.1072 0.1490
vn 0.9831 -0.1026 0.1519
vn 0.9402 -0.2669 0.2114
vn 0.9825 -0.1132 0.1479
vn 0.9830 -0.1072 0.1490
vn 0.9427 -0.2463 0.2252
vn 0.9920 0.1110 0.0604
vn 0.9930 0.1128 0.0363
vn 0.9777 0.2073 0.0337
vn 0.9767 0.2065 0.0584
vn 0.9932 0.1125 0.0311
vn 0.9782 0.2060 0.0278
vn 0.9777 0.2073 0.0337
vn 0.9930 0.1128 0.0363
vn 0.9015 0.4312 0.0358
vn 0.9053 0.4240 0.0239
vn 0.9777 0.2073 0.0337
vn 0.9782 0.2060 0.0278
vn 0.8748 0.4809 0.0588
vn 0.9767 0.2065 0.0584
vn 0.9777 0.2073 0.0337
vn 0.9053 0.4240 0.0239
vn 0.9967 -0.0192 0.0786
vn 0.9982 -0.0188 0.0572
vn 0.9979 0.0460 0.0449
vn 0.9967 0.0454 0.0677
vn 0.9986 -0.0187 0.0498
vn 0.9982 0.0460 0.0393
vn 0.9979 0.0460 0.0449
vn 0.9982 -0.0188 0.0572
vn 0.9932 0.1125 0.0311
vn 0.9930 0.1128 0.0363
vn 0.9979 0.0460 0.0449
vn 0.9982 0.0460 0.0393
vn 0.9920 0.1110 0.0604
vn 0.9967 0.0454 0.0677
vn 0.9979 0.0460 0.0449
vn 0.9930 0.1128 0.0363
vn 0.9929 -0.1025 0.0603
vn 0.9922 -0.1029 0.0709
vn 0.9816 -0.1613 0.1024
vn 0.9842 -0.1613 0.0727
vn 0.9913 -0.1056 0.0783
vn 0.9802 -0.1636 0.1112
vn 0.9816 -0.1613 0.1024
vn 0.9922 -0.1029 0.0709
vn 0.9001 -0.3712 0.2280
vn 0.9058 -0.3600 0.2236
vn 0.9816 -0.1613 0.1024
vn 0.9802 -0.1636 0.1112
vn 0.8771 -0.4627 0.1288
vn 0.9842 -0.1613 0.0727
vn 0.9816 -0.1613 0.1024
vn 0.9058 -0.3600 0.2236
vn 0.9924 -0.0762 0.0962
vn 0.9953 -0.0710 0.0661
vn 0.9937 -0.0934 0.0616
vn 0.9895 -0.1035 0.1011
vn 0.9967 -0.0601 0.0543
vn 0.9960 -0.0795 0.0409
vn 0.9937 -0.0934 0.0616
vn 0.9953 -0.0710 0.0661
vn 0.9808 -0.1944 0.0134
vn 0.9720 -0.2228 0.0750
vn 0.9937 -0.0934 0.0616
vn 0.9960 -0.0795 0.0409
vn 0.9436 -0.2807 0.1757
vn 0.9895 -0.1035 0.1011
vn 0.9937 -0.0934 0.0616
vn 0.9720 -0.2228 0.0750
vn 0.9949 -0.0369 0.0943
vn 0.9965 -0.0369 0.0748
vn 0.9954 -0.0642 0.0717
vn 0.9928 -0.0698 0.0976
vn 0.9971 -0.0345 0.0677
vn 0.9962 -0.0582 0.0644
vn 0.9954 -0.0642 0.0717
vn 0.9965 -0.0369 0.0748
vn 0.9967 -0.0601 0.0543
vn 0.9953 -0.0710 0.0661
vn 0.9954 -0.0642 0.0717
vn 0.9962 -0.0582 0.0644
vn 0.9924 -0.0762 0.0962
vn 0.9928 -0.0698 0.0976
vn 0.9954 -0.0642 0.0717
vn 0.9953 -0.0710 0.0661
vn 0.9996 0.0065 0.0262
vn 0.9988 0.0108 0.0482
vn 0.9980 0.0610 0.0171
vn 0.9992 0.0382 0.0150
vn 0.9984 0.0215 0.0515
vn 0.9962 0.0838 0.0249
vn 0.9980 0.0610 0.0171
vn 0.9988 0.0108 0.0482
vn 0.9666 0.2525 -0.0441
vn 0.9755 0.2092 -0.0681
vn 0.9980 0.0610 0.0171
vn 0.9962 0.0838 0.0249
vn 0.9864 0.1431 -0.0803
vn 0.9992 0.0382 0.0150
vn 0.9980 0.0610 0.0171
vn 0.9755 0.2092 -0.0681
vn 0.9603 0.1553 -0.2316
vn 0.9588 0.1539 -0.2387
vn 0.9091 0.2900 -0.2991
vn 0.9146 0.2893 -0.2824
vn 0.9549 0.1558 -0.2526
vn 0.9015 0.2917 -0.3197
vn 0.9091 0.2900 -0.2991
vn 0.9588 0.1539 -0.2387
vn 0.7312 0.5079 -0.4553
vn 0.7483 0.5146 -0.4186
vn 0.9091 0.2900 -0.2991
vn 0.9015 0.2917 -0.3197
vn 0.7574 0.5229 -0.3910
vn 0.9146 0.2893 -0.2824
vn 0.9091 0.2900 -0.2991
vn 0.7483 0.5146 -0.4186
vn 0.9798 -0.0326 -0.1971
vn 0.9786 -0.0354 -0.2029
vn 0.9750 0.0595 -0.2140
vn 0.9762 0.0607 -0.2081
vn 0.9760 -0.0386 -0.2141
vn 0.9730 0.0583 -0.2232
vn 0.9750 0.0595 -0.2140
vn 0.9786 -0.0354 -0.2029
vn 0.9549 0.1558 -0.2526
vn 0.9588 0.1539 -0.2387
vn 0.9750 0.0595 -0.2140
vn 0.9730 0.0583 -0.2232
vn 0.9603 0.1553 -0.2316
vn 0.9762 0.0607 -0.2081
vn 0.9750 0.0595 -0.2140
vn 0.9588 0.1539 -0.2387
vn 0.9306 -0.1931 -0.3110
vn 0.9436 -0.1900 -0.2713
vn 0.9061 -0.2748 -0.3216
vn 0.8903 -0.2786 -0.3603
vn 0.9516 -0.1787 -0.2501
vn 0.9139 -0.2672 -0.3056
vn 0.9061 -0.2748 -0.3216
vn 0.9436 -0.1900 -0.2713
vn 0.7500 -0.4941 -0.4397
vn 0.7406 -0.4978 -0.4514
vn 0.9061 -0.2748 -0.3216
vn 0.9139 -0.2672 -0.3056
vn 0.7256 -0.4874 -0.4857
vn 0.8903 -0.2786 -0.3603
vn 0.9061 -0.2748 -0.3216
vn 0.7406 -0.4978 -0.4514
vn -0.0000 0.6532 0.7572
vn 0.9974 0.0485 0.0524
vn 0.9986 0.0305 0.0421
vn -0.0000 0.5489 0.8359
vn 0.9994 0.0240 0.0251
vn 0.9996 0.0185 0.0229
vn 0.9986 0.0305 0.0421
vn 0.9974 0.0485 0.0524
vn 0.9998 0.0099 0.0144
vn 0.9997 0.0124 0.0217
vn 0.9986 0.0305 0.0421
vn 0.9996 0.0185 0.0229
vn 0.0000 0.4612 0.8873
vn -0.0000 0.5489 0.8359
vn 0.9986 0.0305 0.0421
vn 0.9997 0.0124 0.0217
vn 0.9955 -0.0208 0.0930
vn 0.9924 -0.0737 0.0983
vn 0.9918 -0.0741 0.1040
vn 0.9951 -0.0201 0.0969
vn 0.9890 -0.1067 0.1020
vn 0.9882 -0.1076 0.1086
vn 0.9918 -0.0741 0.1040
vn 0.9924 -0.0737 0.0983
vn 0.9892 -0.1078 0.0993
vn 0.9931 -0.0743 0.0907
vn 0.9918 -0.0741 0.1040
vn 0.9882 -0.1076 0.1086
vn 0.9967 -0.0192 0.0786
vn 0.9951 -0.0201 0.0969
vn 0.9918 -0.0741 0.1040
vn 0.9931 -0.0743 0.0907
vn -0.0000 -0.9535 0.3014
vn 0.5458 -0.7947 0.2657
vn 0.5497 -0.8006 0.2384
vn -0.0000 -0.9622 0.2724
vn 0.8988 -0.4042 0.1695
vn 0.9093 -0.3925 0.1383
vn 0.5497 -0.8006 0.2384
vn 0.5458 -0.7947 0.2657
vn 0.8744 -0.4576 0.1613
vn 0.5116 -0.8160 0.2692
vn 0.5497 -0.8006 0.2384
vn 0.9093 -0.3925 0.1383
vn 0.0000 -0.9821 0.1886
vn -0.0000 -0.9622 0.2724
vn 0.5497 -0.8006 0.2384
vn 0.5116 -0.8160 0.2692
vn -0.0000 0.9983 0.0582
vn 0.5792 0.8135 0.0523
vn 0.5783 0.8142 0.0515
vn -0.0000 0.9984 0.0568
vn 0.9015 0.4312 0.0358
vn 0.9025 0.4291 0.0375
vn 0.5783 0.8142 0.0515
vn 0.5792 0.8135 0.0523
vn 0.9023 0.4294 0.0381
vn 0.5768 0.8152 0.0519
vn 0.5783 0.8142 0.0515
vn 0.9025 0.4291 0.0375
vn -0.0000 0.9983 0.0578
vn -0.0000 0.9984 0.0568
vn 0.5783 0.8142 0.0515
vn 0.5768 0.8152 0.0519
vn -0.0000 0.9664 0.2569
vn 0.9972 0.0725 0.0188
vn 0.9973 0.0729 0.0114
vn -0.0000 0.9873 0.1591
vn 0.9998 0.0207 0.0056
vn 0.9997 0.0223 0.0033
vn 0.9973 0.0729 0.0114
vn 0.9972 0.0725 0.0188
vn 0.9997 0.0232 0.0031
vn 0.9977 0.0675 0.0087
vn 0.9973 0.0729 0.0114
vn 0.9997 0.0223 0.0033
vn 0.0000 0.9916 0.1296
vn -0.0000 0.9873 0.1591
vn 0.9973 0.0729 0.0114
vn 0.9977 0.0675 0.0087
vn 0.9906 -0.0223 0.1349
vn 0.9891 -0.0691 0.1298
vn 0.9892 -0.0729 0.1274
vn 0.9908 -0.0237 0.1330
vn 0.9878 -0.0963 0.1227
vn 0.9873 -0.1020 0.1220
vn 0.9892 -0.0729 0.1274
vn 0.9891 -0.0691 0.1298
vn 0.9886 -0.1045 0.1087
vn 0.9910 -0.0754 0.1103
vn 0.9892 -0.0729 0.1274
vn 0.9873 -0.1020 0.1220
vn 0.9936 -0.0230 0.1104
vn 0.9908 -0.0237 0.1330
vn 0.9892 -0.0729 0.1274
vn 0.9910 -0.0754 0.1103
vn -0.0104 -0.9389 0.3439
vn 0.9974 -0.0676 0.0239
vn 0.9984 -0.0492 0.0280
vn -0.0047 -0.8714 0.4906
vn 0.9999 -0.0134 0.0045
vn 0.9999 -0.0088 0.0073
vn 0.9984 -0.0492 0.0280
vn 0.9974 -0.0676 0.0239
vn 0.9999 -0.0077 0.0072
vn 0.9991 -0.0327 0.0257
vn 0.9984 -0.0492 0.0280
vn 0.9999 -0.0088 0.0073
vn 0.0021 -0.7957 0.6057
vn -0.0047 -0.8714 0.4906
vn 0.9984 -0.0492 0.0280
vn 0.9991 -0.0327 0.0257
vn 0.0000 0.9985 0.0548
vn 0.9983 0.0582 0.0032
vn 0.9985 0.0553 -0.0054
vn 0.0000 0.9883 -0.1524
vn 0.9996 0.0270 0.0020
vn 0.9995 0.0316 -0.0016
vn 0.9985 0.0553 -0.0054
vn 0.9983 0.0582 0.0032
vn 0.9992 0.0379 -0.0085
vn 0.9973 0.0702 -0.0234
vn 0.9985 0.0553 -0.0054
vn 0.9995 0.0316 -0.0016
vn -0.0000 0.9280 -0.3727
vn 0.0000 0.9883 -0.1524
vn 0.9985 0.0553 -0.0054
vn 0.9973 0.0702 -0.0234
vn 0.9915 -0.0275 0.1272
vn 0.9891 -0.0616 0.1339
vn 0.9891 -0.0606 0.1342
vn 0.9912 -0.0253 0.1300
vn 0.9875 -0.0753 0.1382
vn 0.9875 -0.0757 0.1379
vn 0.9891 -0.0606 0.1342
vn 0.9891 -0.0616 0.1339
vn 0.9874 -0.0781 0.1378
vn 0.9887 -0.0599 0.1375
vn 0.9891 -0.0606 0.1342
vn 0.9875 -0.0757 0.1379
vn 0.9904 -0.0233 0.1360
vn 0.9912 -0.0253 0.1300
vn 0.9891 -0.0606 0.1342
vn 0.9887 -0.0599 0.1375
vn -0.0000 -0.1475 0.9891
vn 0.9993 -0.0086 0.0354
vn 0.9974 -0.0301 0.0652
vn -0.0000 -0.3256 0.9455
vn 0.9999 -0.0056 0.0126
vn 0.9997 -0.0147 0.0182
vn 0.9974 -0.0301 0.0652
vn 0.9993 -0.0086 0.0354
vn 0.9996 -0.0192 0.0193
vn 0.9949 -0.0621 0.0798
vn 0.9974 -0.0301 0.0652
vn 0.9997 -0.0147 0.0182
vn 0.0000 -0.6130 0.7901
vn -0.0000 -0.3256 0.9455
vn 0.9974 -0.0301 0.0652
vn 0.9949 -0.0621 0.0798
vn 0.9986 -0.0187 0.0498
vn 0.9954 -0.0727 0.0629
vn 0.9957 -0.0713 0.0588
vn 0.9986 -0.0180 0.0489
vn 0.9913 -0.1056 0.0783
vn 0.9922 -0.1029 0.0709
vn 0.9957 -0.0713 0.0588
vn 0.9954 -0.0727 0.0629
vn 0.9929 -0.1025 0.0603
vn 0.9960 -0.0699 0.0550
vn 0.9957 -0.0713 0.0588
vn 0.9922 -0.1029 0.0709
vn 0.9986 -0.0170 0.0494
vn 0.9986 -0.0180 0.0489
vn 0.9957 -0.0713 0.0588
vn 0.9960 -0.0699 0.0550
vn 0.0000 -0.6950 0.7190
vn 0.9993 -0.0248 0.0287
vn 0.9985 -0.0425 0.0348
vn 0.0000 -0.7760 0.6308
vn 0.9996 -0.0206 0.0203
vn 0.9989 -0.0362 0.0285
vn 0.9985 -0.0425 0.0348
vn 0.9993 -0.0248 0.0287
vn 0.9987 -0.0410 0.0310
vn 0.9978 -0.0522 0.0399
vn 0.9985 -0.0425 0.0348
vn 0.9989 -0.0362 0.0285
vn -0.0000 -0.7968 0.6043
vn 0.0000 -0.7760 0.6308
vn 0.9985 -0.0425 0.0348
vn 0.9978 -0.0522 0.0399
vn 0.9666 0.2525 -0.0441
vn 0.7807 0.5972 -0.1841
vn 0.8169 0.5155 -0.2587
vn 0.9755 0.2092 -0.0681
vn 0.0000 0.9490 -0.3152
vn 0.0000 0.8663 -0.4996
vn 0.8169 0.5155 -0.2587
vn 0.7807 0.5972 -0.1841
vn 0.0000 0.7148 -0.6993
vn 0.8547 0.3934 -0.3386
vn 0.8169 0.5155 -0.2587
vn 0.0000 0.8663 -0.4996
vn 0.9864 0.1431 -0.0803
vn 0.9755 0.2092 -0.0681
vn 0.8169 0.5155 -0.2587
vn 0.8547 0.3934 -0.3386
vn 0.9971 -0.0345 0.0677
vn 0.9978 -0.0056 0.0655
vn 0.9984 -0.0084 0.0559
vn 0.9977 -0.0323 0.0595
vn 0.9984 0.0215 0.0515
vn 0.9988 0.0108 0.0482
vn 0.9984 -0.0084 0.0559
vn 0.9978 -0.0056 0.0655
vn 0.9996 0.0065 0.0262
vn 0.9994 -0.0104 0.0318
vn 0.9984 -0.0084 0.0559
vn 0.9988 0.0108 0.0482
vn 0.9991 -0.0298 0.0315
vn 0.9977 -0.0323 0.0595
vn 0.9984 -0.0084 0.0559
vn 0.9994 -0.0104 0.0318
vn 0.0000 -0.9912 -0.1324
vn 0.8487 -0.5261 -0.0544
vn 0.8604 -0.4649 -0.2088
vn 0.0000 -0.8962 -0.4436
vn 0.9808 -0.1944 0.0134
vn 0.9866 -0.1578 -0.0416
vn 0.8604 -0.4649 -0.2088
vn 0.8487 -0.5261 -0.0544
vn 0.9921 -0.0979 -0.0783
vn 0.8762 -0.3463 -0.3353
vn 0.8604 -0.4649 -0.2088
vn 0.9866 -0.1578 -0.0416
vn 0.0000 -0.6996 -0.7146
vn 0.0000 -0.8962 -0.4436
vn 0.8604 -0.4649 -0.2088
vn 0.8762 -0.3463 -0.3353
vn 0.9125 0.3929 0.1144
vn 0.9770 0.1913 0.0945
vn 0.9766 0.1980 0.0837
vn 0.9138 0.3922 0.1055
vn 0.9904 0.1056 0.0893
vn 0.9905 0.1078 0.0852
vn 0.9766 0.1980 0.0837
vn 0.9770 0.1913 0.0945
vn 0.9920 0.1110 0.0604
vn 0.9767 0.2065 0.0584
vn 0.9766 0.1980 0.0837
vn 0.9905 0.1078 0.0852
vn 0.8748 0.4809 0.0588
vn 0.9138 0.3922 0.1055
vn 0.9766 0.1980 0.0837
vn 0.9767 0.2065 0.0584
vn 0.9904 0.1056 0.0893
vn 0.9951 0.0416 0.0895
vn 0.9951 0.0432 0.0891
vn 0.9905 0.1078 0.0852
vn 0.9955 -0.0208 0.0930
vn 0.9951 -0.0201 0.0969
vn 0.9951 0.0432 0.0891
vn 0.9951 0.0416 0.0895
vn 0.9967 -0.0192 0.0786
vn 0.9967 0.0454 0.0677
vn 0.9951 0.0432 0.0891
vn 0.9951 -0.0201 0.0969
vn 0.9920 0.1110 0.0604
vn 0.9905 0.1078 0.0852
vn 0.9951 0.0432 0.0891
vn 0.9967 0.0454 0.0677
vn 0.8988 -0.4042 0.1695
vn 0.9792 -0.1679 0.1135
vn 0.9804 -0.1657 0.1065
vn 0.9093 -0.3925 0.1383
vn 0.9890 -0.1067 0.1020
vn 0.9896 -0.1061 0.0977
vn 0.9804 -0.1657 0.1065
vn 0.9792 -0.1679 0.1135
vn 0.9886 -0.1045 0.1087
vn 0.9798 -0.1640 0.1147
vn 0.9804 -0.1657 0.1065
vn 0.9896 -0.1061 0.0977
vn 0.8744 -0.4576 0.1613
vn 0.9093 -0.3925 0.1383
vn 0.9804 -0.1657 0.1065
vn 0.9798 -0.1640 0.1147
vn 0.9146 0.3454 0.2102
vn 0.9731 0.1681 0.1578
vn 0.9729 0.1764 0.1497
vn 0.9114 0.3601 0.1991
vn 0.9852 0.0918 0.1449
vn 0.9853 0.0965 0.1409
vn 0.9729 0.1764 0.1497
vn 0.9731 0.1681 0.1578
vn 0.9881 0.1007 0.1159
vn 0.9746 0.1846 0.1267
vn 0.9729 0.1764 0.1497
vn 0.9853 0.0965 0.1409
vn 0.9124 0.3742 0.1659
vn 0.9114 0.3601 0.1991
vn 0.9729 0.1764 0.1497
vn 0.9746 0.1846 0.1267
vn 0.9852 0.0918 0.1449
vn 0.9895 0.0341 0.1406
vn 0.9901 0.0359 0.1361
vn 0.9853 0.0965 0.1409
vn 0.9906 -0.0223 0.1349
vn 0.9908 -0.0237 0.1330
vn 0.9901 0.0359 0.1361
vn 0.9895 0.0341 0.1406
vn 0.9936 -0.0230 0.1104
vn 0.9929 0.0384 0.1126
vn 0.9901 0.0359 0.1361
vn 0.9908 -0.0237 0.1330
vn 0.9881 0.1007 0.1159
vn 0.9853 0.0965 0.1409
vn 0.9901 0.0359 0.1361
vn 0.9929 0.0384 0.1126
vn 0.9238 -0.3480 0.1597
vn 0.9818 -0.1450 0.1229
vn 0.9827 -0.1376 0.1239
vn 0.9284 -0.3313 0.1682
vn 0.9878 -0.0963 0.1227
vn 0.9883 -0.0905 0.1229
vn 0.9827 -0.1376 0.1239
vn 0.9818 -0.1450 0.1229
vn 0.9878 -0.0860 0.1295
vn 0.9824 -0.1295 0.1347
vn 0.9827 -0.1376 0.1239
vn 0.9883 -0.0905 0.1229
vn 0.9318 -0.3135 0.1830
vn 0.9284 -0.3313 0.1682
vn 0.9827 -0.1376 0.1239
vn 0.9824 -0.1295 0.1347
vn 0.9347 0.2563 0.2462
vn 0.9797 0.1228 0.1586
vn 0.9791 0.1265 0.1591
vn 0.9360 0.2620 0.2352
vn 0.9893 0.0609 0.1326
vn 0.9886 0.0635 0.1364
vn 0.9791 0.1265 0.1591
vn 0.9797 0.1228 0.1586
vn 0.9867 0.0694 0.1472
vn 0.9766 0.1327 0.1690
vn 0.9791 0.1265 0.1591
vn 0.9886 0.0635 0.1364
vn 0.9296 0.2757 0.2447
vn 0.9360 0.2620 0.2352
vn 0.9791 0.1265 0.1591
vn 0.9766 0.1327 0.1690
vn 0.9893 0.0609 0.1326
vn 0.9920 0.0157 0.1256
vn 0.9914 0.0187 0.1296
vn 0.9886 0.0635 0.1364
vn 0.9915 -0.0275 0.1272
vn 0.9912 -0.0253 0.1300
vn 0.9914 0.0187 0.1296
vn 0.9920 0.0157 0.1256
vn 0.9904 -0.0233 0.1360
vn 0.9900 0.0224 0.1393
vn 0.9914 0.0187 0.1296
vn 0.9912 -0.0253 0.1300
vn 0.9867 0.0694 0.1472
vn 0.9886 0.0635 0.1364
vn 0.9914 0.0187 0.1296
vn 0.9900 0.0224 0.1393
vn 0.9448 -0.2335 0.2298
vn 0.9831 -0.1026 0.1519
vn 0.9827 -0.1010 0.1554
vn 0.9452 -0.2253 0.2362
vn 0.9875 -0.0753 0.1382
vn 0.9870 -0.0757 0.1418
vn 0.9827 -0.1010 0.1554
vn 0.9831 -0.1026 0.1519
vn 0.9862 -0.0774 0.1461
vn 0.9818 -0.1002 0.1610
vn 0.9827 -0.1010 0.1554
vn 0.9870 -0.0757 0.1418
vn 0.9489 -0.2161 0.2302
vn 0.9452 -0.2253 0.2362
vn 0.9827 -0.1010 0.1554
vn 0.9818 -0.1002 0.1610
vn 0.9015 0.4312 0.0358
vn 0.9782 0.2060 0.0278
vn 0.9783 0.2051 0.0308
vn 0.9025 0.4291 0.0375
vn 0.9932 0.1125 0.0311
vn 0.9931 0.1127 0.0335
vn 0.9783 0.2051 0.0308
vn 0.9782 0.2060 0.0278
vn 0.9928 0.1141 0.0359
vn 0.9783 0.2046 0.0323
vn 0.9783 0.2051 0.0308
vn 0.9931 0.1127 0.0335
vn 0.9023 0.4294 0.0381
vn 0.9025 0.4291 0.0375
vn 0.9783 0.2051 0.0308
vn 0.9783 0.2046 0.0323
vn 0.9932 0.1125 0.0311
vn 0.9982 0.0460 0.0393
vn 0.9981 0.0469 0.0411
vn 0.9931 0.1127 0.0335
vn 0.9986 -0.0187 0.0498
vn 0.9986 -0.0180 0.0489
vn 0.9981 0.0469 0.0411
vn 0.9982 0.0460 0.0393
vn 0.9986 -0.0170 0.0494
vn 0.9979 0.0480 0.0432
vn 0.9981 0.0469 0.0411
vn 0.9986 -0.0180 0.0489
vn 0.9928 0.1141 0.0359
vn 0.9931 0.1127 0.0335
vn 0.9981 0.0469 0.0411
vn 0.9979 0.0480 0.0432
vn 0.9001 -0.3712 0.2280
vn 0.9802 -0.1636 0.1112
vn 0.9791 -0.1673 0.1154
vn 0.9086 -0.3671 0.1993
vn 0.9913 -0.1056 0.0783
vn 0.9904 -0.1079 0.0859
vn 0.9791 -0.1673 0.1154
vn 0.9802 -0.1636 0.1112
vn 0.9892 -0.1078 0.0993
vn 0.9779 -0.1708 0.1203
vn 0.9791 -0.1673 0.1154
vn 0.9904 -0.1079 0.0859
vn 0.8583 -0.4493 0.2478
vn 0.9086 -0.3671 0.1993
vn 0.9791 -0.1673 0.1154
vn 0.9779 -0.1708 0.1203
vn 0.9808 -0.1944 0.0134
vn 0.9960 -0.0795 0.0409
vn 0.9980 -0.0574 0.0249
vn 0.9866 -0.1578 -0.0416
vn 0.9967 -0.0601 0.0543
vn 0.9979 -0.0479 0.0442
vn 0.9980 -0.0574 0.0249
vn 0.9960 -0.0795 0.0409
vn 0.9990 -0.0396 0.0217
vn 0.9992 -0.0360 0.0143
vn 0.9980 -0.0574 0.0249
vn 0.9979 -0.0479 0.0442
vn 0.9921 -0.0979 -0.0783
vn 0.9866 -0.1578 -0.0416
vn 0.9980 -0.0574 0.0249
vn 0.9992 -0.0360 0.0143
vn 0.9967 -0.0601 0.0543
vn 0.9962 -0.0582 0.0644
vn 0.9973 -0.0504 0.0531
vn 0.9979 -0.0479 0.0442
vn 0.9971 -0.0345 0.0677
vn 0.9977 -0.0323 0.0595
vn 0.9973 -0.0504 0.0531
vn 0.9962 -0.0582 0.0644
vn 0.9991 -0.0298 0.0315
vn 0.9987 -0.0435 0.0281
vn 0.9973 -0.0504 0.0531
vn 0.9977 -0.0323 0.0595
vn 0.9990 -0.0396 0.0217
vn 0.9979 -0.0479 0.0442
vn 0.9973 -0.0504 0.0531
vn 0.9987 -0.0435 0.0281
vn 0.9666 0.2525 -0.0441
vn 0.9962 0.0838 0.0249
vn 0.9941 0.1025 0.0357
vn 0.9580 0.2867 -0.0003
vn 0.9984 0.0215 0.0515
vn 0.9978 0.0324 0.0578
vn 0.9941 0.1025 0.0357
vn 0.9962 0.0838 0.0249
vn 0.9957 0.0423 0.0823
vn 0.9905 0.1169 0.0722
vn 0.9941 0.1025 0.0357
vn 0.9978 0.0324 0.0578
vn 0.9360 0.3359 0.1052
vn 0.9580 0.2867 -0.0003
vn 0.9941 0.1025 0.0357
vn 0.9905 0.1169 0.0722
vn 0.9998 -0.0111 -0.0140
vn 0.9952 -0.0936 -0.0273
vn 0.9955 -0.0913 -0.0244
vn 0.9996 -0.0181 -0.0195
vn 0.9896 -0.1375 -0.0427
vn 0.9906 -0.1323 -0.0357
vn 0.9955 -0.0913 -0.0244
vn 0.9952 -0.0936 -0.0273
vn 0.9897 -0.1350 -0.0482
vn 0.9953 -0.0892 -0.0372
vn 0.9955 -0.0913 -0.0244
vn 0.9906 -0.1323 -0.0357
vn 0.9995 -0.0184 -0.0273
vn 0.9996 -0.0181 -0.0195
vn 0.9955 -0.0913 -0.0244
vn 0.9953 -0.0892 -0.0372
vn 0.0000 -0.9293 -0.3694
vn 0.4980 -0.8068 -0.3178
vn 0.5164 -0.8134 -0.2678
vn 0.0000 -0.9470 -0.3213
vn 0.8751 -0.4539 -0.1679
vn 0.8853 -0.4451 -0.1348
vn 0.5164 -0.8134 -0.2678
vn 0.4980 -0.8068 -0.3178
vn 0.8935 -0.4366 -0.1049
vn 0.5301 -0.8177 -0.2242
vn 0.5164 -0.8134 -0.2678
vn 0.8853 -0.4451 -0.1348
vn 0.0000 -0.9630 -0.2696
vn 0.0000 -0.9470 -0.3213
vn 0.5164 -0.8134 -0.2678
vn 0.5301 -0.8177 -0.2242
vn -0.0000 0.9992 -0.0396
vn 0.4804 0.8766 -0.0299
vn 0.4701 0.8800 -0.0684
vn 0.0000 0.9961 -0.0878
vn 0.8274 0.5616 -0.0060
vn 0.8219 0.5692 -0.0195
vn 0.4701 0.8800 -0.0684
vn 0.4804 0.8766 -0.0299
vn 0.8192 0.5683 -0.0773
vn 0.4429 0.8839 -0.1502
vn 0.4701 0.8800 -0.0684
vn 0.8219 0.5692 -0.0195
vn 0.0000 0.9855 -0.1694
vn 0.0000 0.9961 -0.0878
vn 0.4701 0.8800 -0.0684
vn 0.4429 0.8839 -0.1502
vn 0.8274 0.5616 -0.0060
vn 0.9602 0.2791 0.0099
vn 0.9607 0.2776 -0.0023
vn 0.8219 0.5692 -0.0195
vn 0.9804 0.1963 0.0136
vn 0.9802 0.1982 0.0024
vn 0.9607 0.2776 -0.0023
vn 0.9602 0.2791 0.0099
vn 0.9792 0.2021 -0.0168
vn 0.9655 0.2574 -0.0393
vn 0.9607 0.2776 -0.0023
vn 0.9802 0.1982 0.0024
vn 0.8192 0.5683 -0.0773
vn 0.8219 0.5692 -0.0195
vn 0.9607 0.2776 -0.0023
vn 0.9655 0.2574 -0.0393
vn 0.9933 0.1128 0.0251
vn 0.9979 0.0590 0.0280
vn 0.9984 0.0564 0.0061
vn 0.9931 0.1160 0.0145
vn 0.9998 -0.0111 -0.0140
vn 0.9996 -0.0181 -0.0195
vn 0.9984 0.0564 0.0061
vn 0.9979 0.0590 0.0280
vn 0.9995 -0.0184 -0.0273
vn 0.9983 0.0541 -0.0213
vn 0.9984 0.0564 0.0061
vn 0.9996 -0.0181 -0.0195
vn 0.9929 0.1186 -0.0085
vn 0.9931 0.1160 0.0145
vn 0.9984 0.0564 0.0061
vn 0.9983 0.0541 -0.0213
vn 0.8751 -0.4539 -0.1679
vn 0.9778 -0.2018 -0.0565
vn 0.9793 -0.1972 -0.0453
vn 0.8853 -0.4451 -0.1348
vn 0.9896 -0.1375 -0.0427
vn 0.9887 -0.1479 -0.0221
vn 0.9793 -0.1972 -0.0453
vn 0.9778 -0.2018 -0.0565
vn 0.9927 -0.1198 0.0149
vn 0.9814 -0.1901 -0.0252
vn 0.9793 -0.1972 -0.0453
vn 0.9887 -0.1479 -0.0221
vn 0.8935 -0.4366 -0.1049
vn 0.8853 -0.4451 -0.1348
vn 0.9793 -0.1972 -0.0453
vn 0.9814 -0.1901 -0.0252
vn 0.9853 -0.0282 -0.1687
vn 0.9802 -0.1052 -0.1675
vn 0.9759 -0.1090 -0.1890
vn 0.9818 -0.0300 -0.1873
vn 0.9722 -0.1522 -0.1779
vn 0.9672 -0.1562 -0.2005
vn 0.9759 -0.1090 -0.1890
vn 0.9802 -0.1052 -0.1675
vn 0.9624 -0.1624 -0.2180
vn 0.9730 -0.1138 -0.2007
vn 0.9759 -0.1090 -0.1890
vn 0.9672 -0.1562 -0.2005
vn 0.9798 -0.0326 -0.1971
vn 0.9818 -0.0300 -0.1873
vn 0.9759 -0.1090 -0.1890
vn 0.9730 -0.1138 -0.2007
vn 0.0000 -0.8904 -0.4552
vn 0.4155 -0.8037 -0.4260
vn 0.4192 -0.8088 -0.4124
vn 0.0000 -0.8951 -0.4459
vn 0.7970 -0.5151 -0.3154
vn 0.8042 -0.5166 -0.2941
vn 0.4192 -0.8088 -0.4124
vn 0.4155 -0.8037 -0.4260
vn 0.8186 -0.5154 -0.2535
vn 0.4270 -0.8178 -0.3858
vn 0.4192 -0.8088 -0.4124
vn 0.8042 -0.5166 -0.2941
vn 0.0000 -0.9064 -0.4224
vn 0.0000 -0.8951 -0.4459
vn 0.4192 -0.8088 -0.4124
vn 0.4270 -0.8178 -0.3858
vn -0.0000 0.8512 -0.5248
vn 0.4128 0.7701 -0.4864
vn 0.4163 0.7685 -0.4858
vn -0.0000 0.8537 -0.5208
vn 0.7619 0.5310 -0.3709
vn 0.7607 0.5278 -0.3779
vn 0.4163 0.7685 -0.4858
vn 0.4128 0.7701 -0.4864
vn 0.7574 0.5229 -0.3910
vn 0.4178 0.7579 -0.5011
vn 0.4163 0.7685 -0.4858
vn 0.7607 0.5278 -0.3779
vn -0.0000 0.8421 -0.5393
vn -0.0000 0.8537 -0.5208
vn 0.4163 0.7685 -0.4858
vn 0.4178 0.7579 -0.5011
vn 0.7619 0.5310 -0.3709
vn 0.9198 0.2933 -0.2607
vn 0.9171 0.2912 -0.2724
vn 0.7607 0.5278 -0.3779
vn 0.9650 0.1586 -0.2090
vn 0.9620 0.1567 -0.2234
vn 0.9171 0.2912 -0.2724
vn 0.9198 0.2933 -0.2607
vn 0.9603 0.1553 -0.2316
vn 0.9146 0.2893 -0.2824
vn 0.9171 0.2912 -0.2724
vn 0.9620 0.1567 -0.2234
vn 0.7574 0.5229 -0.3910
vn 0.7607 0.5278 -0.3779
vn 0.9171 0.2912 -0.2724
vn 0.9146 0.2893 -0.2824
vn 0.9650 0.1586 -0.2090
vn 0.9810 0.0637 -0.1831
vn 0.9778 0.0622 -0.2001
vn 0.9620 0.1567 -0.2234
vn 0.9853 -0.0282 -0.1687
vn 0.9818 -0.0300 -0.1873
vn 0.9778 0.0622 -0.2001
vn 0.9810 0.0637 -0.1831
vn 0.9798 -0.0326 -0.1971
vn 0.9762 0.0607 -0.2081
vn 0.9778 0.0622 -0.2001
vn 0.9818 -0.0300 -0.1873
vn 0.9603 0.1553 -0.2316
vn 0.9620 0.1567 -0.2234
vn 0.9778 0.0622 -0.2001
vn 0.9762 0.0607 -0.2081
vn 0.7970 -0.5151 -0.3154
vn 0.9462 -0.2451 -0.2111
vn 0.9532 -0.2414 -0.1821
vn 0.8042 -0.5166 -0.2941
vn 0.9722 -0.1522 -0.1779
vn 0.9777 -0.1491 -0.1478
vn 0.9532 -0.2414 -0.1821
vn 0.9462 -0.2451 -0.2111
vn 0.9834 -0.1467 -0.1070
vn 0.9612 -0.2384 -0.1385
vn 0.9532 -0.2414 -0.1821
vn 0.9777 -0.1491 -0.1478
vn 0.8186 -0.5154 -0.2535
vn 0.8042 -0.5166 -0.2941
vn 0.9532 -0.2414 -0.1821
vn 0.9612 -0.2384 -0.1385
vn 0.0000 0.9983 -0.0591
vn -0.0000 0.9181 0.3963
vn 0.9994 0.0329 0.0129
vn 0.9988 0.0499 -0.0019
vn 0.0000 0.6633 0.7483
vn 0.9996 0.0182 0.0206
vn 0.9994 0.0329 0.0129
vn -0.0000 0.9181 0.3963
vn 0.9999 0.0104 0.0121
vn 0.9998 0.0156 0.0090
vn 0.9994 0.0329 0.0129
vn 0.9996 0.0182 0.0206
vn 0.9997 0.0261 0.0017
vn 0.9988 0.0499 -0.0019
vn 0.9994 0.0329 0.0129
vn 0.9998 0.0156 0.0090
vn 0.9864 0.1431 -0.0803
vn 0.9978 0.0656 -0.0119
vn 0.9996 0.0290 -0.0004
vn 0.9992 0.0382 0.0150
vn 0.9976 0.0697 0.0048
vn 0.9997 0.0257 -0.0010
vn 0.9996 0.0290 -0.0004
vn 0.9978 0.0656 -0.0119
vn 1.0000 0.0039 -0.0002
vn 1.0000 0.0039 0.0064
vn 0.9996 0.0290 -0.0004
vn 0.9997 0.0257 -0.0010
vn 0.9996 0.0065 0.0262
vn 0.9992 0.0382 0.0150
vn 0.9996 0.0290 -0.0004
vn 1.0000 0.0039 0.0064
vn 0.9996 0.0065 0.0262
vn 1.0000 0.0039 0.0064
vn 0.9999 -0.0101 0.0075
vn 0.9994 -0.0104 0.0318
vn 1.0000 0.0039 -0.0002
vn 1.0000 -0.0099 0.0005
vn 0.9999 -0.0101 0.0075
vn 1.0000 0.0039 0.0064
vn 0.9997 -0.0256 -0.0010
vn 0.9996 -0.0276 0.0072
vn 0.9999 -0.0101 0.0075
vn 1.0000 -0.0099 0.0005
vn 0.9991 -0.0298 0.0315
vn 0.9994 -0.0104 0.0318
vn 0.9999 -0.0101 0.0075
vn 0.9996 -0.0276 0.0072
vn 0.9991 -0.0298 0.0315
vn 0.9996 -0.0276 0.0072
vn 0.9992 -0.0393 0.0034
vn 0.9987 -0.0435 0.0281
vn 0.9997 -0.0256 -0.0010
vn 0.9993 -0.0359 -0.0047
vn 0.9992 -0.0393 0.0034
vn 0.9996 -0.0276 0.0072
vn 0.9995 -0.0309 -0.0067
vn 0.9994 -0.0336 0.0003
vn 0.9992 -0.0393 0.0034
vn 0.9993 -0.0359 -0.0047
vn 0.9990 -0.0396 0.0217
vn 0.9987 -0.0435 0.0281
vn 0.9992 -0.0393 0.0034
vn 0.9994 -0.0336 0.0003
vn 0.9990 -0.0396 0.0217
vn 0.9994 -0.0336 0.0003
vn 0.9997 -0.0259 -0.0044
vn 0.9992 -0.0360 0.0143
vn 0.9995 -0.0309 -0.0067
vn 0.9998 -0.0206 -0.0058
vn 0.9997 -0.0259 -0.0044
vn 0.9994 -0.0336 0.0003
vn 0.9998 -0.0186 -0.0050
vn 0.9997 -0.0191 -0.0149
vn 0.9997 -0.0259 -0.0044
vn 0.9998 -0.0206 -0.0058
vn 0.9921 -0.0979 -0.0783
vn 0.9992 -0.0360 0.0143
vn 0.9997 -0.0259 -0.0044
vn 0.9997 -0.0191 -0.0149
vn 0.9998 -0.0189 0.0032
vn 0.9999 -0.0132 0.0086
vn 0.9996 -0.0255 0.0129
vn 0.9993 -0.0366 0.0007
vn 0.9999 -0.0101 0.0113
vn 0.9997 -0.0168 0.0185
vn 0.9996 -0.0255 0.0129
vn 0.9999 -0.0132 0.0086
vn -0.0000 -0.6591 0.7521
vn 0.0000 -0.8937 0.4487
vn 0.9996 -0.0255 0.0129
vn 0.9997 -0.0168 0.0185
vn 0.0000 -0.9999 -0.0150
vn 0.9993 -0.0366 0.0007
vn 0.9996 -0.0255 0.0129
vn 0.0000 -0.8937 0.4487
vn 0.9999 0.0104 0.0121
vn 0.9996 0.0182 0.0206
vn 0.9997 0.0131 0.0203
vn 0.9999 0.0084 0.0135
vn 0.0000 0.6633 0.7483
vn -0.0000 0.5539 0.8326
vn 0.9997 0.0131 0.0203
vn 0.9996 0.0182 0.0206
vn -0.0000 0.4623 0.8867
vn 0.9997 0.0107 0.0211
vn 0.9997 0.0131 0.0203
vn -0.0000 0.5539 0.8326
vn 0.9999 0.0077 0.0146
vn 0.9999 0.0084 0.0135
vn 0.9997 0.0131 0.0203
vn 0.9997 0.0107 0.0211
vn 1.0000 0.0039 -0.0002
vn 0.9997 0.0257 -0.0010
vn 0.9994 0.0309 0.0172
vn 0.9998 0.0063 0.0173
vn 0.9976 0.0697 0.0048
vn 0.9967 0.0766 0.0256
vn 0.9994 0.0309 0.0172
vn 0.9997 0.0257 -0.0010
vn 0.9954 0.0744 0.0597
vn 0.9964 0.0481 0.0695
vn 0.9994 0.0309 0.0172
vn 0.9967 0.0766 0.0256
vn 0.9969 0.0171 0.0774
vn 0.9998 0.0063 0.0173
vn 0.9994 0.0309 0.0172
vn 0.9964 0.0481 0.0695
vn 0.9997 -0.0256 -0.0010
vn 1.0000 -0.0099 0.0005
vn 0.9998 -0.0082 0.0169
vn 0.9996 -0.0247 0.0141
vn 1.0000 0.0039 -0.0002
vn 0.9998 0.0063 0.0173
vn 0.9998 -0.0082 0.0169
vn 1.0000 -0.0099 0.0005
vn 0.9969 0.0171 0.0774
vn 0.9969 -0.0040 0.0783
vn 0.9998 -0.0082 0.0169
vn 0.9998 0.0063 0.0173
vn 0.9975 -0.0198 0.0676
vn 0.9996 -0.0247 0.0141
vn 0.9998 -0.0082 0.0169
vn 0.9969 -0.0040 0.0783
vn 0.9995 -0.0309 -0.0067
vn 0.9993 -0.0359 -0.0047
vn 0.9994 -0.0330 0.0052
vn 0.9995 -0.0305 -0.0023
vn 0.9997 -0.0256 -0.0010
vn 0.9996 -0.0247 0.0141
vn 0.9994 -0.0330 0.0052
vn 0.9993 -0.0359 -0.0047
vn 0.9975 -0.0198 0.0676
vn 0.9985 -0.0327 0.0440
vn 0.9994 -0.0330 0.0052
vn 0.9996 -0.0247 0.0141
vn 0.9994 -0.0279 0.0225
vn 0.9995 -0.0305 -0.0023
vn 0.9994 -0.0330 0.0052
vn 0.9985 -0.0327 0.0440
vn 0.9998 -0.0186 -0.0050
vn 0.9998 -0.0206 -0.0058
vn 0.9998 -0.0214 -0.0018
vn 0.9998 -0.0197 -0.0014
vn 0.9995 -0.0309 -0.0067
vn 0.9995 -0.0305 -0.0023
vn 0.9998 -0.0214 -0.0018
vn 0.9998 -0.0206 -0.0058
vn 0.9994 -0.0279 0.0225
vn 0.9997 -0.0240 0.0083
vn 0.9998 -0.0214 -0.0018
vn 0.9995 -0.0305 -0.0023
vn 0.9998 -0.0205 0.0064
vn 0.9998 -0.0197 -0.0014
vn 0.9998 -0.0214 -0.0018
vn 0.9997 -0.0240 0.0083
vn -0.0000 -0.6591 0.7521
vn 0.9997 -0.0168 0.0185
vn 0.9997 -0.0131 0.0195
vn 0.0000 -0.5516 0.8341
vn 0.9999 -0.0101 0.0113
vn 0.9999 -0.0087 0.0129
vn 0.9997 -0.0131 0.0195
vn 0.9997 -0.0168 0.0185
vn 0.9999 -0.0084 0.0138
vn 0.9997 -0.0120 0.0202
vn 0.9997 -0.0131 0.0195
vn 0.9999 -0.0087 0.0129
vn -0.0000 -0.5115 0.8593
vn 0.0000 -0.5516 0.8341
vn 0.9997 -0.0131 0.0195
vn 0.9997 -0.0120 0.0202
vn 0.0000 0.8088 0.5881
vn 0.9974 0.0586 0.0424
vn 0.9975 0.0552 0.0450
vn 0.0000 0.7611 0.6487
vn 0.9995 0.0261 0.0183
vn 0.9994 0.0258 0.0212
vn 0.9975 0.0552 0.0450
vn 0.9974 0.0586 0.0424
vn 0.9994 0.0240 0.0251
vn 0.9974 0.0485 0.0524
vn 0.9975 0.0552 0.0450
vn 0.9994 0.0258 0.0212
vn -0.0000 0.6532 0.7572
vn 0.0000 0.7611 0.6487
vn 0.9975 0.0552 0.0450
vn 0.9974 0.0485 0.0524
vn 0.9911 -0.0329 0.1293
vn 0.9882 -0.0662 0.1385
vn 0.9887 -0.0638 0.1355
vn 0.9913 -0.0300 0.1279
vn 0.9862 -0.0774 0.1461
vn 0.9870 -0.0757 0.1418
vn 0.9887 -0.0638 0.1355
vn 0.9882 -0.0662 0.1385
vn 0.9875 -0.0753 0.1382
vn 0.9891 -0.0616 0.1339
vn 0.9887 -0.0638 0.1355
vn 0.9870 -0.0757 0.1418
vn 0.9915 -0.0275 0.1272
vn 0.9913 -0.0300 0.1279
vn 0.9887 -0.0638 0.1355
vn 0.9891 -0.0616 0.1339
vn 0.9444 0.2463 0.2179
vn 0.9797 0.1245 0.1570
vn 0.9785 0.1242 0.1646
vn 0.9333 0.2522 0.2557
vn 0.9895 0.0561 0.1328
vn 0.9895 0.0585 0.1324
vn 0.9785 0.1242 0.1646
vn 0.9797 0.1245 0.1570
vn 0.9893 0.0609 0.1326
vn 0.9797 0.1228 0.1586
vn 0.9785 0.1242 0.1646
vn 0.9895 0.0585 0.1324
vn 0.9347 0.2563 0.2462
vn 0.9333 0.2522 0.2557
vn 0.9785 0.1242 0.1646
vn 0.9797 0.1228 0.1586
vn 0.9895 0.0561 0.1328
vn 0.9919 0.0104 0.1267
vn 0.9920 0.0130 0.1256
vn 0.9895 0.0585 0.1324
vn 0.9911 -0.0329 0.1293
vn 0.9913 -0.0300 0.1279
vn 0.9920 0.0130 0.1256
vn 0.9919 0.0104 0.1267
vn 0.9915 -0.0275 0.1272
vn 0.9920 0.0157 0.1256
vn 0.9920 0.0130 0.1256
vn 0.9913 -0.0300 0.1279
vn 0.9893 0.0609 0.1326
vn 0.9895 0.0585 0.1324
vn 0.9920 0.0130 0.1256
vn 0.9920 0.0157 0.1256
vn 0.0000 -0.6130 0.7901
vn 0.9949 -0.0621 0.0798
vn 0.9926 -0.0863 0.0852
vn 0.0000 -0.7074 0.7068
vn 0.9996 -0.0192 0.0193
vn 0.9995 -0.0221 0.0213
vn 0.9926 -0.0863 0.0852
vn 0.9949 -0.0621 0.0798
vn 0.9996 -0.0169 0.0230
vn 0.9916 -0.0551 0.1171
vn 0.9926 -0.0863 0.0852
vn 0.9995 -0.0221 0.0213
vn -0.0000 -0.3406 0.9402
vn 0.0000 -0.7074 0.7068
vn 0.9926 -0.0863 0.0852
vn 0.9916 -0.0551 0.1171
vn 0.9489 -0.2161 0.2302
vn 0.9818 -0.1002 0.1610
vn 0.9840 -0.1007 0.1468
vn 0.9588 -0.1994 0.2023
vn 0.9862 -0.0774 0.1461
vn 0.9878 -0.0794 0.1342
vn 0.9840 -0.1007 0.1468
vn 0.9818 -0.1002 0.1610
vn 0.9924 -0.0762 0.0962
vn 0.9895 -0.1035 0.1011
vn 0.9840 -0.1007 0.1468
vn 0.9878 -0.0794 0.1342
vn 0.9436 -0.2807 0.1757
vn 0.9588 -0.1994 0.2023
vn 0.9840 -0.1007 0.1468
vn 0.9895 -0.1035 0.1011
vn 0.0000 0.7148 -0.6993
vn 0.0000 0.5080 -0.8613
vn 0.8616 0.2953 -0.4128
vn 0.8547 0.3934 -0.3386
vn -0.0000 0.5048 -0.8632
vn 0.8917 0.2365 -0.3858
vn 0.8616 0.2953 -0.4128
vn 0.0000 0.5080 -0.8613
vn 0.9878 0.1118 -0.1082
vn 0.9804 0.1516 -0.1260
vn 0.8616 0.2953 -0.4128
vn 0.8917 0.2365 -0.3858
vn 0.9864 0.1431 -0.0803
vn 0.8547 0.3934 -0.3386
vn 0.8616 0.2953 -0.4128
vn 0.9804 0.1516 -0.1260
vn 0.9864 0.1431 -0.0803
vn 0.9804 0.1516 -0.1260
vn 0.9950 0.0982 -0.0163
vn 0.9978 0.0656 -0.0119
vn 0.9878 0.1118 -0.1082
vn 0.9971 0.0762 -0.0087
vn 0.9950 0.0982 -0.0163
vn 0.9804 0.1516 -0.1260
vn 0.9975 0.0685 0.0164
vn 0.9952 0.0966 0.0133
vn 0.9950 0.0982 -0.0163
vn 0.9971 0.0762 -0.0087
vn 0.9976 0.0697 0.0048
vn 0.9978 0.0656 -0.0119
vn 0.9950 0.0982 -0.0163
vn 0.9952 0.0966 0.0133
vn 0.9976 0.0697 0.0048
vn 0.9952 0.0966 0.0133
vn 0.9947 0.0964 0.0354
vn 0.9967 0.0766 0.0256
vn 0.9975 0.0685 0.0164
vn 0.9973 0.0666 0.0305
vn 0.9947 0.0964 0.0354
vn 0.9952 0.0966 0.0133
vn 0.9973 0.0537 0.0493
vn 0.9942 0.0835 0.0671
vn 0.9947 0.0964 0.0354
vn 0.9973 0.0666 0.0305
vn 0.9954 0.0744 0.0597
vn 0.9967 0.0766 0.0256
vn 0.9947 0.0964 0.0354
vn 0.9942 0.0835 0.0671
vn 0.9954 0.0744 0.0597
vn 0.9942 0.0835 0.0671
vn 0.9935 0.0543 0.1001
vn 0.9964 0.0481 0.0695
vn 0.9973 0.0537 0.0493
vn 0.9969 0.0365 0.0694
vn 0.9935 0.0543 0.1001
vn 0.9942 0.0835 0.0671
vn 0.9966 0.0180 0.0807
vn 0.9929 0.0253 0.1166
vn 0.9935 0.0543 0.1001
vn 0.9969 0.0365 0.0694
vn 0.9969 0.0171 0.0774
vn 0.9964 0.0481 0.0695
vn 0.9935 0.0543 0.1001
vn 0.9929 0.0253 0.1166
vn 0.9969 0.0171 0.0774
vn 0.9929 0.0253 0.1166
vn 0.9929 0.0018 0.1192
vn 0.9969 -0.0040 0.0783
vn 0.9966 0.0180 0.0807
vn 0.9964 0.0030 0.0849
vn 0.9929 0.0018 0.1192
vn 0.9929 0.0253 0.1166
vn 0.9969 -0.0076 0.0777
vn 0.9939 -0.0144 0.1092
vn 0.9929 0.0018 0.1192
vn 0.9964 0.0030 0.0849
vn 0.9975 -0.0198 0.0676
vn 0.9969 -0.0040 0.0783
vn 0.9929 0.0018 0.1192
vn 0.9939 -0.0144 0.1092
vn 0.9975 -0.0198 0.0676
vn 0.9939 -0.0144 0.1092
vn 0.9968 -0.0238 0.0762
vn 0.9985 -0.0327 0.0440
vn 0.9969 -0.0076 0.0777
vn 0.9981 -0.0112 0.0607
vn 0.9968 -0.0238 0.0762
vn 0.9939 -0.0144 0.1092
vn 0.9991 -0.0164 0.0402
vn 0.9988 -0.0250 0.0422
vn 0.9968 -0.0238 0.0762
vn 0.9981 -0.0112 0.0607
vn 0.9994 -0.0279 0.0225
vn 0.9985 -0.0327 0.0440
vn 0.9968 -0.0238 0.0762
vn 0.9988 -0.0250 0.0422
vn 0.9994 -0.0279 0.0225
vn 0.9988 -0.0250 0.0422
vn 0.9995 -0.0221 0.0243
vn 0.9997 -0.0240 0.0083
vn 0.9991 -0.0164 0.0402
vn 0.9995 -0.0176 0.0276
vn 0.9995 -0.0221 0.0243
vn 0.9988 -0.0250 0.0422
vn 0.9996 -0.0226 0.0167
vn 0.9997 -0.0232 0.0103
vn 0.9995 -0.0221 0.0243
vn 0.9995 -0.0176 0.0276
vn 0.9998 -0.0205 0.0064
vn 0.9997 -0.0240 0.0083
vn 0.9995 -0.0221 0.0243
vn 0.9997 -0.0232 0.0103
vn 0.9998 -0.0205 0.0064
vn 0.9997 -0.0232 0.0103
vn 0.9997 -0.0233 0.0017
vn 0.9998 -0.0197 -0.0014
vn 0.9996 -0.0226 0.0167
vn 0.9996 -0.0294 0.0052
vn 0.9997 -0.0233 0.0017
vn 0.9997 -0.0232 0.0103
vn 0.9995 -0.0301 -0.0031
vn 0.9997 -0.0239 -0.0059
vn 0.9997 -0.0233 0.0017
vn 0.9996 -0.0294 0.0052
vn 0.9998 -0.0186 -0.0050
vn 0.9998 -0.0197 -0.0014
vn 0.9997 -0.0233 0.0017
vn 0.9997 -0.0239 -0.0059
vn 0.9998 -0.0186 -0.0050
vn 0.9997 -0.0239 -0.0059
vn 0.9988 -0.0343 -0.0350
vn 0.9997 -0.0191 -0.0149
vn 0.9995 -0.0301 -0.0031
vn 0.9982 -0.0467 -0.0365
vn 0.9988 -0.0343 -0.0350
vn 0.9997 -0.0239 -0.0059
vn 0.9870 -0.0788 -0.1404
vn 0.9824 -0.0957 -0.1605
vn 0.9988 -0.0343 -0.0350
vn 0.9982 -0.0467 -0.0365
vn 0.9921 -0.0979 -0.0783
vn 0.9997 -0.0191 -0.0149
vn 0.9988 -0.0343 -0.0350
vn 0.9824 -0.0957 -0.1605
vn 0.9921 -0.0979 -0.0783
vn 0.9824 -0.0957 -0.1605
vn 0.8706 -0.2296 -0.4352
vn 0.8762 -0.3463 -0.3353
vn 0.9870 -0.0788 -0.1404
vn 0.8856 -0.1856 -0.4257
vn 0.8706 -0.2296 -0.4352
vn 0.9824 -0.0957 -0.1605
vn 0.0000 -0.3912 -0.9203
vn 0.0000 -0.4478 -0.8941
vn 0.8706 -0.2296 -0.4352
vn 0.8856 -0.1856 -0.4257
vn 0.0000 -0.6996 -0.7146
vn 0.8762 -0.3463 -0.3353
vn 0.8706 -0.2296 -0.4352
vn 0.0000 -0.4478 -0.8941
vn 0.9963 0.0639 -0.0578
vn 0.9556 0.1739 -0.2380
vn 0.9719 0.1517 -0.1798
vn 0.9978 0.0547 -0.0365
vn -0.0000 0.5716 -0.8205
vn 0.0000 0.6010 -0.7992
vn 0.9719 0.1517 -0.1798
vn 0.9556 0.1739 -0.2380
vn 0.0000 0.6973 -0.7168
vn 0.9826 0.1353 -0.1275
vn 0.9719 0.1517 -0.1798
vn 0.0000 0.6010 -0.7992
vn 0.9989 0.0409 -0.0247
vn 0.9978 0.0547 -0.0365
vn 0.9719 0.1517 -0.1798
vn 0.9826 0.1353 -0.1275
vn 0.9996 0.0257 0.0130
vn 0.9994 0.0341 -0.0009
vn 0.9996 0.0272 0.0033
vn 0.9997 0.0218 0.0138
vn 0.9963 0.0639 -0.0578
vn 0.9978 0.0547 -0.0365
vn 0.9996 0.0272 0.0033
vn 0.9994 0.0341 -0.0009
vn 0.9989 0.0409 -0.0247
vn 0.9998 0.0188 0.0039
vn 0.9996 0.0272 0.0033
vn 0.9978 0.0547 -0.0365
vn 0.9998 0.0139 0.0104
vn 0.9997 0.0218 0.0138
vn 0.9996 0.0272 0.0033
vn 0.9998 0.0188 0.0039
vn 0.9995 0.0200 0.0237
vn 0.9995 0.0247 0.0175
vn 0.9996 0.0207 0.0177
vn 0.9996 0.0176 0.0229
vn 0.9996 0.0257 0.0130
vn 0.9997 0.0218 0.0138
vn 0.9996 0.0207 0.0177
vn 0.9995 0.0247 0.0175
vn 0.9998 0.0139 0.0104
vn 0.9998 0.0130 0.0130
vn 0.9996 0.0207 0.0177
vn 0.9997 0.0218 0.0138
vn 0.9998 0.0112 0.0158
vn 0.9996 0.0176 0.0229
vn 0.9996 0.0207 0.0177
vn 0.9998 0.0130 0.0130
vn 0.9995 0.0070 0.0309
vn 0.9995 0.0136 0.0288
vn 0.9996 0.0122 0.0266
vn 0.9996 0.0067 0.0286
vn 0.9995 0.0200 0.0237
vn 0.9996 0.0176 0.0229
vn 0.9996 0.0122 0.0266
vn 0.9995 0.0136 0.0288
vn 0.9998 0.0112 0.0158
vn 0.9998 0.0083 0.0184
vn 0.9996 0.0122 0.0266
vn 0.9996 0.0176 0.0229
vn 0.9998 0.0047 0.0195
vn 0.9996 0.0067 0.0286
vn 0.9996 0.0122 0.0266
vn 0.9998 0.0083 0.0184
vn 0.9995 -0.0016 0.0313
vn 0.9995 0.0019 0.0313
vn 0.9996 0.0020 0.0291
vn 0.9996 -0.0016 0.0292
vn 0.9995 0.0070 0.0309
vn 0.9996 0.0067 0.0286
vn 0.9996 0.0020 0.0291
vn 0.9995 0.0019 0.0313
vn 0.9998 0.0047 0.0195
vn 0.9998 0.0014 0.0198
vn 0.9996 0.0020 0.0291
vn 0.9996 0.0067 0.0286
vn 0.9998 -0.0014 0.0201
vn 0.9996 -0.0016 0.0292
vn 0.9996 0.0020 0.0291
vn 0.9998 0.0014 0.0198
vn 0.9995 -0.0094 0.0312
vn 0.9995 -0.0047 0.0315
vn 0.9995 -0.0050 0.0299
vn 0.9995 -0.0094 0.0300
vn 0.9995 -0.0016 0.0313
vn 0.9996 -0.0016 0.0292
vn 0.9995 -0.0050 0.0299
vn 0.9995 -0.0047 0.0315
vn 0.9998 -0.0014 0.0201
vn 0.9998 -0.0040 0.0204
vn 0.9995 -0.0050 0.0299
vn 0.9996 -0.0016 0.0292
vn 0.9998 -0.0069 0.0204
vn 0.9995 -0.0094 0.0300
vn 0.9995 -0.0050 0.0299
vn 0.9998 -0.0040 0.0204
vn 0.9995 -0.0224 0.0243
vn 0.9994 -0.0155 0.0295
vn 0.9995 -0.0150 0.0285
vn 0.9995 -0.0209 0.0250
vn 0.9995 -0.0094 0.0312
vn 0.9995 -0.0094 0.0300
vn 0.9995 -0.0150 0.0285
vn 0.9994 -0.0155 0.0295
vn 0.9998 -0.0069 0.0204
vn 0.9998 -0.0105 0.0196
vn 0.9995 -0.0150 0.0285
vn 0.9995 -0.0094 0.0300
vn 0.9998 -0.0135 0.0173
vn 0.9995 -0.0209 0.0250
vn 0.9995 -0.0150 0.0285
vn 0.9998 -0.0105 0.0196
vn 0.9994 -0.0331 0.0082
vn 0.9994 -0.0304 0.0160
vn 0.9995 -0.0255 0.0182
vn 0.9995 -0.0287 0.0115
vn 0.9995 -0.0224 0.0243
vn 0.9995 -0.0209 0.0250
vn 0.9995 -0.0255 0.0182
vn 0.9994 -0.0304 0.0160
vn 0.9998 -0.0135 0.0173
vn 0.9998 -0.0159 0.0139
vn 0.9995 -0.0255 0.0182
vn 0.9995 -0.0209 0.0250
vn 0.9998 -0.0176 0.0098
vn 0.9995 -0.0287 0.0115
vn 0.9995 -0.0255 0.0182
vn 0.9998 -0.0159 0.0139
vn 0.9958 -0.0617 -0.0672
vn 0.9991 -0.0406 -0.0077
vn 0.9995 -0.0320 0.0004
vn 0.9978 -0.0530 -0.0390
vn 0.9994 -0.0331 0.0082
vn 0.9995 -0.0287 0.0115
vn 0.9995 -0.0320 0.0004
vn 0.9991 -0.0406 -0.0077
vn 0.9998 -0.0176 0.0098
vn 0.9998 -0.0211 0.0033
vn 0.9995 -0.0320 0.0004
vn 0.9995 -0.0287 0.0115
vn 0.9990 -0.0373 -0.0233
vn 0.9978 -0.0530 -0.0390
vn 0.9995 -0.0320 0.0004
vn 0.9998 -0.0211 0.0033
vn 0.0000 -0.4757 -0.8796
vn 0.9460 -0.1612 -0.2814
vn 0.9672 -0.1460 -0.2077
vn 0.0000 -0.5249 -0.8511
vn 0.9958 -0.0617 -0.0672
vn 0.9978 -0.0530 -0.0390
vn 0.9672 -0.1460 -0.2077
vn 0.9460 -0.1612 -0.2814
vn 0.9990 -0.0373 -0.0233
vn 0.9827 -0.1267 -0.1353
vn 0.9672 -0.1460 -0.2077
vn 0.9978 -0.0530 -0.0390
vn 0.0000 -0.6536 -0.7568
vn 0.0000 -0.5249 -0.8511
vn 0.9672 -0.1460 -0.2077
vn 0.9827 -0.1267 -0.1353
vn 0.9993 0.0353 -0.0119
vn 0.9890 0.1317 -0.0667
vn 0.9956 0.0888 -0.0301
vn 0.9995 0.0317 -0.0019
vn -0.0000 0.8672 -0.4979
vn -0.0000 0.9294 -0.3691
vn 0.9956 0.0888 -0.0301
vn 0.9890 0.1317 -0.0667
vn 0.0000 0.9983 -0.0591
vn 0.9988 0.0499 -0.0019
vn 0.9956 0.0888 -0.0301
vn -0.0000 0.9294 -0.3691
vn 0.9997 0.0261 0.0017
vn 0.9995 0.0317 -0.0019
vn 0.9956 0.0888 -0.0301
vn 0.9988 0.0499 -0.0019
vn 0.9989 0.0409 -0.0247
vn 0.9826 0.1353 -0.1275
vn 0.9864 0.1328 -0.0967
vn 0.9992 0.0354 -0.0177
vn 0.0000 0.6973 -0.7168
vn -0.0000 0.7727 -0.6348
vn 0.9864 0.1328 -0.0967
vn 0.9826 0.1353 -0.1275
vn -0.0000 0.8672 -0.4979
vn 0.9890 0.1317 -0.0667
vn 0.9864 0.1328 -0.0967
vn -0.0000 0.7727 -0.6348
vn 0.9993 0.0353 -0.0119
vn 0.9992 0.0354 -0.0177
vn 0.9864 0.1328 -0.0967
vn 0.9890 0.1317 -0.0667
vn -0.0000 0.5716 -0.8205
vn 0.9556 0.1739 -0.2380
vn 0.9298 0.2015 -0.3079
vn -0.0000 0.5139 -0.8578
vn 0.9963 0.0639 -0.0578
vn 0.9935 0.0833 -0.0777
vn 0.9298 0.2015 -0.3079
vn 0.9556 0.1739 -0.2380
vn 0.9878 0.1118 -0.1082
vn 0.8917 0.2365 -0.3858
vn 0.9298 0.2015 -0.3079
vn 0.9935 0.0833 -0.0777
vn -0.0000 0.5048 -0.8632
vn -0.0000 0.5139 -0.8578
vn 0.9298 0.2015 -0.3079
vn 0.8917 0.2365 -0.3858
vn 0.9999 0.0075 0.0077
vn 0.9999 0.0127 0.0037
vn 0.9999 0.0144 0.0069
vn 0.9999 0.0092 0.0105
vn 0.9993 0.0353 -0.0119
vn 0.9995 0.0317 -0.0019
vn 0.9999 0.0144 0.0069
vn 0.9999 0.0127 0.0037
vn 0.9997 0.0261 0.0017
vn 0.9998 0.0156 0.0090
vn 0.9999 0.0144 0.0069
vn 0.9995 0.0317 -0.0019
vn 0.9999 0.0104 0.0121
vn 0.9999 0.0092 0.0105
vn 0.9999 0.0144 0.0069
vn 0.9998 0.0156 0.0090
vn 0.9998 0.0139 0.0104
vn 0.9998 0.0188 0.0039
vn 0.9999 0.0121 0.0019
vn 0.9999 0.0076 0.0068
vn 0.9989 0.0409 -0.0247
vn 0.9992 0.0354 -0.0177
vn 0.9999 0.0121 0.0019
vn 0.9998 0.0188 0.0039
vn 0.9993 0.0353 -0.0119
vn 0.9999 0.0127 0.0037
vn 0.9999 0.0121 0.0019
vn 0.9992 0.0354 -0.0177
vn 0.9999 0.0075 0.0077
vn 0.9999 0.0076 0.0068
vn 0.9999 0.0121 0.0019
vn 0.9999 0.0127 0.0037
vn 0.9963 0.0639 -0.0578
vn 0.9994 0.0341 -0.0009
vn 0.9991 0.0430 -0.0061
vn 0.9935 0.0833 -0.0777
vn 0.9996 0.0257 0.0130
vn 0.9993 0.0347 0.0131
vn 0.9991 0.0430 -0.0061
vn 0.9994 0.0341 -0.0009
vn 0.9975 0.0685 0.0164
vn 0.9971 0.0762 -0.0087
vn 0.9991 0.0430 -0.0061
vn 0.9993 0.0347 0.0131
vn 0.9878 0.1118 -0.1082
vn 0.9935 0.0833 -0.0777
vn 0.9991 0.0430 -0.0061
vn 0.9971 0.0762 -0.0087
vn 0.9999 0.0063 0.0106
vn 0.9999 0.0070 0.0091
vn 0.9999 0.0083 0.0122
vn 0.9999 0.0076 0.0139
vn 0.9999 0.0075 0.0077
vn 0.9999 0.0092 0.0105
vn 0.9999 0.0083 0.0122
vn 0.9999 0.0070 0.0091
vn 0.9999 0.0104 0.0121
vn 0.9999 0.0084 0.0135
vn 0.9999 0.0083 0.0122
vn 0.9999 0.0092 0.0105
vn 0.9999 0.0077 0.0146
vn 0.9999 0.0076 0.0139
vn 0.9999 0.0083 0.0122
vn 0.9999 0.0084 0.0135
vn 0.9998 0.0112 0.0158
vn 0.9998 0.0130 0.0130
vn 0.9999 0.0072 0.0082
vn 0.9999 0.0064 0.0098
vn 0.9998 0.0139 0.0104
vn 0.9999 0.0076 0.0068
vn 0.9999 0.0072 0.0082
vn 0.9998 0.0130 0.0130
vn 0.9999 0.0075 0.0077
vn 0.9999 0.0070 0.0091
vn 0.9999 0.0072 0.0082
vn 0.9999 0.0076 0.0068
vn 0.9999 0.0063 0.0106
vn 0.9999 0.0064 0.0098
vn 0.9999 0.0072 0.0082
vn 0.9999 0.0070 0.0091
vn 0.9996 0.0257 0.0130
vn 0.9995 0.0247 0.0175
vn 0.9993 0.0331 0.0192
vn 0.9993 0.0347 0.0131
vn 0.9995 0.0200 0.0237
vn 0.9992 0.0269 0.0281
vn 0.9993 0.0331 0.0192
vn 0.9995 0.0247 0.0175
vn 0.9973 0.0537 0.0493
vn 0.9973 0.0666 0.0305
vn 0.9993 0.0331 0.0192
vn 0.9992 0.0269 0.0281
vn 0.9975 0.0685 0.0164
vn 0.9993 0.0347 0.0131
vn 0.9993 0.0331 0.0192
vn 0.9973 0.0666 0.0305
vn 0.9999 0.0032 0.0126
vn 0.9999 0.0052 0.0119
vn 0.9999 0.0063 0.0153
vn 0.9999 0.0041 0.0163
vn 0.9999 0.0063 0.0106
vn 0.9999 0.0076 0.0139
vn 0.9999 0.0063 0.0153
vn 0.9999 0.0052 0.0119
vn 0.9999 0.0077 0.0146
vn 0.9998 0.0065 0.0163
vn 0.9999 0.0063 0.0153
vn 0.9999 0.0076 0.0139
vn 0.9998 0.0044 0.0179
vn 0.9999 0.0041 0.0163
vn 0.9999 0.0063 0.0153
vn 0.9998 0.0065 0.0163
vn 0.9998 0.0047 0.0195
vn 0.9998 0.0083 0.0184
vn 0.9999 0.0049 0.0110
vn 0.9999 0.0029 0.0117
vn 0.9998 0.0112 0.0158
vn 0.9999 0.0064 0.0098
vn 0.9999 0.0049 0.0110
vn 0.9998 0.0083 0.0184
vn 0.9999 0.0063 0.0106
vn 0.9999 0.0052 0.0119
vn 0.9999 0.0049 0.0110
vn 0.9999 0.0064 0.0098
vn 0.9999 0.0032 0.0126
vn 0.9999 0.0029 0.0117
vn 0.9999 0.0049 0.0110
vn 0.9999 0.0052 0.0119
vn 0.9995 0.0200 0.0237
vn 0.9995 0.0136 0.0288
vn 0.9992 0.0177 0.0356
vn 0.9992 0.0269 0.0281
vn 0.9995 0.0070 0.0309
vn 0.9992 0.0088 0.0402
vn 0.9992 0.0177 0.0356
vn 0.9995 0.0136 0.0288
vn 0.9966 0.0180 0.0807
vn 0.9969 0.0365 0.0694
vn 0.9992 0.0177 0.0356
vn 0.9992 0.0088 0.0402
vn 0.9973 0.0537 0.0493
vn 0.9992 0.0269 0.0281
vn 0.9992 0.0177 0.0356
vn 0.9969 0.0365 0.0694
vn 0.9999 -0.0010 0.0126
vn 0.9999 0.0010 0.0128
vn 0.9999 0.0015 0.0165
vn 0.9999 -0.0011 0.0162
vn 0.9999 0.0032 0.0126
vn 0.9999 0.0041 0.0163
vn 0.9999 0.0015 0.0165
vn 0.9999 0.0010 0.0128
vn 0.9998 0.0044 0.0179
vn 0.9998 0.0017 0.0184
vn 0.9999 0.0015 0.0165
vn 0.9999 0.0041 0.0163
vn 0.9998 -0.0011 0.0179
vn 0.9999 -0.0011 0.0162
vn 0.9999 0.0015 0.0165
vn 0.9998 0.0017 0.0184
vn 0.9998 -0.0014 0.0201
vn 0.9998 0.0014 0.0198
vn 0.9999 0.0008 0.0119
vn 0.9999 -0.0011 0.0119
vn 0.9998 0.0047 0.0195
vn 0.9999 0.0029 0.0117
vn 0.9999 0.0008 0.0119
vn 0.9998 0.0014 0.0198
vn 0.9999 0.0032 0.0126
vn 0.9999 0.0010 0.0128
vn 0.9999 0.0008 0.0119
vn 0.9999 0.0029 0.0117
vn 0.9999 -0.0010 0.0126
vn 0.9999 -0.0011 0.0119
vn 0.9999 0.0008 0.0119
vn 0.9999 0.0010 0.0128
vn 0.9995 0.0070 0.0309
vn 0.9995 0.0019 0.0313
vn 0.9992 0.0018 0.0407
vn 0.9992 0.0088 0.0402
vn 0.9995 -0.0016 0.0313
vn 0.9992 -0.0019 0.0391
vn 0.9992 0.0018 0.0407
vn 0.9995 0.0019 0.0313
vn 0.9969 -0.0076 0.0777
vn 0.9964 0.0030 0.0849
vn 0.9992 0.0018 0.0407
vn 0.9992 -0.0019 0.0391
vn 0.9966 0.0180 0.0807
vn 0.9992 0.0088 0.0402
vn 0.9992 0.0018 0.0407
vn 0.9964 0.0030 0.0849
vn 0.9999 -0.0044 0.0118
vn 0.9999 -0.0028 0.0122
vn 0.9999 -0.0034 0.0157
vn 0.9999 -0.0054 0.0149
vn 0.9999 -0.0010 0.0126
vn 0.9999 -0.0011 0.0162
vn 0.9999 -0.0034 0.0157
vn 0.9999 -0.0028 0.0122
vn 0.9998 -0.0011 0.0179
vn 0.9998 -0.0035 0.0171
vn 0.9999 -0.0034 0.0157
vn 0.9999 -0.0011 0.0162
vn 0.9999 -0.0057 0.0160
vn 0.9999 -0.0054 0.0149
vn 0.9999 -0.0034 0.0157
vn 0.9998 -0.0035 0.0171
vn 0.9998 -0.0069 0.0204
vn 0.9998 -0.0040 0.0204
vn 0.9999 -0.0027 0.0119
vn 0.9999 -0.0044 0.0116
vn 0.9998 -0.0014 0.0201
vn 0.9999 -0.0011 0.0119
vn 0.9999 -0.0027 0.0119
vn 0.9998 -0.0040 0.0204
vn 0.9999 -0.0010 0.0126
vn 0.9999 -0.0028 0.0122
vn 0.9999 -0.0027 0.0119
vn 0.9999 -0.0011 0.0119
vn 0.9999 -0.0044 0.0118
vn 0.9999 -0.0044 0.0116
vn 0.9999 -0.0027 0.0119
vn 0.9999 -0.0028 0.0122
vn 0.9995 -0.0016 0.0313
vn 0.9995 -0.0047 0.0315
vn 0.9994 -0.0061 0.0355
vn 0.9992 -0.0019 0.0391
vn 0.9995 -0.0094 0.0312
vn 0.9995 -0.0091 0.0315
vn 0.9994 -0.0061 0.0355
vn 0.9995 -0.0047 0.0315
vn 0.9991 -0.0164 0.0402
vn 0.9981 -0.0112 0.0607
vn 0.9994 -0.0061 0.0355
vn 0.9995 -0.0091 0.0315
vn 0.9969 -0.0076 0.0777
vn 0.9992 -0.0019 0.0391
vn 0.9994 -0.0061 0.0355
vn 0.9981 -0.0112 0.0607
vn 0.9999 -0.0068 0.0101
vn 0.9999 -0.0060 0.0111
vn 0.9999 -0.0073 0.0139
vn 0.9999 -0.0083 0.0130
vn 0.9999 -0.0044 0.0118
vn 0.9999 -0.0054 0.0149
vn 0.9999 -0.0073 0.0139
vn 0.9999 -0.0060 0.0111
vn 0.9999 -0.0057 0.0160
vn 0.9999 -0.0076 0.0147
vn 0.9999 -0.0073 0.0139
vn 0.9999 -0.0054 0.0149
vn 0.9999 -0.0084 0.0138
vn 0.9999 -0.0083 0.0130
vn 0.9999 -0.0073 0.0139
vn 0.9999 -0.0076 0.0147
vn 0.9998 -0.0135 0.0173
vn 0.9998 -0.0105 0.0196
vn 0.9999 -0.0061 0.0111
vn 0.9999 -0.0075 0.0102
vn 0.9998 -0.0069 0.0204
vn 0.9999 -0.0044 0.0116
vn 0.9999 -0.0061 0.0111
vn 0.9998 -0.0105 0.0196
vn 0.9999 -0.0044 0.0118
vn 0.9999 -0.0060 0.0111
vn 0.9999 -0.0061 0.0111
vn 0.9999 -0.0044 0.0116
vn 0.9999 -0.0068 0.0101
vn 0.9999 -0.0075 0.0102
vn 0.9999 -0.0061 0.0111
vn 0.9999 -0.0060 0.0111
vn 0.9995 -0.0094 0.0312
vn 0.9994 -0.0155 0.0295
vn 0.9995 -0.0150 0.0270
vn 0.9995 -0.0091 0.0315
vn 0.9995 -0.0224 0.0243
vn 0.9995 -0.0226 0.0208
vn 0.9995 -0.0150 0.0270
vn 0.9994 -0.0155 0.0295
vn 0.9996 -0.0226 0.0167
vn 0.9995 -0.0176 0.0276
vn 0.9995 -0.0150 0.0270
vn 0.9995 -0.0226 0.0208
vn 0.9991 -0.0164 0.0402
vn 0.9995 -0.0091 0.0315
vn 0.9995 -0.0150 0.0270
vn 0.9995 -0.0176 0.0276
vn 0.9999 -0.0078 0.0074
vn 0.9999 -0.0073 0.0090
vn 0.9999 -0.0085 0.0117
vn 0.9999 -0.0092 0.0100
vn 0.9999 -0.0068 0.0101
vn 0.9999 -0.0083 0.0130
vn 0.9999 -0.0085 0.0117
vn 0.9999 -0.0073 0.0090
vn 0.9999 -0.0084 0.0138
vn 0.9999 -0.0087 0.0129
vn 0.9999 -0.0085 0.0117
vn 0.9999 -0.0083 0.0130
vn 0.9999 -0.0101 0.0113
vn 0.9999 -0.0092 0.0100
vn 0.9999 -0.0085 0.0117
vn 0.9999 -0.0087 0.0129
vn 0.9998 -0.0176 0.0098
vn 0.9998 -0.0159 0.0139
vn 0.9999 -0.0082 0.0085
vn 0.9999 -0.0087 0.0066
vn 0.9998 -0.0135 0.0173
vn 0.9999 -0.0075 0.0102
vn 0.9999 -0.0082 0.0085
vn 0.9998 -0.0159 0.0139
vn 0.9999 -0.0068 0.0101
vn 0.9999 -0.0073 0.0090
vn 0.9999 -0.0082 0.0085
vn 0.9999 -0.0075 0.0102
vn 0.9999 -0.0078 0.0074
vn 0.9999 -0.0087 0.0066
vn 0.9999 -0.0082 0.0085
vn 0.9999 -0.0073 0.0090
vn 0.9995 -0.0224 0.0243
vn 0.9994 -0.0304 0.0160
vn 0.9995 -0.0294 0.0111
vn 0.9995 -0.0226 0.0208
vn 0.9994 -0.0331 0.0082
vn 0.9994 -0.0345 0.0017
vn 0.9995 -0.0294 0.0111
vn 0.9994 -0.0304 0.0160
vn 0.9995 -0.0301 -0.0031
vn 0.9996 -0.0294 0.0052
vn 0.9995 -0.0294 0.0111
vn 0.9994 -0.0345 0.0017
vn 0.9996 -0.0226 0.0167
vn 0.9995 -0.0226 0.0208
vn 0.9995 -0.0294 0.0111
vn 0.9996 -0.0294 0.0052
vn 0.9997 -0.0246 -0.0091
vn 0.9999 -0.0107 0.0039
vn 0.9999 -0.0122 0.0068
vn 0.9998 -0.0222 -0.0002
vn 0.9999 -0.0078 0.0074
vn 0.9999 -0.0092 0.0100
vn 0.9999 -0.0122 0.0068
vn 0.9999 -0.0107 0.0039
vn 0.9999 -0.0101 0.0113
vn 0.9999 -0.0132 0.0086
vn 0.9999 -0.0122 0.0068
vn 0.9999 -0.0092 0.0100
vn 0.9998 -0.0189 0.0032
vn 0.9998 -0.0222 -0.0002
vn 0.9999 -0.0122 0.0068
vn 0.9999 -0.0132 0.0086
vn 0.9990 -0.0373 -0.0233
vn 0.9998 -0.0211 0.0033
vn 0.9999 -0.0116 0.0021
vn 0.9995 -0.0282 -0.0144
vn 0.9998 -0.0176 0.0098
vn 0.9999 -0.0087 0.0066
vn 0.9999 -0.0116 0.0021
vn 0.9998 -0.0211 0.0033
vn 0.9999 -0.0078 0.0074
vn 0.9999 -0.0107 0.0039
vn 0.9999 -0.0116 0.0021
vn 0.9999 -0.0087 0.0066
vn 0.9997 -0.0246 -0.0091
vn 0.9995 -0.0282 -0.0144
vn 0.9999 -0.0116 0.0021
vn 0.9999 -0.0107 0.0039
vn 0.9994 -0.0331 0.0082
vn 0.9991 -0.0406 -0.0077
vn 0.9990 -0.0408 -0.0196
vn 0.9994 -0.0345 0.0017
vn 0.9958 -0.0617 -0.0672
vn 0.9917 -0.0774 -0.1025
vn 0.9990 -0.0408 -0.0196
vn 0.9991 -0.0406 -0.0077
vn 0.9870 -0.0788 -0.1404
vn 0.9982 -0.0467 -0.0365
vn 0.9990 -0.0408 -0.0196
vn 0.9917 -0.0774 -0.1025
vn 0.9995 -0.0301 -0.0031
vn 0.9994 -0.0345 0.0017
vn 0.9990 -0.0408 -0.0196
vn 0.9982 -0.0467 -0.0365
vn -0.0000 -0.8292 -0.5589
vn 0.9938 -0.0934 -0.0601
vn 0.9977 -0.0615 -0.0267
vn 0.0000 -0.9001 -0.4356
vn 0.9997 -0.0246 -0.0091
vn 0.9998 -0.0222 -0.0002
vn 0.9977 -0.0615 -0.0267
vn 0.9938 -0.0934 -0.0601
vn 0.9998 -0.0189 0.0032
vn 0.9993 -0.0366 0.0007
vn 0.9977 -0.0615 -0.0267
vn 0.9998 -0.0222 -0.0002
vn 0.0000 -0.9999 -0.0150
vn 0.0000 -0.9001 -0.4356
vn 0.9977 -0.0615 -0.0267
vn 0.9993 -0.0366 0.0007
vn 0.0000 -0.6536 -0.7568
vn 0.9827 -0.1267 -0.1353
vn 0.9896 -0.1098 -0.0927
vn 0.0000 -0.7382 -0.6746
vn 0.9990 -0.0373 -0.0233
vn 0.9995 -0.0282 -0.0144
vn 0.9896 -0.1098 -0.0927
vn 0.9827 -0.1267 -0.1353
vn 0.9997 -0.0246 -0.0091
vn 0.9938 -0.0934 -0.0601
vn 0.9896 -0.1098 -0.0927
vn 0.9995 -0.0282 -0.0144
vn -0.0000 -0.8292 -0.5589
vn 0.0000 -0.7382 -0.6746
vn 0.9896 -0.1098 -0.0927
vn 0.9938 -0.0934 -0.0601
vn 0.9958 -0.0617 -0.0672
vn 0.9460 -0.1612 -0.2814
vn 0.9167 -0.1785 -0.3576
vn 0.9917 -0.0774 -0.1025
vn 0.0000 -0.4757 -0.8796
vn 0.0000 -0.4117 -0.9113
vn 0.9167 -0.1785 -0.3576
vn 0.9460 -0.1612 -0.2814
vn 0.0000 -0.3912 -0.9203
vn 0.8856 -0.1856 -0.4257
vn 0.9167 -0.1785 -0.3576
vn 0.0000 -0.4117 -0.9113
vn 0.9870 -0.0788 -0.1404
vn 0.9917 -0.0774 -0.1025
vn 0.9167 -0.1785 -0.3576
vn 0.8856 -0.1856 -0.4257
vn 0.9444 0.2463 0.2179
vn 0.8700 0.3889 0.3031
vn 0.8974 0.3788 0.2261
vn 0.9595 0.2312 0.1610
vn 0.8647 0.4018 0.3014
vn 0.8911 0.3971 0.2197
vn 0.8974 0.3788 0.2261
vn 0.8700 0.3889 0.3031
vn 0.9370 0.2157 0.2746
vn 0.8369 0.4239 0.3462
vn 0.8974 0.3788 0.2261
vn 0.8911 0.3971 0.2197
vn 0.9360 0.3359 0.1052
vn 0.9595 0.2312 0.1610
vn 0.8974 0.3788 0.2261
vn 0.8369 0.4239 0.3462
vn 0.9360 0.3359 0.1052
vn 0.8369 0.4239 0.3462
vn 0.7212 0.5273 0.4493
vn 0.6790 0.7341 -0.0066
vn 0.9370 0.2157 0.2746
vn 0.6313 -0.3443 0.6949
vn 0.7212 0.5273 0.4493
vn 0.8369 0.4239 0.3462
vn -0.0000 -0.6890 0.7248
vn -0.0000 0.5697 0.8219
vn 0.7212 0.5273 0.4493
vn 0.6313 -0.3443 0.6949
vn -0.0000 1.0000 -0.0006
vn 0.6790 0.7341 -0.0066
vn 0.7212 0.5273 0.4493
vn -0.0000 0.5697 0.8219
vn 0.0000 0.9987 -0.0505
vn -0.0000 0.9100 -0.4145
vn 0.5411 0.8376 -0.0757
vn 0.5614 0.8243 0.0730
vn -0.0000 0.7240 -0.6898
vn 0.6022 0.7198 -0.3454
vn 0.5411 0.8376 -0.0757
vn -0.0000 0.9100 -0.4145
vn 0.6985 0.7148 0.0351
vn 0.6775 0.7355 0.0057
vn 0.5411 0.8376 -0.0757
vn 0.6022 0.7198 -0.3454
vn 0.8748 0.4809 0.0588
vn 0.5614 0.8243 0.0730
vn 0.5411 0.8376 -0.0757
vn 0.6775 0.7355 0.0057
vn 0.8748 0.4809 0.0588
vn 0.6775 0.7355 0.0057
vn 0.7179 0.6851 0.1233
vn 0.9138 0.3922 0.1055
vn 0.6985 0.7148 0.0351
vn 0.6989 0.7077 0.1028
vn 0.7179 0.6851 0.1233
vn 0.6775 0.7355 0.0057
vn 0.7194 0.6816 0.1336
vn 0.7352 0.6621 0.1454
vn 0.7179 0.6851 0.1233
vn 0.6989 0.7077 0.1028
vn 0.9125 0.3929 0.1144
vn 0.9138 0.3922 0.1055
vn 0.7179 0.6851 0.1233
vn 0.7352 0.6621 0.1454
vn 0.9125 0.3929 0.1144
vn 0.7352 0.6621 0.1454
vn 0.7419 0.6469 0.1762
vn 0.9137 0.3839 0.1334
vn 0.7194 0.6816 0.1336
vn 0.7323 0.6602 0.1668
vn 0.7419 0.6469 0.1762
vn 0.7352 0.6621 0.1454
vn 0.7383 0.6382 0.2182
vn 0.7444 0.6278 0.2274
vn 0.7419 0.6469 0.1762
vn 0.7323 0.6602 0.1668
vn 0.9124 0.3742 0.1659
vn 0.9137 0.3839 0.1334
vn 0.7419 0.6469 0.1762
vn 0.7444 0.6278 0.2274
vn 0.9124 0.3742 0.1659
vn 0.7444 0.6278 0.2274
vn 0.7481 0.6054 0.2718
vn 0.9114 0.3601 0.1991
vn 0.7383 0.6382 0.2182
vn 0.7443 0.6147 0.2609
vn 0.7481 0.6054 0.2718
vn 0.7444 0.6278 0.2274
vn 0.7564 0.5906 0.2813
vn 0.7585 0.5822 0.2927
vn 0.7481 0.6054 0.2718
vn 0.7443 0.6147 0.2609
vn 0.9146 0.3454 0.2102
vn 0.9114 0.3601 0.1991
vn 0.7481 0.6054 0.2718
vn 0.7585 0.5822 0.2927
vn 0.9146 0.3454 0.2102
vn 0.7585 0.5822 0.2927
vn 0.7688 0.5569 0.3142
vn 0.9160 0.3312 0.2262
vn 0.7564 0.5906 0.2813
vn 0.7731 0.5596 0.2984
vn 0.7688 0.5569 0.3142
vn 0.7585 0.5822 0.2927
vn 0.7901 0.5169 0.3296
vn 0.7791 0.5204 0.3495
vn 0.7688 0.5569 0.3142
vn 0.7731 0.5596 0.2984
vn 0.9162 0.3156 0.2468
vn 0.9160 0.3312 0.2262
vn 0.7688 0.5569 0.3142
vn 0.7791 0.5204 0.3495
vn 0.9162 0.3156 0.2468
vn 0.7791 0.5204 0.3495
vn 0.7972 0.4831 0.3620
vn 0.9206 0.2942 0.2567
vn 0.7901 0.5169 0.3296
vn 0.8184 0.4668 0.3351
vn 0.7972 0.4831 0.3620
vn 0.7791 0.5204 0.3495
vn 0.8431 0.4297 0.3234
vn 0.8233 0.4493 0.3467
vn 0.7972 0.4831 0.3620
vn 0.8184 0.4668 0.3351
vn 0.9296 0.2757 0.2447
vn 0.9206 0.2942 0.2567
vn 0.7972 0.4831 0.3620
vn 0.8233 0.4493 0.3467
vn 0.9296 0.2757 0.2447
vn 0.8233 0.4493 0.3467
vn 0.8367 0.4312 0.3377
vn 0.9360 0.2620 0.2352
vn 0.8431 0.4297 0.3234
vn 0.8500 0.4199 0.3181
vn 0.8367 0.4312 0.3377
vn 0.8233 0.4493 0.3467
vn 0.8406 0.4157 0.3473
vn 0.8381 0.4142 0.3550
vn 0.8367 0.4312 0.3377
vn 0.8500 0.4199 0.3181
vn 0.9347 0.2563 0.2462
vn 0.9360 0.2620 0.2352
vn 0.8367 0.4312 0.3377
vn 0.8381 0.4142 0.3550
vn 0.9347 0.2563 0.2462
vn 0.8381 0.4142 0.3550
vn 0.8447 0.3974 0.3586
vn 0.9333 0.2522 0.2557
vn 0.8406 0.4157 0.3473
vn 0.8432 0.4049 0.3537
vn 0.8447 0.3974 0.3586
vn 0.8381 0.4142 0.3550
vn 0.8647 0.4018 0.3014
vn 0.8700 0.3889 0.3031
vn 0.8447 0.3974 0.3586
vn 0.8432 0.4049 0.3537
vn 0.9444 0.2463 0.2179
vn 0.9333 0.2522 0.2557
vn 0.8447 0.3974 0.3586
vn 0.8700 0.3889 0.3031
vn 0.0000 -0.9527 0.3040
vn -0.0000 -0.6421 0.7666
vn 0.7492 -0.4898 0.4459
vn 0.7321 -0.6505 0.2021
vn 0.0000 0.2626 0.9649
vn 0.7719 -0.0638 0.6325
vn 0.7492 -0.4898 0.4459
vn -0.0000 -0.6421 0.7666
vn 0.9037 -0.2881 0.3168
vn 0.8366 -0.3896 0.3851
vn 0.7492 -0.4898 0.4459
vn 0.7719 -0.0638 0.6325
vn 0.9436 -0.2807 0.1757
vn 0.7321 -0.6505 0.2021
vn 0.7492 -0.4898 0.4459
vn 0.8366 -0.3896 0.3851
vn 0.9436 -0.2807 0.1757
vn 0.8366 -0.3896 0.3851
vn 0.8803 -0.3590 0.3102
vn 0.9588 -0.1994 0.2023
vn 0.9037 -0.2881 0.3168
vn 0.8885 -0.3541 0.2918
vn 0.8803 -0.3590 0.3102
vn 0.8366 -0.3896 0.3851
vn 0.8708 -0.3730 0.3203
vn 0.8587 -0.3832 0.3402
vn 0.8803 -0.3590 0.3102
vn 0.8885 -0.3541 0.2918
vn 0.9489 -0.2161 0.2302
vn 0.9588 -0.1994 0.2023
vn 0.8803 -0.3590 0.3102
vn 0.8587 -0.3832 0.3402
vn 0.9489 -0.2161 0.2302
vn 0.8587 -0.3832 0.3402
vn 0.8496 -0.3955 0.3488
vn 0.9452 -0.2253 0.2362
vn 0.8708 -0.3730 0.3203
vn 0.8727 -0.3712 0.3171
vn 0.8496 -0.3955 0.3488
vn 0.8587 -0.3832 0.3402
vn 0.8734 -0.3777 0.3075
vn 0.8464 -0.4086 0.3416
vn 0.8496 -0.3955 0.3488
vn 0.8727 -0.3712 0.3171
vn 0.9448 -0.2335 0.2298
vn 0.9452 -0.2253 0.2362
vn 0.8496 -0.3955 0.3488
vn 0.8464 -0.4086 0.3416
vn 0.9448 -0.2335 0.2298
vn 0.8464 -0.4086 0.3416
vn 0.8351 -0.4402 0.3300
vn 0.9427 -0.2463 0.2252
vn 0.8734 -0.3777 0.3075
vn 0.8647 -0.4094 0.2910
vn 0.8351 -0.4402 0.3300
vn 0.8464 -0.4086 0.3416
vn 0.8417 -0.4624 0.2787
vn 0.8193 -0.4827 0.3095
vn 0.8351 -0.4402 0.3300
vn 0.8647 -0.4094 0.2910
vn 0.9402 -0.2669 0.2114
vn 0.9427 -0.2463 0.2252
vn 0.8351 -0.4402 0.3300
vn 0.8193 -0.4827 0.3095
vn 0.9402 -0.2669 0.2114
vn 0.8193 -0.4827 0.3095
vn 0.7927 -0.5372 0.2883
vn 0.9358 -0.2892 0.2015
vn 0.8417 -0.4624 0.2787
vn 0.8082 -0.5264 0.2639
vn 0.7927 -0.5372 0.2883
vn 0.8193 -0.4827 0.3095
vn 0.7744 -0.5822 0.2475
vn 0.7678 -0.5834 0.2649
vn 0.7927 -0.5372 0.2883
vn 0.8082 -0.5264 0.2639
vn 0.9318 -0.3135 0.1830
vn 0.9358 -0.2892 0.2015
vn 0.7927 -0.5372 0.2883
vn 0.7678 -0.5834 0.2649
vn 0.9318 -0.3135 0.1830
vn 0.7678 -0.5834 0.2649
vn 0.7488 -0.6195 0.2357
vn 0.9284 -0.3313 0.1682
vn 0.7744 -0.5822 0.2475
vn 0.7505 -0.6233 0.2198
vn 0.7488 -0.6195 0.2357
vn 0.7678 -0.5834 0.2649
vn 0.7255 -0.6550 0.2112
vn 0.7306 -0.6450 0.2239
vn 0.7488 -0.6195 0.2357
vn 0.7505 -0.6233 0.2198
vn 0.9238 -0.3480 0.1597
vn 0.9284 -0.3313 0.1682
vn 0.7488 -0.6195 0.2357
vn 0.7306 -0.6450 0.2239
vn 0.9238 -0.3480 0.1597
vn 0.7306 -0.6450 0.2239
vn 0.7012 -0.6750 0.2295
vn 0.9202 -0.3556 0.1637
vn 0.7255 -0.6550 0.2112
vn 0.6974 -0.6865 0.2059
vn 0.7012 -0.6750 0.2295
vn 0.7306 -0.6450 0.2239
vn 0.7037 -0.6896 0.1707
vn 0.6456 -0.7480 0.1539
vn 0.7012 -0.6750 0.2295
vn 0.6974 -0.6865 0.2059
vn 0.8744 -0.4576 0.1613
vn 0.9202 -0.3556 0.1637
vn 0.7012 -0.6750 0.2295
vn 0.6456 -0.7480 0.1539
vn 0.8744 -0.4576 0.1613
vn 0.6456 -0.7480 0.1539
vn 0.5098 -0.8517 0.1212
vn 0.5116 -0.8160 0.2692
vn 0.7037 -0.6896 0.1707
vn 0.7042 -0.6326 -0.3224
vn 0.5098 -0.8517 0.1212
vn 0.6456 -0.7480 0.1539
vn 0.0000 -0.2073 -0.9783
vn 0.0000 -0.8561 -0.5169
vn 0.5098 -0.8517 0.1212
vn 0.7042 -0.6326 -0.3224
vn 0.0000 -0.9821 0.1886
vn 0.5116 -0.8160 0.2692
vn 0.5098 -0.8517 0.1212
vn 0.0000 -0.8561 -0.5169
vn 0.8647 0.4018 0.3014
vn 0.9281 0.3024 0.2170
vn 0.9372 0.3097 0.1602
vn 0.8911 0.3971 0.2197
vn 0.9724 0.1902 0.1355
vn 0.9735 0.2064 0.0985
vn 0.9372 0.3097 0.1602
vn 0.9281 0.3024 0.2170
vn 0.9708 0.2307 0.0662
vn 0.9544 0.2881 0.0778
vn 0.9372 0.3097 0.1602
vn 0.9735 0.2064 0.0985
vn 0.9370 0.2157 0.2746
vn 0.8911 0.3971 0.2197
vn 0.9372 0.3097 0.1602
vn 0.9544 0.2881 0.0778
vn 0.9174 -0.3556 0.1790
vn 0.9589 0.0512 0.2791
vn 0.6722 -0.5626 0.4812
vn 0.4445 -0.8513 0.2787
vn 0.9396 0.2630 0.2189
vn 0.7853 -0.2950 0.5444
vn 0.6722 -0.5626 0.4812
vn 0.9589 0.0512 0.2791
vn -0.0000 -0.6191 0.7853
vn 0.0000 -0.9002 0.4354
vn 0.6722 -0.5626 0.4812
vn 0.7853 -0.2950 0.5444
vn 0.0000 -0.9677 0.2520
vn 0.4445 -0.8513 0.2787
vn 0.6722 -0.5626 0.4812
vn 0.0000 -0.9002 0.4354
vn -0.0000 0.7240 -0.6898
vn 0.0000 0.5495 -0.8355
vn 0.8042 0.4560 -0.3812
vn 0.6022 0.7198 -0.3454
vn 0.0000 0.4403 -0.8978
vn 0.9379 0.1914 -0.2892
vn 0.8042 0.4560 -0.3812
vn 0.0000 0.5495 -0.8355
vn 0.9886 0.1470 -0.0338
vn 0.9026 0.4304 -0.0088
vn 0.8042 0.4560 -0.3812
vn 0.9379 0.1914 -0.2892
vn 0.6985 0.7148 0.0351
vn 0.6022 0.7198 -0.3454
vn 0.8042 0.4560 -0.3812
vn 0.9026 0.4304 -0.0088
vn 0.6985 0.7148 0.0351
vn 0.9026 0.4304 -0.0088
vn 0.9092 0.4130 0.0536
vn 0.6989 0.7077 0.1028
vn 0.9886 0.1470 -0.0338
vn 0.9881 0.1534 0.0152
vn 0.9092 0.4130 0.0536
vn 0.9026 0.4304 -0.0088
vn 0.9885 0.1487 0.0274
vn 0.9167 0.3931 0.0718
vn 0.9092 0.4130 0.0536
vn 0.9881 0.1534 0.0152
vn 0.7194 0.6816 0.1336
vn 0.6989 0.7077 0.1028
vn 0.9092 0.4130 0.0536
vn 0.9167 0.3931 0.0718
vn 0.7194 0.6816 0.1336
vn 0.9167 0.3931 0.0718
vn 0.9205 0.3792 0.0949
vn 0.7323 0.6602 0.1668
vn 0.9885 0.1487 0.0274
vn 0.9886 0.1464 0.0360
vn 0.9205 0.3792 0.0949
vn 0.9167 0.3931 0.0718
vn 0.9884 0.1438 0.0482
vn 0.9226 0.3661 0.1216
vn 0.9205 0.3792 0.0949
vn 0.9886 0.1464 0.0360
vn 0.7383 0.6382 0.2182
vn 0.7323 0.6602 0.1668
vn 0.9205 0.3792 0.0949
vn 0.9226 0.3661 0.1216
vn 0.7383 0.6382 0.2182
vn 0.9226 0.3661 0.1216
vn 0.9233 0.3537 0.1494
vn 0.7443 0.6147 0.2609
vn 0.9884 0.1438 0.0482
vn 0.9881 0.1420 0.0593
vn 0.9233 0.3537 0.1494
vn 0.9226 0.3661 0.1216
vn 0.9879 0.1405 0.0655
vn 0.9265 0.3413 0.1582
vn 0.9233 0.3537 0.1494
vn 0.9881 0.1420 0.0593
vn 0.7564 0.5906 0.2813
vn 0.7443 0.6147 0.2609
vn 0.9233 0.3537 0.1494
vn 0.9265 0.3413 0.1582
vn 0.7564 0.5906 0.2813
vn 0.9265 0.3413 0.1582
vn 0.9307 0.3232 0.1710
vn 0.7731 0.5596 0.2984
vn 0.9879 0.1405 0.0655
vn 0.9878 0.1379 0.0722
vn 0.9307 0.3232 0.1710
vn 0.9265 0.3413 0.1582
vn 0.9876 0.1329 0.0831
vn 0.9360 0.2995 0.1849
vn 0.9307 0.3232 0.1710
vn 0.9878 0.1379 0.0722
vn 0.7901 0.5169 0.3296
vn 0.7731 0.5596 0.2984
vn 0.9307 0.3232 0.1710
vn 0.9360 0.2995 0.1849
vn 0.7901 0.5169 0.3296
vn 0.9360 0.2995 0.1849
vn 0.9448 0.2661 0.1909
vn 0.8184 0.4668 0.3351
vn 0.9876 0.1329 0.0831
vn 0.9883 0.1243 0.0887
vn 0.9448 0.2661 0.1909
vn 0.9360 0.2995 0.1849
vn 0.9878 0.1231 0.0949
vn 0.9517 0.2463 0.1832
vn 0.9448 0.2661 0.1909
vn 0.9883 0.1243 0.0887
vn 0.8431 0.4297 0.3234
vn 0.8184 0.4668 0.3351
vn 0.9448 0.2661 0.1909
vn 0.9517 0.2463 0.1832
vn 0.8431 0.4297 0.3234
vn 0.9517 0.2463 0.1832
vn 0.9440 0.2591 0.2044
vn 0.8500 0.4199 0.3181
vn 0.9878 0.1231 0.0949
vn 0.9837 0.1380 0.1150
vn 0.9440 0.2591 0.2044
vn 0.9517 0.2463 0.1832
vn 0.9760 0.1636 0.1437
vn 0.9280 0.2845 0.2405
vn 0.9440 0.2591 0.2044
vn 0.9837 0.1380 0.1150
vn 0.8406 0.4157 0.3473
vn 0.8500 0.4199 0.3181
vn 0.9440 0.2591 0.2044
vn 0.9280 0.2845 0.2405
vn 0.8406 0.4157 0.3473
vn 0.9280 0.2845 0.2405
vn 0.9223 0.2907 0.2548
vn 0.8432 0.4049 0.3537
vn 0.9760 0.1636 0.1437
vn 0.9715 0.1775 0.1570
vn 0.9223 0.2907 0.2548
vn 0.9280 0.2845 0.2405
vn 0.9724 0.1902 0.1355
vn 0.9281 0.3024 0.2170
vn 0.9223 0.2907 0.2548
vn 0.9715 0.1775 0.1570
vn 0.8647 0.4018 0.3014
vn 0.8432 0.4049 0.3537
vn 0.9223 0.2907 0.2548
vn 0.9281 0.3024 0.2170
vn -0.0000 0.2847 0.9586
vn 0.9998 0.0055 0.0183
vn 0.9997 0.0057 0.0218
vn -0.0000 0.2655 0.9641
vn 0.9999 0.0028 0.0109
vn 0.9999 0.0025 0.0117
vn 0.9997 0.0057 0.0218
vn 0.9998 0.0055 0.0183
vn 0.9999 0.0026 0.0120
vn 0.9995 0.0073 0.0296
vn 0.9997 0.0057 0.0218
vn 0.9999 0.0025 0.0117
vn 0.0000 0.2454 0.9694
vn -0.0000 0.2655 0.9641
vn 0.9997 0.0057 0.0218
vn 0.9995 0.0073 0.0296
vn 0.9996 0.0190 -0.0212
vn 0.9834 0.1050 -0.1479
vn 0.9811 0.1314 -0.1417
vn 0.9995 0.0240 -0.0205
vn -0.0000 0.5595 -0.8288
vn -0.0000 0.6617 -0.7498
vn 0.9811 0.1314 -0.1417
vn 0.9834 0.1050 -0.1479
vn -0.0000 0.7390 -0.6737
vn 0.9820 0.1434 -0.1227
vn 0.9811 0.1314 -0.1417
vn -0.0000 0.6617 -0.7498
vn 0.9993 0.0320 -0.0184
vn 0.9995 0.0240 -0.0205
vn 0.9811 0.1314 -0.1417
vn 0.9820 0.1434 -0.1227
vn 1.0000 0.0054 0.0011
vn 1.0000 0.0071 -0.0019
vn 1.0000 0.0091 -0.0018
vn 1.0000 0.0070 0.0013
vn 0.9996 0.0190 -0.0212
vn 0.9995 0.0240 -0.0205
vn 1.0000 0.0091 -0.0018
vn 1.0000 0.0071 -0.0019
vn 0.9993 0.0320 -0.0184
vn 0.9999 0.0170 -0.0010
vn 1.0000 0.0091 -0.0018
vn 0.9995 0.0240 -0.0205
vn 0.9999 0.0140 0.0020
vn 1.0000 0.0070 0.0013
vn 1.0000 0.0091 -0.0018
vn 0.9999 0.0170 -0.0010
vn 1.0000 0.0049 0.0014
vn 1.0000 0.0053 0.0013
vn 1.0000 0.0067 0.0015
vn 1.0000 0.0062 0.0015
vn 1.0000 0.0054 0.0011
vn 1.0000 0.0070 0.0013
vn 1.0000 0.0067 0.0015
vn 1.0000 0.0053 0.0013
vn 0.9999 0.0140 0.0020
vn 0.9999 0.0127 0.0025
vn 1.0000 0.0067 0.0015
vn 1.0000 0.0070 0.0013
vn 0.9999 0.0116 0.0021
vn 1.0000 0.0062 0.0015
vn 1.0000 0.0067 0.0015
vn 0.9999 0.0127 0.0025
vn 1.0000 0.0036 0.0016
vn 1.0000 0.0042 0.0014
vn 1.0000 0.0054 0.0014
vn 1.0000 0.0046 0.0017
vn 1.0000 0.0049 0.0014
vn 1.0000 0.0062 0.0015
vn 1.0000 0.0054 0.0014
vn 1.0000 0.0042 0.0014
vn 0.9999 0.0116 0.0021
vn 0.9999 0.0103 0.0022
vn 1.0000 0.0054 0.0014
vn 1.0000 0.0062 0.0015
vn 1.0000 0.0092 0.0029
vn 1.0000 0.0046 0.0017
vn 1.0000 0.0054 0.0014
vn 0.9999 0.0103 0.0022
vn 1.0000 0.0018 0.0061
vn 1.0000 0.0029 0.0029
vn 1.0000 0.0039 0.0032
vn 1.0000 0.0025 0.0066
vn 1.0000 0.0036 0.0016
vn 1.0000 0.0046 0.0017
vn 1.0000 0.0039 0.0032
vn 1.0000 0.0029 0.0029
vn 1.0000 0.0092 0.0029
vn 1.0000 0.0082 0.0050
vn 1.0000 0.0039 0.0032
vn 1.0000 0.0046 0.0017
vn 1.0000 0.0060 0.0078
vn 1.0000 0.0025 0.0066
vn 1.0000 0.0039 0.0032
vn 1.0000 0.0082 0.0050
vn 0.9999 0.0028 0.0109
vn 1.0000 0.0016 0.0092
vn 1.0000 0.0019 0.0097
vn 0.9999 0.0025 0.0117
vn 1.0000 0.0018 0.0061
vn 1.0000 0.0025 0.0066
vn 1.0000 0.0019 0.0097
vn 1.0000 0.0016 0.0092
vn 1.0000 0.0060 0.0078
vn 0.9999 0.0036 0.0109
vn 1.0000 0.0019 0.0097
vn 1.0000 0.0025 0.0066
vn 0.9999 0.0026 0.0120
vn 0.9999 0.0025 0.0117
vn 1.0000 0.0019 0.0097
vn 0.9999 0.0036 0.0109
vn 0.0000 0.2626 0.9649
vn -0.0000 0.7586 0.6516
vn 0.8646 0.2651 0.4268
vn 0.7719 -0.0638 0.6325
vn -0.0000 0.7907 0.6122
vn 0.9341 0.2501 0.2546
vn 0.8646 0.2651 0.4268
vn -0.0000 0.7586 0.6516
vn 0.9929 -0.0607 0.1019
vn 0.9668 -0.1629 0.1968
vn 0.8646 0.2651 0.4268
vn 0.9341 0.2501 0.2546
vn 0.9037 -0.2881 0.3168
vn 0.7719 -0.0638 0.6325
vn 0.8646 0.2651 0.4268
vn 0.9668 -0.1629 0.1968
vn 0.9037 -0.2881 0.3168
vn 0.9668 -0.1629 0.1968
vn 0.9587 -0.2178 0.1828
vn 0.8885 -0.3541 0.2918
vn 0.9929 -0.0607 0.1019
vn 0.9891 -0.1123 0.0957
vn 0.9587 -0.2178 0.1828
vn 0.9668 -0.1629 0.1968
vn 0.9903 -0.1029 0.0930
vn 0.9579 -0.2168 0.1884
vn 0.9587 -0.2178 0.1828
vn 0.9891 -0.1123 0.0957
vn 0.8708 -0.3730 0.3203
vn 0.8885 -0.3541 0.2918
vn 0.9587 -0.2178 0.1828
vn 0.9579 -0.2168 0.1884
vn 0.8708 -0.3730 0.3203
vn 0.9579 -0.2168 0.1884
vn 0.9656 -0.1934 0.1741
vn 0.8727 -0.3712 0.3171
vn 0.9903 -0.1029 0.0930
vn 0.9930 -0.0844 0.0826
vn 0.9656 -0.1934 0.1741
vn 0.9579 -0.2168 0.1884
vn 0.9948 -0.0766 0.0669
vn 0.9709 -0.1856 0.1516
vn 0.9656 -0.1934 0.1741
vn 0.9930 -0.0844 0.0826
vn 0.8734 -0.3777 0.3075
vn 0.8727 -0.3712 0.3171
vn 0.9656 -0.1934 0.1741
vn 0.9709 -0.1856 0.1516
vn 0.8734 -0.3777 0.3075
vn 0.9709 -0.1856 0.1516
vn 0.9694 -0.1992 0.1436
vn 0.8647 -0.4094 0.2910
vn 0.9948 -0.0766 0.0669
vn 0.9955 -0.0759 0.0562
vn 0.9694 -0.1992 0.1436
vn 0.9709 -0.1856 0.1516
vn 0.9958 -0.0780 0.0475
vn 0.9654 -0.2252 0.1314
vn 0.9694 -0.1992 0.1436
vn 0.9955 -0.0759 0.0562
vn 0.8417 -0.4624 0.2787
vn 0.8647 -0.4094 0.2910
vn 0.9694 -0.1992 0.1436
vn 0.9654 -0.2252 0.1314
vn 0.8417 -0.4624 0.2787
vn 0.9654 -0.2252 0.1314
vn 0.9572 -0.2583 0.1302
vn 0.8082 -0.5264 0.2639
vn 0.9958 -0.0780 0.0475
vn 0.9957 -0.0823 0.0413
vn 0.9572 -0.2583 0.1302
vn 0.9654 -0.2252 0.1314
vn 0.9955 -0.0869 0.0369
vn 0.9495 -0.2902 0.1198
vn 0.9572 -0.2583 0.1302
vn 0.9957 -0.0823 0.0413
vn 0.7744 -0.5822 0.2475
vn 0.8082 -0.5264 0.2639
vn 0.9572 -0.2583 0.1302
vn 0.9495 -0.2902 0.1198
vn 0.7744 -0.5822 0.2475
vn 0.9495 -0.2902 0.1198
vn 0.9435 -0.3123 0.1110
vn 0.7505 -0.6233 0.2198
vn 0.9955 -0.0869 0.0369
vn 0.9955 -0.0895 0.0317
vn 0.9435 -0.3123 0.1110
vn 0.9495 -0.2902 0.1198
vn 0.9952 -0.0936 0.0288
vn 0.9372 -0.3331 0.1036
vn 0.9435 -0.3123 0.1110
vn 0.9955 -0.0895 0.0317
vn 0.7255 -0.6550 0.2112
vn 0.7505 -0.6233 0.2198
vn 0.9435 -0.3123 0.1110
vn 0.9372 -0.3331 0.1036
vn 0.7255 -0.6550 0.2112
vn 0.9372 -0.3331 0.1036
vn 0.9293 -0.3547 0.1028
vn 0.6974 -0.6865 0.2059
vn 0.9952 -0.0936 0.0288
vn 0.9945 -0.1015 0.0262
vn 0.9293 -0.3547 0.1028
vn 0.9372 -0.3331 0.1036
vn 0.9965 -0.0840 -0.0040
vn 0.9352 -0.3462 0.0740
vn 0.9293 -0.3547 0.1028
vn 0.9945 -0.1015 0.0262
vn 0.7037 -0.6896 0.1707
vn 0.6974 -0.6865 0.2059
vn 0.9293 -0.3547 0.1028
vn 0.9352 -0.3462 0.0740
vn 0.7037 -0.6896 0.1707
vn 0.9352 -0.3462 0.0740
vn 0.9061 -0.0458 -0.4206
vn 0.7042 -0.6326 -0.3224
vn 0.9965 -0.0840 -0.0040
vn 0.9658 0.0107 -0.2590
vn 0.9061 -0.0458 -0.4206
vn 0.9352 -0.3462 0.0740
vn 0.0000 0.1321 -0.9912
vn 0.0000 0.2342 -0.9722
vn 0.9061 -0.0458 -0.4206
vn 0.9658 0.0107 -0.2590
vn 0.0000 -0.2073 -0.9783
vn 0.7042 -0.6326 -0.3224
vn 0.9061 -0.0458 -0.4206
vn 0.0000 0.2342 -0.9722
vn 0.9999 0.0015 0.0111
vn 0.9995 0.0022 0.0329
vn 0.9994 0.0034 0.0343
vn 0.9999 0.0016 0.0115
vn -0.0000 0.0758 0.9971
vn 0.0001 0.0997 0.9950
vn 0.9994 0.0034 0.0343
vn 0.9995 0.0022 0.0329
vn 0.0019 0.1284 0.9917
vn 0.9992 0.0053 0.0406
vn 0.9994 0.0034 0.0343
vn 0.0001 0.0997 0.9950
vn 0.9999 0.0020 0.0108
vn 0.9999 0.0016 0.0115
vn 0.9994 0.0034 0.0343
vn 0.9992 0.0053 0.0406
vn 1.0000 -0.0001 0.0050
vn 1.0000 0.0014 0.0084
vn 1.0000 0.0001 0.0088
vn 1.0000 -0.0023 0.0066
vn 0.9999 0.0015 0.0111
vn 0.9999 0.0016 0.0115
vn 1.0000 0.0001 0.0088
vn 1.0000 0.0014 0.0084
vn 0.9999 0.0020 0.0108
vn 1.0000 -0.0002 0.0079
vn 1.0000 0.0001 0.0088
vn 0.9999 0.0016 0.0115
vn 1.0000 -0.0033 0.0063
vn 1.0000 -0.0023 0.0066
vn 1.0000 0.0001 0.0088
vn 1.0000 -0.0002 0.0079
vn 1.0000 -0.0017 0.0019
vn 1.0000 -0.0016 0.0027
vn 1.0000 -0.0040 0.0042
vn 1.0000 -0.0042 0.0035
vn 1.0000 -0.0001 0.0050
vn 1.0000 -0.0023 0.0066
vn 1.0000 -0.0040 0.0042
vn 1.0000 -0.0016 0.0027
vn 1.0000 -0.0033 0.0063
vn 1.0000 -0.0052 0.0051
vn 1.0000 -0.0040 0.0042
vn 1.0000 -0.0023 0.0066
vn 1.0000 -0.0048 0.0044
vn 1.0000 -0.0042 0.0035
vn 1.0000 -0.0040 0.0042
vn 1.0000 -0.0052 0.0051
vn 1.0000 -0.0070 -0.0017
vn 1.0000 -0.0026 0.0009
vn 1.0000 -0.0047 0.0024
vn 1.0000 -0.0093 -0.0007
vn 1.0000 -0.0017 0.0019
vn 1.0000 -0.0042 0.0035
vn 1.0000 -0.0047 0.0024
vn 1.0000 -0.0026 0.0009
vn 1.0000 -0.0048 0.0044
vn 1.0000 -0.0053 0.0033
vn 1.0000 -0.0047 0.0024
vn 1.0000 -0.0042 0.0035
vn 1.0000 -0.0093 0.0002
vn 1.0000 -0.0093 -0.0007
vn 1.0000 -0.0047 0.0024
vn 1.0000 -0.0053 0.0033
vn 0.9998 -0.0198 -0.0058
vn 0.9999 -0.0135 -0.0042
vn 0.9999 -0.0155 -0.0037
vn 0.9997 -0.0221 -0.0057
vn 1.0000 -0.0070 -0.0017
vn 1.0000 -0.0093 -0.0007
vn 0.9999 -0.0155 -0.0037
vn 0.9999 -0.0135 -0.0042
vn 1.0000 -0.0093 0.0002
vn 0.9999 -0.0155 -0.0032
vn 0.9999 -0.0155 -0.0037
vn 1.0000 -0.0093 -0.0007
vn 0.9997 -0.0220 -0.0055
vn 0.9997 -0.0221 -0.0057
vn 0.9999 -0.0155 -0.0037
vn 0.9999 -0.0155 -0.0032
vn 0.0000 -0.9662 -0.2578
vn 0.9982 -0.0576 -0.0154
vn 0.9984 -0.0554 -0.0148
vn -0.0000 -0.9662 -0.2578
vn 0.9998 -0.0198 -0.0058
vn 0.9997 -0.0221 -0.0057
vn 0.9984 -0.0554 -0.0148
vn 0.9982 -0.0576 -0.0154
vn 0.9997 -0.0220 -0.0055
vn 0.9986 -0.0515 -0.0135
vn 0.9984 -0.0554 -0.0148
vn 0.9997 -0.0221 -0.0057
vn -0.0002 -0.9670 -0.2548
vn -0.0000 -0.9662 -0.2578
vn 0.9984 -0.0554 -0.0148
vn 0.9986 -0.0515 -0.0135
vn 0.9998 0.0057 0.0214
vn 0.9762 0.1655 0.1402
vn 0.9828 0.1040 0.1527
vn 0.9997 -0.0005 0.0224
vn 0.0000 0.7586 0.6516
vn 0.0000 0.3639 0.9314
vn 0.9828 0.1040 0.1527
vn 0.9762 0.1655 0.1402
vn -0.0000 -0.3406 0.9402
vn 0.9916 -0.0551 0.1171
vn 0.9828 0.1040 0.1527
vn 0.0000 0.3639 0.9314
vn 0.9996 -0.0169 0.0230
vn 0.9997 -0.0005 0.0224
vn 0.9828 0.1040 0.1527
vn 0.9916 -0.0551 0.1171
vn 0.9998 -0.0142 0.0131
vn 0.9998 -0.0121 0.0126
vn 0.9999 -0.0073 0.0079
vn 0.9999 -0.0101 0.0073
vn 0.9998 0.0057 0.0214
vn 0.9997 -0.0005 0.0224
vn 0.9999 -0.0073 0.0079
vn 0.9998 -0.0121 0.0126
vn 0.9996 -0.0169 0.0230
vn 0.9995 -0.0221 0.0213
vn 0.9999 -0.0073 0.0079
vn 0.9997 -0.0005 0.0224
vn 0.9996 -0.0192 0.0193
vn 0.9999 -0.0101 0.0073
vn 0.9999 -0.0073 0.0079
vn 0.9995 -0.0221 0.0213
vn 0.9998 -0.0131 0.0157
vn 0.9998 -0.0135 0.0157
vn 0.9999 -0.0107 0.0112
vn 0.9999 -0.0101 0.0130
vn 0.9998 -0.0142 0.0131
vn 0.9999 -0.0101 0.0073
vn 0.9999 -0.0107 0.0112
vn 0.9998 -0.0135 0.0157
vn 0.9996 -0.0192 0.0193
vn 0.9997 -0.0147 0.0182
vn 0.9999 -0.0107 0.0112
vn 0.9999 -0.0101 0.0073
vn 0.9999 -0.0056 0.0126
vn 0.9999 -0.0101 0.0130
vn 0.9999 -0.0107 0.0112
vn 0.9997 -0.0147 0.0182
vn 0.9999 -0.0118 0.0101
vn 0.9998 -0.0125 0.0141
vn 0.9999 -0.0083 0.0120
vn 0.9999 -0.0081 0.0082
vn 0.9998 -0.0131 0.0157
vn 0.9999 -0.0101 0.0130
vn 0.9999 -0.0083 0.0120
vn 0.9998 -0.0125 0.0141
vn 0.9999 -0.0056 0.0126
vn 1.0000 -0.0025 0.0088
vn 0.9999 -0.0083 0.0120
vn 0.9999 -0.0101 0.0130
vn 1.0000 -0.0023 0.0054
vn 0.9999 -0.0081 0.0082
vn 0.9999 -0.0083 0.0120
vn 1.0000 -0.0025 0.0088
vn 0.9999 -0.0127 0.0061
vn 0.9999 -0.0120 0.0072
vn 0.9999 -0.0086 0.0056
vn 0.9999 -0.0092 0.0046
vn 0.9999 -0.0118 0.0101
vn 0.9999 -0.0081 0.0082
vn 0.9999 -0.0086 0.0056
vn 0.9999 -0.0120 0.0072
vn 1.0000 -0.0023 0.0054
vn 1.0000 -0.0030 0.0029
vn 0.9999 -0.0086 0.0056
vn 0.9999 -0.0081 0.0082
vn 1.0000 -0.0033 0.0022
vn 0.9999 -0.0092 0.0046
vn 0.9999 -0.0086 0.0056
vn 1.0000 -0.0030 0.0029
vn 0.9999 -0.0154 0.0029
vn 0.9999 -0.0133 0.0048
vn 0.9999 -0.0098 0.0033
vn 0.9999 -0.0120 0.0010
vn 0.9999 -0.0127 0.0061
vn 0.9999 -0.0092 0.0046
vn 0.9999 -0.0098 0.0033
vn 0.9999 -0.0133 0.0048
vn 1.0000 -0.0033 0.0022
vn 1.0000 -0.0041 0.0011
vn 0.9999 -0.0098 0.0033
vn 0.9999 -0.0092 0.0046
vn 1.0000 -0.0076 -0.0010
vn 0.9999 -0.0120 0.0010
vn 0.9999 -0.0098 0.0033
vn 1.0000 -0.0041 0.0011
vn 0.9997 -0.0209 -0.0091
vn 0.9998 -0.0201 0.0010
vn 0.9999 -0.0168 -0.0008
vn 0.9997 -0.0216 -0.0061
vn 0.9999 -0.0154 0.0029
vn 0.9999 -0.0120 0.0010
vn 0.9999 -0.0168 -0.0008
vn 0.9998 -0.0201 0.0010
vn 1.0000 -0.0076 -0.0010
vn 0.9999 -0.0125 -0.0027
vn 0.9999 -0.0168 -0.0008
vn 0.9999 -0.0120 0.0010
vn 0.9998 -0.0182 -0.0051
vn 0.9997 -0.0216 -0.0061
vn 0.9999 -0.0168 -0.0008
vn 0.9999 -0.0125 -0.0027
vn 0.0000 -0.2244 -0.9745
vn 0.9916 -0.0303 -0.1260
vn 0.9957 -0.0544 -0.0751
vn 0.0000 -0.5263 -0.8503
vn 0.9997 -0.0209 -0.0091
vn 0.9997 -0.0216 -0.0061
vn 0.9957 -0.0544 -0.0751
vn 0.9916 -0.0303 -0.1260
vn 0.9998 -0.0182 -0.0051
vn 0.9979 -0.0593 -0.0264
vn 0.9957 -0.0544 -0.0751
vn 0.9997 -0.0216 -0.0061
vn -0.0000 -0.8559 -0.5172
vn 0.0000 -0.5263 -0.8503
vn 0.9957 -0.0544 -0.0751
vn 0.9979 -0.0593 -0.0264
vn 0.9999 0.0020 0.0108
vn 0.9992 0.0053 0.0406
vn 0.9983 0.0038 0.0583
vn 0.9999 0.0011 0.0103
vn 0.0019 0.1284 0.9917
vn 0.0053 0.0100 0.9999
vn 0.9983 0.0038 0.0583
vn 0.9992 0.0053 0.0406
vn 0.0076 -0.1970 0.9804
vn 0.9977 -0.0103 0.0672
vn 0.9983 0.0038 0.0583
vn 0.0053 0.0100 0.9999
vn 0.9999 -0.0019 0.0107
vn 0.9999 0.0011 0.0103
vn 0.9983 0.0038 0.0583
vn 0.9977 -0.0103 0.0672
vn -0.0000 0.0758 0.9971
vn 0.9995 0.0022 0.0329
vn 0.9996 -0.0008 0.0287
vn -0.0000 0.0131 0.9999
vn 0.9999 0.0015 0.0111
vn 0.9999 -0.0001 0.0110
vn 0.9996 -0.0008 0.0287
vn 0.9995 0.0022 0.0329
vn 0.9999 -0.0056 0.0126
vn 0.9993 -0.0086 0.0354
vn 0.9996 -0.0008 0.0287
vn 0.9999 -0.0001 0.0110
vn -0.0000 -0.1475 0.9891
vn -0.0000 0.0131 0.9999
vn 0.9996 -0.0008 0.0287
vn 0.9993 -0.0086 0.0354
vn 1.0000 -0.0033 0.0063
vn 1.0000 -0.0002 0.0079
vn 1.0000 -0.0014 0.0062
vn 1.0000 -0.0046 0.0063
vn 0.9999 0.0020 0.0108
vn 0.9999 0.0011 0.0103
vn 1.0000 -0.0014 0.0062
vn 1.0000 -0.0002 0.0079
vn 0.9999 -0.0019 0.0107
vn 0.9999 -0.0050 0.0103
vn 1.0000 -0.0014 0.0062
vn 0.9999 0.0011 0.0103
vn 0.9999 -0.0070 0.0082
vn 1.0000 -0.0046 0.0063
vn 1.0000 -0.0014 0.0062
vn 0.9999 -0.0050 0.0103
vn 0.9999 0.0015 0.0111
vn 1.0000 0.0014 0.0084
vn 1.0000 0.0013 0.0075
vn 0.9999 -0.0001 0.0110
vn 1.0000 -0.0001 0.0050
vn 1.0000 0.0011 0.0040
vn 1.0000 0.0013 0.0075
vn 1.0000 0.0014 0.0084
vn 1.0000 -0.0023 0.0054
vn 1.0000 -0.0025 0.0088
vn 1.0000 0.0013 0.0075
vn 1.0000 0.0011 0.0040
vn 0.9999 -0.0056 0.0126
vn 0.9999 -0.0001 0.0110
vn 1.0000 0.0013 0.0075
vn 1.0000 -0.0025 0.0088
vn 1.0000 -0.0048 0.0044
vn 1.0000 -0.0052 0.0051
vn 1.0000 -0.0056 0.0055
vn 1.0000 -0.0051 0.0053
vn 1.0000 -0.0033 0.0063
vn 1.0000 -0.0046 0.0063
vn 1.0000 -0.0056 0.0055
vn 1.0000 -0.0052 0.0051
vn 0.9999 -0.0070 0.0082
vn 0.9999 -0.0076 0.0073
vn 1.0000 -0.0056 0.0055
vn 1.0000 -0.0046 0.0063
vn 0.9999 -0.0077 0.0072
vn 1.0000 -0.0051 0.0053
vn 1.0000 -0.0056 0.0055
vn 0.9999 -0.0076 0.0073
vn 1.0000 -0.0001 0.0050
vn 1.0000 -0.0016 0.0027
vn 1.0000 -0.0000 0.0016
vn 1.0000 0.0011 0.0040
vn 1.0000 -0.0017 0.0019
vn 1.0000 -0.0003 0.0010
vn 1.0000 -0.0000 0.0016
vn 1.0000 -0.0016 0.0027
vn 1.0000 -0.0033 0.0022
vn 1.0000 -0.0030 0.0029
vn 1.0000 -0.0000 0.0016
vn 1.0000 -0.0003 0.0010
vn 1.0000 -0.0023 0.0054
vn 1.0000 0.0011 0.0040
vn 1.0000 -0.0000 0.0016
vn 1.0000 -0.0030 0.0029
vn 1.0000 -0.0093 0.0002
vn 1.0000 -0.0053 0.0033
vn 1.0000 -0.0050 0.0044
vn 1.0000 -0.0089 0.0014
vn 1.0000 -0.0048 0.0044
vn 1.0000 -0.0051 0.0053
vn 1.0000 -0.0050 0.0044
vn 1.0000 -0.0053 0.0033
vn 0.9999 -0.0077 0.0072
vn 0.9999 -0.0088 0.0073
vn 1.0000 -0.0050 0.0044
vn 1.0000 -0.0051 0.0053
vn 0.9999 -0.0134 0.0045
vn 1.0000 -0.0089 0.0014
vn 1.0000 -0.0050 0.0044
vn 0.9999 -0.0088 0.0073
vn 1.0000 -0.0017 0.0019
vn 1.0000 -0.0026 0.0009
vn 1.0000 -0.0010 0.0001
vn 1.0000 -0.0003 0.0010
vn 1.0000 -0.0070 -0.0017
vn 1.0000 -0.0050 -0.0022
vn 1.0000 -0.0010 0.0001
vn 1.0000 -0.0026 0.0009
vn 1.0000 -0.0076 -0.0010
vn 1.0000 -0.0041 0.0011
vn 1.0000 -0.0010 0.0001
vn 1.0000 -0.0050 -0.0022
vn 1.0000 -0.0033 0.0022
vn 1.0000 -0.0003 0.0010
vn 1.0000 -0.0010 0.0001
vn 1.0000 -0.0041 0.0011
vn 0.9997 -0.0220 -0.0055
vn 0.9999 -0.0155 -0.0032
vn 0.9999 -0.0152 -0.0023
vn 0.9998 -0.0216 -0.0049
vn 1.0000 -0.0093 0.0002
vn 1.0000 -0.0089 0.0014
vn 0.9999 -0.0152 -0.0023
vn 0.9999 -0.0155 -0.0032
vn 0.9999 -0.0134 0.0045
vn 0.9998 -0.0202 -0.0010
vn 0.9999 -0.0152 -0.0023
vn 1.0000 -0.0089 0.0014
vn 0.9998 -0.0218 -0.0040
vn 0.9998 -0.0216 -0.0049
vn 0.9999 -0.0152 -0.0023
vn 0.9998 -0.0202 -0.0010
vn 1.0000 -0.0070 -0.0017
vn 0.9999 -0.0135 -0.0042
vn 0.9999 -0.0112 -0.0039
vn 1.0000 -0.0050 -0.0022
vn 0.9998 -0.0198 -0.0058
vn 0.9998 -0.0177 -0.0053
vn 0.9999 -0.0112 -0.0039
vn 0.9999 -0.0135 -0.0042
vn 0.9998 -0.0182 -0.0051
vn 0.9999 -0.0125 -0.0027
vn 0.9999 -0.0112 -0.0039
vn 0.9998 -0.0177 -0.0053
vn 1.0000 -0.0076 -0.0010
vn 1.0000 -0.0050 -0.0022
vn 0.9999 -0.0112 -0.0039
vn 0.9999 -0.0125 -0.0027
vn -0.0002 -0.9670 -0.2548
vn 0.9986 -0.0515 -0.0135
vn 0.9987 -0.0491 -0.0116
vn -0.0006 -0.9714 -0.2373
vn 0.9997 -0.0220 -0.0055
vn 0.9998 -0.0216 -0.0049
vn 0.9987 -0.0491 -0.0116
vn 0.9986 -0.0515 -0.0135
vn 0.9998 -0.0218 -0.0040
vn 0.9986 -0.0534 -0.0056
vn 0.9987 -0.0491 -0.0116
vn 0.9998 -0.0216 -0.0049
vn -0.0026 -0.9912 -0.1324
vn -0.0006 -0.9714 -0.2373
vn 0.9987 -0.0491 -0.0116
vn 0.9986 -0.0534 -0.0056
vn 0.9998 -0.0198 -0.0058
vn 0.9982 -0.0576 -0.0154
vn 0.9984 -0.0543 -0.0159
vn 0.9998 -0.0177 -0.0053
vn 0.0000 -0.9662 -0.2578
vn 0.0000 -0.9505 -0.3106
vn 0.9984 -0.0543 -0.0159
vn 0.9982 -0.0576 -0.0154
vn -0.0000 -0.8559 -0.5172
vn 0.9979 -0.0593 -0.0264
vn 0.9984 -0.0543 -0.0159
vn 0.0000 -0.9505 -0.3106
vn 0.9998 -0.0182 -0.0051
vn 0.9998 -0.0177 -0.0053
vn 0.9984 -0.0543 -0.0159
vn 0.9979 -0.0593 -0.0264
vn 0.9986 0.0488 0.0192
vn 0.9988 0.0432 0.0219
vn 0.9995 0.0287 0.0158
vn 0.9994 0.0320 0.0159
vn 0.9988 0.0392 0.0277
vn 0.9995 0.0256 0.0176
vn 0.9995 0.0287 0.0158
vn 0.9988 0.0432 0.0219
vn 0.9995 0.0261 0.0183
vn 0.9994 0.0290 0.0182
vn 0.9995 0.0287 0.0158
vn 0.9995 0.0256 0.0176
vn 0.9992 0.0334 0.0206
vn 0.9994 0.0320 0.0159
vn 0.9995 0.0287 0.0158
vn 0.9994 0.0290 0.0182
vn -0.0000 -0.0041 1.0000
vn 0.9415 0.0352 0.3351
vn 0.9676 0.0469 0.2480
vn -0.0000 0.1213 0.9926
vn 0.9911 0.0995 0.0885
vn 0.9948 0.0793 0.0642
vn 0.9676 0.0469 0.2480
vn 0.9415 0.0352 0.3351
vn 0.9969 0.0630 0.0462
vn 0.9897 0.0830 0.1165
vn 0.9676 0.0469 0.2480
vn 0.9948 0.0793 0.0642
vn 0.0000 0.5450 0.8385
vn -0.0000 0.1213 0.9926
vn 0.9676 0.0469 0.2480
vn 0.9897 0.0830 0.1165
vn 0.9991 0.0270 -0.0321
vn 0.9718 0.0485 -0.2306
vn 0.9784 0.0447 -0.2017
vn 0.9994 0.0207 -0.0274
vn 0.0000 0.1761 -0.9844
vn 0.0000 0.1938 -0.9810
vn 0.9784 0.0447 -0.2017
vn 0.9718 0.0485 -0.2306
vn 0.0000 0.3100 -0.9507
vn 0.9831 0.0585 -0.1735
vn 0.9784 0.0447 -0.2017
vn 0.0000 0.1938 -0.9810
vn 0.9996 0.0168 -0.0248
vn 0.9994 0.0207 -0.0274
vn 0.9784 0.0447 -0.2017
vn 0.9831 0.0585 -0.1735
vn 0.9996 0.0279 0.0054
vn 0.9996 0.0282 0.0000
vn 0.9998 0.0176 -0.0011
vn 0.9998 0.0172 0.0035
vn 0.9991 0.0270 -0.0321
vn 0.9994 0.0207 -0.0274
vn 0.9998 0.0176 -0.0011
vn 0.9996 0.0282 0.0000
vn 0.9996 0.0168 -0.0248
vn 0.9999 0.0123 -0.0014
vn 0.9998 0.0176 -0.0011
vn 0.9994 0.0207 -0.0274
vn 0.9999 0.0111 0.0023
vn 0.9998 0.0172 0.0035
vn 0.9998 0.0176 -0.0011
vn 0.9999 0.0123 -0.0014
vn 0.9996 0.0273 0.0093
vn 0.9996 0.0278 0.0071
vn 0.9998 0.0170 0.0044
vn 0.9998 0.0166 0.0057
vn 0.9996 0.0279 0.0054
vn 0.9998 0.0172 0.0035
vn 0.9998 0.0170 0.0044
vn 0.9996 0.0278 0.0071
vn 0.9999 0.0111 0.0023
vn 0.9999 0.0108 0.0028
vn 0.9998 0.0170 0.0044
vn 0.9998 0.0172 0.0035
vn 0.9999 0.0103 0.0035
vn 0.9998 0.0166 0.0057
vn 0.9998 0.0170 0.0044
vn 0.9999 0.0108 0.0028
vn 0.9996 0.0266 0.0126
vn 0.9996 0.0269 0.0115
vn 0.9998 0.0161 0.0069
vn 0.9998 0.0157 0.0075
vn 0.9996 0.0273 0.0093
vn 0.9998 0.0166 0.0057
vn 0.9998 0.0161 0.0069
vn 0.9996 0.0269 0.0115
vn 0.9999 0.0103 0.0035
vn 0.9999 0.0096 0.0041
vn 0.9998 0.0161 0.0069
vn 0.9998 0.0166 0.0057
vn 1.0000 0.0090 0.0043
vn 0.9998 0.0157 0.0075
vn 0.9998 0.0161 0.0069
vn 0.9999 0.0096 0.0041
vn 0.9995 0.0256 0.0189
vn 0.9996 0.0261 0.0147
vn 0.9998 0.0152 0.0092
vn 0.9998 0.0149 0.0128
vn 0.9996 0.0266 0.0126
vn 0.9998 0.0157 0.0075
vn 0.9998 0.0152 0.0092
vn 0.9996 0.0261 0.0147
vn 1.0000 0.0090 0.0043
vn 1.0000 0.0082 0.0057
vn 0.9998 0.0152 0.0092
vn 0.9998 0.0157 0.0075
vn 0.9999 0.0076 0.0090
vn 0.9998 0.0149 0.0128
vn 0.9998 0.0152 0.0092
vn 1.0000 0.0082 0.0057
vn 0.9994 0.0260 0.0245
vn 0.9994 0.0252 0.0221
vn 0.9998 0.0152 0.0162
vn 0.9997 0.0167 0.0180
vn 0.9995 0.0256 0.0189
vn 0.9998 0.0149 0.0128
vn 0.9998 0.0152 0.0162
vn 0.9994 0.0252 0.0221
vn 0.9999 0.0076 0.0090
vn 0.9999 0.0080 0.0122
vn 0.9998 0.0152 0.0162
vn 0.9998 0.0149 0.0128
vn 0.9998 0.0099 0.0144
vn 0.9997 0.0167 0.0180
vn 0.9998 0.0152 0.0162
vn 0.9999 0.0080 0.0122
vn 0.9988 0.0357 0.0345
vn 0.9991 0.0299 0.0292
vn 0.9995 0.0205 0.0224
vn 0.9994 0.0249 0.0255
vn 0.9994 0.0260 0.0245
vn 0.9997 0.0167 0.0180
vn 0.9995 0.0205 0.0224
vn 0.9991 0.0299 0.0292
vn 0.9998 0.0099 0.0144
vn 0.9996 0.0185 0.0229
vn 0.9995 0.0205 0.0224
vn 0.9997 0.0167 0.0180
vn 0.9994 0.0240 0.0251
vn 0.9994 0.0249 0.0255
vn 0.9995 0.0205 0.0224
vn 0.9996 0.0185 0.0229
vn 0.9988 0.0392 0.0277
vn 0.9987 0.0375 0.0337
vn 0.9994 0.0254 0.0219
vn 0.9995 0.0256 0.0176
vn 0.9988 0.0357 0.0345
vn 0.9994 0.0249 0.0255
vn 0.9994 0.0254 0.0219
vn 0.9987 0.0375 0.0337
vn 0.9994 0.0240 0.0251
vn 0.9994 0.0258 0.0212
vn 0.9994 0.0254 0.0219
vn 0.9994 0.0249 0.0255
vn 0.9995 0.0261 0.0183
vn 0.9995 0.0256 0.0176
vn 0.9994 0.0254 0.0219
vn 0.9994 0.0258 0.0212
vn 0.0000 0.2454 0.9694
vn 0.9995 0.0073 0.0296
vn 0.9989 0.0147 0.0440
vn 0.0000 0.3270 0.9450
vn 0.9999 0.0026 0.0120
vn 0.9999 0.0043 0.0120
vn 0.9989 0.0147 0.0440
vn 0.9995 0.0073 0.0296
vn 0.9999 0.0063 0.0112
vn 0.9981 0.0311 0.0535
vn 0.9989 0.0147 0.0440
vn 0.9999 0.0043 0.0120
vn 0.0000 0.5207 0.8537
vn 0.0000 0.3270 0.9450
vn 0.9989 0.0147 0.0440
vn 0.9981 0.0311 0.0535
vn 0.9999 0.0028 0.0109
vn 0.9998 0.0055 0.0183
vn 0.9998 0.0067 0.0163
vn 0.9999 0.0046 0.0114
vn -0.0000 0.2847 0.9586
vn -0.0000 0.3489 0.9372
vn 0.9998 0.0067 0.0163
vn 0.9998 0.0055 0.0183
vn 0.0000 0.4612 0.8873
vn 0.9997 0.0124 0.0217
vn 0.9998 0.0067 0.0163
vn -0.0000 0.3489 0.9372
vn 0.9998 0.0099 0.0144
vn 0.9999 0.0046 0.0114
vn 0.9998 0.0067 0.0163
vn 0.9997 0.0124 0.0217
vn 0.9993 0.0320 -0.0184
vn 0.9820 0.1434 -0.1227
vn 0.9914 0.1093 -0.0714
vn 0.9991 0.0406 -0.0129
vn -0.0000 0.7390 -0.6737
vn -0.0000 0.8026 -0.5965
vn 0.9914 0.1093 -0.0714
vn 0.9820 0.1434 -0.1227
vn -0.0000 0.9280 -0.3727
vn 0.9973 0.0702 -0.0234
vn 0.9914 0.1093 -0.0714
vn -0.0000 0.8026 -0.5965
vn 0.9992 0.0379 -0.0085
vn 0.9991 0.0406 -0.0129
vn 0.9914 0.1093 -0.0714
vn 0.9973 0.0702 -0.0234
vn -0.0000 0.5595 -0.8288
vn 0.9834 0.1050 -0.1479
vn 0.9843 0.0793 -0.1575
vn 0.0000 0.4334 -0.9012
vn 0.9996 0.0190 -0.0212
vn 0.9996 0.0172 -0.0220
vn 0.9843 0.0793 -0.1575
vn 0.9834 0.1050 -0.1479
vn 0.9996 0.0168 -0.0248
vn 0.9831 0.0585 -0.1735
vn 0.9843 0.0793 -0.1575
vn 0.9996 0.0172 -0.0220
vn 0.0000 0.3100 -0.9507
vn 0.0000 0.4334 -0.9012
vn 0.9843 0.0793 -0.1575
vn 0.9831 0.0585 -0.1735
vn 0.9999 0.0140 0.0020
vn 0.9999 0.0170 -0.0010
vn 0.9997 0.0262 -0.0008
vn 0.9998 0.0217 0.0025
vn 0.9993 0.0320 -0.0184
vn 0.9991 0.0406 -0.0129
vn 0.9997 0.0262 -0.0008
vn 0.9999 0.0170 -0.0010
vn 0.9992 0.0379 -0.0085
vn 0.9995 0.0316 -0.0016
vn 0.9997 0.0262 -0.0008
vn 0.9991 0.0406 -0.0129
vn 0.9996 0.0270 0.0020
vn 0.9998 0.0217 0.0025
vn 0.9997 0.0262 -0.0008
vn 0.9995 0.0316 -0.0016
vn 0.9996 0.0190 -0.0212
vn 1.0000 0.0071 -0.0019
vn 1.0000 0.0086 -0.0018
vn 0.9996 0.0172 -0.0220
vn 1.0000 0.0054 0.0011
vn 1.0000 0.0072 0.0015
vn 1.0000 0.0086 -0.0018
vn 1.0000 0.0071 -0.0019
vn 0.9999 0.0111 0.0023
vn 0.9999 0.0123 -0.0014
vn 1.0000 0.0086 -0.0018
vn 1.0000 0.0072 0.0015
vn 0.9996 0.0168 -0.0248
vn 0.9996 0.0172 -0.0220
vn 1.0000 0.0086 -0.0018
vn 0.9999 0.0123 -0.0014
vn 0.9999 0.0116 0.0021
vn 0.9999 0.0127 0.0025
vn 0.9998 0.0194 0.0030
vn 0.9998 0.0176 0.0026
vn 0.9999 0.0140 0.0020
vn 0.9998 0.0217 0.0025
vn 0.9998 0.0194 0.0030
vn 0.9999 0.0127 0.0025
vn 0.9996 0.0270 0.0020
vn 0.9997 0.0246 0.0030
vn 0.9998 0.0194 0.0030
vn 0.9998 0.0217 0.0025
vn 0.9997 0.0232 0.0031
vn 0.9998 0.0176 0.0026
vn 0.9998 0.0194 0.0030
vn 0.9997 0.0246 0.0030
vn 1.0000 0.0054 0.0011
vn 1.0000 0.0053 0.0013
vn 1.0000 0.0070 0.0018
vn 1.0000 0.0072 0.0015
vn 1.0000 0.0049 0.0014
vn 1.0000 0.0066 0.0021
vn 1.0000 0.0070 0.0018
vn 1.0000 0.0053 0.0013
vn 0.9999 0.0103 0.0035
vn 0.9999 0.0108 0.0028
vn 1.0000 0.0070 0.0018
vn 1.0000 0.0066 0.0021
vn 0.9999 0.0111 0.0023
vn 1.0000 0.0072 0.0015
vn 1.0000 0.0070 0.0018
vn 0.9999 0.0108 0.0028
vn 1.0000 0.0092 0.0029
vn 0.9999 0.0103 0.0022
vn 0.9999 0.0161 0.0027
vn 0.9999 0.0145 0.0042
vn 0.9999 0.0116 0.0021
vn 0.9998 0.0176 0.0026
vn 0.9999 0.0161 0.0027
vn 0.9999 0.0103 0.0022
vn 0.9997 0.0232 0.0031
vn 0.9997 0.0223 0.0033
vn 0.9999 0.0161 0.0027
vn 0.9998 0.0176 0.0026
vn 0.9998 0.0207 0.0056
vn 0.9999 0.0145 0.0042
vn 0.9999 0.0161 0.0027
vn 0.9997 0.0223 0.0033
vn 1.0000 0.0049 0.0014
vn 1.0000 0.0042 0.0014
vn 1.0000 0.0058 0.0023
vn 1.0000 0.0066 0.0021
vn 1.0000 0.0036 0.0016
vn 1.0000 0.0051 0.0023
vn 1.0000 0.0058 0.0023
vn 1.0000 0.0042 0.0014
vn 1.0000 0.0090 0.0043
vn 0.9999 0.0096 0.0041
vn 1.0000 0.0058 0.0023
vn 1.0000 0.0051 0.0023
vn 0.9999 0.0103 0.0035
vn 1.0000 0.0066 0.0021
vn 1.0000 0.0058 0.0023
vn 0.9999 0.0096 0.0041
vn 1.0000 0.0060 0.0078
vn 1.0000 0.0082 0.0050
vn 0.9999 0.0131 0.0065
vn 0.9999 0.0104 0.0095
vn 1.0000 0.0092 0.0029
vn 0.9999 0.0145 0.0042
vn 0.9999 0.0131 0.0065
vn 1.0000 0.0082 0.0050
vn 0.9998 0.0207 0.0056
vn 0.9998 0.0187 0.0084
vn 0.9999 0.0131 0.0065
vn 0.9999 0.0145 0.0042
vn 0.9998 0.0150 0.0106
vn 0.9999 0.0104 0.0095
vn 0.9999 0.0131 0.0065
vn 0.9998 0.0187 0.0084
vn 1.0000 0.0036 0.0016
vn 1.0000 0.0029 0.0029
vn 1.0000 0.0044 0.0037
vn 1.0000 0.0051 0.0023
vn 1.0000 0.0018 0.0061
vn 1.0000 0.0032 0.0068
vn 1.0000 0.0044 0.0037
vn 1.0000 0.0029 0.0029
vn 0.9999 0.0076 0.0090
vn 1.0000 0.0082 0.0057
vn 1.0000 0.0044 0.0037
vn 1.0000 0.0032 0.0068
vn 1.0000 0.0090 0.0043
vn 1.0000 0.0051 0.0023
vn 1.0000 0.0044 0.0037
vn 1.0000 0.0082 0.0057
vn 0.9999 0.0026 0.0120
vn 0.9999 0.0036 0.0109
vn 0.9999 0.0062 0.0106
vn 0.9999 0.0043 0.0120
vn 1.0000 0.0060 0.0078
vn 0.9999 0.0104 0.0095
vn 0.9999 0.0062 0.0106
vn 0.9999 0.0036 0.0109
vn 0.9998 0.0150 0.0106
vn 0.9999 0.0101 0.0121
vn 0.9999 0.0062 0.0106
vn 0.9999 0.0104 0.0095
vn 0.9999 0.0063 0.0112
vn 0.9999 0.0043 0.0120
vn 0.9999 0.0062 0.0106
vn 0.9999 0.0101 0.0121
vn 1.0000 0.0018 0.0061
vn 1.0000 0.0016 0.0092
vn 0.9999 0.0035 0.0099
vn 1.0000 0.0032 0.0068
vn 0.9999 0.0028 0.0109
vn 0.9999 0.0046 0.0114
vn 0.9999 0.0035 0.0099
vn 1.0000 0.0016 0.0092
vn 0.9998 0.0099 0.0144
vn 0.9999 0.0080 0.0122
vn 0.9999 0.0035 0.0099
vn 0.9999 0.0046 0.0114
vn 0.9999 0.0076 0.0090
vn 1.0000 0.0032 0.0068
vn 0.9999 0.0035 0.0099
vn 0.9999 0.0080 0.0122
vn -0.0000 -0.9942 0.1080
vn 0.4198 -0.9021 0.0998
vn 0.4063 -0.9075 0.1067
vn -0.0000 -0.9923 0.1237
vn 0.9585 -0.2823 0.0398
vn 0.9623 -0.2706 0.0277
vn 0.4063 -0.9075 0.1067
vn 0.4198 -0.9021 0.0998
vn 0.9605 -0.2743 0.0475
vn 0.3774 -0.9193 0.1115
vn 0.4063 -0.9075 0.1067
vn 0.9623 -0.2706 0.0277
vn -0.0000 -0.9927 0.1203
vn -0.0000 -0.9923 0.1237
vn 0.4063 -0.9075 0.1067
vn 0.3774 -0.9193 0.1115
vn 0.9989 0.0365 0.0280
vn 0.9953 0.0795 0.0558
vn 0.9978 0.0546 0.0388
vn 0.9988 0.0360 0.0324
vn -0.0000 0.8302 0.5575
vn -0.0000 0.8473 0.5311
vn 0.9978 0.0546 0.0388
vn 0.9953 0.0795 0.0558
vn 0.0000 0.8150 0.5795
vn 0.9990 0.0364 0.0265
vn 0.9978 0.0546 0.0388
vn -0.0000 0.8473 0.5311
vn 0.9986 0.0457 0.0273
vn 0.9988 0.0360 0.0324
vn 0.9978 0.0546 0.0388
vn 0.9990 0.0364 0.0265
vn 0.9978 0.0640 0.0197
vn 0.9990 0.0384 0.0230
vn 0.9985 0.0481 0.0266
vn 0.9968 0.0768 0.0227
vn 0.9989 0.0365 0.0280
vn 0.9988 0.0360 0.0324
vn 0.9985 0.0481 0.0266
vn 0.9990 0.0384 0.0230
vn 0.9986 0.0457 0.0273
vn 0.9977 0.0626 0.0266
vn 0.9985 0.0481 0.0266
vn 0.9988 0.0360 0.0324
vn 0.9950 0.0970 0.0216
vn 0.9968 0.0768 0.0227
vn 0.9985 0.0481 0.0266
vn 0.9977 0.0626 0.0266
vn 0.9585 -0.2823 0.0398
vn 0.9400 0.3410 -0.0108
vn 0.9207 0.3901 -0.0062
vn 0.9623 -0.2706 0.0277
vn 0.9501 0.3116 0.0164
vn 0.9325 0.3605 0.0233
vn 0.9207 0.3901 -0.0062
vn 0.9400 0.3410 -0.0108
vn 0.9018 0.4320 0.0129
vn 0.8845 0.4662 -0.0154
vn 0.9207 0.3901 -0.0062
vn 0.9325 0.3605 0.0233
vn 0.9605 -0.2743 0.0475
vn 0.9623 -0.2706 0.0277
vn 0.9207 0.3901 -0.0062
vn 0.8845 0.4662 -0.0154
vn -0.0000 -0.9927 0.1203
vn 0.3774 -0.9193 0.1115
vn 0.3524 -0.9267 0.1308
vn 0.0000 -0.9906 0.1369
vn 0.9605 -0.2743 0.0475
vn 0.9593 -0.2675 0.0910
vn 0.3524 -0.9267 0.1308
vn 0.3774 -0.9193 0.1115
vn 0.9174 -0.3556 0.1790
vn 0.4445 -0.8513 0.2787
vn 0.3524 -0.9267 0.1308
vn 0.9593 -0.2675 0.0910
vn 0.0000 -0.9677 0.2520
vn 0.0000 -0.9906 0.1369
vn 0.3524 -0.9267 0.1308
vn 0.4445 -0.8513 0.2787
vn 0.9585 -0.2823 0.0398
vn 0.4198 -0.9021 0.0998
vn 0.4139 -0.8929 0.1773
vn 0.9481 -0.2979 0.1111
vn -0.0000 -0.9942 0.1080
vn -0.0000 -0.9899 0.1418
vn 0.4139 -0.8929 0.1773
vn 0.4198 -0.9021 0.0998
vn -0.0000 -0.6890 0.7248
vn 0.6313 -0.3443 0.6949
vn 0.4139 -0.8929 0.1773
vn -0.0000 -0.9899 0.1418
vn 0.9370 0.2157 0.2746
vn 0.9481 -0.2979 0.1111
vn 0.4139 -0.8929 0.1773
vn 0.6313 -0.3443 0.6949
vn 0.9986 0.0457 0.0273
vn 0.9990 0.0364 0.0265
vn 0.9973 0.0580 0.0460
vn 0.9978 0.0603 0.0291
vn 0.0000 0.8150 0.5795
vn 0.0000 0.7047 0.7095
vn 0.9973 0.0580 0.0460
vn 0.9990 0.0364 0.0265
vn 0.0000 0.5450 0.8385
vn 0.9897 0.0830 0.1165
vn 0.9973 0.0580 0.0460
vn 0.0000 0.7047 0.7095
vn 0.9969 0.0630 0.0462
vn 0.9978 0.0603 0.0291
vn 0.9973 0.0580 0.0460
vn 0.9897 0.0830 0.1165
vn -0.0000 0.8302 0.5575
vn 0.9953 0.0795 0.0558
vn 0.9944 0.0872 0.0592
vn -0.0000 0.8309 0.5564
vn 0.9989 0.0365 0.0280
vn 0.9991 0.0359 0.0242
vn 0.9944 0.0872 0.0592
vn 0.9953 0.0795 0.0558
vn 0.9992 0.0334 0.0206
vn 0.9950 0.0813 0.0578
vn 0.9944 0.0872 0.0592
vn 0.9991 0.0359 0.0242
vn -0.0000 0.8134 0.5817
vn -0.0000 0.8309 0.5564
vn 0.9944 0.0872 0.0592
vn 0.9950 0.0813 0.0578
vn 0.9950 0.0970 0.0216
vn 0.9977 0.0626 0.0266
vn 0.9967 0.0755 0.0291
vn 0.9925 0.1177 0.0324
vn 0.9986 0.0457 0.0273
vn 0.9978 0.0603 0.0291
vn 0.9967 0.0755 0.0291
vn 0.9977 0.0626 0.0266
vn 0.9969 0.0630 0.0462
vn 0.9948 0.0793 0.0642
vn 0.9967 0.0755 0.0291
vn 0.9978 0.0603 0.0291
vn 0.9911 0.0995 0.0885
vn 0.9925 0.1177 0.0324
vn 0.9967 0.0755 0.0291
vn 0.9948 0.0793 0.0642
vn 0.9989 0.0365 0.0280
vn 0.9990 0.0384 0.0230
vn 0.9992 0.0356 0.0180
vn 0.9991 0.0359 0.0242
vn 0.9978 0.0640 0.0197
vn 0.9983 0.0545 0.0189
vn 0.9992 0.0356 0.0180
vn 0.9990 0.0384 0.0230
vn 0.9986 0.0488 0.0192
vn 0.9994 0.0320 0.0159
vn 0.9992 0.0356 0.0180
vn 0.9983 0.0545 0.0189
vn 0.9992 0.0334 0.0206
vn 0.9991 0.0359 0.0242
vn 0.9992 0.0356 0.0180
vn 0.9994 0.0320 0.0159
vn 0.9605 -0.2743 0.0475
vn 0.8845 0.4662 -0.0154
vn 0.8787 0.4740 0.0566
vn 0.9593 -0.2675 0.0910
vn 0.9018 0.4320 0.0129
vn 0.8684 0.4943 0.0392
vn 0.8787 0.4740 0.0566
vn 0.8845 0.4662 -0.0154
vn 0.9396 0.2630 0.2189
vn 0.9589 0.0512 0.2791
vn 0.8787 0.4740 0.0566
vn 0.8684 0.4943 0.0392
vn 0.9174 -0.3556 0.1790
vn 0.9593 -0.2675 0.0910
vn 0.8787 0.4740 0.0566
vn 0.9589 0.0512 0.2791
vn 0.9978 0.0640 0.0197
vn 0.9890 0.1458 0.0262
vn 0.9914 0.1285 0.0264
vn 0.9983 0.0545 0.0189
vn 0.9501 0.3116 0.0164
vn 0.9637 0.2643 0.0379
vn 0.9914 0.1285 0.0264
vn 0.9890 0.1458 0.0262
vn 0.9708 0.2307 0.0662
vn 0.9934 0.1086 0.0370
vn 0.9914 0.1285 0.0264
vn 0.9637 0.2643 0.0379
vn 0.9986 0.0488 0.0192
vn 0.9983 0.0545 0.0189
vn 0.9914 0.1285 0.0264
vn 0.9934 0.1086 0.0370
vn 0.9708 0.2307 0.0662
vn 0.9735 0.2064 0.0985
vn 0.9938 0.1002 0.0486
vn 0.9934 0.1086 0.0370
vn 0.9724 0.1902 0.1355
vn 0.9936 0.0917 0.0656
vn 0.9938 0.1002 0.0486
vn 0.9735 0.2064 0.0985
vn 0.9988 0.0392 0.0277
vn 0.9988 0.0432 0.0219
vn 0.9938 0.1002 0.0486
vn 0.9936 0.0917 0.0656
vn 0.9986 0.0488 0.0192
vn 0.9934 0.1086 0.0370
vn 0.9938 0.1002 0.0486
vn 0.9988 0.0432 0.0219
vn -0.0000 -0.6191 0.7853
vn 0.7853 -0.2950 0.5444
vn 0.8801 -0.0835 0.4674
vn -0.0000 -0.3385 0.9410
vn 0.9396 0.2630 0.2189
vn 0.9655 0.2268 0.1277
vn 0.8801 -0.0835 0.4674
vn 0.7853 -0.2950 0.5444
vn 0.9911 0.0995 0.0885
vn 0.9415 0.0352 0.3351
vn 0.8801 -0.0835 0.4674
vn 0.9655 0.2268 0.1277
vn -0.0000 -0.0041 1.0000
vn -0.0000 -0.3385 0.9410
vn 0.8801 -0.0835 0.4674
vn 0.9415 0.0352 0.3351
vn 0.9886 0.1470 -0.0338
vn 0.9379 0.1914 -0.2892
vn 0.9615 0.0801 -0.2629
vn 0.9974 0.0646 -0.0309
vn 0.0000 0.4403 -0.8978
vn 0.0000 0.1930 -0.9812
vn 0.9615 0.0801 -0.2629
vn 0.9379 0.1914 -0.2892
vn 0.0000 0.1761 -0.9844
vn 0.9718 0.0485 -0.2306
vn 0.9615 0.0801 -0.2629
vn 0.0000 0.1930 -0.9812
vn 0.9991 0.0270 -0.0321
vn 0.9974 0.0646 -0.0309
vn 0.9615 0.0801 -0.2629
vn 0.9718 0.0485 -0.2306
vn 0.9885 0.1487 0.0274
vn 0.9881 0.1534 0.0152
vn 0.9978 0.0659 0.0042
vn 0.9977 0.0666 0.0124
vn 0.9886 0.1470 -0.0338
vn 0.9974 0.0646 -0.0309
vn 0.9978 0.0659 0.0042
vn 0.9881 0.1534 0.0152
vn 0.9991 0.0270 -0.0321
vn 0.9996 0.0282 0.0000
vn 0.9978 0.0659 0.0042
vn 0.9974 0.0646 -0.0309
vn 0.9996 0.0279 0.0054
vn 0.9977 0.0666 0.0124
vn 0.9978 0.0659 0.0042
vn 0.9996 0.0282 0.0000
vn 0.9884 0.1438 0.0482
vn 0.9886 0.1464 0.0360
vn 0.9977 0.0661 0.0164
vn 0.9977 0.0649 0.0218
vn 0.9885 0.1487 0.0274
vn 0.9977 0.0666 0.0124
vn 0.9977 0.0661 0.0164
vn 0.9886 0.1464 0.0360
vn 0.9996 0.0279 0.0054
vn 0.9996 0.0278 0.0071
vn 0.9977 0.0661 0.0164
vn 0.9977 0.0666 0.0124
vn 0.9996 0.0273 0.0093
vn 0.9977 0.0649 0.0218
vn 0.9977 0.0661 0.0164
vn 0.9996 0.0278 0.0071
vn 0.9879 0.1405 0.0655
vn 0.9881 0.1420 0.0593
vn 0.9976 0.0642 0.0270
vn 0.9975 0.0636 0.0297
vn 0.9884 0.1438 0.0482
vn 0.9977 0.0649 0.0218
vn 0.9976 0.0642 0.0270
vn 0.9881 0.1420 0.0593
vn 0.9996 0.0273 0.0093
vn 0.9996 0.0269 0.0115
vn 0.9976 0.0642 0.0270
vn 0.9977 0.0649 0.0218
vn 0.9996 0.0266 0.0126
vn 0.9975 0.0636 0.0297
vn 0.9976 0.0642 0.0270
vn 0.9996 0.0269 0.0115
vn 0.9876 0.1329 0.0831
vn 0.9878 0.1379 0.0722
vn 0.9975 0.0623 0.0332
vn 0.9974 0.0606 0.0392
vn 0.9879 0.1405 0.0655
vn 0.9975 0.0636 0.0297
vn 0.9975 0.0623 0.0332
vn 0.9878 0.1379 0.0722
vn 0.9996 0.0266 0.0126
vn 0.9996 0.0261 0.0147
vn 0.9975 0.0623 0.0332
vn 0.9975 0.0636 0.0297
vn 0.9995 0.0256 0.0189
vn 0.9974 0.0606 0.0392
vn 0.9975 0.0623 0.0332
vn 0.9996 0.0261 0.0147
vn 0.9878 0.1231 0.0949
vn 0.9883 0.1243 0.0887
vn 0.9974 0.0576 0.0436
vn 0.9972 0.0573 0.0472
vn 0.9876 0.1329 0.0831
vn 0.9974 0.0606 0.0392
vn 0.9974 0.0576 0.0436
vn 0.9883 0.1243 0.0887
vn 0.9995 0.0256 0.0189
vn 0.9994 0.0252 0.0221
vn 0.9974 0.0576 0.0436
vn 0.9974 0.0606 0.0392
vn 0.9994 0.0260 0.0245
vn 0.9972 0.0573 0.0472
vn 0.9974 0.0576 0.0436
vn 0.9994 0.0252 0.0221
vn 0.9760 0.1636 0.1437
vn 0.9837 0.1380 0.1150
vn 0.9962 0.0658 0.0577
vn 0.9942 0.0786 0.0739
vn 0.9878 0.1231 0.0949
vn 0.9972 0.0573 0.0472
vn 0.9962 0.0658 0.0577
vn 0.9837 0.1380 0.1150
vn 0.9994 0.0260 0.0245
vn 0.9991 0.0299 0.0292
vn 0.9962 0.0658 0.0577
vn 0.9972 0.0573 0.0472
vn 0.9988 0.0357 0.0345
vn 0.9942 0.0786 0.0739
vn 0.9962 0.0658 0.0577
vn 0.9991 0.0299 0.0292
vn 0.9724 0.1902 0.1355
vn 0.9715 0.1775 0.1570
vn 0.9935 0.0853 0.0759
vn 0.9936 0.0917 0.0656
vn 0.9760 0.1636 0.1437
vn 0.9942 0.0786 0.0739
vn 0.9935 0.0853 0.0759
vn 0.9715 0.1775 0.1570
vn 0.9988 0.0357 0.0345
vn 0.9987 0.0375 0.0337
vn 0.9935 0.0853 0.0759
vn 0.9942 0.0786 0.0739
vn 0.9988 0.0392 0.0277
vn 0.9936 0.0917 0.0656
vn 0.9935 0.0853 0.0759
vn 0.9987 0.0375 0.0337
vn 0.9018 0.4320 0.0129
vn 0.9325 0.3605 0.0233
vn 0.9840 0.1766 0.0235
vn 0.9765 0.2137 0.0265
vn 0.9501 0.3116 0.0164
vn 0.9890 0.1458 0.0262
vn 0.9840 0.1766 0.0235
vn 0.9325 0.3605 0.0233
vn 0.9978 0.0640 0.0197
vn 0.9968 0.0768 0.0227
vn 0.9840 0.1766 0.0235
vn 0.9890 0.1458 0.0262
vn 0.9950 0.0970 0.0216
vn 0.9765 0.2137 0.0265
vn 0.9840 0.1766 0.0235
vn 0.9968 0.0768 0.0227
vn 0.9396 0.2630 0.2189
vn 0.8684 0.4943 0.0392
vn 0.9668 0.2525 0.0385
vn 0.9655 0.2268 0.1277
vn 0.9018 0.4320 0.0129
vn 0.9765 0.2137 0.0265
vn 0.9668 0.2525 0.0385
vn 0.8684 0.4943 0.0392
vn 0.9950 0.0970 0.0216
vn 0.9925 0.1177 0.0324
vn 0.9668 0.2525 0.0385
vn 0.9765 0.2137 0.0265
vn 0.9911 0.0995 0.0885
vn 0.9655 0.2268 0.1277
vn 0.9668 0.2525 0.0385
vn 0.9925 0.1177 0.0324
vn 0.9708 0.2307 0.0662
vn 0.9637 0.2643 0.0379
vn 0.9561 0.2913 0.0306
vn 0.9544 0.2881 0.0778
vn 0.9501 0.3116 0.0164
vn 0.9400 0.3410 -0.0108
vn 0.9561 0.2913 0.0306
vn 0.9637 0.2643 0.0379
vn 0.9585 -0.2823 0.0398
vn 0.9481 -0.2979 0.1111
vn 0.9561 0.2913 0.0306
vn 0.9400 0.3410 -0.0108
vn 0.9370 0.2157 0.2746
vn 0.9544 0.2881 0.0778
vn 0.9561 0.2913 0.0306
vn 0.9481 -0.2979 0.1111
vn 0.9929 -0.0607 0.1019
vn 0.9341 0.2501 0.2546
vn 0.9616 0.2161 0.1694
vn 0.9986 -0.0223 0.0471
vn -0.0000 0.7907 0.6122
vn -0.0000 0.8143 0.5804
vn 0.9616 0.2161 0.1694
vn 0.9341 0.2501 0.2546
vn 0.0000 0.7586 0.6516
vn 0.9762 0.1655 0.1402
vn 0.9616 0.2161 0.1694
vn -0.0000 0.8143 0.5804
vn 0.9998 0.0057 0.0214
vn 0.9986 -0.0223 0.0471
vn 0.9616 0.2161 0.1694
vn 0.9762 0.1655 0.1402
vn 0.9903 -0.1029 0.0930
vn 0.9891 -0.1123 0.0957
vn 0.9982 -0.0440 0.0398
vn 0.9982 -0.0425 0.0420
vn 0.9929 -0.0607 0.1019
vn 0.9986 -0.0223 0.0471
vn 0.9982 -0.0440 0.0398
vn 0.9891 -0.1123 0.0957
vn 0.9998 0.0057 0.0214
vn 0.9998 -0.0121 0.0126
vn 0.9982 -0.0440 0.0398
vn 0.9986 -0.0223 0.0471
vn 0.9998 -0.0142 0.0131
vn 0.9982 -0.0425 0.0420
vn 0.9982 -0.0440 0.0398
vn 0.9998 -0.0121 0.0126
vn 0.9948 -0.0766 0.0669
vn 0.9930 -0.0844 0.0826
vn 0.9987 -0.0354 0.0367
vn 0.9990 -0.0312 0.0310
vn 0.9903 -0.1029 0.0930
vn 0.9982 -0.0425 0.0420
vn 0.9987 -0.0354 0.0367
vn 0.9930 -0.0844 0.0826
vn 0.9998 -0.0142 0.0131
vn 0.9998 -0.0135 0.0157
vn 0.9987 -0.0354 0.0367
vn 0.9982 -0.0425 0.0420
vn 0.9998 -0.0131 0.0157
vn 0.9990 -0.0312 0.0310
vn 0.9987 -0.0354 0.0367
vn 0.9998 -0.0135 0.0157
vn 0.9958 -0.0780 0.0475
vn 0.9955 -0.0759 0.0562
vn 0.9992 -0.0302 0.0255
vn 0.9994 -0.0294 0.0197
vn 0.9948 -0.0766 0.0669
vn 0.9990 -0.0312 0.0310
vn 0.9992 -0.0302 0.0255
vn 0.9955 -0.0759 0.0562
vn 0.9998 -0.0131 0.0157
vn 0.9998 -0.0125 0.0141
vn 0.9992 -0.0302 0.0255
vn 0.9990 -0.0312 0.0310
vn 0.9999 -0.0118 0.0101
vn 0.9994 -0.0294 0.0197
vn 0.9992 -0.0302 0.0255
vn 0.9998 -0.0125 0.0141
vn 0.9955 -0.0869 0.0369
vn 0.9957 -0.0823 0.0413
vn 0.9994 -0.0305 0.0162
vn 0.9994 -0.0323 0.0142
vn 0.9958 -0.0780 0.0475
vn 0.9994 -0.0294 0.0197
vn 0.9994 -0.0305 0.0162
vn 0.9957 -0.0823 0.0413
vn 0.9999 -0.0118 0.0101
vn 0.9999 -0.0120 0.0072
vn 0.9994 -0.0305 0.0162
vn 0.9994 -0.0294 0.0197
vn 0.9999 -0.0127 0.0061
vn 0.9994 -0.0323 0.0142
vn 0.9994 -0.0305 0.0162
vn 0.9999 -0.0120 0.0072
vn 0.9952 -0.0936 0.0288
vn 0.9955 -0.0895 0.0317
vn 0.9994 -0.0334 0.0120
vn 0.9993 -0.0360 0.0100
vn 0.9955 -0.0869 0.0369
vn 0.9994 -0.0323 0.0142
vn 0.9994 -0.0334 0.0120
vn 0.9955 -0.0895 0.0317
vn 0.9999 -0.0127 0.0061
vn 0.9999 -0.0133 0.0048
vn 0.9994 -0.0334 0.0120
vn 0.9994 -0.0323 0.0142
vn 0.9999 -0.0154 0.0029
vn 0.9993 -0.0360 0.0100
vn 0.9994 -0.0334 0.0120
vn 0.9999 -0.0133 0.0048
vn 0.9965 -0.0840 -0.0040
vn 0.9945 -0.1015 0.0262
vn 0.9991 -0.0416 0.0078
vn 0.9992 -0.0404 -0.0054
vn 0.9952 -0.0936 0.0288
vn 0.9993 -0.0360 0.0100
vn 0.9991 -0.0416 0.0078
vn 0.9945 -0.1015 0.0262
vn 0.9999 -0.0154 0.0029
vn 0.9998 -0.0201 0.0010
vn 0.9991 -0.0416 0.0078
vn 0.9993 -0.0360 0.0100
vn 0.9997 -0.0209 -0.0091
vn 0.9992 -0.0404 -0.0054
vn 0.9991 -0.0416 0.0078
vn 0.9998 -0.0201 0.0010
vn 0.0000 0.1321 -0.9912
vn 0.9658 0.0107 -0.2590
vn 0.9821 0.0061 -0.1880
vn 0.0000 0.0297 -0.9996
vn 0.9965 -0.0840 -0.0040
vn 0.9992 -0.0404 -0.0054
vn 0.9821 0.0061 -0.1880
vn 0.9658 0.0107 -0.2590
vn 0.9997 -0.0209 -0.0091
vn 0.9916 -0.0303 -0.1260
vn 0.9821 0.0061 -0.1880
vn 0.9992 -0.0404 -0.0054
vn 0.0000 -0.2244 -0.9745
vn 0.0000 0.0297 -0.9996
vn 0.9821 0.0061 -0.1880
vn 0.9916 -0.0303 -0.1260
vn 0.0000 -0.8742 0.4855
vn 0.0000 0.3894 0.9211
vn 0.5061 -0.6744 0.5377
vn 0.4981 -0.8162 0.2928
vn -0.0000 0.9959 -0.0900
vn 0.6904 0.6447 0.3282
vn 0.5061 -0.6744 0.5377
vn 0.0000 0.3894 0.9211
vn 0.6277 -0.6760 0.3861
vn 0.6014 -0.6639 0.4445
vn 0.5061 -0.6744 0.5377
vn 0.6904 0.6447 0.3282
vn 0.8583 -0.4493 0.2478
vn 0.4981 -0.8162 0.2928
vn 0.5061 -0.6744 0.5377
vn 0.6014 -0.6639 0.4445
vn 0.8583 -0.4493 0.2478
vn 0.6014 -0.6639 0.4445
vn 0.6517 -0.6705 0.3545
vn 0.9086 -0.3671 0.1993
vn 0.6277 -0.6760 0.3861
vn 0.5384 -0.7471 0.3900
vn 0.6517 -0.6705 0.3545
vn 0.6014 -0.6639 0.4445
vn 0.5448 -0.7216 0.4272
vn 0.6415 -0.6591 0.3925
vn 0.6517 -0.6705 0.3545
vn 0.5384 -0.7471 0.3900
vn 0.9001 -0.3712 0.2280
vn 0.9086 -0.3671 0.1993
vn 0.6517 -0.6705 0.3545
vn 0.6415 -0.6591 0.3925
vn 0.9001 -0.3712 0.2280
vn 0.6415 -0.6591 0.3925
vn 0.6372 -0.6510 0.4124
vn 0.9058 -0.3600 0.2236
vn 0.5448 -0.7216 0.4272
vn 0.5474 -0.7042 0.4522
vn 0.6372 -0.6510 0.4124
vn 0.6415 -0.6591 0.3925
vn 0.5819 -0.7079 0.4003
vn 0.6427 -0.7193 0.2637
vn 0.6372 -0.6510 0.4124
vn 0.5474 -0.7042 0.4522
vn 0.8771 -0.4627 0.1288
vn 0.9058 -0.3600 0.2236
vn 0.6372 -0.6510 0.4124
vn 0.6427 -0.7193 0.2637
vn 0.8771 -0.4627 0.1288
vn 0.6427 -0.7193 0.2637
vn 0.4792 -0.8747 0.0729
vn 0.5670 -0.8230 0.0355
vn 0.5819 -0.7079 0.4003
vn 0.4996 -0.8657 -0.0314
vn 0.4792 -0.8747 0.0729
vn 0.6427 -0.7193 0.2637
vn 0.0000 -0.9272 -0.3745
vn 0.0000 -0.9241 -0.3821
vn 0.4792 -0.8747 0.0729
vn 0.4996 -0.8657 -0.0314
vn 0.0000 -0.9855 -0.1694
vn 0.5670 -0.8230 0.0355
vn 0.4792 -0.8747 0.0729
vn 0.0000 -0.9241 -0.3821
vn 0.9923 -0.0881 0.0868
vn 0.9974 0.0432 0.0584
vn 0.9979 0.0160 0.0635
vn 0.9977 -0.0476 0.0492
vn 0.0000 0.6143 0.7891
vn -0.0000 0.3698 0.9291
vn 0.9979 0.0160 0.0635
vn 0.9974 0.0432 0.0584
vn -0.0000 0.1696 0.9855
vn 0.9986 0.0050 0.0534
vn 0.9979 0.0160 0.0635
vn -0.0000 0.3698 0.9291
vn 0.9991 -0.0278 0.0332
vn 0.9977 -0.0476 0.0492
vn 0.9979 0.0160 0.0635
vn 0.9986 0.0050 0.0534
vn 0.9632 -0.2290 0.1407
vn 0.9485 -0.2758 0.1557
vn 0.9898 -0.1216 0.0738
vn 0.9928 -0.0999 0.0660
vn 0.9315 -0.3222 0.1686
vn 0.9861 -0.1427 0.0848
vn 0.9898 -0.1216 0.0738
vn 0.9485 -0.2758 0.1557
vn 0.9964 -0.0694 0.0477
vn 0.9973 -0.0611 0.0415
vn 0.9898 -0.1216 0.0738
vn 0.9861 -0.1427 0.0848
vn 0.9980 -0.0516 0.0364
vn 0.9928 -0.0999 0.0660
vn 0.9898 -0.1216 0.0738
vn 0.9973 -0.0611 0.0415
vn 0.9711 -0.2195 0.0940
vn 0.9693 -0.2059 0.1343
vn 0.9939 -0.0920 0.0602
vn 0.9922 -0.1155 0.0463
vn 0.9632 -0.2290 0.1407
vn 0.9928 -0.0999 0.0660
vn 0.9939 -0.0920 0.0602
vn 0.9693 -0.2059 0.1343
vn 0.9980 -0.0516 0.0364
vn 0.9983 -0.0486 0.0332
vn 0.9939 -0.0920 0.0602
vn 0.9928 -0.0999 0.0660
vn 0.9975 -0.0669 0.0214
vn 0.9922 -0.1155 0.0463
vn 0.9939 -0.0920 0.0602
vn 0.9983 -0.0486 0.0332
vn 0.0000 -0.9951 -0.0987
vn 0.8711 -0.4911 -0.0011
vn 0.9401 -0.3408 -0.0060
vn 0.0000 -0.9944 -0.1055
vn 0.9711 -0.2195 0.0940
vn 0.9922 -0.1155 0.0463
vn 0.9401 -0.3408 -0.0060
vn 0.8711 -0.4911 -0.0011
vn 0.9975 -0.0669 0.0214
vn 0.9758 -0.2188 -0.0031
vn 0.9401 -0.3408 -0.0060
vn 0.9922 -0.1155 0.0463
vn 0.0000 -0.9989 -0.0474
vn 0.0000 -0.9944 -0.1055
vn 0.9401 -0.3408 -0.0060
vn 0.9758 -0.2188 -0.0031
vn 0.0000 -0.6950 0.7190
vn -0.0000 0.0848 0.9964
vn 0.9996 0.0016 0.0291
vn 0.9993 -0.0248 0.0287
vn 0.0000 0.5341 0.8454
vn 0.9982 0.0341 0.0503
vn 0.9996 0.0016 0.0291
vn -0.0000 0.0848 0.9964
vn 0.9999 0.0109 0.0093
vn 1.0000 0.0016 0.0085
vn 0.9996 0.0016 0.0291
vn 0.9982 0.0341 0.0503
vn 0.9996 -0.0206 0.0203
vn 0.9993 -0.0248 0.0287
vn 0.9996 0.0016 0.0291
vn 1.0000 0.0016 0.0085
vn 0.9996 -0.0206 0.0203
vn 1.0000 0.0016 0.0085
vn 1.0000 -0.0017 0.0021
vn 0.9997 -0.0164 0.0156
vn 0.9999 0.0109 0.0093
vn 1.0000 0.0026 -0.0017
vn 1.0000 -0.0017 0.0021
vn 1.0000 0.0016 0.0085
vn 0.9999 -0.0115 -0.0027
vn 0.9999 -0.0105 0.0006
vn 1.0000 -0.0017 0.0021
vn 1.0000 0.0026 -0.0017
vn 0.9997 -0.0235 0.0107
vn 0.9997 -0.0164 0.0156
vn 1.0000 -0.0017 0.0021
vn 0.9999 -0.0105 0.0006
vn 0.9997 -0.0235 0.0107
vn 0.9999 -0.0105 0.0006
vn 0.9992 -0.0402 -0.0004
vn 0.9985 -0.0549 0.0035
vn 0.9999 -0.0115 -0.0027
vn 0.9988 -0.0485 -0.0021
vn 0.9992 -0.0402 -0.0004
vn 0.9999 -0.0105 0.0006
vn 0.0000 -0.9995 -0.0327
vn 0.0000 -0.9993 -0.0378
vn 0.9992 -0.0402 -0.0004
vn 0.9988 -0.0485 -0.0021
vn 0.0000 -1.0000 0.0053
vn 0.9985 -0.0549 0.0035
vn 0.9992 -0.0402 -0.0004
vn 0.0000 -0.9993 -0.0378
vn -0.0000 0.9959 -0.0900
vn -0.0000 0.9482 -0.3178
vn 0.5438 0.8105 -0.2177
vn 0.6904 0.6447 0.3282
vn -0.0000 0.9835 -0.1807
vn 0.9124 0.4035 -0.0693
vn 0.5438 0.8105 -0.2177
vn -0.0000 0.9482 -0.3178
vn 0.9905 0.1360 0.0229
vn 0.9830 0.1524 0.1020
vn 0.5438 0.8105 -0.2177
vn 0.9124 0.4035 -0.0693
vn 0.6277 -0.6760 0.3861
vn 0.6904 0.6447 0.3282
vn 0.5438 0.8105 -0.2177
vn 0.9830 0.1524 0.1020
vn 0.9315 -0.3222 0.1686
vn 0.9455 -0.2886 0.1508
vn 0.9894 -0.1222 0.0785
vn 0.9861 -0.1427 0.0848
vn 0.9923 -0.0881 0.0868
vn 0.9977 -0.0476 0.0492
vn 0.9894 -0.1222 0.0785
vn 0.9455 -0.2886 0.1508
vn 0.9991 -0.0278 0.0332
vn 0.9969 -0.0631 0.0463
vn 0.9894 -0.1222 0.0785
vn 0.9977 -0.0476 0.0492
vn 0.9964 -0.0694 0.0477
vn 0.9861 -0.1427 0.0848
vn 0.9894 -0.1222 0.0785
vn 0.9969 -0.0631 0.0463
vn 0.9987 -0.0410 0.0310
vn 0.9988 -0.0391 0.0297
vn 0.9977 -0.0546 0.0414
vn 0.9978 -0.0522 0.0399
vn 0.9991 -0.0333 0.0271
vn 0.9979 -0.0489 0.0420
vn 0.9977 -0.0546 0.0414
vn 0.9988 -0.0391 0.0297
vn 0.0000 -0.7167 0.6973
vn -0.0000 -0.7945 0.6073
vn 0.9977 -0.0546 0.0414
vn 0.9979 -0.0489 0.0420
vn -0.0000 -0.7968 0.6043
vn 0.9978 -0.0522 0.0399
vn 0.9977 -0.0546 0.0414
vn -0.0000 -0.7945 0.6073
vn 0.9999 0.0109 0.0093
vn 0.9982 0.0341 0.0503
vn 0.9983 0.0263 0.0516
vn 0.9998 0.0064 0.0165
vn 0.0000 0.5341 0.8454
vn -0.0000 0.3858 0.9226
vn 0.9983 0.0263 0.0516
vn 0.9982 0.0341 0.0503
vn -0.0000 -0.0924 0.9957
vn 0.9989 0.0026 0.0458
vn 0.9983 0.0263 0.0516
vn -0.0000 0.3858 0.9226
vn 0.9998 -0.0010 0.0188
vn 0.9998 0.0064 0.0165
vn 0.9983 0.0263 0.0516
vn 0.9989 0.0026 0.0458
vn 0.9999 -0.0115 -0.0027
vn 1.0000 0.0026 -0.0017
vn 1.0000 -0.0047 0.0058
vn 0.9998 -0.0180 0.0027
vn 0.9999 0.0109 0.0093
vn 0.9998 0.0064 0.0165
vn 1.0000 -0.0047 0.0058
vn 1.0000 0.0026 -0.0017
vn 0.9998 -0.0010 0.0188
vn 0.9999 -0.0108 0.0127
vn 1.0000 -0.0047 0.0058
vn 0.9998 0.0064 0.0165
vn 0.9998 -0.0194 0.0070
vn 0.9998 -0.0180 0.0027
vn 1.0000 -0.0047 0.0058
vn 0.9999 -0.0108 0.0127
vn 0.0000 -0.9995 -0.0327
vn 0.9988 -0.0485 -0.0021
vn 0.9987 -0.0503 0.0023
vn 0.0000 -0.9989 0.0466
vn 0.9999 -0.0115 -0.0027
vn 0.9998 -0.0180 0.0027
vn 0.9987 -0.0503 0.0023
vn 0.9988 -0.0485 -0.0021
vn 0.9998 -0.0194 0.0070
vn 0.9989 -0.0445 0.0134
vn 0.9987 -0.0503 0.0023
vn 0.9998 -0.0180 0.0027
vn 0.0000 -0.9511 0.3090
vn 0.0000 -0.9989 0.0466
vn 0.9987 -0.0503 0.0023
vn 0.9989 -0.0445 0.0134
vn 0.9991 -0.0278 0.0332
vn 0.9986 0.0050 0.0534
vn 0.9979 -0.0283 0.0579
vn 0.9992 -0.0295 0.0278
vn -0.0000 0.1696 0.9855
vn 0.0000 -0.1829 0.9831
vn 0.9979 -0.0283 0.0579
vn 0.9986 0.0050 0.0534
vn 0.0000 -0.7167 0.6973
vn 0.9979 -0.0489 0.0420
vn 0.9979 -0.0283 0.0579
vn 0.0000 -0.1829 0.9831
vn 0.9991 -0.0333 0.0271
vn 0.9992 -0.0295 0.0278
vn 0.9979 -0.0283 0.0579
vn 0.9979 -0.0489 0.0420
vn 0.0000 0.6143 0.7891
vn 0.9974 0.0432 0.0584
vn 0.9964 0.0834 0.0149
vn -0.0000 0.9434 0.3318
vn 0.9923 -0.0881 0.0868
vn 0.9880 -0.1027 0.1155
vn 0.9964 0.0834 0.0149
vn 0.9974 0.0432 0.0584
vn 0.9905 0.1360 0.0229
vn 0.9124 0.4035 -0.0693
vn 0.9964 0.0834 0.0149
vn 0.9880 -0.1027 0.1155
vn -0.0000 0.9835 -0.1807
vn -0.0000 0.9434 0.3318
vn 0.9964 0.0834 0.0149
vn 0.9124 0.4035 -0.0693
vn 0.9980 -0.0516 0.0364
vn 0.9973 -0.0611 0.0415
vn 0.9985 -0.0437 0.0319
vn 0.9989 -0.0364 0.0279
vn 0.9964 -0.0694 0.0477
vn 0.9981 -0.0497 0.0365
vn 0.9985 -0.0437 0.0319
vn 0.9973 -0.0611 0.0415
vn 0.9987 -0.0410 0.0310
vn 0.9989 -0.0362 0.0285
vn 0.9985 -0.0437 0.0319
vn 0.9981 -0.0497 0.0365
vn 0.9996 -0.0206 0.0203
vn 0.9989 -0.0364 0.0279
vn 0.9985 -0.0437 0.0319
vn 0.9989 -0.0362 0.0285
vn 0.9315 -0.3222 0.1686
vn 0.9485 -0.2758 0.1557
vn 0.7743 -0.5569 0.3004
vn 0.7801 -0.5634 0.2719
vn 0.9632 -0.2290 0.1407
vn 0.8027 -0.5113 0.3069
vn 0.7743 -0.5569 0.3004
vn 0.9485 -0.2758 0.1557
vn 0.5448 -0.7216 0.4272
vn 0.5384 -0.7471 0.3900
vn 0.7743 -0.5569 0.3004
vn 0.8027 -0.5113 0.3069
vn 0.6277 -0.6760 0.3861
vn 0.7801 -0.5634 0.2719
vn 0.7743 -0.5569 0.3004
vn 0.5384 -0.7471 0.3900
vn 0.9975 -0.0669 0.0214
vn 0.9983 -0.0486 0.0332
vn 0.9992 -0.0325 0.0245
vn 0.9989 -0.0437 0.0184
vn 0.9980 -0.0516 0.0364
vn 0.9989 -0.0364 0.0279
vn 0.9992 -0.0325 0.0245
vn 0.9983 -0.0486 0.0332
vn 0.9996 -0.0206 0.0203
vn 0.9997 -0.0164 0.0156
vn 0.9992 -0.0325 0.0245
vn 0.9989 -0.0364 0.0279
vn 0.9997 -0.0235 0.0107
vn 0.9989 -0.0437 0.0184
vn 0.9992 -0.0325 0.0245
vn 0.9997 -0.0164 0.0156
vn 0.9632 -0.2290 0.1407
vn 0.9693 -0.2059 0.1343
vn 0.8204 -0.4805 0.3099
vn 0.8027 -0.5113 0.3069
vn 0.9711 -0.2195 0.0940
vn 0.8239 -0.4988 0.2690
vn 0.8204 -0.4805 0.3099
vn 0.9693 -0.2059 0.1343
vn 0.5819 -0.7079 0.4003
vn 0.5474 -0.7042 0.4522
vn 0.8204 -0.4805 0.3099
vn 0.8239 -0.4988 0.2690
vn 0.5448 -0.7216 0.4272
vn 0.8027 -0.5113 0.3069
vn 0.8204 -0.4805 0.3099
vn 0.5474 -0.7042 0.4522
vn 0.0000 -0.9989 -0.0474
vn 0.9758 -0.2188 -0.0031
vn 0.9923 -0.1238 -0.0013
vn 0.0000 -0.9950 -0.0996
vn 0.9975 -0.0669 0.0214
vn 0.9989 -0.0437 0.0184
vn 0.9923 -0.1238 -0.0013
vn 0.9758 -0.2188 -0.0031
vn 0.9997 -0.0235 0.0107
vn 0.9985 -0.0549 0.0035
vn 0.9923 -0.1238 -0.0013
vn 0.9989 -0.0437 0.0184
vn 0.0000 -1.0000 0.0053
vn 0.0000 -0.9950 -0.0996
vn 0.9923 -0.1238 -0.0013
vn 0.9985 -0.0549 0.0035
vn 0.9711 -0.2195 0.0940
vn 0.8711 -0.4911 -0.0011
vn 0.6656 -0.7453 -0.0380
vn 0.8239 -0.4988 0.2690
vn 0.0000 -0.9951 -0.0987
vn 0.0000 -0.9582 -0.2862
vn 0.6656 -0.7453 -0.0380
vn 0.8711 -0.4911 -0.0011
vn 0.0000 -0.9272 -0.3745
vn 0.4996 -0.8657 -0.0314
vn 0.6656 -0.7453 -0.0380
vn 0.0000 -0.9582 -0.2862
vn 0.5819 -0.7079 0.4003
vn 0.8239 -0.4988 0.2690
vn 0.6656 -0.7453 -0.0380
vn 0.4996 -0.8657 -0.0314
vn 0.9964 -0.0694 0.0477
vn 0.9969 -0.0631 0.0463
vn 0.9984 -0.0449 0.0350
vn 0.9981 -0.0497 0.0365
vn 0.9991 -0.0278 0.0332
vn 0.9992 -0.0295 0.0278
vn 0.9984 -0.0449 0.0350
vn 0.9969 -0.0631 0.0463
vn 0.9991 -0.0333 0.0271
vn 0.9988 -0.0391 0.0297
vn 0.9984 -0.0449 0.0350
vn 0.9992 -0.0295 0.0278
vn 0.9987 -0.0410 0.0310
vn 0.9981 -0.0497 0.0365
vn 0.9984 -0.0449 0.0350
vn 0.9988 -0.0391 0.0297
vn 0.9923 -0.0881 0.0868
vn 0.9455 -0.2886 0.1508
vn 0.9184 -0.3389 0.2043
vn 0.9880 -0.1027 0.1155
vn 0.9315 -0.3222 0.1686
vn 0.7801 -0.5634 0.2719
vn 0.9184 -0.3389 0.2043
vn 0.9455 -0.2886 0.1508
vn 0.6277 -0.6760 0.3861
vn 0.9830 0.1524 0.1020
vn 0.9184 -0.3389 0.2043
vn 0.7801 -0.5634 0.2719
vn 0.9905 0.1360 0.0229
vn 0.9880 -0.1027 0.1155
vn 0.9184 -0.3389 0.2043
vn 0.9830 0.1524 0.1020
vn 0.0000 0.4568 -0.8896
vn 0.0000 -0.3667 -0.9303
vn -0.0717 -0.3693 -0.9265
vn -0.1142 0.4609 -0.8800
vn 0.0000 -0.7784 -0.6278
vn -0.1104 -0.7743 -0.6231
vn -0.0717 -0.3693 -0.9265
vn 0.0000 -0.3667 -0.9303
vn -0.3182 -0.7610 -0.5654
vn -0.5892 -0.2757 -0.7595
vn -0.0717 -0.3693 -0.9265
vn -0.1104 -0.7743 -0.6231
vn -0.4035 0.3489 -0.8458
vn -0.1142 0.4609 -0.8800
vn -0.0717 -0.3693 -0.9265
vn -0.5892 -0.2757 -0.7595
vn 0.9268 -0.0509 -0.3720
vn 0.9129 -0.0988 -0.3960
vn 0.9630 0.0762 -0.2586
vn 0.9664 0.0607 -0.2499
vn 0.8913 -0.1358 -0.4327
vn 0.9662 0.1039 -0.2361
vn 0.9630 0.0762 -0.2586
vn 0.9129 -0.0988 -0.3960
vn 0.9354 0.2348 -0.2642
vn 0.9439 0.1853 -0.2732
vn 0.9630 0.0762 -0.2586
vn 0.9662 0.1039 -0.2361
vn 0.9481 0.1671 -0.2705
vn 0.9664 0.0607 -0.2499
vn 0.9630 0.0762 -0.2586
vn 0.9439 0.1853 -0.2732
vn 0.9481 0.1671 -0.2705
vn 0.9439 0.1853 -0.2732
vn 0.8737 0.3521 -0.3356
vn 0.8840 0.3203 -0.3406
vn 0.9354 0.2348 -0.2642
vn 0.8490 0.3951 -0.3508
vn 0.8737 0.3521 -0.3356
vn 0.9439 0.1853 -0.2732
vn 0.6417 0.5926 -0.4869
vn 0.6929 0.5633 -0.4502
vn 0.8737 0.3521 -0.3356
vn 0.8490 0.3951 -0.3508
vn 0.7068 0.5301 -0.4684
vn 0.8840 0.3203 -0.3406
vn 0.8737 0.3521 -0.3356
vn 0.6929 0.5633 -0.4502
vn 0.7068 0.5301 -0.4684
vn 0.6929 0.5633 -0.4502
vn 0.3824 0.7367 -0.5577
vn 0.3908 0.7062 -0.5904
vn 0.6417 0.5926 -0.4869
vn 0.3359 0.7248 -0.6016
vn 0.3824 0.7367 -0.5577
vn 0.6929 0.5633 -0.4502
vn -0.0000 0.7737 -0.6336
vn -0.0000 0.7949 -0.6067
vn 0.3824 0.7367 -0.5577
vn 0.3359 0.7248 -0.6016
vn -0.0000 0.7750 -0.6320
vn 0.3908 0.7062 -0.5904
vn 0.3824 0.7367 -0.5577
vn -0.0000 0.7949 -0.6067
vn 0.0000 -0.7617 -0.6480
vn 0.0000 -0.7050 -0.7092
vn 0.3728 -0.6453 -0.6668
vn 0.3923 -0.6912 -0.6070
vn 0.0000 -0.6479 -0.7617
vn 0.3549 -0.5979 -0.7188
vn 0.3728 -0.6453 -0.6668
vn 0.0000 -0.7050 -0.7092
vn 0.6873 -0.4356 -0.5812
vn 0.7057 -0.4633 -0.5360
vn 0.3728 -0.6453 -0.6668
vn 0.3549 -0.5979 -0.7188
vn 0.7256 -0.4874 -0.4857
vn 0.3923 -0.6912 -0.6070
vn 0.3728 -0.6453 -0.6668
vn 0.7057 -0.4633 -0.5360
vn 0.7256 -0.4874 -0.4857
vn 0.7057 -0.4633 -0.5360
vn 0.8778 -0.2643 -0.3995
vn 0.8903 -0.2786 -0.3603
vn 0.6873 -0.4356 -0.5812
vn 0.8731 -0.2457 -0.4210
vn 0.8778 -0.2643 -0.3995
vn 0.7057 -0.4633 -0.5360
vn 0.9077 -0.1755 -0.3812
vn 0.9121 -0.1889 -0.3637
vn 0.8778 -0.2643 -0.3995
vn 0.8731 -0.2457 -0.4210
vn 0.9306 -0.1931 -0.3110
vn 0.8903 -0.2786 -0.3603
vn 0.8778 -0.2643 -0.3995
vn 0.9121 -0.1889 -0.3637
vn 0.9306 -0.1931 -0.3110
vn 0.9121 -0.1889 -0.3637
vn 0.9203 -0.1505 -0.3612
vn 0.9419 -0.1603 -0.2953
vn 0.9077 -0.1755 -0.3812
vn 0.9137 -0.1349 -0.3834
vn 0.9203 -0.1505 -0.3612
vn 0.9121 -0.1889 -0.3637
vn 0.8904 0.1836 -0.4165
vn 0.9026 0.0598 -0.4263
vn 0.9203 -0.1505 -0.3612
vn 0.9137 -0.1349 -0.3834
vn 0.9268 -0.0509 -0.3720
vn 0.9419 -0.1603 -0.2953
vn 0.9203 -0.1505 -0.3612
vn 0.9026 0.0598 -0.4263
vn 0.1375 0.9847 0.1067
vn 0.2321 0.9670 -0.1049
vn 0.0707 0.9912 -0.1121
vn 0.0680 0.9824 0.1741
vn 0.2447 0.9402 -0.2370
vn 0.0776 0.9824 -0.1697
vn 0.0707 0.9912 -0.1121
vn 0.2321 0.9670 -0.1049
vn -0.0000 0.9874 -0.1582
vn -0.0000 0.9943 -0.1062
vn 0.0707 0.9912 -0.1121
vn 0.0776 0.9824 -0.1697
vn -0.0000 0.9830 0.1835
vn 0.0680 0.9824 0.1741
vn 0.0707 0.9912 -0.1121
vn -0.0000 0.9943 -0.1062
vn -0.0000 0.8840 -0.4675
vn 0.3782 0.8142 -0.4404
vn 0.3798 0.7700 -0.5127
vn -0.0000 0.8432 -0.5375
vn 0.7247 0.5686 -0.3892
vn 0.7110 0.5525 -0.4349
vn 0.3798 0.7700 -0.5127
vn 0.3782 0.8142 -0.4404
vn 0.7107 0.5520 -0.4362
vn 0.3761 0.7373 -0.5613
vn 0.3798 0.7700 -0.5127
vn 0.7110 0.5525 -0.4349
vn -0.0000 0.7995 -0.6006
vn -0.0000 0.8432 -0.5375
vn 0.3798 0.7700 -0.5127
vn 0.3761 0.7373 -0.5613
vn 0.9943 -0.0213 -0.1043
vn 0.9900 -0.0937 -0.1050
vn 0.9891 -0.0944 -0.1127
vn 0.9935 -0.0218 -0.1117
vn 0.9834 -0.1430 -0.1120
vn 0.9825 -0.1433 -0.1187
vn 0.9891 -0.0944 -0.1127
vn 0.9900 -0.0937 -0.1050
vn 0.9853 -0.1436 -0.0921
vn 0.9918 -0.0957 -0.0850
vn 0.9891 -0.0944 -0.1127
vn 0.9825 -0.1433 -0.1187
vn 0.9962 -0.0228 -0.0842
vn 0.9935 -0.0218 -0.1117
vn 0.9891 -0.0944 -0.1127
vn 0.9918 -0.0957 -0.0850
vn 0.0000 -0.9379 -0.3468
vn 0.4564 -0.8320 -0.3154
vn 0.4591 -0.8313 -0.3132
vn 0.0000 -0.9378 -0.3471
vn 0.8381 -0.5030 -0.2111
vn 0.8404 -0.5013 -0.2062
vn 0.4591 -0.8313 -0.3132
vn 0.4564 -0.8320 -0.3154
vn 0.8459 -0.4953 -0.1979
vn 0.4619 -0.8296 -0.3136
vn 0.4591 -0.8313 -0.3132
vn 0.8404 -0.5013 -0.2062
vn 0.0000 -0.9374 -0.3482
vn 0.0000 -0.9378 -0.3471
vn 0.4591 -0.8313 -0.3132
vn 0.4619 -0.8296 -0.3136
vn 0.7247 0.5686 -0.3892
vn 0.9270 0.2966 -0.2295
vn 0.9052 0.3177 -0.2821
vn 0.7110 0.5525 -0.4349
vn 0.9532 0.2280 -0.1985
vn 0.9463 0.2324 -0.2248
vn 0.9052 0.3177 -0.2821
vn 0.9270 0.2966 -0.2295
vn 0.9461 0.2441 -0.2130
vn 0.9026 0.3261 -0.2811
vn 0.9052 0.3177 -0.2821
vn 0.9463 0.2324 -0.2248
vn 0.7107 0.5520 -0.4362
vn 0.7110 0.5525 -0.4349
vn 0.9052 0.3177 -0.2821
vn 0.9026 0.3261 -0.2811
vn 0.9825 0.1240 -0.1390
vn 0.9929 0.0518 -0.1075
vn 0.9911 0.0546 -0.1216
vn 0.9807 0.1236 -0.1514
vn 0.9943 -0.0213 -0.1043
vn 0.9935 -0.0218 -0.1117
vn 0.9911 0.0546 -0.1216
vn 0.9929 0.0518 -0.1075
vn 0.9962 -0.0228 -0.0842
vn 0.9938 0.0562 -0.0956
vn 0.9911 0.0546 -0.1216
vn 0.9935 -0.0218 -0.1117
vn 0.9832 0.1324 -0.1255
vn 0.9807 0.1236 -0.1514
vn 0.9911 0.0546 -0.1216
vn 0.9938 0.0562 -0.0956
vn 0.8381 -0.5030 -0.2111
vn 0.9630 -0.2349 -0.1319
vn 0.9652 -0.2323 -0.1204
vn 0.8404 -0.5013 -0.2062
vn 0.9834 -0.1430 -0.1120
vn 0.9853 -0.1423 -0.0946
vn 0.9652 -0.2323 -0.1204
vn 0.9630 -0.2349 -0.1319
vn 0.9868 -0.1400 -0.0809
vn 0.9676 -0.2286 -0.1074
vn 0.9652 -0.2323 -0.1204
vn 0.9853 -0.1423 -0.0946
vn 0.8459 -0.4953 -0.1979
vn 0.8404 -0.5013 -0.2062
vn 0.9652 -0.2323 -0.1204
vn 0.9676 -0.2286 -0.1074
vn 0.9990 -0.0149 0.0428
vn 0.9966 -0.0706 0.0416
vn 0.9967 -0.0733 0.0362
vn 0.9987 -0.0138 0.0488
vn 0.9938 -0.1059 0.0340
vn 0.9936 -0.1093 0.0276
vn 0.9967 -0.0733 0.0362
vn 0.9966 -0.0706 0.0416
vn 0.9927 -0.1198 0.0149
vn 0.9964 -0.0778 0.0345
vn 0.9967 -0.0733 0.0362
vn 0.9936 -0.1093 0.0276
vn 0.9984 -0.0121 0.0559
vn 0.9987 -0.0138 0.0488
vn 0.9967 -0.0733 0.0362
vn 0.9964 -0.0778 0.0345
vn 0.0000 -0.9887 -0.1500
vn 0.5551 -0.8233 -0.1183
vn 0.5672 -0.8199 -0.0776
vn 0.0000 -0.9930 -0.1182
vn 0.9074 -0.4186 -0.0369
vn 0.9173 -0.3979 -0.0146
vn 0.5672 -0.8199 -0.0776
vn 0.5551 -0.8233 -0.1183
vn 0.8771 -0.4627 0.1288
vn 0.5670 -0.8230 0.0355
vn 0.5672 -0.8199 -0.0776
vn 0.9173 -0.3979 -0.0146
vn 0.0000 -0.9855 -0.1694
vn 0.0000 -0.9930 -0.1182
vn 0.5672 -0.8199 -0.0776
vn 0.5670 -0.8230 0.0355
vn -0.0000 0.9996 0.0283
vn 0.5701 0.8211 0.0276
vn 0.5654 0.8247 0.0120
vn -0.0000 1.0000 0.0044
vn 0.8998 0.4355 0.0274
vn 0.8993 0.4368 0.0241
vn 0.5654 0.8247 0.0120
vn 0.5701 0.8211 0.0276
vn 0.8905 0.4537 0.0348
vn 0.5578 0.8300 -0.0000
vn 0.5654 0.8247 0.0120
vn 0.8993 0.4368 0.0241
vn -0.0000 1.0000 -0.0041
vn -0.0000 1.0000 0.0044
vn 0.5654 0.8247 0.0120
vn 0.5578 0.8300 -0.0000
vn 0.8998 0.4355 0.0274
vn 0.9775 0.2086 0.0301
vn 0.9768 0.2119 0.0305
vn 0.8993 0.4368 0.0241
vn 0.9923 0.1186 0.0349
vn 0.9920 0.1192 0.0408
vn 0.9768 0.2119 0.0305
vn 0.9775 0.2086 0.0301
vn 0.9910 0.1256 0.0460
vn 0.9755 0.2170 0.0351
vn 0.9768 0.2119 0.0305
vn 0.9920 0.1192 0.0408
vn 0.8905 0.4537 0.0348
vn 0.8993 0.4368 0.0241
vn 0.9768 0.2119 0.0305
vn 0.9755 0.2170 0.0351
vn 0.9923 0.1186 0.0349
vn 0.9978 0.0527 0.0404
vn 0.9977 0.0553 0.0399
vn 0.9920 0.1192 0.0408
vn 0.9990 -0.0149 0.0428
vn 0.9987 -0.0138 0.0488
vn 0.9977 0.0553 0.0399
vn 0.9978 0.0527 0.0404
vn 0.9984 -0.0121 0.0559
vn 0.9975 0.0590 0.0390
vn 0.9977 0.0553 0.0399
vn 0.9987 -0.0138 0.0488
vn 0.9910 0.1256 0.0460
vn 0.9920 0.1192 0.0408
vn 0.9977 0.0553 0.0399
vn 0.9975 0.0590 0.0390
vn 0.9074 -0.4186 -0.0369
vn 0.9848 -0.1731 0.0169
vn 0.9852 -0.1672 0.0364
vn 0.9173 -0.3979 -0.0146
vn 0.9938 -0.1059 0.0340
vn 0.9936 -0.1027 0.0477
vn 0.9852 -0.1672 0.0364
vn 0.9848 -0.1731 0.0169
vn 0.9929 -0.1025 0.0603
vn 0.9842 -0.1613 0.0727
vn 0.9852 -0.1672 0.0364
vn 0.9936 -0.1027 0.0477
vn 0.8771 -0.4627 0.1288
vn 0.9173 -0.3979 -0.0146
vn 0.9852 -0.1672 0.0364
vn 0.9842 -0.1613 0.0727
vn -0.0000 -0.5619 -0.8272
vn 0.0000 -0.4835 -0.8753
vn 0.3091 -0.4525 -0.8365
vn 0.3300 -0.5190 -0.7885
vn 0.0000 -0.2503 -0.9682
vn 0.2902 -0.2355 -0.9275
vn 0.3091 -0.4525 -0.8365
vn 0.0000 -0.4835 -0.8753
vn 0.5085 -0.2558 -0.8222
vn 0.5847 -0.3350 -0.7389
vn 0.3091 -0.4525 -0.8365
vn 0.2902 -0.2355 -0.9275
vn 0.6438 -0.3936 -0.6562
vn 0.3300 -0.5190 -0.7885
vn 0.3091 -0.4525 -0.8365
vn 0.5847 -0.3350 -0.7389
vn 0.6438 -0.3936 -0.6562
vn 0.5847 -0.3350 -0.7389
vn 0.7886 -0.1716 -0.5905
vn 0.8486 -0.2208 -0.4808
vn 0.5085 -0.2558 -0.8222
vn 0.5995 -0.0016 -0.8004
vn 0.7886 -0.1716 -0.5905
vn 0.5847 -0.3350 -0.7389
vn 0.6579 0.2769 -0.7003
vn 0.8619 -0.0593 -0.5036
vn 0.7886 -0.1716 -0.5905
vn 0.5995 -0.0016 -0.8004
vn 0.8985 -0.1389 -0.4163
vn 0.8486 -0.2208 -0.4808
vn 0.7886 -0.1716 -0.5905
vn 0.8619 -0.0593 -0.5036
vn 0.8985 -0.1389 -0.4163
vn 0.8619 -0.0593 -0.5036
vn 0.8621 0.1452 -0.4854
vn 0.9140 -0.0570 -0.4018
vn 0.6579 0.2769 -0.7003
vn 0.6269 0.5334 -0.5678
vn 0.8621 0.1452 -0.4854
vn 0.8619 -0.0593 -0.5036
vn 0.4472 0.8427 -0.2998
vn 0.6894 0.6484 -0.3231
vn 0.8621 0.1452 -0.4854
vn 0.6269 0.5334 -0.5678
vn 0.8164 0.4474 -0.3651
vn 0.9140 -0.0570 -0.4018
vn 0.8621 0.1452 -0.4854
vn 0.6894 0.6484 -0.3231
vn 0.3148 0.9237 -0.2184
vn 0.3470 0.9113 -0.2215
vn 0.1057 0.9901 -0.0929
vn 0.1047 0.9878 -0.1152
vn 0.2973 0.9146 -0.2741
vn 0.1641 0.9331 -0.3201
vn 0.1057 0.9901 -0.0929
vn 0.3470 0.9113 -0.2215
vn -0.0000 0.9489 -0.3157
vn -0.0000 0.9966 -0.0825
vn 0.1057 0.9901 -0.0929
vn 0.1641 0.9331 -0.3201
vn -0.0000 0.9952 -0.0975
vn 0.1047 0.9878 -0.1152
vn 0.1057 0.9901 -0.0929
vn -0.0000 0.9966 -0.0825
vn 0.0000 -0.5831 -0.8124
vn 0.0000 -0.3922 -0.9199
vn 0.1090 -0.3207 -0.9409
vn 0.0953 -0.5584 -0.8241
vn 0.0000 -0.0481 -0.9988
vn 0.1143 0.0049 -0.9934
vn 0.1090 -0.3207 -0.9409
vn 0.0000 -0.3922 -0.9199
vn 0.2879 0.1068 -0.9517
vn 0.4184 -0.0179 -0.9081
vn 0.1090 -0.3207 -0.9409
vn 0.1143 0.0049 -0.9934
vn 0.6097 -0.2469 -0.7532
vn 0.0953 -0.5584 -0.8241
vn 0.1090 -0.3207 -0.9409
vn 0.4184 -0.0179 -0.9081
vn 0.6097 -0.2469 -0.7532
vn 0.4184 -0.0179 -0.9081
vn 0.6718 0.3552 -0.6500
vn 0.8881 0.2314 -0.3971
vn 0.2879 0.1068 -0.9517
vn 0.3854 0.3813 -0.8402
vn 0.6718 0.3552 -0.6500
vn 0.4184 -0.0179 -0.9081
vn 0.4139 0.5693 -0.7103
vn 0.6639 0.5512 -0.5053
vn 0.6718 0.3552 -0.6500
vn 0.3854 0.3813 -0.8402
vn 0.8271 0.4177 -0.3761
vn 0.8881 0.2314 -0.3971
vn 0.6718 0.3552 -0.6500
vn 0.6639 0.5512 -0.5053
vn 0.8271 0.4177 -0.3761
vn 0.6639 0.5512 -0.5053
vn 0.5927 0.6291 -0.5029
vn 0.6872 0.5716 -0.4485
vn 0.4139 0.5693 -0.7103
vn 0.4078 0.6781 -0.6115
vn 0.5927 0.6291 -0.5029
vn 0.6639 0.5512 -0.5053
vn 0.3849 0.7459 -0.5436
vn 0.4394 0.7481 -0.4972
vn 0.5927 0.6291 -0.5029
vn 0.4078 0.6781 -0.6115
vn 0.5150 0.6827 -0.5183
vn 0.6872 0.5716 -0.4485
vn 0.5927 0.6291 -0.5029
vn 0.4394 0.7481 -0.4972
vn 0.5150 0.6827 -0.5183
vn 0.4394 0.7481 -0.4972
vn 0.2691 0.8341 -0.4816
vn 0.2585 0.7676 -0.5865
vn 0.3849 0.7459 -0.5436
vn 0.2320 0.7903 -0.5670
vn 0.2691 0.8341 -0.4816
vn 0.4394 0.7481 -0.4972
vn -0.0000 0.8148 -0.5797
vn -0.0000 0.8753 -0.4836
vn 0.2691 0.8341 -0.4816
vn 0.2320 0.7903 -0.5670
vn -0.0000 0.8057 -0.5923
vn 0.2585 0.7676 -0.5865
vn 0.2691 0.8341 -0.4816
vn -0.0000 0.8753 -0.4836
vn 0.7500 -0.4941 -0.4397
vn 0.3956 -0.7192 -0.5712
vn 0.4001 -0.7188 -0.5686
vn 0.7406 -0.4978 -0.4514
vn 0.0000 -0.7926 -0.6097
vn -0.0000 -0.7960 -0.6053
vn 0.4001 -0.7188 -0.5686
vn 0.3956 -0.7192 -0.5712
vn 0.0000 -0.7617 -0.6480
vn 0.3923 -0.6912 -0.6070
vn 0.4001 -0.7188 -0.5686
vn -0.0000 -0.7960 -0.6053
vn 0.7256 -0.4874 -0.4857
vn 0.7406 -0.4978 -0.4514
vn 0.4001 -0.7188 -0.5686
vn 0.3923 -0.6912 -0.6070
vn 0.9760 -0.0386 -0.2141
vn 0.9663 -0.1275 -0.2237
vn 0.9598 -0.1405 -0.2431
vn 0.9753 -0.0431 -0.2168
vn 0.9516 -0.1787 -0.2501
vn 0.9436 -0.1900 -0.2713
vn 0.9598 -0.1405 -0.2431
vn 0.9663 -0.1275 -0.2237
vn 0.9306 -0.1931 -0.3110
vn 0.9419 -0.1603 -0.2953
vn 0.9598 -0.1405 -0.2431
vn 0.9436 -0.1900 -0.2713
vn 0.9268 -0.0509 -0.3720
vn 0.9753 -0.0431 -0.2168
vn 0.9598 -0.1405 -0.2431
vn 0.9419 -0.1603 -0.2953
vn -0.0000 0.7836 -0.6213
vn 0.3994 0.7100 -0.5800
vn 0.3909 0.6939 -0.6047
vn -0.0000 0.7618 -0.6478
vn 0.7312 0.5079 -0.4553
vn 0.7122 0.5085 -0.4839
vn 0.3909 0.6939 -0.6047
vn 0.3994 0.7100 -0.5800
vn 0.7068 0.5301 -0.4684
vn 0.3908 0.7062 -0.5904
vn 0.3909 0.6939 -0.6047
vn 0.7122 0.5085 -0.4839
vn -0.0000 0.7750 -0.6320
vn -0.0000 0.7618 -0.6478
vn 0.3909 0.6939 -0.6047
vn 0.3908 0.7062 -0.5904
vn 0.7312 0.5079 -0.4553
vn 0.9015 0.2917 -0.3197
vn 0.8889 0.3032 -0.3434
vn 0.7122 0.5085 -0.4839
vn 0.9549 0.1558 -0.2526
vn 0.9524 0.1573 -0.2611
vn 0.8889 0.3032 -0.3434
vn 0.9015 0.2917 -0.3197
vn 0.9481 0.1671 -0.2705
vn 0.8840 0.3203 -0.3406
vn 0.8889 0.3032 -0.3434
vn 0.9524 0.1573 -0.2611
vn 0.7068 0.5301 -0.4684
vn 0.7122 0.5085 -0.4839
vn 0.8889 0.3032 -0.3434
vn 0.8840 0.3203 -0.3406
vn 0.9549 0.1558 -0.2526
vn 0.9730 0.0583 -0.2232
vn 0.9706 0.0583 -0.2335
vn 0.9524 0.1573 -0.2611
vn 0.9760 -0.0386 -0.2141
vn 0.9753 -0.0431 -0.2168
vn 0.9706 0.0583 -0.2335
vn 0.9730 0.0583 -0.2232
vn 0.9268 -0.0509 -0.3720
vn 0.9664 0.0607 -0.2499
vn 0.9706 0.0583 -0.2335
vn 0.9753 -0.0431 -0.2168
vn 0.9481 0.1671 -0.2705
vn 0.9524 0.1573 -0.2611
vn 0.9706 0.0583 -0.2335
vn 0.9664 0.0607 -0.2499
vn 0.7500 -0.4941 -0.4397
vn 0.9139 -0.2672 -0.3056
vn 0.9214 -0.2593 -0.2895
vn 0.7553 -0.4954 -0.4291
vn 0.9516 -0.1787 -0.2501
vn 0.9572 -0.1693 -0.2347
vn 0.9214 -0.2593 -0.2895
vn 0.9139 -0.2672 -0.3056
vn 0.9624 -0.1624 -0.2180
vn 0.9313 -0.2533 -0.2616
vn 0.9214 -0.2593 -0.2895
vn 0.9572 -0.1693 -0.2347
vn 0.7729 -0.5062 -0.3825
vn 0.7553 -0.4954 -0.4291
vn 0.9214 -0.2593 -0.2895
vn 0.9313 -0.2533 -0.2616
vn 0.8192 0.5683 -0.0773
vn 0.9638 0.2643 -0.0360
vn 0.9244 0.3661 -0.1075
vn 0.7077 0.6876 -0.1624
vn 0.9757 0.2059 -0.0744
vn 0.9751 0.2060 -0.0816
vn 0.9244 0.3661 -0.1075
vn 0.9638 0.2643 -0.0360
vn 0.9723 0.2099 -0.1024
vn 0.9020 0.4051 -0.1491
vn 0.9244 0.3661 -0.1075
vn 0.9751 0.2060 -0.0816
vn 0.6638 0.7077 -0.2420
vn 0.7077 0.6876 -0.1624
vn 0.9244 0.3661 -0.1075
vn 0.9020 0.4051 -0.1491
vn 0.9792 0.2021 -0.0168
vn 0.9802 0.1982 0.0024
vn 0.9850 0.1727 0.0073
vn 0.9836 0.1797 -0.0120
vn 0.9804 0.1963 0.0136
vn 0.9855 0.1689 0.0181
vn 0.9850 0.1727 0.0073
vn 0.9802 0.1982 0.0024
vn 0.9933 0.1128 0.0251
vn 0.9931 0.1160 0.0145
vn 0.9850 0.1727 0.0073
vn 0.9855 0.1689 0.0181
vn 0.9929 0.1186 -0.0085
vn 0.9836 0.1797 -0.0120
vn 0.9850 0.1727 0.0073
vn 0.9931 0.1160 0.0145
vn 0.9461 0.2441 -0.2130
vn 0.9463 0.2324 -0.2248
vn 0.9615 0.1986 -0.1898
vn 0.9630 0.2085 -0.1707
vn 0.9532 0.2280 -0.1985
vn 0.9670 0.1961 -0.1629
vn 0.9615 0.1986 -0.1898
vn 0.9463 0.2324 -0.2248
vn 0.9825 0.1240 -0.1390
vn 0.9807 0.1236 -0.1514
vn 0.9615 0.1986 -0.1898
vn 0.9670 0.1961 -0.1629
vn 0.9832 0.1324 -0.1255
vn 0.9630 0.2085 -0.1707
vn 0.9615 0.1986 -0.1898
vn 0.9807 0.1236 -0.1514
vn 0.9798 0.1968 0.0350
vn 0.9571 0.2796 0.0760
vn 0.9687 0.2416 0.0568
vn 0.9812 0.1818 0.0653
vn 0.8440 0.5339 0.0513
vn 0.8710 0.4874 0.0611
vn 0.9687 0.2416 0.0568
vn 0.9571 0.2796 0.0760
vn 0.8905 0.4537 0.0348
vn 0.9755 0.2170 0.0351
vn 0.9687 0.2416 0.0568
vn 0.8710 0.4874 0.0611
vn 0.9910 0.1256 0.0460
vn 0.9812 0.1818 0.0653
vn 0.9687 0.2416 0.0568
vn 0.9755 0.2170 0.0351
vn 0.8440 0.5339 0.0513
vn 0.5011 0.8654 -0.0003
vn 0.5314 0.8470 0.0152
vn 0.8710 0.4874 0.0611
vn -0.0000 1.0000 -0.0072
vn -0.0000 1.0000 -0.0081
vn 0.5314 0.8470 0.0152
vn 0.5011 0.8654 -0.0003
vn -0.0000 1.0000 -0.0041
vn 0.5578 0.8300 -0.0000
vn 0.5314 0.8470 0.0152
vn -0.0000 1.0000 -0.0081
vn 0.8905 0.4537 0.0348
vn 0.8710 0.4874 0.0611
vn 0.5314 0.8470 0.0152
vn 0.5578 0.8300 -0.0000
vn 0.9495 0.2634 -0.1706
vn 0.8890 0.3440 -0.3022
vn 0.8972 0.3382 -0.2840
vn 0.9470 0.2590 -0.1899
vn 0.6940 0.5390 -0.4773
vn 0.6943 0.5509 -0.4632
vn 0.8972 0.3382 -0.2840
vn 0.8890 0.3440 -0.3022
vn 0.7107 0.5520 -0.4362
vn 0.9026 0.3261 -0.2811
vn 0.8972 0.3382 -0.2840
vn 0.6943 0.5509 -0.4632
vn 0.9461 0.2441 -0.2130
vn 0.9470 0.2590 -0.1899
vn 0.8972 0.3382 -0.2840
vn 0.9026 0.3261 -0.2811
vn 0.6940 0.5390 -0.4773
vn 0.3535 0.7068 -0.6127
vn 0.3614 0.7150 -0.5985
vn 0.6943 0.5509 -0.4632
vn -0.0000 0.7517 -0.6595
vn -0.0000 0.7651 -0.6440
vn 0.3614 0.7150 -0.5985
vn 0.3535 0.7068 -0.6127
vn -0.0000 0.7995 -0.6006
vn 0.3761 0.7373 -0.5613
vn 0.3614 0.7150 -0.5985
vn -0.0000 0.7651 -0.6440
vn 0.7107 0.5520 -0.4362
vn 0.6943 0.5509 -0.4632
vn 0.3614 0.7150 -0.5985
vn 0.3761 0.7373 -0.5613
vn 0.9798 0.1968 0.0350
vn 0.9812 0.1818 0.0653
vn 0.9856 0.1657 0.0327
vn 0.9804 0.1955 0.0259
vn 0.9910 0.1256 0.0460
vn 0.9937 0.1048 0.0403
vn 0.9856 0.1657 0.0327
vn 0.9812 0.1818 0.0653
vn 0.9933 0.1128 0.0251
vn 0.9855 0.1689 0.0181
vn 0.9856 0.1657 0.0327
vn 0.9937 0.1048 0.0403
vn 0.9804 0.1963 0.0136
vn 0.9804 0.1955 0.0259
vn 0.9856 0.1657 0.0327
vn 0.9855 0.1689 0.0181
vn 0.9495 0.2634 -0.1706
vn 0.9483 0.2478 -0.1983
vn 0.9115 0.3239 -0.2534
vn 0.8890 0.3440 -0.3022
vn 0.9729 0.1664 -0.1606
vn 0.9242 0.3028 -0.2326
vn 0.9115 0.3239 -0.2534
vn 0.9483 0.2478 -0.1983
vn 0.7505 0.5276 -0.3979
vn 0.7224 0.5273 -0.4473
vn 0.9115 0.3239 -0.2534
vn 0.9242 0.3028 -0.2326
vn 0.6940 0.5390 -0.4773
vn 0.8890 0.3440 -0.3022
vn 0.9115 0.3239 -0.2534
vn 0.7224 0.5273 -0.4473
vn 0.7247 0.5686 -0.3892
vn 0.9157 0.3170 -0.2470
vn 0.9479 0.2641 -0.1781
vn 0.9270 0.2966 -0.2295
vn 0.9672 0.2203 -0.1267
vn 0.9665 0.2246 -0.1245
vn 0.9479 0.2641 -0.1781
vn 0.9157 0.3170 -0.2470
vn 0.9665 0.2269 -0.1197
vn 0.9622 0.2260 -0.1521
vn 0.9479 0.2641 -0.1781
vn 0.9665 0.2246 -0.1245
vn 0.9532 0.2280 -0.1985
vn 0.9270 0.2966 -0.2295
vn 0.9479 0.2641 -0.1781
vn 0.9622 0.2260 -0.1521
vn 0.9391 0.2902 -0.1842
vn 0.9408 0.3113 -0.1343
vn 0.9561 0.2579 -0.1390
vn 0.9487 0.2431 -0.2020
vn 0.9440 0.3192 -0.0840
vn 0.9565 0.2799 -0.0816
vn 0.9561 0.2579 -0.1390
vn 0.9408 0.3113 -0.1343
vn 0.9688 0.2336 -0.0822
vn 0.9613 0.2263 -0.1571
vn 0.9561 0.2579 -0.1390
vn 0.9565 0.2799 -0.0816
vn 0.9550 0.2078 -0.2118
vn 0.9487 0.2431 -0.2020
vn 0.9561 0.2579 -0.1390
vn 0.9613 0.2263 -0.1571
vn 0.9506 0.3101 0.0096
vn 0.9610 0.2750 0.0300
vn 0.9613 0.2747 -0.0223
vn 0.9479 0.3173 -0.0272
vn 0.9711 0.2341 0.0465
vn 0.9724 0.2330 -0.0082
vn 0.9613 0.2747 -0.0223
vn 0.9610 0.2750 0.0300
vn 0.9688 0.2336 -0.0822
vn 0.9565 0.2799 -0.0816
vn 0.9613 0.2747 -0.0223
vn 0.9724 0.2330 -0.0082
vn 0.9440 0.3192 -0.0840
vn 0.9479 0.3173 -0.0272
vn 0.9613 0.2747 -0.0223
vn 0.9565 0.2799 -0.0816
vn 0.9873 0.1387 -0.0771
vn 0.9857 0.1626 -0.0434
vn 0.9920 0.1197 -0.0389
vn 0.9938 0.0875 -0.0687
vn 0.9802 0.1931 -0.0430
vn 0.9857 0.1675 -0.0173
vn 0.9920 0.1197 -0.0389
vn 0.9857 0.1626 -0.0434
vn 0.9929 0.1186 -0.0085
vn 0.9958 0.0820 -0.0409
vn 0.9920 0.1197 -0.0389
vn 0.9857 0.1675 -0.0173
vn 0.9948 0.0776 -0.0665
vn 0.9938 0.0875 -0.0687
vn 0.9920 0.1197 -0.0389
vn 0.9958 0.0820 -0.0409
vn 0.9688 0.2336 -0.0822
vn 0.9724 0.2330 -0.0082
vn 0.9814 0.1915 -0.0092
vn 0.9787 0.1886 -0.0812
vn 0.9711 0.2341 0.0465
vn 0.9808 0.1883 0.0516
vn 0.9814 0.1915 -0.0092
vn 0.9724 0.2330 -0.0082
vn 0.9875 0.1525 0.0405
vn 0.9912 0.1326 0.0003
vn 0.9814 0.1915 -0.0092
vn 0.9808 0.1883 0.0516
vn 0.9893 0.1227 -0.0787
vn 0.9787 0.1886 -0.0812
vn 0.9814 0.1915 -0.0092
vn 0.9912 0.1326 0.0003
vn 0.9665 0.2269 -0.1197
vn 0.9671 0.2260 -0.1170
vn 0.9671 0.2127 -0.1393
vn 0.9622 0.2260 -0.1521
vn 0.9700 0.2116 -0.1193
vn 0.9736 0.1823 -0.1373
vn 0.9671 0.2127 -0.1393
vn 0.9671 0.2260 -0.1170
vn 0.9825 0.1240 -0.1390
vn 0.9670 0.1961 -0.1629
vn 0.9671 0.2127 -0.1393
vn 0.9736 0.1823 -0.1373
vn 0.9532 0.2280 -0.1985
vn 0.9622 0.2260 -0.1521
vn 0.9671 0.2127 -0.1393
vn 0.9670 0.1961 -0.1629
vn 0.9675 0.1426 -0.2090
vn 0.9601 0.1781 -0.2156
vn 0.9689 0.1917 -0.1563
vn 0.9781 0.1303 -0.1625
vn 0.9550 0.2078 -0.2118
vn 0.9613 0.2263 -0.1571
vn 0.9689 0.1917 -0.1563
vn 0.9601 0.1781 -0.2156
vn 0.9688 0.2336 -0.0822
vn 0.9787 0.1886 -0.0812
vn 0.9689 0.1917 -0.1563
vn 0.9613 0.2263 -0.1571
vn 0.9893 0.1227 -0.0787
vn 0.9781 0.1303 -0.1625
vn 0.9689 0.1917 -0.1563
vn 0.9787 0.1886 -0.0812
vn 0.9421 0.2786 -0.1866
vn 0.9252 0.3118 -0.2163
vn 0.9355 0.2498 -0.2500
vn 0.9474 0.2450 -0.2059
vn 0.9391 0.2902 -0.1842
vn 0.9487 0.2431 -0.2020
vn 0.9355 0.2498 -0.2500
vn 0.9252 0.3118 -0.2163
vn 0.9550 0.2078 -0.2118
vn 0.9492 0.2008 -0.2421
vn 0.9355 0.2498 -0.2500
vn 0.9487 0.2431 -0.2020
vn 0.9565 0.2133 -0.1990
vn 0.9474 0.2450 -0.2059
vn 0.9355 0.2498 -0.2500
vn 0.9492 0.2008 -0.2421
vn 0.9565 0.2133 -0.1990
vn 0.9492 0.2008 -0.2421
vn 0.9569 0.1663 -0.2381
vn 0.9629 0.1892 -0.1924
vn 0.9550 0.2078 -0.2118
vn 0.9601 0.1781 -0.2156
vn 0.9569 0.1663 -0.2381
vn 0.9492 0.2008 -0.2421
vn 0.9675 0.1426 -0.2090
vn 0.9672 0.1246 -0.2212
vn 0.9569 0.1663 -0.2381
vn 0.9601 0.1781 -0.2156
vn 0.9700 0.1595 -0.1834
vn 0.9629 0.1892 -0.1924
vn 0.9569 0.1663 -0.2381
vn 0.9672 0.1246 -0.2212
vn 0.9700 0.1595 -0.1834
vn 0.9672 0.1246 -0.2212
vn 0.9826 0.0827 -0.1661
vn 0.9804 0.1296 -0.1487
vn 0.9675 0.1426 -0.2090
vn 0.9781 0.1303 -0.1625
vn 0.9826 0.0827 -0.1661
vn 0.9672 0.1246 -0.2212
vn 0.9893 0.1227 -0.0787
vn 0.9948 0.0670 -0.0767
vn 0.9826 0.0827 -0.1661
vn 0.9781 0.1303 -0.1625
vn 0.9899 0.1169 -0.0807
vn 0.9804 0.1296 -0.1487
vn 0.9826 0.0827 -0.1661
vn 0.9948 0.0670 -0.0767
vn 0.9899 0.1169 -0.0807
vn 0.9948 0.0670 -0.0767
vn 0.9962 0.0870 0.0077
vn 0.9909 0.1335 -0.0176
vn 0.9893 0.1227 -0.0787
vn 0.9912 0.1326 0.0003
vn 0.9962 0.0870 0.0077
vn 0.9948 0.0670 -0.0767
vn 0.9875 0.1525 0.0405
vn 0.9887 0.1393 0.0557
vn 0.9962 0.0870 0.0077
vn 0.9912 0.1326 0.0003
vn 0.9854 0.1701 0.0099
vn 0.9909 0.1335 -0.0176
vn 0.9962 0.0870 0.0077
vn 0.9887 0.1393 0.0557
vn 0.9854 0.1701 0.0099
vn 0.9887 0.1393 0.0557
vn 0.9787 0.1896 0.0789
vn 0.9786 0.2048 0.0185
vn 0.9875 0.1525 0.0405
vn 0.9808 0.1883 0.0516
vn 0.9787 0.1896 0.0789
vn 0.9887 0.1393 0.0557
vn 0.9711 0.2341 0.0465
vn 0.9690 0.2375 0.0678
vn 0.9787 0.1896 0.0789
vn 0.9808 0.1883 0.0516
vn 0.9726 0.2324 0.0051
vn 0.9786 0.2048 0.0185
vn 0.9787 0.1896 0.0789
vn 0.9690 0.2375 0.0678
vn 0.9726 0.2324 0.0051
vn 0.9690 0.2375 0.0678
vn 0.9582 0.2829 0.0431
vn 0.9664 0.2566 -0.0138
vn 0.9711 0.2341 0.0465
vn 0.9610 0.2750 0.0300
vn 0.9582 0.2829 0.0431
vn 0.9690 0.2375 0.0678
vn 0.9506 0.3101 0.0096
vn 0.9487 0.3160 0.0103
vn 0.9582 0.2829 0.0431
vn 0.9610 0.2750 0.0300
vn 0.9609 0.2755 -0.0277
vn 0.9664 0.2566 -0.0138
vn 0.9582 0.2829 0.0431
vn 0.9487 0.3160 0.0103
vn 0.9609 0.2755 -0.0277
vn 0.9487 0.3160 0.0103
vn 0.9417 0.3344 -0.0361
vn 0.9570 0.2841 -0.0587
vn 0.9506 0.3101 0.0096
vn 0.9479 0.3173 -0.0272
vn 0.9417 0.3344 -0.0361
vn 0.9487 0.3160 0.0103
vn 0.9440 0.3192 -0.0840
vn 0.9367 0.3383 -0.0905
vn 0.9417 0.3344 -0.0361
vn 0.9479 0.3173 -0.0272
vn 0.9519 0.2893 -0.1010
vn 0.9570 0.2841 -0.0587
vn 0.9417 0.3344 -0.0361
vn 0.9367 0.3383 -0.0905
vn 0.9519 0.2893 -0.1010
vn 0.9367 0.3383 -0.0905
vn 0.9267 0.3422 -0.1553
vn 0.9444 0.2934 -0.1484
vn 0.9440 0.3192 -0.0840
vn 0.9408 0.3113 -0.1343
vn 0.9267 0.3422 -0.1553
vn 0.9367 0.3383 -0.0905
vn 0.9391 0.2902 -0.1842
vn 0.9252 0.3118 -0.2163
vn 0.9267 0.3422 -0.1553
vn 0.9408 0.3113 -0.1343
vn 0.9421 0.2786 -0.1866
vn 0.9444 0.2934 -0.1484
vn 0.9267 0.3422 -0.1553
vn 0.9252 0.3118 -0.2163
vn 0.9421 0.2786 -0.1866
vn 0.9474 0.2450 -0.2059
vn 0.9647 0.2268 -0.1339
vn 0.9644 0.2285 -0.1332
vn 0.9565 0.2133 -0.1990
vn 0.9656 0.2242 -0.1317
vn 0.9647 0.2268 -0.1339
vn 0.9474 0.2450 -0.2059
vn 0.9665 0.2269 -0.1197
vn 0.9665 0.2246 -0.1245
vn 0.9647 0.2268 -0.1339
vn 0.9656 0.2242 -0.1317
vn 0.9672 0.2203 -0.1267
vn 0.9644 0.2285 -0.1332
vn 0.9647 0.2268 -0.1339
vn 0.9665 0.2246 -0.1245
vn 0.9519 0.2893 -0.1010
vn 0.9444 0.2934 -0.1484
vn 0.9660 0.2271 -0.1236
vn 0.9691 0.2244 -0.1024
vn 0.9421 0.2786 -0.1866
vn 0.9644 0.2285 -0.1332
vn 0.9660 0.2271 -0.1236
vn 0.9444 0.2934 -0.1484
vn 0.9672 0.2203 -0.1267
vn 0.9697 0.2132 -0.1195
vn 0.9660 0.2271 -0.1236
vn 0.9644 0.2285 -0.1332
vn 0.9723 0.2099 -0.1024
vn 0.9691 0.2244 -0.1024
vn 0.9660 0.2271 -0.1236
vn 0.9697 0.2132 -0.1195
vn 0.9609 0.2755 -0.0277
vn 0.9570 0.2841 -0.0587
vn 0.9717 0.2231 -0.0769
vn 0.9728 0.2218 -0.0671
vn 0.9519 0.2893 -0.1010
vn 0.9691 0.2244 -0.1024
vn 0.9717 0.2231 -0.0769
vn 0.9570 0.2841 -0.0587
vn 0.9723 0.2099 -0.1024
vn 0.9751 0.2060 -0.0816
vn 0.9717 0.2231 -0.0769
vn 0.9691 0.2244 -0.1024
vn 0.9757 0.2059 -0.0744
vn 0.9728 0.2218 -0.0671
vn 0.9717 0.2231 -0.0769
vn 0.9751 0.2060 -0.0816
vn 0.9726 0.2324 0.0051
vn 0.9664 0.2566 -0.0138
vn 0.9733 0.2203 -0.0637
vn 0.9739 0.2198 -0.0572
vn 0.9609 0.2755 -0.0277
vn 0.9728 0.2218 -0.0671
vn 0.9733 0.2203 -0.0637
vn 0.9664 0.2566 -0.0138
vn 0.9757 0.2059 -0.0744
vn 0.9747 0.2111 -0.0728
vn 0.9733 0.2203 -0.0637
vn 0.9728 0.2218 -0.0671
vn 0.9755 0.2112 -0.0619
vn 0.9739 0.2198 -0.0572
vn 0.9733 0.2203 -0.0637
vn 0.9747 0.2111 -0.0728
vn 0.9854 0.1701 0.0099
vn 0.9786 0.2048 0.0185
vn 0.9760 0.2125 -0.0466
vn 0.9782 0.2037 -0.0397
vn 0.9726 0.2324 0.0051
vn 0.9739 0.2198 -0.0572
vn 0.9760 0.2125 -0.0466
vn 0.9786 0.2048 0.0185
vn 0.9755 0.2112 -0.0619
vn 0.9764 0.2101 -0.0497
vn 0.9760 0.2125 -0.0466
vn 0.9739 0.2198 -0.0572
vn 0.9802 0.1931 -0.0430
vn 0.9782 0.2037 -0.0397
vn 0.9760 0.2125 -0.0466
vn 0.9764 0.2101 -0.0497
vn 0.9899 0.1169 -0.0807
vn 0.9909 0.1335 -0.0176
vn 0.9823 0.1811 -0.0477
vn 0.9825 0.1661 -0.0841
vn 0.9854 0.1701 0.0099
vn 0.9782 0.2037 -0.0397
vn 0.9823 0.1811 -0.0477
vn 0.9909 0.1335 -0.0176
vn 0.9802 0.1931 -0.0430
vn 0.9857 0.1626 -0.0434
vn 0.9823 0.1811 -0.0477
vn 0.9782 0.2037 -0.0397
vn 0.9873 0.1387 -0.0771
vn 0.9825 0.1661 -0.0841
vn 0.9823 0.1811 -0.0477
vn 0.9857 0.1626 -0.0434
vn 0.9700 0.1595 -0.1834
vn 0.9804 0.1296 -0.1487
vn 0.9751 0.1854 -0.1215
vn 0.9684 0.2094 -0.1357
vn 0.9899 0.1169 -0.0807
vn 0.9825 0.1661 -0.0841
vn 0.9751 0.1854 -0.1215
vn 0.9804 0.1296 -0.1487
vn 0.9873 0.1387 -0.0771
vn 0.9770 0.1780 -0.1171
vn 0.9751 0.1854 -0.1215
vn 0.9825 0.1661 -0.0841
vn 0.9700 0.2116 -0.1193
vn 0.9684 0.2094 -0.1357
vn 0.9751 0.1854 -0.1215
vn 0.9770 0.1780 -0.1171
vn 0.9565 0.2133 -0.1990
vn 0.9629 0.1892 -0.1924
vn 0.9666 0.2187 -0.1335
vn 0.9656 0.2242 -0.1317
vn 0.9700 0.1595 -0.1834
vn 0.9684 0.2094 -0.1357
vn 0.9666 0.2187 -0.1335
vn 0.9629 0.1892 -0.1924
vn 0.9700 0.2116 -0.1193
vn 0.9671 0.2260 -0.1170
vn 0.9666 0.2187 -0.1335
vn 0.9684 0.2094 -0.1357
vn 0.9665 0.2269 -0.1197
vn 0.9656 0.2242 -0.1317
vn 0.9666 0.2187 -0.1335
vn 0.9671 0.2260 -0.1170
vn 0.9929 0.1186 -0.0085
vn 0.9857 0.1675 -0.0173
vn 0.9806 0.1938 -0.0293
vn 0.9836 0.1797 -0.0120
vn 0.9802 0.1931 -0.0430
vn 0.9764 0.2101 -0.0497
vn 0.9806 0.1938 -0.0293
vn 0.9857 0.1675 -0.0173
vn 0.9755 0.2112 -0.0619
vn 0.9775 0.2070 -0.0411
vn 0.9806 0.1938 -0.0293
vn 0.9764 0.2101 -0.0497
vn 0.9792 0.2021 -0.0168
vn 0.9836 0.1797 -0.0120
vn 0.9806 0.1938 -0.0293
vn 0.9775 0.2070 -0.0411
vn 0.9757 0.2059 -0.0744
vn 0.9638 0.2643 -0.0360
vn 0.9728 0.2268 -0.0474
vn 0.9747 0.2111 -0.0728
vn 0.8192 0.5683 -0.0773
vn 0.9655 0.2574 -0.0393
vn 0.9728 0.2268 -0.0474
vn 0.9638 0.2643 -0.0360
vn 0.9792 0.2021 -0.0168
vn 0.9775 0.2070 -0.0411
vn 0.9728 0.2268 -0.0474
vn 0.9655 0.2574 -0.0393
vn 0.9755 0.2112 -0.0619
vn 0.9747 0.2111 -0.0728
vn 0.9728 0.2268 -0.0474
vn 0.9775 0.2070 -0.0411
vn 0.9672 0.2203 -0.1267
vn 0.9157 0.3170 -0.2470
vn 0.8864 0.4122 -0.2108
vn 0.9697 0.2132 -0.1195
vn 0.7247 0.5686 -0.3892
vn 0.6220 0.7024 -0.3461
vn 0.8864 0.4122 -0.2108
vn 0.9157 0.3170 -0.2470
vn 0.6638 0.7077 -0.2420
vn 0.9020 0.4051 -0.1491
vn 0.8864 0.4122 -0.2108
vn 0.6220 0.7024 -0.3461
vn 0.9723 0.2099 -0.1024
vn 0.9697 0.2132 -0.1195
vn 0.8864 0.4122 -0.2108
vn 0.9020 0.4051 -0.1491
vn 0.9825 0.1240 -0.1390
vn 0.9736 0.1823 -0.1373
vn 0.9859 0.1306 -0.1047
vn 0.9924 0.0826 -0.0907
vn 0.9700 0.2116 -0.1193
vn 0.9770 0.1780 -0.1171
vn 0.9859 0.1306 -0.1047
vn 0.9736 0.1823 -0.1373
vn 0.9873 0.1387 -0.0771
vn 0.9938 0.0875 -0.0687
vn 0.9859 0.1306 -0.1047
vn 0.9770 0.1780 -0.1171
vn 0.9948 0.0776 -0.0665
vn 0.9924 0.0826 -0.0907
vn 0.9859 0.1306 -0.1047
vn 0.9938 0.0875 -0.0687
vn 0.9927 -0.1198 0.0149
vn 0.9939 -0.1054 0.0323
vn 0.9959 -0.0792 0.0429
vn 0.9964 -0.0778 0.0345
vn 0.9934 -0.1062 0.0441
vn 0.9956 -0.0812 0.0473
vn 0.9959 -0.0792 0.0429
vn 0.9939 -0.1054 0.0323
vn 0.9962 -0.0737 0.0466
vn 0.9960 -0.0663 0.0601
vn 0.9959 -0.0792 0.0429
vn 0.9956 -0.0812 0.0473
vn 0.9984 -0.0121 0.0559
vn 0.9964 -0.0778 0.0345
vn 0.9959 -0.0792 0.0429
vn 0.9960 -0.0663 0.0601
vn 0.9984 -0.0121 0.0559
vn 0.9960 -0.0663 0.0601
vn 0.9992 -0.0340 0.0226
vn 0.9989 0.0324 0.0346
vn 0.9962 -0.0737 0.0466
vn 0.9984 -0.0562 0.0096
vn 0.9992 -0.0340 0.0226
vn 0.9960 -0.0663 0.0601
vn 0.9950 -0.0748 -0.0668
vn 0.9937 -0.0723 -0.0861
vn 0.9992 -0.0340 0.0226
vn 0.9984 -0.0562 0.0096
vn 0.9998 -0.0111 -0.0140
vn 0.9989 0.0324 0.0346
vn 0.9992 -0.0340 0.0226
vn 0.9937 -0.0723 -0.0861
vn 0.9998 -0.0111 -0.0140
vn 0.9937 -0.0723 -0.0861
vn 0.9927 -0.1015 -0.0658
vn 0.9952 -0.0936 -0.0273
vn 0.9950 -0.0748 -0.0668
vn 0.9899 -0.1048 -0.0957
vn 0.9927 -0.1015 -0.0658
vn 0.9937 -0.0723 -0.0861
vn 0.9798 -0.1414 -0.1411
vn 0.9884 -0.1315 -0.0762
vn 0.9927 -0.1015 -0.0658
vn 0.9899 -0.1048 -0.0957
vn 0.9896 -0.1375 -0.0427
vn 0.9952 -0.0936 -0.0273
vn 0.9927 -0.1015 -0.0658
vn 0.9884 -0.1315 -0.0762
vn 0.9896 -0.1375 -0.0427
vn 0.9884 -0.1315 -0.0762
vn 0.9904 -0.1370 -0.0199
vn 0.9887 -0.1479 -0.0221
vn 0.9798 -0.1414 -0.1411
vn 0.9812 -0.1773 -0.0759
vn 0.9904 -0.1370 -0.0199
vn 0.9884 -0.1315 -0.0762
vn 0.9934 -0.1062 0.0441
vn 0.9939 -0.1054 0.0323
vn 0.9904 -0.1370 -0.0199
vn 0.9812 -0.1773 -0.0759
vn 0.9927 -0.1198 0.0149
vn 0.9887 -0.1479 -0.0221
vn 0.9904 -0.1370 -0.0199
vn 0.9939 -0.1054 0.0323
vn -0.4473 -0.7759 -0.4448
vn -0.1123 -0.8771 -0.4670
vn -0.0700 -0.8069 -0.5865
vn -0.2311 -0.8088 -0.5407
vn -0.0000 -0.8786 -0.4775
vn -0.0000 -0.8041 -0.5944
vn -0.0700 -0.8069 -0.5865
vn -0.1123 -0.8771 -0.4670
vn -0.0000 -0.8584 -0.5130
vn -0.0924 -0.8540 -0.5119
vn -0.0700 -0.8069 -0.5865
vn -0.0000 -0.8041 -0.5944
vn -0.2127 -0.8361 -0.5056
vn -0.2311 -0.8088 -0.5407
vn -0.0700 -0.8069 -0.5865
vn -0.0924 -0.8540 -0.5119
vn 0.9354 0.2348 -0.2642
vn 0.9662 0.1039 -0.2361
vn 0.9467 0.1451 -0.2875
vn 0.9069 0.3078 -0.2876
vn 0.8913 -0.1358 -0.4327
vn 0.8580 -0.1806 -0.4808
vn 0.9467 0.1451 -0.2875
vn 0.9662 0.1039 -0.2361
vn 0.6097 -0.2469 -0.7532
vn 0.8881 0.2314 -0.3971
vn 0.9467 0.1451 -0.2875
vn 0.8580 -0.1806 -0.4808
vn 0.8271 0.4177 -0.3761
vn 0.9069 0.3078 -0.2876
vn 0.9467 0.1451 -0.2875
vn 0.8881 0.2314 -0.3971
vn 0.6417 0.5926 -0.4869
vn 0.8490 0.3951 -0.3508
vn 0.7916 0.4650 -0.3964
vn 0.5568 0.6239 -0.5484
vn 0.9354 0.2348 -0.2642
vn 0.9069 0.3078 -0.2876
vn 0.7916 0.4650 -0.3964
vn 0.8490 0.3951 -0.3508
vn 0.8271 0.4177 -0.3761
vn 0.6872 0.5716 -0.4485
vn 0.7916 0.4650 -0.3964
vn 0.9069 0.3078 -0.2876
vn 0.5150 0.6827 -0.5183
vn 0.5568 0.6239 -0.5484
vn 0.7916 0.4650 -0.3964
vn 0.6872 0.5716 -0.4485
vn -0.0000 0.7737 -0.6336
vn 0.3359 0.7248 -0.6016
vn 0.2892 0.7128 -0.6390
vn -0.0000 0.7313 -0.6820
vn 0.6417 0.5926 -0.4869
vn 0.5568 0.6239 -0.5484
vn 0.2892 0.7128 -0.6390
vn 0.3359 0.7248 -0.6016
vn 0.5150 0.6827 -0.5183
vn 0.2585 0.7676 -0.5865
vn 0.2892 0.7128 -0.6390
vn 0.5568 0.6239 -0.5484
vn -0.0000 0.8057 -0.5923
vn -0.0000 0.7313 -0.6820
vn 0.2892 0.7128 -0.6390
vn 0.2585 0.7676 -0.5865
vn 0.6873 -0.4356 -0.5812
vn 0.3549 -0.5979 -0.7188
vn 0.3415 -0.5593 -0.7553
vn 0.6719 -0.4129 -0.6148
vn 0.0000 -0.6479 -0.7617
vn -0.0000 -0.6029 -0.7978
vn 0.3415 -0.5593 -0.7553
vn 0.3549 -0.5979 -0.7188
vn -0.0000 -0.5619 -0.8272
vn 0.3300 -0.5190 -0.7885
vn 0.3415 -0.5593 -0.7553
vn -0.0000 -0.6029 -0.7978
vn 0.6438 -0.3936 -0.6562
vn 0.6719 -0.4129 -0.6148
vn 0.3415 -0.5593 -0.7553
vn 0.3300 -0.5190 -0.7885
vn 0.9077 -0.1755 -0.3812
vn 0.8731 -0.2457 -0.4210
vn 0.8635 -0.2338 -0.4469
vn 0.9075 -0.1615 -0.3878
vn 0.6873 -0.4356 -0.5812
vn 0.6719 -0.4129 -0.6148
vn 0.8635 -0.2338 -0.4469
vn 0.8731 -0.2457 -0.4210
vn 0.6438 -0.3936 -0.6562
vn 0.8486 -0.2208 -0.4808
vn 0.8635 -0.2338 -0.4469
vn 0.6719 -0.4129 -0.6148
vn 0.8985 -0.1389 -0.4163
vn 0.9075 -0.1615 -0.3878
vn 0.8635 -0.2338 -0.4469
vn 0.8486 -0.2208 -0.4808
vn 0.8904 0.1836 -0.4165
vn 0.9137 -0.1349 -0.3834
vn 0.9128 -0.1073 -0.3942
vn 0.8729 0.2916 -0.3912
vn 0.9077 -0.1755 -0.3812
vn 0.9075 -0.1615 -0.3878
vn 0.9128 -0.1073 -0.3942
vn 0.9137 -0.1349 -0.3834
vn 0.8985 -0.1389 -0.4163
vn 0.9140 -0.0570 -0.4018
vn 0.9128 -0.1073 -0.3942
vn 0.9075 -0.1615 -0.3878
vn 0.8164 0.4474 -0.3651
vn 0.8729 0.2916 -0.3912
vn 0.9128 -0.1073 -0.3942
vn 0.9140 -0.0570 -0.4018
vn -0.0000 0.9874 -0.1582
vn 0.0776 0.9824 -0.1697
vn 0.0942 0.9805 -0.1722
vn -0.0000 0.9894 -0.1450
vn 0.2447 0.9402 -0.2370
vn 0.2779 0.9266 -0.2534
vn 0.0942 0.9805 -0.1722
vn 0.0776 0.9824 -0.1697
vn 0.3148 0.9237 -0.2184
vn 0.1047 0.9878 -0.1152
vn 0.0942 0.9805 -0.1722
vn 0.2779 0.9266 -0.2534
vn -0.0000 0.9952 -0.0975
vn -0.0000 0.9894 -0.1450
vn 0.0942 0.9805 -0.1722
vn 0.1047 0.9878 -0.1152
vn 0.9934 -0.1062 0.0441
vn 0.9241 -0.1247 0.3613
vn 0.9583 -0.0583 0.2797
vn 0.9956 -0.0812 0.0473
vn -0.2432 -0.0591 0.9682
vn -0.1239 0.0909 0.9881
vn 0.9583 -0.0583 0.2797
vn 0.9241 -0.1247 0.3613
vn -0.7460 0.2735 0.6072
vn 0.7038 0.0998 0.7034
vn 0.9583 -0.0583 0.2797
vn -0.1239 0.0909 0.9881
vn 0.9962 -0.0737 0.0466
vn 0.9956 -0.0812 0.0473
vn 0.9583 -0.0583 0.2797
vn 0.7038 0.0998 0.7034
vn 0.9962 -0.0737 0.0466
vn 0.7038 0.0998 0.7034
vn 0.9997 -0.0135 -0.0190
vn 0.9984 -0.0562 0.0096
vn -0.7460 0.2735 0.6072
vn 0.0789 0.9558 -0.2832
vn 0.9997 -0.0135 -0.0190
vn 0.7038 0.0998 0.7034
vn 0.9883 -0.0691 -0.1363
vn 0.9910 -0.0776 -0.1086
vn 0.9997 -0.0135 -0.0190
vn 0.0789 0.9558 -0.2832
vn 0.9950 -0.0748 -0.0668
vn 0.9984 -0.0562 0.0096
vn 0.9997 -0.0135 -0.0190
vn 0.9910 -0.0776 -0.1086
vn 0.9950 -0.0748 -0.0668
vn 0.9910 -0.0776 -0.1086
vn 0.9857 -0.1035 -0.1326
vn 0.9899 -0.1048 -0.0957
vn 0.9883 -0.0691 -0.1363
vn 0.9812 -0.0985 -0.1662
vn 0.9857 -0.1035 -0.1326
vn 0.9910 -0.0776 -0.1086
vn 0.9529 -0.1336 -0.2722
vn 0.9670 -0.1383 -0.2139
vn 0.9857 -0.1035 -0.1326
vn 0.9812 -0.0985 -0.1662
vn 0.9798 -0.1414 -0.1411
vn 0.9899 -0.1048 -0.0957
vn 0.9857 -0.1035 -0.1326
vn 0.9670 -0.1383 -0.2139
vn 0.9798 -0.1414 -0.1411
vn 0.9670 -0.1383 -0.2139
vn 0.9615 -0.2436 -0.1271
vn 0.9812 -0.1773 -0.0759
vn 0.9529 -0.1336 -0.2722
vn -0.2687 -0.8126 -0.5171
vn 0.9615 -0.2436 -0.1271
vn 0.9670 -0.1383 -0.2139
vn -0.2432 -0.0591 0.9682
vn 0.9241 -0.1247 0.3613
vn 0.9615 -0.2436 -0.1271
vn -0.2687 -0.8126 -0.5171
vn 0.9934 -0.1062 0.0441
vn 0.9812 -0.1773 -0.0759
vn 0.9615 -0.2436 -0.1271
vn 0.9241 -0.1247 0.3613
vn -0.9874 0.0756 0.1394
vn -0.9800 0.0651 0.1882
vn -0.9817 0.0569 0.1816
vn -0.9871 0.0651 0.1461
vn -0.9688 0.0584 0.2407
vn -0.9743 0.0497 0.2196
vn -0.9817 0.0569 0.1816
vn -0.9800 0.0651 0.1882
vn -0.9777 0.0448 0.2050
vn -0.9830 0.0495 0.1770
vn -0.9817 0.0569 0.1816
vn -0.9743 0.0497 0.2196
vn -0.9871 0.0582 0.1494
vn -0.9871 0.0651 0.1461
vn -0.9817 0.0569 0.1816
vn -0.9830 0.0495 0.1770
vn 0.9876 -0.0594 -0.1454
vn -0.0093 0.8619 -0.5070
vn 0.0041 0.9363 -0.3512
vn 0.9877 -0.0524 -0.1472
vn -0.9874 0.0756 0.1394
vn -0.9871 0.0651 0.1461
vn 0.0041 0.9363 -0.3512
vn -0.0093 0.8619 -0.5070
vn -0.9871 0.0582 0.1494
vn -0.0076 0.9223 -0.3865
vn 0.0041 0.9363 -0.3512
vn -0.9871 0.0651 0.1461
vn 0.9875 -0.0478 -0.1502
vn 0.9877 -0.0524 -0.1472
vn 0.0041 0.9363 -0.3512
vn -0.0076 0.9223 -0.3865
vn 0.9654 -0.0740 -0.2501
vn 0.9809 -0.0680 -0.1824
vn 0.9825 -0.0597 -0.1765
vn 0.9732 -0.0598 -0.2221
vn 0.9876 -0.0594 -0.1454
vn 0.9877 -0.0524 -0.1472
vn 0.9825 -0.0597 -0.1765
vn 0.9809 -0.0680 -0.1824
vn 0.9875 -0.0478 -0.1502
vn 0.9838 -0.0519 -0.1717
vn 0.9825 -0.0597 -0.1765
vn 0.9877 -0.0524 -0.1472
vn 0.9770 -0.0529 -0.2064
vn 0.9732 -0.0598 -0.2221
vn 0.9825 -0.0597 -0.1765
vn 0.9838 -0.0519 -0.1717
vn -0.9688 0.0584 0.2407
vn -0.2318 -0.6747 -0.7008
vn -0.1724 -0.8038 -0.5693
vn -0.9743 0.0497 0.2196
vn 0.9654 -0.0740 -0.2501
vn 0.9732 -0.0598 -0.2221
vn -0.1724 -0.8038 -0.5693
vn -0.2318 -0.6747 -0.7008
vn 0.9770 -0.0529 -0.2064
vn -0.1661 -0.7846 -0.5974
vn -0.1724 -0.8038 -0.5693
vn 0.9732 -0.0598 -0.2221
vn -0.9777 0.0448 0.2050
vn -0.9743 0.0497 0.2196
vn -0.1724 -0.8038 -0.5693
vn -0.1661 -0.7846 -0.5974
vn -0.9858 0.0486 0.1608
vn -0.9839 0.0425 0.1737
vn -0.9837 0.0415 0.1750
vn -0.9831 0.0453 0.1775
vn -0.9819 0.0403 0.1853
vn -0.9828 0.0394 0.1802
vn -0.9837 0.0415 0.1750
vn -0.9839 0.0425 0.1737
vn -0.9824 0.0393 0.1824
vn -0.9818 0.0393 0.1860
vn -0.9837 0.0415 0.1750
vn -0.9828 0.0394 0.1802
vn -0.9821 0.0406 0.1838
vn -0.9831 0.0453 0.1775
vn -0.9837 0.0415 0.1750
vn -0.9818 0.0393 0.1860
vn -0.9871 0.0582 0.1494
vn -0.9830 0.0495 0.1770
vn -0.9836 0.0460 0.1743
vn -0.9865 0.0522 0.1550
vn -0.9777 0.0448 0.2050
vn -0.9802 0.0413 0.1938
vn -0.9836 0.0460 0.1743
vn -0.9830 0.0495 0.1770
vn -0.9819 0.0403 0.1853
vn -0.9839 0.0425 0.1737
vn -0.9836 0.0460 0.1743
vn -0.9802 0.0413 0.1938
vn -0.9858 0.0486 0.1608
vn -0.9865 0.0522 0.1550
vn -0.9836 0.0460 0.1743
vn -0.9839 0.0425 0.1737
vn -0.9688 0.0584 0.2407
vn -0.9800 0.0651 0.1882
vn -0.9719 0.0814 0.2210
vn -0.9516 0.0719 0.2989
vn -0.9874 0.0756 0.1394
vn -0.9850 0.0903 0.1471
vn -0.9719 0.0814 0.2210
vn -0.9800 0.0651 0.1882
vn -0.7460 0.2735 0.6072
vn -0.1239 0.0909 0.9881
vn -0.9719 0.0814 0.2210
vn -0.9850 0.0903 0.1471
vn -0.2432 -0.0591 0.9682
vn -0.9516 0.0719 0.2989
vn -0.9719 0.0814 0.2210
vn -0.1239 0.0909 0.9881
vn 0.9864 -0.0419 -0.1590
vn 0.0006 0.9663 -0.2574
vn 0.1138 0.8824 0.4565
vn 0.9870 -0.0403 -0.1556
vn -0.9858 0.0486 0.1608
vn -0.9831 0.0453 0.1775
vn 0.1138 0.8824 0.4565
vn 0.0006 0.9663 -0.2574
vn -0.9821 0.0406 0.1838
vn 0.1714 0.2168 0.9610
vn 0.1138 0.8824 0.4565
vn -0.9831 0.0453 0.1775
vn 0.9871 -0.0434 -0.1541
vn 0.9870 -0.0403 -0.1556
vn 0.1138 0.8824 0.4565
vn 0.1714 0.2168 0.9610
vn 0.9875 -0.0478 -0.1502
vn -0.0076 0.9223 -0.3865
vn 0.0103 0.9728 -0.2316
vn 0.9872 -0.0441 -0.1533
vn -0.9871 0.0582 0.1494
vn -0.9865 0.0522 0.1550
vn 0.0103 0.9728 -0.2316
vn -0.0076 0.9223 -0.3865
vn -0.9858 0.0486 0.1608
vn 0.0006 0.9663 -0.2574
vn 0.0103 0.9728 -0.2316
vn -0.9865 0.0522 0.1550
vn 0.9864 -0.0419 -0.1590
vn 0.9872 -0.0441 -0.1533
vn 0.0103 0.9728 -0.2316
vn 0.0006 0.9663 -0.2574
vn -0.9874 0.0756 0.1394
vn -0.0093 0.8619 -0.5070
vn 0.0198 0.9143 -0.4045
vn -0.9850 0.0903 0.1471
vn 0.9876 -0.0594 -0.1454
vn 0.9880 -0.0700 -0.1376
vn 0.0198 0.9143 -0.4045
vn -0.0093 0.8619 -0.5070
vn 0.9883 -0.0691 -0.1363
vn 0.0789 0.9558 -0.2832
vn 0.0198 0.9143 -0.4045
vn 0.9880 -0.0700 -0.1376
vn -0.7460 0.2735 0.6072
vn -0.9850 0.0903 0.1471
vn 0.0198 0.9143 -0.4045
vn 0.0789 0.9558 -0.2832
vn 0.9820 -0.0447 -0.1837
vn 0.9847 -0.0446 -0.1685
vn 0.9849 -0.0436 -0.1677
vn 0.9837 -0.0431 -0.1743
vn 0.9864 -0.0419 -0.1590
vn 0.9870 -0.0403 -0.1556
vn 0.9849 -0.0436 -0.1677
vn 0.9847 -0.0446 -0.1685
vn 0.9871 -0.0434 -0.1541
vn 0.9864 -0.0439 -0.1584
vn 0.9849 -0.0436 -0.1677
vn 0.9870 -0.0403 -0.1556
vn 0.9849 -0.0430 -0.1676
vn 0.9837 -0.0431 -0.1743
vn 0.9849 -0.0436 -0.1677
vn 0.9864 -0.0439 -0.1584
vn 0.9770 -0.0529 -0.2064
vn 0.9838 -0.0519 -0.1717
vn 0.9844 -0.0482 -0.1693
vn 0.9802 -0.0470 -0.1925
vn 0.9875 -0.0478 -0.1502
vn 0.9872 -0.0441 -0.1533
vn 0.9844 -0.0482 -0.1693
vn 0.9838 -0.0519 -0.1717
vn 0.9864 -0.0419 -0.1590
vn 0.9847 -0.0446 -0.1685
vn 0.9844 -0.0482 -0.1693
vn 0.9872 -0.0441 -0.1533
vn 0.9820 -0.0447 -0.1837
vn 0.9802 -0.0470 -0.1925
vn 0.9844 -0.0482 -0.1693
vn 0.9847 -0.0446 -0.1685
vn 0.9876 -0.0594 -0.1454
vn 0.9809 -0.0680 -0.1824
vn 0.9794 -0.0837 -0.1840
vn 0.9880 -0.0700 -0.1376
vn 0.9654 -0.0740 -0.2501
vn 0.9581 -0.0923 -0.2712
vn 0.9794 -0.0837 -0.1840
vn 0.9809 -0.0680 -0.1824
vn 0.9529 -0.1336 -0.2722
vn 0.9812 -0.0985 -0.1662
vn 0.9794 -0.0837 -0.1840
vn 0.9581 -0.0923 -0.2712
vn 0.9883 -0.0691 -0.1363
vn 0.9880 -0.0700 -0.1376
vn 0.9794 -0.0837 -0.1840
vn 0.9812 -0.0985 -0.1662
vn -0.9819 0.0403 0.1853
vn -0.1199 -0.8875 -0.4450
vn 0.0090 -0.9643 0.2645
vn -0.9828 0.0394 0.1802
vn 0.9820 -0.0447 -0.1837
vn 0.9837 -0.0431 -0.1743
vn 0.0090 -0.9643 0.2645
vn -0.1199 -0.8875 -0.4450
vn 0.9849 -0.0430 -0.1676
vn 0.1434 -0.4277 0.8925
vn 0.0090 -0.9643 0.2645
vn 0.9837 -0.0431 -0.1743
vn -0.9824 0.0393 0.1824
vn -0.9828 0.0394 0.1802
vn 0.0090 -0.9643 0.2645
vn 0.1434 -0.4277 0.8925
vn -0.9777 0.0448 0.2050
vn -0.1661 -0.7846 -0.5974
vn -0.1133 -0.9202 -0.3748
vn -0.9802 0.0413 0.1938
vn 0.9770 -0.0529 -0.2064
vn 0.9802 -0.0470 -0.1925
vn -0.1133 -0.9202 -0.3748
vn -0.1661 -0.7846 -0.5974
vn 0.9820 -0.0447 -0.1837
vn -0.1199 -0.8875 -0.4450
vn -0.1133 -0.9202 -0.3748
vn 0.9802 -0.0470 -0.1925
vn -0.9819 0.0403 0.1853
vn -0.9802 0.0413 0.1938
vn -0.1133 -0.9202 -0.3748
vn -0.1199 -0.8875 -0.4450
vn 0.9654 -0.0740 -0.2501
vn -0.2318 -0.6747 -0.7008
vn -0.2190 -0.8111 -0.5424
vn 0.9581 -0.0923 -0.2712
vn -0.9688 0.0584 0.2407
vn -0.9516 0.0719 0.2989
vn -0.2190 -0.8111 -0.5424
vn -0.2318 -0.6747 -0.7008
vn -0.2432 -0.0591 0.9682
vn -0.2687 -0.8126 -0.5171
vn -0.2190 -0.8111 -0.5424
vn -0.9516 0.0719 0.2989
vn 0.9529 -0.1336 -0.2722
vn 0.9581 -0.0923 -0.2712
vn -0.2190 -0.8111 -0.5424
vn -0.2687 -0.8126 -0.5171
vn -0.6097 -0.2469 -0.7532
vn -0.0953 -0.5584 -0.8241
vn -0.0168 -0.7373 -0.6754
vn -0.0898 -0.6889 -0.7193
vn 0.0000 -0.5831 -0.8124
vn 0.0000 -0.7602 -0.6497
vn -0.0168 -0.7373 -0.6754
vn -0.0953 -0.5584 -0.8241
vn 0.0000 -0.8914 -0.4533
vn 0.0689 -0.8754 -0.4784
vn -0.0168 -0.7373 -0.6754
vn 0.0000 -0.7602 -0.6497
vn 0.1620 -0.8366 -0.5232
vn -0.0898 -0.6889 -0.7193
vn -0.0168 -0.7373 -0.6754
vn 0.0689 -0.8754 -0.4784
vn 0.0000 -0.5831 -0.8124
vn 0.0953 -0.5584 -0.8241
vn 0.0168 -0.7373 -0.6754
vn 0.0000 -0.7602 -0.6497
vn 0.6097 -0.2469 -0.7532
vn 0.0898 -0.6889 -0.7193
vn 0.0168 -0.7373 -0.6754
vn 0.0953 -0.5584 -0.8241
vn -0.1620 -0.8366 -0.5232
vn -0.0689 -0.8754 -0.4784
vn 0.0168 -0.7373 -0.6754
vn 0.0898 -0.6889 -0.7193
vn 0.0000 -0.8914 -0.4533
vn 0.0000 -0.7602 -0.6497
vn 0.0168 -0.7373 -0.6754
vn -0.0689 -0.8754 -0.4784
vn 0.6097 -0.2469 -0.7532
vn 0.8580 -0.1806 -0.4808
vn 0.2955 -0.6607 -0.6901
vn 0.0898 -0.6889 -0.7193
vn 0.8913 -0.1358 -0.4327
vn 0.3048 -0.6023 -0.7378
vn 0.2955 -0.6607 -0.6901
vn 0.8580 -0.1806 -0.4808
vn -0.3956 -0.7064 -0.5869
vn -0.2853 -0.7801 -0.5569
vn 0.2955 -0.6607 -0.6901
vn 0.3048 -0.6023 -0.7378
vn -0.1620 -0.8366 -0.5232
vn 0.0898 -0.6889 -0.7193
vn 0.2955 -0.6607 -0.6901
vn -0.2853 -0.7801 -0.5569
vn 0.8913 -0.1358 -0.4327
vn 0.9129 -0.0988 -0.3960
vn 0.2762 -0.5264 -0.8041
vn 0.3048 -0.6023 -0.7378
vn 0.9268 -0.0509 -0.3720
vn 0.2794 -0.0621 -0.9582
vn 0.2762 -0.5264 -0.8041
vn 0.9129 -0.0988 -0.3960
vn -0.5531 0.3927 -0.7347
vn -0.4873 -0.5907 -0.6432
vn 0.2762 -0.5264 -0.8041
vn 0.2794 -0.0621 -0.9582
vn -0.3956 -0.7064 -0.5869
vn 0.3048 -0.6023 -0.7378
vn 0.2762 -0.5264 -0.8041
vn -0.4873 -0.5907 -0.6432
vn 0.9268 -0.0509 -0.3720
vn 0.9026 0.0598 -0.4263
vn 0.3972 0.7488 -0.5306
vn 0.2794 -0.0621 -0.9582
vn 0.8904 0.1836 -0.4165
vn 0.4495 0.8347 -0.3182
vn 0.3972 0.7488 -0.5306
vn 0.9026 0.0598 -0.4263
vn -0.0084 0.9917 -0.1286
vn -0.0277 0.9729 -0.2295
vn 0.3972 0.7488 -0.5306
vn 0.4495 0.8347 -0.3182
vn -0.5531 0.3927 -0.7347
vn 0.2794 -0.0621 -0.9582
vn 0.3972 0.7488 -0.5306
vn -0.0277 0.9729 -0.2295
vn 0.8904 0.1836 -0.4165
vn 0.8729 0.2916 -0.3912
vn 0.3898 0.8864 -0.2499
vn 0.4495 0.8347 -0.3182
vn 0.8164 0.4474 -0.3651
vn 0.2629 0.9519 -0.1575
vn 0.3898 0.8864 -0.2499
vn 0.8729 0.2916 -0.3912
vn -0.0218 0.9994 -0.0268
vn -0.0201 0.9935 -0.1117
vn 0.3898 0.8864 -0.2499
vn 0.2629 0.9519 -0.1575
vn -0.0084 0.9917 -0.1286
vn 0.4495 0.8347 -0.3182
vn 0.3898 0.8864 -0.2499
vn -0.0201 0.9935 -0.1117
vn 0.8164 0.4474 -0.3651
vn 0.6894 0.6484 -0.3231
vn 0.2086 0.9777 -0.0256
vn 0.2629 0.9519 -0.1575
vn 0.4472 0.8427 -0.2998
vn 0.0894 0.9959 0.0110
vn 0.2086 0.9777 -0.0256
vn 0.6894 0.6484 -0.3231
vn -0.0010 0.9939 0.1106
vn -0.0101 0.9976 0.0683
vn 0.2086 0.9777 -0.0256
vn 0.0894 0.9959 0.0110
vn -0.0218 0.9994 -0.0268
vn 0.2629 0.9519 -0.1575
vn 0.2086 0.9777 -0.0256
vn -0.0101 0.9976 0.0683
vn 0.4472 0.8427 -0.2998
vn 0.1190 0.9679 -0.2212
vn 0.0335 0.9989 0.0318
vn 0.0894 0.9959 0.0110
vn -0.0000 0.9794 -0.2021
vn -0.0000 0.9992 0.0401
vn 0.0335 0.9989 0.0318
vn 0.1190 0.9679 -0.2212
vn -0.0000 0.9926 0.1212
vn -0.0006 0.9926 0.1211
vn 0.0335 0.9989 0.0318
vn -0.0000 0.9992 0.0401
vn -0.0010 0.9939 0.1106
vn 0.0894 0.9959 0.0110
vn 0.0335 0.9989 0.0318
vn -0.0006 0.9926 0.1211
vn -0.0000 0.9794 -0.2021
vn -0.1190 0.9679 -0.2212
vn -0.0335 0.9989 0.0318
vn -0.0000 0.9992 0.0401
vn -0.4472 0.8427 -0.2998
vn -0.0894 0.9959 0.0110
vn -0.0335 0.9989 0.0318
vn -0.1190 0.9679 -0.2212
vn 0.0010 0.9939 0.1106
vn 0.0006 0.9926 0.1211
vn -0.0335 0.9989 0.0318
vn -0.0894 0.9959 0.0110
vn -0.0000 0.9926 0.1212
vn -0.0000 0.9992 0.0401
vn -0.0335 0.9989 0.0318
vn 0.0006 0.9926 0.1211
vn -0.4472 0.8427 -0.2998
vn -0.6894 0.6484 -0.3231
vn -0.2086 0.9777 -0.0256
vn -0.0894 0.9959 0.0110
vn -0.8164 0.4474 -0.3651
vn -0.2629 0.9519 -0.1575
vn -0.2086 0.9777 -0.0256
vn -0.6894 0.6484 -0.3231
vn 0.0218 0.9994 -0.0268
vn 0.0101 0.9976 0.0683
vn -0.2086 0.9777 -0.0256
vn -0.2629 0.9519 -0.1575
vn 0.0010 0.9939 0.1106
vn -0.0894 0.9959 0.0110
vn -0.2086 0.9777 -0.0256
vn 0.0101 0.9976 0.0683
vn -0.8164 0.4474 -0.3651
vn -0.8729 0.2916 -0.3912
vn -0.3898 0.8864 -0.2499
vn -0.2629 0.9519 -0.1575
vn -0.8904 0.1836 -0.4165
vn -0.4495 0.8347 -0.3182
vn -0.3898 0.8864 -0.2499
vn -0.8729 0.2916 -0.3912
vn 0.0084 0.9917 -0.1286
vn 0.0201 0.9935 -0.1117
vn -0.3898 0.8864 -0.2499
vn -0.4495 0.8347 -0.3182
vn 0.0218 0.9994 -0.0268
vn -0.2629 0.9519 -0.1575
vn -0.3898 0.8864 -0.2499
vn 0.0201 0.9935 -0.1117
vn -0.8904 0.1836 -0.4165
vn -0.9026 0.0598 -0.4263
vn -0.3972 0.7488 -0.5306
vn -0.4495 0.8347 -0.3182
vn -0.9268 -0.0509 -0.3720
vn -0.2794 -0.0621 -0.9582
vn -0.3972 0.7488 -0.5306
vn -0.9026 0.0598 -0.4263
vn 0.5531 0.3927 -0.7347
vn 0.0277 0.9729 -0.2295
vn -0.3972 0.7488 -0.5306
vn -0.2794 -0.0621 -0.9582
vn 0.0084 0.9917 -0.1286
vn -0.4495 0.8347 -0.3182
vn -0.3972 0.7488 -0.5306
vn 0.0277 0.9729 -0.2295
vn -0.9268 -0.0509 -0.3720
vn -0.9129 -0.0988 -0.3960
vn -0.2762 -0.5264 -0.8041
vn -0.2794 -0.0621 -0.9582
vn -0.8913 -0.1358 -0.4327
vn -0.3048 -0.6023 -0.7378
vn -0.2762 -0.5264 -0.8041
vn -0.9129 -0.0988 -0.3960
vn 0.3956 -0.7064 -0.5869
vn 0.4873 -0.5907 -0.6432
vn -0.2762 -0.5264 -0.8041
vn -0.3048 -0.6023 -0.7378
vn 0.5531 0.3927 -0.7347
vn -0.2794 -0.0621 -0.9582
vn -0.2762 -0.5264 -0.8041
vn 0.4873 -0.5907 -0.6432
vn -0.8913 -0.1358 -0.4327
vn -0.8580 -0.1806 -0.4808
vn -0.2955 -0.6607 -0.6901
vn -0.3048 -0.6023 -0.7378
vn -0.6097 -0.2469 -0.7532
vn -0.0898 -0.6889 -0.7193
vn -0.2955 -0.6607 -0.6901
vn -0.8580 -0.1806 -0.4808
vn 0.1620 -0.8366 -0.5232
vn 0.2853 -0.7801 -0.5569
vn -0.2955 -0.6607 -0.6901
vn -0.0898 -0.6889 -0.7193
vn 0.3956 -0.7064 -0.5869
vn -0.3048 -0.6023 -0.7378
vn -0.2955 -0.6607 -0.6901
vn 0.2853 -0.7801 -0.5569
vn 0.5531 0.3927 -0.7347
vn 0.0524 0.9918 -0.1167
vn -0.0132 0.9942 0.1066
vn 0.0413 0.9189 -0.3924
vn -0.0000 0.9928 -0.1200
vn -0.0000 0.9805 0.1963
vn -0.0132 0.9942 0.1066
vn 0.0524 0.9918 -0.1167
vn -0.0000 0.6164 0.7874
vn -0.0363 0.6526 0.7568
vn -0.0132 0.9942 0.1066
vn -0.0000 0.9805 0.1963
vn -0.2989 0.8789 0.3718
vn 0.0413 0.9189 -0.3924
vn -0.0132 0.9942 0.1066
vn -0.0363 0.6526 0.7568
vn -0.0000 0.9928 -0.1200
vn -0.0524 0.9918 -0.1167
vn 0.0132 0.9942 0.1066
vn -0.0000 0.9805 0.1963
vn -0.5531 0.3927 -0.7347
vn -0.0413 0.9189 -0.3924
vn 0.0132 0.9942 0.1066
vn -0.0524 0.9918 -0.1167
vn 0.2989 0.8789 0.3718
vn 0.0363 0.6526 0.7568
vn 0.0132 0.9942 0.1066
vn -0.0413 0.9189 -0.3924
vn -0.0000 0.6164 0.7874
vn -0.0000 0.9805 0.1963
vn 0.0132 0.9942 0.1066
vn 0.0363 0.6526 0.7568
vn -0.5531 0.3927 -0.7347
vn -0.0277 0.9729 -0.2295
vn 0.0230 0.9849 -0.1716
vn -0.0413 0.9189 -0.3924
vn -0.0084 0.9917 -0.1286
vn 0.0678 0.9840 -0.1649
vn 0.0230 0.9849 -0.1716
vn -0.0277 0.9729 -0.2295
vn 0.5029 0.8032 -0.3192
vn 0.4615 0.8807 -0.1065
vn 0.0230 0.9849 -0.1716
vn 0.0678 0.9840 -0.1649
vn 0.2989 0.8789 0.3718
vn -0.0413 0.9189 -0.3924
vn 0.0230 0.9849 -0.1716
vn 0.4615 0.8807 -0.1065
vn -0.0084 0.9917 -0.1286
vn -0.0201 0.9935 -0.1117
vn 0.0454 0.9872 -0.1527
vn 0.0678 0.9840 -0.1649
vn -0.0218 0.9994 -0.0268
vn 0.0416 0.9963 -0.0752
vn 0.0454 0.9872 -0.1527
vn -0.0201 0.9935 -0.1117
vn 0.4773 0.8295 -0.2900
vn 0.4817 0.8079 -0.3396
vn 0.0454 0.9872 -0.1527
vn 0.0416 0.9963 -0.0752
vn 0.5029 0.8032 -0.3192
vn 0.0678 0.9840 -0.1649
vn 0.0454 0.9872 -0.1527
vn 0.4817 0.8079 -0.3396
vn -0.0218 0.9994 -0.0268
vn -0.0101 0.9976 0.0683
vn 0.0447 0.9988 0.0184
vn 0.0416 0.9963 -0.0752
vn -0.0010 0.9939 0.1106
vn 0.0311 0.9979 0.0561
vn 0.0447 0.9988 0.0184
vn -0.0101 0.9976 0.0683
vn 0.3397 0.8812 -0.3287
vn 0.4471 0.8555 -0.2612
vn 0.0447 0.9988 0.0184
vn 0.0311 0.9979 0.0561
vn 0.4773 0.8295 -0.2900
vn 0.0416 0.9963 -0.0752
vn 0.0447 0.9988 0.0184
vn 0.4471 0.8555 -0.2612
vn -0.0010 0.9939 0.1106
vn -0.0006 0.9926 0.1211
vn 0.0188 0.9984 0.0526
vn 0.0311 0.9979 0.0561
vn -0.0000 0.9926 0.1212
vn -0.0000 0.9989 0.0460
vn 0.0188 0.9984 0.0526
vn -0.0006 0.9926 0.1211
vn 0.0000 0.8660 -0.5000
vn 0.1652 0.8770 -0.4512
vn 0.0188 0.9984 0.0526
vn -0.0000 0.9989 0.0460
vn 0.3397 0.8812 -0.3287
vn 0.0311 0.9979 0.0561
vn 0.0188 0.9984 0.0526
vn 0.1652 0.8770 -0.4512
vn -0.0000 0.9926 0.1212
vn 0.0006 0.9926 0.1211
vn -0.0188 0.9984 0.0526
vn -0.0000 0.9989 0.0460
vn 0.0010 0.9939 0.1106
vn -0.0311 0.9979 0.0561
vn -0.0188 0.9984 0.0526
vn 0.0006 0.9926 0.1211
vn -0.3397 0.8812 -0.3287
vn -0.1652 0.8770 -0.4512
vn -0.0188 0.9984 0.0526
vn -0.0311 0.9979 0.0561
vn 0.0000 0.8660 -0.5000
vn -0.0000 0.9989 0.0460
vn -0.0188 0.9984 0.0526
vn -0.1652 0.8770 -0.4512
vn 0.0010 0.9939 0.1106
vn 0.0101 0.9976 0.0683
vn -0.0447 0.9988 0.0184
vn -0.0311 0.9979 0.0561
vn 0.0218 0.9994 -0.0268
vn -0.0416 0.9963 -0.0752
vn -0.0447 0.9988 0.0184
vn 0.0101 0.9976 0.0683
vn -0.4773 0.8295 -0.2900
vn -0.4471 0.8555 -0.2613
vn -0.0447 0.9988 0.0184
vn -0.0416 0.9963 -0.0752
vn -0.3397 0.8812 -0.3287
vn -0.0311 0.9979 0.0561
vn -0.0447 0.9988 0.0184
vn -0.4471 0.8555 -0.2613
vn 0.0218 0.9994 -0.0268
vn 0.0201 0.9935 -0.1117
vn -0.0454 0.9872 -0.1527
vn -0.0416 0.9963 -0.0752
vn 0.0084 0.9917 -0.1286
vn -0.0678 0.9840 -0.1649
vn -0.0454 0.9872 -0.1527
vn 0.0201 0.9935 -0.1117
vn -0.5029 0.8032 -0.3192
vn -0.4817 0.8079 -0.3396
vn -0.0454 0.9872 -0.1527
vn -0.0678 0.9840 -0.1649
vn -0.4773 0.8295 -0.2900
vn -0.0416 0.9963 -0.0752
vn -0.0454 0.9872 -0.1527
vn -0.4817 0.8079 -0.3396
vn 0.0084 0.9917 -0.1286
vn 0.0277 0.9729 -0.2295
vn -0.0230 0.9849 -0.1716
vn -0.0678 0.9840 -0.1649
vn 0.5531 0.3927 -0.7347
vn 0.0413 0.9189 -0.3924
vn -0.0230 0.9849 -0.1716
vn 0.0277 0.9729 -0.2295
vn -0.2989 0.8789 0.3718
vn -0.4615 0.8807 -0.1065
vn -0.0230 0.9849 -0.1716
vn 0.0413 0.9189 -0.3924
vn -0.5029 0.8032 -0.3192
vn -0.0678 0.9840 -0.1649
vn -0.0230 0.9849 -0.1716
vn -0.4615 0.8807 -0.1065
vn -0.2989 0.8789 0.3718
vn -0.0363 0.6526 0.7568
vn -0.0358 0.2348 0.9714
vn -0.4914 0.3187 0.8106
vn -0.0000 0.6164 0.7874
vn -0.0000 0.2223 0.9750
vn -0.0358 0.2348 0.9714
vn -0.0363 0.6526 0.7568
vn -0.0000 0.3020 0.9533
vn -0.0476 0.3229 0.9452
vn -0.0358 0.2348 0.9714
vn -0.0000 0.2223 0.9750
vn -0.5781 0.3367 0.7433
vn -0.4914 0.3187 0.8106
vn -0.0358 0.2348 0.9714
vn -0.0476 0.3229 0.9452
vn -0.0000 0.6164 0.7874
vn 0.0363 0.6526 0.7568
vn 0.0358 0.2348 0.9714
vn -0.0000 0.2223 0.9750
vn 0.2989 0.8789 0.3718
vn 0.4914 0.3187 0.8106
vn 0.0358 0.2348 0.9714
vn 0.0363 0.6526 0.7568
vn 0.5781 0.3367 0.7433
vn 0.0476 0.3229 0.9452
vn 0.0358 0.2348 0.9714
vn 0.4914 0.3187 0.8106
vn -0.0000 0.3020 0.9533
vn -0.0000 0.2223 0.9750
vn 0.0358 0.2348 0.9714
vn 0.0476 0.3229 0.9452
vn 0.2989 0.8789 0.3718
vn 0.4615 0.8807 -0.1065
vn 0.9499 0.3120 0.0177
vn 0.4914 0.3187 0.8106
vn 0.5029 0.8032 -0.3192
vn 0.8897 0.2394 -0.3887
vn 0.9499 0.3120 0.0177
vn 0.4615 0.8807 -0.1065
vn 0.9139 0.1315 -0.3840
vn 0.9777 0.2057 0.0421
vn 0.9499 0.3120 0.0177
vn 0.8897 0.2394 -0.3887
vn 0.5781 0.3367 0.7433
vn 0.4914 0.3187 0.8106
vn 0.9499 0.3120 0.0177
vn 0.9777 0.2057 0.0421
vn 0.5029 0.8032 -0.3192
vn 0.4817 0.8079 -0.3396
vn 0.8662 0.2465 -0.4346
vn 0.8897 0.2394 -0.3887
vn 0.4773 0.8295 -0.2900
vn 0.8569 0.2580 -0.4462
vn 0.8662 0.2465 -0.4346
vn 0.4817 0.8079 -0.3396
vn 0.8841 0.1287 -0.4492
vn 0.8930 0.1332 -0.4298
vn 0.8662 0.2465 -0.4346
vn 0.8569 0.2580 -0.4462
vn 0.9139 0.1315 -0.3840
vn 0.8897 0.2394 -0.3887
vn 0.8662 0.2465 -0.4346
vn 0.8930 0.1332 -0.4298
vn 0.4773 0.8295 -0.2900
vn 0.4471 0.8555 -0.2612
vn 0.8169 0.2658 -0.5119
vn 0.8569 0.2580 -0.4462
vn 0.3397 0.8812 -0.3287
vn 0.6236 0.2679 -0.7344
vn 0.8169 0.2658 -0.5119
vn 0.4471 0.8555 -0.2612
vn 0.6307 0.1432 -0.7627
vn 0.8362 0.1314 -0.5324
vn 0.8169 0.2658 -0.5119
vn 0.6236 0.2679 -0.7344
vn 0.8841 0.1287 -0.4492
vn 0.8569 0.2580 -0.4462
vn 0.8169 0.2658 -0.5119
vn 0.8362 0.1314 -0.5324
vn 0.3397 0.8812 -0.3287
vn 0.1652 0.8770 -0.4512
vn 0.2807 0.2510 -0.9264
vn 0.6236 0.2679 -0.7344
vn 0.0000 0.8660 -0.5000
vn 0.0000 0.2413 -0.9705
vn 0.2807 0.2510 -0.9264
vn 0.1652 0.8770 -0.4512
vn 0.0000 0.1507 -0.9886
vn 0.2853 0.1497 -0.9467
vn 0.2807 0.2510 -0.9264
vn 0.0000 0.2413 -0.9705
vn 0.6307 0.1432 -0.7627
vn 0.6236 0.2679 -0.7344
vn 0.2807 0.2510 -0.9264
vn 0.2853 0.1497 -0.9467
vn 0.0000 0.8660 -0.5000
vn -0.1652 0.8770 -0.4512
vn -0.2807 0.2510 -0.9264
vn 0.0000 0.2413 -0.9705
vn -0.3397 0.8812 -0.3287
vn -0.6236 0.2679 -0.7344
vn -0.2807 0.2510 -0.9264
vn -0.1652 0.8770 -0.4512
vn -0.6307 0.1432 -0.7627
vn -0.2853 0.1497 -0.9467
vn -0.2807 0.2510 -0.9264
vn -0.6236 0.2679 -0.7344
vn 0.0000 0.1507 -0.9886
vn 0.0000 0.2413 -0.9705
vn -0.2807 0.2510 -0.9264
vn -0.2853 0.1497 -0.9467
vn -0.3397 0.8812 -0.3287
vn -0.4471 0.8555 -0.2613
vn -0.8169 0.2658 -0.5119
vn -0.6236 0.2679 -0.7344
vn -0.4773 0.8295 -0.2900
vn -0.8569 0.2580 -0.4462
vn -0.8169 0.2658 -0.5119
vn -0.4471 0.8555 -0.2613
vn -0.8841 0.1287 -0.4492
vn -0.8362 0.1314 -0.5324
vn -0.8169 0.2658 -0.5119
vn -0.8569 0.2580 -0.4462
vn -0.6307 0.1432 -0.7627
vn -0.6236 0.2679 -0.7344
vn -0.8169 0.2658 -0.5119
vn -0.8362 0.1314 -0.5324
vn -0.4773 0.8295 -0.2900
vn -0.4817 0.8079 -0.3396
vn -0.8662 0.2465 -0.4346
vn -0.8569 0.2580 -0.4462
vn -0.5029 0.8032 -0.3192
vn -0.8897 0.2394 -0.3887
vn -0.8662 0.2465 -0.4346
vn -0.4817 0.8079 -0.3396
vn -0.9139 0.1315 -0.3840
vn -0.8930 0.1332 -0.4298
vn -0.8662 0.2465 -0.4346
vn -0.8897 0.2394 -0.3887
vn -0.8841 0.1287 -0.4492
vn -0.8569 0.2580 -0.4462
vn -0.8662 0.2465 -0.4346
vn -0.8930 0.1332 -0.4298
vn -0.5029 0.8032 -0.3192
vn -0.4615 0.8807 -0.1065
vn -0.9499 0.3120 0.0177
vn -0.8897 0.2394 -0.3887
vn -0.2989 0.8789 0.3718
vn -0.4914 0.3187 0.8106
vn -0.9499 0.3120 0.0177
vn -0.4615 0.8807 -0.1065
vn -0.5781 0.3367 0.7433
vn -0.9777 0.2057 0.0421
vn -0.9499 0.3120 0.0177
vn -0.4914 0.3187 0.8106
vn -0.9139 0.1315 -0.3840
vn -0.8897 0.2394 -0.3887
vn -0.9499 0.3120 0.0177
vn -0.9777 0.2057 0.0421
vn -0.0000 0.3020 0.9533
vn -0.0000 0.7021 0.7121
vn -0.0584 0.7236 0.6878
vn -0.0476 0.3229 0.9452
vn -0.0000 0.9830 0.1835
vn -0.0680 0.9824 0.1741
vn -0.0584 0.7236 0.6878
vn -0.0000 0.7021 0.7121
vn -0.1375 0.9847 0.1067
vn -0.4097 0.7802 0.4727
vn -0.0584 0.7236 0.6878
vn -0.0680 0.9824 0.1741
vn -0.5781 0.3367 0.7433
vn -0.0476 0.3229 0.9452
vn -0.0584 0.7236 0.6878
vn -0.4097 0.7802 0.4727
vn 0.5781 0.3367 0.7433
vn 0.4097 0.7802 0.4727
vn 0.0584 0.7236 0.6878
vn 0.0476 0.3229 0.9452
vn 0.1375 0.9847 0.1067
vn 0.0680 0.9824 0.1741
vn 0.0584 0.7236 0.6878
vn 0.4097 0.7802 0.4727
vn -0.0000 0.9830 0.1835
vn -0.0000 0.7021 0.7121
vn 0.0584 0.7236 0.6878
vn 0.0680 0.9824 0.1741
vn -0.0000 0.3020 0.9533
vn 0.0476 0.3229 0.9452
vn 0.0584 0.7236 0.6878
vn -0.0000 0.7021 0.7121
vn 0.9139 0.1315 -0.3840
vn 0.6759 0.6380 -0.3690
vn 0.7218 0.6871 -0.0833
vn 0.9777 0.2057 0.0421
vn 0.2447 0.9402 -0.2370
vn 0.2321 0.9670 -0.1049
vn 0.7218 0.6871 -0.0833
vn 0.6759 0.6380 -0.3690
vn 0.1375 0.9847 0.1067
vn 0.4097 0.7802 0.4727
vn 0.7218 0.6871 -0.0833
vn 0.2321 0.9670 -0.1049
vn 0.5781 0.3367 0.7433
vn 0.9777 0.2057 0.0421
vn 0.7218 0.6871 -0.0833
vn 0.4097 0.7802 0.4727
vn 0.8841 0.1287 -0.4492
vn 0.7055 0.5851 -0.4000
vn 0.6827 0.6125 -0.3985
vn 0.8930 0.1332 -0.4298
vn 0.3148 0.9237 -0.2184
vn 0.2779 0.9266 -0.2534
vn 0.6827 0.6125 -0.3985
vn 0.7055 0.5851 -0.4000
vn 0.2447 0.9402 -0.2370
vn 0.6759 0.6380 -0.3690
vn 0.6827 0.6125 -0.3985
vn 0.2779 0.9266 -0.2534
vn 0.9139 0.1315 -0.3840
vn 0.8930 0.1332 -0.4298
vn 0.6827 0.6125 -0.3985
vn 0.6759 0.6380 -0.3690
vn 0.6307 0.1432 -0.7627
vn 0.5287 0.6031 -0.5973
vn 0.7021 0.5716 -0.4247
vn 0.8362 0.1314 -0.5324
vn 0.2973 0.9146 -0.2741
vn 0.3470 0.9113 -0.2215
vn 0.7021 0.5716 -0.4247
vn 0.5287 0.6031 -0.5973
vn 0.3148 0.9237 -0.2184
vn 0.7055 0.5851 -0.4000
vn 0.7021 0.5716 -0.4247
vn 0.3470 0.9113 -0.2215
vn 0.8841 0.1287 -0.4492
vn 0.8362 0.1314 -0.5324
vn 0.7021 0.5716 -0.4247
vn 0.7055 0.5851 -0.4000
vn 0.0000 0.1507 -0.9886
vn 0.0000 0.6231 -0.7821
vn 0.2386 0.6091 -0.7563
vn 0.2853 0.1497 -0.9467
vn -0.0000 0.9489 -0.3157
vn 0.1641 0.9331 -0.3201
vn 0.2386 0.6091 -0.7563
vn 0.0000 0.6231 -0.7821
vn 0.2973 0.9146 -0.2741
vn 0.5287 0.6031 -0.5973
vn 0.2386 0.6091 -0.7563
vn 0.1641 0.9331 -0.3201
vn 0.6307 0.1432 -0.7627
vn 0.2853 0.1497 -0.9467
vn 0.2386 0.6091 -0.7563
vn 0.5287 0.6031 -0.5973
vn -0.6307 0.1432 -0.7627
vn -0.5287 0.6031 -0.5973
vn -0.2386 0.6091 -0.7563
vn -0.2853 0.1497 -0.9467
vn -0.2973 0.9146 -0.2741
vn -0.1641 0.9331 -0.3201
vn -0.2386 0.6091 -0.7563
vn -0.5287 0.6031 -0.5973
vn -0.0000 0.9489 -0.3157
vn 0.0000 0.6231 -0.7821
vn -0.2386 0.6091 -0.7563
vn -0.1641 0.9331 -0.3201
vn 0.0000 0.1507 -0.9886
vn -0.2853 0.1497 -0.9467
vn -0.2386 0.6091 -0.7563
vn 0.0000 0.6231 -0.7821
vn -0.8841 0.1287 -0.4492
vn -0.7054 0.5851 -0.4000
vn -0.7021 0.5716 -0.4247
vn -0.8362 0.1314 -0.5324
vn -0.3148 0.9237 -0.2184
vn -0.3470 0.9113 -0.2215
vn -0.7021 0.5716 -0.4247
vn -0.7054 0.5851 -0.4000
vn -0.2973 0.9146 -0.2741
vn -0.5287 0.6031 -0.5973
vn -0.7021 0.5716 -0.4247
vn -0.3470 0.9113 -0.2215
vn -0.6307 0.1432 -0.7627
vn -0.8362 0.1314 -0.5324
vn -0.7021 0.5716 -0.4247
vn -0.5287 0.6031 -0.5973
vn -0.9139 0.1315 -0.3840
vn -0.6759 0.6380 -0.3690
vn -0.6827 0.6125 -0.3985
vn -0.8930 0.1332 -0.4298
vn -0.2447 0.9402 -0.2370
vn -0.2779 0.9266 -0.2534
vn -0.6827 0.6125 -0.3985
vn -0.6759 0.6380 -0.3690
vn -0.3148 0.9237 -0.2184
vn -0.7054 0.5851 -0.4000
vn -0.6827 0.6125 -0.3985
vn -0.2779 0.9266 -0.2534
vn -0.8841 0.1287 -0.4492
vn -0.8930 0.1332 -0.4298
vn -0.6827 0.6125 -0.3985
vn -0.7054 0.5851 -0.4000
vn -0.5781 0.3367 0.7433
vn -0.4097 0.7802 0.4727
vn -0.7218 0.6871 -0.0833
vn -0.9777 0.2057 0.0421
vn -0.1375 0.9847 0.1067
vn -0.2321 0.9670 -0.1049
vn -0.7218 0.6871 -0.0833
vn -0.4097 0.7802 0.4727
vn -0.2447 0.9402 -0.2370
vn -0.6759 0.6380 -0.3690
vn -0.7218 0.6871 -0.0833
vn -0.2321 0.9670 -0.1049
vn -0.9139 0.1315 -0.3840
vn -0.9777 0.2057 0.0421
vn -0.7218 0.6871 -0.0833
vn -0.6759 0.6380 -0.3690
vn -0.0000 0.9928 -0.1200
vn 0.0524 0.9918 -0.1167
vn 0.1274 0.9713 -0.2009
vn -0.0000 0.9917 -0.1288
vn 0.5531 0.3927 -0.7347
vn 0.6740 0.1785 -0.7168
vn 0.1274 0.9713 -0.2009
vn 0.0524 0.9918 -0.1167
vn 0.7682 0.5885 -0.2521
vn 0.1427 0.9832 -0.1138
vn 0.1274 0.9713 -0.2009
vn 0.6740 0.1785 -0.7168
vn -0.0000 0.9961 -0.0882
vn -0.0000 0.9917 -0.1288
vn 0.1274 0.9713 -0.2009
vn 0.1427 0.9832 -0.1138
vn 0.5531 0.3927 -0.7347
vn 0.4873 -0.5907 -0.6432
vn 0.6833 -0.5230 -0.5096
vn 0.6740 0.1785 -0.7168
vn 0.3956 -0.7064 -0.5869
vn 0.5524 -0.6754 -0.4886
vn 0.6833 -0.5230 -0.5096
vn 0.4873 -0.5907 -0.6432
vn 0.4473 -0.7759 -0.4448
vn 0.8710 -0.3815 -0.3095
vn 0.6833 -0.5230 -0.5096
vn 0.5524 -0.6754 -0.4886
vn 0.7682 0.5885 -0.2521
vn 0.6740 0.1785 -0.7168
vn 0.6833 -0.5230 -0.5096
vn 0.8710 -0.3815 -0.3095
vn 0.3956 -0.7064 -0.5869
vn 0.2853 -0.7801 -0.5569
vn 0.4064 -0.7775 -0.4800
vn 0.5524 -0.6754 -0.4886
vn 0.1620 -0.8366 -0.5232
vn 0.2524 -0.8580 -0.4474
vn 0.4064 -0.7775 -0.4800
vn 0.2853 -0.7801 -0.5569
vn 0.2127 -0.8361 -0.5056
vn 0.2311 -0.8088 -0.5407
vn 0.4064 -0.7775 -0.4800
vn 0.2524 -0.8580 -0.4474
vn 0.4473 -0.7759 -0.4448
vn 0.5524 -0.6754 -0.4886
vn 0.4064 -0.7775 -0.4800
vn 0.2311 -0.8088 -0.5407
vn 0.1620 -0.8366 -0.5232
vn 0.0689 -0.8754 -0.4784
vn 0.1005 -0.9092 -0.4040
vn 0.2524 -0.8580 -0.4474
vn 0.0000 -0.8914 -0.4533
vn 0.0000 -0.9202 -0.3914
vn 0.1005 -0.9092 -0.4040
vn 0.0689 -0.8754 -0.4784
vn -0.0000 -0.8584 -0.5130
vn 0.0924 -0.8540 -0.5119
vn 0.1005 -0.9092 -0.4040
vn 0.0000 -0.9202 -0.3914
vn 0.2127 -0.8361 -0.5056
vn 0.2524 -0.8580 -0.4474
vn 0.1005 -0.9092 -0.4040
vn 0.0924 -0.8540 -0.5119
vn 0.0000 -0.8914 -0.4533
vn -0.0689 -0.8754 -0.4784
vn -0.1005 -0.9092 -0.4040
vn 0.0000 -0.9202 -0.3914
vn -0.1620 -0.8366 -0.5232
vn -0.2524 -0.8580 -0.4474
vn -0.1005 -0.9092 -0.4040
vn -0.0689 -0.8754 -0.4784
vn -0.2127 -0.8361 -0.5056
vn -0.0924 -0.8540 -0.5119
vn -0.1005 -0.9092 -0.4040
vn -0.2524 -0.8580 -0.4474
vn -0.0000 -0.8584 -0.5130
vn 0.0000 -0.9202 -0.3914
vn -0.1005 -0.9092 -0.4040
vn -0.0924 -0.8540 -0.5119
vn -0.1620 -0.8366 -0.5232
vn -0.2853 -0.7801 -0.5569
vn -0.4064 -0.7775 -0.4800
vn -0.2524 -0.8580 -0.4474
vn -0.3956 -0.7064 -0.5869
vn -0.5524 -0.6754 -0.4886
vn -0.4064 -0.7775 -0.4800
vn -0.2853 -0.7801 -0.5569
vn -0.4473 -0.7759 -0.4448
vn -0.2311 -0.8088 -0.5407
vn -0.4064 -0.7775 -0.4800
vn -0.5524 -0.6754 -0.4886
vn -0.2127 -0.8361 -0.5056
vn -0.2524 -0.8580 -0.4474
vn -0.4064 -0.7775 -0.4800
vn -0.2311 -0.8088 -0.5407
vn -0.3956 -0.7064 -0.5869
vn -0.4873 -0.5907 -0.6432
vn -0.6833 -0.5230 -0.5096
vn -0.5524 -0.6754 -0.4886
vn -0.5531 0.3927 -0.7347
vn -0.6740 0.1785 -0.7168
vn -0.6833 -0.5230 -0.5096
vn -0.4873 -0.5907 -0.6432
vn -0.7682 0.5885 -0.2521
vn -0.8710 -0.3815 -0.3095
vn -0.6833 -0.5230 -0.5096
vn -0.6740 0.1785 -0.7168
vn -0.4473 -0.7759 -0.4448
vn -0.5524 -0.6754 -0.4886
vn -0.6833 -0.5230 -0.5096
vn -0.8710 -0.3815 -0.3095
vn -0.5531 0.3927 -0.7347
vn -0.0524 0.9918 -0.1167
vn -0.1274 0.9713 -0.2009
vn -0.6740 0.1785 -0.7168
vn -0.0000 0.9928 -0.1200
vn -0.0000 0.9917 -0.1288
vn -0.1274 0.9713 -0.2009
vn -0.0524 0.9918 -0.1167
vn -0.0000 0.9961 -0.0882
vn -0.1427 0.9832 -0.1138
vn -0.1274 0.9713 -0.2009
vn -0.0000 0.9917 -0.1288
vn -0.7682 0.5885 -0.2521
vn -0.6740 0.1785 -0.7168
vn -0.1274 0.9713 -0.2009
vn -0.1427 0.9832 -0.1138
vn 0.4473 -0.7759 -0.4448
vn 0.1123 -0.8771 -0.4670
vn 0.1447 -0.9419 -0.3031
vn 0.5272 -0.8055 -0.2706
vn -0.0000 -0.8786 -0.4775
vn 0.0000 -0.9521 -0.3058
vn 0.1447 -0.9419 -0.3031
vn 0.1123 -0.8771 -0.4670
vn 0.0000 -0.9689 -0.2474
vn 0.1515 -0.9577 -0.2446
vn 0.1447 -0.9419 -0.3031
vn 0.0000 -0.9521 -0.3058
vn 0.5645 -0.8048 -0.1836
vn 0.5272 -0.8055 -0.2706
vn 0.1447 -0.9419 -0.3031
vn 0.1515 -0.9577 -0.2446
vn -0.0000 -0.8786 -0.4775
vn -0.1123 -0.8771 -0.4670
vn -0.1447 -0.9419 -0.3031
vn 0.0000 -0.9521 -0.3058
vn -0.4473 -0.7759 -0.4448
vn -0.5272 -0.8055 -0.2706
vn -0.1447 -0.9419 -0.3031
vn -0.1123 -0.8771 -0.4670
vn -0.5645 -0.8048 -0.1836
vn -0.1515 -0.9577 -0.2446
vn -0.1447 -0.9419 -0.3031
vn -0.5272 -0.8055 -0.2706
vn 0.0000 -0.9689 -0.2474
vn 0.0000 -0.9521 -0.3058
vn -0.1447 -0.9419 -0.3031
vn -0.1515 -0.9577 -0.2446
vn -0.4473 -0.7759 -0.4448
vn -0.8710 -0.3815 -0.3095
vn -0.9581 -0.2574 -0.1258
vn -0.5272 -0.8055 -0.2706
vn -0.7682 0.5885 -0.2521
vn -0.7349 0.6773 -0.0338
vn -0.9581 -0.2574 -0.1258
vn -0.8710 -0.3815 -0.3095
vn -0.7050 0.7090 0.0165
vn -0.9817 -0.1881 -0.0286
vn -0.9581 -0.2574 -0.1258
vn -0.7349 0.6773 -0.0338
vn -0.5645 -0.8048 -0.1836
vn -0.5272 -0.8055 -0.2706
vn -0.9581 -0.2574 -0.1258
vn -0.9817 -0.1881 -0.0286
vn -0.7682 0.5885 -0.2521
vn -0.1427 0.9832 -0.1138
vn -0.1278 0.9909 -0.0420
vn -0.7349 0.6773 -0.0338
vn -0.0000 0.9961 -0.0882
vn -0.0000 0.9990 -0.0445
vn -0.1278 0.9909 -0.0420
vn -0.1427 0.9832 -0.1138
vn -0.0000 0.9995 -0.0307
vn -0.1179 0.9926 -0.0305
vn -0.1278 0.9909 -0.0420
vn -0.0000 0.9990 -0.0445
vn -0.7050 0.7090 0.0165
vn -0.7349 0.6773 -0.0338
vn -0.1278 0.9909 -0.0420
vn -0.1179 0.9926 -0.0305
vn -0.0000 0.9961 -0.0882
vn 0.1427 0.9832 -0.1138
vn 0.1278 0.9909 -0.0420
vn -0.0000 0.9990 -0.0445
vn 0.7682 0.5885 -0.2521
vn 0.7349 0.6773 -0.0338
vn 0.1278 0.9909 -0.0420
vn 0.1427 0.9832 -0.1138
vn 0.7050 0.7090 0.0165
vn 0.1179 0.9926 -0.0305
vn 0.1278 0.9909 -0.0420
vn 0.7349 0.6773 -0.0338
vn -0.0000 0.9995 -0.0307
vn -0.0000 0.9990 -0.0445
vn 0.1278 0.9909 -0.0420
vn 0.1179 0.9926 -0.0305
vn 0.7682 0.5885 -0.2521
vn 0.8710 -0.3815 -0.3095
vn 0.9581 -0.2574 -0.1258
vn 0.7349 0.6773 -0.0338
vn 0.4473 -0.7759 -0.4448
vn 0.5272 -0.8055 -0.2706
vn 0.9581 -0.2574 -0.1258
vn 0.8710 -0.3815 -0.3095
vn 0.5645 -0.8048 -0.1836
vn 0.9817 -0.1881 -0.0286
vn 0.9581 -0.2574 -0.1258
vn 0.5272 -0.8055 -0.2706
vn 0.7050 0.7090 0.0165
vn 0.7349 0.6773 -0.0338
vn 0.9581 -0.2574 -0.1258
vn 0.9817 -0.1881 -0.0286
vn 0.0000 -0.9689 -0.2474
vn 0.0000 -0.9430 -0.3329
vn 0.1331 -0.9364 -0.3248
vn 0.1515 -0.9577 -0.2446
vn 0.0000 -0.7784 -0.6278
vn 0.1104 -0.7743 -0.6231
vn 0.1331 -0.9364 -0.3248
vn 0.0000 -0.9430 -0.3329
vn 0.3182 -0.7610 -0.5654
vn 0.4856 -0.8163 -0.3127
vn 0.1331 -0.9364 -0.3248
vn 0.1104 -0.7743 -0.6231
vn 0.5645 -0.8048 -0.1836
vn 0.1515 -0.9577 -0.2446
vn 0.1331 -0.9364 -0.3248
vn 0.4856 -0.8163 -0.3127
vn -0.5645 -0.8048 -0.1836
vn -0.4856 -0.8163 -0.3127
vn -0.1331 -0.9364 -0.3248
vn -0.1515 -0.9577 -0.2446
vn -0.3182 -0.7610 -0.5654
vn -0.1104 -0.7743 -0.6231
vn -0.1331 -0.9364 -0.3248
vn -0.4856 -0.8163 -0.3127
vn 0.0000 -0.7784 -0.6278
vn 0.0000 -0.9430 -0.3329
vn -0.1331 -0.9364 -0.3248
vn -0.1104 -0.7743 -0.6231
vn 0.0000 -0.9689 -0.2474
vn -0.1515 -0.9577 -0.2446
vn -0.1331 -0.9364 -0.3248
vn 0.0000 -0.9430 -0.3329
vn -0.7050 0.7090 0.0165
vn -0.7093 0.5661 -0.4200
vn -0.9255 -0.2595 -0.2760
vn -0.9817 -0.1881 -0.0286
vn -0.4035 0.3489 -0.8458
vn -0.5892 -0.2757 -0.7595
vn -0.9255 -0.2595 -0.2760
vn -0.7093 0.5661 -0.4200
vn -0.3182 -0.7610 -0.5654
vn -0.4856 -0.8163 -0.3127
vn -0.9255 -0.2595 -0.2760
vn -0.5892 -0.2757 -0.7595
vn -0.5645 -0.8048 -0.1836
vn -0.9817 -0.1881 -0.0286
vn -0.9255 -0.2595 -0.2760
vn -0.4856 -0.8163 -0.3127
vn -0.0000 0.9995 -0.0307
vn 0.0000 0.9633 -0.2683
vn -0.1174 0.9554 -0.2709
vn -0.1179 0.9926 -0.0305
vn 0.0000 0.4568 -0.8896
vn -0.1142 0.4609 -0.8800
vn -0.1174 0.9554 -0.2709
vn 0.0000 0.9633 -0.2683
vn -0.4035 0.3489 -0.8458
vn -0.7093 0.5661 -0.4200
vn -0.1174 0.9554 -0.2709
vn -0.1142 0.4609 -0.8800
vn -0.7050 0.7090 0.0165
vn -0.1179 0.9926 -0.0305
vn -0.1174 0.9554 -0.2709
vn -0.7093 0.5661 -0.4200
vn 0.7050 0.7090 0.0165
vn 0.7093 0.5661 -0.4200
vn 0.1174 0.9554 -0.2709
vn 0.1179 0.9926 -0.0305
vn 0.4035 0.3489 -0.8458
vn 0.1142 0.4610 -0.8800
vn 0.1174 0.9554 -0.2709
vn 0.7093 0.5661 -0.4200
vn 0.0000 0.4568 -0.8896
vn 0.0000 0.9633 -0.2683
vn 0.1174 0.9554 -0.2709
vn 0.1142 0.4610 -0.8800
vn -0.0000 0.9995 -0.0307
vn 0.1179 0.9926 -0.0305
vn 0.1174 0.9554 -0.2709
vn 0.0000 0.9633 -0.2683
vn 0.5645 -0.8048 -0.1836
vn 0.4856 -0.8163 -0.3127
vn 0.9255 -0.2595 -0.2760
vn 0.9817 -0.1881 -0.0286
vn 0.3182 -0.7610 -0.5654
vn 0.5892 -0.2757 -0.7595
vn 0.9255 -0.2595 -0.2760
vn 0.4856 -0.8163 -0.3127
vn 0.4035 0.3489 -0.8458
vn 0.7093 0.5661 -0.4200
vn 0.9255 -0.2595 -0.2760
vn 0.5892 -0.2757 -0.7595
vn 0.7050 0.7090 0.0165
vn 0.9817 -0.1881 -0.0286
vn 0.9255 -0.2595 -0.2760
vn 0.7093 0.5661 -0.4200
# 15392 vertex normals

vt 0.7951 0.1383 0.0000
vt 0.7647 0.1394 0.0000
vt 0.7636 0.1242 0.0000
vt 0.7915 0.1232 0.0000
vt 0.7330 0.1406 0.0000
vt 0.7344 0.1253 0.0000
vt 0.7357 0.1090 0.0000
vt 0.7622 0.1080 0.0000
vt 0.7874 0.1071 0.0000
vt 0.3294 0.9302 0.0000
vt 0.3389 0.9164 0.0000
vt 0.8277 0.0694 0.0000
vt 0.8375 0.0835 0.0000
vt 0.3486 0.9012 0.0000
vt 0.8293 0.0877 0.0000
vt 0.8204 0.0733 0.0000
vt 0.8473 0.0989 0.0000
vt 0.8384 0.1034 0.0000
vt 0.3515 0.0184 0.0000
vt 0.3147 0.0072 0.0000
vt 0.8277 0.1055 0.0000
vt 0.8196 0.0894 0.0000
vt 0.2740 0.0002 0.0000
vt 0.8114 0.0748 0.0000
vt 0.8462 0.9793 0.0000
vt 0.8095 0.9904 0.0000
vt 0.8088 0.9885 0.0000
vt 0.1945 0.2102 0.0000
vt 0.1909 0.2146 0.0000
vt 0.8450 0.9775 0.0000
vt 0.7690 0.9972 0.0000
vt 0.1858 0.2208 0.0000
vt 0.7690 0.9952 0.0000
vt 0.7687 0.9889 0.0000
vt 0.8070 0.9825 0.0000
vt 0.8421 0.9719 0.0000
vt 0.2050 0.9930 0.0000
vt 0.2084 0.9937 0.0000
vt 0.6901 0.7880 0.0000
vt 0.6865 0.7836 0.0000
vt 0.2118 0.9937 0.0000
vt 0.6869 0.7833 0.0000
vt 0.6904 0.7877 0.0000
vt 0.6816 0.7774 0.0000
vt 0.6819 0.7772 0.0000
vt 0.6837 0.7761 0.0000
vt 0.6885 0.7822 0.0000
vt 0.6918 0.7867 0.0000
vt 0.6977 0.0091 0.0000
vt 0.6997 0.0069 0.0000
vt 0.7021 0.0095 0.0000
vt 0.7000 0.0113 0.0000
vt 0.7017 0.0052 0.0000
vt 0.7041 0.0084 0.0000
vt 0.4261 0.4975 0.0000
vt 0.4226 0.4874 0.0000
vt 0.7055 0.0106 0.0000
vt 0.7041 0.0118 0.0000
vt 0.4186 0.4734 0.0000
vt 0.7018 0.0135 0.0000
vt 0.8243 0.5702 0.0000
vt 0.7852 0.5740 0.0000
vt 0.7860 0.5535 0.0000
vt 0.0689 0.4911 0.0000
vt 0.0642 0.5061 0.0000
vt 0.8266 0.5499 0.0000
vt 0.7449 0.5777 0.0000
vt 0.0621 0.5223 0.0000
vt 0.7441 0.5569 0.0000
vt 0.7440 0.5370 0.0000
vt 0.7873 0.5339 0.0000
vt 0.8292 0.5309 0.0000
vt 0.9213 0.5023 0.0000
vt 0.9178 0.5123 0.0000
vt 0.9153 0.5108 0.0000
vt 0.9192 0.5004 0.0000
vt 0.9139 0.5262 0.0000
vt 0.9111 0.5254 0.0000
vt 0.8976 0.5251 0.0000
vt 0.9019 0.5093 0.0000
vt 0.9107 0.4935 0.0000
vt 0.4037 0.7879 0.0000
vt 0.4122 0.7680 0.0000
vt 0.5656 0.5079 0.0000
vt 0.5594 0.4949 0.0000
vt 0.4215 0.7467 0.0000
vt 0.5692 0.4951 0.0000
vt 0.5691 0.5103 0.0000
vt 0.5557 0.4786 0.0000
vt 0.5668 0.4778 0.0000
vt 0.0610 0.7736 0.0000
vt 0.0675 0.7929 0.0000
vt 0.5829 0.4781 0.0000
vt 0.5844 0.4977 0.0000
vt 0.0744 0.8092 0.0000
vt 0.5824 0.5180 0.0000
vt 0.8213 0.2603 0.0000
vt 0.7778 0.2601 0.0000
vt 0.7738 0.2400 0.0000
vt 0.8159 0.2393 0.0000
vt 0.7338 0.2610 0.0000
vt 0.7315 0.2413 0.0000
vt 0.7302 0.2217 0.0000
vt 0.7710 0.2203 0.0000
vt 0.8114 0.2190 0.0000
vt 0.3662 0.8710 0.0000
vt 0.3730 0.8576 0.0000
vt 0.9023 0.2117 0.0000
vt 0.9108 0.2318 0.0000
vt 0.3789 0.8454 0.0000
vt 0.8985 0.2357 0.0000
vt 0.8903 0.2155 0.0000
vt 0.9201 0.2532 0.0000
vt 0.9077 0.2572 0.0000
vt 0.1108 0.8660 0.0000
vt 0.1196 0.8791 0.0000
vt 0.8913 0.2586 0.0000
vt 0.8825 0.2370 0.0000
vt 0.1296 0.8945 0.0000
vt 0.8748 0.2167 0.0000
vt 0.5551 0.2259 0.0000
vt 0.5617 0.2062 0.0000
vt 0.5732 0.2089 0.0000
vt 0.0987 0.8490 0.0000
vt 0.1042 0.8566 0.0000
vt 0.5669 0.2281 0.0000
vt 0.5688 0.1897 0.0000
vt 0.5799 0.1929 0.0000
vt 0.5921 0.1929 0.0000
vt 0.5825 0.2097 0.0000
vt 0.5763 0.2280 0.0000
vt 0.8002 0.1632 0.0000
vt 0.7661 0.1644 0.0000
vt 0.7655 0.1527 0.0000
vt 0.7980 0.1515 0.0000
vt 0.3840 0.8341 0.0000
vt 0.7307 0.1658 0.0000
vt 0.3894 0.8216 0.0000
vt 0.7318 0.1540 0.0000
vt 0.8651 0.1295 0.0000
vt 0.8720 0.1428 0.0000
vt 0.0514 0.7289 0.0000
vt 0.0554 0.7516 0.0000
vt 0.8615 0.1472 0.0000
vt 0.8549 0.1340 0.0000
vt 0.8777 0.1549 0.0000
vt 0.8670 0.1589 0.0000
vt 0.5784 0.1341 0.0000
vt 0.5809 0.1075 0.0000
vt 0.5822 0.1074 0.0000
vt 0.5789 0.1437 0.0000
vt 0.5810 0.0807 0.0000
vt 0.5827 0.0710 0.0000
vt 0.8537 0.1612 0.0000
vt 0.8489 0.1496 0.0000
vt 0.8431 0.1365 0.0000
vt 0.4314 0.7245 0.0000
vt 0.6053 0.1345 0.0000
vt 0.4412 0.7016 0.0000
vt 0.6143 0.1213 0.0000
vt 0.6237 0.1261 0.0000
vt 0.6150 0.1397 0.0000
vt 0.0493 0.6590 0.0000
vt 0.0487 0.6727 0.0000
vt 0.6246 0.1057 0.0000
vt 0.6334 0.1101 0.0000
vt 0.0485 0.6881 0.0000
vt 0.6444 0.1123 0.0000
vt 0.6356 0.1290 0.0000
vt 0.6273 0.1430 0.0000
vt 0.5934 0.1508 0.0000
vt 0.5988 0.1436 0.0000
vt 0.6085 0.1489 0.0000
vt 0.6031 0.1558 0.0000
vt 0.6202 0.1520 0.0000
vt 0.6142 0.1584 0.0000
vt 0.7691 0.2021 0.0000
vt 0.8077 0.2007 0.0000
vt 0.7298 0.2036 0.0000
vt 0.7299 0.1880 0.0000
vt 0.4579 0.6555 0.0000
vt 0.4634 0.6364 0.0000
vt 0.7678 0.1866 0.0000
vt 0.8046 0.1852 0.0000
vt 0.4673 0.6191 0.0000
vt 0.8826 0.1659 0.0000
vt 0.8716 0.1697 0.0000
vt 0.8879 0.1780 0.0000
vt 0.8766 0.1817 0.0000
vt 0.0326 0.3051 0.0000
vt 0.0227 0.3233 0.0000
vt 0.8621 0.1831 0.0000
vt 0.8577 0.1715 0.0000
vt 0.0148 0.3442 0.0000
vt 0.5454 0.2715 0.0000
vt 0.5494 0.2483 0.0000
vt 0.5615 0.2500 0.0000
vt 0.5577 0.2727 0.0000
vt 0.5716 0.2488 0.0000
vt 0.5707 0.2720 0.0000
vt 0.9719 0.1439 0.0000
vt 0.9718 0.1172 0.0000
vt 0.9733 0.1171 0.0000
vt 0.9737 0.1536 0.0000
vt 0.9694 0.0904 0.0000
vt 0.9701 0.0806 0.0000
vt 0.9300 0.2755 0.0000
vt 0.4668 0.2715 0.0000
vt 0.4572 0.2590 0.0000
vt 0.9177 0.2794 0.0000
vt 0.9399 0.2986 0.0000
vt 0.4459 0.2475 0.0000
vt 0.9278 0.3024 0.0000
vt 0.9119 0.3032 0.0000
vt 0.9015 0.2805 0.0000
vt 0.5435 0.3410 0.0000
vt 0.5429 0.3277 0.0000
vt 0.5553 0.3276 0.0000
vt 0.5558 0.3405 0.0000
vt 0.5427 0.3126 0.0000
vt 0.5553 0.3129 0.0000
vt 0.5686 0.3137 0.0000
vt 0.4784 0.3137 0.0000
vt 0.4791 0.3011 0.0000
vt 0.5688 0.3279 0.0000
vt 0.5698 0.3401 0.0000
vt 0.4770 0.2914 0.0000
vt 0.8564 0.4271 0.0000
vt 0.8060 0.4296 0.0000
vt 0.8065 0.4114 0.0000
vt 0.8574 0.4090 0.0000
vt 0.0063 0.3868 0.0000
vt 0.0028 0.4060 0.0000
vt 0.7548 0.4321 0.0000
vt 0.7547 0.4138 0.0000
vt 0.0004 0.4216 0.0000
vt 0.7538 0.3940 0.0000
vt 0.8056 0.3919 0.0000
vt 0.8563 0.3901 0.0000
vt 0.9567 0.3453 0.0000
vt 0.0556 0.2828 0.0000
vt 0.0436 0.2917 0.0000
vt 0.9618 0.3645 0.0000
vt 0.9499 0.3674 0.0000
vt 0.9447 0.3485 0.0000
vt 0.9649 0.3819 0.0000
vt 0.9532 0.3844 0.0000
vt 0.9381 0.3871 0.0000
vt 0.9344 0.3694 0.0000
vt 0.9290 0.3500 0.0000
vt 0.5291 0.6931 0.0000
vt 0.5193 0.6750 0.0000
vt 0.5197 0.6748 0.0000
vt 0.5295 0.6930 0.0000
vt 0.5114 0.6541 0.0000
vt 0.4347 0.2399 0.0000
vt 0.5118 0.6540 0.0000
vt 0.4239 0.2359 0.0000
vt 0.5148 0.6528 0.0000
vt 0.5227 0.6736 0.0000
vt 0.5326 0.6919 0.0000
vt 0.0581 0.5575 0.0000
vt 0.0562 0.5758 0.0000
vt 0.8071 0.7113 0.0000
vt 0.7835 0.7122 0.0000
vt 0.0544 0.5944 0.0000
vt 0.7841 0.6869 0.0000
vt 0.8115 0.6859 0.0000
vt 0.7588 0.7131 0.0000
vt 0.7554 0.6880 0.0000
vt 0.7516 0.6615 0.0000
vt 0.7840 0.6602 0.0000
vt 0.8150 0.6589 0.0000
vt 0.9615 0.7274 0.0000
vt 0.9518 0.7398 0.0000
vt 0.9513 0.7394 0.0000
vt 0.9610 0.7270 0.0000
vt 0.9406 0.7513 0.0000
vt 0.9401 0.7508 0.0000
vt 0.4779 0.5248 0.0000
vt 0.4770 0.5230 0.0000
vt 0.9370 0.7488 0.0000
vt 0.9482 0.7368 0.0000
vt 0.4756 0.5224 0.0000
vt 0.9579 0.7238 0.0000
vt 0.7840 0.6365 0.0000
vt 0.8177 0.6348 0.0000
vt 0.7491 0.6383 0.0000
vt 0.2150 0.2144 0.0000
vt 0.7474 0.6174 0.0000
vt 0.7843 0.6150 0.0000
vt 0.2140 0.2052 0.0000
vt 0.8199 0.6126 0.0000
vt 0.9730 0.6854 0.0000
vt 0.9737 0.6980 0.0000
vt 0.9731 0.6980 0.0000
vt 0.2114 0.1934 0.0000
vt 0.9724 0.6857 0.0000
vt 0.9716 0.7076 0.0000
vt 0.9711 0.7073 0.0000
vt 0.9683 0.7030 0.0000
vt 0.9704 0.6935 0.0000
vt 0.9701 0.6840 0.0000
vt 0.5030 0.6118 0.0000
vt 0.4996 0.5926 0.0000
vt 0.5000 0.5925 0.0000
vt 0.5034 0.6117 0.0000
vt 0.4973 0.5771 0.0000
vt 0.4977 0.5770 0.0000
vt 0.3153 0.2187 0.0000
vt 0.3138 0.2097 0.0000
vt 0.3140 0.1984 0.0000
vt 0.5001 0.5761 0.0000
vt 0.5026 0.5916 0.0000
vt 0.5061 0.6107 0.0000
vt 0.3205 0.9417 0.0000
vt 0.5519 0.7154 0.0000
vt 0.5401 0.7065 0.0000
vt 0.5403 0.7062 0.0000
vt 0.3120 0.9517 0.0000
vt 0.5521 0.7151 0.0000
vt 0.5436 0.7058 0.0000
vt 0.5525 0.7129 0.0000
vt 0.7868 0.7773 0.0000
vt 0.7741 0.7787 0.0000
vt 0.7751 0.7701 0.0000
vt 0.7888 0.7688 0.0000
vt 0.7605 0.7799 0.0000
vt 0.7606 0.7712 0.0000
vt 0.7604 0.7634 0.0000
vt 0.7763 0.7625 0.0000
vt 0.7912 0.7616 0.0000
vt 0.9295 0.7588 0.0000
vt 0.1487 0.9247 0.0000
vt 0.1565 0.9363 0.0000
vt 0.1637 0.9464 0.0000
vt 0.9291 0.7583 0.0000
vt 0.9186 0.7628 0.0000
vt 0.9183 0.7622 0.0000
vt 0.9182 0.7601 0.0000
vt 0.9260 0.7567 0.0000
vt 0.5514 0.4426 0.0000
vt 0.5496 0.4240 0.0000
vt 0.5613 0.4230 0.0000
vt 0.5629 0.4417 0.0000
vt 0.5479 0.4053 0.0000
vt 0.5598 0.4043 0.0000
vt 0.5770 0.4032 0.0000
vt 0.5784 0.4221 0.0000
vt 0.5800 0.4409 0.0000
vt 0.8360 0.4977 0.0000
vt 0.1996 0.0050 0.0000
vt 0.1683 0.0138 0.0000
vt 0.7922 0.5005 0.0000
vt 0.7964 0.4831 0.0000
vt 0.1423 0.0243 0.0000
vt 0.8415 0.4804 0.0000
vt 0.7465 0.5033 0.0000
vt 0.7495 0.4859 0.0000
vt 0.7524 0.4680 0.0000
vt 0.2352 0.0000 0.0000
vt 0.8008 0.4653 0.0000
vt 0.8475 0.4626 0.0000
vt 0.9729 0.4751 0.0000
vt 0.9721 0.4769 0.0000
vt 0.9717 0.4764 0.0000
vt 0.9724 0.4749 0.0000
vt 0.3995 0.0446 0.0000
vt 0.3787 0.0314 0.0000
vt 0.2474 0.9993 0.0000
vt 0.2499 1.0000 0.0000
vt 0.9707 0.4776 0.0000
vt 0.9704 0.4769 0.0000
vt 0.2532 0.9998 0.0000
vt 0.9699 0.4758 0.0000
vt 0.9707 0.4752 0.0000
vt 0.9715 0.4742 0.0000
vt 0.7106 0.7837 0.0000
vt 0.2443 0.9955 0.0000
vt 0.2455 0.9980 0.0000
vt 0.7121 0.7832 0.0000
vt 0.5526 0.0411 0.0000
vt 0.7114 0.7926 0.0000
vt 0.5542 0.0382 0.0000
vt 0.7095 0.7929 0.0000
vt 0.7160 0.7801 0.0000
vt 0.7163 0.7920 0.0000
vt 0.7140 0.8045 0.0000
vt 0.1979 0.9889 0.0000
vt 0.2012 0.9913 0.0000
vt 0.7088 0.8046 0.0000
vt 0.7069 0.8047 0.0000
vt 0.7345 0.7805 0.0000
vt 0.7470 0.7804 0.0000
vt 0.7466 0.7912 0.0000
vt 0.7340 0.7915 0.0000
vt 0.7602 0.7907 0.0000
vt 0.7597 0.8023 0.0000
vt 0.7455 0.8030 0.0000
vt 0.7324 0.8036 0.0000
vt 0.8066 0.7753 0.0000
vt 0.8093 0.7789 0.0000
vt 0.8075 0.7882 0.0000
vt 0.8030 0.7876 0.0000
vt 0.8105 0.7797 0.0000
vt 0.8090 0.7887 0.0000
vt 0.8091 0.7999 0.0000
vt 0.8075 0.8000 0.0000
vt 0.8029 0.8001 0.0000
vt 0.8120 0.0617 0.0000
vt 0.8185 0.0579 0.0000
vt 0.8035 0.0633 0.0000
vt 0.7959 0.0534 0.0000
vt 0.8038 0.0517 0.0000
vt 0.8098 0.0479 0.0000
vt 0.7791 0.0760 0.0000
vt 0.7591 0.0767 0.0000
vt 0.7572 0.0650 0.0000
vt 0.7749 0.0644 0.0000
vt 0.7377 0.0775 0.0000
vt 0.7382 0.0657 0.0000
vt 0.7385 0.0556 0.0000
vt 0.7553 0.0549 0.0000
vt 0.7707 0.0544 0.0000
vt 0.6612 0.0796 0.0000
vt 0.6518 0.0785 0.0000
vt 0.6591 0.0667 0.0000
vt 0.6679 0.0676 0.0000
vt 0.6443 0.0751 0.0000
vt 0.6522 0.0634 0.0000
vt 0.6595 0.0534 0.0000
vt 0.6660 0.0566 0.0000
vt 0.6742 0.0575 0.0000
vt 0.6694 0.1442 0.0000
vt 0.6454 0.1424 0.0000
vt 0.6539 0.1283 0.0000
vt 0.6781 0.1274 0.0000
vt 0.6615 0.1117 0.0000
vt 0.6840 0.1109 0.0000
vt 0.7018 0.1418 0.0000
vt 0.7054 0.1264 0.0000
vt 0.7091 0.1100 0.0000
vt 0.7973 0.0753 0.0000
vt 0.8038 0.0900 0.0000
vt 0.7833 0.0908 0.0000
vt 0.8103 0.1062 0.0000
vt 0.6948 0.9923 0.0000
vt 0.6637 0.9835 0.0000
vt 0.6656 0.9817 0.0000
vt 0.6963 0.9905 0.0000
vt 0.6378 0.9730 0.0000
vt 0.6397 0.9711 0.0000
vt 0.6441 0.9652 0.0000
vt 0.6695 0.9760 0.0000
vt 0.6992 0.9847 0.0000
vt 0.7303 0.9973 0.0000
vt 0.7311 0.9955 0.0000
vt 0.7325 0.9893 0.0000
vt 0.8687 0.9592 0.0000
vt 0.8720 0.9646 0.0000
vt 0.8895 0.9460 0.0000
vt 0.8929 0.9514 0.0000
vt 0.8940 0.9533 0.0000
vt 0.8732 0.9663 0.0000
vt 0.7444 0.0001 0.0000
vt 0.7467 0.0000 0.0000
vt 0.7465 0.0029 0.0000
vt 0.7448 0.0034 0.0000
vt 0.7496 0.0005 0.0000
vt 0.7488 0.0031 0.0000
vt 0.7484 0.0051 0.0000
vt 0.7466 0.0055 0.0000
vt 0.7451 0.0064 0.0000
vt 0.7411 0.0011 0.0000
vt 0.7426 0.0005 0.0000
vt 0.7433 0.0041 0.0000
vt 0.7421 0.0048 0.0000
vt 0.7436 0.0075 0.0000
vt 0.7425 0.0085 0.0000
vt 0.6994 0.0155 0.0000
vt 0.6977 0.0135 0.0000
vt 0.6981 0.0167 0.0000
vt 0.6960 0.0156 0.0000
vt 0.6937 0.0140 0.0000
vt 0.6956 0.0117 0.0000
vt 0.6654 0.5837 0.0000
vt 0.6294 0.5857 0.0000
vt 0.6247 0.5663 0.0000
vt 0.6619 0.5635 0.0000
vt 0.6017 0.5869 0.0000
vt 0.5963 0.5684 0.0000
vt 0.5922 0.5507 0.0000
vt 0.6211 0.5478 0.0000
vt 0.6591 0.5439 0.0000
vt 0.7045 0.5810 0.0000
vt 0.7022 0.5603 0.0000
vt 0.7006 0.5403 0.0000
vt 0.8766 0.4949 0.0000
vt 0.8719 0.5109 0.0000
vt 0.8321 0.5140 0.0000
vt 0.8682 0.5274 0.0000
vt 0.6929 0.2648 0.0000
vt 0.6928 0.2439 0.0000
vt 0.6550 0.2686 0.0000
vt 0.6637 0.2453 0.0000
vt 0.6656 0.2247 0.0000
vt 0.6932 0.2234 0.0000
vt 0.8477 0.2177 0.0000
vt 0.8540 0.2381 0.0000
vt 0.8612 0.2595 0.0000
vt 0.6669 0.1683 0.0000
vt 0.6468 0.1695 0.0000
vt 0.6501 0.1603 0.0000
vt 0.6702 0.1571 0.0000
vt 0.6316 0.1705 0.0000
vt 0.6348 0.1633 0.0000
vt 0.6367 0.1582 0.0000
vt 0.6481 0.1535 0.0000
vt 0.6962 0.1671 0.0000
vt 0.6987 0.1552 0.0000
vt 0.8225 0.1373 0.0000
vt 0.8271 0.1504 0.0000
vt 0.8308 0.1620 0.0000
vt 0.6932 0.2050 0.0000
vt 0.6652 0.2068 0.0000
vt 0.6594 0.1906 0.0000
vt 0.6934 0.1894 0.0000
vt 0.8340 0.1724 0.0000
vt 0.8023 0.1736 0.0000
vt 0.8375 0.1840 0.0000
vt 0.6079 0.3374 0.0000
vt 0.5900 0.3392 0.0000
vt 0.5869 0.3272 0.0000
vt 0.6087 0.3276 0.0000
vt 0.5867 0.3130 0.0000
vt 0.6084 0.3124 0.0000
vt 0.7510 0.3447 0.0000
vt 0.7015 0.3515 0.0000
vt 0.6992 0.3277 0.0000
vt 0.7367 0.3213 0.0000
vt 0.6515 0.3560 0.0000
vt 0.6591 0.3320 0.0000
vt 0.6580 0.3104 0.0000
vt 0.6967 0.3049 0.0000
vt 0.7430 0.2990 0.0000
vt 0.8697 0.2810 0.0000
vt 0.8279 0.2809 0.0000
vt 0.8787 0.3030 0.0000
vt 0.8345 0.3023 0.0000
vt 0.6584 0.4369 0.0000
vt 0.6141 0.4392 0.0000
vt 0.6130 0.4205 0.0000
vt 0.6578 0.4183 0.0000
vt 0.6119 0.4014 0.0000
vt 0.6570 0.3990 0.0000
vt 0.7055 0.4345 0.0000
vt 0.7051 0.4161 0.0000
vt 0.7043 0.3965 0.0000
vt 0.8479 0.3461 0.0000
vt 0.8944 0.3491 0.0000
vt 0.8995 0.3696 0.0000
vt 0.8535 0.3696 0.0000
vt 0.1693 0.2390 0.0000
vt 0.1539 0.2497 0.0000
vt 0.9029 0.3885 0.0000
vt 0.7107 0.7149 0.0000
vt 0.1370 0.2590 0.0000
vt 0.6898 0.7157 0.0000
vt 0.6750 0.6910 0.0000
vt 0.6995 0.6901 0.0000
vt 0.6739 0.7163 0.0000
vt 0.6564 0.6917 0.0000
vt 0.6392 0.6661 0.0000
vt 0.4146 0.4579 0.0000
vt 0.6604 0.6652 0.0000
vt 0.4118 0.4453 0.0000
vt 0.6883 0.6641 0.0000
vt 0.7341 0.7140 0.0000
vt 0.0601 0.5395 0.0000
vt 0.7268 0.6891 0.0000
vt 0.7192 0.6628 0.0000
vt 0.0098 0.3658 0.0000
vt 0.8435 0.6577 0.0000
vt 0.8364 0.6850 0.0000
vt 0.8652 0.6568 0.0000
vt 0.8554 0.6843 0.0000
vt 0.4731 0.2819 0.0000
vt 0.8446 0.7099 0.0000
vt 0.8284 0.7105 0.0000
vt 0.0000 0.4317 0.0000
vt 0.6502 0.6434 0.0000
vt 0.0018 0.4391 0.0000
vt 0.6807 0.6418 0.0000
vt 0.6270 0.6446 0.0000
vt 0.6177 0.6252 0.0000
vt 0.6425 0.6238 0.0000
vt 0.6750 0.6219 0.0000
vt 0.7141 0.6401 0.0000
vt 0.7105 0.6197 0.0000
vt 0.3635 0.2360 0.0000
vt 0.3541 0.2334 0.0000
vt 0.8609 0.5662 0.0000
vt 0.8570 0.5878 0.0000
vt 0.3453 0.2282 0.0000
vt 0.8221 0.5910 0.0000
vt 0.8924 0.5623 0.0000
vt 0.8836 0.5854 0.0000
vt 0.8781 0.6085 0.0000
vt 0.8530 0.6102 0.0000
vt 0.7243 0.7805 0.0000
vt 0.4651 0.5220 0.0000
vt 0.4554 0.5100 0.0000
vt 0.7225 0.7721 0.0000
vt 0.7331 0.7719 0.0000
vt 0.4443 0.4947 0.0000
vt 0.7146 0.7721 0.0000
vt 0.7106 0.7651 0.0000
vt 0.7190 0.7648 0.0000
vt 0.7304 0.7645 0.0000
vt 0.7461 0.7717 0.0000
vt 0.7447 0.7640 0.0000
vt 0.2008 0.1727 0.0000
vt 0.2070 0.1822 0.0000
vt 0.8204 0.7297 0.0000
vt 0.8020 0.7304 0.0000
vt 0.8345 0.7292 0.0000
vt 0.8258 0.7432 0.0000
vt 0.3177 0.1879 0.0000
vt 0.8134 0.7437 0.0000
vt 0.3238 0.1797 0.0000
vt 0.7972 0.7444 0.0000
vt 0.6564 0.5098 0.0000
vt 0.6165 0.5142 0.0000
vt 0.6157 0.4955 0.0000
vt 0.6570 0.4918 0.0000
vt 0.6153 0.4762 0.0000
vt 0.6579 0.4734 0.0000
vt 0.7005 0.5063 0.0000
vt 0.7023 0.4887 0.0000
vt 0.7042 0.4707 0.0000
vt 0.9036 0.4247 0.0000
vt 0.8981 0.4424 0.0000
vt 0.8528 0.4449 0.0000
vt 0.9450 0.4226 0.0000
vt 0.9323 0.4407 0.0000
vt 0.9229 0.4583 0.0000
vt 0.8905 0.4601 0.0000
vt 0.7977 0.7763 0.0000
vt 0.7956 0.7878 0.0000
vt 0.7856 0.7886 0.0000
vt 0.7954 0.8004 0.0000
vt 0.7855 0.8009 0.0000
vt 0.7735 0.7897 0.0000
vt 0.7733 0.8016 0.0000
vt 0.7286 0.8275 0.0000
vt 0.7158 0.8284 0.0000
vt 0.7187 0.8164 0.0000
vt 0.7304 0.8155 0.0000
vt 0.7034 0.8298 0.0000
vt 0.7099 0.8168 0.0000
vt 0.7219 0.8041 0.0000
vt 0.6941 0.0790 0.0000
vt 0.6754 0.0794 0.0000
vt 0.6809 0.0674 0.0000
vt 0.6981 0.0671 0.0000
vt 0.6860 0.0572 0.0000
vt 0.7016 0.0569 0.0000
vt 0.7155 0.0784 0.0000
vt 0.7178 0.0665 0.0000
vt 0.7198 0.0563 0.0000
vt 0.7627 0.0357 0.0000
vt 0.7733 0.0352 0.0000
vt 0.4503 0.6779 0.0000
vt 0.7789 0.0440 0.0000
vt 0.7666 0.0445 0.0000
vt 0.0492 0.7072 0.0000
vt 0.7819 0.0347 0.0000
vt 0.7888 0.0436 0.0000
vt 0.7848 0.0538 0.0000
vt 0.6651 0.7592 0.0000
vt 0.6498 0.7486 0.0000
vt 0.6501 0.7483 0.0000
vt 0.6654 0.7590 0.0000
vt 0.6330 0.7392 0.0000
vt 0.6332 0.7390 0.0000
vt 0.6311 0.7321 0.0000
vt 0.6521 0.7472 0.0000
vt 0.6672 0.7581 0.0000
vt 0.3579 0.8858 0.0000
vt 0.7447 0.5197 0.0000
vt 0.7892 0.5168 0.0000
vt 0.1395 0.9102 0.0000
vt 0.9098 0.5417 0.0000
vt 0.9069 0.5418 0.0000
vt 0.9070 0.5542 0.0000
vt 0.9043 0.5550 0.0000
vt 0.8934 0.5429 0.0000
vt 0.5533 0.4610 0.0000
vt 0.1011 0.0610 0.0000
vt 0.5647 0.4599 0.0000
vt 0.5815 0.4594 0.0000
vt 0.1019 0.0514 0.0000
vt 0.5065 0.6327 0.0000
vt 0.5069 0.6325 0.0000
vt 0.5098 0.6315 0.0000
vt 0.7460 0.5975 0.0000
vt 0.1087 0.0441 0.0000
vt 0.7847 0.5943 0.0000
vt 0.9678 0.7170 0.0000
vt 0.9673 0.7166 0.0000
vt 0.9644 0.7128 0.0000
vt 0.4969 0.5670 0.0000
vt 0.4974 0.5671 0.0000
vt 0.4986 0.5596 0.0000
vt 0.4992 0.5600 0.0000
vt 0.5006 0.5606 0.0000
vt 0.4996 0.5661 0.0000
vt 0.7602 0.7458 0.0000
vt 0.7601 0.7320 0.0000
vt 0.7815 0.7312 0.0000
vt 0.7792 0.7451 0.0000
vt 0.8586 0.7626 0.0000
vt 0.8492 0.7651 0.0000
vt 0.8488 0.7647 0.0000
vt 0.8582 0.7621 0.0000
vt 0.8404 0.7703 0.0000
vt 0.8400 0.7697 0.0000
vt 0.8384 0.7684 0.0000
vt 0.8470 0.7632 0.0000
vt 0.4400 0.0873 0.0000
vt 0.4384 0.0765 0.0000
vt 0.4305 0.0668 0.0000
vt 0.8587 0.7572 0.0000
vt 0.7541 0.4501 0.0000
vt 0.8040 0.4475 0.0000
vt 0.9602 0.4779 0.0000
vt 0.1223 0.0348 0.0000
vt 0.9506 0.4899 0.0000
vt 0.9504 0.4892 0.0000
vt 0.9601 0.4772 0.0000
vt 0.9394 0.5051 0.0000
vt 0.9392 0.5045 0.0000
vt 0.9382 0.5031 0.0000
vt 0.9493 0.4876 0.0000
vt 0.9609 0.4733 0.0000
vt 0.7045 0.8163 0.0000
vt 0.6982 0.8261 0.0000
vt 0.6964 0.8253 0.0000
vt 0.7025 0.8159 0.0000
vt 0.7594 0.8139 0.0000
vt 0.7445 0.8146 0.0000
vt 0.7594 0.8259 0.0000
vt 0.7436 0.8267 0.0000
vt 0.8128 0.8104 0.0000
vt 0.8115 0.8109 0.0000
vt 0.4171 0.0563 0.0000
vt 0.8189 0.8185 0.0000
vt 0.8179 0.8194 0.0000
vt 0.1793 0.2291 0.0000
vt 0.8149 0.8231 0.0000
vt 0.8068 0.8118 0.0000
vt 0.5889 0.5345 0.0000
vt 0.6183 0.5310 0.0000
vt 0.6572 0.5266 0.0000
vt 0.7000 0.5229 0.0000
vt 0.8645 0.5460 0.0000
vt 0.6090 0.6059 0.0000
vt 0.3374 0.2195 0.0000
vt 0.6354 0.6047 0.0000
vt 0.3309 0.2125 0.0000
vt 0.6699 0.6028 0.0000
vt 0.7072 0.6004 0.0000
vt 0.8723 0.6319 0.0000
vt 0.8488 0.6332 0.0000
vt 0.6965 0.7482 0.0000
vt 0.6868 0.7347 0.0000
vt 0.1928 0.1664 0.0000
vt 0.7004 0.7342 0.0000
vt 0.7082 0.7478 0.0000
vt 0.7183 0.7336 0.0000
vt 0.1832 0.1609 0.0000
vt 0.7236 0.7472 0.0000
vt 0.7386 0.7328 0.0000
vt 0.7413 0.7465 0.0000
vt 0.8195 0.7529 0.0000
vt 0.8084 0.7534 0.0000
vt 0.8145 0.7602 0.0000
vt 0.8045 0.7608 0.0000
vt 0.7938 0.7541 0.0000
vt 0.6148 0.4576 0.0000
vt 0.6584 0.4552 0.0000
vt 0.7052 0.4527 0.0000
vt 0.9145 0.4759 0.0000
vt 0.8831 0.4778 0.0000
vt 0.7983 0.8122 0.0000
vt 0.8024 0.8233 0.0000
vt 0.7892 0.8240 0.0000
vt 0.7869 0.8126 0.0000
vt 0.7737 0.8131 0.0000
vt 0.7747 0.8249 0.0000
vt 0.7239 0.7917 0.0000
vt 0.7374 0.2800 0.0000
vt 0.7829 0.2797 0.0000
vt 0.7877 0.2952 0.0000
vt 0.9492 0.3226 0.0000
vt 0.9371 0.3261 0.0000
vt 0.9213 0.3272 0.0000
vt 0.5433 0.2934 0.0000
vt 0.5559 0.2941 0.0000
vt 0.5689 0.2952 0.0000
vt 0.5868 0.2950 0.0000
vt 0.5889 0.2771 0.0000
vt 0.6089 0.2774 0.0000
vt 0.6084 0.2944 0.0000
vt 0.3312 0.1754 0.0000
vt 0.3407 0.1722 0.0000
vt 0.6574 0.2900 0.0000
vt 0.6944 0.2846 0.0000
vt 0.8872 0.3263 0.0000
vt 0.8516 0.3241 0.0000
vt 0.7368 0.0925 0.0000
vt 0.7607 0.0916 0.0000
vt 0.8567 0.1146 0.0000
vt 0.1344 0.1244 0.0000
vt 0.1473 0.1361 0.0000
vt 0.1603 0.1460 0.0000
vt 0.8471 0.1191 0.0000
vt 0.8358 0.1215 0.0000
vt 0.6348 0.0897 0.0000
vt 0.6430 0.0936 0.0000
vt 0.6532 0.0951 0.0000
vt 0.6688 0.0948 0.0000
vt 0.6894 0.0942 0.0000
vt 0.7126 0.0934 0.0000
vt 0.8167 0.1222 0.0000
vt 0.5969 0.9364 0.0000
vt 0.5984 0.9363 0.0000
vt 0.5991 0.9449 0.0000
vt 0.5977 0.9459 0.0000
vt 0.6018 0.9337 0.0000
vt 0.6030 0.9397 0.0000
vt 0.6096 0.9458 0.0000
vt 0.6057 0.9515 0.0000
vt 0.6044 0.9532 0.0000
vt 0.7144 0.8403 0.0000
vt 0.7032 0.8412 0.0000
vt 0.7277 0.8401 0.0000
vt 0.7272 0.8522 0.0000
vt 0.7141 0.8513 0.0000
vt 0.7035 0.8511 0.0000
vt 0.7433 0.8397 0.0000
vt 0.7599 0.8389 0.0000
vt 0.7605 0.8516 0.0000
vt 0.7432 0.8523 0.0000
vt 0.7762 0.8375 0.0000
vt 0.7918 0.8357 0.0000
vt 0.7947 0.8470 0.0000
vt 0.7780 0.8497 0.0000
vt 0.8062 0.8338 0.0000
vt 0.8187 0.8328 0.0000
vt 0.8221 0.8414 0.0000
vt 0.8096 0.8437 0.0000
vt 0.9281 0.9096 0.0000
vt 0.9325 0.9108 0.0000
vt 0.9312 0.9206 0.0000
vt 0.9265 0.9164 0.0000
vt 0.9344 0.9108 0.0000
vt 0.9328 0.9215 0.0000
vt 0.9249 0.9311 0.0000
vt 0.9238 0.9295 0.0000
vt 0.9195 0.9245 0.0000
vt 0.6237 0.9547 0.0000
vt 0.6194 0.9606 0.0000
vt 0.6179 0.9625 0.0000
vt 0.3667 0.1615 0.0000
vt 0.3816 0.1540 0.0000
vt 0.7269 0.8625 0.0000
vt 0.7143 0.8606 0.0000
vt 0.3967 0.1441 0.0000
vt 0.7261 0.8713 0.0000
vt 0.7138 0.8684 0.0000
vt 0.7066 0.8658 0.0000
vt 0.7047 0.8596 0.0000
vt 0.7612 0.8625 0.0000
vt 0.1053 0.0769 0.0000
vt 0.1131 0.0950 0.0000
vt 0.7430 0.8632 0.0000
vt 0.7618 0.8717 0.0000
vt 0.1229 0.1108 0.0000
vt 0.1723 0.1542 0.0000
vt 0.7426 0.8723 0.0000
vt 0.7977 0.8572 0.0000
vt 0.7800 0.8605 0.0000
vt 0.8009 0.8659 0.0000
vt 0.7821 0.8696 0.0000
vt 0.8240 0.8497 0.0000
vt 0.8123 0.8528 0.0000
vt 0.8234 0.8564 0.0000
vt 0.8154 0.8606 0.0000
vt 0.9116 0.9416 0.0000
vt 0.9106 0.9397 0.0000
vt 0.9068 0.9344 0.0000
vt 0.6750 0.7690 0.0000
vt 0.6754 0.7689 0.0000
vt 0.6772 0.7679 0.0000
vt 0.7603 0.7556 0.0000
vt 0.7775 0.7548 0.0000
vt 0.7045 0.7577 0.0000
vt 0.7143 0.7573 0.0000
vt 0.7274 0.7568 0.0000
vt 0.7432 0.7563 0.0000
vt 0.8325 0.7789 0.0000
vt 0.8322 0.7783 0.0000
vt 0.8260 0.7859 0.0000
vt 0.8258 0.7852 0.0000
vt 0.8264 0.7819 0.0000
vt 0.8308 0.7767 0.0000
vt 0.8098 0.7672 0.0000
vt 0.8008 0.7679 0.0000
vt 0.6901 0.8325 0.0000
vt 0.6884 0.8316 0.0000
vt 0.6927 0.8361 0.0000
vt 0.6828 0.8413 0.0000
vt 0.6803 0.8379 0.0000
vt 0.6788 0.8370 0.0000
vt 0.6939 0.8436 0.0000
vt 0.6949 0.8528 0.0000
vt 0.6867 0.8571 0.0000
vt 0.6846 0.8482 0.0000
vt 0.6972 0.8617 0.0000
vt 0.7021 0.8694 0.0000
vt 0.6965 0.8760 0.0000
vt 0.6902 0.8669 0.0000
vt 0.7110 0.8751 0.0000
vt 0.7241 0.8786 0.0000
vt 0.7216 0.8867 0.0000
vt 0.7070 0.8827 0.0000
vt 0.7416 0.8798 0.0000
vt 0.7620 0.8790 0.0000
vt 0.7623 0.8870 0.0000
vt 0.7404 0.8880 0.0000
vt 0.7839 0.8767 0.0000
vt 0.8043 0.8727 0.0000
vt 0.8079 0.8800 0.0000
vt 0.7859 0.8845 0.0000
vt 0.8197 0.8666 0.0000
vt 0.8295 0.8591 0.0000
vt 0.8359 0.8647 0.0000
vt 0.8249 0.8732 0.0000
vt 0.8327 0.8507 0.0000
vt 0.8315 0.8421 0.0000
vt 0.8400 0.8461 0.0000
vt 0.8401 0.8554 0.0000
vt 0.8284 0.8341 0.0000
vt 0.8257 0.8277 0.0000
vt 0.8354 0.8313 0.0000
vt 0.4240 0.1160 0.0000
vt 0.4344 0.1010 0.0000
vt 0.8377 0.8378 0.0000
vt 0.8256 0.8240 0.0000
vt 0.4111 0.1309 0.0000
vt 0.8263 0.8229 0.0000
vt 0.8357 0.8261 0.0000
vt 0.3528 0.1675 0.0000
vt 0.8352 0.8274 0.0000
vt 0.6586 0.8580 0.0000
vt 0.6457 0.8681 0.0000
vt 0.6436 0.8633 0.0000
vt 0.6567 0.8534 0.0000
vt 0.6331 0.8795 0.0000
vt 0.6307 0.8748 0.0000
vt 0.2146 0.2180 0.0000
vt 0.2137 0.2179 0.0000
vt 0.6301 0.8733 0.0000
vt 0.6430 0.8616 0.0000
vt 0.0683 0.4855 0.0000
vt 0.6560 0.8518 0.0000
vt 0.6663 0.8751 0.0000
vt 0.6557 0.8860 0.0000
vt 0.0665 0.4834 0.0000
vt 0.6496 0.8759 0.0000
vt 0.6616 0.8654 0.0000
vt 0.6452 0.8975 0.0000
vt 0.6378 0.8874 0.0000
vt 0.6835 0.8970 0.0000
vt 0.6767 0.9085 0.0000
vt 0.6645 0.8975 0.0000
vt 0.6733 0.8863 0.0000
vt 0.6700 0.9202 0.0000
vt 0.6558 0.9090 0.0000
vt 0.7161 0.9105 0.0000
vt 0.7133 0.9232 0.0000
vt 0.6931 0.9173 0.0000
vt 0.6978 0.9052 0.0000
vt 0.7105 0.9359 0.0000
vt 0.6883 0.9294 0.0000
vt 0.7638 0.9115 0.0000
vt 0.7646 0.9248 0.0000
vt 0.7375 0.9256 0.0000
vt 0.7385 0.9125 0.0000
vt 0.7655 0.9380 0.0000
vt 0.7366 0.9388 0.0000
vt 0.8164 0.9022 0.0000
vt 0.8207 0.9141 0.0000
vt 0.7937 0.9208 0.0000
vt 0.7910 0.9081 0.0000
vt 0.8251 0.9261 0.0000
vt 0.3165 0.2223 0.0000
vt 0.7964 0.9336 0.0000
vt 0.8493 0.8842 0.0000
vt 0.8561 0.8947 0.0000
vt 0.3177 0.2225 0.0000
vt 0.8414 0.9050 0.0000
vt 0.8358 0.8939 0.0000
vt 0.8629 0.9054 0.0000
vt 0.8470 0.9162 0.0000
vt 0.8598 0.8638 0.0000
vt 0.8701 0.8738 0.0000
vt 0.8650 0.8846 0.0000
vt 0.8566 0.8742 0.0000
vt 0.8804 0.8841 0.0000
vt 0.8735 0.8950 0.0000
vt 0.8611 0.8434 0.0000
vt 0.8751 0.8512 0.0000
vt 0.8733 0.8616 0.0000
vt 0.8609 0.8527 0.0000
vt 0.8890 0.8608 0.0000
vt 0.8856 0.8716 0.0000
vt 0.8615 0.8368 0.0000
vt 0.8764 0.8443 0.0000
vt 0.8761 0.8458 0.0000
vt 0.8614 0.8383 0.0000
vt 0.8914 0.8542 0.0000
vt 0.8909 0.8555 0.0000
vt 0.6124 0.9073 0.0000
vt 0.6053 0.9234 0.0000
vt 0.6024 0.9211 0.0000
vt 0.4115 0.4402 0.0000
vt 0.4131 0.4395 0.0000
vt 0.6097 0.9037 0.0000
vt 0.6011 0.9205 0.0000
vt 0.6089 0.9025 0.0000
vt 0.6219 0.8926 0.0000
vt 0.6193 0.8883 0.0000
vt 0.6187 0.8868 0.0000
vt 0.6680 0.8436 0.0000
vt 0.6691 0.8449 0.0000
vt 0.6712 0.8489 0.0000
vt 0.6254 0.9219 0.0000
vt 0.6166 0.9349 0.0000
vt 0.2121 0.2011 0.0000
vt 0.2115 0.1989 0.0000
vt 0.2107 0.1975 0.0000
vt 0.6091 0.9280 0.0000
vt 0.6171 0.9134 0.0000
vt 0.6350 0.9095 0.0000
vt 0.0640 0.4813 0.0000
vt 0.6269 0.8999 0.0000
vt 0.6736 0.8558 0.0000
vt 0.6769 0.8650 0.0000
vt 0.0608 0.4795 0.0000
vt 0.6566 0.9435 0.0000
vt 0.6500 0.9554 0.0000
vt 0.6305 0.9446 0.0000
vt 0.6387 0.9324 0.0000
vt 0.6633 0.9318 0.0000
vt 0.6472 0.9206 0.0000
vt 0.6820 0.8756 0.0000
vt 0.6902 0.8857 0.0000
vt 0.7049 0.9614 0.0000
vt 0.7021 0.9742 0.0000
vt 0.6740 0.9659 0.0000
vt 0.6788 0.9537 0.0000
vt 0.7077 0.9486 0.0000
vt 0.6836 0.9415 0.0000
vt 0.7025 0.8932 0.0000
vt 0.7189 0.8978 0.0000
vt 0.7672 0.9645 0.0000
vt 0.7680 0.9779 0.0000
vt 0.7337 0.9784 0.0000
vt 0.7346 0.9652 0.0000
vt 0.7663 0.9513 0.0000
vt 0.7356 0.9519 0.0000
vt 0.7394 0.8994 0.0000
vt 0.7629 0.8984 0.0000
vt 0.8338 0.9500 0.0000
vt 0.8382 0.9620 0.0000
vt 0.1089 0.2685 0.0000
vt 0.0954 0.2718 0.0000
vt 0.8046 0.9719 0.0000
vt 0.8019 0.9591 0.0000
vt 0.0818 0.2748 0.0000
vt 0.8294 0.9380 0.0000
vt 0.7991 0.9463 0.0000
vt 0.7884 0.8955 0.0000
vt 0.8120 0.8904 0.0000
vt 0.8767 0.9266 0.0000
vt 0.8836 0.9372 0.0000
vt 0.8639 0.9498 0.0000
vt 0.8582 0.9386 0.0000
vt 0.8698 0.9160 0.0000
vt 0.8526 0.9274 0.0000
vt 0.0116 0.4538 0.0000
vt 0.0180 0.4607 0.0000
vt 0.0248 0.4667 0.0000
vt 0.8303 0.8828 0.0000
vt 0.8425 0.8736 0.0000
vt 0.9009 0.9056 0.0000
vt 0.9112 0.9160 0.0000
vt 0.8995 0.9259 0.0000
vt 0.8906 0.9158 0.0000
vt 0.8907 0.8948 0.0000
vt 0.8819 0.9054 0.0000
vt 0.8482 0.8639 0.0000
vt 0.8495 0.8540 0.0000
vt 0.9142 0.8872 0.0000
vt 0.9235 0.9008 0.0000
vt 0.9187 0.9072 0.0000
vt 0.9087 0.8953 0.0000
vt 0.9023 0.8733 0.0000
vt 0.8975 0.8831 0.0000
vt 0.8488 0.8444 0.0000
vt 0.8475 0.8367 0.0000
vt 0.9185 0.8821 0.0000
vt 0.9288 0.8971 0.0000
vt 0.9273 0.8978 0.0000
vt 0.9174 0.8831 0.0000
vt 0.9057 0.8673 0.0000
vt 0.9050 0.8685 0.0000
vt 0.8475 0.8321 0.0000
vt 0.8477 0.8307 0.0000
vt 0.7095 0.7721 0.0000
vt 0.7053 0.7653 0.0000
vt 0.3189 0.2216 0.0000
vt 0.7114 0.7773 0.0000
vt 0.7085 0.7782 0.0000
vt 0.7062 0.7724 0.0000
vt 0.3202 0.2199 0.0000
vt 0.7020 0.7657 0.0000
vt 0.7110 0.7797 0.0000
vt 0.7102 0.7802 0.0000
vt 0.7093 0.7803 0.0000
vt 0.7094 0.7800 0.0000
vt 0.5671 0.5155 0.0000
vt 0.5649 0.5135 0.0000
vt 0.5712 0.5225 0.0000
vt 0.5660 0.5226 0.0000
vt 0.5640 0.5168 0.0000
vt 0.5632 0.5156 0.0000
vt 0.5746 0.5354 0.0000
vt 0.5780 0.5517 0.0000
vt 0.5720 0.5520 0.0000
vt 0.5686 0.5354 0.0000
vt 0.5823 0.5692 0.0000
vt 0.5881 0.5874 0.0000
vt 0.5822 0.5876 0.0000
vt 0.5763 0.5694 0.0000
vt 0.5960 0.6064 0.0000
vt 0.6053 0.6257 0.0000
vt 0.5997 0.6258 0.0000
vt 0.5902 0.6065 0.0000
vt 0.6153 0.6451 0.0000
vt 0.6284 0.6666 0.0000
vt 0.4163 0.4403 0.0000
vt 0.4202 0.4415 0.0000
vt 0.6232 0.6669 0.0000
vt 0.6099 0.6453 0.0000
vt 0.6468 0.6921 0.0000
vt 0.6655 0.7166 0.0000
vt 0.6612 0.7171 0.0000
vt 0.6420 0.6926 0.0000
vt 0.6794 0.7350 0.0000
vt 0.4036 0.2357 0.0000
vt 0.3935 0.2364 0.0000
vt 0.3834 0.2368 0.0000
vt 0.6900 0.7484 0.0000
vt 0.6864 0.7487 0.0000
vt 0.6755 0.7354 0.0000
vt 0.6987 0.7579 0.0000
vt 0.6953 0.7583 0.0000
vt 0.8111 0.7754 0.0000
vt 0.8117 0.7761 0.0000
vt 0.8115 0.7726 0.0000
vt 0.8140 0.7729 0.0000
vt 0.8128 0.7754 0.0000
vt 0.8128 0.7759 0.0000
vt 0.8149 0.7670 0.0000
vt 0.8199 0.7599 0.0000
vt 0.8228 0.7601 0.0000
vt 0.8176 0.7673 0.0000
vt 0.8254 0.7526 0.0000
vt 0.8323 0.7430 0.0000
vt 0.8357 0.7433 0.0000
vt 0.8285 0.7528 0.0000
vt 0.8417 0.7290 0.0000
vt 0.8528 0.7096 0.0000
vt 0.8567 0.7098 0.0000
vt 0.8454 0.7292 0.0000
vt 0.8647 0.6840 0.0000
vt 0.4540 0.3958 0.0000
vt 0.4606 0.3744 0.0000
vt 0.8756 0.6564 0.0000
vt 0.8800 0.6565 0.0000
vt 0.4672 0.3531 0.0000
vt 0.8689 0.6840 0.0000
vt 0.8835 0.6314 0.0000
vt 0.8898 0.6079 0.0000
vt 0.8945 0.6081 0.0000
vt 0.8881 0.6315 0.0000
vt 0.3263 0.2126 0.0000
vt 0.3233 0.2158 0.0000
vt 0.8958 0.5849 0.0000
vt 0.9010 0.5673 0.0000
vt 0.9051 0.5677 0.0000
vt 0.9004 0.5851 0.0000
vt 0.9050 0.5602 0.0000
vt 0.9067 0.5593 0.0000
vt 0.9083 0.5599 0.0000
vt 0.9076 0.5608 0.0000
vt 0.7035 0.7733 0.0000
vt 0.6993 0.7666 0.0000
vt 0.7057 0.7787 0.0000
vt 0.7034 0.7799 0.0000
vt 0.7011 0.7745 0.0000
vt 0.6969 0.7678 0.0000
vt 0.7072 0.7965 0.0000
vt 0.7075 0.7970 0.0000
vt 0.7069 0.7991 0.0000
vt 0.7066 0.7979 0.0000
vt 0.7077 0.7971 0.0000
vt 0.7070 0.7992 0.0000
vt 0.7062 0.8006 0.0000
vt 0.7061 0.8003 0.0000
vt 0.7058 0.7990 0.0000
vt 0.5610 0.5186 0.0000
vt 0.5606 0.5177 0.0000
vt 0.5623 0.5240 0.0000
vt 0.5591 0.5256 0.0000
vt 0.5579 0.5205 0.0000
vt 0.5575 0.5195 0.0000
vt 0.5645 0.5363 0.0000
vt 0.5677 0.5526 0.0000
vt 0.5641 0.5533 0.0000
vt 0.4285 0.4423 0.0000
vt 0.4343 0.4409 0.0000
vt 0.5611 0.5375 0.0000
vt 0.5719 0.5699 0.0000
vt 0.4408 0.4340 0.0000
vt 0.5778 0.5881 0.0000
vt 0.5742 0.5887 0.0000
vt 0.5683 0.5705 0.0000
vt 0.4136 0.2350 0.0000
vt 0.3734 0.2369 0.0000
vt 0.5859 0.6070 0.0000
vt 0.5954 0.6263 0.0000
vt 0.5918 0.6268 0.0000
vt 0.5823 0.6075 0.0000
vt 0.6057 0.6458 0.0000
vt 0.6190 0.6676 0.0000
vt 0.6154 0.6683 0.0000
vt 0.6020 0.6464 0.0000
vt 0.6379 0.6936 0.0000
vt 0.6573 0.7185 0.0000
vt 0.6536 0.7202 0.0000
vt 0.6342 0.6949 0.0000
vt 0.6721 0.7367 0.0000
vt 0.6834 0.7497 0.0000
vt 0.6809 0.7510 0.0000
vt 0.6690 0.7383 0.0000
vt 0.6925 0.7592 0.0000
vt 0.6902 0.7604 0.0000
vt 0.4738 0.3319 0.0000
vt 0.6051 0.7297 0.0000
vt 0.5916 0.7264 0.0000
vt 0.4474 0.4173 0.0000
vt 0.5916 0.7261 0.0000
vt 0.6051 0.7294 0.0000
vt 0.5781 0.7234 0.0000
vt 0.5781 0.7230 0.0000
vt 0.5746 0.7181 0.0000
vt 0.5877 0.7202 0.0000
vt 0.2086 0.1967 0.0000
vt 0.2070 0.1966 0.0000
vt 0.6009 0.7226 0.0000
vt 0.5230 0.5375 0.0000
vt 0.2051 0.1969 0.0000
vt 0.5160 0.5430 0.0000
vt 0.5151 0.5388 0.0000
vt 0.5220 0.5329 0.0000
vt 0.5095 0.5492 0.0000
vt 0.5087 0.5456 0.0000
vt 0.5084 0.5450 0.0000
vt 0.5148 0.5381 0.0000
vt 0.5217 0.5321 0.0000
vt 0.5276 0.5633 0.0000
vt 0.5201 0.5667 0.0000
vt 0.0388 0.4743 0.0000
vt 0.0459 0.4762 0.0000
vt 0.0522 0.4774 0.0000
vt 0.5175 0.5528 0.0000
vt 0.5248 0.5484 0.0000
vt 0.5127 0.5702 0.0000
vt 0.5106 0.5576 0.0000
vt 0.5370 0.5986 0.0000
vt 0.5292 0.6018 0.0000
vt 0.5242 0.5833 0.0000
vt 0.5318 0.5802 0.0000
vt 0.5211 0.6051 0.0000
vt 0.5165 0.5864 0.0000
vt 0.5509 0.6383 0.0000
vt 0.5412 0.6423 0.0000
vt 0.5345 0.6218 0.0000
vt 0.5433 0.6182 0.0000
vt 0.5315 0.6462 0.0000
vt 0.5257 0.6254 0.0000
vt 0.5722 0.6796 0.0000
vt 0.5614 0.6829 0.0000
vt 0.5500 0.6625 0.0000
vt 0.5602 0.6583 0.0000
vt 0.5508 0.6863 0.0000
vt 0.5400 0.6667 0.0000
vt 0.5758 0.7040 0.0000
vt 0.5879 0.7035 0.0000
vt 0.5640 0.7046 0.0000
vt 0.8142 0.7765 0.0000
vt 0.8141 0.7769 0.0000
vt 0.8157 0.7740 0.0000
vt 0.8171 0.7756 0.0000
vt 0.8155 0.7781 0.0000
vt 0.8153 0.7785 0.0000
vt 0.8197 0.7682 0.0000
vt 0.8251 0.7609 0.0000
vt 0.8272 0.7619 0.0000
vt 0.8213 0.7694 0.0000
vt 0.0685 0.2778 0.0000
vt 0.8311 0.7538 0.0000
vt 0.8387 0.7444 0.0000
vt 0.8415 0.7458 0.0000
vt 0.8336 0.7550 0.0000
vt 0.1224 0.2647 0.0000
vt 0.8486 0.7301 0.0000
vt 0.8602 0.7103 0.0000
vt 0.0059 0.4465 0.0000
vt 0.0318 0.4712 0.0000
vt 0.8633 0.7110 0.0000
vt 0.8516 0.7312 0.0000
vt 0.8724 0.6845 0.0000
vt 0.8836 0.6570 0.0000
vt 0.8867 0.6577 0.0000
vt 0.8756 0.6851 0.0000
vt 0.8918 0.6320 0.0000
vt 0.8983 0.6085 0.0000
vt 0.9017 0.6090 0.0000
vt 0.8950 0.6328 0.0000
vt 0.9044 0.5850 0.0000
vt 0.9091 0.5671 0.0000
vt 0.9129 0.5661 0.0000
vt 0.9080 0.5848 0.0000
vt 0.9111 0.5600 0.0000
vt 0.9115 0.5592 0.0000
vt 0.9154 0.5580 0.0000
vt 0.9150 0.5588 0.0000
vt 0.8805 0.7566 0.0000
vt 0.8905 0.7577 0.0000
vt 0.2132 0.2133 0.0000
vt 0.2130 0.2106 0.0000
vt 0.8881 0.7617 0.0000
vt 0.8780 0.7613 0.0000
vt 0.2127 0.2076 0.0000
vt 0.9005 0.7589 0.0000
vt 0.8981 0.7624 0.0000
vt 0.8984 0.7629 0.0000
vt 0.8884 0.7622 0.0000
vt 0.8783 0.7618 0.0000
vt 0.9012 0.7271 0.0000
vt 0.9107 0.7328 0.0000
vt 0.8991 0.7477 0.0000
vt 0.8893 0.7447 0.0000
vt 0.9202 0.7386 0.0000
vt 0.2015 0.2003 0.0000
vt 0.1999 0.2025 0.0000
vt 0.1984 0.2049 0.0000
vt 0.9089 0.7509 0.0000
vt 0.9237 0.6835 0.0000
vt 0.9328 0.6942 0.0000
vt 0.9225 0.7139 0.0000
vt 0.9131 0.7057 0.0000
vt 0.9419 0.7049 0.0000
vt 0.9318 0.7222 0.0000
vt 0.9376 0.6449 0.0000
vt 0.9457 0.6605 0.0000
vt 0.9403 0.6769 0.0000
vt 0.9315 0.6638 0.0000
vt 0.9539 0.6760 0.0000
vt 0.2125 0.2042 0.0000
vt 0.9490 0.6899 0.0000
vt 0.9466 0.6102 0.0000
vt 0.9532 0.6306 0.0000
vt 0.9501 0.6437 0.0000
vt 0.2133 0.2160 0.0000
vt 0.9428 0.6254 0.0000
vt 0.9598 0.6510 0.0000
vt 0.2032 0.1983 0.0000
vt 0.1968 0.2072 0.0000
vt 0.9574 0.6618 0.0000
vt 0.9490 0.6036 0.0000
vt 0.9555 0.6249 0.0000
vt 0.9550 0.6255 0.0000
vt 0.9485 0.6042 0.0000
vt 0.9620 0.6461 0.0000
vt 0.9614 0.6466 0.0000
vt 0.8203 0.7793 0.0000
vt 0.8231 0.7819 0.0000
vt 0.8214 0.7852 0.0000
vt 0.8186 0.7822 0.0000
vt 0.8214 0.7858 0.0000
vt 0.8185 0.7826 0.0000
vt 0.8318 0.7643 0.0000
vt 0.2098 0.1969 0.0000
vt 0.8353 0.7663 0.0000
vt 0.8281 0.7745 0.0000
vt 0.8251 0.7723 0.0000
vt 0.8477 0.7493 0.0000
vt 0.0570 0.4783 0.0000
vt 0.8526 0.7523 0.0000
vt 0.8433 0.7606 0.0000
vt 0.8391 0.7580 0.0000
vt 0.8703 0.7127 0.0000
vt 0.8758 0.7141 0.0000
vt 0.8637 0.7362 0.0000
vt 0.8584 0.7339 0.0000
vt 0.8828 0.7167 0.0000
vt 0.8706 0.7390 0.0000
vt 0.8937 0.6592 0.0000
vt 0.8992 0.6604 0.0000
vt 0.8881 0.6877 0.0000
vt 0.8826 0.6866 0.0000
vt 0.9061 0.6642 0.0000
vt 0.8951 0.6907 0.0000
vt 0.9091 0.6105 0.0000
vt 0.9147 0.6119 0.0000
vt 0.9077 0.6358 0.0000
vt 0.9021 0.6345 0.0000
vt 0.3215 0.2181 0.0000
vt 0.9216 0.6171 0.0000
vt 0.9146 0.6403 0.0000
vt 0.9210 0.5657 0.0000
vt 0.9268 0.5671 0.0000
vt 0.9216 0.5868 0.0000
vt 0.9158 0.5854 0.0000
vt 0.9332 0.5737 0.0000
vt 0.9282 0.5928 0.0000
vt 0.9237 0.5572 0.0000
vt 0.9294 0.5586 0.0000
vt 0.9290 0.5594 0.0000
vt 0.9233 0.5580 0.0000
vt 0.4241 0.4423 0.0000
vt 0.9358 0.5655 0.0000
vt 0.9354 0.5663 0.0000
vt 0.4287 0.5012 0.0000
vt 0.9104 0.7602 0.0000
vt 0.9081 0.7630 0.0000
vt 0.9084 0.7636 0.0000
vt 0.4291 0.4979 0.0000
vt 0.8683 0.7617 0.0000
vt 0.8680 0.7612 0.0000
vt 0.8706 0.7559 0.0000
vt 0.9297 0.7443 0.0000
vt 0.9186 0.7541 0.0000
vt 0.8795 0.7418 0.0000
vt 0.8916 0.7214 0.0000
vt 0.9509 0.7156 0.0000
vt 0.9411 0.7304 0.0000
vt 0.9037 0.6973 0.0000
vt 0.4708 0.5886 0.0000
vt 0.4693 0.5790 0.0000
vt 0.4706 0.5770 0.0000
vt 0.9145 0.6727 0.0000
vt 0.9620 0.6914 0.0000
vt 0.9576 0.7029 0.0000
vt 0.9227 0.6506 0.0000
vt 0.9294 0.6293 0.0000
vt 0.9664 0.6712 0.0000
vt 0.9647 0.6799 0.0000
vt 0.4244 0.4697 0.0000
vt 0.4233 0.4700 0.0000
vt 0.4223 0.4704 0.0000
vt 0.9354 0.6071 0.0000
vt 0.9399 0.5897 0.0000
vt 0.9685 0.6672 0.0000
vt 0.9679 0.6677 0.0000
vt 0.9419 0.5829 0.0000
vt 0.9424 0.5822 0.0000
vt 0.6985 0.7825 0.0000
vt 0.6949 0.7847 0.0000
vt 0.6920 0.7798 0.0000
vt 0.6959 0.7773 0.0000
vt 0.6875 0.7735 0.0000
vt 0.6916 0.7707 0.0000
vt 0.7042 0.8014 0.0000
vt 0.7025 0.8015 0.0000
vt 0.7026 0.8012 0.0000
vt 0.4729 0.5697 0.0000
vt 0.4739 0.5634 0.0000
vt 0.7042 0.8011 0.0000
vt 0.7006 0.8011 0.0000
vt 0.4749 0.5557 0.0000
vt 0.7009 0.8008 0.0000
vt 0.7011 0.8000 0.0000
vt 0.4697 0.5252 0.0000
vt 0.7025 0.8001 0.0000
vt 0.7040 0.7998 0.0000
vt 0.5506 0.5276 0.0000
vt 0.4718 0.5241 0.0000
vt 0.5443 0.5287 0.0000
vt 0.5430 0.5237 0.0000
vt 0.5494 0.5225 0.0000
vt 0.5372 0.5306 0.0000
vt 0.5360 0.5256 0.0000
vt 0.5356 0.5247 0.0000
vt 0.5426 0.5227 0.0000
vt 0.5490 0.5215 0.0000
vt 0.4772 0.5394 0.0000
vt 0.4777 0.5345 0.0000
vt 0.4778 0.5311 0.0000
vt 0.5560 0.5547 0.0000
vt 0.5498 0.5557 0.0000
vt 0.4261 0.4867 0.0000
vt 0.5465 0.5402 0.0000
vt 0.5528 0.5391 0.0000
vt 0.5426 0.5574 0.0000
vt 0.4226 0.4752 0.0000
vt 0.5394 0.5420 0.0000
vt 0.5662 0.5900 0.0000
vt 0.5600 0.5910 0.0000
vt 0.5541 0.5728 0.0000
vt 0.5603 0.5718 0.0000
vt 0.4352 0.4815 0.0000
vt 0.4288 0.4725 0.0000
vt 0.5527 0.5926 0.0000
vt 0.5469 0.5744 0.0000
vt 0.5838 0.6281 0.0000
vt 0.5776 0.6291 0.0000
vt 0.4738 0.5229 0.0000
vt 0.5681 0.6098 0.0000
vt 0.5742 0.6088 0.0000
vt 0.4780 0.5277 0.0000
vt 0.5698 0.6310 0.0000
vt 0.5605 0.6116 0.0000
vt 0.6073 0.6700 0.0000
vt 0.4257 0.4695 0.0000
vt 0.4218 0.4710 0.0000
vt 0.6010 0.6714 0.0000
vt 0.5878 0.6486 0.0000
vt 0.5940 0.6477 0.0000
vt 0.5929 0.6734 0.0000
vt 0.5800 0.6506 0.0000
vt 0.6455 0.7241 0.0000
vt 0.6392 0.7274 0.0000
vt 0.6194 0.7003 0.0000
vt 0.6258 0.6979 0.0000
vt 0.6108 0.7024 0.0000
vt 0.6753 0.7539 0.0000
vt 0.6710 0.7561 0.0000
vt 0.4761 0.5471 0.0000
vt 0.6568 0.7447 0.0000
vt 0.6620 0.7418 0.0000
vt 0.4718 0.5741 0.0000
vt 0.6809 0.7657 0.0000
vt 0.6849 0.7632 0.0000
vt 0.9644 0.0192 0.0000
vt 0.9698 0.0239 0.0000
vt 0.9677 0.0259 0.0000
vt 0.9628 0.0221 0.0000
vt 0.9716 0.0274 0.0000
vt 0.9708 0.0292 0.0000
vt 0.9679 0.0307 0.0000
vt 0.9650 0.0287 0.0000
vt 0.9604 0.0255 0.0000
vt 0.9564 0.0469 0.0000
vt 0.5648 0.7204 0.0000
vt 0.5649 0.7200 0.0000
vt 0.9492 0.0499 0.0000
vt 0.5618 0.7160 0.0000
vt 0.6141 0.7254 0.0000
vt 0.6186 0.7332 0.0000
vt 0.6185 0.7335 0.0000
vt 0.9463 0.0468 0.0000
vt 0.5039 0.5557 0.0000
vt 0.5032 0.5528 0.0000
vt 0.5028 0.5522 0.0000
vt 0.5286 0.5277 0.0000
vt 0.5289 0.5286 0.0000
vt 0.5301 0.5335 0.0000
vt 0.5056 0.5736 0.0000
vt 0.5043 0.5625 0.0000
vt 0.1779 0.9649 0.0000
vt 0.1826 0.9710 0.0000
vt 0.1863 0.9756 0.0000
vt 0.5321 0.5447 0.0000
vt 0.2953 0.9696 0.0000
vt 0.5352 0.5600 0.0000
vt 0.5127 0.6083 0.0000
vt 0.2873 0.9770 0.0000
vt 0.5087 0.5893 0.0000
vt 0.5394 0.5770 0.0000
vt 0.5450 0.5954 0.0000
vt 0.2792 0.9836 0.0000
vt 0.5221 0.6500 0.0000
vt 0.5167 0.6288 0.0000
vt 0.5521 0.6146 0.0000
vt 0.5607 0.6343 0.0000
vt 0.5405 0.6895 0.0000
vt 0.5302 0.6706 0.0000
vt 0.5564 0.0391 0.0000
vt 0.5534 0.0425 0.0000
vt 0.5705 0.6540 0.0000
vt 0.5577 0.0329 0.0000
vt 0.5599 0.0343 0.0000
vt 0.5627 0.0361 0.0000
vt 0.5593 0.0404 0.0000
vt 0.5564 0.0434 0.0000
vt 0.5642 0.0451 0.0000
vt 0.5661 0.0428 0.0000
vt 0.5689 0.0436 0.0000
vt 0.5674 0.0454 0.0000
vt 0.0811 0.8222 0.0000
vt 0.5830 0.6762 0.0000
vt 0.0873 0.8325 0.0000
vt 0.5524 0.7052 0.0000
vt 0.5999 0.7032 0.0000
vt 0.7088 0.7849 0.0000
vt 0.7086 0.7876 0.0000
vt 0.7084 0.7875 0.0000
vt 0.3961 0.8060 0.0000
vt 0.7086 0.7847 0.0000
vt 0.7083 0.7906 0.0000
vt 0.7081 0.7906 0.0000
vt 0.7075 0.7908 0.0000
vt 0.7077 0.7877 0.0000
vt 0.7079 0.7847 0.0000
vt 0.6954 0.7920 0.0000
vt 0.6969 0.7944 0.0000
vt 0.6958 0.7953 0.0000
vt 0.6943 0.7929 0.0000
vt 0.6984 0.7967 0.0000
vt 0.6974 0.7975 0.0000
vt 0.6971 0.7978 0.0000
vt 0.4700 0.6020 0.0000
vt 0.6955 0.7956 0.0000
vt 0.6940 0.7932 0.0000
vt 0.0529 0.6127 0.0000
vt 0.7008 0.7885 0.0000
vt 0.0515 0.6300 0.0000
vt 0.7017 0.7913 0.0000
vt 0.6992 0.7929 0.0000
vt 0.6980 0.7903 0.0000
vt 0.7026 0.7942 0.0000
vt 0.7004 0.7955 0.0000
vt 0.7065 0.7883 0.0000
vt 0.7065 0.7854 0.0000
vt 0.7065 0.7915 0.0000
vt 0.2632 0.9948 0.0000
vt 0.7053 0.7924 0.0000
vt 0.7050 0.7892 0.0000
vt 0.2575 0.9981 0.0000
vt 0.7047 0.7864 0.0000
vt 0.7081 0.7939 0.0000
vt 0.7079 0.7939 0.0000
vt 0.7073 0.7942 0.0000
vt 0.7081 0.7818 0.0000
vt 0.7088 0.7819 0.0000
vt 0.7089 0.7822 0.0000
vt 0.7000 0.7988 0.0000
vt 0.5684 0.0398 0.0000
vt 0.5707 0.0413 0.0000
vt 0.5724 0.0424 0.0000
vt 0.5708 0.0443 0.0000
vt 0.5694 0.0453 0.0000
vt 0.5656 0.0380 0.0000
vt 0.5627 0.0417 0.0000
vt 0.5602 0.0443 0.0000
vt 0.5631 0.0248 0.0000
vt 0.5647 0.0250 0.0000
vt 0.5628 0.0291 0.0000
vt 0.2174 0.9897 0.0000
vt 0.9509 0.0439 0.0000
vt 0.6991 0.7995 0.0000
vt 0.2152 0.9925 0.0000
vt 0.9449 0.0512 0.0000
vt 0.6988 0.7998 0.0000
vt 0.6924 0.7909 0.0000
vt 0.6927 0.7906 0.0000
vt 0.6939 0.7897 0.0000
vt 0.7034 0.7973 0.0000
vt 0.7016 0.7980 0.0000
vt 0.6967 0.7879 0.0000
vt 0.6999 0.7859 0.0000
vt 0.7065 0.7950 0.0000
vt 0.7056 0.7960 0.0000
vt 0.7023 0.7846 0.0000
vt 0.1932 0.9838 0.0000
vt 0.1956 0.9865 0.0000
vt 0.7029 0.7873 0.0000
vt 0.3036 0.9611 0.0000
vt 0.7011 0.7810 0.0000
vt 0.7044 0.7835 0.0000
vt 0.1712 0.9564 0.0000
vt 0.6988 0.7756 0.0000
vt 0.6946 0.7690 0.0000
vt 0.7054 0.8012 0.0000
vt 0.7053 0.8009 0.0000
vt 0.7050 0.7995 0.0000
vt 0.5553 0.5267 0.0000
vt 0.5541 0.5216 0.0000
vt 0.5537 0.5206 0.0000
vt 0.5605 0.5539 0.0000
vt 0.5574 0.5383 0.0000
vt 0.5706 0.5893 0.0000
vt 0.5647 0.5711 0.0000
vt 0.5882 0.6274 0.0000
vt 0.5787 0.6081 0.0000
vt 0.6118 0.6691 0.0000
vt 0.5985 0.6469 0.0000
vt 0.6500 0.7219 0.0000
vt 0.6305 0.6962 0.0000
vt 0.6784 0.7523 0.0000
vt 0.6659 0.7398 0.0000
vt 0.6878 0.7616 0.0000
vt 0.0503 0.6451 0.0000
vt 0.7041 0.7932 0.0000
vt 0.7035 0.7902 0.0000
vt 0.7046 0.7966 0.0000
vt 0.7065 0.7825 0.0000
vt 0.0932 0.8412 0.0000
vt 0.8184 0.7772 0.0000
vt 0.8167 0.7799 0.0000
vt 0.8166 0.7803 0.0000
vt 0.8293 0.7629 0.0000
vt 0.8230 0.7707 0.0000
vt 0.8442 0.7473 0.0000
vt 0.8361 0.7563 0.0000
vt 0.8664 0.7118 0.0000
vt 0.8547 0.7324 0.0000
vt 0.8899 0.6584 0.0000
vt 0.8787 0.6858 0.0000
vt 0.9050 0.6096 0.0000
vt 0.8982 0.6336 0.0000
vt 0.9166 0.5655 0.0000
vt 0.9116 0.5848 0.0000
vt 0.9192 0.5572 0.0000
vt 0.9188 0.5580 0.0000
vt 0.9229 0.4969 0.0000
vt 0.9239 0.4985 0.0000
vt 0.9235 0.4899 0.0000
vt 0.9269 0.4944 0.0000
vt 0.9244 0.5006 0.0000
vt 0.9243 0.5018 0.0000
vt 0.9291 0.4755 0.0000
vt 0.9378 0.4577 0.0000
vt 0.9428 0.4581 0.0000
vt 0.9341 0.4760 0.0000
vt 0.9477 0.4404 0.0000
vt 0.9566 0.4272 0.0000
vt 0.9607 0.4286 0.0000
vt 0.9525 0.4412 0.0000
vt 0.9598 0.4166 0.0000
vt 0.9624 0.4219 0.0000
vt 0.9630 0.4158 0.0000
vt 0.9645 0.4212 0.0000
vt 0.9658 0.4231 0.0000
vt 0.9648 0.4237 0.0000
vt 0.9200 0.5242 0.0000
vt 0.9207 0.5246 0.0000
vt 0.9188 0.5291 0.0000
vt 0.9180 0.5288 0.0000
vt 0.9218 0.5249 0.0000
vt 0.9199 0.5293 0.0000
vt 0.9196 0.5299 0.0000
vt 0.9185 0.5296 0.0000
vt 0.9175 0.5292 0.0000
vt 0.9476 0.4613 0.0000
vt 0.9501 0.4639 0.0000
vt 0.9407 0.4803 0.0000
vt 0.9384 0.4784 0.0000
vt 0.9530 0.4670 0.0000
vt 0.9434 0.4825 0.0000
vt 0.9339 0.4991 0.0000
vt 0.9319 0.4974 0.0000
vt 0.9303 0.4959 0.0000
vt 0.9641 0.4352 0.0000
vt 0.9653 0.4409 0.0000
vt 0.9587 0.4503 0.0000
vt 0.9568 0.4461 0.0000
vt 0.9665 0.4479 0.0000
vt 0.9609 0.4554 0.0000
vt 0.9681 0.4304 0.0000
vt 0.9691 0.4367 0.0000
vt 0.9684 0.4372 0.0000
vt 0.9674 0.4309 0.0000
vt 0.9700 0.4443 0.0000
vt 0.9693 0.4448 0.0000
vt 0.9647 0.4740 0.0000
vt 0.9648 0.4747 0.0000
vt 0.9653 0.4722 0.0000
vt 0.9670 0.4736 0.0000
vt 0.9667 0.4752 0.0000
vt 0.9669 0.4759 0.0000
vt 0.9660 0.4663 0.0000
vt 0.9675 0.4694 0.0000
vt 0.9694 0.4627 0.0000
vt 0.9702 0.4668 0.0000
vt 0.9707 0.4696 0.0000
vt 0.9686 0.4714 0.0000
vt 0.9716 0.4610 0.0000
vt 0.9720 0.4657 0.0000
vt 0.9723 0.4607 0.0000
vt 0.9728 0.4655 0.0000
vt 0.9729 0.4689 0.0000
vt 0.9723 0.4690 0.0000
vt 0.9218 0.5122 0.0000
vt 0.9213 0.5130 0.0000
vt 0.9227 0.5113 0.0000
vt 0.9199 0.5204 0.0000
vt 0.9184 0.5240 0.0000
vt 0.9179 0.5244 0.0000
vt 0.9252 0.5131 0.0000
vt 0.9241 0.5122 0.0000
vt 0.9266 0.5141 0.0000
vt 0.9302 0.5176 0.0000
vt 0.9295 0.5163 0.0000
vt 0.9303 0.5182 0.0000
vt 0.9240 0.5272 0.0000
vt 0.9239 0.5265 0.0000
vt 0.9251 0.5233 0.0000
vt 0.9687 0.4749 0.0000
vt 0.9687 0.4763 0.0000
vt 0.9689 0.4770 0.0000
vt 0.9712 0.4724 0.0000
vt 0.9697 0.4735 0.0000
vt 0.9731 0.4723 0.0000
vt 0.9725 0.4722 0.0000
vt 0.9229 0.5252 0.0000
vt 0.9210 0.5294 0.0000
vt 0.9209 0.5301 0.0000
vt 0.9170 0.5287 0.0000
vt 0.9175 0.5283 0.0000
vt 0.9195 0.5237 0.0000
vt 0.9566 0.4707 0.0000
vt 0.9466 0.4852 0.0000
vt 0.9362 0.5012 0.0000
vt 0.9291 0.4948 0.0000
vt 0.9421 0.0496 0.0000
vt 0.9387 0.0468 0.0000
vt 0.9424 0.0436 0.0000
vt 0.9462 0.0402 0.0000
vt 0.9577 0.0185 0.0000
vt 0.9582 0.0159 0.0000
vt 0.9561 0.0218 0.0000
vt 0.9536 0.0197 0.0000
vt 0.9539 0.0165 0.0000
vt 0.9367 0.4770 0.0000
vt 0.9456 0.4594 0.0000
vt 0.9549 0.0152 0.0000
vt 0.9681 0.4557 0.0000
vt 0.9636 0.4612 0.0000
vt 0.1900 0.9801 0.0000
vt 0.9552 0.4431 0.0000
vt 0.9629 0.4312 0.0000
vt 0.9713 0.4530 0.0000
vt 0.2708 0.9898 0.0000
vt 0.9705 0.4534 0.0000
vt 0.9663 0.4266 0.0000
vt 0.5611 0.0275 0.0000
vt 0.9670 0.4261 0.0000
vt 0.5668 0.0274 0.0000
vt 0.5652 0.0313 0.0000
vt 0.5715 0.0338 0.0000
vt 0.9281 0.5151 0.0000
vt 0.9233 0.5114 0.0000
vt 0.5366 0.0902 0.0000
vt 0.5396 0.1075 0.0000
vt 0.5385 0.1079 0.0000
vt 0.5348 0.0907 0.0000
vt 0.5420 0.1248 0.0000
vt 0.7389 0.0355 0.0000
vt 0.7223 0.0373 0.0000
vt 0.5406 0.1250 0.0000
vt 0.7196 0.0308 0.0000
vt 0.7294 0.0301 0.0000
vt 0.7077 0.0379 0.0000
vt 0.7077 0.0316 0.0000
vt 0.7066 0.0267 0.0000
vt 0.5331 0.0847 0.0000
vt 0.5347 0.0844 0.0000
vt 0.5421 0.1304 0.0000
vt 0.5413 0.1302 0.0000
vt 0.5464 0.0837 0.0000
vt 0.5526 0.0806 0.0000
vt 0.5535 0.1073 0.0000
vt 0.5480 0.1073 0.0000
vt 0.5590 0.0778 0.0000
vt 0.5592 0.1074 0.0000
vt 0.7156 0.0254 0.0000
vt 0.7230 0.0244 0.0000
vt 0.5593 0.1370 0.0000
vt 0.5543 0.1340 0.0000
vt 0.6960 0.0384 0.0000
vt 0.5494 0.1307 0.0000
vt 0.6980 0.0322 0.0000
vt 0.6873 0.0387 0.0000
vt 0.6906 0.0326 0.0000
vt 0.6928 0.0281 0.0000
vt 0.6988 0.0275 0.0000
vt 0.6799 0.0377 0.0000
vt 0.5520 0.0716 0.0000
vt 0.5587 0.0679 0.0000
vt 0.5455 0.0759 0.0000
vt 0.5544 0.1428 0.0000
vt 0.5497 0.1385 0.0000
vt 0.5592 0.1467 0.0000
vt 0.5718 0.0734 0.0000
vt 0.5781 0.0719 0.0000
vt 0.5766 0.1074 0.0000
vt 0.5708 0.1074 0.0000
vt 0.5749 0.1429 0.0000
vt 0.5697 0.1413 0.0000
vt 0.5654 0.0754 0.0000
vt 0.5650 0.1074 0.0000
vt 0.5644 0.1394 0.0000
vt 0.6842 0.0317 0.0000
vt 0.6743 0.0350 0.0000
vt 0.5448 0.1272 0.0000
vt 0.5427 0.1074 0.0000
vt 0.6792 0.0292 0.0000
vt 0.5404 0.0875 0.0000
vt 0.5785 0.0600 0.0000
vt 0.6831 0.0248 0.0000
vt 0.6875 0.0273 0.0000
vt 0.7928 0.0300 0.0000
vt 0.7881 0.0333 0.0000
vt 0.7805 0.0259 0.0000
vt 0.7846 0.0226 0.0000
vt 0.7751 0.0274 0.0000
vt 0.7682 0.0210 0.0000
vt 0.7728 0.0194 0.0000
vt 0.5720 0.0620 0.0000
vt 0.5654 0.0647 0.0000
vt 0.5393 0.0808 0.0000
vt 0.5743 0.1546 0.0000
vt 0.2987 0.8627 0.0000
vt 0.2950 0.8779 0.0000
vt 0.2670 0.8768 0.0000
vt 0.2682 0.8615 0.0000
vt 0.2909 0.8941 0.0000
vt 0.2655 0.8931 0.0000
vt 0.2389 0.8920 0.0000
vt 0.2377 0.8756 0.0000
vt 0.2363 0.8603 0.0000
vt 0.3228 0.9270 0.0000
vt 0.3317 0.9129 0.0000
vt 0.3150 0.9265 0.0000
vt 0.3231 0.9118 0.0000
vt 0.3314 0.8957 0.0000
vt 0.3407 0.8974 0.0000
vt 0.3503 0.0201 0.0000
vt 0.3140 0.0090 0.0000
vt 0.3474 0.0257 0.0000
vt 0.3122 0.0151 0.0000
vt 0.2737 0.0085 0.0000
vt 0.2740 0.0022 0.0000
vt 0.1947 0.2104 0.0000
vt 0.1912 0.2148 0.0000
vt 0.1962 0.2115 0.0000
vt 0.1928 0.2159 0.0000
vt 0.1880 0.2221 0.0000
vt 0.1862 0.2210 0.0000
vt 0.2056 0.9903 0.0000
vt 0.2084 0.9908 0.0000
vt 0.2061 0.9881 0.0000
vt 0.2089 0.9884 0.0000
vt 0.2103 0.9884 0.0000
vt 0.2107 0.9907 0.0000
vt 0.3288 0.4291 0.0000
vt 0.3311 0.4495 0.0000
vt 0.2903 0.4458 0.0000
vt 0.2895 0.4251 0.0000
vt 0.3337 0.4686 0.0000
vt 0.2916 0.4654 0.0000
vt 0.2481 0.4623 0.0000
vt 0.2482 0.4423 0.0000
vt 0.2491 0.4214 0.0000
vt 0.4240 0.4993 0.0000
vt 0.4200 0.4889 0.0000
vt 0.4154 0.5062 0.0000
vt 0.4066 0.4904 0.0000
vt 0.4023 0.4745 0.0000
vt 0.4159 0.4742 0.0000
vt 0.0725 0.4887 0.0000
vt 0.0733 0.5049 0.0000
vt 0.0858 0.4811 0.0000
vt 0.0877 0.5014 0.0000
vt 0.0862 0.5211 0.0000
vt 0.0718 0.5223 0.0000
vt 0.3252 0.7403 0.0000
vt 0.3198 0.7614 0.0000
vt 0.2775 0.7606 0.0000
vt 0.2815 0.7403 0.0000
vt 0.3152 0.7817 0.0000
vt 0.2746 0.7803 0.0000
vt 0.2337 0.7788 0.0000
vt 0.2350 0.7592 0.0000
vt 0.2374 0.7393 0.0000
vt 0.3930 0.7847 0.0000
vt 0.4012 0.7646 0.0000
vt 0.3788 0.7841 0.0000
vt 0.3866 0.7637 0.0000
vt 0.3955 0.7421 0.0000
vt 0.4104 0.7431 0.0000
vt 0.0713 0.7716 0.0000
vt 0.0776 0.7905 0.0000
vt 0.0791 0.7722 0.0000
vt 0.0853 0.7906 0.0000
vt 0.0950 0.8075 0.0000
vt 0.0842 0.8065 0.0000
vt 0.3039 0.8377 0.0000
vt 0.3016 0.8494 0.0000
vt 0.2690 0.8482 0.0000
vt 0.2696 0.8364 0.0000
vt 0.2351 0.8468 0.0000
vt 0.2341 0.8350 0.0000
vt 0.3572 0.8670 0.0000
vt 0.3637 0.8538 0.0000
vt 0.3469 0.8646 0.0000
vt 0.3528 0.8515 0.0000
vt 0.3576 0.8399 0.0000
vt 0.3693 0.8418 0.0000
vt 0.1194 0.8613 0.0000
vt 0.1280 0.8748 0.0000
vt 0.1302 0.8577 0.0000
vt 0.1385 0.8717 0.0000
vt 0.1473 0.8886 0.0000
vt 0.1374 0.8906 0.0000
vt 0.1074 0.8446 0.0000
vt 0.1129 0.8519 0.0000
vt 0.1171 0.8422 0.0000
vt 0.1231 0.8487 0.0000
vt 0.3114 0.8001 0.0000
vt 0.2727 0.7986 0.0000
vt 0.3083 0.8156 0.0000
vt 0.2714 0.8142 0.0000
vt 0.2332 0.8127 0.0000
vt 0.2332 0.7970 0.0000
vt 0.3742 0.8308 0.0000
vt 0.3616 0.8295 0.0000
vt 0.3660 0.8179 0.0000
vt 0.3792 0.8185 0.0000
vt 0.0623 0.7276 0.0000
vt 0.0660 0.7500 0.0000
vt 0.0736 0.7280 0.0000
vt 0.0745 0.7514 0.0000
vt 0.5404 0.9229 0.0000
vt 0.5400 0.9133 0.0000
vt 0.5366 0.9498 0.0000
vt 0.5380 0.9497 0.0000
vt 0.5406 0.9231 0.0000
vt 0.5382 0.9499 0.0000
vt 0.5380 0.9766 0.0000
vt 0.5362 0.9863 0.0000
vt 0.5378 0.9765 0.0000
vt 0.4204 0.7210 0.0000
vt 0.4058 0.7201 0.0000
vt 0.4163 0.6973 0.0000
vt 0.4304 0.6983 0.0000
vt 0.0604 0.6594 0.0000
vt 0.0598 0.6726 0.0000
vt 0.0729 0.6596 0.0000
vt 0.0718 0.6719 0.0000
vt 0.0716 0.6861 0.0000
vt 0.0598 0.6875 0.0000
vt 0.3608 0.5729 0.0000
vt 0.3618 0.5910 0.0000
vt 0.3106 0.5885 0.0000
vt 0.3101 0.5703 0.0000
vt 0.3606 0.6100 0.0000
vt 0.3096 0.6081 0.0000
vt 0.2577 0.6059 0.0000
vt 0.2586 0.5860 0.0000
vt 0.2588 0.5676 0.0000
vt 0.4473 0.6525 0.0000
vt 0.4527 0.6336 0.0000
vt 0.4335 0.6504 0.0000
vt 0.4390 0.6309 0.0000
vt 0.4427 0.6131 0.0000
vt 0.4567 0.6166 0.0000
vt 0.0330 0.3053 0.0000
vt 0.0231 0.3235 0.0000
vt 0.0361 0.3063 0.0000
vt 0.0261 0.3247 0.0000
vt 0.0182 0.3456 0.0000
vt 0.0152 0.3444 0.0000
vt 0.3118 0.2874 0.0000
vt 0.3161 0.3129 0.0000
vt 0.2886 0.3118 0.0000
vt 0.2881 0.2864 0.0000
vt 0.3197 0.3400 0.0000
vt 0.2884 0.3387 0.0000
vt 0.2559 0.3373 0.0000
vt 0.2598 0.3107 0.0000
vt 0.2633 0.2855 0.0000
vt 0.4663 0.2719 0.0000
vt 0.4567 0.2594 0.0000
vt 0.4633 0.2751 0.0000
vt 0.4536 0.2621 0.0000
vt 0.4423 0.2500 0.0000
vt 0.4454 0.2479 0.0000
vt 0.3223 0.3642 0.0000
vt 0.2885 0.3624 0.0000
vt 0.3245 0.3865 0.0000
vt 0.2887 0.3841 0.0000
vt 0.2516 0.3816 0.0000
vt 0.2534 0.3605 0.0000
vt 0.4777 0.3134 0.0000
vt 0.4785 0.3011 0.0000
vt 0.4755 0.3151 0.0000
vt 0.4757 0.3056 0.0000
vt 0.4736 0.2960 0.0000
vt 0.4764 0.2917 0.0000
vt 0.0067 0.3869 0.0000
vt 0.0032 0.4061 0.0000
vt 0.0094 0.3878 0.0000
vt 0.0058 0.4070 0.0000
vt 0.0032 0.4225 0.0000
vt 0.0008 0.4216 0.0000
vt 0.0558 0.2831 0.0000
vt 0.0439 0.2919 0.0000
vt 0.0562 0.2853 0.0000
vt 0.0472 0.2924 0.0000
vt 0.2916 0.2210 0.0000
vt 0.2935 0.2296 0.0000
vt 0.2798 0.2283 0.0000
vt 0.2788 0.2196 0.0000
vt 0.2960 0.2368 0.0000
vt 0.2809 0.2359 0.0000
vt 0.2650 0.2350 0.0000
vt 0.2652 0.2272 0.0000
vt 0.2651 0.2184 0.0000
vt 0.4343 0.2404 0.0000
vt 0.4313 0.2420 0.0000
vt 0.4234 0.2386 0.0000
vt 0.4236 0.2365 0.0000
vt 0.0683 0.5581 0.0000
vt 0.0666 0.5766 0.0000
vt 0.0833 0.5584 0.0000
vt 0.0816 0.5773 0.0000
vt 0.0802 0.5964 0.0000
vt 0.0649 0.5952 0.0000
vt 0.3404 0.5019 0.0000
vt 0.3459 0.5193 0.0000
vt 0.3007 0.5165 0.0000
vt 0.2964 0.4990 0.0000
vt 0.3519 0.5372 0.0000
vt 0.3050 0.5344 0.0000
vt 0.2564 0.5316 0.0000
vt 0.2535 0.5136 0.0000
vt 0.2506 0.4961 0.0000
vt 0.4773 0.5251 0.0000
vt 0.4766 0.5235 0.0000
vt 0.4764 0.5257 0.0000
vt 0.4757 0.5247 0.0000
vt 0.4748 0.5242 0.0000
vt 0.4753 0.5230 0.0000
vt 0.2158 0.2056 0.0000
vt 0.2165 0.2150 0.0000
vt 0.2133 0.1935 0.0000
vt 0.2185 0.1936 0.0000
vt 0.2208 0.2062 0.0000
vt 0.2204 0.2181 0.0000
vt 0.2390 0.2177 0.0000
vt 0.2386 0.2067 0.0000
vt 0.2511 0.2070 0.0000
vt 0.2515 0.2179 0.0000
vt 0.2369 0.1946 0.0000
vt 0.2501 0.1952 0.0000
vt 0.2644 0.1959 0.0000
vt 0.2648 0.2076 0.0000
vt 0.3114 0.2231 0.0000
vt 0.3078 0.2107 0.0000
vt 0.3123 0.2102 0.0000
vt 0.3142 0.2195 0.0000
vt 0.3077 0.1981 0.0000
vt 0.3124 0.1983 0.0000
vt 0.3145 0.9386 0.0000
vt 0.3065 0.9487 0.0000
vt 0.2993 0.9479 0.0000
vt 0.3070 0.9380 0.0000
vt 0.2825 0.9253 0.0000
vt 0.2782 0.9369 0.0000
vt 0.2605 0.9362 0.0000
vt 0.2624 0.9245 0.0000
vt 0.2740 0.9469 0.0000
vt 0.2586 0.9463 0.0000
vt 0.2416 0.9457 0.0000
vt 0.2414 0.9355 0.0000
vt 0.2409 0.9236 0.0000
vt 0.1641 0.9214 0.0000
vt 0.1708 0.9335 0.0000
vt 0.1628 0.9336 0.0000
vt 0.1555 0.9218 0.0000
vt 0.1771 0.9437 0.0000
vt 0.1695 0.9439 0.0000
vt 0.1724 0.8565 0.0000
vt 0.1812 0.8734 0.0000
vt 0.1569 0.8725 0.0000
vt 0.1484 0.8583 0.0000
vt 0.1870 0.8900 0.0000
vt 0.1645 0.8892 0.0000
vt 0.2086 0.8745 0.0000
vt 0.2050 0.8590 0.0000
vt 0.2123 0.8910 0.0000
vt 0.2867 0.9104 0.0000
vt 0.3073 0.9112 0.0000
vt 0.3008 0.9260 0.0000
vt 0.3138 0.8950 0.0000
vt 0.2011 0.0068 0.0000
vt 0.1702 0.0156 0.0000
vt 0.2040 0.0126 0.0000
vt 0.1741 0.0214 0.0000
vt 0.1486 0.0321 0.0000
vt 0.1441 0.0262 0.0000
vt 0.2360 0.0019 0.0000
vt 0.2374 0.0080 0.0000
vt 0.3774 0.0331 0.0000
vt 0.3741 0.0386 0.0000
vt 0.3983 0.0464 0.0000
vt 0.3949 0.0518 0.0000
vt 0.2478 0.9967 0.0000
vt 0.2495 0.9976 0.0000
vt 0.2479 0.9942 0.0000
vt 0.2493 0.9954 0.0000
vt 0.2510 0.9960 0.0000
vt 0.2519 0.9977 0.0000
vt 0.2438 0.9942 0.0000
vt 0.2462 0.9956 0.0000
vt 0.2442 0.9924 0.0000
vt 0.2464 0.9931 0.0000
vt 0.2023 0.9892 0.0000
vt 0.2032 0.9873 0.0000
vt 0.1996 0.9872 0.0000
vt 0.2011 0.9863 0.0000
vt 0.1693 0.4152 0.0000
vt 0.1657 0.4355 0.0000
vt 0.1283 0.4326 0.0000
vt 0.1331 0.4132 0.0000
vt 0.1629 0.4551 0.0000
vt 0.1247 0.4512 0.0000
vt 0.0957 0.4482 0.0000
vt 0.0998 0.4305 0.0000
vt 0.1053 0.4119 0.0000
vt 0.2062 0.4388 0.0000
vt 0.2085 0.4180 0.0000
vt 0.2046 0.4589 0.0000
vt 0.3366 0.4855 0.0000
vt 0.3765 0.4887 0.0000
vt 0.3812 0.5048 0.0000
vt 0.3727 0.4721 0.0000
vt 0.1962 0.7565 0.0000
vt 0.1963 0.7354 0.0000
vt 0.1965 0.7770 0.0000
vt 0.1688 0.7757 0.0000
vt 0.1669 0.7550 0.0000
vt 0.1582 0.7316 0.0000
vt 0.3580 0.7626 0.0000
vt 0.3516 0.7831 0.0000
vt 0.3653 0.7411 0.0000
vt 0.1700 0.8323 0.0000
vt 0.1733 0.8436 0.0000
vt 0.1531 0.8403 0.0000
vt 0.1498 0.8311 0.0000
vt 0.1511 0.8472 0.0000
vt 0.1396 0.8425 0.0000
vt 0.1377 0.8373 0.0000
vt 0.1345 0.8301 0.0000
vt 0.2019 0.8455 0.0000
vt 0.1994 0.8336 0.0000
vt 0.3308 0.8506 0.0000
vt 0.3261 0.8638 0.0000
vt 0.3345 0.8389 0.0000
vt 0.1965 0.7956 0.0000
vt 0.1966 0.8112 0.0000
vt 0.1625 0.8100 0.0000
vt 0.1684 0.7936 0.0000
vt 0.3060 0.8273 0.0000
vt 0.3378 0.8286 0.0000
vt 0.3413 0.8169 0.0000
vt 0.1110 0.6624 0.0000
vt 0.1118 0.6723 0.0000
vt 0.0900 0.6727 0.0000
vt 0.0931 0.6606 0.0000
vt 0.1115 0.6875 0.0000
vt 0.0897 0.6869 0.0000
vt 0.2547 0.6554 0.0000
vt 0.2404 0.6788 0.0000
vt 0.2027 0.6723 0.0000
vt 0.2051 0.6485 0.0000
vt 0.2466 0.7013 0.0000
vt 0.2001 0.6952 0.0000
vt 0.1614 0.6897 0.0000
vt 0.1625 0.6680 0.0000
vt 0.1549 0.6439 0.0000
vt 0.3319 0.7196 0.0000
vt 0.3739 0.7196 0.0000
vt 0.3385 0.6981 0.0000
vt 0.3829 0.6975 0.0000
vt 0.1620 0.5626 0.0000
vt 0.1614 0.5813 0.0000
vt 0.1164 0.5790 0.0000
vt 0.1175 0.5602 0.0000
vt 0.1604 0.6006 0.0000
vt 0.1152 0.5982 0.0000
vt 0.2088 0.5836 0.0000
vt 0.2092 0.5651 0.0000
vt 0.2079 0.6033 0.0000
vt 0.3521 0.6542 0.0000
vt 0.3577 0.6305 0.0000
vt 0.4040 0.6307 0.0000
vt 0.3988 0.6512 0.0000
vt 0.4074 0.6116 0.0000
vt 0.2150 0.2836 0.0000
vt 0.2037 0.3085 0.0000
vt 0.1791 0.3075 0.0000
vt 0.1940 0.2827 0.0000
vt 0.1924 0.3346 0.0000
vt 0.1644 0.3333 0.0000
vt 0.1431 0.3324 0.0000
vt 0.1604 0.3068 0.0000
vt 0.1780 0.2821 0.0000
vt 0.2311 0.3095 0.0000
vt 0.2385 0.2845 0.0000
vt 0.2234 0.3359 0.0000
vt 0.3412 0.3139 0.0000
vt 0.3483 0.3413 0.0000
vt 0.3332 0.2882 0.0000
vt 0.3494 0.2888 0.0000
vt 0.3602 0.3146 0.0000
vt 0.3700 0.3422 0.0000
vt 0.1847 0.3569 0.0000
vt 0.1541 0.3552 0.0000
vt 0.1790 0.3769 0.0000
vt 0.1463 0.3749 0.0000
vt 0.1214 0.3735 0.0000
vt 0.1308 0.3540 0.0000
vt 0.2183 0.3587 0.0000
vt 0.2146 0.3792 0.0000
vt 0.3266 0.4082 0.0000
vt 0.3617 0.4115 0.0000
vt 0.3655 0.4332 0.0000
vt 0.3577 0.3889 0.0000
vt 0.3829 0.3907 0.0000
vt 0.3884 0.4139 0.0000
vt 0.3972 0.4372 0.0000
vt 0.2375 0.2263 0.0000
vt 0.2270 0.2262 0.0000
vt 0.2288 0.2177 0.0000
vt 0.2349 0.2338 0.0000
vt 0.2234 0.2334 0.0000
vt 0.2150 0.2332 0.0000
vt 0.2190 0.2261 0.0000
vt 0.2507 0.2266 0.0000
vt 0.2492 0.2343 0.0000
vt 0.3067 0.2681 0.0000
vt 0.3252 0.2689 0.0000
vt 0.3019 0.2542 0.0000
vt 0.3182 0.2548 0.0000
vt 0.3306 0.2553 0.0000
vt 0.3393 0.2694 0.0000
vt 0.1601 0.4895 0.0000
vt 0.1606 0.5075 0.0000
vt 0.1192 0.5037 0.0000
vt 0.1201 0.4849 0.0000
vt 0.1615 0.5260 0.0000
vt 0.1188 0.5231 0.0000
vt 0.2061 0.5107 0.0000
vt 0.2044 0.4930 0.0000
vt 0.2080 0.5288 0.0000
vt 0.3571 0.5550 0.0000
vt 0.4027 0.5575 0.0000
vt 0.4082 0.5753 0.0000
vt 0.3951 0.5398 0.0000
vt 0.4276 0.5416 0.0000
vt 0.4370 0.5593 0.0000
vt 0.4497 0.5775 0.0000
vt 0.2903 0.2097 0.0000
vt 0.3003 0.2105 0.0000
vt 0.3024 0.2221 0.0000
vt 0.2902 0.1974 0.0000
vt 0.3002 0.1979 0.0000
vt 0.2782 0.2086 0.0000
vt 0.2780 0.1967 0.0000
vt 0.2332 0.1705 0.0000
vt 0.2349 0.1826 0.0000
vt 0.2232 0.1817 0.0000
vt 0.2203 0.1696 0.0000
vt 0.2264 0.1940 0.0000
vt 0.2144 0.1812 0.0000
vt 0.2079 0.1682 0.0000
vt 0.1972 0.9220 0.0000
vt 0.2011 0.9340 0.0000
vt 0.1839 0.9337 0.0000
vt 0.1784 0.9217 0.0000
vt 0.2047 0.9443 0.0000
vt 0.1890 0.9439 0.0000
vt 0.2209 0.9347 0.0000
vt 0.2186 0.9228 0.0000
vt 0.2229 0.9449 0.0000
vt 0.2660 0.9657 0.0000
vt 0.2699 0.9569 0.0000
vt 0.2823 0.9574 0.0000
vt 0.2766 0.9662 0.0000
vt 0.2882 0.9475 0.0000
vt 0.2921 0.9578 0.0000
vt 0.2852 0.9667 0.0000
vt 0.1696 0.2392 0.0000
vt 0.1542 0.2499 0.0000
vt 0.1714 0.2401 0.0000
vt 0.1562 0.2510 0.0000
vt 0.1351 0.2661 0.0000
vt 0.1373 0.2592 0.0000
vt 0.2935 0.4826 0.0000
vt 0.2488 0.4796 0.0000
vt 0.4117 0.4578 0.0000
vt 0.3982 0.4566 0.0000
vt 0.4091 0.4445 0.0000
vt 0.0701 0.5400 0.0000
vt 0.0848 0.5399 0.0000
vt 0.0102 0.3659 0.0000
vt 0.0131 0.3670 0.0000
vt 0.2890 0.4048 0.0000
vt 0.2502 0.4015 0.0000
vt 0.4726 0.2823 0.0000
vt 0.4697 0.2861 0.0000
vt 0.0005 0.4315 0.0000
vt 0.0027 0.4325 0.0000
vt 0.0038 0.4382 0.0000
vt 0.0023 0.4387 0.0000
vt 0.2648 0.2526 0.0000
vt 0.2838 0.2534 0.0000
vt 0.2861 0.2673 0.0000
vt 0.2646 0.2665 0.0000
vt 0.3632 0.2364 0.0000
vt 0.3537 0.2339 0.0000
vt 0.3637 0.2414 0.0000
vt 0.3520 0.2353 0.0000
vt 0.3433 0.2301 0.0000
vt 0.3449 0.2288 0.0000
vt 0.3082 0.5523 0.0000
vt 0.2581 0.5496 0.0000
vt 0.4650 0.5227 0.0000
vt 0.4553 0.5106 0.0000
vt 0.4657 0.5267 0.0000
vt 0.4541 0.5122 0.0000
vt 0.4431 0.4967 0.0000
vt 0.4441 0.4952 0.0000
vt 0.2089 0.1817 0.0000
vt 0.2026 0.1719 0.0000
vt 0.2491 0.1835 0.0000
vt 0.2641 0.1843 0.0000
vt 0.2482 0.1714 0.0000
vt 0.2641 0.1722 0.0000
vt 0.3164 0.1874 0.0000
vt 0.3117 0.1865 0.0000
vt 0.3198 0.1751 0.0000
vt 0.3229 0.1788 0.0000
vt 0.1219 0.4680 0.0000
vt 0.0924 0.4645 0.0000
vt 0.1610 0.4726 0.0000
vt 0.2039 0.4764 0.0000
vt 0.3692 0.4535 0.0000
vt 0.1392 0.3941 0.0000
vt 0.1127 0.3928 0.0000
vt 0.1738 0.3960 0.0000
vt 0.2113 0.3986 0.0000
vt 0.3535 0.3659 0.0000
vt 0.3771 0.3672 0.0000
vt 0.2008 0.2501 0.0000
vt 0.2125 0.2506 0.0000
vt 0.2047 0.2641 0.0000
vt 0.1910 0.2636 0.0000
vt 0.2280 0.2512 0.0000
vt 0.2227 0.2649 0.0000
vt 0.2458 0.2519 0.0000
vt 0.2431 0.2657 0.0000
vt 0.3132 0.2451 0.0000
vt 0.3243 0.2456 0.0000
vt 0.2985 0.2444 0.0000
vt 0.3093 0.2377 0.0000
vt 0.3193 0.2383 0.0000
vt 0.1183 0.5418 0.0000
vt 0.1620 0.5443 0.0000
vt 0.2090 0.5469 0.0000
vt 0.3877 0.5220 0.0000
vt 0.4192 0.5239 0.0000
vt 0.3031 0.1860 0.0000
vt 0.2916 0.1857 0.0000
vt 0.2940 0.1741 0.0000
vt 0.3073 0.1749 0.0000
vt 0.2785 0.1850 0.0000
vt 0.2795 0.1732 0.0000
vt 0.2284 0.2065 0.0000
vt 0.2915 0.7052 0.0000
vt 0.2867 0.7207 0.0000
vt 0.2410 0.7203 0.0000
vt 0.4396 0.6747 0.0000
vt 0.4257 0.6733 0.0000
vt 0.0604 0.7063 0.0000
vt 0.0718 0.7047 0.0000
vt 0.0898 0.7050 0.0000
vt 0.1115 0.7056 0.0000
vt 0.1119 0.7227 0.0000
vt 0.0919 0.7230 0.0000
vt 0.1978 0.7157 0.0000
vt 0.1607 0.7101 0.0000
vt 0.3915 0.6741 0.0000
vt 0.3558 0.6762 0.0000
vt 0.2640 0.9095 0.0000
vt 0.2401 0.9086 0.0000
vt 0.3494 0.8818 0.0000
vt 0.3395 0.8796 0.0000
vt 0.1469 0.9069 0.0000
vt 0.1561 0.9058 0.0000
vt 0.1718 0.9062 0.0000
vt 0.1924 0.9068 0.0000
vt 0.2157 0.9076 0.0000
vt 0.3203 0.8789 0.0000
vt 0.1034 0.0524 0.0000
vt 0.1027 0.0611 0.0000
vt 0.1100 0.0458 0.0000
vt 0.1139 0.0516 0.0000
vt 0.1073 0.0576 0.0000
vt 0.1061 0.0636 0.0000
vt 0.2077 0.1567 0.0000
vt 0.2189 0.1576 0.0000
vt 0.2080 0.1468 0.0000
vt 0.2187 0.1466 0.0000
vt 0.2318 0.1458 0.0000
vt 0.2323 0.1579 0.0000
vt 0.2479 0.1583 0.0000
vt 0.2478 0.1457 0.0000
vt 0.2653 0.1464 0.0000
vt 0.2646 0.1592 0.0000
vt 0.2810 0.1606 0.0000
vt 0.2828 0.1483 0.0000
vt 0.2995 0.1511 0.0000
vt 0.2967 0.1624 0.0000
vt 0.3111 0.1644 0.0000
vt 0.3145 0.1545 0.0000
vt 0.3271 0.1567 0.0000
vt 0.3237 0.1653 0.0000
vt 0.4337 0.0885 0.0000
vt 0.4321 0.0816 0.0000
vt 0.4368 0.0774 0.0000
vt 0.4381 0.0873 0.0000
vt 0.4250 0.0735 0.0000
vt 0.4293 0.0685 0.0000
vt 0.1238 0.0367 0.0000
vt 0.1281 0.0426 0.0000
vt 0.2189 0.1373 0.0000
vt 0.2315 0.1354 0.0000
vt 0.2092 0.1383 0.0000
vt 0.2112 0.1320 0.0000
vt 0.2183 0.1294 0.0000
vt 0.2307 0.1266 0.0000
vt 0.2477 0.1347 0.0000
vt 0.2660 0.1354 0.0000
vt 0.2473 0.1256 0.0000
vt 0.2665 0.1262 0.0000
vt 0.2849 0.1375 0.0000
vt 0.3026 0.1408 0.0000
vt 0.2870 0.1284 0.0000
vt 0.3058 0.1321 0.0000
vt 0.3173 0.1453 0.0000
vt 0.3290 0.1484 0.0000
vt 0.3204 0.1375 0.0000
vt 0.3285 0.1417 0.0000
vt 0.4161 0.0582 0.0000
vt 0.4123 0.0635 0.0000
vt 0.1797 0.2293 0.0000
vt 0.1814 0.2303 0.0000
vt 0.2821 0.2436 0.0000
vt 0.2649 0.2428 0.0000
vt 0.2187 0.2410 0.0000
vt 0.2088 0.2406 0.0000
vt 0.2319 0.2415 0.0000
vt 0.2477 0.2421 0.0000
vt 0.3371 0.2201 0.0000
vt 0.3357 0.2217 0.0000
vt 0.3313 0.2165 0.0000
vt 0.3307 0.2132 0.0000
vt 0.3055 0.2306 0.0000
vt 0.3146 0.2312 0.0000
vt 0.1945 0.1655 0.0000
vt 0.1847 0.1600 0.0000
vt 0.1872 0.1566 0.0000
vt 0.1971 0.1618 0.0000
vt 0.1984 0.1544 0.0000
vt 0.1890 0.1497 0.0000
vt 0.1912 0.1407 0.0000
vt 0.1994 0.1451 0.0000
vt 0.2017 0.1362 0.0000
vt 0.1947 0.1309 0.0000
vt 0.2010 0.1218 0.0000
vt 0.2066 0.1284 0.0000
vt 0.2156 0.1227 0.0000
vt 0.2116 0.1151 0.0000
vt 0.2263 0.1110 0.0000
vt 0.2288 0.1192 0.0000
vt 0.2463 0.1181 0.0000
vt 0.2452 0.1099 0.0000
vt 0.2671 0.1109 0.0000
vt 0.2668 0.1189 0.0000
vt 0.2888 0.1212 0.0000
vt 0.2908 0.1134 0.0000
vt 0.3129 0.1179 0.0000
vt 0.3092 0.1253 0.0000
vt 0.3248 0.1314 0.0000
vt 0.3299 0.1248 0.0000
vt 0.3410 0.1333 0.0000
vt 0.3346 0.1390 0.0000
vt 0.3377 0.1475 0.0000
vt 0.3452 0.1427 0.0000
vt 0.3450 0.1521 0.0000
vt 0.3366 0.1561 0.0000
vt 0.3334 0.1641 0.0000
vt 0.3427 0.1604 0.0000
vt 0.3405 0.1670 0.0000
vt 0.3307 0.1706 0.0000
vt 0.3306 0.1742 0.0000
vt 0.3403 0.1709 0.0000
vt 0.1630 0.1398 0.0000
vt 0.1610 0.1444 0.0000
vt 0.1479 0.1345 0.0000
vt 0.1500 0.1297 0.0000
vt 0.1350 0.1229 0.0000
vt 0.1374 0.1182 0.0000
vt 0.1707 0.1227 0.0000
vt 0.1660 0.1323 0.0000
vt 0.1539 0.1218 0.0000
vt 0.1601 0.1117 0.0000
vt 0.1421 0.1102 0.0000
vt 0.1496 0.1001 0.0000
vt 0.1880 0.1007 0.0000
vt 0.1777 0.1114 0.0000
vt 0.1690 0.1002 0.0000
vt 0.1813 0.0891 0.0000
vt 0.1602 0.0886 0.0000
vt 0.1745 0.0774 0.0000
vt 0.2208 0.0872 0.0000
vt 0.2024 0.0925 0.0000
vt 0.1976 0.0803 0.0000
vt 0.2180 0.0744 0.0000
vt 0.1929 0.0681 0.0000
vt 0.2152 0.0617 0.0000
vt 0.2686 0.0862 0.0000
vt 0.2432 0.0852 0.0000
vt 0.2423 0.0721 0.0000
vt 0.2695 0.0729 0.0000
vt 0.2414 0.0588 0.0000
vt 0.2704 0.0596 0.0000
vt 0.3214 0.0957 0.0000
vt 0.2960 0.0897 0.0000
vt 0.2988 0.0769 0.0000
vt 0.3258 0.0837 0.0000
vt 0.3015 0.0642 0.0000
vt 0.3302 0.0717 0.0000
vt 0.3545 0.1139 0.0000
vt 0.3410 0.1041 0.0000
vt 0.3466 0.0929 0.0000
vt 0.3613 0.1033 0.0000
vt 0.3523 0.0817 0.0000
vt 0.3682 0.0926 0.0000
vt 0.3650 0.1343 0.0000
vt 0.3618 0.1239 0.0000
vt 0.3703 0.1135 0.0000
vt 0.3753 0.1243 0.0000
vt 0.3788 0.1030 0.0000
vt 0.3857 0.1140 0.0000
vt 0.3662 0.1548 0.0000
vt 0.3661 0.1454 0.0000
vt 0.3785 0.1366 0.0000
vt 0.3803 0.1470 0.0000
vt 0.3909 0.1266 0.0000
vt 0.3943 0.1374 0.0000
vt 0.3665 0.1599 0.0000
vt 0.3813 0.1525 0.0000
vt 0.3962 0.1427 0.0000
vt 0.1166 0.0902 0.0000
vt 0.1140 0.0938 0.0000
vt 0.1066 0.0763 0.0000
vt 0.1095 0.0740 0.0000
vt 0.1236 0.1093 0.0000
vt 0.1261 0.1050 0.0000
vt 0.1734 0.1530 0.0000
vt 0.1756 0.1490 0.0000
vt 0.1297 0.0756 0.0000
vt 0.1214 0.0840 0.0000
vt 0.1134 0.0694 0.0000
vt 0.1209 0.0625 0.0000
vt 0.1311 0.0977 0.0000
vt 0.1394 0.0881 0.0000
vt 0.1780 0.1420 0.0000
vt 0.1813 0.1328 0.0000
vt 0.1611 0.0539 0.0000
vt 0.1431 0.0650 0.0000
vt 0.1349 0.0528 0.0000
vt 0.1545 0.0420 0.0000
vt 0.1516 0.0769 0.0000
vt 0.1678 0.0657 0.0000
vt 0.1865 0.1221 0.0000
vt 0.1947 0.1121 0.0000
vt 0.2097 0.0361 0.0000
vt 0.1834 0.0438 0.0000
vt 0.1786 0.0315 0.0000
vt 0.2068 0.0232 0.0000
vt 0.1882 0.0560 0.0000
vt 0.2125 0.0489 0.0000
vt 0.2071 0.1045 0.0000
vt 0.2236 0.0999 0.0000
vt 0.2722 0.0330 0.0000
vt 0.2395 0.0323 0.0000
vt 0.2385 0.0190 0.0000
vt 0.2731 0.0196 0.0000
vt 0.2404 0.0456 0.0000
vt 0.2713 0.0463 0.0000
vt 0.2442 0.0984 0.0000
vt 0.2678 0.0994 0.0000
vt 0.3390 0.0477 0.0000
vt 0.3070 0.0386 0.0000
vt 0.3097 0.0257 0.0000
vt 0.3435 0.0357 0.0000
vt 0.3042 0.0514 0.0000
vt 0.3346 0.0598 0.0000
vt 0.2933 0.1024 0.0000
vt 0.3171 0.1076 0.0000
vt 0.3820 0.0713 0.0000
vt 0.3636 0.0593 0.0000
vt 0.3692 0.0480 0.0000
vt 0.3891 0.0607 0.0000
vt 0.3579 0.0705 0.0000
vt 0.3751 0.0820 0.0000
vt 0.3354 0.1152 0.0000
vt 0.3476 0.1244 0.0000
vt 0.4063 0.0925 0.0000
vt 0.3960 0.0822 0.0000
vt 0.4049 0.0720 0.0000
vt 0.4167 0.0820 0.0000
vt 0.3873 0.0926 0.0000
vt 0.3961 0.1032 0.0000
vt 0.3533 0.1343 0.0000
vt 0.3547 0.1442 0.0000
vt 0.4196 0.1110 0.0000
vt 0.4142 0.1028 0.0000
vt 0.4242 0.0909 0.0000
vt 0.4290 0.0974 0.0000
vt 0.4029 0.1150 0.0000
vt 0.4077 0.1248 0.0000
vt 0.3539 0.1538 0.0000
vt 0.3526 0.1616 0.0000
vt 0.4229 0.1150 0.0000
vt 0.4328 0.1004 0.0000
vt 0.4103 0.1297 0.0000
vt 0.3525 0.1661 0.0000
vt 0.2097 0.2330 0.0000
vt 0.2139 0.2261 0.0000
vt 0.2063 0.2326 0.0000
vt 0.2106 0.2258 0.0000
vt 0.2129 0.2200 0.0000
vt 0.2158 0.2209 0.0000
vt 0.2154 0.2185 0.0000
vt 0.2138 0.2182 0.0000
vt 0.0705 0.4835 0.0000
vt 0.0673 0.4822 0.0000
vt 0.0694 0.4764 0.0000
vt 0.0746 0.4765 0.0000
vt 0.0780 0.4636 0.0000
vt 0.0720 0.4636 0.0000
vt 0.0754 0.4469 0.0000
vt 0.0814 0.4472 0.0000
vt 0.0858 0.4297 0.0000
vt 0.0798 0.4294 0.0000
vt 0.0857 0.4111 0.0000
vt 0.0916 0.4113 0.0000
vt 0.0996 0.3923 0.0000
vt 0.0938 0.3922 0.0000
vt 0.1034 0.3728 0.0000
vt 0.1089 0.3730 0.0000
vt 0.1190 0.3535 0.0000
vt 0.1136 0.3533 0.0000
vt 0.1270 0.3316 0.0000
vt 0.1322 0.3319 0.0000
vt 0.1508 0.3064 0.0000
vt 0.1460 0.3059 0.0000
vt 0.1653 0.2812 0.0000
vt 0.1696 0.2818 0.0000
vt 0.1836 0.2634 0.0000
vt 0.1797 0.2629 0.0000
vt 0.1906 0.2495 0.0000
vt 0.1942 0.2499 0.0000
vt 0.2030 0.2404 0.0000
vt 0.1996 0.2400 0.0000
vt 0.3160 0.2230 0.0000
vt 0.3176 0.2230 0.0000
vt 0.3188 0.2255 0.0000
vt 0.3163 0.2258 0.0000
vt 0.3197 0.2314 0.0000
vt 0.3224 0.2311 0.0000
vt 0.3276 0.2384 0.0000
vt 0.3248 0.2385 0.0000
vt 0.3302 0.2459 0.0000
vt 0.3333 0.2457 0.0000
vt 0.3405 0.2553 0.0000
vt 0.3371 0.2556 0.0000
vt 0.3466 0.2697 0.0000
vt 0.3502 0.2695 0.0000
vt 0.3616 0.2890 0.0000
vt 0.3576 0.2891 0.0000
vt 0.3696 0.3149 0.0000
vt 0.3738 0.3149 0.0000
vt 0.3849 0.3426 0.0000
vt 0.3804 0.3426 0.0000
vt 0.3884 0.3677 0.0000
vt 0.3930 0.3677 0.0000
vt 0.3993 0.3912 0.0000
vt 0.3947 0.3913 0.0000
vt 0.4006 0.4145 0.0000
vt 0.4053 0.4142 0.0000
vt 0.4099 0.4318 0.0000
vt 0.4058 0.4322 0.0000
vt 0.4098 0.4393 0.0000
vt 0.4124 0.4387 0.0000
vt 0.2036 0.2316 0.0000
vt 0.2078 0.2249 0.0000
vt 0.2012 0.2304 0.0000
vt 0.2055 0.2237 0.0000
vt 0.2078 0.2183 0.0000
vt 0.2101 0.2195 0.0000
vt 0.2116 0.2017 0.0000
vt 0.2110 0.2002 0.0000
vt 0.2113 0.1990 0.0000
vt 0.2119 0.2011 0.0000
vt 0.2102 0.1992 0.0000
vt 0.2105 0.1978 0.0000
vt 0.0643 0.4804 0.0000
vt 0.0612 0.4785 0.0000
vt 0.0624 0.4733 0.0000
vt 0.0656 0.4750 0.0000
vt 0.0678 0.4627 0.0000
vt 0.0644 0.4615 0.0000
vt 0.0675 0.4456 0.0000
vt 0.0711 0.4463 0.0000
vt 0.0754 0.4289 0.0000
vt 0.0717 0.4283 0.0000
vt 0.0777 0.4101 0.0000
vt 0.0813 0.4106 0.0000
vt 0.0895 0.3917 0.0000
vt 0.0858 0.3911 0.0000
vt 0.0954 0.3718 0.0000
vt 0.0991 0.3724 0.0000
vt 0.1094 0.3528 0.0000
vt 0.1058 0.3522 0.0000
vt 0.1192 0.3302 0.0000
vt 0.1229 0.3309 0.0000
vt 0.1419 0.3048 0.0000
vt 0.1381 0.3035 0.0000
vt 0.1577 0.2782 0.0000
vt 0.1614 0.2799 0.0000
vt 0.1762 0.2617 0.0000
vt 0.1731 0.2600 0.0000
vt 0.1851 0.2472 0.0000
vt 0.1877 0.2485 0.0000
vt 0.1968 0.2390 0.0000
vt 0.1945 0.2378 0.0000
vt 0.1090 0.2688 0.0000
vt 0.0954 0.2721 0.0000
vt 0.1048 0.2756 0.0000
vt 0.0915 0.2780 0.0000
vt 0.0784 0.2801 0.0000
vt 0.0819 0.2752 0.0000
vt 0.0262 0.4613 0.0000
vt 0.0252 0.4660 0.0000
vt 0.0183 0.4600 0.0000
vt 0.0192 0.4559 0.0000
vt 0.0119 0.4532 0.0000
vt 0.0127 0.4496 0.0000
vt 0.0309 0.4355 0.0000
vt 0.0280 0.4504 0.0000
vt 0.0207 0.4460 0.0000
vt 0.0233 0.4320 0.0000
vt 0.0138 0.4411 0.0000
vt 0.0159 0.4285 0.0000
vt 0.0404 0.4000 0.0000
vt 0.0351 0.4185 0.0000
vt 0.0274 0.4154 0.0000
vt 0.0325 0.3968 0.0000
vt 0.0198 0.4123 0.0000
vt 0.0244 0.3935 0.0000
vt 0.0544 0.3602 0.0000
vt 0.0467 0.3804 0.0000
vt 0.0379 0.3767 0.0000
vt 0.0446 0.3562 0.0000
vt 0.0291 0.3731 0.0000
vt 0.0350 0.3522 0.0000
vt 0.0759 0.3188 0.0000
vt 0.0638 0.3401 0.0000
vt 0.0536 0.3359 0.0000
vt 0.0651 0.3154 0.0000
vt 0.0435 0.3317 0.0000
vt 0.0544 0.3120 0.0000
vt 0.0916 0.2948 0.0000
vt 0.0795 0.2943 0.0000
vt 0.0676 0.2936 0.0000
vt 0.3190 0.2219 0.0000
vt 0.3203 0.2203 0.0000
vt 0.3219 0.2228 0.0000
vt 0.3205 0.2244 0.0000
vt 0.3245 0.2302 0.0000
vt 0.3262 0.2290 0.0000
vt 0.3321 0.2366 0.0000
vt 0.3300 0.2376 0.0000
vt 0.3360 0.2448 0.0000
vt 0.3385 0.2435 0.0000
vt 0.3463 0.2527 0.0000
vt 0.3435 0.2542 0.0000
vt 0.3535 0.2686 0.0000
vt 0.3566 0.2674 0.0000
vt 0.3682 0.2877 0.0000
vt 0.3651 0.2885 0.0000
vt 0.3773 0.3144 0.0000
vt 0.3805 0.3138 0.0000
vt 0.3916 0.3414 0.0000
vt 0.3885 0.3421 0.0000
vt 0.3967 0.3671 0.0000
vt 0.3999 0.3663 0.0000
vt 0.4066 0.3902 0.0000
vt 0.4032 0.3908 0.0000
vt 0.4093 0.4144 0.0000
vt 0.4129 0.4145 0.0000
vt 0.4177 0.4333 0.0000
vt 0.4139 0.4324 0.0000
vt 0.4159 0.4395 0.0000
vt 0.4198 0.4407 0.0000
vt 0.3856 0.2420 0.0000
vt 0.3831 0.2373 0.0000
vt 0.3932 0.2369 0.0000
vt 0.3956 0.2409 0.0000
vt 0.4033 0.2362 0.0000
vt 0.4057 0.2397 0.0000
vt 0.4063 0.2717 0.0000
vt 0.3944 0.2540 0.0000
vt 0.4042 0.2509 0.0000
vt 0.4159 0.2659 0.0000
vt 0.4140 0.2478 0.0000
vt 0.4254 0.2602 0.0000
vt 0.4288 0.3155 0.0000
vt 0.4182 0.2932 0.0000
vt 0.4276 0.2849 0.0000
vt 0.4380 0.3047 0.0000
vt 0.4370 0.2767 0.0000
vt 0.4471 0.2940 0.0000
vt 0.4427 0.3543 0.0000
vt 0.4366 0.3353 0.0000
vt 0.4454 0.3222 0.0000
vt 0.4509 0.3387 0.0000
vt 0.4542 0.3091 0.0000
vt 0.4591 0.3231 0.0000
vt 0.4516 0.3891 0.0000
vt 0.4478 0.3739 0.0000
vt 0.4553 0.3555 0.0000
vt 0.4584 0.3686 0.0000
vt 0.4626 0.3373 0.0000
vt 0.4650 0.3482 0.0000
vt 0.4535 0.3951 0.0000
vt 0.4601 0.3738 0.0000
vt 0.4666 0.3526 0.0000
vt 0.3252 0.2191 0.0000
vt 0.3234 0.2162 0.0000
vt 0.3263 0.2132 0.0000
vt 0.3280 0.2165 0.0000
vt 0.3367 0.2342 0.0000
vt 0.3300 0.2261 0.0000
vt 0.3330 0.2239 0.0000
vt 0.3402 0.2322 0.0000
vt 0.3526 0.2493 0.0000
vt 0.3440 0.2405 0.0000
vt 0.3482 0.2379 0.0000
vt 0.3575 0.2462 0.0000
vt 0.3753 0.2860 0.0000
vt 0.3633 0.2647 0.0000
vt 0.3686 0.2624 0.0000
vt 0.3807 0.2847 0.0000
vt 0.3756 0.2597 0.0000
vt 0.3878 0.2821 0.0000
vt 0.3987 0.3398 0.0000
vt 0.3876 0.3123 0.0000
vt 0.3930 0.3112 0.0000
vt 0.4041 0.3386 0.0000
vt 0.4001 0.3082 0.0000
vt 0.4111 0.3349 0.0000
vt 0.4140 0.3887 0.0000
vt 0.4071 0.3646 0.0000
vt 0.4126 0.3633 0.0000
vt 0.4197 0.3873 0.0000
vt 0.4196 0.3589 0.0000
vt 0.4266 0.3822 0.0000
vt 0.4259 0.4338 0.0000
vt 0.4207 0.4140 0.0000
vt 0.4265 0.4126 0.0000
vt 0.4317 0.4324 0.0000
vt 0.4332 0.4066 0.0000
vt 0.4382 0.4257 0.0000
vt 0.4282 0.4415 0.0000
vt 0.4339 0.4401 0.0000
vt 0.4404 0.4332 0.0000
vt 0.4133 0.2356 0.0000
vt 0.4156 0.2385 0.0000
vt 0.3731 0.2374 0.0000
vt 0.3756 0.2427 0.0000
vt 0.4238 0.2446 0.0000
vt 0.4350 0.2545 0.0000
vt 0.3845 0.2569 0.0000
vt 0.3966 0.2774 0.0000
vt 0.4463 0.2684 0.0000
vt 0.4562 0.2833 0.0000
vt 0.4087 0.3016 0.0000
vt 0.4196 0.3264 0.0000
vt 0.4629 0.2961 0.0000
vt 0.4672 0.3077 0.0000
vt 0.4278 0.3486 0.0000
vt 0.4344 0.3699 0.0000
vt 0.4700 0.3192 0.0000
vt 0.4717 0.3279 0.0000
vt 0.4404 0.3923 0.0000
vt 0.4449 0.4098 0.0000
vt 0.4731 0.3315 0.0000
vt 0.4469 0.4166 0.0000
vt 0.2028 0.2157 0.0000
vt 0.2003 0.2209 0.0000
vt 0.1963 0.2183 0.0000
vt 0.1993 0.2135 0.0000
vt 0.1959 0.2275 0.0000
vt 0.1918 0.2247 0.0000
vt 0.2086 0.1970 0.0000
vt 0.2071 0.1969 0.0000
vt 0.2084 0.1983 0.0000
vt 0.2069 0.1980 0.0000
vt 0.2055 0.1981 0.0000
vt 0.2053 0.1973 0.0000
vt 0.0539 0.4714 0.0000
vt 0.0526 0.4765 0.0000
vt 0.0463 0.4753 0.0000
vt 0.0476 0.4702 0.0000
vt 0.0392 0.4733 0.0000
vt 0.0404 0.4683 0.0000
vt 0.0594 0.4442 0.0000
vt 0.0561 0.4598 0.0000
vt 0.0498 0.4587 0.0000
vt 0.0531 0.4431 0.0000
vt 0.0427 0.4569 0.0000
vt 0.0459 0.4415 0.0000
vt 0.0696 0.4088 0.0000
vt 0.0637 0.4270 0.0000
vt 0.0575 0.4260 0.0000
vt 0.0634 0.4077 0.0000
vt 0.0502 0.4244 0.0000
vt 0.0561 0.4061 0.0000
vt 0.0874 0.3705 0.0000
vt 0.0778 0.3898 0.0000
vt 0.0716 0.3888 0.0000
vt 0.0812 0.3695 0.0000
vt 0.0640 0.3870 0.0000
vt 0.0734 0.3676 0.0000
vt 0.1111 0.3284 0.0000
vt 0.0977 0.3509 0.0000
vt 0.0915 0.3499 0.0000
vt 0.1048 0.3271 0.0000
vt 0.0836 0.3479 0.0000
vt 0.0967 0.3251 0.0000
vt 0.1495 0.2742 0.0000
vt 0.1298 0.3005 0.0000
vt 0.1233 0.2981 0.0000
vt 0.1432 0.2709 0.0000
vt 0.1147 0.2959 0.0000
vt 0.1795 0.2444 0.0000
vt 0.1662 0.2564 0.0000
vt 0.1609 0.2536 0.0000
vt 0.1752 0.2421 0.0000
vt 0.1892 0.2350 0.0000
vt 0.1851 0.2325 0.0000
vt 0.0686 0.2781 0.0000
vt 0.0655 0.2822 0.0000
vt 0.1226 0.2650 0.0000
vt 0.1180 0.2728 0.0000
vt 0.0063 0.4460 0.0000
vt 0.0070 0.4430 0.0000
vt 0.0321 0.4703 0.0000
vt 0.0333 0.4654 0.0000
vt 0.0075 0.4362 0.0000
vt 0.0088 0.4251 0.0000
vt 0.0354 0.4541 0.0000
vt 0.0384 0.4388 0.0000
vt 0.0119 0.4093 0.0000
vt 0.0160 0.3903 0.0000
vt 0.0427 0.4217 0.0000
vt 0.0484 0.4033 0.0000
vt 0.0201 0.3696 0.0000
vt 0.0255 0.3484 0.0000
vt 0.0556 0.3840 0.0000
vt 0.0642 0.3642 0.0000
vt 0.0336 0.3277 0.0000
vt 0.0440 0.3088 0.0000
vt 0.0741 0.3444 0.0000
vt 0.0867 0.3222 0.0000
vt 0.0560 0.2930 0.0000
vt 0.1037 0.2951 0.0000
vt 0.2130 0.2135 0.0000
vt 0.2128 0.2106 0.0000
vt 0.2123 0.2135 0.0000
vt 0.2121 0.2105 0.0000
vt 0.2119 0.2074 0.0000
vt 0.2125 0.2076 0.0000
vt 0.1998 0.2061 0.0000
vt 0.1986 0.2052 0.0000
vt 0.2002 0.2028 0.0000
vt 0.2013 0.2037 0.0000
vt 0.2018 0.2006 0.0000
vt 0.2028 0.2014 0.0000
vt 0.2052 0.2096 0.0000
vt 0.2024 0.2078 0.0000
vt 0.2036 0.2052 0.0000
vt 0.2061 0.2068 0.0000
vt 0.2048 0.2026 0.0000
vt 0.2070 0.2039 0.0000
vt 0.2109 0.2128 0.0000
vt 0.2109 0.2098 0.0000
vt 0.2091 0.2118 0.0000
vt 0.2094 0.2089 0.0000
vt 0.2097 0.2057 0.0000
vt 0.2109 0.2067 0.0000
vt 0.2123 0.2042 0.0000
vt 0.2117 0.2040 0.0000
vt 0.2132 0.2163 0.0000
vt 0.2125 0.2164 0.0000
vt 0.2035 0.1986 0.0000
vt 0.2044 0.1993 0.0000
vt 0.1970 0.2075 0.0000
vt 0.1983 0.2085 0.0000
vt 0.2060 0.2001 0.0000
vt 0.2078 0.2009 0.0000
vt 0.2011 0.2103 0.0000
vt 0.2043 0.2122 0.0000
vt 0.2109 0.2031 0.0000
vt 0.2100 0.2022 0.0000
vt 0.2073 0.2109 0.0000
vt 0.2067 0.2136 0.0000
vt 0.2088 0.2146 0.0000
vt 0.2055 0.2171 0.0000
vt 0.2031 0.2226 0.0000
vt 0.1989 0.2293 0.0000
vt 0.2097 0.1972 0.0000
vt 0.2094 0.1986 0.0000
vt 0.0574 0.4774 0.0000
vt 0.0586 0.4723 0.0000
vt 0.0607 0.4606 0.0000
vt 0.0639 0.4449 0.0000
vt 0.0681 0.4277 0.0000
vt 0.0741 0.4095 0.0000
vt 0.0822 0.3906 0.0000
vt 0.0918 0.3712 0.0000
vt 0.1022 0.3516 0.0000
vt 0.1156 0.3294 0.0000
vt 0.1344 0.3022 0.0000
vt 0.1541 0.2764 0.0000
vt 0.1700 0.2584 0.0000
vt 0.1826 0.2460 0.0000
vt 0.1921 0.2366 0.0000
vt 0.2079 0.2080 0.0000
vt 0.2085 0.2049 0.0000
vt 0.2090 0.2015 0.0000
vt 0.2109 0.2157 0.0000
vt 0.3216 0.2185 0.0000
vt 0.3233 0.2212 0.0000
vt 0.3279 0.2277 0.0000
vt 0.3341 0.2356 0.0000
vt 0.3409 0.2422 0.0000
vt 0.3491 0.2513 0.0000
vt 0.3596 0.2663 0.0000
vt 0.3714 0.2870 0.0000
vt 0.3837 0.3131 0.0000
vt 0.3948 0.3407 0.0000
vt 0.4031 0.3656 0.0000
vt 0.4099 0.3896 0.0000
vt 0.4165 0.4145 0.0000
vt 0.4215 0.4340 0.0000
vt 0.4237 0.4415 0.0000
vt 0.4277 0.5029 0.0000
vt 0.4292 0.4991 0.0000
vt 0.4317 0.5054 0.0000
vt 0.4282 0.5099 0.0000
vt 0.4338 0.5244 0.0000
vt 0.4389 0.5239 0.0000
vt 0.4476 0.5418 0.0000
vt 0.4426 0.5422 0.0000
vt 0.4525 0.5597 0.0000
vt 0.4573 0.5588 0.0000
vt 0.4655 0.5715 0.0000
vt 0.4614 0.5729 0.0000
vt 0.4672 0.5783 0.0000
vt 0.4622 0.5867 0.0000
vt 0.4696 0.5765 0.0000
vt 0.4248 0.4755 0.0000
vt 0.4228 0.4709 0.0000
vt 0.4236 0.4705 0.0000
vt 0.4256 0.4751 0.0000
vt 0.4247 0.4703 0.0000
vt 0.4266 0.4747 0.0000
vt 0.4524 0.5387 0.0000
vt 0.4432 0.5214 0.0000
vt 0.4455 0.5196 0.0000
vt 0.4549 0.5361 0.0000
vt 0.4351 0.5039 0.0000
vt 0.4367 0.5024 0.0000
vt 0.4387 0.5007 0.0000
vt 0.4482 0.5174 0.0000
vt 0.4579 0.5329 0.0000
vt 0.4689 0.5649 0.0000
vt 0.4616 0.5539 0.0000
vt 0.4635 0.5497 0.0000
vt 0.4701 0.5592 0.0000
vt 0.4658 0.5446 0.0000
vt 0.4714 0.5522 0.0000
vt 0.4723 0.5692 0.0000
vt 0.4732 0.5629 0.0000
vt 0.4742 0.5553 0.0000
vt 0.4696 0.5259 0.0000
vt 0.4716 0.5248 0.0000
vt 0.4719 0.5264 0.0000
vt 0.4702 0.5278 0.0000
vt 0.4724 0.5306 0.0000
vt 0.4709 0.5337 0.0000
vt 0.4735 0.5285 0.0000
vt 0.4756 0.5303 0.0000
vt 0.4751 0.5331 0.0000
vt 0.4743 0.5373 0.0000
vt 0.4770 0.5343 0.0000
vt 0.4765 0.5390 0.0000
vt 0.4772 0.5310 0.0000
vt 0.4266 0.4875 0.0000
vt 0.4232 0.4756 0.0000
vt 0.4247 0.4792 0.0000
vt 0.4274 0.4884 0.0000
vt 0.4289 0.4875 0.0000
vt 0.4300 0.4866 0.0000
vt 0.4314 0.4856 0.0000
vt 0.4343 0.4834 0.0000
vt 0.4350 0.4821 0.0000
vt 0.4299 0.4764 0.0000
vt 0.4287 0.4732 0.0000
vt 0.4736 0.5236 0.0000
vt 0.4736 0.5250 0.0000
vt 0.4746 0.5265 0.0000
vt 0.4761 0.5276 0.0000
vt 0.4774 0.5278 0.0000
vt 0.4258 0.4702 0.0000
vt 0.4277 0.4745 0.0000
vt 0.4223 0.4713 0.0000
vt 0.4243 0.4760 0.0000
vt 0.4514 0.5147 0.0000
vt 0.4614 0.5293 0.0000
vt 0.4411 0.4986 0.0000
vt 0.4415 0.5229 0.0000
vt 0.4339 0.5050 0.0000
vt 0.4504 0.5406 0.0000
vt 0.4684 0.5388 0.0000
vt 0.4729 0.5443 0.0000
vt 0.4600 0.5569 0.0000
vt 0.4677 0.5689 0.0000
vt 0.4754 0.5467 0.0000
vt 0.4711 0.5736 0.0000
vt 0.4330 0.4846 0.0000
vt 0.4281 0.4883 0.0000
vt 0.9389 0.0306 0.0000
vt 0.9420 0.0358 0.0000
vt 0.9389 0.0398 0.0000
vt 0.9356 0.0369 0.0000
vt 0.9358 0.0435 0.0000
vt 0.9340 0.0408 0.0000
vt 0.2421 0.9658 0.0000
vt 0.2325 0.9712 0.0000
vt 0.2227 0.9705 0.0000
vt 0.2253 0.9640 0.0000
vt 0.2261 0.9769 0.0000
vt 0.2187 0.9759 0.0000
vt 0.2096 0.9746 0.0000
vt 0.2107 0.9697 0.0000
vt 0.2107 0.9634 0.0000
vt 0.2009 0.9690 0.0000
vt 0.1990 0.9629 0.0000
vt 0.2018 0.9738 0.0000
vt 0.1957 0.9732 0.0000
vt 0.1936 0.9686 0.0000
vt 0.1903 0.9625 0.0000
vt 0.1873 0.9689 0.0000
vt 0.1831 0.9627 0.0000
vt 0.1904 0.9737 0.0000
vt 0.2834 0.9745 0.0000
vt 0.2909 0.9671 0.0000
vt 0.2758 0.9812 0.0000
vt 0.2715 0.9804 0.0000
vt 0.2784 0.9741 0.0000
vt 0.2711 0.9732 0.0000
vt 0.2655 0.9791 0.0000
vt 0.2585 0.9776 0.0000
vt 0.2622 0.9722 0.0000
vt 0.2531 0.9714 0.0000
vt 0.2548 0.9651 0.0000
vt 0.2514 0.9764 0.0000
vt 0.2461 0.9754 0.0000
vt 0.2462 0.9706 0.0000
vt 0.5731 0.0366 0.0000
vt 0.5721 0.0387 0.0000
vt 0.5702 0.0365 0.0000
vt 0.5738 0.0384 0.0000
vt 0.5735 0.0402 0.0000
vt 0.5678 0.0339 0.0000
vt 0.0906 0.8190 0.0000
vt 0.1014 0.8195 0.0000
vt 0.1068 0.8285 0.0000
vt 0.0965 0.8289 0.0000
vt 0.2704 0.8259 0.0000
vt 0.2335 0.8245 0.0000
vt 0.3856 0.8029 0.0000
vt 0.3719 0.8025 0.0000
vt 0.1118 0.8130 0.0000
vt 0.1151 0.8208 0.0000
vt 0.1279 0.8146 0.0000
vt 0.1310 0.8220 0.0000
vt 0.1196 0.8292 0.0000
vt 0.1976 0.8231 0.0000
vt 0.1672 0.8221 0.0000
vt 0.3460 0.8015 0.0000
vt 0.3074 0.6301 0.0000
vt 0.2561 0.6286 0.0000
vt 0.3046 0.6510 0.0000
vt 0.4594 0.5997 0.0000
vt 0.4453 0.5953 0.0000
vt 0.0636 0.6137 0.0000
vt 0.0793 0.6154 0.0000
vt 0.0779 0.6328 0.0000
vt 0.0624 0.6309 0.0000
vt 0.1143 0.6178 0.0000
vt 0.1595 0.6212 0.0000
vt 0.1108 0.6354 0.0000
vt 0.2068 0.6252 0.0000
vt 0.4092 0.5933 0.0000
vt 0.2554 0.9960 0.0000
vt 0.2605 0.9925 0.0000
vt 0.2519 0.9951 0.0000
vt 0.2569 0.9916 0.0000
vt 0.2502 0.9937 0.0000
vt 0.2543 0.9898 0.0000
vt 0.2483 0.9922 0.0000
vt 0.2512 0.9879 0.0000
vt 0.2464 0.9905 0.0000
vt 0.2480 0.9861 0.0000
vt 0.2450 0.9890 0.0000
vt 0.2457 0.9846 0.0000
vt 0.5692 0.0305 0.0000
vt 0.5676 0.0115 0.0000
vt 0.5720 0.0163 0.0000
vt 0.5695 0.0168 0.0000
vt 0.5674 0.0143 0.0000
vt 0.5744 0.0210 0.0000
vt 0.2127 0.9900 0.0000
vt 0.2148 0.9901 0.0000
vt 0.2120 0.9877 0.0000
vt 0.2153 0.9889 0.0000
vt 0.2102 0.9866 0.0000
vt 0.2118 0.9863 0.0000
vt 0.2064 0.9871 0.0000
vt 0.2076 0.9840 0.0000
vt 0.2038 0.9852 0.0000
vt 0.2036 0.9823 0.0000
vt 0.2010 0.9844 0.0000
vt 0.2003 0.9812 0.0000
vt 0.1980 0.9848 0.0000
vt 0.1964 0.9819 0.0000
vt 0.2986 0.9584 0.0000
vt 0.2567 0.9564 0.0000
vt 0.2419 0.9558 0.0000
vt 0.1767 0.9540 0.0000
vt 0.1842 0.9538 0.0000
vt 0.1945 0.9541 0.0000
vt 0.2083 0.9545 0.0000
vt 0.2249 0.9551 0.0000
vt 0.2944 0.9376 0.0000
vt 0.0871 0.7435 0.0000
vt 0.0840 0.7568 0.0000
vt 0.0965 0.7529 0.0000
vt 0.0925 0.7625 0.0000
vt 0.0920 0.7743 0.0000
vt 0.0860 0.7733 0.0000
vt 0.1335 0.7070 0.0000
vt 0.1328 0.7242 0.0000
vt 0.1336 0.6878 0.0000
vt 0.1467 0.8221 0.0000
vt 0.1433 0.8140 0.0000
vt 0.1019 0.6490 0.0000
vt 0.1264 0.6553 0.0000
vt 0.0754 0.6471 0.0000
vt 0.0612 0.6458 0.0000
vt 0.1291 0.8425 0.0000
vt 0.1236 0.8361 0.0000
vt 0.1119 0.8358 0.0000
vt 0.1020 0.8372 0.0000
vt 0.1341 0.6694 0.0000
vt 0.1383 0.8491 0.0000
vt 0.0987 0.8015 0.0000
vt 0.1113 0.8078 0.0000
vt 0.1017 0.7980 0.0000
vt 0.1123 0.8040 0.0000
vt 0.1243 0.8056 0.0000
vt 0.1257 0.8095 0.0000
vt 0.1113 0.7863 0.0000
vt 0.1091 0.7805 0.0000
vt 0.1151 0.7809 0.0000
vt 0.1162 0.7883 0.0000
vt 0.1076 0.7727 0.0000
vt 0.1138 0.7728 0.0000
vt 0.1210 0.7734 0.0000
vt 0.1219 0.7817 0.0000
vt 0.1226 0.7891 0.0000
vt 0.1095 0.7624 0.0000
vt 0.1135 0.7603 0.0000
vt 0.1137 0.7657 0.0000
vt 0.1082 0.7664 0.0000
vt 0.1192 0.7591 0.0000
vt 0.1202 0.7656 0.0000
vt 0.1511 0.7755 0.0000
vt 0.1481 0.7618 0.0000
vt 0.1533 0.7578 0.0000
vt 0.1560 0.7753 0.0000
vt 0.1403 0.7502 0.0000
vt 0.1453 0.7431 0.0000
vt 0.1274 0.7667 0.0000
vt 0.1287 0.7743 0.0000
vt 0.1261 0.7601 0.0000
vt 0.1312 0.7622 0.0000
vt 0.1339 0.7676 0.0000
vt 0.1354 0.7751 0.0000
vt 0.1353 0.8031 0.0000
vt 0.1391 0.8078 0.0000
vt 0.1441 0.7970 0.0000
vt 0.1496 0.8019 0.0000
vt 0.1330 0.7863 0.0000
vt 0.1287 0.7880 0.0000
vt 0.1287 0.7817 0.0000
vt 0.1346 0.7818 0.0000
vt 0.1065 0.7924 0.0000
vt 0.1090 0.7894 0.0000
vt 0.1156 0.7934 0.0000
vt 0.1144 0.7972 0.0000
vt 0.1230 0.7943 0.0000
vt 0.1233 0.7984 0.0000
vt 0.1297 0.7926 0.0000
vt 0.1313 0.7962 0.0000
vt 0.1352 0.7886 0.0000
vt 0.1379 0.7912 0.0000
vt 0.1389 0.7828 0.0000
vt 0.1423 0.7842 0.0000
vt 0.1401 0.7754 0.0000
vt 0.1437 0.7755 0.0000
vt 0.1381 0.7670 0.0000
vt 0.1412 0.7655 0.0000
vt 0.1332 0.7597 0.0000
vt 0.1351 0.7571 0.0000
vt 0.1256 0.7559 0.0000
vt 0.1258 0.7528 0.0000
vt 0.1176 0.7551 0.0000
vt 0.1161 0.7522 0.0000
vt 0.1116 0.7570 0.0000
vt 0.1091 0.7546 0.0000
vt 0.1071 0.7610 0.0000
vt 0.1041 0.7595 0.0000
vt 0.1041 0.7665 0.0000
vt 0.1006 0.7661 0.0000
vt 0.1030 0.7735 0.0000
vt 0.0995 0.7743 0.0000
vt 0.1048 0.7819 0.0000
vt 0.1015 0.7839 0.0000
vt 0.1133 0.8006 0.0000
vt 0.1041 0.7951 0.0000
vt 0.1236 0.8020 0.0000
vt 0.0984 0.7855 0.0000
vt 0.0961 0.7746 0.0000
vt 0.0950 0.7871 0.0000
vt 0.0974 0.7652 0.0000
vt 0.1014 0.7576 0.0000
vt 0.1070 0.7519 0.0000
vt 0.1150 0.7489 0.0000
vt 0.1037 0.7467 0.0000
vt 0.1141 0.7439 0.0000
vt 0.1263 0.7496 0.0000
vt 0.1372 0.7544 0.0000
vt 0.1276 0.7447 0.0000
vt 0.1443 0.7641 0.0000
vt 0.1472 0.7755 0.0000
vt 0.1456 0.7855 0.0000
vt 0.1406 0.7937 0.0000
vt 0.1496 0.7875 0.0000
vt 0.1330 0.7995 0.0000
vt 0.1303 0.7365 0.0000
vt 0.1129 0.7353 0.0000
vt 0.0976 0.7370 0.0000
vt 0.0906 0.7891 0.0000
vt 0.1550 0.7905 0.0000
vt 0.3293 0.6699 0.0000
vt 0.3018 0.6672 0.0000
vt 0.3201 0.6791 0.0000
vt 0.2996 0.6782 0.0000
vt 0.2782 0.6811 0.0000
vt 0.2725 0.6720 0.0000
vt 0.2609 0.6840 0.0000
vt 0.2702 0.6873 0.0000
vt 0.2761 0.6928 0.0000
vt 0.2680 0.6951 0.0000
vt 0.2945 0.6971 0.0000
vt 0.2962 0.6932 0.0000
vt 0.3172 0.6898 0.0000
vt 0.3229 0.6916 0.0000
vt 0.3354 0.6803 0.0000
vt 0.3255 0.6841 0.0000
vt 0.9389 0.0637 0.0000
vt 0.9338 0.0599 0.0000
vt 0.9352 0.0581 0.0000
vt 0.9406 0.0603 0.0000
vt 0.9291 0.0552 0.0000
vt 0.9306 0.0538 0.0000
vt 0.2150 0.9816 0.0000
vt 0.2086 0.9796 0.0000
vt 0.2202 0.9830 0.0000
vt 0.2029 0.9783 0.0000
vt 0.1982 0.9775 0.0000
vt 0.1937 0.9781 0.0000
vt 0.2678 0.9874 0.0000
vt 0.2638 0.9865 0.0000
vt 0.2597 0.9848 0.0000
vt 0.2547 0.9829 0.0000
vt 0.2497 0.9813 0.0000
vt 0.2460 0.9801 0.0000
vt 0.5725 0.0216 0.0000
vt 0.5712 0.0225 0.0000
vt 0.3160 0.6836 0.0000
vt 0.2985 0.6838 0.0000
vt 0.5489 0.8679 0.0000
vt 0.5458 0.8507 0.0000
vt 0.5446 0.8508 0.0000
vt 0.2806 0.6855 0.0000
vt 0.2743 0.6885 0.0000
vt 0.5474 0.8677 0.0000
vt 0.5422 0.8335 0.0000
vt 0.2797 0.6906 0.0000
vt 0.2971 0.6902 0.0000
vt 0.5402 0.8337 0.0000
vt 0.5401 0.8278 0.0000
vt 0.3149 0.6881 0.0000
vt 0.3213 0.6855 0.0000
vt 0.5385 0.8282 0.0000
vt 0.5844 0.9671 0.0000
vt 0.5875 0.9669 0.0000
vt 0.5860 0.9725 0.0000
vt 0.5843 0.9728 0.0000
vt 0.5818 0.9498 0.0000
vt 0.5850 0.9499 0.0000
vt 0.5484 0.8733 0.0000
vt 0.5492 0.8735 0.0000
vt 0.5517 0.8267 0.0000
vt 0.5542 0.8501 0.0000
vt 0.5598 0.8500 0.0000
vt 0.5578 0.8233 0.0000
vt 0.5565 0.8735 0.0000
vt 0.5615 0.8766 0.0000
vt 0.5666 0.8794 0.0000
vt 0.5655 0.8499 0.0000
vt 0.5641 0.8203 0.0000
vt 0.5786 0.9325 0.0000
vt 0.5810 0.9328 0.0000
vt 0.5769 0.9266 0.0000
vt 0.5777 0.9268 0.0000
vt 0.5733 0.9735 0.0000
vt 0.5735 0.9814 0.0000
vt 0.5670 0.9856 0.0000
vt 0.5670 0.9767 0.0000
vt 0.5605 0.9795 0.0000
vt 0.5603 0.9893 0.0000
vt 0.5701 0.9264 0.0000
vt 0.5718 0.9500 0.0000
vt 0.5661 0.9500 0.0000
vt 0.5651 0.9232 0.0000
vt 0.5603 0.9499 0.0000
vt 0.5569 0.8144 0.0000
vt 0.5505 0.8189 0.0000
vt 0.5634 0.8104 0.0000
vt 0.5571 0.8812 0.0000
vt 0.5619 0.8854 0.0000
vt 0.5669 0.8891 0.0000
vt 0.5768 0.8154 0.0000
vt 0.5770 0.8494 0.0000
vt 0.5828 0.8492 0.0000
vt 0.5830 0.8137 0.0000
vt 0.5771 0.8833 0.0000
vt 0.5825 0.8847 0.0000
vt 0.5600 0.9202 0.0000
vt 0.5856 0.8758 0.0000
vt 0.5646 0.9141 0.0000
vt 0.5693 0.9185 0.0000
vt 0.5871 0.8491 0.0000
vt 0.5597 0.9103 0.0000
vt 0.5474 0.9840 0.0000
vt 0.5469 0.9953 0.0000
vt 0.5403 0.9973 0.0000
vt 0.5410 0.9856 0.0000
vt 0.5535 0.9926 0.0000
vt 0.5539 0.9820 0.0000
vt 0.9325 0.0522 0.0000
vt 0.9366 0.0557 0.0000
vt 0.9416 0.0574 0.0000
vt 0.9243 0.0504 0.0000
vt 0.9263 0.0492 0.0000
vt 0.9205 0.0450 0.0000
vt 0.9241 0.0438 0.0000
vt 0.9273 0.0432 0.0000
vt 0.9290 0.0481 0.0000
vt 0.9230 0.0374 0.0000
vt 0.9258 0.0370 0.0000
vt 0.9266 0.0297 0.0000
vt 0.9295 0.0293 0.0000
vt 0.9317 0.0299 0.0000
vt 0.9285 0.0370 0.0000
vt 0.9306 0.0219 0.0000
vt 0.9340 0.0212 0.0000
vt 0.9372 0.0132 0.0000
vt 0.5682 0.0183 0.0000
vt 0.5649 0.0162 0.0000
vt 0.5769 0.0254 0.0000
vt 0.5753 0.0258 0.0000
vt 0.5793 0.0298 0.0000
vt 0.5778 0.0300 0.0000
vt 0.5764 0.0307 0.0000
vt 0.5740 0.0266 0.0000
vt 0.5815 0.0341 0.0000
vt 0.5800 0.0341 0.0000
vt 0.5827 0.0384 0.0000
vt 0.5812 0.0381 0.0000
vt 0.5795 0.0382 0.0000
vt 0.5784 0.0345 0.0000
vt 0.5820 0.0427 0.0000
vt 0.5806 0.0422 0.0000
vt 0.5800 0.0468 0.0000
vt 0.5787 0.0460 0.0000
vt 0.5774 0.0452 0.0000
vt 0.5790 0.0418 0.0000
vt 0.5766 0.0510 0.0000
vt 0.5755 0.0499 0.0000
vt 0.5729 0.0534 0.0000
vt 0.5721 0.0521 0.0000
vt 0.5715 0.0506 0.0000
vt 0.5746 0.0487 0.0000
vt 0.5685 0.0540 0.0000
vt 0.5679 0.0527 0.0000
vt 0.5637 0.0538 0.0000
vt 0.9378 0.0158 0.0000
vt 0.9406 0.0159 0.0000
vt 0.5633 0.0524 0.0000
vt 0.9359 0.0221 0.0000
vt 0.9733 0.0545 0.0000
vt 0.9629 0.0571 0.0000
vt 0.9647 0.0539 0.0000
vt 0.9710 0.0521 0.0000
vt 0.9546 0.0589 0.0000
vt 0.5633 0.0509 0.0000
vt 0.5676 0.0511 0.0000
vt 0.5587 0.0535 0.0000
vt 0.5584 0.0518 0.0000
vt 0.5537 0.0530 0.0000
vt 0.5534 0.0509 0.0000
vt 0.5538 0.0494 0.0000
vt 0.5587 0.0503 0.0000
vt 0.5484 0.0527 0.0000
vt 0.5479 0.0502 0.0000
vt 0.5423 0.0506 0.0000
vt 0.5447 0.0493 0.0000
vt 0.5455 0.0462 0.0000
vt 0.5487 0.0484 0.0000
vt 0.5488 0.0380 0.0000
vt 0.5501 0.0380 0.0000
vt 0.5480 0.0439 0.0000
vt 0.5537 0.0303 0.0000
vt 0.5545 0.0308 0.0000
vt 0.5548 0.0310 0.0000
vt 0.5509 0.0373 0.0000
vt 0.5491 0.0426 0.0000
vt 0.5588 0.0227 0.0000
vt 0.5592 0.0238 0.0000
vt 0.5638 0.0195 0.0000
vt 0.5631 0.0210 0.0000
vt 0.5590 0.0248 0.0000
vt 0.5670 0.0200 0.0000
vt 0.5699 0.0236 0.0000
vt 0.5690 0.0244 0.0000
vt 0.5662 0.0214 0.0000
vt 0.5727 0.0275 0.0000
vt 0.5751 0.0313 0.0000
vt 0.5741 0.0318 0.0000
vt 0.5717 0.0281 0.0000
vt 0.5769 0.0349 0.0000
vt 0.5778 0.0382 0.0000
vt 0.5766 0.0383 0.0000
vt 0.5758 0.0352 0.0000
vt 0.5774 0.0414 0.0000
vt 0.5761 0.0443 0.0000
vt 0.5751 0.0438 0.0000
vt 0.5763 0.0412 0.0000
vt 0.5736 0.0474 0.0000
vt 0.5708 0.0490 0.0000
vt 0.5704 0.0479 0.0000
vt 0.5729 0.0464 0.0000
vt 0.5674 0.0496 0.0000
vt 0.5634 0.0493 0.0000
vt 0.5634 0.0482 0.0000
vt 0.5672 0.0484 0.0000
vt 0.5589 0.0487 0.0000
vt 0.5542 0.0478 0.0000
vt 0.5546 0.0466 0.0000
vt 0.5590 0.0476 0.0000
vt 0.5498 0.0466 0.0000
vt 0.5507 0.0453 0.0000
vt 0.5515 0.0373 0.0000
vt 0.5498 0.0423 0.0000
vt 0.5553 0.0313 0.0000
vt 0.5559 0.0317 0.0000
vt 0.5521 0.0376 0.0000
vt 0.5504 0.0422 0.0000
vt 0.5592 0.0254 0.0000
vt 0.5630 0.0218 0.0000
vt 0.5632 0.0224 0.0000
vt 0.5598 0.0259 0.0000
vt 0.5658 0.0220 0.0000
vt 0.5685 0.0248 0.0000
vt 0.5679 0.0252 0.0000
vt 0.5655 0.0226 0.0000
vt 0.5712 0.0283 0.0000
vt 0.5735 0.0321 0.0000
vt 0.5729 0.0324 0.0000
vt 0.5705 0.0287 0.0000
vt 0.5752 0.0354 0.0000
vt 0.5760 0.0384 0.0000
vt 0.5753 0.0384 0.0000
vt 0.5746 0.0356 0.0000
vt 0.5757 0.0411 0.0000
vt 0.5746 0.0435 0.0000
vt 0.5740 0.0433 0.0000
vt 0.5750 0.0409 0.0000
vt 0.5725 0.0459 0.0000
vt 0.5702 0.0473 0.0000
vt 0.5700 0.0466 0.0000
vt 0.5721 0.0453 0.0000
vt 0.5671 0.0478 0.0000
vt 0.5634 0.0476 0.0000
vt 0.5635 0.0469 0.0000
vt 0.5671 0.0471 0.0000
vt 0.5591 0.0470 0.0000
vt 0.5547 0.0460 0.0000
vt 0.5548 0.0453 0.0000
vt 0.5591 0.0463 0.0000
vt 0.5511 0.0447 0.0000
vt 0.5516 0.0442 0.0000
vt 0.5567 0.0322 0.0000
vt 0.5530 0.0378 0.0000
vt 0.5511 0.0420 0.0000
vt 0.5634 0.0231 0.0000
vt 0.5603 0.0265 0.0000
vt 0.5675 0.0257 0.0000
vt 0.5653 0.0233 0.0000
vt 0.5723 0.0327 0.0000
vt 0.9557 0.0563 0.0000
vt 0.9557 0.0541 0.0000
vt 0.5700 0.0291 0.0000
vt 0.5746 0.0385 0.0000
vt 0.9644 0.0515 0.0000
vt 0.9718 0.0489 0.0000
vt 0.9466 0.0615 0.0000
vt 0.9475 0.0590 0.0000
vt 0.9480 0.0565 0.0000
vt 0.9645 0.0481 0.0000
vt 0.9707 0.0449 0.0000
vt 0.9562 0.0510 0.0000
vt 0.9653 0.0442 0.0000
vt 0.9715 0.0414 0.0000
vt 0.9492 0.0532 0.0000
vt 0.9434 0.0540 0.0000
vt 0.9389 0.0526 0.0000
vt 0.9353 0.0498 0.0000
vt 0.9324 0.0463 0.0000
vt 0.5739 0.0359 0.0000
vt 0.5733 0.0430 0.0000
vt 0.9310 0.0419 0.0000
vt 0.9320 0.0365 0.0000
vt 0.9348 0.0301 0.0000
vt 0.9387 0.0227 0.0000
vt 0.9432 0.0180 0.0000
vt 0.9455 0.0178 0.0000
vt 0.9421 0.0228 0.0000
vt 0.9550 0.0403 0.0000
vt 0.9606 0.0419 0.0000
vt 0.9500 0.0367 0.0000
vt 0.9539 0.0330 0.0000
vt 0.9588 0.0364 0.0000
vt 0.9640 0.0378 0.0000
vt 0.9458 0.0323 0.0000
vt 0.5743 0.0408 0.0000
vt 0.5697 0.0460 0.0000
vt 0.5717 0.0448 0.0000
vt 0.5635 0.0462 0.0000
vt 0.5670 0.0464 0.0000
vt 0.9441 0.0273 0.0000
vt 0.9479 0.0244 0.0000
vt 0.5552 0.0447 0.0000
vt 0.9498 0.0289 0.0000
vt 0.9456 0.0215 0.0000
vt 0.9473 0.0165 0.0000
vt 0.9496 0.0150 0.0000
vt 0.9486 0.0192 0.0000
vt 0.9673 0.0404 0.0000
vt 0.9728 0.0378 0.0000
vt 0.9697 0.0364 0.0000
vt 0.9737 0.0334 0.0000
vt 0.9575 0.0291 0.0000
vt 0.9622 0.0323 0.0000
vt 0.9670 0.0338 0.0000
vt 0.9512 0.0213 0.0000
vt 0.9535 0.0253 0.0000
vt 0.7763 0.0161 0.0000
vt 0.7678 0.0282 0.0000
vt 0.7590 0.0292 0.0000
vt 0.7553 0.0238 0.0000
vt 0.7623 0.0223 0.0000
vt 0.7516 0.0363 0.0000
vt 0.7499 0.0300 0.0000
vt 0.7430 0.0307 0.0000
vt 0.7429 0.0260 0.0000
vt 0.7482 0.0250 0.0000
vt 0.5756 0.1769 0.0000
vt 0.5864 0.1806 0.0000
vt 0.5820 0.1668 0.0000
vt 0.5923 0.1709 0.0000
vt 0.6040 0.1720 0.0000
vt 0.5985 0.1810 0.0000
vt 0.7301 0.1763 0.0000
vt 0.7669 0.1749 0.0000
vt 0.8946 0.1935 0.0000
vt 0.8829 0.1972 0.0000
vt 0.8679 0.1984 0.0000
vt 0.6122 0.1797 0.0000
vt 0.6089 0.1874 0.0000
vt 0.6167 0.1714 0.0000
vt 0.6281 0.1786 0.0000
vt 0.6249 0.1859 0.0000
vt 0.6641 0.1785 0.0000
vt 0.6944 0.1776 0.0000
vt 0.8421 0.1994 0.0000
vt 0.7523 0.3713 0.0000
vt 0.8034 0.3699 0.0000
vt 0.8006 0.3491 0.0000
vt 0.9664 0.3991 0.0000
vt 0.9558 0.4014 0.0000
vt 0.9406 0.4048 0.0000
vt 0.5465 0.3867 0.0000
vt 0.5586 0.3858 0.0000
vt 0.5453 0.3694 0.0000
vt 0.5575 0.3686 0.0000
vt 0.5749 0.3669 0.0000
vt 0.5761 0.3842 0.0000
vt 0.6110 0.3819 0.0000
vt 0.6076 0.3643 0.0000
vt 0.6560 0.3786 0.0000
vt 0.7031 0.3747 0.0000
vt 0.9047 0.4068 0.0000
vt 0.7597 0.0050 0.0000
vt 0.7573 0.0080 0.0000
vt 0.7523 0.0047 0.0000
vt 0.7538 0.0019 0.0000
vt 0.7537 0.0099 0.0000
vt 0.7502 0.0069 0.0000
vt 0.7511 0.0116 0.0000
vt 0.7481 0.0084 0.0000
vt 0.7480 0.0135 0.0000
vt 0.7460 0.0097 0.0000
vt 0.7449 0.0153 0.0000
vt 0.7433 0.0109 0.0000
vt 0.7426 0.0168 0.0000
vt 0.7419 0.0125 0.0000
vt 0.7057 0.0028 0.0000
vt 0.7088 0.0078 0.0000
vt 0.7066 0.0081 0.0000
vt 0.7038 0.0038 0.0000
vt 0.7123 0.0125 0.0000
vt 0.7078 0.0115 0.0000
vt 0.7088 0.0150 0.0000
vt 0.7063 0.0136 0.0000
vt 0.7046 0.0174 0.0000
vt 0.7032 0.0152 0.0000
vt 0.7007 0.0190 0.0000
vt 0.7008 0.0173 0.0000
vt 0.6975 0.0208 0.0000
vt 0.6987 0.0187 0.0000
vt 0.6941 0.0194 0.0000
vt 0.6952 0.0175 0.0000
vt 0.6903 0.0175 0.0000
vt 0.6923 0.0156 0.0000
vt 0.7958 0.0421 0.0000
vt 0.8012 0.0385 0.0000
vt 0.7387 0.0455 0.0000
vt 0.7535 0.0450 0.0000
vt 0.6673 0.0435 0.0000
vt 0.6733 0.0465 0.0000
vt 0.6813 0.0474 0.0000
vt 0.6915 0.0471 0.0000
vt 0.7052 0.0467 0.0000
vt 0.7218 0.0461 0.0000
vt 0.7910 0.0638 0.0000
vt 0.5811 0.2434 0.0000
vt 0.5842 0.2567 0.0000
vt 0.5831 0.2270 0.0000
vt 0.5891 0.2259 0.0000
vt 0.5896 0.2377 0.0000
vt 0.5936 0.2473 0.0000
vt 0.6296 0.2759 0.0000
vt 0.6304 0.2930 0.0000
vt 0.6304 0.3122 0.0000
vt 0.6437 0.1785 0.0000
vt 0.6403 0.1865 0.0000
vt 0.6231 0.3446 0.0000
vt 0.5988 0.3508 0.0000
vt 0.5723 0.3526 0.0000
vt 0.5566 0.3538 0.0000
vt 0.5443 0.3545 0.0000
vt 0.6207 0.1645 0.0000
vt 0.6262 0.1582 0.0000
vt 0.6090 0.1648 0.0000
vt 0.5978 0.1629 0.0000
vt 0.5878 0.1583 0.0000
vt 0.6308 0.3305 0.0000
vt 0.6353 0.1516 0.0000
vt 0.6084 0.1926 0.0000
vt 0.5959 0.1989 0.0000
vt 0.6227 0.1910 0.0000
vt 0.6214 0.1948 0.0000
vt 0.6094 0.1964 0.0000
vt 0.5988 0.2024 0.0000
vt 0.6083 0.2140 0.0000
vt 0.6132 0.2121 0.0000
vt 0.6121 0.2195 0.0000
vt 0.6061 0.2198 0.0000
vt 0.6197 0.2113 0.0000
vt 0.6189 0.2187 0.0000
vt 0.6180 0.2269 0.0000
vt 0.6108 0.2275 0.0000
vt 0.6046 0.2276 0.0000
vt 0.6066 0.2379 0.0000
vt 0.6053 0.2339 0.0000
vt 0.6107 0.2345 0.0000
vt 0.6105 0.2400 0.0000
vt 0.6172 0.2347 0.0000
vt 0.6162 0.2412 0.0000
vt 0.6480 0.2249 0.0000
vt 0.6528 0.2250 0.0000
vt 0.6501 0.2425 0.0000
vt 0.6450 0.2385 0.0000
vt 0.6421 0.2571 0.0000
vt 0.6372 0.2500 0.0000
vt 0.6256 0.2260 0.0000
vt 0.6244 0.2336 0.0000
vt 0.6324 0.2252 0.0000
vt 0.6308 0.2327 0.0000
vt 0.6282 0.2381 0.0000
vt 0.6230 0.2402 0.0000
vt 0.6361 0.1926 0.0000
vt 0.6323 0.1973 0.0000
vt 0.6465 0.1986 0.0000
vt 0.6411 0.2035 0.0000
vt 0.6300 0.2141 0.0000
vt 0.6316 0.2186 0.0000
vt 0.6257 0.2187 0.0000
vt 0.6257 0.2124 0.0000
vt 0.6036 0.2080 0.0000
vt 0.6114 0.2032 0.0000
vt 0.6127 0.2070 0.0000
vt 0.6061 0.2110 0.0000
vt 0.6203 0.2020 0.0000
vt 0.6200 0.2061 0.0000
vt 0.6283 0.2042 0.0000
vt 0.6267 0.2078 0.0000
vt 0.6349 0.2092 0.0000
vt 0.6322 0.2118 0.0000
vt 0.6393 0.2162 0.0000
vt 0.6359 0.2176 0.0000
vt 0.6406 0.2249 0.0000
vt 0.6371 0.2249 0.0000
vt 0.6381 0.2348 0.0000
vt 0.6350 0.2333 0.0000
vt 0.6320 0.2432 0.0000
vt 0.6301 0.2406 0.0000
vt 0.6227 0.2474 0.0000
vt 0.6225 0.2444 0.0000
vt 0.6131 0.2481 0.0000
vt 0.6146 0.2451 0.0000
vt 0.6061 0.2456 0.0000
vt 0.6086 0.2432 0.0000
vt 0.6012 0.2407 0.0000
vt 0.6042 0.2392 0.0000
vt 0.5977 0.2341 0.0000
vt 0.6011 0.2338 0.0000
vt 0.5966 0.2259 0.0000
vt 0.6001 0.2268 0.0000
vt 0.5986 0.2164 0.0000
vt 0.6018 0.2184 0.0000
vt 0.6012 0.2052 0.0000
vt 0.6104 0.1998 0.0000
vt 0.6207 0.1984 0.0000
vt 0.5932 0.2256 0.0000
vt 0.5955 0.2148 0.0000
vt 0.5921 0.2132 0.0000
vt 0.5984 0.2427 0.0000
vt 0.5945 0.2350 0.0000
vt 0.6120 0.2513 0.0000
vt 0.6040 0.2483 0.0000
vt 0.6111 0.2563 0.0000
vt 0.6007 0.2535 0.0000
vt 0.6341 0.2458 0.0000
vt 0.6232 0.2506 0.0000
vt 0.6245 0.2556 0.0000
vt 0.6441 0.2249 0.0000
vt 0.6412 0.2362 0.0000
vt 0.6375 0.2067 0.0000
vt 0.6426 0.2149 0.0000
vt 0.6465 0.2130 0.0000
vt 0.6300 0.2010 0.0000
vt 0.6272 0.2637 0.0000
vt 0.6099 0.2648 0.0000
vt 0.5946 0.2632 0.0000
vt 0.5877 0.2113 0.0000
vt 0.6519 0.2099 0.0000
vt 0.7978 0.3330 0.0000
vt 0.8252 0.3304 0.0000
vt 0.7687 0.3282 0.0000
vt 0.7744 0.3192 0.0000
vt 0.7956 0.3220 0.0000
vt 0.8161 0.3212 0.0000
vt 0.7572 0.3162 0.0000
vt 0.7642 0.3052 0.0000
vt 0.7723 0.3075 0.0000
vt 0.7665 0.3129 0.0000
vt 0.7907 0.3032 0.0000
vt 0.8189 0.3087 0.0000
vt 0.8132 0.3105 0.0000
vt 0.7923 0.3071 0.0000
vt 0.8314 0.3200 0.0000
vt 0.8215 0.3162 0.0000
vt 0.7056 0.0217 0.0000
vt 0.7119 0.0198 0.0000
vt 0.7172 0.0184 0.0000
vt 0.6953 0.0238 0.0000
vt 0.6999 0.0230 0.0000
vt 0.6869 0.0208 0.0000
vt 0.6910 0.0230 0.0000
vt 0.7607 0.0150 0.0000
vt 0.7646 0.0132 0.0000
vt 0.7676 0.0100 0.0000
vt 0.7515 0.0185 0.0000
vt 0.7565 0.0166 0.0000
vt 0.7428 0.0213 0.0000
vt 0.7466 0.0201 0.0000
vt 0.7946 0.3165 0.0000
vt 0.8120 0.3167 0.0000
vt 0.7768 0.3147 0.0000
vt 0.5692 0.1525 0.0000
vt 0.5641 0.1499 0.0000
vt 0.5453 0.1338 0.0000
vt 0.7705 0.3118 0.0000
vt 0.7759 0.3096 0.0000
vt 0.9256 0.1343 0.0000
vt 0.9256 0.1400 0.0000
vt 0.7933 0.3101 0.0000
vt 0.8109 0.3122 0.0000
vt 0.9314 0.0997 0.0000
vt 0.9282 0.1170 0.0000
vt 0.8173 0.3148 0.0000
vt 0.9331 0.0938 0.0000
vt 0.9366 0.1408 0.0000
vt 0.9429 0.1440 0.0000
vt 0.9429 0.1529 0.0000
vt 0.9364 0.1486 0.0000
vt 0.9494 0.1468 0.0000
vt 0.9496 0.1566 0.0000
vt 0.9399 0.0937 0.0000
vt 0.9449 0.0904 0.0000
vt 0.9438 0.1172 0.0000
vt 0.9382 0.1172 0.0000
vt 0.9500 0.0875 0.0000
vt 0.9496 0.1171 0.0000
vt 0.9454 0.0814 0.0000
vt 0.9503 0.0775 0.0000
vt 0.9408 0.0857 0.0000
vt 0.9625 0.1513 0.0000
vt 0.9689 0.1528 0.0000
vt 0.9695 0.1646 0.0000
vt 0.9630 0.1626 0.0000
vt 0.9560 0.1492 0.0000
vt 0.9563 0.1599 0.0000
vt 0.9305 0.1370 0.0000
vt 0.9302 0.1436 0.0000
vt 0.9605 0.0832 0.0000
vt 0.9659 0.0816 0.0000
vt 0.9673 0.1173 0.0000
vt 0.9614 0.1173 0.0000
vt 0.9552 0.0851 0.0000
vt 0.9555 0.1172 0.0000
vt 0.9328 0.1171 0.0000
vt 0.9352 0.0972 0.0000
vt 0.9655 0.0696 0.0000
vt 0.9603 0.0717 0.0000
vt 0.9552 0.0743 0.0000
vt 0.9363 0.0905 0.0000
vt 0.7094 0.7800 0.0000
vt 0.7088 0.7819 0.0000
vt 0.9218 0.5122 0.0000
vt 0.9244 0.5006 0.0000
vt 0.9199 0.5204 0.0000
vt 0.9227 0.5113 0.0000
vt 0.9184 0.5240 0.0000
vt 0.9269 0.4944 0.0000
vt 0.9195 0.5237 0.0000
vt 0.9233 0.5114 0.0000
vt 0.5794 0.9698 0.0000
vt 0.5797 0.9764 0.0000
vt 0.5495 0.9159 0.0000
vt 0.9239 0.1397 0.0000
vt 0.9224 0.1341 0.0000
vt 0.9249 0.1171 0.0000
vt 0.9290 0.1000 0.0000
vt 0.9323 0.0940 0.0000
vt 0.5485 0.9500 0.0000
vt 0.5426 0.9500 0.0000
vt 0.5441 0.9144 0.0000
vt 0.5544 0.9500 0.0000
vt 0.5862 0.8224 0.0000
vt 0.5712 0.8496 0.0000
vt 0.5704 0.8176 0.0000
vt 0.5719 0.8816 0.0000
vt 0.5548 0.9179 0.0000
vt 0.5772 0.9499 0.0000
vt 0.5748 0.9300 0.0000
vt 0.5446 0.9023 0.0000
vt 0.5497 0.9044 0.0000
vt 0.5548 0.9070 0.0000
vt 0.5737 0.9232 0.0000
vt 0.5593 0.0456 0.0000
vt 0.5490 0.8504 0.0000
vt 0.5518 0.8702 0.0000
vt 0.5459 0.8306 0.0000
vt 0.5521 0.0437 0.0000
vt 0.5472 0.0364 0.0000
vt 0.5519 0.0291 0.0000
vt 0.5829 0.8017 0.0000
vt 0.5765 0.8040 0.0000
vt 0.5875 0.8126 0.0000
vt 0.5700 0.8069 0.0000
vt 0.5445 0.8240 0.0000
vt 0.5770 0.8945 0.0000
vt 0.5823 0.8964 0.0000
vt 0.5864 0.8853 0.0000
vt 0.5719 0.8921 0.0000
vt 0.5525 0.8767 0.0000
vt 0.5444 0.0423 0.0000
vt 0.5428 0.0394 0.0000
vt 0.5452 0.0341 0.0000
vt 0.5495 0.0276 0.0000
vt 0.5566 0.0218 0.0000
vt 0.5609 0.0169 0.0000
vt 0.5537 0.0210 0.0000
vt 0.5576 0.0166 0.0000
vt 0.5510 0.0196 0.0000
vt 0.5546 0.0154 0.0000
vt 0.5470 0.0259 0.0000
vt 0.5445 0.0243 0.0000
vt 0.5484 0.0179 0.0000
vt 0.5517 0.0137 0.0000
vt 0.5428 0.0321 0.0000
vt 0.5405 0.0372 0.0000
vt 0.5378 0.0352 0.0000
vt 0.5403 0.0304 0.0000
vt 0.5419 0.0226 0.0000
vt 0.5458 0.0163 0.0000
vt 0.5489 0.0120 0.0000
vt 0.5350 0.0334 0.0000
vt 0.5377 0.0288 0.0000
vt 0.9528 0.0145 0.0000
vt 0.9514 0.0172 0.0000
vt 0.9580 0.0141 0.0000
vt 0.9651 0.0171 0.0000
vt 0.9710 0.0228 0.0000
vt 0.9731 0.0289 0.0000
vt 0.9713 0.0323 0.0000
vt 0.5795 0.0476 0.0000
vt 0.5783 0.0467 0.0000
vt 0.5770 0.0459 0.0000
vt 0.5757 0.0450 0.0000
vt 0.5748 0.0443 0.0000
vt 0.5744 0.0440 0.0000
vt 0.5739 0.0435 0.0000
# 4229 texture coords

g Undualte_Triggerfish
usemtl Undualte_Triggerfish
s 1
f 64/1/1 2025/2/2 965/3/3 2178/4/4 
f 65/5/5 2056/6/6 965/3/7 2025/2/8 
f 136/7/9 2179/8/10 965/3/11 2056/6/12 
f 137/9/13 2178/4/14 965/3/15 2179/8/16 
f 1/12/17 2174/13/18 966/15/19 1933/16/20 
f 133/17/21 2180/18/22 966/15/23 2174/13/24 
f 132/21/25 1928/22/26 966/15/27 2180/18/28 
f 5/24/29 1933/16/30 966/15/31 1928/22/32 
f 177/25/33 2252/26/34 967/27/35 2060/30/36 
f 178/31/37 2059/33/38 967/27/39 2252/26/40 
f 169/34/41 2244/35/42 967/27/43 2059/33/44 
f 170/36/45 2060/30/46 967/27/47 2244/35/48 
f 646/39/49 3230/40/50 968/42/51 2368/43/52 
f 234/44/53 2212/45/54 968/42/55 3230/40/56 
f 232/46/57 2367/47/58 968/42/59 2212/45/60 
f 233/48/61 2368/43/62 968/42/63 2367/47/64 
f 826/49/65 3571/50/66 969/51/67 2063/52/68 
f 827/53/69 2679/54/70 969/51/71 3571/50/72 
f 383/57/73 2680/58/74 969/51/75 2679/54/76 
f 384/60/77 2063/52/78 969/51/79 2680/58/80 
f 79/61/81 2040/62/82 970/63/83 2116/66/84 
f 80/67/85 2065/69/86 970/63/87 2040/62/88 
f 110/70/89 2130/71/90 970/63/91 2065/69/92 
f 111/72/93 2116/66/94 970/63/95 2130/71/96 
f 10/73/97 2105/74/98 971/75/99 1939/76/100 
f 100/77/101 2131/78/102 971/75/103 2105/74/104 
f 96/79/105 1936/80/106 971/75/107 2131/78/108 
f 11/81/109 1939/76/110 971/75/111 1936/80/112 
f 9/84/113 2108/85/114 972/87/115 1940/88/116 
f 103/89/117 2132/90/118 972/87/119 2108/85/120 
f 97/93/121 1937/94/122 972/87/123 2132/90/124 
f 12/96/125 1940/88/126 972/87/127 1937/94/128 
f 70/97/129 2031/98/130 973/99/131 2069/100/132 
f 71/101/133 2068/102/134 973/99/135 2031/98/136 
f 62/103/137 2022/104/138 973/99/139 2068/102/140 
f 61/105/141 2069/100/142 973/99/143 2022/104/144 
f 15/108/145 1962/109/146 974/111/147 1946/112/148 
f 25/113/149 1968/114/150 974/111/151 1962/109/152 
f 28/117/153 1942/118/154 974/111/155 1968/114/156 
f 14/120/157 1946/112/158 974/111/159 1942/118/160 
f 13/121/161 1957/122/162 975/123/163 1947/126/164 
f 368/127/165 2652/128/166 975/123/167 1957/122/168 
f 367/129/169 1944/130/170 975/123/171 2652/128/172 
f 16/131/173 1947/126/174 975/123/175 1944/130/176 
f 67/132/177 2028/133/178 976/134/179 2072/135/180 
f 68/137/181 2071/139/182 976/134/183 2028/133/184 
f 65/5/185 2025/2/186 976/134/187 2071/139/188 
f 64/1/189 2072/135/190 976/134/191 2025/2/192 
f 19/140/193 1955/141/194 977/144/195 1953/145/196 
f 21/146/197 1961/147/198 977/144/199 1955/141/200 
f 24/154/201 1949/155/202 977/144/203 1961/147/204 
f 18/156/205 1953/145/206 977/144/207 1949/155/208 
f 17/158/209 2172/160/210 978/161/211 1954/162/212 
f 131/165/213 2181/166/214 978/161/215 2172/160/216 
f 134/168/217 1951/169/218 978/161/219 2181/166/220 
f 20/170/221 1954/162/222 978/161/223 1951/169/224 
f 403/171/225 2716/172/226 979/173/227 2717/174/228 
f 17/158/229 1954/162/230 979/173/231 2716/172/232 
f 20/170/233 2714/175/234 979/173/235 1954/162/236 
f 402/176/237 2717/174/238 979/173/239 2714/175/240 
f 61/105/241 2022/104/242 980/177/243 2651/178/244 
f 62/103/245 2074/179/246 980/177/247 2022/104/248 
f 371/180/249 2653/183/250 980/177/251 2074/179/252 
f 372/184/253 2651/178/254 980/177/255 2653/183/256 
f 21/146/257 1943/186/258 981/187/259 1961/147/260 
f 366/188/261 2654/189/262 981/187/263 1943/186/264 
f 369/192/265 1958/193/266 981/187/267 2654/189/268 
f 24/154/269 1961/147/270 981/187/271 1958/193/272 
f 27/195/273 1941/196/274 982/197/275 1966/198/276 
f 13/121/277 1947/126/278 982/197/279 1941/196/280 
f 16/131/281 1963/199/282 982/197/283 1947/126/284 
f 26/200/285 1966/198/286 982/197/287 1963/199/288 
f 444/148/289 2800/149/290 983/150/291 2803/151/292 
f 445/152/293 2801/153/294 983/150/295 2800/149/296 
f 446/201/297 2802/202/298 983/203/299 2801/204/300 
f 447/205/301 2803/206/302 983/203/303 2802/202/304 
f 25/113/305 2161/207/306 984/210/307 1968/114/308 
f 126/211/309 2167/213/310 984/210/311 2161/207/312 
f 125/214/313 1965/215/314 984/210/315 2167/213/316 
f 28/117/317 1968/114/318 984/210/319 1965/215/320 
f 400/216/321 2711/217/322 985/218/323 2712/219/324 
f 124/220/325 2168/221/326 985/218/327 2711/217/328 
f 127/222/329 2709/225/330 985/218/331 2168/221/332 
f 399/226/333 2712/219/334 985/218/335 2709/225/336 
f 85/228/337 2046/229/338 986/230/339 2664/231/340 
f 86/234/341 2080/235/342 986/230/343 2046/229/344 
f 378/237/345 2665/238/346 986/230/347 2080/235/348 
f 379/239/349 2664/231/350 986/230/351 2665/238/352 
f 29/240/353 1992/243/354 987/244/355 1975/245/356 
f 375/246/357 2666/247/358 987/244/359 1992/243/360 
f 374/248/361 1972/249/362 987/244/363 2666/247/364 
f 32/250/365 1975/245/366 987/244/367 1972/249/368 
f 659/251/369 3252/252/370 988/253/371 1978/254/372 
f 660/255/373 2133/257/374 988/253/375 3252/252/376 
f 247/259/377 2393/260/378 988/253/379 2133/257/380 
f 248/261/381 1978/254/382 988/253/383 2393/260/384 
f 82/264/385 2043/265/386 989/267/387 2084/268/388 
f 83/269/389 2083/270/390 989/267/391 2043/265/392 
f 77/271/393 2037/272/394 989/267/395 2083/270/396 
f 76/273/397 2084/268/398 989/267/399 2037/272/400 
f 263/274/401 2423/275/402 990/276/403 1980/277/404 
f 264/278/405 1991/279/406 990/276/407 2423/275/408 
f 259/282/409 2418/283/410 990/276/411 1991/279/412 
f 260/285/413 1980/277/414 990/276/415 2418/283/416 
f 76/273/417 2037/272/418 991/286/419 2119/287/420 
f 77/271/421 2086/288/422 991/286/423 2037/272/424 
f 113/290/425 2134/291/426 991/286/427 2086/288/428 
f 114/293/429 2119/287/430 991/286/431 2134/291/432 
f 683/294/433 3294/295/434 992/296/435 2421/298/436 
f 684/299/437 2135/300/438 992/296/439 3294/295/440 
f 261/301/441 2420/302/442 992/296/443 2135/300/444 
f 262/303/445 2421/298/446 992/296/447 2420/302/448 
f 243/304/449 2388/305/450 993/306/451 1986/307/452 
f 661/308/453 2136/309/454 993/306/455 2388/305/456 
f 245/313/457 2391/314/458 993/306/459 2136/309/460 
f 246/315/461 1986/307/462 993/306/463 2391/314/464 
f 658/317/465 3251/318/466 994/319/467 2387/321/468 
f 659/251/469 1978/254/470 994/319/471 3251/318/472 
f 248/261/473 2394/322/474 994/319/475 1978/254/476 
f 242/323/477 2387/321/478 994/319/479 2394/322/480 
f 54/324/481 2014/325/482 995/326/483 2211/327/484 
f 53/328/485 2089/329/486 995/326/487 2014/325/488 
f 150/330/489 2213/331/490 995/326/491 2089/329/492 
f 152/332/493 2211/327/494 995/326/495 2213/331/496 
f 264/278/497 3295/333/498 996/337/499 1991/279/500 
f 677/338/501 2416/339/502 996/337/503 3295/333/504 
f 258/340/505 2417/341/506 996/337/507 2416/339/508 
f 259/282/509 1991/279/510 996/337/511 2417/341/512 
f 42/342/513 1971/343/514 997/344/515 1996/345/516 
f 373/346/517 2667/347/518 997/344/519 1971/343/520 
f 376/348/521 1993/349/522 997/344/523 2667/347/524 
f 41/350/525 1996/345/526 997/344/527 1993/349/528 
f 58/351/529 2019/354/530 998/355/531 2125/357/532 
f 59/358/533 2092/359/534 998/355/535 2019/354/536 
f 119/360/537 2139/362/538 998/355/539 2092/359/540 
f 120/363/541 2125/357/542 998/355/543 2139/362/544 
f 780/364/545 3481/365/546 999/366/547 2597/367/548 
f 777/372/549 2595/373/550 999/366/551 3481/365/552 
f 344/375/553 2596/376/554 999/366/555 2595/373/556 
f 345/377/557 2597/367/558 999/366/559 2596/376/560 
f 4/378/561 1934/381/562 1000/383/563 2003/385/564 
f 8/386/565 2004/387/566 1000/383/567 1934/381/568 
f 107/388/569 2141/391/570 1000/383/571 2004/387/572 
f 106/392/573 2003/385/574 1000/383/575 2141/391/576 
f 52/393/577 2013/394/578 1001/395/579 2128/396/580 
f 53/328/581 2095/397/582 1001/395/583 2013/394/584 
f 122/398/585 2142/399/586 1001/395/587 2095/397/588 
f 123/400/589 2128/396/590 1001/395/591 2142/399/592 
f 6/401/593 1932/402/594 1002/403/595 2005/404/596 
f 2/405/597 2002/406/598 1002/403/599 1932/402/600 
f 105/407/601 2143/408/602 1002/403/603 2002/406/604 
f 108/409/605 2005/404/606 1002/403/607 2143/408/608 
f 1/12/609 1933/16/610 1003/410/611 2687/411/612 
f 5/24/613 2011/412/614 1003/410/615 1933/16/616 
f 388/413/617 2693/414/618 1003/410/619 2011/412/620 
f 387/415/621 2687/411/622 1003/410/623 2693/414/624 
f 55/416/625 2016/417/626 1004/418/627 2692/419/628 
f 56/420/629 2098/421/630 1004/418/631 2016/417/632 
f 391/422/633 2694/423/634 1004/418/635 2098/421/636 
f 392/424/637 2692/419/638 1004/418/639 2694/423/640 
f 7/425/641 1935/426/642 1005/427/643 2012/428/644 
f 3/429/645 2009/430/646 1005/427/647 1935/426/648 
f 386/431/649 2695/432/650 1005/427/651 2009/430/652 
f 389/433/653 2012/428/654 1005/427/655 2695/432/656 
f 66/434/657 2027/435/658 1006/436/659 2055/437/660 
f 20/170/661 1951/169/662 1006/436/663 2027/435/664 
f 134/168/665 2182/438/666 1006/436/667 1951/169/668 
f 135/439/669 2055/437/670 1006/436/671 2182/438/672 
f 65/5/673 2026/440/674 1007/441/675 2056/6/676 
f 66/434/677 2055/437/678 1007/441/679 2026/440/680 
f 135/439/681 2183/442/682 1007/441/683 2055/437/684 
f 136/7/685 2056/6/686 1007/441/687 2183/442/688 
f 55/416/689 1931/443/690 1008/444/691 2057/445/692 
f 5/24/693 1928/22/694 1008/444/695 1931/443/696 
f 132/21/697 2184/446/698 1008/444/699 1928/22/700 
f 137/9/701 2057/445/702 1008/444/703 2184/446/704 
f 179/447/705 2254/448/706 1009/449/707 2058/450/708 
f 180/451/709 2185/452/710 1009/449/711 2254/448/712 
f 167/453/713 2242/454/714 1009/449/715 2185/452/716 
f 168/455/717 2058/450/718 1009/449/719 2242/454/720 
f 178/31/721 2253/456/722 1010/457/723 2059/33/724 
f 179/447/725 2058/450/726 1010/457/727 2253/456/728 
f 168/455/729 2243/458/730 1010/457/731 2058/450/732 
f 169/34/733 2059/33/734 1010/457/735 2243/458/736 
f 170/36/737 2245/459/738 1011/460/739 2060/30/740 
f 171/461/741 2190/462/742 1011/460/743 2245/459/744 
f 176/463/745 2251/464/746 1011/460/747 2190/462/748 
f 177/25/749 2060/30/750 1011/460/751 2251/464/752 
f 824/465/753 3565/466/754 1012/467/755 2061/468/756 
f 819/469/757 2671/470/758 1012/467/759 3565/466/760 
f 380/471/761 2672/472/762 1012/467/763 2671/470/764 
f 381/473/765 2061/468/766 1012/467/767 2672/472/768 
f 823/474/769 3564/475/770 1013/476/771 2674/477/772 
f 824/465/773 2061/468/774 1013/476/775 3564/475/776 
f 381/473/777 2673/478/778 1013/476/779 2061/468/780 
f 382/479/781 2674/477/782 1013/476/783 2673/478/784 
f 384/60/785 2681/480/786 1014/481/787 2063/52/788 
f 385/482/789 2682/483/790 1014/481/791 2681/480/792 
f 825/484/793 3570/485/794 1014/481/795 2682/483/796 
f 826/49/797 2063/52/798 1014/481/799 3570/485/800 
f 81/486/801 2042/487/802 1015/488/803 2064/489/804 
f 37/490/805 1983/491/806 1015/488/807 2042/487/808 
f 101/492/809 2144/493/810 1015/488/811 1983/491/812 
f 109/494/813 2064/489/814 1015/488/815 2144/493/816 
f 80/67/817 2041/495/818 1016/496/819 2065/69/820 
f 81/486/821 2064/489/822 1016/496/823 2041/495/824 
f 109/494/825 2145/497/826 1016/496/827 2064/489/828 
f 110/70/829 2065/69/830 1016/496/831 2145/497/832 
f 58/351/833 1938/498/834 1017/499/835 2066/500/836 
f 11/81/837 1936/80/838 1017/499/839 1938/498/840 
f 96/79/841 2146/501/842 1017/499/843 1936/80/844 
f 111/72/845 2066/500/846 1017/499/847 2146/501/848 
f 71/101/849 2032/502/850 1018/503/851 2068/102/852 
f 72/504/853 2067/505/854 1018/503/855 2032/502/856 
f 63/506/857 2023/507/858 1018/503/859 2067/505/860 
f 62/103/861 2068/102/862 1018/503/863 2023/507/864 
f 61/105/865 1945/508/866 1019/509/867 2069/100/868 
f 14/120/869 1942/118/870 1019/509/871 1945/508/872 
f 28/117/873 1967/510/874 1019/509/875 1942/118/876 
f 70/97/877 2069/100/878 1019/509/879 1967/510/880 
f 69/511/881 2030/512/882 1020/513/883 2070/514/884 
f 394/515/885 2713/516/886 1020/513/887 2030/512/888 
f 401/517/889 2719/518/890 1020/513/891 2713/516/892 
f 66/434/893 2070/514/894 1020/513/895 2719/518/896 
f 68/137/897 2029/519/898 1021/520/899 2071/139/900 
f 69/511/901 2070/514/902 1021/520/903 2029/519/904 
f 66/434/905 2026/440/906 1021/520/907 2070/514/908 
f 65/5/909 2071/139/910 1021/520/911 2026/440/912 
f 64/1/913 1952/521/914 1022/522/915 2072/135/916 
f 18/156/917 1949/155/918 1022/522/919 1952/521/920 
f 24/154/921 1960/523/922 1022/522/923 1949/155/924 
f 67/132/925 2072/135/926 1022/522/927 1960/523/928 
f 62/103/929 2023/507/930 1023/524/931 2074/179/932 
f 63/506/933 2073/525/934 1023/524/935 2023/507/936 
f 370/526/937 2656/527/938 1023/524/939 2073/525/940 
f 371/180/941 2074/179/942 1023/524/943 2656/527/944 
f 67/132/945 1960/523/946 1024/528/947 2075/529/948 
f 24/154/949 1958/193/950 1024/528/951 1960/523/952 
f 369/192/953 2657/530/954 1024/528/955 1958/193/956 
f 372/184/957 2075/529/958 1024/528/959 2657/530/960 
f 398/531/961 2710/532/962 1025/533/963 2708/534/964 
f 399/226/965 2709/225/966 1025/533/967 2710/532/968 
f 127/222/969 2169/535/970 1025/533/971 2709/225/972 
f 396/536/973 2708/534/974 1025/533/975 2169/535/976 
f 74/537/977 2035/538/978 1026/539/979 2077/540/980 
f 75/541/981 2076/542/982 1026/539/983 2035/538/984 
f 128/543/985 2170/544/986 1026/539/987 2076/542/988 
f 129/545/989 2077/540/990 1026/539/991 2170/544/992 
f 70/97/993 1967/510/994 1027/546/995 2078/547/996 
f 28/117/997 1965/215/998 1027/546/999 1967/510/1000 
f 125/214/1001 2171/548/1002 1027/546/1003 1965/215/1004 
f 130/549/1005 2078/547/1006 1027/546/1007 2171/548/1008 
f 87/550/1009 2048/551/1010 1028/552/1011 2079/553/1012 
f 41/350/1013 1993/349/1014 1028/552/1015 2048/551/1016 
f 376/348/1017 2668/554/1018 1028/552/1019 1993/349/1020 
f 377/555/1021 2079/553/1022 1028/552/1023 2668/554/1024 
f 86/234/1025 2047/556/1026 1029/557/1027 2080/235/1028 
f 87/550/1029 2079/553/1030 1029/557/1031 2047/556/1032 
f 377/555/1033 2669/558/1034 1029/557/1035 2079/553/1036 
f 378/237/1037 2080/235/1038 1029/557/1039 2669/558/1040 
f 73/559/1041 1974/560/1042 1030/561/1043 2081/562/1044 
f 32/250/1045 1972/249/1046 1030/561/1047 1974/560/1048 
f 374/248/1049 2670/565/1050 1030/561/1051 1972/249/1052 
f 379/239/1053 2081/562/1054 1030/561/1055 2670/565/1056 
f 84/566/1057 2045/568/1058 1031/569/1059 2082/570/1060 
f 38/571/1061 1987/572/1062 1031/569/1063 2045/568/1064 
f 33/573/1065 2039/575/1066 1031/569/1067 1987/572/1068 
f 78/577/1069 2082/570/1070 1031/569/1071 2039/575/1072 
f 83/269/1073 2044/578/1074 1032/580/1075 2083/270/1076 
f 84/566/1077 2082/570/1078 1032/580/1079 2044/578/1080 
f 78/577/1081 2038/581/1082 1032/580/1083 2082/570/1084 
f 77/271/1085 2083/270/1086 1032/580/1087 2038/581/1088 
f 76/273/1089 1979/583/1090 1033/584/1091 2084/268/1092 
f 34/585/1093 1977/586/1094 1033/584/1095 1979/583/1096 
f 39/588/1097 1990/589/1098 1033/584/1099 1977/586/1100 
f 82/264/1101 2084/268/1102 1033/584/1103 1990/589/1104 
f 78/577/1105 2039/575/1106 1034/591/1107 2085/593/1108 
f 33/573/1109 1976/594/1110 1034/591/1111 2039/575/1112 
f 98/595/1113 2147/596/1114 1034/591/1115 1976/594/1116 
f 112/597/1117 2085/593/1118 1034/591/1119 2147/596/1120 
f 77/271/1121 2038/581/1122 1035/598/1123 2086/288/1124 
f 78/577/1125 2085/593/1126 1035/598/1127 2038/581/1128 
f 112/597/1129 2148/599/1130 1035/598/1131 2085/593/1132 
f 113/290/1133 2086/288/1134 1035/598/1135 2148/599/1136 
f 79/61/1137 1984/602/1138 1036/603/1139 2087/605/1140 
f 35/606/1141 1981/607/1142 1036/603/1143 1984/602/1144 
f 99/608/1145 2149/609/1146 1036/603/1147 1981/607/1148 
f 114/293/1149 2087/605/1150 1036/603/1151 2149/609/1152 
f 52/393/1153 1929/610/1154 1037/613/1155 2088/614/1156 
f 8/386/1157 1930/616/1158 1037/613/1159 1929/610/1160 
f 148/617/1161 2214/618/1162 1037/613/1163 1930/616/1164 
f 149/619/1165 2088/614/1166 1037/613/1167 2214/618/1168 
f 53/328/1169 2013/394/1170 1038/620/1171 2089/329/1172 
f 52/393/1173 2088/614/1174 1038/620/1175 2013/394/1176 
f 149/619/1177 2215/621/1178 1038/620/1179 2088/614/1180 
f 150/330/1181 2089/329/1182 1038/620/1183 2215/621/1184 
f 82/264/1185 1990/589/1186 1039/624/1187 2090/625/1188 
f 39/588/1189 1988/626/1190 1039/624/1191 1990/589/1192 
f 102/627/1193 2152/629/1194 1039/624/1195 1988/626/1196 
f 117/631/1197 2090/625/1198 1039/624/1199 2152/629/1200 
f 60/632/1201 2021/633/1202 1040/634/1203 2091/635/1204 
f 12/96/1205 1937/94/1206 1040/634/1207 2021/633/1208 
f 97/93/1209 2153/636/1210 1040/634/1211 1937/94/1212 
f 118/637/1213 2091/635/1214 1040/634/1215 2153/636/1216 
f 59/358/1217 2020/638/1218 1041/639/1219 2092/359/1220 
f 60/632/1221 2091/635/1222 1041/639/1223 2020/638/1224 
f 118/637/1225 2154/640/1226 1041/639/1227 2091/635/1228 
f 119/360/1229 2092/359/1230 1041/639/1231 2154/640/1232 
f 85/228/1233 1997/641/1234 1042/642/1235 2093/643/1236 
f 43/644/1237 1995/645/1238 1042/642/1239 1997/641/1240 
f 104/646/1241 2155/647/1242 1042/642/1243 1995/645/1244 
f 120/363/1245 2093/643/1246 1042/642/1247 2155/647/1248 
f 54/324/1249 2015/648/1250 1043/649/1251 2094/650/1252 
f 6/401/1253 2005/404/1254 1043/649/1255 2015/648/1256 
f 108/409/1257 2156/651/1258 1043/649/1259 2005/404/1260 
f 121/652/1261 2094/650/1262 1043/649/1263 2156/651/1264 
f 53/328/1265 2014/325/1266 1044/653/1267 2095/397/1268 
f 54/324/1269 2094/650/1270 1044/653/1271 2014/325/1272 
f 121/652/1273 2157/654/1274 1044/653/1275 2094/650/1276 
f 122/398/1277 2095/397/1278 1044/653/1279 2157/654/1280 
f 88/655/1281 2000/656/1282 1045/657/1283 2096/658/1284 
f 46/659/1285 2112/660/1286 1045/657/1287 2000/656/1288 
f 107/388/1289 2158/661/1290 1045/657/1291 2112/660/1292 
f 123/400/1293 2096/658/1294 1045/657/1295 2158/661/1296 
f 57/662/1297 2018/663/1298 1046/664/1299 2097/665/1300 
f 7/425/1301 2012/428/1302 1046/664/1303 2018/663/1304 
f 389/433/1305 2696/666/1306 1046/664/1307 2012/428/1308 
f 390/667/1309 2097/665/1310 1046/664/1311 2696/666/1312 
f 56/420/1313 2017/668/1314 1047/669/1315 2098/421/1316 
f 57/662/1317 2097/665/1318 1047/669/1319 2017/668/1320 
f 390/667/1321 2697/670/1322 1047/669/1323 2097/665/1324 
f 391/422/1325 2098/421/1326 1047/669/1327 2697/670/1328 
f 92/671/1329 2007/672/1330 1048/674/1331 2099/675/1332 
f 50/677/1333 2688/678/1334 1048/674/1335 2007/672/1336 
f 388/413/1337 2698/679/1338 1048/674/1339 2688/678/1340 
f 392/424/1341 2099/675/1342 1048/674/1343 2698/679/1344 
f 647/680/1345 3231/681/1346 1049/682/1347 2129/683/1348 
f 648/684/1349 1989/685/1350 1049/682/1351 3231/681/1352 
f 240/686/1353 2376/687/1354 1049/682/1355 1989/685/1356 
f 241/688/1357 2129/683/1358 1049/682/1359 2376/687/1360 
f 110/70/1361 2115/690/1362 1050/691/1363 2130/71/1364 
f 59/358/1365 2019/354/1366 1050/691/1367 2115/690/1368 
f 58/351/1369 2066/500/1370 1050/691/1371 2019/354/1372 
f 111/72/1373 2130/71/1374 1050/691/1375 2066/500/1376 
f 100/77/1377 1982/693/1378 1051/694/1379 2131/78/1380 
f 36/695/1381 1985/696/1382 1051/694/1383 1982/693/1384 
f 35/606/1385 2101/697/1386 1051/694/1387 1985/696/1388 
f 96/79/1389 2131/78/1390 1051/694/1391 2101/697/1392 
f 103/89/1393 1994/698/1394 1052/700/1395 2132/90/1396 
f 42/342/1397 1996/345/1398 1052/700/1399 1994/698/1400 
f 41/350/1401 2102/701/1402 1052/700/1403 1996/345/1404 
f 97/93/1405 2132/90/1406 1052/700/1407 2102/701/1408 
f 660/255/1409 3253/703/1410 1053/704/1411 2133/257/1412 
f 243/304/1413 1986/307/1414 1053/704/1415 3253/703/1416 
f 246/315/1417 2392/705/1418 1053/704/1419 1986/307/1420 
f 247/259/1421 2133/257/1422 1053/704/1423 2392/705/1424 
f 113/290/1425 2118/706/1426 1054/708/1427 2134/291/1428 
f 80/67/1429 2040/62/1430 1054/708/1431 2118/706/1432 
f 79/61/1433 2087/605/1434 1054/708/1435 2040/62/1436 
f 114/293/1437 2134/291/1438 1054/708/1439 2087/605/1440 
f 684/299/1441 2422/709/1442 1055/710/1443 2135/300/1444 
f 263/274/1445 1980/277/1446 1055/710/1447 2422/709/1448 
f 260/285/1449 2419/711/1450 1055/710/1451 1980/277/1452 
f 261/301/1453 2135/300/1454 1055/710/1455 2419/711/1456 
f 661/308/1457 3254/712/1458 1056/713/1459 2136/309/1460 
f 662/714/1461 2389/715/1462 1056/713/1463 3254/712/1464 
f 244/716/1465 2390/717/1466 1056/713/1467 2389/715/1468 
f 245/313/1469 2136/309/1470 1056/713/1471 2390/717/1472 
f 116/718/1473 2121/719/1474 1057/720/1475 2137/721/1476 
f 83/269/1477 2043/265/1478 1057/720/1479 2121/719/1480 
f 82/264/1481 2090/625/1482 1057/720/1483 2043/265/1484 
f 117/631/1485 2137/721/1486 1057/720/1487 2090/625/1488 
f 257/722/1489 3278/723/1490 1058/724/1491 2138/725/1492 
f 668/726/1493 2216/727/1494 1058/724/1495 3278/723/1496 
f 250/728/1497 2403/729/1498 1058/724/1499 2216/727/1500 
f 251/733/1501 2138/725/1502 1058/724/1503 2403/729/1504 
f 119/360/1505 2124/734/1506 1059/735/1507 2139/362/1508 
f 86/234/1509 2046/229/1510 1059/735/1511 2124/734/1512 
f 85/228/1513 2093/643/1514 1059/735/1515 2046/229/1516 
f 120/363/1517 2139/362/1518 1059/735/1519 2093/643/1520 
f 771/736/1521 3469/738/1522 1060/739/1523 2140/740/1524 
f 772/741/1525 2588/742/1526 1060/739/1527 3469/738/1528 
f 341/743/1529 2589/744/1530 1060/739/1531 2588/742/1532 
f 342/745/1533 2140/740/1534 1060/739/1535 2589/744/1536 
f 107/388/1537 2112/660/1538 1061/746/1539 2141/391/1540 
f 46/659/1541 1999/747/1542 1061/746/1543 2112/660/1544 
f 45/748/1545 2111/749/1546 1061/746/1547 1999/747/1548 
f 106/392/1549 2141/391/1550 1061/746/1551 2111/749/1552 
f 122/398/1553 2127/750/1554 1062/751/1555 2142/399/1556 
f 89/752/1557 2049/753/1558 1062/751/1559 2127/750/1560 
f 88/655/1561 2096/658/1562 1062/751/1563 2049/753/1564 
f 123/400/1565 2142/399/1566 1062/751/1567 2096/658/1568 
f 105/407/1569 2110/754/1570 1063/755/1571 2143/408/1572 
f 44/757/1573 2001/758/1574 1063/755/1575 2110/754/1576 
f 47/760/1577 2113/761/1578 1063/755/1579 2001/758/1580 
f 108/409/1581 2143/408/1582 1063/755/1583 2113/761/1584 
f 101/492/1585 2106/762/1586 1064/763/1587 2144/493/1588 
f 12/96/1589 2021/633/1590 1064/763/1591 2106/762/1592 
f 60/632/1593 2114/764/1594 1064/763/1595 2021/633/1596 
f 109/494/1597 2144/493/1598 1064/763/1599 2114/764/1600 
f 109/494/1601 2114/764/1602 1065/765/1603 2145/497/1604 
f 60/632/1605 2020/638/1606 1065/765/1607 2114/764/1608 
f 59/358/1609 2115/690/1610 1065/765/1611 2020/638/1612 
f 110/70/1613 2145/497/1614 1065/765/1615 2115/690/1616 
f 96/79/1617 2101/697/1618 1066/766/1619 2146/501/1620 
f 35/606/1621 1984/602/1622 1066/766/1623 2101/697/1624 
f 79/61/1625 2116/66/1626 1066/766/1627 1984/602/1628 
f 111/72/1629 2146/501/1630 1066/766/1631 2116/66/1632 
f 98/595/1633 2103/767/1634 1067/769/1635 2147/596/1636 
f 37/490/1637 2042/487/1638 1067/769/1639 2103/767/1640 
f 81/486/1641 2117/771/1642 1067/769/1643 2042/487/1644 
f 112/597/1645 2147/596/1646 1067/769/1647 2117/771/1648 
f 112/597/1649 2117/771/1650 1068/772/1651 2148/599/1652 
f 81/486/1653 2041/495/1654 1068/772/1655 2117/771/1656 
f 80/67/1657 2118/706/1658 1068/772/1659 2041/495/1660 
f 113/290/1661 2148/599/1662 1068/772/1663 2118/706/1664 
f 99/608/1665 2104/773/1666 1069/774/1667 2149/609/1668 
f 34/585/1669 1979/583/1670 1069/774/1671 2104/773/1672 
f 76/273/1673 2119/287/1674 1069/774/1675 1979/583/1676 
f 114/293/1677 2149/609/1678 1069/774/1679 2119/287/1680 
f 95/775/1681 2100/776/1682 1070/778/1683 2150/779/1684 
f 38/571/1685 2045/568/1686 1070/778/1687 2100/776/1688 
f 84/566/1689 2120/780/1690 1070/778/1691 2045/568/1692 
f 115/782/1693 2150/779/1694 1070/778/1695 2120/780/1696 
f 115/782/1697 2120/780/1698 1071/783/1699 2151/784/1700 
f 84/566/1701 2044/578/1702 1071/783/1703 2120/780/1704 
f 83/269/1705 2121/719/1706 1071/783/1707 2044/578/1708 
f 116/718/1709 2151/784/1710 1071/783/1711 2121/719/1712 
f 102/627/1713 2107/785/1714 1072/786/1715 2152/629/1716 
f 151/787/1717 2217/788/1718 1072/786/1719 2107/785/1720 
f 152/332/1721 2122/789/1722 1072/786/1723 2217/788/1724 
f 117/631/1725 2152/629/1726 1072/786/1727 2122/789/1728 
f 97/93/1729 2102/701/1730 1073/790/1731 2153/636/1732 
f 41/350/1733 2048/551/1734 1073/790/1735 2102/701/1736 
f 87/550/1737 2123/791/1738 1073/790/1739 2048/551/1740 
f 118/637/1741 2153/636/1742 1073/790/1743 2123/791/1744 
f 118/637/1745 2123/791/1746 1074/792/1747 2154/640/1748 
f 87/550/1749 2047/556/1750 1074/792/1751 2123/791/1752 
f 86/234/1753 2124/734/1754 1074/792/1755 2047/556/1756 
f 119/360/1757 2154/640/1758 1074/792/1759 2124/734/1760 
f 104/646/1761 2109/793/1762 1075/794/1763 2155/647/1764 
f 11/81/1765 1938/498/1766 1075/794/1767 2109/793/1768 
f 58/351/1769 2125/357/1770 1075/794/1771 1938/498/1772 
f 120/363/1773 2155/647/1774 1075/794/1775 2125/357/1776 
f 108/409/1777 2113/761/1778 1076/795/1779 2156/651/1780 
f 47/760/1781 2051/796/1782 1076/795/1783 2113/761/1784 
f 90/797/1785 2126/798/1786 1076/795/1787 2051/796/1788 
f 121/652/1789 2156/651/1790 1076/795/1791 2126/798/1792 
f 121/652/1793 2126/798/1794 1077/799/1795 2157/654/1796 
f 90/797/1797 2050/800/1798 1077/799/1799 2126/798/1800 
f 89/752/1801 2127/750/1802 1077/799/1803 2050/800/1804 
f 122/398/1805 2157/654/1806 1077/799/1807 2127/750/1808 
f 107/388/1809 2004/387/1810 1078/801/1811 2158/661/1812 
f 8/386/1813 1929/610/1814 1078/801/1815 2004/387/1816 
f 52/393/1817 2128/396/1818 1078/801/1819 1929/610/1820 
f 123/400/1821 2158/661/1822 1078/801/1823 2128/396/1824 
f 129/545/1825 2164/802/1826 1079/803/1827 2166/804/1828 
f 71/101/1829 2031/98/1830 1079/803/1831 2164/802/1832 
f 70/97/1833 2078/547/1834 1079/803/1835 2031/98/1836 
f 130/549/1837 2166/804/1838 1079/803/1839 2078/547/1840 
f 126/211/1841 1969/805/1842 1080/806/1843 2167/213/1844 
f 29/240/1845 1975/245/1846 1080/806/1847 1969/805/1848 
f 32/250/1849 2160/807/1850 1080/806/1851 1975/245/1852 
f 125/214/1853 2167/213/1854 1080/806/1855 2160/807/1856 
f 124/220/1857 1964/808/1858 1081/809/1859 2168/221/1860 
f 27/195/1861 1966/198/1862 1081/809/1863 1964/808/1864 
f 26/200/1865 2162/810/1866 1081/809/1867 1966/198/1868 
f 127/222/1869 2168/221/1870 1081/809/1871 2162/810/1872 
f 127/222/1873 2162/810/1874 1082/811/1875 2169/535/1876 
f 26/200/1877 2701/812/1878 1082/811/1879 2162/810/1880 
f 395/813/1881 2706/814/1882 1082/811/1883 2701/812/1884 
f 396/536/1885 2169/535/1886 1082/811/1887 2706/814/1888 
f 128/543/1889 2163/817/1890 1083/818/1891 2170/544/1892 
f 72/504/1893 2032/502/1894 1083/818/1895 2163/817/1896 
f 71/101/1897 2164/802/1898 1083/818/1899 2032/502/1900 
f 129/545/1901 2170/544/1902 1083/818/1903 2164/802/1904 
f 125/214/1905 2160/807/1906 1084/819/1907 2171/548/1908 
f 32/250/1909 1974/560/1910 1084/819/1911 2160/807/1912 
f 73/559/1913 2165/820/1914 1084/819/1915 1974/560/1916 
f 130/549/1917 2171/548/1918 1084/819/1919 2165/820/1920 
f 136/7/1921 2177/821/1922 1085/822/1923 2179/8/1924 
f 56/420/1925 2016/417/1926 1085/822/1927 2177/821/1928 
f 55/416/1929 2057/445/1930 1085/822/1931 2016/417/1932 
f 137/9/1933 2179/8/1934 1085/822/1935 2057/445/1936 
f 133/17/1937 1950/823/1938 1086/827/1939 2180/18/1940 
f 19/140/1941 1953/145/1942 1086/827/1943 1950/823/1944 
f 18/156/1945 2173/828/1946 1086/827/1947 1953/145/1948 
f 132/21/1949 2180/18/1950 1086/827/1951 2173/828/1952 
f 131/165/1953 1927/829/1954 1087/830/1955 2181/166/1956 
f 3/429/1957 1935/426/1958 1087/830/1959 1927/829/1960 
f 7/425/1961 2175/831/1962 1087/830/1963 1935/426/1964 
f 134/168/1965 2181/166/1966 1087/830/1967 2175/831/1968 
f 134/168/1969 2175/831/1970 1088/832/1971 2182/438/1972 
f 7/425/1973 2018/663/1974 1088/832/1975 2175/831/1976 
f 57/662/1977 2176/833/1978 1088/832/1979 2018/663/1980 
f 135/439/1981 2182/438/1982 1088/832/1983 2176/833/1984 
f 135/439/1985 2176/833/1986 1089/834/1987 2183/442/1988 
f 57/662/1989 2017/668/1990 1089/834/1991 2176/833/1992 
f 56/420/1993 2177/821/1994 1089/834/1995 2017/668/1996 
f 136/7/1997 2183/442/1998 1089/834/1999 2177/821/2000 
f 132/21/2001 2173/828/2002 1090/835/2003 2184/446/2004 
f 18/156/2005 1952/521/2006 1090/835/2007 2173/828/2008 
f 64/1/2009 2178/4/2010 1090/835/2011 1952/521/2012 
f 137/9/2013 2184/446/2014 1090/835/2015 2178/4/2016 
f 164/836/2017 2239/837/2018 1091/838/2019 2256/839/2020 
f 165/840/2021 2240/841/2022 1091/838/2023 2239/837/2024 
f 166/842/2025 2201/843/2026 1091/838/2027 2240/841/2028 
f 181/844/2029 2256/839/2030 1091/838/2031 2201/843/2032 
f 46/659/2033 2000/656/2034 1092/845/2035 2191/846/2036 
f 88/655/2037 2192/847/2038 1092/845/2039 2000/656/2040 
f 144/848/2041 2202/849/2042 1092/845/2043 2192/847/2044 
f 143/850/2045 2191/846/2046 1092/845/2047 2202/849/2048 
f 88/655/2049 2049/753/2050 1093/851/2051 2192/847/2052 
f 89/752/2053 2193/852/2054 1093/851/2055 2049/753/2056 
f 145/853/2057 2203/854/2058 1093/851/2059 2193/852/2060 
f 144/848/2061 2192/847/2062 1093/851/2063 2203/854/2064 
f 89/752/2065 2050/800/2066 1094/855/2067 2193/852/2068 
f 90/797/2069 2194/856/2070 1094/855/2071 2050/800/2072 
f 146/857/2073 2204/858/2074 1094/855/2075 2194/856/2076 
f 145/853/2077 2193/852/2078 1094/855/2079 2204/858/2080 
f 90/797/2081 2051/796/2082 1095/859/2083 2194/856/2084 
f 47/760/2085 2195/860/2086 1095/859/2087 2051/796/2088 
f 147/861/2089 2205/862/2090 1095/859/2091 2195/860/2092 
f 146/857/2093 2194/856/2094 1095/859/2095 2205/862/2096 
f 173/863/2097 2248/864/2098 1096/865/2099 2247/866/2100 
f 174/867/2101 2249/868/2102 1096/865/2103 2248/864/2104 
f 175/869/2105 2206/870/2106 1096/865/2107 2249/868/2108 
f 172/871/2109 2247/866/2110 1096/865/2111 2206/870/2112 
f 166/842/2113 2241/872/2114 1097/873/2115 2201/843/2116 
f 167/453/2117 2185/452/2118 1097/873/2119 2241/872/2120 
f 180/451/2121 2255/874/2122 1097/873/2123 2185/452/2124 
f 181/844/2125 2201/843/2126 1097/873/2127 2255/874/2128 
f 144/848/2129 2197/877/2130 1098/878/2131 2202/849/2132 
f 139/880/2133 2186/881/2134 1098/878/2135 2197/877/2136 
f 138/882/2137 2196/883/2138 1098/878/2139 2186/881/2140 
f 143/850/2141 2202/849/2142 1098/878/2143 2196/883/2144 
f 145/853/2145 2198/884/2146 1099/887/2147 2203/854/2148 
f 140/888/2149 2187/891/2150 1099/887/2151 2198/884/2152 
f 139/880/2153 2197/877/2154 1099/887/2155 2187/891/2156 
f 144/848/2157 2203/854/2158 1099/887/2159 2197/877/2160 
f 146/857/2161 2199/892/2162 1100/893/2163 2204/858/2164 
f 141/894/2165 2188/895/2166 1100/893/2167 2199/892/2168 
f 140/888/2169 2198/884/2170 1100/893/2171 2188/895/2172 
f 145/853/2173 2204/858/2174 1100/893/2175 2198/884/2176 
f 147/861/2177 2200/896/2178 1101/897/2179 2205/862/2180 
f 142/898/2181 2189/899/2182 1101/897/2183 2200/896/2184 
f 141/894/2185 2199/892/2186 1101/897/2187 2189/899/2188 
f 146/857/2189 2205/862/2190 1101/897/2191 2199/892/2192 
f 175/869/2193 2250/900/2194 1102/901/2195 2206/870/2196 
f 176/463/2197 2190/462/2198 1102/901/2199 2250/900/2200 
f 171/461/2201 2246/902/2202 1102/901/2203 2190/462/2204 
f 172/871/2205 2206/870/2206 1102/901/2207 2246/902/2208 
f 234/44/2209 2369/903/2210 1103/904/2211 2212/45/2212 
f 647/680/2213 2129/683/2214 1103/904/2215 2369/903/2216 
f 241/688/2217 2377/905/2218 1103/904/2219 2129/683/2220 
f 232/46/2221 2212/45/2222 1103/904/2223 2377/905/2224 
f 150/330/2225 2209/906/2226 1104/907/2227 2213/331/2228 
f 116/718/2229 2137/721/2230 1104/907/2231 2209/906/2232 
f 117/631/2233 2122/789/2234 1104/907/2235 2137/721/2236 
f 152/332/2237 2213/331/2238 1104/907/2239 2122/789/2240 
f 148/617/2241 2207/908/2242 1105/909/2243 2214/618/2244 
f 95/775/2245 2150/779/2246 1105/909/2247 2207/908/2248 
f 115/782/2249 2208/910/2250 1105/909/2251 2150/779/2252 
f 149/619/2253 2214/618/2254 1105/909/2255 2208/910/2256 
f 149/619/2257 2208/910/2258 1106/911/2259 2215/621/2260 
f 115/782/2261 2151/784/2262 1106/911/2263 2208/910/2264 
f 116/718/2265 2209/906/2266 1106/911/2267 2151/784/2268 
f 150/330/2269 2215/621/2270 1106/911/2271 2209/906/2272 
f 668/726/2273 3269/912/2274 1107/913/2275 2216/727/2276 
f 669/914/2277 2401/915/2278 1107/913/2279 3269/912/2280 
f 249/916/2281 2402/917/2282 1107/913/2283 2401/915/2284 
f 250/728/2285 2216/727/2286 1107/913/2287 2402/917/2288 
f 151/787/2289 2210/918/2290 1108/919/2291 2217/788/2292 
f 6/401/2293 2015/648/2294 1108/919/2295 2210/918/2296 
f 54/324/2297 2211/327/2298 1108/919/2299 2015/648/2300 
f 152/332/2301 2217/788/2302 1108/919/2303 2211/327/2304 
f 45/748/2305 1999/747/2306 1109/920/2307 2228/921/2308 
f 46/659/2309 2229/922/2310 1109/920/2311 1999/747/2312 
f 154/923/2313 2218/924/2314 1109/920/2315 2229/922/2316 
f 153/925/2317 2228/921/2318 1109/920/2319 2218/924/2320 
f 46/659/2321 2191/846/2322 1110/926/2323 2229/922/2324 
f 143/850/2325 2230/927/2326 1110/926/2327 2191/846/2328 
f 155/928/2329 2219/929/2330 1110/926/2331 2230/927/2332 
f 154/923/2333 2229/922/2334 1110/926/2335 2219/929/2336 
f 143/850/2337 2196/883/2338 1111/930/2339 2230/927/2340 
f 138/882/2341 2231/931/2342 1111/930/2343 2196/883/2344 
f 156/932/2345 2220/933/2346 1111/930/2347 2231/931/2348 
f 155/928/2349 2230/927/2350 1111/930/2351 2220/933/2352 
f 138/882/2353 2186/881/2354 1112/934/2355 2231/931/2356 
f 139/880/2357 2232/935/2358 1112/934/2359 2186/881/2360 
f 157/936/2361 2221/937/2362 1112/934/2363 2232/935/2364 
f 156/932/2365 2231/931/2366 1112/934/2367 2221/937/2368 
f 139/880/2369 2187/891/2370 1113/938/2371 2232/935/2372 
f 140/888/2373 2233/939/2374 1113/938/2375 2187/891/2376 
f 158/940/2377 2222/941/2378 1113/938/2379 2233/939/2380 
f 157/936/2381 2232/935/2382 1113/938/2383 2222/941/2384 
f 140/888/2385 2188/895/2386 1114/942/2387 2233/939/2388 
f 141/894/2389 2234/943/2390 1114/942/2391 2188/895/2392 
f 159/944/2393 2223/945/2394 1114/942/2395 2234/943/2396 
f 158/940/2397 2233/939/2398 1114/942/2399 2223/945/2400 
f 141/894/2401 2189/899/2402 1115/946/2403 2234/943/2404 
f 142/898/2405 2235/947/2406 1115/946/2407 2189/899/2408 
f 160/948/2409 2224/949/2410 1115/946/2411 2235/947/2412 
f 159/944/2413 2234/943/2414 1115/946/2415 2224/949/2416 
f 142/898/2417 2200/896/2418 1116/950/2419 2235/947/2420 
f 147/861/2421 2236/951/2422 1116/950/2423 2200/896/2424 
f 161/952/2425 2225/953/2426 1116/950/2427 2236/951/2428 
f 160/948/2429 2235/947/2430 1116/950/2431 2225/953/2432 
f 147/861/2433 2195/860/2434 1117/954/2435 2236/951/2436 
f 47/760/2437 2237/955/2438 1117/954/2439 2195/860/2440 
f 162/956/2441 2226/959/2442 1117/954/2443 2237/955/2444 
f 161/952/2445 2236/951/2446 1117/954/2447 2226/959/2448 
f 47/760/2449 2001/758/2450 1118/960/2451 2237/955/2452 
f 44/757/2453 2238/962/2454 1118/960/2455 2001/758/2456 
f 163/963/2457 2227/965/2458 1118/960/2459 2238/962/2460 
f 162/956/2461 2237/955/2462 1118/960/2463 2227/965/2464 
f 185/966/2465 2271/967/2466 1119/968/2467 2303/969/2468 
f 186/970/2469 2302/971/2470 1119/968/2471 2271/967/2472 
f 183/974/2473 2269/975/2474 1119/968/2475 2302/971/2476 
f 184/977/2477 2303/969/2478 1119/968/2479 2269/975/2480 
f 188/978/2481 2274/979/2482 1120/981/2483 2306/982/2484 
f 189/983/2485 2305/984/2486 1120/981/2487 2274/979/2488 
f 186/970/2489 2271/967/2490 1120/981/2491 2305/984/2492 
f 185/966/2493 2306/982/2494 1120/981/2495 2271/967/2496 
f 191/985/2497 2277/986/2498 1121/987/2499 2309/988/2500 
f 192/989/2501 2308/990/2502 1121/987/2503 2277/986/2504 
f 189/983/2505 2274/979/2506 1121/987/2507 2308/990/2508 
f 188/978/2509 2309/988/2510 1121/987/2511 2274/979/2512 
f 194/991/2513 2280/992/2514 1122/993/2515 2312/994/2516 
f 195/995/2517 2311/996/2518 1122/993/2519 2280/992/2520 
f 192/989/2521 2277/986/2522 1122/993/2523 2311/996/2524 
f 191/985/2525 2312/994/2526 1122/993/2527 2277/986/2528 
f 197/997/2529 2283/998/2530 1123/999/2531 2315/1000/2532 
f 198/1001/2533 2314/1002/2534 1123/999/2535 2283/998/2536 
f 195/995/2537 2280/992/2538 1123/999/2539 2314/1002/2540 
f 194/991/2541 2315/1000/2542 1123/999/2543 2280/992/2544 
f 200/1003/2545 2286/1004/2546 1124/1005/2547 2318/1006/2548 
f 201/1007/2549 2317/1009/2550 1124/1005/2551 2286/1004/2552 
f 198/1001/2553 2283/998/2554 1124/1005/2555 2317/1009/2556 
f 197/997/2557 2318/1006/2558 1124/1005/2559 2283/998/2560 
f 203/1010/2561 2289/1011/2562 1125/1013/2563 2321/1014/2564 
f 204/1015/2565 2320/1016/2566 1125/1013/2567 2289/1011/2568 
f 201/1007/2569 2286/1004/2570 1125/1013/2571 2320/1016/2572 
f 200/1003/2573 2321/1014/2574 1125/1013/2575 2286/1004/2576 
f 206/1017/2577 2292/1018/2578 1126/1019/2579 2324/1020/2580 
f 207/1021/2581 2323/1022/2582 1126/1019/2583 2292/1018/2584 
f 204/1015/2585 2289/1011/2586 1126/1019/2587 2323/1022/2588 
f 203/1010/2589 2324/1020/2590 1126/1019/2591 2289/1011/2592 
f 209/1023/2593 2295/1024/2594 1127/1025/2595 2327/1026/2596 
f 210/1027/2597 2326/1028/2598 1127/1025/2599 2295/1024/2600 
f 207/1021/2601 2292/1018/2602 1127/1025/2603 2326/1028/2604 
f 206/1017/2605 2327/1026/2606 1127/1025/2607 2292/1018/2608 
f 212/1029/2609 2298/1030/2610 1128/1031/2611 2330/1032/2612 
f 213/1033/2613 2329/1034/2614 1128/1031/2615 2298/1030/2616 
f 210/1027/2617 2295/1024/2618 1128/1031/2619 2329/1034/2620 
f 209/1023/2621 2330/1032/2622 1128/1031/2623 2295/1024/2624 
f 187/1035/2625 2273/1036/2626 1129/1037/2627 2301/1040/2628 
f 165/840/2629 2239/837/2630 1129/1037/2631 2273/1036/2632 
f 164/836/2633 2257/1041/2634 1129/1037/2635 2239/837/2636 
f 182/1042/2637 2301/1040/2638 1129/1037/2639 2257/1041/2640 
f 186/970/2641 2272/1043/2642 1130/1044/2643 2302/971/2644 
f 187/1035/2645 2301/1040/2646 1130/1044/2647 2272/1043/2648 
f 182/1042/2649 2268/1045/2650 1130/1044/2651 2301/1040/2652 
f 183/974/2653 2302/971/2654 1130/1044/2655 2268/1045/2656 
f 184/977/2657 2270/1046/2658 1131/1047/2659 2303/969/2660 
f 153/925/2661 2218/924/2662 1131/1047/2663 2270/1046/2664 
f 154/923/2665 2258/1048/2666 1131/1047/2667 2218/924/2668 
f 185/966/2669 2303/969/2670 1131/1047/2671 2258/1048/2672 
f 190/1049/2673 2276/1050/2674 1132/1054/2675 2304/1055/2676 
f 166/842/2677 2240/841/2678 1132/1054/2679 2276/1050/2680 
f 165/840/2681 2273/1036/2682 1132/1054/2683 2240/841/2684 
f 187/1035/2685 2304/1055/2686 1132/1054/2687 2273/1036/2688 
f 189/983/2689 2275/1056/2690 1133/1058/2691 2305/984/2692 
f 190/1049/2693 2304/1055/2694 1133/1058/2695 2275/1056/2696 
f 187/1035/2697 2272/1043/2698 1133/1058/2699 2304/1055/2700 
f 186/970/2701 2305/984/2702 1133/1058/2703 2272/1043/2704 
f 185/966/2705 2258/1048/2706 1134/1059/2707 2306/982/2708 
f 154/923/2709 2219/929/2710 1134/1059/2711 2258/1048/2712 
f 155/928/2713 2259/1060/2714 1134/1059/2715 2219/929/2716 
f 188/978/2717 2306/982/2718 1134/1059/2719 2259/1060/2720 
f 193/1062/2721 2279/1063/2722 1135/1064/2723 2307/1065/2724 
f 167/453/2725 2241/872/2726 1135/1064/2727 2279/1063/2728 
f 166/842/2729 2276/1050/2730 1135/1064/2731 2241/872/2732 
f 190/1049/2733 2307/1065/2734 1135/1064/2735 2276/1050/2736 
f 192/989/2737 2278/1066/2738 1136/1067/2739 2308/990/2740 
f 193/1062/2741 2307/1065/2742 1136/1067/2743 2278/1066/2744 
f 190/1049/2745 2275/1056/2746 1136/1067/2747 2307/1065/2748 
f 189/983/2749 2308/990/2750 1136/1067/2751 2275/1056/2752 
f 188/978/2753 2259/1060/2754 1137/1068/2755 2309/988/2756 
f 155/928/2757 2220/933/2758 1137/1068/2759 2259/1060/2760 
f 156/932/2761 2260/1069/2762 1137/1068/2763 2220/933/2764 
f 191/985/2765 2309/988/2766 1137/1068/2767 2260/1069/2768 
f 196/1070/2769 2282/1071/2770 1138/1072/2771 2310/1073/2772 
f 168/455/2773 2242/454/2774 1138/1072/2775 2282/1071/2776 
f 167/453/2777 2279/1063/2778 1138/1072/2779 2242/454/2780 
f 193/1062/2781 2310/1073/2782 1138/1072/2783 2279/1063/2784 
f 195/995/2785 2281/1074/2786 1139/1075/2787 2311/996/2788 
f 196/1070/2789 2310/1073/2790 1139/1075/2791 2281/1074/2792 
f 193/1062/2793 2278/1066/2794 1139/1075/2795 2310/1073/2796 
f 192/989/2797 2311/996/2798 1139/1075/2799 2278/1066/2800 
f 191/985/2801 2260/1069/2802 1140/1076/2803 2312/994/2804 
f 156/932/2805 2221/937/2806 1140/1076/2807 2260/1069/2808 
f 157/936/2809 2261/1077/2810 1140/1076/2811 2221/937/2812 
f 194/991/2813 2312/994/2814 1140/1076/2815 2261/1077/2816 
f 199/1078/2817 2285/1079/2818 1141/1080/2819 2313/1081/2820 
f 169/34/2821 2243/458/2822 1141/1080/2823 2285/1079/2824 
f 168/455/2825 2282/1071/2826 1141/1080/2827 2243/458/2828 
f 196/1070/2829 2313/1081/2830 1141/1080/2831 2282/1071/2832 
f 198/1001/2833 2284/1082/2834 1142/1083/2835 2314/1002/2836 
f 199/1078/2837 2313/1081/2838 1142/1083/2839 2284/1082/2840 
f 196/1070/2841 2281/1074/2842 1142/1083/2843 2313/1081/2844 
f 195/995/2845 2314/1002/2846 1142/1083/2847 2281/1074/2848 
f 194/991/2849 2261/1077/2850 1143/1084/2851 2315/1000/2852 
f 157/936/2853 2222/941/2854 1143/1084/2855 2261/1077/2856 
f 158/940/2857 2262/1085/2858 1143/1084/2859 2222/941/2860 
f 197/997/2861 2315/1000/2862 1143/1084/2863 2262/1085/2864 
f 202/1086/2865 2288/1087/2866 1144/1090/2867 2316/1091/2868 
f 170/36/2869 2244/35/2870 1144/1090/2871 2288/1087/2872 
f 169/34/2873 2285/1079/2874 1144/1090/2875 2244/35/2876 
f 199/1078/2877 2316/1091/2878 1144/1090/2879 2285/1079/2880 
f 201/1007/2881 2287/1093/2882 1145/1094/2883 2317/1009/2884 
f 202/1086/2885 2316/1091/2886 1145/1094/2887 2287/1093/2888 
f 199/1078/2889 2284/1082/2890 1145/1094/2891 2316/1091/2892 
f 198/1001/2893 2317/1009/2894 1145/1094/2895 2284/1082/2896 
f 197/997/2897 2262/1085/2898 1146/1095/2899 2318/1006/2900 
f 158/940/2901 2223/945/2902 1146/1095/2903 2262/1085/2904 
f 159/944/2905 2263/1096/2906 1146/1095/2907 2223/945/2908 
f 200/1003/2909 2318/1006/2910 1146/1095/2911 2263/1096/2912 
f 205/1097/2913 2291/1098/2914 1147/1099/2915 2319/1100/2916 
f 171/461/2917 2245/459/2918 1147/1099/2919 2291/1098/2920 
f 170/36/2921 2288/1087/2922 1147/1099/2923 2245/459/2924 
f 202/1086/2925 2319/1100/2926 1147/1099/2927 2288/1087/2928 
f 204/1015/2929 2290/1101/2930 1148/1102/2931 2320/1016/2932 
f 205/1097/2933 2319/1100/2934 1148/1102/2935 2290/1101/2936 
f 202/1086/2937 2287/1093/2938 1148/1102/2939 2319/1100/2940 
f 201/1007/2941 2320/1016/2942 1148/1102/2943 2287/1093/2944 
f 200/1003/2945 2263/1096/2946 1149/1106/2947 2321/1014/2948 
f 159/944/2949 2224/949/2950 1149/1106/2951 2263/1096/2952 
f 160/948/2953 2264/1107/2954 1149/1106/2955 2224/949/2956 
f 203/1010/2957 2321/1014/2958 1149/1106/2959 2264/1107/2960 
f 208/1108/2961 2294/1109/2962 1150/1110/2963 2322/1111/2964 
f 172/871/2965 2246/902/2966 1150/1110/2967 2294/1109/2968 
f 171/461/2969 2291/1098/2970 1150/1110/2971 2246/902/2972 
f 205/1097/2973 2322/1111/2974 1150/1110/2975 2291/1098/2976 
f 207/1021/2977 2293/1112/2978 1151/1113/2979 2323/1022/2980 
f 208/1108/2981 2322/1111/2982 1151/1113/2983 2293/1112/2984 
f 205/1097/2985 2290/1101/2986 1151/1113/2987 2322/1111/2988 
f 204/1015/2989 2323/1022/2990 1151/1113/2991 2290/1101/2992 
f 203/1010/2993 2264/1107/2994 1152/1114/2995 2324/1020/2996 
f 160/948/2997 2225/953/2998 1152/1114/2999 2264/1107/3000 
f 161/952/3001 2265/1115/3002 1152/1114/3003 2225/953/3004 
f 206/1017/3005 2324/1020/3006 1152/1114/3007 2265/1115/3008 
f 211/1116/3009 2297/1117/3010 1153/1118/3011 2325/1119/3012 
f 173/863/3013 2247/866/3014 1153/1118/3015 2297/1117/3016 
f 172/871/3017 2294/1109/3018 1153/1118/3019 2247/866/3020 
f 208/1108/3021 2325/1119/3022 1153/1118/3023 2294/1109/3024 
f 210/1027/3025 2296/1120/3026 1154/1121/3027 2326/1028/3028 
f 211/1116/3029 2325/1119/3030 1154/1121/3031 2296/1120/3032 
f 208/1108/3033 2293/1112/3034 1154/1121/3035 2325/1119/3036 
f 207/1021/3037 2326/1028/3038 1154/1121/3039 2293/1112/3040 
f 206/1017/3041 2265/1115/3042 1155/1122/3043 2327/1026/3044 
f 161/952/3045 2226/959/3046 1155/1122/3047 2265/1115/3048 
f 162/956/3049 2266/1123/3050 1155/1122/3051 2226/959/3052 
f 209/1023/3053 2327/1026/3054 1155/1122/3055 2266/1123/3056 
f 214/1124/3057 2300/1125/3058 1156/1126/3059 2328/1127/3060 
f 174/867/3061 2248/864/3062 1156/1126/3063 2300/1125/3064 
f 173/863/3065 2297/1117/3066 1156/1126/3067 2248/864/3068 
f 211/1116/3069 2328/1127/3070 1156/1126/3071 2297/1117/3072 
f 213/1033/3073 2299/1128/3074 1157/1129/3075 2329/1034/3076 
f 214/1124/3077 2328/1127/3078 1157/1129/3079 2299/1128/3080 
f 211/1116/3081 2296/1120/3082 1157/1129/3083 2328/1127/3084 
f 210/1027/3085 2329/1034/3086 1157/1129/3087 2296/1120/3088 
f 209/1023/3089 2266/1123/3090 1158/1130/3091 2330/1032/3092 
f 162/956/3093 2227/965/3094 1158/1130/3095 2266/1123/3096 
f 163/963/3097 2267/1131/3098 1158/1130/3099 2227/965/3100 
f 212/1029/3101 2330/1032/3102 1158/1130/3103 2267/1131/3104 
f 148/617/3105 1930/616/3106 1159/1132/3107 2341/1133/3108 
f 8/386/3109 2342/1135/3110 1159/1132/3111 1930/616/3112 
f 216/1136/3113 2331/1137/3114 1159/1132/3115 2342/1135/3116 
f 215/1139/3117 2341/1133/3118 1159/1132/3119 2331/1137/3120 
f 8/386/3121 1934/381/3122 1160/1140/3123 2342/1135/3124 
f 4/378/3125 2343/1141/3126 1160/1140/3127 1934/381/3128 
f 217/1142/3129 2332/1143/3130 1160/1140/3131 2343/1141/3132 
f 216/1136/3133 2342/1135/3134 1160/1140/3135 2332/1143/3136 
f 9/84/3137 1940/88/3138 1161/1144/3139 3204/1145/3140 
f 12/96/3141 2344/1146/3142 1161/1144/3143 1940/88/3144 
f 218/1147/3145 2333/1148/3146 1161/1144/3147 2344/1146/3148 
f 627/1149/3149 3204/1145/3150 1161/1144/3151 2333/1148/3152 
f 12/96/3153 2106/762/3154 1162/1150/3155 2344/1146/3156 
f 101/492/3157 2345/1151/3158 1162/1150/3159 2106/762/3160 
f 219/1152/3161 2334/1153/3162 1162/1150/3163 2345/1151/3164 
f 218/1147/3165 2344/1146/3166 1162/1150/3167 2334/1153/3168 
f 101/492/3169 1983/491/3170 1163/1154/3171 2345/1151/3172 
f 37/490/3173 2346/1155/3174 1163/1154/3175 1983/491/3176 
f 220/1156/3177 2335/1157/3178 1163/1154/3179 2346/1155/3180 
f 219/1152/3181 2345/1151/3182 1163/1154/3183 2335/1157/3184 
f 37/490/3185 2103/767/3186 1164/1158/3187 2346/1155/3188 
f 98/595/3189 2347/1159/3190 1164/1158/3191 2103/767/3192 
f 221/1160/3193 2336/1161/3194 1164/1158/3195 2347/1159/3196 
f 220/1156/3197 2346/1155/3198 1164/1158/3199 2336/1161/3200 
f 98/595/3201 1976/594/3202 1165/1162/3203 2347/1159/3204 
f 33/573/3205 2348/1163/3206 1165/1162/3207 1976/594/3208 
f 222/1166/3209 2337/1167/3210 1165/1162/3211 2348/1163/3212 
f 221/1160/3213 2347/1159/3214 1165/1162/3215 2337/1167/3216 
f 33/573/3217 1987/572/3218 1166/1168/3219 2348/1163/3220 
f 38/571/3221 2349/1169/3222 1166/1168/3223 1987/572/3224 
f 223/1170/3225 2338/1171/3226 1166/1168/3227 2349/1169/3228 
f 222/1166/3229 2348/1163/3230 1166/1168/3231 2338/1171/3232 
f 38/571/3233 2100/776/3234 1167/1172/3235 2349/1169/3236 
f 95/775/3237 2350/1176/3238 1167/1172/3239 2100/776/3240 
f 224/1177/3241 2339/1178/3242 1167/1172/3243 2350/1176/3244 
f 223/1170/3245 2349/1169/3246 1167/1172/3247 2339/1178/3248 
f 95/775/3249 2207/908/3250 1168/1179/3251 2350/1176/3252 
f 148/617/3253 2341/1133/3254 1168/1179/3255 2207/908/3256 
f 215/1139/3257 2340/1180/3258 1168/1179/3259 2341/1133/3260 
f 224/1177/3261 2350/1176/3262 1168/1179/3263 2340/1180/3264 
f 2/405/3265 1932/402/3266 1169/1181/3267 2359/1182/3268 
f 6/401/3269 2360/1183/3270 1169/1181/3271 1932/402/3272 
f 225/1184/3273 2351/1185/3274 1169/1181/3275 2360/1183/3276 
f 635/1186/3277 2359/1182/3278 1169/1181/3279 2351/1185/3280 
f 6/401/3281 2210/918/3282 1170/1187/3283 2360/1183/3284 
f 151/787/3285 2361/1188/3286 1170/1187/3287 2210/918/3288 
f 226/1189/3289 2352/1190/3290 1170/1187/3291 2361/1188/3292 
f 225/1184/3293 2360/1183/3294 1170/1187/3295 2352/1190/3296 
f 151/787/3297 2107/785/3298 1171/1191/3299 2361/1188/3300 
f 102/627/3301 2362/1192/3302 1171/1191/3303 2107/785/3304 
f 227/1193/3305 2353/1194/3306 1171/1191/3307 2362/1192/3308 
f 226/1189/3309 2361/1188/3310 1171/1191/3311 2353/1194/3312 
f 102/627/3313 1988/626/3314 1172/1195/3315 2362/1192/3316 
f 39/588/3317 2363/1196/3318 1172/1195/3319 1988/626/3320 
f 228/1197/3321 2354/1198/3322 1172/1195/3323 2363/1196/3324 
f 227/1193/3325 2362/1192/3326 1172/1195/3327 2354/1198/3328 
f 39/588/3329 1977/586/3330 1173/1199/3331 2363/1196/3332 
f 34/585/3333 2364/1202/3334 1173/1199/3335 1977/586/3336 
f 229/1203/3337 2355/1205/3338 1173/1199/3339 2364/1202/3340 
f 228/1197/3341 2363/1196/3342 1173/1199/3343 2355/1205/3344 
f 34/585/3345 2104/773/3346 1174/1206/3347 2364/1202/3348 
f 99/608/3349 2365/1207/3350 1174/1206/3351 2104/773/3352 
f 230/1208/3353 2356/1209/3354 1174/1206/3355 2365/1207/3356 
f 229/1203/3357 2364/1202/3358 1174/1206/3359 2356/1209/3360 
f 99/608/3361 1981/607/3362 1175/1212/3363 2365/1207/3364 
f 35/606/3365 2366/1213/3366 1175/1212/3367 1981/607/3368 
f 231/1214/3369 2357/1215/3370 1175/1212/3371 2366/1213/3372 
f 230/1208/3373 2365/1207/3374 1175/1212/3375 2357/1215/3376 
f 35/606/3377 1985/696/3378 1176/1216/3379 2366/1213/3380 
f 36/695/3381 3227/1217/3382 1176/1216/3383 1985/696/3384 
f 643/1218/3385 2358/1219/3386 1176/1216/3387 3227/1217/3388 
f 231/1214/3389 2366/1213/3390 1176/1216/3391 2358/1219/3392 
f 215/1139/3393 2331/1137/3394 1177/1220/3395 2378/1221/3396 
f 216/1136/3397 2540/1222/3398 1177/1220/3399 2331/1137/3400 
f 319/1223/3401 2552/1224/3402 1177/1220/3403 2540/1222/3404 
f 318/1225/3405 2378/1221/3406 1177/1220/3407 2552/1224/3408 
f 305/1226/3409 2514/1227/3410 1178/1228/3411 2549/1229/3412 
f 306/1230/3413 2515/1231/3414 1178/1228/3415 2514/1227/3416 
f 327/1232/3417 2553/1233/3418 1178/1228/3419 2515/1231/3420 
f 328/1234/3421 2549/1229/3422 1178/1228/3423 2553/1233/3424 
f 627/1149/3425 2333/1148/3426 1179/1235/3427 3242/1236/3428 
f 218/1147/3429 2380/1237/3430 1179/1235/3431 2333/1148/3432 
f 320/1238/3433 2554/1239/3434 1179/1235/3435 2380/1237/3436 
f 746/1240/3437 3242/1236/3438 1179/1235/3439 2554/1239/3440 
f 218/1147/3441 2334/1153/3442 1180/1241/3443 2380/1237/3444 
f 219/1152/3445 2381/1242/3446 1180/1241/3447 2334/1153/3448 
f 321/1243/3449 2555/1246/3450 1180/1241/3451 2381/1242/3452 
f 320/1238/3453 2380/1237/3454 1180/1241/3455 2555/1246/3456 
f 219/1152/3457 2335/1157/3458 1181/1247/3459 2381/1242/3460 
f 220/1156/3461 2382/1249/3462 1181/1247/3463 2335/1157/3464 
f 322/1250/3465 2556/1251/3466 1181/1247/3467 2382/1249/3468 
f 321/1243/3469 2381/1242/3470 1181/1247/3471 2556/1251/3472 
f 220/1156/3473 2336/1161/3474 1182/1254/3475 2382/1249/3476 
f 221/1160/3477 2383/1255/3478 1182/1254/3479 2336/1161/3480 
f 323/1256/3481 2557/1257/3482 1182/1254/3483 2383/1255/3484 
f 322/1250/3485 2382/1249/3486 1182/1254/3487 2557/1257/3488 
f 221/1160/3489 2337/1167/3490 1183/1258/3491 2383/1255/3492 
f 222/1166/3493 2384/1259/3494 1183/1258/3495 2337/1167/3496 
f 324/1260/3497 2558/1261/3498 1183/1258/3499 2384/1259/3500 
f 323/1256/3501 2383/1255/3502 1183/1258/3503 2558/1261/3504 
f 222/1166/3505 2338/1171/3506 1184/1262/3507 2384/1259/3508 
f 223/1170/3509 2385/1263/3510 1184/1262/3511 2338/1171/3512 
f 325/1264/3513 2559/1265/3514 1184/1262/3515 2385/1263/3516 
f 324/1260/3517 2384/1259/3518 1184/1262/3519 2559/1265/3520 
f 223/1170/3521 2339/1178/3522 1185/1266/3523 2385/1263/3524 
f 224/1177/3525 2386/1267/3526 1185/1266/3527 2339/1178/3528 
f 326/1268/3529 2560/1269/3530 1185/1266/3531 2386/1267/3532 
f 325/1264/3533 2385/1263/3534 1185/1266/3535 2560/1269/3536 
f 224/1177/3537 2340/1180/3538 1186/1270/3539 2386/1267/3540 
f 215/1139/3541 2378/1221/3542 1186/1270/3543 2340/1180/3544 
f 318/1225/3545 2561/1271/3546 1186/1270/3547 2378/1221/3548 
f 326/1268/3549 2386/1267/3550 1186/1270/3551 2561/1271/3552 
f 718/1273/3553 3365/1274/3554 1187/1276/3555 2501/1277/3556 
f 719/1278/3557 2500/1279/3558 1187/1276/3559 3365/1274/3560 
f 294/1280/3561 2488/1281/3562 1187/1276/3563 2500/1279/3564 
f 293/1284/3565 2501/1277/3566 1187/1276/3567 2488/1281/3568 
f 295/1285/3569 2490/1287/3570 1188/1288/3571 2503/1289/3572 
f 296/1290/3573 2502/1291/3574 1188/1288/3575 2490/1287/3576 
f 721/1292/3577 3367/1293/3578 1188/1288/3579 2502/1291/3580 
f 720/1294/3581 2503/1289/3582 1188/1288/3583 3367/1293/3584 
f 297/1295/3585 2492/1296/3586 1189/1300/3587 2505/1301/3588 
f 298/1302/3589 2504/1303/3590 1189/1300/3591 2492/1296/3592 
f 296/1290/3593 2490/1287/3594 1189/1300/3595 2504/1303/3596 
f 295/1285/3597 2505/1301/3598 1189/1300/3599 2490/1287/3600 
f 299/1304/3601 2494/1305/3602 1190/1306/3603 2507/1307/3604 
f 300/1308/3605 2506/1309/3606 1190/1306/3607 2494/1305/3608 
f 298/1302/3609 2492/1296/3610 1190/1306/3611 2506/1309/3612 
f 297/1295/3613 2507/1307/3614 1190/1306/3615 2492/1296/3616 
f 301/1310/3617 2496/1311/3618 1191/1312/3619 2509/1313/3620 
f 302/1314/3621 2508/1315/3622 1191/1312/3623 2496/1311/3624 
f 300/1308/3625 2494/1305/3626 1191/1312/3627 2508/1315/3628 
f 299/1304/3629 2509/1313/3630 1191/1312/3631 2494/1305/3632 
f 303/1316/3633 2498/1317/3634 1192/1318/3635 2511/1319/3636 
f 304/1320/3637 2510/1321/3638 1192/1318/3639 2498/1317/3640 
f 302/1314/3641 2496/1311/3642 1192/1318/3643 2510/1321/3644 
f 301/1310/3645 2511/1319/3646 1192/1318/3647 2496/1311/3648 
f 293/1284/3649 2488/1281/3650 1193/1322/3651 2513/1323/3652 
f 294/1280/3653 2512/1324/3654 1193/1322/3655 2488/1281/3656 
f 304/1320/3657 2498/1317/3658 1193/1322/3659 2512/1324/3660 
f 303/1316/3661 2513/1323/3662 1193/1322/3663 2498/1317/3664 
f 635/1186/3665 2351/1185/3666 1194/1325/3667 3279/1326/3668 
f 225/1184/3669 2409/1327/3670 1194/1325/3671 2351/1185/3672 
f 331/1328/3673 2572/1329/3674 1194/1325/3675 2409/1327/3676 
f 757/1330/3677 3279/1326/3678 1194/1325/3679 2572/1329/3680 
f 225/1184/3681 2352/1190/3682 1195/1331/3683 2409/1327/3684 
f 226/1189/3685 2410/1332/3686 1195/1331/3687 2352/1190/3688 
f 332/1333/3689 2573/1334/3690 1195/1331/3691 2410/1332/3692 
f 331/1328/3693 2409/1327/3694 1195/1331/3695 2573/1334/3696 
f 226/1189/3697 2353/1194/3698 1196/1336/3699 2410/1332/3700 
f 227/1193/3701 2411/1337/3702 1196/1336/3703 2353/1194/3704 
f 333/1338/3705 2574/1339/3706 1196/1336/3707 2411/1337/3708 
f 332/1333/3709 2410/1332/3710 1196/1336/3711 2574/1339/3712 
f 227/1193/3713 2354/1198/3714 1197/1341/3715 2411/1337/3716 
f 228/1197/3717 2412/1342/3718 1197/1341/3719 2354/1198/3720 
f 334/1345/3721 2575/1346/3722 1197/1341/3723 2412/1342/3724 
f 333/1338/3725 2411/1337/3726 1197/1341/3727 2575/1346/3728 
f 228/1197/3729 2355/1205/3730 1198/1347/3731 2412/1342/3732 
f 229/1203/3733 2413/1348/3734 1198/1347/3735 2355/1205/3736 
f 335/1349/3737 2576/1350/3738 1198/1347/3739 2413/1348/3740 
f 334/1345/3741 2412/1342/3742 1198/1347/3743 2576/1350/3744 
f 229/1203/3745 2356/1209/3746 1199/1351/3747 2413/1348/3748 
f 230/1208/3749 2414/1352/3750 1199/1351/3751 2356/1209/3752 
f 336/1353/3753 2577/1354/3754 1199/1351/3755 2414/1352/3756 
f 335/1349/3757 2413/1348/3758 1199/1351/3759 2577/1354/3760 
f 230/1208/3761 2357/1215/3762 1200/1355/3763 2414/1352/3764 
f 231/1214/3765 2415/1356/3766 1200/1355/3767 2357/1215/3768 
f 337/1357/3769 2578/1358/3770 1200/1355/3771 2415/1356/3772 
f 336/1353/3773 2414/1352/3774 1200/1355/3775 2578/1358/3776 
f 231/1214/3777 2358/1219/3778 1201/1359/3779 2415/1356/3780 
f 643/1218/3781 3287/1360/3782 1201/1359/3783 2358/1219/3784 
f 765/1361/3785 2579/1362/3786 1201/1359/3787 3287/1360/3788 
f 337/1357/3789 2415/1356/3790 1201/1359/3791 2579/1362/3792 
f 272/1363/3793 2446/1364/3794 1202/1367/3795 2458/1368/3796 
f 273/1370/3797 2457/1371/3798 1202/1367/3799 2446/1364/3800 
f 695/1372/3801 3318/1373/3802 1202/1367/3803 2457/1371/3804 
f 694/1374/3805 2458/1368/3806 1202/1367/3807 3318/1373/3808 
f 274/1375/3809 2448/1376/3810 1203/1377/3811 2460/1378/3812 
f 275/1379/3813 2459/1383/3814 1203/1377/3815 2448/1376/3816 
f 273/1370/3817 2446/1364/3818 1203/1377/3819 2459/1383/3820 
f 272/1363/3821 2460/1378/3822 1203/1377/3823 2446/1364/3824 
f 276/1384/3825 2450/1385/3826 1204/1386/3827 2462/1387/3828 
f 277/1388/3829 2461/1389/3830 1204/1386/3831 2450/1385/3832 
f 275/1379/3833 2448/1376/3834 1204/1386/3835 2461/1389/3836 
f 274/1375/3837 2462/1387/3838 1204/1386/3839 2448/1376/3840 
f 278/1390/3841 2452/1391/3842 1205/1392/3843 2464/1393/3844 
f 279/1394/3845 2463/1396/3846 1205/1392/3847 2452/1391/3848 
f 277/1388/3849 2450/1385/3850 1205/1392/3851 2463/1396/3852 
f 276/1384/3853 2464/1393/3854 1205/1392/3855 2450/1385/3856 
f 280/1397/3857 2454/1398/3858 1206/1399/3859 2466/1401/3860 
f 281/1402/3861 2465/1405/3862 1206/1399/3863 2454/1398/3864 
f 279/1394/3865 2452/1391/3866 1206/1399/3867 2465/1405/3868 
f 278/1390/3869 2466/1401/3870 1206/1399/3871 2452/1391/3872 
f 282/1406/3873 2456/1407/3874 1207/1408/3875 2468/1409/3876 
f 283/1410/3877 2467/1411/3878 1207/1408/3879 2456/1407/3880 
f 281/1402/3881 2454/1398/3882 1207/1408/3883 2467/1411/3884 
f 280/1397/3885 2468/1409/3886 1207/1408/3887 2454/1398/3888 
f 265/1412/3889 2431/1413/3890 1208/1414/3891 2438/1415/3892 
f 249/916/3893 2401/915/3894 1208/1414/3895 2431/1413/3896 
f 669/914/3897 3301/1416/3898 1208/1414/3899 2401/915/3900 
f 685/1417/3901 2438/1415/3902 1208/1414/3903 3301/1416/3904 
f 266/1418/3905 2432/1420/3906 1209/1421/3907 2439/1422/3908 
f 250/728/3909 2402/917/3910 1209/1421/3911 2432/1420/3912 
f 249/916/3913 2431/1413/3914 1209/1421/3915 2402/917/3916 
f 265/1412/3917 2439/1422/3918 1209/1421/3919 2431/1413/3920 
f 267/1423/3921 2433/1425/3922 1210/1426/3923 2440/1427/3924 
f 251/733/3925 2403/729/3926 1210/1426/3927 2433/1425/3928 
f 250/728/3929 2432/1420/3930 1210/1426/3931 2403/729/3932 
f 266/1418/3933 2440/1427/3934 1210/1426/3935 2432/1420/3936 
f 268/1428/3937 2434/1429/3938 1211/1430/3939 2441/1431/3940 
f 252/1432/3941 2404/1433/3942 1211/1430/3943 2434/1429/3944 
f 251/733/3945 2433/1425/3946 1211/1430/3947 2404/1433/3948 
f 267/1423/3949 2441/1431/3950 1211/1430/3951 2433/1425/3952 
f 269/1434/3953 2435/1435/3954 1212/1436/3955 2442/1437/3956 
f 253/1438/3957 2405/1439/3958 1212/1436/3959 2435/1435/3960 
f 252/1432/3961 2434/1429/3962 1212/1436/3963 2405/1439/3964 
f 268/1428/3965 2442/1437/3966 1212/1436/3967 2434/1429/3968 
f 270/1440/3969 2436/1441/3970 1213/1442/3971 2443/1443/3972 
f 254/1445/3973 2406/1446/3974 1213/1442/3975 2436/1441/3976 
f 253/1438/3977 2435/1435/3978 1213/1442/3979 2406/1446/3980 
f 269/1434/3981 2443/1443/3982 1213/1442/3983 2435/1435/3984 
f 271/1447/3985 2437/1448/3986 1214/1449/3987 2444/1450/3988 
f 255/1451/3989 2407/1452/3990 1214/1449/3991 2437/1448/3992 
f 254/1445/3993 2436/1441/3994 1214/1449/3995 2407/1452/3996 
f 270/1440/3997 2444/1450/3998 1214/1449/3999 2436/1441/4000 
f 693/1453/4001 3309/1454/4002 1215/1455/4003 2445/1456/4004 
f 256/1458/4005 2408/1459/4006 1215/1455/4007 3309/1454/4008 
f 255/1451/4009 2437/1448/4010 1215/1455/4011 2408/1459/4012 
f 271/1447/4013 2445/1456/4014 1215/1455/4015 2437/1448/4016 
f 273/1370/4017 2447/1461/4018 1216/1462/4019 2457/1371/4020 
f 258/340/4021 2416/339/4022 1216/1462/4023 2447/1461/4024 
f 677/338/4025 3319/1463/4026 1216/1462/4027 2416/339/4028 
f 695/1372/4029 2457/1371/4030 1216/1462/4031 3319/1463/4032 
f 694/1374/4033 2424/1465/4034 1217/1466/4035 2458/1368/4036 
f 257/722/4037 2138/725/4038 1217/1466/4039 2424/1465/4040 
f 251/733/4041 2425/1467/4042 1217/1466/4043 2138/725/4044 
f 272/1363/4045 2458/1368/4046 1217/1466/4047 2425/1467/4048 
f 275/1379/4049 2449/1468/4050 1218/1469/4051 2459/1383/4052 
f 259/282/4053 2417/341/4054 1218/1469/4055 2449/1468/4056 
f 258/340/4057 2447/1461/4058 1218/1469/4059 2417/341/4060 
f 273/1370/4061 2459/1383/4062 1218/1469/4063 2447/1461/4064 
f 272/1363/4065 2425/1467/4066 1219/1470/4067 2460/1378/4068 
f 251/733/4069 2404/1433/4070 1219/1470/4071 2425/1467/4072 
f 252/1432/4073 2426/1471/4074 1219/1470/4075 2404/1433/4076 
f 274/1375/4077 2460/1378/4078 1219/1470/4079 2426/1471/4080 
f 277/1388/4081 2451/1472/4082 1220/1473/4083 2461/1389/4084 
f 260/285/4085 2418/283/4086 1220/1473/4087 2451/1472/4088 
f 259/282/4089 2449/1468/4090 1220/1473/4091 2418/283/4092 
f 275/1379/4093 2461/1389/4094 1220/1473/4095 2449/1468/4096 
f 274/1375/4097 2426/1471/4098 1221/1474/4099 2462/1387/4100 
f 252/1432/4101 2405/1439/4102 1221/1474/4103 2426/1471/4104 
f 253/1438/4105 2427/1478/4106 1221/1474/4107 2405/1439/4108 
f 276/1384/4109 2462/1387/4110 1221/1474/4111 2427/1478/4112 
f 279/1394/4113 2453/1479/4114 1222/1480/4115 2463/1396/4116 
f 261/301/4117 2419/711/4118 1222/1480/4119 2453/1479/4120 
f 260/285/4121 2451/1472/4122 1222/1480/4123 2419/711/4124 
f 277/1388/4125 2463/1396/4126 1222/1480/4127 2451/1472/4128 
f 276/1384/4129 2427/1478/4130 1223/1481/4131 2464/1393/4132 
f 253/1438/4133 2406/1446/4134 1223/1481/4135 2427/1478/4136 
f 254/1445/4137 2428/1482/4138 1223/1481/4139 2406/1446/4140 
f 278/1390/4141 2464/1393/4142 1223/1481/4143 2428/1482/4144 
f 281/1402/4145 2455/1483/4146 1224/1484/4147 2465/1405/4148 
f 262/303/4149 2420/302/4150 1224/1484/4151 2455/1483/4152 
f 261/301/4153 2453/1479/4154 1224/1484/4155 2420/302/4156 
f 279/1394/4157 2465/1405/4158 1224/1484/4159 2453/1479/4160 
f 278/1390/4161 2428/1482/4162 1225/1488/4163 2466/1401/4164 
f 254/1445/4165 2407/1452/4166 1225/1488/4167 2428/1482/4168 
f 255/1451/4169 2429/1489/4170 1225/1488/4171 2407/1452/4172 
f 280/1397/4173 2466/1401/4174 1225/1488/4175 2429/1489/4176 
f 283/1410/4177 3330/1490/4178 1226/1491/4179 2467/1411/4180 
f 683/294/4181 2421/298/4182 1226/1491/4183 3330/1490/4184 
f 262/303/4185 2455/1483/4186 1226/1491/4187 2421/298/4188 
f 281/1402/4189 2467/1411/4190 1226/1491/4191 2455/1483/4192 
f 280/1397/4193 2429/1489/4194 1227/1492/4195 2468/1409/4196 
f 255/1451/4197 2408/1459/4198 1227/1492/4199 2429/1489/4200 
f 256/1458/4201 2430/1493/4202 1227/1492/4203 2408/1459/4204 
f 282/1406/4205 2468/1409/4206 1227/1492/4207 2430/1493/4208 
f 285/1494/4209 2470/1495/4210 1228/1496/4211 2478/1497/4212 
f 233/48/4213 2367/47/4214 1228/1496/4215 2470/1495/4216 
f 232/46/4217 2469/1498/4218 1228/1496/4219 2367/47/4220 
f 284/1499/4221 2478/1497/4222 1228/1496/4223 2469/1498/4224 
f 307/1500/4225 3394/1501/4226 1229/1502/4227 2479/1505/4228 
f 733/1506/4229 2516/1508/4230 1229/1502/4231 3394/1501/4232 
f 308/1509/4233 2517/1511/4234 1229/1502/4235 2516/1508/4236 
f 309/1512/4237 2479/1505/4238 1229/1502/4239 2517/1511/4240 
f 286/1513/4241 2471/1515/4242 1230/1516/4243 2480/1517/4244 
f 235/1518/4245 2370/1519/4246 1230/1516/4247 2471/1515/4248 
f 649/1520/4249 3345/1521/4250 1230/1516/4251 2370/1519/4252 
f 708/1522/4253 2480/1517/4254 1230/1516/4255 3345/1521/4256 
f 287/1526/4257 2472/1527/4258 1231/1529/4259 2481/1530/4260 
f 236/1531/4261 2371/1533/4262 1231/1529/4263 2472/1527/4264 
f 235/1518/4265 2471/1515/4266 1231/1529/4267 2371/1533/4268 
f 286/1513/4269 2481/1530/4270 1231/1529/4271 2471/1515/4272 
f 288/1534/4273 2473/1535/4274 1232/1536/4275 2482/1537/4276 
f 237/1540/4277 2372/1541/4278 1232/1536/4279 2473/1535/4280 
f 236/1531/4281 2472/1527/4282 1232/1536/4283 2372/1541/4284 
f 287/1526/4285 2482/1537/4286 1232/1536/4287 2472/1527/4288 
f 289/1542/4289 2474/1543/4290 1233/1545/4291 2483/1546/4292 
f 238/1548/4293 2373/1549/4294 1233/1545/4295 2474/1543/4296 
f 237/1540/4297 2473/1535/4298 1233/1545/4299 2373/1549/4300 
f 288/1534/4301 2483/1546/4302 1233/1545/4303 2473/1535/4304 
f 290/1550/4305 2475/1553/4306 1234/1554/4307 2484/1555/4308 
f 239/1556/4309 2374/1557/4310 1234/1554/4311 2475/1553/4312 
f 238/1548/4313 2474/1543/4314 1234/1554/4315 2374/1557/4316 
f 289/1542/4317 2484/1555/4318 1234/1554/4319 2474/1543/4320 
f 291/1558/4321 2476/1559/4322 1235/1560/4323 2485/1561/4324 
f 240/686/4325 2375/1562/4326 1235/1560/4327 2476/1559/4328 
f 239/1556/4329 2475/1553/4330 1235/1560/4331 2375/1562/4332 
f 290/1550/4333 2485/1561/4334 1235/1560/4335 2475/1553/4336 
f 292/1563/4337 2477/1564/4338 1236/1566/4339 2486/1567/4340 
f 241/688/4341 2376/687/4342 1236/1566/4343 2477/1564/4344 
f 240/686/4345 2476/1559/4346 1236/1566/4347 2376/687/4348 
f 291/1558/4349 2486/1567/4350 1236/1566/4351 2476/1559/4352 
f 284/1499/4353 2469/1498/4354 1237/1569/4355 2487/1570/4356 
f 232/46/4357 2377/905/4358 1237/1569/4359 2469/1498/4360 
f 241/688/4361 2477/1564/4362 1237/1569/4363 2377/905/4364 
f 292/1563/4365 2487/1570/4366 1237/1569/4367 2477/1564/4368 
f 719/1278/4369 3366/1581/4370 1238/1582/4371 2500/1279/4372 
f 658/317/4373 2387/321/4374 1238/1582/4375 3366/1581/4376 
f 242/323/4377 2489/1584/4378 1238/1582/4379 2387/321/4380 
f 294/1280/4381 2500/1279/4382 1238/1582/4383 2489/1584/4384 
f 293/1284/4385 2395/1585/4386 1239/1586/4387 2501/1277/4388 
f 240/686/4389 1989/685/4390 1239/1586/4391 2395/1585/4392 
f 648/684/4393 3262/1587/4394 1239/1586/4395 1989/685/4396 
f 718/1273/4397 2501/1277/4398 1239/1586/4399 3262/1587/4400 
f 296/1290/4401 2491/1589/4402 1240/1590/4403 2502/1291/4404 
f 244/716/4405 2389/715/4406 1240/1590/4407 2491/1589/4408 
f 662/714/4409 3368/1591/4410 1240/1590/4411 2389/715/4412 
f 721/1292/4413 2502/1291/4414 1240/1590/4415 3368/1591/4416 
f 720/1294/4417 3263/1592/4418 1241/1593/4419 2503/1289/4420 
f 649/1520/4421 2370/1519/4422 1241/1593/4423 3263/1592/4424 
f 235/1518/4425 2396/1594/4426 1241/1593/4427 2370/1519/4428 
f 295/1285/4429 2503/1289/4430 1241/1593/4431 2396/1594/4432 
f 298/1302/4433 2493/1595/4434 1242/1596/4435 2504/1303/4436 
f 245/313/4437 2390/717/4438 1242/1596/4439 2493/1595/4440 
f 244/716/4441 2491/1589/4442 1242/1596/4443 2390/717/4444 
f 296/1290/4445 2504/1303/4446 1242/1596/4447 2491/1589/4448 
f 295/1285/4449 2396/1594/4450 1243/1600/4451 2505/1301/4452 
f 235/1518/4453 2371/1533/4454 1243/1600/4455 2396/1594/4456 
f 236/1531/4457 2397/1602/4458 1243/1600/4459 2371/1533/4460 
f 297/1295/4461 2505/1301/4462 1243/1600/4463 2397/1602/4464 
f 300/1308/4465 2495/1603/4466 1244/1605/4467 2506/1309/4468 
f 246/315/4469 2391/314/4470 1244/1605/4471 2495/1603/4472 
f 245/313/4473 2493/1595/4474 1244/1605/4475 2391/314/4476 
f 298/1302/4477 2506/1309/4478 1244/1605/4479 2493/1595/4480 
f 297/1295/4481 2397/1602/4482 1245/1606/4483 2507/1307/4484 
f 236/1531/4485 2372/1541/4486 1245/1606/4487 2397/1602/4488 
f 237/1540/4489 2398/1607/4490 1245/1606/4491 2372/1541/4492 
f 299/1304/4493 2507/1307/4494 1245/1606/4495 2398/1607/4496 
f 302/1314/4497 2497/1609/4498 1246/1610/4499 2508/1315/4500 
f 247/259/4501 2392/705/4502 1246/1610/4503 2497/1609/4504 
f 246/315/4505 2495/1603/4506 1246/1610/4507 2392/705/4508 
f 300/1308/4509 2508/1315/4510 1246/1610/4511 2495/1603/4512 
f 299/1304/4513 2398/1607/4514 1247/1611/4515 2509/1313/4516 
f 237/1540/4517 2373/1549/4518 1247/1611/4519 2398/1607/4520 
f 238/1548/4521 2399/1612/4522 1247/1611/4523 2373/1549/4524 
f 301/1310/4525 2509/1313/4526 1247/1611/4527 2399/1612/4528 
f 304/1320/4529 2499/1613/4530 1248/1614/4531 2510/1321/4532 
f 248/261/4533 2393/260/4534 1248/1614/4535 2499/1613/4536 
f 247/259/4537 2497/1609/4538 1248/1614/4539 2393/260/4540 
f 302/1314/4541 2510/1321/4542 1248/1614/4543 2497/1609/4544 
f 301/1310/4545 2399/1612/4546 1249/1617/4547 2511/1319/4548 
f 238/1548/4549 2374/1557/4550 1249/1617/4551 2399/1612/4552 
f 239/1556/4553 2400/1628/4554 1249/1617/4555 2374/1557/4556 
f 303/1316/4557 2511/1319/4558 1249/1617/4559 2400/1628/4560 
f 294/1280/4561 2489/1584/4562 1250/1630/4563 2512/1324/4564 
f 242/323/4565 2394/322/4566 1250/1630/4567 2489/1584/4568 
f 248/261/4569 2499/1613/4570 1250/1630/4571 2394/322/4572 
f 304/1320/4573 2512/1324/4574 1250/1630/4575 2499/1613/4576 
f 303/1316/4577 2400/1628/4578 1251/1631/4579 2513/1323/4580 
f 239/1556/4581 2375/1562/4582 1251/1631/4583 2400/1628/4584 
f 240/686/4585 2395/1585/4586 1251/1631/4587 2375/1562/4588 
f 293/1284/4589 2513/1323/4590 1251/1631/4591 2395/1585/4592 
f 312/1632/4593 2525/1633/4594 1252/1634/4595 2532/1636/4596 
f 313/1637/4597 2531/1638/4598 1252/1634/4599 2525/1633/4600 
f 311/1639/4601 2523/1640/4602 1252/1634/4603 2531/1638/4604 
f 310/1641/4605 2532/1636/4606 1252/1634/4607 2523/1640/4608 
f 314/1642/4609 2527/1643/4610 1253/1644/4611 2534/1645/4612 
f 315/1646/4613 2533/1647/4614 1253/1644/4615 2527/1643/4616 
f 739/1648/4617 3404/1650/4618 1253/1644/4619 2533/1647/4620 
f 738/1651/4621 2534/1645/4622 1253/1644/4623 3404/1650/4624 
f 316/1653/4625 2529/1655/4626 1254/1656/4627 2536/1657/4628 
f 317/1658/4629 2535/1659/4630 1254/1656/4631 2529/1655/4632 
f 315/1646/4633 2527/1643/4634 1254/1656/4635 2535/1659/4636 
f 314/1642/4637 2536/1657/4638 1254/1656/4639 2527/1643/4640 
f 310/1641/4641 2523/1640/4642 1255/1660/4643 2551/1661/4644 
f 311/1639/4645 2537/1662/4646 1255/1660/4647 2523/1640/4648 
f 329/1664/4649 2562/1665/4650 1255/1660/4651 2537/1662/4652 
f 330/1667/4653 2551/1661/4654 1255/1660/4655 2562/1665/4656 
f 313/1637/4657 2526/1668/4658 1256/1669/4659 2531/1638/4660 
f 306/1230/4661 2514/1227/4662 1256/1669/4663 2526/1668/4664 
f 305/1226/4665 2524/1670/4666 1256/1669/4667 2514/1227/4668 
f 311/1639/4669 2531/1638/4670 1256/1669/4671 2524/1670/4672 
f 310/1641/4673 2519/1671/4674 1257/1672/4675 2532/1636/4676 
f 216/1136/4677 2332/1143/4678 1257/1672/4679 2519/1671/4680 
f 217/1142/4681 2520/1673/4682 1257/1672/4683 2332/1143/4684 
f 312/1632/4685 2532/1636/4686 1257/1672/4687 2520/1673/4688 
f 315/1646/4689 2528/1674/4690 1258/1688/4691 2533/1647/4692 
f 308/1509/4693 2516/1508/4694 1258/1688/4695 2528/1674/4696 
f 733/1506/4697 3405/1691/4698 1258/1688/4699 2516/1508/4700 
f 739/1648/4701 2533/1647/4702 1258/1688/4703 3405/1691/4704 
f 738/1651/4705 3399/1692/4706 1259/1693/4707 2534/1645/4708 
f 646/39/4709 2368/43/4710 1259/1693/4711 3399/1692/4712 
f 233/48/4713 2521/1694/4714 1259/1693/4715 2368/43/4716 
f 314/1642/4717 2534/1645/4718 1259/1693/4719 2521/1694/4720 
f 317/1658/4721 2530/1695/4722 1260/1696/4723 2535/1659/4724 
f 309/1512/4725 2517/1511/4726 1260/1696/4727 2530/1695/4728 
f 308/1509/4729 2528/1674/4730 1260/1696/4731 2517/1511/4732 
f 315/1646/4733 2535/1659/4734 1260/1696/4735 2528/1674/4736 
f 314/1642/4737 2521/1694/4738 1261/1697/4739 2536/1657/4740 
f 233/48/4741 2470/1495/4742 1261/1697/4743 2521/1694/4744 
f 285/1494/4745 2522/1698/4746 1261/1697/4747 2470/1495/4748 
f 316/1653/4749 2536/1657/4750 1261/1697/4751 2522/1698/4752 
f 311/1639/4753 2524/1670/4754 1262/1699/4755 2537/1662/4756 
f 305/1226/4757 2549/1229/4758 1262/1699/4759 2524/1670/4760 
f 328/1234/4761 2563/1700/4762 1262/1699/4763 2549/1229/4764 
f 329/1664/4765 2537/1662/4766 1262/1699/4767 2563/1700/4768 
f 316/1653/4769 2522/1698/4770 1263/1701/4771 2538/1704/4772 
f 285/1494/4773 2379/1706/4774 1263/1701/4775 2522/1698/4776 
f 319/1223/4777 2564/1707/4778 1263/1701/4779 2379/1706/4780 
f 330/1667/4781 2538/1704/4782 1263/1701/4783 2564/1707/4784 
f 319/1223/4785 2379/1706/4786 1264/1709/4787 2552/1224/4788 
f 285/1494/4789 2478/1497/4790 1264/1709/4791 2379/1706/4792 
f 284/1499/4793 2539/1710/4794 1264/1709/4795 2478/1497/4796 
f 318/1225/4797 2552/1224/4798 1264/1709/4799 2539/1710/4800 
f 327/1232/4801 2548/1711/4802 1265/1712/4803 2553/1233/4804 
f 307/1500/4805 2479/1505/4806 1265/1712/4807 2548/1711/4808 
f 309/1512/4809 2518/1713/4810 1265/1712/4811 2479/1505/4812 
f 328/1234/4813 2553/1233/4814 1265/1712/4815 2518/1713/4816 
f 320/1238/4817 2541/1714/4818 1266/1715/4819 2554/1239/4820 
f 286/1513/4821 2480/1517/4822 1266/1715/4823 2541/1714/4824 
f 708/1522/4825 3420/1716/4826 1266/1715/4827 2480/1517/4828 
f 746/1240/4829 2554/1239/4830 1266/1715/4831 3420/1716/4832 
f 321/1243/4833 2542/1717/4834 1267/1718/4835 2555/1246/4836 
f 287/1526/4837 2481/1530/4838 1267/1718/4839 2542/1717/4840 
f 286/1513/4841 2541/1714/4842 1267/1718/4843 2481/1530/4844 
f 320/1238/4845 2555/1246/4846 1267/1718/4847 2541/1714/4848 
f 322/1250/4849 2543/1719/4850 1268/1720/4851 2556/1251/4852 
f 288/1534/4853 2482/1537/4854 1268/1720/4855 2543/1719/4856 
f 287/1526/4857 2542/1717/4858 1268/1720/4859 2482/1537/4860 
f 321/1243/4861 2556/1251/4862 1268/1720/4863 2542/1717/4864 
f 323/1256/4865 2544/1721/4866 1269/1722/4867 2557/1257/4868 
f 289/1542/4869 2483/1546/4870 1269/1722/4871 2544/1721/4872 
f 288/1534/4873 2543/1719/4874 1269/1722/4875 2483/1546/4876 
f 322/1250/4877 2557/1257/4878 1269/1722/4879 2543/1719/4880 
f 324/1260/4881 2545/1723/4882 1270/1724/4883 2558/1261/4884 
f 290/1550/4885 2484/1555/4886 1270/1724/4887 2545/1723/4888 
f 289/1542/4889 2544/1721/4890 1270/1724/4891 2484/1555/4892 
f 323/1256/4893 2558/1261/4894 1270/1724/4895 2544/1721/4896 
f 325/1264/4897 2546/1725/4898 1271/1726/4899 2559/1265/4900 
f 291/1558/4901 2485/1561/4902 1271/1726/4903 2546/1725/4904 
f 290/1550/4905 2545/1723/4906 1271/1726/4907 2485/1561/4908 
f 324/1260/4909 2559/1265/4910 1271/1726/4911 2545/1723/4912 
f 326/1268/4913 2547/1727/4914 1272/1728/4915 2560/1269/4916 
f 292/1563/4917 2486/1567/4918 1272/1728/4919 2547/1727/4920 
f 291/1558/4921 2546/1725/4922 1272/1728/4923 2486/1567/4924 
f 325/1264/4925 2560/1269/4926 1272/1728/4927 2546/1725/4928 
f 318/1225/4929 2539/1710/4930 1273/1729/4931 2561/1271/4932 
f 284/1499/4933 2487/1570/4934 1273/1729/4935 2539/1710/4936 
f 292/1563/4937 2547/1727/4938 1273/1729/4939 2487/1570/4940 
f 326/1268/4941 2561/1271/4942 1273/1729/4943 2547/1727/4944 
f 329/1664/4945 2550/1731/4946 1274/1732/4947 2562/1665/4948 
f 317/1658/4949 2529/1655/4950 1274/1732/4951 2550/1731/4952 
f 316/1653/4953 2538/1704/4954 1274/1732/4955 2529/1655/4956 
f 330/1667/4957 2562/1665/4958 1274/1732/4959 2538/1704/4960 
f 328/1234/4961 2518/1713/4962 1275/1733/4963 2563/1700/4964 
f 309/1512/4965 2530/1695/4966 1275/1733/4967 2518/1713/4968 
f 317/1658/4969 2550/1731/4970 1275/1733/4971 2530/1695/4972 
f 329/1664/4973 2563/1700/4974 1275/1733/4975 2550/1731/4976 
f 319/1223/4977 2540/1222/4978 1276/1734/4979 2564/1707/4980 
f 216/1136/4981 2519/1671/4982 1276/1734/4983 2540/1222/4984 
f 310/1641/4985 2551/1661/4986 1276/1734/4987 2519/1671/4988 
f 330/1667/4989 2564/1707/4990 1276/1734/4991 2551/1661/4992 
f 331/1328/4993 2565/1736/4994 1277/1737/4995 2572/1329/4996 
f 265/1412/4997 2438/1415/4998 1277/1737/4999 2565/1736/5000 
f 685/1417/5001 3444/1738/5002 1277/1737/5003 2438/1415/5004 
f 757/1330/5005 2572/1329/5006 1277/1737/5007 3444/1738/5008 
f 332/1333/5009 2566/1739/5010 1278/1740/5011 2573/1334/5012 
f 266/1418/5013 2439/1422/5014 1278/1740/5015 2566/1739/5016 
f 265/1412/5017 2565/1736/5018 1278/1740/5019 2439/1422/5020 
f 331/1328/5021 2573/1334/5022 1278/1740/5023 2565/1736/5024 
f 333/1338/5025 2567/1741/5026 1279/1742/5027 2574/1339/5028 
f 267/1423/5029 2440/1427/5030 1279/1742/5031 2567/1741/5032 
f 266/1418/5033 2566/1739/5034 1279/1742/5035 2440/1427/5036 
f 332/1333/5037 2574/1339/5038 1279/1742/5039 2566/1739/5040 
f 334/1345/5041 2568/1743/5042 1280/1744/5043 2575/1346/5044 
f 268/1428/5045 2441/1431/5046 1280/1744/5047 2568/1743/5048 
f 267/1423/5049 2567/1741/5050 1280/1744/5051 2441/1431/5052 
f 333/1338/5053 2575/1346/5054 1280/1744/5055 2567/1741/5056 
f 335/1349/5057 2569/1745/5058 1281/1746/5059 2576/1350/5060 
f 269/1434/5061 2442/1437/5062 1281/1746/5063 2569/1745/5064 
f 268/1428/5065 2568/1743/5066 1281/1746/5067 2442/1437/5068 
f 334/1345/5069 2576/1350/5070 1281/1746/5071 2568/1743/5072 
f 336/1353/5073 2570/1747/5074 1282/1748/5075 2577/1354/5076 
f 270/1440/5077 2443/1443/5078 1282/1748/5079 2570/1747/5080 
f 269/1434/5081 2569/1745/5082 1282/1748/5083 2443/1443/5084 
f 335/1349/5085 2577/1354/5086 1282/1748/5087 2569/1745/5088 
f 337/1357/5089 2571/1749/5090 1283/1750/5091 2578/1358/5092 
f 271/1447/5093 2444/1450/5094 1283/1750/5095 2571/1749/5096 
f 270/1440/5097 2570/1747/5098 1283/1750/5099 2444/1450/5100 
f 336/1353/5101 2578/1358/5102 1283/1750/5103 2570/1747/5104 
f 765/1361/5105 3452/1751/5106 1284/1752/5107 2579/1362/5108 
f 693/1453/5109 2445/1456/5110 1284/1752/5111 3452/1751/5112 
f 271/1447/5113 2571/1749/5114 1284/1752/5115 2445/1456/5116 
f 337/1357/5117 2579/1362/5118 1284/1752/5119 2571/1749/5120 
f 10/73/5121 1939/76/5122 1285/1753/5123 2584/1754/5124 
f 11/81/5125 2585/1755/5126 1285/1753/5127 1939/76/5128 
f 338/1756/5129 2580/1757/5130 1285/1753/5131 2585/1755/5132 
f 766/1758/5133 2584/1754/5134 1285/1753/5135 2580/1757/5136 
f 11/81/5137 2109/793/5138 1286/1759/5139 2585/1755/5140 
f 104/646/5141 2586/1760/5142 1286/1759/5143 2109/793/5144 
f 339/1761/5145 2581/1762/5146 1286/1759/5147 2586/1760/5148 
f 338/1756/5149 2585/1755/5150 1286/1759/5151 2581/1762/5152 
f 104/646/5153 1995/645/5154 1287/1763/5155 2586/1760/5156 
f 43/644/5157 2587/1764/5158 1287/1763/5159 1995/645/5160 
f 340/1765/5161 2582/1766/5162 1287/1763/5163 2587/1764/5164 
f 339/1761/5165 2586/1760/5166 1287/1763/5167 2582/1766/5168 
f 43/644/5169 1998/1767/5170 1288/1768/5171 2587/1764/5172 
f 40/1769/5173 3468/1770/5174 1288/1768/5175 1998/1767/5176 
f 770/1771/5177 2583/1772/5178 1288/1768/5179 3468/1770/5180 
f 340/1765/5181 2587/1764/5182 1288/1768/5183 2583/1772/5184 
f 356/1773/5185 2616/1774/5186 1289/1775/5187 2619/1776/5188 
f 357/1777/5189 2618/1778/5190 1289/1775/5191 2616/1774/5192 
f 799/1779/5193 3511/1780/5194 1289/1775/5195 2618/1778/5196 
f 800/1781/5197 2619/1776/5198 1289/1775/5199 3511/1780/5200 
f 352/1782/5201 2612/1783/5202 1290/1784/5203 2621/1785/5204 
f 353/1786/5205 2620/1787/5206 1290/1784/5207 2612/1783/5208 
f 351/1788/5209 2610/1789/5210 1290/1784/5211 2620/1787/5212 
f 350/1790/5213 2621/1785/5214 1290/1784/5215 2610/1789/5216 
f 354/1791/5217 2614/1792/5218 1291/1793/5219 2623/1794/5220 
f 355/1795/5221 2622/1796/5222 1291/1793/5223 2614/1792/5224 
f 353/1786/5225 2612/1783/5226 1291/1793/5227 2622/1796/5228 
f 352/1782/5229 2623/1794/5230 1291/1793/5231 2612/1783/5232 
f 795/1797/5233 3507/1798/5234 1292/1799/5235 2625/1800/5236 
f 796/1801/5237 2624/1802/5238 1292/1799/5239 3507/1798/5240 
f 355/1795/5241 2614/1792/5242 1292/1799/5243 2624/1802/5244 
f 354/1791/5245 2625/1800/5246 1292/1799/5247 2614/1792/5248 
f 771/736/5249 2140/740/5250 1293/1803/5251 3482/1804/5252 
f 342/745/5253 2598/1805/5254 1293/1803/5255 2140/740/5256 
f 348/1806/5257 2607/1807/5258 1293/1803/5259 2598/1805/5260 
f 785/1808/5261 3482/1804/5262 1293/1803/5263 2607/1807/5264 
f 342/745/5265 2590/1809/5266 1294/1810/5267 2598/1805/5268 
f 343/1811/5269 2599/1812/5270 1294/1810/5271 2590/1809/5272 
f 349/1813/5273 2608/1814/5274 1294/1810/5275 2599/1812/5276 
f 348/1806/5277 2598/1805/5278 1294/1810/5279 2608/1814/5280 
f 343/1811/5281 2591/1815/5282 1295/1816/5283 2599/1812/5284 
f 776/1817/5285 3485/1818/5286 1295/1816/5287 2591/1815/5288 
f 788/1819/5289 2609/1820/5290 1295/1816/5291 3485/1818/5292 
f 349/1813/5293 2599/1812/5294 1295/1816/5295 2609/1820/5296 
f 766/1758/5297 2580/1757/5298 1296/1821/5299 3490/1822/5300 
f 338/1756/5301 2603/1823/5302 1296/1821/5303 2580/1757/5304 
f 346/1824/5305 2600/1825/5306 1296/1821/5307 2603/1823/5308 
f 781/1826/5309 3490/1822/5310 1296/1821/5311 2600/1825/5312 
f 350/1790/5313 2610/1789/5314 1297/1827/5315 2627/1828/5316 
f 351/1788/5317 2626/1829/5318 1297/1827/5319 2610/1789/5320 
f 357/1777/5321 2616/1774/5322 1297/1827/5323 2626/1829/5324 
f 356/1773/5325 2627/1828/5326 1297/1827/5327 2616/1774/5328 
f 341/743/5329 2588/742/5330 1298/1830/5331 2604/1831/5332 
f 772/741/5333 3493/1832/5334 1298/1830/5335 2588/742/5336 
f 784/1833/5337 2602/1834/5338 1298/1830/5339 3493/1832/5340 
f 347/1835/5341 2604/1831/5342 1298/1830/5343 2602/1834/5344 
f 348/1806/5345 2605/1836/5346 1299/1837/5347 2607/1807/5348 
f 344/375/5349 2595/373/5350 1299/1837/5351 2605/1836/5352 
f 777/372/5353 3494/1838/5354 1299/1837/5355 2595/373/5356 
f 785/1808/5357 2607/1807/5358 1299/1837/5359 3494/1838/5360 
f 349/1813/5361 2606/1839/5362 1300/1840/5363 2608/1814/5364 
f 345/377/5365 2596/376/5366 1300/1840/5367 2606/1839/5368 
f 344/375/5369 2605/1836/5370 1300/1840/5371 2596/376/5372 
f 348/1806/5373 2608/1814/5374 1300/1840/5375 2605/1836/5376 
f 788/1819/5377 3497/1841/5378 1301/1842/5379 2609/1820/5380 
f 780/364/5381 2597/367/5382 1301/1842/5383 3497/1841/5384 
f 345/377/5385 2606/1839/5386 1301/1842/5387 2597/367/5388 
f 349/1813/5389 2609/1820/5390 1301/1842/5391 2606/1839/5392 
f 357/1777/5393 2617/1843/5394 1302/1844/5395 2618/1778/5396 
f 347/1835/5397 2602/1834/5398 1302/1844/5399 2617/1843/5400 
f 784/1833/5401 3489/1845/5402 1302/1844/5403 2602/1834/5404 
f 799/1779/5405 2618/1778/5406 1302/1844/5407 3489/1845/5408 
f 800/1781/5409 3512/1846/5410 1303/1847/5411 2619/1776/5412 
f 781/1826/5413 2600/1825/5414 1303/1847/5415 3512/1846/5416 
f 346/1824/5417 2601/1848/5418 1303/1847/5419 2600/1825/5420 
f 356/1773/5421 2619/1776/5422 1303/1847/5423 2601/1848/5424 
f 353/1786/5425 2613/1849/5426 1304/1850/5427 2620/1787/5428 
f 342/745/5429 2589/744/5430 1304/1850/5431 2613/1849/5432 
f 341/743/5433 2611/1851/5434 1304/1850/5435 2589/744/5436 
f 351/1788/5437 2620/1787/5438 1304/1850/5439 2611/1851/5440 
f 350/1790/5441 2592/1852/5442 1305/1862/5443 2621/1785/5444 
f 338/1756/5445 2581/1762/5446 1305/1862/5447 2592/1852/5448 
f 339/1761/5449 2593/1863/5450 1305/1862/5451 2581/1762/5452 
f 352/1782/5453 2621/1785/5454 1305/1862/5455 2593/1863/5456 
f 355/1795/5457 2615/1865/5458 1306/1866/5459 2622/1796/5460 
f 343/1811/5461 2590/1809/5462 1306/1866/5463 2615/1865/5464 
f 342/745/5465 2613/1849/5466 1306/1866/5467 2590/1809/5468 
f 353/1786/5469 2622/1796/5470 1306/1866/5471 2613/1849/5472 
f 352/1782/5473 2593/1863/5474 1307/1868/5475 2623/1794/5476 
f 339/1761/5477 2582/1766/5478 1307/1868/5479 2593/1863/5480 
f 340/1765/5481 2594/1869/5482 1307/1868/5483 2582/1766/5484 
f 354/1791/5485 2623/1794/5486 1307/1868/5487 2594/1869/5488 
f 796/1801/5489 3508/1870/5490 1308/1872/5491 2624/1802/5492 
f 776/1817/5493 2591/1815/5494 1308/1872/5495 3508/1870/5496 
f 343/1811/5497 2615/1865/5498 1308/1872/5499 2591/1815/5500 
f 355/1795/5501 2624/1802/5502 1308/1872/5503 2615/1865/5504 
f 354/1791/5505 2594/1869/5506 1309/1873/5507 2625/1800/5508 
f 340/1765/5509 2583/1772/5510 1309/1873/5511 2594/1869/5512 
f 770/1771/5513 3477/1875/5514 1309/1873/5515 2583/1772/5516 
f 795/1797/5517 2625/1800/5518 1309/1873/5519 3477/1875/5520 
f 351/1788/5521 2611/1851/5522 1310/1879/5523 2626/1829/5524 
f 341/743/5525 2604/1831/5526 1310/1879/5527 2611/1851/5528 
f 347/1835/5529 2617/1843/5530 1310/1879/5531 2604/1831/5532 
f 357/1777/5533 2626/1829/5534 1310/1879/5535 2617/1843/5536 
f 356/1773/5537 2601/1848/5538 1311/1880/5539 2627/1828/5540 
f 346/1824/5541 2603/1823/5542 1311/1880/5543 2601/1848/5544 
f 338/1756/5545 2592/1852/5546 1311/1880/5547 2603/1823/5548 
f 350/1790/5549 2627/1828/5550 1311/1880/5551 2592/1852/5552 
f 957/1571/5553 3831/1572/5554 1312/1573/5555 3527/1574/5556 
f 958/1575/5557 3832/1576/5558 1312/1573/5559 3831/1572/5560 
f 953/1577/5561 3827/1578/5562 1312/1573/5563 3832/1576/5564 
f 954/1579/5565 3527/1574/5566 1312/1573/5567 3827/1578/5568 
f 93/1886/5569 2053/1887/5570 1313/1889/5571 2633/1890/5572 
f 94/1891/5573 2634/1892/5574 1313/1889/5575 2053/1887/5576 
f 433/1893/5577 2785/1904/5578 1313/1889/5579 2634/1892/5580 
f 432/1905/5581 2633/1890/5582 1313/1889/5583 2785/1904/5584 
f 94/1891/5585 2054/1908/5586 1314/1910/5587 2634/1892/5588 
f 51/1911/5589 2635/1912/5590 1314/1910/5591 2054/1908/5592 
f 434/1913/5593 2786/1914/5594 1314/1910/5595 2635/1912/5596 
f 433/1893/5597 2634/1892/5598 1314/1910/5599 2786/1914/5600 
f 51/1911/5601 2008/1915/5602 1315/1931/5603 2635/1912/5604 
f 48/1932/5605 2632/1935/5606 1315/1931/5607 2008/1915/5608 
f 873/1938/5609 2787/1939/5610 1315/1931/5611 2632/1935/5612 
f 434/1913/5613 2635/1912/5614 1315/1931/5615 2787/1939/5616 
f 49/1940/5617 2006/1941/5618 1316/1942/5619 2640/1943/5620 
f 50/677/5621 2641/1944/5622 1316/1942/5623 2006/1941/5624 
f 436/1945/5625 2788/1946/5626 1316/1942/5627 2641/1944/5628 
f 435/3851/5629 2640/1943/5630 1316/1942/5631 2788/1946/5632 
f 50/677/5633 2007/672/5634 1317/3852/5635 2641/1944/5636 
f 92/671/5637 2642/3853/5638 1317/3852/5639 2007/672/5640 
f 437/3854/5641 2789/3855/5642 1317/3852/5643 2642/3853/5644 
f 436/1945/5645 2641/1944/5646 1317/3852/5647 2789/3855/5648 
f 92/671/5649 2052/3856/5650 1318/3857/5651 2642/3853/5652 
f 93/1886/5653 2643/3858/5654 1318/3857/5655 2052/3856/5656 
f 438/3859/5657 2790/3860/5658 1318/3857/5659 2643/3858/5660 
f 437/3854/5661 2642/3853/5662 1318/3857/5663 2790/3860/5664 
f 925/382/5665 3771/384/5666 1319/1615/5667 3780/1616/5668 
f 926/1618/5669 2644/1619/5670 1319/1615/5671 3771/384/5672 
f 439/1620/5673 2791/1621/5674 1319/1615/5675 2644/1619/5676 
f 934/1622/5677 3780/1616/5678 1319/1615/5679 2791/1621/5680 
f 368/127/5681 2647/3861/5682 1320/3862/5683 2652/128/5684 
f 23/3863/5685 1959/3864/5686 1320/3862/5687 2647/3861/5688 
f 22/3865/5689 2646/3866/5690 1320/3862/5691 1959/3864/5692 
f 367/129/5693 2652/128/5694 1320/3862/5695 2646/3866/5696 
f 371/180/5697 2650/3867/5698 1321/3868/5699 2653/183/5700 
f 68/137/5701 2028/133/5702 1321/3868/5703 2650/3867/5704 
f 67/132/5705 2075/529/5706 1321/3868/5707 2028/133/5708 
f 372/184/5709 2653/183/5710 1321/3868/5711 2075/529/5712 
f 366/188/5713 2645/3869/5714 1322/3870/5715 2654/189/5716 
f 15/108/5717 1946/112/5718 1322/3870/5719 2645/3869/5720 
f 14/120/5721 2648/3871/5722 1322/3870/5723 1946/112/5724 
f 369/192/5725 2654/189/5726 1322/3870/5727 2648/3871/5728 
f 367/129/5729 2646/3866/5730 1323/3872/5731 2655/3873/5732 
f 22/3865/5733 2700/3874/5734 1323/3872/5735 2646/3866/5736 
f 394/515/5737 2707/3875/5738 1323/3872/5739 2700/3874/5740 
f 397/3876/5741 2655/3873/5742 1323/3872/5743 2707/3875/5744 
f 370/526/5745 2649/3877/5746 1324/3878/5747 2656/527/5748 
f 69/511/5749 2029/519/5750 1324/3878/5751 2649/3877/5752 
f 68/137/5753 2650/3867/5754 1324/3878/5755 2029/519/5756 
f 371/180/5757 2656/527/5758 1324/3878/5759 2650/3867/5760 
f 369/192/5761 2648/3871/5762 1325/3879/5763 2657/530/5764 
f 14/120/5765 1945/508/5766 1325/3879/5767 2648/3871/5768 
f 61/105/5769 2651/178/5770 1325/3879/5771 1945/508/5772 
f 372/184/5773 2657/530/5774 1325/3879/5775 2651/178/5776 
f 378/237/5777 2663/3880/5778 1326/3881/5779 2665/238/5780 
f 74/537/5781 2034/3882/5782 1326/3881/5783 2663/3880/5784 
f 73/559/5785 2081/562/5786 1326/3881/5787 2034/3882/5788 
f 379/239/5789 2665/238/5790 1326/3881/5791 2081/562/5792 
f 375/246/5793 2660/3883/5794 1327/3884/5795 2666/247/5796 
f 40/1769/5797 1998/1767/5798 1327/3884/5799 2660/3883/5800 
f 43/644/5801 2659/3885/5802 1327/3884/5803 1998/1767/5804 
f 374/248/5805 2666/247/5806 1327/3884/5807 2659/3885/5808 
f 373/346/5809 2658/3886/5810 1328/3887/5811 2667/347/5812 
f 31/3888/5813 1973/3889/5814 1328/3887/5815 2658/3886/5816 
f 30/3890/5817 2661/3891/5818 1328/3887/5819 1973/3889/5820 
f 376/348/5821 2667/347/5822 1328/3887/5823 2661/3891/5824 
f 376/348/5825 2661/3891/5826 1329/3892/5827 2668/554/5828 
f 30/3890/5829 2036/3893/5830 1329/3892/5831 2661/3891/5832 
f 75/541/5833 2662/3894/5834 1329/3892/5835 2036/3893/5836 
f 377/555/5837 2668/554/5838 1329/3892/5839 2662/3894/5840 
f 377/555/5841 2662/3894/5842 1330/3895/5843 2669/558/5844 
f 75/541/5845 2035/538/5846 1330/3895/5847 2662/3894/5848 
f 74/537/5849 2663/3880/5850 1330/3895/5851 2035/538/5852 
f 378/237/5853 2669/558/5854 1330/3895/5855 2663/3880/5856 
f 374/248/5857 2659/3885/5858 1331/3896/5859 2670/565/5860 
f 43/644/5861 1997/641/5862 1331/3896/5863 2659/3885/5864 
f 85/228/5865 2664/231/5866 1331/3896/5867 1997/641/5868 
f 379/239/5869 2670/565/5870 1331/3896/5871 2664/231/5872 
f 361/3897/5873 2636/3898/5874 1332/3899/5875 3566/3900/5876 
f 362/3901/5877 2675/3902/5878 1332/3899/5879 2636/3898/5880 
f 380/471/5881 2671/470/5882 1332/3899/5883 2675/3902/5884 
f 819/469/5885 3566/3900/5886 1332/3899/5887 2671/470/5888 
f 362/3901/5889 2637/3903/5890 1333/3904/5891 2675/3902/5892 
f 363/3905/5893 2676/3906/5894 1333/3904/5895 2637/3903/5896 
f 381/473/5897 2672/472/5898 1333/3904/5899 2676/3906/5900 
f 380/471/5901 2675/3902/5902 1333/3904/5903 2672/472/5904 
f 363/3905/5905 2638/3907/5906 1334/3908/5907 2676/3906/5908 
f 364/3909/5909 2677/3910/5910 1334/3908/5911 2638/3907/5912 
f 382/479/5913 2673/478/5914 1334/3908/5915 2677/3910/5916 
f 381/473/5917 2676/3906/5918 1334/3908/5919 2673/478/5920 
f 933/1623/5921 2639/1624/5922 1335/1625/5923 3778/1626/5924 
f 365/1675/5925 2678/1676/5926 1335/1625/5927 2639/1624/5928 
f 931/1677/5929 3777/1678/5930 1335/1625/5931 2678/1676/5932 
f 932/1679/5933 3778/1626/5934 1335/1625/5935 3777/1678/5936 
f 802/3911/5937 2628/3912/5938 1336/3913/5939 3577/3914/5940 
f 358/3915/5941 2683/3916/5942 1336/3913/5943 2628/3912/5944 
f 383/57/5945 2679/54/5946 1336/3913/5947 2683/3916/5948 
f 827/53/5949 3577/3914/5950 1336/3913/5951 2679/54/5952 
f 358/3915/5953 2629/3917/5954 1337/3918/5955 2683/3916/5956 
f 359/3919/5957 2684/3920/5958 1337/3918/5959 2629/3917/5960 
f 384/60/5961 2680/58/5962 1337/3918/5963 2684/3920/5964 
f 383/57/5965 2683/3916/5966 1337/3918/5967 2680/58/5968 
f 359/3919/5969 2630/3921/5970 1338/3922/5971 2684/3920/5972 
f 360/3923/5973 2685/3924/5974 1338/3922/5975 2630/3921/5976 
f 385/482/5977 2681/480/5978 1338/3922/5979 2685/3924/5980 
f 384/60/5981 2684/3920/5982 1338/3922/5983 2681/480/5984 
f 360/3923/5985 2631/3925/5986 1339/3926/5987 2685/3924/5988 
f 801/3927/5989 3576/3928/5990 1339/3926/5991 2631/3925/5992 
f 825/484/5993 2682/483/5994 1339/3926/5995 3576/3928/5996 
f 385/482/5997 2685/3924/5998 1339/3926/5999 2682/483/6000 
f 388/413/6001 2688/678/6002 1340/3929/6003 2693/414/6004 
f 50/677/6005 2006/1941/6006 1340/3929/6007 2688/678/6008 
f 49/1940/6009 2010/3930/6010 1340/3929/6011 2006/1941/6012 
f 387/415/6013 2693/414/6014 1340/3929/6015 2010/3930/6016 
f 391/422/6017 2691/3931/6018 1341/3932/6019 2694/423/6020 
f 93/1886/6021 2052/3856/6022 1341/3932/6023 2691/3931/6024 
f 92/671/6025 2099/675/6026 1341/3932/6027 2052/3856/6028 
f 392/424/6029 2694/423/6030 1341/3932/6031 2099/675/6032 
f 386/431/6033 2686/3933/6034 1342/3934/6035 2695/432/6036 
f 48/1932/6037 2008/1915/6038 1342/3934/6039 2686/3933/6040 
f 51/1911/6041 2689/3935/6042 1342/3934/6043 2008/1915/6044 
f 389/433/6045 2695/432/6046 1342/3934/6047 2689/3935/6048 
f 389/433/6049 2689/3935/6050 1343/3936/6051 2696/666/6052 
f 51/1911/6053 2054/1908/6054 1343/3936/6055 2689/3935/6056 
f 94/1891/6057 2690/3937/6058 1343/3936/6059 2054/1908/6060 
f 390/667/6061 2696/666/6062 1343/3936/6063 2690/3937/6064 
f 390/667/6065 2690/3937/6066 1344/3938/6067 2697/670/6068 
f 94/1891/6069 2053/1887/6070 1344/3938/6071 2690/3937/6072 
f 93/1886/6073 2691/3931/6074 1344/3938/6075 2053/1887/6076 
f 391/422/6077 2697/670/6078 1344/3938/6079 2691/3931/6080 
f 388/413/6081 2011/412/6082 1345/3939/6083 2698/679/6084 
f 5/24/6085 1931/443/6086 1345/3939/6087 2011/412/6088 
f 55/416/6089 2692/419/6090 1345/3939/6091 1931/443/6092 
f 392/424/6093 2698/679/6094 1345/3939/6095 2692/419/6096 
f 26/200/6097 1963/199/6098 1346/3940/6099 2765/3941/6100 
f 16/131/6101 2722/3942/6102 1346/3940/6103 1963/199/6104 
f 406/3943/6105 2758/3944/6106 1346/3940/6107 2722/3942/6108 
f 423/3945/6109 2765/3941/6110 1346/3940/6111 2758/3944/6112 
f 395/813/6113 2033/3946/6114 1347/3947/6115 2706/814/6116 
f 72/504/6117 2163/817/6118 1347/3947/6119 2033/3946/6120 
f 128/543/6121 2702/3948/6122 1347/3947/6123 2163/817/6124 
f 396/536/6125 2706/814/6126 1347/3947/6127 2702/3948/6128 
f 394/515/6129 2030/512/6130 1348/3949/6131 2707/3875/6132 
f 69/511/6133 2649/3877/6134 1348/3949/6135 2030/512/6136 
f 370/526/6137 2703/3950/6138 1348/3949/6139 2649/3877/6140 
f 397/3876/6141 2707/3875/6142 1348/3949/6143 2703/3950/6144 
f 398/531/6145 2718/3951/6146 1349/3952/6147 2710/532/6148 
f 75/541/6149 2036/3893/6150 1349/3952/6151 2718/3951/6152 
f 30/3890/6153 1970/3953/6154 1349/3952/6155 2036/3893/6156 
f 399/226/6157 2710/532/6158 1349/3952/6159 1970/3953/6160 
f 399/226/6161 1970/3953/6162 1350/3954/6163 2712/219/6164 
f 30/3890/6165 1973/3889/6166 1350/3954/6167 1970/3953/6168 
f 31/3888/6169 2159/3955/6170 1350/3954/6171 1973/3889/6172 
f 400/216/6173 2712/219/6174 1350/3954/6175 2159/3955/6176 
f 401/517/6177 2713/516/6178 1351/3956/6179 2715/3957/6180 
f 394/515/6181 2700/3874/6182 1351/3956/6183 2713/516/6184 
f 22/3865/6185 1956/3958/6186 1351/3956/6187 2700/3874/6188 
f 402/176/6189 2715/3957/6190 1351/3956/6191 1956/3958/6192 
f 402/176/6193 1956/3958/6194 1352/3959/6195 2717/174/6196 
f 22/3865/6197 1959/3864/6198 1352/3959/6199 1956/3958/6200 
f 23/3863/6201 1948/3960/6202 1352/3959/6203 1959/3864/6204 
f 403/171/6205 2717/174/6206 1352/3959/6207 1948/3960/6208 
f 398/531/6209 2708/534/6210 1353/3961/6211 2718/3951/6212 
f 396/536/6213 2702/3948/6214 1353/3961/6215 2708/534/6216 
f 128/543/6217 2076/542/6218 1353/3961/6219 2702/3948/6220 
f 75/541/6221 2718/3951/6222 1353/3961/6223 2076/542/6224 
f 401/517/6225 2715/3957/6226 1354/3962/6227 2719/518/6228 
f 402/176/6229 2714/175/6230 1354/3962/6231 2715/3957/6232 
f 20/170/6233 2027/435/6234 1354/3962/6235 2714/175/6236 
f 66/434/6237 2719/518/6238 1354/3962/6239 2027/435/6240 
f 367/129/6241 2655/3873/6242 1355/3963/6243 2766/3964/6244 
f 397/3876/6245 2720/3965/6246 1355/3963/6247 2655/3873/6248 
f 404/3966/6249 2756/3967/6250 1355/3963/6251 2720/3965/6252 
f 421/3968/6253 2766/3964/6254 1355/3963/6255 2756/3967/6256 
f 412/3969/6257 2732/3970/6258 1356/3971/6259 2739/3972/6260 
f 413/3973/6261 2705/3974/6262 1356/3971/6263 2732/3970/6264 
f 393/3975/6265 2699/3976/6266 1356/3971/6267 2705/3974/6268 
f 419/3977/6269 2739/3972/6270 1356/3971/6271 2699/3976/6272 
f 418/3978/6273 2738/3979/6274 1357/3980/6275 2737/3981/6276 
f 419/3977/6277 2699/3976/6278 1357/3980/6279 2738/3979/6280 
f 393/3975/6281 2725/3982/6282 1357/3980/6283 2699/3976/6284 
f 417/3983/6285 2737/3981/6286 1357/3980/6287 2725/3982/6288 
f 410/3984/6289 2024/3985/6290 1358/3986/6291 2761/3987/6292 
f 63/506/6293 2067/505/6294 1358/3986/6295 2024/3985/6296 
f 72/504/6297 2764/3988/6298 1358/3986/6299 2067/505/6300 
f 425/3989/6301 2761/3987/6302 1358/3986/6303 2764/3988/6304 
f 393/3975/6305 2728/3990/6306 1359/3991/6307 2725/3982/6308 
f 415/3992/6309 2735/3993/6310 1359/3991/6311 2728/3990/6312 
f 416/3994/6313 2736/3995/6314 1359/3991/6315 2735/3993/6316 
f 417/3983/6317 2725/3982/6318 1359/3991/6319 2736/3995/6320 
f 404/3966/6321 2720/3965/6322 1360/3996/6323 2763/3997/6324 
f 397/3876/6325 2703/3950/6326 1360/3996/6327 2720/3965/6328 
f 370/526/6329 2767/3998/6330 1360/3996/6331 2703/3950/6332 
f 411/3999/6333 2763/3997/6334 1360/3996/6335 2767/3998/6336 
f 414/4000/6337 2734/4001/6338 1361/4002/6339 2733/4003/6340 
f 415/3992/6341 2728/3990/6342 1361/4002/6343 2734/4001/6344 
f 393/3975/6345 2705/3974/6346 1361/4002/6347 2728/3990/6348 
f 413/3973/6349 2733/4003/6350 1361/4002/6351 2705/3974/6352 
f 405/4004/6353 2721/4005/6354 1362/4006/6355 2740/4007/6356 
f 420/4008/6357 2741/4009/6358 1362/4006/6359 2721/4005/6360 
f 413/3973/6361 2732/3970/6362 1362/4006/6363 2741/4009/6364 
f 412/3969/6365 2740/4007/6366 1362/4006/6367 2732/3970/6368 
f 420/4008/6369 2731/4010/6370 1363/4011/6371 2741/4009/6372 
f 427/4012/6373 2742/4013/6374 1363/4011/6375 2731/4010/6376 
f 414/4000/6377 2733/4003/6378 1363/4011/6379 2742/4013/6380 
f 413/3973/6381 2741/4009/6382 1363/4011/6383 2733/4003/6384 
f 427/4012/6385 2730/4014/6386 1364/4015/6387 2742/4013/6388 
f 426/4016/6389 2743/4017/6390 1364/4015/6391 2730/4014/6392 
f 415/3992/6393 2734/4001/6394 1364/4015/6395 2743/4017/6396 
f 414/4000/6397 2742/4013/6398 1364/4015/6399 2734/4001/6400 
f 426/4016/6401 2729/4018/6402 1365/4019/6403 2743/4017/6404 
f 409/4020/6405 2744/4021/6406 1365/4019/6407 2729/4018/6408 
f 416/3994/6409 2735/3993/6410 1365/4019/6411 2744/4021/6412 
f 415/3992/6413 2743/4017/6414 1365/4019/6415 2735/3993/6416 
f 409/4020/6417 2727/4022/6418 1366/4023/6419 2744/4021/6420 
f 424/4024/6421 2745/4025/6422 1366/4023/6423 2727/4022/6424 
f 417/3983/6425 2736/3995/6426 1366/4023/6427 2745/4025/6428 
f 416/3994/6429 2744/4021/6430 1366/4023/6431 2736/3995/6432 
f 424/4024/6433 2726/4026/6434 1367/4027/6435 2745/4025/6436 
f 407/4028/6437 2746/4029/6438 1367/4027/6439 2726/4026/6440 
f 418/3978/6441 2737/3981/6442 1367/4027/6443 2746/4029/6444 
f 417/3983/6445 2745/4025/6446 1367/4027/6447 2737/3981/6448 
f 407/4028/6449 2724/4030/6450 1368/4031/6451 2746/4029/6452 
f 422/4032/6453 2747/4033/6454 1368/4031/6455 2724/4030/6456 
f 419/3977/6457 2738/3979/6458 1368/4031/6459 2747/4033/6460 
f 418/3978/6461 2746/4029/6462 1368/4031/6463 2738/3979/6464 
f 422/4032/6465 2723/4034/6466 1369/4035/6467 2747/4033/6468 
f 405/4004/6469 2740/4007/6470 1369/4035/6471 2723/4034/6472 
f 412/3969/6473 2739/3972/6474 1369/4035/6475 2740/4007/6476 
f 419/3977/6477 2747/4033/6478 1369/4035/6479 2739/3972/6480 
f 405/4004/6481 2749/4036/6482 1370/4037/6483 2721/4005/6484 
f 421/3968/6485 2756/3967/6486 1370/4037/6487 2749/4036/6488 
f 404/3966/6489 2748/4038/6490 1370/4037/6491 2756/3967/6492 
f 420/4008/6493 2721/4005/6494 1370/4037/6495 2748/4038/6496 
f 422/4032/6497 2750/4039/6498 1371/4040/6499 2723/4034/6500 
f 406/3943/6501 2757/4041/6502 1371/4040/6503 2750/4039/6504 
f 421/3968/6505 2749/4036/6506 1371/4040/6507 2757/4041/6508 
f 405/4004/6509 2723/4034/6510 1371/4040/6511 2749/4036/6512 
f 407/4028/6513 2751/4042/6514 1372/4043/6515 2724/4030/6516 
f 423/3945/6517 2758/3944/6518 1372/4043/6519 2751/4042/6520 
f 406/3943/6521 2750/4039/6522 1372/4043/6523 2758/3944/6524 
f 422/4032/6525 2724/4030/6526 1372/4043/6527 2750/4039/6528 
f 424/4024/6529 2752/4044/6530 1373/4045/6531 2726/4026/6532 
f 408/4046/6533 2759/4047/6534 1373/4045/6535 2752/4044/6536 
f 423/3945/6537 2751/4042/6538 1373/4045/6539 2759/4047/6540 
f 407/4028/6541 2726/4026/6542 1373/4045/6543 2751/4042/6544 
f 409/4020/6545 2753/4048/6546 1374/4049/6547 2727/4022/6548 
f 425/3989/6549 2760/4050/6550 1374/4049/6551 2753/4048/6552 
f 408/4046/6553 2752/4044/6554 1374/4049/6555 2760/4050/6556 
f 424/4024/6557 2727/4022/6558 1374/4049/6559 2752/4044/6560 
f 426/4016/6561 2754/4051/6562 1375/4052/6563 2729/4018/6564 
f 410/3984/6565 2761/3987/6566 1375/4052/6567 2754/4051/6568 
f 425/3989/6569 2753/4048/6570 1375/4052/6571 2761/3987/6572 
f 409/4020/6573 2729/4018/6574 1375/4052/6575 2753/4048/6576 
f 427/4012/6577 2755/4053/6578 1376/4054/6579 2730/4014/6580 
f 411/3999/6581 2762/4055/6582 1376/4054/6583 2755/4053/6584 
f 410/3984/6585 2754/4051/6586 1376/4054/6587 2762/4055/6588 
f 426/4016/6589 2730/4014/6590 1376/4054/6591 2754/4051/6592 
f 420/4008/6593 2748/4038/6594 1377/4056/6595 2731/4010/6596 
f 404/3966/6597 2763/3997/6598 1377/4056/6599 2748/4038/6600 
f 411/3999/6601 2755/4053/6602 1377/4056/6603 2763/3997/6604 
f 427/4012/6605 2731/4010/6606 1377/4056/6607 2755/4053/6608 
f 72/504/6609 2033/3946/6610 1378/4057/6611 2764/3988/6612 
f 395/813/6613 2704/4058/6614 1378/4057/6615 2033/3946/6616 
f 408/4046/6617 2760/4050/6618 1378/4057/6619 2704/4058/6620 
f 425/3989/6621 2764/3988/6622 1378/4057/6623 2760/4050/6624 
f 423/3945/6625 2759/4047/6626 1379/4059/6627 2765/3941/6628 
f 408/4046/6629 2704/4058/6630 1379/4059/6631 2759/4047/6632 
f 395/813/6633 2701/812/6634 1379/4059/6635 2704/4058/6636 
f 26/200/6637 2765/3941/6638 1379/4059/6639 2701/812/6640 
f 421/3968/6641 2757/4041/6642 1380/4060/6643 2766/3964/6644 
f 406/3943/6645 2722/3942/6646 1380/4060/6647 2757/4041/6648 
f 16/131/6649 1944/130/6650 1380/4060/6651 2722/3942/6652 
f 367/129/6653 2766/3964/6654 1380/4060/6655 1944/130/6656 
f 370/526/6657 2073/525/6658 1381/4061/6659 2767/3998/6660 
f 63/506/6661 2024/3985/6662 1381/4061/6663 2073/525/6664 
f 410/3984/6665 2762/4055/6666 1381/4061/6667 2024/3985/6668 
f 411/3999/6669 2767/3998/6670 1381/4061/6671 2762/4055/6672 
f 73/559/6673 2034/3882/6674 1382/4062/6675 2772/4063/6676 
f 74/537/6677 2773/4064/6678 1382/4062/6679 2034/3882/6680 
f 429/4065/6681 2768/4066/6682 1382/4062/6683 2773/4064/6684 
f 428/4067/6685 2772/4063/6686 1382/4062/6687 2768/4066/6688 
f 74/537/6689 2077/540/6690 1383/4068/6691 2773/4064/6692 
f 129/545/6693 2774/4069/6694 1383/4068/6695 2077/540/6696 
f 430/4070/6697 2769/4071/6698 1383/4068/6699 2774/4069/6700 
f 429/4065/6701 2773/4064/6702 1383/4068/6703 2769/4071/6704 
f 129/545/6705 2166/804/6706 1384/4072/6707 2774/4069/6708 
f 130/549/6709 2775/4073/6710 1384/4072/6711 2166/804/6712 
f 431/4074/6713 2770/4075/6714 1384/4072/6715 2775/4073/6716 
f 430/4070/6717 2774/4069/6718 1384/4072/6719 2770/4075/6720 
f 130/549/6721 2165/820/6722 1385/4076/6723 2775/4073/6724 
f 73/559/6725 2772/4063/6726 1385/4076/6727 2165/820/6728 
f 428/4067/6729 2771/4077/6730 1385/4076/6731 2772/4063/6732 
f 431/4074/6733 2775/4073/6734 1385/4076/6735 2771/4077/6736 
f 947/1580/6737 3813/1583/6738 1386/1588/6739 2784/1687/6740 
f 948/1690/6741 3814/1853/6742 1386/1588/6743 3813/1583/6744 
f 949/1854/6745 3668/1855/6746 1386/1588/6747 3814/1853/6748 
f 874/1856/6749 2784/1687/6750 1386/1588/6751 3668/1855/6752 
f 433/1893/6753 2777/4078/6754 1387/4079/6755 2785/1904/6756 
f 359/3919/6757 2629/3917/6758 1387/4079/6759 2777/4078/6760 
f 358/3915/6761 2776/4080/6762 1387/4079/6763 2629/3917/6764 
f 432/1905/6765 2785/1904/6766 1387/4079/6767 2776/4080/6768 
f 434/1913/6769 2778/4081/6770 1388/4082/6771 2786/1914/6772 
f 360/3923/6773 2630/3921/6774 1388/4082/6775 2778/4081/6776 
f 359/3919/6777 2777/4078/6778 1388/4082/6779 2630/3921/6780 
f 433/1893/6781 2786/1914/6782 1388/4082/6783 2777/4078/6784 
f 873/1938/6785 3667/4083/6786 1389/4084/6787 2787/1939/6788 
f 801/3927/6789 2631/3925/6790 1389/4084/6791 3667/4083/6792 
f 360/3923/6793 2778/4081/6794 1389/4084/6795 2631/3925/6796 
f 434/1913/6797 2787/1939/6798 1389/4084/6799 2778/4081/6800 
f 436/1945/6801 2780/4085/6802 1390/4086/6803 2788/1946/6804 
f 362/3901/6805 2636/3898/6806 1390/4086/6807 2780/4085/6808 
f 361/3897/6809 2779/4087/6810 1390/4086/6811 2636/3898/6812 
f 435/3851/6813 2788/1946/6814 1390/4086/6815 2779/4087/6816 
f 437/3854/6817 2781/4088/6818 1391/4089/6819 2789/3855/6820 
f 363/3905/6821 2637/3903/6822 1391/4089/6823 2781/4088/6824 
f 362/3901/6825 2780/4085/6826 1391/4089/6827 2637/3903/6828 
f 436/1945/6829 2789/3855/6830 1391/4089/6831 2780/4085/6832 
f 438/3859/6833 2782/4090/6834 1392/4091/6835 2790/3860/6836 
f 364/3909/6837 2638/3907/6838 1392/4091/6839 2782/4090/6840 
f 363/3905/6841 2781/4088/6842 1392/4091/6843 2638/3907/6844 
f 437/3854/6845 2790/3860/6846 1392/4091/6847 2781/4088/6848 
f 439/1620/6849 2783/1680/6850 1393/1681/6851 2791/1621/6852 
f 365/1675/6853 2639/1624/6854 1393/1681/6855 2783/1680/6856 
f 933/1623/6857 3779/1682/6858 1393/1681/6859 2639/1624/6860 
f 934/1622/6861 2791/1621/6862 1393/1681/6863 3779/1682/6864 
f 428/4067/6865 2768/4066/6866 1394/4092/6867 2796/4093/6868 
f 429/4065/6869 2797/4094/6870 1394/4092/6871 2768/4066/6872 
f 441/1881/6873 2792/1882/6874 1394/1883/6875 2797/1884/6876 
f 440/1885/6877 2796/1888/6878 1394/1883/6879 2792/1882/6880 
f 429/4065/6881 2769/4071/6882 1395/4098/6883 2797/4094/6884 
f 430/4070/6885 2798/4099/6886 1395/4098/6887 2769/4071/6888 
f 442/4100/6889 2793/4101/6890 1395/4156/6891 2798/4157/6892 
f 441/1881/6893 2797/1884/6894 1395/1894/6895 2793/1895/6896 
f 430/4070/6897 2770/4075/6898 1396/4102/6899 2798/4099/6900 
f 431/4074/6901 2799/4103/6902 1396/4102/6903 2770/4075/6904 
f 443/4104/6905 2794/4105/6906 1396/4158/6907 2799/4159/6908 
f 442/4100/6909 2798/4157/6910 1396/4158/6911 2794/4105/6912 
f 431/4074/6913 2771/4077/6914 1397/4106/6915 2799/4103/6916 
f 428/4067/6917 2796/4093/6918 1397/4106/6919 2771/4077/6920 
f 440/1885/6921 2795/1896/6922 1397/1897/6923 2796/1888/6924 
f 443/4104/6925 2799/4159/6926 1397/4160/6927 2795/4107/6928 
f 451/1898/6929 2811/1899/6930 1398/1900/6931 2822/1901/6932 
f 452/1902/6933 2821/1903/6934 1398/1900/6935 2811/1899/6936 
f 449/1906/6937 2808/1907/6938 1398/1900/6939 2821/1903/6940 
f 448/1909/6941 2822/1901/6942 1398/1900/6943 2808/1907/6944 
f 454/4108/6945 2814/4109/6946 1399/4110/6947 2825/4111/6948 
f 455/4112/6949 2824/4113/6950 1399/4110/6951 2814/4109/6952 
f 452/1902/6953 2811/1899/6954 1399/1916/6955 2824/1917/6956 
f 451/1898/6957 2825/1918/6958 1399/1916/6959 2811/1899/6960 
f 457/4114/6961 2817/4115/6962 1400/4116/6963 2828/4117/6964 
f 458/4118/6965 2827/4119/6966 1400/4116/6967 2817/4115/6968 
f 455/4112/6969 2814/4109/6970 1400/4116/6971 2827/4119/6972 
f 454/4108/6973 2828/4117/6974 1400/4116/6975 2814/4109/6976 
f 448/1909/6977 2808/1907/6978 1401/1919/6979 2831/1920/6980 
f 449/1906/6981 2830/1921/6982 1401/1919/6983 2808/1907/6984 
f 458/4118/6985 2817/4115/6986 1401/4120/6987 2830/4121/6988 
f 457/4114/6989 2831/4122/6990 1401/4120/6991 2817/4115/6992 
f 453/1922/6993 2813/1923/6994 1402/1924/6995 2820/1925/6996 
f 445/152/6997 2800/149/6998 1402/1924/6999 2813/1923/7000 
f 444/148/7001 2810/1926/7002 1402/1924/7003 2800/149/7004 
f 450/1927/7005 2820/1925/7006 1402/1924/7007 2810/1926/7008 
f 452/1902/7009 2812/1928/7010 1403/1929/7011 2821/1903/7012 
f 453/1922/7013 2820/1925/7014 1403/1929/7015 2812/1928/7016 
f 450/1927/7017 2809/1930/7018 1403/1929/7019 2820/1925/7020 
f 449/1906/7021 2821/1903/7022 1403/1929/7023 2809/1930/7024 
f 448/1909/7025 2804/1933/7026 1404/1934/7027 2822/1901/7028 
f 440/1885/7029 2792/1882/7030 1404/1934/7031 2804/1933/7032 
f 441/1881/7033 2805/1936/7034 1404/1934/7035 2792/1882/7036 
f 451/1898/7037 2822/1901/7038 1404/1934/7039 2805/1936/7040 
f 456/4123/7041 2816/4124/7042 1405/4125/7043 2823/4126/7044 
f 446/201/7045 2801/204/7046 1405/4125/7047 2816/4124/7048 
f 445/152/7049 2813/1923/7050 1405/1937/7051 2801/153/7052 
f 453/1922/7053 2823/1947/7054 1405/1937/7055 2813/1923/7056 
f 455/4112/7057 2815/4127/7058 1406/4128/7059 2824/4113/7060 
f 456/4123/7061 2823/4126/7062 1406/4128/7063 2815/4127/7064 
f 453/1922/7065 2812/1928/7066 1406/1948/7067 2823/1947/7068 
f 452/1902/7069 2824/1917/7070 1406/1948/7071 2812/1928/7072 
f 451/1898/7073 2805/1936/7074 1407/1949/7075 2825/1918/7076 
f 441/1881/7077 2793/1895/7078 1407/1949/7079 2805/1936/7080 
f 442/4100/7081 2806/4129/7082 1407/4130/7083 2793/4101/7084 
f 454/4108/7085 2825/4111/7086 1407/4130/7087 2806/4129/7088 
f 459/4131/7089 2819/4132/7090 1408/4133/7091 2826/4134/7092 
f 447/205/7093 2802/202/7094 1408/4133/7095 2819/4132/7096 
f 446/201/7097 2816/4124/7098 1408/4133/7099 2802/202/7100 
f 456/4123/7101 2826/4134/7102 1408/4133/7103 2816/4124/7104 
f 458/4118/7105 2818/4135/7106 1409/4136/7107 2827/4119/7108 
f 459/4131/7109 2826/4134/7110 1409/4136/7111 2818/4135/7112 
f 456/4123/7113 2815/4127/7114 1409/4136/7115 2826/4134/7116 
f 455/4112/7117 2827/4119/7118 1409/4136/7119 2815/4127/7120 
f 454/4108/7121 2806/4129/7122 1410/4137/7123 2828/4117/7124 
f 442/4100/7125 2794/4105/7126 1410/4137/7127 2806/4129/7128 
f 443/4104/7129 2807/4138/7130 1410/4137/7131 2794/4105/7132 
f 457/4114/7133 2828/4117/7134 1410/4137/7135 2807/4138/7136 
f 450/1927/7137 2810/1926/7138 1411/1950/7139 2829/4095/7140 
f 444/148/7141 2803/151/7142 1411/1950/7143 2810/1926/7144 
f 447/205/7145 2819/4132/7146 1411/4139/7147 2803/206/7148 
f 459/4131/7149 2829/4140/7150 1411/4139/7151 2819/4132/7152 
f 449/1906/7153 2809/1930/7154 1412/4096/7155 2830/1921/7156 
f 450/1927/7157 2829/4095/7158 1412/4096/7159 2809/1930/7160 
f 459/4131/7161 2818/4135/7162 1412/4141/7163 2829/4140/7164 
f 458/4118/7165 2830/4121/7166 1412/4141/7167 2818/4135/7168 
f 457/4114/7169 2807/4138/7170 1413/4142/7171 2831/4122/7172 
f 443/4104/7173 2795/4107/7174 1413/4142/7175 2807/4138/7176 
f 440/1885/7177 2804/1933/7178 1413/4097/7179 2795/1896/7180 
f 448/1909/7181 2831/1920/7182 1413/4097/7183 2804/1933/7184 
f 500/1951/7185 3057/1952/7186 1414/1953/7187 2912/1954/7188 
f 564/1955/7189 3058/1956/7190 1414/1953/7191 3057/1952/7192 
f 563/1957/7193 2943/1958/7194 1414/1953/7195 3058/1956/7196 
f 501/1959/7197 2912/1954/7198 1414/1953/7199 2943/1958/7200 
f 1/10/7201 2837/1960/7202 1415/1961/7203 2174/11/7204 
f 460/1962/7205 2832/1963/7206 1415/1961/7207 2837/1960/7208 
f 560/1964/7209 3059/1965/7210 1415/1961/7211 2832/1963/7212 
f 133/14/7213 2174/11/7214 1415/1961/7215 3059/1965/7216 
f 177/19/7217 2947/1966/7218 1416/1967/7219 2252/20/7220 
f 594/1968/7221 3121/1969/7222 1416/1967/7223 2947/1966/7224 
f 593/1970/7225 2946/1971/7226 1416/1967/7227 3121/1969/7228 
f 178/23/7229 2252/20/7230 1416/1967/7231 2946/1971/7232 
f 646/28/7233 3229/1972/7234 1417/1973/7235 3230/29/7236 
f 645/1974/7237 3228/1975/7238 1417/1973/7239 3229/1972/7240 
f 644/1976/7241 3091/1977/7242 1417/1973/7243 3228/1975/7244 
f 234/32/7245 3230/29/7246 1417/1973/7247 3091/1977/7248 
f 826/37/7249 2950/1978/7250 1418/1979/7251 3571/38/7252 
f 829/1980/7253 3573/1981/7254 1418/1979/7255 2950/1978/7256 
f 828/1982/7257 3572/1983/7258 1418/1979/7259 3573/1981/7260 
f 827/41/7261 3571/38/7262 1418/1979/7263 3572/1983/7264 
f 515/1984/7265 2999/1985/7266 1419/1986/7267 2927/1987/7268 
f 542/1988/7269 3013/1989/7270 1419/1986/7271 2999/1985/7272 
f 541/1990/7273 2952/1991/7274 1419/1986/7275 3013/1989/7276 
f 516/1992/7277 2927/1987/7278 1419/1986/7279 2952/1991/7280 
f 10/55/7281 2843/1993/7282 1420/1994/7283 2105/56/7284 
f 464/1995/7285 2840/1996/7286 1420/1994/7287 2843/1993/7288 
f 531/1997/7289 3014/1998/7290 1420/1994/7291 2840/1996/7292 
f 100/59/7293 2105/56/7294 1420/1994/7295 3014/1998/7296 
f 9/64/7297 2844/1999/7298 1421/2000/7299 2108/65/7300 
f 465/2001/7301 2841/2002/7302 1421/2000/7303 2844/1999/7304 
f 532/2003/7305 3015/2004/7306 1421/2000/7307 2841/2002/7308 
f 103/68/7309 2108/65/7310 1421/2000/7311 3015/2004/7312 
f 506/2005/7313 2956/2006/7314 1422/2007/7315 2918/2008/7316 
f 497/2009/7317 2909/2010/7318 1422/2007/7319 2956/2006/7320 
f 498/2011/7321 2955/2012/7322 1422/2007/7323 2909/2010/7324 
f 507/2013/7325 2918/2008/7326 1422/2007/7327 2955/2012/7328 
f 15/82/7329 2848/2014/7330 1423/2015/7331 1962/83/7332 
f 466/2016/7333 2845/2017/7334 1423/2015/7335 2848/2014/7336 
f 473/2018/7337 2864/2019/7338 1423/2015/7339 2845/2017/7340 
f 25/86/7341 1962/83/7342 1423/2015/7343 2864/2019/7344 
f 13/91/7345 2849/2020/7346 1424/2021/7347 1957/92/7348 
f 467/2022/7349 2846/2023/7350 1424/2021/7351 2849/2020/7352 
f 809/2024/7353 3543/2025/7354 1424/2021/7355 2846/2023/7356 
f 368/95/7357 1957/92/7358 1424/2021/7359 3543/2025/7360 
f 503/2026/7361 2959/2027/7362 1425/2028/7363 2915/2029/7364 
f 500/1951/7365 2912/1954/7366 1425/2028/7367 2959/2027/7368 
f 501/1959/7369 2958/2030/7370 1425/2028/7371 2912/1954/7372 
f 504/2031/7373 2915/2029/7374 1425/2028/7375 2958/2030/7376 
f 19/106/7377 2853/2032/7378 1426/2033/7379 1955/107/7380 
f 468/2034/7381 2850/2035/7382 1426/2033/7383 2853/2032/7384 
f 471/2036/7385 2859/2037/7386 1426/2033/7387 2850/2035/7388 
f 21/110/7389 1955/107/7390 1426/2033/7391 2859/2037/7392 
f 17/115/7393 2854/2038/7394 1427/2039/7395 2172/116/7396 
f 469/2040/7397 2851/2041/7398 1427/2039/7399 2854/2038/7400 
f 561/2042/7401 3060/2043/7402 1427/2039/7403 2851/2041/7404 
f 131/119/7405 2172/116/7406 1427/2039/7407 3060/2043/7408 
f 403/124/7409 3608/2044/7410 1428/2045/7411 2716/125/7412 
f 844/2046/7413 3606/2047/7414 1428/2045/7415 3608/2044/7416 
f 469/2040/7417 2854/2038/7418 1428/2045/7419 3606/2047/7420 
f 17/115/7421 2716/125/7422 1428/2045/7423 2854/2038/7424 
f 497/2009/7425 3542/2048/7426 1429/2049/7427 2909/2010/7428 
f 813/2050/7429 3544/2051/7430 1429/2049/7431 3542/2048/7432 
f 812/2052/7433 2961/2053/7434 1429/2049/7435 3544/2051/7436 
f 498/2011/7437 2909/2010/7438 1429/2049/7439 2961/2053/7440 
f 21/110/7441 2859/2037/7442 1430/2054/7443 1943/136/7444 
f 471/2036/7445 2856/2055/7446 1430/2054/7447 2859/2037/7448 
f 810/2056/7449 3545/2057/7450 1430/2054/7451 2856/2055/7452 
f 366/138/7453 1943/136/7454 1430/2054/7455 3545/2057/7456 
f 27/142/7457 2862/2058/7458 1431/2059/7459 1941/143/7460 
f 472/2060/7461 2860/2061/7462 1431/2059/7463 2862/2058/7464 
f 467/2022/7465 2849/2020/7466 1431/2059/7467 2860/2061/7468 
f 13/91/7469 1941/143/7470 1431/2059/7471 2849/2020/7472 
f 885/2062/7473 3694/2063/7474 1432/2064/7475 3691/2065/7476 
f 888/2066/7477 3693/2067/7478 1432/2064/7479 3694/2063/7480 
f 887/2068/7481 3692/2069/7482 1432/2064/7483 3693/2067/7484 
f 886/2070/7485 3691/2065/7486 1432/2064/7487 3692/2069/7488 
f 25/86/7489 2864/2019/7490 1433/2071/7491 2161/157/7492 
f 473/2018/7493 2861/2072/7494 1433/2071/7495 2864/2019/7496 
f 555/2073/7497 3048/2074/7498 1433/2071/7499 2861/2072/7500 
f 126/159/7501 2161/157/7502 1433/2071/7503 3048/2074/7504 
f 400/163/7505 3604/2075/7506 1434/2076/7507 2711/164/7508 
f 842/2077/7509 3602/2078/7510 1434/2076/7511 3604/2075/7512 
f 556/2079/7513 3049/2080/7514 1434/2076/7515 3602/2078/7516 
f 124/167/7517 2711/164/7518 1434/2076/7519 3049/2080/7520 
f 521/2081/7521 3553/2082/7522 1435/2083/7523 2933/2084/7524 
f 818/2085/7525 3554/2086/7526 1435/2083/7527 3553/2082/7528 
f 817/2087/7529 2967/2088/7530 1435/2083/7531 3554/2086/7532 
f 522/2089/7533 2933/2084/7534 1435/2083/7535 2967/2088/7536 
f 29/181/7537 2869/2090/7538 1436/2091/7539 1992/182/7540 
f 475/2092/7541 2866/2093/7542 1436/2091/7543 2869/2090/7544 
f 814/2094/7545 3555/2095/7546 1436/2091/7547 2866/2093/7548 
f 375/185/7549 1992/182/7550 1436/2091/7551 3555/2095/7552 
f 659/190/7553 2872/2096/7554 1437/2097/7555 3252/191/7556 
f 667/2098/7557 3259/2099/7558 1437/2097/7559 2872/2096/7560 
f 666/2100/7561 3016/2101/7562 1437/2097/7563 3259/2099/7564 
f 660/194/7565 3252/191/7566 1437/2097/7567 3016/2101/7568 
f 518/2102/7569 2971/2103/7570 1438/2104/7571 2930/2105/7572 
f 512/2106/7573 2924/2107/7574 1438/2104/7575 2971/2103/7576 
f 513/2108/7577 2970/2109/7578 1438/2104/7579 2924/2107/7580 
f 519/2110/7581 2930/2105/7582 1438/2104/7583 2970/2109/7584 
f 263/208/7585 2874/2111/7586 1439/2112/7587 2423/209/7588 
f 680/2113/7589 3290/2114/7590 1439/2112/7591 2874/2111/7592 
f 679/2115/7593 2884/2116/7594 1439/2112/7595 3290/2114/7596 
f 264/212/7597 2423/209/7598 1439/2112/7599 2884/2116/7600 
f 512/2106/7601 3002/2117/7602 1440/2118/7603 2924/2107/7604 
f 545/2119/7605 3017/2120/7606 1440/2118/7607 3002/2117/7608 
f 544/2121/7609 2973/2122/7610 1440/2118/7611 3017/2120/7612 
f 513/2108/7613 2924/2107/7614 1440/2118/7615 2973/2122/7616 
f 683/223/7617 3293/2123/7618 1441/2124/7619 3294/224/7620 
f 682/2125/7621 3292/2126/7622 1441/2124/7623 3293/2123/7624 
f 681/2127/7625 3018/2128/7626 1441/2124/7627 3292/2126/7628 
f 684/227/7629 3294/224/7630 1441/2124/7631 3018/2128/7632 
f 243/232/7633 2879/2129/7634 1442/2130/7635 2388/233/7636 
f 665/2131/7637 3257/2132/7638 1442/2130/7639 2879/2129/7640 
f 664/2133/7641 3019/2134/7642 1442/2130/7643 3257/2132/7644 
f 661/236/7645 2388/233/7646 1442/2130/7647 3019/2134/7648 
f 658/241/7649 3250/2135/7650 1443/2136/7651 3251/242/7652 
f 657/2137/7653 3260/2138/7654 1443/2136/7655 3250/2135/7656 
f 667/2098/7657 2872/2096/7658 1443/2136/7659 3260/2138/7660 
f 659/190/7661 3251/242/7662 1443/2136/7663 2872/2096/7664 
f 490/2139/7665 3090/2140/7666 1444/2141/7667 2901/2142/7668 
f 579/2143/7669 3092/2144/7670 1444/2141/7671 3090/2140/7672 
f 577/2145/7673 2976/2146/7674 1444/2141/7675 3092/2144/7676 
f 489/2147/7677 2901/2142/7678 1444/2141/7679 2976/2146/7680 
f 264/212/7681 2884/2116/7682 1445/2148/7683 3295/256/7684 
f 679/2115/7685 3289/2149/7686 1445/2148/7687 2884/2116/7688 
f 678/2150/7689 3288/2151/7690 1445/2148/7691 3289/2149/7692 
f 677/258/7693 3295/256/7694 1445/2148/7695 3288/2151/7696 
f 42/262/7697 2887/2152/7698 1446/2153/7699 1971/263/7700 
f 482/2154/7701 2885/2155/7702 1446/2153/7703 2887/2152/7704 
f 815/2156/7705 3556/2157/7706 1446/2153/7707 2885/2155/7708 
f 373/266/7709 1971/263/7710 1446/2153/7711 3556/2157/7712 
f 494/2158/7713 3008/2159/7714 1447/2160/7715 2906/2161/7716 
f 551/2162/7717 3022/2163/7718 1447/2160/7719 3008/2159/7720 
f 550/2164/7721 2979/2165/7722 1447/2160/7723 3022/2163/7724 
f 495/2166/7725 2906/2161/7726 1447/2160/7727 2979/2165/7728 
f 780/280/7729 3480/2167/7730 1448/2168/7731 3481/281/7732 
f 779/2169/7733 3479/2170/7734 1448/2168/7735 3480/2167/7736 
f 778/2171/7737 3478/2172/7738 1448/2168/7739 3479/2170/7740 
f 777/284/7741 3481/281/7742 1448/2168/7743 3478/2172/7744 
f 4/289/7745 2003/292/7746 1449/2173/7747 2838/2174/7748 
f 106/297/7749 3024/2175/7750 1449/2173/7751 2003/292/7752 
f 538/2176/7753 2893/2177/7754 1449/2173/7755 3024/2175/7756 
f 463/2178/7757 2838/2174/7758 1449/2173/7759 2893/2177/7760 
f 488/2179/7761 3011/2180/7762 1450/2181/7763 2900/2182/7764 
f 554/2183/7765 3025/2184/7766 1450/2181/7767 3011/2180/7768 
f 553/2185/7769 2982/2186/7770 1450/2181/7771 3025/2184/7772 
f 489/2147/7773 2900/2182/7774 1450/2181/7775 2982/2186/7776 
f 461/2187/7777 2894/2188/7778 1451/2189/7779 2836/2190/7780 
f 539/2191/7781 3026/2192/7782 1451/2189/7783 2894/2188/7784 
f 105/312/7785 2002/311/7786 1451/2189/7787 3026/2192/7788 
f 2/310/7789 2836/2190/7790 1451/2189/7791 2002/311/7792 
f 1/10/7793 2687/316/7794 1452/2193/7795 2837/1960/7796 
f 387/320/7797 3586/2194/7798 1452/2193/7799 2687/316/7800 
f 831/2195/7801 2898/2196/7802 1452/2193/7803 3586/2194/7804 
f 460/1962/7805 2837/1960/7806 1452/2193/7807 2898/2196/7808 
f 491/2197/7809 3585/2198/7810 1453/2199/7811 2903/2200/7812 
f 835/2201/7813 3587/2202/7814 1453/2199/7815 3585/2198/7816 
f 834/2203/7817 2985/2204/7818 1453/2199/7819 3587/2202/7820 
f 492/2205/7821 2903/2200/7822 1453/2199/7823 2985/2204/7824 
f 462/2206/7825 2899/2207/7826 1454/2208/7827 2839/2209/7828 
f 832/2210/7829 3588/2211/7830 1454/2208/7831 2899/2207/7832 
f 386/336/7833 2009/335/7834 1454/2208/7835 3588/2211/7836 
f 3/334/7837 2839/2209/7838 1454/2208/7839 2009/335/7840 
f 502/2212/7841 2942/2213/7842 1455/2214/7843 2914/2215/7844 
f 562/2216/7845 3061/2217/7846 1455/2214/7847 2942/2213/7848 
f 561/2042/7849 2851/2041/7850 1455/2214/7851 3061/2217/7852 
f 469/2040/7853 2914/2215/7854 1455/2214/7855 2851/2041/7856 
f 501/1959/7857 2943/1958/7858 1456/2218/7859 2913/2219/7860 
f 563/1957/7861 3062/2220/7862 1456/2218/7863 2943/1958/7864 
f 562/2216/7865 2942/2213/7866 1456/2218/7867 3062/2220/7868 
f 502/2212/7869 2913/2219/7870 1456/2218/7871 2942/2213/7872 
f 491/2197/7873 2944/2221/7874 1457/2222/7875 2835/2223/7876 
f 564/1955/7877 3063/2224/7878 1457/2222/7879 2944/2221/7880 
f 560/1964/7881 2832/1963/7882 1457/2222/7883 3063/2224/7884 
f 460/1962/7885 2835/2223/7886 1457/2222/7887 2832/1963/7888 
f 179/352/7889 2945/2225/7890 1458/2226/7891 2254/353/7892 
f 592/2227/7893 3119/2228/7894 1458/2226/7895 2945/2225/7896 
f 591/2229/7897 3064/2230/7898 1458/2226/7899 3119/2228/7900 
f 180/356/7901 2254/353/7902 1458/2226/7903 3064/2230/7904 
f 178/23/7905 2946/1971/7906 1459/2231/7907 2253/361/7908 
f 593/1970/7909 3120/2232/7910 1459/2231/7911 2946/1971/7912 
f 592/2227/7913 2945/2225/7914 1459/2231/7915 3120/2232/7916 
f 179/352/7917 2253/361/7918 1459/2231/7919 2945/2225/7920 
f 594/1968/7921 2947/1966/7922 1460/2233/7923 3122/2234/7924 
f 177/19/7925 2251/369/7926 1460/2233/7927 2947/1966/7928 
f 176/368/7929 3069/2235/7930 1460/2233/7931 2251/369/7932 
f 595/2236/7933 3122/2234/7934 1460/2233/7935 3069/2235/7936 
f 824/370/7937 2948/2237/7938 1461/2238/7939 3565/371/7940 
f 821/2239/7941 3561/2240/7942 1461/2238/7943 2948/2237/7944 
f 820/2241/7945 3560/2242/7946 1461/2238/7947 3561/2240/7948 
f 819/374/7949 3565/371/7950 1461/2238/7951 3560/2242/7952 
f 823/379/7953 3563/2243/7954 1462/2244/7955 3564/380/7956 
f 822/2245/7957 3562/2246/7958 1462/2244/7959 3563/2243/7960 
f 821/2239/7961 2948/2237/7962 1462/2244/7963 3562/2246/7964 
f 824/370/7965 3564/380/7966 1462/2244/7967 2948/2237/7968 
f 829/1980/7969 2950/1978/7970 1463/2247/7971 3574/2248/7972 
f 826/37/7973 3570/390/7974 1463/2247/7975 2950/1978/7976 
f 825/389/7977 3575/2249/7978 1463/2247/7979 3570/390/7980 
f 830/2250/7981 3574/2248/7982 1463/2247/7983 3575/2249/7984 
f 517/2251/7985 2951/2252/7986 1464/2253/7987 2929/2254/7988 
f 540/2255/7989 3027/2256/7990 1464/2253/7991 2951/2252/7992 
f 535/2257/7993 2876/2258/7994 1464/2253/7995 3027/2256/7996 
f 479/2259/7997 2929/2254/7998 1464/2253/7999 2876/2258/8000 
f 516/1992/8001 2952/1991/8002 1465/2260/8003 2928/2261/8004 
f 541/1990/8005 3028/2262/8006 1465/2260/8007 2952/1991/8008 
f 540/2255/8009 2951/2252/8010 1465/2260/8011 3028/2262/8012 
f 517/2251/8013 2928/2261/8014 1465/2260/8015 2951/2252/8016 
f 494/2158/8017 2953/2263/8018 1466/2264/8019 2842/2265/8020 
f 542/1988/8021 3029/2266/8022 1466/2264/8023 2953/2263/8024 
f 531/1997/8025 2840/1996/8026 1466/2264/8027 3029/2266/8028 
f 464/1995/8029 2842/2265/8030 1466/2264/8031 2840/1996/8032 
f 507/2013/8033 2955/2012/8034 1467/2267/8035 2919/2268/8036 
f 498/2011/8037 2910/2269/8038 1467/2267/8039 2955/2012/8040 
f 499/2270/8041 2954/2271/8042 1467/2267/8043 2910/2269/8044 
f 508/2272/8045 2919/2268/8046 1467/2267/8047 2954/2271/8048 
f 497/2009/8049 2956/2006/8050 1468/2273/8051 2847/2274/8052 
f 506/2005/8053 2863/2275/8054 1468/2273/8055 2956/2006/8056 
f 473/2018/8057 2845/2017/8058 1468/2273/8059 2863/2275/8060 
f 466/2016/8061 2847/2274/8062 1468/2273/8063 2845/2017/8064 
f 505/2276/8065 2957/2277/8066 1469/2278/8067 2917/2279/8068 
f 502/2212/8069 3610/2280/8070 1469/2278/8071 2957/2277/8072 
f 843/2281/8073 3605/2282/8074 1469/2278/8075 3610/2280/8076 
f 837/2283/8077 2917/2279/8078 1469/2278/8079 3605/2282/8080 
f 504/2031/8081 2958/2030/8082 1470/2284/8083 2916/2285/8084 
f 501/1959/8085 2913/2219/8086 1470/2284/8087 2958/2030/8088 
f 502/2212/8089 2957/2277/8090 1470/2284/8091 2913/2219/8092 
f 505/2276/8093 2916/2285/8094 1470/2284/8095 2957/2277/8096 
f 500/1951/8097 2959/2027/8098 1471/2286/8099 2852/2287/8100 
f 503/2026/8101 2858/2288/8102 1471/2286/8103 2959/2027/8104 
f 471/2036/8105 2850/2035/8106 1471/2286/8107 2858/2288/8108 
f 468/2034/8109 2852/2287/8110 1471/2286/8111 2850/2035/8112 
f 498/2011/8113 2961/2053/8114 1472/2289/8115 2910/2269/8116 
f 812/2052/8117 3547/2290/8118 1472/2289/8119 2961/2053/8120 
f 811/2291/8121 2960/2292/8122 1472/2289/8123 3547/2290/8124 
f 499/2270/8125 2910/2269/8126 1472/2289/8127 2960/2292/8128 
f 503/2026/8129 2962/2293/8130 1473/2294/8131 2858/2288/8132 
f 813/2050/8133 3548/2295/8134 1473/2294/8135 2962/2293/8136 
f 810/2056/8137 2856/2055/8138 1473/2294/8139 3548/2295/8140 
f 471/2036/8141 2858/2288/8142 1473/2294/8143 2856/2055/8144 
f 841/2296/8145 3601/2297/8146 1474/2298/8147 3603/2299/8148 
f 839/2300/8149 3050/2301/8150 1474/2298/8151 3601/2297/8152 
f 556/2079/8153 3602/2078/8154 1474/2298/8155 3050/2301/8156 
f 842/2077/8157 3603/2299/8158 1474/2298/8159 3602/2078/8160 
f 510/2302/8161 2964/2303/8162 1475/2304/8163 2922/2305/8164 
f 558/2306/8165 3051/2307/8166 1475/2304/8167 2964/2303/8168 
f 557/2308/8169 2963/2309/8170 1475/2304/8171 3051/2307/8172 
f 511/2310/8173 2922/2305/8174 1475/2304/8175 2963/2309/8176 
f 506/2005/8177 2965/2311/8178 1476/2312/8179 2863/2275/8180 
f 559/2313/8181 3052/2314/8182 1476/2312/8183 2965/2311/8184 
f 555/2073/8185 2861/2072/8186 1476/2312/8187 3052/2314/8188 
f 473/2018/8189 2863/2275/8190 1476/2312/8191 2861/2072/8192 
f 523/2315/8193 2966/2316/8194 1477/2317/8195 2935/2318/8196 
f 816/2319/8197 3557/2320/8198 1477/2317/8199 2966/2316/8200 
f 815/2156/8201 2885/2155/8202 1477/2317/8203 3557/2320/8204 
f 482/2154/8205 2935/2318/8206 1477/2317/8207 2885/2155/8208 
f 522/2089/8209 2967/2088/8210 1478/2321/8211 2934/2322/8212 
f 817/2087/8213 3558/2323/8214 1478/2321/8215 2967/2088/8216 
f 816/2319/8217 2966/2316/8218 1478/2321/8219 3558/2323/8220 
f 523/2315/8221 2934/2322/8222 1478/2321/8223 2966/2316/8224 
f 509/2324/8225 2968/2325/8226 1479/2326/8227 2868/2327/8228 
f 818/2085/8229 3559/2328/8230 1479/2326/8231 2968/2325/8232 
f 814/2094/8233 2866/2093/8234 1479/2326/8235 3559/2328/8236 
f 475/2092/8237 2868/2327/8238 1479/2326/8239 2866/2093/8240 
f 520/2329/8241 2969/2330/8242 1480/2331/8243 2932/2332/8244 
f 514/2333/8245 2926/2334/8246 1480/2331/8247 2969/2330/8248 
f 476/2335/8249 2880/2336/8250 1480/2331/8251 2926/2334/8252 
f 480/2337/8253 2932/2332/8254 1480/2331/8255 2880/2336/8256 
f 519/2110/8257 2970/2109/8258 1481/2338/8259 2931/2339/8260 
f 513/2108/8261 2925/2340/8262 1481/2338/8263 2970/2109/8264 
f 514/2333/8265 2969/2330/8266 1481/2338/8267 2925/2340/8268 
f 520/2329/8269 2931/2339/8270 1481/2338/8271 2969/2330/8272 
f 512/2106/8273 2971/2103/8274 1482/2341/8275 2873/2342/8276 
f 518/2102/8277 2883/2343/8278 1482/2341/8279 2971/2103/8280 
f 481/2344/8281 2871/2345/8282 1482/2341/8283 2883/2343/8284 
f 477/2346/8285 2873/2342/8286 1482/2341/8287 2871/2345/8288 
f 514/2333/8289 2972/2347/8290 1483/2348/8291 2926/2334/8292 
f 543/2349/8293 3030/2350/8294 1483/2348/8295 2972/2347/8296 
f 533/2351/8297 2870/2352/8298 1483/2348/8299 3030/2350/8300 
f 476/2335/8301 2926/2334/8302 1483/2348/8303 2870/2352/8304 
f 513/2108/8305 2973/2122/8306 1484/2353/8307 2925/2340/8308 
f 544/2121/8309 3031/2354/8310 1484/2353/8311 2973/2122/8312 
f 543/2349/8313 2972/2347/8314 1484/2353/8315 3031/2354/8316 
f 514/2333/8317 2925/2340/8318 1484/2353/8319 2972/2347/8320 
f 515/1984/8321 2974/2355/8322 1485/2356/8323 2877/2357/8324 
f 545/2119/8325 3032/2358/8326 1485/2356/8327 2974/2355/8328 
f 534/2359/8329 2875/2360/8330 1485/2356/8331 3032/2358/8332 
f 478/2361/8333 2877/2357/8334 1485/2356/8335 2875/2360/8336 
f 488/2179/8337 2975/2362/8338 1486/2363/8339 2833/2364/8340 
f 576/2365/8341 3093/2366/8342 1486/2363/8343 2975/2362/8344 
f 575/2367/8345 2834/2368/8346 1486/2363/8347 3093/2366/8348 
f 463/2178/8349 2833/2364/8350 1486/2363/8351 2834/2368/8352 
f 489/2147/8353 2976/2146/8354 1487/2369/8355 2900/2182/8356 
f 577/2145/8357 3094/2370/8358 1487/2369/8359 2976/2146/8360 
f 576/2365/8361 2975/2362/8362 1487/2369/8363 3094/2370/8364 
f 488/2179/8365 2900/2182/8366 1487/2369/8367 2975/2362/8368 
f 518/2102/8369 2977/2371/8370 1488/2372/8371 2883/2343/8372 
f 548/2373/8373 3035/2374/8374 1488/2372/8375 2977/2371/8376 
f 536/2375/8377 2881/2376/8378 1488/2372/8379 3035/2374/8380 
f 481/2344/8381 2883/2343/8382 1488/2372/8383 2881/2376/8384 
f 496/2377/8385 2978/2378/8386 1489/2379/8387 2908/2380/8388 
f 549/2381/8389 3036/2382/8390 1489/2379/8391 2978/2378/8392 
f 532/2003/8393 2841/2002/8394 1489/2379/8395 3036/2382/8396 
f 465/2001/8397 2908/2380/8398 1489/2379/8399 2841/2002/8400 
f 495/2166/8401 2979/2165/8402 1490/2383/8403 2907/2384/8404 
f 550/2164/8405 3037/2385/8406 1490/2383/8407 2979/2165/8408 
f 549/2381/8409 2978/2378/8410 1490/2383/8411 3037/2385/8412 
f 496/2377/8413 2907/2384/8414 1490/2383/8415 2978/2378/8416 
f 521/2081/8417 2980/2386/8418 1491/2387/8419 2888/2388/8420 
f 551/2162/8421 3038/2389/8422 1491/2387/8423 2980/2386/8424 
f 537/2390/8425 2886/2391/8426 1491/2387/8427 3038/2389/8428 
f 483/2392/8429 2888/2388/8430 1491/2387/8431 2886/2391/8432 
f 490/2139/8433 2981/2393/8434 1492/2394/8435 2902/2395/8436 
f 552/2396/8437 3039/2397/8438 1492/2394/8439 2981/2393/8440 
f 539/2191/8441 2894/2188/8442 1492/2394/8443 3039/2397/8444 
f 461/2187/8445 2902/2395/8446 1492/2394/8447 2894/2188/8448 
f 489/2147/8449 2982/2186/8450 1493/2398/8451 2901/2142/8452 
f 553/2185/8453 3040/2399/8454 1493/2398/8455 2982/2186/8456 
f 552/2396/8457 2981/2393/8458 1493/2398/8459 3040/2399/8460 
f 490/2139/8461 2901/2142/8462 1493/2398/8463 2981/2393/8464 
f 524/2400/8465 2983/2401/8466 1494/2402/8467 2891/2403/8468 
f 554/2183/8469 3041/2404/8470 1494/2402/8471 2983/2401/8472 
f 538/2176/8473 2995/2405/8474 1494/2402/8475 3041/2404/8476 
f 484/2406/8477 2891/2403/8478 1494/2402/8479 2995/2405/8480 
f 493/2407/8481 2984/2408/8482 1495/2409/8483 2905/2410/8484 
f 833/2411/8485 3589/2412/8486 1495/2409/8487 2984/2408/8488 
f 832/2210/8489 2899/2207/8490 1495/2409/8491 3589/2412/8492 
f 462/2206/8493 2905/2410/8494 1495/2409/8495 2899/2207/8496 
f 492/2205/8497 2985/2204/8498 1496/2413/8499 2904/2414/8500 
f 834/2203/8501 3590/2415/8502 1496/2413/8503 2985/2204/8504 
f 833/2411/8505 2984/2408/8506 1496/2413/8507 3590/2415/8508 
f 493/2407/8509 2904/2414/8510 1496/2413/8511 2984/2408/8512 
f 527/2416/8513 2986/2417/8514 1497/2418/8515 2896/2419/8516 
f 835/2201/8517 3591/2420/8518 1497/2418/8519 2986/2417/8520 
f 831/2195/8521 3581/2421/8522 1497/2418/8523 3591/2420/8524 
f 486/2422/8525 2896/2419/8526 1497/2418/8527 3581/2421/8528 
f 647/563/8529 3012/2423/8530 1498/2424/8531 3231/564/8532 
f 656/2425/8533 3238/2426/8534 1498/2424/8535 3012/2423/8536 
f 655/2427/8537 2882/2428/8538 1498/2424/8539 3238/2426/8540 
f 648/567/8541 3231/564/8542 1498/2424/8543 2882/2428/8544 
f 541/1990/8545 3013/1989/8546 1499/2429/8547 2998/2430/8548 
f 542/1988/8549 2953/2263/8550 1499/2429/8551 3013/1989/8552 
f 494/2158/8553 2906/2161/8554 1499/2429/8555 2953/2263/8556 
f 495/2166/8557 2998/2430/8558 1499/2429/8559 2906/2161/8560 
f 100/59/8561 3014/1998/8562 1500/2431/8563 1982/574/8564 
f 531/1997/8565 2988/2432/8566 1500/2431/8567 3014/1998/8568 
f 478/2361/8569 2878/2433/8570 1500/2431/8571 2988/2432/8572 
f 36/576/8573 1982/574/8574 1500/2431/8575 2878/2433/8576 
f 103/68/8577 3015/2004/8578 1501/2434/8579 1994/579/8580 
f 532/2003/8581 2989/2435/8582 1501/2434/8583 3015/2004/8584 
f 482/2154/8585 2887/2152/8586 1501/2434/8587 2989/2435/8588 
f 42/262/8589 1994/579/8590 1501/2434/8591 2887/2152/8592 
f 660/194/8593 3016/2101/8594 1502/2436/8595 3253/582/8596 
f 666/2100/8597 3258/2437/8598 1502/2436/8599 3016/2101/8600 
f 665/2131/8601 2879/2129/8602 1502/2436/8603 3258/2437/8604 
f 243/232/8605 3253/582/8606 1502/2436/8607 2879/2129/8608 
f 544/2121/8609 3017/2120/8610 1503/2438/8611 3001/2439/8612 
f 545/2119/8613 2974/2355/8614 1503/2438/8615 3017/2120/8616 
f 515/1984/8617 2927/1987/8618 1503/2438/8619 2974/2355/8620 
f 516/1992/8621 3001/2439/8622 1503/2438/8623 2927/1987/8624 
f 684/227/8625 3018/2128/8626 1504/2440/8627 2422/587/8628 
f 681/2127/8629 3291/2441/8630 1504/2440/8631 3018/2128/8632 
f 680/2113/8633 2874/2111/8634 1504/2440/8635 3291/2441/8636 
f 263/208/8637 2422/587/8638 1504/2440/8639 2874/2111/8640 
f 661/236/8641 3019/2134/8642 1505/2442/8643 3254/590/8644 
f 664/2133/8645 3256/2443/8646 1505/2442/8647 3019/2134/8648 
f 663/2444/8649 3255/2445/8650 1505/2442/8651 3256/2443/8652 
f 662/592/8653 3254/590/8654 1505/2442/8655 3255/2445/8656 
f 547/2446/8657 3020/2447/8658 1506/2448/8659 3004/2449/8660 
f 548/2373/8661 2977/2371/8662 1506/2448/8663 3020/2447/8664 
f 518/2102/8665 2930/2105/8666 1506/2448/8667 2977/2371/8668 
f 519/2110/8669 3004/2449/8670 1506/2448/8671 2930/2105/8672 
f 257/600/8673 3021/2450/8674 1507/2451/8675 3278/601/8676 
f 672/2452/8677 3272/2453/8678 1507/2451/8679 3021/2450/8680 
f 671/2454/8681 3095/2455/8682 1507/2451/8683 3272/2453/8684 
f 668/604/8685 3278/601/8686 1507/2451/8687 3095/2455/8688 
f 550/2164/8689 3022/2163/8690 1508/2456/8691 3007/2457/8692 
f 551/2162/8693 2980/2386/8694 1508/2456/8695 3022/2163/8696 
f 521/2081/8697 2933/2084/8698 1508/2456/8699 2980/2386/8700 
f 522/2089/8701 3007/2457/8702 1508/2456/8703 2933/2084/8704 
f 771/611/8705 3023/2458/8706 1509/2459/8707 3469/612/8708 
f 774/2460/8709 3471/2461/8710 1509/2459/8711 3023/2458/8712 
f 773/2462/8713 3470/2463/8714 1509/2459/8715 3471/2461/8716 
f 772/615/8717 3469/612/8718 1509/2459/8719 3470/2463/8720 
f 538/2176/8721 3024/2175/8722 1510/2464/8723 2995/2405/8724 
f 106/297/8725 2111/623/8726 1510/2464/8727 3024/2175/8728 
f 45/622/8729 2890/2465/8730 1510/2464/8731 2111/623/8732 
f 484/2406/8733 2995/2405/8734 1510/2464/8735 2890/2465/8736 
f 553/2185/8737 3025/2184/8738 1511/2466/8739 3010/2467/8740 
f 554/2183/8741 2983/2401/8742 1511/2466/8743 3025/2184/8744 
f 524/2400/8745 2936/2468/8746 1511/2466/8747 2983/2401/8748 
f 525/2469/8749 3010/2467/8750 1511/2466/8751 2936/2468/8752 
f 105/312/8753 3026/2192/8754 1512/2470/8755 2110/628/8756 
f 539/2191/8757 2996/2471/8758 1512/2470/8759 3026/2192/8760 
f 485/2472/8761 2892/2473/8762 1512/2470/8763 2996/2471/8764 
f 44/630/8765 2110/628/8766 1512/2470/8767 2892/2473/8768 
f 535/2257/8769 3027/2256/8770 1513/2474/8771 2992/2475/8772 
f 540/2255/8773 2997/2476/8774 1513/2474/8775 3027/2256/8776 
f 496/2377/8777 2908/2380/8778 1513/2474/8779 2997/2476/8780 
f 465/2001/8781 2992/2475/8782 1513/2474/8783 2908/2380/8784 
f 540/2255/8785 3028/2262/8786 1514/2477/8787 2997/2476/8788 
f 541/1990/8789 2998/2430/8790 1514/2477/8791 3028/2262/8792 
f 495/2166/8793 2907/2384/8794 1514/2477/8795 2998/2430/8796 
f 496/2377/8797 2997/2476/8798 1514/2477/8799 2907/2384/8800 
f 531/1997/8801 3029/2266/8802 1515/2478/8803 2988/2432/8804 
f 542/1988/8805 2999/1985/8806 1515/2478/8807 3029/2266/8808 
f 515/1984/8809 2877/2357/8810 1515/2478/8811 2999/1985/8812 
f 478/2361/8813 2988/2432/8814 1515/2478/8815 2877/2357/8816 
f 533/2351/8817 3030/2350/8818 1516/2479/8819 2990/2480/8820 
f 543/2349/8821 3000/2481/8822 1516/2479/8823 3030/2350/8824 
f 517/2251/8825 2929/2254/8826 1516/2479/8827 3000/2481/8828 
f 479/2259/8829 2990/2480/8830 1516/2479/8831 2929/2254/8832 
f 543/2349/8833 3031/2354/8834 1517/2482/8835 3000/2481/8836 
f 544/2121/8837 3001/2439/8838 1517/2482/8839 3031/2354/8840 
f 516/1992/8841 2928/2261/8842 1517/2482/8843 3001/2439/8844 
f 517/2251/8845 3000/2481/8846 1517/2482/8847 2928/2261/8848 
f 534/2359/8849 3032/2358/8850 1518/2483/8851 2991/2484/8852 
f 545/2119/8853 3002/2117/8854 1518/2483/8855 3032/2358/8856 
f 512/2106/8857 2873/2342/8858 1518/2483/8859 3002/2117/8860 
f 477/2346/8861 2991/2484/8862 1518/2483/8863 2873/2342/8864 
f 530/2485/8865 3033/2486/8866 1519/2487/8867 2987/2488/8868 
f 546/2489/8869 3003/2490/8870 1519/2487/8871 3033/2486/8872 
f 520/2329/8873 2932/2332/8874 1519/2487/8875 3003/2490/8876 
f 480/2337/8877 2987/2488/8878 1519/2487/8879 2932/2332/8880 
f 546/2489/8881 3034/2491/8882 1520/2492/8883 3003/2490/8884 
f 547/2446/8885 3004/2449/8886 1520/2492/8887 3034/2491/8888 
f 519/2110/8889 2931/2339/8890 1520/2492/8891 3004/2449/8892 
f 520/2329/8893 3003/2490/8894 1520/2492/8895 2931/2339/8896 
f 536/2375/8897 3035/2374/8898 1521/2493/8899 2993/2494/8900 
f 548/2373/8901 3005/2495/8902 1521/2493/8903 3035/2374/8904 
f 579/2143/8905 3096/2496/8906 1521/2493/8907 3005/2495/8908 
f 578/2497/8909 2993/2494/8910 1521/2493/8911 3096/2496/8912 
f 532/2003/8913 3036/2382/8914 1522/2498/8915 2989/2435/8916 
f 549/2381/8917 3006/2499/8918 1522/2498/8919 3036/2382/8920 
f 523/2315/8921 2935/2318/8922 1522/2498/8923 3006/2499/8924 
f 482/2154/8925 2989/2435/8926 1522/2498/8927 2935/2318/8928 
f 549/2381/8929 3037/2385/8930 1523/2500/8931 3006/2499/8932 
f 550/2164/8933 3007/2457/8934 1523/2500/8935 3037/2385/8936 
f 522/2089/8937 2934/2322/8938 1523/2500/8939 3007/2457/8940 
f 523/2315/8941 3006/2499/8942 1523/2500/8943 2934/2322/8944 
f 537/2390/8945 3038/2389/8946 1524/2501/8947 2994/2502/8948 
f 551/2162/8949 3008/2159/8950 1524/2501/8951 3038/2389/8952 
f 494/2158/8953 2842/2265/8954 1524/2501/8955 3008/2159/8956 
f 464/1995/8957 2994/2502/8958 1524/2501/8959 2842/2265/8960 
f 539/2191/8961 3039/2397/8962 1525/2503/8963 2996/2471/8964 
f 552/2396/8965 3009/2504/8966 1525/2503/8967 3039/2397/8968 
f 526/2505/8969 2938/2506/8970 1525/2503/8971 3009/2504/8972 
f 485/2472/8973 2996/2471/8974 1525/2503/8975 2938/2506/8976 
f 552/2396/8977 3040/2399/8978 1526/2507/8979 3009/2504/8980 
f 553/2185/8981 3010/2467/8982 1526/2507/8983 3040/2399/8984 
f 525/2469/8985 2937/2508/8986 1526/2507/8987 3010/2467/8988 
f 526/2505/8989 3009/2504/8990 1526/2507/8991 2937/2508/8992 
f 538/2176/8993 3041/2404/8994 1527/2509/8995 2893/2177/8996 
f 554/2183/8997 3011/2180/8998 1527/2509/8999 3041/2404/9000 
f 488/2179/9001 2833/2364/9002 1527/2509/9003 3011/2180/9004 
f 463/2178/9005 2893/2177/9006 1527/2509/9007 2833/2364/9008 
f 558/2306/9009 3047/2510/9010 1528/2511/9011 3045/2512/9012 
f 559/2313/9013 2965/2311/9014 1528/2511/9015 3047/2510/9016 
f 506/2005/9017 2918/2008/9018 1528/2511/9019 2965/2311/9020 
f 507/2013/9021 3045/2512/9022 1528/2511/9023 2918/2008/9024 
f 126/159/9025 3048/2074/9026 1529/2513/9027 1969/673/9028 
f 555/2073/9029 3042/2514/9030 1529/2513/9031 3048/2074/9032 
f 475/2092/9033 2869/2090/9034 1529/2513/9035 3042/2514/9036 
f 29/181/9037 1969/673/9038 1529/2513/9039 2869/2090/9040 
f 124/167/9041 3049/2080/9042 1530/2515/9043 1964/676/9044 
f 556/2079/9045 3043/2516/9046 1530/2515/9047 3049/2080/9048 
f 472/2060/9049 2862/2058/9050 1530/2515/9051 3043/2516/9052 
f 27/142/9053 1964/676/9054 1530/2515/9055 2862/2058/9056 
f 556/2079/9057 3050/2301/9058 1531/2517/9059 3043/2516/9060 
f 839/2300/9061 3599/2518/9062 1531/2517/9063 3050/2301/9064 
f 838/2519/9065 3594/2520/9066 1531/2517/9067 3599/2518/9068 
f 472/2060/9069 3043/2516/9070 1531/2517/9071 3594/2520/9072 
f 557/2308/9073 3051/2307/9074 1532/2521/9075 3044/2522/9076 
f 558/2306/9077 3045/2512/9078 1532/2521/9079 3051/2307/9080 
f 507/2013/9081 2919/2268/9082 1532/2521/9083 3045/2512/9084 
f 508/2272/9085 3044/2522/9086 1532/2521/9087 2919/2268/9088 
f 555/2073/9089 3052/2314/9090 1533/2523/9091 3042/2514/9092 
f 559/2313/9093 3046/2524/9094 1533/2523/9095 3052/2314/9096 
f 509/2324/9097 2868/2327/9098 1533/2523/9099 3046/2524/9100 
f 475/2092/9101 3042/2514/9102 1533/2523/9103 2868/2327/9104 
f 563/1957/9105 3058/1956/9106 1534/2525/9107 3056/2526/9108 
f 564/1955/9109 2944/2221/9110 1534/2525/9111 3058/1956/9112 
f 491/2197/9113 2903/2200/9114 1534/2525/9115 2944/2221/9116 
f 492/2205/9117 3056/2526/9118 1534/2525/9119 2903/2200/9120 
f 133/14/9121 3059/1965/9122 1535/2527/9123 1950/689/9124 
f 560/1964/9125 3053/2528/9126 1535/2527/9127 3059/1965/9128 
f 468/2034/9129 2853/2032/9130 1535/2527/9131 3053/2528/9132 
f 19/106/9133 1950/689/9134 1535/2527/9135 2853/2032/9136 
f 131/119/9137 3060/2043/9138 1536/2529/9139 1927/692/9140 
f 561/2042/9141 3054/2530/9142 1536/2529/9143 3060/2043/9144 
f 462/2206/9145 2839/2209/9146 1536/2529/9147 3054/2530/9148 
f 3/334/9149 1927/692/9150 1536/2529/9151 2839/2209/9152 
f 561/2042/9153 3061/2217/9154 1537/2531/9155 3054/2530/9156 
f 562/2216/9157 3055/2532/9158 1537/2531/9159 3061/2217/9160 
f 493/2407/9161 2905/2410/9162 1537/2531/9163 3055/2532/9164 
f 462/2206/9165 3054/2530/9166 1537/2531/9167 2905/2410/9168 
f 562/2216/9169 3062/2220/9170 1538/2533/9171 3055/2532/9172 
f 563/1957/9173 3056/2526/9174 1538/2533/9175 3062/2220/9176 
f 492/2205/9177 2904/2414/9178 1538/2533/9179 3056/2526/9180 
f 493/2407/9181 3055/2532/9182 1538/2533/9183 2904/2414/9184 
f 560/1964/9185 3063/2224/9186 1539/2534/9187 3053/2528/9188 
f 564/1955/9189 3057/1952/9190 1539/2534/9191 3063/2224/9192 
f 500/1951/9193 2852/2287/9194 1539/2534/9195 3057/1952/9196 
f 468/2034/9197 3053/2528/9198 1539/2534/9199 2852/2287/9200 
f 164/699/9201 2256/702/9202 1540/2535/9203 3116/2536/9204 
f 181/707/9205 3080/2537/9206 1540/2535/9207 2256/702/9208 
f 590/2538/9209 3117/2539/9210 1540/2535/9211 3080/2537/9212 
f 589/2540/9213 3116/2536/9214 1540/2535/9215 3117/2539/9216 
f 484/2406/9217 3070/2541/9218 1541/2542/9219 2891/2403/9220 
f 570/2543/9221 3081/2544/9222 1541/2542/9223 3070/2541/9224 
f 571/2545/9225 3071/2546/9226 1541/2542/9227 3081/2544/9228 
f 524/2400/9229 2891/2403/9230 1541/2542/9231 3071/2546/9232 
f 524/2400/9233 3071/2546/9234 1542/2547/9235 2936/2468/9236 
f 571/2545/9237 3082/2548/9238 1542/2547/9239 3071/2546/9240 
f 572/2549/9241 3072/2550/9242 1542/2547/9243 3082/2548/9244 
f 525/2469/9245 2936/2468/9246 1542/2547/9247 3072/2550/9248 
f 525/2469/9249 3072/2550/9250 1543/2551/9251 2937/2508/9252 
f 572/2549/9253 3083/2552/9254 1543/2551/9255 3072/2550/9256 
f 573/2553/9257 3073/2554/9258 1543/2551/9259 3083/2552/9260 
f 526/2505/9261 2937/2508/9262 1543/2551/9263 3073/2554/9264 
f 526/2505/9265 3073/2554/9266 1544/2555/9267 2938/2506/9268 
f 573/2553/9269 3084/2556/9270 1544/2555/9271 3073/2554/9272 
f 574/2557/9273 3074/2558/9274 1544/2555/9275 3084/2556/9276 
f 485/2472/9277 2938/2506/9278 1544/2555/9279 3074/2558/9280 
f 597/2559/9281 3124/2560/9282 1545/2561/9283 3125/2562/9284 
f 596/2563/9285 3085/2564/9286 1545/2561/9287 3124/2560/9288 
f 175/732/9289 2249/731/9290 1545/2561/9291 3085/2564/9292 
f 174/730/9293 3125/2562/9294 1545/2561/9295 2249/731/9296 
f 590/2538/9297 3080/2537/9298 1546/2565/9299 3118/2566/9300 
f 181/707/9301 2255/737/9302 1546/2565/9303 3080/2537/9304 
f 180/356/9305 3064/2230/9306 1546/2565/9307 2255/737/9308 
f 591/2229/9309 3118/2566/9310 1546/2565/9311 3064/2230/9312 
f 571/2545/9313 3081/2544/9314 1547/2567/9315 3076/2568/9316 
f 570/2543/9317 3075/2569/9318 1547/2567/9319 3081/2544/9320 
f 565/2570/9321 3065/2571/9322 1547/2567/9323 3075/2569/9324 
f 566/2572/9325 3076/2568/9326 1547/2567/9327 3065/2571/9328 
f 572/2549/9329 3082/2548/9330 1548/2573/9331 3077/2574/9332 
f 571/2545/9333 3076/2568/9334 1548/2573/9335 3082/2548/9336 
f 566/2572/9337 3066/2575/9338 1548/2573/9339 3076/2568/9340 
f 567/2576/9341 3077/2574/9342 1548/2573/9343 3066/2575/9344 
f 573/2553/9345 3083/2552/9346 1549/2577/9347 3078/2578/9348 
f 572/2549/9349 3077/2574/9350 1549/2577/9351 3083/2552/9352 
f 567/2576/9353 3067/2579/9354 1549/2577/9355 3077/2574/9356 
f 568/2580/9357 3078/2578/9358 1549/2577/9359 3067/2579/9360 
f 574/2557/9361 3084/2556/9362 1550/2581/9363 3079/2582/9364 
f 573/2553/9365 3078/2578/9366 1550/2581/9367 3084/2556/9368 
f 568/2580/9369 3068/2583/9370 1550/2581/9371 3078/2578/9372 
f 569/2584/9373 3079/2582/9374 1550/2581/9375 3068/2583/9376 
f 175/732/9377 3085/2564/9378 1551/2585/9379 2250/756/9380 
f 596/2563/9381 3123/2586/9382 1551/2585/9383 3085/2564/9384 
f 595/2236/9385 3069/2235/9386 1551/2585/9387 3123/2586/9388 
f 176/368/9389 2250/756/9390 1551/2585/9391 3069/2235/9392 
f 234/32/9393 3091/1977/9394 1552/2587/9395 2369/759/9396 
f 644/1976/9397 3239/2588/9398 1552/2587/9399 3091/1977/9400 
f 656/2425/9401 3012/2423/9402 1552/2587/9403 3239/2588/9404 
f 647/563/9405 2369/759/9406 1552/2587/9407 3012/2423/9408 
f 577/2145/9409 3092/2144/9410 1553/2589/9411 3088/2590/9412 
f 579/2143/9413 3005/2495/9414 1553/2589/9415 3092/2144/9416 
f 548/2373/9417 3020/2447/9418 1553/2589/9419 3005/2495/9420 
f 547/2446/9421 3088/2590/9422 1553/2589/9423 3020/2447/9424 
f 575/2367/9425 3093/2366/9426 1554/2591/9427 3086/2592/9428 
f 576/2365/9429 3087/2593/9430 1554/2591/9431 3093/2366/9432 
f 546/2489/9433 3033/2486/9434 1554/2591/9435 3087/2593/9436 
f 530/2485/9437 3086/2592/9438 1554/2591/9439 3033/2486/9440 
f 576/2365/9441 3094/2370/9442 1555/2594/9443 3087/2593/9444 
f 577/2145/9445 3088/2590/9446 1555/2594/9447 3094/2370/9448 
f 547/2446/9449 3034/2491/9450 1555/2594/9451 3088/2590/9452 
f 546/2489/9453 3087/2593/9454 1555/2594/9455 3034/2491/9456 
f 668/604/9457 3095/2455/9458 1556/2595/9459 3269/768/9460 
f 671/2454/9461 3271/2596/9462 1556/2595/9463 3095/2455/9464 
f 670/2597/9465 3270/2598/9466 1556/2595/9467 3271/2596/9468 
f 669/770/9469 3269/768/9470 1556/2595/9471 3270/2598/9472 
f 578/2497/9473 3096/2496/9474 1557/2599/9475 3089/2600/9476 
f 579/2143/9477 3090/2140/9478 1557/2599/9479 3096/2496/9480 
f 490/2139/9481 2902/2395/9482 1557/2599/9483 3090/2140/9484 
f 461/2187/9485 3089/2600/9486 1557/2599/9487 2902/2395/9488 
f 45/622/9489 2228/777/9490 1558/2601/9491 2890/2465/9492 
f 153/781/9493 3097/2602/9494 1558/2601/9495 2228/777/9496 
f 580/2603/9497 3107/2604/9498 1558/2601/9499 3097/2602/9500 
f 484/2406/9501 2890/2465/9502 1558/2601/9503 3107/2604/9504 
f 484/2406/9505 3107/2604/9506 1559/2605/9507 3070/2541/9508 
f 580/2603/9509 3098/2606/9510 1559/2605/9511 3107/2604/9512 
f 581/2607/9513 3108/2608/9514 1559/2605/9515 3098/2606/9516 
f 570/2543/9517 3070/2541/9518 1559/2605/9519 3108/2608/9520 
f 570/2543/9521 3108/2608/9522 1560/2609/9523 3075/2569/9524 
f 581/2607/9525 3099/2610/9526 1560/2609/9527 3108/2608/9528 
f 582/2611/9529 3109/2612/9530 1560/2609/9531 3099/2610/9532 
f 565/2570/9533 3075/2569/9534 1560/2609/9535 3109/2612/9536 
f 565/2570/9537 3109/2612/9538 1561/2613/9539 3065/2571/9540 
f 582/2611/9541 3100/2614/9542 1561/2613/9543 3109/2612/9544 
f 583/2615/9545 3110/2616/9546 1561/2613/9547 3100/2614/9548 
f 566/2572/9549 3065/2571/9550 1561/2613/9551 3110/2616/9552 
f 566/2572/9553 3110/2616/9554 1562/2617/9555 3066/2575/9556 
f 583/2615/9557 3101/2618/9558 1562/2617/9559 3110/2616/9560 
f 584/2619/9561 3111/2620/9562 1562/2617/9563 3101/2618/9564 
f 567/2576/9565 3066/2575/9566 1562/2617/9567 3111/2620/9568 
f 567/2576/9569 3111/2620/9570 1563/2621/9571 3067/2579/9572 
f 584/2619/9573 3102/2622/9574 1563/2621/9575 3111/2620/9576 
f 585/2623/9577 3112/2624/9578 1563/2621/9579 3102/2622/9580 
f 568/2580/9581 3067/2579/9582 1563/2621/9583 3112/2624/9584 
f 568/2580/9585 3112/2624/9586 1564/2625/9587 3068/2583/9588 
f 585/2623/9589 3103/2626/9590 1564/2625/9591 3112/2624/9592 
f 586/2627/9593 3113/2628/9594 1564/2625/9595 3103/2626/9596 
f 569/2584/9597 3068/2583/9598 1564/2625/9599 3113/2628/9600 
f 569/2584/9601 3113/2628/9602 1565/2629/9603 3079/2582/9604 
f 586/2627/9605 3104/2630/9606 1565/2629/9607 3113/2628/9608 
f 587/2631/9609 3114/2632/9610 1565/2629/9611 3104/2630/9612 
f 574/2557/9613 3079/2582/9614 1565/2629/9615 3114/2632/9616 
f 574/2557/9617 3114/2632/9618 1566/2633/9619 3074/2558/9620 
f 587/2631/9621 3105/2634/9622 1566/2633/9623 3114/2632/9624 
f 588/2635/9625 3115/2636/9626 1566/2633/9627 3105/2634/9628 
f 485/2472/9629 3074/2558/9630 1566/2633/9631 3115/2636/9632 
f 485/2472/9633 3115/2636/9634 1567/2637/9635 2892/2473/9636 
f 588/2635/9637 3106/2638/9638 1567/2637/9639 3115/2636/9640 
f 163/816/9641 2238/815/9642 1567/2637/9643 3106/2638/9644 
f 44/630/9645 2892/2473/9646 1567/2637/9647 2238/815/9648 
f 598/2639/9649 3164/2640/9650 1568/2641/9651 3135/2642/9652 
f 184/826/9653 2269/825/9654 1568/2641/9655 3164/2640/9656 
f 183/824/9657 3163/2643/9658 1568/2641/9659 2269/825/9660 
f 599/2644/9661 3135/2642/9662 1568/2641/9663 3163/2643/9664 
f 601/2645/9665 3167/2646/9666 1569/2647/9667 3138/2648/9668 
f 598/2639/9669 3135/2642/9670 1569/2647/9671 3167/2646/9672 
f 599/2644/9673 3166/2649/9674 1569/2647/9675 3135/2642/9676 
f 602/2650/9677 3138/2648/9678 1569/2647/9679 3166/2649/9680 
f 604/2651/9681 3170/2652/9682 1570/2653/9683 3141/2654/9684 
f 601/2645/9685 3138/2648/9686 1570/2653/9687 3170/2652/9688 
f 602/2650/9689 3169/2655/9690 1570/2653/9691 3138/2648/9692 
f 605/2656/9693 3141/2654/9694 1570/2653/9695 3169/2655/9696 
f 607/2657/9697 3173/2658/9698 1571/2659/9699 3144/2660/9700 
f 604/2651/9701 3141/2654/9702 1571/2659/9703 3173/2658/9704 
f 605/2656/9705 3172/2661/9706 1571/2659/9707 3141/2654/9708 
f 608/2662/9709 3144/2660/9710 1571/2659/9711 3172/2661/9712 
f 610/2663/9713 3176/2664/9714 1572/2665/9715 3147/2666/9716 
f 607/2657/9717 3144/2660/9718 1572/2665/9719 3176/2664/9720 
f 608/2662/9721 3175/2667/9722 1572/2665/9723 3144/2660/9724 
f 611/2668/9725 3147/2666/9726 1572/2665/9727 3175/2667/9728 
f 613/2669/9729 3179/2670/9730 1573/2671/9731 3150/2672/9732 
f 610/2663/9733 3147/2666/9734 1573/2671/9735 3179/2670/9736 
f 611/2668/9737 3178/2673/9738 1573/2671/9739 3147/2666/9740 
f 614/2674/9741 3150/2672/9742 1573/2671/9743 3178/2673/9744 
f 616/2675/9745 3182/2676/9746 1574/2677/9747 3153/2678/9748 
f 613/2669/9749 3150/2672/9750 1574/2677/9751 3182/2676/9752 
f 614/2674/9753 3181/2679/9754 1574/2677/9755 3150/2672/9756 
f 617/2680/9757 3153/2678/9758 1574/2677/9759 3181/2679/9760 
f 619/2681/9761 3185/2682/9762 1575/2683/9763 3156/2684/9764 
f 616/2675/9765 3153/2678/9766 1575/2683/9767 3185/2682/9768 
f 617/2680/9769 3184/2685/9770 1575/2683/9771 3153/2678/9772 
f 620/2686/9773 3156/2684/9774 1575/2683/9775 3184/2685/9776 
f 622/2687/9777 3188/2688/9778 1576/2689/9779 3159/2690/9780 
f 619/2681/9781 3156/2684/9782 1576/2689/9783 3188/2688/9784 
f 620/2686/9785 3187/2691/9786 1576/2689/9787 3156/2684/9788 
f 623/2692/9789 3159/2690/9790 1576/2689/9791 3187/2691/9792 
f 212/875/9793 3191/2693/9794 1577/2694/9795 2298/876/9796 
f 622/2687/9797 3159/2690/9798 1577/2694/9799 3191/2693/9800 
f 623/2692/9801 3190/2695/9802 1577/2694/9803 3159/2690/9804 
f 213/879/9805 2298/876/9806 1577/2694/9807 3190/2695/9808 
f 600/2696/9809 3162/2697/9810 1578/2698/9811 3137/2699/9812 
f 182/886/9813 2257/885/9814 1578/2698/9815 3162/2697/9816 
f 164/699/9817 3116/2536/9818 1578/2698/9819 2257/885/9820 
f 589/2540/9821 3137/2699/9822 1578/2698/9823 3116/2536/9824 
f 599/2644/9825 3163/2643/9826 1579/2700/9827 3136/2701/9828 
f 183/824/9829 2268/889/9830 1579/2700/9831 3163/2643/9832 
f 182/886/9833 3162/2697/9834 1579/2700/9835 2268/889/9836 
f 600/2696/9837 3136/2701/9838 1579/2700/9839 3162/2697/9840 
f 184/826/9841 3164/2640/9842 1580/2702/9843 2270/890/9844 
f 598/2639/9845 3126/2703/9846 1580/2702/9847 3164/2640/9848 
f 580/2603/9849 3097/2602/9850 1580/2702/9851 3126/2703/9852 
f 153/781/9853 2270/890/9854 1580/2702/9855 3097/2602/9856 
f 603/2704/9857 3165/2705/9858 1581/2706/9859 3140/2707/9860 
f 600/2696/9861 3137/2699/9862 1581/2706/9863 3165/2705/9864 
f 589/2540/9865 3117/2539/9866 1581/2706/9867 3137/2699/9868 
f 590/2538/9869 3140/2707/9870 1581/2706/9871 3117/2539/9872 
f 602/2650/9873 3166/2649/9874 1582/2708/9875 3139/2709/9876 
f 599/2644/9877 3136/2701/9878 1582/2708/9879 3166/2649/9880 
f 600/2696/9881 3165/2705/9882 1582/2708/9883 3136/2701/9884 
f 603/2704/9885 3139/2709/9886 1582/2708/9887 3165/2705/9888 
f 598/2639/9889 3167/2646/9890 1583/2710/9891 3126/2703/9892 
f 601/2645/9893 3127/2711/9894 1583/2710/9895 3167/2646/9896 
f 581/2607/9897 3098/2606/9898 1583/2710/9899 3127/2711/9900 
f 580/2603/9901 3126/2703/9902 1583/2710/9903 3098/2606/9904 
f 606/2712/9905 3168/2713/9906 1584/2714/9907 3143/2715/9908 
f 603/2704/9909 3140/2707/9910 1584/2714/9911 3168/2713/9912 
f 590/2538/9913 3118/2566/9914 1584/2714/9915 3140/2707/9916 
f 591/2229/9917 3143/2715/9918 1584/2714/9919 3118/2566/9920 
f 605/2656/9921 3169/2655/9922 1585/2716/9923 3142/2717/9924 
f 602/2650/9925 3139/2709/9926 1585/2716/9927 3169/2655/9928 
f 603/2704/9929 3168/2713/9930 1585/2716/9931 3139/2709/9932 
f 606/2712/9933 3142/2717/9934 1585/2716/9935 3168/2713/9936 
f 601/2645/9937 3170/2652/9938 1586/2718/9939 3127/2711/9940 
f 604/2651/9941 3128/2719/9942 1586/2718/9943 3170/2652/9944 
f 582/2611/9945 3099/2610/9946 1586/2718/9947 3128/2719/9948 
f 581/2607/9949 3127/2711/9950 1586/2718/9951 3099/2610/9952 
f 609/2720/9953 3171/2721/9954 1587/2722/9955 3146/2723/9956 
f 606/2712/9957 3143/2715/9958 1587/2722/9959 3171/2721/9960 
f 591/2229/9961 3119/2228/9962 1587/2722/9963 3143/2715/9964 
f 592/2227/9965 3146/2723/9966 1587/2722/9967 3119/2228/9968 
f 608/2662/9969 3172/2661/9970 1588/2724/9971 3145/2725/9972 
f 605/2656/9973 3142/2717/9974 1588/2724/9975 3172/2661/9976 
f 606/2712/9977 3171/2721/9978 1588/2724/9979 3142/2717/9980 
f 609/2720/9981 3145/2725/9982 1588/2724/9983 3171/2721/9984 
f 604/2651/9985 3173/2658/9986 1589/2726/9987 3128/2719/9988 
f 607/2657/9989 3129/2727/9990 1589/2726/9991 3173/2658/9992 
f 583/2615/9993 3100/2614/9994 1589/2726/9995 3129/2727/9996 
f 582/2611/9997 3128/2719/9998 1589/2726/9999 3100/2614/10000 
f 612/2728/10001 3174/2729/10002 1590/2730/10003 3149/2731/10004 
f 609/2720/10005 3146/2723/10006 1590/2730/10007 3174/2729/10008 
f 592/2227/10009 3120/2232/10010 1590/2730/10011 3146/2723/10012 
f 593/1970/10013 3149/2731/10014 1590/2730/10015 3120/2232/10016 
f 611/2668/10017 3175/2667/10018 1591/2732/10019 3148/2733/10020 
f 608/2662/10021 3145/2725/10022 1591/2732/10023 3175/2667/10024 
f 609/2720/10025 3174/2729/10026 1591/2732/10027 3145/2725/10028 
f 612/2728/10029 3148/2733/10030 1591/2732/10031 3174/2729/10032 
f 607/2657/10033 3176/2664/10034 1592/2734/10035 3129/2727/10036 
f 610/2663/10037 3130/2735/10038 1592/2734/10039 3176/2664/10040 
f 584/2619/10041 3101/2618/10042 1592/2734/10043 3130/2735/10044 
f 583/2615/10045 3129/2727/10046 1592/2734/10047 3101/2618/10048 
f 615/2736/10049 3177/2737/10050 1593/2738/10051 3152/2739/10052 
f 612/2728/10053 3149/2731/10054 1593/2738/10055 3177/2737/10056 
f 593/1970/10057 3121/1969/10058 1593/2738/10059 3149/2731/10060 
f 594/1968/10061 3152/2739/10062 1593/2738/10063 3121/1969/10064 
f 614/2674/10065 3178/2673/10066 1594/2740/10067 3151/2741/10068 
f 611/2668/10069 3148/2733/10070 1594/2740/10071 3178/2673/10072 
f 612/2728/10073 3177/2737/10074 1594/2740/10075 3148/2733/10076 
f 615/2736/10077 3151/2741/10078 1594/2740/10079 3177/2737/10080 
f 610/2663/10081 3179/2670/10082 1595/2742/10083 3130/2735/10084 
f 613/2669/10085 3131/2743/10086 1595/2742/10087 3179/2670/10088 
f 585/2623/10089 3102/2622/10090 1595/2742/10091 3131/2743/10092 
f 584/2619/10093 3130/2735/10094 1595/2742/10095 3102/2622/10096 
f 618/2744/10097 3180/2745/10098 1596/2746/10099 3155/2747/10100 
f 615/2736/10101 3152/2739/10102 1596/2746/10103 3180/2745/10104 
f 594/1968/10105 3122/2234/10106 1596/2746/10107 3152/2739/10108 
f 595/2236/10109 3155/2747/10110 1596/2746/10111 3122/2234/10112 
f 617/2680/10113 3181/2679/10114 1597/2748/10115 3154/2749/10116 
f 614/2674/10117 3151/2741/10118 1597/2748/10119 3181/2679/10120 
f 615/2736/10121 3180/2745/10122 1597/2748/10123 3151/2741/10124 
f 618/2744/10125 3154/2749/10126 1597/2748/10127 3180/2745/10128 
f 613/2669/10129 3182/2676/10130 1598/2750/10131 3131/2743/10132 
f 616/2675/10133 3132/2751/10134 1598/2750/10135 3182/2676/10136 
f 586/2627/10137 3103/2626/10138 1598/2750/10139 3132/2751/10140 
f 585/2623/10141 3131/2743/10142 1598/2750/10143 3103/2626/10144 
f 621/2752/10145 3183/2753/10146 1599/2754/10147 3158/2755/10148 
f 618/2744/10149 3155/2747/10150 1599/2754/10151 3183/2753/10152 
f 595/2236/10153 3123/2586/10154 1599/2754/10155 3155/2747/10156 
f 596/2563/10157 3158/2755/10158 1599/2754/10159 3123/2586/10160 
f 620/2686/10161 3184/2685/10162 1600/2756/10163 3157/2757/10164 
f 617/2680/10165 3154/2749/10166 1600/2756/10167 3184/2685/10168 
f 618/2744/10169 3183/2753/10170 1600/2756/10171 3154/2749/10172 
f 621/2752/10173 3157/2757/10174 1600/2756/10175 3183/2753/10176 
f 616/2675/10177 3185/2682/10178 1601/2758/10179 3132/2751/10180 
f 619/2681/10181 3133/2759/10182 1601/2758/10183 3185/2682/10184 
f 587/2631/10185 3104/2630/10186 1601/2758/10187 3133/2759/10188 
f 586/2627/10189 3132/2751/10190 1601/2758/10191 3104/2630/10192 
f 624/2760/10193 3186/2761/10194 1602/2762/10195 3161/2763/10196 
f 621/2752/10197 3158/2755/10198 1602/2762/10199 3186/2761/10200 
f 596/2563/10201 3124/2560/10202 1602/2762/10203 3158/2755/10204 
f 597/2559/10205 3161/2763/10206 1602/2762/10207 3124/2560/10208 
f 623/2692/10209 3187/2691/10210 1603/2764/10211 3160/2765/10212 
f 620/2686/10213 3157/2757/10214 1603/2764/10215 3187/2691/10216 
f 621/2752/10217 3186/2761/10218 1603/2764/10219 3157/2757/10220 
f 624/2760/10221 3160/2765/10222 1603/2764/10223 3186/2761/10224 
f 619/2681/10225 3188/2688/10226 1604/2766/10227 3133/2759/10228 
f 622/2687/10229 3134/2767/10230 1604/2766/10231 3188/2688/10232 
f 588/2635/10233 3105/2634/10234 1604/2766/10235 3134/2767/10236 
f 587/2631/10237 3133/2759/10238 1604/2766/10239 3105/2634/10240 
f 214/957/10241 3189/2768/10242 1605/2769/10243 2300/958/10244 
f 624/2760/10245 3161/2763/10246 1605/2769/10247 3189/2768/10248 
f 597/2559/10249 3125/2562/10250 1605/2769/10251 3161/2763/10252 
f 174/730/10253 2300/958/10254 1605/2769/10255 3125/2562/10256 
f 213/879/10257 3190/2695/10258 1606/2770/10259 2299/961/10260 
f 623/2692/10261 3160/2765/10262 1606/2770/10263 3190/2695/10264 
f 624/2760/10265 3189/2768/10266 1606/2770/10267 3160/2765/10268 
f 214/957/10269 2299/961/10270 1606/2770/10271 3189/2768/10272 
f 622/2687/10273 3191/2693/10274 1607/2771/10275 3134/2767/10276 
f 212/875/10277 2267/964/10278 1607/2771/10279 3191/2693/10280 
f 163/816/10281 3106/2638/10282 1607/2771/10283 2267/964/10284 
f 588/2635/10285 3134/2767/10286 1607/2771/10287 3106/2638/10288 
f 575/2367/10289 3202/2772/10290 1608/2773/10291 2834/2368/10292 
f 625/2774/10293 3192/2775/10294 1608/2773/10295 3202/2772/10296 
f 626/2776/10297 3203/2777/10298 1608/2773/10299 3192/2775/10300 
f 463/2178/10301 2834/2368/10302 1608/2773/10303 3203/2777/10304 
f 463/2178/10305 3203/2777/10306 1609/2778/10307 2838/2174/10308 
f 626/2776/10309 3193/2779/10310 1609/2778/10311 3203/2777/10312 
f 217/973/10313 2343/972/10314 1609/2778/10315 3193/2779/10316 
f 4/289/10317 2838/2174/10318 1609/2778/10319 2343/972/10320 
f 9/64/10321 3204/976/10322 1610/2780/10323 2844/1999/10324 
f 627/980/10325 3194/2781/10326 1610/2780/10327 3204/976/10328 
f 628/2782/10329 3205/2783/10330 1610/2780/10331 3194/2781/10332 
f 465/2001/10333 2844/1999/10334 1610/2780/10335 3205/2783/10336 
f 465/2001/10337 3205/2783/10338 1611/2784/10339 2992/2475/10340 
f 628/2782/10341 3195/2785/10342 1611/2784/10343 3205/2783/10344 
f 629/2786/10345 3206/2787/10346 1611/2784/10347 3195/2785/10348 
f 535/2257/10349 2992/2475/10350 1611/2784/10351 3206/2787/10352 
f 535/2257/10353 3206/2787/10354 1612/2788/10355 2876/2258/10356 
f 629/2786/10357 3196/2789/10358 1612/2788/10359 3206/2787/10360 
f 630/2790/10361 3207/2791/10362 1612/2788/10363 3196/2789/10364 
f 479/2259/10365 2876/2258/10366 1612/2788/10367 3207/2791/10368 
f 479/2259/10369 3207/2791/10370 1613/2792/10371 2990/2480/10372 
f 630/2790/10373 3197/2793/10374 1613/2792/10375 3207/2791/10376 
f 631/2794/10377 3208/2795/10378 1613/2792/10379 3197/2793/10380 
f 533/2351/10381 2990/2480/10382 1613/2792/10383 3208/2795/10384 
f 533/2351/10385 3208/2795/10386 1614/2796/10387 2870/2352/10388 
f 631/2794/10389 3198/2797/10390 1614/2796/10391 3208/2795/10392 
f 632/2798/10393 3209/2799/10394 1614/2796/10395 3198/2797/10396 
f 476/2335/10397 2870/2352/10398 1614/2796/10399 3209/2799/10400 
f 476/2335/10401 3209/2799/10402 1615/2800/10403 2880/2336/10404 
f 632/2798/10405 3199/2801/10406 1615/2800/10407 3209/2799/10408 
f 633/2802/10409 3210/2803/10410 1615/2800/10411 3199/2801/10412 
f 480/2337/10413 2880/2336/10414 1615/2800/10415 3210/2803/10416 
f 480/2337/10417 3210/2803/10418 1616/2804/10419 2987/2488/10420 
f 633/2802/10421 3200/2805/10422 1616/2804/10423 3210/2803/10424 
f 634/2806/10425 3211/2807/10426 1616/2804/10427 3200/2805/10428 
f 530/2485/10429 2987/2488/10430 1616/2804/10431 3211/2807/10432 
f 530/2485/10433 3211/2807/10434 1617/2808/10435 3086/2592/10436 
f 634/2806/10437 3201/2809/10438 1617/2808/10439 3211/2807/10440 
f 625/2774/10441 3202/2772/10442 1617/2808/10443 3201/2809/10444 
f 575/2367/10445 3086/2592/10446 1617/2808/10447 3202/2772/10448 
f 2/310/10449 2359/1008/10450 1618/2810/10451 2836/2190/10452 
f 635/1012/10453 3212/2811/10454 1618/2810/10455 2359/1008/10456 
f 636/2812/10457 3220/2813/10458 1618/2810/10459 3212/2811/10460 
f 461/2187/10461 2836/2190/10462 1618/2810/10463 3220/2813/10464 
f 461/2187/10465 3220/2813/10466 1619/2814/10467 3089/2600/10468 
f 636/2812/10469 3213/2815/10470 1619/2814/10471 3220/2813/10472 
f 637/2816/10473 3221/2817/10474 1619/2814/10475 3213/2815/10476 
f 578/2497/10477 3089/2600/10478 1619/2814/10479 3221/2817/10480 
f 578/2497/10481 3221/2817/10482 1620/2818/10483 2993/2494/10484 
f 637/2816/10485 3214/2819/10486 1620/2818/10487 3221/2817/10488 
f 638/2820/10489 3222/2821/10490 1620/2818/10491 3214/2819/10492 
f 536/2375/10493 2993/2494/10494 1620/2818/10495 3222/2821/10496 
f 536/2375/10497 3222/2821/10498 1621/2822/10499 2881/2376/10500 
f 638/2820/10501 3215/2823/10502 1621/2822/10503 3222/2821/10504 
f 639/2824/10505 3223/2825/10506 1621/2822/10507 3215/2823/10508 
f 481/2344/10509 2881/2376/10510 1621/2822/10511 3223/2825/10512 
f 481/2344/10513 3223/2825/10514 1622/2826/10515 2871/2345/10516 
f 639/2824/10517 3216/2827/10518 1622/2826/10519 3223/2825/10520 
f 640/2828/10521 3224/2829/10522 1622/2826/10523 3216/2827/10524 
f 477/2346/10525 2871/2345/10526 1622/2826/10527 3224/2829/10528 
f 477/2346/10529 3224/2829/10530 1623/2830/10531 2991/2484/10532 
f 640/2828/10533 3217/2831/10534 1623/2830/10535 3224/2829/10536 
f 641/2832/10537 3225/2833/10538 1623/2830/10539 3217/2831/10540 
f 534/2359/10541 2991/2484/10542 1623/2830/10543 3225/2833/10544 
f 534/2359/10545 3225/2833/10546 1624/2834/10547 2875/2360/10548 
f 641/2832/10549 3218/2835/10550 1624/2834/10551 3225/2833/10552 
f 642/2836/10553 3226/2837/10554 1624/2834/10555 3218/2835/10556 
f 478/2361/10557 2875/2360/10558 1624/2834/10559 3226/2837/10560 
f 478/2361/10561 3226/2837/10562 1625/2838/10563 2878/2433/10564 
f 642/2836/10565 3219/2839/10566 1625/2838/10567 3226/2837/10568 
f 643/1039/10569 3227/1038/10570 1625/2838/10571 3219/2839/10572 
f 36/576/10573 2878/2433/10574 1625/2838/10575 3227/1038/10576 
f 625/2774/10577 3240/2840/10578 1626/2841/10579 3192/2775/10580 
f 744/2842/10581 3431/2843/10582 1626/2841/10583 3240/2840/10584 
f 745/2844/10585 3419/2845/10586 1626/2841/10587 3431/2843/10588 
f 626/2776/10589 3192/2775/10590 1626/2841/10591 3419/2845/10592 
f 732/2846/10593 3428/2847/10594 1627/2848/10595 3393/2849/10596 
f 754/2850/10597 3432/2851/10598 1627/2848/10599 3428/2847/10600 
f 327/1053/10601 2515/1052/10602 1627/2848/10603 3432/2851/10604 
f 306/1051/10605 3393/2849/10606 1627/2848/10607 2515/1052/10608 
f 627/980/10609 3242/1057/10610 1628/2852/10611 3194/2781/10612 
f 746/1061/10613 3433/2853/10614 1628/2852/10615 3242/1057/10616 
f 747/2854/10617 3243/2855/10618 1628/2852/10619 3433/2853/10620 
f 628/2782/10621 3194/2781/10622 1628/2852/10623 3243/2855/10624 
f 628/2782/10625 3243/2855/10626 1629/2856/10627 3195/2785/10628 
f 747/2854/10629 3434/2857/10630 1629/2856/10631 3243/2855/10632 
f 748/2858/10633 3244/2859/10634 1629/2856/10635 3434/2857/10636 
f 629/2786/10637 3195/2785/10638 1629/2856/10639 3244/2859/10640 
f 629/2786/10641 3244/2859/10642 1630/2860/10643 3196/2789/10644 
f 748/2858/10645 3435/2861/10646 1630/2860/10647 3244/2859/10648 
f 749/2862/10649 3245/2863/10650 1630/2860/10651 3435/2861/10652 
f 630/2790/10653 3196/2789/10654 1630/2860/10655 3245/2863/10656 
f 630/2790/10657 3245/2863/10658 1631/2864/10659 3197/2793/10660 
f 749/2862/10661 3436/2865/10662 1631/2864/10663 3245/2863/10664 
f 750/2866/10665 3246/2867/10666 1631/2864/10667 3436/2865/10668 
f 631/2794/10669 3197/2793/10670 1631/2864/10671 3246/2867/10672 
f 631/2794/10673 3246/2867/10674 1632/2868/10675 3198/2797/10676 
f 750/2866/10677 3437/2869/10678 1632/2868/10679 3246/2867/10680 
f 751/2870/10681 3247/2871/10682 1632/2868/10683 3437/2869/10684 
f 632/2798/10685 3198/2797/10686 1632/2868/10687 3247/2871/10688 
f 632/2798/10689 3247/2871/10690 1633/2872/10691 3199/2801/10692 
f 751/2870/10693 3438/2873/10694 1633/2872/10695 3247/2871/10696 
f 752/2874/10697 3248/2875/10698 1633/2872/10699 3438/2873/10700 
f 633/2802/10701 3199/2801/10702 1633/2872/10703 3248/2875/10704 
f 633/2802/10705 3248/2875/10706 1634/2876/10707 3200/2805/10708 
f 752/2874/10709 3439/2877/10710 1634/2876/10711 3248/2875/10712 
f 753/2878/10713 3249/2879/10714 1634/2876/10715 3439/2877/10716 
f 634/2806/10717 3200/2805/10718 1634/2876/10719 3249/2879/10720 
f 634/2806/10721 3249/2879/10722 1635/2880/10723 3201/2809/10724 
f 753/2878/10725 3440/2881/10726 1635/2880/10727 3249/2879/10728 
f 744/2842/10729 3240/2840/10730 1635/2880/10731 3440/2881/10732 
f 625/2774/10733 3201/2809/10734 1635/2880/10735 3240/2840/10736 
f 718/1088/10737 3380/2882/10738 1636/2883/10739 3365/1089/10740 
f 716/2884/10741 3363/2885/10742 1636/2883/10743 3380/2882/10744 
f 717/2886/10745 3379/2887/10746 1636/2883/10747 3363/2885/10748 
f 719/1092/10749 3365/1089/10750 1636/2883/10751 3379/2887/10752 
f 722/2888/10753 3382/2889/10754 1637/2890/10755 3369/2891/10756 
f 720/1105/10757 3367/1104/10758 1637/2890/10759 3382/2889/10760 
f 721/1103/10761 3381/2892/10762 1637/2890/10763 3367/1104/10764 
f 723/2893/10765 3369/2891/10766 1637/2890/10767 3381/2892/10768 
f 724/2894/10769 3384/2895/10770 1638/2896/10771 3371/2897/10772 
f 722/2888/10773 3369/2891/10774 1638/2896/10775 3384/2895/10776 
f 723/2893/10777 3383/2898/10778 1638/2896/10779 3369/2891/10780 
f 725/2899/10781 3371/2897/10782 1638/2896/10783 3383/2898/10784 
f 726/2900/10785 3386/2901/10786 1639/2902/10787 3373/2903/10788 
f 724/2894/10789 3371/2897/10790 1639/2902/10791 3386/2901/10792 
f 725/2899/10793 3385/2904/10794 1639/2902/10795 3371/2897/10796 
f 727/2905/10797 3373/2903/10798 1639/2902/10799 3385/2904/10800 
f 728/2906/10801 3388/2907/10802 1640/2908/10803 3375/2909/10804 
f 726/2900/10805 3373/2903/10806 1640/2908/10807 3388/2907/10808 
f 727/2905/10809 3387/2910/10810 1640/2908/10811 3373/2903/10812 
f 729/2911/10813 3375/2909/10814 1640/2908/10815 3387/2910/10816 
f 730/2912/10817 3390/2913/10818 1641/2914/10819 3377/2915/10820 
f 728/2906/10821 3375/2909/10822 1641/2914/10823 3390/2913/10824 
f 729/2911/10825 3389/2916/10826 1641/2914/10827 3375/2909/10828 
f 731/2917/10829 3377/2915/10830 1641/2914/10831 3389/2916/10832 
f 716/2884/10833 3392/2918/10834 1642/2919/10835 3363/2885/10836 
f 730/2912/10837 3377/2915/10838 1642/2919/10839 3392/2918/10840 
f 731/2917/10841 3391/2920/10842 1642/2919/10843 3377/2915/10844 
f 717/2886/10845 3363/2885/10846 1642/2919/10847 3391/2920/10848 
f 635/1012/10849 3279/1134/10850 1643/2921/10851 3212/2811/10852 
f 757/1138/10853 3453/2922/10854 1643/2921/10855 3279/1134/10856 
f 758/2923/10857 3280/2924/10858 1643/2921/10859 3453/2922/10860 
f 636/2812/10861 3212/2811/10862 1643/2921/10863 3280/2924/10864 
f 636/2812/10865 3280/2924/10866 1644/2925/10867 3213/2815/10868 
f 758/2923/10869 3454/2926/10870 1644/2925/10871 3280/2924/10872 
f 759/2927/10873 3281/2928/10874 1644/2925/10875 3454/2926/10876 
f 637/2816/10877 3213/2815/10878 1644/2925/10879 3281/2928/10880 
f 637/2816/10881 3281/2928/10882 1645/2929/10883 3214/2819/10884 
f 759/2927/10885 3455/2930/10886 1645/2929/10887 3281/2928/10888 
f 760/2931/10889 3282/2932/10890 1645/2929/10891 3455/2930/10892 
f 638/2820/10893 3214/2819/10894 1645/2929/10895 3282/2932/10896 
f 638/2820/10897 3282/2932/10898 1646/2933/10899 3215/2823/10900 
f 760/2931/10901 3456/2934/10902 1646/2933/10903 3282/2932/10904 
f 761/2935/10905 3283/2936/10906 1646/2933/10907 3456/2934/10908 
f 639/2824/10909 3215/2823/10910 1646/2933/10911 3283/2936/10912 
f 639/2824/10913 3283/2936/10914 1647/2937/10915 3216/2827/10916 
f 761/2935/10917 3457/2938/10918 1647/2937/10919 3283/2936/10920 
f 762/2939/10921 3284/2940/10922 1647/2937/10923 3457/2938/10924 
f 640/2828/10925 3216/2827/10926 1647/2937/10927 3284/2940/10928 
f 640/2828/10929 3284/2940/10930 1648/2941/10931 3217/2831/10932 
f 762/2939/10933 3458/2942/10934 1648/2941/10935 3284/2940/10936 
f 763/2943/10937 3285/2944/10938 1648/2941/10939 3458/2942/10940 
f 641/2832/10941 3217/2831/10942 1648/2941/10943 3285/2944/10944 
f 641/2832/10945 3285/2944/10946 1649/2945/10947 3218/2835/10948 
f 763/2943/10949 3459/2946/10950 1649/2945/10951 3285/2944/10952 
f 764/2947/10953 3286/2948/10954 1649/2945/10955 3459/2946/10956 
f 642/2836/10957 3218/2835/10958 1649/2945/10959 3286/2948/10960 
f 642/2836/10961 3286/2948/10962 1650/2949/10963 3219/2839/10964 
f 764/2947/10965 3460/2950/10966 1650/2949/10967 3286/2948/10968 
f 765/1165/10969 3287/1164/10970 1650/2949/10971 3460/2950/10972 
f 643/1039/10973 3219/2839/10974 1650/2949/10975 3287/1164/10976 
f 696/2951/10977 3332/2952/10978 1651/2953/10979 3320/2954/10980 
f 694/1175/10981 3318/1174/10982 1651/2953/10983 3332/2952/10984 
f 695/1173/10985 3331/2955/10986 1651/2953/10987 3318/1174/10988 
f 697/2956/10989 3320/2954/10990 1651/2953/10991 3331/2955/10992 
f 698/2957/10993 3334/2958/10994 1652/2959/10995 3322/2960/10996 
f 696/2951/10997 3320/2954/10998 1652/2959/10999 3334/2958/11000 
f 697/2956/11001 3333/2961/11002 1652/2959/11003 3320/2954/11004 
f 699/2962/11005 3322/2960/11006 1652/2959/11007 3333/2961/11008 
f 700/2963/11009 3336/2964/11010 1653/2965/11011 3324/2966/11012 
f 698/2957/11013 3322/2960/11014 1653/2965/11015 3336/2964/11016 
f 699/2962/11017 3335/2967/11018 1653/2965/11019 3322/2960/11020 
f 701/2968/11021 3324/2966/11022 1653/2965/11023 3335/2967/11024 
f 702/2969/11025 3338/2970/11026 1654/2971/11027 3326/2972/11028 
f 700/2963/11029 3324/2966/11030 1654/2971/11031 3338/2970/11032 
f 701/2968/11033 3337/2973/11034 1654/2971/11035 3324/2966/11036 
f 703/2974/11037 3326/2972/11038 1654/2971/11039 3337/2973/11040 
f 704/2975/11041 3340/2976/11042 1655/2977/11043 3328/2978/11044 
f 702/2969/11045 3326/2972/11046 1655/2977/11047 3340/2976/11048 
f 703/2974/11049 3339/2979/11050 1655/2977/11051 3326/2972/11052 
f 705/2980/11053 3328/2978/11054 1655/2977/11055 3339/2979/11056 
f 282/1200/11057 3342/2981/11058 1656/2982/11059 2456/1201/11060 
f 704/2975/11061 3328/2978/11062 1656/2982/11063 3342/2981/11064 
f 705/2980/11065 3341/2983/11066 1656/2982/11067 3328/2978/11068 
f 283/1204/11069 2456/1201/11070 1656/2982/11071 3341/2983/11072 
f 686/2984/11073 3310/2985/11074 1657/2986/11075 3302/2987/11076 
f 685/1211/11077 3301/1210/11078 1657/2986/11079 3310/2985/11080 
f 669/770/11081 3270/2598/11082 1657/2986/11083 3301/1210/11084 
f 670/2597/11085 3302/2987/11086 1657/2986/11087 3270/2598/11088 
f 687/2988/11089 3311/2989/11090 1658/2990/11091 3303/2991/11092 
f 686/2984/11093 3302/2987/11094 1658/2990/11095 3311/2989/11096 
f 670/2597/11097 3271/2596/11098 1658/2990/11099 3302/2987/11100 
f 671/2454/11101 3303/2991/11102 1658/2990/11103 3271/2596/11104 
f 688/2992/11105 3312/2993/11106 1659/2994/11107 3304/2995/11108 
f 687/2988/11109 3303/2991/11110 1659/2994/11111 3312/2993/11112 
f 671/2454/11113 3272/2453/11114 1659/2994/11115 3303/2991/11116 
f 672/2452/11117 3304/2995/11118 1659/2994/11119 3272/2453/11120 
f 689/2996/11121 3313/2997/11122 1660/2998/11123 3305/2999/11124 
f 688/2992/11125 3304/2995/11126 1660/2998/11127 3313/2997/11128 
f 672/2452/11129 3273/3000/11130 1660/2998/11131 3304/2995/11132 
f 673/3001/11133 3305/2999/11134 1660/2998/11135 3273/3000/11136 
f 690/3002/11137 3314/3003/11138 1661/3004/11139 3306/3005/11140 
f 689/2996/11141 3305/2999/11142 1661/3004/11143 3314/3003/11144 
f 673/3001/11145 3274/3006/11146 1661/3004/11147 3305/2999/11148 
f 674/3007/11149 3306/3005/11150 1661/3004/11151 3274/3006/11152 
f 691/3008/11153 3315/3009/11154 1662/3010/11155 3307/3011/11156 
f 690/3002/11157 3306/3005/11158 1662/3010/11159 3315/3009/11160 
f 674/3007/11161 3275/3012/11162 1662/3010/11163 3306/3005/11164 
f 675/3013/11165 3307/3011/11166 1662/3010/11167 3275/3012/11168 
f 692/3014/11169 3316/3015/11170 1663/3016/11171 3308/3017/11172 
f 691/3008/11173 3307/3011/11174 1663/3016/11175 3316/3015/11176 
f 675/3013/11177 3276/3018/11178 1663/3016/11179 3307/3011/11180 
f 676/3019/11181 3308/3017/11182 1663/3016/11183 3276/3018/11184 
f 693/1244/11185 3317/3020/11186 1664/3021/11187 3309/1245/11188 
f 692/3014/11189 3308/3017/11190 1664/3021/11191 3317/3020/11192 
f 676/3019/11193 3277/3022/11194 1664/3021/11195 3308/3017/11196 
f 256/1248/11197 3309/1245/11198 1664/3021/11199 3277/3022/11200 
f 697/2956/11201 3331/2955/11202 1665/3023/11203 3321/3024/11204 
f 695/1173/11205 3319/1252/11206 1665/3023/11207 3331/2955/11208 
f 677/258/11209 3288/2151/11210 1665/3023/11211 3319/1252/11212 
f 678/2150/11213 3321/3024/11214 1665/3023/11215 3288/2151/11216 
f 694/1175/11217 3332/2952/11218 1666/3025/11219 2424/1253/11220 
f 696/2951/11221 3296/3026/11222 1666/3025/11223 3332/2952/11224 
f 672/2452/11225 3021/2450/11226 1666/3025/11227 3296/3026/11228 
f 257/600/11229 2424/1253/11230 1666/3025/11231 3021/2450/11232 
f 699/2962/11233 3333/2961/11234 1667/3027/11235 3323/3028/11236 
f 697/2956/11237 3321/3024/11238 1667/3027/11239 3333/2961/11240 
f 678/2150/11241 3289/2149/11242 1667/3027/11243 3321/3024/11244 
f 679/2115/11245 3323/3028/11246 1667/3027/11247 3289/2149/11248 
f 696/2951/11249 3334/2958/11250 1668/3029/11251 3296/3026/11252 
f 698/2957/11253 3297/3030/11254 1668/3029/11255 3334/2958/11256 
f 673/3001/11257 3273/3000/11258 1668/3029/11259 3297/3030/11260 
f 672/2452/11261 3296/3026/11262 1668/3029/11263 3273/3000/11264 
f 701/2968/11265 3335/2967/11266 1669/3031/11267 3325/3032/11268 
f 699/2962/11269 3323/3028/11270 1669/3031/11271 3335/2967/11272 
f 679/2115/11273 3290/2114/11274 1669/3031/11275 3323/3028/11276 
f 680/2113/11277 3325/3032/11278 1669/3031/11279 3290/2114/11280 
f 698/2957/11281 3336/2964/11282 1670/3033/11283 3297/3030/11284 
f 700/2963/11285 3298/3034/11286 1670/3033/11287 3336/2964/11288 
f 674/3007/11289 3274/3006/11290 1670/3033/11291 3298/3034/11292 
f 673/3001/11293 3297/3030/11294 1670/3033/11295 3274/3006/11296 
f 703/2974/11297 3337/2973/11298 1671/3035/11299 3327/3036/11300 
f 701/2968/11301 3325/3032/11302 1671/3035/11303 3337/2973/11304 
f 680/2113/11305 3291/2441/11306 1671/3035/11307 3325/3032/11308 
f 681/2127/11309 3327/3036/11310 1671/3035/11311 3291/2441/11312 
f 700/2963/11313 3338/2970/11314 1672/3037/11315 3298/3034/11316 
f 702/2969/11317 3299/3038/11318 1672/3037/11319 3338/2970/11320 
f 675/3013/11321 3275/3012/11322 1672/3037/11323 3299/3038/11324 
f 674/3007/11325 3298/3034/11326 1672/3037/11327 3275/3012/11328 
f 705/2980/11329 3339/2979/11330 1673/3039/11331 3329/3040/11332 
f 703/2974/11333 3327/3036/11334 1673/3039/11335 3339/2979/11336 
f 681/2127/11337 3292/2126/11338 1673/3039/11339 3327/3036/11340 
f 682/2125/11341 3329/3040/11342 1673/3039/11343 3292/2126/11344 
f 702/2969/11345 3340/2976/11346 1674/3041/11347 3299/3038/11348 
f 704/2975/11349 3300/3042/11350 1674/3041/11351 3340/2976/11352 
f 676/3019/11353 3276/3018/11354 1674/3041/11355 3300/3042/11356 
f 675/3013/11357 3299/3038/11358 1674/3041/11359 3276/3018/11360 
f 283/1204/11361 3341/2983/11362 1675/3043/11363 3330/1272/11364 
f 705/2980/11365 3329/3040/11366 1675/3043/11367 3341/2983/11368 
f 682/2125/11369 3293/2123/11370 1675/3043/11371 3329/3040/11372 
f 683/223/11373 3330/1272/11374 1675/3043/11375 3293/2123/11376 
f 704/2975/11377 3342/2981/11378 1676/3044/11379 3300/3042/11380 
f 282/1200/11381 2430/1275/11382 1676/3044/11383 3342/2981/11384 
f 256/1248/11385 3277/3022/11386 1676/3044/11387 2430/1275/11388 
f 676/3019/11389 3300/3042/11390 1676/3044/11391 3277/3022/11392 
f 707/3045/11393 3353/3046/11394 1677/3047/11395 3344/3048/11396 
f 706/3049/11397 3343/3050/11398 1677/3047/11399 3353/3046/11400 
f 644/1976/11401 3228/1975/11402 1677/3047/11403 3343/3050/11404 
f 645/1974/11405 3344/3048/11406 1677/3047/11407 3228/1975/11408 
f 307/1282/11409 3354/3051/11410 1678/3052/11411 3394/1283/11412 
f 735/3053/11413 3396/3054/11414 1678/3052/11415 3354/3051/11416 
f 734/3055/11417 3395/3056/11418 1678/3052/11419 3396/3054/11420 
f 733/1286/11421 3394/1283/11422 1678/3052/11423 3395/3056/11424 
f 709/3057/11425 3355/3058/11426 1679/3059/11427 3346/3060/11428 
f 708/1299/11429 3345/1298/11430 1679/3059/11431 3355/3058/11432 
f 649/1297/11433 3232/3061/11434 1679/3059/11435 3345/1298/11436 
f 650/3062/11437 3346/3060/11438 1679/3059/11439 3232/3061/11440 
f 710/3063/11441 3356/3064/11442 1680/3065/11443 3347/3066/11444 
f 709/3057/11445 3346/3060/11446 1680/3065/11447 3356/3064/11448 
f 650/3062/11449 3233/3067/11450 1680/3065/11451 3346/3060/11452 
f 651/3068/11453 3347/3066/11454 1680/3065/11455 3233/3067/11456 
f 711/3069/11457 3357/3070/11458 1681/3071/11459 3348/3072/11460 
f 710/3063/11461 3347/3066/11462 1681/3071/11463 3357/3070/11464 
f 651/3068/11465 3234/3073/11466 1681/3071/11467 3347/3066/11468 
f 652/3074/11469 3348/3072/11470 1681/3071/11471 3234/3073/11472 
f 712/3075/11473 3358/3076/11474 1682/3077/11475 3349/3078/11476 
f 711/3069/11477 3348/3072/11478 1682/3077/11479 3358/3076/11480 
f 652/3074/11481 3235/3079/11482 1682/3077/11483 3348/3072/11484 
f 653/3080/11485 3349/3078/11486 1682/3077/11487 3235/3079/11488 
f 713/3081/11489 3359/3082/11490 1683/3083/11491 3350/3084/11492 
f 712/3075/11493 3349/3078/11494 1683/3083/11495 3359/3082/11496 
f 653/3080/11497 3236/3085/11498 1683/3083/11499 3349/3078/11500 
f 654/3086/11501 3350/3084/11502 1683/3083/11503 3236/3085/11504 
f 714/3087/11505 3360/3088/11506 1684/3089/11507 3351/3090/11508 
f 713/3081/11509 3350/3084/11510 1684/3089/11511 3360/3088/11512 
f 654/3086/11513 3237/3091/11514 1684/3089/11515 3350/3084/11516 
f 655/2427/11517 3351/3090/11518 1684/3089/11519 3237/3091/11520 
f 715/3092/11521 3361/3093/11522 1685/3094/11523 3352/3095/11524 
f 714/3087/11525 3351/3090/11526 1685/3094/11527 3361/3093/11528 
f 655/2427/11529 3238/2426/11530 1685/3094/11531 3351/3090/11532 
f 656/2425/11533 3352/3095/11534 1685/3094/11535 3238/2426/11536 
f 706/3049/11537 3362/3096/11538 1686/3097/11539 3343/3050/11540 
f 715/3092/11541 3352/3095/11542 1686/3097/11543 3362/3096/11544 
f 656/2425/11545 3239/2588/11546 1686/3097/11547 3352/3095/11548 
f 644/1976/11549 3343/3050/11550 1686/3097/11551 3239/2588/11552 
f 719/1092/11553 3379/2887/11554 1687/3098/11555 3366/1335/11556 
f 717/2886/11557 3364/3099/11558 1687/3098/11559 3379/2887/11560 
f 657/2137/11561 3250/2135/11562 1687/3098/11563 3364/3099/11564 
f 658/241/11565 3366/1335/11566 1687/3098/11567 3250/2135/11568 
f 716/2884/11569 3380/2882/11570 1688/3100/11571 3261/3101/11572 
f 718/1088/11573 3262/1340/11574 1688/3100/11575 3380/2882/11576 
f 648/567/11577 2882/2428/11578 1688/3100/11579 3262/1340/11580 
f 655/2427/11581 3261/3101/11582 1688/3100/11583 2882/2428/11584 
f 723/2893/11585 3381/2892/11586 1689/3102/11587 3370/3103/11588 
f 721/1103/11589 3368/1343/11590 1689/3102/11591 3381/2892/11592 
f 662/592/11593 3255/2445/11594 1689/3102/11595 3368/1343/11596 
f 663/2444/11597 3370/3103/11598 1689/3102/11599 3255/2445/11600 
f 720/1105/11601 3382/2889/11602 1690/3104/11603 3263/1344/11604 
f 722/2888/11605 3264/3105/11606 1690/3104/11607 3382/2889/11608 
f 650/3062/11609 3232/3061/11610 1690/3104/11611 3264/3105/11612 
f 649/1297/11613 3263/1344/11614 1690/3104/11615 3232/3061/11616 
f 725/2899/11617 3383/2898/11618 1691/3106/11619 3372/3107/11620 
f 723/2893/11621 3370/3103/11622 1691/3106/11623 3383/2898/11624 
f 663/2444/11625 3256/2443/11626 1691/3106/11627 3370/3103/11628 
f 664/2133/11629 3372/3107/11630 1691/3106/11631 3256/2443/11632 
f 722/2888/11633 3384/2895/11634 1692/3108/11635 3264/3105/11636 
f 724/2894/11637 3265/3109/11638 1692/3108/11639 3384/2895/11640 
f 651/3068/11641 3233/3067/11642 1692/3108/11643 3265/3109/11644 
f 650/3062/11645 3264/3105/11646 1692/3108/11647 3233/3067/11648 
f 727/2905/11649 3385/2904/11650 1693/3110/11651 3374/3111/11652 
f 725/2899/11653 3372/3107/11654 1693/3110/11655 3385/2904/11656 
f 664/2133/11657 3257/2132/11658 1693/3110/11659 3372/3107/11660 
f 665/2131/11661 3374/3111/11662 1693/3110/11663 3257/2132/11664 
f 724/2894/11665 3386/2901/11666 1694/3112/11667 3265/3109/11668 
f 726/2900/11669 3266/3113/11670 1694/3112/11671 3386/2901/11672 
f 652/3074/11673 3234/3073/11674 1694/3112/11675 3266/3113/11676 
f 651/3068/11677 3265/3109/11678 1694/3112/11679 3234/3073/11680 
f 729/2911/11681 3387/2910/11682 1695/3114/11683 3376/3115/11684 
f 727/2905/11685 3374/3111/11686 1695/3114/11687 3387/2910/11688 
f 665/2131/11689 3258/2437/11690 1695/3114/11691 3374/3111/11692 
f 666/2100/11693 3376/3115/11694 1695/3114/11695 3258/2437/11696 
f 726/2900/11697 3388/2907/11698 1696/3116/11699 3266/3113/11700 
f 728/2906/11701 3267/3117/11702 1696/3116/11703 3388/2907/11704 
f 653/3080/11705 3235/3079/11706 1696/3116/11707 3267/3117/11708 
f 652/3074/11709 3266/3113/11710 1696/3116/11711 3235/3079/11712 
f 731/2917/11713 3389/2916/11714 1697/3118/11715 3378/3119/11716 
f 729/2911/11717 3376/3115/11718 1697/3118/11719 3389/2916/11720 
f 666/2100/11721 3259/2099/11722 1697/3118/11723 3376/3115/11724 
f 667/2098/11725 3378/3119/11726 1697/3118/11727 3259/2099/11728 
f 728/2906/11729 3390/2913/11730 1698/3120/11731 3267/3117/11732 
f 730/2912/11733 3268/3121/11734 1698/3120/11735 3390/2913/11736 
f 654/3086/11737 3236/3085/11738 1698/3120/11739 3268/3121/11740 
f 653/3080/11741 3267/3117/11742 1698/3120/11743 3236/3085/11744 
f 717/2886/11745 3391/2920/11746 1699/3122/11747 3364/3099/11748 
f 731/2917/11749 3378/3119/11750 1699/3122/11751 3391/2920/11752 
f 667/2098/11753 3260/2138/11754 1699/3122/11755 3378/3119/11756 
f 657/2137/11757 3364/3099/11758 1699/3122/11759 3260/2138/11760 
f 730/2912/11761 3392/2918/11762 1700/3123/11763 3268/3121/11764 
f 716/2884/11765 3261/3101/11766 1700/3123/11767 3392/2918/11768 
f 655/2427/11769 3237/3091/11770 1700/3123/11771 3261/3101/11772 
f 654/3086/11773 3268/3121/11774 1700/3123/11775 3237/3091/11776 
f 312/1365/11777 3411/3124/11778 1701/3125/11779 2525/1366/11780 
f 736/3126/11781 3402/3127/11782 1701/3125/11783 3411/3124/11784 
f 737/3128/11785 3410/3129/11786 1701/3125/11787 3402/3127/11788 
f 313/1369/11789 2525/1366/11790 1701/3125/11791 3410/3129/11792 
f 740/3130/11793 3413/3131/11794 1702/3132/11795 3406/3133/11796 
f 738/1382/11797 3404/1381/11798 1702/3132/11799 3413/3131/11800 
f 739/1380/11801 3412/3134/11802 1702/3132/11803 3404/1381/11804 
f 741/3135/11805 3406/3133/11806 1702/3132/11807 3412/3134/11808 
f 742/3136/11809 3415/3137/11810 1703/3138/11811 3408/3139/11812 
f 740/3130/11813 3406/3133/11814 1703/3138/11815 3415/3137/11816 
f 741/3135/11817 3414/3140/11818 1703/3138/11819 3406/3133/11820 
f 743/3141/11821 3408/3139/11822 1703/3138/11823 3414/3140/11824 
f 736/3126/11825 3430/3142/11826 1704/3143/11827 3402/3127/11828 
f 756/3144/11829 3441/3145/11830 1704/3143/11831 3430/3142/11832 
f 755/3146/11833 3416/3147/11834 1704/3143/11835 3441/3145/11836 
f 737/3128/11837 3402/3127/11838 1704/3143/11839 3416/3147/11840 
f 313/1369/11841 3410/3129/11842 1705/3148/11843 2526/1395/11844 
f 737/3128/11845 3403/3149/11846 1705/3148/11847 3410/3129/11848 
f 732/2846/11849 3393/2849/11850 1705/3148/11851 3403/3149/11852 
f 306/1051/11853 2526/1395/11854 1705/3148/11855 3393/2849/11856 
f 736/3126/11857 3411/3124/11858 1706/3150/11859 3398/3151/11860 
f 312/1365/11861 2520/1400/11862 1706/3150/11863 3411/3124/11864 
f 217/1142/11865 3193/4143/11866 1706/4144/11867 2520/1673/11868 
f 626/2776/11869 3398/3151/11870 1706/3150/11871 3193/2779/11872 
f 741/3135/11873 3412/3134/11874 1707/3152/11875 3407/3153/11876 
f 739/1380/11877 3405/1403/11878 1707/3152/11879 3412/3134/11880 
f 733/1286/11881 3395/3056/11882 1707/3152/11883 3405/1403/11884 
f 734/3055/11885 3407/3153/11886 1707/3152/11887 3395/3056/11888 
f 738/1382/11889 3413/3131/11890 1708/3154/11891 3399/1404/11892 
f 740/3130/11893 3400/3155/11894 1708/3154/11895 3413/3131/11896 
f 645/1974/11897 3229/1972/11898 1708/3154/11899 3400/3155/11900 
f 646/28/11901 3399/1404/11902 1708/3154/11903 3229/1972/11904 
f 743/3141/11905 3414/3140/11906 1709/3156/11907 3409/3157/11908 
f 741/3135/11909 3407/3153/11910 1709/3156/11911 3414/3140/11912 
f 734/3055/11913 3396/3054/11914 1709/3156/11915 3407/3153/11916 
f 735/3053/11917 3409/3157/11918 1709/3156/11919 3396/3054/11920 
f 740/3130/11921 3415/3137/11922 1710/3158/11923 3400/3155/11924 
f 742/3136/11925 3401/3159/11926 1710/3158/11927 3415/3137/11928 
f 707/3045/11929 3344/3048/11930 1710/3158/11931 3401/3159/11932 
f 645/1974/11933 3400/3155/11934 1710/3158/11935 3344/3048/11936 
f 737/3128/11937 3416/3147/11938 1711/3160/11939 3403/3149/11940 
f 755/3146/11941 3442/3161/11942 1711/3160/11943 3416/3147/11944 
f 754/2850/11945 3428/2847/11946 1711/3160/11947 3442/3161/11948 
f 732/2846/11949 3403/3149/11950 1711/3160/11951 3428/2847/11952 
f 742/3136/11953 3417/3162/11954 1712/3163/11955 3401/3159/11956 
f 756/3144/11957 3443/3164/11958 1712/3163/11959 3417/3162/11960 
f 745/2844/11961 3241/3165/11962 1712/3163/11963 3443/3164/11964 
f 707/3045/11965 3401/3159/11966 1712/3163/11967 3241/3165/11968 
f 745/2844/11969 3431/2843/11970 1713/3166/11971 3241/3165/11972 
f 744/2842/11973 3418/3167/11974 1713/3166/11975 3431/2843/11976 
f 706/3049/11977 3353/3046/11978 1713/3166/11979 3418/3167/11980 
f 707/3045/11981 3241/3165/11982 1713/3166/11983 3353/3046/11984 
f 327/1053/11985 3432/2851/11986 1714/3168/11987 2548/1419/11988 
f 754/2850/11989 3397/3169/11990 1714/3168/11991 3432/2851/11992 
f 735/3053/11993 3354/3051/11994 1714/3168/11995 3397/3169/11996 
f 307/1282/11997 2548/1419/11998 1714/3168/11999 3354/3051/12000 
f 747/2854/12001 3433/2853/12002 1715/3170/12003 3421/3171/12004 
f 746/1061/12005 3420/1424/12006 1715/3170/12007 3433/2853/12008 
f 708/1299/12009 3355/3058/12010 1715/3170/12011 3420/1424/12012 
f 709/3057/12013 3421/3171/12014 1715/3170/12015 3355/3058/12016 
f 748/2858/12017 3434/2857/12018 1716/3172/12019 3422/3173/12020 
f 747/2854/12021 3421/3171/12022 1716/3172/12023 3434/2857/12024 
f 709/3057/12025 3356/3064/12026 1716/3172/12027 3421/3171/12028 
f 710/3063/12029 3422/3173/12030 1716/3172/12031 3356/3064/12032 
f 749/2862/12033 3435/2861/12034 1717/3174/12035 3423/3175/12036 
f 748/2858/12037 3422/3173/12038 1717/3174/12039 3435/2861/12040 
f 710/3063/12041 3357/3070/12042 1717/3174/12043 3422/3173/12044 
f 711/3069/12045 3423/3175/12046 1717/3174/12047 3357/3070/12048 
f 750/2866/12049 3436/2865/12050 1718/3176/12051 3424/3177/12052 
f 749/2862/12053 3423/3175/12054 1718/3176/12055 3436/2865/12056 
f 711/3069/12057 3358/3076/12058 1718/3176/12059 3423/3175/12060 
f 712/3075/12061 3424/3177/12062 1718/3176/12063 3358/3076/12064 
f 751/2870/12065 3437/2869/12066 1719/3178/12067 3425/3179/12068 
f 750/2866/12069 3424/3177/12070 1719/3178/12071 3437/2869/12072 
f 712/3075/12073 3359/3082/12074 1719/3178/12075 3424/3177/12076 
f 713/3081/12077 3425/3179/12078 1719/3178/12079 3359/3082/12080 
f 752/2874/12081 3438/2873/12082 1720/3180/12083 3426/3181/12084 
f 751/2870/12085 3425/3179/12086 1720/3180/12087 3438/2873/12088 
f 713/3081/12089 3360/3088/12090 1720/3180/12091 3425/3179/12092 
f 714/3087/12093 3426/3181/12094 1720/3180/12095 3360/3088/12096 
f 753/2878/12097 3439/2877/12098 1721/3182/12099 3427/3183/12100 
f 752/2874/12101 3426/3181/12102 1721/3182/12103 3439/2877/12104 
f 714/3087/12105 3361/3093/12106 1721/3182/12107 3426/3181/12108 
f 715/3092/12109 3427/3183/12110 1721/3182/12111 3361/3093/12112 
f 744/2842/12113 3440/2881/12114 1722/3184/12115 3418/3167/12116 
f 753/2878/12117 3427/3183/12118 1722/3184/12119 3440/2881/12120 
f 715/3092/12121 3362/3096/12122 1722/3184/12123 3427/3183/12124 
f 706/3049/12125 3418/3167/12126 1722/3184/12127 3362/3096/12128 
f 755/3146/12129 3441/3145/12130 1723/3185/12131 3429/3186/12132 
f 756/3144/12133 3417/3162/12134 1723/3185/12135 3441/3145/12136 
f 742/3136/12137 3408/3139/12138 1723/3185/12139 3417/3162/12140 
f 743/3141/12141 3429/3186/12142 1723/3185/12143 3408/3139/12144 
f 754/2850/12145 3442/3161/12146 1724/3187/12147 3397/3169/12148 
f 755/3146/12149 3429/3186/12150 1724/3187/12151 3442/3161/12152 
f 743/3141/12153 3409/3157/12154 1724/3187/12155 3429/3186/12156 
f 735/3053/12157 3397/3169/12158 1724/3187/12159 3409/3157/12160 
f 745/2844/12161 3443/3164/12162 1725/3188/12163 3419/2845/12164 
f 756/3144/12165 3430/3142/12166 1725/3188/12167 3443/3164/12168 
f 736/3126/12169 3398/3151/12170 1725/3188/12171 3430/3142/12172 
f 626/2776/12173 3419/2845/12174 1725/3188/12175 3398/3151/12176 
f 758/2923/12177 3453/2922/12178 1726/3189/12179 3445/3190/12180 
f 757/1138/12181 3444/1444/12182 1726/3189/12183 3453/2922/12184 
f 685/1211/12185 3310/2985/12186 1726/3189/12187 3444/1444/12188 
f 686/2984/12189 3445/3190/12190 1726/3189/12191 3310/2985/12192 
f 759/2927/12193 3454/2926/12194 1727/3191/12195 3446/3192/12196 
f 758/2923/12197 3445/3190/12198 1727/3191/12199 3454/2926/12200 
f 686/2984/12201 3311/2989/12202 1727/3191/12203 3445/3190/12204 
f 687/2988/12205 3446/3192/12206 1727/3191/12207 3311/2989/12208 
f 760/2931/12209 3455/2930/12210 1728/3193/12211 3447/3194/12212 
f 759/2927/12213 3446/3192/12214 1728/3193/12215 3455/2930/12216 
f 687/2988/12217 3312/2993/12218 1728/3193/12219 3446/3192/12220 
f 688/2992/12221 3447/3194/12222 1728/3193/12223 3312/2993/12224 
f 761/2935/12225 3456/2934/12226 1729/3195/12227 3448/3196/12228 
f 760/2931/12229 3447/3194/12230 1729/3195/12231 3456/2934/12232 
f 688/2992/12233 3313/2997/12234 1729/3195/12235 3447/3194/12236 
f 689/2996/12237 3448/3196/12238 1729/3195/12239 3313/2997/12240 
f 762/2939/12241 3457/2938/12242 1730/3197/12243 3449/3198/12244 
f 761/2935/12245 3448/3196/12246 1730/3197/12247 3457/2938/12248 
f 689/2996/12249 3314/3003/12250 1730/3197/12251 3448/3196/12252 
f 690/3002/12253 3449/3198/12254 1730/3197/12255 3314/3003/12256 
f 763/2943/12257 3458/2942/12258 1731/3199/12259 3450/3200/12260 
f 762/2939/12261 3449/3198/12262 1731/3199/12263 3458/2942/12264 
f 690/3002/12265 3315/3009/12266 1731/3199/12267 3449/3198/12268 
f 691/3008/12269 3450/3200/12270 1731/3199/12271 3315/3009/12272 
f 764/2947/12273 3459/2946/12274 1732/3201/12275 3451/3202/12276 
f 763/2943/12277 3450/3200/12278 1732/3201/12279 3459/2946/12280 
f 691/3008/12281 3316/3015/12282 1732/3201/12283 3450/3200/12284 
f 692/3014/12285 3451/3202/12286 1732/3201/12287 3316/3015/12288 
f 765/1165/12289 3460/2950/12290 1733/3203/12291 3452/1457/12292 
f 764/2947/12293 3451/3202/12294 1733/3203/12295 3460/2950/12296 
f 692/3014/12297 3317/3020/12298 1733/3203/12299 3451/3202/12300 
f 693/1244/12301 3452/1457/12302 1733/3203/12303 3317/3020/12304 
f 10/55/12305 2584/1460/12306 1734/3204/12307 2843/1993/12308 
f 766/1464/12309 3461/3205/12310 1734/3204/12311 2584/1460/12312 
f 767/3206/12313 3465/3207/12314 1734/3204/12315 3461/3205/12316 
f 464/1995/12317 2843/1993/12318 1734/3204/12319 3465/3207/12320 
f 464/1995/12321 3465/3207/12322 1735/3208/12323 2994/2502/12324 
f 767/3206/12325 3462/3209/12326 1735/3208/12327 3465/3207/12328 
f 768/3210/12329 3466/3211/12330 1735/3208/12331 3462/3209/12332 
f 537/2390/12333 2994/2502/12334 1735/3208/12335 3466/3211/12336 
f 537/2390/12337 3466/3211/12338 1736/3212/12339 2886/2391/12340 
f 768/3210/12341 3463/3213/12342 1736/3212/12343 3466/3211/12344 
f 769/3214/12345 3467/3215/12346 1736/3212/12347 3463/3213/12348 
f 483/2392/12349 2886/2391/12350 1736/3212/12351 3467/3215/12352 
f 483/2392/12353 3467/3215/12354 1737/3216/12355 2889/3217/12356 
f 769/3214/12357 3464/3218/12358 1737/3216/12359 3467/3215/12360 
f 770/1477/12361 3468/1476/12362 1737/3216/12363 3464/3218/12364 
f 40/1475/12365 2889/3217/12366 1737/3216/12367 3468/1476/12368 
f 797/3219/12369 3514/3220/12370 1738/3221/12371 3509/3222/12372 
f 800/1487/12373 3511/1486/12374 1738/3221/12375 3514/3220/12376 
f 799/1485/12377 3513/3223/12378 1738/3221/12379 3511/1486/12380 
f 798/3224/12381 3509/3222/12382 1738/3221/12383 3513/3223/12384 
f 791/3225/12385 3516/3226/12386 1739/3227/12387 3503/3228/12388 
f 789/3229/12389 3501/3230/12390 1739/3227/12391 3516/3226/12392 
f 790/3231/12393 3515/3232/12394 1739/3227/12395 3501/3230/12396 
f 792/3233/12397 3503/3228/12398 1739/3227/12399 3515/3232/12400 
f 793/3234/12401 3518/3235/12402 1740/3236/12403 3505/3237/12404 
f 791/3225/12405 3503/3228/12406 1740/3236/12407 3518/3235/12408 
f 792/3233/12409 3517/3238/12410 1740/3236/12411 3503/3228/12412 
f 794/3239/12413 3505/3237/12414 1740/3236/12415 3517/3238/12416 
f 795/1503/12417 3520/3240/12418 1741/3241/12419 3507/1504/12420 
f 793/3234/12421 3505/3237/12422 1741/3241/12423 3520/3240/12424 
f 794/3239/12425 3519/3242/12426 1741/3241/12427 3505/3237/12428 
f 796/1507/12429 3507/1504/12430 1741/3241/12431 3519/3242/12432 
f 771/611/12433 3482/1510/12434 1742/3243/12435 3023/2458/12436 
f 785/1514/12437 3498/3244/12438 1742/3243/12439 3482/1510/12440 
f 786/3245/12441 3483/3246/12442 1742/3243/12443 3498/3244/12444 
f 774/2460/12445 3023/2458/12446 1742/3243/12447 3483/3246/12448 
f 774/2460/12449 3483/3246/12450 1743/3247/12451 3472/3248/12452 
f 786/3245/12453 3499/3249/12454 1743/3247/12455 3483/3246/12456 
f 787/3250/12457 3484/3251/12458 1743/3247/12459 3499/3249/12460 
f 775/3252/12461 3472/3248/12462 1743/3247/12463 3484/3251/12464 
f 775/3252/12465 3484/3251/12466 1744/3253/12467 3473/3254/12468 
f 787/3250/12469 3500/3255/12470 1744/3253/12471 3484/3251/12472 
f 788/1525/12473 3485/1524/12474 1744/3253/12475 3500/3255/12476 
f 776/1523/12477 3473/3254/12478 1744/3253/12479 3485/1524/12480 
f 766/1758/12481 3490/1822/12482 1745/4145/12483 3461/4146/12484 
f 781/1532/12485 3486/3257/12486 1745/3256/12487 3490/1528/12488 
f 782/4147/12489 3491/4148/12490 1745/4145/12491 3486/4149/12492 
f 767/4150/12493 3461/4146/12494 1745/4145/12495 3491/4148/12496 
f 789/3229/12497 3522/3260/12498 1746/3261/12499 3501/3230/12500 
f 797/3219/12501 3509/3222/12502 1746/3261/12503 3522/3260/12504 
f 798/3224/12505 3521/3262/12506 1746/3261/12507 3509/3222/12508 
f 790/3231/12509 3501/3230/12510 1746/3261/12511 3521/3262/12512 
f 773/2462/12513 3492/3263/12514 1747/3264/12515 3470/2463/12516 
f 783/3265/12517 3488/3266/12518 1747/3264/12519 3492/3263/12520 
f 784/1539/12521 3493/1538/12522 1747/3264/12523 3488/3266/12524 
f 772/615/12525 3470/2463/12526 1747/3264/12527 3493/1538/12528 
f 786/3245/12529 3498/3244/12530 1748/3267/12531 3495/3268/12532 
f 785/1514/12533 3494/1544/12534 1748/3267/12535 3498/3244/12536 
f 777/284/12537 3478/2172/12538 1748/3267/12539 3494/1544/12540 
f 778/2171/12541 3495/3268/12542 1748/3267/12543 3478/2172/12544 
f 787/3250/12545 3499/3249/12546 1749/3269/12547 3496/3270/12548 
f 786/3245/12549 3495/3268/12550 1749/3269/12551 3499/3249/12552 
f 778/2171/12553 3479/2170/12554 1749/3269/12555 3495/3268/12556 
f 779/2169/12557 3496/3270/12558 1749/3269/12559 3479/2170/12560 
f 788/1525/12561 3500/3255/12562 1750/3271/12563 3497/1547/12564 
f 787/3250/12565 3496/3270/12566 1750/3271/12567 3500/3255/12568 
f 779/2169/12569 3480/2167/12570 1750/3271/12571 3496/3270/12572 
f 780/280/12573 3497/1547/12574 1750/3271/12575 3480/2167/12576 
f 798/3224/12577 3513/3223/12578 1751/3272/12579 3510/3273/12580 
f 799/1485/12581 3489/1551/12582 1751/3272/12583 3513/3223/12584 
f 784/1539/12585 3488/3266/12586 1751/3272/12587 3489/1551/12588 
f 783/3265/12589 3510/3273/12590 1751/3272/12591 3488/3266/12592 
f 800/1487/12593 3514/3220/12594 1752/3274/12595 3512/1552/12596 
f 797/3219/12597 3487/3275/12598 1752/3274/12599 3514/3220/12600 
f 782/3258/12601 3486/3257/12602 1752/3274/12603 3487/3275/12604 
f 781/1532/12605 3512/1552/12606 1752/3274/12607 3486/3257/12608 
f 792/3233/12609 3515/3232/12610 1753/3276/12611 3504/3277/12612 
f 790/3231/12613 3502/3278/12614 1753/3276/12615 3515/3232/12616 
f 773/2462/12617 3471/2461/12618 1753/3276/12619 3502/3278/12620 
f 774/2460/12621 3504/3277/12622 1753/3276/12623 3471/2461/12624 
f 789/3229/12625 3516/3226/12626 1754/3279/12627 3474/3280/12628 
f 791/3225/12629 3475/3281/12630 1754/3279/12631 3516/3226/12632 
f 768/3210/12633 3462/3209/12634 1754/3279/12635 3475/3281/12636 
f 767/3206/12637 3474/3280/12638 1754/3279/12639 3462/3209/12640 
f 794/3239/12641 3517/3238/12642 1755/3282/12643 3506/3283/12644 
f 792/3233/12645 3504/3277/12646 1755/3282/12647 3517/3238/12648 
f 774/2460/12649 3472/3248/12650 1755/3282/12651 3504/3277/12652 
f 775/3252/12653 3506/3283/12654 1755/3282/12655 3472/3248/12656 
f 791/3225/12657 3518/3235/12658 1756/3284/12659 3475/3281/12660 
f 793/3234/12661 3476/3285/12662 1756/3284/12663 3518/3235/12664 
f 769/3214/12665 3463/3213/12666 1756/3284/12667 3476/3285/12668 
f 768/3210/12669 3475/3281/12670 1756/3284/12671 3463/3213/12672 
f 796/1507/12673 3519/3242/12674 1757/3286/12675 3508/1565/12676 
f 794/3239/12677 3506/3283/12678 1757/3286/12679 3519/3242/12680 
f 775/3252/12681 3473/3254/12682 1757/3286/12683 3506/3283/12684 
f 776/1523/12685 3508/1565/12686 1757/3286/12687 3473/3254/12688 
f 793/3234/12689 3520/3240/12690 1758/3287/12691 3476/3285/12692 
f 795/1503/12693 3477/1568/12694 1758/3287/12695 3520/3240/12696 
f 770/1477/12697 3464/3218/12698 1758/3287/12699 3477/1568/12700 
f 769/3214/12701 3476/3285/12702 1758/3287/12703 3464/3218/12704 
f 790/3231/12705 3521/3262/12706 1759/3288/12707 3502/3278/12708 
f 798/3224/12709 3510/3273/12710 1759/3288/12711 3521/3262/12712 
f 783/3265/12713 3492/3263/12714 1759/3288/12715 3510/3273/12716 
f 773/2462/12717 3502/3278/12718 1759/3288/12719 3492/3263/12720 
f 797/3219/12721 3522/3260/12722 1760/3289/12723 3487/3275/12724 
f 789/3229/12725 3474/3280/12726 1760/3289/12727 3522/3260/12728 
f 767/3206/12729 3491/3259/12730 1760/3289/12731 3474/3280/12732 
f 782/4147/12733 3487/4151/12734 1760/4152/12735 3491/4148/12736 
f 957/1571/12737 3527/1574/12738 1761/1857/12739 3830/1858/12740 
f 954/1579/12741 3828/1859/12742 1761/1857/12743 3527/1574/12744 
f 955/1860/12745 3829/1861/12746 1761/1857/12747 3828/1859/12748 
f 956/1864/12749 3830/1858/12750 1761/1857/12751 3829/1861/12752 
f 528/3296/12753 3528/3297/12754 1762/3298/12755 2940/3299/12756 
f 875/3300/12757 3676/3301/12758 1762/3298/12759 3528/3297/12760 
f 876/3302/12761 3529/3303/12762 1762/3298/12763 3676/3301/12764 
f 529/3304/12765 2940/3299/12766 1762/3298/12767 3529/3303/12768 
f 529/3304/12769 3529/3303/12770 1763/3305/12771 2941/3306/12772 
f 876/3302/12773 3677/3307/12774 1763/3305/12775 3529/3303/12776 
f 877/3308/12777 3530/3309/12778 1763/3305/12779 3677/3307/12780 
f 487/3310/12781 2941/3306/12782 1763/3305/12783 3530/3309/12784 
f 487/3310/12785 3530/3309/12786 1764/3311/12787 2897/3312/12788 
f 877/3308/12789 3678/3313/12790 1764/3311/12791 3530/3309/12792 
f 873/1599/12793 2632/1598/12794 1764/3311/12795 3678/3313/12796 
f 48/1597/12797 2897/3312/12798 1764/3311/12799 2632/1598/12800 
f 49/1601/12801 2640/1604/12802 1765/3314/12803 2895/3315/12804 
f 435/1608/12805 3679/3316/12806 1765/3314/12807 2640/1604/12808 
f 878/3317/12809 3535/3318/12810 1765/3314/12811 3679/3316/12812 
f 486/2422/12813 2895/3315/12814 1765/3314/12815 3535/3318/12816 
f 486/2422/12817 3535/3318/12818 1766/3319/12819 2896/2419/12820 
f 878/3317/12821 3680/3320/12822 1766/3319/12823 3535/3318/12824 
f 879/3321/12825 3536/3322/12826 1766/3319/12827 3680/3320/12828 
f 527/2416/12829 2896/2419/12830 1766/3319/12831 3536/3322/12832 
f 527/2416/12833 3536/3322/12834 1767/3323/12835 2939/3324/12836 
f 879/3321/12837 3681/3325/12838 1767/3323/12839 3536/3322/12840 
f 880/3326/12841 3537/3327/12842 1767/3323/12843 3681/3325/12844 
f 528/3296/12845 2939/3324/12846 1767/3323/12847 3537/3327/12848 
f 927/1683/12849 3773/1684/12850 1768/1685/12851 3772/1874/12852 
f 928/1876/12853 3682/1877/12854 1768/1685/12855 3773/1684/12856 
f 439/1620/12857 2644/1619/12858 1768/1685/12859 3682/1877/12860 
f 926/1618/12861 3772/1874/12862 1768/1685/12863 2644/1619/12864 
f 368/95/12865 3543/2025/12866 1769/3334/12867 2647/1627/12868 
f 809/2024/12869 3538/3335/12870 1769/3334/12871 3543/2025/12872 
f 470/3336/12873 2857/3337/12874 1769/3334/12875 3538/3335/12876 
f 23/1629/12877 2647/1627/12878 1769/3334/12879 2857/3337/12880 
f 812/2052/12881 3544/2051/12882 1770/3338/12883 3541/3339/12884 
f 813/2050/12885 2962/2293/12886 1770/3338/12887 3544/2051/12888 
f 503/2026/12889 2915/2029/12890 1770/3338/12891 2962/2293/12892 
f 504/2031/12893 3541/3339/12894 1770/3338/12895 2915/2029/12896 
f 366/138/12897 3545/2057/12898 1771/3340/12899 2645/1635/12900 
f 810/2056/12901 3539/3341/12902 1771/3340/12903 3545/2057/12904 
f 466/2016/12905 2848/2014/12906 1771/3340/12907 3539/3341/12908 
f 15/82/12909 2645/1635/12910 1771/3340/12911 2848/2014/12912 
f 809/2024/12913 3546/3342/12914 1772/3343/12915 3538/3335/12916 
f 840/3344/12917 3600/3345/12918 1772/3343/12919 3546/3342/12920 
f 837/2283/12921 3593/3346/12922 1772/3343/12923 3600/3345/12924 
f 470/3336/12925 3538/3335/12926 1772/3343/12927 3593/3346/12928 
f 811/2291/12929 3547/2290/12930 1773/3347/12931 3540/3348/12932 
f 812/2052/12933 3541/3339/12934 1773/3347/12935 3547/2290/12936 
f 504/2031/12937 2916/2285/12938 1773/3347/12939 3541/3339/12940 
f 505/2276/12941 3540/3348/12942 1773/3347/12943 2916/2285/12944 
f 810/2056/12945 3548/2295/12946 1774/3349/12947 3539/3341/12948 
f 813/2050/12949 3542/2048/12950 1774/3349/12951 3548/2295/12952 
f 497/2009/12953 2847/2274/12954 1774/3349/12955 3542/2048/12956 
f 466/2016/12957 3539/3341/12958 1774/3349/12959 2847/2274/12960 
f 817/2087/12961 3554/2086/12962 1775/3350/12963 3552/3351/12964 
f 818/2085/12965 2968/2325/12966 1775/3350/12967 3554/2086/12968 
f 509/2324/12969 2921/3352/12970 1775/3350/12971 2968/2325/12972 
f 510/2302/12973 3552/3351/12974 1775/3350/12975 2921/3352/12976 
f 375/185/12977 3555/2095/12978 1776/3353/12979 2660/1649/12980 
f 814/2094/12981 3549/3354/12982 1776/3353/12983 3555/2095/12984 
f 483/2392/12985 2889/3217/12986 1776/3353/12987 3549/3354/12988 
f 40/1475/12989 2660/1649/12990 1776/3353/12991 2889/3217/12992 
f 373/266/12993 3556/2157/12994 1777/3355/12995 2658/1652/12996 
f 815/2156/12997 3550/3356/12998 1777/3355/12999 3556/2157/13000 
f 474/3357/13001 2867/3358/13002 1777/3355/13003 3550/3356/13004 
f 31/1654/13005 2658/1652/13006 1777/3355/13007 2867/3358/13008 
f 815/2156/13009 3557/2320/13010 1778/3359/13011 3550/3356/13012 
f 816/2319/13013 3551/3360/13014 1778/3359/13015 3557/2320/13016 
f 511/2310/13017 2923/3361/13018 1778/3359/13019 3551/3360/13020 
f 474/3357/13021 3550/3356/13022 1778/3359/13023 2923/3361/13024 
f 816/2319/13025 3558/2323/13026 1779/3362/13027 3551/3360/13028 
f 817/2087/13029 3552/3351/13030 1779/3362/13031 3558/2323/13032 
f 510/2302/13033 2922/2305/13034 1779/3362/13035 3552/3351/13036 
f 511/2310/13037 3551/3360/13038 1779/3362/13039 2922/2305/13040 
f 814/2094/13041 3559/2328/13042 1780/3363/13043 3549/3354/13044 
f 818/2085/13045 3553/2082/13046 1780/3363/13047 3559/2328/13048 
f 521/2081/13049 2888/2388/13050 1780/3363/13051 3553/2082/13052 
f 483/2392/13053 3549/3354/13054 1780/3363/13055 2888/2388/13056 
f 361/1663/13057 3566/1666/13058 1781/3364/13059 3531/3365/13060 
f 819/374/13061 3560/2242/13062 1781/3364/13063 3566/1666/13064 
f 820/2241/13065 3567/3366/13066 1781/3364/13067 3560/2242/13068 
f 806/3367/13069 3531/3365/13070 1781/3364/13071 3567/3366/13072 
f 806/3367/13073 3567/3366/13074 1782/3368/13075 3532/3369/13076 
f 820/2241/13077 3561/2240/13078 1782/3368/13079 3567/3366/13080 
f 821/2239/13081 3568/3370/13082 1782/3368/13083 3561/2240/13084 
f 807/3371/13085 3532/3369/13086 1782/3368/13087 3568/3370/13088 
f 807/3371/13089 3568/3370/13090 1783/3372/13091 3533/3373/13092 
f 821/2239/13093 3562/2246/13094 1783/3372/13095 3568/3370/13096 
f 822/2245/13097 3569/3374/13098 1783/3372/13099 3562/2246/13100 
f 808/3375/13101 3533/3373/13102 1783/3372/13103 3569/3374/13104 
f 929/1878/13105 3775/3328/13106 1784/3329/13107 3534/3330/13108 
f 930/3331/13109 3776/3332/13110 1784/3329/13111 3775/3328/13112 
f 931/1677/13113 2678/1676/13114 1784/3329/13115 3776/3332/13116 
f 365/1675/13117 3534/3330/13118 1784/3329/13119 2678/1676/13120 
f 802/1686/13121 3577/1689/13122 1785/3382/13123 3523/3383/13124 
f 827/41/13125 3572/1983/13126 1785/3382/13127 3577/1689/13128 
f 828/1982/13129 3578/3384/13130 1785/3382/13131 3572/1983/13132 
f 803/3385/13133 3523/3383/13134 1785/3382/13135 3578/3384/13136 
f 803/3385/13137 3578/3384/13138 1786/3386/13139 3524/3387/13140 
f 828/1982/13141 3573/1981/13142 1786/3386/13143 3578/3384/13144 
f 829/1980/13145 3579/3388/13146 1786/3386/13147 3573/1981/13148 
f 804/3389/13149 3524/3387/13150 1786/3386/13151 3579/3388/13152 
f 804/3389/13153 3579/3388/13154 1787/3390/13155 3525/3391/13156 
f 829/1980/13157 3574/2248/13158 1787/3390/13159 3579/3388/13160 
f 830/2250/13161 3580/3392/13162 1787/3390/13163 3574/2248/13164 
f 805/3393/13165 3525/3391/13166 1787/3390/13167 3580/3392/13168 
f 805/3393/13169 3580/3392/13170 1788/3394/13171 3526/3395/13172 
f 830/2250/13173 3575/2249/13174 1788/3394/13175 3580/3392/13176 
f 825/389/13177 3576/1703/13178 1788/3394/13179 3575/2249/13180 
f 801/1702/13181 3526/3395/13182 1788/3394/13183 3576/1703/13184 
f 831/2195/13185 3586/2194/13186 1789/3396/13187 3581/2421/13188 
f 387/320/13189 2010/1705/13190 1789/3396/13191 3586/2194/13192 
f 49/1601/13193 2895/3315/13194 1789/3396/13195 2010/1705/13196 
f 486/2422/13197 3581/2421/13198 1789/3396/13199 2895/3315/13200 
f 834/2203/13201 3587/2202/13202 1790/3397/13203 3584/3398/13204 
f 835/2201/13205 2986/2417/13206 1790/3397/13207 3587/2202/13208 
f 527/2416/13209 2939/3324/13210 1790/3397/13211 2986/2417/13212 
f 528/3296/13213 3584/3398/13214 1790/3397/13215 2939/3324/13216 
f 386/336/13217 3588/2211/13218 1791/3399/13219 2686/1708/13220 
f 832/2210/13221 3582/3400/13222 1791/3399/13223 3588/2211/13224 
f 487/3310/13225 2897/3312/13226 1791/3399/13227 3582/3400/13228 
f 48/1597/13229 2686/1708/13230 1791/3399/13231 2897/3312/13232 
f 832/2210/13233 3589/2412/13234 1792/3401/13235 3582/3400/13236 
f 833/2411/13237 3583/3402/13238 1792/3401/13239 3589/2412/13240 
f 529/3304/13241 2941/3306/13242 1792/3401/13243 3583/3402/13244 
f 487/3310/13245 3582/3400/13246 1792/3401/13247 2941/3306/13248 
f 833/2411/13249 3590/2415/13250 1793/3403/13251 3583/3402/13252 
f 834/2203/13253 3584/3398/13254 1793/3403/13255 3590/2415/13256 
f 528/3296/13257 2940/3299/13258 1793/3403/13259 3584/3398/13260 
f 529/3304/13261 3583/3402/13262 1793/3403/13263 2940/3299/13264 
f 831/2195/13265 3591/2420/13266 1794/3404/13267 2898/2196/13268 
f 835/2201/13269 3585/2198/13270 1794/3404/13271 3591/2420/13272 
f 491/2197/13273 2835/2223/13274 1794/3404/13275 3585/2198/13276 
f 460/1962/13277 2898/2196/13278 1794/3404/13279 2835/2223/13280 
f 472/2060/13281 3656/3405/13282 1795/3406/13283 2860/2061/13284 
f 864/3407/13285 3649/3408/13286 1795/3406/13287 3656/3405/13288 
f 847/3409/13289 3613/3410/13290 1795/3406/13291 3649/3408/13292 
f 467/2022/13293 2860/2061/13294 1795/3406/13295 3613/3410/13296 
f 838/2519/13297 3599/2518/13298 1796/3411/13299 2920/3412/13300 
f 839/2300/13301 3595/3413/13302 1796/3411/13303 3599/2518/13304 
f 557/2308/13305 3044/2522/13306 1796/3411/13307 3595/3413/13308 
f 508/2272/13309 2920/3412/13310 1796/3411/13311 3044/2522/13312 
f 837/2283/13313 3600/3345/13314 1797/3414/13315 2917/2279/13316 
f 840/3344/13317 3596/3415/13318 1797/3414/13319 3600/3345/13320 
f 811/2291/13321 3540/3348/13322 1797/3414/13323 3596/3415/13324 
f 505/2276/13325 2917/2279/13326 1797/3414/13327 3540/3348/13328 
f 841/2296/13329 3603/2299/13330 1798/3416/13331 3609/3417/13332 
f 842/2077/13333 2865/3418/13334 1798/3416/13335 3603/2299/13336 
f 474/3357/13337 2923/3361/13338 1798/3416/13339 2865/3418/13340 
f 511/2310/13341 3609/3417/13342 1798/3416/13343 2923/3361/13344 
f 842/2077/13345 3604/2075/13346 1799/3419/13347 2865/3418/13348 
f 400/163/13349 2159/1730/13350 1799/3419/13351 3604/2075/13352 
f 31/1654/13353 2867/3358/13354 1799/3419/13355 2159/1730/13356 
f 474/3357/13357 2865/3418/13358 1799/3419/13359 2867/3358/13360 
f 843/2281/13361 3607/3420/13362 1800/3421/13363 3605/2282/13364 
f 844/2046/13365 2855/3422/13366 1800/3421/13367 3607/3420/13368 
f 470/3336/13369 3593/3346/13370 1800/3421/13371 2855/3422/13372 
f 837/2283/13373 3605/2282/13374 1800/3421/13375 3593/3346/13376 
f 844/2046/13377 3608/2044/13378 1801/3423/13379 2855/3422/13380 
f 403/124/13381 1948/1735/13382 1801/3423/13383 3608/2044/13384 
f 23/1629/13385 2857/3337/13386 1801/3423/13387 1948/1735/13388 
f 470/3336/13389 2855/3422/13390 1801/3423/13391 2857/3337/13392 
f 841/2296/13393 3609/3417/13394 1802/3424/13395 3601/2297/13396 
f 511/2310/13397 2963/2309/13398 1802/3424/13399 3609/3417/13400 
f 557/2308/13401 3595/3413/13402 1802/3424/13403 2963/2309/13404 
f 839/2300/13405 3601/2297/13406 1802/3424/13407 3595/3413/13408 
f 843/2281/13409 3610/2280/13410 1803/3425/13411 3607/3420/13412 
f 502/2212/13413 2914/2215/13414 1803/3425/13415 3610/2280/13416 
f 469/2040/13417 3606/2047/13418 1803/3425/13419 2914/2215/13420 
f 844/2046/13421 3607/3420/13422 1803/3425/13423 3606/2047/13424 
f 809/2024/13425 3657/3426/13426 1804/3427/13427 3546/3342/13428 
f 862/3428/13429 3647/3429/13430 1804/3427/13431 3657/3426/13432 
f 845/3430/13433 3611/3431/13434 1804/3427/13435 3647/3429/13436 
f 840/3344/13437 3546/3342/13438 1804/3427/13439 3611/3431/13440 
f 853/3432/13441 3630/3433/13442 1805/3434/13443 3623/3435/13444 
f 860/3436/13445 3592/3437/13446 1805/3434/13447 3630/3433/13448 
f 836/3438/13449 3598/3439/13450 1805/3434/13451 3592/3437/13452 
f 854/3440/13453 3623/3435/13454 1805/3434/13455 3598/3439/13456 
f 859/3441/13457 3628/3442/13458 1806/3443/13459 3629/3444/13460 
f 858/3445/13461 3616/3446/13462 1806/3443/13463 3628/3442/13464 
f 836/3438/13465 3592/3437/13466 1806/3443/13467 3616/3446/13468 
f 860/3436/13469 3629/3444/13470 1806/3443/13471 3592/3437/13472 
f 851/3447/13473 3652/3448/13474 1807/3449/13475 2911/3450/13476 
f 866/3451/13477 3655/3452/13478 1807/3449/13479 3652/3448/13480 
f 508/2272/13481 2954/2271/13482 1807/3449/13483 3655/3452/13484 
f 499/2270/13485 2911/3450/13486 1807/3449/13487 2954/2271/13488 
f 836/3438/13489 3616/3446/13490 1808/3453/13491 3619/3454/13492 
f 858/3445/13493 3627/3455/13494 1808/3453/13495 3616/3446/13496 
f 857/3456/13497 3626/3457/13498 1808/3453/13499 3627/3455/13500 
f 856/3458/13501 3619/3454/13502 1808/3453/13503 3626/3457/13504 
f 845/3430/13505 3654/3459/13506 1809/3460/13507 3611/3431/13508 
f 852/3461/13509 3658/3462/13510 1809/3460/13511 3654/3459/13512 
f 811/2291/13513 3596/3415/13514 1809/3460/13515 3658/3462/13516 
f 840/3344/13517 3611/3431/13518 1809/3460/13519 3596/3415/13520 
f 855/3463/13521 3624/3464/13522 1810/3465/13523 3625/3466/13524 
f 854/3440/13525 3598/3439/13526 1810/3465/13527 3624/3464/13528 
f 836/3438/13529 3619/3454/13530 1810/3465/13531 3598/3439/13532 
f 856/3458/13533 3625/3466/13534 1810/3465/13535 3619/3454/13536 
f 846/3467/13537 3631/3468/13538 1811/3469/13539 3612/3470/13540 
f 853/3432/13541 3623/3435/13542 1811/3469/13543 3631/3468/13544 
f 854/3440/13545 3632/3471/13546 1811/3469/13547 3623/3435/13548 
f 861/3472/13549 3612/3470/13550 1811/3469/13551 3632/3471/13552 
f 861/3472/13553 3632/3471/13554 1812/3473/13555 3622/3474/13556 
f 854/3440/13557 3624/3464/13558 1812/3473/13559 3632/3471/13560 
f 855/3463/13561 3633/3475/13562 1812/3473/13563 3624/3464/13564 
f 868/3476/13565 3622/3474/13566 1812/3473/13567 3633/3475/13568 
f 868/3476/13569 3633/3475/13570 1813/3477/13571 3621/3478/13572 
f 855/3463/13573 3625/3466/13574 1813/3477/13575 3633/3475/13576 
f 856/3458/13577 3634/3479/13578 1813/3477/13579 3625/3466/13580 
f 867/3480/13581 3621/3478/13582 1813/3477/13583 3634/3479/13584 
f 867/3480/13585 3634/3479/13586 1814/3481/13587 3620/3482/13588 
f 856/3458/13589 3626/3457/13590 1814/3481/13591 3634/3479/13592 
f 857/3456/13593 3635/3483/13594 1814/3481/13595 3626/3457/13596 
f 850/3484/13597 3620/3482/13598 1814/3481/13599 3635/3483/13600 
f 850/3484/13601 3635/3483/13602 1815/3485/13603 3618/3486/13604 
f 857/3456/13605 3627/3455/13606 1815/3485/13607 3635/3483/13608 
f 858/3445/13609 3636/3487/13610 1815/3485/13611 3627/3455/13612 
f 865/3488/13613 3618/3486/13614 1815/3485/13615 3636/3487/13616 
f 865/3488/13617 3636/3487/13618 1816/3489/13619 3617/3490/13620 
f 858/3445/13621 3628/3442/13622 1816/3489/13623 3636/3487/13624 
f 859/3441/13625 3637/3491/13626 1816/3489/13627 3628/3442/13628 
f 848/3492/13629 3617/3490/13630 1816/3489/13631 3637/3491/13632 
f 848/3492/13633 3637/3491/13634 1817/3493/13635 3615/3494/13636 
f 859/3441/13637 3629/3444/13638 1817/3493/13639 3637/3491/13640 
f 860/3436/13641 3638/3495/13642 1817/3493/13643 3629/3444/13644 
f 863/3496/13645 3615/3494/13646 1817/3493/13647 3638/3495/13648 
f 863/3496/13649 3638/3495/13650 1818/3497/13651 3614/3498/13652 
f 860/3436/13653 3630/3433/13654 1818/3497/13655 3638/3495/13656 
f 853/3432/13657 3631/3468/13658 1818/3497/13659 3630/3433/13660 
f 846/3467/13661 3614/3498/13662 1818/3497/13663 3631/3468/13664 
f 846/3467/13665 3612/3470/13666 1819/3499/13667 3640/3500/13668 
f 861/3472/13669 3639/3501/13670 1819/3499/13671 3612/3470/13672 
f 845/3430/13673 3647/3429/13674 1819/3499/13675 3639/3501/13676 
f 862/3428/13677 3640/3500/13678 1819/3499/13679 3647/3429/13680 
f 863/3496/13681 3614/3498/13682 1820/3502/13683 3641/3503/13684 
f 846/3467/13685 3640/3500/13686 1820/3502/13687 3614/3498/13688 
f 862/3428/13689 3648/3504/13690 1820/3502/13691 3640/3500/13692 
f 847/3409/13693 3641/3503/13694 1820/3502/13695 3648/3504/13696 
f 848/3492/13697 3615/3494/13698 1821/3505/13699 3642/3506/13700 
f 863/3496/13701 3641/3503/13702 1821/3505/13703 3615/3494/13704 
f 847/3409/13705 3649/3408/13706 1821/3505/13707 3641/3503/13708 
f 864/3407/13709 3642/3506/13710 1821/3505/13711 3649/3408/13712 
f 865/3488/13713 3617/3490/13714 1822/3507/13715 3643/3508/13716 
f 848/3492/13717 3642/3506/13718 1822/3507/13719 3617/3490/13720 
f 864/3407/13721 3650/3509/13722 1822/3507/13723 3642/3506/13724 
f 849/3510/13725 3643/3508/13726 1822/3507/13727 3650/3509/13728 
f 850/3484/13729 3618/3486/13730 1823/3511/13731 3644/3512/13732 
f 865/3488/13733 3643/3508/13734 1823/3511/13735 3618/3486/13736 
f 849/3510/13737 3651/3513/13738 1823/3511/13739 3643/3508/13740 
f 866/3451/13741 3644/3512/13742 1823/3511/13743 3651/3513/13744 
f 867/3480/13745 3620/3482/13746 1824/3514/13747 3645/3515/13748 
f 850/3484/13749 3644/3512/13750 1824/3514/13751 3620/3482/13752 
f 866/3451/13753 3652/3448/13754 1824/3514/13755 3644/3512/13756 
f 851/3447/13757 3645/3515/13758 1824/3514/13759 3652/3448/13760 
f 868/3476/13761 3621/3478/13762 1825/3516/13763 3646/3517/13764 
f 867/3480/13765 3645/3515/13766 1825/3516/13767 3621/3478/13768 
f 851/3447/13769 3653/3518/13770 1825/3516/13771 3645/3515/13772 
f 852/3461/13773 3646/3517/13774 1825/3516/13775 3653/3518/13776 
f 861/3472/13777 3622/3474/13778 1826/3519/13779 3639/3501/13780 
f 868/3476/13781 3646/3517/13782 1826/3519/13783 3622/3474/13784 
f 852/3461/13785 3654/3459/13786 1826/3519/13787 3646/3517/13788 
f 845/3430/13789 3639/3501/13790 1826/3519/13791 3654/3459/13792 
f 508/2272/13793 3655/3452/13794 1827/3520/13795 2920/3412/13796 
f 866/3451/13797 3651/3513/13798 1827/3520/13799 3655/3452/13800 
f 849/3510/13801 3597/3521/13802 1827/3520/13803 3651/3513/13804 
f 838/2519/13805 2920/3412/13806 1827/3520/13807 3597/3521/13808 
f 864/3407/13809 3656/3405/13810 1828/3522/13811 3650/3509/13812 
f 472/2060/13813 3594/2520/13814 1828/3522/13815 3656/3405/13816 
f 838/2519/13817 3597/3521/13818 1828/3522/13819 3594/2520/13820 
f 849/3510/13821 3650/3509/13822 1828/3522/13823 3597/3521/13824 
f 862/3428/13825 3657/3426/13826 1829/3523/13827 3648/3504/13828 
f 809/2024/13829 2846/2023/13830 1829/3523/13831 3657/3426/13832 
f 467/2022/13833 3613/3410/13834 1829/3523/13835 2846/2023/13836 
f 847/3409/13837 3648/3504/13838 1829/3523/13839 3613/3410/13840 
f 811/2291/13841 3658/3462/13842 1830/3524/13843 2960/2292/13844 
f 852/3461/13845 3653/3518/13846 1830/3524/13847 3658/3462/13848 
f 851/3447/13849 2911/3450/13850 1830/3524/13851 3653/3518/13852 
f 499/2270/13853 2960/2292/13854 1830/3524/13855 2911/3450/13856 
f 509/2324/13857 3663/3525/13858 1831/3526/13859 2921/3352/13860 
f 869/3527/13861 3659/3528/13862 1831/3526/13863 3663/3525/13864 
f 870/3529/13865 3664/3530/13866 1831/3526/13867 3659/3528/13868 
f 510/2302/13869 2921/3352/13870 1831/3526/13871 3664/3530/13872 
f 510/2302/13873 3664/3530/13874 1832/3531/13875 2964/2303/13876 
f 870/3529/13877 3660/3532/13878 1832/3531/13879 3664/3530/13880 
f 871/3533/13881 3665/3534/13882 1832/3531/13883 3660/3532/13884 
f 558/2306/13885 2964/2303/13886 1832/3531/13887 3665/3534/13888 
f 558/2306/13889 3665/3534/13890 1833/3535/13891 3047/2510/13892 
f 871/3533/13893 3661/3536/13894 1833/3535/13895 3665/3534/13896 
f 872/3537/13897 3666/3538/13898 1833/3535/13899 3661/3536/13900 
f 559/2313/13901 3047/2510/13902 1833/3535/13903 3666/3538/13904 
f 559/2313/13905 3666/3538/13906 1834/3539/13907 3046/2524/13908 
f 872/3537/13909 3662/3540/13910 1834/3539/13911 3666/3538/13912 
f 869/3527/13913 3663/3525/13914 1834/3539/13915 3662/3540/13916 
f 509/2324/13917 3046/2524/13918 1834/3539/13919 3663/3525/13920 
f 951/3290/13921 3675/3291/13922 1835/3292/13923 3816/3293/13924 
f 874/1856/13925 3668/1855/13926 1835/3292/13927 3675/3291/13928 
f 949/1854/13929 3815/3294/13930 1835/3292/13931 3668/1855/13932 
f 950/3295/13933 3816/3293/13934 1835/3292/13935 3815/3294/13936 
f 876/3302/13937 3676/3301/13938 1836/3547/13939 3670/3548/13940 
f 875/3300/13941 3669/3549/13942 1836/3547/13943 3676/3301/13944 
f 803/3385/13945 3524/3387/13946 1836/3547/13947 3669/3549/13948 
f 804/3389/13949 3670/3548/13950 1836/3547/13951 3524/3387/13952 
f 877/3308/13953 3677/3307/13954 1837/3550/13955 3671/3551/13956 
f 876/3302/13957 3670/3548/13958 1837/3550/13959 3677/3307/13960 
f 804/3389/13961 3525/3391/13962 1837/3550/13963 3670/3548/13964 
f 805/3393/13965 3671/3551/13966 1837/3550/13967 3525/3391/13968 
f 873/1599/13969 3678/3313/13970 1838/3552/13971 3667/1867/13972 
f 877/3308/13973 3671/3551/13974 1838/3552/13975 3678/3313/13976 
f 805/3393/13977 3526/3395/13978 1838/3552/13979 3671/3551/13980 
f 801/1702/13981 3667/1867/13982 1838/3552/13983 3526/3395/13984 
f 878/3317/13985 3679/3316/13986 1839/3553/13987 3672/3554/13988 
f 435/1608/13989 2779/1871/13990 1839/3553/13991 3679/3316/13992 
f 361/1663/13993 3531/3365/13994 1839/3553/13995 2779/1871/13996 
f 806/3367/13997 3672/3554/13998 1839/3553/13999 3531/3365/14000 
f 879/3321/14001 3680/3320/14002 1840/3555/14003 3673/3556/14004 
f 878/3317/14005 3672/3554/14006 1840/3555/14007 3680/3320/14008 
f 806/3367/14009 3532/3369/14010 1840/3555/14011 3672/3554/14012 
f 807/3371/14013 3673/3556/14014 1840/3555/14015 3532/3369/14016 
f 880/3326/14017 3681/3325/14018 1841/3557/14019 3674/3558/14020 
f 879/3321/14021 3673/3556/14022 1841/3557/14023 3681/3325/14024 
f 807/3371/14025 3533/3373/14026 1841/3557/14027 3673/3556/14028 
f 808/3375/14029 3674/3558/14030 1841/3557/14031 3533/3373/14032 
f 439/1620/14033 3682/1877/14034 1842/3333/14035 2783/1680/14036 
f 928/1876/14037 3774/3376/14038 1842/3333/14039 3682/1877/14040 
f 929/1878/14041 3534/3330/14042 1842/3333/14043 3774/3376/14044 
f 365/1675/14045 2783/1680/14046 1842/3333/14047 3534/3330/14048 
f 869/3527/14049 3687/3561/14050 1843/3562/14051 3659/3528/14052 
f 881/3563/14053 3683/3564/14054 1843/3565/14055 3687/3568/14056 
f 882/3569/14057 3688/3572/14058 1843/3565/14059 3683/3564/14060 
f 870/3529/14061 3659/3528/14062 1843/3562/14063 3688/3566/14064 
f 870/3529/14065 3688/3566/14066 1844/3567/14067 3660/3532/14068 
f 882/3569/14069 3684/3573/14070 1844/3576/14071 3688/3572/14072 
f 883/3577/14073 3689/3578/14074 1844/3579/14075 3684/3580/14076 
f 871/3533/14077 3660/3532/14078 1844/3567/14079 3689/3570/14080 
f 871/3533/14081 3689/3570/14082 1845/3571/14083 3661/3536/14084 
f 883/3577/14085 3685/3581/14086 1845/3582/14087 3689/3578/14088 
f 884/3594/14089 3690/3595/14090 1845/3582/14091 3685/3581/14092 
f 872/3537/14093 3661/3536/14094 1845/3571/14095 3690/3574/14096 
f 872/3537/14097 3690/3574/14098 1846/3575/14099 3662/3540/14100 
f 884/3594/14101 3686/3596/14102 1846/3597/14103 3690/3595/14104 
f 881/3563/14105 3687/3568/14106 1846/3583/14107 3686/3584/14108 
f 869/3527/14109 3662/3540/14110 1846/3575/14111 3687/3561/14112 
f 892/3585/14113 3713/3586/14114 1847/3587/14115 3702/3588/14116 
f 889/3589/14117 3699/3590/14118 1847/3587/14119 3713/3586/14120 
f 890/3591/14121 3712/3592/14122 1847/3587/14123 3699/3590/14124 
f 893/3593/14125 3702/3588/14126 1847/3587/14127 3712/3592/14128 
f 895/3598/14129 3716/3599/14130 1848/3600/14131 3705/3601/14132 
f 892/3585/14133 3702/3588/14134 1848/3609/14135 3716/3610/14136 
f 893/3593/14137 3715/3611/14138 1848/3609/14139 3702/3588/14140 
f 896/3602/14141 3705/3601/14142 1848/3600/14143 3715/3603/14144 
f 898/3604/14145 3719/3605/14146 1849/3606/14147 3708/3607/14148 
f 895/3598/14149 3705/3601/14150 1849/3606/14151 3719/3605/14152 
f 896/3602/14153 3718/3608/14154 1849/3606/14155 3705/3601/14156 
f 899/3621/14157 3708/3607/14158 1849/3606/14159 3718/3608/14160 
f 889/3589/14161 3722/3612/14162 1850/3613/14163 3699/3590/14164 
f 898/3604/14165 3708/3607/14166 1850/3623/14167 3722/3624/14168 
f 899/3621/14169 3721/3626/14170 1850/3623/14171 3708/3607/14172 
f 890/3591/14173 3699/3590/14174 1850/3613/14175 3721/3614/14176 
f 894/3615/14177 3711/3616/14178 1851/3617/14179 3704/3618/14180 
f 891/3619/14181 3701/3620/14182 1851/3617/14183 3711/3616/14184 
f 885/3622/14185 3691/3625/14186 1851/3617/14187 3701/3620/14188 
f 886/4165/14189 3704/3618/14190 1851/3617/14191 3691/3625/14192 
f 893/3593/14193 3712/3592/14194 1852/4166/14195 3703/4167/14196 
f 890/3591/14197 3700/4168/14198 1852/4166/14199 3712/3592/14200 
f 891/3619/14201 3711/3616/14202 1852/4166/14203 3700/4168/14204 
f 894/3615/14205 3703/4167/14206 1852/4166/14207 3711/3616/14208 
f 889/3589/14209 3713/3586/14210 1853/4177/14211 3695/4178/14212 
f 892/3585/14213 3696/4179/14214 1853/4177/14215 3713/3586/14216 
f 882/3569/14217 3683/3564/14218 1853/4177/14219 3696/4179/14220 
f 881/3563/14221 3695/4178/14222 1853/4177/14223 3683/3564/14224 
f 897/3627/14225 3714/3628/14226 1854/3629/14227 3707/3630/14228 
f 894/3615/14229 3704/3618/14230 1854/4183/14231 3714/4184/14232 
f 886/4165/14233 3692/4185/14234 1854/4183/14235 3704/3618/14236 
f 887/2068/14237 3707/3630/14238 1854/3629/14239 3692/2069/14240 
f 896/3602/14241 3715/3603/14242 1855/3631/14243 3706/3632/14244 
f 893/3593/14245 3703/4167/14246 1855/4186/14247 3715/3611/14248 
f 894/3615/14249 3714/4184/14250 1855/4186/14251 3703/4167/14252 
f 897/3627/14253 3706/3632/14254 1855/3631/14255 3714/3628/14256 
f 892/3585/14257 3716/3610/14258 1856/4187/14259 3696/4179/14260 
f 895/3598/14261 3697/4153/14262 1856/4154/14263 3716/3599/14264 
f 883/3577/14265 3684/3580/14266 1856/4154/14267 3697/4153/14268 
f 882/3569/14269 3696/4179/14270 1856/4187/14271 3684/3573/14272 
f 900/4155/14273 3717/4161/14274 1857/4162/14275 3710/4163/14276 
f 897/3627/14277 3707/3630/14278 1857/4162/14279 3717/4161/14280 
f 887/2068/14281 3693/2067/14282 1857/4162/14283 3707/3630/14284 
f 888/2066/14285 3710/4163/14286 1857/4162/14287 3693/2067/14288 
f 899/3621/14289 3718/3608/14290 1858/4164/14291 3709/4169/14292 
f 896/3602/14293 3706/3632/14294 1858/4164/14295 3718/3608/14296 
f 897/3627/14297 3717/4161/14298 1858/4164/14299 3706/3632/14300 
f 900/4155/14301 3709/4169/14302 1858/4164/14303 3717/4161/14304 
f 895/3598/14305 3719/3605/14306 1859/4170/14307 3697/4153/14308 
f 898/3604/14309 3698/4171/14310 1859/4170/14311 3719/3605/14312 
f 884/3594/14313 3685/3581/14314 1859/4170/14315 3698/4171/14316 
f 883/3577/14317 3697/4153/14318 1859/4170/14319 3685/3581/14320 
f 891/3619/14321 3720/4188/14322 1860/4189/14323 3701/3620/14324 
f 900/4155/14325 3710/4163/14326 1860/4172/14327 3720/4173/14328 
f 888/2066/14329 3694/2063/14330 1860/4172/14331 3710/4163/14332 
f 885/3622/14333 3701/3620/14334 1860/4189/14335 3694/4190/14336 
f 890/3591/14337 3721/3614/14338 1861/4191/14339 3700/4168/14340 
f 899/3621/14341 3709/4169/14342 1861/4174/14343 3721/3626/14344 
f 900/4155/14345 3720/4173/14346 1861/4174/14347 3709/4169/14348 
f 891/3619/14349 3700/4168/14350 1861/4191/14351 3720/4188/14352 
f 898/3604/14353 3722/3624/14354 1862/4175/14355 3698/4171/14356 
f 889/3589/14357 3695/4178/14358 1862/4192/14359 3722/3612/14360 
f 881/3563/14361 3686/3584/14362 1862/4192/14363 3695/4178/14364 
f 884/3594/14365 3698/4171/14366 1862/4175/14367 3686/3596/14368 
f 358/3541/14369 2628/3542/14370 1863/3543/14371 3737/3544/14372 
f 802/3545/14373 3738/3546/14374 1863/3543/14375 2628/3542/14376 
f 902/3633/14377 3723/3634/14378 1863/3543/14379 3738/3546/14380 
f 901/3635/14381 3737/3544/14382 1863/3543/14383 3723/3634/14384 
f 802/3545/14385 3523/3636/14386 1864/3637/14387 3738/3546/14388 
f 803/3638/14389 3739/3639/14390 1864/3637/14391 3523/3636/14392 
f 903/3640/14393 3724/3641/14394 1864/3637/14395 3739/3639/14396 
f 902/3633/14397 3738/3546/14398 1864/3637/14399 3724/3641/14400 
f 803/3638/14401 3669/3642/14402 1865/3643/14403 3739/3639/14404 
f 875/3644/14405 3740/3645/14406 1865/3643/14407 3669/3642/14408 
f 904/3646/14409 3725/3647/14410 1865/3643/14411 3740/3645/14412 
f 903/3640/14413 3739/3639/14414 1865/3643/14415 3725/3647/14416 
f 875/3644/14417 3528/3648/14418 1866/3649/14419 3740/3645/14420 
f 528/3650/14421 3741/3680/14422 1866/3649/14423 3528/3648/14424 
f 905/3681/14425 3726/3683/14426 1866/3649/14427 3741/3680/14428 
f 904/3646/14429 3740/3645/14430 1866/3649/14431 3726/3683/14432 
f 528/3377/14433 3537/3378/14434 1867/3379/14435 3741/3380/14436 
f 880/3381/14437 3742/3559/14438 1867/3379/14439 3537/3378/14440 
f 906/3560/14441 3727/3651/14442 1867/3379/14443 3742/3559/14444 
f 905/3652/14445 3741/3380/14446 1867/3379/14447 3727/3651/14448 
f 880/3381/14449 3674/3653/14450 1868/3654/14451 3742/3559/14452 
f 808/3655/14453 3743/3656/14454 1868/3654/14455 3674/3653/14456 
f 907/3657/14457 3728/3658/14458 1868/3654/14459 3743/3656/14460 
f 906/3560/14461 3742/3559/14462 1868/3654/14463 3728/3658/14464 
f 808/3655/14465 3569/3659/14466 1869/3660/14467 3743/3656/14468 
f 822/3661/14469 3744/3662/14470 1869/3660/14471 3569/3659/14472 
f 908/3663/14473 3729/3664/14474 1869/3660/14475 3744/3662/14476 
f 907/3657/14477 3743/3656/14478 1869/3660/14479 3729/3664/14480 
f 822/3661/14481 3563/3665/14482 1870/3666/14483 3744/3662/14484 
f 823/3667/14485 3745/3668/14486 1870/3666/14487 3563/3665/14488 
f 909/3669/14489 3730/3670/14490 1870/3666/14491 3745/3668/14492 
f 908/3663/14493 3744/3662/14494 1870/3666/14495 3730/3670/14496 
f 823/4223/14497 2674/3671/14498 1871/3672/14499 3745/4224/14500 
f 382/3673/14501 3746/3674/14502 1871/3672/14503 2674/3671/14504 
f 910/3675/14505 3731/3676/14506 1871/3672/14507 3746/3674/14508 
f 909/4225/14509 3745/4224/14510 1871/3672/14511 3731/3676/14512 
f 382/3673/14513 2677/3677/14514 1872/3678/14515 3746/3674/14516 
f 364/3679/14517 3747/3682/14518 1872/3678/14519 2677/3677/14520 
f 911/3689/14521 3732/3690/14522 1872/3678/14523 3747/3682/14524 
f 910/3675/14525 3746/3674/14526 1872/3678/14527 3732/3690/14528 
f 364/3679/14529 2782/3691/14530 1873/3692/14531 3747/3682/14532 
f 438/3693/14533 3748/3694/14534 1873/3692/14535 2782/3691/14536 
f 912/3695/14537 3733/3696/14538 1873/3692/14539 3748/3694/14540 
f 911/3689/14541 3747/3682/14542 1873/3692/14543 3733/3696/14544 
f 438/3693/14545 2643/3697/14546 1874/3698/14547 3748/3694/14548 
f 93/3699/14549 3749/3700/14550 1874/3698/14551 2643/3697/14552 
f 913/3701/14553 3734/3702/14554 1874/3698/14555 3749/3700/14556 
f 912/3695/14557 3748/3694/14558 1874/3698/14559 3734/3702/14560 
f 93/3684/14561 2633/3685/14562 1875/3686/14563 3749/3687/14564 
f 432/3688/14565 3750/3794/14566 1875/3686/14567 2633/3685/14568 
f 914/3795/14569 3735/3798/14570 1875/3686/14571 3750/3794/14572 
f 913/3799/14573 3749/3687/14574 1875/3686/14575 3735/3798/14576 
f 432/3688/14577 2776/3800/14578 1876/3801/14579 3750/3794/14580 
f 358/3541/14581 3737/3544/14582 1876/3801/14583 2776/3800/14584 
f 901/3635/14585 3736/3802/14586 1876/3801/14587 3737/3544/14588 
f 914/3795/14589 3750/3794/14590 1876/3801/14591 3736/3802/14592 
f 913/3701/14593 2062/3703/14594 1877/3704/14595 3761/3705/14596 
f 91/3706/14597 3762/3707/14598 1877/3704/14599 2062/3703/14600 
f 916/3708/14601 3751/3709/14602 1877/3704/14603 3762/3707/14604 
f 915/3710/14605 3761/3705/14606 1877/3704/14607 3751/3709/14608 
f 91/3706/14609 2949/3711/14610 1878/3712/14611 3762/3707/14612 
f 905/3652/14613 3763/3713/14614 1878/3712/14615 2949/3711/14616 
f 917/3714/14617 3752/3715/14618 1878/3712/14619 3763/3713/14620 
f 916/3708/14621 3762/3707/14622 1878/3712/14623 3752/3715/14624 
f 905/3652/14625 3727/3651/14626 1879/3716/14627 3763/3713/14628 
f 906/3560/14629 3764/3717/14630 1879/3716/14631 3727/3651/14632 
f 918/3718/14633 3753/3719/14634 1879/3716/14635 3764/3717/14636 
f 917/3714/14637 3763/3713/14638 1879/3716/14639 3753/3719/14640 
f 906/3560/14641 3728/3658/14642 1880/3720/14643 3764/3717/14644 
f 907/3657/14645 3765/3721/14646 1880/3720/14647 3728/3658/14648 
f 919/3722/14649 3754/3723/14650 1880/3720/14651 3765/3721/14652 
f 918/3718/14653 3764/3717/14654 1880/3720/14655 3754/3723/14656 
f 907/3657/14657 3729/3664/14658 1881/3724/14659 3765/3721/14660 
f 908/3663/14661 3766/3725/14662 1881/3724/14663 3729/3664/14664 
f 920/3726/14665 3755/3727/14666 1881/3724/14667 3766/3725/14668 
f 919/3722/14669 3765/3721/14670 1881/3724/14671 3755/3727/14672 
f 908/3663/14673 3730/3670/14674 1882/3728/14675 3766/3725/14676 
f 909/3669/14677 3767/3729/14678 1882/3728/14679 3730/3670/14680 
f 921/3730/14681 3756/3731/14682 1882/3728/14683 3767/3729/14684 
f 920/3726/14685 3766/3725/14686 1882/3728/14687 3756/3731/14688 
f 909/4225/14689 3731/3676/14690 1883/3732/14691 3767/4226/14692 
f 910/3675/14693 3768/3733/14694 1883/3732/14695 3731/3676/14696 
f 922/3734/14697 3757/3735/14698 1883/3732/14699 3768/3733/14700 
f 921/4227/14701 3767/4226/14702 1883/3732/14703 3757/3735/14704 
f 910/3675/14705 3732/3690/14706 1884/3736/14707 3768/3733/14708 
f 911/3689/14709 3769/3737/14710 1884/3736/14711 3732/3690/14712 
f 923/3738/14713 3758/3739/14714 1884/3736/14715 3769/3737/14716 
f 922/3734/14717 3768/3733/14718 1884/3736/14719 3758/3739/14720 
f 911/3689/14721 3733/3696/14722 1885/3740/14723 3769/3737/14724 
f 912/3695/14725 3770/3741/14726 1885/3740/14727 3733/3696/14728 
f 924/3742/14729 3759/3743/14730 1885/3740/14731 3770/3741/14732 
f 923/3738/14733 3769/3737/14734 1885/3740/14735 3759/3743/14736 
f 912/3695/14737 3734/3702/14738 1886/3744/14739 3770/3741/14740 
f 913/3701/14741 3761/3705/14742 1886/3744/14743 3734/3702/14744 
f 915/3710/14745 3760/3745/14746 1886/3744/14747 3761/3705/14748 
f 924/3742/14749 3770/3741/14750 1886/3744/14751 3760/3745/14752 
f 915/3710/14753 3751/3709/14754 1887/3746/14755 3781/3747/14756 
f 916/3708/14757 3782/3748/14758 1887/3746/14759 3751/3709/14760 
f 936/3749/14761 3801/3750/14762 1887/3746/14763 3782/3748/14764 
f 935/3751/14765 3781/3747/14766 1887/3746/14767 3801/3750/14768 
f 916/3708/14769 3752/3715/14770 1888/3752/14771 3782/3748/14772 
f 917/3714/14773 3783/3753/14774 1888/3752/14775 3752/3715/14776 
f 937/3754/14777 3802/3755/14778 1888/3752/14779 3783/3753/14780 
f 936/3749/14781 3782/3748/14782 1888/3752/14783 3802/3755/14784 
f 917/3714/14785 3753/3719/14786 1889/3756/14787 3783/3753/14788 
f 918/3718/14789 3784/3757/14790 1889/3756/14791 3753/3719/14792 
f 938/3758/14793 3803/3759/14794 1889/3756/14795 3784/3757/14796 
f 937/3754/14797 3783/3753/14798 1889/3756/14799 3803/3759/14800 
f 918/3718/14801 3754/3723/14802 1890/3760/14803 3784/3757/14804 
f 919/3722/14805 3785/3761/14806 1890/3760/14807 3754/3723/14808 
f 939/3762/14809 3804/3763/14810 1890/3760/14811 3785/3761/14812 
f 938/3758/14813 3784/3757/14814 1890/3760/14815 3804/3763/14816 
f 919/3722/14817 3755/3727/14818 1891/3764/14819 3785/3761/14820 
f 920/3726/14821 3786/3765/14822 1891/3764/14823 3755/3727/14824 
f 940/3766/14825 3805/3767/14826 1891/3764/14827 3786/3765/14828 
f 939/3762/14829 3785/3761/14830 1891/3764/14831 3805/3767/14832 
f 920/3726/14833 3756/3731/14834 1892/3768/14835 3786/3765/14836 
f 921/3730/14837 3787/3769/14838 1892/3768/14839 3756/3731/14840 
f 941/3770/14841 3806/3771/14842 1892/3768/14843 3787/3769/14844 
f 940/3766/14845 3786/3765/14846 1892/3768/14847 3806/3771/14848 
f 921/4227/14849 3757/3735/14850 1893/3772/14851 3787/4228/14852 
f 922/3734/14853 3788/3773/14854 1893/3772/14855 3757/3735/14856 
f 942/3774/14857 3807/3775/14858 1893/3772/14859 3788/3773/14860 
f 941/4229/14861 3787/4228/14862 1893/3772/14863 3807/3775/14864 
f 922/3734/14865 3758/3739/14866 1894/3776/14867 3788/3773/14868 
f 923/3738/14869 3789/3777/14870 1894/3776/14871 3758/3739/14872 
f 943/3778/14873 3808/3779/14874 1894/3776/14875 3789/3777/14876 
f 942/3774/14877 3788/3773/14878 1894/3776/14879 3808/3779/14880 
f 923/3738/14881 3759/3743/14882 1895/3780/14883 3789/3777/14884 
f 924/3742/14885 3790/3781/14886 1895/3780/14887 3759/3743/14888 
f 944/3782/14889 3809/3783/14890 1895/3780/14891 3790/3781/14892 
f 943/3778/14893 3789/3777/14894 1895/3780/14895 3809/3783/14896 
f 924/3742/14897 3760/3745/14898 1896/3784/14899 3790/3781/14900 
f 915/3710/14901 3781/3747/14902 1896/3784/14903 3760/3745/14904 
f 935/3751/14905 3810/3785/14906 1896/3784/14907 3781/3747/14908 
f 944/3782/14909 3790/3781/14910 1896/3784/14911 3810/3785/14912 
f 936/3749/14913 3792/3786/14914 1897/3787/14915 3801/3750/14916 
f 926/1618/14917 3771/384/14918 1897/3787/14919 3792/3786/14920 
f 925/382/14921 3791/3788/14922 1897/3787/14923 3771/384/14924 
f 935/3751/14925 3801/3750/14926 1897/3787/14927 3791/3788/14928 
f 937/3754/14929 3793/3789/14930 1898/3790/14931 3802/3755/14932 
f 927/1683/14933 3772/1874/14934 1898/3790/14935 3793/3789/14936 
f 926/1618/14937 3792/3786/14938 1898/3790/14939 3772/1874/14940 
f 936/3749/14941 3802/3755/14942 1898/3790/14943 3792/3786/14944 
f 938/3758/14945 3794/3791/14946 1899/3792/14947 3803/3759/14948 
f 928/1876/14949 3773/1684/14950 1899/3792/14951 3794/3791/14952 
f 927/1683/14953 3793/3789/14954 1899/3792/14955 3773/1684/14956 
f 937/3754/14957 3803/3759/14958 1899/3792/14959 3793/3789/14960 
f 939/3762/14961 3795/3793/14962 1900/3796/14963 3804/3763/14964 
f 929/1878/14965 3774/3376/14966 1900/3796/14967 3795/3793/14968 
f 928/1876/14969 3794/3791/14970 1900/3796/14971 3774/3376/14972 
f 938/3758/14973 3804/3763/14974 1900/3796/14975 3794/3791/14976 
f 940/3766/14977 3796/3797/14978 1901/3813/14979 3805/3767/14980 
f 930/3331/14981 3775/3328/14982 1901/3813/14983 3796/3797/14984 
f 929/1878/14985 3795/3793/14986 1901/3813/14987 3775/3328/14988 
f 939/3762/14989 3805/3767/14990 1901/3813/14991 3795/3793/14992 
f 941/3770/14993 3797/3814/14994 1902/3829/14995 3806/3771/14996 
f 931/1677/14997 3776/3332/14998 1902/3829/14999 3797/3814/15000 
f 930/3331/15001 3796/3797/15002 1902/3829/15003 3776/3332/15004 
f 940/3766/15005 3806/3771/15006 1902/3829/15007 3796/3797/15008 
f 942/3774/15009 3798/3830/15010 1903/3831/15011 3807/3775/15012 
f 932/1679/15013 3777/1678/15014 1903/3831/15015 3798/3830/15016 
f 931/1677/15017 3797/3814/15018 1903/3831/15019 3777/1678/15020 
f 941/4229/15021 3807/3775/15022 1903/3831/15023 3797/3814/15024 
f 943/3778/15025 3799/3832/15026 1904/3833/15027 3808/3779/15028 
f 933/1623/15029 3778/1626/15030 1904/3833/15031 3799/3832/15032 
f 932/1679/15033 3798/3830/15034 1904/3833/15035 3778/1626/15036 
f 942/3774/15037 3808/3779/15038 1904/3833/15039 3798/3830/15040 
f 944/3782/15041 3800/3836/15042 1905/4176/15043 3809/3783/15044 
f 934/1622/15045 3779/1682/15046 1905/4176/15047 3800/3836/15048 
f 933/1623/15049 3799/3832/15050 1905/4176/15051 3779/1682/15052 
f 943/3778/15053 3809/3783/15054 1905/4176/15055 3799/3832/15056 
f 935/3751/15057 3791/3788/15058 1906/4180/15059 3810/3785/15060 
f 925/382/15061 3780/1616/15062 1906/4180/15063 3791/3788/15064 
f 934/1622/15065 3800/3836/15066 1906/4180/15067 3780/1616/15068 
f 944/3782/15069 3810/3785/15070 1906/4180/15071 3800/3836/15072 
f 91/3706/15073 2062/3703/15074 1907/4181/15075 3819/4182/15076 
f 913/3701/15077 3820/4193/15078 1907/4181/15079 2062/3703/15080 
f 946/4194/15081 3811/4195/15082 1907/4181/15083 3820/4193/15084 
f 945/4196/15085 3819/4182/15086 1907/4181/15087 3811/4195/15088 
f 913/3799/15089 3735/3798/15090 1908/3803/15091 3820/3804/15092 
f 914/3795/15093 3821/3805/15094 1908/3803/15095 3735/3798/15096 
f 947/1580/15097 3812/3806/15098 1908/3803/15099 3821/3805/15100 
f 946/3807/15101 3820/3804/15102 1908/3803/15103 3812/3806/15104 
f 914/3795/15105 3736/3802/15106 1909/3808/15107 3821/3805/15108 
f 901/3635/15109 3822/3809/15110 1909/3808/15111 3736/3802/15112 
f 948/1690/15113 3813/1583/15114 1909/3808/15115 3822/3809/15116 
f 947/1580/15117 3821/3805/15118 1909/3808/15119 3813/1583/15120 
f 901/3635/15121 3723/3634/15122 1910/3810/15123 3822/3809/15124 
f 902/3633/15125 3823/3811/15126 1910/3810/15127 3723/3634/15128 
f 949/1854/15129 3814/1853/15130 1910/3810/15131 3823/3811/15132 
f 948/1690/15133 3822/3809/15134 1910/3810/15135 3814/1853/15136 
f 902/3633/15137 3724/3641/15138 1911/3812/15139 3823/3811/15140 
f 903/3640/15141 3824/3815/15142 1911/3812/15143 3724/3641/15144 
f 950/3295/15145 3815/3294/15146 1911/3812/15147 3824/3815/15148 
f 949/1854/15149 3823/3811/15150 1911/3812/15151 3815/3294/15152 
f 903/3640/15153 3725/3647/15154 1912/3816/15155 3824/3815/15156 
f 904/3646/15157 3825/3817/15158 1912/3816/15159 3725/3647/15160 
f 951/3290/15161 3816/3293/15162 1912/3816/15163 3825/3817/15164 
f 950/3295/15165 3824/3815/15166 1912/3816/15167 3816/3293/15168 
f 904/3646/15169 3726/3683/15170 1913/3818/15171 3825/3817/15172 
f 905/3681/15173 3826/3819/15174 1913/3818/15175 3726/3683/15176 
f 952/3820/15177 3817/3821/15178 1913/3818/15179 3826/3819/15180 
f 951/3290/15181 3825/3817/15182 1913/3818/15183 3817/3821/15184 
f 905/3652/15185 2949/3711/15186 1914/4197/15187 3826/4198/15188 
f 91/3706/15189 3819/4182/15190 1914/4197/15191 2949/3711/15192 
f 945/4196/15193 3818/4199/15194 1914/4197/15195 3819/4182/15196 
f 952/4200/15197 3826/4198/15198 1914/4197/15199 3818/4199/15200 
f 947/1580/15201 2784/1687/15202 1915/3822/15203 3833/3823/15204 
f 874/1856/15205 3834/3824/15206 1915/3822/15207 2784/1687/15208 
f 960/3825/15209 3845/3826/15210 1915/3822/15211 3834/3824/15212 
f 959/3827/15213 3833/3823/15214 1915/3822/15215 3845/3826/15216 
f 874/1856/15217 3675/3291/15218 1916/3828/15219 3834/3824/15220 
f 951/3290/15221 3835/3834/15222 1916/3828/15223 3675/3291/15224 
f 961/3835/15225 3846/3837/15226 1916/3828/15227 3835/3834/15228 
f 960/3825/15229 3834/3824/15230 1916/3828/15231 3846/3837/15232 
f 951/3290/15233 3817/3821/15234 1917/3838/15235 3835/3834/15236 
f 952/3820/15237 3836/3839/15238 1917/3838/15239 3817/3821/15240 
f 962/3840/15241 3847/3841/15242 1917/3838/15243 3836/3839/15244 
f 961/3835/15245 3835/3834/15246 1917/3838/15247 3847/3841/15248 
f 952/4200/15249 3818/4199/15250 1918/4201/15251 3836/4202/15252 
f 945/4196/15253 3837/4203/15254 1918/4201/15255 3818/4199/15256 
f 963/4204/15257 3848/4205/15258 1918/4201/15259 3837/4203/15260 
f 962/4206/15261 3836/4202/15262 1918/4201/15263 3848/4205/15264 
f 945/4196/15265 3811/4195/15266 1919/4207/15267 3837/4203/15268 
f 946/4194/15269 3838/4208/15270 1919/4207/15271 3811/4195/15272 
f 964/4209/15273 3849/4210/15274 1919/4207/15275 3838/4208/15276 
f 963/4204/15277 3837/4203/15278 1919/4207/15279 3849/4210/15280 
f 946/3807/15281 3812/3806/15282 1920/3842/15283 3838/3843/15284 
f 947/1580/15285 3833/3823/15286 1920/3842/15287 3812/3806/15288 
f 959/3827/15289 3850/3844/15290 1920/3842/15291 3833/3823/15292 
f 964/3845/15293 3838/3843/15294 1920/3842/15295 3850/3844/15296 
f 960/3825/15297 3840/3846/15298 1921/3847/15299 3845/3826/15300 
f 954/1579/15301 3827/1578/15302 1921/3847/15303 3840/3846/15304 
f 953/1577/15305 3839/3848/15306 1921/3847/15307 3827/1578/15308 
f 959/3827/15309 3845/3826/15310 1921/3847/15311 3839/3848/15312 
f 961/3835/15313 3841/3849/15314 1922/3850/15315 3846/3837/15316 
f 955/1860/15317 3828/1859/15318 1922/3850/15319 3841/3849/15320 
f 954/1579/15321 3840/3846/15322 1922/3850/15323 3828/1859/15324 
f 960/3825/15325 3846/3837/15326 1922/3850/15327 3840/3846/15328 
f 962/3840/15329 3842/4216/15330 1923/4217/15331 3847/3841/15332 
f 956/1864/15333 3829/1861/15334 1923/4217/15335 3842/4216/15336 
f 955/1860/15337 3841/3849/15338 1923/4217/15339 3829/1861/15340 
f 961/3835/15341 3847/3841/15342 1923/4217/15343 3841/3849/15344 
f 963/4204/15345 3843/4211/15346 1924/4212/15347 3848/4205/15348 
f 957/1571/15349 3830/1858/15350 1924/4218/15351 3843/4219/15352 
f 956/1864/15353 3842/4216/15354 1924/4218/15355 3830/1858/15356 
f 962/4206/15357 3848/4205/15358 1924/4212/15359 3842/4213/15360 
f 964/4209/15361 3844/4214/15362 1925/4215/15363 3849/4210/15364 
f 958/1575/15365 3831/1572/15366 1925/4220/15367 3844/4221/15368 
f 957/1571/15369 3843/4219/15370 1925/4220/15371 3831/1572/15372 
f 963/4204/15373 3849/4210/15374 1925/4215/15375 3843/4211/15376 
f 959/3827/15377 3839/3848/15378 1926/4222/15379 3850/3844/15380 
f 953/1577/15381 3832/1576/15382 1926/4222/15383 3839/3848/15384 
f 958/1575/15385 3844/4221/15386 1926/4222/15387 3832/1576/15388 
f 964/3845/15389 3850/3844/15390 1926/4222/15391 3844/4221/15392 
# 3848 polygons

