# Blender 3.6.9
# www.blender.org
mtllib 06_Pebble Stack.mtl
g rock_rock
v -0.292492 -1.493639 1.240108
v 3.513515 -1.476559 1.205117
v 2.119235 0.102020 1.527747
v 0.069077 -1.425132 -1.068536
v 3.576045 -1.437412 -1.248869
v 2.264935 0.188949 -1.345578
v 1.785340 0.473289 0.065384
v 1.711367 -2.281085 0.021905
v 0.452833 -1.887843 1.633799
v 1.578111 -1.969983 1.702410
v 2.616850 -1.695832 1.357463
v 0.484408 -0.920969 1.473825
v 1.170112 -0.431355 1.573341
v 1.729894 -0.061554 1.638436
v -0.703604 -1.601645 0.631994
v -0.862385 -1.632655 -0.006235
v -0.615697 -1.576162 -0.644882
v 0.951010 -1.482734 -1.131264
v 1.763593 -1.604172 -1.454007
v 2.641830 -1.586098 -1.428745
v 0.711176 -0.862571 -1.285077
v 1.309114 -0.412742 -1.389048
v 1.885135 -0.062810 -1.341821
v 3.526136 -0.806200 0.830368
v 3.158987 -0.316750 0.535053
v 2.501584 -0.065646 0.312124
v 0.050365 -1.866641 0.910036
v 0.539711 -2.133391 0.631325
v 1.130858 -2.281353 0.329792
v 3.174066 -0.922043 1.421471
v 2.845063 -0.457455 1.504669
v 2.463042 -0.103795 1.553513
v 3.141543 -1.993338 -0.938032
v 2.698026 -2.206011 -0.604327
v 2.222289 -2.262414 -0.299189
v 4.007101 -1.568239 0.647823
v 4.007864 -1.568917 0.019975
v 3.885446 -1.519806 -0.574258
v -0.201229 -0.789565 0.949038
v 0.269162 -0.307482 0.605119
v 0.829929 0.181196 0.295693
v 2.234439 0.563889 -1.239351
v 2.120787 0.900524 -0.845452
v 1.939382 0.799153 -0.319996
v 3.180909 -1.958761 0.917650
v 2.760435 -2.184686 0.637045
v 2.265426 -2.332418 0.335575
v 2.081556 0.284691 1.270673
v 2.006762 0.503957 0.929526
v 1.880535 0.500620 0.513731
v -0.054253 -0.726607 -0.922689
v 0.423341 -0.333818 -0.543701
v 0.972754 0.032519 -0.282819
v 3.233834 -0.865776 -1.404106
v 2.915444 -0.398588 -1.431958
v 2.569567 -0.036290 -1.408942
v 0.275112 -1.844729 -0.789872
v 0.679238 -1.982168 -0.535754
v 1.170781 -2.127981 -0.276924
v 3.668476 -0.672298 -0.803857
v 3.222073 -0.230182 -0.480110
v 2.622791 0.112229 -0.221955
v 1.933670 -0.903307 1.718769
v 0.977998 -1.167210 1.849401
v 1.791484 -1.291391 1.735649
v 2.566403 -1.199032 1.502249
v 2.407987 -0.725706 1.639444
v 2.068329 -0.364465 1.693862
v 1.538773 -0.685676 1.834939
v 1.641958 -2.266659 0.980971
v 0.728497 -2.140569 1.157794
v 1.133803 -2.184569 0.850902
v 1.684472 -2.302498 0.593923
v 2.175184 -2.165193 0.853013
v 2.462845 -1.964249 1.118209
v 1.614058 -2.250468 1.245689
v -0.067058 -2.133482 0.034872
v -0.261823 -2.116617 -0.514180
v 0.215683 -2.194746 -0.258878
v 0.643023 -2.284558 0.012506
v 0.142168 -2.087826 0.313169
v -0.319215 -1.916949 0.503655
v -0.453089 -2.049725 0.024099
v 1.678837 -2.030996 -0.957799
v 0.981874 -1.694772 -0.918083
v 1.693814 -1.883673 -1.199391
v 2.469646 -1.980048 -1.176851
v 2.143423 -2.059107 -0.817805
v 1.690036 -2.141440 -0.553700
v 1.231411 -1.922941 -0.771103
v 3.359565 -2.121514 0.012619
v 3.607953 -2.055470 0.526132
v 3.175917 -2.326063 0.309316
v 2.725350 -2.340706 0.013970
v 3.134406 -2.205492 -0.288332
v 3.526036 -1.938033 -0.479618
v 3.716090 -1.986065 0.008916
v 2.018457 -0.853315 -1.440199
v 1.203472 -1.110697 -1.455834
v 1.679601 -0.676263 -1.462773
v 2.166074 -0.367651 -1.411211
v 2.461219 -0.682532 -1.471784
v 2.618327 -1.108981 -1.518661
v 1.898949 -1.183705 -1.490910
v 2.907684 0.077237 0.962410
v 3.307314 -0.483130 1.074844
v 3.000238 -0.101278 0.775022
v 2.487881 0.198447 0.596915
v 2.543758 0.321104 0.914911
v 2.578197 0.180639 1.288713
v 2.989127 -0.129449 1.250801
v 3.604257 -0.644796 0.017407
v 3.754874 -0.980128 0.462658
v 3.957582 -0.965562 0.026438
v 3.892481 -0.862847 -0.439563
v 3.450332 -0.431847 -0.215981
v 2.904521 -0.236526 0.011001
v 3.356032 -0.546924 0.252690
v 2.962406 0.152880 -0.886594
v 3.341256 -0.417394 -1.022437
v 3.007290 -0.092782 -1.144791
v 2.695295 0.302002 -1.199122
v 2.743079 0.573410 -0.812657
v 2.633152 0.413928 -0.449120
v 3.065550 -0.010616 -0.706559
v 0.971386 0.167669 1.120067
v 0.423955 -0.508607 1.149469
v 0.976967 -0.095182 1.361041
v 1.542018 0.255690 1.429020
v 1.387752 0.507509 1.067690
v 1.106742 0.504033 0.655227
v 0.678200 -0.055013 0.879460
v -0.394835 -0.634600 0.001302
v -0.613545 -0.955755 0.523679
v -0.171763 -0.458621 0.291759
v 0.472551 -0.270579 0.025683
v -0.061114 -0.503067 -0.274257
v -0.531266 -0.920446 -0.526937
v -0.728502 -1.022615 -0.007188
v 1.122213 0.159405 -1.019407
v 0.571168 -0.461953 -1.087315
v 0.828064 -0.077862 -0.790454
v 1.238439 0.420890 -0.588243
v 1.455955 0.598985 -1.003651
v 1.680059 0.306391 -1.285911
v 1.106935 -0.051271 -1.278197
v -0.133343 -1.606872 1.324849
v 0.038421 -1.710662 1.427900
v 0.208585 -1.821287 1.561319
v 0.725541 -1.919386 1.661102
v 0.999240 -1.950840 1.688848
v 1.285369 -1.995464 1.740110
v 1.847783 -1.887521 1.586772
v 2.110361 -1.810407 1.484058
v 2.374332 -1.748817 1.410009
v 2.834828 -1.654124 1.302457
v 3.058919 -1.612745 1.257374
v 3.284787 -1.562512 1.232055
v -0.095078 -1.285387 1.369740
v 0.066570 -1.126744 1.511619
v 0.285317 -1.024105 1.487823
v 0.659980 -0.795815 1.497259
v 0.816817 -0.652078 1.551921
v 0.992184 -0.534404 1.571240
v 1.313038 -0.313044 1.624668
v 1.461794 -0.213318 1.648897
v 1.593795 -0.125338 1.667138
v 1.851000 -0.017435 1.589439
v 1.960144 0.033753 1.568092
v 2.054158 0.077871 1.551318
v -0.459240 -1.539335 1.084111
v -0.556177 -1.568504 0.929114
v -0.635441 -1.588551 0.782130
v -0.776275 -1.616306 0.483035
v -0.824600 -1.625315 0.324998
v -0.875760 -1.635988 0.162888
v -0.818780 -1.624199 -0.167700
v -0.727395 -1.608648 -0.313362
v -0.670952 -1.593861 -0.471478
v -0.514743 -1.551798 -0.803493
v -0.349958 -1.516540 -0.907726
v -0.150418 -1.470344 -0.940918
v 0.334113 -1.456210 -1.072187
v 0.560805 -1.455713 -1.063744
v 0.768443 -1.456145 -1.071710
v 1.134102 -1.514305 -1.220942
v 1.340140 -1.539049 -1.295450
v 1.549287 -1.568621 -1.373156
v 1.987386 -1.614205 -1.493720
v 2.208767 -1.601834 -1.474204
v 2.425264 -1.590067 -1.440047
v 2.861359 -1.587232 -1.435270
v 3.085909 -1.578735 -1.419905
v 3.322091 -1.544713 -1.371593
v 0.258687 -1.260723 -1.114745
v 0.414617 -1.126659 -1.192422
v 0.563552 -0.995122 -1.244638
v 0.848034 -0.736461 -1.356905
v 0.975736 -0.612019 -1.448834
v 1.144091 -0.510290 -1.418297
v 1.472640 -0.314375 -1.397410
v 1.621802 -0.231077 -1.351571
v 1.758716 -0.144459 -1.353278
v 2.001922 0.015001 -1.339951
v 2.112312 0.084926 -1.315432
v 2.203447 0.144547 -1.319849
v 3.613550 -1.253806 1.123779
v 3.604845 -1.097919 1.012226
v 3.587615 -0.942281 0.923029
v 3.414328 -0.702902 0.745058
v 3.305146 -0.596296 0.674102
v 3.216297 -0.470675 0.606027
v 3.009875 -0.221610 0.467860
v 2.826390 -0.190496 0.427034
v 2.665750 -0.119830 0.369148
v 2.365103 0.030650 0.244389
v 2.231102 0.158219 0.171202
v 2.079524 0.315219 0.107124
v -0.262416 -1.725873 1.153501
v -0.150802 -1.801262 1.054225
v -0.055998 -1.845654 0.981100
v 0.145579 -1.957699 0.846632
v 0.284159 -1.976807 0.769986
v 0.407227 -2.053724 0.701782
v 0.683765 -2.208929 0.557500
v 0.835314 -2.227861 0.482088
v 0.983410 -2.245356 0.405821
v 1.279190 -2.309380 0.250116
v 1.425985 -2.339292 0.171471
v 1.572133 -2.323897 0.094405
v 3.385870 -1.299737 1.244038
v 3.308387 -1.173624 1.312191
v 3.249401 -1.053684 1.393136
v 3.119987 -0.797347 1.496425
v 3.041000 -0.668695 1.527547
v 2.948647 -0.552842 1.535991
v 2.754450 -0.354149 1.527761
v 2.653301 -0.266388 1.522891
v 2.556999 -0.182980 1.535770
v 2.369912 -0.023140 1.570523
v 2.273520 0.045689 1.569790
v 2.182749 0.078785 1.541188
v 3.447047 -1.660018 -1.173932
v 3.331070 -1.785483 -1.085647
v 3.228178 -1.880969 -1.004795
v 3.040840 -2.088167 -0.860150
v 2.931480 -2.148037 -0.772551
v 2.817404 -2.178029 -0.684717
v 2.579452 -2.226239 -0.527462
v 2.458660 -2.254463 -0.454993
v 2.342164 -2.251219 -0.375627
v 2.100461 -2.252648 -0.214928
v 1.975161 -2.247684 -0.132585
v 1.845142 -2.248205 -0.052143
v 3.697010 -1.510939 1.088965
v 3.842582 -1.537416 0.966825
v 3.955961 -1.556848 0.822491
v 3.996301 -1.567751 0.473828
v 4.031821 -1.575230 0.319914
v 4.033086 -1.573583 0.166313
v 3.998904 -1.563752 -0.132362
v 3.961378 -1.550486 -0.278175
v 3.896523 -1.528090 -0.413794
v 3.811213 -1.492739 -0.720217
v 3.750283 -1.470070 -0.877723
v 3.679145 -1.449654 -1.046215
v -0.315734 -1.256302 1.179811
v -0.313443 -1.075273 1.118809
v -0.314917 -0.889235 1.074779
v -0.089356 -0.679129 0.848392
v 0.037636 -0.574641 0.752454
v 0.160138 -0.453578 0.671396
v 0.373339 -0.150348 0.540776
v 0.503637 -0.017840 0.461035
v 0.651961 0.098966 0.370168
v 1.016293 0.261520 0.232269
v 1.196584 0.382879 0.163295
v 1.431759 0.481190 0.115658
v 2.267903 0.261578 -1.320233
v 2.262068 0.356865 -1.295433
v 2.250403 0.458132 -1.270268
v 2.213625 0.656143 -1.169731
v 2.187808 0.758404 -1.095625
v 2.157700 0.853517 -0.988929
v 2.079462 0.962354 -0.696132
v 2.033635 0.963151 -0.536245
v 1.984416 0.858350 -0.428935
v 1.895199 0.720146 -0.217295
v 1.854891 0.638122 -0.103574
v 1.815076 0.536347 -0.019761
v 3.433857 -1.674185 1.111471
v 3.356847 -1.809332 1.067010
v 3.271550 -1.890106 0.992230
v 3.083576 -2.021009 0.845957
v 2.980946 -2.089290 0.781190
v 2.872418 -2.140537 0.709105
v 2.643357 -2.208657 0.557362
v 2.521408 -2.249876 0.484597
v 2.394196 -2.277441 0.406941
v 2.127856 -2.371598 0.248237
v 1.990548 -2.333132 0.169879
v 1.852344 -2.332474 0.086824
v 2.115938 0.140834 1.476634
v 2.106074 0.178006 1.403275
v 2.095607 0.231937 1.339955
v 2.069931 0.365040 1.214302
v 2.053589 0.432918 1.134770
v 2.030685 0.470461 1.033605
v 1.977674 0.517453 0.823061
v 1.949374 0.537193 0.717181
v 1.914912 0.522234 0.614900
v 1.844226 0.466771 0.411977
v 1.817737 0.459091 0.298830
v 1.796732 0.456054 0.179564
v -0.020203 -1.237447 -1.032748
v -0.050727 -1.071569 -0.999839
v -0.079305 -0.898306 -0.990830
v 0.040051 -0.609097 -0.809558
v 0.155606 -0.513354 -0.707534
v 0.288138 -0.435223 -0.619955
v 0.587013 -0.287786 -0.469055
v 0.743472 -0.229339 -0.406997
v 0.861918 -0.112463 -0.348170
v 1.081346 0.194388 -0.204569
v 1.222662 0.350942 -0.113026
v 1.433569 0.478651 -0.009048
v 3.508287 -1.270432 -1.348812
v 3.411666 -1.125713 -1.378275
v 3.322583 -0.993336 -1.397037
v 3.146592 -0.744385 -1.404907
v 3.062908 -0.631299 -1.403159
v 2.993336 -0.511712 -1.425370
v 2.827093 -0.298556 -1.422588
v 2.735678 -0.213071 -1.402343
v 2.658993 -0.116730 -1.426810
v 2.485233 0.032378 -1.384230
v 2.402231 0.097434 -1.380361
v 2.324527 0.153180 -1.363558
v 0.087522 -1.611212 -1.027002
v 0.142254 -1.721326 -0.948597
v 0.203516 -1.787184 -0.861140
v 0.363967 -1.913212 -0.739431
v 0.463070 -1.954522 -0.675529
v 0.570028 -1.979895 -0.609221
v 0.793225 -1.997060 -0.469547
v 0.915348 -2.055231 -0.414975
v 1.044078 -2.062821 -0.336043
v 1.306555 -2.155875 -0.195899
v 1.441993 -2.201052 -0.120588
v 1.576274 -2.254350 -0.048149
v 3.733052 -1.175619 -1.150702
v 3.747909 -0.979960 -1.012442
v 3.725779 -0.820396 -0.906142
v 3.593237 -0.528445 -0.712025
v 3.483729 -0.414739 -0.622516
v 3.372764 -0.302733 -0.540723
v 3.086202 -0.133002 -0.413693
v 2.953018 -0.022208 -0.327243
v 2.777834 0.035682 -0.285575
v 2.463495 0.185967 -0.159674
v 2.294846 0.263436 -0.097096
v 2.107328 0.364799 -0.013573
v 1.167359 -1.219924 1.910774
v 1.380346 -1.261531 1.905438
v 1.591131 -1.286080 1.832972
v 2.548323 -1.081655 1.565089
v 2.513433 -0.958272 1.597060
v 2.464677 -0.835581 1.608939
v 1.944605 -0.430792 1.741076
v 1.808559 -0.510331 1.742060
v 1.673866 -0.594848 1.773380
v 1.986995 -1.279413 1.639683
v 2.182442 -1.257051 1.564727
v 2.386467 -1.238506 1.543883
v 2.333452 -0.624324 1.651546
v 2.252629 -0.534841 1.676285
v 2.169640 -0.442769 1.718631
v 1.390689 -0.783509 1.900006
v 1.251225 -0.908662 1.863202
v 1.115954 -1.037374 1.845663
v 1.914382 -0.970525 1.729133
v 1.879706 -1.066293 1.730033
v 1.831684 -1.171718 1.713600
v 2.022074 -0.871443 1.690529
v 2.146523 -0.828471 1.672889
v 2.276352 -0.778459 1.648914
v 1.861699 -0.866859 1.747993
v 1.759116 -0.813256 1.771337
v 1.647357 -0.754513 1.782535
v 0.573149 -1.589958 1.775130
v 0.711540 -1.438985 1.819440
v 0.842465 -1.303964 1.847220
v 1.627465 -1.674034 1.754590
v 1.682805 -1.539284 1.739225
v 1.741582 -1.415164 1.743716
v 0.567565 -0.997494 1.564686
v 0.686528 -1.071869 1.640946
v 0.825658 -1.128743 1.728086
v 3.041128 -1.017912 1.460818
v 2.886953 -1.081541 1.448908
v 2.732477 -1.143582 1.469097
v 2.760800 -0.528979 1.570901
v 2.657513 -0.598646 1.621555
v 2.533469 -0.664145 1.615971
v 2.598821 -1.552151 1.360907
v 2.588812 -1.434007 1.396347
v 2.581604 -1.320795 1.454212
v 1.800439 -0.147305 1.651752
v 1.884482 -0.217478 1.685439
v 1.972107 -0.295655 1.679378
v 1.237742 -0.494521 1.655170
v 1.317644 -0.550280 1.744126
v 1.416890 -0.609046 1.833828
v 2.388062 -0.176067 1.594684
v 2.294555 -0.240535 1.636040
v 2.182556 -0.306108 1.651306
v 0.813651 -2.171095 1.074910
v 0.910723 -2.197645 0.995179
v 1.019193 -2.169785 0.918835
v 1.824102 -2.314056 0.666642
v 1.952042 -2.252053 0.726370
v 2.070314 -2.207773 0.788788
v 2.264468 -2.015327 1.158353
v 2.043135 -2.050905 1.181742
v 1.825502 -2.117977 1.210565
v 1.261024 -2.210157 0.784950
v 1.400466 -2.223341 0.721916
v 1.543029 -2.257633 0.657968
v 2.267136 -2.126876 0.922163
v 2.340896 -2.067085 0.986232
v 2.407656 -2.021561 1.054656
v 1.379289 -2.209155 1.228223
v 1.154873 -2.191926 1.211363
v 0.936504 -2.187595 1.190075
v 1.549019 -2.256384 0.958409
v 1.429677 -2.199908 0.927101
v 1.279894 -2.225150 0.894440
v 1.738014 -2.235785 0.959288
v 1.876103 -2.219647 0.932320
v 2.021760 -2.184134 0.894216
v 1.635956 -2.261930 1.027032
v 1.627179 -2.248567 1.089218
v 1.619246 -2.244853 1.161961
v 0.182114 -1.947773 0.994677
v 0.345050 -2.031266 1.060391
v 0.535716 -2.086596 1.114618
v 0.672301 -2.209816 0.698785
v 0.831135 -2.185226 0.750813
v 0.982550 -2.191099 0.804857
v 0.506238 -2.065575 1.419069
v 0.579528 -2.096976 1.318369
v 0.648974 -2.133640 1.244351
v 2.126192 -2.311313 0.400526
v 1.983046 -2.318881 0.468569
v 1.833437 -2.324623 0.532819
v 2.626079 -2.176305 0.706900
v 2.478089 -2.169965 0.764927
v 2.323995 -2.143947 0.801892
v 1.266249 -2.286197 0.401618
v 1.407203 -2.291209 0.467127
v 1.551698 -2.280174 0.529152
v 2.589528 -1.784345 1.295938
v 2.554236 -1.851168 1.241636
v 2.511069 -1.907458 1.180328
v 1.587686 -2.160553 1.492919
v 1.594150 -2.184214 1.388401
v 1.604210 -2.217977 1.320939
v 3.014889 -1.920588 0.963634
v 2.836474 -1.928830 1.026015
v 2.652450 -1.941542 1.077774
v -0.140902 -2.188329 -0.456638
v -0.013793 -2.198472 -0.386968
v 0.103908 -2.189490 -0.320885
v 0.510974 -2.253235 0.101770
v 0.389321 -2.183147 0.176922
v 0.265330 -2.138619 0.248642
v -0.370038 -1.915437 0.380274
v -0.414468 -1.962995 0.270300
v -0.441324 -2.002523 0.150155
v 0.322537 -2.180198 -0.189906
v 0.428586 -2.197395 -0.124818
v 0.534078 -2.233556 -0.058667
v 0.022274 -2.030365 0.366345
v -0.096631 -1.986389 0.416061
v -0.210704 -1.947217 0.461032
v -0.438700 -2.078021 -0.111267
v -0.401728 -2.101415 -0.246402
v -0.341671 -2.112900 -0.382418
v -0.025653 -2.160865 -0.016165
v 0.038363 -2.194038 -0.088260
v 0.120555 -2.218909 -0.175648
v -0.037667 -2.125968 0.087413
v 0.007998 -2.116491 0.158150
v 0.067644 -2.105596 0.235660
v -0.138841 -2.124581 0.034597
v -0.236070 -2.101016 0.030871
v -0.341307 -2.075815 0.027804
v 0.122861 -1.921028 -0.751130
v -0.017754 -1.998857 -0.695686
v -0.146727 -2.070130 -0.620444
v 0.553613 -2.048809 -0.476989
v 0.431616 -2.091634 -0.401696
v 0.316606 -2.122515 -0.323297
v -0.592837 -1.801354 -0.664644
v -0.497910 -1.964256 -0.636885
v -0.398928 -2.087621 -0.599161
v 1.003375 -2.291362 0.254811
v 0.878517 -2.328294 0.173486
v 0.759080 -2.295388 0.093048
v 0.424334 -2.099009 0.555805
v 0.317729 -2.098316 0.477973
v 0.224287 -2.092249 0.395172
v 1.038473 -2.149364 -0.204831
v 0.908224 -2.187600 -0.135625
v 0.777568 -2.241474 -0.069698
v -0.639171 -1.769817 0.626406
v -0.523094 -1.845863 0.585043
v -0.424728 -1.893713 0.548612
v -0.823578 -1.852630 -0.003181
v -0.689063 -1.968039 0.011756
v -0.572282 -2.022343 0.020080
v -0.064471 -1.849135 0.812991
v -0.166159 -1.881075 0.716581
v -0.248107 -1.896180 0.612820
v 1.154103 -1.728020 -0.985189
v 1.317677 -1.792635 -1.080634
v 1.507630 -1.828961 -1.137739
v 2.396876 -2.041260 -1.088412
v 2.318595 -2.060616 -0.989870
v 2.234602 -2.063593 -0.898749
v 1.563362 -2.090965 -0.612682
v 1.445328 -2.026533 -0.664075
v 1.332723 -1.972465 -0.718785
v 1.888381 -1.936743 -1.236085
v 2.084991 -1.954631 -1.225018
v 2.276510 -1.981151 -1.213915
v 2.041912 -2.078811 -0.750051
v 1.930012 -2.095437 -0.683139
v 1.811927 -2.108539 -0.617586
v 1.141195 -1.878829 -0.824997
v 1.075516 -1.806345 -0.857639
v 1.025032 -1.741382 -0.882726
v 1.677682 -2.016714 -1.010622
v 1.684076 -1.968699 -1.064216
v 1.686356 -1.934751 -1.133883
v 1.760584 -2.063046 -0.945286
v 1.879579 -2.074011 -0.911476
v 2.007515 -2.047538 -0.862853
v 1.595357 -2.015721 -0.925857
v 1.486714 -1.973362 -0.873353
v 1.370575 -1.924364 -0.815178
v 0.936701 -1.536224 -1.050710
v 0.937947 -1.581709 -0.992255
v 0.952418 -1.638726 -0.952861
v 1.730292 -1.698345 -1.418411
v 1.707641 -1.779692 -1.354447
v 1.703368 -1.828743 -1.264284
v 0.441215 -1.794197 -0.835905
v 0.615988 -1.748608 -0.867349
v 0.797548 -1.717371 -0.900819
v 3.010818 -2.043202 -1.049648
v 2.835503 -1.999062 -1.089984
v 2.656016 -1.961570 -1.121787
v 2.563761 -2.166605 -0.667607
v 2.423643 -2.139863 -0.726693
v 2.282858 -2.096521 -0.773743
v 2.619648 -1.701573 -1.390935
v 2.584691 -1.811935 -1.341400
v 2.534192 -1.912164 -1.272446
v 1.303569 -2.113731 -0.343386
v 1.435072 -2.125207 -0.418522
v 1.566300 -2.127296 -0.482996
v 0.812344 -1.920151 -0.585645
v 0.947275 -1.936903 -0.667357
v 1.087054 -1.933707 -0.725854
v 2.090907 -2.223134 -0.368093
v 1.957321 -2.181420 -0.431096
v 1.820818 -2.131811 -0.487273
v 3.500255 -2.130315 0.478912
v 3.398958 -2.221352 0.428949
v 3.285415 -2.275933 0.370143
v 2.828856 -2.339241 -0.065416
v 2.932297 -2.303824 -0.144121
v 3.038804 -2.270358 -0.222220
v 3.610268 -1.968354 -0.369673
v 3.649650 -1.954340 -0.241120
v 3.697294 -1.979230 -0.123297
v 3.062703 -2.332842 0.240263
v 2.953239 -2.360657 0.168561
v 2.839068 -2.356213 0.090234
v 3.228394 -2.133298 -0.342984
v 3.330778 -2.074866 -0.394905
v 3.431113 -2.009681 -0.440869
v 3.715893 -1.999049 0.141135
v 3.708605 -2.035611 0.271378
v 3.662161 -2.036508 0.399938
v 3.328515 -2.137317 0.068997
v 3.290416 -2.183571 0.138390
v 3.244853 -2.252395 0.213958
v 3.327288 -2.127950 -0.039618
v 3.279321 -2.154765 -0.114179
v 3.220701 -2.197157 -0.202988
v 3.425686 -2.105217 0.009384
v 3.515220 -2.074573 0.008967
v 3.623058 -2.052146 0.004623
v 3.323742 -2.020388 0.859575
v 3.448813 -2.082594 0.775918
v 3.546172 -2.089952 0.654666
v 2.877903 -2.203783 0.558523
v 2.982059 -2.224855 0.474933
v 3.077893 -2.278681 0.402206
v 3.907489 -1.766847 0.633601
v 3.790241 -1.881865 0.597461
v 3.695856 -1.961160 0.562162
v 2.352577 -2.289245 -0.224860
v 2.480762 -2.319624 -0.147372
v 2.610283 -2.311205 -0.058410
v 2.827283 -2.235733 -0.533333
v 2.937930 -2.228089 -0.452396
v 3.033049 -2.198946 -0.368334
v 2.390296 -2.334245 0.254478
v 2.505814 -2.332236 0.171076
v 2.619340 -2.323445 0.088691
v 3.795319 -1.677925 -0.566649
v 3.719191 -1.800493 -0.550687
v 3.629770 -1.881309 -0.519778
v 3.962966 -1.737608 0.013880
v 3.880084 -1.847270 0.011626
v 3.799340 -1.916916 0.011512
v 3.252115 -1.954422 -0.821960
v 3.356373 -1.940415 -0.707680
v 3.436784 -1.918820 -0.586669
v 1.305504 -0.993189 -1.494394
v 1.417729 -0.883682 -1.499645
v 1.546953 -0.773151 -1.493536
v 2.248671 -0.441139 -1.408703
v 2.325411 -0.514844 -1.425610
v 2.395617 -0.593737 -1.455974
v 2.440632 -1.137926 -1.500120
v 2.258660 -1.160101 -1.491450
v 2.077825 -1.177378 -1.444506
v 1.807089 -0.602326 -1.389024
v 1.934276 -0.523597 -1.376113
v 2.052670 -0.446493 -1.382679
v 2.517561 -0.780870 -1.470866
v 2.559293 -0.883559 -1.495432
v 2.592522 -0.993172 -1.509310
v 1.720006 -1.181741 -1.529464
v 1.533815 -1.174546 -1.559595
v 1.363202 -1.146791 -1.505017
v 1.957228 -0.824172 -1.440630
v 1.871826 -0.783233 -1.436500
v 1.779838 -0.727181 -1.464178
v 2.100479 -0.826031 -1.426904
v 2.214839 -0.784559 -1.428269
v 2.340413 -0.740768 -1.423600
v 1.996642 -0.913914 -1.443369
v 1.966292 -0.994314 -1.447035
v 1.933930 -1.083067 -1.483123
v 0.811362 -0.942712 -1.317022
v 0.937279 -1.002689 -1.336651
v 1.069614 -1.053972 -1.378552
v 1.388602 -0.488989 -1.412630
v 1.479967 -0.556132 -1.440547
v 1.576195 -0.622498 -1.440044
v 0.994527 -1.394520 -1.201188
v 1.063559 -1.293872 -1.254864
v 1.128294 -1.208869 -1.352811
v 2.486710 -0.122268 -1.426269
v 2.385169 -0.204260 -1.437074
v 2.278972 -0.286165 -1.424710
v 2.831479 -0.474434 -1.520887
v 2.704822 -0.552477 -1.541452
v 2.584259 -0.621769 -1.494459
v 1.949925 -0.145519 -1.354968
v 2.021487 -0.223405 -1.350411
v 2.091742 -0.296320 -1.385509
v 2.652164 -1.470695 -1.473587
v 2.650304 -1.347557 -1.482014
v 2.638561 -1.229922 -1.513698
v 1.791280 -1.513345 -1.511962
v 1.827808 -1.401250 -1.531815
v 1.862892 -1.288054 -1.497001
v 3.117011 -0.958256 -1.495413
v 2.959799 -1.024524 -1.538414
v 2.791184 -1.072515 -1.537179
v 3.237492 -0.391758 0.978961
v 3.155613 -0.298520 0.901112
v 3.098755 -0.186144 0.829342
v 2.489032 0.230206 0.678174
v 2.504900 0.269200 0.746746
v 2.519259 0.293629 0.825619
v 2.695817 0.123105 1.295959
v 2.800238 0.039612 1.289082
v 2.911652 -0.030402 1.291421
v 2.887656 -0.014433 0.712933
v 2.761416 0.068525 0.659327
v 2.621631 0.130992 0.629462
v 2.551697 0.293836 1.011805
v 2.564358 0.262671 1.103448
v 2.579562 0.237056 1.203329
v 3.078992 -0.216909 1.215851
v 3.157320 -0.310562 1.171210
v 3.224385 -0.402841 1.122924
v 2.934817 0.052571 0.920655
v 2.975657 0.026662 0.861336
v 2.980835 -0.045773 0.820269
v 2.844517 0.124726 0.953243
v 2.757083 0.190558 0.941053
v 2.647743 0.242415 0.928290
v 2.933509 0.041970 1.015967
v 2.978207 0.012679 1.092433
v 2.997382 -0.048173 1.176998
v 3.483619 -0.727079 0.901298
v 3.406507 -0.662803 0.960141
v 3.357588 -0.575592 1.017209
v 3.116501 -0.257644 0.599116
v 3.070589 -0.207600 0.660422
v 3.045553 -0.140535 0.711766
v 3.277500 -0.812829 1.371649
v 3.304410 -0.705566 1.264680
v 3.301846 -0.602217 1.167301
v 2.064433 0.457797 0.509335
v 2.220893 0.372354 0.528007
v 2.366154 0.291651 0.552578
v 2.151134 0.472637 0.913455
v 2.294219 0.438162 0.906516
v 2.418912 0.370233 0.907292
v 2.494177 0.025017 0.373080
v 2.477303 0.082634 0.455143
v 2.474789 0.138126 0.530899
v 2.519185 -0.021881 1.508735
v 2.556519 0.063122 1.452875
v 2.570081 0.120244 1.367037
v 2.916439 -0.369539 1.466961
v 2.950407 -0.290881 1.392294
v 2.979279 -0.207580 1.327560
v 2.209169 0.283919 1.274085
v 2.340298 0.273541 1.284429
v 2.457448 0.219316 1.275999
v 3.805188 -1.001068 0.358042
v 3.871762 -0.991056 0.257340
v 3.930325 -0.972281 0.148052
v 3.824131 -0.718994 -0.377489
v 3.728013 -0.590012 -0.310540
v 3.597023 -0.498527 -0.262276
v 3.029378 -0.288031 0.075704
v 3.137348 -0.389867 0.136829
v 3.258676 -0.454785 0.192557
v 3.969450 -0.950805 -0.095362
v 3.964001 -0.925907 -0.215579
v 3.928136 -0.900837 -0.329284
v 3.297998 -0.394468 -0.171082
v 3.162116 -0.341018 -0.115503
v 3.034198 -0.282182 -0.052311
v 3.468912 -0.637524 0.316656
v 3.580490 -0.735338 0.373458
v 3.661823 -0.865769 0.415531
v 3.668999 -0.697862 0.020020
v 3.760828 -0.773860 0.025663
v 3.847323 -0.873128 0.025371
v 3.576237 -0.613139 -0.029235
v 3.535103 -0.568146 -0.092990
v 3.502392 -0.500207 -0.154182
v 3.566308 -0.623051 0.063921
v 3.510920 -0.593464 0.127410
v 3.428091 -0.577939 0.187088
v 4.009778 -1.348141 0.619010
v 3.910947 -1.217762 0.557984
v 3.847200 -1.090265 0.514251
v 4.086901 -1.388695 0.008888
v 4.065807 -1.232995 0.010504
v 4.030200 -1.093069 0.017350
v 3.574687 -0.871561 0.750507
v 3.632591 -0.920008 0.662058
v 3.700267 -0.949597 0.566982
v 3.767941 -0.702972 -0.739286
v 3.826696 -0.762519 -0.642960
v 3.848888 -0.819717 -0.544498
v 3.263345 -0.293876 -0.422711
v 3.318809 -0.344197 -0.356133
v 3.387958 -0.380124 -0.283929
v 3.914576 -1.330584 -0.547168
v 3.914318 -1.168294 -0.514831
v 3.884712 -1.023845 -0.479061
v 2.585662 -0.072936 0.231058
v 2.685016 -0.101647 0.159751
v 2.796515 -0.152798 0.087134
v 3.187976 -0.392914 0.470584
v 3.229611 -0.457487 0.399073
v 3.297992 -0.497366 0.326488
v 2.673399 0.039806 -0.153997
v 2.719210 -0.069513 -0.111189
v 2.812119 -0.135611 -0.042675
v 3.283176 -0.323732 -1.076910
v 3.219024 -0.230920 -1.125732
v 3.112176 -0.163308 -1.142927
v 2.698886 0.381137 -1.122210
v 2.705073 0.453823 -1.035532
v 2.725322 0.524649 -0.935608
v 2.777364 0.328630 -0.489740
v 2.918610 0.241547 -0.544848
v 3.017040 0.126294 -0.628506
v 2.929866 -0.004299 -1.152309
v 2.857210 0.094237 -1.166316
v 2.786147 0.204624 -1.192115
v 2.749550 0.591122 -0.676977
v 2.712550 0.548660 -0.571647
v 2.666993 0.481405 -0.505070
v 3.126736 -0.128563 -0.773262
v 3.209444 -0.224239 -0.844848
v 3.289101 -0.314702 -0.928138
v 2.986820 0.115211 -0.940662
v 2.986085 0.045930 -1.007233
v 2.994468 -0.022784 -1.071349
v 2.930122 0.226985 -0.874954
v 2.873407 0.323768 -0.856698
v 2.824249 0.448972 -0.834985
v 2.986248 0.124511 -0.849374
v 3.007075 0.081916 -0.805751
v 3.031811 0.035376 -0.758694
v 3.323764 -0.749365 -1.318641
v 3.356575 -0.638484 -1.212735
v 3.354992 -0.534151 -1.113001
v 2.967185 -0.319593 -1.356266
v 2.994295 -0.243107 -1.286700
v 3.009211 -0.165497 -1.219279
v 3.578550 -0.626578 -0.862985
v 3.490524 -0.570215 -0.918031
v 3.411631 -0.499648 -0.970780
v 2.389145 0.533602 -1.220363
v 2.499002 0.466324 -1.207517
v 2.598700 0.391400 -1.206972
v 2.357074 0.861193 -0.790256
v 2.521950 0.782641 -0.779262
v 2.654202 0.704189 -0.791828
v 2.618939 0.042749 -1.354373
v 2.650696 0.124492 -1.304037
v 2.675457 0.211621 -1.254132
v 2.601042 0.193028 -0.279005
v 2.604866 0.278043 -0.326493
v 2.612781 0.348334 -0.389216
v 3.210040 -0.144813 -0.524601
v 3.168990 -0.088940 -0.588030
v 3.112927 -0.051407 -0.651405
v 2.183718 0.689154 -0.327088
v 2.360452 0.597491 -0.351406
v 2.501019 0.507646 -0.395038
v 0.559035 -0.402231 1.205767
v 0.714887 -0.316486 1.242044
v 0.841718 -0.203372 1.306337
v 1.508201 0.341857 1.365489
v 1.473379 0.414619 1.281396
v 1.434644 0.476683 1.183267
v 0.945210 0.401101 0.718116
v 0.834203 0.249060 0.779290
v 0.745074 0.097424 0.832063
v 1.118501 0.005137 1.399507
v 1.257713 0.104703 1.431524
v 1.404174 0.186255 1.436616
v 1.325449 0.544776 0.961746
v 1.255988 0.552775 0.856808
v 1.171696 0.562333 0.757414
v 0.610204 -0.191796 0.932456
v 0.544400 -0.314534 0.992471
v 0.494664 -0.433548 1.050506
v 0.972689 0.115623 1.166816
v 0.981792 0.041838 1.216541
v 0.985956 -0.031743 1.275275
v 1.026859 0.248870 1.125646
v 1.110432 0.359457 1.127459
v 1.229496 0.474319 1.116707
v 0.918168 0.130811 1.070061
v 0.847052 0.077546 1.008016
v 0.753598 0.023265 0.950657
v 0.424292 -0.822353 1.398502
v 0.392493 -0.712783 1.323529
v 0.396549 -0.611344 1.236301
v 1.103774 -0.352399 1.520734
v 1.046167 -0.265355 1.472811
v 1.005864 -0.181043 1.417050
v -0.029643 -0.764711 0.997367
v 0.130568 -0.700215 1.047623
v 0.280865 -0.608811 1.099161
v 1.954899 0.308273 1.307031
v 1.822293 0.301298 1.339084
v 1.687504 0.304960 1.401699
v 1.855435 0.540010 0.958892
v 1.698368 0.533075 0.987548
v 1.543282 0.545083 1.030745
v 1.667969 0.018515 1.597936
v 1.617672 0.088516 1.536807
v 1.576756 0.181820 1.499655
v 0.903552 0.278026 0.377553
v 0.976736 0.358758 0.466305
v 1.040830 0.437958 0.556687
v 0.376633 -0.250055 0.679113
v 0.475897 -0.182651 0.753847
v 0.576098 -0.117217 0.820699
v 1.694241 0.563756 0.526115
v 1.494633 0.585468 0.557165
v 1.286565 0.596130 0.597027
v -0.555356 -0.786246 0.480748
v -0.439193 -0.657103 0.419075
v -0.289871 -0.576289 0.348000
v 0.343141 -0.329880 -0.053491
v 0.210774 -0.384093 -0.129289
v 0.073328 -0.434647 -0.203983
v -0.579700 -0.972407 -0.392324
v -0.617388 -1.011943 -0.261737
v -0.688177 -1.021529 -0.139170
v -0.027642 -0.364065 0.222474
v 0.133647 -0.309612 0.148923
v 0.304310 -0.287996 0.084379
v -0.204279 -0.567878 -0.348698
v -0.324535 -0.680537 -0.407925
v -0.459334 -0.769928 -0.482518
v -0.714291 -1.022734 0.132604
v -0.683653 -1.011370 0.263060
v -0.650346 -0.991237 0.390694
v -0.357346 -0.611074 0.059595
v -0.302596 -0.576246 0.133186
v -0.246855 -0.510607 0.211370
v -0.337153 -0.621300 -0.050543
v -0.266107 -0.575477 -0.124110
v -0.178952 -0.519833 -0.204112
v -0.486478 -0.670114 -0.004425
v -0.547125 -0.782910 -0.003296
v -0.637066 -0.898845 -0.004915
v -0.334522 -0.840961 0.857947
v -0.459491 -0.869128 0.764956
v -0.547167 -0.915176 0.650545
v 0.159903 -0.355011 0.530343
v 0.035714 -0.375959 0.459507
v -0.083053 -0.398051 0.380282
v -0.724499 -1.421871 0.622384
v -0.696424 -1.261211 0.592883
v -0.636372 -1.120540 0.551663
v 0.879584 -0.065675 -0.205028
v 0.740561 -0.118390 -0.137900
v 0.608891 -0.192107 -0.054752
v 0.298943 -0.384145 -0.481491
v 0.182843 -0.446651 -0.410201
v 0.058373 -0.474621 -0.344939
v 0.743189 0.083343 0.217948
v 0.663744 -0.040441 0.152525
v 0.576055 -0.164825 0.090162
v -0.605070 -1.381788 -0.613113
v -0.612165 -1.217926 -0.595667
v -0.599244 -1.063212 -0.571778
v -0.840201 -1.439472 -0.001033
v -0.821954 -1.287989 -0.004455
v -0.771038 -1.160065 -0.004058
v -0.209867 -0.768090 -0.862062
v -0.333187 -0.826415 -0.758931
v -0.447255 -0.869295 -0.652289
v 0.606198 -0.360081 -1.006295
v 0.672679 -0.275472 -0.922056
v 0.737006 -0.171277 -0.852595
v 1.288416 0.501012 -0.677214
v 1.342710 0.560291 -0.775106
v 1.387569 0.610035 -0.889101
v 1.547356 0.214875 -1.273526
v 1.411320 0.123163 -1.264564
v 1.261269 0.041261 -1.285381
v 0.944821 0.013153 -0.741821
v 1.057057 0.126464 -0.696966
v 1.132183 0.279505 -0.645980
v 1.529719 0.536358 -1.087036
v 1.582867 0.475111 -1.172417
v 1.634600 0.392062 -1.230814
v 0.988714 -0.173876 -1.214082
v 0.837448 -0.262370 -1.186191
v 0.721153 -0.379921 -1.122859
v 1.071570 0.116818 -0.973747
v 1.025081 0.041862 -0.910073
v 0.933337 -0.015714 -0.855597
v 1.170478 0.248092 -1.022412
v 1.268114 0.345233 -1.007042
v 1.360017 0.463638 -0.999104
v 1.128455 0.113618 -1.055105
v 1.117428 0.065008 -1.116030
v 1.112355 0.005750 -1.185797
v 0.111273 -0.682646 -0.962860
v 0.268916 -0.616761 -1.007591
v 0.433865 -0.558929 -1.035075
v 0.548291 -0.293759 -0.600542
v 0.651853 -0.228615 -0.659769
v 0.759744 -0.174737 -0.722638
v 0.622686 -0.771521 -1.280785
v 0.570995 -0.669687 -1.240191
v 0.558147 -0.565704 -1.166468
v 1.671577 0.779881 -0.398489
v 1.473946 0.708579 -0.462669
v 1.334369 0.576938 -0.526085
v 1.895025 0.831384 -0.907569
v 1.733624 0.759024 -0.946611
v 1.590686 0.689656 -0.979289
v 1.034398 0.149690 -0.355661
v 1.121071 0.239331 -0.432066
v 1.187813 0.330616 -0.509296
v 1.827460 0.025075 -1.334386
v 1.776487 0.116143 -1.320559
v 1.726781 0.212691 -1.318172
v 1.242710 -0.327470 -1.374206
v 1.186107 -0.232703 -1.367770
v 1.135554 -0.133567 -1.345575
v 2.080278 0.507500 -1.225326
v 1.951773 0.437335 -1.221463
v 1.817005 0.381133 -1.267425
v 1.285295 -1.086587 1.927455
v 1.473963 -1.135762 1.871042
v 1.657649 -1.164204 1.808596
v 1.409061 -0.967010 1.897679
v 1.563237 -1.016134 1.827804
v 1.720330 -1.050981 1.782972
v 1.526172 -0.855377 1.830685
v 1.653465 -0.907916 1.784999
v 1.782937 -0.948431 1.757494
v 2.369138 -1.110522 1.557469
v 2.346638 -0.990307 1.575408
v 2.316065 -0.878469 1.596202
v 2.188603 -1.137308 1.583920
v 2.189167 -1.027596 1.607543
v 2.184283 -0.929541 1.658454
v 2.009060 -1.159720 1.634895
v 2.026480 -1.051489 1.638332
v 2.037361 -0.956291 1.664265
v 2.045048 -0.511542 1.746357
v 1.911886 -0.585116 1.755034
v 1.775385 -0.665211 1.752007
v 2.132119 -0.597369 1.698858
v 2.007825 -0.662326 1.739017
v 1.880796 -0.732693 1.763138
v 2.209304 -0.681076 1.665980
v 2.085039 -0.740332 1.692693
v 1.970427 -0.802355 1.742866
v 0.017723 -1.392620 1.468616
v 0.179196 -1.471698 1.564813
v 0.370451 -1.531046 1.649262
v 0.178434 -1.233302 1.596638
v 0.338506 -1.319485 1.648738
v 0.511113 -1.383352 1.731106
v 0.381004 -1.115140 1.575559
v 0.513969 -1.195328 1.649738
v 0.665930 -1.253795 1.743941
v 0.828239 -1.626903 1.802989
v 1.085355 -1.661017 1.838306
v 1.357942 -1.681758 1.875381
v 0.939783 -1.484727 1.859688
v 1.180009 -1.519654 1.896167
v 1.445481 -1.541711 1.881701
v 1.051868 -1.353099 1.907986
v 1.277804 -1.389368 1.910988
v 1.518221 -1.411881 1.848914
v 0.749092 -0.877068 1.563037
v 0.846905 -0.933754 1.663334
v 0.972239 -0.989008 1.752657
v 0.907888 -0.736404 1.607148
v 1.001062 -0.794994 1.700148
v 1.121997 -0.858646 1.771710
v 1.070798 -0.606664 1.639210
v 1.152686 -0.661815 1.738978
v 1.259889 -0.721394 1.821516
v 3.221568 -1.401669 1.315719
v 3.151915 -1.266411 1.345749
v 3.096553 -1.143922 1.408010
v 3.016526 -1.463934 1.323426
v 2.973821 -1.341762 1.385109
v 2.928943 -1.205285 1.395304
v 2.807142 -1.512515 1.335954
v 2.781809 -1.389750 1.370967
v 2.758119 -1.265827 1.413717
v 2.982947 -0.891801 1.510591
v 2.919215 -0.764610 1.555329
v 2.845166 -0.637347 1.572343
v 2.835205 -0.948521 1.472840
v 2.784200 -0.829308 1.524506
v 2.725912 -0.712204 1.578601
v 2.693249 -1.010833 1.491763
v 2.649953 -0.891175 1.535709
v 2.602001 -0.778973 1.599276
v 2.382373 -1.594121 1.445563
v 2.368390 -1.462687 1.426674
v 2.374240 -1.346124 1.466620
v 2.130394 -1.626818 1.518636
v 2.149953 -1.498326 1.524839
v 2.166448 -1.376287 1.536138
v 1.876280 -1.652843 1.617949
v 1.916059 -1.523777 1.621754
v 1.952758 -1.400189 1.626718
v 2.117176 0.022640 1.575672
v 2.028733 -0.019827 1.616398
v 1.921145 -0.079482 1.637339
v 2.202769 -0.020088 1.617143
v 2.111947 -0.084267 1.650750
v 2.005066 -0.150182 1.671104
v 2.300477 -0.086039 1.641117
v 2.201378 -0.163807 1.649785
v 2.089837 -0.234771 1.650518
v 1.669819 -0.201254 1.705948
v 1.527371 -0.273758 1.734655
v 1.391659 -0.384651 1.682117
v 1.757423 -0.271316 1.750433
v 1.616722 -0.350832 1.766075
v 1.465538 -0.438410 1.783197
v 1.847452 -0.355132 1.737784
v 1.712305 -0.433003 1.756964
v 1.570746 -0.511641 1.828209
v 2.475902 -0.258131 1.560180
v 2.385528 -0.319573 1.615338
v 2.284130 -0.378620 1.675802
v 2.574529 -0.336656 1.567213
v 2.484514 -0.398104 1.635599
v 2.376113 -0.466546 1.674756
v 2.669985 -0.429357 1.567809
v 2.576835 -0.493210 1.639136
v 2.460464 -0.562496 1.660879
v 1.007281 -2.197483 1.107195
v 1.089010 -2.184305 1.026367
v 1.179368 -2.181129 0.957057
v 1.205889 -2.208119 1.131859
v 1.266089 -2.205019 1.056411
v 1.338165 -2.202973 0.989689
v 1.410834 -2.214755 1.149902
v 1.446775 -2.220172 1.077696
v 1.488592 -2.232841 1.012794
v 1.671903 -2.282171 0.714489
v 1.805339 -2.279173 0.780184
v 1.926265 -2.243099 0.840071
v 1.538626 -2.229908 0.771933
v 1.660252 -2.287622 0.825487
v 1.777816 -2.248353 0.877733
v 1.408944 -2.197883 0.829817
v 1.537502 -2.227177 0.872795
v 1.649343 -2.266256 0.915550
v 2.217748 -2.052879 1.089062
v 2.018482 -2.091200 1.116708
v 1.822661 -2.161998 1.144580
v 2.166372 -2.097508 1.022549
v 1.986965 -2.134434 1.051859
v 1.810949 -2.193886 1.078362
v 2.101998 -2.140246 0.956255
v 1.945992 -2.187961 0.992784
v 1.789691 -2.224798 1.016737
v -0.091072 -1.775090 1.222716
v 0.005702 -1.834559 1.134497
v 0.097291 -1.871880 1.062276
v 0.089036 -1.868231 1.288814
v 0.172007 -1.922648 1.204348
v 0.254560 -1.973403 1.135312
v 0.285350 -1.964779 1.355000
v 0.360346 -2.018486 1.266417
v 0.445828 -2.047471 1.192955
v 0.295906 -1.992780 0.918075
v 0.413246 -2.054989 0.843719
v 0.542543 -2.110125 0.769695
v 0.454213 -2.073952 0.981239
v 0.570079 -2.124336 0.903733
v 0.692258 -2.194755 0.830365
v 0.632900 -2.128572 1.033995
v 0.737782 -2.164625 0.954050
v 0.856323 -2.191115 0.876346
v 0.760784 -2.116614 1.455719
v 0.818552 -2.128472 1.348346
v 0.874495 -2.156031 1.271625
v 1.028486 -2.118080 1.467450
v 1.065091 -2.173091 1.371142
v 1.106631 -2.194976 1.293316
v 1.300431 -2.196130 1.504934
v 1.324516 -2.219364 1.391721
v 1.349783 -2.226681 1.312549
v 1.710069 -2.362490 0.166080
v 1.852494 -2.399711 0.242107
v 1.990816 -2.360932 0.322304
v 1.564653 -2.350101 0.247100
v 1.703069 -2.379391 0.321588
v 1.844654 -2.371822 0.396831
v 1.417297 -2.310276 0.322947
v 1.559643 -2.306501 0.390747
v 1.694953 -2.341694 0.464280
v 2.256808 -2.259163 0.473007
v 2.383115 -2.222140 0.546788
v 2.510413 -2.221518 0.635669
v 2.114883 -2.264217 0.538227
v 2.239700 -2.210525 0.605931
v 2.360086 -2.180906 0.680116
v 1.972181 -2.289132 0.605257
v 2.095478 -2.222088 0.666180
v 2.211914 -2.168222 0.728287
v 1.119882 -2.228915 0.471748
v 1.261796 -2.229556 0.535081
v 1.399392 -2.267434 0.601668
v 0.971845 -2.203115 0.544678
v 1.114861 -2.203187 0.605818
v 1.259239 -2.202710 0.663472
v 0.826157 -2.190006 0.619461
v 0.969429 -2.205550 0.679771
v 1.117126 -2.192085 0.733315
v 3.236350 -1.705273 1.168922
v 3.013858 -1.704467 1.176100
v 2.801379 -1.738923 1.239659
v 3.162895 -1.774285 1.084749
v 2.962142 -1.788352 1.137457
v 2.761925 -1.821663 1.202835
v 3.093467 -1.857252 1.033075
v 2.902947 -1.855209 1.079939
v 2.712546 -1.888639 1.147414
v 2.358482 -1.848539 1.340469
v 2.109406 -1.935118 1.389821
v 1.851601 -2.036257 1.438309
v 2.338796 -1.921461 1.288406
v 2.102808 -2.006928 1.328830
v 1.839484 -2.062998 1.347717
v 2.305793 -1.973233 1.226697
v 2.078432 -2.041966 1.260270
v 1.829429 -2.082541 1.277442
v 2.929078 -1.992208 0.904209
v 2.758987 -1.985124 0.959320
v 2.585572 -1.996942 1.012104
v 2.834748 -2.068116 0.845641
v 2.676440 -2.069105 0.907545
v 2.508987 -2.049391 0.943714
v 2.733471 -2.124510 0.775724
v 2.581690 -2.119249 0.834485
v 2.425250 -2.113213 0.879909
v -0.224998 -2.168509 -0.332916
v -0.104456 -2.203478 -0.281795
v 0.012040 -2.217511 -0.230285
v -0.281997 -2.130459 -0.212964
v -0.170780 -2.168015 -0.175985
v -0.063311 -2.197023 -0.133235
v -0.319606 -2.092868 -0.095465
v -0.215440 -2.132555 -0.073457
v -0.114065 -2.156605 -0.048543
v 0.414388 -2.226422 0.024761
v 0.298436 -2.180540 0.102506
v 0.184483 -2.138887 0.171475
v 0.318696 -2.213528 -0.047802
v 0.212185 -2.181829 0.031652
v 0.112331 -2.141646 0.098216
v 0.221841 -2.209185 -0.115112
v 0.125890 -2.194075 -0.031528
v 0.044480 -2.153892 0.034449
v -0.264798 -1.955568 0.351653
v -0.308690 -1.997655 0.249913
v -0.330126 -2.015277 0.136264
v -0.154055 -1.995004 0.317355
v -0.199996 -2.027436 0.224779
v -0.230173 -2.066951 0.132099
v -0.042215 -2.040133 0.278345
v -0.092785 -2.059727 0.193980
v -0.128812 -2.096186 0.116845
v -0.110741 -1.649345 -0.961249
v -0.040407 -1.780663 -0.907529
v 0.037417 -1.858914 -0.826933
v -0.279394 -1.694583 -0.866666
v -0.200078 -1.827976 -0.819658
v -0.116425 -1.931617 -0.770916
v -0.467250 -1.773613 -0.818950
v -0.361014 -1.916434 -0.762961
v -0.254682 -1.994516 -0.686154
v 0.222494 -1.986038 -0.689624
v 0.327286 -2.005617 -0.609050
v 0.440164 -2.040581 -0.548740
v 0.091352 -2.050701 -0.620826
v 0.206293 -2.089936 -0.551593
v 0.318752 -2.094402 -0.475155
v -0.027523 -2.116547 -0.544972
v 0.089093 -2.120471 -0.461719
v 0.202566 -2.118092 -0.388875
v -0.642896 -1.797013 -0.482595
v -0.571113 -1.960348 -0.469272
v -0.478125 -2.078004 -0.436958
v -0.720848 -1.815587 -0.329788
v -0.649521 -1.985238 -0.318401
v -0.528761 -2.061325 -0.282370
v -0.790396 -1.839760 -0.173386
v -0.667061 -1.964901 -0.151292
v -0.553141 -2.028849 -0.130745
v 1.438319 -2.262643 0.023941
v 1.292093 -2.292215 0.094456
v 1.148741 -2.301252 0.174235
v 1.303540 -2.216536 -0.050827
v 1.161301 -2.250832 0.017724
v 1.021912 -2.287068 0.089846
v 1.167954 -2.197326 -0.134007
v 1.034114 -2.201596 -0.053605
v 0.899632 -2.253523 0.011285
v 0.856613 -2.266960 0.333560
v 0.710193 -2.229424 0.407333
v 0.562225 -2.174567 0.483396
v 0.737255 -2.269291 0.255903
v 0.597365 -2.206385 0.331232
v 0.457398 -2.148086 0.404204
v 0.620930 -2.261687 0.179608
v 0.482652 -2.213912 0.259188
v 0.360410 -2.127892 0.322872
v 0.911975 -2.114786 -0.276899
v 0.782731 -2.161722 -0.210299
v 0.656026 -2.179547 -0.129706
v 0.786109 -2.081368 -0.345166
v 0.660071 -2.111625 -0.269408
v 0.539982 -2.139573 -0.190719
v 0.665219 -2.031126 -0.397665
v 0.542185 -2.070464 -0.323909
v 0.428458 -2.128556 -0.257722
v -0.401744 -1.739576 1.049039
v -0.474074 -1.730005 0.891838
v -0.550121 -1.738877 0.754125
v -0.280211 -1.817096 0.954073
v -0.362161 -1.797528 0.824004
v -0.433446 -1.784645 0.692888
v -0.177522 -1.851906 0.882914
v -0.267122 -1.844701 0.770492
v -0.348893 -1.857631 0.660163
v -0.715104 -1.798880 0.484243
v -0.752741 -1.807631 0.325843
v -0.808207 -1.842109 0.171347
v -0.576951 -1.855173 0.443599
v -0.624092 -1.885531 0.306970
v -0.661244 -1.924062 0.165309
v -0.477719 -1.901112 0.417448
v -0.523797 -1.939337 0.293366
v -0.553041 -1.973178 0.159700
v 0.038416 -1.913678 0.755695
v -0.059545 -1.925599 0.662989
v -0.140296 -1.931008 0.562764
v 0.164686 -1.961065 0.688919
v 0.059079 -1.979300 0.604392
v -0.025427 -1.981893 0.511973
v 0.301157 -2.001196 0.619637
v 0.190176 -2.025213 0.541065
v 0.101348 -2.019980 0.451731
v 1.183135 -1.782699 -0.951922
v 1.343783 -1.834878 -1.021888
v 1.512114 -1.883025 -1.083392
v 1.228376 -1.835734 -0.913255
v 1.379527 -1.873698 -0.967378
v 1.523085 -1.934775 -1.031767
v 1.291242 -1.883285 -0.865552
v 1.423048 -1.922486 -0.918677
v 1.545392 -1.983609 -0.979433
v 2.220400 -2.001768 -1.110131
v 2.158925 -2.025935 -1.020663
v 2.088968 -2.018878 -0.931045
v 2.045298 -1.966645 -1.125975
v 2.000957 -1.995831 -1.044938
v 1.948522 -2.032479 -0.974456
v 1.866327 -1.979434 -1.156172
v 1.841909 -2.009988 -1.077725
v 1.810685 -2.044718 -1.010424
v 1.685019 -2.105006 -0.678315
v 1.574912 -2.027599 -0.718960
v 1.455564 -2.005075 -0.777775
v 1.799318 -2.071020 -0.732823
v 1.683460 -2.060944 -0.781408
v 1.578008 -2.019135 -0.827028
v 1.910185 -2.077462 -0.799036
v 1.786313 -2.077941 -0.845497
v 1.676787 -2.064239 -0.888775
v 0.312759 -1.574946 -1.023822
v 0.533307 -1.541723 -1.006345
v 0.744606 -1.519749 -1.003958
v 0.338402 -1.663611 -0.953640
v 0.539596 -1.626328 -0.966015
v 0.742827 -1.593066 -0.970701
v 0.381892 -1.730408 -0.885563
v 0.566169 -1.678746 -0.895130
v 0.761114 -1.663779 -0.944703
v 1.119358 -1.574433 -1.147123
v 1.326210 -1.599953 -1.221831
v 1.527648 -1.640629 -1.310004
v 1.118518 -1.626209 -1.086728
v 1.311003 -1.668088 -1.175728
v 1.505658 -1.720249 -1.265396
v 1.128703 -1.680673 -1.036640
v 1.304436 -1.738375 -1.135135
v 1.505290 -1.776279 -1.197819
v 0.519341 -1.857904 -0.789073
v 0.682650 -1.802823 -0.821094
v 0.848910 -1.776023 -0.865673
v 0.611535 -1.913188 -0.738747
v 0.761480 -1.823340 -0.750452
v 0.913612 -1.828145 -0.823017
v 0.708432 -1.922873 -0.663125
v 0.849715 -1.873077 -0.706533
v 0.994347 -1.873438 -0.772347
v 3.255852 -1.675209 -1.270161
v 3.194396 -1.831709 -1.221630
v 3.102938 -1.936163 -1.132195
v 3.050634 -1.695072 -1.326139
v 2.995381 -1.814177 -1.260915
v 2.926032 -1.929917 -1.194913
v 2.836425 -1.706667 -1.375422
v 2.791923 -1.803769 -1.290845
v 2.732715 -1.919462 -1.238057
v 2.899965 -2.081563 -0.934965
v 2.791152 -2.111038 -0.834406
v 2.678152 -2.145099 -0.748998
v 2.739857 -2.043226 -0.984494
v 2.640098 -2.079685 -0.889325
v 2.535582 -2.101585 -0.800899
v 2.573171 -2.027984 -1.034420
v 2.480921 -2.079971 -0.945958
v 2.384602 -2.091043 -0.855582
v 2.403569 -1.704769 -1.419742
v 2.373139 -1.817820 -1.380145
v 2.329082 -1.917436 -1.307878
v 2.184941 -1.703966 -1.426801
v 2.159410 -1.824059 -1.406090
v 2.123386 -1.900503 -1.315219
v 1.961612 -1.718165 -1.458925
v 1.933713 -1.835612 -1.429513
v 1.908777 -1.903562 -1.333774
v 1.708273 -2.241839 -0.126791
v 1.570455 -2.238933 -0.205895
v 1.433693 -2.185040 -0.279230
v 1.838990 -2.228252 -0.206307
v 1.702349 -2.211493 -0.280104
v 1.569051 -2.178065 -0.349923
v 1.966907 -2.227278 -0.287687
v 1.829855 -2.188256 -0.354390
v 1.696218 -2.147303 -0.414887
v 1.175366 -2.055923 -0.407329
v 1.048703 -2.023908 -0.474974
v 0.923468 -2.003455 -0.549984
v 1.305906 -2.066518 -0.480320
v 1.182891 -2.009502 -0.538062
v 1.059174 -1.986343 -0.609389
v 1.440161 -2.061414 -0.542283
v 1.314748 -2.018088 -0.604286
v 1.195834 -1.977622 -0.666240
v 2.211780 -2.205999 -0.442176
v 2.080076 -2.137487 -0.495528
v 1.944702 -2.116719 -0.556663
v 2.329779 -2.189582 -0.514263
v 2.198552 -2.134757 -0.569285
v 2.063949 -2.120042 -0.629473
v 2.446270 -2.190694 -0.592193
v 2.311503 -2.144050 -0.647548
v 2.177629 -2.085642 -0.694896
v 3.564918 -2.124968 0.366003
v 3.459024 -2.194318 0.322649
v 3.344461 -2.216449 0.271841
v 3.614701 -2.121806 0.246605
v 3.500488 -2.157790 0.215925
v 3.391721 -2.179116 0.180040
v 3.629060 -2.082675 0.123939
v 3.521244 -2.117229 0.110404
v 3.420425 -2.138183 0.093660
v 2.932845 -2.308869 0.010331
v 3.034143 -2.291860 -0.068098
v 3.130475 -2.255375 -0.141567
v 3.041288 -2.301755 0.082632
v 3.127724 -2.271376 0.006117
v 3.204814 -2.218372 -0.060917
v 3.146333 -2.286558 0.150456
v 3.207284 -2.221365 0.079153
v 3.267666 -2.177109 0.012344
v 3.506608 -2.023458 -0.333221
v 3.547444 -2.001498 -0.215313
v 3.591810 -2.020718 -0.108660
v 3.403192 -2.068981 -0.292677
v 3.445818 -2.036427 -0.184171
v 3.490625 -2.055083 -0.091667
v 3.313193 -2.138650 -0.253568
v 3.363503 -2.101027 -0.155165
v 3.395158 -2.071733 -0.067444
v 3.597252 -1.692459 1.032408
v 3.514156 -1.838583 0.989056
v 3.422999 -1.935908 0.924808
v 3.761971 -1.757063 0.957447
v 3.661752 -1.911251 0.909592
v 3.559898 -2.007929 0.846950
v 3.878952 -1.787646 0.813779
v 3.753058 -1.916716 0.760116
v 3.659379 -2.017304 0.714907
v 3.215270 -2.091117 0.789341
v 3.104054 -2.129693 0.707521
v 2.991695 -2.178326 0.636547
v 3.331693 -2.145051 0.703787
v 3.212169 -2.198710 0.634689
v 3.096236 -2.211407 0.552091
v 3.432426 -2.161963 0.592542
v 3.314456 -2.218962 0.531475
v 3.194397 -2.252755 0.467617
v 3.923794 -1.749598 0.467794
v 3.816864 -1.854637 0.444022
v 3.731817 -1.931211 0.421056
v 3.940333 -1.741301 0.310714
v 3.855610 -1.853691 0.298893
v 3.786965 -1.943805 0.287564
v 3.967828 -1.744480 0.163945
v 3.887759 -1.861271 0.157489
v 3.792732 -1.918885 0.151880
v 1.984021 -2.287237 0.017730
v 2.110046 -2.272388 -0.059127
v 2.232351 -2.287370 -0.144304
v 2.119501 -2.324588 0.090971
v 2.242518 -2.327324 0.009471
v 2.363123 -2.324386 -0.069353
v 2.255746 -2.366055 0.169772
v 2.377212 -2.342502 0.092625
v 2.494672 -2.339660 0.014215
v 2.470773 -2.281112 -0.301380
v 2.587908 -2.274716 -0.380126
v 2.708219 -2.251448 -0.455489
v 2.594690 -2.313525 -0.225043
v 2.709073 -2.320987 -0.308842
v 2.830690 -2.307166 -0.387184
v 2.716944 -2.338868 -0.144182
v 2.829417 -2.334560 -0.224377
v 2.936310 -2.276076 -0.300866
v 2.515870 -2.271471 0.323466
v 2.629251 -2.293305 0.245993
v 2.734822 -2.305923 0.163802
v 2.640121 -2.240615 0.400666
v 2.749245 -2.272319 0.325086
v 2.850287 -2.296875 0.246419
v 2.761440 -2.225032 0.480663
v 2.866799 -2.244718 0.400088
v 2.964307 -2.298411 0.330457
v 3.569239 -1.650515 -1.023027
v 3.645791 -1.646430 -0.858191
v 3.709462 -1.649687 -0.701588
v 3.463136 -1.789378 -0.962823
v 3.558366 -1.782770 -0.821377
v 3.642933 -1.786740 -0.683601
v 3.344376 -1.858385 -0.883188
v 3.451775 -1.860148 -0.762844
v 3.555234 -1.879289 -0.646214
v 3.851392 -1.692771 -0.422272
v 3.887607 -1.702683 -0.276041
v 3.932822 -1.722790 -0.134483
v 3.785543 -1.819310 -0.416947
v 3.821337 -1.818236 -0.272769
v 3.852976 -1.828278 -0.131643
v 3.699365 -1.895777 -0.395357
v 3.753012 -1.907845 -0.265721
v 3.777270 -1.902493 -0.126599
v 3.150329 -2.042305 -0.754017
v 3.254267 -2.017860 -0.648275
v 3.338937 -1.990656 -0.538349
v 3.046402 -2.126772 -0.683802
v 3.153012 -2.103899 -0.587717
v 3.243328 -2.076190 -0.488385
v 2.939957 -2.197545 -0.610095
v 3.034707 -2.147687 -0.516071
v 3.136236 -2.139170 -0.430143
v 1.451537 -1.034816 -1.530486
v 1.554738 -0.921161 -1.529953
v 1.662397 -0.821781 -1.489727
v 1.613545 -1.060903 -1.541158
v 1.694825 -0.956235 -1.529806
v 1.780607 -0.858852 -1.506860
v 1.772685 -1.079848 -1.494776
v 1.828182 -0.987514 -1.465041
v 1.888629 -0.899783 -1.461612
v 2.133409 -0.516853 -1.380622
v 2.209114 -0.585449 -1.400029
v 2.282086 -0.661320 -1.404017
v 2.015182 -0.590308 -1.365280
v 2.092636 -0.651902 -1.384744
v 2.161944 -0.715670 -1.406210
v 1.893816 -0.663292 -1.381223
v 1.977750 -0.716588 -1.395926
v 2.050947 -0.771399 -1.402900
v 2.429565 -1.028249 -1.492908
v 2.262226 -1.055590 -1.494538
v 2.097035 -1.077576 -1.455400
v 2.413215 -0.925650 -1.455487
v 2.259595 -0.955781 -1.486553
v 2.110697 -0.983227 -1.454643
v 2.382813 -0.828635 -1.450949
v 2.245178 -0.863439 -1.467448
v 2.114651 -0.895309 -1.459358
v 0.429283 -1.331323 -1.136557
v 0.554014 -1.202489 -1.201653
v 0.687739 -1.065085 -1.238713
v 0.626344 -1.357047 -1.132267
v 0.716411 -1.245297 -1.202612
v 0.821890 -1.124560 -1.265312
v 0.814980 -1.375807 -1.152457
v 0.892895 -1.263256 -1.200450
v 0.968798 -1.172569 -1.305741
v 0.933733 -0.820553 -1.410183
v 1.068674 -0.695840 -1.471945
v 1.228769 -0.590674 -1.441176
v 1.052767 -0.884897 -1.421730
v 1.177239 -0.771422 -1.452202
v 1.323831 -0.662954 -1.449428
v 1.177907 -0.938105 -1.441319
v 1.291283 -0.834327 -1.472789
v 1.432501 -0.720626 -1.478756
v 1.174535 -1.428827 -1.284644
v 1.230756 -1.337039 -1.346114
v 1.296935 -1.241936 -1.413575
v 1.370186 -1.462268 -1.366215
v 1.408350 -1.380994 -1.446106
v 1.465556 -1.283757 -1.512949
v 1.579886 -1.487706 -1.436021
v 1.617158 -1.401042 -1.503729
v 1.664130 -1.297801 -1.563267
v 2.257254 0.078734 -1.356178
v 2.325966 0.015521 -1.399091
v 2.407175 -0.052562 -1.394781
v 2.167044 0.009583 -1.354575
v 2.234173 -0.062877 -1.388707
v 2.313620 -0.134028 -1.382210
v 2.062610 -0.064975 -1.359111
v 2.130132 -0.141581 -1.384511
v 2.206357 -0.213721 -1.386690
v 2.572627 -0.201394 -1.446852
v 2.656866 -0.286917 -1.455707
v 2.746110 -0.370033 -1.511315
v 2.467459 -0.283128 -1.455814
v 2.545862 -0.364337 -1.484591
v 2.622496 -0.452424 -1.528085
v 2.361729 -0.363980 -1.427461
v 2.439781 -0.443241 -1.444750
v 2.515406 -0.528961 -1.463913
v 1.827043 -0.227178 -1.366563
v 1.900901 -0.305451 -1.347728
v 1.976722 -0.377638 -1.362726
v 1.690962 -0.312948 -1.342120
v 1.769199 -0.385672 -1.357495
v 1.852977 -0.454812 -1.380205
v 1.547077 -0.394178 -1.392122
v 1.629609 -0.466682 -1.397448
v 1.720018 -0.532548 -1.415214
v 3.297888 -1.384216 -1.419622
v 3.075766 -1.426867 -1.434667
v 2.865590 -1.458066 -1.476956
v 3.240924 -1.235865 -1.447247
v 3.046139 -1.288817 -1.455522
v 2.851989 -1.326424 -1.489932
v 3.179960 -1.096406 -1.469856
v 3.008048 -1.158510 -1.505693
v 2.826589 -1.200623 -1.516093
v 2.439688 -1.479857 -1.473435
v 2.225792 -1.485023 -1.463993
v 2.012354 -1.499415 -1.499741
v 2.446471 -1.367060 -1.501649
v 2.240552 -1.377213 -1.489965
v 2.034586 -1.386821 -1.483777
v 2.446222 -1.251376 -1.507912
v 2.251132 -1.266382 -1.486438
v 2.056344 -1.279520 -1.463695
v 3.043437 -0.829496 -1.487759
v 2.904113 -0.896333 -1.528761
v 2.751189 -0.949779 -1.510910
v 2.972675 -0.707780 -1.489278
v 2.846066 -0.776188 -1.541909
v 2.704106 -0.835416 -1.513252
v 2.901245 -0.592231 -1.490000
v 2.779958 -0.660156 -1.543959
v 2.645570 -0.723662 -1.530540
v 3.188388 -0.308654 1.032000
v 3.158603 -0.203244 0.947418
v 3.082976 -0.110972 0.873099
v 3.149953 -0.214538 1.087020
v 3.110520 -0.125539 1.000812
v 3.050752 -0.048345 0.926215
v 3.072363 -0.132014 1.134230
v 3.046308 -0.057005 1.051335
v 2.996538 -0.004788 0.978317
v 2.617316 0.166918 0.704072
v 2.624779 0.204475 0.768493
v 2.642679 0.243817 0.837584
v 2.761090 0.124758 0.714542
v 2.756306 0.161314 0.782457
v 2.752169 0.180750 0.857652
v 2.887517 0.053625 0.752429
v 2.872800 0.097217 0.814820
v 2.851385 0.116829 0.882544
v 2.688566 0.164632 1.199768
v 2.790784 0.087387 1.197820
v 2.906510 0.033318 1.202920
v 2.672581 0.195883 1.106827
v 2.776105 0.129059 1.110924
v 2.869415 0.054863 1.105477
v 2.657784 0.224282 1.019092
v 2.760170 0.161131 1.028125
v 2.850347 0.095850 1.031381
v 3.515576 -1.160941 1.203463
v 3.517026 -1.024115 1.085764
v 3.510785 -0.877220 0.994322
v 3.417363 -1.052281 1.251540
v 3.457203 -0.920474 1.159808
v 3.439669 -0.793359 1.056126
v 3.354005 -0.933918 1.322596
v 3.374413 -0.818896 1.211312
v 3.371135 -0.700439 1.111891
v 3.365413 -0.633412 0.811093
v 3.247366 -0.537285 0.739967
v 3.167803 -0.409811 0.670898
v 3.311015 -0.562826 0.870671
v 3.213225 -0.459421 0.798320
v 3.138086 -0.338318 0.729706
v 3.274475 -0.478151 0.924513
v 3.176707 -0.382535 0.852067
v 3.119812 -0.260910 0.781946
v 3.188387 -0.694361 1.399266
v 3.199767 -0.609397 1.291244
v 3.222123 -0.507645 1.210896
v 3.091215 -0.586201 1.416673
v 3.135518 -0.497004 1.339737
v 3.158838 -0.402905 1.258379
v 3.007226 -0.474587 1.448808
v 3.045623 -0.391081 1.371123
v 3.078869 -0.299838 1.301053
v 2.033626 0.362385 0.201068
v 2.035144 0.404740 0.304318
v 2.052660 0.446617 0.403917
v 2.203642 0.228905 0.255602
v 2.203121 0.289095 0.342920
v 2.218566 0.348218 0.428911
v 2.343322 0.106371 0.321546
v 2.349782 0.183204 0.394171
v 2.354447 0.240646 0.473477
v 2.080666 0.462429 0.611868
v 2.101676 0.466683 0.712794
v 2.124114 0.465536 0.810988
v 2.234196 0.398219 0.619363
v 2.256921 0.430096 0.708734
v 2.268096 0.422186 0.807218
v 2.372592 0.321765 0.639144
v 2.384179 0.344330 0.725521
v 2.399094 0.359597 0.812644
v 2.637463 -0.048777 0.433125
v 2.614820 0.002503 0.511178
v 2.618979 0.073871 0.565589
v 2.793829 -0.118880 0.489870
v 2.770481 -0.058590 0.554882
v 2.762380 0.005417 0.608653
v 2.964557 -0.169393 0.533907
v 2.928036 -0.120883 0.600344
v 2.899134 -0.073755 0.664675
v 2.208158 0.112821 1.458958
v 2.310321 0.091398 1.484554
v 2.418567 0.053199 1.514020
v 2.215247 0.163777 1.395993
v 2.329158 0.146009 1.412671
v 2.441940 0.108091 1.426917
v 2.214098 0.219145 1.334370
v 2.334297 0.193725 1.336908
v 2.449875 0.152466 1.340325
v 2.619115 -0.099540 1.501649
v 2.717630 -0.185149 1.482649
v 2.824683 -0.268607 1.489376
v 2.660877 -0.016755 1.449745
v 2.769369 -0.093632 1.453215
v 2.871514 -0.184189 1.435825
v 2.688292 0.065264 1.385000
v 2.796081 -0.016799 1.381532
v 2.902878 -0.101160 1.374835
v 2.202316 0.353153 1.206765
v 2.337239 0.339165 1.208892
v 2.460226 0.288981 1.201581
v 2.193387 0.423900 1.125259
v 2.331183 0.400254 1.120478
v 2.453330 0.337413 1.109608
v 2.172652 0.455628 1.020229
v 2.317963 0.437994 1.016280
v 2.435661 0.355530 1.007527
v 3.723483 -0.879682 0.326382
v 3.786544 -0.877021 0.235648
v 3.835290 -0.869765 0.135247
v 3.641410 -0.757825 0.293627
v 3.698131 -0.769598 0.209419
v 3.746310 -0.770248 0.121140
v 3.544077 -0.653365 0.248161
v 3.615912 -0.662233 0.178769
v 3.654850 -0.685858 0.098627
v 3.854800 -0.761052 -0.278113
v 3.741417 -0.657307 -0.230347
v 3.610510 -0.583169 -0.195301
v 3.854465 -0.814141 -0.181284
v 3.752816 -0.712259 -0.148473
v 3.630418 -0.644108 -0.127277
v 3.866273 -0.840737 -0.075631
v 3.759695 -0.754261 -0.064643
v 3.653469 -0.684705 -0.056032
v 3.130593 -0.355124 0.010939
v 3.233136 -0.425390 0.073346
v 3.345161 -0.479881 0.132046
v 3.249208 -0.398241 -0.050568
v 3.355285 -0.431572 0.015763
v 3.426629 -0.517901 0.071627
v 3.380673 -0.432570 -0.103970
v 3.456638 -0.485402 -0.041131
v 3.497404 -0.566164 0.013576
v 3.735412 -1.300878 1.027358
v 3.827002 -1.327285 0.893118
v 3.924411 -1.338444 0.761674
v 3.698602 -1.142514 0.922228
v 3.767156 -1.183289 0.805166
v 3.841097 -1.205056 0.685000
v 3.643749 -1.005969 0.831641
v 3.709019 -1.048945 0.732698
v 3.784911 -1.070130 0.629130
v 4.020019 -1.371169 0.459570
v 4.064285 -1.380718 0.314737
v 4.086449 -1.385155 0.163448
v 3.978803 -1.220533 0.430435
v 4.041075 -1.218060 0.299377
v 4.098908 -1.213885 0.158970
v 3.895264 -1.109148 0.394327
v 3.953132 -1.105927 0.276252
v 4.019156 -1.087393 0.153787
v 3.477242 -0.754425 0.674638
v 3.545891 -0.792829 0.596383
v 3.617909 -0.820205 0.511687
v 3.361291 -0.651385 0.603281
v 3.441960 -0.679010 0.530815
v 3.510136 -0.711479 0.452253
v 3.258241 -0.534066 0.534820
v 3.318517 -0.581108 0.462175
v 3.398429 -0.607312 0.390667
v 3.753604 -1.225067 -0.991419
v 3.810375 -1.034172 -0.911294
v 3.809987 -0.871831 -0.823328
v 3.815780 -1.264095 -0.843102
v 3.839343 -1.084522 -0.781350
v 3.824460 -0.930689 -0.710636
v 3.875998 -1.299985 -0.697600
v 3.877709 -1.128018 -0.649273
v 3.831438 -0.981606 -0.594819
v 3.660879 -0.579372 -0.640621
v 3.572567 -0.434954 -0.561116
v 3.436158 -0.343433 -0.476483
v 3.740517 -0.614636 -0.562730
v 3.649587 -0.467084 -0.483851
v 3.487842 -0.393109 -0.408234
v 3.812011 -0.650695 -0.472193
v 3.701385 -0.520478 -0.397537
v 3.546471 -0.437821 -0.334739
v 3.928771 -1.356507 -0.398592
v 3.925108 -1.205316 -0.377486
v 3.941102 -1.058659 -0.360369
v 3.968074 -1.376019 -0.262523
v 3.962640 -1.228588 -0.248592
v 3.980853 -1.084966 -0.239602
v 4.017368 -1.387878 -0.127555
v 4.007132 -1.238897 -0.120138
v 4.011892 -1.096155 -0.114127
v 2.212054 0.244377 0.031791
v 2.313249 0.090124 0.091055
v 2.426308 -0.038542 0.164751
v 2.358092 0.157950 -0.038484
v 2.441535 0.041318 0.024701
v 2.546973 -0.051346 0.094892
v 2.501220 0.079781 -0.110424
v 2.580798 -0.004892 -0.038776
v 2.668809 -0.098828 0.018804
v 2.730000 -0.167697 0.295799
v 2.890021 -0.231314 0.351540
v 3.057106 -0.291013 0.407441
v 2.814965 -0.212813 0.221469
v 2.968796 -0.270316 0.279287
v 3.128022 -0.335126 0.338212
v 2.923079 -0.234947 0.146357
v 3.062049 -0.306250 0.205988
v 3.191699 -0.399456 0.265023
v 2.821765 -0.035266 -0.225214
v 2.895850 -0.086145 -0.151238
v 2.956012 -0.191481 -0.104888
v 2.992485 -0.091079 -0.278536
v 3.041099 -0.171835 -0.224878
v 3.088286 -0.272043 -0.177661
v 3.128978 -0.195884 -0.356219
v 3.165198 -0.282834 -0.304143
v 3.223023 -0.347802 -0.240398
v 3.235652 -0.235034 -0.978956
v 3.166382 -0.163494 -1.021398
v 3.100755 -0.081877 -1.062356
v 3.155996 -0.161273 -0.893325
v 3.110544 -0.092002 -0.937750
v 3.053508 -0.023641 -0.977829
v 3.081216 -0.075642 -0.821989
v 3.046163 -0.018247 -0.866866
v 3.021713 0.046196 -0.909389
v 2.799474 0.287656 -1.123230
v 2.798933 0.353085 -1.033657
v 2.796771 0.401844 -0.938442
v 2.878695 0.179879 -1.112882
v 2.866248 0.240888 -1.025600
v 2.851601 0.284802 -0.940919
v 2.913459 0.056802 -1.076598
v 2.938096 0.141317 -1.023546
v 2.921401 0.192871 -0.947583
v 2.803308 0.391367 -0.546022
v 2.907621 0.280741 -0.614314
v 2.984832 0.161113 -0.689857
v 2.831506 0.441471 -0.618670
v 2.899479 0.310774 -0.686211
v 2.953106 0.189499 -0.746848
v 2.837607 0.460846 -0.721390
v 2.887938 0.327604 -0.766102
v 2.938189 0.217458 -0.805006
v 3.630230 -1.082701 -1.220331
v 3.529194 -0.970660 -1.271067
v 3.418336 -0.864363 -1.291039
v 3.648999 -0.912956 -1.078799
v 3.546865 -0.831437 -1.129275
v 3.449991 -0.738592 -1.172391
v 3.630011 -0.764512 -0.967537
v 3.519167 -0.709272 -1.010476
v 3.444901 -0.619124 -1.068267
v 3.207706 -0.653744 -1.305406
v 3.124768 -0.544492 -1.322394
v 3.055807 -0.424709 -1.355050
v 3.251528 -0.548985 -1.231863
v 3.171556 -0.443624 -1.262701
v 3.087963 -0.339127 -1.284541
v 3.277613 -0.438594 -1.159182
v 3.196417 -0.343358 -1.196300
v 3.114898 -0.244747 -1.225780
v 3.519462 -0.479117 -0.774077
v 3.433624 -0.435816 -0.827285
v 3.351760 -0.384443 -0.877301
v 3.413908 -0.370413 -0.682896
v 3.332917 -0.334777 -0.738011
v 3.258948 -0.290383 -0.791741
v 3.291671 -0.278940 -0.600400
v 3.242636 -0.222416 -0.663234
v 3.185025 -0.174282 -0.721459
v 2.362439 0.239554 -1.334246
v 2.377989 0.335941 -1.309224
v 2.387205 0.435351 -1.273262
v 2.450450 0.189919 -1.364052
v 2.478059 0.287799 -1.333038
v 2.494040 0.381411 -1.279490
v 2.538579 0.125805 -1.372355
v 2.575554 0.218586 -1.339327
v 2.596559 0.309102 -1.284700
v 2.391922 0.645616 -1.168532
v 2.396167 0.765627 -1.087495
v 2.375092 0.814844 -0.941067
v 2.511351 0.564529 -1.144174
v 2.527463 0.666576 -1.057958
v 2.526012 0.735988 -0.928941
v 2.595223 0.466995 -1.122689
v 2.617486 0.561023 -1.044422
v 2.642130 0.647533 -0.935289
v 2.708722 -0.042132 -1.352722
v 2.735150 0.032113 -1.291246
v 2.776156 0.124977 -1.260571
v 2.781720 -0.141716 -1.329093
v 2.809291 -0.068618 -1.268676
v 2.840110 0.014392 -1.225452
v 2.865875 -0.233171 -1.331860
v 2.895844 -0.157717 -1.272153
v 2.914721 -0.082619 -1.212561
v 2.085690 0.455127 -0.063086
v 2.274919 0.355976 -0.152701
v 2.439581 0.272041 -0.222086
v 2.104405 0.536534 -0.149636
v 2.283096 0.437144 -0.223504
v 2.434657 0.347525 -0.292752
v 2.138065 0.612909 -0.243698
v 2.319841 0.522205 -0.283034
v 2.457586 0.426022 -0.349960
v 2.756736 0.112147 -0.337296
v 2.932445 0.051745 -0.372458
v 3.068185 -0.053337 -0.457185
v 2.759789 0.195546 -0.379834
v 2.912457 0.113193 -0.436250
v 3.062780 0.026527 -0.505220
v 2.761663 0.263105 -0.438383
v 2.905097 0.174148 -0.496017
v 3.048383 0.086691 -0.563059
v 2.226019 0.745983 -0.422090
v 2.401697 0.662702 -0.430786
v 2.543007 0.580148 -0.456670
v 2.278543 0.811053 -0.514664
v 2.431148 0.701278 -0.537344
v 2.572578 0.629928 -0.550283
v 2.323560 0.855531 -0.638957
v 2.481015 0.754479 -0.638340
v 2.616215 0.680630 -0.652547
v 0.606319 -0.324141 1.119089
v 0.723958 -0.221965 1.181942
v 0.843523 -0.119109 1.241874
v 0.641984 -0.214603 1.061425
v 0.762156 -0.135603 1.111421
v 0.862819 -0.041267 1.174892
v 0.705883 -0.111156 0.994985
v 0.793588 -0.029760 1.060034
v 0.897109 0.031427 1.107206
v 1.366694 0.270169 1.375125
v 1.338698 0.328924 1.284504
v 1.290889 0.409302 1.210866
v 1.238746 0.171444 1.351145
v 1.204526 0.247015 1.286767
v 1.181934 0.294860 1.197260
v 1.104183 0.075086 1.326053
v 1.089652 0.142836 1.259104
v 1.078834 0.196088 1.184563
v 1.025542 0.437357 0.806909
v 0.918044 0.294301 0.853505
v 0.830581 0.153917 0.899834
v 1.093225 0.478164 0.905371
v 0.986297 0.339155 0.936100
v 0.906587 0.204087 0.969401
v 1.179249 0.469361 0.996928
v 1.042107 0.374640 1.033397
v 0.971276 0.242405 1.043638
v -0.175080 -1.131780 1.323160
v 0.014439 -1.008130 1.401824
v 0.229672 -0.921118 1.395457
v -0.179539 -0.975478 1.238253
v 0.017260 -0.894092 1.281279
v 0.220218 -0.826049 1.285903
v -0.124330 -0.849978 1.124802
v 0.062395 -0.799459 1.155826
v 0.236371 -0.717230 1.191770
v 0.595489 -0.699078 1.430634
v 0.750568 -0.563261 1.484622
v 0.921730 -0.447999 1.517084
v 0.563390 -0.604687 1.353061
v 0.716195 -0.479919 1.402998
v 0.869873 -0.359740 1.455787
v 0.545317 -0.497054 1.287308
v 0.705487 -0.397211 1.321763
v 0.855320 -0.287960 1.370133
v 0.058100 -0.636165 0.909875
v 0.212840 -0.589510 0.955157
v 0.358017 -0.518029 1.002535
v 0.173729 -0.534453 0.813638
v 0.300967 -0.467848 0.880256
v 0.428604 -0.396911 0.936399
v 0.261819 -0.378367 0.755334
v 0.388841 -0.329755 0.814314
v 0.505233 -0.266542 0.873587
v 2.018552 0.141113 1.512030
v 1.994339 0.189484 1.440821
v 1.975809 0.254317 1.381616
v 1.912757 0.110468 1.538167
v 1.876560 0.174781 1.476656
v 1.848574 0.246066 1.418228
v 1.796452 0.063558 1.559372
v 1.752948 0.149685 1.522188
v 1.717120 0.221009 1.458015
v 1.934547 0.372940 1.236835
v 1.912380 0.443277 1.159326
v 1.886373 0.500498 1.065355
v 1.798308 0.375854 1.273313
v 1.769768 0.440148 1.189659
v 1.736635 0.493384 1.093276
v 1.658172 0.382966 1.331126
v 1.625892 0.457359 1.247095
v 1.587798 0.497323 1.137177
v 1.531927 -0.048307 1.616223
v 1.488758 0.016754 1.541676
v 1.439608 0.109842 1.504978
v 1.402615 -0.140826 1.586290
v 1.348847 -0.062824 1.534393
v 1.300170 0.019777 1.484314
v 1.260037 -0.246749 1.548573
v 1.199825 -0.162015 1.505830
v 1.159420 -0.082654 1.447402
v 1.530483 0.472830 0.209683
v 1.287804 0.470448 0.252299
v 1.077590 0.382722 0.306952
v 1.591967 0.509242 0.313556
v 1.363713 0.512576 0.353323
v 1.155799 0.456919 0.402795
v 1.647339 0.554641 0.418296
v 1.431190 0.548441 0.452989
v 1.216096 0.539572 0.496452
v 0.725084 0.194873 0.453016
v 0.576002 0.074829 0.543647
v 0.476397 -0.095781 0.615492
v 0.813312 0.256987 0.541445
v 0.673041 0.128700 0.622144
v 0.570128 -0.030556 0.691510
v 0.872224 0.344899 0.626529
v 0.753809 0.190866 0.699990
v 0.670684 0.024433 0.757132
v 1.734756 0.544808 0.634977
v 1.552607 0.570774 0.664298
v 1.365568 0.586379 0.704535
v 1.776107 0.543606 0.738461
v 1.605590 0.571714 0.768455
v 1.432043 0.576334 0.808267
v 1.818545 0.558264 0.846829
v 1.654724 0.570065 0.878392
v 1.490975 0.558613 0.915639
v -0.577041 -0.842531 0.352382
v -0.488824 -0.707438 0.307894
v -0.380802 -0.595347 0.263889
v -0.622485 -0.865140 0.240320
v -0.538109 -0.732532 0.211792
v -0.438471 -0.630080 0.177596
v -0.644079 -0.888212 0.119339
v -0.554855 -0.764687 0.106130
v -0.476086 -0.655999 0.088549
v 0.192922 -0.356582 0.010952
v 0.073435 -0.409894 -0.063539
v -0.042053 -0.481295 -0.130624
v 0.036056 -0.375864 0.073954
v -0.060493 -0.442998 0.003284
v -0.160668 -0.506590 -0.062819
v -0.104445 -0.442815 0.147290
v -0.188795 -0.492789 0.071204
v -0.256838 -0.564231 0.006439
v -0.528572 -0.822515 -0.365144
v -0.566459 -0.869928 -0.245498
v -0.610091 -0.893113 -0.127700
v -0.421838 -0.709400 -0.315359
v -0.478376 -0.752026 -0.214482
v -0.527935 -0.771278 -0.112447
v -0.295461 -0.623454 -0.259170
v -0.374411 -0.661481 -0.173813
v -0.446648 -0.670762 -0.092842
v -0.469092 -1.327979 1.056669
v -0.450763 -1.144974 1.004015
v -0.436963 -0.964684 0.958869
v -0.573415 -1.373022 0.913893
v -0.548867 -1.198690 0.870580
v -0.502413 -1.038963 0.817173
v -0.665236 -1.402139 0.775891
v -0.628968 -1.236161 0.734220
v -0.587185 -1.082399 0.692195
v -0.223986 -0.719586 0.769788
v -0.106675 -0.585294 0.693853
v 0.024372 -0.465935 0.614107
v -0.355404 -0.736179 0.688599
v -0.226549 -0.617168 0.608866
v -0.103517 -0.483025 0.540234
v -0.470659 -0.753968 0.591439
v -0.351519 -0.618881 0.526026
v -0.207461 -0.522710 0.446923
v -0.783208 -1.432541 0.470784
v -0.752619 -1.276682 0.448928
v -0.696620 -1.139345 0.419249
v -0.819843 -1.438274 0.313661
v -0.790575 -1.286482 0.300159
v -0.752717 -1.146592 0.284277
v -0.840326 -1.439560 0.156876
v -0.828601 -1.285777 0.150665
v -0.780256 -1.153208 0.141540
v 1.254601 0.399189 0.026626
v 1.115763 0.234523 -0.053206
v 0.982984 0.089791 -0.134958
v 1.099098 0.252305 0.091264
v 0.989565 0.114196 0.018097
v 0.869972 -0.011900 -0.059339
v 0.932055 0.145944 0.158080
v 0.833602 0.027990 0.084657
v 0.716103 -0.073287 0.007822
v 0.744157 -0.169821 -0.282155
v 0.602946 -0.241877 -0.347100
v 0.458242 -0.328769 -0.404018
v 0.612030 -0.213515 -0.207025
v 0.482037 -0.317154 -0.264875
v 0.329166 -0.370431 -0.336707
v 0.479150 -0.271728 -0.128144
v 0.348471 -0.356467 -0.195364
v 0.204138 -0.412597 -0.269510
v 0.592617 -0.028168 0.306304
v 0.500675 -0.115091 0.229214
v 0.408400 -0.209294 0.157306
v 0.429729 -0.114955 0.385099
v 0.337523 -0.192367 0.308355
v 0.240116 -0.261241 0.230946
v 0.269715 -0.203595 0.463225
v 0.167116 -0.260052 0.384341
v 0.071075 -0.317672 0.305085
v -0.183258 -1.296359 -0.930846
v -0.381116 -1.320642 -0.897424
v -0.539396 -1.344803 -0.785242
v -0.210871 -1.124734 -0.927925
v -0.381479 -1.151749 -0.860155
v -0.512418 -1.182612 -0.736437
v -0.221610 -0.957353 -0.904533
v -0.371963 -0.991445 -0.821849
v -0.523440 -1.012994 -0.723787
v -0.692726 -1.408296 -0.461714
v -0.742117 -1.429624 -0.304605
v -0.805756 -1.436393 -0.157321
v -0.695528 -1.246789 -0.449907
v -0.752177 -1.270835 -0.300526
v -0.781032 -1.288847 -0.150443
v -0.663374 -1.101758 -0.428149
v -0.711795 -1.132748 -0.287064
v -0.758041 -1.149597 -0.148759
v -0.096949 -0.659061 -0.739842
v -0.219252 -0.715686 -0.653712
v -0.327873 -0.766821 -0.562215
v 0.025347 -0.561283 -0.642789
v -0.098478 -0.608723 -0.569870
v -0.212666 -0.653285 -0.490491
v 0.167175 -0.491860 -0.551955
v 0.042399 -0.529539 -0.485177
v -0.078763 -0.561495 -0.415496
v 0.737643 -0.280073 -1.052552
v 0.770566 -0.180759 -0.984141
v 0.838373 -0.096299 -0.914646
v 0.858639 -0.185839 -1.104945
v 0.889055 -0.104844 -1.035166
v 0.950109 -0.033530 -0.966063
v 1.002259 -0.106735 -1.135159
v 1.025880 -0.040904 -1.065370
v 1.050219 0.029484 -1.009416
v 1.188100 0.358945 -0.722714
v 1.249546 0.418747 -0.808398
v 1.309574 0.453152 -0.900438
v 1.102569 0.215885 -0.764572
v 1.136736 0.302333 -0.843784
v 1.204852 0.341354 -0.926269
v 1.030056 0.081331 -0.806829
v 1.070062 0.166076 -0.875677
v 1.109011 0.234671 -0.953236
v 1.502273 0.301460 -1.231136
v 1.372128 0.204338 -1.218704
v 1.234227 0.117264 -1.225769
v 1.457772 0.374749 -1.164724
v 1.334416 0.278451 -1.165680
v 1.231804 0.164127 -1.140725
v 1.411428 0.429309 -1.085129
v 1.303560 0.326995 -1.090555
v 1.214221 0.213277 -1.079500
v 0.161434 -1.136572 -1.083885
v 0.100325 -0.987828 -1.088362
v 0.068886 -0.821544 -1.060320
v 0.323315 -1.016902 -1.157719
v 0.262639 -0.887698 -1.140801
v 0.231388 -0.740938 -1.103633
v 0.480069 -0.893567 -1.208957
v 0.416532 -0.778758 -1.191363
v 0.403551 -0.663318 -1.126031
v 0.182907 -0.555206 -0.868208
v 0.290875 -0.464929 -0.767707
v 0.407239 -0.366670 -0.683274
v 0.343595 -0.520570 -0.905916
v 0.425175 -0.409812 -0.822289
v 0.537911 -0.325263 -0.736468
v 0.486969 -0.457077 -0.948934
v 0.557971 -0.354160 -0.868417
v 0.651906 -0.263299 -0.791430
v 0.777072 -0.654024 -1.327478
v 0.737810 -0.569962 -1.263636
v 0.720237 -0.476754 -1.193694
v 0.928036 -0.541782 -1.362569
v 0.890902 -0.460723 -1.299546
v 0.855175 -0.361559 -1.247516
v 1.078477 -0.428557 -1.384033
v 1.034384 -0.344212 -1.341521
v 1.000483 -0.254584 -1.287123
v 1.518184 0.561328 -0.062602
v 1.564154 0.661585 -0.152755
v 1.617096 0.729257 -0.276882
v 1.297040 0.456749 -0.173172
v 1.347617 0.561242 -0.255665
v 1.401936 0.650699 -0.354324
v 1.154553 0.304232 -0.275151
v 1.226784 0.397992 -0.355188
v 1.309591 0.467213 -0.443049
v 1.709428 0.871207 -0.503986
v 1.756552 0.929410 -0.639596
v 1.825461 0.897339 -0.783962
v 1.529742 0.772236 -0.573693
v 1.580080 0.825387 -0.703534
v 1.656621 0.810094 -0.833691
v 1.391886 0.648458 -0.626404
v 1.447407 0.707622 -0.740014
v 1.523617 0.708177 -0.858116
v 0.958391 -0.024840 -0.422924
v 0.995840 0.100545 -0.494777
v 1.059929 0.200182 -0.570559
v 0.825188 -0.142128 -0.476038
v 0.927719 -0.066287 -0.551632
v 0.965693 0.053567 -0.622989
v 0.693593 -0.225394 -0.527147
v 0.792947 -0.162552 -0.599393
v 0.871187 -0.075880 -0.668043
v 2.169314 0.224910 -1.297048
v 2.066702 0.166101 -1.290089
v 1.949644 0.101010 -1.321370
v 2.137673 0.321566 -1.297383
v 2.027138 0.254282 -1.269745
v 1.906924 0.188282 -1.287372
v 2.112611 0.411305 -1.252044
v 1.990495 0.345499 -1.248404
v 1.863240 0.282367 -1.280086
v 1.698630 -0.056662 -1.340187
v 1.559086 -0.136579 -1.381482
v 1.405861 -0.227284 -1.385786
v 1.643680 0.035430 -1.327959
v 1.501488 -0.044834 -1.357057
v 1.349090 -0.135666 -1.367404
v 1.595284 0.121893 -1.290168
v 1.451923 0.044573 -1.323858
v 1.301676 -0.046820 -1.326796
v 2.041582 0.608786 -1.190127
v 1.904418 0.535633 -1.195493
v 1.767315 0.474419 -1.227135
v 1.999300 0.697272 -1.119063
v 1.848453 0.634307 -1.149255
v 1.715423 0.557525 -1.160661
v 1.947769 0.780942 -1.028813
v 1.790517 0.714332 -1.063728
v 1.656233 0.633352 -1.081151
vn -0.0298 0.1259 0.9916
vn 0.2957 0.0030 0.9553
vn 0.3406 0.0653 0.9379
vn 0.1775 0.0638 0.9821
vn 0.3773 -0.0109 0.9260
vn 0.3201 -0.0020 0.9474
vn 0.2745 0.0482 0.9604
vn 0.3335 0.0118 0.9427
vn 0.2423 -0.0064 0.9702
vn -0.3505 0.3352 0.8745
vn -0.1165 0.1123 0.9868
vn -0.3614 0.3226 0.8748
vn 0.1939 -0.0493 0.9798
vn 0.3730 -0.0615 0.9258
vn 0.4487 -0.0916 0.8890
vn 0.4312 -0.0985 0.8969
vn 0.4056 -0.1489 0.9019
vn 0.3746 -0.1064 0.9210
vn 0.3391 -0.1736 0.9246
vn 0.2146 -0.1244 0.9687
vn 0.1524 0.0021 0.9883
vn 0.2770 0.0188 0.9607
vn -0.0132 0.1579 0.9874
vn 0.2573 0.0504 0.9650
vn -0.2968 0.2352 0.9255
vn 0.1070 -0.1935 0.9752
vn 0.1093 -0.1958 0.9745
vn 0.2443 -0.2281 0.9425
vn 0.2239 -0.1292 0.9660
vn 0.1871 -0.2311 0.9548
vn 0.2676 -0.2403 0.9331
vn 0.3509 -0.2354 0.9063
vn 0.3736 -0.1230 0.9194
vn 0.3000 -0.2343 0.9247
vn 0.2611 -0.3266 0.9084
vn 0.2515 -0.2107 0.9446
vn 0.1818 -0.3328 0.9253
vn 0.1827 -0.1698 0.9684
vn 0.1311 -0.1885 0.9733
vn 0.1333 -0.1762 0.9753
vn 0.2014 -0.1518 0.9677
vn 0.2574 -0.1367 0.9566
vn 0.3001 -0.1899 0.9348
vn 0.4044 -0.1306 0.9052
vn 0.2770 -0.2320 0.9324
vn 0.1661 0.0490 0.9849
vn 0.0708 0.0323 0.9970
vn 0.2487 -0.0728 0.9658
vn 0.2768 -0.1498 0.9492
vn 0.1200 0.0610 0.9909
vn 0.1341 -0.0143 0.9909
vn 0.3054 -0.1175 0.9449
vn 0.2144 -0.0950 0.9721
vn 0.2901 -0.1724 0.9413
vn 0.1351 0.3437 0.9293
vn 0.0912 0.2115 0.9731
vn 0.1897 0.1339 0.9727
vn 0.1085 0.0386 0.9934
vn 0.2693 0.0123 0.9630
vn 0.1223 -0.1288 0.9841
vn 0.1925 -0.1232 0.9735
vn -0.5756 -0.0758 0.8142
vn -0.5032 -0.0945 0.8590
vn -0.3555 0.1387 0.9243
vn -0.3958 0.1883 0.8988
vn -0.4592 -0.0662 0.8859
vn -0.4042 0.1778 0.8972
vn -0.2737 0.4161 0.8671
vn -0.2214 0.4698 0.8545
vn -0.3524 0.4002 0.8459
vn -0.6232 -0.1252 0.7720
vn -0.5861 -0.3029 0.7515
vn -0.6208 0.0316 0.7833
vn -0.6083 -0.3936 0.6892
vn -0.5505 -0.4535 0.7009
vn -0.3375 -0.5406 0.7706
vn -0.3226 -0.1595 0.9330
vn -0.3048 0.0250 0.9521
vn -0.3232 0.2242 0.9194
vn -0.4006 0.4275 0.8104
vn -0.3421 0.4411 0.8297
vn -0.3083 0.4672 0.8286
vn -0.2255 0.5533 0.8019
vn -0.3144 0.4778 0.8203
vn -0.4573 0.3109 0.8332
vn -0.1617 -0.3046 0.9387
vn -0.1550 -0.3139 0.9367
vn -0.0608 -0.1631 0.9847
vn -0.1840 -0.1642 0.9691
vn 0.0934 -0.2817 0.9549
vn 0.2723 -0.1389 0.9521
vn 0.0769 -0.0518 0.9957
vn -0.1559 0.0066 0.9877
vn 0.3452 -0.1101 0.9321
vn -0.1530 -0.5901 0.7927
vn -0.1772 -0.5965 0.7828
vn -0.0293 -0.5885 0.8079
vn 0.3281 -0.5096 0.7954
vn 0.4190 -0.2234 0.8801
vn 0.4663 -0.1648 0.8691
vn 0.4549 -0.1661 0.8749
vn -0.4249 0.3583 0.8313
vn -0.4515 0.3626 0.8153
vn -0.4858 0.3408 0.8049
vn -0.4653 0.3267 0.8227
vn -0.4332 0.3510 0.8301
vn -0.4467 0.2766 0.8509
vn -0.4563 0.4203 0.7843
vn -0.4243 0.4547 0.7831
vn -0.3804 0.3314 0.8634
vn -0.4213 0.3151 0.8504
vn -0.1739 0.3316 0.9273
vn -0.4276 0.4843 0.7633
vn -0.4445 0.4741 0.7600
vn -0.3217 0.3757 0.8691
vn -0.3837 0.3974 0.8336
vn -0.4155 0.2613 0.8713
vn 0.2694 -0.2344 0.9341
vn 0.2747 -0.2365 0.9320
vn 0.1271 -0.2493 0.9600
vn 0.1620 -0.3130 0.9358
vn 0.2167 -0.2752 0.9366
vn 0.1338 -0.2748 0.9521
vn 0.1443 -0.2862 0.9473
vn 0.1602 -0.2438 0.9565
vn 0.2122 -0.2992 0.9303
vn 0.4221 -0.2240 0.8785
vn 0.4071 -0.0934 0.9086
vn 0.2451 -0.3986 0.8838
vn 0.4594 -0.1805 0.8697
vn 0.4475 -0.1692 0.8781
vn 0.4441 -0.0960 0.8908
vn 0.1725 -0.2744 0.9460
vn 0.1116 -0.2811 0.9532
vn 0.2786 -0.2536 0.9263
vn 0.2236 -0.3846 0.8956
vn 0.2078 -0.2587 0.9433
vn 0.2356 -0.1240 0.9639
vn 0.2548 -0.4425 0.8598
vn 0.2930 -0.3693 0.8819
vn 0.1828 -0.4797 0.8582
vn 0.1393 -0.2810 0.9495
vn 0.1252 -0.1869 0.9744
vn 0.1215 -0.3199 0.9396
vn 0.0766 -0.2708 0.9596
vn 0.1914 0.0366 0.9808
vn 0.1826 -0.1948 0.9637
vn 0.3276 -0.2294 0.9165
vn 0.3177 -0.1826 0.9305
vn 0.2318 -0.1976 0.9525
vn 0.4947 -0.0153 0.8689
vn 0.4735 0.1717 0.8639
vn 0.3786 0.2993 0.8758
vn 0.3196 0.2766 0.9063
vn 0.3032 0.2072 0.9301
vn 0.2441 -0.0158 0.9696
vn 0.1565 -0.1542 0.9756
vn 0.3046 -0.0813 0.9490
vn 0.2887 -0.1552 0.9447
vn 0.3756 -0.1052 0.9208
vn 0.3545 -0.1309 0.9259
vn 0.2408 -0.3826 0.8920
vn 0.3593 -0.2596 0.8964
vn 0.4283 -0.1562 0.8900
vn 0.4295 -0.1620 0.8884
vn 0.4296 -0.1869 0.8835
vn 0.3208 -0.3880 0.8640
vn 0.4438 -0.4235 0.7897
vn 0.3741 -0.4032 0.8351
vn 0.0022 0.5618 0.8273
vn -0.0424 0.5112 0.8584
vn 0.0320 0.2943 0.9552
vn 0.0565 0.4699 0.8809
vn -0.0608 0.4316 0.9000
vn 0.0410 0.1912 0.9807
vn 0.1190 0.0498 0.9916
vn 0.2747 0.2238 0.9351
vn 0.1241 0.0934 0.9879
vn 0.1671 0.6832 0.7108
vn 0.0567 0.5585 0.8276
vn 0.0979 0.7375 0.6682
vn -0.0261 0.4831 0.8752
vn 0.0243 0.4477 0.8939
vn 0.0618 0.4389 0.8964
vn 0.0563 0.4555 0.8884
vn 0.1395 0.3156 0.9386
vn 0.2057 0.2293 0.9514
vn 0.1175 0.2426 0.9630
vn 0.2372 0.0932 0.9670
vn 0.3824 0.0962 0.9190
vn 0.3463 0.4170 0.8403
vn 0.3676 0.2000 0.9082
vn 0.1507 0.6743 0.7229
vn -0.0193 0.4619 0.8867
vn -0.3024 0.4161 0.8576
vn -0.0453 0.3083 0.9502
vn 0.1266 0.3194 0.9391
vn -0.4701 0.3995 0.7870
vn -0.3088 0.3988 0.8635
vn 0.1772 0.0745 0.9814
vn 0.1866 0.1551 0.9701
vn 0.0966 0.1829 0.9784
vn -0.1621 0.4352 0.8856
vn -0.4054 0.3932 0.8252
vn -0.4691 0.3605 0.8062
vn 0.2991 0.2360 0.9246
vn 0.2758 0.2963 0.9144
vn 0.2600 0.3342 0.9059
vn 0.2727 0.3380 0.9008
vn 0.1845 0.2288 0.9558
vn 0.1648 0.0781 0.9832
vn 0.2857 0.1507 0.9464
vn 0.3368 0.2884 0.8963
vn 0.1417 -0.0870 0.9861
vn 0.2869 0.1779 0.9413
vn 0.2900 0.2286 0.9293
vn 0.2356 0.2455 0.9403
vn -0.0712 -0.9966 0.0422
vn -0.0256 -0.9915 -0.1278
vn -0.0807 -0.9925 -0.0921
vn -0.0586 -0.9983 -0.0002
vn -0.1091 -0.9940 -0.0044
vn -0.1115 -0.9931 0.0362
vn -0.1304 -0.9914 0.0122
vn -0.1051 -0.9944 0.0073
vn -0.2055 -0.9786 -0.0099
vn -0.2340 -0.9699 0.0679
vn -0.1967 -0.9774 0.0778
vn -0.1358 -0.9868 0.0881
vn -0.0526 -0.9986 -0.0092
vn 0.0009 -0.9999 0.0151
vn -0.0985 -0.9920 0.0785
vn -0.0664 -0.9960 0.0602
vn -0.1425 -0.9872 -0.0720
vn -0.2133 -0.9735 -0.0824
vn 0.0784 -0.9954 0.0543
vn 0.0444 -0.9854 0.1646
vn 0.0718 -0.9824 0.1727
vn 0.1338 -0.9846 0.1129
vn -0.0904 -0.9958 0.0111
vn 0.2055 -0.9628 0.1753
vn -0.0756 -0.9969 0.0234
vn -0.1580 -0.9823 0.1008
vn 0.0973 -0.9626 0.2529
vn -0.1286 -0.9867 0.0992
vn -0.2334 -0.9655 0.1151
vn 0.2296 -0.9369 0.2638
vn 0.1381 -0.9479 0.2870
vn -0.2574 -0.9635 -0.0734
vn -0.0740 -0.9947 0.0716
vn -0.0116 -0.9965 0.0828
vn -0.1381 -0.9727 0.1868
vn 0.0651 -0.9761 0.2074
vn -0.1663 -0.9640 0.2076
vn 0.2599 -0.9373 0.2322
vn 0.2749 -0.9377 0.2124
vn 0.2116 -0.9486 0.2351
vn 0.2622 -0.9213 0.2872
vn 0.2207 -0.9447 0.2426
vn 0.2055 -0.9703 0.1279
vn -0.0795 -0.9963 -0.0325
vn -0.1262 -0.9634 0.2366
vn 0.2288 -0.8833 0.4091
vn 0.2836 -0.8594 0.4255
vn 0.3068 -0.8603 0.4072
vn 0.2345 -0.8706 0.4324
vn 0.3827 -0.8655 0.3231
vn 0.3224 -0.8850 0.3359
vn 0.2947 -0.9042 0.3091
vn 0.2417 -0.8971 0.3698
vn 0.2559 -0.9369 0.2384
vn 0.2607 -0.8435 0.4696
vn 0.2631 -0.9002 0.3471
vn 0.2335 -0.8720 0.4302
vn 0.2521 -0.9122 0.3231
vn 0.4030 -0.8515 0.3355
vn 0.1948 -0.9069 0.3736
vn 0.2181 -0.8638 0.4542
vn -0.5120 -0.7365 0.4421
vn -0.3957 -0.9102 0.1226
vn -0.4728 -0.8805 0.0344
vn -0.5562 -0.7834 0.2774
vn -0.4297 -0.9008 0.0620
vn -0.4620 -0.8845 0.0647
vn -0.4127 -0.9086 0.0638
vn -0.4814 -0.8316 0.2770
vn -0.3663 -0.9286 0.0594
vn -0.4634 -0.6439 0.6087
vn -0.2540 -0.9202 0.2978
vn -0.2111 -0.9663 0.1470
vn -0.3683 -0.9170 0.1531
vn -0.4720 -0.8756 0.1023
vn -0.4055 -0.9124 0.0561
vn -0.3171 -0.9469 0.0533
vn -0.2460 -0.9643 0.0979
vn -0.2795 -0.9549 0.1003
vn -0.3179 -0.8834 0.3443
vn -0.4033 -0.9145 -0.0327
vn -0.4301 -0.9028 -0.0061
vn -0.3598 -0.9297 0.0788
vn -0.3703 -0.9282 0.0379
vn -0.4460 -0.8919 0.0745
vn -0.2204 -0.9624 0.1589
vn -0.1996 -0.9677 0.1537
vn -0.2799 -0.9538 0.1093
vn -0.0274 -0.9992 0.0291
vn -0.3818 -0.9187 0.1007
vn -0.3497 -0.9368 0.0110
vn -0.4579 -0.8817 0.1139
vn -0.4205 -0.8942 0.1535
vn -0.2297 -0.9705 0.0731
vn -0.0254 -0.9992 0.0306
vn 0.0016 -0.9940 0.1092
vn -0.1503 -0.8986 0.4122
vn -0.1450 -0.9629 0.2276
vn -0.1844 -0.9583 0.2183
vn -0.1767 -0.8728 0.4549
vn -0.1610 -0.9744 0.1567
vn -0.1360 -0.9879 0.0748
vn -0.0514 -0.9741 0.2201
vn -0.0710 -0.8861 0.4581
vn -0.0529 -0.9955 0.0786
vn 0.2694 -0.9231 0.2743
vn 0.2952 -0.9183 0.2638
vn 0.2955 -0.8432 0.4491
vn -0.0687 -0.9508 -0.3020
vn 0.0459 -0.9916 -0.1207
vn -0.1621 -0.9803 0.1131
vn -0.1583 -0.9862 0.0482
vn 0.1285 -0.9830 0.1309
vn 0.0435 -0.9650 0.2588
vn -0.1812 -0.9601 0.2130
vn -0.1186 -0.9783 0.1699
vn -0.1478 -0.9551 0.2568
vn -0.0225 -0.9111 -0.4117
vn 0.0236 -0.8994 -0.4365
vn -0.0732 -0.9278 -0.3659
vn 0.0406 -0.9613 -0.2725
vn 0.0292 -0.9989 0.0359
vn 0.1328 -0.9298 0.3433
vn 0.1416 -0.9220 0.3603
vn 0.1803 -0.9440 0.2763
vn 0.0481 -0.9737 0.2227
vn -0.1472 -0.9720 0.1833
vn -0.1341 -0.9738 0.1837
vn -0.1311 -0.9579 0.2554
vn -0.1116 -0.9922 0.0563
vn -0.0889 -0.9700 0.2261
vn -0.1203 -0.9820 -0.1455
vn 0.1128 -0.9119 0.3947
vn 0.0095 -0.9511 0.3089
vn 0.1188 -0.9324 0.3413
vn 0.2117 -0.9226 0.3224
vn 0.0213 -0.9621 0.2720
vn -0.0251 -0.9521 0.3048
vn 0.2644 -0.9232 0.2788
vn 0.2275 -0.9386 0.2593
vn 0.1663 -0.9596 0.2269
vn 0.1266 -0.9339 0.3343
vn 0.0843 -0.9760 0.2006
vn 0.0893 -0.9726 0.2147
vn 0.0771 -0.9415 0.3281
vn 0.1132 -0.9271 0.3574
vn 0.0194 -0.9171 0.3981
vn 0.0840 -0.9615 0.2615
vn -0.1017 -0.9540 0.2819
vn -0.1813 -0.9494 0.2565
vn -0.0602 -0.9906 0.1228
vn -0.0214 -0.9864 0.1629
vn -0.1688 -0.9577 0.2329
vn -0.1416 -0.9841 0.1076
vn -0.0188 -0.9985 0.0523
vn -0.0169 -0.9944 0.1043
vn -0.0343 -0.9972 0.0670
vn -0.0421 -0.9563 0.2894
vn -0.1924 -0.9764 0.0985
vn -0.0371 -0.9705 0.2384
vn 0.1661 -0.5802 0.7973
vn 0.2083 -0.6347 0.7441
vn 0.2529 -0.6515 0.7153
vn 0.1047 -0.6486 0.7539
vn 0.3071 -0.6037 0.7357
vn 0.2913 -0.6656 0.6871
vn 0.2513 -0.7524 0.6089
vn 0.1049 -0.7085 0.6978
vn 0.2438 -0.7792 0.5775
vn 0.3024 -0.4988 0.8123
vn 0.3019 -0.6106 0.7321
vn 0.2886 -0.7027 0.6503
vn 0.2736 -0.8116 0.5162
vn 0.2134 -0.8281 0.5184
vn 0.2207 -0.8021 0.5549
vn 0.1183 -0.7620 0.6367
vn 0.0544 -0.6863 0.7253
vn 0.0143 -0.7233 0.6904
vn 0.1705 -0.6050 0.7777
vn 0.3334 -0.6080 0.7206
vn 0.3586 -0.6504 0.6696
vn 0.3118 -0.8160 0.4867
vn 0.3550 -0.7299 0.5841
vn 0.4145 -0.7488 0.5173
vn 0.3671 -0.8688 0.3323
vn 0.2519 -0.9250 0.2844
vn 0.3302 -0.8598 0.3895
vn 0.3726 -0.8742 0.3112
vn 0.1574 -0.7605 0.6300
vn 0.2009 -0.7816 0.5906
vn 0.1569 -0.8031 0.5749
vn 0.1640 -0.8013 0.5753
vn 0.1946 -0.8178 0.5416
vn 0.1586 -0.8339 0.5286
vn 0.1060 -0.8649 0.4906
vn 0.1370 -0.8864 0.4422
vn 0.1242 -0.8738 0.4702
vn 0.0288 -0.7494 0.6615
vn 0.0751 -0.8874 0.4549
vn 0.0719 -0.8110 0.5805
vn -0.3217 -0.9465 -0.0247
vn -0.1770 -0.9841 0.0135
vn -0.3150 -0.9366 0.1535
vn -0.3206 -0.9401 0.1161
vn -0.0417 -0.9991 -0.0086
vn -0.1912 -0.9592 0.2081
vn -0.3153 -0.9290 0.1939
vn -0.2660 -0.9512 0.1562
vn -0.2214 -0.9334 0.2825
vn -0.1752 -0.9153 -0.3628
vn -0.1125 -0.9359 -0.3339
vn -0.3010 -0.9521 -0.0535
vn 0.1145 -0.9521 -0.2836
vn 0.1812 -0.9263 -0.3303
vn 0.2046 -0.9276 -0.3127
vn 0.0300 -0.9996 -0.0008
vn -0.1120 -0.9628 0.2460
vn -0.1574 -0.9340 0.3208
vn -0.1613 -0.9359 0.3131
vn -0.2065 -0.9305 0.3025
vn -0.2814 -0.9170 0.2827
vn -0.2367 -0.9288 0.2851
vn -0.2744 -0.9538 0.1225
vn -0.2192 -0.9425 0.2523
vn -0.2967 -0.9523 0.0713
vn -0.2220 -0.9750 0.0096
vn -0.2298 -0.9491 0.2152
vn -0.1585 -0.9584 0.2375
vn -0.0865 -0.9960 -0.0203
vn -0.1837 -0.9513 0.2474
vn -0.1518 -0.9509 0.2697
vn -0.1124 -0.9602 0.2556
vn 0.0303 -0.9995 0.0072
vn -0.1514 -0.9404 0.3047
vn -0.0971 -0.9647 -0.2448
vn -0.2708 -0.9600 0.0706
vn -0.0946 -0.9145 -0.3933
vn -0.2997 -0.9264 0.2280
vn -0.2194 -0.9416 0.2556
vn -0.2488 -0.9144 0.3194
vn -0.2414 -0.9147 0.3242
vn -0.2211 -0.9201 0.3232
vn -0.1816 -0.9296 0.3208
vn 0.1683 -0.9376 -0.3041
vn 0.0389 -0.9297 -0.3662
vn -0.2253 -0.9240 0.3088
vn -0.2099 -0.9060 0.3676
vn -0.2083 -0.8950 0.3943
vn -0.2219 -0.9224 0.3162
vn -0.2276 -0.9057 0.3576
vn -0.2554 -0.8879 0.3827
vn -0.2381 -0.8807 0.4095
vn -0.2778 -0.8933 0.3533
vn -0.2031 -0.9025 0.3798
vn -0.1772 -0.9614 0.2107
vn -0.1683 -0.9494 0.2651
vn -0.2317 -0.9453 0.2299
vn -0.1511 -0.9247 0.3494
vn -0.1753 -0.9242 0.3393
vn -0.2676 -0.9118 0.3115
vn -0.2438 -0.9366 0.2516
vn -0.2905 -0.3187 -0.9023
vn -0.1129 -0.5920 -0.7980
vn -0.1454 -0.5359 -0.8316
vn -0.2620 -0.2999 -0.9173
vn 0.0627 -0.6863 -0.7246
vn -0.0364 -0.6728 -0.7389
vn -0.2392 -0.5605 -0.7929
vn -0.4834 -0.3168 -0.8161
vn -0.0803 -0.7080 -0.7016
vn -0.2741 -0.1298 -0.9529
vn -0.1169 -0.3716 -0.9210
vn -0.3428 -0.0740 -0.9365
vn 0.0710 -0.6247 -0.7776
vn 0.1270 -0.6899 -0.7126
vn 0.0629 -0.6420 -0.7641
vn 0.0919 -0.6792 -0.7282
vn 0.0448 -0.7371 -0.6743
vn -0.0171 -0.7872 -0.6164
vn -0.3148 -0.8353 -0.4508
vn -0.6097 -0.6029 -0.5145
vn -0.8227 -0.3092 -0.4770
vn -0.6820 -0.0611 -0.7288
vn -0.8996 -0.0337 -0.4353
vn -0.3487 -0.0759 -0.9341
vn 0.1111 -0.7314 -0.6729
vn 0.1517 -0.8212 -0.5501
vn 0.1411 -0.8983 -0.4160
vn 0.0935 -0.8136 -0.5739
vn 0.1610 -0.8762 -0.4543
vn 0.1430 -0.9374 -0.3177
vn 0.1927 -0.9024 -0.3854
vn 0.0900 -0.8458 -0.5259
vn 0.1928 -0.9218 -0.3362
vn 0.0473 -0.7116 -0.7010
vn 0.0789 -0.8239 -0.5612
vn 0.1807 -0.8813 -0.4366
vn 0.1820 -0.9021 -0.3913
vn 0.2279 -0.9297 -0.2894
vn 0.1904 -0.9544 -0.2300
vn 0.2082 -0.9235 -0.3223
vn -0.8969 -0.2474 -0.3666
vn -0.7512 -0.5678 -0.3366
vn -0.7135 -0.6597 -0.2361
vn -0.8759 -0.2629 -0.4045
vn -0.4690 -0.8664 -0.1715
vn -0.4540 -0.8904 -0.0320
vn -0.6275 -0.7734 -0.0897
vn -0.8761 -0.3902 -0.2833
vn -0.4192 -0.9065 0.0500
vn -0.9338 -0.0512 -0.3540
vn -0.3556 -0.9169 0.1809
vn -0.5361 -0.8397 0.0865
vn -0.8554 -0.5159 -0.0461
vn -0.9350 -0.0195 -0.3541
vn -0.9913 -0.0375 -0.1259
vn -0.9076 -0.0389 -0.4181
vn -0.0893 -0.8953 -0.4364
vn -0.0740 -0.9415 -0.3288
vn -0.0211 -0.9244 -0.3809
vn -0.0355 -0.9138 -0.4047
vn -0.0311 -0.9960 -0.0836
vn 0.0415 -0.9506 -0.3076
vn 0.0168 -0.9155 -0.4020
vn -0.0232 -0.9263 -0.3761
vn 0.0859 -0.9092 -0.4074
vn -0.0901 -0.9523 -0.2914
vn -0.0076 -0.9845 0.1750
vn -0.0455 -0.9989 -0.0051
vn -0.0710 -0.9905 -0.1180
vn 0.0433 -0.8968 -0.4403
vn 0.0576 -0.9043 -0.4230
vn -0.0167 -0.8952 -0.4453
vn -0.1202 -0.9440 -0.3073
vn -0.1058 -0.8885 -0.4465
vn -0.1692 -0.9556 -0.2413
vn -0.0895 -0.9555 0.2813
vn -0.1996 -0.9657 0.1663
vn -0.2586 -0.9358 0.2398
vn -0.2009 -0.9534 0.2249
vn -0.3134 -0.9352 0.1648
vn -0.2904 -0.9282 0.2324
vn -0.2950 -0.9151 0.2749
vn -0.2186 -0.9571 0.1901
vn -0.2682 -0.9340 0.2361
vn -0.3748 -0.8850 0.2762
vn -0.2904 -0.9049 0.3112
vn -0.2768 -0.9235 0.2655
vn 0.0314 -0.8856 -0.4634
vn -0.0323 -0.8745 -0.4840
vn -0.0618 -0.8713 -0.4868
vn -0.0491 -0.8561 -0.5144
vn -0.0514 -0.8495 -0.5251
vn 0.0379 -0.8689 -0.4936
vn 0.1215 -0.9362 -0.3297
vn 0.0682 -0.9137 -0.4005
vn 0.1801 -0.9084 -0.3773
vn -0.0293 -0.9061 -0.4221
vn -0.0545 -0.8691 -0.4916
vn -0.0285 -0.9183 -0.3949
vn -0.5672 -0.6570 0.4967
vn -0.6214 -0.7109 0.3294
vn -0.3913 -0.9018 0.1832
vn -0.2939 -0.9215 0.2540
vn -0.5545 -0.7090 0.4356
vn -0.3310 -0.8611 0.3858
vn -0.2622 -0.9411 0.2137
vn -0.1514 -0.9739 0.1693
vn -0.2770 -0.8873 0.3686
vn -0.7407 -0.1623 0.6519
vn -0.8239 -0.2473 0.5100
vn -0.8334 -0.2791 0.4771
vn -0.8672 -0.2196 0.4469
vn -0.5946 -0.6526 0.4697
vn -0.3168 -0.8642 0.3908
vn -0.2444 -0.9201 0.3063
vn -0.1810 -0.9401 0.2889
vn -0.1716 -0.9443 0.2807
vn -0.1943 -0.9536 0.2300
vn -0.6841 -0.6447 0.3411
vn -0.7113 -0.6266 0.3185
vn -0.4012 -0.8610 0.3127
vn -0.3736 -0.8875 0.2697
vn -0.7778 -0.5811 0.2393
vn -0.4543 -0.8377 0.3030
vn -0.2563 -0.9044 0.3411
vn -0.2406 -0.9365 0.2552
vn -0.3014 -0.8937 0.3323
vn -0.9198 -0.1702 0.3535
vn -0.9520 -0.1312 0.2766
vn -0.9878 -0.0794 0.1341
vn -0.3035 -0.9053 0.2973
vn -0.2312 -0.9105 0.3429
vn -0.2016 -0.9316 0.3025
vn -0.2157 -0.9538 0.2089
vn -0.2281 -0.9340 0.2749
vn -0.2403 -0.9373 0.2526
vn -0.2405 -0.9026 0.3569
vn -0.3171 -0.8968 0.3086
vn -0.2734 -0.9222 0.2734
vn -0.4369 -0.7173 -0.5427
vn -0.4245 -0.7678 -0.4799
vn -0.4347 -0.7938 -0.4253
vn -0.3621 -0.7626 -0.5361
vn -0.3873 -0.7492 -0.5372
vn -0.4130 -0.7657 -0.4931
vn -0.4578 -0.8349 -0.3056
vn -0.2930 -0.8470 -0.4435
vn -0.4131 -0.8281 -0.3789
vn -0.1899 -0.6463 -0.7391
vn -0.4582 -0.7066 -0.5393
vn -0.2160 -0.6277 -0.7479
vn -0.4323 -0.7280 -0.5321
vn -0.3682 -0.7110 -0.5991
vn -0.3652 -0.7344 -0.5721
vn -0.3229 -0.7805 -0.5353
vn -0.2792 -0.7919 -0.5431
vn -0.2615 -0.8411 -0.4735
vn -0.2748 -0.8935 -0.3551
vn -0.3804 -0.9000 -0.2129
vn -0.4357 -0.8617 -0.2600
vn -0.3392 -0.8535 -0.3955
vn -0.2053 -0.7786 -0.5930
vn -0.1659 -0.8531 -0.4947
vn -0.2443 -0.6691 -0.7019
vn -0.1237 -0.9387 -0.3217
vn -0.1455 -0.9527 -0.2668
vn 0.0385 -0.9544 -0.2960
vn -0.0408 -0.9519 -0.3036
vn -0.0455 -0.9724 -0.2286
vn 0.1417 -0.9458 -0.2921
vn -0.0412 -0.9041 -0.4253
vn -0.1001 -0.9078 -0.4073
vn -0.0336 -0.8989 -0.4368
vn 0.1179 -0.8832 -0.4539
vn 0.0265 -0.9283 -0.3708
vn -0.0337 -0.8932 -0.4484
vn -0.1046 -0.9632 -0.2474
vn -0.1602 -0.9678 -0.1943
vn -0.0878 -0.9679 -0.2355
vn 0.0950 -0.9659 -0.2410
vn 0.1094 -0.9735 -0.2010
vn -0.1165 -0.9519 -0.2833
vn -0.1708 -0.8788 -0.4455
vn -0.0546 -0.9275 -0.3698
vn -0.1337 -0.9245 -0.3570
vn -0.2558 -0.9178 -0.3038
vn -0.2132 -0.9691 -0.1240
vn -0.0484 -0.9847 -0.1671
vn -0.3032 -0.9019 -0.3075
vn -0.3382 -0.9335 -0.1189
vn -0.0650 -0.9976 -0.0243
vn 0.0290 -0.9936 -0.1093
vn -0.2761 -0.9468 -0.1652
vn -0.0654 -0.9819 -0.1778
vn -0.2664 -0.8962 -0.3548
vn 0.0242 -0.9707 -0.2392
vn -0.2461 -0.9211 -0.3016
vn -0.2224 -0.8758 -0.4285
vn 0.0057 -0.9645 -0.2640
vn -0.0255 -0.9788 -0.2034
vn 0.0738 -0.4554 -0.8872
vn 0.0681 -0.5083 -0.8585
vn 0.0670 -0.5816 -0.8107
vn 0.1277 -0.6268 -0.7686
vn -0.0723 -0.6072 -0.7912
vn -0.0335 -0.5302 -0.8472
vn 0.0109 -0.5974 -0.8018
vn 0.0962 -0.6602 -0.7449
vn -0.0442 -0.5531 -0.8320
vn -0.0145 -0.3648 -0.9310
vn 0.0094 -0.5608 -0.8279
vn -0.1575 -0.6467 -0.7463
vn -0.3659 -0.6060 -0.7063
vn -0.3257 -0.6878 -0.6487
vn -0.2655 -0.6050 -0.7507
vn -0.2137 -0.6053 -0.7668
vn -0.0388 -0.5858 -0.8095
vn -0.0312 -0.5694 -0.8215
vn 0.0169 -0.5874 -0.8091
vn -0.4030 -0.6638 -0.6300
vn -0.3888 -0.5727 -0.7217
vn -0.4340 -0.5261 -0.7314
vn -0.4555 -0.6078 -0.6505
vn -0.4464 -0.4483 -0.7744
vn -0.4480 -0.5399 -0.7126
vn -0.4452 -0.6342 -0.6321
vn -0.4739 -0.6390 -0.6058
vn -0.3866 -0.6834 -0.6193
vn -0.3990 -0.5702 -0.7181
vn -0.3626 -0.5776 -0.7313
vn -0.3906 -0.4759 -0.7880
vn -0.2706 -0.3483 -0.8975
vn -0.3585 -0.3436 -0.8680
vn -0.4185 -0.5767 -0.7016
vn -0.3982 -0.7449 -0.5353
vn 0.0385 -0.6714 -0.7401
vn 0.0363 -0.6935 -0.7195
vn 0.0385 -0.8077 -0.5883
vn 0.1488 -0.7807 -0.6070
vn -0.0518 -0.6943 -0.7178
vn -0.1368 -0.7538 -0.6428
vn -0.1020 -0.8608 -0.4987
vn 0.1745 -0.8545 -0.4892
vn -0.2034 -0.7737 -0.6000
vn -0.1658 -0.8461 -0.5066
vn -0.2106 -0.8348 -0.5086
vn -0.0528 -0.8835 -0.4655
vn 0.3810 -0.6016 -0.7020
vn 0.3944 -0.6546 -0.6449
vn 0.1627 -0.5682 -0.8067
vn 0.1896 -0.5639 -0.8038
vn 0.3813 -0.7577 -0.5295
vn 0.0949 -0.6994 -0.7084
vn 0.1427 -0.5574 -0.8179
vn 0.1082 -0.5346 -0.8382
vn 0.0987 -0.7419 -0.6632
vn 0.6792 -0.3530 -0.6435
vn 0.5635 -0.6142 -0.5525
vn 0.3689 -0.4379 -0.8198
vn 0.5075 -0.7465 -0.4303
vn 0.5435 -0.7739 -0.3249
vn 0.5351 -0.7885 -0.3033
vn 0.2406 -0.8602 -0.4496
vn -0.0255 -0.8657 -0.5000
vn 0.0658 -0.8882 -0.4547
vn 0.1423 -0.7576 -0.6371
vn 0.1541 -0.5288 -0.8346
vn 0.0989 -0.4131 -0.9053
vn 0.0772 -0.3810 -0.9213
vn 0.0306 -0.3318 -0.9429
vn 0.1857 -0.4189 -0.8889
vn 0.0365 -0.9234 -0.3821
vn -0.0450 -0.9177 -0.3948
vn -0.0136 -0.9369 -0.3492
vn -0.0346 -0.9013 -0.4319
vn -0.0680 -0.9145 -0.3988
vn -0.0354 -0.9461 -0.3218
vn 0.0281 -0.9691 -0.2452
vn 0.1018 -0.9066 -0.4096
vn -0.0721 -0.9704 -0.2304
vn 0.3571 -0.8938 -0.2714
vn 0.1623 -0.9301 -0.3296
vn 0.0224 -0.9308 -0.3647
vn -0.0441 -0.9366 -0.3475
vn -0.0730 -0.9180 -0.3899
vn -0.1035 -0.9322 -0.3469
vn -0.1607 -0.9542 -0.2523
vn 0.1077 -0.3188 -0.9417
vn 0.1100 -0.4949 -0.8620
vn 0.0875 -0.5127 -0.8541
vn 0.1083 -0.3072 -0.9455
vn 0.0650 -0.7579 -0.6492
vn 0.0132 -0.8132 -0.5818
vn -0.1188 -0.5811 -0.8051
vn -0.0497 -0.3113 -0.9490
vn -0.1810 -0.8329 -0.5230
vn 0.0723 -0.2488 -0.9658
vn 0.0093 -0.2613 -0.9652
vn 0.1060 -0.2019 -0.9736
vn -0.0111 -0.9823 -0.1872
vn -0.1269 -0.9699 -0.2077
vn -0.0277 -0.9480 -0.3169
vn -0.0395 -0.9826 -0.1816
vn -0.2292 -0.9360 -0.2671
vn -0.0996 -0.9181 -0.3837
vn -0.1007 -0.9374 -0.3333
vn -0.1144 -0.9704 -0.2125
vn -0.0567 -0.9575 -0.2827
vn -0.0305 -0.9524 -0.3033
vn -0.2238 -0.9136 -0.3394
vn -0.2015 -0.8959 -0.3960
vn -0.1674 -0.9425 -0.2892
vn -0.0253 -0.9615 -0.2737
vn -0.1003 -0.9079 -0.4069
vn -0.1263 -0.9257 -0.3565
vn -0.1400 -0.9798 -0.1431
vn -0.1235 -0.9632 -0.2389
vn -0.0943 -0.9818 -0.1648
vn -0.1573 -0.9137 -0.3747
vn -0.0438 -0.9541 -0.2962
vn -0.1254 -0.9448 -0.3027
vn -0.2114 -0.9084 -0.3608
vn -0.1481 -0.8868 -0.4377
vn -0.1142 -0.9229 -0.3676
vn -0.1860 -0.9199 -0.3451
vn -0.2456 -0.9040 -0.3500
vn -0.1309 -0.9132 -0.3859
vn -0.1606 -0.8882 -0.4304
vn -0.1035 -0.9201 -0.3778
vn -0.1642 -0.9251 -0.3424
vn -0.2062 -0.9067 -0.3678
vn -0.0280 -0.9645 -0.2628
vn -0.0456 -0.9710 -0.2345
vn -0.1988 -0.9310 -0.3061
vn -0.1391 -0.9227 -0.3596
vn -0.1067 -0.9539 -0.2807
vn -0.1263 -0.9472 -0.2947
vn -0.0550 -0.9357 -0.3484
vn -0.1142 -0.9443 -0.3087
vn 0.5418 -0.8256 0.1578
vn 0.4202 -0.9066 -0.0379
vn 0.3334 -0.9229 -0.1927
vn 0.5399 -0.8409 -0.0370
vn 0.3744 -0.8931 -0.2493
vn 0.2629 -0.9068 -0.3296
vn 0.2848 -0.9058 -0.3136
vn 0.5062 -0.8336 -0.2209
vn 0.2135 -0.9112 -0.3522
vn 0.6305 -0.7708 0.0910
vn 0.5309 -0.8324 0.1588
vn 0.6772 -0.7028 0.2182
vn 0.4131 -0.9017 0.1278
vn 0.3092 -0.9482 0.0732
vn 0.2206 -0.9734 0.0613
vn 0.4418 -0.8438 -0.3047
vn 0.4098 -0.8559 -0.3154
vn 0.3504 -0.9024 -0.2507
vn 0.3455 -0.9039 -0.2523
vn 0.2427 -0.9080 -0.3415
vn 0.2367 -0.9165 -0.3225
vn 0.4112 -0.8782 -0.2442
vn 0.6955 -0.7105 -0.1075
vn 0.6187 -0.7736 -0.1370
vn 0.7153 -0.6949 0.0739
vn 0.2061 -0.9674 -0.1471
vn 0.2536 -0.9636 -0.0850
vn 0.3975 -0.9130 -0.0916
vn 0.2903 -0.9379 -0.1898
vn 0.3981 -0.9046 -0.1525
vn 0.5360 -0.8419 -0.0631
vn 0.5265 -0.8335 -0.1676
vn 0.4086 -0.8792 -0.2450
vn 0.5624 -0.8223 -0.0862
vn -0.0561 -0.9979 0.0327
vn 0.1120 -0.9924 -0.0512
vn -0.0073 -0.9985 0.0540
vn 0.2348 -0.9680 -0.0892
vn 0.3087 -0.9153 -0.2587
vn 0.3597 -0.8584 -0.3657
vn 0.4784 -0.8590 -0.1824
vn 0.5755 -0.8174 -0.0264
vn 0.5338 -0.8367 -0.1222
vn 0.1196 -0.9915 0.0505
vn 0.0497 -0.9978 0.0433
vn 0.3968 -0.9014 -0.1734
vn 0.3572 -0.9244 -0.1339
vn 0.4120 -0.9078 -0.0781
vn 0.4544 -0.8796 -0.1409
vn 0.3152 -0.9075 -0.2778
vn 0.2608 -0.9300 -0.2590
vn 0.5446 -0.8385 -0.0198
vn 0.4968 -0.8505 -0.1727
vn 0.3902 -0.8981 -0.2027
vn 0.3510 -0.8475 -0.3981
vn 0.4312 -0.8631 -0.2628
vn 0.3741 -0.8307 -0.4124
vn 0.4465 -0.8767 -0.1791
vn 0.4984 -0.8370 -0.2257
vn 0.3703 -0.8610 -0.3485
vn 0.3831 -0.8535 -0.3532
vn 0.3499 -0.4255 0.8346
vn 0.2225 -0.5445 0.8087
vn 0.3907 -0.6356 0.6659
vn 0.5206 -0.4362 0.7339
vn 0.1019 -0.6835 0.7228
vn 0.2857 -0.7645 0.5778
vn 0.6504 -0.7244 0.2285
vn 0.7694 -0.5280 0.3595
vn 0.5790 -0.7951 0.1804
vn 0.5572 -0.1498 0.8167
vn 0.0406 -0.7248 0.6878
vn 0.2103 -0.8274 0.5207
vn 0.4740 -0.8601 0.1883
vn 0.6950 -0.7188 0.0180
vn 0.6914 -0.7224 -0.0080
vn 0.8242 -0.5635 0.0551
vn 0.8798 -0.0702 0.4701
vn 0.9705 -0.1826 0.1573
vn 0.7083 -0.0502 0.7042
vn -0.0146 -0.7720 0.6355
vn -0.0315 -0.8360 0.5478
vn 0.0193 -0.9000 0.4355
vn 0.1427 -0.8610 0.4882
vn -0.0059 -0.9084 0.4180
vn -0.0584 -0.9229 0.3806
vn 0.2254 -0.9255 0.3045
vn 0.3904 -0.8849 0.2540
vn 0.0421 -0.9321 0.3598
vn 0.0085 -0.9544 0.2984
vn -0.0705 -0.9312 0.3577
vn -0.0704 -0.9132 0.4015
vn 0.8246 -0.5623 0.0612
vn 0.6993 -0.7092 0.0902
vn 0.7239 -0.6733 0.1501
vn 0.8378 -0.5288 0.1357
vn 0.7124 -0.6800 0.1735
vn 0.7188 -0.6836 0.1263
vn 0.7266 -0.6864 0.0286
vn 0.8773 -0.4795 0.0231
vn 0.6729 -0.7390 -0.0336
vn 0.9597 -0.2625 0.1007
vn 0.6488 -0.7533 -0.1077
vn 0.7186 -0.6817 -0.1376
vn 0.8813 -0.4520 -0.1379
vn 0.9465 -0.3227 -0.0042
vn 0.9409 -0.3057 -0.1457
vn 0.9425 -0.3002 0.1468
vn -0.0526 -0.9452 -0.3222
vn -0.1545 -0.9621 -0.2249
vn -0.1237 -0.9666 -0.2245
vn -0.0954 -0.9539 -0.2846
vn -0.1645 -0.9696 -0.1811
vn -0.0821 -0.9825 -0.1673
vn 0.0309 -0.9980 -0.0557
vn 0.0261 -0.9981 -0.0551
vn 0.0347 -0.9975 -0.0617
vn -0.1090 -0.9709 -0.2133
vn -0.0518 -0.9874 -0.1494
vn -0.0400 -0.9982 -0.0449
vn 0.0218 -0.9963 0.0833
vn 0.1263 -0.9779 0.1668
vn 0.1759 -0.9590 0.2223
vn -0.1063 -0.9714 -0.2125
vn -0.0917 -0.9546 -0.2836
vn -0.0635 -0.9675 -0.2446
vn -0.1134 -0.9849 -0.1305
vn -0.0356 -0.9300 -0.3657
vn 0.1622 -0.9327 -0.3223
vn 0.1486 -0.9827 -0.1102
vn -0.0497 -0.9982 -0.0349
vn 0.3397 -0.9072 -0.2481
vn 0.1097 -0.9344 -0.3390
vn 0.3723 -0.8855 -0.2780
vn 0.3888 -0.8536 -0.3468
vn 0.1433 -0.9508 0.2747
vn 0.0636 -0.9624 0.2640
vn -0.0359 -0.9590 0.2810
vn 0.0558 -0.9687 0.2420
vn -0.0733 -0.9674 0.2425
vn -0.1380 -0.9368 0.3217
vn -0.0671 -0.9424 0.3278
vn 0.0219 -0.9673 0.2528
vn -0.1290 -0.9165 0.3786
vn 0.6917 -0.5837 -0.4253
vn 0.7582 -0.5346 -0.3734
vn 0.5968 -0.7081 -0.3774
vn 0.5106 -0.7736 -0.3754
vn 0.7487 -0.4957 -0.4401
vn 0.6471 -0.6281 -0.4321
vn 0.4244 -0.8397 -0.3389
vn 0.4608 -0.8159 -0.3492
vn 0.4233 -0.8390 -0.3418
vn 0.8311 -0.3845 -0.4018
vn 0.8461 -0.3641 -0.3893
vn 0.8357 -0.3589 -0.4158
vn 0.8998 -0.3039 -0.3130
vn 0.7867 -0.4553 -0.4170
vn 0.6673 -0.6104 -0.4266
vn 0.4591 -0.8072 -0.3710
vn 0.3833 -0.8685 -0.3144
vn 0.4657 -0.8344 -0.2948
vn 0.5265 -0.7827 -0.3320
vn 0.8583 -0.4153 -0.3013
vn 0.8542 -0.4320 -0.2891
vn 0.7758 -0.5884 -0.2281
vn 0.7301 -0.6026 -0.3224
vn 0.8552 -0.4617 -0.2355
vn 0.7473 -0.6285 -0.2157
vn 0.6167 -0.7612 -0.2007
vn 0.5391 -0.7834 -0.3094
vn 0.6512 -0.7370 -0.1814
vn 0.9358 -0.2344 -0.2633
vn 0.9189 -0.2129 -0.3322
vn 0.9331 -0.2573 -0.2513
vn 0.4942 -0.8270 -0.2680
vn 0.5085 -0.8181 -0.2684
vn 0.4441 -0.8698 -0.2150
vn 0.3978 -0.8929 -0.2110
vn 0.4647 -0.8164 -0.3429
vn 0.4222 -0.8562 -0.2976
vn 0.3969 -0.8997 -0.1815
vn 0.2740 -0.9336 -0.2309
vn 0.3584 -0.8872 -0.2906
vn -0.1733 0.0890 -0.9808
vn -0.0437 0.1777 -0.9831
vn 0.1811 0.0680 -0.9811
vn 0.0936 0.0689 -0.9932
vn 0.0615 0.2444 -0.9677
vn 0.2358 0.1456 -0.9608
vn 0.2455 0.0353 -0.9688
vn 0.2216 0.1001 -0.9700
vn 0.2422 0.0447 -0.9692
vn -0.4038 -0.2383 -0.8833
vn -0.2892 0.0499 -0.9560
vn -0.3421 -0.1848 -0.9213
vn -0.1488 0.1546 -0.9767
vn -0.0123 0.2409 -0.9705
vn 0.1404 0.2799 -0.9497
vn 0.2215 0.3377 -0.9148
vn 0.2485 0.3123 -0.9169
vn 0.1678 0.2593 -0.9511
vn 0.0440 0.2659 -0.9630
vn 0.0252 0.0685 -0.9973
vn 0.0653 0.1095 -0.9918
vn 0.1392 0.1311 -0.9816
vn 0.1751 0.0735 -0.9818
vn 0.2022 0.0610 -0.9774
vn -0.1235 -0.0119 -0.9923
vn -0.1414 -0.0488 -0.9887
vn -0.1941 0.0297 -0.9805
vn -0.0977 0.1401 -0.9853
vn -0.0280 0.0576 -0.9979
vn -0.2059 0.0496 -0.9773
vn -0.0907 0.1777 -0.9799
vn 0.0804 0.2886 -0.9541
vn 0.1786 0.2448 -0.9530
vn 0.0090 0.2824 -0.9593
vn -0.1688 0.0002 -0.9857
vn -0.1557 -0.0533 -0.9864
vn -0.1088 -0.0371 -0.9934
vn -0.2247 0.0224 -0.9742
vn -0.2566 0.0326 -0.9660
vn -0.2714 0.0144 -0.9624
vn -0.1918 0.1256 -0.9734
vn -0.0916 0.3072 -0.9472
vn -0.0799 0.3210 -0.9437
vn 0.2104 0.1966 -0.9577
vn 0.0618 0.0068 -0.9981
vn -0.0752 0.1203 -0.9899
vn -0.1078 0.0634 -0.9921
vn -0.0453 0.1314 -0.9903
vn -0.0729 0.1549 -0.9852
vn -0.0587 0.0354 -0.9976
vn -0.1158 0.0754 -0.9904
vn -0.0475 0.2453 -0.9683
vn -0.1038 0.1367 -0.9852
vn -0.1233 0.1868 -0.9746
vn -0.0759 0.0166 -0.9970
vn -0.0699 0.0223 -0.9973
vn -0.1217 0.0947 -0.9880
vn -0.1348 0.0178 -0.9907
vn 0.0001 0.0116 -0.9999
vn -0.2593 -0.0072 -0.9658
vn -0.1915 0.0454 -0.9805
vn -0.1076 -0.3751 -0.9207
vn -0.1352 -0.2968 -0.9453
vn -0.1287 -0.3724 -0.9191
vn -0.0672 -0.5043 -0.8609
vn -0.2004 -0.2172 -0.9553
vn -0.2496 -0.3325 -0.9095
vn -0.2420 -0.4122 -0.8784
vn -0.1944 -0.4685 -0.8618
vn -0.3441 -0.4150 -0.8422
vn -0.2481 -0.1361 -0.9591
vn -0.2773 -0.1301 -0.9519
vn -0.2469 -0.1095 -0.9628
vn -0.3240 -0.1156 -0.9390
vn -0.3359 -0.2224 -0.9152
vn -0.3178 -0.2865 -0.9038
vn -0.3942 -0.2270 -0.8906
vn -0.4231 -0.4225 -0.8015
vn -0.4054 -0.3741 -0.8341
vn -0.3847 -0.3385 -0.8587
vn -0.3496 -0.2007 -0.9151
vn -0.1254 0.0011 -0.9921
vn -0.0852 -0.0338 -0.9958
vn -0.2344 -0.2452 -0.9407
vn 0.0204 0.1953 -0.9805
vn -0.0338 0.1640 -0.9859
vn -0.1836 0.0953 -0.9784
vn -0.3134 -0.0492 -0.9483
vn -0.0617 0.2039 -0.9771
vn -0.4521 -0.0113 -0.8919
vn -0.3412 0.2112 -0.9160
vn -0.0774 0.3179 -0.9449
vn -0.0423 0.1810 -0.9826
vn -0.0078 0.2079 -0.9781
vn 0.0198 0.2407 -0.9704
vn 0.0577 0.2712 -0.9608
vn -0.4422 -0.3640 -0.8198
vn -0.4755 -0.3378 -0.8123
vn -0.4041 -0.4002 -0.8225
vn -0.3825 -0.4830 -0.7877
vn -0.4525 -0.3662 -0.8131
vn -0.3415 -0.2810 -0.8969
vn -0.2039 -0.3664 -0.9078
vn -0.3195 -0.4744 -0.8203
vn 0.0072 -0.1280 -0.9917
vn 0.1993 0.0645 -0.9778
vn 0.0594 -0.0906 -0.9941
vn -0.1397 -0.2884 -0.9473
vn -0.2626 0.2325 -0.9365
vn -0.0985 0.1144 -0.9885
vn -0.1140 0.0926 -0.9891
vn -0.1883 0.2736 -0.9432
vn -0.0837 0.1481 -0.9854
vn -0.1428 0.1251 -0.9818
vn -0.1344 0.0706 -0.9884
vn -0.1257 0.1589 -0.9793
vn -0.1621 0.1391 -0.9769
vn -0.2650 0.2249 -0.9376
vn -0.1682 0.2507 -0.9533
vn -0.2818 0.2110 -0.9360
vn -0.0343 0.1856 -0.9820
vn 0.0526 0.1919 -0.9800
vn 0.1153 0.3133 -0.9426
vn -0.1032 0.2399 -0.9653
vn -0.1887 0.1848 -0.9645
vn -0.1838 0.1020 -0.9777
vn -0.2157 0.1043 -0.9709
vn -0.1241 0.0308 -0.9918
vn -0.0407 0.0459 -0.9981
vn -0.0336 0.2100 -0.9771
vn -0.0319 0.1306 -0.9909
vn -0.1050 0.2758 -0.9555
vn 0.0551 0.2007 -0.9781
vn 0.0936 0.3607 -0.9280
vn -0.2108 0.1525 -0.9655
vn -0.1323 0.0927 -0.9869
vn 0.1572 0.4016 -0.9022
vn -0.2222 0.1196 -0.9676
vn -0.2715 0.0301 -0.9620
vn -0.1820 -0.0228 -0.9830
vn -0.2990 0.0270 -0.9539
vn 0.3299 0.2948 -0.8968
vn 0.4022 0.4171 -0.8150
vn 0.3797 0.5359 -0.7541
vn 0.4801 0.3890 -0.7863
vn 0.3360 0.2177 -0.9163
vn -0.0751 0.0387 -0.9964
vn -0.2887 -0.0003 -0.9574
vn -0.0069 0.0029 -1.0000
vn -0.0355 0.0651 -0.9972
vn 0.0313 0.1977 -0.9798
vn 0.0703 0.0942 -0.9931
vn -0.1222 0.1247 -0.9847
vn 0.0529 0.1587 -0.9859
vn 0.0825 0.2815 -0.9560
vn 0.1042 0.1978 -0.9747
vn 0.1243 0.2377 -0.9634
vn 0.0117 0.0549 -0.9984
vn 0.0643 0.0755 -0.9951
vn 0.1254 0.0318 -0.9916
vn 0.2843 -0.1506 -0.9468
vn 0.1489 -0.1511 -0.9772
vn 0.1578 -0.1655 -0.9735
vn 0.2482 -0.0678 -0.9663
vn 0.0819 -0.1756 -0.9811
vn 0.0912 -0.1625 -0.9825
vn 0.1737 -0.1793 -0.9683
vn 0.3188 -0.0224 -0.9475
vn 0.0531 -0.1938 -0.9796
vn 0.5281 -0.0426 -0.8481
vn 0.0141 -0.2283 -0.9735
vn 0.0218 -0.1560 -0.9875
vn -0.0118 -0.1265 -0.9919
vn -0.0364 -0.0185 -0.9992
vn 0.1175 -0.0051 -0.9931
vn 0.3433 0.1243 -0.9310
vn 0.4524 0.1859 -0.8722
vn 0.4529 0.2799 -0.8465
vn 0.4448 0.1225 -0.8872
vn 0.0261 -0.2154 -0.9762
vn 0.0561 -0.1013 -0.9933
vn -0.0354 -0.0486 -0.9982
vn -0.0031 -0.1367 -0.9906
vn 0.0830 -0.0887 -0.9926
vn 0.0896 0.0553 -0.9944
vn -0.1103 0.0529 -0.9925
vn -0.0425 -0.0399 -0.9983
vn 0.0372 0.1135 -0.9928
vn 0.3495 0.2213 -0.9104
vn 0.0751 0.0688 -0.9948
vn 0.1047 0.0075 -0.9945
vn 0.3945 0.2021 -0.8964
vn -0.0923 0.0347 -0.9951
vn -0.1263 -0.0757 -0.9891
vn 0.0703 0.0258 -0.9972
vn 0.4084 0.1660 -0.8976
vn -0.2194 -0.0513 -0.9743
vn 0.4613 0.3544 -0.8134
vn 0.5503 0.2382 -0.8003
vn 0.5412 0.2803 -0.7928
vn 0.9038 0.4260 0.0402
vn 0.9063 0.3906 -0.1612
vn 0.8224 0.5642 0.0727
vn 0.8543 0.4554 0.2504
vn 0.7834 0.5012 -0.3675
vn 0.7529 0.6448 -0.1316
vn 0.7448 0.6494 0.1535
vn 0.7679 0.5225 0.3705
vn 0.6733 0.7372 0.0557
vn 0.8517 0.4769 0.2169
vn 0.8490 0.5077 -0.1465
vn 0.8351 0.4514 0.3145
vn 0.8958 0.3642 -0.2546
vn 0.8423 0.4468 -0.3014
vn 0.6933 0.6018 -0.3964
vn 0.7147 0.5054 -0.4834
vn 0.7037 0.6746 -0.2229
vn 0.6306 0.7753 0.0363
vn 0.6136 0.7826 0.1054
vn 0.5869 0.7983 0.1350
vn 0.6260 0.7638 0.1573
vn 0.7173 0.5903 0.3702
vn 0.7361 0.4725 0.4846
vn 0.7338 0.4648 0.4955
vn 0.8343 0.4149 0.3630
vn 0.4068 0.7883 -0.4616
vn 0.4064 0.7957 -0.4492
vn 0.4464 0.8235 -0.3501
vn 0.4413 0.7327 -0.5181
vn 0.4604 0.8429 -0.2784
vn 0.5021 0.8482 -0.1686
vn 0.6044 0.7562 -0.2508
vn 0.6395 0.5666 -0.5196
vn 0.5767 0.8140 -0.0697
vn 0.5728 0.6821 -0.4547
vn 0.5531 0.7415 -0.3799
vn 0.4396 0.7138 -0.5452
vn 0.5070 0.7626 -0.4018
vn 0.4667 0.8290 -0.3083
vn 0.4786 0.8766 -0.0506
vn 0.5073 0.8616 0.0187
vn 0.5198 0.8514 0.0705
vn 0.5860 0.8049 0.0934
vn 0.6296 0.5578 -0.5408
vn 0.4911 0.6099 -0.6220
vn 0.5311 0.7979 0.2851
vn 0.5325 0.8013 0.2726
vn 0.5520 0.8076 0.2076
vn 0.5292 0.8261 0.1936
vn 0.5522 0.7635 0.3349
vn 0.5209 0.8322 0.1902
vn 0.5301 0.8187 0.2206
vn 0.5078 0.8408 0.1877
vn 0.5513 0.8006 0.2345
vn 0.2836 0.7741 0.5660
vn 0.4788 0.7581 0.4428
vn 0.4293 0.8227 0.3725
vn 0.5119 0.7334 0.4472
vn 0.6261 0.6036 0.4936
vn 0.5065 0.8488 0.1514
vn 0.5065 0.8393 0.1975
vn 0.6498 0.1550 0.7441
vn 0.7989 0.3507 0.4887
vn 0.8293 0.3139 0.4622
vn 0.7048 0.0721 0.7057
vn 0.8323 0.3981 0.3857
vn 0.8305 0.4030 0.3845
vn 0.8255 0.3333 0.4555
vn 0.7100 0.1039 0.6964
vn 0.8551 0.3706 0.3625
vn 0.6421 0.2327 0.7305
vn 0.7576 0.4288 0.4921
vn 0.8284 0.4441 0.3412
vn 0.8110 0.5806 0.0719
vn 0.8035 0.5845 0.1128
vn 0.8231 0.5532 0.1287
vn 0.8857 0.4571 0.0815
vn 0.7902 0.3854 0.4765
vn 0.7704 0.4009 0.4959
vn 0.6868 0.2082 0.6964
vn 0.7125 0.6882 -0.1368
vn 0.7858 0.6125 -0.0856
vn 0.8290 0.5202 -0.2053
vn 0.7662 0.6089 -0.2055
vn 0.8760 0.4768 0.0728
vn 0.8997 0.4325 -0.0590
vn 0.8582 0.4536 -0.2402
vn 0.8117 0.5280 -0.2499
vn 0.8934 0.4188 -0.1630
vn 0.7101 0.6989 -0.0853
vn 0.7430 0.6691 -0.0113
vn 0.8514 0.5157 0.0955
vn 0.7995 0.5936 -0.0917
vn 0.7712 0.6346 -0.0493
vn 0.7644 0.6123 -0.2019
vn 0.7110 0.6390 -0.2935
vn 0.6838 0.3253 0.6532
vn 0.7267 0.3921 0.5640
vn 0.7278 0.3092 0.6122
vn 0.6737 0.3550 0.6481
vn 0.7734 0.3587 0.5227
vn 0.7858 0.3437 0.5143
vn 0.6236 0.3543 0.6968
vn 0.5592 0.3706 0.7415
vn 0.6824 0.4159 0.6011
vn 0.6902 0.3860 0.6121
vn 0.6152 0.3255 0.7180
vn 0.4856 0.2983 0.8217
vn 0.5112 0.8353 -0.2024
vn 0.4129 0.8460 -0.3374
vn 0.6100 0.6433 -0.4628
vn 0.6788 0.6497 -0.3421
vn 0.3467 0.8880 -0.3022
vn 0.5678 0.7289 -0.3826
vn 0.6449 0.5907 -0.4850
vn 0.6534 0.5972 -0.4653
vn 0.6394 0.6181 -0.4573
vn 0.1807 0.9025 0.3911
vn 0.2360 0.9670 -0.0960
vn 0.5765 0.8019 0.1570
vn 0.2266 0.9397 -0.2560
vn 0.2350 0.9288 -0.2864
vn 0.2372 0.9492 -0.2067
vn 0.3461 0.9155 -0.2053
vn 0.5078 0.8203 -0.2630
vn 0.6006 0.7057 -0.3759
vn 0.5835 0.5975 -0.5501
vn 0.5940 0.6426 -0.4839
vn 0.5687 0.6397 -0.5170
vn 0.6561 0.7152 -0.2410
vn 0.5076 0.7979 -0.3252
vn 0.7245 0.6892 -0.0125
vn 0.3530 0.9128 -0.2053
vn 0.3320 0.9368 -0.1105
vn 0.4021 0.8981 -0.1780
vn 0.4399 0.8544 -0.2766
vn 0.2889 0.9560 -0.0500
vn 0.3687 0.9208 -0.1272
vn 0.5392 0.7946 -0.2789
vn 0.5676 0.7537 -0.3313
vn 0.4758 0.8500 -0.2261
vn 0.2262 0.9639 -0.1407
vn 0.2430 0.9666 -0.0817
vn 0.2675 0.9636 0.0035
vn 0.2441 0.9629 0.1148
vn 0.2219 0.9751 0.0020
vn 0.3523 0.9304 -0.1012
vn 0.4623 0.8793 -0.1144
vn 0.5045 0.6995 -0.5061
vn 0.5034 0.6798 -0.5334
vn 0.4637 0.7140 -0.5246
vn 0.4276 0.7513 -0.5028
vn 0.4664 0.6079 -0.6426
vn 0.5022 0.6029 -0.6199
vn 0.5006 0.7526 -0.4278
vn 0.4642 0.7923 -0.3959
vn 0.5574 0.6846 -0.4697
vn 0.4823 0.8186 -0.3119
vn 0.4702 0.7901 -0.3933
vn 0.3981 0.8232 -0.4047
vn 0.1555 0.8307 0.5346
vn 0.1379 0.7869 0.6015
vn 0.1369 0.8072 0.5742
vn 0.1208 0.7912 0.5995
vn 0.2673 0.6098 0.7461
vn 0.2083 0.7855 0.5827
vn 0.1691 0.7150 0.6783
vn 0.0790 0.7243 0.6849
vn 0.1934 0.7618 0.6183
vn 0.2244 0.8090 0.5433
vn 0.3267 0.3895 0.8611
vn 0.2923 0.6363 0.7139
vn 0.2331 0.7610 0.6055
vn 0.2432 0.6977 0.6738
vn 0.1790 0.6682 0.7222
vn 0.0428 0.6878 0.7247
vn 0.1994 0.7596 0.6190
vn 0.1630 0.7209 0.6736
vn 0.2222 0.7894 0.5723
vn 0.3097 0.2668 0.9126
vn 0.2658 0.2574 0.9290
vn 0.3621 0.3862 0.8483
vn 0.3460 0.4607 0.8173
vn 0.3787 0.2458 0.8923
vn 0.5337 0.3116 0.7862
vn 0.4785 0.5989 0.6422
vn 0.4132 0.6647 0.6224
vn 0.6387 0.4527 0.6222
vn 0.0743 0.7327 0.6765
vn 0.2282 0.7683 0.5980
vn 0.3087 0.8704 0.3835
vn 0.1194 0.8787 0.4622
vn 0.3789 0.7859 0.4887
vn 0.4781 0.8390 0.2600
vn 0.3499 0.9297 0.1145
vn 0.1520 0.9677 0.2010
vn 0.4897 0.8659 0.1018
vn 0.1375 0.7135 0.6870
vn 0.1880 0.9405 0.2829
vn 0.1428 0.8597 0.4904
vn 0.6918 0.6028 0.3975
vn 0.6662 0.6124 0.4256
vn 0.6626 0.6527 0.3673
vn 0.6494 0.6486 0.3970
vn 0.6981 0.6706 0.2511
vn 0.6947 0.6933 0.1915
vn 0.5771 0.7718 0.2671
vn 0.5145 0.7922 0.3282
vn 0.6304 0.7690 0.1056
vn 0.7289 0.6477 0.2216
vn 0.6938 0.6301 0.3487
vn 0.7375 0.6217 0.2637
vn 0.6706 0.5947 0.4434
vn 0.7268 0.6232 0.2889
vn 0.7936 0.5958 0.1235
vn 0.6968 0.6959 0.1735
vn 0.6759 0.7270 0.1209
vn 0.6254 0.7784 0.0556
vn 0.6192 0.7825 0.0653
vn 0.5785 0.8108 0.0889
vn 0.5180 0.8256 0.2237
vn 0.4985 0.8046 0.3227
vn 0.5584 0.7940 0.2404
vn 0.5939 0.7763 0.2112
vn 0.6511 0.7002 0.2928
vn 0.8102 0.5739 0.1191
vn 0.6551 0.6579 0.3715
vn 0.6171 0.7162 0.3261
vn 0.7437 0.6469 0.1687
vn 0.5825 0.6628 0.4705
vn 0.5942 0.7346 0.3274
vn 0.6268 0.7504 0.2097
vn 0.6947 0.6928 0.1934
vn 0.6077 0.7767 0.1654
vn 0.9415 0.2412 -0.2356
vn 0.8684 0.4927 0.0562
vn 0.9302 0.3244 -0.1719
vn 0.7018 0.6291 0.3343
vn 0.5521 0.7195 0.4213
vn 0.4341 0.8346 0.3391
vn 0.5890 0.7322 0.3420
vn 0.6723 0.6941 0.2572
vn 0.6521 0.7442 0.1446
vn 0.8642 0.5006 0.0506
vn 0.9109 0.4075 -0.0644
vn 0.4725 0.8612 0.1873
vn 0.3962 0.8910 0.2216
vn 0.4274 0.8682 0.2522
vn 0.3679 0.9100 0.1911
vn 0.4759 0.8115 0.3391
vn 0.5610 0.7563 0.3367
vn 0.6172 0.7531 0.2278
vn 0.4395 0.8813 0.1739
vn 0.6427 0.7366 0.2106
vn 0.5090 0.8393 0.1911
vn 0.5266 0.8498 0.0244
vn 0.5130 0.8241 0.2401
vn 0.5528 0.8331 0.0179
vn 0.5557 0.8262 0.0927
vn 0.3742 0.8920 0.2537
vn 0.4776 0.8515 0.2165
vn 0.7201 0.3033 0.6240
vn 0.7710 0.3842 0.5079
vn 0.7618 0.5316 0.3701
vn 0.7727 0.4854 0.4091
vn 0.7971 0.4193 0.4345
vn 0.7317 0.5678 0.3771
vn 0.7626 0.5595 0.3246
vn 0.8136 0.5105 0.2783
vn 0.7434 0.5778 0.3370
vn 0.9174 0.3155 0.2426
vn 0.7760 0.5546 0.3005
vn 0.7491 0.6023 0.2757
vn 0.7253 0.6358 0.2640
vn 0.7304 0.6204 0.2856
vn 0.7813 0.6047 0.1545
vn 0.9691 0.1365 0.2055
vn 0.9704 -0.0164 0.2410
vn 0.8577 0.3764 0.3502
vn 0.8202 0.4849 0.3036
vn 0.9916 -0.1234 0.0397
vn 0.9558 0.2710 0.1138
vn 0.6971 0.5917 0.4050
vn 0.7133 0.6234 0.3204
vn 0.8158 0.5332 0.2240
vn 0.9672 -0.1191 -0.2244
vn 0.9586 0.1573 -0.2373
vn 0.9265 0.3691 -0.0725
vn 0.6819 0.7210 0.1230
vn 0.6657 0.6986 0.2623
vn 0.5910 0.7701 0.2400
vn 0.6652 0.7373 0.1182
vn 0.7096 0.6595 0.2480
vn 0.6158 0.7491 0.2443
vn 0.6528 0.7190 0.2384
vn 0.7929 0.6015 0.0975
vn 0.5994 0.7669 0.2292
vn 0.6606 0.7323 0.1654
vn 0.7278 0.6699 0.1465
vn 0.8006 0.5986 -0.0283
vn 0.9228 -0.1505 -0.3546
vn 0.9439 0.0919 -0.3173
vn 0.9720 0.0741 -0.2232
vn 0.9208 -0.1231 -0.3701
vn 0.8931 0.2961 -0.3387
vn 0.9806 0.1352 -0.1418
vn 0.9612 0.1594 -0.2251
vn 0.9365 -0.0811 -0.3412
vn 0.9657 0.1462 -0.2145
vn 0.8459 -0.0101 -0.5333
vn 0.8198 0.2979 -0.4891
vn 0.7048 0.4847 -0.5180
vn 0.6515 0.6068 -0.4554
vn 0.7657 0.5408 -0.3481
vn 0.9219 0.3290 -0.2046
vn 0.9587 0.1986 -0.2037
vn 0.9438 0.1399 -0.2995
vn 0.9729 0.1177 -0.1988
vn 0.9769 -0.0637 -0.2042
vn 0.6607 0.6684 -0.3416
vn 0.5890 0.7762 -0.2249
vn 0.6261 0.7727 -0.1040
vn 0.7562 0.6051 -0.2489
vn 0.4676 0.8771 0.1097
vn 0.4327 0.8846 0.1740
vn 0.6877 0.7153 0.1241
vn 0.8638 0.5011 -0.0528
vn 0.4733 0.8437 0.2533
vn 0.6449 0.6783 -0.3523
vn 0.5827 0.7777 -0.2360
vn 0.5487 0.8358 0.0173
vn 0.6374 0.6996 0.3229
vn 0.5055 0.7853 0.3575
vn 0.3955 0.8585 0.3264
vn 0.3509 0.8915 0.2865
vn 0.9779 -0.0369 -0.2056
vn 0.9751 0.0206 -0.2209
vn 0.9541 -0.0006 -0.2996
vn 0.9482 0.0019 -0.3176
vn 0.9553 0.0603 -0.2895
vn 0.9668 0.0455 -0.2516
vn 0.9397 0.0589 -0.3368
vn 0.9422 -0.0371 -0.3329
vn 0.9702 0.1598 -0.1819
vn 0.6003 0.6781 0.4241
vn 0.6325 0.7002 0.3311
vn 0.5044 0.7292 0.4624
vn 0.5622 0.6299 0.5359
vn 0.4769 0.8622 0.1708
vn 0.3907 0.8861 0.2493
vn 0.4826 0.7369 0.4734
vn 0.4901 0.6617 0.5674
vn 0.4515 0.8669 0.2111
vn 0.4922 0.6603 0.5673
vn 0.3736 0.9241 0.0802
vn 0.4212 0.8976 0.1301
vn 0.4784 0.8646 0.1537
vn 0.4519 0.7941 0.4063
vn 0.4269 0.7441 0.5139
vn 0.4706 0.6886 0.5516
vn 0.5123 0.5851 0.6287
vn 0.4999 0.6278 0.5966
vn 0.5614 0.5854 0.5849
vn 0.4555 0.8899 0.0236
vn 0.3823 0.8984 -0.2161
vn 0.3982 0.9170 -0.0232
vn 0.4422 0.8876 0.1289
vn 0.5308 0.8113 -0.2449
vn 0.5853 0.8106 -0.0212
vn 0.5224 0.8517 -0.0404
vn 0.4658 0.8829 0.0600
vn 0.6266 0.7788 -0.0285
vn 0.4436 0.7318 0.5174
vn 0.4571 0.7314 0.5062
vn 0.6460 0.6353 0.4233
vn 0.5902 0.7138 0.3770
vn 0.5332 0.6788 0.5049
vn 0.6059 0.7169 0.3448
vn 0.5955 0.7137 0.3687
vn 0.6684 0.6640 0.3352
vn 0.4501 0.8444 0.2905
vn 0.4665 0.6561 0.5932
vn 0.6795 0.5782 0.4516
vn 0.5524 0.6170 0.5606
vn 0.7946 0.6072 0.0035
vn 0.7544 0.6498 -0.0926
vn 0.7931 0.6070 0.0500
vn 0.7667 0.6394 0.0568
vn 0.6467 0.6891 -0.3269
vn 0.7712 0.6142 -0.1673
vn 0.8713 0.4908 0.0011
vn 0.8322 0.5534 -0.0326
vn 0.8773 0.4692 -0.1007
vn 0.8232 0.4859 -0.2935
vn 0.8348 0.4516 -0.3147
vn 0.8015 0.5975 -0.0236
vn 0.7313 0.5369 -0.4207
vn 0.5559 0.6343 -0.5372
vn 0.5163 0.6181 -0.5927
vn 0.6180 0.6285 -0.4723
vn 0.7383 0.5092 -0.4422
vn 0.8395 0.4983 -0.2167
vn 0.8580 0.4984 -0.1247
vn 0.8917 0.4515 -0.0321
vn 0.8994 0.4321 -0.0651
vn 0.8787 0.4524 -0.1522
vn 0.7828 0.6067 -0.1383
vn 0.8379 0.5012 -0.2162
vn 0.7629 0.6464 0.0067
vn 0.6754 0.5176 -0.5254
vn 0.7639 0.5442 -0.3468
vn 0.8244 0.5009 -0.2634
vn 0.7885 0.3736 -0.4886
vn 0.8007 0.4834 -0.3539
vn 0.8182 0.4988 -0.2859
vn 0.8063 0.4445 -0.3903
vn 0.7717 0.4095 -0.4867
vn 0.7939 0.5497 -0.2598
vn 0.5531 0.5037 -0.6636
vn 0.5743 0.5801 -0.5777
vn 0.6001 0.4182 -0.6819
vn 0.6557 0.5462 -0.5212
vn 0.7451 0.5244 -0.4120
vn 0.7843 0.5923 -0.1846
vn 0.8393 0.4755 -0.2637
vn 0.8515 0.4505 -0.2684
vn 0.8309 0.5115 -0.2189
vn 0.6820 0.4859 -0.5466
vn 0.7630 0.3384 -0.5507
vn 0.6566 0.4638 0.5947
vn 0.8248 0.5160 0.2310
vn 0.8969 0.4349 0.0804
vn 0.8013 0.4698 0.3703
vn 0.8643 0.4964 -0.0803
vn 0.8865 0.4596 -0.0536
vn 0.9060 0.4183 -0.0648
vn 0.8703 0.4921 0.0183
vn 0.8893 0.4534 -0.0604
vn 0.5075 0.4012 0.7626
vn 0.5559 0.4677 0.6872
vn 0.5420 0.4418 0.7149
vn 0.7159 0.5383 0.4447
vn 0.8468 0.5315 0.0188
vn 0.7281 0.6507 0.2154
vn 0.6040 0.5696 0.5575
vn 0.6731 0.2333 -0.7018
vn 0.6049 0.3399 -0.7201
vn 0.6720 0.4999 -0.5464
vn 0.6775 0.4661 -0.5690
vn 0.5806 0.3580 -0.7313
vn 0.7081 0.4612 -0.5347
vn 0.6898 0.5340 -0.4889
vn 0.6318 0.5599 -0.5361
vn 0.7587 0.4831 -0.4369
vn 0.5219 0.3959 -0.7556
vn 0.6228 0.4589 -0.6336
vn 0.7379 0.4470 -0.5057
vn 0.7582 0.5412 -0.3638
vn 0.6921 0.5556 -0.4608
vn 0.6390 0.5845 -0.4999
vn 0.4886 0.3970 -0.7769
vn 0.5974 0.2638 -0.7573
vn 0.6231 0.2765 -0.7316
vn 0.5859 0.3689 -0.7216
vn 0.5742 0.3064 -0.7592
vn 0.5488 0.3722 -0.7485
vn 0.6590 0.3367 -0.6726
vn 0.7324 0.3462 -0.5862
vn 0.5118 0.4760 -0.7151
vn 0.4486 0.4800 -0.7539
vn 0.3950 0.5038 -0.7682
vn 0.4358 0.5642 -0.7012
vn 0.6406 0.6830 -0.3509
vn 0.6324 0.6947 -0.3427
vn 0.6250 0.7551 -0.1979
vn 0.5831 0.7837 -0.2142
vn 0.7193 0.6685 -0.1887
vn 0.7160 0.6867 -0.1260
vn 0.7454 0.6377 -0.1943
vn 0.6877 0.7231 -0.0653
vn 0.7507 0.6210 -0.2254
vn 0.8010 0.5643 -0.1999
vn 0.8035 0.5951 0.0115
vn 0.7629 0.5812 0.2832
vn -0.0886 0.2950 -0.9514
vn -0.0229 0.3227 -0.9462
vn 0.0921 0.3698 -0.9245
vn -0.0008 0.2532 -0.9674
vn 0.1407 0.4163 -0.8983
vn 0.2724 0.5086 -0.8168
vn 0.4020 0.2999 -0.8651
vn 0.2378 0.2132 -0.9476
vn 0.4826 0.4447 -0.7546
vn -0.1518 0.2218 -0.9632
vn -0.0907 0.2503 -0.9639
vn -0.0528 0.3105 -0.9491
vn -0.0164 0.4096 -0.9121
vn 0.2477 0.4567 -0.8544
vn 0.4355 0.5187 -0.7358
vn 0.5239 0.5581 -0.6435
vn 0.5203 0.3713 -0.7690
vn 0.4690 0.2814 -0.8372
vn 0.3811 0.3347 -0.8618
vn 0.2719 0.5163 -0.8121
vn 0.3167 0.7395 -0.5939
vn 0.5805 0.6034 -0.5468
vn 0.5269 0.4560 -0.7173
vn 0.3363 0.8862 -0.3186
vn 0.5299 0.7858 -0.3190
vn 0.6374 0.5109 -0.5768
vn 0.5756 0.5193 -0.6317
vn 0.6650 0.6307 -0.3999
vn -0.0178 0.5371 -0.8433
vn -0.0116 0.7107 -0.7034
vn 0.0073 0.8874 -0.4609
vn 0.0626 0.9482 -0.3113
vn 0.3721 0.9244 -0.0837
vn 0.4986 0.8668 0.0096
vn 0.6467 0.7606 -0.0573
vn 0.5357 0.3749 -0.7567
vn 0.5053 0.2804 -0.8161
vn 0.5425 0.3306 -0.7723
vn 0.5476 0.4113 -0.7287
vn 0.5479 0.3128 -0.7758
vn 0.6088 0.2914 -0.7379
vn 0.4087 0.4841 -0.7737
vn 0.4066 0.5321 -0.7426
vn 0.5092 0.4601 -0.7273
vn 0.4390 0.5667 0.6972
vn 0.5592 0.5293 0.6381
vn 0.5482 0.4755 0.6880
vn 0.4419 0.5731 0.6902
vn 0.5099 0.5549 0.6574
vn 0.5027 0.4863 0.7147
vn 0.4939 0.4168 0.7631
vn 0.4008 0.5819 0.7077
vn 0.4960 0.3804 0.7806
vn 0.1357 0.6602 0.7387
vn 0.4962 0.5230 0.6930
vn 0.4642 0.5056 0.7273
vn 0.4757 0.4776 0.7386
vn 0.5062 0.3729 0.7776
vn 0.4500 0.4962 0.7425
vn 0.3677 0.6457 0.6693
vn 0.1336 0.7923 0.5953
vn 0.0969 0.8044 0.5861
vn 0.1516 0.7171 0.6803
vn 0.4665 0.5363 0.7033
vn 0.5333 0.5530 0.6401
vn 0.5588 0.5772 0.5955
vn 0.5085 0.5163 0.6892
vn 0.6873 0.5167 0.5106
vn 0.7269 0.5890 0.3532
vn 0.6154 0.5481 0.5664
vn 0.5336 0.5047 0.6787
vn 0.7869 0.5889 0.1845
vn 0.3728 0.6852 0.6257
vn 0.4546 0.6447 0.6145
vn 0.4702 0.7127 0.5206
vn 0.4303 0.7401 0.5168
vn 0.5196 0.5384 0.6634
vn 0.4899 0.6726 0.5546
vn 0.4783 0.7790 0.4055
vn 0.4408 0.8653 0.2388
vn 0.5428 0.7492 0.3795
vn 0.0823 0.7988 0.5960
vn 0.1329 0.9853 -0.1073
vn 0.1081 0.9274 0.3581
vn -0.6953 0.5939 0.4048
vn -0.6730 0.5435 0.5017
vn -0.6957 0.5693 0.4380
vn -0.7181 0.5675 0.4028
vn -0.6492 0.5569 0.5180
vn -0.6558 0.5614 0.5046
vn -0.6916 0.5292 0.4915
vn -0.7339 0.5319 0.4224
vn -0.7012 0.4942 0.5139
vn -0.6335 0.6866 0.3567
vn -0.6227 0.6544 0.4289
vn -0.6693 0.6580 0.3451
vn -0.6112 0.5542 0.5650
vn -0.6221 0.4724 0.6243
vn -0.5572 0.4815 0.6765
vn -0.6078 0.5542 0.5687
vn -0.6387 0.5067 0.5791
vn -0.6684 0.4645 0.5809
vn -0.6956 0.4425 0.5659
vn -0.7501 0.4498 0.4848
vn -0.7000 0.5043 0.5056
vn -0.7377 0.5093 0.4432
vn -0.7122 0.5557 0.4289
vn -0.7398 0.5188 0.4284
vn -0.7060 0.5608 0.4325
vn -0.3625 0.5808 0.7289
vn -0.3987 0.6254 0.6708
vn -0.5306 0.5569 0.6391
vn -0.4861 0.5359 0.6903
vn -0.3566 0.6617 0.6595
vn -0.5253 0.5060 0.6841
vn -0.6060 0.5045 0.6151
vn -0.5949 0.5200 0.6129
vn -0.5754 0.4869 0.6572
vn -0.1292 0.5922 0.7954
vn -0.1662 0.6534 0.7386
vn -0.3150 0.5255 0.7903
vn -0.1907 0.7557 0.6265
vn -0.1487 0.8513 0.5031
vn -0.1442 0.9277 0.3443
vn -0.3750 0.7932 0.4798
vn -0.5684 0.5480 0.6137
vn -0.6269 0.4444 0.6399
vn -0.5192 0.4547 0.7237
vn -0.4396 0.4684 0.7664
vn -0.6384 0.7421 0.2044
vn -0.7161 0.6003 0.3561
vn -0.7338 0.6002 0.3182
vn -0.5397 0.7885 0.2950
vn -0.7171 0.5495 0.4287
vn -0.7524 0.5214 0.4025
vn -0.6657 0.6300 0.3998
vn -0.4335 0.8388 0.3294
vn -0.7613 0.4851 0.4302
vn -0.5073 0.8591 -0.0676
vn -0.6461 0.7535 0.1220
vn -0.3734 0.9216 0.1063
vn -0.7239 0.6038 0.3337
vn -0.7552 0.5388 0.3732
vn -0.1797 0.9515 0.2498
vn -0.2326 0.9453 0.2286
vn -0.6552 0.2336 0.7184
vn -0.4220 0.5005 0.7559
vn -0.3670 0.6918 0.6219
vn -0.5676 0.4937 0.6589
vn -0.2775 0.6114 0.7411
vn -0.3846 0.6584 0.6470
vn -0.3905 0.7748 0.4972
vn -0.3836 0.7607 0.5236
vn -0.5036 0.6714 0.5437
vn -0.6931 0.1520 0.7047
vn -0.3727 0.4831 0.7923
vn -0.4784 0.5235 0.7050
vn -0.5679 0.5699 0.5939
vn -0.5624 0.7207 0.4053
vn -0.4625 0.7526 0.4687
vn -0.3557 0.7989 0.4850
vn -0.5835 0.6095 0.5367
vn -0.4228 0.8165 0.3932
vn -0.6967 0.2745 0.6628
vn -0.4808 0.3681 0.7958
vn -0.4909 0.3473 0.7990
vn -0.5512 0.4538 0.7002
vn -0.5196 0.4524 0.7248
vn -0.3373 0.3777 0.8623
vn -0.4636 0.4658 0.7538
vn -0.5647 0.5410 0.6232
vn -0.5580 0.5365 0.6332
vn -0.5669 0.4868 0.6646
vn -0.3210 0.3421 0.8831
vn -0.3691 0.3832 0.8467
vn -0.4655 0.4015 0.7888
vn -0.4153 0.7716 0.4819
vn -0.5011 0.7445 0.4412
vn -0.5454 0.6453 0.5349
vn -0.5215 0.7235 0.4523
vn -0.5744 0.7153 0.3980
vn -0.5985 0.6075 0.5222
vn -0.5967 0.6170 0.5131
vn -0.6111 0.6527 0.4478
vn -0.6424 0.5712 0.5109
vn -0.4040 0.7759 0.4845
vn -0.6663 0.5627 0.4893
vn -0.6618 0.5959 0.4550
vn -0.6450 0.6420 0.4145
vn -0.5157 0.7134 0.4744
vn -0.6173 0.6693 0.4134
vn -0.4059 0.7710 0.4907
vn 0.1006 0.7100 0.6970
vn 0.1785 0.7628 0.6216
vn 0.0870 0.6741 0.7335
vn 0.0301 0.5489 0.8353
vn 0.2203 0.7631 0.6076
vn 0.1405 0.7293 0.6696
vn 0.0286 0.5726 0.8194
vn 0.0465 0.4875 0.8719
vn 0.0710 0.6416 0.7638
vn 0.2036 0.7557 0.6225
vn 0.1947 0.7421 0.6414
vn 0.1189 0.6747 0.7284
vn -0.1082 0.5200 0.8473
vn -0.1120 0.4896 0.8647
vn -0.0582 0.5178 0.8535
vn 0.1747 0.7344 0.6558
vn 0.1455 0.8371 0.5273
vn 0.1726 0.8484 0.5005
vn 0.2285 0.7482 0.6229
vn 0.1408 0.9186 0.3693
vn 0.1039 0.9206 0.3763
vn 0.0916 0.8522 0.5152
vn 0.1318 0.7272 0.6737
vn 0.0492 0.9248 0.3772
vn 0.1486 0.9639 0.2209
vn 0.0704 0.9593 0.2736
vn 0.0076 0.9575 0.2882
vn -0.2838 0.4637 0.8393
vn -0.2676 0.4182 0.8681
vn -0.3683 0.3305 0.8690
vn -0.4094 0.3669 0.8353
vn -0.2568 0.4156 0.8725
vn -0.3686 0.3454 0.8631
vn -0.3905 0.3011 0.8700
vn -0.4154 0.3117 0.8546
vn -0.4211 0.3345 0.8431
vn -0.0119 0.9910 -0.1332
vn -0.2950 0.9174 -0.2672
vn -0.1663 0.9261 -0.3385
vn 0.0625 0.9528 -0.2970
vn -0.5154 0.7832 -0.3478
vn -0.4341 0.8516 -0.2939
vn -0.0831 0.9373 -0.3385
vn 0.1408 0.9445 -0.2969
vn -0.3547 0.8818 -0.3109
vn -0.1882 0.9797 -0.0696
vn -0.5173 0.8059 -0.2879
vn -0.5487 0.7005 -0.4562
vn -0.5126 0.7204 -0.4672
vn -0.5392 0.7708 -0.3393
vn -0.5555 0.7892 -0.2619
vn -0.5486 0.8033 -0.2318
vn -0.2038 0.9674 -0.1504
vn 0.0381 0.9937 -0.1057
vn 0.1884 0.9728 -0.1350
vn -0.5925 0.7878 -0.1683
vn -0.7047 0.6988 0.1226
vn -0.6888 0.6784 0.2556
vn -0.6279 0.7725 -0.0944
vn -0.7062 0.6230 0.3363
vn -0.6860 0.5986 0.4137
vn -0.7555 0.6164 0.2221
vn -0.6676 0.7424 -0.0563
vn -0.7181 0.5653 0.4059
vn -0.6282 0.6940 -0.3518
vn -0.7014 0.7030 -0.1173
vn -0.6683 0.6991 0.2542
vn 0.1491 0.9878 -0.0440
vn 0.1035 0.9941 0.0310
vn 0.0755 0.9971 -0.0128
vn 0.1083 0.9914 -0.0734
vn -0.0473 0.9967 0.0665
vn -0.0175 0.9950 0.0988
vn 0.0557 0.9940 0.0941
vn 0.1330 0.9900 0.0469
vn -0.0258 0.9840 0.1765
vn -0.8550 0.5042 0.1213
vn -0.7237 0.6811 0.1116
vn -0.7733 0.6247 0.1085
vn -0.8528 0.5031 0.1403
vn -0.5727 0.8181 0.0531
vn -0.5964 0.8026 -0.0118
vn -0.8128 0.5810 -0.0435
vn -0.8488 0.5287 0.0061
vn -0.6319 0.7721 -0.0678
vn -0.9052 0.3350 0.2616
vn -0.8166 0.5478 0.1819
vn -0.9038 0.3731 0.2096
vn -0.6381 0.7607 0.1193
vn -0.5620 0.8173 0.1268
vn -0.5853 0.8100 0.0366
vn -0.5490 0.8354 -0.0268
vn -0.5088 0.8494 -0.1403
vn -0.4378 0.8892 -0.1329
vn -0.3813 0.9130 -0.1448
vn -0.6588 0.7379 -0.1465
vn -0.8131 0.5678 -0.1287
vn -0.8168 0.5664 -0.1102
vn -0.8889 0.4521 0.0741
vn -0.8830 0.4613 -0.0871
vn -0.8808 0.4346 0.1879
vn -0.2734 0.9074 -0.3193
vn -0.3243 0.9144 -0.2422
vn -0.4106 0.8817 -0.2325
vn -0.3792 0.8799 -0.2864
vn -0.3528 0.9202 -0.1697
vn -0.4565 0.8794 -0.1348
vn -0.5248 0.8380 -0.1497
vn -0.5037 0.8475 -0.1673
vn -0.5321 0.8389 -0.1145
vn -0.4259 0.8549 -0.2960
vn -0.3367 0.9147 -0.2237
vn -0.2951 0.8799 -0.3724
vn -0.2968 0.9355 -0.1917
vn -0.3197 0.9304 -0.1790
vn -0.3394 0.9150 -0.2181
vn -0.4380 0.8901 -0.1258
vn -0.5267 0.8451 -0.0918
vn -0.4620 0.8775 -0.1287
vn -0.4769 0.8696 -0.1282
vn -0.3422 0.9010 -0.2665
vn -0.8144 0.5584 -0.1578
vn -0.8415 0.5039 -0.1948
vn -0.6998 0.6947 -0.1662
vn -0.6185 0.7764 -0.1211
vn -0.8124 0.5389 -0.2227
vn -0.7641 0.6097 -0.2109
vn -0.5693 0.8074 -0.1550
vn -0.5587 0.8129 -0.1641
vn -0.5859 0.7799 -0.2201
vn -0.8014 0.5293 -0.2787
vn -0.8675 0.4689 -0.1662
vn -0.6328 0.7037 -0.3230
vn -0.8406 0.4936 -0.2230
vn -0.8342 0.4928 -0.2474
vn -0.4354 0.8440 -0.3131
vn -0.4888 0.8123 -0.3181
vn -0.7602 0.1464 0.6330
vn -0.7827 0.2436 0.5728
vn -0.8450 0.2851 0.4524
vn -0.8459 0.1074 0.5224
vn -0.7642 0.4519 0.4602
vn -0.8306 0.3707 0.4155
vn -0.8696 0.3164 0.3790
vn -0.8933 0.0817 0.4419
vn -0.8678 0.3299 0.3717
vn -0.5752 0.7292 0.3707
vn -0.6931 0.5659 0.4465
vn -0.8157 0.4064 0.4116
vn -0.8952 0.3311 0.2983
vn -0.8910 0.3229 0.3192
vn -0.9231 0.0792 0.3763
vn -0.4656 0.7584 0.4561
vn -0.4137 0.7516 0.5138
vn -0.4572 0.7569 0.4670
vn -0.5031 0.7088 0.4944
vn -0.3838 0.7636 0.5192
vn -0.4574 0.7814 0.4246
vn -0.5186 0.7968 0.3100
vn -0.6568 0.6373 0.4030
vn -0.5446 0.8005 0.2504
vn -0.4987 0.7278 0.4707
vn -0.4604 0.8128 0.3570
vn -0.5297 0.8276 0.1856
vn -0.9460 0.0996 0.3084
vn -0.9089 0.3036 0.2860
vn -0.9417 0.2529 0.2219
vn -0.9680 0.1193 0.2209
vn -0.8882 0.3630 0.2818
vn -0.8970 0.3816 0.2233
vn -0.9707 0.2275 0.0776
vn -0.9884 0.1254 0.0855
vn -0.9230 0.3771 0.0765
vn -0.9339 0.3447 -0.0949
vn -0.9688 0.2148 -0.1236
vn -0.9837 0.1212 -0.1326
vn -0.5530 0.8227 -0.1316
vn -0.7122 0.6956 -0.0944
vn -0.6472 0.7207 -0.2483
vn -0.6487 0.7069 -0.2820
vn -0.7284 0.6706 -0.1402
vn -0.5883 0.7529 -0.2951
vn -0.5164 0.7310 -0.4461
vn -0.5247 0.7091 -0.4710
vn -0.5562 0.7581 -0.3404
vn -0.3551 0.9036 0.2395
vn -0.6891 0.7224 0.0580
vn -0.7859 0.6178 0.0267
vn -0.7926 0.5971 -0.1235
vn -0.6362 0.7337 -0.2388
vn -0.5193 0.8034 -0.2913
vn -0.5486 0.8120 -0.1993
vn -0.5262 0.7424 -0.4147
vn -0.5510 0.7227 -0.4173
vn -0.5325 0.6908 -0.4891
vn -0.4792 0.8265 -0.2955
vn -0.4120 0.8849 -0.2173
vn -0.4395 0.8881 -0.1344
vn -0.4895 0.8524 -0.1839
vn -0.3711 0.9283 -0.0238
vn -0.3674 0.9290 -0.0444
vn -0.3576 0.9215 -0.1516
vn -0.4610 0.8732 -0.1581
vn -0.3103 0.9362 -0.1650
vn -0.6707 0.7317 -0.1221
vn -0.4955 0.8634 -0.0950
vn -0.3705 0.9275 -0.0506
vn -0.4087 0.9102 -0.0677
vn -0.4395 0.8895 -0.1249
vn -0.4080 0.8943 -0.1837
vn -0.3410 0.9030 -0.2613
vn -0.6097 0.7037 -0.3648
vn -0.5185 0.7733 -0.3650
vn -0.4734 0.8509 -0.2278
vn -0.5777 0.7932 -0.1923
vn -0.4063 0.8102 -0.4224
vn -0.3827 0.8925 -0.2386
vn -0.4989 0.8612 0.0968
vn -0.5893 0.7882 0.1776
vn -0.4359 0.8999 0.0089
vn -0.3583 0.0153 -0.9335
vn -0.4265 0.0868 -0.9003
vn -0.5048 0.1543 -0.8493
vn -0.4192 0.0746 -0.9048
vn -0.7689 0.1001 -0.6314
vn -0.7708 0.1434 -0.6207
vn -0.5765 0.2769 -0.7688
vn -0.5125 0.1944 -0.8364
vn -0.7623 0.3146 -0.5656
vn -0.4143 -0.0094 -0.9101
vn -0.8934 0.0492 -0.4465
vn -0.8814 0.1083 -0.4598
vn -0.8775 0.3265 -0.3512
vn -0.6493 0.6311 -0.4243
vn -0.6081 0.6238 -0.4911
vn -0.5631 0.5855 -0.5831
vn -0.4861 0.1962 -0.8516
vn -0.4643 0.6144 -0.6379
vn -0.4465 0.0061 -0.8948
vn -0.9215 -0.0159 -0.3880
vn -0.9346 -0.0061 -0.3556
vn -0.9502 0.1308 -0.2830
vn -0.9159 0.1177 -0.3838
vn -0.9474 0.0798 -0.3100
vn -0.9578 0.1705 -0.2314
vn -0.8787 0.4155 -0.2350
vn -0.8818 0.4003 -0.2494
vn -0.9109 0.3551 -0.2099
vn -0.4853 0.8219 -0.2982
vn -0.5428 0.8026 -0.2475
vn -0.4708 0.8526 -0.2266
vn -0.4389 0.8758 -0.2007
vn -0.5130 0.7842 -0.3493
vn -0.4561 0.8147 -0.3581
vn -0.4059 0.8870 -0.2200
vn -0.4503 0.8765 -0.1700
vn -0.3765 0.8734 -0.3090
vn -0.4347 0.8102 -0.3932
vn -0.4780 0.8568 -0.1935
vn -0.4444 0.8716 -0.2072
vn -0.6503 0.6026 -0.4625
vn -0.6644 0.6608 -0.3492
vn -0.5548 0.7049 -0.4420
vn -0.5830 0.6374 -0.5038
vn -0.6181 0.7520 -0.2292
vn -0.5922 0.7394 -0.3202
vn -0.6440 0.6407 -0.4180
vn -0.6249 0.6416 -0.4447
vn -0.7313 0.5778 -0.3625
vn -0.5571 0.5982 -0.5760
vn -0.6226 0.6578 -0.4238
vn -0.5867 0.5187 -0.6219
vn -0.6839 0.6825 -0.2577
vn -0.7073 0.7025 -0.0787
vn -0.6680 0.7435 0.0308
vn -0.6308 0.7560 -0.1746
vn -0.7750 0.5926 -0.2196
vn -0.8300 0.4110 -0.3771
vn -0.7165 0.3660 -0.5938
vn -0.7237 0.4722 -0.5033
vn -0.7253 0.5725 -0.3823
vn -0.6870 0.5876 -0.4276
vn -0.6099 0.5469 -0.5735
vn -0.5675 0.5226 -0.6363
vn -0.6007 0.5273 -0.6009
vn -0.8193 0.5734 0.0062
vn -0.7768 0.6142 -0.1393
vn -0.8049 0.5909 -0.0538
vn -0.8618 0.5071 0.0078
vn -0.7560 0.5771 -0.3091
vn -0.6854 0.6637 -0.2996
vn -0.8837 0.4589 -0.0920
vn -0.7915 0.6039 -0.0941
vn -0.7910 0.5085 -0.3402
vn -0.8201 0.5626 0.1042
vn -0.8154 0.5759 -0.0594
vn -0.8235 0.5666 -0.0268
vn -0.7906 0.5925 -0.1549
vn -0.7015 0.6410 -0.3116
vn -0.5517 0.6238 -0.5536
vn -0.6717 0.5411 -0.5060
vn -0.6376 0.6132 -0.4662
vn -0.6542 0.5209 -0.5483
vn -0.7024 0.7093 -0.0584
vn -0.7996 0.5820 -0.1481
vn -0.3292 0.3930 -0.8586
vn -0.3595 0.4597 -0.8121
vn -0.5173 0.5199 -0.6798
vn -0.4313 0.5105 -0.7439
vn -0.4878 0.5815 -0.6510
vn -0.6317 0.5587 -0.5374
vn -0.5986 0.5603 -0.5725
vn -0.5432 0.5516 -0.6330
vn -0.6550 0.4916 -0.5738
vn -0.1535 0.2913 -0.9442
vn -0.2411 0.2862 -0.9273
vn -0.2605 0.4209 -0.8689
vn -0.2025 0.4018 -0.8931
vn -0.3016 0.5069 -0.8075
vn -0.4430 0.5640 -0.6969
vn -0.3626 0.5176 -0.7750
vn -0.3381 -0.0294 -0.9407
vn -0.3793 -0.0025 -0.9253
vn -0.3299 0.0675 -0.9416
vn -0.3371 -0.0378 -0.9407
vn -0.4416 0.3138 -0.8405
vn -0.4014 0.4329 -0.8071
vn -0.3927 0.1786 -0.9021
vn -0.3349 -0.0067 -0.9422
vn -0.4483 0.5047 -0.7378
vn -0.4299 0.6545 -0.6220
vn -0.3953 0.6919 -0.6042
vn -0.4984 0.6686 -0.5519
vn -0.4886 0.5237 -0.6978
vn -0.4352 0.3166 -0.8428
vn -0.3548 0.0388 -0.9341
vn -0.4087 0.7903 -0.4565
vn -0.4398 0.8392 -0.3199
vn -0.4530 0.7970 -0.3994
vn -0.4082 0.7606 -0.5048
vn -0.4593 0.8614 -0.2170
vn -0.4869 0.8431 -0.2282
vn -0.5828 0.7593 -0.2894
vn -0.5563 0.7023 -0.4442
vn -0.6215 0.7674 -0.1577
vn -0.4393 0.8976 -0.0371
vn -0.5144 0.8565 -0.0428
vn -0.6399 0.7647 0.0759
vn -0.4319 0.1955 -0.8805
vn -0.4440 0.3914 -0.8060
vn -0.4732 0.3424 -0.8117
vn -0.4395 0.3432 -0.8301
vn -0.5021 0.4551 -0.7354
vn -0.5403 0.3739 -0.7538
vn -0.3711 0.2470 -0.8952
vn -0.2430 0.3117 -0.9186
vn -0.5078 0.3381 -0.7924
vn -0.3714 0.3362 -0.8655
vn -0.1969 0.1772 -0.9643
vn -0.0976 0.1487 -0.9841
vn -0.3025 0.7231 0.6209
vn -0.2905 0.7837 0.5491
vn -0.6947 0.6861 0.2158
vn -0.6855 0.6676 0.2905
vn -0.2657 0.8835 0.3858
vn -0.6557 0.7390 0.1548
vn -0.7949 0.6063 -0.0228
vn -0.7945 0.6048 0.0553
vn -0.8236 0.5656 0.0433
vn -0.3004 0.8668 0.3980
vn -0.5994 0.7795 0.1819
vn -0.8074 0.5854 0.0741
vn -0.7839 0.6179 0.0606
vn -0.7872 0.6164 0.0185
vn -0.8334 0.5522 0.0201
vn -0.3497 0.8523 0.3890
vn -0.3209 0.9462 0.0415
vn -0.5428 0.8288 -0.1358
vn -0.5984 0.7822 0.1732
vn -0.2124 0.9006 -0.3791
vn -0.3842 0.8131 -0.4373
vn -0.6800 0.7199 -0.1390
vn -0.7526 0.6584 0.0061
vn -0.5212 0.7718 -0.3642
vn -0.2009 0.8617 -0.4660
vn -0.3023 0.8059 -0.5090
vn -0.3934 0.7529 -0.5276
vn -0.8139 0.5799 -0.0354
vn -0.8509 0.5220 0.0586
vn -0.7760 0.6187 0.1226
vn -0.6407 0.7662 0.0488
vn -0.8051 0.5921 -0.0353
vn -0.8181 0.5747 -0.0208
vn -0.5781 0.8111 0.0890
vn -0.4838 0.8631 0.1445
vn -0.6997 0.6879 0.1928
vn -0.2157 0.1317 -0.9676
vn -0.0658 0.2140 -0.9746
vn -0.0791 0.1950 -0.9776
vn -0.1873 0.1846 -0.9648
vn 0.0213 0.2496 -0.9681
vn 0.0833 0.2274 -0.9702
vn -0.0427 0.2385 -0.9702
vn -0.1869 0.2530 -0.9493
vn 0.1246 0.2152 -0.9686
vn -0.0098 0.1588 -0.9873
vn 0.0016 0.1676 -0.9859
vn -0.0392 0.1660 -0.9854
vn 0.0404 0.3279 -0.9438
vn -0.0055 0.2780 -0.9606
vn -0.1458 0.2862 -0.9470
vn 0.0530 0.1233 -0.9910
vn 0.0831 0.1157 -0.9898
vn -0.0302 0.2819 -0.9590
vn -0.0219 0.2241 -0.9743
vn -0.0289 0.0905 -0.9955
vn -0.0972 0.2125 -0.9723
vn -0.1146 0.3706 -0.9217
vn -0.1327 0.2485 -0.9595
vn -0.1641 0.3716 -0.9138
vn -0.1120 0.4482 -0.8869
vn -0.0635 0.3960 -0.9161
vn -0.1589 0.5659 -0.8090
vn -0.1162 0.6213 -0.7749
vn -0.1023 0.4362 -0.8940
vn -0.2461 0.5391 -0.8055
vn -0.2516 0.7381 -0.6260
vn -0.1842 0.7981 -0.5736
vn -0.3324 0.6548 -0.6788
s 1
g off
g rock_warna_batu
usemtl warna_batu
f 1011//1 1012//2 1015//3 1014//4
f 1012//2 1013//5 1016//6 1015//3
f 1014//4 1015//3 1018//7 1017//8
f 1015//3 1016//6 1019//9 1018//7
f 64//10 363//11 1011//1 380//12
f 363//11 364//13 1012//2 1011//1
f 364//13 365//14 1013//5 1012//2
f 365//14 65//15 383//16 1013//5
f 1013//5 383//16 382//17 1016//6
f 1016//6 382//17 381//18 1019//9
f 1019//9 381//18 63//19 387//20
f 1018//7 1019//9 387//20 388//21
f 1017//8 1018//7 388//21 389//22
f 378//23 1017//8 389//22 69//24
f 379//25 1014//4 1017//8 378//23
f 380//12 1011//1 1014//4 379//25
f 1020//26 1021//27 1024//28 1023//29
f 1021//27 1022//30 1025//31 1024//28
f 1023//29 1024//28 1027//32 1026//33
f 1024//28 1025//31 1028//34 1027//32
f 66//35 366//36 1020//26 374//37
f 366//36 367//38 1021//27 1020//26
f 367//38 368//39 1022//30 1021//27
f 368//39 67//40 386//41 1022//30
f 1022//30 386//41 385//42 1025//31
f 1025//31 385//42 384//43 1028//34
f 1028//34 384//43 63//19 381//18
f 1027//32 1028//34 381//18 382//17
f 1026//33 1027//32 382//17 383//16
f 372//44 1026//33 383//16 65//15
f 373//45 1023//29 1026//33 372//44
f 374//37 1020//26 1023//29 373//45
f 1029//46 1030//47 1033//48 1032//49
f 1030//47 1031//50 1034//51 1033//48
f 1032//49 1033//48 1036//52 1035//53
f 1033//48 1034//51 1037//54 1036//52
f 68//55 369//56 1029//46 377//57
f 369//56 370//58 1030//47 1029//46
f 370//58 371//59 1031//50 1030//47
f 371//59 69//24 389//22 1031//50
f 1031//50 389//22 388//21 1034//51
f 1034//51 388//21 387//20 1037//54
f 1037//54 387//20 63//19 384//43
f 1036//52 1037//54 384//43 385//42
f 1035//53 1036//52 385//42 386//41
f 375//60 1035//53 386//41 67//40
f 376//61 1032//49 1035//53 375//60
f 377//57 1029//46 1032//49 376//61
f 1038//62 1039//63 1042//64 1041//65
f 1039//63 1040//66 1043//67 1042//64
f 1041//65 1042//64 1045//68 1044//69
f 1042//64 1043//67 1046//70 1045//68
f 1//71 147//72 1038//62 159//73
f 147//72 148//74 1039//63 1038//62
f 148//74 149//75 1040//66 1039//63
f 149//75 9//76 390//77 1040//66
f 1040//66 390//77 391//78 1043//67
f 1043//67 391//78 392//79 1046//70
f 1046//70 392//79 64//10 398//80
f 1045//68 1046//70 398//80 397//81
f 1044//69 1045//68 397//81 396//82
f 161//83 1044//69 396//82 12//84
f 160//85 1041//65 1044//69 161//83
f 159//73 1038//62 1041//65 160//85
f 1047//86 1048//87 1051//88 1050//89
f 1048//87 1049//90 1052//91 1051//88
f 1050//89 1051//88 1054//92 1053//93
f 1051//88 1052//91 1055//94 1054//92
f 9//76 150//95 1047//86 390//77
f 150//95 151//96 1048//87 1047//86
f 151//96 152//97 1049//90 1048//87
f 152//97 10//98 393//99 1049//90
f 1049//90 393//99 394//100 1052//91
f 1052//91 394//100 395//101 1055//94
f 1055//94 395//101 65//15 365//14
f 1054//92 1055//94 365//14 364//13
f 1053//93 1054//92 364//13 363//11
f 392//79 1053//93 363//11 64//10
f 391//78 1050//89 1053//93 392//79
f 390//77 1047//86 1050//89 391//78
f 1056//102 1057//103 1060//104 1059//105
f 1057//103 1058//106 1061//107 1060//104
f 1059//105 1060//104 1063//108 1062//109
f 1060//104 1061//107 1064//110 1063//108
f 12//84 396//82 1056//102 162//111
f 396//82 397//81 1057//103 1056//102
f 397//81 398//80 1058//106 1057//103
f 398//80 64//10 380//12 1058//106
f 1058//106 380//12 379//25 1061//107
f 1061//107 379//25 378//23 1064//110
f 1064//110 378//23 69//24 413//112
f 1063//108 1064//110 413//112 412//113
f 1062//109 1063//108 412//113 411//114
f 164//115 1062//109 411//114 13//116
f 163//117 1059//105 1062//109 164//115
f 162//111 1056//102 1059//105 163//117
f 1065//118 1066//119 1069//120 1068//121
f 1066//119 1067//122 1070//123 1069//120
f 1068//121 1069//120 1072//124 1071//125
f 1069//120 1070//123 1073//126 1072//124
f 2//127 231//128 1065//118 158//129
f 231//128 232//130 1066//119 1065//118
f 232//130 233//131 1067//122 1066//119
f 233//131 30//132 399//133 1067//122
f 1067//122 399//133 400//134 1070//123
f 1070//123 400//134 401//135 1073//126
f 1073//126 401//135 66//35 407//136
f 1072//124 1073//126 407//136 406//137
f 1071//125 1072//124 406//137 405//138
f 156//139 1071//125 405//138 11//140
f 157//141 1068//121 1071//125 156//139
f 158//129 1065//118 1068//121 157//141
f 1074//142 1075//143 1078//144 1077//145
f 1075//143 1076//146 1079//147 1078//144
f 1077//145 1078//144 1081//148 1080//149
f 1078//144 1079//147 1082//150 1081//148
f 30//132 234//151 1074//142 399//133
f 234//151 235//152 1075//143 1074//142
f 235//152 236//153 1076//146 1075//143
f 236//153 31//154 402//155 1076//146
f 1076//146 402//155 403//156 1079//147
f 1079//147 403//156 404//157 1082//150
f 1082//150 404//157 67//40 368//39
f 1081//148 1082//150 368//39 367//38
f 1080//149 1081//148 367//38 366//36
f 401//135 1080//149 366//36 66//35
f 400//134 1077//145 1080//149 401//135
f 399//133 1074//142 1077//145 400//134
f 1083//158 1084//159 1087//160 1086//161
f 1084//159 1085//162 1088//163 1087//160
f 1086//161 1087//160 1090//164 1089//165
f 1087//160 1088//163 1091//166 1090//164
f 11//140 405//138 1083//158 155//167
f 405//138 406//137 1084//159 1083//158
f 406//137 407//136 1085//162 1084//159
f 407//136 66//35 374//37 1085//162
f 1085//162 374//37 373//45 1088//163
f 1088//163 373//45 372//44 1091//166
f 1091//166 372//44 65//15 395//101
f 1090//164 1091//166 395//101 394//100
f 1089//165 1090//164 394//100 393//99
f 153//168 1089//165 393//99 10//98
f 154//169 1086//161 1089//165 153//168
f 155//167 1083//158 1086//161 154//169
f 1092//170 1093//171 1096//172 1095//173
f 1093//171 1094//174 1097//175 1096//172
f 1095//173 1096//172 1099//176 1098//177
f 1096//172 1097//175 1100//178 1099//176
f 3//179 170//180 1092//170 242//181
f 170//180 169//182 1093//171 1092//170
f 169//182 168//183 1094//174 1093//171
f 168//183 14//184 408//185 1094//174
f 1094//174 408//185 409//186 1097//175
f 1097//175 409//186 410//187 1100//178
f 1100//178 410//187 68//55 416//188
f 1099//176 1100//178 416//188 415//189
f 1098//177 1099//176 415//189 414//190
f 240//191 1098//177 414//190 32//192
f 241//193 1095//173 1098//177 240//191
f 242//181 1092//170 1095//173 241//193
f 1101//194 1102//195 1105//196 1104//197
f 1102//195 1103//198 1106//199 1105//196
f 1104//197 1105//196 1108//200 1107//201
f 1105//196 1106//199 1109//202 1108//200
f 14//184 167//203 1101//194 408//185
f 167//203 166//204 1102//195 1101//194
f 166//204 165//205 1103//198 1102//195
f 165//205 13//116 411//114 1103//198
f 1103//198 411//114 412//113 1106//199
f 1106//199 412//113 413//112 1109//202
f 1109//202 413//112 69//24 371//59
f 1108//200 1109//202 371//59 370//58
f 1107//201 1108//200 370//58 369//56
f 410//187 1107//201 369//56 68//55
f 409//186 1104//197 1107//201 410//187
f 408//185 1101//194 1104//197 409//186
f 1110//206 1111//207 1114//208 1113//209
f 1111//207 1112//210 1115//211 1114//208
f 1113//209 1114//208 1117//212 1116//213
f 1114//208 1115//211 1118//214 1117//212
f 32//192 414//190 1110//206 239//215
f 414//190 415//189 1111//207 1110//206
f 415//189 416//188 1112//210 1111//207
f 416//188 68//55 377//57 1112//210
f 1112//210 377//57 376//61 1115//211
f 1115//211 376//61 375//60 1118//214
f 1118//214 375//60 67//40 404//157
f 1117//212 1118//214 404//157 403//156
f 1116//213 1117//212 403//156 402//155
f 237//216 1116//213 402//155 31//154
f 238//217 1113//209 1116//213 237//216
f 239//215 1110//206 1113//209 238//217
f 1119//218 1120//219 1123//220 1122//221
f 1120//219 1121//222 1124//223 1123//220
f 1122//221 1123//220 1126//224 1125//225
f 1123//220 1124//223 1127//226 1126//224
f 71//227 417//228 1119//218 434//229
f 417//228 418//230 1120//219 1119//218
f 418//230 419//231 1121//222 1120//219
f 419//231 72//232 437//233 1121//222
f 1121//222 437//233 436//234 1124//223
f 1124//223 436//234 435//235 1127//226
f 1127//226 435//235 70//236 441//237
f 1126//224 1127//226 441//237 442//238
f 1125//225 1126//224 442//238 443//239
f 432//240 1125//225 443//239 76//241
f 433//242 1122//221 1125//225 432//240
f 434//229 1119//218 1122//221 433//242
f 1128//243 1129//244 1132//245 1131//246
f 1129//244 1130//247 1133//248 1132//245
f 1131//246 1132//245 1135//249 1134//250
f 1132//245 1133//248 1136//251 1135//249
f 73//252 420//253 1128//243 428//254
f 420//253 421//255 1129//244 1128//243
f 421//255 422//256 1130//247 1129//244
f 422//256 74//257 440//258 1130//247
f 1130//247 440//258 439//259 1133//248
f 1133//248 439//259 438//260 1136//251
f 1136//251 438//260 70//236 435//235
f 1135//249 1136//251 435//235 436//234
f 1134//250 1135//249 436//234 437//233
f 426//261 1134//250 437//233 72//232
f 427//262 1131//246 1134//250 426//261
f 428//254 1128//243 1131//246 427//262
f 1137//263 1138//264 1141//265 1140//266
f 1138//264 1139//267 1142//268 1141//265
f 1140//266 1141//265 1144//269 1143//270
f 1141//265 1142//268 1145//271 1144//269
f 75//272 423//273 1137//263 431//274
f 423//273 424//275 1138//264 1137//263
f 424//275 425//276 1139//267 1138//264
f 425//276 76//241 443//239 1139//267
f 1139//267 443//239 442//238 1142//268
f 1142//268 442//238 441//237 1145//271
f 1145//271 441//237 70//236 438//260
f 1144//269 1145//271 438//260 439//259
f 1143//270 1144//269 439//259 440//258
f 429//277 1143//270 440//258 74//257
f 430//278 1140//266 1143//270 429//277
f 431//274 1137//263 1140//266 430//278
f 1146//279 1147//280 1150//281 1149//282
f 1147//280 1148//283 1151//284 1150//281
f 1149//282 1150//281 1153//285 1152//286
f 1150//281 1151//284 1154//287 1153//285
f 1//71 219//288 1146//279 147//72
f 219//288 220//289 1147//280 1146//279
f 220//289 221//290 1148//283 1147//280
f 221//290 27//291 444//292 1148//283
f 1148//283 444//292 445//293 1151//284
f 1151//284 445//293 446//294 1154//287
f 1154//287 446//294 71//227 452//295
f 1153//285 1154//287 452//295 451//296
f 1152//286 1153//285 451//296 450//297
f 149//75 1152//286 450//297 9//76
f 148//74 1149//282 1152//286 149//75
f 147//72 1146//279 1149//282 148//74
f 1155//298 1156//299 1159//300 1158//301
f 1156//299 1157//302 1160//303 1159//300
f 1158//301 1159//300 1162//304 1161//305
f 1159//300 1160//303 1163//306 1162//304
f 27//291 222//307 1155//298 444//292
f 222//307 223//308 1156//299 1155//298
f 223//308 224//309 1157//302 1156//299
f 224//309 28//310 447//311 1157//302
f 1157//302 447//311 448//312 1160//303
f 1160//303 448//312 449//313 1163//306
f 1163//306 449//313 72//232 419//231
f 1162//304 1163//306 419//231 418//230
f 1161//305 1162//304 418//230 417//228
f 446//294 1161//305 417//228 71//227
f 445//293 1158//301 1161//305 446//294
f 444//292 1155//298 1158//301 445//293
f 1164//314 1165//315 1168//316 1167//317
f 1165//315 1166//318 1169//319 1168//316
f 1167//317 1168//316 1171//320 1170//321
f 1168//316 1169//319 1172//322 1171//320
f 9//76 450//297 1164//314 150//95
f 450//297 451//296 1165//315 1164//314
f 451//296 452//295 1166//318 1165//315
f 452//295 71//227 434//229 1166//318
f 1166//318 434//229 433//242 1169//319
f 1169//319 433//242 432//240 1172//322
f 1172//322 432//240 76//241 467//323
f 1171//320 1172//322 467//323 466//324
f 1170//321 1171//320 466//324 465//325
f 152//97 1170//321 465//325 10//98
f 151//96 1167//317 1170//321 152//97
f 150//95 1164//314 1167//317 151//96
f 1173//326 1174//327 1177//328 1176//329
f 1174//327 1175//330 1178//331 1177//328
f 1176//329 1177//328 1180//332 1179//333
f 1177//328 1178//331 1181//334 1180//332
f 8//335 302//336 1173//326 230//337
f 302//336 301//338 1174//327 1173//326
f 301//338 300//339 1175//330 1174//327
f 300//339 47//340 453//341 1175//330
f 1175//330 453//341 454//342 1178//331
f 1178//331 454//342 455//343 1181//334
f 1181//334 455//343 73//252 461//344
f 1180//332 1181//334 461//344 460//345
f 1179//333 1180//332 460//345 459//346
f 228//347 1179//333 459//346 29//348
f 229//349 1176//329 1179//333 228//347
f 230//337 1173//326 1176//329 229//349
f 1182//350 1183//351 1186//352 1185//353
f 1183//351 1184//354 1187//355 1186//352
f 1185//353 1186//352 1189//356 1188//357
f 1186//352 1187//355 1190//358 1189//356
f 47//340 299//359 1182//350 453//341
f 299//359 298//360 1183//351 1182//350
f 298//360 297//361 1184//354 1183//351
f 297//361 46//362 456//363 1184//354
f 1184//354 456//363 457//364 1187//355
f 1187//355 457//364 458//365 1190//358
f 1190//358 458//365 74//257 422//256
f 1189//356 1190//358 422//256 421//255
f 1188//357 1189//356 421//255 420//253
f 455//343 1188//357 420//253 73//252
f 454//342 1185//353 1188//357 455//343
f 453//341 1182//350 1185//353 454//342
f 1191//366 1192//367 1195//368 1194//369
f 1192//367 1193//370 1196//371 1195//368
f 1194//369 1195//368 1198//372 1197//373
f 1195//368 1196//371 1199//374 1198//372
f 29//348 459//346 1191//366 227//375
f 459//346 460//345 1192//367 1191//366
f 460//345 461//344 1193//370 1192//367
f 461//344 73//252 428//254 1193//370
f 1193//370 428//254 427//262 1196//371
f 1196//371 427//262 426//261 1199//374
f 1199//374 426//261 72//232 449//313
f 1198//372 1199//374 449//313 448//312
f 1197//373 1198//372 448//312 447//311
f 225//376 1197//373 447//311 28//310
f 226//377 1194//369 1197//373 225//376
f 227//375 1191//366 1194//369 226//377
f 1200//378 1201//379 1204//380 1203//381
f 1201//379 1202//382 1205//383 1204//380
f 1203//381 1204//380 1207//384 1206//385
f 1204//380 1205//383 1208//386 1207//384
f 2//127 158//129 1200//378 291//387
f 158//129 157//141 1201//379 1200//378
f 157//141 156//139 1202//382 1201//379
f 156//139 11//140 462//388 1202//382
f 1202//382 462//388 463//389 1205//383
f 1205//383 463//389 464//390 1208//386
f 1208//386 464//390 75//272 470//391
f 1207//384 1208//386 470//391 469//392
f 1206//385 1207//384 469//392 468//393
f 293//394 1206//385 468//393 45//395
f 292//396 1203//381 1206//385 293//394
f 291//387 1200//378 1203//381 292//396
f 1209//397 1210//398 1213//399 1212//400
f 1210//398 1211//401 1214//402 1213//399
f 1212//400 1213//399 1216//403 1215//404
f 1213//399 1214//402 1217//405 1216//403
f 11//140 155//167 1209//397 462//388
f 155//167 154//169 1210//398 1209//397
f 154//169 153//168 1211//401 1210//398
f 153//168 10//98 465//325 1211//401
f 1211//401 465//325 466//324 1214//402
f 1214//402 466//324 467//323 1217//405
f 1217//405 467//323 76//241 425//276
f 1216//403 1217//405 425//276 424//275
f 1215//404 1216//403 424//275 423//273
f 464//390 1215//404 423//273 75//272
f 463//389 1212//400 1215//404 464//390
f 462//388 1209//397 1212//400 463//389
f 1218//406 1219//407 1222//408 1221//409
f 1219//407 1220//410 1223//411 1222//408
f 1221//409 1222//408 1225//412 1224//413
f 1222//408 1223//411 1226//414 1225//412
f 45//395 468//393 1218//406 294//415
f 468//393 469//392 1219//407 1218//406
f 469//392 470//391 1220//410 1219//407
f 470//391 75//272 431//274 1220//410
f 1220//410 431//274 430//278 1223//411
f 1223//411 430//278 429//277 1226//414
f 1226//414 429//277 74//257 458//365
f 1225//412 1226//414 458//365 457//364
f 1224//413 1225//412 457//364 456//363
f 296//416 1224//413 456//363 46//362
f 295//417 1221//409 1224//413 296//416
f 294//415 1218//406 1221//409 295//417
f 1227//418 1228//419 1231//420 1230//421
f 1228//419 1229//422 1232//423 1231//420
f 1230//421 1231//420 1234//424 1233//425
f 1231//420 1232//423 1235//426 1234//424
f 78//427 471//428 1227//418 488//429
f 471//428 472//430 1228//419 1227//418
f 472//430 473//431 1229//422 1228//419
f 473//431 79//432 491//433 1229//422
f 1229//422 491//433 490//434 1232//423
f 1232//423 490//434 489//435 1235//426
f 1235//426 489//435 77//436 495//437
f 1234//424 1235//426 495//437 496//438
f 1233//425 1234//424 496//438 497//439
f 486//440 1233//425 497//439 83//441
f 487//442 1230//421 1233//425 486//440
f 488//429 1227//418 1230//421 487//442
f 1236//443 1237//444 1240//445 1239//446
f 1237//444 1238//447 1241//448 1240//445
f 1239//446 1240//445 1243//449 1242//450
f 1240//445 1241//448 1244//451 1243//449
f 80//452 474//453 1236//443 482//454
f 474//453 475//455 1237//444 1236//443
f 475//455 476//456 1238//447 1237//444
f 476//456 81//457 494//458 1238//447
f 1238//447 494//458 493//459 1241//448
f 1241//448 493//459 492//460 1244//451
f 1244//451 492//460 77//436 489//435
f 1243//449 1244//451 489//435 490//434
f 1242//450 1243//449 490//434 491//433
f 480//461 1242//450 491//433 79//432
f 481//462 1239//446 1242//450 480//461
f 482//454 1236//443 1239//446 481//462
f 1245//463 1246//464 1249//465 1248//466
f 1246//464 1247//467 1250//468 1249//465
f 1248//466 1249//465 1252//469 1251//470
f 1249//465 1250//468 1253//471 1252//469
f 82//472 477//473 1245//463 485//474
f 477//473 478//475 1246//464 1245//463
f 478//475 479//476 1247//467 1246//464
f 479//476 83//441 497//439 1247//467
f 1247//467 497//439 496//438 1250//468
f 1250//468 496//438 495//437 1253//471
f 1253//471 495//437 77//436 492//460
f 1252//469 1253//471 492//460 493//459
f 1251//470 1252//469 493//459 494//458
f 483//477 1251//470 494//458 81//457
f 484//478 1248//466 1251//470 483//477
f 485//474 1245//463 1248//466 484//478
f 1254//479 1255//480 1258//481 1257//482
f 1255//480 1256//483 1259//484 1258//481
f 1257//482 1258//481 1261//485 1260//486
f 1258//481 1259//484 1262//487 1261//485
f 4//488 339//489 1254//479 182//490
f 339//489 340//491 1255//480 1254//479
f 340//491 341//492 1256//483 1255//480
f 341//492 57//493 498//494 1256//483
f 1256//483 498//494 499//495 1259//484
f 1259//484 499//495 500//496 1262//487
f 1262//487 500//496 78//427 506//497
f 1261//485 1262//487 506//497 505//498
f 1260//486 1261//485 505//498 504//499
f 180//500 1260//486 504//499 17//501
f 181//502 1257//482 1260//486 180//500
f 182//490 1254//479 1257//482 181//502
f 1263//503 1264//504 1267//505 1266//506
f 1264//504 1265//507 1268//508 1267//505
f 1266//506 1267//505 1270//509 1269//510
f 1267//505 1268//508 1271//511 1270//509
f 57//493 342//512 1263//503 498//494
f 342//512 343//513 1264//504 1263//503
f 343//513 344//514 1265//507 1264//504
f 344//514 58//515 501//516 1265//507
f 1265//507 501//516 502//517 1268//508
f 1268//508 502//517 503//518 1271//511
f 1271//511 503//518 79//432 473//431
f 1270//509 1271//511 473//431 472//430
f 1269//510 1270//509 472//430 471//428
f 500//496 1269//510 471//428 78//427
f 499//495 1266//506 1269//510 500//496
f 498//494 1263//503 1266//506 499//495
f 1272//519 1273//520 1276//521 1275//522
f 1273//520 1274//523 1277//524 1276//521
f 1275//522 1276//521 1279//525 1278//526
f 1276//521 1277//524 1280//527 1279//525
f 17//501 504//499 1272//519 179//528
f 504//499 505//498 1273//520 1272//519
f 505//498 506//497 1274//523 1273//520
f 506//497 78//427 488//429 1274//523
f 1274//523 488//429 487//442 1277//524
f 1277//524 487//442 486//440 1280//527
f 1280//527 486//440 83//441 521//529
f 1279//525 1280//527 521//529 520//530
f 1278//526 1279//525 520//530 519//531
f 177//532 1278//526 519//531 16//533
f 178//534 1275//522 1278//526 177//532
f 179//528 1272//519 1275//522 178//534
f 1281//535 1282//536 1285//537 1284//538
f 1282//536 1283//539 1286//540 1285//537
f 1284//538 1285//537 1288//541 1287//542
f 1285//537 1286//540 1289//543 1288//541
f 8//335 230//337 1281//535 350//544
f 230//337 229//349 1282//536 1281//535
f 229//349 228//347 1283//539 1282//536
f 228//347 29//348 507//545 1283//539
f 1283//539 507//545 508//546 1286//540
f 1286//540 508//546 509//547 1289//543
f 1289//543 509//547 80//452 515//548
f 1288//541 1289//543 515//548 514//549
f 1287//542 1288//541 514//549 513//550
f 348//551 1287//542 513//550 59//552
f 349//553 1284//538 1287//542 348//551
f 350//544 1281//535 1284//538 349//553
f 1290//554 1291//555 1294//556 1293//557
f 1291//555 1292//558 1295//559 1294//556
f 1293//557 1294//556 1297//560 1296//561
f 1294//556 1295//559 1298//562 1297//560
f 29//348 227//375 1290//554 507//545
f 227//375 226//377 1291//555 1290//554
f 226//377 225//376 1292//558 1291//555
f 225//376 28//310 510//563 1292//558
f 1292//558 510//563 511//564 1295//559
f 1295//559 511//564 512//565 1298//562
f 1298//562 512//565 81//457 476//456
f 1297//560 1298//562 476//456 475//455
f 1296//561 1297//560 475//455 474//453
f 509//547 1296//561 474//453 80//452
f 508//546 1293//557 1296//561 509//547
f 507//545 1290//554 1293//557 508//546
f 1299//566 1300//567 1303//568 1302//569
f 1300//567 1301//570 1304//571 1303//568
f 1302//569 1303//568 1306//572 1305//573
f 1303//568 1304//571 1307//574 1306//572
f 59//552 513//550 1299//566 347//575
f 513//550 514//549 1300//567 1299//566
f 514//549 515//548 1301//570 1300//567
f 515//548 80//452 482//454 1301//570
f 1301//570 482//454 481//462 1304//571
f 1304//571 481//462 480//461 1307//574
f 1307//574 480//461 79//432 503//518
f 1306//572 1307//574 503//518 502//517
f 1305//573 1306//572 502//517 501//516
f 345//576 1305//573 501//516 58//515
f 346//577 1302//569 1305//573 345//576
f 347//575 1299//566 1302//569 346//577
f 1308//578 1309//579 1312//580 1311//581
f 1309//579 1310//582 1313//583 1312//580
f 1311//581 1312//580 1315//584 1314//585
f 1312//580 1313//583 1316//586 1315//584
f 1//71 171//587 1308//578 219//288
f 171//587 172//588 1309//579 1308//578
f 172//588 173//589 1310//582 1309//579
f 173//589 15//590 516//591 1310//582
f 1310//582 516//591 517//592 1313//583
f 1313//583 517//592 518//593 1316//586
f 1316//586 518//593 82//472 524//594
f 1315//584 1316//586 524//594 523//595
f 1314//585 1315//584 523//595 522//596
f 221//290 1314//585 522//596 27//291
f 220//289 1311//581 1314//585 221//290
f 219//288 1308//578 1311//581 220//289
f 1317//597 1318//598 1321//599 1320//600
f 1318//598 1319//601 1322//602 1321//599
f 1320//600 1321//599 1324//603 1323//604
f 1321//599 1322//602 1325//605 1324//603
f 15//590 174//606 1317//597 516//591
f 174//606 175//607 1318//598 1317//597
f 175//607 176//608 1319//601 1318//598
f 176//608 16//533 519//531 1319//601
f 1319//601 519//531 520//530 1322//602
f 1322//602 520//530 521//529 1325//605
f 1325//605 521//529 83//441 479//476
f 1324//603 1325//605 479//476 478//475
f 1323//604 1324//603 478//475 477//473
f 518//593 1323//604 477//473 82//472
f 517//592 1320//600 1323//604 518//593
f 516//591 1317//597 1320//600 517//592
f 1326//609 1327//610 1330//611 1329//612
f 1327//610 1328//613 1331//614 1330//611
f 1329//612 1330//611 1333//615 1332//616
f 1330//611 1331//614 1334//617 1333//615
f 27//291 522//596 1326//609 222//307
f 522//596 523//595 1327//610 1326//609
f 523//595 524//594 1328//613 1327//610
f 524//594 82//472 485//474 1328//613
f 1328//613 485//474 484//478 1331//614
f 1331//614 484//478 483//477 1334//617
f 1334//617 483//477 81//457 512//565
f 1333//615 1334//617 512//565 511//564
f 1332//616 1333//615 511//564 510//563
f 224//309 1332//616 510//563 28//310
f 223//308 1329//612 1332//616 224//309
f 222//307 1326//609 1329//612 223//308
f 1335//618 1336//619 1339//620 1338//621
f 1336//619 1337//622 1340//623 1339//620
f 1338//621 1339//620 1342//624 1341//625
f 1339//620 1340//623 1343//626 1342//624
f 85//627 525//628 1335//618 542//629
f 525//628 526//630 1336//619 1335//618
f 526//630 527//631 1337//622 1336//619
f 527//631 86//632 545//633 1337//622
f 1337//622 545//633 544//634 1340//623
f 1340//623 544//634 543//635 1343//626
f 1343//626 543//635 84//636 549//637
f 1342//624 1343//626 549//637 550//638
f 1341//625 1342//624 550//638 551//639
f 540//640 1341//625 551//639 90//641
f 541//642 1338//621 1341//625 540//640
f 542//629 1335//618 1338//621 541//642
f 1344//643 1345//644 1348//645 1347//646
f 1345//644 1346//647 1349//648 1348//645
f 1347//646 1348//645 1351//649 1350//650
f 1348//645 1349//648 1352//651 1351//649
f 87//652 528//653 1344//643 536//654
f 528//653 529//655 1345//644 1344//643
f 529//655 530//656 1346//647 1345//644
f 530//656 88//657 548//658 1346//647
f 1346//647 548//658 547//659 1349//648
f 1349//648 547//659 546//660 1352//651
f 1352//651 546//660 84//636 543//635
f 1351//649 1352//651 543//635 544//634
f 1350//650 1351//649 544//634 545//633
f 534//661 1350//650 545//633 86//632
f 535//662 1347//646 1350//650 534//661
f 536//654 1344//643 1347//646 535//662
f 1353//663 1354//664 1357//665 1356//666
f 1354//664 1355//667 1358//668 1357//665
f 1356//666 1357//665 1360//669 1359//670
f 1357//665 1358//668 1361//671 1360//669
f 89//672 531//673 1353//663 539//674
f 531//673 532//675 1354//664 1353//663
f 532//675 533//676 1355//667 1354//664
f 533//676 90//641 551//639 1355//667
f 1355//667 551//639 550//638 1358//668
f 1358//668 550//638 549//637 1361//671
f 1361//671 549//637 84//636 546//660
f 1360//669 1361//671 546//660 547//659
f 1359//670 1360//669 547//659 548//658
f 537//677 1359//670 548//658 88//657
f 538//678 1356//666 1359//670 537//677
f 539//674 1353//663 1356//666 538//678
f 1362//679 1363//680 1366//681 1365//682
f 1363//680 1364//683 1367//684 1366//681
f 1365//682 1366//681 1369//685 1368//686
f 1366//681 1367//684 1370//687 1369//685
f 4//488 183//688 1362//679 339//489
f 183//688 184//689 1363//680 1362//679
f 184//689 185//690 1364//683 1363//680
f 185//690 18//691 552//692 1364//683
f 1364//683 552//692 553//693 1367//684
f 1367//684 553//693 554//694 1370//687
f 1370//687 554//694 85//627 560//695
f 1369//685 1370//687 560//695 559//696
f 1368//686 1369//685 559//696 558//697
f 341//492 1368//686 558//697 57//493
f 340//491 1365//682 1368//686 341//492
f 339//489 1362//679 1365//682 340//491
f 1371//698 1372//699 1375//700 1374//701
f 1372//699 1373//702 1376//703 1375//700
f 1374//701 1375//700 1378//704 1377//705
f 1375//700 1376//703 1379//706 1378//704
f 18//691 186//707 1371//698 552//692
f 186//707 187//708 1372//699 1371//698
f 187//708 188//709 1373//702 1372//699
f 188//709 19//710 555//711 1373//702
f 1373//702 555//711 556//712 1376//703
f 1376//703 556//712 557//713 1379//706
f 1379//706 557//713 86//632 527//631
f 1378//704 1379//706 527//631 526//630
f 1377//705 1378//704 526//630 525//628
f 554//694 1377//705 525//628 85//627
f 553//693 1374//701 1377//705 554//694
f 552//692 1371//698 1374//701 553//693
f 1380//714 1381//715 1384//716 1383//717
f 1381//715 1382//718 1385//719 1384//716
f 1383//717 1384//716 1387//720 1386//721
f 1384//716 1385//719 1388//722 1387//720
f 57//493 558//697 1380//714 342//512
f 558//697 559//696 1381//715 1380//714
f 559//696 560//695 1382//718 1381//715
f 560//695 85//627 542//629 1382//718
f 1382//718 542//629 541//642 1385//719
f 1385//719 541//642 540//640 1388//722
f 1388//722 540//640 90//641 575//723
f 1387//720 1388//722 575//723 574//724
f 1386//721 1387//720 574//724 573//725
f 344//514 1386//721 573//725 58//515
f 343//513 1383//717 1386//721 344//514
f 342//512 1380//714 1383//717 343//513
f 1389//726 1390//727 1393//728 1392//729
f 1390//727 1391//730 1394//731 1393//728
f 1392//729 1393//728 1396//732 1395//733
f 1393//728 1394//731 1397//734 1396//732
f 5//735 243//736 1389//726 194//737
f 243//736 244//738 1390//727 1389//726
f 244//738 245//739 1391//730 1390//727
f 245//739 33//740 561//741 1391//730
f 1391//730 561//741 562//742 1394//731
f 1394//731 562//742 563//743 1397//734
f 1397//734 563//743 87//652 569//744
f 1396//732 1397//734 569//744 568//745
f 1395//733 1396//732 568//745 567//746
f 192//747 1395//733 567//746 20//748
f 193//749 1392//729 1395//733 192//747
f 194//737 1389//726 1392//729 193//749
f 1398//750 1399//751 1402//752 1401//753
f 1399//751 1400//754 1403//755 1402//752
f 1401//753 1402//752 1405//756 1404//757
f 1402//752 1403//755 1406//758 1405//756
f 33//740 246//759 1398//750 561//741
f 246//759 247//760 1399//751 1398//750
f 247//760 248//761 1400//754 1399//751
f 248//761 34//762 564//763 1400//754
f 1400//754 564//763 565//764 1403//755
f 1403//755 565//764 566//765 1406//758
f 1406//758 566//765 88//657 530//656
f 1405//756 1406//758 530//656 529//655
f 1404//757 1405//756 529//655 528//653
f 563//743 1404//757 528//653 87//652
f 562//742 1401//753 1404//757 563//743
f 561//741 1398//750 1401//753 562//742
f 1407//766 1408//767 1411//768 1410//769
f 1408//767 1409//770 1412//771 1411//768
f 1410//769 1411//768 1414//772 1413//773
f 1411//768 1412//771 1415//774 1414//772
f 20//748 567//746 1407//766 191//775
f 567//746 568//745 1408//767 1407//766
f 568//745 569//744 1409//770 1408//767
f 569//744 87//652 536//654 1409//770
f 1409//770 536//654 535//662 1412//771
f 1412//771 535//662 534//661 1415//774
f 1415//774 534//661 86//632 557//713
f 1414//772 1415//774 557//713 556//712
f 1413//773 1414//772 556//712 555//711
f 189//776 1413//773 555//711 19//710
f 190//777 1410//769 1413//773 189//776
f 191//775 1407//766 1410//769 190//777
f 1416//778 1417//779 1420//780 1419//781
f 1417//779 1418//782 1421//783 1420//780
f 1419//781 1420//780 1423//784 1422//785
f 1420//780 1421//783 1424//786 1423//784
f 8//335 350//544 1416//778 254//787
f 350//544 349//553 1417//779 1416//778
f 349//553 348//551 1418//782 1417//779
f 348//551 59//552 570//788 1418//782
f 1418//782 570//788 571//789 1421//783
f 1421//783 571//789 572//790 1424//786
f 1424//786 572//790 89//672 578//791
f 1423//784 1424//786 578//791 577//792
f 1422//785 1423//784 577//792 576//793
f 252//794 1422//785 576//793 35//795
f 253//796 1419//781 1422//785 252//794
f 254//787 1416//778 1419//781 253//796
f 1425//797 1426//798 1429//799 1428//800
f 1426//798 1427//801 1430//802 1429//799
f 1428//800 1429//799 1432//803 1431//804
f 1429//799 1430//802 1433//805 1432//803
f 59//552 347//575 1425//797 570//788
f 347//575 346//577 1426//798 1425//797
f 346//577 345//576 1427//801 1426//798
f 345//576 58//515 573//725 1427//801
f 1427//801 573//725 574//724 1430//802
f 1430//802 574//724 575//723 1433//805
f 1433//805 575//723 90//641 533//676
f 1432//803 1433//805 533//676 532//675
f 1431//804 1432//803 532//675 531//673
f 572//790 1431//804 531//673 89//672
f 571//789 1428//800 1431//804 572//790
f 570//788 1425//797 1428//800 571//789
f 1434//806 1435//807 1438//808 1437//809
f 1435//807 1436//810 1439//811 1438//808
f 1437//809 1438//808 1441//812 1440//813
f 1438//808 1439//811 1442//814 1441//812
f 35//795 576//793 1434//806 251//815
f 576//793 577//792 1435//807 1434//806
f 577//792 578//791 1436//810 1435//807
f 578//791 89//672 539//674 1436//810
f 1436//810 539//674 538//678 1439//811
f 1439//811 538//678 537//677 1442//814
f 1442//814 537//677 88//657 566//765
f 1441//812 1442//814 566//765 565//764
f 1440//813 1441//812 565//764 564//763
f 249//816 1440//813 564//763 34//762
f 250//817 1437//809 1440//813 249//816
f 251//815 1434//806 1437//809 250//817
f 1443//818 1444//819 1447//820 1446//821
f 1444//819 1445//822 1448//823 1447//820
f 1446//821 1447//820 1450//824 1449//825
f 1447//820 1448//823 1451//826 1450//824
f 92//827 579//828 1443//818 596//829
f 579//828 580//830 1444//819 1443//818
f 580//830 581//831 1445//822 1444//819
f 581//831 93//832 599//833 1445//822
f 1445//822 599//833 598//834 1448//823
f 1448//823 598//834 597//835 1451//826
f 1451//826 597//835 91//836 603//837
f 1450//824 1451//826 603//837 604//838
f 1449//825 1450//824 604//838 605//839
f 594//840 1449//825 605//839 97//841
f 595//842 1446//821 1449//825 594//840
f 596//829 1443//818 1446//821 595//842
f 1452//843 1453//844 1456//845 1455//846
f 1453//844 1454//847 1457//848 1456//845
f 1455//846 1456//845 1459//849 1458//850
f 1456//845 1457//848 1460//851 1459//849
f 94//852 582//853 1452//843 590//854
f 582//853 583//855 1453//844 1452//843
f 583//855 584//856 1454//847 1453//844
f 584//856 95//857 602//858 1454//847
f 1454//847 602//858 601//859 1457//848
f 1457//848 601//859 600//860 1460//851
f 1460//851 600//860 91//836 597//835
f 1459//849 1460//851 597//835 598//834
f 1458//850 1459//849 598//834 599//833
f 588//861 1458//850 599//833 93//832
f 589//862 1455//846 1458//850 588//861
f 590//854 1452//843 1455//846 589//862
f 1461//863 1462//864 1465//865 1464//866
f 1462//864 1463//867 1466//868 1465//865
f 1464//866 1465//865 1468//869 1467//870
f 1465//865 1466//868 1469//871 1468//869
f 96//872 585//873 1461//863 593//874
f 585//873 586//875 1462//864 1461//863
f 586//875 587//876 1463//867 1462//864
f 587//876 97//841 605//839 1463//867
f 1463//867 605//839 604//838 1466//868
f 1466//868 604//838 603//837 1469//871
f 1469//871 603//837 91//836 600//860
f 1468//869 1469//871 600//860 601//859
f 1467//870 1468//869 601//859 602//858
f 591//877 1467//870 602//858 95//857
f 592//878 1464//866 1467//870 591//877
f 593//874 1461//863 1464//866 592//878
f 1470//879 1471//880 1474//881 1473//882
f 1471//880 1472//883 1475//884 1474//881
f 1473//882 1474//881 1477//885 1476//886
f 1474//881 1475//884 1478//887 1477//885
f 2//127 291//387 1470//879 255//888
f 291//387 292//396 1471//880 1470//879
f 292//396 293//394 1472//883 1471//880
f 293//394 45//395 606//889 1472//883
f 1472//883 606//889 607//890 1475//884
f 1475//884 607//890 608//891 1478//887
f 1478//887 608//891 92//827 614//892
f 1477//885 1478//887 614//892 613//893
f 1476//886 1477//885 613//893 612//894
f 257//895 1476//886 612//894 36//896
f 256//897 1473//882 1476//886 257//895
f 255//888 1470//879 1473//882 256//897
f 1479//898 1480//899 1483//900 1482//901
f 1480//899 1481//902 1484//903 1483//900
f 1482//901 1483//900 1486//904 1485//905
f 1483//900 1484//903 1487//906 1486//904
f 45//395 294//415 1479//898 606//889
f 294//415 295//417 1480//899 1479//898
f 295//417 296//416 1481//902 1480//899
f 296//416 46//362 609//907 1481//902
f 1481//902 609//907 610//908 1484//903
f 1484//903 610//908 611//909 1487//906
f 1487//906 611//909 93//832 581//831
f 1486//904 1487//906 581//831 580//830
f 1485//905 1486//904 580//830 579//828
f 608//891 1485//905 579//828 92//827
f 607//890 1482//901 1485//905 608//891
f 606//889 1479//898 1482//901 607//890
f 1488//910 1489//911 1492//912 1491//913
f 1489//911 1490//914 1493//915 1492//912
f 1491//913 1492//912 1495//916 1494//917
f 1492//912 1493//915 1496//918 1495//916
f 36//896 612//894 1488//910 258//919
f 612//894 613//893 1489//911 1488//910
f 613//893 614//892 1490//914 1489//911
f 614//892 92//827 596//829 1490//914
f 1490//914 596//829 595//842 1493//915
f 1493//915 595//842 594//840 1496//918
f 1496//918 594//840 97//841 629//920
f 1495//916 1496//918 629//920 628//921
f 1494//917 1495//916 628//921 627//922
f 260//923 1494//917 627//922 37//924
f 259//925 1491//913 1494//917 260//923
f 258//919 1488//910 1491//913 259//925
f 1497//926 1498//927 1501//928 1500//929
f 1498//927 1499//930 1502//931 1501//928
f 1500//929 1501//928 1504//932 1503//933
f 1501//928 1502//931 1505//934 1504//932
f 8//335 254//787 1497//926 302//336
f 254//787 253//796 1498//927 1497//926
f 253//796 252//794 1499//930 1498//927
f 252//794 35//795 615//935 1499//930
f 1499//930 615//935 616//936 1502//931
f 1502//931 616//936 617//937 1505//934
f 1505//934 617//937 94//852 623//938
f 1504//932 1505//934 623//938 622//939
f 1503//933 1504//932 622//939 621//940
f 300//339 1503//933 621//940 47//340
f 301//338 1500//929 1503//933 300//339
f 302//336 1497//926 1500//929 301//338
f 1506//941 1507//942 1510//943 1509//944
f 1507//942 1508//945 1511//946 1510//943
f 1509//944 1510//943 1513//947 1512//948
f 1510//943 1511//946 1514//949 1513//947
f 35//795 251//815 1506//941 615//935
f 251//815 250//817 1507//942 1506//941
f 250//817 249//816 1508//945 1507//942
f 249//816 34//762 618//950 1508//945
f 1508//945 618//950 619//951 1511//946
f 1511//946 619//951 620//952 1514//949
f 1514//949 620//952 95//857 584//856
f 1513//947 1514//949 584//856 583//855
f 1512//948 1513//947 583//855 582//853
f 617//937 1512//948 582//853 94//852
f 616//936 1509//944 1512//948 617//937
f 615//935 1506//941 1509//944 616//936
f 1515//953 1516//954 1519//955 1518//956
f 1516//954 1517//957 1520//958 1519//955
f 1518//956 1519//955 1522//959 1521//960
f 1519//955 1520//958 1523//961 1522//959
f 47//340 621//940 1515//953 299//359
f 621//940 622//939 1516//954 1515//953
f 622//939 623//938 1517//957 1516//954
f 623//938 94//852 590//854 1517//957
f 1517//957 590//854 589//862 1520//958
f 1520//958 589//862 588//861 1523//961
f 1523//961 588//861 93//832 611//909
f 1522//959 1523//961 611//909 610//908
f 1521//960 1522//959 610//908 609//907
f 297//361 1521//960 609//907 46//362
f 298//360 1518//956 1521//960 297//361
f 299//359 1515//953 1518//956 298//360
f 1524//962 1525//963 1528//964 1527//965
f 1525//963 1526//966 1529//967 1528//964
f 1527//965 1528//964 1531//968 1530//969
f 1528//964 1529//967 1532//970 1531//968
f 5//735 266//971 1524//962 243//736
f 266//971 265//972 1525//963 1524//962
f 265//972 264//973 1526//966 1525//963
f 264//973 38//974 624//975 1526//966
f 1526//966 624//975 625//976 1529//967
f 1529//967 625//976 626//977 1532//970
f 1532//970 626//977 96//872 632//978
f 1531//968 1532//970 632//978 631//979
f 1530//969 1531//968 631//979 630//980
f 245//739 1530//969 630//980 33//740
f 244//738 1527//965 1530//969 245//739
f 243//736 1524//962 1527//965 244//738
f 1533//981 1534//982 1537//983 1536//984
f 1534//982 1535//985 1538//986 1537//983
f 1536//984 1537//983 1540//987 1539//988
f 1537//983 1538//986 1541//989 1540//987
f 38//974 263//990 1533//981 624//975
f 263//990 262//991 1534//982 1533//981
f 262//991 261//992 1535//985 1534//982
f 261//992 37//924 627//922 1535//985
f 1535//985 627//922 628//921 1538//986
f 1538//986 628//921 629//920 1541//989
f 1541//989 629//920 97//841 587//876
f 1540//987 1541//989 587//876 586//875
f 1539//988 1540//987 586//875 585//873
f 626//977 1539//988 585//873 96//872
f 625//976 1536//984 1539//988 626//977
f 624//975 1533//981 1536//984 625//976
f 1542//993 1543//994 1546//995 1545//996
f 1543//994 1544//997 1547//998 1546//995
f 1545//996 1546//995 1549//999 1548//1000
f 1546//995 1547//998 1550//1001 1549//999
f 33//740 630//980 1542//993 246//759
f 630//980 631//979 1543//994 1542//993
f 631//979 632//978 1544//997 1543//994
f 632//978 96//872 593//874 1544//997
f 1544//997 593//874 592//878 1547//998
f 1547//998 592//878 591//877 1550//1001
f 1550//1001 591//877 95//857 620//952
f 1549//999 1550//1001 620//952 619//951
f 1548//1000 1549//999 619//951 618//950
f 248//761 1548//1000 618//950 34//762
f 247//760 1545//996 1548//1000 248//761
f 246//759 1542//993 1545//996 247//760
f 1551//1002 1552//1003 1555//1004 1554//1005
f 1552//1003 1553//1006 1556//1007 1555//1004
f 1554//1005 1555//1004 1558//1008 1557//1009
f 1555//1004 1556//1007 1559//1010 1558//1008
f 99//1011 633//1012 1551//1002 650//1013
f 633//1012 634//1014 1552//1003 1551//1002
f 634//1014 635//1015 1553//1006 1552//1003
f 635//1015 100//1016 653//1017 1553//1006
f 1553//1006 653//1017 652//1018 1556//1007
f 1556//1007 652//1018 651//1019 1559//1010
f 1559//1010 651//1019 98//1020 657//1021
f 1558//1008 1559//1010 657//1021 658//1022
f 1557//1009 1558//1008 658//1022 659//1023
f 648//1024 1557//1009 659//1023 104//1025
f 649//1026 1554//1005 1557//1009 648//1024
f 650//1013 1551//1002 1554//1005 649//1026
f 1560//1027 1561//1028 1564//1029 1563//1030
f 1561//1028 1562//1031 1565//1032 1564//1029
f 1563//1030 1564//1029 1567//1033 1566//1034
f 1564//1029 1565//1032 1568//1035 1567//1033
f 101//1036 636//1037 1560//1027 644//1038
f 636//1037 637//1039 1561//1028 1560//1027
f 637//1039 638//1040 1562//1031 1561//1028
f 638//1040 102//1041 656//1042 1562//1031
f 1562//1031 656//1042 655//1043 1565//1032
f 1565//1032 655//1043 654//1044 1568//1035
f 1568//1035 654//1044 98//1020 651//1019
f 1567//1033 1568//1035 651//1019 652//1018
f 1566//1034 1567//1033 652//1018 653//1017
f 642//1045 1566//1034 653//1017 100//1016
f 643//1046 1563//1030 1566//1034 642//1045
f 644//1038 1560//1027 1563//1030 643//1046
f 1569//1047 1570//1048 1573//1049 1572//1050
f 1570//1048 1571//1051 1574//1052 1573//1049
f 1572//1050 1573//1049 1576//1053 1575//1054
f 1573//1049 1574//1052 1577//1055 1576//1053
f 103//1056 639//1057 1569//1047 647//1058
f 639//1057 640//1059 1570//1048 1569//1047
f 640//1059 641//1060 1571//1051 1570//1048
f 641//1060 104//1025 659//1023 1571//1051
f 1571//1051 659//1023 658//1022 1574//1052
f 1574//1052 658//1022 657//1021 1577//1055
f 1577//1055 657//1021 98//1020 654//1044
f 1576//1053 1577//1055 654//1044 655//1043
f 1575//1054 1576//1053 655//1043 656//1042
f 645//1061 1575//1054 656//1042 102//1041
f 646//1062 1572//1050 1575//1054 645//1061
f 647//1058 1569//1047 1572//1050 646//1062
f 1578//1063 1579//1064 1582//1065 1581//1066
f 1579//1064 1580//1067 1583//1068 1582//1065
f 1581//1066 1582//1065 1585//1069 1584//1070
f 1582//1065 1583//1068 1586//1071 1585//1069
f 4//488 195//1072 1578//1063 183//688
f 195//1072 196//1073 1579//1064 1578//1063
f 196//1073 197//1074 1580//1067 1579//1064
f 197//1074 21//1075 660//1076 1580//1067
f 1580//1067 660//1076 661//1077 1583//1068
f 1583//1068 661//1077 662//1078 1586//1071
f 1586//1071 662//1078 99//1011 668//1079
f 1585//1069 1586//1071 668//1079 667//1080
f 1584//1070 1585//1069 667//1080 666//1081
f 185//690 1584//1070 666//1081 18//691
f 184//689 1581//1066 1584//1070 185//690
f 183//688 1578//1063 1581//1066 184//689
f 1587//1082 1588//1083 1591//1084 1590//1085
f 1588//1083 1589//1086 1592//1087 1591//1084
f 1590//1085 1591//1084 1594//1088 1593//1089
f 1591//1084 1592//1087 1595//1090 1594//1088
f 21//1075 198//1091 1587//1082 660//1076
f 198//1091 199//1092 1588//1083 1587//1082
f 199//1092 200//1093 1589//1086 1588//1083
f 200//1093 22//1094 663//1095 1589//1086
f 1589//1086 663//1095 664//1096 1592//1087
f 1592//1087 664//1096 665//1097 1595//1090
f 1595//1090 665//1097 100//1016 635//1015
f 1594//1088 1595//1090 635//1015 634//1014
f 1593//1089 1594//1088 634//1014 633//1012
f 662//1078 1593//1089 633//1012 99//1011
f 661//1077 1590//1085 1593//1089 662//1078
f 660//1076 1587//1082 1590//1085 661//1077
f 1596//1098 1597//1099 1600//1100 1599//1101
f 1597//1099 1598//1102 1601//1103 1600//1100
f 1599//1101 1600//1100 1603//1104 1602//1105
f 1600//1100 1601//1103 1604//1106 1603//1104
f 18//691 666//1081 1596//1098 186//707
f 666//1081 667//1080 1597//1099 1596//1098
f 667//1080 668//1079 1598//1102 1597//1099
f 668//1079 99//1011 650//1013 1598//1102
f 1598//1102 650//1013 649//1026 1601//1103
f 1601//1103 649//1026 648//1024 1604//1106
f 1604//1106 648//1024 104//1025 683//1107
f 1603//1104 1604//1106 683//1107 682//1108
f 1602//1105 1603//1104 682//1108 681//1109
f 188//709 1602//1105 681//1109 19//710
f 187//708 1599//1101 1602//1105 188//709
f 186//707 1596//1098 1599//1101 187//708
f 1605//1110 1606//1111 1609//1112 1608//1113
f 1606//1111 1607//1114 1610//1115 1609//1112
f 1608//1113 1609//1112 1612//1116 1611//1117
f 1609//1112 1610//1115 1613//1118 1612//1116
f 6//1119 338//1120 1605//1110 206//1121
f 338//1120 337//1122 1606//1111 1605//1110
f 337//1122 336//1123 1607//1114 1606//1111
f 336//1123 56//1124 669//1125 1607//1114
f 1607//1114 669//1125 670//1126 1610//1115
f 1610//1115 670//1126 671//1127 1613//1118
f 1613//1118 671//1127 101//1036 677//1128
f 1612//1116 1613//1118 677//1128 676//1129
f 1611//1117 1612//1116 676//1129 675//1130
f 204//1131 1611//1117 675//1130 23//1132
f 205//1133 1608//1113 1611//1117 204//1131
f 206//1121 1605//1110 1608//1113 205//1133
f 1614//1134 1615//1135 1618//1136 1617//1137
f 1615//1135 1616//1138 1619//1139 1618//1136
f 1617//1137 1618//1136 1621//1140 1620//1141
f 1618//1136 1619//1139 1622//1142 1621//1140
f 56//1124 335//1143 1614//1134 669//1125
f 335//1143 334//1144 1615//1135 1614//1134
f 334//1144 333//1145 1616//1138 1615//1135
f 333//1145 55//1146 672//1147 1616//1138
f 1616//1138 672//1147 673//1148 1619//1139
f 1619//1139 673//1148 674//1149 1622//1142
f 1622//1142 674//1149 102//1041 638//1040
f 1621//1140 1622//1142 638//1040 637//1039
f 1620//1141 1621//1140 637//1039 636//1037
f 671//1127 1620//1141 636//1037 101//1036
f 670//1126 1617//1137 1620//1141 671//1127
f 669//1125 1614//1134 1617//1137 670//1126
f 1623//1150 1624//1151 1627//1152 1626//1153
f 1624//1151 1625//1154 1628//1155 1627//1152
f 1626//1153 1627//1152 1630//1156 1629//1157
f 1627//1152 1628//1155 1631//1158 1630//1156
f 23//1132 675//1130 1623//1150 203//1159
f 675//1130 676//1129 1624//1151 1623//1150
f 676//1129 677//1128 1625//1154 1624//1151
f 677//1128 101//1036 644//1038 1625//1154
f 1625//1154 644//1038 643//1046 1628//1155
f 1628//1155 643//1046 642//1045 1631//1158
f 1631//1158 642//1045 100//1016 665//1097
f 1630//1156 1631//1158 665//1097 664//1096
f 1629//1157 1630//1156 664//1096 663//1095
f 201//1160 1629//1157 663//1095 22//1094
f 202//1161 1626//1153 1629//1157 201//1160
f 203//1159 1623//1150 1626//1153 202//1161
f 1632//1162 1633//1163 1636//1164 1635//1165
f 1633//1163 1634//1166 1637//1167 1636//1164
f 1635//1165 1636//1164 1639//1168 1638//1169
f 1636//1164 1637//1167 1640//1170 1639//1168
f 5//735 194//737 1632//1162 327//1171
f 194//737 193//749 1633//1163 1632//1162
f 193//749 192//747 1634//1166 1633//1163
f 192//747 20//748 678//1172 1634//1166
f 1634//1166 678//1172 679//1173 1637//1167
f 1637//1167 679//1173 680//1174 1640//1170
f 1640//1170 680//1174 103//1056 686//1175
f 1639//1168 1640//1170 686//1175 685//1176
f 1638//1169 1639//1168 685//1176 684//1177
f 329//1178 1638//1169 684//1177 54//1179
f 328//1180 1635//1165 1638//1169 329//1178
f 327//1171 1632//1162 1635//1165 328//1180
f 1641//1181 1642//1182 1645//1183 1644//1184
f 1642//1182 1643//1185 1646//1186 1645//1183
f 1644//1184 1645//1183 1648//1187 1647//1188
f 1645//1183 1646//1186 1649//1189 1648//1187
f 20//748 191//775 1641//1181 678//1172
f 191//775 190//777 1642//1182 1641//1181
f 190//777 189//776 1643//1185 1642//1182
f 189//776 19//710 681//1109 1643//1185
f 1643//1185 681//1109 682//1108 1646//1186
f 1646//1186 682//1108 683//1107 1649//1189
f 1649//1189 683//1107 104//1025 641//1060
f 1648//1187 1649//1189 641//1060 640//1059
f 1647//1188 1648//1187 640//1059 639//1057
f 680//1174 1647//1188 639//1057 103//1056
f 679//1173 1644//1184 1647//1188 680//1174
f 678//1172 1641//1181 1644//1184 679//1173
f 1650//1190 1651//1191 1654//1192 1653//1193
f 1651//1191 1652//1194 1655//1195 1654//1192
f 1653//1193 1654//1192 1657//1196 1656//1197
f 1654//1192 1655//1195 1658//1198 1657//1196
f 54//1179 684//1177 1650//1190 330//1199
f 684//1177 685//1176 1651//1191 1650//1190
f 685//1176 686//1175 1652//1194 1651//1191
f 686//1175 103//1056 647//1058 1652//1194
f 1652//1194 647//1058 646//1062 1655//1195
f 1655//1195 646//1062 645//1061 1658//1198
f 1658//1198 645//1061 102//1041 674//1149
f 1657//1196 1658//1198 674//1149 673//1148
f 1656//1197 1657//1196 673//1148 672//1147
f 332//1200 1656//1197 672//1147 55//1146
f 331//1201 1653//1193 1656//1197 332//1200
f 330//1199 1650//1190 1653//1193 331//1201
f 1659//1202 1660//1203 1663//1204 1662//1205
f 1660//1203 1661//1206 1664//1207 1663//1204
f 1662//1205 1663//1204 1666//1208 1665//1209
f 1663//1204 1664//1207 1667//1210 1666//1208
f 106//1211 687//1212 1659//1202 704//1213
f 687//1212 688//1214 1660//1203 1659//1202
f 688//1214 689//1215 1661//1206 1660//1203
f 689//1215 107//1216 707//1217 1661//1206
f 1661//1206 707//1217 706//1218 1664//1207
f 1664//1207 706//1218 705//1219 1667//1210
f 1667//1210 705//1219 105//1220 711//1221
f 1666//1208 1667//1210 711//1221 712//1222
f 1665//1209 1666//1208 712//1222 713//1223
f 702//1224 1665//1209 713//1223 111//1225
f 703//1226 1662//1205 1665//1209 702//1224
f 704//1213 1659//1202 1662//1205 703//1226
f 1668//1227 1669//1228 1672//1229 1671//1230
f 1669//1228 1670//1231 1673//1232 1672//1229
f 1671//1230 1672//1229 1675//1233 1674//1234
f 1672//1229 1673//1232 1676//1235 1675//1233
f 108//1236 690//1237 1668//1227 698//1238
f 690//1237 691//1239 1669//1228 1668//1227
f 691//1239 692//1240 1670//1231 1669//1228
f 692//1240 109//1241 710//1242 1670//1231
f 1670//1231 710//1242 709//1243 1673//1232
f 1673//1232 709//1243 708//1244 1676//1235
f 1676//1235 708//1244 105//1220 705//1219
f 1675//1233 1676//1235 705//1219 706//1218
f 1674//1234 1675//1233 706//1218 707//1217
f 696//1245 1674//1234 707//1217 107//1216
f 697//1246 1671//1230 1674//1234 696//1245
f 698//1238 1668//1227 1671//1230 697//1246
f 1677//1247 1678//1248 1681//1249 1680//1250
f 1678//1248 1679//1251 1682//1252 1681//1249
f 1680//1250 1681//1249 1684//1253 1683//1254
f 1681//1249 1682//1252 1685//1255 1684//1253
f 110//1256 693//1257 1677//1247 701//1258
f 693//1257 694//1259 1678//1248 1677//1247
f 694//1259 695//1260 1679//1251 1678//1248
f 695//1260 111//1225 713//1223 1679//1251
f 1679//1251 713//1223 712//1222 1682//1252
f 1682//1252 712//1222 711//1221 1685//1255
f 1685//1255 711//1221 105//1220 708//1244
f 1684//1253 1685//1255 708//1244 709//1243
f 1683//1254 1684//1253 709//1243 710//1242
f 699//1261 1683//1254 710//1242 109//1241
f 700//1262 1680//1250 1683//1254 699//1261
f 701//1258 1677//1247 1680//1250 700//1262
f 1686//1263 1687//1264 1690//1265 1689//1266
f 1687//1264 1688//1267 1691//1268 1690//1265
f 1689//1266 1690//1265 1693//1269 1692//1270
f 1690//1265 1691//1268 1694//1271 1693//1269
f 2//127 207//1272 1686//1263 231//128
f 207//1272 208//1273 1687//1264 1686//1263
f 208//1273 209//1274 1688//1267 1687//1264
f 209//1274 24//1275 714//1276 1688//1267
f 1688//1267 714//1276 715//1277 1691//1268
f 1691//1268 715//1277 716//1278 1694//1271
f 1694//1271 716//1278 106//1211 722//1279
f 1693//1269 1694//1271 722//1279 721//1280
f 1692//1270 1693//1269 721//1280 720//1281
f 233//131 1692//1270 720//1281 30//132
f 232//130 1689//1266 1692//1270 233//131
f 231//128 1686//1263 1689//1266 232//130
f 1695//1282 1696//1283 1699//1284 1698//1285
f 1696//1283 1697//1286 1700//1287 1699//1284
f 1698//1285 1699//1284 1702//1288 1701//1289
f 1699//1284 1700//1287 1703//1290 1702//1288
f 24//1275 210//1291 1695//1282 714//1276
f 210//1291 211//1292 1696//1283 1695//1282
f 211//1292 212//1293 1697//1286 1696//1283
f 212//1293 25//1294 717//1295 1697//1286
f 1697//1286 717//1295 718//1296 1700//1287
f 1700//1287 718//1296 719//1297 1703//1290
f 1703//1290 719//1297 107//1216 689//1215
f 1702//1288 1703//1290 689//1215 688//1214
f 1701//1289 1702//1288 688//1214 687//1212
f 716//1278 1701//1289 687//1212 106//1211
f 715//1277 1698//1285 1701//1289 716//1278
f 714//1276 1695//1282 1698//1285 715//1277
f 1704//1298 1705//1299 1708//1300 1707//1301
f 1705//1299 1706//1302 1709//1303 1708//1300
f 1707//1301 1708//1300 1711//1304 1710//1305
f 1708//1300 1709//1303 1712//1306 1711//1304
f 30//132 720//1281 1704//1298 234//151
f 720//1281 721//1280 1705//1299 1704//1298
f 721//1280 722//1279 1706//1302 1705//1299
f 722//1279 106//1211 704//1213 1706//1302
f 1706//1302 704//1213 703//1226 1709//1303
f 1709//1303 703//1226 702//1224 1712//1306
f 1712//1306 702//1224 111//1225 737//1307
f 1711//1304 1712//1306 737//1307 736//1308
f 1710//1305 1711//1304 736//1308 735//1309
f 236//153 1710//1305 735//1309 31//154
f 235//152 1707//1301 1710//1305 236//153
f 234//151 1704//1298 1707//1301 235//152
f 1713//1310 1714//1311 1717//1312 1716//1313
f 1714//1311 1715//1314 1718//1315 1717//1312
f 1716//1313 1717//1312 1720//1316 1719//1317
f 1717//1312 1718//1315 1721//1318 1720//1316
f 7//1319 314//1320 1713//1310 218//1321
f 314//1320 313//1322 1714//1311 1713//1310
f 313//1322 312//1323 1715//1314 1714//1311
f 312//1323 50//1324 723//1325 1715//1314
f 1715//1314 723//1325 724//1326 1718//1315
f 1718//1315 724//1326 725//1327 1721//1318
f 1721//1318 725//1327 108//1236 731//1328
f 1720//1316 1721//1318 731//1328 730//1329
f 1719//1317 1720//1316 730//1329 729//1330
f 216//1331 1719//1317 729//1330 26//1332
f 217//1333 1716//1313 1719//1317 216//1331
f 218//1321 1713//1310 1716//1313 217//1333
f 1722//1334 1723//1335 1726//1336 1725//1337
f 1723//1335 1724//1338 1727//1339 1726//1336
f 1725//1337 1726//1336 1729//1340 1728//1341
f 1726//1336 1727//1339 1730//1342 1729//1340
f 50//1324 311//1343 1722//1334 723//1325
f 311//1343 310//1344 1723//1335 1722//1334
f 310//1344 309//1345 1724//1338 1723//1335
f 309//1345 49//1346 726//1347 1724//1338
f 1724//1338 726//1347 727//1348 1727//1339
f 1727//1339 727//1348 728//1349 1730//1342
f 1730//1342 728//1349 109//1241 692//1240
f 1729//1340 1730//1342 692//1240 691//1239
f 1728//1341 1729//1340 691//1239 690//1237
f 725//1327 1728//1341 690//1237 108//1236
f 724//1326 1725//1337 1728//1341 725//1327
f 723//1325 1722//1334 1725//1337 724//1326
f 1731//1350 1732//1351 1735//1352 1734//1353
f 1732//1351 1733//1354 1736//1355 1735//1352
f 1734//1353 1735//1352 1738//1356 1737//1357
f 1735//1352 1736//1355 1739//1358 1738//1356
f 26//1332 729//1330 1731//1350 215//1359
f 729//1330 730//1329 1732//1351 1731//1350
f 730//1329 731//1328 1733//1354 1732//1351
f 731//1328 108//1236 698//1238 1733//1354
f 1733//1354 698//1238 697//1246 1736//1355
f 1736//1355 697//1246 696//1245 1739//1358
f 1739//1358 696//1245 107//1216 719//1297
f 1738//1356 1739//1358 719//1297 718//1296
f 1737//1357 1738//1356 718//1296 717//1295
f 213//1360 1737//1357 717//1295 25//1294
f 214//1361 1734//1353 1737//1357 213//1360
f 215//1359 1731//1350 1734//1353 214//1361
f 1740//1362 1741//1363 1744//1364 1743//1365
f 1741//1363 1742//1366 1745//1367 1744//1364
f 1743//1365 1744//1364 1747//1368 1746//1369
f 1744//1364 1745//1367 1748//1370 1747//1368
f 3//179 242//181 1740//1362 303//1371
f 242//181 241//193 1741//1363 1740//1362
f 241//193 240//191 1742//1366 1741//1363
f 240//191 32//192 732//1372 1742//1366
f 1742//1366 732//1372 733//1373 1745//1367
f 1745//1367 733//1373 734//1374 1748//1370
f 1748//1370 734//1374 110//1256 740//1375
f 1747//1368 1748//1370 740//1375 739//1376
f 1746//1369 1747//1368 739//1376 738//1377
f 305//1378 1746//1369 738//1377 48//1379
f 304//1380 1743//1365 1746//1369 305//1378
f 303//1371 1740//1362 1743//1365 304//1380
f 1749//1381 1750//1382 1753//1383 1752//1384
f 1750//1382 1751//1385 1754//1386 1753//1383
f 1752//1384 1753//1383 1756//1387 1755//1388
f 1753//1383 1754//1386 1757//1389 1756//1387
f 32//192 239//215 1749//1381 732//1372
f 239//215 238//217 1750//1382 1749//1381
f 238//217 237//216 1751//1385 1750//1382
f 237//216 31//154 735//1309 1751//1385
f 1751//1385 735//1309 736//1308 1754//1386
f 1754//1386 736//1308 737//1307 1757//1389
f 1757//1389 737//1307 111//1225 695//1260
f 1756//1387 1757//1389 695//1260 694//1259
f 1755//1388 1756//1387 694//1259 693//1257
f 734//1374 1755//1388 693//1257 110//1256
f 733//1373 1752//1384 1755//1388 734//1374
f 732//1372 1749//1381 1752//1384 733//1373
f 1758//1390 1759//1391 1762//1392 1761//1393
f 1759//1391 1760//1394 1763//1395 1762//1392
f 1761//1393 1762//1392 1765//1396 1764//1397
f 1762//1392 1763//1395 1766//1398 1765//1396
f 48//1379 738//1377 1758//1390 306//1399
f 738//1377 739//1376 1759//1391 1758//1390
f 739//1376 740//1375 1760//1394 1759//1391
f 740//1375 110//1256 701//1258 1760//1394
f 1760//1394 701//1258 700//1262 1763//1395
f 1763//1395 700//1262 699//1261 1766//1398
f 1766//1398 699//1261 109//1241 728//1349
f 1765//1396 1766//1398 728//1349 727//1348
f 1764//1397 1765//1396 727//1348 726//1347
f 308//1400 1764//1397 726//1347 49//1346
f 307//1401 1761//1393 1764//1397 308//1400
f 306//1399 1758//1390 1761//1393 307//1401
f 1767//1402 1768//1403 1771//1404 1770//1405
f 1768//1403 1769//1406 1772//1407 1771//1404
f 1770//1405 1771//1404 1774//1408 1773//1409
f 1771//1404 1772//1407 1775//1410 1774//1408
f 113//1411 741//1412 1767//1402 758//1413
f 741//1412 742//1414 1768//1403 1767//1402
f 742//1414 743//1415 1769//1406 1768//1403
f 743//1415 114//1416 761//1417 1769//1406
f 1769//1406 761//1417 760//1418 1772//1407
f 1772//1407 760//1418 759//1419 1775//1410
f 1775//1410 759//1419 112//1420 765//1421
f 1774//1408 1775//1410 765//1421 766//1422
f 1773//1409 1774//1408 766//1422 767//1423
f 756//1424 1773//1409 767//1423 118//1425
f 757//1426 1770//1405 1773//1409 756//1424
f 758//1413 1767//1402 1770//1405 757//1426
f 1776//1427 1777//1428 1780//1429 1779//1430
f 1777//1428 1778//1431 1781//1432 1780//1429
f 1779//1430 1780//1429 1783//1433 1782//1434
f 1780//1429 1781//1432 1784//1435 1783//1433
f 115//1436 744//1437 1776//1427 752//1438
f 744//1437 745//1439 1777//1428 1776//1427
f 745//1439 746//1440 1778//1431 1777//1428
f 746//1440 116//1441 764//1442 1778//1431
f 1778//1431 764//1442 763//1443 1781//1432
f 1781//1432 763//1443 762//1444 1784//1435
f 1784//1435 762//1444 112//1420 759//1419
f 1783//1433 1784//1435 759//1419 760//1418
f 1782//1434 1783//1433 760//1418 761//1417
f 750//1445 1782//1434 761//1417 114//1416
f 751//1446 1779//1430 1782//1434 750//1445
f 752//1438 1776//1427 1779//1430 751//1446
f 1785//1447 1786//1448 1789//1449 1788//1450
f 1786//1448 1787//1451 1790//1452 1789//1449
f 1788//1450 1789//1449 1792//1453 1791//1454
f 1789//1449 1790//1452 1793//1455 1792//1453
f 117//1456 747//1457 1785//1447 755//1458
f 747//1457 748//1459 1786//1448 1785//1447
f 748//1459 749//1460 1787//1451 1786//1448
f 749//1460 118//1425 767//1423 1787//1451
f 1787//1451 767//1423 766//1422 1790//1452
f 1790//1452 766//1422 765//1421 1793//1455
f 1793//1455 765//1421 112//1420 762//1444
f 1792//1453 1793//1455 762//1444 763//1443
f 1791//1454 1792//1453 763//1443 764//1442
f 753//1461 1791//1454 764//1442 116//1441
f 754//1462 1788//1450 1791//1454 753//1461
f 755//1458 1785//1447 1788//1450 754//1462
f 1794//1463 1795//1464 1798//1465 1797//1466
f 1795//1464 1796//1467 1799//1468 1798//1465
f 1797//1466 1798//1465 1801//1469 1800//1470
f 1798//1465 1799//1468 1802//1471 1801//1469
f 2//127 255//888 1794//1463 207//1272
f 255//888 256//897 1795//1464 1794//1463
f 256//897 257//895 1796//1467 1795//1464
f 257//895 36//896 768//1472 1796//1467
f 1796//1467 768//1472 769//1473 1799//1468
f 1799//1468 769//1473 770//1474 1802//1471
f 1802//1471 770//1474 113//1411 776//1475
f 1801//1469 1802//1471 776//1475 775//1476
f 1800//1470 1801//1469 775//1476 774//1477
f 209//1274 1800//1470 774//1477 24//1275
f 208//1273 1797//1466 1800//1470 209//1274
f 207//1272 1794//1463 1797//1466 208//1273
f 1803//1478 1804//1479 1807//1480 1806//1481
f 1804//1479 1805//1482 1808//1483 1807//1480
f 1806//1481 1807//1480 1810//1484 1809//1485
f 1807//1480 1808//1483 1811//1486 1810//1484
f 36//896 258//919 1803//1478 768//1472
f 258//919 259//925 1804//1479 1803//1478
f 259//925 260//923 1805//1482 1804//1479
f 260//923 37//924 771//1487 1805//1482
f 1805//1482 771//1487 772//1488 1808//1483
f 1808//1483 772//1488 773//1489 1811//1486
f 1811//1486 773//1489 114//1416 743//1415
f 1810//1484 1811//1486 743//1415 742//1414
f 1809//1485 1810//1484 742//1414 741//1412
f 770//1474 1809//1485 741//1412 113//1411
f 769//1473 1806//1481 1809//1485 770//1474
f 768//1472 1803//1478 1806//1481 769//1473
f 1812//1490 1813//1491 1816//1492 1815//1493
f 1813//1491 1814//1494 1817//1495 1816//1492
f 1815//1493 1816//1492 1819//1496 1818//1497
f 1816//1492 1817//1495 1820//1498 1819//1496
f 24//1275 774//1477 1812//1490 210//1291
f 774//1477 775//1476 1813//1491 1812//1490
f 775//1476 776//1475 1814//1494 1813//1491
f 776//1475 113//1411 758//1413 1814//1494
f 1814//1494 758//1413 757//1426 1817//1495
f 1817//1495 757//1426 756//1424 1820//1498
f 1820//1498 756//1424 118//1425 791//1499
f 1819//1496 1820//1498 791//1499 790//1500
f 1818//1497 1819//1496 790//1500 789//1501
f 212//1293 1818//1497 789//1501 25//1294
f 211//1292 1815//1493 1818//1497 212//1293
f 210//1291 1812//1490 1815//1493 211//1292
f 1821//1502 1822//1503 1825//1504 1824//1505
f 1822//1503 1823//1506 1826//1507 1825//1504
f 1824//1505 1825//1504 1828//1508 1827//1509
f 1825//1504 1826//1507 1829//1510 1828//1508
f 5//735 351//1511 1821//1502 266//971
f 351//1511 352//1512 1822//1503 1821//1502
f 352//1512 353//1513 1823//1506 1822//1503
f 353//1513 60//1514 777//1515 1823//1506
f 1823//1506 777//1515 778//1516 1826//1507
f 1826//1507 778//1516 779//1517 1829//1510
f 1829//1510 779//1517 115//1436 785//1518
f 1828//1508 1829//1510 785//1518 784//1519
f 1827//1509 1828//1508 784//1519 783//1520
f 264//973 1827//1509 783//1520 38//974
f 265//972 1824//1505 1827//1509 264//973
f 266//971 1821//1502 1824//1505 265//972
f 1830//1521 1831//1522 1834//1523 1833//1524
f 1831//1522 1832//1525 1835//1526 1834//1523
f 1833//1524 1834//1523 1837//1527 1836//1528
f 1834//1523 1835//1526 1838//1529 1837//1527
f 60//1514 354//1530 1830//1521 777//1515
f 354//1530 355//1531 1831//1522 1830//1521
f 355//1531 356//1532 1832//1525 1831//1522
f 356//1532 61//1533 780//1534 1832//1525
f 1832//1525 780//1534 781//1535 1835//1526
f 1835//1526 781//1535 782//1536 1838//1529
f 1838//1529 782//1536 116//1441 746//1440
f 1837//1527 1838//1529 746//1440 745//1439
f 1836//1528 1837//1527 745//1439 744//1437
f 779//1517 1836//1528 744//1437 115//1436
f 778//1516 1833//1524 1836//1528 779//1517
f 777//1515 1830//1521 1833//1524 778//1516
f 1839//1537 1840//1538 1843//1539 1842//1540
f 1840//1538 1841//1541 1844//1542 1843//1539
f 1842//1540 1843//1539 1846//1543 1845//1544
f 1843//1539 1844//1542 1847//1545 1846//1543
f 38//974 783//1520 1839//1537 263//990
f 783//1520 784//1519 1840//1538 1839//1537
f 784//1519 785//1518 1841//1541 1840//1538
f 785//1518 115//1436 752//1438 1841//1541
f 1841//1541 752//1438 751//1446 1844//1542
f 1844//1542 751//1446 750//1445 1847//1545
f 1847//1545 750//1445 114//1416 773//1489
f 1846//1543 1847//1545 773//1489 772//1488
f 1845//1544 1846//1543 772//1488 771//1487
f 261//992 1845//1544 771//1487 37//924
f 262//991 1842//1540 1845//1544 261//992
f 263//990 1839//1537 1842//1540 262//991
f 1848//1546 1849//1547 1852//1548 1851//1549
f 1849//1547 1850//1550 1853//1551 1852//1548
f 1851//1549 1852//1548 1855//1552 1854//1553
f 1852//1548 1853//1551 1856//1554 1855//1552
f 7//1319 218//1321 1848//1546 362//1555
f 218//1321 217//1333 1849//1547 1848//1546
f 217//1333 216//1331 1850//1550 1849//1547
f 216//1331 26//1332 786//1556 1850//1550
f 1850//1550 786//1556 787//1557 1853//1551
f 1853//1551 787//1557 788//1558 1856//1554
f 1856//1554 788//1558 117//1456 794//1559
f 1855//1552 1856//1554 794//1559 793//1560
f 1854//1553 1855//1552 793//1560 792//1561
f 360//1562 1854//1553 792//1561 62//1563
f 361//1564 1851//1549 1854//1553 360//1562
f 362//1555 1848//1546 1851//1549 361//1564
f 1857//1565 1858//1566 1861//1567 1860//1568
f 1858//1566 1859//1569 1862//1570 1861//1567
f 1860//1568 1861//1567 1864//1571 1863//1572
f 1861//1567 1862//1570 1865//1573 1864//1571
f 26//1332 215//1359 1857//1565 786//1556
f 215//1359 214//1361 1858//1566 1857//1565
f 214//1361 213//1360 1859//1569 1858//1566
f 213//1360 25//1294 789//1501 1859//1569
f 1859//1569 789//1501 790//1500 1862//1570
f 1862//1570 790//1500 791//1499 1865//1573
f 1865//1573 791//1499 118//1425 749//1460
f 1864//1571 1865//1573 749//1460 748//1459
f 1863//1572 1864//1571 748//1459 747//1457
f 788//1558 1863//1572 747//1457 117//1456
f 787//1557 1860//1568 1863//1572 788//1558
f 786//1556 1857//1565 1860//1568 787//1557
f 1866//1574 1867//1575 1870//1576 1869//1577
f 1867//1575 1868//1578 1871//1579 1870//1576
f 1869//1577 1870//1576 1873//1580 1872//1581
f 1870//1576 1871//1579 1874//1582 1873//1580
f 62//1563 792//1561 1866//1574 359//1583
f 792//1561 793//1560 1867//1575 1866//1574
f 793//1560 794//1559 1868//1578 1867//1575
f 794//1559 117//1456 755//1458 1868//1578
f 1868//1578 755//1458 754//1462 1871//1579
f 1871//1579 754//1462 753//1461 1874//1582
f 1874//1582 753//1461 116//1441 782//1536
f 1873//1580 1874//1582 782//1536 781//1535
f 1872//1581 1873//1580 781//1535 780//1534
f 357//1584 1872//1581 780//1534 61//1533
f 358//1585 1869//1577 1872//1581 357//1584
f 359//1583 1866//1574 1869//1577 358//1585
f 1875//1586 1876//1587 1879//1588 1878//1589
f 1876//1587 1877//1590 1880//1591 1879//1588
f 1878//1589 1879//1588 1882//1592 1881//1593
f 1879//1588 1880//1591 1883//1594 1882//1592
f 120//1595 795//1596 1875//1586 812//1597
f 795//1596 796//1598 1876//1587 1875//1586
f 796//1598 797//1599 1877//1590 1876//1587
f 797//1599 121//1600 815//1601 1877//1590
f 1877//1590 815//1601 814//1602 1880//1591
f 1880//1591 814//1602 813//1603 1883//1594
f 1883//1594 813//1603 119//1604 819//1605
f 1882//1592 1883//1594 819//1605 820//1606
f 1881//1593 1882//1592 820//1606 821//1607
f 810//1608 1881//1593 821//1607 125//1609
f 811//1610 1878//1589 1881//1593 810//1608
f 812//1597 1875//1586 1878//1589 811//1610
f 1884//1611 1885//1612 1888//1613 1887//1614
f 1885//1612 1886//1615 1889//1616 1888//1613
f 1887//1614 1888//1613 1891//1617 1890//1618
f 1888//1613 1889//1616 1892//1619 1891//1617
f 122//1620 798//1621 1884//1611 806//1622
f 798//1621 799//1623 1885//1612 1884//1611
f 799//1623 800//1624 1886//1615 1885//1612
f 800//1624 123//1625 818//1626 1886//1615
f 1886//1615 818//1626 817//1627 1889//1616
f 1889//1616 817//1627 816//1628 1892//1619
f 1892//1619 816//1628 119//1604 813//1603
f 1891//1617 1892//1619 813//1603 814//1602
f 1890//1618 1891//1617 814//1602 815//1601
f 804//1629 1890//1618 815//1601 121//1600
f 805//1630 1887//1614 1890//1618 804//1629
f 806//1622 1884//1611 1887//1614 805//1630
f 1893//1631 1894//1632 1897//1633 1896//1634
f 1894//1632 1895//1635 1898//1636 1897//1633
f 1896//1634 1897//1633 1900//1637 1899//1638
f 1897//1633 1898//1636 1901//1639 1900//1637
f 124//1640 801//1641 1893//1631 809//1642
f 801//1641 802//1643 1894//1632 1893//1631
f 802//1643 803//1644 1895//1635 1894//1632
f 803//1644 125//1609 821//1607 1895//1635
f 1895//1635 821//1607 820//1606 1898//1636
f 1898//1636 820//1606 819//1605 1901//1639
f 1901//1639 819//1605 119//1604 816//1628
f 1900//1637 1901//1639 816//1628 817//1627
f 1899//1638 1900//1637 817//1627 818//1626
f 807//1645 1899//1638 818//1626 123//1625
f 808//1646 1896//1634 1899//1638 807//1645
f 809//1642 1893//1631 1896//1634 808//1646
f 1902//1647 1903//1648 1906//1649 1905//1650
f 1903//1648 1904//1651 1907//1652 1906//1649
f 1905//1650 1906//1649 1909//1653 1908//1654
f 1906//1649 1907//1652 1910//1655 1909//1653
f 5//735 327//1171 1902//1647 351//1511
f 327//1171 328//1180 1903//1648 1902//1647
f 328//1180 329//1178 1904//1651 1903//1648
f 329//1178 54//1179 822//1656 1904//1651
f 1904//1651 822//1656 823//1657 1907//1652
f 1907//1652 823//1657 824//1658 1910//1655
f 1910//1655 824//1658 120//1595 830//1659
f 1909//1653 1910//1655 830//1659 829//1660
f 1908//1654 1909//1653 829//1660 828//1661
f 353//1513 1908//1654 828//1661 60//1514
f 352//1512 1905//1650 1908//1654 353//1513
f 351//1511 1902//1647 1905//1650 352//1512
f 1911//1662 1912//1663 1915//1664 1914//1665
f 1912//1663 1913//1666 1916//1667 1915//1664
f 1914//1665 1915//1664 1918//1668 1917//1669
f 1915//1664 1916//1667 1919//1670 1918//1668
f 54//1179 330//1199 1911//1662 822//1656
f 330//1199 331//1201 1912//1663 1911//1662
f 331//1201 332//1200 1913//1666 1912//1663
f 332//1200 55//1146 825//1671 1913//1666
f 1913//1666 825//1671 826//1672 1916//1667
f 1916//1667 826//1672 827//1673 1919//1670
f 1919//1670 827//1673 121//1600 797//1599
f 1918//1668 1919//1670 797//1599 796//1598
f 1917//1669 1918//1668 796//1598 795//1596
f 824//1658 1917//1669 795//1596 120//1595
f 823//1657 1914//1665 1917//1669 824//1658
f 822//1656 1911//1662 1914//1665 823//1657
f 1920//1674 1921//1675 1924//1676 1923//1677
f 1921//1675 1922//1678 1925//1679 1924//1676
f 1923//1677 1924//1676 1927//1680 1926//1681
f 1924//1676 1925//1679 1928//1682 1927//1680
f 60//1514 828//1661 1920//1674 354//1530
f 828//1661 829//1660 1921//1675 1920//1674
f 829//1660 830//1659 1922//1678 1921//1675
f 830//1659 120//1595 812//1597 1922//1678
f 1922//1678 812//1597 811//1610 1925//1679
f 1925//1679 811//1610 810//1608 1928//1682
f 1928//1682 810//1608 125//1609 845//1683
f 1927//1680 1928//1682 845//1683 844//1684
f 1926//1681 1927//1680 844//1684 843//1685
f 356//1532 1926//1681 843//1685 61//1533
f 355//1531 1923//1677 1926//1681 356//1532
f 354//1530 1920//1674 1923//1677 355//1531
f 1929//1686 1930//1687 1933//1688 1932//1689
f 1930//1687 1931//1690 1934//1691 1933//1688
f 1932//1689 1933//1688 1936//1692 1935//1693
f 1933//1688 1934//1691 1937//1694 1936//1692
f 6//1119 279//1695 1929//1686 338//1120
f 279//1695 280//1696 1930//1687 1929//1686
f 280//1696 281//1697 1931//1690 1930//1687
f 281//1697 42//1698 831//1699 1931//1690
f 1931//1690 831//1699 832//1700 1934//1691
f 1934//1691 832//1700 833//1701 1937//1694
f 1937//1694 833//1701 122//1620 839//1702
f 1936//1692 1937//1694 839//1702 838//1703
f 1935//1693 1936//1692 838//1703 837//1704
f 336//1123 1935//1693 837//1704 56//1124
f 337//1122 1932//1689 1935//1693 336//1123
f 338//1120 1929//1686 1932//1689 337//1122
f 1938//1705 1939//1706 1942//1707 1941//1708
f 1939//1706 1940//1709 1943//1710 1942//1707
f 1941//1708 1942//1707 1945//1711 1944//1712
f 1942//1707 1943//1710 1946//1713 1945//1711
f 42//1698 282//1714 1938//1705 831//1699
f 282//1714 283//1715 1939//1706 1938//1705
f 283//1715 284//1716 1940//1709 1939//1706
f 284//1716 43//1717 834//1718 1940//1709
f 1940//1709 834//1718 835//1719 1943//1710
f 1943//1710 835//1719 836//1720 1946//1713
f 1946//1713 836//1720 123//1625 800//1624
f 1945//1711 1946//1713 800//1624 799//1623
f 1944//1712 1945//1711 799//1623 798//1621
f 833//1701 1944//1712 798//1621 122//1620
f 832//1700 1941//1708 1944//1712 833//1701
f 831//1699 1938//1705 1941//1708 832//1700
f 1947//1721 1948//1722 1951//1723 1950//1724
f 1948//1722 1949//1725 1952//1726 1951//1723
f 1950//1724 1951//1723 1954//1727 1953//1728
f 1951//1723 1952//1726 1955//1729 1954//1727
f 56//1124 837//1704 1947//1721 335//1143
f 837//1704 838//1703 1948//1722 1947//1721
f 838//1703 839//1702 1949//1725 1948//1722
f 839//1702 122//1620 806//1622 1949//1725
f 1949//1725 806//1622 805//1630 1952//1726
f 1952//1726 805//1630 804//1629 1955//1729
f 1955//1729 804//1629 121//1600 827//1673
f 1954//1727 1955//1729 827//1673 826//1672
f 1953//1728 1954//1727 826//1672 825//1671
f 333//1145 1953//1728 825//1671 55//1146
f 334//1144 1950//1724 1953//1728 333//1145
f 335//1143 1947//1721 1950//1724 334//1144
f 1956//1730 1957//1731 1960//1732 1959//1733
f 1957//1731 1958//1734 1961//1735 1960//1732
f 1959//1733 1960//1732 1963//1736 1962//1737
f 1960//1732 1961//1735 1964//1738 1963//1736
f 7//1319 362//1555 1956//1730 290//1739
f 362//1555 361//1564 1957//1731 1956//1730
f 361//1564 360//1562 1958//1734 1957//1731
f 360//1562 62//1563 840//1740 1958//1734
f 1958//1734 840//1740 841//1741 1961//1735
f 1961//1735 841//1741 842//1742 1964//1738
f 1964//1738 842//1742 124//1640 848//1743
f 1963//1736 1964//1738 848//1743 847//1744
f 1962//1737 1963//1736 847//1744 846//1745
f 288//1746 1962//1737 846//1745 44//1747
f 289//1748 1959//1733 1962//1737 288//1746
f 290//1739 1956//1730 1959//1733 289//1748
f 1965//1749 1966//1750 1969//1751 1968//1752
f 1966//1750 1967//1753 1970//1754 1969//1751
f 1968//1752 1969//1751 1972//1755 1971//1756
f 1969//1751 1970//1754 1973//1757 1972//1755
f 62//1563 359//1583 1965//1749 840//1740
f 359//1583 358//1585 1966//1750 1965//1749
f 358//1585 357//1584 1967//1753 1966//1750
f 357//1584 61//1533 843//1685 1967//1753
f 1967//1753 843//1685 844//1684 1970//1754
f 1970//1754 844//1684 845//1683 1973//1757
f 1973//1757 845//1683 125//1609 803//1644
f 1972//1755 1973//1757 803//1644 802//1643
f 1971//1756 1972//1755 802//1643 801//1641
f 842//1742 1971//1756 801//1641 124//1640
f 841//1741 1968//1752 1971//1756 842//1742
f 840//1740 1965//1749 1968//1752 841//1741
f 1974//1758 1975//1759 1978//1760 1977//1761
f 1975//1759 1976//1762 1979//1763 1978//1760
f 1977//1761 1978//1760 1981//1764 1980//1765
f 1978//1760 1979//1763 1982//1766 1981//1764
f 44//1747 846//1745 1974//1758 287//1767
f 846//1745 847//1744 1975//1759 1974//1758
f 847//1744 848//1743 1976//1762 1975//1759
f 848//1743 124//1640 809//1642 1976//1762
f 1976//1762 809//1642 808//1646 1979//1763
f 1979//1763 808//1646 807//1645 1982//1766
f 1982//1766 807//1645 123//1625 836//1720
f 1981//1764 1982//1766 836//1720 835//1719
f 1980//1765 1981//1764 835//1719 834//1718
f 285//1768 1980//1765 834//1718 43//1717
f 286//1769 1977//1761 1980//1765 285//1768
f 287//1767 1974//1758 1977//1761 286//1769
f 1983//1770 1984//1771 1987//1772 1986//1773
f 1984//1771 1985//1774 1988//1775 1987//1772
f 1986//1773 1987//1772 1990//1776 1989//1777
f 1987//1772 1988//1775 1991//1778 1990//1776
f 127//1779 849//1780 1983//1770 866//1781
f 849//1780 850//1782 1984//1771 1983//1770
f 850//1782 851//1783 1985//1774 1984//1771
f 851//1783 128//1784 869//1785 1985//1774
f 1985//1774 869//1785 868//1786 1988//1775
f 1988//1775 868//1786 867//1787 1991//1778
f 1991//1778 867//1787 126//1788 873//1789
f 1990//1776 1991//1778 873//1789 874//1790
f 1989//1777 1990//1776 874//1790 875//1791
f 864//1792 1989//1777 875//1791 132//1793
f 865//1794 1986//1773 1989//1777 864//1792
f 866//1781 1983//1770 1986//1773 865//1794
f 1992//1795 1993//1796 1996//1797 1995//1798
f 1993//1796 1994//1799 1997//1800 1996//1797
f 1995//1798 1996//1797 1999//1801 1998//1802
f 1996//1797 1997//1800 2000//1803 1999//1801
f 129//1804 852//1805 1992//1795 860//1806
f 852//1805 853//1807 1993//1796 1992//1795
f 853//1807 854//1808 1994//1799 1993//1796
f 854//1808 130//1809 872//1810 1994//1799
f 1994//1799 872//1810 871//1811 1997//1800
f 1997//1800 871//1811 870//1812 2000//1803
f 2000//1803 870//1812 126//1788 867//1787
f 1999//1801 2000//1803 867//1787 868//1786
f 1998//1802 1999//1801 868//1786 869//1785
f 858//1813 1998//1802 869//1785 128//1784
f 859//1814 1995//1798 1998//1802 858//1813
f 860//1806 1992//1795 1995//1798 859//1814
f 2001//1815 2002//1816 2005//1817 2004//1818
f 2002//1816 2003//1819 2006//1820 2005//1817
f 2004//1818 2005//1817 2008//1821 2007//1822
f 2005//1817 2006//1820 2009//1823 2008//1821
f 131//1824 855//1825 2001//1815 863//1826
f 855//1825 856//1827 2002//1816 2001//1815
f 856//1827 857//1828 2003//1819 2002//1816
f 857//1828 132//1793 875//1791 2003//1819
f 2003//1819 875//1791 874//1790 2006//1820
f 2006//1820 874//1790 873//1789 2009//1823
f 2009//1823 873//1789 126//1788 870//1812
f 2008//1821 2009//1823 870//1812 871//1811
f 2007//1822 2008//1821 871//1811 872//1810
f 861//1829 2007//1822 872//1810 130//1809
f 862//1830 2004//1818 2007//1822 861//1829
f 863//1826 2001//1815 2004//1818 862//1830
f 2010//1831 2011//1832 2014//1833 2013//1834
f 2011//1832 2012//1835 2015//1836 2014//1833
f 2013//1834 2014//1833 2017//1837 2016//1838
f 2014//1833 2015//1836 2018//1839 2017//1837
f 1//71 159//73 2010//1831 267//1840
f 159//73 160//85 2011//1832 2010//1831
f 160//85 161//83 2012//1835 2011//1832
f 161//83 12//84 876//1841 2012//1835
f 2012//1835 876//1841 877//1842 2015//1836
f 2015//1836 877//1842 878//1843 2018//1839
f 2018//1839 878//1843 127//1779 884//1844
f 2017//1837 2018//1839 884//1844 883//1845
f 2016//1838 2017//1837 883//1845 882//1846
f 269//1847 2016//1838 882//1846 39//1848
f 268//1849 2013//1834 2016//1838 269//1847
f 267//1840 2010//1831 2013//1834 268//1849
f 2019//1850 2020//1851 2023//1852 2022//1853
f 2020//1851 2021//1854 2024//1855 2023//1852
f 2022//1853 2023//1852 2026//1856 2025//1857
f 2023//1852 2024//1855 2027//1858 2026//1856
f 12//84 162//111 2019//1850 876//1841
f 162//111 163//117 2020//1851 2019//1850
f 163//117 164//115 2021//1854 2020//1851
f 164//115 13//116 879//1859 2021//1854
f 2021//1854 879//1859 880//1860 2024//1855
f 2024//1855 880//1860 881//1861 2027//1858
f 2027//1858 881//1861 128//1784 851//1783
f 2026//1856 2027//1858 851//1783 850//1782
f 2025//1857 2026//1856 850//1782 849//1780
f 878//1843 2025//1857 849//1780 127//1779
f 877//1842 2022//1853 2025//1857 878//1843
f 876//1841 2019//1850 2022//1853 877//1842
f 2028//1862 2029//1863 2032//1864 2031//1865
f 2029//1863 2030//1866 2033//1867 2032//1864
f 2031//1865 2032//1864 2035//1868 2034//1869
f 2032//1864 2033//1867 2036//1870 2035//1868
f 39//1848 882//1846 2028//1862 270//1871
f 882//1846 883//1845 2029//1863 2028//1862
f 883//1845 884//1844 2030//1866 2029//1863
f 884//1844 127//1779 866//1781 2030//1866
f 2030//1866 866//1781 865//1794 2033//1867
f 2033//1867 865//1794 864//1792 2036//1870
f 2036//1870 864//1792 132//1793 899//1872
f 2035//1868 2036//1870 899//1872 898//1873
f 2034//1869 2035//1868 898//1873 897//1874
f 272//1875 2034//1869 897//1874 40//1876
f 271//1877 2031//1865 2034//1869 272//1875
f 270//1871 2028//1862 2031//1865 271//1877
f 2037//1878 2038//1879 2041//1880 2040//1881
f 2038//1879 2039//1882 2042//1883 2041//1880
f 2040//1881 2041//1880 2044//1884 2043//1885
f 2041//1880 2042//1883 2045//1886 2044//1884
f 3//179 303//1371 2037//1878 170//180
f 303//1371 304//1380 2038//1879 2037//1878
f 304//1380 305//1378 2039//1882 2038//1879
f 305//1378 48//1379 885//1887 2039//1882
f 2039//1882 885//1887 886//1888 2042//1883
f 2042//1883 886//1888 887//1889 2045//1886
f 2045//1886 887//1889 129//1804 893//1890
f 2044//1884 2045//1886 893//1890 892//1891
f 2043//1885 2044//1884 892//1891 891//1892
f 168//183 2043//1885 891//1892 14//184
f 169//182 2040//1881 2043//1885 168//183
f 170//180 2037//1878 2040//1881 169//182
f 2046//1893 2047//1894 2050//1895 2049//1896
f 2047//1894 2048//1897 2051//1898 2050//1895
f 2049//1896 2050//1895 2053//1899 2052//1900
f 2050//1895 2051//1898 2054//1901 2053//1899
f 48//1379 306//1399 2046//1893 885//1887
f 306//1399 307//1401 2047//1894 2046//1893
f 307//1401 308//1400 2048//1897 2047//1894
f 308//1400 49//1346 888//1902 2048//1897
f 2048//1897 888//1902 889//1903 2051//1898
f 2051//1898 889//1903 890//1904 2054//1901
f 2054//1901 890//1904 130//1809 854//1808
f 2053//1899 2054//1901 854//1808 853//1807
f 2052//1900 2053//1899 853//1807 852//1805
f 887//1889 2052//1900 852//1805 129//1804
f 886//1888 2049//1896 2052//1900 887//1889
f 885//1887 2046//1893 2049//1896 886//1888
f 2055//1905 2056//1906 2059//1907 2058//1908
f 2056//1906 2057//1909 2060//1910 2059//1907
f 2058//1908 2059//1907 2062//1911 2061//1912
f 2059//1907 2060//1910 2063//1913 2062//1911
f 14//184 891//1892 2055//1905 167//203
f 891//1892 892//1891 2056//1906 2055//1905
f 892//1891 893//1890 2057//1909 2056//1906
f 893//1890 129//1804 860//1806 2057//1909
f 2057//1909 860//1806 859//1814 2060//1910
f 2060//1910 859//1814 858//1813 2063//1913
f 2063//1913 858//1813 128//1784 881//1861
f 2062//1911 2063//1913 881//1861 880//1860
f 2061//1912 2062//1911 880//1860 879//1859
f 165//205 2061//1912 879//1859 13//116
f 166//204 2058//1908 2061//1912 165//205
f 167//203 2055//1905 2058//1908 166//204
f 2064//1914 2065//1915 2068//1916 2067//1917
f 2065//1915 2066//1918 2069//1919 2068//1916
f 2067//1917 2068//1916 2071//1920 2070//1921
f 2068//1916 2069//1919 2072//1922 2071//1920
f 7//1319 278//1923 2064//1914 314//1320
f 278//1923 277//1924 2065//1915 2064//1914
f 277//1924 276//1925 2066//1918 2065//1915
f 276//1925 41//1926 894//1927 2066//1918
f 2066//1918 894//1927 895//1928 2069//1919
f 2069//1919 895//1928 896//1929 2072//1922
f 2072//1922 896//1929 131//1824 902//1930
f 2071//1920 2072//1922 902//1930 901//1931
f 2070//1921 2071//1920 901//1931 900//1932
f 312//1323 2070//1921 900//1932 50//1324
f 313//1322 2067//1917 2070//1921 312//1323
f 314//1320 2064//1914 2067//1917 313//1322
f 2073//1933 2074//1934 2077//1935 2076//1936
f 2074//1934 2075//1937 2078//1938 2077//1935
f 2076//1936 2077//1935 2080//1939 2079//1940
f 2077//1935 2078//1938 2081//1941 2080//1939
f 41//1926 275//1942 2073//1933 894//1927
f 275//1942 274//1943 2074//1934 2073//1933
f 274//1943 273//1944 2075//1937 2074//1934
f 273//1944 40//1876 897//1874 2075//1937
f 2075//1937 897//1874 898//1873 2078//1938
f 2078//1938 898//1873 899//1872 2081//1941
f 2081//1941 899//1872 132//1793 857//1828
f 2080//1939 2081//1941 857//1828 856//1827
f 2079//1940 2080//1939 856//1827 855//1825
f 896//1929 2079//1940 855//1825 131//1824
f 895//1928 2076//1936 2079//1940 896//1929
f 894//1927 2073//1933 2076//1936 895//1928
f 2082//1945 2083//1946 2086//1947 2085//1948
f 2083//1946 2084//1949 2087//1950 2086//1947
f 2085//1948 2086//1947 2089//1951 2088//1952
f 2086//1947 2087//1950 2090//1953 2089//1951
f 50//1324 900//1932 2082//1945 311//1343
f 900//1932 901//1931 2083//1946 2082//1945
f 901//1931 902//1930 2084//1949 2083//1946
f 902//1930 131//1824 863//1826 2084//1949
f 2084//1949 863//1826 862//1830 2087//1950
f 2087//1950 862//1830 861//1829 2090//1953
f 2090//1953 861//1829 130//1809 890//1904
f 2089//1951 2090//1953 890//1904 889//1903
f 2088//1952 2089//1951 889//1903 888//1902
f 309//1345 2088//1952 888//1902 49//1346
f 310//1344 2085//1948 2088//1952 309//1345
f 311//1343 2082//1945 2085//1948 310//1344
f 2091//1954 2092//1955 2095//1956 2094//1957
f 2092//1955 2093//1958 2096//1959 2095//1956
f 2094//1957 2095//1956 2098//1960 2097//1961
f 2095//1956 2096//1959 2099//1962 2098//1960
f 134//1963 903//1964 2091//1954 920//1965
f 903//1964 904//1966 2092//1955 2091//1954
f 904//1966 905//1967 2093//1958 2092//1955
f 905//1967 135//1968 923//1969 2093//1958
f 2093//1958 923//1969 922//1970 2096//1959
f 2096//1959 922//1970 921//1971 2099//1962
f 2099//1962 921//1971 133//1972 927//1973
f 2098//1960 2099//1962 927//1973 928//1974
f 2097//1961 2098//1960 928//1974 929//1975
f 918//1976 2097//1961 929//1975 139//1977
f 919//1978 2094//1957 2097//1961 918//1976
f 920//1965 2091//1954 2094//1957 919//1978
f 2100//1979 2101//1980 2104//1981 2103//1982
f 2101//1980 2102//1983 2105//1984 2104//1981
f 2103//1982 2104//1981 2107//1985 2106//1986
f 2104//1981 2105//1984 2108//1987 2107//1985
f 136//1988 906//1989 2100//1979 914//1990
f 906//1989 907//1991 2101//1980 2100//1979
f 907//1991 908//1992 2102//1983 2101//1980
f 908//1992 137//1993 926//1994 2102//1983
f 2102//1983 926//1994 925//1995 2105//1984
f 2105//1984 925//1995 924//1996 2108//1987
f 2108//1987 924//1996 133//1972 921//1971
f 2107//1985 2108//1987 921//1971 922//1970
f 2106//1986 2107//1985 922//1970 923//1969
f 912//1997 2106//1986 923//1969 135//1968
f 913//1998 2103//1982 2106//1986 912//1997
f 914//1990 2100//1979 2103//1982 913//1998
f 2109//1999 2110//2000 2113//2001 2112//2002
f 2110//2000 2111//2003 2114//2004 2113//2001
f 2112//2002 2113//2001 2116//2005 2115//2006
f 2113//2001 2114//2004 2117//2007 2116//2005
f 138//2008 909//2009 2109//1999 917//2010
f 909//2009 910//2011 2110//2000 2109//1999
f 910//2011 911//2012 2111//2003 2110//2000
f 911//2012 139//1977 929//1975 2111//2003
f 2111//2003 929//1975 928//1974 2114//2004
f 2114//2004 928//1974 927//1973 2117//2007
f 2117//2007 927//1973 133//1972 924//1996
f 2116//2005 2117//2007 924//1996 925//1995
f 2115//2006 2116//2005 925//1995 926//1994
f 915//2013 2115//2006 926//1994 137//1993
f 916//2014 2112//2002 2115//2006 915//2013
f 917//2010 2109//1999 2112//2002 916//2014
f 2118//2015 2119//2016 2122//2017 2121//2018
f 2119//2016 2120//2019 2123//2020 2122//2017
f 2121//2018 2122//2017 2125//2021 2124//2022
f 2122//2017 2123//2020 2126//2023 2125//2021
f 1//71 267//1840 2118//2015 171//587
f 267//1840 268//1849 2119//2016 2118//2015
f 268//1849 269//1847 2120//2019 2119//2016
f 269//1847 39//1848 930//2024 2120//2019
f 2120//2019 930//2024 931//2025 2123//2020
f 2123//2020 931//2025 932//2026 2126//2023
f 2126//2023 932//2026 134//1963 938//2027
f 2125//2021 2126//2023 938//2027 937//2028
f 2124//2022 2125//2021 937//2028 936//2029
f 173//589 2124//2022 936//2029 15//590
f 172//588 2121//2018 2124//2022 173//589
f 171//587 2118//2015 2121//2018 172//588
f 2127//2030 2128//2031 2131//2032 2130//2033
f 2128//2031 2129//2034 2132//2035 2131//2032
f 2130//2033 2131//2032 2134//2036 2133//2037
f 2131//2032 2132//2035 2135//2038 2134//2036
f 39//1848 270//1871 2127//2030 930//2024
f 270//1871 271//1877 2128//2031 2127//2030
f 271//1877 272//1875 2129//2034 2128//2031
f 272//1875 40//1876 933//2039 2129//2034
f 2129//2034 933//2039 934//2040 2132//2035
f 2132//2035 934//2040 935//2041 2135//2038
f 2135//2038 935//2041 135//1968 905//1967
f 2134//2036 2135//2038 905//1967 904//1966
f 2133//2037 2134//2036 904//1966 903//1964
f 932//2026 2133//2037 903//1964 134//1963
f 931//2025 2130//2033 2133//2037 932//2026
f 930//2024 2127//2030 2130//2033 931//2025
f 2136//2042 2137//2043 2140//2044 2139//2045
f 2137//2043 2138//2046 2141//2047 2140//2044
f 2139//2045 2140//2044 2143//2048 2142//2049
f 2140//2044 2141//2047 2144//2050 2143//2048
f 15//590 936//2029 2136//2042 174//606
f 936//2029 937//2028 2137//2043 2136//2042
f 937//2028 938//2027 2138//2046 2137//2043
f 938//2027 134//1963 920//1965 2138//2046
f 2138//2046 920//1965 919//1978 2141//2047
f 2141//2047 919//1978 918//1976 2144//2050
f 2144//2050 918//1976 139//1977 953//2051
f 2143//2048 2144//2050 953//2051 952//2052
f 2142//2049 2143//2048 952//2052 951//2053
f 176//608 2142//2049 951//2053 16//533
f 175//607 2139//2045 2142//2049 176//608
f 174//606 2136//2042 2139//2045 175//607
f 2145//2054 2146//2055 2149//2056 2148//2057
f 2146//2055 2147//2058 2150//2059 2149//2056
f 2148//2057 2149//2056 2152//2060 2151//2061
f 2149//2056 2150//2059 2153//2062 2152//2060
f 7//1319 326//2063 2145//2054 278//1923
f 326//2063 325//2064 2146//2055 2145//2054
f 325//2064 324//2065 2147//2058 2146//2055
f 324//2065 53//2066 939//2067 2147//2058
f 2147//2058 939//2067 940//2068 2150//2059
f 2150//2059 940//2068 941//2069 2153//2062
f 2153//2062 941//2069 136//1988 947//2070
f 2152//2060 2153//2062 947//2070 946//2071
f 2151//2061 2152//2060 946//2071 945//2072
f 276//1925 2151//2061 945//2072 41//1926
f 277//1924 2148//2057 2151//2061 276//1925
f 278//1923 2145//2054 2148//2057 277//1924
f 2154//2073 2155//2074 2158//2075 2157//2076
f 2155//2074 2156//2077 2159//2078 2158//2075
f 2157//2076 2158//2075 2161//2079 2160//2080
f 2158//2075 2159//2078 2162//2081 2161//2079
f 53//2066 323//2082 2154//2073 939//2067
f 323//2082 322//2083 2155//2074 2154//2073
f 322//2083 321//2084 2156//2077 2155//2074
f 321//2084 52//2085 942//2086 2156//2077
f 2156//2077 942//2086 943//2087 2159//2078
f 2159//2078 943//2087 944//2088 2162//2081
f 2162//2081 944//2088 137//1993 908//1992
f 2161//2079 2162//2081 908//1992 907//1991
f 2160//2080 2161//2079 907//1991 906//1989
f 941//2069 2160//2080 906//1989 136//1988
f 940//2068 2157//2076 2160//2080 941//2069
f 939//2067 2154//2073 2157//2076 940//2068
f 2163//2089 2164//2090 2167//2091 2166//2092
f 2164//2090 2165//2093 2168//2094 2167//2091
f 2166//2092 2167//2091 2170//2095 2169//2096
f 2167//2091 2168//2094 2171//2097 2170//2095
f 41//1926 945//2072 2163//2089 275//1942
f 945//2072 946//2071 2164//2090 2163//2089
f 946//2071 947//2070 2165//2093 2164//2090
f 947//2070 136//1988 914//1990 2165//2093
f 2165//2093 914//1990 913//1998 2168//2094
f 2168//2094 913//1998 912//1997 2171//2097
f 2171//2097 912//1997 135//1968 935//2041
f 2170//2095 2171//2097 935//2041 934//2040
f 2169//2096 2170//2095 934//2040 933//2039
f 273//1944 2169//2096 933//2039 40//1876
f 274//1943 2166//2092 2169//2096 273//1944
f 275//1942 2163//2089 2166//2092 274//1943
f 2172//2098 2173//2099 2176//2100 2175//2101
f 2173//2099 2174//2102 2177//2103 2176//2100
f 2175//2101 2176//2100 2179//2104 2178//2105
f 2176//2100 2177//2103 2180//2106 2179//2104
f 4//488 182//490 2172//2098 315//2107
f 182//490 181//502 2173//2099 2172//2098
f 181//502 180//500 2174//2102 2173//2099
f 180//500 17//501 948//2108 2174//2102
f 2174//2102 948//2108 949//2109 2177//2103
f 2177//2103 949//2109 950//2110 2180//2106
f 2180//2106 950//2110 138//2008 956//2111
f 2179//2104 2180//2106 956//2111 955//2112
f 2178//2105 2179//2104 955//2112 954//2113
f 317//2114 2178//2105 954//2113 51//2115
f 316//2116 2175//2101 2178//2105 317//2114
f 315//2107 2172//2098 2175//2101 316//2116
f 2181//2117 2182//2118 2185//2119 2184//2120
f 2182//2118 2183//2121 2186//2122 2185//2119
f 2184//2120 2185//2119 2188//2123 2187//2124
f 2185//2119 2186//2122 2189//2125 2188//2123
f 17//501 179//528 2181//2117 948//2108
f 179//528 178//534 2182//2118 2181//2117
f 178//534 177//532 2183//2121 2182//2118
f 177//532 16//533 951//2053 2183//2121
f 2183//2121 951//2053 952//2052 2186//2122
f 2186//2122 952//2052 953//2051 2189//2125
f 2189//2125 953//2051 139//1977 911//2012
f 2188//2123 2189//2125 911//2012 910//2011
f 2187//2124 2188//2123 910//2011 909//2009
f 950//2110 2187//2124 909//2009 138//2008
f 949//2109 2184//2120 2187//2124 950//2110
f 948//2108 2181//2117 2184//2120 949//2109
f 2190//2126 2191//2127 2194//2128 2193//2129
f 2191//2127 2192//2130 2195//2131 2194//2128
f 2193//2129 2194//2128 2197//2132 2196//2133
f 2194//2128 2195//2131 2198//2134 2197//2132
f 51//2115 954//2113 2190//2126 318//2135
f 954//2113 955//2112 2191//2127 2190//2126
f 955//2112 956//2111 2192//2130 2191//2127
f 956//2111 138//2008 917//2010 2192//2130
f 2192//2130 917//2010 916//2014 2195//2131
f 2195//2131 916//2014 915//2013 2198//2134
f 2198//2134 915//2013 137//1993 944//2088
f 2197//2132 2198//2134 944//2088 943//2087
f 2196//2133 2197//2132 943//2087 942//2086
f 320//2136 2196//2133 942//2086 52//2085
f 319//2137 2193//2129 2196//2133 320//2136
f 318//2135 2190//2126 2193//2129 319//2137
f 2199//2138 2200//2139 2203//2140 2202//2141
f 2200//2139 2201//2142 2204//2143 2203//2140
f 2202//2141 2203//2140 2206//2144 2205//2145
f 2203//2140 2204//2143 2207//2146 2206//2144
f 141//2147 957//2148 2199//2138 974//2149
f 957//2148 958//2150 2200//2139 2199//2138
f 958//2150 959//2151 2201//2142 2200//2139
f 959//2151 142//2152 977//2153 2201//2142
f 2201//2142 977//2153 976//2154 2204//2143
f 2204//2143 976//2154 975//2155 2207//2146
f 2207//2146 975//2155 140//2156 981//2157
f 2206//2144 2207//2146 981//2157 982//2158
f 2205//2145 2206//2144 982//2158 983//2159
f 972//2160 2205//2145 983//2159 146//2161
f 973//2162 2202//2141 2205//2145 972//2160
f 974//2149 2199//2138 2202//2141 973//2162
f 2208//2163 2209//2164 2212//2165 2211//2166
f 2209//2164 2210//2167 2213//2168 2212//2165
f 2211//2166 2212//2165 2215//2169 2214//2170
f 2212//2165 2213//2168 2216//2171 2215//2169
f 143//2172 960//2173 2208//2163 968//2174
f 960//2173 961//2175 2209//2164 2208//2163
f 961//2175 962//2176 2210//2167 2209//2164
f 962//2176 144//2177 980//2178 2210//2167
f 2210//2167 980//2178 979//2179 2213//2168
f 2213//2168 979//2179 978//2180 2216//2171
f 2216//2171 978//2180 140//2156 975//2155
f 2215//2169 2216//2171 975//2155 976//2154
f 2214//2170 2215//2169 976//2154 977//2153
f 966//2181 2214//2170 977//2153 142//2152
f 967//2182 2211//2166 2214//2170 966//2181
f 968//2174 2208//2163 2211//2166 967//2182
f 2217//2183 2218//2184 2221//2185 2220//2186
f 2218//2184 2219//2187 2222//2188 2221//2185
f 2220//2186 2221//2185 2224//2189 2223//2190
f 2221//2185 2222//2188 2225//2191 2224//2189
f 145//2192 963//2193 2217//2183 971//2194
f 963//2193 964//2195 2218//2184 2217//2183
f 964//2195 965//2196 2219//2187 2218//2184
f 965//2196 146//2161 983//2159 2219//2187
f 2219//2187 983//2159 982//2158 2222//2188
f 2222//2188 982//2158 981//2157 2225//2191
f 2225//2191 981//2157 140//2156 978//2180
f 2224//2189 2225//2191 978//2180 979//2179
f 2223//2190 2224//2189 979//2179 980//2178
f 969//2197 2223//2190 980//2178 144//2177
f 970//2198 2220//2186 2223//2190 969//2197
f 971//2194 2217//2183 2220//2186 970//2198
f 2226//2199 2227//2200 2230//2201 2229//2202
f 2227//2200 2228//2203 2231//2204 2230//2201
f 2229//2202 2230//2201 2233//2205 2232//2206
f 2230//2201 2231//2204 2234//2207 2233//2205
f 4//488 315//2107 2226//2199 195//1072
f 315//2107 316//2116 2227//2200 2226//2199
f 316//2116 317//2114 2228//2203 2227//2200
f 317//2114 51//2115 984//2208 2228//2203
f 2228//2203 984//2208 985//2209 2231//2204
f 2231//2204 985//2209 986//2210 2234//2207
f 2234//2207 986//2210 141//2147 992//2211
f 2233//2205 2234//2207 992//2211 991//2212
f 2232//2206 2233//2205 991//2212 990//2213
f 197//1074 2232//2206 990//2213 21//1075
f 196//1073 2229//2202 2232//2206 197//1074
f 195//1072 2226//2199 2229//2202 196//1073
f 2235//2214 2236//2215 2239//2216 2238//2217
f 2236//2215 2237//2218 2240//2219 2239//2216
f 2238//2217 2239//2216 2242//2220 2241//2221
f 2239//2216 2240//2219 2243//2222 2242//2220
f 51//2115 318//2135 2235//2214 984//2208
f 318//2135 319//2137 2236//2215 2235//2214
f 319//2137 320//2136 2237//2218 2236//2215
f 320//2136 52//2085 987//2223 2237//2218
f 2237//2218 987//2223 988//2224 2240//2219
f 2240//2219 988//2224 989//2225 2243//2222
f 2243//2222 989//2225 142//2152 959//2151
f 2242//2220 2243//2222 959//2151 958//2150
f 2241//2221 2242//2220 958//2150 957//2148
f 986//2210 2241//2221 957//2148 141//2147
f 985//2209 2238//2217 2241//2221 986//2210
f 984//2208 2235//2214 2238//2217 985//2209
f 2244//2226 2245//2227 2248//2228 2247//2229
f 2245//2227 2246//2230 2249//2231 2248//2228
f 2247//2229 2248//2228 2251//2232 2250//2233
f 2248//2228 2249//2231 2252//2234 2251//2232
f 21//1075 990//2213 2244//2226 198//1091
f 990//2213 991//2212 2245//2227 2244//2226
f 991//2212 992//2211 2246//2230 2245//2227
f 992//2211 141//2147 974//2149 2246//2230
f 2246//2230 974//2149 973//2162 2249//2231
f 2249//2231 973//2162 972//2160 2252//2234
f 2252//2234 972//2160 146//2161 1007//2235
f 2251//2232 2252//2234 1007//2235 1006//2236
f 2250//2233 2251//2232 1006//2236 1005//2237
f 200//1093 2250//2233 1005//2237 22//1094
f 199//1092 2247//2229 2250//2233 200//1093
f 198//1091 2244//2226 2247//2229 199//1092
f 2253//2238 2254//2239 2257//2240 2256//2241
f 2254//2239 2255//2242 2258//2243 2257//2240
f 2256//2241 2257//2240 2260//2244 2259//2245
f 2257//2240 2258//2243 2261//2246 2260//2244
f 7//1319 290//1739 2253//2238 326//2063
f 290//1739 289//1748 2254//2239 2253//2238
f 289//1748 288//1746 2255//2242 2254//2239
f 288//1746 44//1747 993//2247 2255//2242
f 2255//2242 993//2247 994//2248 2258//2243
f 2258//2243 994//2248 995//2249 2261//2246
f 2261//2246 995//2249 143//2172 1001//2250
f 2260//2244 2261//2246 1001//2250 1000//2251
f 2259//2245 2260//2244 1000//2251 999//2252
f 324//2065 2259//2245 999//2252 53//2066
f 325//2064 2256//2241 2259//2245 324//2065
f 326//2063 2253//2238 2256//2241 325//2064
f 2262//2253 2263//2254 2266//2255 2265//2256
f 2263//2254 2264//2257 2267//2258 2266//2255
f 2265//2256 2266//2255 2269//2259 2268//2260
f 2266//2255 2267//2258 2270//2261 2269//2259
f 44//1747 287//1767 2262//2253 993//2247
f 287//1767 286//1769 2263//2254 2262//2253
f 286//1769 285//1768 2264//2257 2263//2254
f 285//1768 43//1717 996//2262 2264//2257
f 2264//2257 996//2262 997//2263 2267//2258
f 2267//2258 997//2263 998//2264 2270//2261
f 2270//2261 998//2264 144//2177 962//2176
f 2269//2259 2270//2261 962//2176 961//2175
f 2268//2260 2269//2259 961//2175 960//2173
f 995//2249 2268//2260 960//2173 143//2172
f 994//2248 2265//2256 2268//2260 995//2249
f 993//2247 2262//2253 2265//2256 994//2248
f 2271//2265 2272//2266 2275//2267 2274//2268
f 2272//2266 2273//2269 2276//2270 2275//2267
f 2274//2268 2275//2267 2278//2271 2277//2272
f 2275//2267 2276//2270 2279//2273 2278//2271
f 53//2066 999//2252 2271//2265 323//2082
f 999//2252 1000//2251 2272//2266 2271//2265
f 1000//2251 1001//2250 2273//2269 2272//2266
f 1001//2250 143//2172 968//2174 2273//2269
f 2273//2269 968//2174 967//2182 2276//2270
f 2276//2270 967//2182 966//2181 2279//2273
f 2279//2273 966//2181 142//2152 989//2225
f 2278//2271 2279//2273 989//2225 988//2224
f 2277//2272 2278//2271 988//2224 987//2223
f 321//2084 2277//2272 987//2223 52//2085
f 322//2083 2274//2268 2277//2272 321//2084
f 323//2082 2271//2265 2274//2268 322//2083
f 2280//2274 2281//2275 2284//2276 2283//2277
f 2281//2275 2282//2278 2285//2279 2284//2276
f 2283//2277 2284//2276 2287//2280 2286//2281
f 2284//2276 2285//2279 2288//2282 2287//2280
f 6//1119 206//1121 2280//2274 279//1695
f 206//1121 205//1133 2281//2275 2280//2274
f 205//1133 204//1131 2282//2278 2281//2275
f 204//1131 23//1132 1002//2283 2282//2278
f 2282//2278 1002//2283 1003//2284 2285//2279
f 2285//2279 1003//2284 1004//2285 2288//2282
f 2288//2282 1004//2285 145//2192 1010//2286
f 2287//2280 2288//2282 1010//2286 1009//2287
f 2286//2281 2287//2280 1009//2287 1008//2288
f 281//1697 2286//2281 1008//2288 42//1698
f 280//1696 2283//2277 2286//2281 281//1697
f 279//1695 2280//2274 2283//2277 280//1696
f 2289//2289 2290//2290 2293//2291 2292//2292
f 2290//2290 2291//2293 2294//2294 2293//2291
f 2292//2292 2293//2291 2296//2295 2295//2296
f 2293//2291 2294//2294 2297//2297 2296//2295
f 23//1132 203//1159 2289//2289 1002//2283
f 203//1159 202//1161 2290//2290 2289//2289
f 202//1161 201//1160 2291//2293 2290//2290
f 201//1160 22//1094 1005//2237 2291//2293
f 2291//2293 1005//2237 1006//2236 2294//2294
f 2294//2294 1006//2236 1007//2235 2297//2297
f 2297//2297 1007//2235 146//2161 965//2196
f 2296//2295 2297//2297 965//2196 964//2195
f 2295//2296 2296//2295 964//2195 963//2193
f 1004//2285 2295//2296 963//2193 145//2192
f 1003//2284 2292//2292 2295//2296 1004//2285
f 1002//2283 2289//2289 2292//2292 1003//2284
f 2298//2298 2299//2299 2302//2300 2301//2301
f 2299//2299 2300//2302 2303//2303 2302//2300
f 2301//2301 2302//2300 2305//2304 2304//2305
f 2302//2300 2303//2303 2306//2306 2305//2304
f 42//1698 1008//2288 2298//2298 282//1714
f 1008//2288 1009//2287 2299//2299 2298//2298
f 1009//2287 1010//2286 2300//2302 2299//2299
f 1010//2286 145//2192 971//2194 2300//2302
f 2300//2302 971//2194 970//2198 2303//2303
f 2303//2303 970//2198 969//2197 2306//2306
f 2306//2306 969//2197 144//2177 998//2264
f 2305//2304 2306//2306 998//2264 997//2263
f 2304//2305 2305//2304 997//2263 996//2262
f 284//1716 2304//2305 996//2262 43//1717
f 283//1715 2301//2301 2304//2305 284//1716
f 282//1714 2298//2298 2301//2301 283//1715
g rock.001_rock.001
v -0.694256 0.007137 -0.082572
v -0.225952 -1.934344 1.033342
v -0.021762 -1.979130 -0.080405
v -0.932917 -1.856991 -1.088451
v -3.416768 -1.752335 -0.961537
v -3.297742 -0.387605 -0.823157
v -3.634573 -0.155311 0.144966
v -3.262523 -1.917515 0.060740
v -3.015832 -1.651933 0.914208
v -3.007524 -0.425354 0.736792
v -0.532337 -0.576475 0.396050
v -0.438283 -1.004233 0.588242
v -0.293556 -1.348862 0.918478
v -0.164886 -0.566748 -0.086815
v 0.113695 -1.009981 -0.147825
v 0.164523 -1.479373 -0.122426
v -0.661092 -0.509526 -0.516321
v -0.746997 -0.960644 -0.686049
v -0.810370 -1.351219 -0.960647
v -1.608245 -1.926291 -1.083369
v -2.329424 -1.870944 -0.938605
v -2.954492 -1.860511 -0.987214
v -1.566825 -0.187915 -0.471515
v -2.269439 -0.270788 -0.665124
v -2.855597 -0.311402 -0.813905
v -1.749486 0.128815 -0.058245
v -2.478425 0.098476 -0.004811
v -3.093477 0.103730 0.058772
v -3.584396 -0.185133 -0.757188
v -3.844445 -0.031420 -0.480876
v -3.805701 -0.075662 -0.081297
v -0.992331 -1.936918 0.998073
v -1.803760 -1.900275 0.991563
v -2.565350 -1.862996 1.069723
v -1.296217 0.012675 0.372698
v -1.947747 -0.024205 0.668824
v -2.582225 -0.203598 0.777344
v 0.079534 -2.027236 0.767858
v 0.140730 -2.030403 0.458192
v 0.121215 -2.006521 0.185119
v -3.874480 -0.607983 0.044986
v -3.877964 -1.056555 0.013732
v -3.660216 -1.483905 0.017910
v -3.531684 -1.937922 -0.682392
v -3.462160 -1.928422 -0.392294
v -3.367683 -1.930995 -0.158768
v -3.617497 -0.123467 0.278470
v -3.493637 -0.190074 0.525561
v -3.251575 -0.316986 0.694288
v -0.241914 -1.978486 -0.295940
v -0.487603 -1.939890 -0.485399
v -0.687806 -1.965438 -0.759105
v -3.217005 -1.849687 0.249461
v -3.194263 -1.802825 0.465247
v -3.136948 -1.754206 0.691244
v -3.092866 -1.327835 0.875684
v -3.118603 -1.006131 0.755447
v -3.082867 -0.696028 0.722029
v -0.821371 -2.093837 -0.013078
v -1.702298 -2.221218 0.000547
v -2.538922 -2.103473 0.004959
v -3.472840 -1.384055 -0.992047
v -3.437650 -1.012868 -0.853978
v -3.376100 -0.673086 -0.811460
v 0.149759 -1.239974 0.350019
v -0.090502 -0.769027 0.290123
v -0.002575 -1.060917 0.544077
v 0.076036 -1.452074 0.665095
v 0.178871 -1.535467 0.394744
v 0.189150 -1.513952 0.167065
v 0.156566 -1.114023 0.163632
v -0.174395 -1.244931 -0.559100
v -0.274829 -0.798850 -0.420502
v -0.059646 -1.119898 -0.413244
v -0.006599 -1.535687 -0.402192
v -0.241292 -1.569113 -0.555967
v -0.461981 -1.502246 -0.742906
v -0.370669 -1.106426 -0.617937
v -2.747794 0.081988 -0.365282
v -2.031077 0.118269 -0.345384
v -2.500081 -0.006293 -0.536383
v -3.026679 -0.012082 -0.708174
v -3.181856 0.153797 -0.425696
v -3.162949 0.146188 -0.125693
v -2.591699 0.079715 -0.186104
v -2.660818 0.134309 0.337615
v -1.940733 0.194457 0.211609
v -2.540200 0.114631 0.165082
v -3.099432 0.111942 0.212587
v -3.059889 0.042217 0.435918
v -2.849867 -0.063440 0.621455
v -2.367426 0.145976 0.471903
v -1.193271 -0.534125 0.554522
v -1.896120 -0.533935 0.764456
v -2.595059 -0.630900 0.763485
v -1.108978 -0.978838 0.680957
v -1.876269 -0.936131 0.915159
v -2.609809 -0.988969 0.809781
v -1.054262 -1.402217 0.899898
v -1.843969 -1.387269 0.980268
v -2.573785 -1.344221 0.976970
v -1.435992 -0.557772 -0.621669
v -1.493889 -1.000029 -0.694605
v -1.559670 -1.392932 -0.892606
v -2.193033 -0.614621 -0.739193
v -2.210956 -1.001311 -0.836569
v -2.286067 -1.428313 -0.926065
v -2.841234 -0.642520 -0.858534
v -2.891786 -0.995469 -0.975114
v -2.928285 -1.408763 -1.034477
v -0.911200 -2.150433 0.690629
v -1.776490 -2.061197 0.690411
v -2.586435 -2.055449 0.696864
v -0.841365 -2.156388 0.448618
v -1.742963 -2.133154 0.466102
v -2.581493 -2.093506 0.465121
v -0.799922 -2.123044 0.222118
v -1.707270 -2.216232 0.245776
v -2.559013 -2.131836 0.243471
v -0.988734 -2.119555 -0.230822
v -1.842519 -2.154038 -0.224855
v -2.639158 -2.020872 -0.213685
v -1.205899 -2.209498 -0.456425
v -2.020169 -2.110718 -0.446375
v -2.762811 -1.988970 -0.440897
v -1.433150 -2.161427 -0.711345
v -2.196780 -2.028149 -0.679934
v -2.880856 -1.987457 -0.667311
v -3.774969 -1.456941 -0.730735
v -3.761931 -1.478955 -0.413899
v -3.690136 -1.472027 -0.189853
v -3.706211 -1.018402 -0.666486
v -3.802558 -1.022558 -0.440686
v -3.830581 -1.036311 -0.212942
v -3.686886 -0.638703 -0.684784
v -3.863411 -0.615712 -0.454761
v -3.876301 -0.618184 -0.187579
v -3.862883 -0.590822 0.275040
v -3.938993 -1.073387 0.255287
v -3.685132 -1.512287 0.236513
v -3.770820 -0.592619 0.546311
v -3.815871 -1.049740 0.547465
v -3.681796 -1.517015 0.529571
v -3.470182 -0.644638 0.759951
v -3.542457 -1.018127 0.779850
v -3.475708 -1.417258 0.800391
v -0.589444 -0.170737 0.204719
v -0.572248 -0.323915 0.303931
v -0.552495 -0.452076 0.353193
v -0.511665 -0.692708 0.447147
v -0.492252 -0.805687 0.486466
v -0.467991 -0.908485 0.531020
v -0.404408 -1.094893 0.658630
v -0.368819 -1.183671 0.735838
v -0.332936 -1.263492 0.825223
v -0.270335 -1.467151 0.949343
v -0.256498 -1.578140 0.962375
v -0.237227 -1.682633 0.996882
v -0.472175 -0.186165 -0.051794
v -0.353639 -0.331686 -0.063418
v -0.255706 -0.448857 -0.074360
v -0.083142 -0.685053 -0.102272
v -0.012333 -0.799099 -0.117973
v 0.047719 -0.907456 -0.131710
v 0.148924 -1.129441 -0.145164
v 0.152777 -1.249555 -0.131506
v 0.161666 -1.364687 -0.124923
v 0.159307 -1.591214 -0.126235
v 0.142682 -1.699539 -0.129736
v 0.100050 -1.823049 -0.125815
v -0.669944 -0.165573 -0.293221
v -0.660433 -0.289223 -0.384606
v -0.652171 -0.392475 -0.457297
v -0.681850 -0.631640 -0.554363
v -0.703755 -0.746691 -0.593427
v -0.726040 -0.855912 -0.636089
v -0.765801 -1.062070 -0.744488
v -0.783078 -1.161859 -0.807714
v -0.798308 -1.257285 -0.879941
v -0.833731 -1.458134 -1.001187
v -0.864377 -1.559073 -1.022920
v -0.891894 -1.665629 -1.053882
v -1.090709 -1.905794 -1.150212
v -1.267267 -1.922594 -1.153950
v -1.438394 -1.922986 -1.109302
v -1.783217 -1.927341 -1.067898
v -1.970523 -1.929727 -1.069105
v -2.151376 -1.894776 -0.986256
v -2.490922 -1.851331 -0.907040
v -2.646263 -1.851840 -0.925197
v -2.802368 -1.857404 -0.956560
v -3.101044 -1.856607 -1.011445
v -3.224835 -1.822209 -0.987669
v -3.331297 -1.785850 -0.968694
v -1.024035 -0.107703 -0.270719
v -1.225121 -0.159280 -0.333750
v -1.400535 -0.182103 -0.395555
v -1.733977 -0.188073 -0.554904
v -1.908465 -0.183648 -0.649600
v -2.098230 -0.232302 -0.660190
v -2.429423 -0.295302 -0.687302
v -2.578409 -0.307332 -0.724835
v -2.720881 -0.313066 -0.763492
v -2.992169 -0.314304 -0.857258
v -3.120102 -0.344917 -0.836657
v -3.221260 -0.370053 -0.821269
v -1.103475 0.000206 -0.122122
v -1.349575 0.024495 -0.087104
v -1.554850 0.075035 -0.071117
v -1.944915 0.191744 -0.047521
v -2.140833 0.167622 -0.029253
v -2.315169 0.124554 -0.015465
v -2.635022 0.078755 0.006097
v -2.788767 0.070717 0.018785
v -2.940650 0.094710 0.035364
v -3.252954 0.110839 0.090301
v -3.387944 0.032434 0.107733
v -3.514638 -0.042924 0.129819
v -3.361854 -0.342734 -0.807354
v -3.435900 -0.290667 -0.793166
v -3.509189 -0.239556 -0.774101
v -3.659408 -0.134012 -0.720306
v -3.730901 -0.089998 -0.662004
v -3.794782 -0.055400 -0.581445
v -3.869897 -0.021698 -0.369141
v -3.867772 -0.028507 -0.260343
v -3.844307 -0.047827 -0.163427
v -3.765742 -0.100424 -0.003742
v -3.717063 -0.129095 0.066496
v -3.665795 -0.155017 0.127168
v -0.395790 -1.967741 1.068194
v -0.587678 -1.983586 1.095936
v -0.790930 -1.979838 1.086447
v -1.204563 -1.900277 0.939914
v -1.402086 -1.865671 0.900395
v -1.596957 -1.874299 0.926899
v -2.011964 -1.914689 1.044769
v -2.215988 -1.929397 1.106007
v -2.399477 -1.898134 1.087167
v -2.709804 -1.809495 1.024403
v -2.832401 -1.753002 0.979453
v -2.935547 -1.695670 0.938838
v -0.834890 0.037180 0.111259
v -0.991883 0.028517 0.223764
v -1.142117 0.019952 0.299336
v -1.458046 -0.002062 0.441134
v -1.621077 -0.011062 0.513256
v -1.783538 -0.015563 0.592289
v -2.111762 -0.033356 0.750380
v -2.279782 -0.070844 0.797428
v -2.438898 -0.141579 0.782685
v -2.710417 -0.265552 0.762511
v -2.825802 -0.324805 0.749372
v -2.927932 -0.381013 0.737652
v -0.111153 -1.977022 0.969969
v -0.029114 -2.000587 0.905712
v 0.026946 -2.012616 0.838991
v 0.113700 -2.035383 0.683559
v 0.129657 -2.035835 0.600797
v 0.137693 -2.034771 0.526072
v 0.144567 -2.026857 0.393141
v 0.143331 -2.020187 0.326407
v 0.133340 -2.008858 0.257299
v 0.098991 -2.002203 0.114695
v 0.075337 -2.003694 0.045691
v 0.041526 -1.996784 -0.026807
v -3.740306 -0.275499 0.131805
v -3.810246 -0.382481 0.096918
v -3.852488 -0.493954 0.067083
v -3.882156 -0.721526 0.030144
v -3.884286 -0.833294 0.020385
v -3.881035 -0.943951 0.014988
v -3.860545 -1.178307 0.017651
v -3.791318 -1.285227 0.017231
v -3.722630 -1.382338 0.016612
v -3.595023 -1.590347 0.023161
v -3.512089 -1.698493 0.032349
v -3.418802 -1.829020 0.050184
v -3.463842 -1.814922 -0.900457
v -3.494470 -1.865052 -0.832654
v -3.514527 -1.901397 -0.760744
v -3.521688 -1.938956 -0.598168
v -3.506521 -1.937027 -0.523423
v -3.485157 -1.932150 -0.455571
v -3.439063 -1.926966 -0.330824
v -3.413655 -1.925425 -0.272148
v -3.388528 -1.925654 -0.215511
v -3.347047 -1.937256 -0.100248
v -3.322476 -1.941292 -0.038881
v -3.294831 -1.939254 0.020143
v -3.628313 -0.142393 0.144307
v -3.625620 -0.133978 0.177426
v -3.620811 -0.129788 0.223651
v -3.607181 -0.121777 0.341514
v -3.578465 -0.138902 0.402069
v -3.541432 -0.160025 0.465103
v -3.440975 -0.218656 0.584366
v -3.381195 -0.251095 0.630981
v -3.318817 -0.281324 0.672462
v -3.185401 -0.349916 0.708722
v -3.121070 -0.378668 0.724261
v -3.059192 -0.405817 0.730733
v -0.062717 -1.992606 -0.127185
v -0.109884 -2.005117 -0.191905
v -0.173532 -1.997980 -0.251222
v -0.307480 -1.959729 -0.337638
v -0.370735 -1.947315 -0.382297
v -0.429941 -1.943417 -0.432289
v -0.540099 -1.945642 -0.546391
v -0.590336 -1.953783 -0.612938
v -0.635908 -1.965687 -0.686291
v -0.736354 -1.963974 -0.833647
v -0.782534 -1.961219 -0.908870
v -0.840034 -1.940176 -0.996244
v -3.245010 -1.903100 0.101067
v -3.233509 -1.886572 0.149540
v -3.223581 -1.865179 0.198179
v -3.212784 -1.839524 0.303135
v -3.207395 -1.825998 0.356070
v -3.202745 -1.817794 0.410847
v -3.184569 -1.791297 0.520538
v -3.172966 -1.782274 0.577412
v -3.156289 -1.767910 0.633789
v -3.113461 -1.737185 0.749944
v -3.084925 -1.713980 0.808008
v -3.052718 -1.686374 0.864968
v -3.040593 -1.577832 0.937685
v -3.060413 -1.492001 0.931234
v -3.077326 -1.408184 0.906076
v -3.105481 -1.246880 0.844569
v -3.114053 -1.164836 0.814481
v -3.118645 -1.085383 0.782053
v -3.114514 -0.927540 0.733711
v -3.107365 -0.850084 0.720005
v -3.096311 -0.773045 0.718830
v -3.066818 -0.620368 0.724067
v -3.047376 -0.548907 0.732052
v -3.026580 -0.481631 0.735863
v -0.246159 -2.005951 -0.014462
v -0.436908 -2.009439 -0.006518
v -0.624586 -2.048715 -0.011269
v -1.026470 -2.171279 -0.010568
v -1.251147 -2.244023 -0.002436
v -1.481515 -2.271492 -0.001865
v -1.918512 -2.212414 0.000246
v -2.132977 -2.179897 0.008382
v -2.341390 -2.134166 0.005051
v -2.732686 -2.082889 0.018683
v -2.915994 -2.035320 0.041147
v -3.086725 -1.966913 0.053907
v -3.434590 -1.663205 -0.979976
v -3.452163 -1.577033 -1.002718
v -3.473094 -1.484027 -1.028674
v -3.468222 -1.289615 -0.957322
v -3.462184 -1.193918 -0.927497
v -3.451852 -1.101012 -0.892315
v -3.423637 -0.926068 -0.826424
v -3.409989 -0.840071 -0.813471
v -3.393613 -0.756201 -0.808247
v -3.355912 -0.592808 -0.811097
v -3.336863 -0.517290 -0.821206
v -3.315454 -0.446692 -0.824115
v -0.070860 -0.831293 0.362444
v -0.053749 -0.902999 0.427718
v -0.033842 -0.981374 0.486311
v 0.118930 -1.482301 0.590656
v 0.150991 -1.507352 0.519495
v 0.169656 -1.525555 0.453646
v 0.178775 -1.415477 0.162707
v 0.178449 -1.314643 0.159460
v 0.164558 -1.214365 0.158997
v 0.024956 -1.153289 0.587057
v 0.040768 -1.256670 0.612480
v 0.053500 -1.357130 0.635434
v 0.181442 -1.537370 0.340027
v 0.185541 -1.532764 0.284520
v 0.187211 -1.524370 0.226673
v 0.145215 -1.005549 0.181414
v 0.079863 -0.914861 0.213725
v 0.006383 -0.832004 0.254496
v 0.138646 -1.207513 0.381380
v 0.117203 -1.160235 0.432784
v 0.071658 -1.106327 0.492167
v 0.155187 -1.293725 0.357201
v 0.163488 -1.367779 0.368000
v 0.172974 -1.449908 0.380726
v 0.151821 -1.215839 0.317848
v 0.153206 -1.183785 0.272796
v 0.152584 -1.149312 0.220702
v -0.396799 -0.608261 0.368655
v -0.286650 -0.655802 0.345130
v -0.188208 -0.710037 0.320813
v -0.302372 -1.006008 0.590794
v -0.194659 -1.017864 0.583252
v -0.101324 -1.039883 0.565127
v -0.137818 -0.591426 0.059836
v -0.122401 -0.647434 0.151421
v -0.102873 -0.703318 0.222677
v 0.133051 -1.755793 0.762570
v 0.112707 -1.638291 0.728779
v 0.093206 -1.546402 0.694677
v 0.233163 -1.815876 0.451163
v 0.204263 -1.702496 0.429525
v 0.188742 -1.619890 0.411162
v -0.146296 -1.366214 0.869321
v -0.043575 -1.389314 0.810494
v 0.023784 -1.420363 0.738881
v 0.182776 -1.483272 -0.029375
v 0.193906 -1.492738 0.042237
v 0.194633 -1.503144 0.105782
v 0.160821 -1.014003 -0.034738
v 0.166014 -1.044481 0.046523
v 0.161552 -1.079170 0.105087
v 0.197252 -1.812688 0.173852
v 0.192157 -1.701630 0.173414
v 0.191628 -1.609635 0.170647
v -0.211664 -0.879772 -0.408745
v -0.155247 -0.960866 -0.402826
v -0.102243 -1.039013 -0.408316
v -0.071622 -1.548443 -0.438499
v -0.133631 -1.558484 -0.472270
v -0.186434 -1.567716 -0.516110
v -0.427432 -1.398277 -0.731049
v -0.393874 -1.289138 -0.718352
v -0.380172 -1.190522 -0.672519
v -0.017206 -1.209395 -0.422679
v 0.003431 -1.313702 -0.418542
v 0.006307 -1.424973 -0.412248
v -0.296059 -1.561663 -0.595656
v -0.349201 -1.547569 -0.641324
v -0.404142 -1.527269 -0.690630
v -0.352247 -1.025813 -0.570844
v -0.331586 -0.949228 -0.520789
v -0.305099 -0.873663 -0.471953
v -0.159507 -1.220616 -0.528969
v -0.132630 -1.188905 -0.493222
v -0.100011 -1.155723 -0.452350
v -0.176703 -1.305977 -0.564740
v -0.193581 -1.387312 -0.559481
v -0.213544 -1.474779 -0.558207
v -0.206759 -1.217610 -0.565909
v -0.252654 -1.182190 -0.579959
v -0.311957 -1.147691 -0.592477
v -0.208031 -0.616073 -0.220225
v -0.230566 -0.672008 -0.298286
v -0.250779 -0.731733 -0.359633
v 0.058313 -1.033146 -0.248016
v 0.021482 -1.058451 -0.315853
v -0.018978 -1.087814 -0.366655
v -0.511213 -0.566387 -0.482772
v -0.416834 -0.640243 -0.459110
v -0.339517 -0.715393 -0.443337
v -0.123651 -1.846401 -0.359198
v -0.075307 -1.731469 -0.375571
v -0.039440 -1.637253 -0.383677
v -0.386273 -1.834477 -0.523836
v -0.329332 -1.740972 -0.538720
v -0.282916 -1.658567 -0.546293
v 0.128802 -1.488615 -0.215551
v 0.094872 -1.503259 -0.287828
v 0.051964 -1.519972 -0.349807
v -0.667417 -1.401008 -0.910847
v -0.586617 -1.443919 -0.849783
v -0.523770 -1.474373 -0.795242
v -0.610785 -0.987242 -0.688144
v -0.508350 -1.022604 -0.679354
v -0.433818 -1.063665 -0.649482
v -0.585742 -1.803615 -0.777595
v -0.543906 -1.692272 -0.762040
v -0.506190 -1.599457 -0.747114
v -2.144262 0.082466 -0.400223
v -2.259304 0.049694 -0.450616
v -2.377306 0.021216 -0.496844
v -3.075874 0.043938 -0.650205
v -3.120145 0.094877 -0.585608
v -3.156706 0.131527 -0.509228
v -3.012302 0.119709 -0.143841
v -2.869544 0.093608 -0.157990
v -2.729374 0.079769 -0.170868
v -2.626384 -0.016890 -0.580048
v -2.756460 -0.024845 -0.617703
v -2.886414 -0.014527 -0.665749
v -3.192986 0.164883 -0.341954
v -3.191690 0.170149 -0.262324
v -3.180214 0.161160 -0.189507
v -2.455314 0.086378 -0.207555
v -2.317777 0.096274 -0.239699
v -2.178180 0.111046 -0.285766
v -2.702326 0.071170 -0.395221
v -2.640298 0.051671 -0.435456
v -2.572485 0.024177 -0.479594
v -2.821177 0.089619 -0.374922
v -2.924027 0.111770 -0.390328
v -3.044399 0.139917 -0.408827
v -2.717874 0.080419 -0.327657
v -2.677736 0.075055 -0.281227
v -2.634421 0.072920 -0.233515
v -1.655633 -0.102704 -0.438638
v -1.761874 -0.015259 -0.415653
v -1.886142 0.070897 -0.392507
v -2.315448 -0.196760 -0.634271
v -2.370624 -0.129092 -0.607768
v -2.431586 -0.062464 -0.581946
v -1.782048 0.121891 -0.130726
v -1.843424 0.131422 -0.206808
v -1.928957 0.135897 -0.280438
v -3.417239 -0.107177 -0.720896
v -3.291240 -0.080920 -0.709629
v -3.165298 -0.051277 -0.706914
v -3.580531 0.068449 -0.443090
v -3.442269 0.092598 -0.434727
v -3.317129 0.124422 -0.431598
v -2.887331 -0.230115 -0.798366
v -2.928391 -0.152530 -0.780597
v -2.976089 -0.078740 -0.752314
v -3.105680 0.110225 0.024253
v -3.123396 0.117911 -0.018297
v -3.143117 0.132696 -0.068619
v -2.492668 0.090263 -0.047995
v -2.518741 0.081932 -0.092930
v -2.552618 0.083110 -0.138978
v -3.581807 0.044884 -0.098508
v -3.441976 0.076365 -0.109820
v -3.310283 0.125866 -0.113771
v -2.105034 0.201511 0.192535
v -2.259985 0.173768 0.175631
v -2.400985 0.134828 0.168160
v -3.103821 0.106543 0.262019
v -3.100168 0.088760 0.315671
v -3.087877 0.070702 0.375542
v -2.732769 -0.000920 0.605547
v -2.611991 0.076908 0.587350
v -2.487239 0.123129 0.532358
v -2.678331 0.104563 0.167393
v -2.816588 0.103657 0.175201
v -2.956124 0.107879 0.189032
v -3.017766 0.010414 0.489881
v -2.967535 -0.015171 0.540249
v -2.910228 -0.041337 0.581629
v -2.252891 0.174862 0.412029
v -2.140807 0.200755 0.348398
v -2.035474 0.209236 0.280619
v -2.637068 0.130922 0.296320
v -2.605596 0.123887 0.251728
v -2.572046 0.119176 0.207669
v -2.732979 0.129363 0.354870
v -2.835973 0.118302 0.383701
v -2.947314 0.084683 0.410981
v -2.609088 0.136364 0.361653
v -2.537385 0.135368 0.394436
v -2.455660 0.138696 0.431268
v -1.758778 0.140444 0.013015
v -1.800642 0.152819 0.078165
v -1.860940 0.176256 0.142734
v -2.479629 0.105471 0.037370
v -2.492460 0.108191 0.079892
v -2.513355 0.112378 0.122348
v -1.473458 0.082492 0.254258
v -1.631600 0.113784 0.229765
v -1.786044 0.144044 0.220566
v -3.502534 -0.023376 0.271663
v -3.372337 0.038551 0.259845
v -3.240506 0.090011 0.241324
v -3.387340 -0.117568 0.502227
v -3.279281 -0.059054 0.479324
v -3.172574 -0.000309 0.461796
v -3.089116 0.100001 0.089756
v -3.089882 0.103992 0.124733
v -3.093490 0.108458 0.166504
v -2.659201 -0.128892 0.715685
v -2.725937 -0.102763 0.688813
v -2.787241 -0.085958 0.655084
v -2.061849 0.107561 0.591673
v -2.171113 0.156249 0.557466
v -2.273339 0.146005 0.511728
v -3.164062 -0.246370 0.675197
v -3.065870 -0.186459 0.651186
v -2.961679 -0.124104 0.637907
v -1.374862 -0.542020 0.570981
v -1.547662 -0.542358 0.618014
v -1.724167 -0.540131 0.678917
v -2.072846 -0.528202 0.869200
v -2.262460 -0.560823 0.839870
v -2.436255 -0.597045 0.800670
v -1.168182 -0.641037 0.599660
v -1.149976 -0.758937 0.618880
v -1.128775 -0.872113 0.644561
v -1.890086 -0.635082 0.792723
v -1.885429 -0.735721 0.826974
v -1.881488 -0.836614 0.867019
v -2.602932 -0.723683 0.760070
v -2.607385 -0.815209 0.760464
v -2.609760 -0.903692 0.776310
v -1.296040 -0.944764 0.785746
v -1.496360 -0.943218 0.811393
v -1.687918 -0.941391 0.852842
v -2.070015 -0.927711 0.990746
v -2.271429 -0.951167 0.937993
v -2.447231 -0.973038 0.872936
v -1.086852 -1.075605 0.741024
v -1.074273 -1.179556 0.803954
v -1.063788 -1.286166 0.870355
v -1.866667 -1.036471 0.977160
v -1.857354 -1.155095 1.003282
v -1.852060 -1.275396 0.989350
v -2.605001 -1.075209 0.850983
v -2.595040 -1.165542 0.889783
v -2.584112 -1.256080 0.931106
v -1.257924 -1.425105 0.874242
v -1.453381 -1.428348 0.875682
v -1.648046 -1.411278 0.916662
v -2.034711 -1.360809 1.061892
v -2.232571 -1.339058 1.108802
v -2.415965 -1.340821 1.041795
v -1.250898 -0.189639 0.467935
v -1.236652 -0.315360 0.482808
v -1.216411 -0.425430 0.516160
v -1.917699 -0.218954 0.715031
v -1.909678 -0.328552 0.728215
v -1.900626 -0.430694 0.747617
v -2.566838 -0.350812 0.782316
v -2.575116 -0.446142 0.769938
v -2.585073 -0.538055 0.765200
v -2.975501 -0.695942 0.709533
v -2.862605 -0.684479 0.707590
v -2.737051 -0.661204 0.727189
v -3.001299 -1.004761 0.733674
v -2.883067 -1.004917 0.720269
v -2.757078 -0.997563 0.756426
v -2.978849 -1.326438 0.885287
v -2.856162 -1.329743 0.906805
v -2.721865 -1.337121 0.936690
v -2.548604 -1.611206 1.125237
v -2.555374 -1.513107 1.075945
v -2.564111 -1.429175 1.025357
v -1.810006 -1.701061 0.987643
v -1.821500 -1.596547 0.977068
v -1.835232 -1.494532 0.971601
v -1.010179 -1.727191 0.974363
v -1.029927 -1.621697 0.944685
v -1.044911 -1.516088 0.922224
v -0.483347 -1.370828 0.895498
v -0.669465 -1.374455 0.895445
v -0.856829 -1.378186 0.915736
v -0.610846 -1.013699 0.568766
v -0.781717 -1.030477 0.535302
v -0.940313 -1.012432 0.584385
v -0.691242 -0.567243 0.430716
v -0.848381 -0.557478 0.474986
v -1.012448 -0.535852 0.528708
v -1.437329 -0.663099 -0.653218
v -1.450995 -0.777643 -0.661221
v -1.471241 -0.888755 -0.677871
v -1.513747 -1.107517 -0.720418
v -1.527611 -1.213141 -0.754561
v -1.544182 -1.305515 -0.819086
v -1.630758 -0.581063 -0.640396
v -1.820343 -0.601683 -0.661752
v -2.003036 -0.605453 -0.719657
v -1.685590 -1.032523 -0.647114
v -1.863127 -1.044050 -0.646730
v -2.028533 -1.023824 -0.740032
v -1.736332 -1.409323 -0.869857
v -1.913541 -1.410631 -0.890931
v -2.096616 -1.406081 -0.956354
v -2.190425 -0.704490 -0.771166
v -2.191262 -0.798495 -0.807152
v -2.198709 -0.900791 -0.820949
v -2.225851 -1.102353 -0.865074
v -2.241462 -1.203712 -0.913522
v -2.263396 -1.313620 -0.936482
v -2.375155 -0.633892 -0.736098
v -2.538237 -0.641456 -0.771394
v -2.693673 -0.644501 -0.806184
v -2.397849 -0.997759 -0.872799
v -2.571663 -0.999374 -0.891253
v -2.731843 -0.998253 -0.929168
v -2.458896 -1.436413 -0.915667
v -2.620983 -1.430712 -0.937187
v -2.778913 -1.419291 -0.975910
v -2.850898 -0.727886 -0.879642
v -2.864039 -0.816186 -0.902775
v -2.877654 -0.905078 -0.935819
v -2.905722 -1.092420 -1.013073
v -2.916378 -1.195518 -1.047771
v -2.923953 -1.305650 -1.037849
v -0.875590 -0.523473 -0.527724
v -1.066648 -0.545279 -0.535030
v -1.249753 -0.551463 -0.571580
v -0.935638 -0.960614 -0.684712
v -1.112669 -0.967713 -0.695581
v -1.294456 -0.967890 -0.732973
v -1.013911 -1.340821 -0.964303
v -1.197994 -1.349993 -0.967095
v -1.379936 -1.377690 -0.922888
v -1.601815 -1.679001 -1.107283
v -1.586360 -1.572814 -1.026753
v -1.572341 -1.485534 -0.957418
v -2.323997 -1.728049 -0.936317
v -2.314009 -1.631068 -0.919630
v -2.301932 -1.534488 -0.916698
v -2.941563 -1.689496 -1.019392
v -2.937075 -1.593141 -1.022139
v -2.933644 -1.503939 -1.026648
v -3.350842 -1.382611 -1.034837
v -3.224414 -1.389170 -1.071208
v -3.082065 -1.396519 -1.075864
v -3.321956 -1.012897 -0.887944
v -3.192245 -1.010618 -0.921471
v -3.050894 -1.000459 -0.969652
v -3.261545 -0.669222 -0.835942
v -3.135437 -0.658347 -0.864760
v -2.990754 -0.641905 -0.905494
v -2.840468 -0.396483 -0.819371
v -2.834617 -0.478237 -0.829263
v -2.834503 -0.559305 -0.844455
v -2.236747 -0.353299 -0.687852
v -2.214925 -0.439186 -0.700388
v -2.200758 -0.525807 -0.718105
v -1.509385 -0.283198 -0.496418
v -1.471786 -0.374064 -0.528310
v -1.447725 -0.463431 -0.571697
v -1.141959 -2.076710 0.694065
v -1.355136 -2.021644 0.693531
v -1.563673 -2.013994 0.688095
v -1.994486 -2.115309 0.694758
v -2.208904 -2.132719 0.697679
v -2.403034 -2.093506 0.694512
v -0.891319 -2.172864 0.630937
v -0.873662 -2.181387 0.567315
v -0.856702 -2.173121 0.505428
v -1.768808 -2.078066 0.633698
v -1.760835 -2.094954 0.576923
v -1.751694 -2.116153 0.521977
v -2.585555 -2.061929 0.636406
v -2.583801 -2.068087 0.578014
v -2.583508 -2.081384 0.521788
v -1.080524 -2.174010 0.461705
v -1.308073 -2.118530 0.467564
v -1.525550 -2.110640 0.468926
v -1.966382 -2.176192 0.463993
v -2.183786 -2.164431 0.462251
v -2.384607 -2.123738 0.462868
v -0.828148 -2.138793 0.393558
v -0.815398 -2.129945 0.337580
v -0.805845 -2.124244 0.279630
v -1.733049 -2.154365 0.411658
v -1.723906 -2.171144 0.354960
v -1.714985 -2.191977 0.300206
v -2.576867 -2.102927 0.408562
v -2.569336 -2.107527 0.352327
v -2.563669 -2.118784 0.297981
v -1.029505 -2.221606 0.227779
v -1.265060 -2.222778 0.239979
v -1.488433 -2.206739 0.246770
v -1.932458 -2.247236 0.244300
v -2.153929 -2.223565 0.245277
v -2.357845 -2.169762 0.243611
v -0.978155 -2.065896 0.867262
v -0.957365 -2.101052 0.797510
v -0.934773 -2.130308 0.745956
v -1.800950 -2.004551 0.860322
v -1.792098 -2.027357 0.794928
v -1.784656 -2.042222 0.744069
v -2.582275 -2.011248 0.888490
v -2.582441 -2.029126 0.809694
v -2.584467 -2.042120 0.754943
v -3.013623 -1.813583 0.676317
v -2.889555 -1.891533 0.678152
v -2.748057 -1.969802 0.686237
v -3.051432 -1.847593 0.457895
v -2.904968 -1.905850 0.456739
v -2.755337 -1.995281 0.460548
v -3.062726 -1.894522 0.245633
v -2.907621 -1.959577 0.244760
v -2.747131 -2.048352 0.245706
v -2.540764 -2.123867 0.056888
v -2.548573 -2.139378 0.120409
v -2.554808 -2.144572 0.183935
v -1.698959 -2.241949 0.055607
v -1.701349 -2.261776 0.119976
v -1.702755 -2.238784 0.186054
v -0.808189 -2.113766 0.043167
v -0.802749 -2.127144 0.103871
v -0.800153 -2.121630 0.164508
v -0.178098 -1.999742 0.214781
v -0.386130 -1.970808 0.221280
v -0.591030 -2.022629 0.221474
v -0.184245 -2.037999 0.437952
v -0.402038 -2.022962 0.437195
v -0.614505 -2.072833 0.440611
v -0.247300 -2.096503 0.669680
v -0.466528 -2.088556 0.669115
v -0.681235 -2.142354 0.679478
v -1.198108 -2.202227 -0.227770
v -1.421076 -2.226997 -0.225911
v -1.635421 -2.174322 -0.225887
v -2.055991 -2.154559 -0.217919
v -2.258213 -2.073808 -0.215898
v -2.453386 -2.038899 -0.219326
v -1.038980 -2.136133 -0.287044
v -1.094187 -2.152150 -0.344302
v -1.149481 -2.177524 -0.400581
v -1.884624 -2.138339 -0.282810
v -1.928746 -2.123617 -0.336557
v -1.974279 -2.116914 -0.390875
v -2.669005 -2.006714 -0.270748
v -2.699917 -2.000932 -0.329418
v -2.731546 -1.990261 -0.385190
v -1.417184 -2.186184 -0.452641
v -1.618409 -2.135074 -0.452653
v -1.815702 -2.109625 -0.450767
v -2.222538 -2.042969 -0.446567
v -2.407581 -1.974112 -0.449988
v -2.586084 -1.960869 -0.449143
v -1.264698 -2.223002 -0.518234
v -1.323943 -2.200695 -0.579929
v -1.380057 -2.179149 -0.643906
v -2.067401 -2.105390 -0.506257
v -2.112926 -2.081165 -0.565821
v -2.156050 -2.054528 -0.622469
v -2.794470 -1.986159 -0.495782
v -2.825687 -1.984033 -0.550848
v -2.854354 -1.986991 -0.607933
v -1.620262 -2.120485 -0.699601
v -1.806829 -2.101070 -0.693662
v -2.003057 -2.108264 -0.692666
v -2.375505 -1.951408 -0.668440
v -2.542183 -1.919325 -0.662266
v -2.709881 -1.952036 -0.664821
v -0.856394 -2.092276 -0.067561
v -0.899929 -2.092881 -0.121637
v -0.943743 -2.102285 -0.176075
v -1.730765 -2.200380 -0.051393
v -1.766376 -2.181210 -0.107201
v -1.803539 -2.168432 -0.165776
v -2.559096 -2.081932 -0.042457
v -2.585086 -2.063447 -0.098871
v -2.611365 -2.041568 -0.156548
v -3.199207 -2.041579 -0.164590
v -3.003052 -2.039403 -0.187113
v -2.820925 -2.033596 -0.203796
v -3.309785 -2.053682 -0.398691
v -3.116462 -2.049129 -0.416667
v -2.940048 -2.021966 -0.428650
v -3.370454 -2.001041 -0.677355
v -3.213172 -2.046441 -0.677491
v -3.045876 -2.025515 -0.670778
v -2.947178 -1.956012 -0.858400
v -2.926368 -1.977666 -0.782213
v -2.904530 -1.984689 -0.726212
v -2.304408 -1.956697 -0.851573
v -2.270642 -1.982434 -0.784733
v -2.235246 -2.004396 -0.734767
v -1.574025 -2.090915 -0.934014
v -1.529225 -2.126352 -0.834168
v -1.481226 -2.138303 -0.774034
v -0.876014 -2.084225 -0.715168
v -1.053426 -2.158436 -0.717885
v -1.239028 -2.210200 -0.726328
v -0.663096 -1.994755 -0.451977
v -0.837466 -2.047277 -0.451574
v -1.013731 -2.120589 -0.456140
v -0.446553 -1.984743 -0.237150
v -0.623932 -1.992812 -0.232151
v -0.800081 -2.041593 -0.232470
v -3.810819 -1.475874 -0.642701
v -3.806294 -1.482798 -0.554200
v -3.788855 -1.483452 -0.478412
v -3.739388 -1.475131 -0.354422
v -3.718816 -1.471843 -0.298543
v -3.704923 -1.472388 -0.242983
v -3.768368 -1.334863 -0.723921
v -3.753157 -1.222067 -0.709298
v -3.730155 -1.117198 -0.688722
v -3.825533 -1.370929 -0.421740
v -3.828610 -1.243190 -0.432891
v -3.815029 -1.128821 -0.438547
v -3.753895 -1.376237 -0.192226
v -3.825002 -1.271423 -0.195223
v -3.829482 -1.146061 -0.207145
v -3.750484 -1.018106 -0.615221
v -3.777958 -1.019233 -0.556698
v -3.794634 -1.020579 -0.498123
v -3.807941 -1.024943 -0.384549
v -3.813274 -1.027914 -0.327885
v -3.821377 -1.031776 -0.270598
v -3.691166 -0.922986 -0.652462
v -3.684447 -0.829593 -0.650192
v -3.683408 -0.734582 -0.660047
v -3.799885 -0.921909 -0.441790
v -3.816979 -0.823107 -0.445110
v -3.836202 -0.720593 -0.448297
v -3.833528 -0.931737 -0.213463
v -3.850130 -0.829135 -0.210555
v -3.860137 -0.723834 -0.201623
v -3.744061 -0.628155 -0.635151
v -3.797913 -0.621959 -0.583531
v -3.837029 -0.617706 -0.521364
v -3.874774 -0.614542 -0.385744
v -3.877134 -0.614640 -0.318282
v -3.877459 -0.616280 -0.252474
v -3.634880 -1.806226 -0.686411
v -3.703671 -1.689377 -0.701377
v -3.757084 -1.580783 -0.721978
v -3.571538 -1.802683 -0.392884
v -3.640989 -1.683918 -0.400754
v -3.703952 -1.581109 -0.406517
v -3.475310 -1.792227 -0.167604
v -3.560561 -1.676454 -0.175986
v -3.624229 -1.568853 -0.185828
v -3.662792 -1.479007 -0.032918
v -3.669582 -1.475616 -0.085158
v -3.678159 -1.472907 -0.137487
v -3.863522 -1.051037 -0.041440
v -3.848537 -1.045879 -0.097600
v -3.837054 -1.040955 -0.154887
v -3.872240 -0.614175 -0.005917
v -3.867462 -0.618112 -0.062826
v -3.872112 -0.619023 -0.123917
v -3.904423 -0.287481 -0.099635
v -3.903531 -0.408264 -0.136728
v -3.888141 -0.512336 -0.167044
v -3.934502 -0.274220 -0.485518
v -3.909738 -0.401934 -0.471691
v -3.881382 -0.507478 -0.460433
v -3.654458 -0.343820 -0.755510
v -3.670946 -0.446873 -0.729055
v -3.679796 -0.541313 -0.703638
v -3.471612 -0.669041 -0.781772
v -3.548509 -0.659940 -0.747941
v -3.619387 -0.649556 -0.719772
v -3.529908 -1.014091 -0.809949
v -3.600482 -1.015141 -0.764158
v -3.658031 -1.016583 -0.717556
v -3.582201 -1.396804 -0.942406
v -3.667166 -1.415456 -0.883977
v -3.726449 -1.436324 -0.811642
v -3.895981 -0.704571 0.271174
v -3.917792 -0.821468 0.265833
v -3.947786 -0.942284 0.261896
v -3.879816 -1.191488 0.247693
v -3.818284 -1.299136 0.242152
v -3.756787 -1.407238 0.237772
v -3.847916 -0.590860 0.334602
v -3.828874 -0.590948 0.399828
v -3.798322 -0.593433 0.467987
v -3.938533 -1.070177 0.331708
v -3.904824 -1.062691 0.407333
v -3.858691 -1.055583 0.477074
v -3.692449 -1.518353 0.298712
v -3.697861 -1.523408 0.367160
v -3.699281 -1.526438 0.446323
v -3.809556 -0.702911 0.551950
v -3.837560 -0.819068 0.561562
v -3.827927 -0.937194 0.553454
v -3.789167 -1.159150 0.536152
v -3.769265 -1.274205 0.537400
v -3.731820 -1.392122 0.532672
v -3.730154 -0.592326 0.635904
v -3.646066 -0.608798 0.692908
v -3.560700 -0.625864 0.733763
v -3.763404 -1.042964 0.614863
v -3.700818 -1.035831 0.676833
v -3.627423 -1.027599 0.730021
v -3.641166 -1.492941 0.600630
v -3.595979 -1.469193 0.668432
v -3.543244 -1.444977 0.736378
v -3.498947 -0.734507 0.766609
v -3.521061 -0.827041 0.773836
v -3.537766 -0.921860 0.782602
v -3.535556 -1.114073 0.775839
v -3.523281 -1.210785 0.780206
v -3.504569 -1.311456 0.790395
v -3.879769 -0.600667 0.095108
v -3.886672 -0.593008 0.152434
v -3.879351 -0.590018 0.215609
v -3.895748 -1.062718 0.068450
v -3.912215 -1.067959 0.125914
v -3.932130 -1.072823 0.186835
v -3.664824 -1.491871 0.067959
v -3.669721 -1.498307 0.121308
v -3.678939 -1.506654 0.177303
v -3.366399 -1.799028 0.249991
v -3.512530 -1.735413 0.247576
v -3.601643 -1.615829 0.239977
v -3.331208 -1.752419 0.477594
v -3.458991 -1.691073 0.493337
v -3.591023 -1.628662 0.518292
v -3.243330 -1.681761 0.714081
v -3.341865 -1.614680 0.753848
v -3.425524 -1.526490 0.792720
v -3.198579 -1.338028 0.871035
v -3.295370 -1.358253 0.854883
v -3.385829 -1.384430 0.831419
v -3.228874 -1.005608 0.780549
v -3.334708 -1.006048 0.798223
v -3.438113 -1.010748 0.794055
v -3.184414 -0.689481 0.746554
v -3.282596 -0.678308 0.755798
v -3.376490 -0.663661 0.761636
v -3.326380 -0.392528 0.720527
v -3.384745 -0.475340 0.732026
v -3.431952 -0.558759 0.744805
v -3.591204 -0.277172 0.545168
v -3.676931 -0.371827 0.557420
v -3.734874 -0.480109 0.553061
v -3.715959 -0.237092 0.285374
v -3.784326 -0.357781 0.286639
v -3.823400 -0.477910 0.279378
v 0.018339 -0.890527 0.321453
v 0.038754 -0.948703 0.389010
v 0.062407 -1.018135 0.451026
v 0.096689 -0.961318 0.279706
v 0.116983 -1.012991 0.342566
v 0.121753 -1.082327 0.395766
v 0.144815 -1.051703 0.242357
v 0.144108 -1.100993 0.297160
v 0.140597 -1.152010 0.344963
v 0.103993 -1.388865 0.567726
v 0.135591 -1.418222 0.498554
v 0.158245 -1.439188 0.436018
v 0.091346 -1.294586 0.545883
v 0.129422 -1.328210 0.481002
v 0.149917 -1.354894 0.420035
v 0.079142 -1.200650 0.520850
v 0.123646 -1.241122 0.461088
v 0.141165 -1.276306 0.403596
v 0.181437 -1.430235 0.219529
v 0.179044 -1.335046 0.215094
v 0.164442 -1.240934 0.214356
v 0.180522 -1.442768 0.274807
v 0.176666 -1.353239 0.267865
v 0.165151 -1.266221 0.265752
v 0.181551 -1.450073 0.328478
v 0.174435 -1.365564 0.318975
v 0.166922 -1.286445 0.313391
v -0.443871 -0.264401 0.151424
v -0.431766 -0.387200 0.250349
v -0.416519 -0.500568 0.309007
v -0.335950 -0.382200 0.112345
v -0.321666 -0.472954 0.211391
v -0.306808 -0.566372 0.276789
v -0.236214 -0.487460 0.086935
v -0.221952 -0.559346 0.182486
v -0.203584 -0.631436 0.253800
v -0.376073 -0.711003 0.432381
v -0.357722 -0.816525 0.479918
v -0.332966 -0.912554 0.534272
v -0.269119 -0.749331 0.407608
v -0.248010 -0.837996 0.471068
v -0.224706 -0.929332 0.526454
v -0.172680 -0.791577 0.385224
v -0.151276 -0.868770 0.453154
v -0.130056 -0.954825 0.509233
v -0.046270 -0.697175 0.029954
v -0.031516 -0.741632 0.116811
v -0.017119 -0.788969 0.182786
v 0.026043 -0.807146 0.002699
v 0.042455 -0.841310 0.084331
v 0.060915 -0.876169 0.147615
v 0.087282 -0.913213 -0.017762
v 0.110003 -0.939028 0.060520
v 0.127146 -0.970927 0.119810
v -0.100904 -1.695891 0.935114
v -0.003845 -1.714020 0.885943
v 0.068498 -1.733988 0.830892
v -0.116552 -1.585037 0.913496
v -0.020563 -1.600055 0.857793
v 0.052294 -1.617042 0.800824
v -0.127348 -1.479550 0.897233
v -0.027358 -1.496069 0.839887
v 0.039202 -1.518897 0.772093
v 0.184586 -1.777793 0.682209
v 0.215023 -1.796974 0.598541
v 0.229740 -1.809841 0.520927
v 0.153565 -1.662356 0.645219
v 0.185036 -1.680348 0.567332
v 0.205546 -1.692801 0.495314
v 0.136776 -1.572818 0.616623
v 0.161165 -1.596259 0.541064
v 0.185074 -1.610230 0.473451
v -0.181948 -1.264005 0.810469
v -0.068375 -1.280549 0.775067
v 0.000080 -1.320571 0.705173
v -0.225600 -1.175208 0.735507
v -0.114324 -1.191511 0.710344
v -0.024131 -1.215376 0.676519
v -0.265837 -1.091175 0.661010
v -0.157704 -1.104405 0.645168
v -0.059301 -1.119383 0.630906
v 0.135212 -1.814112 -0.048701
v 0.177308 -1.696100 -0.046795
v 0.177595 -1.590958 -0.034569
v 0.162543 -1.810286 0.028172
v 0.186228 -1.696190 0.031333
v 0.191186 -1.596378 0.038868
v 0.183919 -1.810880 0.098995
v 0.184698 -1.698543 0.103122
v 0.192730 -1.603002 0.105173
v 0.172384 -1.371015 -0.026764
v 0.170890 -1.256991 -0.028251
v 0.173574 -1.140423 -0.032918
v 0.181762 -1.384477 0.044074
v 0.174129 -1.274740 0.044171
v 0.173188 -1.163811 0.044312
v 0.186199 -1.399513 0.104495
v 0.173600 -1.294469 0.102329
v 0.169452 -1.188529 0.102282
v 0.207063 -1.814826 0.248189
v 0.193125 -1.705108 0.242228
v 0.184108 -1.616732 0.234371
v 0.213070 -1.816220 0.318774
v 0.196207 -1.707142 0.307075
v 0.188483 -1.621054 0.295357
v 0.221005 -1.816831 0.385684
v 0.202437 -1.706283 0.368803
v 0.189274 -1.622773 0.353820
v -0.241116 -0.940760 -0.461101
v -0.186970 -1.011185 -0.451604
v -0.138407 -1.081534 -0.451240
v -0.271497 -1.007402 -0.504057
v -0.219251 -1.067238 -0.491001
v -0.171343 -1.126013 -0.488828
v -0.293885 -1.075173 -0.549142
v -0.240945 -1.122732 -0.534546
v -0.195935 -1.169486 -0.525933
v -0.057211 -1.443159 -0.445536
v -0.109927 -1.460350 -0.485573
v -0.163098 -1.471378 -0.521006
v -0.047851 -1.340257 -0.459699
v -0.100712 -1.363731 -0.492580
v -0.149851 -1.380613 -0.524631
v -0.060561 -1.238816 -0.464234
v -0.099291 -1.267295 -0.504982
v -0.140959 -1.294113 -0.534131
v -0.370191 -1.426907 -0.681951
v -0.334528 -1.324979 -0.679957
v -0.315197 -1.224793 -0.649947
v -0.314466 -1.451404 -0.638723
v -0.279708 -1.357501 -0.642623
v -0.254847 -1.258396 -0.629161
v -0.264576 -1.467490 -0.595025
v -0.236151 -1.379112 -0.597441
v -0.210690 -1.290681 -0.598731
v -0.499808 -0.278303 -0.240664
v -0.387639 -0.397381 -0.228288
v -0.297949 -0.508442 -0.221125
v -0.502750 -0.378690 -0.335589
v -0.405887 -0.482679 -0.310294
v -0.318019 -0.577104 -0.301435
v -0.505045 -0.471718 -0.405676
v -0.411001 -0.559482 -0.380224
v -0.326422 -0.641167 -0.371434
v -0.126562 -0.724259 -0.223346
v -0.058303 -0.831318 -0.228444
v -0.004868 -0.937085 -0.232458
v -0.155316 -0.772059 -0.295361
v -0.089500 -0.870341 -0.297491
v -0.036015 -0.967649 -0.301452
v -0.179089 -0.821387 -0.355989
v -0.119973 -0.913088 -0.352923
v -0.067776 -1.001711 -0.356922
v -0.533864 -0.673745 -0.544929
v -0.438763 -0.736531 -0.523173
v -0.369435 -0.805188 -0.494535
v -0.563223 -0.783699 -0.588337
v -0.463591 -0.833066 -0.576578
v -0.396382 -0.892696 -0.542030
v -0.588552 -0.886140 -0.638213
v -0.485974 -0.927039 -0.629820
v -0.416249 -0.977879 -0.595434
v 0.052289 -1.832958 -0.186702
v 0.004780 -1.840103 -0.248529
v -0.049589 -1.847207 -0.313481
v 0.090887 -1.707668 -0.204025
v 0.043854 -1.716392 -0.265222
v -0.007326 -1.723713 -0.325963
v 0.120822 -1.602543 -0.214795
v 0.071841 -1.615535 -0.275894
v 0.025227 -1.626858 -0.335783
v -0.194458 -1.843447 -0.396258
v -0.261354 -1.841558 -0.436008
v -0.324396 -1.839978 -0.479667
v -0.142643 -1.736903 -0.414858
v -0.208635 -1.740152 -0.452975
v -0.269905 -1.742657 -0.495554
v -0.104465 -1.646168 -0.423158
v -0.164806 -1.654701 -0.465054
v -0.224540 -1.659407 -0.505502
v 0.120218 -1.374287 -0.217383
v 0.093839 -1.387588 -0.291118
v 0.063148 -1.404486 -0.360825
v 0.111880 -1.261361 -0.228248
v 0.083605 -1.275682 -0.299704
v 0.053579 -1.290996 -0.367791
v 0.106477 -1.142690 -0.249193
v 0.070970 -1.160368 -0.320106
v 0.032783 -1.181209 -0.378425
v -0.759757 -1.723041 -0.980141
v -0.733474 -1.608113 -0.947996
v -0.699391 -1.510936 -0.929209
v -0.688835 -1.760187 -0.911500
v -0.657827 -1.643371 -0.883030
v -0.624683 -1.547719 -0.862501
v -0.637456 -1.783374 -0.844550
v -0.601243 -1.668847 -0.821984
v -0.563422 -1.574933 -0.806555
v -0.652090 -1.291740 -0.861881
v -0.642100 -1.187922 -0.800042
v -0.628827 -1.088465 -0.739463
v -0.558239 -1.329712 -0.828528
v -0.537476 -1.216800 -0.792802
v -0.527158 -1.118832 -0.730204
v -0.492506 -1.366054 -0.776888
v -0.458222 -1.251353 -0.762515
v -0.443848 -1.150450 -0.710604
v -0.535797 -1.818673 -0.708327
v -0.489642 -1.711674 -0.700328
v -0.450449 -1.620888 -0.689453
v -0.491157 -1.825414 -0.638362
v -0.437889 -1.725796 -0.640673
v -0.394634 -1.638678 -0.637329
v -0.440184 -1.831207 -0.577999
v -0.384775 -1.735579 -0.586757
v -0.338823 -1.651706 -0.590031
v -2.266779 0.086684 -0.339557
v -2.361544 0.058937 -0.388140
v -2.463421 0.033956 -0.433276
v -2.388040 0.082423 -0.291773
v -2.464595 0.073017 -0.343307
v -2.547596 0.055840 -0.389876
v -2.510426 0.080837 -0.257114
v -2.569030 0.072921 -0.305304
v -2.631255 0.067509 -0.352232
v -2.936518 0.044281 -0.614295
v -2.981960 0.088764 -0.552333
v -3.020103 0.117661 -0.482411
v -2.809344 0.027095 -0.567377
v -2.857506 0.068596 -0.513171
v -2.898651 0.094624 -0.453618
v -2.688266 0.021585 -0.524269
v -2.744801 0.052047 -0.474985
v -2.793074 0.074729 -0.426533
v -3.032331 0.130678 -0.200336
v -2.895308 0.101784 -0.209243
v -2.762028 0.087936 -0.219119
v -3.048292 0.135006 -0.263522
v -2.916624 0.111416 -0.264613
v -2.793347 0.090233 -0.268995
v -3.053786 0.140123 -0.333156
v -2.929008 0.114737 -0.325080
v -2.816876 0.094791 -0.320555
v -1.206454 -0.052001 -0.208137
v -1.354556 -0.087681 -0.281100
v -1.503249 -0.097185 -0.360191
v -1.406849 -0.004277 -0.168960
v -1.507346 -0.010220 -0.253313
v -1.629683 -0.017359 -0.332041
v -1.594074 0.065358 -0.150638
v -1.671401 0.060840 -0.228510
v -1.771243 0.060704 -0.307219
v -1.809098 -0.093462 -0.531781
v -1.979854 -0.105221 -0.607301
v -2.154519 -0.159315 -0.617360
v -1.903642 -0.003612 -0.512375
v -2.065530 -0.044874 -0.559828
v -2.221367 -0.093954 -0.581730
v -2.018387 0.060681 -0.468769
v -2.159148 0.009648 -0.509250
v -2.295369 -0.029826 -0.548169
v -1.972468 0.186765 -0.113288
v -2.026853 0.171322 -0.175205
v -2.097017 0.137338 -0.230167
v -2.162458 0.153355 -0.082540
v -2.203093 0.134268 -0.136242
v -2.255039 0.111544 -0.187843
v -2.331794 0.113730 -0.062349
v -2.364078 0.102796 -0.110679
v -2.405010 0.085997 -0.157990
v -3.257041 -0.302142 -0.805474
v -3.308882 -0.238349 -0.778401
v -3.363591 -0.171988 -0.756664
v -3.150268 -0.273785 -0.813478
v -3.193625 -0.207516 -0.783756
v -3.242265 -0.142317 -0.752859
v -3.025060 -0.241776 -0.824390
v -3.068395 -0.174920 -0.791914
v -3.116664 -0.110829 -0.755102
v -3.468042 -0.049048 -0.668532
v -3.512789 -0.003952 -0.601087
v -3.550163 0.032852 -0.525459
v -3.338480 -0.022182 -0.657728
v -3.381249 0.028929 -0.594023
v -3.415904 0.063951 -0.517313
v -3.212897 0.007638 -0.655010
v -3.256189 0.058823 -0.590979
v -3.291830 0.098151 -0.515342
v -2.752107 -0.233051 -0.746044
v -2.791358 -0.157273 -0.727329
v -2.838427 -0.088279 -0.697447
v -2.614064 -0.230574 -0.699499
v -2.656841 -0.159555 -0.676842
v -2.704987 -0.092406 -0.651072
v -2.468704 -0.219730 -0.661791
v -2.515763 -0.149316 -0.641111
v -2.569164 -0.085232 -0.612539
v -3.521725 -0.033065 0.111811
v -3.395883 0.034344 0.078583
v -3.263499 0.110741 0.058287
v -3.539450 -0.009049 0.048354
v -3.409553 0.045328 0.025452
v -3.278886 0.118209 0.011936
v -3.561592 0.018829 -0.023757
v -3.425708 0.059688 -0.040135
v -3.294782 0.121676 -0.047513
v -2.952449 0.096629 -0.001431
v -2.801033 0.072276 -0.020675
v -2.647788 0.072909 -0.034833
v -2.970323 0.101189 -0.044093
v -2.820702 0.077244 -0.064040
v -2.670140 0.074966 -0.078490
v -2.990408 0.112431 -0.091549
v -2.844443 0.081797 -0.110181
v -2.698107 0.074543 -0.124143
v -3.597210 0.069186 -0.176927
v -3.455326 0.094420 -0.183649
v -3.323631 0.132718 -0.185100
v -3.602082 0.079132 -0.262848
v -3.461667 0.108099 -0.263368
v -3.330887 0.135879 -0.262511
v -3.596345 0.077099 -0.351825
v -3.457193 0.105793 -0.347868
v -3.329705 0.135194 -0.345174
v -2.181630 0.195517 0.251515
v -2.317002 0.168476 0.228392
v -2.443812 0.132020 0.214734
v -2.265982 0.182767 0.312573
v -2.381232 0.158085 0.283291
v -2.492476 0.133287 0.262923
v -2.356734 0.161870 0.373428
v -2.453280 0.141439 0.339351
v -2.545233 0.131256 0.312658
v -2.965518 0.109984 0.235734
v -2.972194 0.113209 0.288253
v -2.969002 0.108878 0.349019
v -2.831552 0.111709 0.218188
v -2.843846 0.112921 0.265289
v -2.848176 0.116723 0.320591
v -2.700861 0.111377 0.209303
v -2.722605 0.119101 0.252464
v -2.738007 0.126243 0.300139
v -2.799452 0.022617 0.570448
v -2.682774 0.093259 0.546902
v -2.563875 0.123168 0.489246
v -2.859847 0.044787 0.526013
v -2.747918 0.108817 0.501372
v -2.634664 0.126801 0.447274
v -2.909717 0.063464 0.470858
v -2.800744 0.113405 0.445105
v -2.694252 0.126187 0.404601
v -1.132598 0.042248 -0.003472
v -1.363641 0.056743 -0.000007
v -1.565831 0.094047 0.007451
v -1.228921 0.063448 0.091066
v -1.430616 0.073432 0.078647
v -1.617290 0.110783 0.078713
v -1.345200 0.069114 0.171188
v -1.521654 0.100325 0.151651
v -1.691844 0.132294 0.147516
v -1.952647 0.197818 0.015432
v -2.145497 0.173035 0.022848
v -2.318074 0.131997 0.030987
v -1.987213 0.207291 0.073193
v -2.170728 0.170425 0.073058
v -2.336711 0.137559 0.076261
v -2.039485 0.220387 0.132514
v -2.210445 0.172688 0.124062
v -2.364500 0.135140 0.122198
v -1.614197 0.080825 0.335333
v -1.753664 0.126385 0.309866
v -1.891473 0.163517 0.298006
v -1.758170 0.095256 0.421077
v -1.883954 0.141459 0.393065
v -2.008441 0.185124 0.379702
v -1.909082 0.100159 0.504803
v -2.023323 0.150140 0.476459
v -2.139191 0.189017 0.454854
v -3.512716 -0.040832 0.137604
v -3.509695 -0.036458 0.170538
v -3.508265 -0.028936 0.215604
v -3.385893 0.038637 0.128577
v -3.385317 0.045794 0.160766
v -3.383525 0.052440 0.208496
v -3.247359 0.108457 0.114939
v -3.246722 0.111307 0.146830
v -3.245818 0.108871 0.192767
v -3.483462 -0.038970 0.328221
v -3.459929 -0.058999 0.385499
v -3.428663 -0.085737 0.443748
v -3.359262 0.022001 0.312166
v -3.341283 -0.001174 0.363597
v -3.317896 -0.021542 0.424264
v -3.235137 0.072410 0.290674
v -3.222688 0.047830 0.341507
v -3.204312 0.028848 0.401134
v -2.937732 0.093236 0.069872
v -2.940904 0.096561 0.106888
v -2.947475 0.100507 0.146921
v -2.786629 0.076824 0.056280
v -2.792464 0.085051 0.094834
v -2.803000 0.094472 0.134489
v -2.634433 0.082172 0.045991
v -2.643604 0.090463 0.085544
v -2.658750 0.098279 0.126297
v -2.984701 -0.338062 0.723441
v -2.889754 -0.269636 0.720919
v -2.782209 -0.197441 0.724536
v -3.042125 -0.310045 0.709647
v -2.947757 -0.242726 0.701096
v -2.841602 -0.175162 0.692710
v -3.102551 -0.279039 0.694852
v -3.006157 -0.216518 0.676055
v -2.901896 -0.149834 0.670014
v -2.526818 -0.054720 0.710903
v -2.381798 0.026232 0.699595
v -2.223726 0.092464 0.665860
v -2.597881 -0.034874 0.671620
v -2.464248 0.049084 0.657263
v -2.321165 0.110406 0.611449
v -2.663982 -0.023322 0.634582
v -2.539543 0.064114 0.626190
v -2.406034 0.115563 0.572465
v -3.225994 -0.210947 0.648586
v -3.125673 -0.153123 0.622538
v -3.020208 -0.097414 0.600998
v -3.284479 -0.179737 0.606816
v -3.181098 -0.124923 0.578891
v -3.076336 -0.068211 0.560552
v -3.338553 -0.148909 0.557730
v -3.232933 -0.093738 0.531600
v -3.128907 -0.033151 0.516926
v -1.358782 -0.650448 0.599748
v -1.535317 -0.645571 0.649428
v -1.714551 -0.642921 0.708707
v -1.339665 -0.752561 0.650022
v -1.525342 -0.749802 0.684284
v -1.705714 -0.743382 0.747537
v -1.320203 -0.853179 0.708018
v -1.512064 -0.848504 0.740550
v -1.696164 -0.841404 0.798559
v -2.074153 -0.628920 0.886649
v -2.268161 -0.658326 0.862706
v -2.441359 -0.693339 0.805410
v -2.073292 -0.727336 0.920452
v -2.272478 -0.756413 0.885571
v -2.446445 -0.788297 0.820811
v -2.072658 -0.829796 0.947945
v -2.272310 -0.855226 0.905858
v -2.449340 -0.880904 0.844795
v -1.281260 -1.056287 0.830362
v -1.480158 -1.046007 0.890074
v -1.675256 -1.043750 0.924666
v -1.269151 -1.168961 0.884448
v -1.471785 -1.177661 0.901504
v -1.666592 -1.170506 0.941208
v -1.265425 -1.301626 0.874034
v -1.464119 -1.307092 0.886954
v -1.658260 -1.294610 0.929196
v -2.065412 -1.028735 1.033468
v -2.265659 -1.048993 0.971984
v -2.440590 -1.066573 0.905386
v -2.057526 -1.136168 1.071078
v -2.256533 -1.146956 1.012356
v -2.431671 -1.160243 0.942854
v -2.046612 -1.251235 1.068460
v -2.245260 -1.242777 1.060572
v -2.426675 -1.247205 0.997315
v -0.741165 -0.136781 0.307441
v -0.916365 -0.155630 0.384719
v -1.083882 -0.172545 0.430237
v -0.731739 -0.299926 0.368834
v -0.885811 -0.281902 0.446804
v -1.062748 -0.298666 0.465335
v -0.712263 -0.436294 0.399667
v -0.867985 -0.422123 0.458904
v -1.035192 -0.410735 0.507642
v -1.420079 -0.202110 0.509113
v -1.586741 -0.208269 0.568833
v -1.752945 -0.213098 0.638812
v -1.408061 -0.325250 0.517086
v -1.575219 -0.327871 0.577637
v -1.743119 -0.327799 0.648320
v -1.392073 -0.436000 0.538229
v -1.565154 -0.438962 0.583442
v -1.732579 -0.434417 0.662171
v -2.079494 -0.225968 0.806946
v -2.253251 -0.257864 0.829405
v -2.419678 -0.304876 0.812176
v -2.078634 -0.333002 0.816379
v -2.255929 -0.362350 0.828379
v -2.425726 -0.405566 0.809304
v -2.076350 -0.431400 0.836202
v -2.260117 -0.460738 0.839378
v -2.431601 -0.501077 0.804551
v -2.701285 -0.393955 0.761853
v -2.822433 -0.432474 0.742686
v -2.931468 -0.464900 0.733729
v -2.712892 -0.483604 0.749391
v -2.836852 -0.516282 0.739915
v -2.947377 -0.539113 0.730330
v -2.726197 -0.572413 0.744197
v -2.850219 -0.599082 0.722359
v -2.962524 -0.616343 0.723604
v -2.747527 -0.751237 0.717272
v -2.872008 -0.769776 0.683493
v -2.985948 -0.775828 0.693302
v -2.752866 -0.838374 0.705081
v -2.878503 -0.853331 0.672192
v -2.992550 -0.853944 0.691181
v -2.755281 -0.921039 0.714631
v -2.881715 -0.930631 0.678989
v -2.996547 -0.927863 0.708591
v -2.751836 -1.079936 0.802018
v -2.881342 -1.082625 0.771057
v -3.002168 -1.084104 0.768707
v -2.742119 -1.167794 0.843243
v -2.875416 -1.165183 0.817218
v -2.998176 -1.163327 0.810418
v -2.732614 -1.252437 0.890879
v -2.867187 -1.246493 0.865275
v -2.990314 -1.244893 0.849462
v -2.711466 -1.418084 0.984759
v -2.842834 -1.412220 0.943261
v -2.965782 -1.404357 0.924067
v -2.700927 -1.500073 1.029644
v -2.831692 -1.490039 0.987223
v -2.952163 -1.484452 0.955923
v -2.692460 -1.594055 1.064601
v -2.821612 -1.578691 1.015422
v -2.940776 -1.568773 0.979173
v -2.024727 -1.467056 1.057075
v -2.220031 -1.439078 1.133121
v -2.404483 -1.432294 1.088345
v -2.013177 -1.567266 1.061559
v -2.206792 -1.540261 1.137163
v -2.393970 -1.521760 1.143638
v -2.003570 -1.673582 1.071507
v -2.196701 -1.648996 1.150688
v -2.383639 -1.630063 1.154785
v -1.246992 -1.540637 0.870352
v -1.441584 -1.545019 0.861825
v -1.635020 -1.523076 0.908557
v -1.234398 -1.646636 0.878228
v -1.428853 -1.654381 0.846219
v -1.621722 -1.628185 0.900757
v -1.217198 -1.746683 0.901350
v -1.414937 -1.753206 0.847628
v -1.609120 -1.729294 0.906342
v -0.454142 -1.458652 0.985314
v -0.646258 -1.468904 0.980453
v -0.840382 -1.484702 0.973266
v -0.433671 -1.571912 1.011967
v -0.625267 -1.566258 1.049151
v -0.824237 -1.593829 1.001908
v -0.417113 -1.682606 1.042131
v -0.607832 -1.681638 1.076352
v -0.806338 -1.700488 1.044273
v -0.577162 -1.105921 0.639342
v -0.751941 -1.112108 0.623826
v -0.917799 -1.102119 0.655828
v -0.544189 -1.194804 0.722576
v -0.722633 -1.201862 0.712183
v -0.896044 -1.194495 0.737355
v -0.512976 -1.283430 0.807941
v -0.694800 -1.287832 0.804268
v -0.875205 -1.288725 0.821708
v -0.673733 -0.695718 0.453543
v -0.834653 -0.691657 0.475608
v -0.996146 -0.668220 0.527261
v -0.657256 -0.816922 0.476265
v -0.820464 -0.821097 0.477269
v -0.981591 -0.796058 0.526224
v -0.637357 -0.924110 0.507729
v -0.805528 -0.939813 0.482872
v -0.960216 -0.911911 0.546284
v -1.636532 -0.692670 -0.649982
v -1.649069 -0.806422 -0.645809
v -1.666124 -0.920651 -0.642742
v -1.823234 -0.710328 -0.662223
v -1.833444 -0.821512 -0.656338
v -1.847714 -0.934143 -0.649139
v -2.003489 -0.710054 -0.717066
v -2.010123 -0.816973 -0.714266
v -2.020240 -0.923254 -0.718177
v -1.701114 -1.137818 -0.660483
v -1.713047 -1.232233 -0.714119
v -1.724383 -1.321792 -0.789724
v -1.875204 -1.138969 -0.675674
v -1.886847 -1.225890 -0.740565
v -1.897908 -1.312465 -0.821957
v -2.041261 -1.117895 -0.773667
v -2.057414 -1.211795 -0.824166
v -2.074973 -1.306635 -0.890047
v -2.377214 -0.721258 -0.762384
v -2.382320 -0.810270 -0.795902
v -2.388309 -0.900832 -0.838323
v -2.543087 -0.729165 -0.786276
v -2.550862 -0.817186 -0.812086
v -2.560055 -0.905760 -0.851185
v -2.698041 -0.729278 -0.831026
v -2.708424 -0.817783 -0.853694
v -2.719273 -0.906439 -0.889481
v -2.409828 -1.097286 -0.920352
v -2.425874 -1.209300 -0.938431
v -2.444098 -1.326454 -0.927183
v -2.583809 -1.100377 -0.936019
v -2.596409 -1.210814 -0.959811
v -2.610966 -1.324139 -0.942838
v -2.745052 -1.097525 -0.970929
v -2.757502 -1.205420 -0.996141
v -2.768254 -1.317522 -0.989998
v -0.930342 -0.194781 -0.355327
v -0.893368 -0.299714 -0.425210
v -0.875957 -0.402842 -0.487893
v -1.143850 -0.249457 -0.385038
v -1.099537 -0.339795 -0.439436
v -1.074624 -0.436180 -0.491703
v -1.331910 -0.273979 -0.431248
v -1.288338 -0.359611 -0.479444
v -1.262686 -0.450781 -0.526899
v -0.884982 -0.643635 -0.548737
v -0.899599 -0.756614 -0.580090
v -0.917031 -0.861232 -0.627302
v -1.072087 -0.661424 -0.553823
v -1.082883 -0.768820 -0.588188
v -1.095643 -0.866358 -0.644933
v -1.252018 -0.664210 -0.594809
v -1.261718 -0.770189 -0.627399
v -1.276530 -0.870704 -0.672297
v -0.954211 -1.061062 -0.743268
v -0.972974 -1.159300 -0.808427
v -0.992528 -1.249038 -0.886992
v -1.131603 -1.066188 -0.758553
v -1.152270 -1.166848 -0.819793
v -1.173553 -1.255636 -0.902253
v -1.316602 -1.076450 -0.770719
v -1.339787 -1.181078 -0.812528
v -1.360404 -1.282826 -0.862157
v -1.036031 -1.431440 -1.038435
v -1.062420 -1.528162 -1.078480
v -1.091035 -1.632496 -1.111360
v -1.221209 -1.444766 -1.022430
v -1.241186 -1.539073 -1.071918
v -1.262552 -1.640814 -1.137625
v -1.398350 -1.466214 -0.988319
v -1.413556 -1.559889 -1.042428
v -1.431772 -1.663424 -1.114798
v -1.748551 -1.496296 -0.946419
v -1.762317 -1.582129 -1.024983
v -1.777276 -1.692545 -1.099533
v -1.929272 -1.500976 -0.966873
v -1.947389 -1.592149 -1.038716
v -1.963743 -1.707940 -1.062615
v -2.119186 -1.515010 -0.967485
v -2.133973 -1.619386 -0.965854
v -2.146005 -1.723599 -0.983956
v -2.470119 -1.538331 -0.903431
v -2.478942 -1.632157 -0.893829
v -2.486406 -1.725868 -0.903836
v -2.629284 -1.529792 -0.925963
v -2.636160 -1.622103 -0.918103
v -2.642831 -1.715974 -0.922224
v -2.784633 -1.516136 -0.971347
v -2.787988 -1.607464 -0.972227
v -2.793978 -1.703309 -0.973745
v -3.084005 -1.493696 -1.065472
v -3.084342 -1.580694 -1.055208
v -3.084785 -1.674738 -1.046083
v -3.218471 -1.487819 -1.046882
v -3.212643 -1.571217 -1.028769
v -3.209428 -1.660183 -1.022767
v -3.342708 -1.481210 -1.039084
v -3.330671 -1.566315 -1.017668
v -3.321669 -1.649138 -1.004610
v -3.063459 -1.096170 -0.996013
v -3.072945 -1.193369 -1.030639
v -3.078806 -1.291879 -1.074938
v -3.203661 -1.102443 -0.952575
v -3.214320 -1.193581 -0.991812
v -3.223312 -1.285237 -1.039229
v -3.334562 -1.101042 -0.925488
v -3.342950 -1.193684 -0.959721
v -3.349594 -1.285589 -0.997726
v -3.004444 -0.729400 -0.909794
v -3.019845 -0.817741 -0.927427
v -3.035656 -0.908153 -0.946519
v -3.151213 -0.742587 -0.874855
v -3.169135 -0.827891 -0.894702
v -3.182639 -0.917314 -0.908122
v -3.279633 -0.752100 -0.842466
v -3.296618 -0.836675 -0.852548
v -3.310420 -0.923811 -0.866337
v -2.976041 -0.395049 -0.876902
v -2.974215 -0.477078 -0.883047
v -2.979632 -0.557758 -0.898591
v -3.110677 -0.419686 -0.858426
v -3.114100 -0.497465 -0.865082
v -3.122703 -0.576611 -0.862461
v -3.218485 -0.439667 -0.838674
v -3.229977 -0.513620 -0.837343
v -3.243991 -0.589563 -0.831531
v -2.403589 -0.379660 -0.695301
v -2.387756 -0.464136 -0.700082
v -2.378418 -0.548212 -0.714938
v -2.557519 -0.391572 -0.732405
v -2.545634 -0.474524 -0.739895
v -2.540316 -0.558148 -0.748506
v -2.703938 -0.397193 -0.769460
v -2.695807 -0.479418 -0.775833
v -2.692994 -0.561612 -0.787098
v -1.683154 -0.284046 -0.579609
v -1.651360 -0.376690 -0.606766
v -1.633842 -0.472100 -0.633442
v -1.863315 -0.286223 -0.663467
v -1.835995 -0.388717 -0.672307
v -1.824016 -0.494977 -0.666522
v -2.055245 -0.316451 -0.693086
v -2.025209 -0.404153 -0.718840
v -2.008990 -0.502348 -0.723947
v -1.127127 -2.102253 0.636403
v -1.343010 -2.046128 0.636994
v -1.554425 -2.038144 0.634000
v -1.111644 -2.124002 0.575559
v -1.330993 -2.069069 0.579718
v -1.545043 -2.062343 0.579072
v -1.095812 -2.145827 0.516688
v -1.319257 -2.092010 0.522899
v -1.535397 -2.087652 0.524408
v -1.988195 -2.132171 0.636218
v -2.203947 -2.145713 0.637390
v -2.399544 -2.101204 0.634091
v -1.981295 -2.149182 0.578024
v -2.198375 -2.154021 0.577285
v -2.394447 -2.102889 0.574754
v -1.974613 -2.159347 0.519426
v -2.191681 -2.159560 0.519195
v -2.389800 -2.111615 0.518535
v -1.064781 -2.191428 0.405060
v -1.296646 -2.143863 0.411466
v -1.515308 -2.132988 0.412822
v -1.050691 -2.218923 0.349172
v -1.285255 -2.166939 0.353897
v -1.505197 -2.156076 0.356735
v -1.038856 -2.227103 0.287762
v -1.274856 -2.194496 0.296869
v -1.496010 -2.177905 0.300528
v -1.957512 -2.191604 0.408538
v -2.175561 -2.174683 0.406639
v -2.377749 -2.133008 0.406896
v -1.948368 -2.208021 0.353416
v -2.167105 -2.186531 0.351894
v -2.369935 -2.140210 0.351497
v -1.939693 -2.227519 0.299451
v -2.159996 -2.204890 0.299235
v -2.362957 -2.151953 0.297386
v -0.359247 -2.115381 0.868924
v -0.559016 -2.141279 0.877706
v -0.768504 -2.163334 0.892117
v -0.317846 -2.108332 0.782727
v -0.524328 -2.133921 0.782008
v -0.737082 -2.176331 0.799413
v -0.279971 -2.098799 0.727813
v -0.493849 -2.106695 0.726067
v -0.707314 -2.159191 0.738520
v -1.186852 -1.982029 0.847548
v -1.390879 -1.931183 0.840039
v -1.589916 -1.952046 0.846198
v -1.170213 -2.011834 0.789901
v -1.378658 -1.961527 0.788108
v -1.580972 -1.974939 0.788977
v -1.154548 -2.040820 0.743452
v -1.366426 -1.988777 0.742025
v -1.572683 -1.991839 0.739576
v -2.010398 -2.061964 0.882707
v -2.225708 -2.108112 0.905698
v -2.410446 -2.048721 0.889924
v -2.004689 -2.085854 0.806420
v -2.220056 -2.123789 0.817029
v -2.408545 -2.071235 0.809123
v -1.999277 -2.102758 0.753104
v -2.214764 -2.133111 0.759365
v -2.406163 -2.083899 0.753447
v -2.732850 -1.936106 0.872383
v -2.861305 -1.855336 0.859089
v -2.969801 -1.772940 0.855324
v -2.740886 -1.958365 0.800066
v -2.870758 -1.873081 0.790480
v -2.988079 -1.795938 0.794676
v -2.745701 -1.966383 0.744418
v -2.879386 -1.881765 0.734268
v -3.002061 -1.808285 0.735208
v -2.750334 -1.973426 0.627978
v -2.892781 -1.889876 0.620518
v -3.026502 -1.822938 0.620994
v -2.753029 -1.979201 0.571838
v -2.895289 -1.888489 0.564748
v -3.038786 -1.835204 0.566709
v -2.757038 -1.990209 0.516587
v -2.900651 -1.895727 0.510508
v -3.045200 -1.838542 0.511417
v -2.754383 -2.006590 0.405860
v -2.909848 -1.922667 0.404539
v -3.053588 -1.852137 0.403318
v -2.752028 -2.019225 0.351581
v -2.911524 -1.937723 0.351530
v -3.056675 -1.864084 0.350046
v -2.749576 -2.033516 0.298755
v -2.908749 -1.946473 0.297593
v -3.058178 -1.874871 0.296498
v -2.743874 -2.062183 0.189511
v -2.909819 -1.979443 0.192628
v -3.066838 -1.911996 0.193555
v -2.741705 -2.081102 0.132422
v -2.911109 -1.996519 0.139037
v -3.071083 -1.928509 0.140958
v -2.738047 -2.100048 0.071610
v -2.912236 -2.014887 0.085651
v -3.075777 -1.944413 0.091397
v -1.927456 -2.268558 0.181841
v -2.147809 -2.234819 0.181304
v -2.353937 -2.186034 0.181672
v -1.922023 -2.254897 0.112898
v -2.141384 -2.232702 0.113608
v -2.346883 -2.172393 0.116093
v -1.916869 -2.231066 0.051490
v -2.133917 -2.207689 0.054751
v -2.340600 -2.151416 0.055922
v -1.022535 -2.220488 0.168282
v -1.256844 -2.241613 0.179969
v -1.482886 -2.236168 0.191866
v -1.019872 -2.200502 0.104583
v -1.251149 -2.262355 0.116659
v -1.479358 -2.261951 0.128028
v -1.019740 -2.182399 0.043808
v -1.247282 -2.250637 0.053455
v -1.477143 -2.285907 0.057604
v -0.189566 -1.998725 0.157781
v -0.392921 -1.972346 0.165841
v -0.592539 -2.028461 0.165536
v -0.205293 -1.996491 0.099785
v -0.403409 -1.981838 0.108953
v -0.599192 -2.034600 0.107794
v -0.223302 -2.001951 0.039109
v -0.416648 -1.994770 0.050847
v -0.606915 -2.050416 0.047739
v -0.176918 -2.022362 0.383447
v -0.393180 -2.004966 0.382766
v -0.606079 -2.050092 0.387060
v -0.172909 -2.013734 0.327593
v -0.386978 -1.988937 0.328996
v -0.597687 -2.036681 0.332167
v -0.173098 -2.008209 0.271126
v -0.384394 -1.975752 0.275459
v -0.592564 -2.026473 0.277016
v -0.223101 -2.086081 0.609902
v -0.444545 -2.070366 0.610786
v -0.659260 -2.124633 0.618408
v -0.205860 -2.068613 0.551465
v -0.426158 -2.064103 0.549118
v -0.641954 -2.104688 0.557547
v -0.193452 -2.056578 0.493137
v -0.413034 -2.039888 0.493289
v -0.626763 -2.089743 0.497436
v -1.249529 -2.223040 -0.283297
v -1.470651 -2.201233 -0.281177
v -1.678176 -2.151192 -0.282186
v -1.304025 -2.228289 -0.341254
v -1.520984 -2.179834 -0.339946
v -1.723521 -2.135859 -0.339081
v -1.360909 -2.211962 -0.397976
v -1.569621 -2.155238 -0.397018
v -1.769358 -2.120283 -0.394952
v -2.094226 -2.118404 -0.275033
v -2.294904 -2.050128 -0.275513
v -2.486271 -2.020021 -0.278158
v -2.134685 -2.087892 -0.331219
v -2.334128 -2.031981 -0.335829
v -2.520046 -2.003339 -0.337785
v -2.178083 -2.064597 -0.388740
v -2.371466 -2.003985 -0.394040
v -2.552974 -1.977561 -0.393873
v -1.470619 -2.162915 -0.512220
v -1.667843 -2.124242 -0.509571
v -1.862571 -2.102434 -0.508766
v -1.523263 -2.150177 -0.573504
v -1.716412 -2.119148 -0.568766
v -1.909676 -2.095068 -0.567561
v -1.572879 -2.135147 -0.635883
v -1.762751 -2.113657 -0.629982
v -1.956638 -2.098568 -0.627409
v -2.264368 -2.018065 -0.505277
v -2.442999 -1.948340 -0.505377
v -2.618469 -1.951829 -0.503962
v -2.304062 -1.994739 -0.562130
v -2.477478 -1.928830 -0.559174
v -2.649595 -1.951878 -0.557915
v -2.342179 -1.975207 -0.616813
v -2.510861 -1.920453 -0.611568
v -2.680258 -1.951827 -0.611025
v -0.287012 -2.018787 -0.067522
v -0.478552 -2.023339 -0.065386
v -0.664735 -2.035030 -0.068604
v -0.338173 -2.024470 -0.129620
v -0.528060 -1.999185 -0.122779
v -0.707787 -2.034945 -0.125581
v -0.392845 -1.997445 -0.184165
v -0.575972 -1.991729 -0.178133
v -0.752876 -2.035017 -0.179262
v -1.060250 -2.173174 -0.062801
v -1.285904 -2.249279 -0.053719
v -1.515566 -2.248505 -0.052975
v -1.102104 -2.181463 -0.118322
v -1.329132 -2.263815 -0.110780
v -1.555071 -2.220747 -0.109984
v -1.148674 -2.189457 -0.174694
v -1.373647 -2.246438 -0.170524
v -1.594558 -2.196699 -0.168251
v -1.945799 -2.190574 -0.047390
v -2.157807 -2.151436 -0.039746
v -2.364973 -2.114176 -0.045041
v -1.980801 -2.176984 -0.101578
v -2.191355 -2.131654 -0.097925
v -2.393661 -2.089357 -0.101744
v -2.017188 -2.165399 -0.158710
v -2.225221 -2.106358 -0.157163
v -2.422337 -2.061098 -0.160122
v -2.748128 -2.066469 -0.028938
v -2.936323 -2.051484 -0.004364
v -3.112711 -1.992303 0.011089
v -2.770468 -2.051073 -0.087750
v -2.956996 -2.044929 -0.066479
v -3.142720 -2.017416 -0.045923
v -2.794878 -2.038291 -0.145697
v -2.978673 -2.040219 -0.127572
v -3.172451 -2.037004 -0.105582
v -2.849305 -2.025364 -0.259964
v -3.030147 -2.038178 -0.244208
v -3.226972 -2.045583 -0.220751
v -2.879066 -2.022461 -0.316365
v -3.058923 -2.037565 -0.300798
v -3.255435 -2.049837 -0.277379
v -2.909663 -2.020679 -0.372200
v -3.087790 -2.043832 -0.358132
v -3.283175 -2.051899 -0.336961
v -2.969992 -2.021771 -0.485935
v -3.143465 -2.056650 -0.476932
v -3.333790 -2.053448 -0.462718
v -2.998021 -2.023697 -0.544714
v -3.169279 -2.055003 -0.540105
v -3.356695 -2.056374 -0.531552
v -3.023519 -2.025914 -0.605896
v -3.192797 -2.053357 -0.607287
v -3.367500 -2.033874 -0.604966
v -3.065913 -2.015124 -0.734955
v -3.227366 -2.029041 -0.747804
v -3.370478 -1.970833 -0.748604
v -3.084164 -2.002955 -0.794207
v -3.232787 -1.988642 -0.803159
v -3.362714 -1.928314 -0.803925
v -3.101065 -1.978995 -0.877336
v -3.235523 -1.940907 -0.873116
v -3.353640 -1.886626 -0.870546
v -2.407032 -1.932242 -0.716784
v -2.571454 -1.923372 -0.712771
v -2.737819 -1.950144 -0.718835
v -2.437967 -1.921213 -0.764604
v -2.599534 -1.924181 -0.763652
v -2.763318 -1.950850 -0.773005
v -2.467840 -1.908540 -0.825275
v -2.627066 -1.919573 -0.832078
v -2.788154 -1.940191 -0.846903
v -1.665421 -2.107813 -0.761331
v -1.850157 -2.091239 -0.757471
v -2.047174 -2.095738 -0.757333
v -1.708166 -2.093432 -0.820763
v -1.893569 -2.087988 -0.819129
v -2.087709 -2.061476 -0.810634
v -1.750002 -2.071367 -0.917728
v -1.937181 -2.072780 -0.916301
v -2.125134 -2.017321 -0.885622
v -0.925618 -2.103236 -0.788630
v -1.108627 -2.176241 -0.790913
v -1.295782 -2.181491 -0.788896
v -0.977445 -2.115064 -0.860883
v -1.164187 -2.196088 -0.864511
v -1.349208 -2.155725 -0.848216
v -1.036997 -2.097261 -0.965617
v -1.221022 -2.143438 -0.978886
v -1.401529 -2.120279 -0.958058
v -0.716807 -2.017738 -0.512103
v -0.893471 -2.072690 -0.511706
v -1.066282 -2.156889 -0.518096
v -0.770607 -2.041562 -0.575866
v -0.948217 -2.100641 -0.575182
v -1.123705 -2.185804 -0.583058
v -0.824977 -2.061803 -0.643342
v -0.999545 -2.133991 -0.642967
v -1.181225 -2.212501 -0.652932
v -0.500554 -1.974285 -0.288895
v -0.673663 -1.998324 -0.285615
v -0.850274 -2.054936 -0.287341
v -0.554554 -1.972989 -0.341263
v -0.726124 -2.009449 -0.339485
v -0.905665 -2.067737 -0.342516
v -0.609735 -1.975108 -0.395174
v -0.780398 -2.028214 -0.394091
v -0.960061 -2.091104 -0.398588
v -3.811123 -1.346201 -0.646192
v -3.827986 -1.356480 -0.565304
v -3.831194 -1.364656 -0.491021
v -3.790790 -1.229596 -0.638457
v -3.816174 -1.234986 -0.567606
v -3.827665 -1.239179 -0.498585
v -3.772333 -1.120425 -0.628412
v -3.799495 -1.123361 -0.563989
v -3.813140 -1.125901 -0.499843
v -3.802063 -1.370497 -0.359964
v -3.782669 -1.370872 -0.302799
v -3.766721 -1.373149 -0.247774
v -3.824271 -1.248144 -0.371197
v -3.821282 -1.254306 -0.312538
v -3.822921 -1.262250 -0.254791
v -3.816719 -1.131935 -0.380555
v -3.821912 -1.135650 -0.323091
v -3.825650 -1.140257 -0.265583
v -3.729978 -0.922077 -0.601561
v -3.759677 -0.921222 -0.548941
v -3.781860 -0.921065 -0.495697
v -3.730103 -0.826203 -0.603927
v -3.767119 -0.823922 -0.553444
v -3.795261 -0.822788 -0.500285
v -3.739522 -0.728845 -0.618710
v -3.783928 -0.724645 -0.566556
v -3.815335 -0.721976 -0.508634
v -3.809280 -0.923229 -0.385922
v -3.815417 -0.925173 -0.329461
v -3.826226 -0.928387 -0.272122
v -3.825415 -0.823197 -0.386552
v -3.830255 -0.823916 -0.328217
v -3.842535 -0.826764 -0.269903
v -3.851711 -0.721121 -0.386973
v -3.856634 -0.721374 -0.324835
v -3.860116 -0.722708 -0.263099
v -3.528628 -1.710321 -0.934052
v -3.591430 -1.758844 -0.862557
v -3.628479 -1.793634 -0.780264
v -3.566074 -1.608014 -0.964343
v -3.655696 -1.650018 -0.900201
v -3.686002 -1.672026 -0.797442
v -3.583063 -1.502737 -0.965603
v -3.664878 -1.529066 -0.894597
v -3.725651 -1.558088 -0.816860
v -3.632758 -1.814397 -0.598998
v -3.615996 -1.812473 -0.522711
v -3.596737 -1.809079 -0.454712
v -3.703948 -1.697642 -0.610169
v -3.686341 -1.695166 -0.530970
v -3.661479 -1.688109 -0.463759
v -3.758740 -1.589914 -0.625019
v -3.752338 -1.593615 -0.539889
v -3.728837 -1.587893 -0.468577
v -3.545162 -1.796607 -0.334455
v -3.523430 -1.795232 -0.276721
v -3.501124 -1.794736 -0.220844
v -3.618631 -1.679346 -0.341845
v -3.595564 -1.675267 -0.286282
v -3.577885 -1.675289 -0.230496
v -3.679911 -1.575003 -0.349014
v -3.658847 -1.571068 -0.293470
v -3.640201 -1.568986 -0.239321
v -3.453380 -1.792685 -0.113369
v -3.440251 -1.801099 -0.055730
v -3.428575 -1.813457 0.001213
v -3.540889 -1.676808 -0.123171
v -3.525168 -1.679979 -0.069844
v -3.520936 -1.691332 -0.016342
v -3.613075 -1.571993 -0.132127
v -3.603992 -1.576653 -0.079177
v -3.598902 -1.583596 -0.027003
v -3.737718 -1.374577 -0.139495
v -3.730915 -1.377364 -0.087445
v -3.728320 -1.381813 -0.034935
v -3.810356 -1.274795 -0.140121
v -3.800188 -1.278663 -0.088275
v -3.795763 -1.283422 -0.035490
v -3.837036 -1.153940 -0.149461
v -3.848982 -1.163807 -0.094042
v -3.855768 -1.172074 -0.037858
v -3.841304 -0.935284 -0.154613
v -3.854332 -0.938930 -0.096451
v -3.864817 -0.941655 -0.039073
v -3.864732 -0.832041 -0.151785
v -3.870829 -0.833271 -0.092059
v -3.875917 -0.833652 -0.034376
v -3.868575 -0.725457 -0.140608
v -3.869880 -0.725388 -0.080295
v -3.873902 -0.724314 -0.023199
v -3.879518 -0.513308 -0.098540
v -3.868673 -0.510630 -0.034760
v -3.855986 -0.504307 0.020769
v -3.871784 -0.409317 -0.066495
v -3.846501 -0.407346 0.000945
v -3.826482 -0.397986 0.058871
v -3.864960 -0.294135 -0.022064
v -3.813345 -0.299336 0.044337
v -3.768027 -0.295489 0.102809
v -3.898372 -0.507138 -0.384340
v -3.906089 -0.509142 -0.309293
v -3.898164 -0.510452 -0.237003
v -3.928188 -0.401015 -0.382859
v -3.930449 -0.402648 -0.296319
v -3.919085 -0.405192 -0.214912
v -3.958078 -0.272496 -0.379802
v -3.955175 -0.275439 -0.277593
v -3.935953 -0.280809 -0.184285
v -3.750205 -0.528674 -0.662576
v -3.807388 -0.518137 -0.603678
v -3.848535 -0.510381 -0.533325
v -3.745397 -0.428489 -0.685407
v -3.816158 -0.415502 -0.630625
v -3.876009 -0.407392 -0.559266
v -3.738694 -0.318085 -0.719104
v -3.814550 -0.297261 -0.658982
v -3.881851 -0.282593 -0.580682
v -3.451591 -0.585441 -0.786737
v -3.533453 -0.572019 -0.763677
v -3.607701 -0.556817 -0.737377
v -3.429650 -0.506242 -0.795038
v -3.513206 -0.487745 -0.777358
v -3.592883 -0.467614 -0.758497
v -3.404875 -0.429920 -0.808159
v -3.489207 -0.402106 -0.797697
v -3.572956 -0.372787 -0.785562
v -3.515145 -0.925564 -0.785474
v -3.582026 -0.926049 -0.737474
v -3.641015 -0.924289 -0.697255
v -3.500152 -0.839552 -0.771214
v -3.574492 -0.836290 -0.737226
v -3.632072 -0.833407 -0.693153
v -3.485590 -0.754193 -0.769580
v -3.559435 -0.748601 -0.733693
v -3.625708 -0.742100 -0.701440
v -3.574983 -1.295727 -0.915775
v -3.657821 -1.306894 -0.862021
v -3.718487 -1.321183 -0.796972
v -3.563123 -1.198059 -0.883157
v -3.640270 -1.205235 -0.830363
v -3.703424 -1.212772 -0.775409
v -3.548693 -1.103205 -0.848742
v -3.620139 -1.108538 -0.795994
v -3.679546 -1.112744 -0.744978
v -3.880376 -0.703314 0.332691
v -3.907565 -0.817922 0.332500
v -3.933124 -0.938932 0.334289
v -3.863640 -0.702017 0.399680
v -3.896080 -0.815490 0.403594
v -3.917504 -0.937521 0.410173
v -3.843626 -0.700668 0.473578
v -3.871338 -0.816494 0.479906
v -3.878372 -0.937786 0.483616
v -3.885486 -1.190880 0.317605
v -3.828154 -1.302835 0.307424
v -3.764710 -1.411738 0.301416
v -3.883829 -1.186372 0.399837
v -3.838463 -1.305165 0.385213
v -3.774106 -1.416458 0.372742
v -3.836068 -1.170964 0.470575
v -3.813219 -1.291603 0.466625
v -3.770601 -1.412776 0.457082
v -3.762468 -0.706582 0.634731
v -3.774101 -0.823809 0.629316
v -3.772910 -0.935242 0.621928
v -3.690169 -0.712653 0.705775
v -3.711625 -0.825296 0.701534
v -3.711581 -0.932960 0.688283
v -3.597161 -0.721550 0.748218
v -3.626091 -0.823484 0.756152
v -3.633813 -0.927945 0.744783
v -3.739737 -1.148499 0.602855
v -3.717387 -1.257687 0.600744
v -3.688522 -1.372311 0.602522
v -3.681036 -1.137237 0.665108
v -3.662762 -1.242156 0.665206
v -3.637871 -1.352332 0.668855
v -3.613930 -1.125915 0.721476
v -3.595390 -1.225964 0.719905
v -3.574538 -1.331296 0.727709
v -3.728396 -0.254087 0.138058
v -3.802512 -0.368013 0.127083
v -3.851543 -0.483794 0.110649
v -3.728156 -0.242014 0.177031
v -3.800319 -0.359526 0.171884
v -3.849576 -0.476974 0.163577
v -3.723750 -0.237001 0.229173
v -3.798056 -0.354273 0.229197
v -3.837700 -0.476265 0.222105
v -3.896352 -0.716821 0.082733
v -3.900250 -0.831767 0.074699
v -3.903280 -0.945504 0.068298
v -3.907105 -0.711491 0.141103
v -3.908646 -0.829608 0.134448
v -3.922840 -0.945825 0.126076
v -3.908210 -0.706831 0.207532
v -3.920035 -0.825774 0.198850
v -3.933255 -0.944772 0.190153
v -3.862240 -1.182546 0.071312
v -3.794525 -1.288603 0.069953
v -3.727597 -1.387943 0.068089
v -3.864543 -1.185404 0.126846
v -3.796770 -1.289382 0.125261
v -3.735492 -1.393887 0.122143
v -3.871211 -1.188765 0.185115
v -3.804656 -1.292816 0.182475
v -3.747987 -1.401956 0.178036
v -3.591135 -1.595124 0.072435
v -3.510640 -1.708182 0.081005
v -3.410197 -1.840299 0.097190
v -3.594820 -1.603045 0.124354
v -3.510544 -1.717767 0.133693
v -3.394638 -1.829645 0.147268
v -3.599267 -1.610284 0.180151
v -3.511105 -1.727186 0.187908
v -3.379983 -1.816425 0.197451
v -3.608720 -1.626291 0.302179
v -3.502527 -1.728703 0.307839
v -3.357465 -1.785583 0.305762
v -3.612829 -1.635647 0.368530
v -3.487710 -1.714888 0.366288
v -3.348979 -1.770961 0.360463
v -3.611810 -1.641249 0.442768
v -3.474370 -1.703777 0.428246
v -3.342035 -1.763763 0.418199
v -3.563254 -1.608646 0.590450
v -3.439348 -1.675616 0.558202
v -3.316566 -1.738061 0.536936
v -3.529205 -1.586158 0.660696
v -3.416613 -1.663786 0.625909
v -3.298846 -1.724988 0.597455
v -3.486260 -1.561569 0.731862
v -3.384786 -1.644330 0.692525
v -3.273517 -1.703482 0.655682
v -3.351077 -1.486982 0.837032
v -3.291059 -1.582664 0.812140
v -3.207873 -1.660146 0.773897
v -3.268573 -1.451330 0.865858
v -3.230365 -1.550267 0.866859
v -3.163823 -1.633576 0.831795
v -3.177484 -1.424485 0.886867
v -3.152408 -1.516181 0.903606
v -3.111529 -1.605037 0.889022
v -3.438232 -1.101232 0.807634
v -3.428554 -1.194065 0.811367
v -3.411934 -1.287965 0.823779
v -3.334198 -1.090564 0.815947
v -3.328360 -1.178276 0.830906
v -3.315923 -1.267519 0.846241
v -3.228506 -1.086575 0.800280
v -3.223191 -1.167486 0.829691
v -3.213731 -1.252180 0.852809
v -3.401820 -0.747517 0.767038
v -3.420341 -0.833403 0.773878
v -3.432213 -0.921469 0.782314
v -3.303475 -0.757309 0.766444
v -3.319499 -0.838757 0.773047
v -3.329851 -0.921780 0.785675
v -3.201938 -0.766380 0.747252
v -3.215142 -0.844533 0.753627
v -3.224456 -0.924477 0.764029
v -3.252237 -0.424237 0.730173
v -3.303842 -0.502633 0.744879
v -3.344316 -0.582154 0.754530
v -3.179414 -0.452241 0.731356
v -3.222035 -0.526092 0.746199
v -3.255761 -0.601781 0.747297
v -3.105966 -0.473666 0.734620
v -3.137910 -0.543291 0.735445
v -3.163773 -0.614936 0.738743
v -3.530832 -0.304522 0.603644
v -3.608394 -0.395152 0.619112
v -3.676111 -0.489416 0.630430
v -3.465795 -0.334029 0.651044
v -3.537003 -0.421033 0.667997
v -3.594321 -0.513836 0.676663
v -3.397026 -0.364480 0.686879
v -3.462313 -0.448456 0.704039
v -3.515272 -0.536291 0.715248
v -3.698519 -0.243415 0.343708
v -3.765190 -0.361920 0.342735
v -3.812953 -0.477012 0.338911
v -3.676964 -0.247218 0.407816
v -3.746040 -0.364075 0.406009
v -3.792923 -0.478506 0.402986
v -3.649272 -0.250004 0.481905
v -3.722086 -0.364845 0.479676
v -3.765891 -0.480655 0.472353
vn 0.6707 0.6349 0.3834
vn 0.6435 0.6167 0.4535
vn 0.8634 0.4268 0.2689
vn 0.8187 0.5176 0.2487
vn 0.6788 0.4945 0.5429
vn 0.8995 0.2606 0.3507
vn 0.9787 0.1618 0.1267
vn 0.9630 0.2378 0.1269
vn 0.9743 0.1139 0.1943
vn 0.5882 0.6556 0.4736
vn 0.5204 0.6667 0.5336
vn 0.7069 0.6398 0.3015
vn 0.4687 0.6396 0.6093
vn 0.4339 0.5997 0.6724
vn 0.5195 0.5397 0.6625
vn 0.7686 0.3376 0.5434
vn 0.9087 0.1795 0.3769
vn 0.9659 0.1188 0.2299
vn 0.9652 0.1337 0.2247
vn 0.9792 0.1343 0.1520
vn 0.9896 0.1137 0.0882
vn 0.9928 0.0924 0.0762
vn 0.9352 0.3383 0.1045
vn 0.9911 0.1026 0.0852
vn 0.8048 0.5642 0.1844
vn 0.8799 0.2321 0.4146
vn 0.9327 0.1853 0.3093
vn 0.9271 0.1611 0.3385
vn 0.8583 0.2120 0.4673
vn 0.9606 0.1531 0.2318
vn 0.9598 0.1397 0.2433
vn 0.9177 0.1754 0.3566
vn 0.8329 0.2514 0.4931
vn 0.9627 0.1348 0.2344
vn 0.8474 0.3012 0.4373
vn 0.8971 0.2570 0.3593
vn 0.8286 0.2848 0.4819
vn 0.9372 0.2125 0.2765
vn 0.9664 0.1740 0.1893
vn 0.9890 0.1142 0.0942
vn 0.9790 0.1093 0.1720
vn 0.9662 0.1342 0.2199
vn 0.9616 0.1385 0.2371
vn 0.6881 0.4026 0.6038
vn 0.7908 0.2822 0.5431
vn 0.9985 0.0512 0.0175
vn 0.9960 0.0827 0.0340
vn 0.9953 0.0861 0.0447
vn 0.9982 0.0511 0.0320
vn 0.9890 0.1312 0.0683
vn 0.9871 0.1430 0.0715
vn 0.9865 0.1050 0.1255
vn 0.9938 0.0668 0.0886
vn 0.9788 0.1408 0.1487
vn 0.9970 0.0460 0.0627
vn 0.9972 0.0624 0.0418
vn 0.9989 0.0350 0.0297
vn 0.9959 0.0838 0.0329
vn 0.9925 0.0977 0.0730
vn 0.9968 0.0637 0.0488
vn 0.9992 0.0353 0.0164
vn 0.6640 0.6389 0.3885
vn 0.5647 0.4985 0.6577
vn 0.6319 0.5549 0.5411
vn 0.7349 0.6156 0.2845
vn 0.4572 0.4687 0.7558
vn 0.5258 0.5597 0.6404
vn 0.6557 0.6174 0.4346
vn 0.7368 0.6409 0.2153
vn 0.5775 0.6190 0.5323
vn 0.3907 0.8953 -0.2142
vn 0.5633 0.6637 0.4921
vn 0.6937 0.7129 -0.1030
vn 0.4608 0.4293 0.7768
vn 0.3551 0.3687 0.8590
vn 0.2431 0.3817 0.8917
vn 0.3551 0.5090 0.7841
vn 0.4488 0.5737 0.6852
vn 0.5054 0.6127 0.6075
vn 0.6629 0.6335 0.3989
vn 0.7103 0.6311 0.3119
vn 0.7593 0.6392 0.1220
vn 0.7500 0.6352 -0.1848
vn 0.7526 0.6142 -0.2374
vn 0.7535 0.6403 -0.1490
vn 0.2510 0.4874 0.8363
vn 0.1465 0.4752 0.8676
vn 0.2774 0.5681 0.7748
vn 0.3703 0.5680 0.7350
vn 0.0779 0.5151 0.8536
vn 0.2204 0.5599 0.7987
vn 0.3613 0.6144 0.7015
vn 0.4289 0.6389 0.6386
vn 0.3204 0.5894 0.7416
vn 0.1119 0.3630 0.9251
vn 0.0015 0.3513 0.9363
vn -0.0593 0.4514 0.8903
vn -0.0731 0.5529 0.8301
vn 0.0630 0.5863 0.8076
vn 0.2103 0.6148 0.7601
vn 0.3089 0.6234 0.7184
vn 0.8019 0.5973 0.0119
vn 0.7819 0.5921 0.1949
vn 0.8250 0.5588 0.0841
vn 0.8358 0.5425 -0.0844
vn 0.7464 0.6224 0.2354
vn 0.8040 0.5843 0.1102
vn 0.8573 0.5124 0.0499
vn 0.8305 0.5426 -0.1262
vn 0.8941 0.4413 0.0760
vn 0.7691 0.5681 -0.2929
vn 0.9822 0.1694 0.0805
vn 0.9611 0.2695 0.0603
vn 0.9192 0.3688 -0.1379
vn 0.7692 0.5145 -0.3789
vn 0.8228 0.4144 -0.3890
vn 0.7896 0.5092 -0.3424
vn 0.4739 0.1805 0.8619
vn 0.5969 0.1371 0.7905
vn 0.5845 0.2356 0.7765
vn 0.4336 0.2237 0.8729
vn 0.7198 0.1014 0.6867
vn 0.7224 0.2744 0.6348
vn 0.6231 0.2515 0.7406
vn 0.4320 0.2330 0.8712
vn 0.7693 0.2815 0.5736
vn 0.3178 -0.2638 0.9107
vn 0.4462 -0.4540 0.7712
vn 0.3277 0.2156 0.9198
vn 0.5305 -0.5633 0.6334
vn 0.5580 -0.6230 0.5482
vn 0.6030 -0.6739 0.4270
vn 0.8327 0.0735 0.5488
vn 0.8290 0.3010 0.4714
vn 0.8491 0.2973 0.4365
vn 0.7925 0.3230 0.5174
vn 0.6266 0.3567 0.6929
vn 0.3786 0.4299 0.8197
vn 0.2428 0.2911 0.9254
vn 0.1068 0.5565 0.8240
vn 0.3006 0.2444 0.9219
vn 0.9246 0.0382 0.3791
vn 0.9706 -0.0179 0.2400
vn 0.9250 0.2980 0.2358
vn 0.8942 0.3080 0.3249
vn 0.9920 -0.0715 0.1037
vn 0.9620 0.2545 0.0992
vn 0.9311 0.2588 0.2569
vn 0.9048 0.2759 0.3244
vn 0.9648 0.2242 0.1374
vn 0.6398 -0.7337 0.2285
vn 0.6249 -0.7756 0.0890
vn 0.5958 -0.8031 -0.0112
vn 0.5714 -0.8142 -0.1033
vn 0.9949 -0.0949 -0.0338
vn 0.9795 0.1971 -0.0418
vn 0.9865 0.1630 0.0163
vn 0.2358 0.6425 0.7291
vn 0.5287 0.5125 0.6766
vn 0.3462 0.6253 0.6994
vn 0.1219 0.6858 0.7175
vn 0.7586 0.3637 0.5405
vn 0.6136 0.4555 0.6450
vn 0.2340 0.6509 0.7222
vn 0.0771 0.6522 0.7541
vn 0.4057 0.5769 0.7090
vn -0.0247 0.6925 0.7210
vn -0.0712 0.6251 0.7773
vn -0.0651 0.6732 0.7366
vn 0.8453 -0.3871 -0.3683
vn 0.9540 -0.1584 -0.2546
vn 0.9858 -0.1090 -0.1275
vn 0.9191 -0.3070 -0.2470
vn 0.9795 -0.0330 -0.1985
vn 0.9959 -0.0323 -0.0850
vn 0.9954 -0.0468 -0.0838
vn 0.9538 -0.2231 -0.2013
vn 0.9995 -0.0311 -0.0038
vn 0.4120 -0.8647 -0.2872
vn 0.7593 -0.4406 -0.4788
vn 0.4664 -0.8294 -0.3076
vn 0.8833 -0.2222 -0.4128
vn 0.9411 -0.0824 -0.3280
vn 0.9615 0.0044 -0.2748
vn 0.9870 0.0254 -0.1589
vn 0.9957 0.0374 -0.0853
vn 0.9984 0.0430 0.0371
vn 0.9995 0.0031 0.0317
vn 0.9982 0.0309 -0.0515
vn 0.9744 -0.1649 -0.1527
vn 0.5245 -0.8346 -0.1682
vn 0.5506 -0.8204 -0.1546
vn 0.5013 -0.8440 -0.1906
vn 0.9909 0.0587 -0.1211
vn 0.9944 0.0142 -0.1052
vn 0.9993 0.0356 -0.0146
vn 0.9946 0.0854 -0.0585
vn 0.9902 0.0616 -0.1257
vn 0.9987 0.0383 0.0334
vn 0.9971 0.0721 0.0264
vn 0.9958 0.0863 0.0316
vn 0.9952 0.0575 0.0786
vn 0.9621 0.0438 -0.2691
vn 0.9595 0.0108 -0.2815
vn 0.9334 0.1201 -0.3381
vn 0.9863 -0.1247 -0.1083
vn 0.9952 0.0909 -0.0364
vn 0.9902 0.1209 -0.0701
vn 0.9894 -0.1031 -0.1021
vn 0.9993 0.0352 0.0134
vn 0.9974 0.0682 -0.0244
vn 0.9853 0.1536 -0.0750
vn 0.9905 -0.0983 -0.0965
vn 0.9935 0.1138 -0.0075
vn 0.5669 -0.8094 -0.1534
vn 0.5701 -0.8112 -0.1299
vn 0.5732 -0.8067 -0.1440
vn 0.5368 0.3271 -0.7777
vn 0.5211 0.3352 -0.7850
vn 0.5126 0.3339 -0.7910
vn 0.5310 0.3187 -0.7852
vn 0.5093 0.3350 -0.7927
vn 0.5117 0.3563 -0.7818
vn 0.5272 0.3922 -0.7538
vn 0.5411 0.3499 -0.7647
vn 0.5407 0.4132 -0.7328
vn 0.5921 0.3508 -0.7255
vn 0.5669 0.3570 -0.7424
vn 0.5438 0.3069 -0.7811
vn 0.5631 0.3692 -0.7393
vn 0.5502 0.3707 -0.7482
vn 0.5369 0.3462 -0.7693
vn 0.5283 0.3338 -0.7807
vn 0.5338 0.3464 -0.7714
vn 0.5727 0.3354 -0.7480
vn 0.6431 0.2469 -0.7249
vn 0.5909 0.3800 -0.7117
vn 0.5343 0.4323 -0.7264
vn 0.5203 0.4176 -0.7449
vn 0.5581 0.3348 -0.7592
vn 0.5779 0.3705 -0.7272
vn 0.5361 0.3238 -0.7796
vn 0.5547 -0.1371 -0.8207
vn 0.5822 -0.1631 -0.7965
vn 0.6002 -0.1093 -0.7924
vn 0.6090 -0.0504 -0.7915
vn 0.5975 -0.1676 -0.7842
vn 0.6060 -0.1356 -0.7838
vn 0.5921 0.1228 -0.7964
vn 0.5909 0.1943 -0.7830
vn 0.6383 0.0149 -0.7697
vn 0.5895 -0.2178 -0.7779
vn 0.5308 -0.2285 -0.8161
vn 0.6192 -0.0963 -0.7793
vn 0.5757 -0.2426 -0.7809
vn 0.5877 -0.2550 -0.7678
vn 0.5598 -0.2582 -0.7874
vn 0.5878 -0.1731 -0.7903
vn 0.6232 -0.1659 -0.7642
vn 0.6607 -0.0347 -0.7498
vn 0.5892 0.2167 -0.7784
vn 0.6467 0.0174 -0.7626
vn 0.5702 -0.1527 -0.8072
vn 0.5264 -0.0044 -0.8502
vn 0.5613 -0.1224 -0.8185
vn 0.5845 -0.1983 -0.7868
vn 0.5186 0.3226 -0.7918
vn 0.5642 0.2144 -0.7973
vn 0.6159 -0.1831 -0.7662
vn 0.5944 -0.2003 -0.7788
vn 0.6315 0.0482 -0.7739
vn 0.6119 -0.1711 -0.7722
vn 0.5775 -0.0969 -0.8106
vn 0.6025 -0.2216 -0.7667
vn 0.5717 0.0793 -0.8166
vn 0.5880 0.3373 -0.7351
vn 0.5710 -0.2582 -0.7793
vn 0.5890 -0.2490 -0.7688
vn 0.6221 0.5893 -0.5154
vn 0.6696 0.5479 -0.5015
vn 0.6263 0.4930 -0.6040
vn 0.5796 0.5103 -0.6354
vn 0.6625 0.5459 -0.5129
vn 0.6150 0.5164 -0.5960
vn 0.6077 0.5118 -0.6073
vn 0.5504 0.4903 -0.6758
vn 0.6193 0.4961 -0.6086
vn 0.3497 0.6788 -0.6457
vn 0.6714 0.5414 -0.5061
vn 0.6319 0.4969 -0.5948
vn 0.6270 0.4406 -0.6424
vn 0.6055 0.3823 -0.6980
vn 0.5561 0.4457 -0.7015
vn 0.4504 0.4400 -0.7769
vn 0.2955 0.4971 -0.8158
vn 0.2002 0.3737 -0.9057
vn 0.3268 0.5681 -0.7553
vn 0.6993 0.5066 -0.5043
vn 0.7275 0.4575 -0.5113
vn 0.6820 0.4232 -0.5964
vn 0.6511 0.4613 -0.6028
vn 0.7137 0.4714 -0.5180
vn 0.6651 0.4463 -0.5987
vn 0.6135 0.3893 -0.6871
vn 0.6081 0.4067 -0.6817
vn 0.5967 0.4099 -0.6899
vn 0.7433 0.4341 -0.5090
vn 0.6750 0.4321 -0.5980
vn 0.5937 0.3958 -0.7006
vn 0.3054 0.3498 -0.8856
vn 0.4850 0.3262 -0.8114
vn 0.4554 0.3228 -0.8297
vn 0.2125 0.3541 -0.9108
vn 0.5715 0.2785 -0.7719
vn 0.5753 0.2944 -0.7631
vn 0.4188 0.3591 -0.8341
vn 0.1665 0.4009 -0.9009
vn 0.5681 0.3250 -0.7561
vn 0.0839 0.3015 -0.9498
vn 0.5451 0.3663 -0.7541
vn 0.3610 0.3925 -0.8459
vn 0.1518 0.4259 -0.8919
vn 0.0182 0.4163 -0.9090
vn 0.0336 0.4638 -0.8853
vn 0.0272 0.3468 -0.9376
vn 0.7332 -0.4779 -0.4837
vn 0.7032 -0.4772 -0.5271
vn 0.7654 -0.3011 -0.5688
vn 0.8008 -0.2772 -0.5309
vn 0.5713 -0.4738 -0.6701
vn 0.6684 -0.3005 -0.6804
vn 0.8018 -0.2442 -0.5454
vn 0.8637 -0.1684 -0.4751
vn 0.7090 -0.2834 -0.6457
vn 0.4327 -0.8877 -0.1574
vn 0.3747 -0.8787 -0.2957
vn 0.2253 -0.8495 -0.4771
vn 0.1499 -0.8470 -0.5100
vn 0.4237 -0.4804 -0.7679
vn 0.5278 -0.2979 -0.7954
vn 0.5664 -0.2916 -0.7708
vn 0.7642 -0.1891 -0.6167
vn 0.8720 -0.1059 -0.4778
vn 0.9119 -0.0274 -0.4095
vn 0.4007 -0.5135 -0.7588
vn 0.4436 -0.5505 -0.7072
vn 0.5128 -0.3758 -0.7718
vn 0.4932 -0.3328 -0.8038
vn 0.4751 -0.5638 -0.6756
vn 0.5269 -0.3954 -0.7523
vn 0.5519 -0.3187 -0.7706
vn 0.5233 -0.2921 -0.8005
vn 0.5523 -0.3474 -0.7578
vn 0.1734 -0.8552 -0.4885
vn 0.2402 -0.8766 -0.4170
vn 0.3019 -0.8764 -0.3752
vn 0.3989 -0.8595 -0.3197
vn 0.5281 -0.5611 -0.6374
vn 0.5512 -0.3994 -0.7325
vn 0.5467 -0.3483 -0.7615
vn 0.9226 0.0385 -0.3838
vn 0.9132 0.0180 -0.4071
vn 0.9080 0.0392 -0.4171
vn 0.9214 0.0150 -0.3884
vn 0.8071 -0.0382 -0.5892
vn 0.8005 0.0497 -0.5972
vn 0.8206 0.2129 -0.5305
vn 0.8765 0.1706 -0.4502
vn 0.7002 0.2304 -0.6758
vn 0.6246 -0.0486 -0.7794
vn 0.5858 0.0226 -0.8101
vn 0.6876 -0.0569 -0.7238
vn 0.7223 -0.1804 -0.6676
vn 0.5493 -0.0017 -0.8356
vn 0.6359 -0.1025 -0.7649
vn 0.7084 -0.1206 -0.6955
vn 0.7345 -0.2677 -0.6236
vn 0.6495 -0.1555 -0.7443
vn 0.4354 -0.1831 -0.8814
vn 0.4265 0.0992 -0.8990
vn 0.5603 -0.4530 -0.6934
vn 0.3933 0.1423 -0.9083
vn 0.3345 0.2225 -0.9157
vn 0.2453 0.4456 -0.8610
vn 0.4873 0.1760 -0.8553
vn 0.6006 -0.0281 -0.7990
vn 0.6159 -0.1127 -0.7797
vn 0.6510 -0.2072 -0.7302
vn 0.7081 -0.1790 -0.6830
vn 0.7156 -0.3380 -0.6112
vn 0.6372 -0.6394 -0.4303
vn 0.6018 -0.6953 -0.3929
vn 0.6347 -0.5778 -0.5131
vn 0.3399 0.3896 -0.8560
vn 0.2073 0.4786 -0.8532
vn 0.3677 0.3429 -0.8644
vn 0.5018 0.1389 -0.8538
vn 0.1641 0.4714 -0.8665
vn 0.3209 0.4415 -0.8379
vn 0.5399 0.1762 -0.8231
vn 0.5723 -0.0264 -0.8196
vn 0.5311 0.3769 -0.7589
vn 0.1507 0.5751 -0.8041
vn 0.0892 0.5535 -0.8281
vn 0.0580 0.5037 -0.8619
vn 0.7188 -0.4193 -0.5545
vn 0.7061 -0.2520 -0.6617
vn 0.6649 -0.3269 -0.6716
vn 0.6828 -0.4910 -0.5410
vn 0.6365 -0.2574 -0.7271
vn 0.6053 -0.3003 -0.7371
vn 0.6070 -0.3809 -0.6975
vn 0.6107 -0.5397 -0.5794
vn 0.5723 -0.3321 -0.7498
vn 0.5824 -0.7468 -0.3212
vn 0.4905 -0.8217 -0.2900
vn 0.5553 -0.7844 -0.2762
vn -0.1177 0.9615 -0.2484
vn -0.0775 0.9489 -0.3060
vn -0.0327 0.9678 -0.2494
vn -0.0733 0.9835 -0.1656
vn -0.0129 0.9312 -0.3644
vn 0.0393 0.9564 -0.2894
vn -0.0171 0.9941 -0.1075
vn -0.0541 0.9953 -0.0809
vn 0.0709 0.9875 -0.1406
vn 0.0078 0.9440 -0.3299
vn -0.0834 0.9115 -0.4029
vn -0.1417 0.9687 -0.2039
vn -0.0690 0.8799 -0.4701
vn -0.0226 0.8526 -0.5221
vn 0.0660 0.8077 -0.5859
vn 0.0861 0.9194 -0.3837
vn 0.1180 0.9452 -0.3044
vn 0.1235 0.9714 -0.2028
vn 0.1250 0.9829 -0.1352
vn 0.1211 0.9912 -0.0540
vn 0.0773 0.9962 -0.0408
vn 0.0154 0.9992 -0.0358
vn -0.0655 0.9968 -0.0454
vn -0.0289 0.9995 -0.0114
vn -0.1268 0.9873 -0.0955
vn 0.2237 0.8143 -0.5356
vn 0.1978 0.8983 -0.3923
vn 0.2437 0.9121 -0.3298
vn 0.2429 0.8434 -0.4793
vn 0.1858 0.9480 -0.2585
vn 0.2324 0.9495 -0.2109
vn 0.1785 0.9251 -0.3352
vn 0.1549 0.8832 -0.4427
vn 0.1791 0.9583 -0.2226
vn 0.0411 0.6419 -0.7657
vn -0.0019 0.7438 -0.6684
vn 0.2731 0.6867 -0.6737
vn -0.0202 0.8480 -0.5296
vn -0.0360 0.9299 -0.3661
vn -0.0403 0.9795 -0.1975
vn 0.1795 0.9764 -0.1203
vn 0.2204 0.9698 -0.1047
vn 0.1765 0.9762 -0.1261
vn 0.1567 0.7443 -0.6492
vn 0.2432 0.6971 -0.6745
vn 0.2026 0.9753 0.0882
vn 0.1628 0.9841 0.0704
vn 0.1752 0.9838 0.0376
vn 0.2032 0.9786 0.0337
vn 0.1074 0.9940 0.0212
vn 0.1406 0.9900 0.0124
vn 0.1931 0.9812 -0.0018
vn 0.1876 0.9822 -0.0078
vn 0.1605 0.9866 -0.0301
vn 0.0326 0.9868 0.1588
vn 0.1903 0.9754 0.1115
vn 0.0095 0.9919 0.1263
vn 0.1508 0.9835 0.1000
vn 0.0595 0.9966 0.0567
vn -0.0293 0.9974 -0.0656
vn -0.0123 0.9995 0.0295
vn 0.0769 0.8199 -0.5674
vn 0.1969 0.7674 -0.6102
vn 0.2883 0.8168 -0.4997
vn 0.1992 0.8710 -0.4492
vn 0.3014 0.6964 -0.6513
vn 0.3385 0.7554 -0.5610
vn 0.3122 0.8739 -0.3726
vn 0.2758 0.9094 -0.3112
vn 0.3383 0.8288 -0.4457
vn 0.0494 0.7445 -0.6658
vn 0.0483 0.9069 -0.4185
vn 0.1137 0.6596 -0.7430
vn 0.2590 0.5977 -0.7587
vn 0.3571 0.5392 -0.7628
vn 0.3781 0.6410 -0.6679
vn 0.3955 0.7193 -0.5712
vn 0.2771 0.8363 -0.4730
vn 0.1471 0.9302 -0.3363
vn 0.2537 0.9213 -0.2947
vn 0.2776 0.9337 -0.2260
vn 0.2294 0.9366 -0.2650
vn 0.2658 0.9482 -0.1741
vn 0.1178 0.9206 -0.3724
vn 0.3703 0.6088 -0.7016
vn 0.1001 0.5332 -0.8400
vn 0.0191 0.5770 -0.8165
vn 0.2642 0.6847 -0.6793
vn -0.0449 0.4525 -0.8906
vn 0.0049 0.4999 -0.8661
vn -0.0230 0.7159 -0.6979
vn 0.0728 0.8049 -0.5890
vn 0.0314 0.6360 -0.7711
vn 0.4005 0.4907 -0.7738
vn 0.2061 0.4324 -0.8778
vn -0.0374 0.3577 -0.9331
vn 0.0074 0.3283 -0.9445
vn 0.0473 0.4172 -0.9076
vn 0.0890 0.4449 -0.8912
vn 0.0910 0.5757 -0.8126
vn 0.0620 0.9828 -0.1740
vn -0.0466 0.9757 -0.2142
vn -0.2235 0.9597 -0.1701
vn -0.2120 0.9696 -0.1223
vn -0.1320 0.9659 -0.2228
vn -0.1901 0.9695 -0.1545
vn -0.1745 0.9752 -0.1365
vn -0.1978 0.9710 -0.1342
vn -0.1135 0.9913 -0.0661
vn 0.1121 0.9846 -0.1339
vn -0.0468 0.9989 0.0037
vn -0.0911 0.9944 -0.0531
vn -0.1332 0.9852 -0.1077
vn -0.2088 0.9662 -0.1514
vn -0.1510 0.9781 -0.1433
vn -0.1871 0.9749 -0.1207
vn -0.1017 0.2594 -0.9604
vn -0.0713 0.3037 -0.9501
vn -0.1311 0.3360 -0.9327
vn -0.1610 0.2801 -0.9464
vn -0.0452 0.3852 -0.9217
vn -0.1035 0.4299 -0.8969
vn -0.0681 0.3735 -0.9251
vn -0.0149 0.3433 -0.9391
vn -0.1122 0.4580 -0.8819
vn -0.1018 0.1583 -0.9821
vn -0.0944 0.1766 -0.9797
vn -0.1368 0.2048 -0.9692
vn -0.0771 0.2047 -0.9758
vn -0.1020 0.2462 -0.9638
vn -0.1780 0.3364 -0.9248
vn -0.0525 0.5318 -0.8452
vn -0.0934 0.5621 -0.8218
vn -0.1360 0.5662 -0.8130
vn 0.1193 0.5271 -0.8414
vn 0.1912 0.4398 -0.8775
vn 0.2542 0.3656 -0.8954
vn 0.0551 0.2837 -0.9573
vn 0.3164 0.2557 -0.9135
vn -0.1875 0.2386 -0.9529
vn -0.1017 0.6888 -0.7178
vn -0.1597 0.8071 -0.5685
vn -0.1680 0.7978 -0.5791
vn -0.1172 0.6797 -0.7241
vn -0.1945 0.8727 -0.4479
vn -0.1945 0.8765 -0.4404
vn -0.1794 0.7814 -0.5977
vn -0.1493 0.6611 -0.7353
vn -0.2078 0.8792 -0.4287
vn -0.3023 0.4618 -0.8339
vn -0.4327 0.5661 -0.7016
vn -0.5451 0.6284 -0.5550
vn -0.6513 0.6780 -0.3407
vn -0.2340 0.9329 -0.2738
vn -0.1992 0.9402 -0.2762
vn -0.2177 0.9415 -0.2572
vn 0.3149 0.3670 -0.8753
vn 0.3213 0.4658 -0.8245
vn 0.2498 0.4611 -0.8515
vn 0.2380 0.3896 -0.8897
vn 0.3097 0.5582 -0.7697
vn 0.2505 0.5402 -0.8034
vn 0.1615 0.4422 -0.8822
vn 0.1529 0.3993 -0.9040
vn 0.1657 0.5443 -0.8224
vn 0.3000 0.2354 -0.9245
vn 0.1421 0.2854 -0.9478
vn 0.2327 0.2614 -0.9368
vn -0.4255 0.7677 0.4791
vn -0.4157 0.8618 0.2908
vn -0.3717 0.8760 0.3074
vn -0.3776 0.8138 0.4418
vn -0.2230 0.9581 0.1799
vn -0.2215 0.9503 0.2189
vn -0.3216 0.9027 0.2858
vn -0.3309 0.8513 0.4073
vn -0.2323 0.9514 0.2020
vn -0.6503 0.7230 -0.2332
vn -0.5750 0.8153 0.0686
vn -0.5875 0.5200 0.6200
vn -0.4819 0.8720 0.0862
vn -0.2104 0.9735 0.0894
vn 0.0653 0.9943 0.0848
vn 0.0708 0.9921 0.1032
vn 0.0749 0.9847 0.1574
vn 0.0583 0.9852 0.1609
vn -0.2348 0.9509 0.2017
vn -0.2638 0.9269 0.2670
vn -0.2999 0.8808 0.3665
vn -0.6185 0.5806 0.5296
vn -0.6500 0.6065 0.4578
vn -0.5951 0.5459 0.5898
vn 0.1307 0.9899 0.0543
vn 0.0737 0.9971 0.0197
vn 0.0991 0.9939 0.0488
vn 0.1543 0.9830 0.0992
vn -0.0594 0.9977 -0.0329
vn -0.0211 0.9991 0.0358
vn 0.1304 0.9878 0.0857
vn 0.1770 0.9761 0.1259
vn 0.0086 0.9987 0.0502
vn 0.1107 0.9937 0.0175
vn 0.0421 0.9972 -0.0616
vn -0.0930 0.9900 -0.1063
vn -0.2889 0.9200 0.2647
vn -0.2240 0.9543 0.1976
vn -0.2108 0.9761 0.0535
vn -0.2870 0.9542 0.0847
vn -0.2318 0.9595 0.1598
vn -0.2252 0.9734 0.0428
vn -0.2057 0.9740 -0.0948
vn -0.2705 0.9594 -0.0800
vn -0.2194 0.9709 -0.0959
vn -0.6902 0.6394 0.3388
vn -0.7125 0.6961 -0.0876
vn -0.7211 0.6793 0.1366
vn -0.1310 0.9897 -0.0580
vn -0.2158 0.9692 -0.1188
vn -0.2083 0.9761 -0.0622
vn -0.1743 0.9845 0.0196
vn -0.1713 0.9745 -0.1447
vn -0.1269 0.9875 -0.0929
vn -0.1474 0.9891 -0.0018
vn -0.1779 0.9812 0.0751
vn -0.0527 0.9967 -0.0611
vn 0.1951 0.9718 0.1324
vn -0.0865 0.9951 -0.0476
vn 0.0886 0.9941 0.0627
vn -0.2134 0.9654 -0.1501
vn -0.1951 0.9680 -0.1576
vn -0.1045 0.9849 -0.1381
vn -0.0780 0.9852 -0.1526
vn -0.0506 0.9891 -0.1384
vn -0.0310 0.9927 -0.1163
vn -0.0465 0.9988 -0.0146
vn -0.0317 0.9994 0.0109
vn -0.0636 0.9971 0.0422
vn -0.1192 0.9889 0.0892
vn -0.1449 0.9765 0.1598
vn -0.1234 0.9728 0.1961
vn -0.0496 0.9958 0.0768
vn -0.0173 0.9998 0.0016
vn -0.0788 0.9938 0.0781
vn -0.0401 0.9968 -0.0693
vn -0.0160 0.9935 -0.1123
vn -0.1456 0.9628 0.2276
vn -0.0824 0.9964 0.0208
vn -0.0498 0.9885 -0.1429
vn -0.0385 0.9855 -0.1650
vn -0.0765 0.9921 -0.0992
vn -0.0364 0.9961 0.0809
vn -0.1055 0.9742 0.1998
vn 0.0113 0.9947 -0.1024
vn -0.1784 0.9441 0.2774
vn -0.2120 0.9001 0.3806
vn -0.1983 0.8273 0.5256
vn -0.2074 0.8926 0.4003
vn -0.1484 0.9729 0.1773
vn -0.0772 0.9966 0.0288
vn -0.0493 0.9827 -0.1783
vn -0.0045 0.9847 -0.1742
vn -0.2554 0.6351 0.7290
vn -0.1718 0.8158 0.5522
vn -0.1909 0.8879 0.4186
vn -0.2934 0.7285 0.6190
vn -0.0835 0.9681 0.2362
vn -0.0589 0.9831 0.1733
vn -0.1973 0.9368 0.2887
vn -0.2806 0.8229 0.4941
vn -0.0689 0.9914 0.1116
vn -0.2138 0.5914 0.7775
vn -0.2239 0.5803 0.7830
vn -0.2350 0.6324 0.7381
vn -0.1955 0.7507 0.6311
vn -0.1115 0.9444 0.3095
vn -0.2160 0.7681 0.6028
vn -0.2390 0.6969 0.6762
vn 0.0543 0.9847 -0.1657
vn 0.1116 0.9698 -0.2170
vn 0.1404 0.9866 -0.0834
vn 0.0761 0.9971 -0.0064
vn 0.2088 0.9684 -0.1366
vn 0.2087 0.9746 -0.0810
vn 0.1739 0.9847 -0.0069
vn 0.1275 0.9874 0.0941
vn 0.2159 0.9764 0.0021
vn 0.2715 0.9401 0.2059
vn 0.2569 0.9633 -0.0779
vn 0.2545 0.9660 -0.0446
vn 0.2487 0.9677 0.0418
vn 0.2419 0.9623 0.1244
vn 0.1925 0.9686 0.1570
vn 0.1644 0.9578 0.2358
vn 0.1835 0.8366 0.5161
vn 0.2145 0.7618 0.6112
vn 0.1809 0.8962 0.4051
vn 0.1015 0.9920 -0.0756
vn -0.1857 0.9730 -0.1369
vn -0.2060 0.9581 -0.1990
vn 0.0590 0.9917 -0.1138
vn -0.2017 0.9683 -0.1471
vn -0.1951 0.9707 -0.1405
vn -0.2198 0.9631 -0.1554
vn -0.0171 0.9973 -0.0709
vn -0.1977 0.9675 -0.1574
vn -0.1579 0.9756 -0.1526
vn -0.1513 0.9768 -0.1513
vn -0.1293 0.9806 -0.1474
vn 0.2142 0.9117 0.3505
vn 0.2392 0.9500 0.2006
vn 0.2670 0.9170 0.2965
vn 0.2712 0.8709 0.4099
vn 0.2612 0.9489 0.1774
vn 0.1973 0.9479 0.2499
vn 0.2359 0.8945 0.3797
vn 0.2875 0.8188 0.4970
vn 0.0120 0.9713 0.2376
vn 0.2560 0.6734 0.6935
vn -0.1206 0.9567 0.2649
vn 0.0483 0.9138 0.4032
vn 0.2540 0.7896 0.5586
vn 0.3603 0.5434 0.7582
vn 0.3699 0.5079 0.7779
vn 0.3309 0.6058 0.7236
vn -0.5893 0.7776 -0.2191
vn -0.6020 0.7933 -0.0913
vn -0.4879 0.8676 -0.0962
vn -0.4996 0.8607 -0.0985
vn -0.5932 0.8049 -0.0138
vn -0.4438 0.8915 0.0911
vn -0.2034 0.9764 -0.0724
vn -0.2007 0.9791 -0.0334
vn -0.1950 0.9744 0.1118
vn -0.6506 0.6614 -0.3732
vn -0.6898 0.7205 -0.0708
vn -0.6963 0.7177 -0.0097
vn -0.6934 0.7121 0.1097
vn -0.5318 0.8273 0.1812
vn -0.3675 0.8797 0.3017
vn -0.2056 0.9395 0.2740
vn 0.0131 0.9995 -0.0297
vn 0.0332 0.9960 -0.0830
vn 0.0496 0.9987 -0.0070
vn -0.4405 0.8144 0.3777
vn -0.3880 0.7882 0.4778
vn -0.3097 0.8379 0.4495
vn -0.3172 0.8544 0.4115
vn -0.3470 0.7474 0.5666
vn -0.2990 0.7947 0.5282
vn -0.2470 0.8820 0.4013
vn -0.2273 0.9028 0.3651
vn -0.2535 0.8501 0.4616
vn -0.6370 0.7017 0.3190
vn -0.5534 0.7052 0.4432
vn -0.4508 0.6955 0.5595
vn -0.3769 0.6565 0.6534
vn -0.2963 0.7095 0.6394
vn -0.2649 0.7234 0.6376
vn -0.2322 0.7701 0.5942
vn 0.0770 0.9952 -0.0605
vn 0.0490 0.9910 -0.1246
vn 0.0083 0.9827 -0.1851
vn 0.0221 0.9899 -0.1399
vn 0.0313 0.9894 -0.1417
vn -0.0000 0.9821 -0.1886
vn -0.0862 0.9762 -0.1988
vn -0.0993 0.9829 -0.1553
vn -0.0680 0.9798 -0.1880
vn -0.1178 0.2240 0.9674
vn -0.1993 0.2901 0.9360
vn -0.1712 0.3532 0.9198
vn -0.1021 0.2984 0.9490
vn -0.2262 0.3767 0.8983
vn -0.2205 0.4348 0.8731
vn -0.1550 0.4205 0.8939
vn -0.0955 0.3675 0.9251
vn -0.2020 0.4802 0.8536
vn -0.0344 0.0602 0.9976
vn -0.0935 0.0727 0.9930
vn -0.0550 0.1382 0.9889
vn -0.1568 0.1001 0.9825
vn -0.1802 0.1685 0.9691
vn -0.1920 0.2539 0.9480
vn -0.2243 0.4656 0.8561
vn -0.2307 0.5511 0.8019
vn -0.2084 0.5621 0.8003
vn -0.2023 0.5527 0.8084
vn -0.1371 0.4981 0.8562
vn -0.0942 0.4279 0.8989
vn -0.0555 0.2858 0.9567
vn -0.0930 0.3673 0.9254
vn -0.0557 0.2105 0.9760
vn -0.2461 0.5167 0.8200
vn -0.1721 0.6402 0.7487
vn -0.2073 0.6951 0.6883
vn -0.2520 0.5561 0.7920
vn 0.0506 0.7514 0.6579
vn -0.1230 0.8706 0.4764
vn -0.2115 0.7102 0.6715
vn -0.2468 0.5861 0.7718
vn -0.1179 0.9078 0.4024
vn -0.2042 0.3134 0.9274
vn -0.0472 0.4070 0.9122
vn 0.2384 0.4846 0.8416
vn -0.1580 0.5542 0.8172
vn -0.1632 0.6001 0.7831
vn -0.2090 0.6663 0.7158
vn -0.2220 0.6506 0.7263
vn -0.1966 0.6212 0.7586
vn -0.2047 0.6741 0.7097
vn -0.2400 0.6913 0.6815
vn -0.2549 0.6892 0.6783
vn -0.2164 0.7102 0.6699
vn -0.2075 0.4727 0.8565
vn -0.3335 0.6152 0.7144
vn -0.2807 0.5499 0.7866
vn 0.1433 0.3373 0.9304
vn 0.2736 0.3357 0.9013
vn 0.2454 0.4361 0.8658
vn 0.1709 0.4057 0.8979
vn 0.3640 0.3160 0.8761
vn 0.3417 0.3954 0.8526
vn 0.2015 0.5450 0.8139
vn 0.2344 0.5215 0.8204
vn 0.2955 0.4738 0.8296
vn 0.1120 0.2868 0.9514
vn 0.1540 0.3227 0.9339
vn 0.2076 0.2530 0.9449
vn 0.2931 0.2998 0.9079
vn 0.3890 0.2541 0.8855
vn 0.4564 0.2213 0.8618
vn 0.4386 0.2802 0.8539
vn 0.4022 0.3373 0.8511
vn 0.3578 0.3898 0.8486
vn 0.3065 0.4670 0.8294
vn 0.2387 0.5377 0.8086
vn 0.1758 0.5748 0.7991
vn 0.2976 0.5374 0.7891
vn 0.4352 0.3907 0.8111
vn 0.4663 0.4834 0.7409
vn 0.3318 0.2755 0.9022
vn 0.1499 0.2599 0.9539
vn -0.2504 0.2081 0.9455
vn -0.2815 0.2277 0.9321
vn 0.1182 0.2897 0.9498
vn -0.3086 0.1164 0.9440
vn -0.3585 0.1776 0.9165
vn -0.2990 0.2675 0.9160
vn 0.0774 0.3351 0.9390
vn -0.3755 0.2508 0.8922
vn 0.1834 0.2104 0.9603
vn -0.1917 0.1236 0.9736
vn -0.2511 0.0436 0.9670
vn -0.2292 -0.0281 0.9730
vn -0.2887 0.0097 0.9574
vn -0.3560 0.0988 0.9293
vn -0.3854 0.2637 0.8843
vn -0.3533 0.3643 0.8617
vn -0.3628 0.3008 0.8820
vn -0.3181 0.3100 0.8959
vn 0.0268 0.4036 0.9146
vn 0.3090 0.4339 0.8463
vn 0.1855 0.3799 0.9062
vn 0.1651 0.0498 0.9850
vn 0.2164 0.2268 0.9496
vn 0.2325 0.3750 0.8974
vn 0.2471 0.0302 0.9685
vn 0.1310 -0.0762 0.9885
vn 0.0615 0.0540 0.9966
vn 0.2491 -0.0798 0.9652
vn 0.4219 0.5303 0.7354
vn 0.2920 0.3732 0.8806
vn 0.3133 0.0846 0.9459
vn 0.3307 -0.0561 0.9421
vn 0.3450 -0.0414 0.9377
vn 0.2530 -0.0644 0.9653
vn 0.1112 -0.0673 0.9915
vn -0.0606 0.0136 0.9981
vn 0.1136 0.3798 0.9181
vn -0.1065 0.2587 0.9601
vn 0.3142 0.4879 0.8144
vn 0.0015 0.3631 0.9317
vn -0.3308 0.3141 0.8899
vn -0.2953 0.3272 0.8976
vn 0.0471 0.2022 0.9782
vn -0.3440 0.3196 0.8829
vn -0.3368 0.3804 0.8613
vn -0.1865 0.3112 0.9319
vn 0.1776 0.0855 0.9804
vn -0.3391 0.4075 0.8479
vn -0.3149 0.3637 0.8767
vn -0.2952 0.3845 0.8747
vn -0.2917 0.4168 0.8609
vn -0.2849 0.4272 0.8581
vn -0.3256 0.3755 0.8677
vn -0.0461 0.2644 0.9633
vn 0.3108 0.0667 0.9481
vn 0.4380 0.6172 0.6536
vn 0.2659 0.5518 0.7905
vn 0.2825 0.3120 0.9071
vn 0.4152 0.3374 0.8448
vn 0.1873 0.4497 0.8733
vn 0.1210 0.2935 0.9483
vn 0.3133 0.2058 0.9271
vn 0.3366 0.2592 0.9053
vn 0.1515 0.2548 0.9551
vn 0.2136 0.3198 0.9231
vn 0.1320 0.2289 0.9645
vn 0.0854 0.2966 0.9512
vn 0.2513 0.1797 0.9511
vn 0.2911 0.1326 0.9474
vn 0.2302 0.2332 0.9448
vn 0.2874 0.2405 0.9271
vn 0.3635 0.2090 0.9079
vn 0.3551 0.1181 0.9273
vn 0.2450 0.1543 0.9572
vn 0.3989 0.1986 0.8952
vn 0.4121 0.1334 0.9013
vn 0.3276 0.2177 0.9194
vn 0.1899 0.2701 0.9439
vn 0.4149 0.1830 0.8912
vn 0.4331 0.2013 0.8786
vn 0.4442 0.1529 0.8828
vn 0.4498 0.1941 0.8718
vn 0.2988 0.1797 0.9372
vn -0.0009 0.1100 0.9939
vn -0.0400 0.0566 0.9976
vn 0.2650 0.1264 0.9559
vn -0.1492 0.0440 0.9878
vn -0.1825 -0.0147 0.9831
vn -0.1159 0.0906 0.9891
vn 0.2204 0.1941 0.9559
vn -0.2160 -0.0052 0.9764
vn -0.1590 -0.0201 0.9871
vn -0.1775 -0.0646 0.9820
vn -0.1970 -0.0357 0.9798
vn -0.1165 -0.0618 0.9913
vn -0.0911 -0.0518 0.9945
vn -0.0744 -0.0859 0.9935
vn -0.1124 -0.0782 0.9906
vn -0.0294 -0.0405 0.9987
vn -0.0058 -0.0893 0.9960
vn -0.0543 -0.1525 0.9868
vn -0.1371 -0.0989 0.9856
vn 0.0277 -0.1366 0.9902
vn 0.0018 -0.0173 0.9998
vn 0.0338 -0.0633 0.9974
vn 0.0918 -0.0736 0.9931
vn 0.1704 -0.0834 0.9818
vn 0.0840 -0.1727 0.9814
vn -0.0539 -0.1872 0.9809
vn -0.1888 -0.1117 0.9756
vn -0.2479 -0.0966 0.9640
vn -0.0589 -0.1583 0.9856
vn -0.0443 0.0158 0.9989
vn -0.3053 0.0224 0.9520
vn 0.1514 -0.1267 0.9803
vn 0.2007 0.0517 0.9783
vn -0.0394 0.2873 0.9570
vn -0.3260 0.2839 0.9018
vn 0.1987 0.2509 0.9474
vn 0.2326 -0.0588 0.9708
vn 0.2564 0.0689 0.9641
vn 0.2351 0.1963 0.9519
vn 0.1878 0.2803 0.9414
vn 0.1331 0.3761 0.9170
vn -0.0734 0.4653 0.8821
vn -0.2979 0.4460 0.8440
vn -0.2598 0.4291 0.8651
vn -0.1072 0.4752 0.8733
vn -0.1140 0.4633 0.8788
vn -0.2236 0.4245 0.8774
vn 0.0523 0.4348 0.8990
vn -0.0126 0.4388 0.8985
vn -0.1300 0.4483 0.8844
vn -0.1986 0.4408 0.8753
vn -0.0684 0.4096 0.9097
vn 0.1300 0.3552 0.9257
vn 0.0710 0.3729 0.9252
vn 0.0042 0.3391 0.9407
vn -0.0833 0.3169 0.9448
vn -0.1128 0.3907 0.9136
vn -0.1569 0.4189 0.8944
vn -0.2037 0.4408 0.8742
vn -0.2223 0.4539 0.8629
vn -0.1899 0.4190 0.8879
vn -0.2416 0.3494 0.9053
vn -0.2610 0.3904 0.8828
vn -0.1545 0.3673 0.9172
vn -0.2301 0.2684 0.9354
vn -0.3368 0.0464 0.9404
vn -0.3459 0.0922 0.9337
vn -0.3345 -0.0323 0.9418
vn -0.2721 0.4540 0.8485
vn -0.1817 0.2700 0.9456
vn -0.2878 0.1044 0.9520
vn -0.3803 -0.2031 0.9023
vn -0.4330 -0.4404 0.7865
vn -0.4468 -0.4128 0.7937
vn -0.4543 -0.4037 0.7941
vn -0.4337 -0.4248 0.7946
vn -0.2807 0.0546 0.9582
vn -0.3015 -0.4845 0.8212
vn -0.2780 0.3955 0.8754
vn 0.3776 0.0647 0.9237
vn 0.0882 0.2094 0.9738
vn 0.1906 0.1515 0.9699
vn 0.3975 0.1120 0.9107
vn -0.2620 0.3749 0.8893
vn -0.1540 0.2799 0.9476
vn 0.1818 -0.0223 0.9831
vn 0.3652 0.0154 0.9308
vn -0.1070 -0.0160 0.9941
vn 0.3628 0.0174 0.9317
vn -0.1782 -0.5100 0.8415
vn 0.0630 -0.4947 0.8668
vn 0.3000 -0.4449 0.8438
vn 0.3621 0.0666 0.9298
vn 0.3153 -0.3961 0.8624
vn 0.3839 0.0917 0.9188
vn -0.1519 0.0083 0.9884
vn 0.0886 -0.0694 0.9936
vn 0.0597 0.0136 0.9981
vn -0.2365 0.0797 0.9684
vn 0.2734 -0.0357 0.9612
vn 0.3121 0.0335 0.9495
vn 0.0173 0.1936 0.9809
vn -0.2624 0.1820 0.9476
vn 0.3062 0.1341 0.9425
vn -0.2411 0.1643 0.9565
vn 0.2670 -0.2970 0.9168
vn -0.0326 -0.2214 0.9746
vn -0.3017 -0.2978 0.9057
vn -0.3251 0.1694 0.9304
vn -0.3852 -0.3260 0.8634
vn -0.3047 0.1788 0.9355
vn 0.0699 0.4648 0.8826
vn -0.0400 0.5308 0.8465
vn -0.0349 0.3421 0.9390
vn 0.1876 0.2983 0.9358
vn -0.1619 0.3762 0.9123
vn -0.2469 0.2770 0.9286
vn 0.0086 0.1832 0.9830
vn 0.2005 0.2002 0.9590
vn -0.2491 0.1797 0.9517
vn -0.0572 0.6578 0.7510
vn -0.0004 0.6781 0.7350
vn -0.0270 0.5462 0.8372
vn -0.2248 -0.3635 0.9040
vn 0.0654 -0.3923 0.9175
vn 0.1970 -0.3853 0.9015
vn -0.1137 0.6326 0.7661
vn 0.0338 0.6851 0.7277
vn 0.0277 0.6992 0.7144
vn -0.0892 0.6778 0.7298
vn 0.3100 0.6490 0.6948
vn 0.2267 0.6553 0.7206
vn 0.0193 0.7156 0.6983
vn -0.0854 0.6994 0.7096
vn 0.1183 0.6481 0.7523
vn -0.1524 0.5552 0.8176
vn 0.0594 0.5911 0.8044
vn 0.3981 0.5383 0.7428
vn 0.0960 0.1958 0.9759
vn 0.2269 0.0718 0.9713
vn 0.1695 0.1177 0.9785
vn -0.0390 0.2057 0.9778
vn 0.3454 0.0996 0.9331
vn 0.4116 0.1462 0.8996
vn 0.1212 0.3329 0.9351
vn -0.1385 0.3697 0.9188
vn 0.4424 0.3105 0.8414
vn 0.0260 0.0477 -0.9985
vn -0.0230 0.0038 -0.9997
vn 0.1883 -0.0546 -0.9806
vn 0.1857 -0.0228 -0.9823
vn -0.0801 0.0440 -0.9958
vn 0.2110 -0.0150 -0.9774
vn 0.3756 0.0132 -0.9267
vn 0.2922 0.0513 -0.9550
vn 0.4382 0.0316 -0.8983
vn 0.1721 0.2885 -0.9419
vn 0.1231 0.1547 -0.9803
vn 0.1019 0.1310 -0.9861
vn 0.0332 0.1352 -0.9903
vn -0.1083 0.2177 -0.9700
vn -0.2314 0.2540 -0.9391
vn -0.1236 0.1397 -0.9824
vn 0.2517 0.1208 -0.9602
vn 0.4778 0.1424 -0.8669
vn 0.3369 0.2182 -0.9159
vn 0.2889 0.1682 -0.9425
vn 0.2053 0.2091 -0.9561
vn 0.1131 0.2424 -0.9636
vn 0.2066 0.0479 -0.9773
vn 0.0302 0.1954 -0.9803
vn 0.2035 0.0047 -0.9791
vn -0.1109 0.3503 -0.9301
vn -0.0576 0.5657 -0.8226
vn 0.2819 0.5447 -0.7898
vn 0.2864 0.3567 -0.8892
vn -0.0204 0.6450 -0.7639
vn 0.2438 0.5815 -0.7762
vn 0.3982 0.4249 -0.8129
vn 0.4691 0.3033 -0.8295
vn 0.2741 0.4137 -0.8682
vn -0.2907 0.3276 -0.8990
vn -0.2760 0.4854 -0.8296
vn -0.2207 0.6055 -0.7646
vn -0.1756 0.6238 -0.7616
vn -0.0178 0.6393 -0.7688
vn 0.1773 0.5434 -0.8205
vn 0.0719 0.3014 -0.9508
vn -0.0895 0.0170 -0.9958
vn 0.0775 0.1361 -0.9877
vn 0.2560 0.2568 -0.9320
vn 0.3380 0.2943 -0.8940
vn 0.0315 0.3006 -0.9532
vn 0.0253 0.3365 -0.9413
vn 0.1624 0.3279 -0.9306
vn 0.1882 0.2442 -0.9513
vn 0.0741 0.3192 -0.9448
vn 0.1470 0.3706 -0.9171
vn 0.2655 0.2773 -0.9234
vn 0.2780 0.2168 -0.9358
vn 0.2471 0.3449 -0.9055
vn 0.0596 0.2581 -0.9643
vn 0.1370 0.3294 -0.9342
vn 0.1478 0.3750 -0.9152
vn 0.2375 0.3534 -0.9048
vn 0.1159 0.3358 -0.9348
vn 0.1677 0.3139 -0.9345
vn 0.2153 0.2463 -0.9450
vn 0.2590 0.1801 -0.9489
vn 0.2820 0.2086 -0.9364
vn 0.3105 0.1478 -0.9390
vn 0.2018 0.2300 -0.9521
vn 0.1556 0.2967 -0.9422
vn 0.1105 0.0879 -0.9900
vn 0.1717 0.0234 -0.9849
vn 0.1553 0.2844 -0.9460
vn 0.0493 -0.0740 -0.9960
vn 0.1807 -0.1171 -0.9765
vn 0.2653 0.0513 -0.9628
vn 0.2427 0.2793 -0.9290
vn 0.2797 -0.1098 -0.9538
vn 0.0309 -0.1007 -0.9944
vn 0.1872 -0.1080 -0.9764
vn 0.2948 -0.0990 -0.9504
vn 0.2909 -0.0771 -0.9536
vn 0.2360 -0.0160 -0.9716
vn 0.1351 0.1632 -0.9773
vn 0.0910 0.3093 -0.9466
vn 0.0516 0.6410 -0.7658
vn 0.0392 0.5442 -0.8380
vn 0.0389 0.5154 -0.8561
vn 0.0649 0.5651 -0.8224
vn 0.0270 0.4469 -0.8942
vn 0.0483 0.4313 -0.9009
vn 0.1640 0.5047 -0.8476
vn 0.2070 0.5161 -0.8311
vn 0.1647 0.4549 -0.8752
vn 0.0133 0.2844 -0.9586
vn 0.0854 0.2694 -0.9592
vn 0.2066 0.3134 -0.9269
vn 0.2194 0.4063 -0.8870
vn 0.2749 0.4481 -0.8507
vn 0.3305 0.4537 -0.8276
vn -0.0109 0.2462 -0.9691
vn -0.0209 0.3573 -0.9338
vn 0.1064 0.3638 -0.9254
vn 0.1071 0.2261 -0.9682
vn -0.0001 0.4483 -0.8939
vn 0.1013 0.4537 -0.8854
vn 0.1749 0.2864 -0.9420
vn 0.2285 0.2112 -0.9504
vn 0.0752 0.3839 -0.9203
vn 0.0174 0.4875 -0.8729
vn 0.0913 0.4697 -0.8781
vn -0.0246 0.3975 -0.9173
vn 0.0226 0.5231 -0.8520
vn 0.0290 0.5900 -0.8069
vn -0.0234 0.5637 -0.8257
vn 0.0506 0.4787 -0.8765
vn 0.0327 0.6381 -0.7693
vn -0.0933 0.6109 -0.7862
vn -0.2058 0.4885 -0.8479
vn -0.1225 0.3949 -0.9105
vn -0.2406 0.5716 -0.7844
vn 0.0378 0.5756 -0.8169
vn -0.1450 0.5866 -0.7968
vn -0.2307 0.5872 -0.7758
vn 0.0658 0.4352 -0.8979
vn 0.1213 0.3294 -0.9363
vn -0.1146 0.4865 -0.8661
vn -0.1559 0.5243 -0.8371
vn 0.1685 0.2314 -0.9582
vn -0.0786 0.2985 -0.9512
vn -0.1693 0.5634 -0.8086
vn -0.2043 0.5601 -0.8028
vn -0.1549 0.3017 -0.9407
vn 0.2329 -0.2731 -0.9334
vn -0.0475 -0.3100 -0.9495
vn -0.1667 -0.3496 -0.9220
vn -0.1092 -0.4073 -0.9067
vn -0.0847 0.2705 -0.9590
vn -0.0964 0.6059 -0.7897
vn -0.1362 0.6117 -0.7792
vn -0.0140 0.6436 -0.7652
vn -0.0368 0.5828 -0.8117
vn -0.1641 0.4143 -0.8952
vn 0.0271 0.5167 -0.8558
vn -0.0781 0.2102 -0.9745
vn -0.2531 0.1492 -0.9559
vn -0.2897 0.1944 -0.9372
vn -0.1531 0.2081 -0.9661
vn -0.3298 0.1166 -0.9368
vn -0.0639 -0.4298 -0.9007
vn -0.2352 -0.3943 -0.8884
vn -0.3652 -0.3552 -0.8605
vn -0.2828 -0.3896 -0.8765
vn -0.2202 0.0977 -0.9706
vn -0.2010 0.0916 -0.9753
vn -0.1654 -0.0100 -0.9862
vn 0.0213 -0.0864 -0.9960
vn -0.0029 0.0246 -0.9997
vn 0.2285 -0.0215 -0.9733
vn 0.2068 -0.0950 -0.9738
vn -0.0258 0.0658 -0.9975
vn 0.2131 0.0074 -0.9770
vn 0.3167 -0.0256 -0.9482
vn 0.3085 -0.0652 -0.9490
vn 0.2833 -0.0602 -0.9571
vn -0.0631 -0.4407 -0.8954
vn 0.1727 -0.4508 -0.8758
vn 0.2098 -0.4878 -0.8473
vn 0.1766 -0.5093 -0.8423
vn 0.2249 -0.1119 -0.9679
vn 0.2651 -0.0515 -0.9628
vn 0.2891 -0.0752 -0.9543
vn 0.0520 -0.1353 -0.9894
vn 0.0124 -0.1027 -0.9946
vn -0.1497 -0.1515 -0.9771
vn -0.1307 -0.1753 -0.9758
vn -0.0107 -0.1319 -0.9912
vn -0.1910 -0.1459 -0.9707
vn -0.1095 -0.2156 -0.9703
vn -0.1414 -0.1114 -0.9837
vn -0.1629 -0.1946 -0.9673
vn 0.0681 -0.0360 -0.9970
vn -0.0530 -0.4913 -0.8694
vn -0.2647 -0.4462 -0.8549
vn -0.2480 -0.4420 -0.8620
vn -0.2664 -0.4097 -0.8724
vn -0.2244 -0.2919 -0.9298
vn -0.2118 -0.2549 -0.9435
vn -0.2966 0.0022 -0.9550
vn -0.2474 0.1942 -0.9493
vn -0.3511 0.2730 -0.8956
vn -0.1706 0.0456 -0.9843
vn -0.1928 0.3393 -0.9207
vn -0.1325 0.3326 -0.9337
vn -0.2355 0.4056 -0.8832
vn -0.2480 0.3623 -0.8984
vn -0.0087 0.1872 -0.9823
vn -0.2216 0.3399 -0.9140
vn -0.2464 0.3779 -0.8924
vn -0.2293 0.3829 -0.8949
vn -0.2801 0.3582 -0.8906
vn -0.1734 0.2971 -0.9390
vn -0.3415 0.3247 -0.8820
vn -0.3242 0.3469 -0.8801
vn -0.3203 0.3930 -0.8619
vn -0.2607 0.3266 -0.9085
vn -0.3350 0.3674 -0.8677
vn -0.2756 0.2811 -0.9192
vn -0.0235 0.1725 -0.9847
vn -0.0535 0.2365 -0.9702
vn -0.2698 0.2182 -0.9379
vn -0.2542 0.1873 -0.9488
vn -0.1099 0.2593 -0.9595
vn -0.2855 0.2091 -0.9353
vn -0.3105 0.1868 -0.9320
vn -0.2725 0.1474 -0.9508
vn -0.3054 0.2235 -0.9256
vn 0.0103 0.1056 -0.9944
vn -0.3585 0.2566 -0.8976
vn -0.3629 0.1647 -0.9171
vn -0.3284 0.0760 -0.9415
vn -0.2309 0.0974 -0.9681
vn -0.2659 0.0429 -0.9631
vn -0.2530 0.1109 -0.9611
vn 0.1105 0.1617 -0.9806
vn 0.1085 0.1173 -0.9872
vn -0.2002 0.0575 -0.9781
vn -0.1885 0.1509 -0.9704
vn 0.0612 0.1123 -0.9918
vn -0.2397 0.0602 -0.9690
vn -0.1928 -0.0074 -0.9812
vn -0.1709 0.1122 -0.9789
vn -0.2092 0.0186 -0.9777
vn 0.3524 0.1385 -0.9255
vn 0.3599 0.1372 -0.9229
vn 0.3486 0.1445 -0.9261
vn -0.2251 0.0044 -0.9743
vn -0.2016 -0.0389 -0.9787
vn -0.1632 0.0450 -0.9856
vn 0.1280 0.1422 -0.9815
vn 0.1007 0.1385 -0.9852
vn 0.2274 0.1250 -0.9657
vn 0.2336 0.1259 -0.9642
vn 0.0780 0.2071 -0.9752
vn 0.2131 0.1946 -0.9575
vn 0.2947 0.1286 -0.9469
vn 0.2928 0.1234 -0.9482
vn 0.2921 0.1745 -0.9403
vn -0.0274 0.1969 -0.9800
vn -0.0534 0.1467 -0.9877
vn -0.0326 0.1526 -0.9878
vn 0.3860 0.3711 -0.8445
vn 0.3258 0.3090 -0.8935
vn 0.2634 0.1681 -0.9499
vn 0.2623 0.2896 -0.9205
vn 0.2233 0.2139 -0.9510
vn 0.2360 0.0387 -0.9710
vn 0.0693 0.1427 -0.9873
vn 0.0119 0.2405 -0.9706
vn 0.1343 0.0511 -0.9896
vn -0.2516 -0.9267 0.2790
vn -0.1373 -0.9238 0.3575
vn -0.1289 -0.9293 0.3462
vn -0.2245 -0.9504 0.2152
vn 0.0656 -0.9232 0.3786
vn 0.0542 -0.9204 0.3873
vn -0.1196 -0.9202 0.3726
vn -0.1635 -0.9611 0.2225
vn 0.0457 -0.9203 0.3885
vn -0.1355 -0.9747 0.1778
vn -0.2653 -0.8879 0.3760
vn -0.0395 -0.9907 0.1304
vn -0.1277 -0.8859 0.4460
vn 0.0855 -0.9074 0.4116
vn 0.2221 -0.9154 0.3359
vn 0.2018 -0.9212 0.3328
vn 0.1785 -0.9237 0.3391
vn 0.1530 -0.9277 0.3405
vn 0.1338 -0.9291 0.3448
vn 0.0339 -0.9236 0.3818
vn -0.1181 -0.9185 0.3774
vn -0.0772 -0.9745 0.2105
vn 0.1267 -0.9916 -0.0249
vn 0.2135 -0.9734 -0.0832
vn 0.0411 -0.9987 0.0298
vn 0.1444 -0.9529 0.2667
vn -0.0849 -0.9819 0.1694
vn -0.1086 -0.9857 0.1290
vn 0.1222 -0.9644 0.2347
vn -0.2104 -0.9732 0.0932
vn -0.2083 -0.9729 0.1005
vn -0.1188 -0.9837 0.1348
vn 0.0913 -0.9685 0.2319
vn -0.1922 -0.9698 0.1504
vn 0.1682 -0.9561 0.2400
vn -0.0627 -0.9877 0.1434
vn -0.2120 -0.9695 0.1233
vn -0.3374 -0.9322 0.1309
vn -0.3389 -0.9369 0.0856
vn -0.3267 -0.9353 0.1357
vn -0.3179 -0.9315 0.1768
vn -0.3203 -0.9348 0.1537
vn -0.1773 -0.9724 0.1514
vn -0.1262 -0.9779 0.1666
vn 0.0609 -0.9625 0.2645
vn 0.0120 -0.9717 0.2361
vn -0.1180 -0.9278 0.3538
vn -0.1128 -0.9291 0.3522
vn 0.0832 -0.9672 0.2402
vn 0.0212 -0.9289 0.3697
vn 0.0102 -0.9296 0.3683
vn -0.0869 -0.9409 0.3275
vn 0.1485 -0.9795 0.1363
vn -0.0004 -0.9101 0.4144
vn 0.3013 -0.9530 -0.0314
vn 0.1201 -0.9321 0.3416
vn 0.1088 -0.9320 0.3457
vn 0.0964 -0.9158 0.3899
vn 0.0797 -0.9137 0.3985
vn -0.0058 -0.9049 0.4256
vn -0.0240 -0.9558 0.2932
vn 0.2109 -0.9739 0.0843
vn 0.4029 -0.9152 -0.0056
vn 0.4119 -0.9112 0.0046
vn 0.3697 -0.9289 0.0207
vn 0.0401 -0.9603 0.2760
vn -0.1408 -0.9732 0.1821
vn -0.1574 -0.9595 0.2338
vn 0.0293 -0.9502 0.3103
vn -0.1775 -0.9760 0.1260
vn -0.1889 -0.9687 0.1608
vn -0.1683 -0.9410 0.2936
vn 0.0226 -0.9365 0.3500
vn -0.2014 -0.9490 0.2424
vn -0.3146 -0.9418 0.1184
vn -0.2997 -0.9440 0.1384
vn -0.2882 -0.9346 0.2083
vn -0.2882 -0.9328 0.2165
vn -0.2113 -0.9477 0.2391
vn -0.1759 -0.9497 0.2590
vn 0.0092 -0.9462 0.3234
vn 0.1881 -0.9180 0.3491
vn 0.1257 -0.9300 0.3453
vn 0.1478 -0.9804 -0.1299
vn 0.1775 -0.9837 0.0301
vn -0.1711 -0.9007 0.3993
vn -0.0674 -0.9976 0.0145
vn 0.1329 -0.9657 -0.2230
vn 0.1213 -0.9926 0.0046
vn 0.0493 -0.9917 -0.1186
vn -0.3811 -0.8082 0.4491
vn -0.3506 -0.9071 0.2329
vn -0.2526 -0.9496 0.1857
vn 0.1498 -0.9862 -0.0707
vn 0.1028 -0.9740 -0.2020
vn 0.0725 -0.9966 -0.0393
vn -0.2879 -0.8046 0.5194
vn -0.0645 -0.8119 0.5802
vn -0.0817 -0.8937 0.4413
vn -0.2947 -0.8691 0.3973
vn 0.1798 -0.8139 0.5524
vn 0.1498 -0.9066 0.3946
vn -0.1053 -0.8739 0.4745
vn -0.2812 -0.8558 0.4342
vn 0.1164 -0.9060 0.4070
vn 0.2574 -0.8288 0.4969
vn 0.2540 -0.9078 0.3337
vn 0.2416 -0.9135 0.3275
vn 0.2430 -0.8486 0.4699
vn -0.0323 -0.8922 0.4505
vn -0.0494 -0.9749 0.2173
vn 0.2269 -0.9326 0.2806
vn -0.2443 -0.8694 0.4295
vn -0.2498 -0.9462 0.2056
vn -0.0525 -0.9876 0.1481
vn 0.1995 -0.9506 0.2378
vn -0.2306 -0.9601 0.1584
vn -0.3231 -0.8381 0.4396
vn -0.3240 -0.9183 0.2276
vn -0.3283 -0.9258 0.1875
vn -0.4752 -0.7575 0.4476
vn -0.5252 -0.7017 0.4814
vn -0.5331 -0.8019 0.2696
vn -0.4820 -0.8448 0.2323
vn -0.5291 -0.6403 0.5568
vn -0.5281 -0.7578 0.3833
vn -0.5189 -0.8314 0.1989
vn -0.4819 -0.8596 0.1699
vn -0.4928 -0.8206 0.2895
vn -0.4902 -0.5698 0.6596
vn -0.4987 -0.6783 0.5397
vn -0.4650 -0.7687 0.4392
vn -0.4180 -0.8295 0.3703
vn -0.4524 -0.8623 0.2276
vn -0.5026 -0.8546 0.1306
vn -0.4836 -0.8690 0.1045
vn -0.4908 -0.8686 0.0678
vn -0.4770 -0.8741 0.0923
vn -0.4548 -0.8810 0.1300
vn -0.5002 -0.8553 0.1352
vn -0.3964 -0.8921 0.2169
vn -0.3538 -0.9171 0.1838
vn -0.4474 -0.8799 0.1599
vn -0.5032 -0.8495 0.1584
vn -0.3339 -0.9260 0.1759
vn -0.3686 -0.8597 0.3536
vn -0.3447 -0.8967 0.2777
vn -0.3229 -0.9187 0.2275
vn -0.2962 -0.9249 0.2382
vn -0.3238 -0.9238 0.2045
vn -0.4435 -0.8752 0.1931
vn -0.4935 -0.8554 0.1573
vn -0.4693 -0.8656 0.1747
vn -0.4431 -0.8673 0.2269
vn -0.4475 -0.8728 0.1951
vn -0.4490 -0.8786 0.1630
vn -0.3260 -0.9219 0.2092
vn -0.3301 -0.9209 0.2076
vn -0.4407 -0.8734 0.2070
vn -0.4396 -0.8777 0.1909
vn -0.3228 -0.9154 0.2406
vn -0.2874 -0.9358 0.2043
vn -0.2830 -0.9341 0.2174
vn -0.2779 -0.9253 0.2580
vn -0.2769 -0.9145 0.2949
vn -0.3142 -0.8984 0.3068
vn -0.4206 -0.8650 0.2737
vn -0.4285 -0.8772 0.2167
vn -0.4034 -0.8917 0.2052
vn -0.4035 -0.8672 0.2917
vn -0.3941 -0.8718 0.2910
vn -0.3534 -0.9208 0.1653
vn -0.3093 -0.8915 0.3310
vn -0.2978 -0.8958 0.3301
vn -0.3659 -0.8847 0.2889
vn -0.2772 -0.9607 -0.0129
vn -0.2773 -0.8715 0.4045
vn -0.2774 -0.9570 0.0847
vn -0.2701 -0.8962 0.3519
vn -0.2668 -0.8954 0.3564
vn -0.2880 -0.8936 0.3444
vn -0.3475 -0.8464 0.4036
vn -0.2457 -0.8220 0.5138
vn -0.2750 -0.9268 0.2556
vn -0.1844 -0.9671 -0.1751
vn -0.1547 -0.9548 -0.2538
vn -0.1353 -0.9321 -0.3360
vn -0.2193 -0.9713 -0.0922
vn -0.0196 -0.9910 0.1324
vn -0.1887 -0.9811 0.0418
vn -0.1850 -0.9487 -0.2564
vn -0.0514 -0.9795 -0.1948
vn -0.2197 -0.9752 0.0257
vn -0.2110 -0.9465 -0.2442
vn -0.1727 -0.9005 -0.3990
vn -0.0727 -0.9260 -0.3704
vn -0.1904 -0.9142 -0.3578
vn 0.0460 -0.9527 0.3006
vn -0.1707 -0.9158 -0.3636
vn -0.1716 -0.9007 -0.3990
vn -0.0850 -0.9199 -0.3827
vn -0.0966 -0.9673 -0.2345
vn -0.1363 -0.9410 -0.3099
vn -0.0222 -0.9993 0.0306
vn 0.2558 -0.9666 0.0163
vn 0.0521 -0.9724 0.2275
vn 0.1314 -0.9894 0.0620
vn 0.2804 -0.9490 -0.1443
vn -0.0034 -0.9274 0.3740
vn -0.0062 -0.9776 0.2102
vn 0.1940 -0.9724 -0.1293
vn 0.2913 -0.9258 -0.2409
vn -0.0179 -0.9962 -0.0849
vn 0.3998 -0.9166 -0.0027
vn -0.0368 -0.9719 -0.2327
vn 0.2186 -0.9605 -0.1722
vn 0.3177 -0.9227 -0.2186
vn 0.3093 -0.9280 -0.2080
vn 0.2836 -0.9191 -0.2735
vn 0.3608 -0.9289 -0.0830
vn -0.0678 -0.9976 0.0166
vn 0.0705 -0.9956 0.0624
vn 0.0963 -0.9867 0.1312
vn -0.0437 -0.9974 0.0571
vn 0.3378 -0.9395 0.0564
vn 0.3266 -0.9414 0.0846
vn 0.1139 -0.9825 0.1471
vn -0.0079 -0.9993 0.0376
vn 0.2871 -0.9579 -0.0073
vn -0.0784 -0.9955 -0.0532
vn 0.0497 -0.9983 -0.0306
vn 0.3347 -0.9423 -0.0046
vn 0.2135 -0.9658 -0.1473
vn 0.1056 -0.9891 0.1030
vn 0.0576 -0.9941 0.0925
vn -0.0417 -0.9785 -0.2021
vn 0.0593 -0.9608 -0.2709
vn 0.0475 -0.9773 -0.2064
vn -0.0639 -0.9847 -0.1623
vn 0.2827 -0.9311 -0.2303
vn 0.3021 -0.9407 -0.1544
vn 0.0415 -0.9895 -0.1385
vn -0.0766 -0.9894 -0.1234
vn 0.3221 -0.9423 -0.0916
vn -0.0159 -0.9710 -0.2387
vn 0.0688 -0.9514 -0.3002
vn 0.2730 -0.9274 -0.2557
vn 0.0565 -0.9916 -0.1164
vn 0.0815 -0.9757 -0.2036
vn 0.0753 -0.9680 -0.2392
vn 0.0385 -0.9838 -0.1751
vn 0.2176 -0.9725 -0.0827
vn 0.2504 -0.9592 -0.1315
vn 0.0750 -0.9554 -0.2855
vn 0.0104 -0.9753 -0.2205
vn 0.2652 -0.9416 -0.2076
vn 0.1641 -0.9827 -0.0853
vn -0.1723 -0.9794 -0.1054
vn -0.2156 -0.9697 -0.1151
vn 0.0509 -0.9935 -0.1014
vn -0.1495 -0.9676 -0.2034
vn -0.1276 -0.9745 -0.1847
vn -0.2142 -0.9634 -0.1610
vn -0.0783 -0.9936 -0.0817
vn -0.0966 -0.9829 -0.1569
vn 0.3773 -0.9225 -0.0816
vn 0.2554 -0.9609 -0.1070
vn 0.3825 -0.9179 -0.1056
vn -0.0864 -0.9854 -0.1464
vn -0.1673 -0.9598 -0.2254
vn -0.0581 -0.9646 -0.2572
vn -0.0725 -0.9541 -0.2907
vn -0.1019 -0.9731 -0.2064
vn -0.1256 -0.9859 -0.1102
vn -0.1550 -0.9861 -0.0592
vn -0.0660 -0.9921 -0.1071
vn -0.1851 -0.9761 -0.1136
vn -0.1929 -0.9807 -0.0324
vn 0.3089 -0.9507 -0.0271
vn 0.1751 -0.9832 0.0520
vn 0.3704 -0.9228 -0.1058
vn -0.2170 -0.9359 -0.2773
vn -0.2299 -0.9474 -0.2225
vn -0.2118 -0.9500 -0.2292
vn -0.2367 -0.9552 -0.1776
vn -0.1140 -0.9715 -0.2076
vn -0.0849 -0.9621 -0.2590
vn -0.2154 -0.9364 -0.2769
vn -0.2743 -0.9533 -0.1261
vn -0.0362 -0.9502 -0.3096
vn -0.1851 -0.9496 -0.2529
vn -0.2554 -0.9304 -0.2627
vn -0.1324 -0.9521 -0.2757
vn -0.0309 -0.9705 -0.2391
vn 0.0088 -0.9821 -0.1883
vn 0.0508 -0.9774 -0.2054
vn 0.1065 -0.9738 -0.2011
vn 0.1571 -0.9753 -0.1552
vn 0.0347 -0.9660 -0.2562
vn -0.2115 -0.9449 -0.2500
vn -0.3335 -0.9388 -0.0861
vn -0.2266 -0.9734 -0.0324
vn -0.1533 -0.9876 -0.0331
vn -0.1303 -0.9914 -0.0144
vn -0.2044 -0.9780 -0.0418
vn -0.0606 -0.9945 -0.0858
vn -0.0841 -0.9934 -0.0777
vn -0.0974 -0.9947 -0.0337
vn -0.1773 -0.9811 -0.0771
vn -0.1206 -0.9926 -0.0101
vn 0.0144 -0.9998 -0.0097
vn -0.2003 -0.9746 -0.1006
vn -0.2614 -0.9595 -0.1047
vn -0.3295 -0.9435 -0.0361
vn -0.3872 -0.9204 -0.0549
vn -0.1624 -0.9859 -0.0410
vn -0.0539 -0.9944 -0.0905
vn -0.1556 -0.9806 -0.1189
vn -0.1963 -0.9803 -0.0224
vn -0.2236 -0.9687 -0.1074
vn -0.1200 -0.9926 -0.0157
vn -0.3743 -0.9219 -0.1003
vn -0.1785 -0.9628 -0.2030
vn -0.1236 -0.9835 -0.1321
vn -0.3776 -0.9220 -0.0859
vn 0.1035 -0.9727 -0.2075
vn 0.1544 -0.9771 -0.1465
vn -0.0575 -0.9924 -0.1090
vn -0.3536 -0.9316 -0.0845
vn 0.1832 -0.9771 -0.1081
vn 0.1817 -0.9741 -0.1343
vn 0.1979 -0.9760 -0.0910
vn 0.2091 -0.9748 -0.0779
vn 0.2107 -0.9702 -0.1198
vn 0.1908 -0.9766 -0.0988
vn 0.0091 -0.9958 -0.0911
vn -0.3055 -0.9470 -0.0994
vn 0.0666 -0.9925 0.1029
vn 0.0509 -0.9953 -0.0821
vn 0.0351 -0.9703 -0.2394
vn -0.0217 -0.9896 -0.1420
vn 0.1919 -0.9480 -0.2537
vn 0.2366 -0.9436 -0.2316
vn 0.0998 -0.9781 -0.1825
vn -0.0573 -0.9735 -0.2212
vn 0.2785 -0.9463 -0.1639
vn 0.3108 -0.9224 -0.2296
vn 0.3364 -0.9218 -0.1927
vn 0.3630 -0.9224 -0.1321
vn 0.3194 -0.9417 -0.1057
vn 0.1616 -0.9778 -0.1332
vn -0.0054 -0.9817 -0.1905
vn 0.3404 -0.9253 -0.1674
vn 0.1713 -0.9777 -0.1213
vn 0.0813 -0.9842 -0.1571
vn 0.3500 -0.9234 -0.1576
vn -0.1287 -0.9745 -0.1841
vn -0.1777 -0.9641 -0.1971
vn 0.0032 -0.9756 -0.2196
vn 0.3180 -0.9299 -0.1849
vn -0.1823 -0.9636 -0.1957
vn -0.1241 -0.9456 -0.3009
vn -0.1018 -0.9677 -0.2306
vn -0.0743 -0.9755 -0.2071
vn -0.1075 -0.9450 -0.3090
vn -0.1824 -0.9398 -0.2890
vn -0.2059 -0.9526 -0.2238
vn -0.1201 -0.9743 -0.1906
vn -0.1637 -0.9367 -0.3094
vn -0.1638 -0.9377 -0.3064
vn -0.2453 -0.9398 -0.2380
vn -0.1414 -0.9738 -0.1783
vn -0.1507 -0.9326 -0.3279
vn -0.1259 -0.9449 -0.3023
vn -0.1020 -0.9515 -0.2903
vn -0.0694 -0.9568 -0.2824
vn -0.1113 -0.9807 -0.1608
vn -0.1797 -0.9681 0.1744
vn -0.0968 -0.9949 0.0271
vn -0.0618 -0.9774 -0.2023
vn -0.2370 -0.8716 0.4291
vn -0.2376 -0.9358 0.2607
vn -0.0187 -0.9998 0.0044
vn -0.0117 -0.9852 -0.1713
vn -0.2449 -0.9545 0.1703
vn -0.4625 -0.8063 0.3688
vn -0.5749 -0.7755 0.2611
vn -0.6409 -0.7325 0.2295
vn -0.6605 -0.7083 0.2491
vn -0.2646 -0.9571 0.1180
vn 0.0214 -0.9993 -0.0310
vn 0.0377 -0.9878 -0.1508
vn 0.0719 -0.9891 -0.1283
vn 0.0479 -0.9982 -0.0363
vn 0.0727 -0.9973 -0.0073
vn 0.1015 -0.9892 -0.1054
vn -0.2763 -0.9507 0.1410
vn -0.2837 -0.9430 0.1741
vn 0.0877 -0.9961 0.0140
vn 0.1361 -0.9882 -0.0704
vn -0.2973 -0.9391 0.1725
vn -0.6582 -0.6948 0.2898
vn -0.6620 -0.6854 0.3033
vn -0.6680 -0.6811 0.3000
vn -0.6637 -0.6881 0.2932
vn -0.3147 -0.9350 0.1637
vn 0.0926 -0.9956 0.0141
vn 0.1646 -0.9842 -0.0656
vn 0.1872 -0.9791 -0.0791
vn 0.0911 -0.9958 -0.0093
vn 0.0745 -0.9953 -0.0622
vn 0.1973 -0.9775 -0.0750
vn -0.3247 -0.9345 0.1457
vn -0.3351 -0.9418 0.0272
vn 0.0207 -0.9902 -0.1383
vn 0.1908 -0.9787 -0.0759
vn -0.3355 -0.9318 -0.1386
vn -0.6609 -0.7010 0.2680
vn -0.6661 -0.7280 0.1623
vn -0.6440 -0.7650 0.0081
vn -0.5850 -0.7834 -0.2101
vn -0.3314 -0.9054 -0.2652
vn -0.0618 -0.9739 -0.2185
vn 0.1735 -0.9739 -0.1461
vn 0.1379 -0.9569 -0.2557
vn -0.1332 -0.9162 -0.3779
vn -0.2129 -0.8452 -0.4903
vn 0.0625 -0.9346 -0.3501
vn -0.3234 -0.8278 -0.4584
vn -0.3156 -0.7681 -0.5572
vn -0.2861 -0.7596 -0.5841
vn -0.0369 -0.8515 -0.5231
vn -0.3053 -0.7055 -0.6396
vn 0.1965 -0.9665 -0.1650
vn -0.4891 -0.7523 -0.4414
vn -0.4048 -0.7018 -0.5862
vn -0.3456 -0.5943 -0.7262
vn 0.1511 -0.8758 -0.4584
vn 0.1705 -0.9575 -0.2326
vn -0.2370 -0.9682 -0.0796
vn 0.0595 -0.9950 -0.0804
vn 0.0942 -0.9888 -0.1158
vn -0.1662 -0.9802 -0.1076
vn 0.1834 -0.9776 -0.1033
vn 0.1647 -0.9741 -0.1547
vn 0.1162 -0.9143 -0.3880
vn -0.1117 -0.9201 -0.3753
vn 0.1479 -0.8954 -0.4200
vn -0.4067 -0.9076 -0.1040
vn -0.3324 -0.8478 -0.4132
vn -0.3779 -0.9140 -0.1478
vn -0.1351 -0.9856 -0.1020
vn -0.0359 -0.9866 -0.1593
vn -0.0766 -0.9751 -0.2082
vn -0.1011 -0.9838 -0.1478
vn -0.2259 -0.9622 -0.1521
vn -0.3024 -0.9283 -0.2164
vn -0.1569 -0.8749 -0.4581
vn -0.0637 -0.8837 -0.4638
vn -0.3436 -0.8216 -0.4549
vn -0.2032 -0.9699 -0.1340
vn -0.1582 -0.8547 -0.4945
vn -0.1807 -0.9700 -0.1626
vn 0.4561 -0.8741 -0.1672
vn 0.2349 -0.9665 -0.1035
vn 0.0876 -0.9759 -0.1997
vn 0.4373 -0.8491 -0.2963
vn -0.1297 -0.9859 -0.1060
vn -0.1814 -0.9676 -0.1754
vn -0.0035 -0.8175 -0.5760
vn 0.3348 -0.7307 -0.5949
vn -0.1876 -0.8300 -0.5252
vn 0.4389 -0.8919 -0.1087
vn 0.3349 -0.9388 -0.0804
vn -0.0036 -0.9937 -0.1120
vn 0.3350 -0.9420 0.0200
vn 0.3589 -0.9280 0.1003
vn 0.3851 -0.9204 0.0671
vn 0.3679 -0.9298 0.0126
vn 0.3790 -0.9253 0.0172
vn 0.2767 -0.9609 -0.0081
vn 0.3843 -0.9227 0.0311
vn 0.4039 -0.9139 -0.0395
vn 0.1331 -0.9911 -0.0031
vn 0.2943 -0.9557 -0.0039
vn 0.3303 -0.9404 0.0802
vn 0.3995 -0.9131 0.0813
vn 0.0693 -0.9823 -0.1739
vn 0.2198 -0.9708 -0.0959
vn 0.2708 -0.9603 -0.0666
vn 0.1467 -0.9814 -0.1234
vn 0.3451 -0.9325 -0.1064
vn 0.3599 -0.9314 -0.0544
vn 0.3053 -0.9517 0.0314
vn 0.2267 -0.9713 -0.0719
vn 0.3804 -0.9242 0.0330
vn -0.9481 0.0654 -0.3113
vn -0.9953 -0.0337 -0.0906
vn -0.9673 0.1259 -0.2201
vn -0.9037 0.1796 -0.3887
vn -0.9878 -0.1449 0.0573
vn -0.9946 0.0814 -0.0642
vn -0.9404 0.1816 -0.2876
vn -0.8606 0.2273 -0.4557
vn -0.9808 0.1492 -0.1254
vn -0.9099 -0.0575 -0.4109
vn -0.9627 -0.2016 -0.1807
vn -0.8636 0.1277 -0.4878
vn -0.9495 -0.3063 0.0684
vn -0.8935 -0.3847 0.2318
vn -0.8370 -0.4409 0.3242
vn -0.9486 -0.2422 0.2038
vn -0.9974 0.0373 0.0625
vn -0.9930 0.1142 -0.0305
vn -0.9892 0.0809 -0.1218
vn -0.9659 0.1448 -0.2146
vn -0.9154 0.2020 -0.3482
vn -0.8246 0.2405 -0.5121
vn -0.7671 0.2886 -0.5729
vn -0.7267 0.2693 -0.6320
vn -0.8225 0.2319 -0.5193
vn -0.9095 -0.3247 0.2594
vn -0.8911 -0.4101 0.1943
vn -0.9878 -0.1478 0.0496
vn -0.9940 -0.0436 0.1007
vn -0.8635 -0.4876 0.1290
vn -0.9716 -0.2366 0.0027
vn -0.9974 0.0363 -0.0623
vn -0.9966 0.0752 -0.0328
vn -0.9969 0.0025 -0.0784
vn -0.8178 -0.4699 0.3322
vn -0.8232 -0.4966 0.2751
vn -0.8232 -0.5217 0.2239
vn -0.8215 -0.5313 0.2072
vn -0.8296 -0.5309 0.1728
vn -0.9464 -0.3173 0.0606
vn -0.9973 -0.0367 -0.0636
vn -0.9921 -0.0182 -0.1242
vn -0.9916 -0.0019 -0.1290
vn -0.9933 0.0194 -0.1138
vn -0.9948 0.0402 -0.0936
vn -0.8138 0.1082 -0.5710
vn -0.8966 0.0551 -0.4394
vn -0.8489 -0.1430 -0.5088
vn -0.7619 -0.0866 -0.6419
vn -0.9432 -0.0087 -0.3321
vn -0.9048 -0.1705 -0.3903
vn -0.8075 -0.1984 -0.5555
vn -0.6991 -0.1693 -0.6947
vn -0.8888 -0.2170 -0.4037
vn -0.7133 0.1462 -0.6855
vn -0.9748 -0.0612 -0.2145
vn -0.9485 -0.1851 -0.2570
vn -0.9381 -0.2231 -0.2650
vn -0.9392 -0.2053 -0.2752
vn -0.8837 -0.1940 -0.4260
vn -0.7879 -0.1923 -0.5850
vn -0.6655 -0.1892 -0.7220
vn -0.6091 -0.1364 -0.7813
vn -0.5554 -0.1682 -0.8144
vn -0.6703 -0.0180 -0.7419
vn -0.9891 -0.0831 -0.1214
vn -0.9860 -0.0880 -0.1413
vn -0.9740 -0.1867 -0.1282
vn -0.9718 -0.1957 -0.1315
vn -0.9826 -0.0939 -0.1604
vn -0.9785 -0.1571 -0.1338
vn -0.9759 -0.2044 -0.0763
vn -0.9657 -0.2240 -0.1314
vn -0.9849 -0.1634 -0.0572
vn -0.9836 -0.1027 -0.1484
vn -0.9811 -0.1282 -0.1447
vn -0.9918 -0.1047 -0.0727
vn -0.9909 -0.1302 0.0340
vn -0.9828 -0.1831 0.0243
vn -0.9772 -0.2102 -0.0293
vn -0.9686 -0.2136 -0.1275
vn -0.3766 -0.4340 -0.8184
vn -0.5741 -0.5539 -0.6030
vn -0.6872 -0.3194 -0.6525
vn -0.4283 -0.2506 -0.8682
vn -0.7307 -0.5848 -0.3523
vn -0.8377 -0.4136 -0.3566
vn -0.7282 -0.0257 -0.6849
vn -0.5294 0.0299 -0.8478
vn -0.8680 -0.1648 -0.4685
vn -0.8035 -0.5824 -0.1234
vn -0.8719 -0.4691 -0.1404
vn -0.9094 -0.3228 -0.2622
vn -0.8300 0.0559 -0.5550
vn -0.6939 0.1355 -0.7072
vn -0.5194 0.2241 -0.8246
vn -0.8091 -0.5803 0.0933
vn -0.7912 -0.5639 0.2368
vn -0.8383 -0.4880 0.2432
vn -0.8686 -0.4921 0.0581
vn -0.7798 -0.5449 0.3082
vn -0.8174 -0.4743 0.3269
vn -0.8660 -0.4640 0.1864
vn -0.9059 -0.4226 -0.0291
vn -0.8213 -0.4683 0.3259
vn -0.7691 -0.5371 0.3465
vn -0.8119 -0.4642 0.3539
vn -0.8109 -0.4629 0.3581
vn -0.7711 -0.5363 0.3432
vn -0.7779 -0.5439 0.3148
vn -0.8203 -0.4744 0.3194
vn -0.8089 -0.4643 0.3607
vn -0.7717 -0.5556 0.3095
vn -0.8241 -0.4880 0.2876
vn -0.8212 -0.4812 0.3067
vn -0.8130 -0.4621 0.3543
vn -0.8265 -0.5008 0.2572
vn -0.7717 -0.5626 0.2965
vn -0.8114 -0.5159 0.2749
vn -0.8285 -0.5160 0.2174
vn -0.7891 -0.5734 0.2203
vn -0.7878 -0.6044 0.1186
vn -0.8082 -0.5855 0.0631
vn -0.8047 -0.5561 0.2080
vn -0.7516 -0.6483 0.1214
vn -0.8047 -0.5937 -0.0008
vn -0.8252 -0.5605 0.0698
vn -0.8265 -0.5400 0.1590
vn -0.8269 -0.5624 0.0025
vn -0.6808 -0.7218 0.1246
vn -0.8037 -0.5949 -0.0134
vn -0.8220 -0.5688 -0.0268
vn -0.8447 -0.5330 -0.0497
vn -0.8447 -0.5344 0.0293
vn -0.8423 -0.5345 0.0698
vn -0.8347 -0.5313 0.1448
vn -0.8228 -0.5455 0.1598
vn -0.8313 -0.5529 0.0578
vn -0.8760 -0.4823 -0.0042
vn -0.9096 -0.4076 0.0806
vn -0.8302 -0.5562 0.0372
vn -0.8512 -0.5248 -0.0098
vn -0.9710 -0.1985 -0.1330
vn -0.9908 -0.1062 -0.0839
vn -0.9518 -0.2805 -0.1244
vn -0.8344 -0.5498 -0.0385
vn -0.8358 -0.5476 -0.0398
vn -0.9282 -0.3505 -0.1252
vn -0.9637 -0.0919 -0.2509
vn -0.9749 -0.0451 -0.2179
vn -0.9778 -0.0281 -0.2078
vn -0.9861 -0.0243 -0.1644
vn -0.9788 -0.1102 -0.1729
vn -0.9785 -0.0938 -0.1837
vn -0.9912 -0.0721 -0.1107
vn -0.9824 -0.1049 -0.1547
vn -0.9757 -0.0547 -0.2124
vn -0.9886 -0.0299 -0.1476
vn -0.9989 0.0086 -0.0455
vn -0.9971 -0.0387 -0.0652
vn -0.9939 0.0351 -0.1048
vn -0.9555 -0.0235 -0.2941
vn -0.9692 0.0112 -0.2459
vn -0.9809 0.0640 -0.1836
vn -0.9840 0.1456 -0.1030
vn -0.9969 0.0726 -0.0316
vn -0.9994 -0.0037 0.0334
vn -0.9962 -0.0692 0.0529
vn -0.9791 -0.0697 0.1910
vn -0.9838 0.0440 0.1739
vn -0.9250 0.0748 0.3725
vn -0.9305 -0.0540 0.3622
vn -0.9809 0.1577 0.1140
vn -0.9237 0.2363 0.3015
vn -0.8046 0.2169 0.5528
vn -0.8472 0.1322 0.5145
vn -0.7923 0.3546 0.4966
vn -0.9772 -0.1526 0.1480
vn -0.9660 0.2581 0.0123
vn -0.9077 0.3980 0.1330
vn -0.8175 0.5365 0.2092
vn -0.9035 0.1040 0.4159
vn -0.9485 -0.1467 0.2808
vn -0.9629 -0.2353 -0.1317
vn -0.9719 -0.2354 0.0054
vn -0.9746 -0.2179 0.0526
vn -0.9652 -0.2332 -0.1185
vn -0.9731 -0.2076 0.0998
vn -0.9656 -0.1932 0.1743
vn -0.9910 0.0673 0.1157
vn -0.9926 0.0673 -0.1012
vn -0.9554 0.0823 0.2835
vn -0.9314 -0.2313 -0.2811
vn -0.9369 0.0747 -0.3414
vn -0.9262 -0.2369 -0.2934
vn -0.6265 -0.1892 -0.7562
vn -0.7624 -0.2129 -0.6111
vn -0.7219 -0.1975 -0.6632
vn -0.5812 -0.1831 -0.7929
vn -0.8667 -0.2270 -0.4442
vn -0.8451 -0.2217 -0.4865
vn -0.6822 0.0477 -0.7296
vn -0.5213 0.0045 -0.8534
vn -0.8241 0.0751 -0.5615
vn -0.4997 -0.1629 -0.8508
vn -0.3704 -0.0182 -0.9287
vn -0.4553 -0.1763 -0.8727
vn -0.2806 -0.0268 -0.9594
vn -0.3180 -0.0886 -0.9439
vn -0.2499 -0.1314 -0.9593
vn -0.2365 -0.0731 -0.9689
vn -0.3884 -0.1356 -0.9115
vn -0.3402 -0.1667 -0.9255
vn -0.1734 -0.0313 -0.9843
vn -0.1796 -0.0047 -0.9837
vn -0.2514 -0.0257 -0.9675
vn -0.3469 -0.0272 -0.9375
vn -0.3879 -0.0906 -0.9172
vn -0.4438 -0.1363 -0.8857
vn -0.4626 0.2487 -0.8510
vn -0.5502 0.2119 -0.8077
vn -0.5075 0.0862 -0.8573
vn -0.4313 0.1391 -0.8914
vn -0.6234 0.1781 -0.7614
vn -0.5931 0.0347 -0.8044
vn -0.4461 -0.0149 -0.8948
vn -0.4010 0.0278 -0.9157
vn -0.5238 -0.0801 -0.8480
vn -0.4666 0.3706 -0.8030
vn -0.5628 0.3477 -0.7499
vn -0.6427 0.3089 -0.7011
vn -0.4748 0.2945 -0.8294
vn -0.6485 0.2505 -0.7188
vn -0.6093 0.3359 -0.7183
vn -0.4708 0.3460 -0.8115
vn -0.7840 0.1848 -0.5927
vn -0.7255 0.2912 -0.6236
vn -0.5836 0.3726 -0.7215
vn -0.4695 0.3916 -0.7913
vn -0.6757 0.3416 -0.6533
vn -0.9446 0.2488 0.2139
vn -0.9604 0.2149 0.1772
vn -0.9439 0.2069 0.2572
vn -0.9251 0.2789 0.2577
vn -0.9773 0.0926 0.1904
vn -0.9354 0.0387 0.3516
vn -0.9095 0.1524 0.3869
vn -0.8957 0.2960 0.3318
vn -0.8714 -0.0430 0.4888
vn -0.9327 0.2815 0.2254
vn -0.9593 0.2117 0.1867
vn -0.9296 0.2805 0.2389
vn -0.9786 0.1844 0.0919
vn -0.9961 0.0876 0.0047
vn -0.9700 -0.2381 -0.0493
vn -0.9678 -0.1945 0.1598
vn -0.8964 -0.1616 0.4128
vn -0.8197 -0.1691 0.5472
vn -0.7906 -0.1803 0.5851
vn -0.8098 -0.0888 0.5800
vn -0.8414 0.0735 0.5354
vn -0.8589 0.2572 0.4429
vn -0.8886 0.3016 0.3457
vn -0.8640 0.3041 0.4012
vn -0.9071 0.2882 0.3068
vn -0.9148 -0.4039 0.0089
vn -0.8791 -0.4634 -0.1119
vn -0.9040 -0.4113 0.1169
vn -0.9007 -0.2984 0.3158
vn -0.8401 -0.5241 -0.1397
vn -0.8571 -0.5149 -0.0178
vn -0.8446 -0.2925 0.4484
vn -0.8155 -0.2054 0.5410
vn -0.8526 -0.4402 0.2815
vn -0.8800 -0.4619 -0.1106
vn -0.8612 -0.4807 -0.1651
vn -0.8420 -0.5138 -0.1646
vn -0.7982 -0.5845 -0.1460
vn -0.7988 -0.5849 -0.1411
vn -0.8092 -0.5836 -0.0684
vn -0.8128 -0.5622 0.1527
vn -0.7639 -0.4855 0.4251
vn -0.7916 -0.3211 0.5199
vn -0.7852 -0.2052 0.5843
vn -0.7840 -0.1909 0.5907
vn -0.7575 0.1897 0.6247
vn -0.7585 0.0184 0.6514
vn -0.6378 0.0124 0.7701
vn -0.5514 0.1821 0.8141
vn -0.7459 -0.0973 0.6589
vn -0.6527 -0.1068 0.7501
vn -0.3768 0.0506 0.9249
vn -0.3038 0.1787 0.9358
vn -0.4674 -0.0755 0.8808
vn -0.6981 0.3048 0.6479
vn -0.7335 -0.1770 0.6563
vn -0.6415 -0.1708 0.7479
vn -0.5326 -0.1326 0.8359
vn -0.3238 -0.0277 0.9457
vn -0.1953 0.0207 0.9805
vn -0.1057 0.0807 0.9911
vn -0.0922 0.1142 0.9892
vn -0.2873 0.2720 0.9184
vn -0.1177 0.1735 0.9778
vn -0.4385 0.2994 0.8474
vn -0.7336 -0.1900 0.6524
vn -0.7504 -0.1694 0.6389
vn -0.6843 -0.1301 0.7175
vn -0.6557 -0.1665 0.7364
vn -0.7549 -0.2474 0.6074
vn -0.7060 -0.1843 0.6838
vn -0.6242 -0.0881 0.7763
vn -0.5832 -0.1227 0.8030
vn -0.6567 -0.1154 0.7452
vn -0.7233 -0.4067 0.5581
vn -0.7049 -0.3377 0.6237
vn -0.6571 -0.2569 0.7087
vn -0.4920 -0.1510 0.8574
vn -0.5033 -0.0347 0.8634
vn -0.4830 -0.0231 0.8753
vn -0.4250 -0.0389 0.9044
vn -0.6200 0.5197 -0.5878
vn -0.8754 0.4785 -0.0681
vn -0.8911 0.4537 -0.0081
vn -0.7869 0.6133 -0.0675
vn -0.9455 0.3218 -0.0497
vn -0.9416 0.3347 0.0372
vn -0.8974 0.4217 0.1293
vn -0.7934 0.6060 0.0566
vn -0.9315 0.3158 0.1806
vn -0.9708 0.2002 -0.1325
vn -0.9699 0.2427 -0.0182
vn -0.9490 0.2703 0.1621
vn -0.9235 0.3062 0.2311
vn -0.8842 0.3997 0.2415
vn -0.7995 0.5729 0.1806
vn -0.9755 0.0927 -0.1993
vn -0.9667 0.0473 -0.2516
vn -0.9830 0.0778 -0.1664
vn -0.9878 0.1175 -0.1025
vn -0.9521 -0.0031 -0.3057
vn -0.9713 0.0241 -0.2365
vn -0.9895 0.1268 -0.0692
vn -0.9846 0.1625 0.0648
vn -0.9847 0.0576 -0.1647
vn -0.9528 -0.1622 -0.2565
vn -0.9470 -0.2156 -0.2379
vn -0.9530 -0.2403 -0.1847
vn -0.9033 -0.4102 -0.1259
vn -0.8352 -0.5428 -0.0885
vn -0.8458 -0.5184 -0.1260
vn -0.8773 -0.4563 -0.1488
vn -0.8369 -0.5310 -0.1331
vn -0.8414 -0.5104 -0.1773
vn -0.8507 -0.4924 -0.1839
vn -0.8634 -0.4756 -0.1683
vn -0.8416 -0.5017 -0.1999
vn -0.8303 -0.5416 -0.1314
vn -0.8131 -0.5537 -0.1799
vn -0.8028 -0.5713 -0.1709
vn -0.8085 -0.5804 -0.0971
vn -0.7932 -0.6080 -0.0332
vn -0.7556 -0.6550 -0.0038
vn -0.7954 -0.5887 -0.1442
vn -0.5892 -0.7934 0.1530
vn -0.5142 -0.8221 0.2445
vn -0.6918 -0.7220 0.0058
vn -0.7881 -0.6020 -0.1282
vn -0.4288 -0.8689 0.2473
vn -0.3668 -0.9003 0.2345
vn -0.6196 -0.7823 0.0634
vn -0.7756 -0.6235 -0.0981
vn -0.7401 -0.6703 -0.0544
vn -0.5344 -0.8316 0.1510
vn -0.4544 -0.8746 0.1692
vn -0.6816 -0.7317 0.0032
vn -0.3446 -0.9028 0.2573
vn -0.3528 -0.9056 0.2353
vn -0.4028 -0.8931 0.2001
vn -0.6215 -0.7693 0.1481
vn -0.3607 -0.9063 0.2204
vn -0.3547 -0.8932 0.2764
vn -0.3768 -0.8788 0.2929
vn -0.5593 -0.7515 0.3499
vn -0.5504 -0.6995 0.4558
vn -0.3838 -0.8613 0.3330
vn -0.3853 -0.8354 0.3920
vn -0.5691 -0.6370 0.5199
vn -0.3609 -0.8881 0.2848
vn -0.3556 -0.8698 0.3420
vn -0.3487 -0.7797 0.5201
vn -0.5276 -0.5563 0.6420
vn -0.3449 -0.8280 0.4421
vn -0.3729 -0.7806 0.5016
vn -0.3313 -0.6941 0.6391
vn -0.4216 -0.4297 0.7985
vn -0.3451 -0.2505 0.9045
vn -0.3580 -0.5644 0.7439
vn -0.3658 -0.3627 0.8571
vn -0.3005 -0.0574 0.9521
vn -0.4032 -0.7097 0.5777
vn -0.4169 -0.6028 0.6803
vn -0.3380 -0.1181 0.9337
vn -0.2345 0.1187 0.9648
vn -0.4163 -0.4310 0.8005
vn -0.3058 -0.0362 0.9514
vn -0.1233 0.1826 0.9754
vn -0.2206 0.0558 0.9738
vn -0.1922 0.0765 0.9784
vn -0.2580 0.0624 0.9641
vn -0.0941 0.1665 0.9815
vn -0.0047 0.1868 0.9824
vn -0.2860 0.0437 0.9572
vn -0.1665 0.1164 0.9791
vn 0.0579 0.2863 0.9564
vn 0.1319 0.2788 0.9513
vn -0.0254 0.2320 0.9724
vn -0.1010 0.1024 0.9896
vn 0.1887 0.2166 0.9578
vn 0.0529 0.1750 0.9831
vn 0.0146 0.0769 0.9969
vn 0.0029 0.0932 0.9956
vn 0.0958 0.0913 0.9912
vn 0.0977 0.0622 0.9933
vn -0.0274 0.1027 0.9943
vn 0.0808 0.1358 0.9874
vn 0.2364 0.0709 0.9691
vn 0.2135 0.0069 0.9769
vn 0.2252 0.1520 0.9624
vn 0.0222 0.0939 0.9953
vn 0.1710 0.0094 0.9852
vn 0.0953 0.0646 0.9933
vn -0.0142 0.2294 0.9732
vn -0.0155 0.1464 0.9891
vn 0.0656 0.0699 0.9954
vn 0.0121 0.1428 0.9897
vn 0.0042 0.1120 0.9937
vn 0.0833 0.0470 0.9954
vn 0.0724 -0.0049 0.9974
vn -0.0001 0.0483 0.9988
vn 0.1277 -0.0020 0.9918
vn -0.1306 0.3170 0.9394
vn -0.1647 0.2536 0.9532
vn -0.1490 0.2231 0.9633
vn -0.3992 0.5292 0.7487
vn -0.4691 0.4413 0.7650
vn -0.3522 0.3824 0.8543
vn -0.3185 0.4616 0.8280
vn -0.5793 0.3667 0.7280
vn -0.3807 0.3360 0.8615
vn -0.2776 0.3305 0.9021
vn -0.2525 0.3998 0.8811
vn -0.2896 0.3030 0.9079
vn -0.4837 0.5672 0.6666
vn -0.6493 0.4562 0.6085
vn -0.8075 0.3442 0.4791
vn -0.7875 0.5424 0.2927
vn -0.8681 0.4083 0.2823
vn -0.8589 0.4156 0.2994
vn -0.7499 0.5639 0.3460
vn -0.9151 0.3148 0.2521
vn -0.8967 0.3075 0.3185
vn -0.8082 0.4287 0.4038
vn -0.6359 0.5916 0.4957
vn -0.8829 0.3016 0.3599
s 1
g off
g rock.001_warna_batu
usemtl warna_batu
f 3317//2307 3318//2308 3321//2309 3320//2310
f 3318//2308 3319//2311 3322//2312 3321//2309
f 3320//2310 3321//2309 3324//2313 3323//2314
f 3321//2309 3322//2312 3325//2315 3324//2313
f 2372//2316 2669//2317 3317//2307 2686//2318
f 2669//2317 2670//2319 3318//2308 3317//2307
f 2670//2319 2671//2320 3319//2311 3318//2308
f 2671//2320 2373//2321 2689//2322 3319//2311
f 3319//2311 2689//2322 2688//2323 3322//2312
f 3322//2312 2688//2323 2687//2324 3325//2315
f 3325//2315 2687//2324 2371//2325 2693//2326
f 3324//2313 3325//2315 2693//2326 2694//2327
f 3323//2314 3324//2313 2694//2327 2695//2328
f 2684//2329 3323//2314 2695//2328 2377//2330
f 2685//2331 3320//2310 3323//2314 2684//2329
f 2686//2318 3317//2307 3320//2310 2685//2331
f 3326//2332 3327//2333 3330//2334 3329//2335
f 3327//2333 3328//2336 3331//2337 3330//2334
f 3329//2335 3330//2334 3333//2338 3332//2339
f 3330//2334 3331//2337 3334//2340 3333//2338
f 2374//2341 2672//2342 3326//2332 2680//2343
f 2672//2342 2673//2344 3327//2333 3326//2332
f 2673//2344 2674//2345 3328//2336 3327//2333
f 2674//2345 2375//2346 2692//2347 3328//2336
f 3328//2336 2692//2347 2691//2348 3331//2337
f 3331//2337 2691//2348 2690//2349 3334//2340
f 3334//2340 2690//2349 2371//2325 2687//2324
f 3333//2338 3334//2340 2687//2324 2688//2323
f 3332//2339 3333//2338 2688//2323 2689//2322
f 2678//2350 3332//2339 2689//2322 2373//2321
f 2679//2351 3329//2335 3332//2339 2678//2350
f 2680//2343 3326//2332 3329//2335 2679//2351
f 3335//2352 3336//2353 3339//2354 3338//2355
f 3336//2353 3337//2356 3340//2357 3339//2354
f 3338//2355 3339//2354 3342//2358 3341//2359
f 3339//2354 3340//2357 3343//2360 3342//2358
f 2376//2361 2675//2362 3335//2352 2683//2363
f 2675//2362 2676//2364 3336//2353 3335//2352
f 2676//2364 2677//2365 3337//2356 3336//2353
f 2677//2365 2377//2330 2695//2328 3337//2356
f 3337//2356 2695//2328 2694//2327 3340//2357
f 3340//2357 2694//2327 2693//2326 3343//2360
f 3343//2360 2693//2326 2371//2325 2690//2349
f 3342//2358 3343//2360 2690//2349 2691//2348
f 3341//2359 3342//2358 2691//2348 2692//2347
f 2681//2366 3341//2359 2692//2347 2375//2346
f 2682//2367 3338//2355 3341//2359 2681//2366
f 2683//2363 3335//2352 3338//2355 2682//2367
f 3344//2368 3345//2369 3348//2370 3347//2371
f 3345//2369 3346//2372 3349//2373 3348//2370
f 3347//2371 3348//2370 3351//2374 3350//2375
f 3348//2370 3349//2373 3352//2376 3351//2374
f 2307//2377 2453//2378 3344//2368 2465//2379
f 2453//2378 2454//2380 3345//2369 3344//2368
f 2454//2380 2455//2381 3346//2372 3345//2369
f 2455//2381 2317//2382 2696//2383 3346//2372
f 3346//2372 2696//2383 2697//2384 3349//2373
f 3349//2373 2697//2384 2698//2385 3352//2376
f 3352//2376 2698//2385 2372//2316 2704//2386
f 3351//2374 3352//2376 2704//2386 2703//2387
f 3350//2375 3351//2374 2703//2387 2702//2388
f 2467//2389 3350//2375 2702//2388 2320//2390
f 2466//2391 3347//2371 3350//2375 2467//2389
f 2465//2379 3344//2368 3347//2371 2466//2391
f 3353//2392 3354//2393 3357//2394 3356//2395
f 3354//2393 3355//2396 3358//2397 3357//2394
f 3356//2395 3357//2394 3360//2398 3359//2399
f 3357//2394 3358//2397 3361//2400 3360//2398
f 2317//2382 2456//2401 3353//2392 2696//2383
f 2456//2401 2457//2402 3354//2393 3353//2392
f 2457//2402 2458//2403 3355//2396 3354//2393
f 2458//2403 2318//2404 2699//2405 3355//2396
f 3355//2396 2699//2405 2700//2406 3358//2397
f 3358//2397 2700//2406 2701//2407 3361//2400
f 3361//2400 2701//2407 2373//2321 2671//2320
f 3360//2398 3361//2400 2671//2320 2670//2319
f 3359//2399 3360//2398 2670//2319 2669//2317
f 2698//2385 3359//2399 2669//2317 2372//2316
f 2697//2384 3356//2395 3359//2399 2698//2385
f 2696//2383 3353//2392 3356//2395 2697//2384
f 3362//2408 3363//2409 3366//2410 3365//2411
f 3363//2409 3364//2412 3367//2413 3366//2410
f 3365//2411 3366//2410 3369//2414 3368//2415
f 3366//2410 3367//2413 3370//2416 3369//2414
f 2320//2390 2702//2388 3362//2408 2468//2417
f 2702//2388 2703//2387 3363//2409 3362//2408
f 2703//2387 2704//2386 3364//2412 3363//2409
f 2704//2386 2372//2316 2686//2318 3364//2412
f 3364//2412 2686//2318 2685//2331 3367//2413
f 3367//2413 2685//2331 2684//2329 3370//2416
f 3370//2416 2684//2329 2377//2330 2719//2418
f 3369//2414 3370//2416 2719//2418 2718//2419
f 3368//2415 3369//2414 2718//2419 2717//2420
f 2470//2421 3368//2415 2717//2420 2321//2422
f 2469//2423 3365//2411 3368//2415 2470//2421
f 2468//2417 3362//2408 3365//2411 2469//2423
f 3371//2424 3372//2425 3375//2426 3374//2427
f 3372//2425 3373//2428 3376//2429 3375//2426
f 3374//2427 3375//2426 3378//2430 3377//2431
f 3375//2426 3376//2429 3379//2432 3378//2430
f 2308//2433 2561//2434 3371//2424 2464//2435
f 2561//2434 2562//2436 3372//2425 3371//2424
f 2562//2436 2563//2437 3373//2428 3372//2425
f 2563//2437 2344//2438 2705//2439 3373//2428
f 3373//2428 2705//2439 2706//2440 3376//2429
f 3376//2429 2706//2440 2707//2441 3379//2432
f 3379//2432 2707//2441 2374//2341 2713//2442
f 3378//2430 3379//2432 2713//2442 2712//2443
f 3377//2431 3378//2430 2712//2443 2711//2444
f 2462//2445 3377//2431 2711//2444 2319//2446
f 2463//2447 3374//2427 3377//2431 2462//2445
f 2464//2435 3371//2424 3374//2427 2463//2447
f 3380//2448 3381//2449 3384//2450 3383//2451
f 3381//2449 3382//2452 3385//2453 3384//2450
f 3383//2451 3384//2450 3387//2454 3386//2455
f 3384//2450 3385//2453 3388//2456 3387//2454
f 2344//2438 2564//2457 3380//2448 2705//2439
f 2564//2457 2565//2458 3381//2449 3380//2448
f 2565//2458 2566//2459 3382//2452 3381//2449
f 2566//2459 2345//2460 2708//2461 3382//2452
f 3382//2452 2708//2461 2709//2462 3385//2453
f 3385//2453 2709//2462 2710//2463 3388//2456
f 3388//2456 2710//2463 2375//2346 2674//2345
f 3387//2454 3388//2456 2674//2345 2673//2344
f 3386//2455 3387//2454 2673//2344 2672//2342
f 2707//2441 3386//2455 2672//2342 2374//2341
f 2706//2440 3383//2451 3386//2455 2707//2441
f 2705//2439 3380//2448 3383//2451 2706//2440
f 3389//2464 3390//2465 3393//2466 3392//2467
f 3390//2465 3391//2468 3394//2469 3393//2466
f 3392//2467 3393//2466 3396//2470 3395//2471
f 3393//2466 3394//2469 3397//2472 3396//2470
f 2319//2446 2711//2444 3389//2464 2461//2473
f 2711//2444 2712//2443 3390//2465 3389//2464
f 2712//2443 2713//2442 3391//2468 3390//2465
f 2713//2442 2374//2341 2680//2343 3391//2468
f 3391//2468 2680//2343 2679//2351 3394//2469
f 3394//2469 2679//2351 2678//2350 3397//2472
f 3397//2472 2678//2350 2373//2321 2701//2407
f 3396//2470 3397//2472 2701//2407 2700//2406
f 3395//2471 3396//2470 2700//2406 2699//2405
f 2459//2474 3395//2471 2699//2405 2318//2404
f 2460//2475 3392//2467 3395//2471 2459//2474
f 2461//2473 3389//2464 3392//2467 2460//2475
f 3398//2476 3399//2477 3402//2478 3401//2479
f 3399//2477 3400//2480 3403//2481 3402//2478
f 3401//2479 3402//2478 3405//2482 3404//2483
f 3402//2478 3403//2481 3406//2484 3405//2482
f 2309//2485 2476//2486 3398//2476 2572//2487
f 2476//2486 2475//2488 3399//2477 3398//2476
f 2475//2488 2474//2489 3400//2480 3399//2477
f 2474//2489 2322//2490 2714//2491 3400//2480
f 3400//2480 2714//2491 2715//2492 3403//2481
f 3403//2481 2715//2492 2716//2493 3406//2484
f 3406//2484 2716//2493 2376//2361 2722//2494
f 3405//2482 3406//2484 2722//2494 2721//2495
f 3404//2483 3405//2482 2721//2495 2720//2496
f 2570//2497 3404//2483 2720//2496 2346//2498
f 2571//2499 3401//2479 3404//2483 2570//2497
f 2572//2487 3398//2476 3401//2479 2571//2499
f 3407//2500 3408//2501 3411//2502 3410//2503
f 3408//2501 3409//2504 3412//2505 3411//2502
f 3410//2503 3411//2502 3414//2506 3413//2507
f 3411//2502 3412//2505 3415//2508 3414//2506
f 2322//2490 2473//2509 3407//2500 2714//2491
f 2473//2509 2472//2510 3408//2501 3407//2500
f 2472//2510 2471//2511 3409//2504 3408//2501
f 2471//2511 2321//2422 2717//2420 3409//2504
f 3409//2504 2717//2420 2718//2419 3412//2505
f 3412//2505 2718//2419 2719//2418 3415//2508
f 3415//2508 2719//2418 2377//2330 2677//2365
f 3414//2506 3415//2508 2677//2365 2676//2364
f 3413//2507 3414//2506 2676//2364 2675//2362
f 2716//2493 3413//2507 2675//2362 2376//2361
f 2715//2492 3410//2503 3413//2507 2716//2493
f 2714//2491 3407//2500 3410//2503 2715//2492
f 3416//2512 3417//2513 3420//2514 3419//2515
f 3417//2513 3418//2516 3421//2517 3420//2514
f 3419//2515 3420//2514 3423//2518 3422//2519
f 3420//2514 3421//2517 3424//2520 3423//2518
f 2346//2498 2720//2496 3416//2512 2569//2521
f 2720//2496 2721//2495 3417//2513 3416//2512
f 2721//2495 2722//2494 3418//2516 3417//2513
f 2722//2494 2376//2361 2683//2363 3418//2516
f 3418//2516 2683//2363 2682//2367 3421//2517
f 3421//2517 2682//2367 2681//2366 3424//2520
f 3424//2520 2681//2366 2375//2346 2710//2463
f 3423//2518 3424//2520 2710//2463 2709//2462
f 3422//2519 3423//2518 2709//2462 2708//2461
f 2567//2522 3422//2519 2708//2461 2345//2460
f 2568//2523 3419//2515 3422//2519 2567//2522
f 2569//2521 3416//2512 3419//2515 2568//2523
f 3425//2524 3426//2525 3429//2526 3428//2527
f 3426//2525 3427//2528 3430//2529 3429//2526
f 3428//2527 3429//2526 3432//2530 3431//2531
f 3429//2526 3430//2529 3433//2532 3432//2530
f 2379//2533 2723//2534 3425//2524 2740//2535
f 2723//2534 2724//2536 3426//2525 3425//2524
f 2724//2536 2725//2537 3427//2528 3426//2525
f 2725//2537 2380//2538 2743//2539 3427//2528
f 3427//2528 2743//2539 2742//2540 3430//2529
f 3430//2529 2742//2540 2741//2541 3433//2532
f 3433//2532 2741//2541 2378//2542 2747//2543
f 3432//2530 3433//2532 2747//2543 2748//2544
f 3431//2531 3432//2530 2748//2544 2749//2545
f 2738//2546 3431//2531 2749//2545 2384//2547
f 2739//2548 3428//2527 3431//2531 2738//2546
f 2740//2535 3425//2524 3428//2527 2739//2548
f 3434//2549 3435//2550 3438//2551 3437//2552
f 3435//2550 3436//2553 3439//2554 3438//2551
f 3437//2552 3438//2551 3441//2555 3440//2556
f 3438//2551 3439//2554 3442//2557 3441//2555
f 2381//2558 2726//2559 3434//2549 2734//2560
f 2726//2559 2727//2561 3435//2550 3434//2549
f 2727//2561 2728//2562 3436//2553 3435//2550
f 2728//2562 2382//2563 2746//2564 3436//2553
f 3436//2553 2746//2564 2745//2565 3439//2554
f 3439//2554 2745//2565 2744//2566 3442//2557
f 3442//2557 2744//2566 2378//2542 2741//2541
f 3441//2555 3442//2557 2741//2541 2742//2540
f 3440//2556 3441//2555 2742//2540 2743//2539
f 2732//2567 3440//2556 2743//2539 2380//2538
f 2733//2568 3437//2552 3440//2556 2732//2567
f 2734//2560 3434//2549 3437//2552 2733//2568
f 3443//2569 3444//2570 3447//2571 3446//2572
f 3444//2570 3445//2573 3448//2574 3447//2571
f 3446//2572 3447//2571 3450//2575 3449//2576
f 3447//2571 3448//2574 3451//2577 3450//2575
f 2383//2578 2729//2579 3443//2569 2737//2580
f 2729//2579 2730//2581 3444//2570 3443//2569
f 2730//2581 2731//2582 3445//2573 3444//2570
f 2731//2582 2384//2547 2749//2545 3445//2573
f 3445//2573 2749//2545 2748//2544 3448//2574
f 3448//2574 2748//2544 2747//2543 3451//2577
f 3451//2577 2747//2543 2378//2542 2744//2566
f 3450//2575 3451//2577 2744//2566 2745//2565
f 3449//2576 3450//2575 2745//2565 2746//2564
f 2735//2583 3449//2576 2746//2564 2382//2563
f 2736//2584 3446//2572 3449//2576 2735//2583
f 2737//2580 3443//2569 3446//2572 2736//2584
f 3452//2585 3453//2586 3456//2587 3455//2588
f 3453//2586 3454//2589 3457//2590 3456//2587
f 3455//2588 3456//2587 3459//2591 3458//2592
f 3456//2587 3457//2590 3460//2593 3459//2591
f 2307//2377 2465//2379 3452//2585 2477//2594
f 2465//2379 2466//2391 3453//2586 3452//2585
f 2466//2391 2467//2389 3454//2589 3453//2586
f 2467//2389 2320//2390 2750//2595 3454//2589
f 3454//2589 2750//2595 2751//2596 3457//2590
f 3457//2590 2751//2596 2752//2597 3460//2593
f 3460//2593 2752//2597 2379//2533 2758//2598
f 3459//2591 3460//2593 2758//2598 2757//2599
f 3458//2592 3459//2591 2757//2599 2756//2600
f 2479//2601 3458//2592 2756//2600 2323//2602
f 2478//2603 3455//2588 3458//2592 2479//2601
f 2477//2594 3452//2585 3455//2588 2478//2603
f 3461//2604 3462//2605 3465//2606 3464//2607
f 3462//2605 3463//2608 3466//2609 3465//2606
f 3464//2607 3465//2606 3468//2610 3467//2611
f 3465//2606 3466//2609 3469//2612 3468//2610
f 2320//2390 2468//2417 3461//2604 2750//2595
f 2468//2417 2469//2423 3462//2605 3461//2604
f 2469//2423 2470//2421 3463//2608 3462//2605
f 2470//2421 2321//2422 2753//2613 3463//2608
f 3463//2608 2753//2613 2754//2614 3466//2609
f 3466//2609 2754//2614 2755//2615 3469//2612
f 3469//2612 2755//2615 2380//2538 2725//2537
f 3468//2610 3469//2612 2725//2537 2724//2536
f 3467//2611 3468//2610 2724//2536 2723//2534
f 2752//2597 3467//2611 2723//2534 2379//2533
f 2751//2596 3464//2607 3467//2611 2752//2597
f 2750//2595 3461//2604 3464//2607 2751//2596
f 3470//2616 3471//2617 3474//2618 3473//2619
f 3471//2617 3472//2620 3475//2621 3474//2618
f 3473//2619 3474//2618 3477//2622 3476//2623
f 3474//2618 3475//2621 3478//2624 3477//2622
f 2323//2602 2756//2600 3470//2616 2480//2625
f 2756//2600 2757//2599 3471//2617 3470//2616
f 2757//2599 2758//2598 3472//2620 3471//2617
f 2758//2598 2379//2533 2740//2535 3472//2620
f 3472//2620 2740//2535 2739//2548 3475//2621
f 3475//2621 2739//2548 2738//2546 3478//2624
f 3478//2624 2738//2546 2384//2547 2773//2626
f 3477//2622 3478//2624 2773//2626 2772//2627
f 3476//2623 3477//2622 2772//2627 2771//2628
f 2482//2629 3476//2623 2771//2628 2324//2630
f 2481//2631 3473//2619 3476//2623 2482//2629
f 2480//2625 3470//2616 3473//2619 2481//2631
f 3479//2632 3480//2633 3483//2634 3482//2635
f 3480//2633 3481//2636 3484//2637 3483//2634
f 3482//2635 3483//2634 3486//2638 3485//2639
f 3483//2634 3484//2637 3487//2640 3486//2638
f 2309//2485 2609//2641 3479//2632 2476//2486
f 2609//2641 2610//2642 3480//2633 3479//2632
f 2610//2642 2611//2643 3481//2636 3480//2633
f 2611//2643 2356//2644 2759//2645 3481//2636
f 3481//2636 2759//2645 2760//2646 3484//2637
f 3484//2637 2760//2646 2761//2647 3487//2640
f 3487//2640 2761//2647 2381//2558 2767//2648
f 3486//2638 3487//2640 2767//2648 2766//2649
f 3485//2639 3486//2638 2766//2649 2765//2650
f 2474//2489 3485//2639 2765//2650 2322//2490
f 2475//2488 3482//2635 3485//2639 2474//2489
f 2476//2486 3479//2632 3482//2635 2475//2488
f 3488//2651 3489//2652 3492//2653 3491//2654
f 3489//2652 3490//2655 3493//2656 3492//2653
f 3491//2654 3492//2653 3495//2657 3494//2658
f 3492//2653 3493//2656 3496//2659 3495//2657
f 2356//2644 2612//2660 3488//2651 2759//2645
f 2612//2660 2613//2661 3489//2652 3488//2651
f 2613//2661 2614//2662 3490//2655 3489//2652
f 2614//2662 2357//2663 2762//2664 3490//2655
f 3490//2655 2762//2664 2763//2665 3493//2656
f 3493//2656 2763//2665 2764//2666 3496//2659
f 3496//2659 2764//2666 2382//2563 2728//2562
f 3495//2657 3496//2659 2728//2562 2727//2561
f 3494//2658 3495//2657 2727//2561 2726//2559
f 2761//2647 3494//2658 2726//2559 2381//2558
f 2760//2646 3491//2654 3494//2658 2761//2647
f 2759//2645 3488//2651 3491//2654 2760//2646
f 3497//2667 3498//2668 3501//2669 3500//2670
f 3498//2668 3499//2671 3502//2672 3501//2669
f 3500//2670 3501//2669 3504//2673 3503//2674
f 3501//2669 3502//2672 3505//2675 3504//2673
f 2322//2490 2765//2650 3497//2667 2473//2509
f 2765//2650 2766//2649 3498//2668 3497//2667
f 2766//2649 2767//2648 3499//2671 3498//2668
f 2767//2648 2381//2558 2734//2560 3499//2671
f 3499//2671 2734//2560 2733//2568 3502//2672
f 3502//2672 2733//2568 2732//2567 3505//2675
f 3505//2675 2732//2567 2380//2538 2755//2615
f 3504//2673 3505//2675 2755//2615 2754//2614
f 3503//2674 3504//2673 2754//2614 2753//2613
f 2471//2511 3503//2674 2753//2613 2321//2422
f 2472//2510 3500//2670 3503//2674 2471//2511
f 2473//2509 3497//2667 3500//2670 2472//2510
f 3506//2676 3507//2677 3510//2678 3509//2679
f 3507//2677 3508//2680 3511//2681 3510//2678
f 3509//2679 3510//2678 3513//2682 3512//2683
f 3510//2678 3511//2681 3514//2684 3513//2682
f 2310//2685 2488//2686 3506//2676 2620//2687
f 2488//2686 2487//2688 3507//2677 3506//2676
f 2487//2688 2486//2689 3508//2680 3507//2677
f 2486//2689 2325//2690 2768//2691 3508//2680
f 3508//2680 2768//2691 2769//2692 3511//2681
f 3511//2681 2769//2692 2770//2693 3514//2684
f 3514//2684 2770//2693 2383//2578 2776//2694
f 3513//2682 3514//2684 2776//2694 2775//2695
f 3512//2683 3513//2682 2775//2695 2774//2696
f 2618//2697 3512//2683 2774//2696 2358//2698
f 2619//2699 3509//2679 3512//2683 2618//2697
f 2620//2687 3506//2676 3509//2679 2619//2699
f 3515//2700 3516//2701 3519//2702 3518//2703
f 3516//2701 3517//2704 3520//2705 3519//2702
f 3518//2703 3519//2702 3522//2706 3521//2707
f 3519//2702 3520//2705 3523//2708 3522//2706
f 2325//2690 2485//2709 3515//2700 2768//2691
f 2485//2709 2484//2710 3516//2701 3515//2700
f 2484//2710 2483//2711 3517//2704 3516//2701
f 2483//2711 2324//2630 2771//2628 3517//2704
f 3517//2704 2771//2628 2772//2627 3520//2705
f 3520//2705 2772//2627 2773//2626 3523//2708
f 3523//2708 2773//2626 2384//2547 2731//2582
f 3522//2706 3523//2708 2731//2582 2730//2581
f 3521//2707 3522//2706 2730//2581 2729//2579
f 2770//2693 3521//2707 2729//2579 2383//2578
f 2769//2692 3518//2703 3521//2707 2770//2693
f 2768//2691 3515//2700 3518//2703 2769//2692
f 3524//2712 3525//2713 3528//2714 3527//2715
f 3525//2713 3526//2716 3529//2717 3528//2714
f 3527//2715 3528//2714 3531//2718 3530//2719
f 3528//2714 3529//2717 3532//2720 3531//2718
f 2358//2698 2774//2696 3524//2712 2617//2721
f 2774//2696 2775//2695 3525//2713 3524//2712
f 2775//2695 2776//2694 3526//2716 3525//2713
f 2776//2694 2383//2578 2737//2580 3526//2716
f 3526//2716 2737//2580 2736//2584 3529//2717
f 3529//2717 2736//2584 2735//2583 3532//2720
f 3532//2720 2735//2583 2382//2563 2764//2666
f 3531//2718 3532//2720 2764//2666 2763//2665
f 3530//2719 3531//2718 2763//2665 2762//2664
f 2615//2722 3530//2719 2762//2664 2357//2663
f 2616//2723 3527//2715 3530//2719 2615//2722
f 2617//2721 3524//2712 3527//2715 2616//2723
f 3533//2724 3534//2725 3537//2726 3536//2727
f 3534//2725 3535//2728 3538//2729 3537//2726
f 3536//2727 3537//2726 3540//2730 3539//2731
f 3537//2726 3538//2729 3541//2732 3540//2730
f 2386//2733 2777//2734 3533//2724 2794//2735
f 2777//2734 2778//2736 3534//2725 3533//2724
f 2778//2736 2779//2737 3535//2728 3534//2725
f 2779//2737 2387//2738 2797//2739 3535//2728
f 3535//2728 2797//2739 2796//2740 3538//2729
f 3538//2729 2796//2740 2795//2741 3541//2732
f 3541//2732 2795//2741 2385//2742 2801//2743
f 3540//2730 3541//2732 2801//2743 2802//2744
f 3539//2731 3540//2730 2802//2744 2803//2745
f 2792//2746 3539//2731 2803//2745 2391//2747
f 2793//2748 3536//2727 3539//2731 2792//2746
f 2794//2735 3533//2724 3536//2727 2793//2748
f 3542//2749 3543//2750 3546//2751 3545//2752
f 3543//2750 3544//2753 3547//2754 3546//2751
f 3545//2752 3546//2751 3549//2755 3548//2756
f 3546//2751 3547//2754 3550//2757 3549//2755
f 2388//2758 2780//2759 3542//2749 2788//2760
f 2780//2759 2781//2761 3543//2750 3542//2749
f 2781//2761 2782//2762 3544//2753 3543//2750
f 2782//2762 2389//2763 2800//2764 3544//2753
f 3544//2753 2800//2764 2799//2765 3547//2754
f 3547//2754 2799//2765 2798//2766 3550//2757
f 3550//2757 2798//2766 2385//2742 2795//2741
f 3549//2755 3550//2757 2795//2741 2796//2740
f 3548//2756 3549//2755 2796//2740 2797//2739
f 2786//2767 3548//2756 2797//2739 2387//2738
f 2787//2768 3545//2752 3548//2756 2786//2767
f 2788//2760 3542//2749 3545//2752 2787//2768
f 3551//2769 3552//2770 3555//2771 3554//2772
f 3552//2770 3553//2773 3556//2774 3555//2771
f 3554//2772 3555//2771 3558//2775 3557//2776
f 3555//2771 3556//2774 3559//2777 3558//2775
f 2390//2778 2783//2779 3551//2769 2791//2780
f 2783//2779 2784//2781 3552//2770 3551//2769
f 2784//2781 2785//2782 3553//2773 3552//2770
f 2785//2782 2391//2747 2803//2745 3553//2773
f 3553//2773 2803//2745 2802//2744 3556//2774
f 3556//2774 2802//2744 2801//2743 3559//2777
f 3559//2777 2801//2743 2385//2742 2798//2766
f 3558//2775 3559//2777 2798//2766 2799//2765
f 3557//2776 3558//2775 2799//2765 2800//2764
f 2789//2783 3557//2776 2800//2764 2389//2763
f 2790//2784 3554//2772 3557//2776 2789//2783
f 2791//2780 3551//2769 3554//2772 2790//2784
f 3560//2785 3561//2786 3564//2787 3563//2788
f 3561//2786 3562//2789 3565//2790 3564//2787
f 3563//2788 3564//2787 3567//2791 3566//2792
f 3564//2787 3565//2790 3568//2793 3567//2791
f 2307//2377 2501//2794 3560//2785 2513//2795
f 2501//2794 2502//2796 3561//2786 3560//2785
f 2502//2796 2503//2797 3562//2789 3561//2786
f 2503//2797 2329//2798 2804//2799 3562//2789
f 3562//2789 2804//2799 2805//2800 3565//2790
f 3565//2790 2805//2800 2806//2801 3568//2793
f 3568//2793 2806//2801 2386//2733 2812//2802
f 3567//2791 3568//2793 2812//2802 2811//2803
f 3566//2792 3567//2791 2811//2803 2810//2804
f 2515//2805 3566//2792 2810//2804 2332//2806
f 2514//2807 3563//2788 3566//2792 2515//2805
f 2513//2795 3560//2785 3563//2788 2514//2807
f 3569//2808 3570//2809 3573//2810 3572//2811
f 3570//2809 3571//2812 3574//2813 3573//2810
f 3572//2811 3573//2810 3576//2814 3575//2815
f 3573//2810 3574//2813 3577//2816 3576//2814
f 2329//2798 2504//2817 3569//2808 2804//2799
f 2504//2817 2505//2818 3570//2809 3569//2808
f 2505//2818 2506//2819 3571//2812 3570//2809
f 2506//2819 2330//2820 2807//2821 3571//2812
f 3571//2812 2807//2821 2808//2822 3574//2813
f 3574//2813 2808//2822 2809//2823 3577//2816
f 3577//2816 2809//2823 2387//2738 2779//2737
f 3576//2814 3577//2816 2779//2737 2778//2736
f 3575//2815 3576//2814 2778//2736 2777//2734
f 2806//2801 3575//2815 2777//2734 2386//2733
f 2805//2800 3572//2811 3575//2815 2806//2801
f 2804//2799 3569//2808 3572//2811 2805//2800
f 3578//2824 3579//2825 3582//2826 3581//2827
f 3579//2825 3580//2828 3583//2829 3582//2826
f 3581//2827 3582//2826 3585//2830 3584//2831
f 3582//2826 3583//2829 3586//2832 3585//2830
f 2332//2806 2810//2804 3578//2824 2516//2833
f 2810//2804 2811//2803 3579//2825 3578//2824
f 2811//2803 2812//2802 3580//2828 3579//2825
f 2812//2802 2386//2733 2794//2735 3580//2828
f 3580//2828 2794//2735 2793//2748 3583//2829
f 3583//2829 2793//2748 2792//2746 3586//2832
f 3586//2832 2792//2746 2391//2747 2827//2834
f 3585//2830 3586//2832 2827//2834 2826//2835
f 3584//2831 3585//2830 2826//2835 2825//2836
f 2518//2837 3584//2831 2825//2836 2333//2838
f 2517//2839 3581//2827 3584//2831 2518//2837
f 2516//2833 3578//2824 3581//2827 2517//2839
f 3587//2840 3588//2841 3591//2842 3590//2843
f 3588//2841 3589//2844 3592//2845 3591//2842
f 3590//2843 3591//2842 3594//2846 3593//2847
f 3591//2842 3592//2845 3595//2848 3594//2846
f 2312//2849 2525//2850 3587//2840 2512//2851
f 2525//2850 2526//2852 3588//2841 3587//2840
f 2526//2852 2527//2853 3589//2844 3588//2841
f 2527//2853 2335//2854 2813//2855 3589//2844
f 3589//2844 2813//2855 2814//2856 3592//2845
f 3592//2845 2814//2856 2815//2857 3595//2848
f 3595//2848 2815//2857 2388//2758 2821//2858
f 3594//2846 3595//2848 2821//2858 2820//2859
f 3593//2847 3594//2846 2820//2859 2819//2860
f 2510//2861 3593//2847 2819//2860 2331//2862
f 2511//2863 3590//2843 3593//2847 2510//2861
f 2512//2851 3587//2840 3590//2843 2511//2863
f 3596//2864 3597//2865 3600//2866 3599//2867
f 3597//2865 3598//2868 3601//2869 3600//2866
f 3599//2867 3600//2866 3603//2870 3602//2871
f 3600//2866 3601//2869 3604//2872 3603//2870
f 2335//2854 2528//2873 3596//2864 2813//2855
f 2528//2873 2529//2874 3597//2865 3596//2864
f 2529//2874 2530//2875 3598//2868 3597//2865
f 2530//2875 2336//2876 2816//2877 3598//2868
f 3598//2868 2816//2877 2817//2878 3601//2869
f 3601//2869 2817//2878 2818//2879 3604//2872
f 3604//2872 2818//2879 2389//2763 2782//2762
f 3603//2870 3604//2872 2782//2762 2781//2761
f 3602//2871 3603//2870 2781//2761 2780//2759
f 2815//2857 3602//2871 2780//2759 2388//2758
f 2814//2856 3599//2867 3602//2871 2815//2857
f 2813//2855 3596//2864 3599//2867 2814//2856
f 3605//2880 3606//2881 3609//2882 3608//2883
f 3606//2881 3607//2884 3610//2885 3609//2882
f 3608//2883 3609//2882 3612//2886 3611//2887
f 3609//2882 3610//2885 3613//2888 3612//2886
f 2331//2862 2819//2860 3605//2880 2509//2889
f 2819//2860 2820//2859 3606//2881 3605//2880
f 2820//2859 2821//2858 3607//2884 3606//2881
f 2821//2858 2388//2758 2788//2760 3607//2884
f 3607//2884 2788//2760 2787//2768 3610//2885
f 3610//2885 2787//2768 2786//2767 3613//2888
f 3613//2888 2786//2767 2387//2738 2809//2823
f 3612//2886 3613//2888 2809//2823 2808//2822
f 3611//2887 3612//2886 2808//2822 2807//2821
f 2507//2890 3611//2887 2807//2821 2330//2820
f 2508//2891 3608//2883 3611//2887 2507//2890
f 2509//2889 3605//2880 3608//2883 2508//2891
f 3614//2892 3615//2893 3618//2894 3617//2895
f 3615//2893 3616//2896 3619//2897 3618//2894
f 3617//2895 3618//2894 3621//2898 3620//2899
f 3618//2894 3619//2897 3622//2900 3621//2898
f 2313//2901 2524//2902 3614//2892 2536//2903
f 2524//2902 2523//2904 3615//2893 3614//2892
f 2523//2904 2522//2905 3616//2896 3615//2893
f 2522//2905 2334//2906 2822//2907 3616//2896
f 3616//2896 2822//2907 2823//2908 3619//2897
f 3619//2897 2823//2908 2824//2909 3622//2900
f 3622//2900 2824//2909 2390//2778 2830//2910
f 3621//2898 3622//2900 2830//2910 2829//2911
f 3620//2899 3621//2898 2829//2911 2828//2912
f 2534//2913 3620//2899 2828//2912 2337//2914
f 2535//2915 3617//2895 3620//2899 2534//2913
f 2536//2903 3614//2892 3617//2895 2535//2915
f 3623//2916 3624//2917 3627//2918 3626//2919
f 3624//2917 3625//2920 3628//2921 3627//2918
f 3626//2919 3627//2918 3630//2922 3629//2923
f 3627//2918 3628//2921 3631//2924 3630//2922
f 2334//2906 2521//2925 3623//2916 2822//2907
f 2521//2925 2520//2926 3624//2917 3623//2916
f 2520//2926 2519//2927 3625//2920 3624//2917
f 2519//2927 2333//2838 2825//2836 3625//2920
f 3625//2920 2825//2836 2826//2835 3628//2921
f 3628//2921 2826//2835 2827//2834 3631//2924
f 3631//2924 2827//2834 2391//2747 2785//2782
f 3630//2922 3631//2924 2785//2782 2784//2781
f 3629//2923 3630//2922 2784//2781 2783//2779
f 2824//2909 3629//2923 2783//2779 2390//2778
f 2823//2908 3626//2919 3629//2923 2824//2909
f 2822//2907 3623//2916 3626//2919 2823//2908
f 3632//2928 3633//2929 3636//2930 3635//2931
f 3633//2929 3634//2932 3637//2933 3636//2930
f 3635//2931 3636//2930 3639//2934 3638//2935
f 3636//2930 3637//2933 3640//2936 3639//2934
f 2337//2914 2828//2912 3632//2928 2533//2937
f 2828//2912 2829//2911 3633//2929 3632//2928
f 2829//2911 2830//2910 3634//2932 3633//2929
f 2830//2910 2390//2778 2791//2780 3634//2932
f 3634//2932 2791//2780 2790//2784 3637//2933
f 3637//2933 2790//2784 2789//2783 3640//2936
f 3640//2936 2789//2783 2389//2763 2818//2879
f 3639//2934 3640//2936 2818//2879 2817//2878
f 3638//2935 3639//2934 2817//2878 2816//2877
f 2531//2938 3638//2935 2816//2877 2336//2876
f 2532//2939 3635//2931 3638//2935 2531//2938
f 2533//2937 3632//2928 3635//2931 2532//2939
f 3641//2940 3642//2941 3645//2942 3644//2943
f 3642//2941 3643//2944 3646//2945 3645//2942
f 3644//2943 3645//2942 3648//2946 3647//2947
f 3645//2942 3646//2945 3649//2948 3648//2946
f 2393//2949 2831//2950 3641//2940 2848//2951
f 2831//2950 2832//2952 3642//2941 3641//2940
f 2832//2952 2833//2953 3643//2944 3642//2941
f 2833//2953 2394//2954 2851//2955 3643//2944
f 3643//2944 2851//2955 2850//2956 3646//2945
f 3646//2945 2850//2956 2849//2957 3649//2948
f 3649//2948 2849//2957 2392//2958 2855//2959
f 3648//2946 3649//2948 2855//2959 2856//2960
f 3647//2947 3648//2946 2856//2960 2857//2961
f 2846//2962 3647//2947 2857//2961 2398//2963
f 2847//2964 3644//2943 3647//2947 2846//2962
f 2848//2951 3641//2940 3644//2943 2847//2964
f 3650//2965 3651//2966 3654//2967 3653//2968
f 3651//2966 3652//2969 3655//2970 3654//2967
f 3653//2968 3654//2967 3657//2971 3656//2972
f 3654//2967 3655//2970 3658//2973 3657//2971
f 2395//2974 2834//2975 3650//2965 2842//2976
f 2834//2975 2835//2977 3651//2966 3650//2965
f 2835//2977 2836//2978 3652//2969 3651//2966
f 2836//2978 2396//2979 2854//2980 3652//2969
f 3652//2969 2854//2980 2853//2981 3655//2970
f 3655//2970 2853//2981 2852//2982 3658//2973
f 3658//2973 2852//2982 2392//2958 2849//2957
f 3657//2971 3658//2973 2849//2957 2850//2956
f 3656//2972 3657//2971 2850//2956 2851//2955
f 2840//2983 3656//2972 2851//2955 2394//2954
f 2841//2984 3653//2968 3656//2972 2840//2983
f 2842//2976 3650//2965 3653//2968 2841//2984
f 3659//2985 3660//2986 3663//2987 3662//2988
f 3660//2986 3661//2989 3664//2990 3663//2987
f 3662//2988 3663//2987 3666//2991 3665//2992
f 3663//2987 3664//2990 3667//2993 3666//2991
f 2397//2994 2837//2995 3659//2985 2845//2996
f 2837//2995 2838//2997 3660//2986 3659//2985
f 2838//2997 2839//2998 3661//2989 3660//2986
f 2839//2998 2398//2963 2857//2961 3661//2989
f 3661//2989 2857//2961 2856//2960 3664//2990
f 3664//2990 2856//2960 2855//2959 3667//2993
f 3667//2993 2855//2959 2392//2958 2852//2982
f 3666//2991 3667//2993 2852//2982 2853//2981
f 3665//2992 3666//2991 2853//2981 2854//2980
f 2843//2999 3665//2992 2854//2980 2396//2979
f 2844//3000 3662//2988 3665//2992 2843//2999
f 2845//2996 3659//2985 3662//2988 2844//3000
f 3668//3001 3669//3002 3672//3003 3671//3004
f 3669//3002 3670//3005 3673//3006 3672//3003
f 3671//3004 3672//3003 3675//3007 3674//3008
f 3672//3003 3673//3006 3676//3009 3675//3007
f 2307//2377 2513//2795 3668//3001 2549//3010
f 2513//2795 2514//2807 3669//3002 3668//3001
f 2514//2807 2515//2805 3670//3005 3669//3002
f 2515//2805 2332//2806 2858//3011 3670//3005
f 3670//3005 2858//3011 2859//3012 3673//3006
f 3673//3006 2859//3012 2860//3013 3676//3009
f 3676//3009 2860//3013 2393//2949 2866//3014
f 3675//3007 3676//3009 2866//3014 2865//3015
f 3674//3008 3675//3007 2865//3015 2864//3016
f 2551//3017 3674//3008 2864//3016 2341//3018
f 2550//3019 3671//3004 3674//3008 2551//3017
f 2549//3010 3668//3001 3671//3004 2550//3019
f 3677//3020 3678//3021 3681//3022 3680//3023
f 3678//3021 3679//3024 3682//3025 3681//3022
f 3680//3023 3681//3022 3684//3026 3683//3027
f 3681//3022 3682//3025 3685//3028 3684//3026
f 2332//2806 2516//2833 3677//3020 2858//3011
f 2516//2833 2517//2839 3678//3021 3677//3020
f 2517//2839 2518//2837 3679//3024 3678//3021
f 2518//2837 2333//2838 2861//3029 3679//3024
f 3679//3024 2861//3029 2862//3030 3682//3025
f 3682//3025 2862//3030 2863//3031 3685//3028
f 3685//3028 2863//3031 2394//2954 2833//2953
f 3684//3026 3685//3028 2833//2953 2832//2952
f 3683//3027 3684//3026 2832//2952 2831//2950
f 2860//3013 3683//3027 2831//2950 2393//2949
f 2859//3012 3680//3023 3683//3027 2860//3013
f 2858//3011 3677//3020 3680//3023 2859//3012
f 3686//3032 3687//3033 3690//3034 3689//3035
f 3687//3033 3688//3036 3691//3037 3690//3034
f 3689//3035 3690//3034 3693//3038 3692//3039
f 3690//3034 3691//3037 3694//3040 3693//3038
f 2341//3018 2864//3016 3686//3032 2552//3041
f 2864//3016 2865//3015 3687//3033 3686//3032
f 2865//3015 2866//3014 3688//3036 3687//3033
f 2866//3014 2393//2949 2848//2951 3688//3036
f 3688//3036 2848//2951 2847//2964 3691//3037
f 3691//3037 2847//2964 2846//2962 3694//3040
f 3694//3040 2846//2962 2398//2963 2881//3042
f 3693//3038 3694//3040 2881//3042 2880//3043
f 3692//3039 3693//3038 2880//3043 2879//3044
f 2554//3045 3692//3039 2879//3044 2342//3046
f 2553//3047 3689//3035 3692//3039 2554//3045
f 2552//3041 3686//3032 3689//3035 2553//3047
f 3695//3048 3696//3049 3699//3050 3698//3051
f 3696//3049 3697//3052 3700//3053 3699//3050
f 3698//3051 3699//3050 3702//3054 3701//3055
f 3699//3050 3700//3053 3703//3056 3702//3054
f 2313//2901 2597//3057 3695//3048 2524//2902
f 2597//3057 2598//3058 3696//3049 3695//3048
f 2598//3058 2599//3059 3697//3052 3696//3049
f 2599//3059 2353//3060 2867//3061 3697//3052
f 3697//3052 2867//3061 2868//3062 3700//3053
f 3700//3053 2868//3062 2869//3063 3703//3056
f 3703//3056 2869//3063 2395//2974 2875//3064
f 3702//3054 3703//3056 2875//3064 2874//3065
f 3701//3055 3702//3054 2874//3065 2873//3066
f 2522//2905 3701//3055 2873//3066 2334//2906
f 2523//2904 3698//3051 3701//3055 2522//2905
f 2524//2902 3695//3048 3698//3051 2523//2904
f 3704//3067 3705//3068 3708//3069 3707//3070
f 3705//3068 3706//3071 3709//3072 3708//3069
f 3707//3070 3708//3069 3711//3073 3710//3074
f 3708//3069 3709//3072 3712//3075 3711//3073
f 2353//3060 2600//3076 3704//3067 2867//3061
f 2600//3076 2601//3077 3705//3068 3704//3067
f 2601//3077 2602//3078 3706//3071 3705//3068
f 2602//3078 2354//3079 2870//3080 3706//3071
f 3706//3071 2870//3080 2871//3081 3709//3072
f 3709//3072 2871//3081 2872//3082 3712//3075
f 3712//3075 2872//3082 2396//2979 2836//2978
f 3711//3073 3712//3075 2836//2978 2835//2977
f 3710//3074 3711//3073 2835//2977 2834//2975
f 2869//3063 3710//3074 2834//2975 2395//2974
f 2868//3062 3707//3070 3710//3074 2869//3063
f 2867//3061 3704//3067 3707//3070 2868//3062
f 3713//3083 3714//3084 3717//3085 3716//3086
f 3714//3084 3715//3087 3718//3088 3717//3085
f 3716//3086 3717//3085 3720//3089 3719//3090
f 3717//3085 3718//3088 3721//3091 3720//3089
f 2334//2906 2873//3066 3713//3083 2521//2925
f 2873//3066 2874//3065 3714//3084 3713//3083
f 2874//3065 2875//3064 3715//3087 3714//3084
f 2875//3064 2395//2974 2842//2976 3715//3087
f 3715//3087 2842//2976 2841//2984 3718//3088
f 3718//3088 2841//2984 2840//2983 3721//3091
f 3721//3091 2840//2983 2394//2954 2863//3031
f 3720//3089 3721//3091 2863//3031 2862//3030
f 3719//3090 3720//3089 2862//3030 2861//3029
f 2519//2927 3719//3090 2861//3029 2333//2838
f 2520//2926 3716//3086 3719//3090 2519//2927
f 2521//2925 3713//3083 3716//3086 2520//2926
f 3722//3092 3723//3093 3726//3094 3725//3095
f 3723//3093 3724//3096 3727//3097 3726//3094
f 3725//3095 3726//3094 3729//3098 3728//3099
f 3726//3094 3727//3097 3730//3100 3729//3098
f 2316//3101 2560//3102 3722//3092 2608//3103
f 2560//3102 2559//3104 3723//3093 3722//3092
f 2559//3104 2558//3105 3724//3096 3723//3093
f 2558//3105 2343//3106 2876//3107 3724//3096
f 3724//3096 2876//3107 2877//3108 3727//3097
f 3727//3097 2877//3108 2878//3109 3730//3100
f 3730//3100 2878//3109 2397//2994 2884//3110
f 3729//3098 3730//3100 2884//3110 2883//3111
f 3728//3099 3729//3098 2883//3111 2882//3112
f 2606//3113 3728//3099 2882//3112 2355//3114
f 2607//3115 3725//3095 3728//3099 2606//3113
f 2608//3103 3722//3092 3725//3095 2607//3115
f 3731//3116 3732//3117 3735//3118 3734//3119
f 3732//3117 3733//3120 3736//3121 3735//3118
f 3734//3119 3735//3118 3738//3122 3737//3123
f 3735//3118 3736//3121 3739//3124 3738//3122
f 2343//3106 2557//3125 3731//3116 2876//3107
f 2557//3125 2556//3126 3732//3117 3731//3116
f 2556//3126 2555//3127 3733//3120 3732//3117
f 2555//3127 2342//3046 2879//3044 3733//3120
f 3733//3120 2879//3044 2880//3043 3736//3121
f 3736//3121 2880//3043 2881//3042 3739//3124
f 3739//3124 2881//3042 2398//2963 2839//2998
f 3738//3122 3739//3124 2839//2998 2838//2997
f 3737//3123 3738//3122 2838//2997 2837//2995
f 2878//3109 3737//3123 2837//2995 2397//2994
f 2877//3108 3734//3119 3737//3123 2878//3109
f 2876//3107 3731//3116 3734//3119 2877//3108
f 3740//3128 3741//3129 3744//3130 3743//3131
f 3741//3129 3742//3132 3745//3133 3744//3130
f 3743//3131 3744//3130 3747//3134 3746//3135
f 3744//3130 3745//3133 3748//3136 3747//3134
f 2355//3114 2882//3112 3740//3128 2605//3137
f 2882//3112 2883//3111 3741//3129 3740//3128
f 2883//3111 2884//3110 3742//3132 3741//3129
f 2884//3110 2397//2994 2845//2996 3742//3132
f 3742//3132 2845//2996 2844//3000 3745//3133
f 3745//3133 2844//3000 2843//2999 3748//3136
f 3748//3136 2843//2999 2396//2979 2872//3082
f 3747//3134 3748//3136 2872//3082 2871//3081
f 3746//3135 3747//3134 2871//3081 2870//3080
f 2603//3138 3746//3135 2870//3080 2354//3079
f 2604//3139 3743//3131 3746//3135 2603//3138
f 2605//3137 3740//3128 3743//3131 2604//3139
f 3749//3140 3750//3141 3753//3142 3752//3143
f 3750//3141 3751//3144 3754//3145 3753//3142
f 3752//3143 3753//3142 3756//3146 3755//3147
f 3753//3142 3754//3145 3757//3148 3756//3146
f 2399//3149 2885//3150 3749//3140 2891//3151
f 2885//3150 2886//3152 3750//3141 3749//3140
f 2886//3152 2887//3153 3751//3144 3750//3141
f 2887//3153 2400//3154 2894//3155 3751//3144
f 3751//3144 2894//3155 2895//3156 3754//3145
f 3754//3145 2895//3156 2896//3157 3757//3148
f 3757//3148 2896//3157 2403//3158 2902//3159
f 3756//3146 3757//3148 2902//3159 2901//3160
f 3755//3147 3756//3146 2901//3160 2900//3161
f 2893//3162 3755//3147 2900//3161 2402//3163
f 2892//3164 3752//3143 3755//3147 2893//3162
f 2891//3151 3749//3140 3752//3143 2892//3164
f 3758//3165 3759//3166 3762//3167 3761//3168
f 3759//3166 3760//3169 3763//3170 3762//3167
f 3761//3168 3762//3167 3765//3171 3764//3172
f 3762//3167 3763//3170 3766//3173 3765//3171
f 2400//3154 2888//3174 3758//3165 2894//3155
f 2888//3174 2889//3175 3759//3166 3758//3165
f 2889//3175 2890//3176 3760//3169 3759//3166
f 2890//3176 2401//3177 2897//3178 3760//3169
f 3760//3169 2897//3178 2898//3179 3763//3170
f 3763//3170 2898//3179 2899//3180 3766//3173
f 3766//3173 2899//3180 2404//3181 2905//3182
f 3765//3171 3766//3173 2905//3182 2904//3183
f 3764//3172 3765//3171 2904//3183 2903//3184
f 2896//3157 3764//3172 2903//3184 2403//3158
f 2895//3156 3761//3168 3764//3172 2896//3157
f 2894//3155 3758//3165 3761//3168 2895//3156
f 3767//3185 3768//3186 3771//3187 3770//3188
f 3768//3186 3769//3189 3772//3190 3771//3187
f 3770//3188 3771//3187 3774//3191 3773//3192
f 3771//3187 3772//3190 3775//3193 3774//3191
f 2402//3163 2900//3161 3767//3185 2906//3194
f 2900//3161 2901//3160 3768//3186 3767//3185
f 2901//3160 2902//3159 3769//3189 3768//3186
f 2902//3159 2403//3158 2909//3195 3769//3189
f 3769//3189 2909//3195 2910//3196 3772//3190
f 3772//3190 2910//3196 2911//3197 3775//3193
f 3775//3193 2911//3197 2406//3198 2917//3199
f 3774//3191 3775//3193 2917//3199 2916//3200
f 3773//3192 3774//3191 2916//3200 2915//3201
f 2908//3202 3773//3192 2915//3201 2405//3203
f 2907//3204 3770//3188 3773//3192 2908//3202
f 2906//3194 3767//3185 3770//3188 2907//3204
f 3776//3205 3777//3206 3780//3207 3779//3208
f 3777//3206 3778//3209 3781//3210 3780//3207
f 3779//3208 3780//3207 3783//3211 3782//3212
f 3780//3207 3781//3210 3784//3213 3783//3211
f 2403//3158 2903//3184 3776//3205 2909//3195
f 2903//3184 2904//3183 3777//3206 3776//3205
f 2904//3183 2905//3182 3778//3209 3777//3206
f 2905//3182 2404//3181 2912//3214 3778//3209
f 3778//3209 2912//3214 2913//3215 3781//3210
f 3781//3210 2913//3215 2914//3216 3784//3213
f 3784//3213 2914//3216 2407//3217 2920//3218
f 3783//3211 3784//3213 2920//3218 2919//3219
f 3782//3212 3783//3211 2919//3219 2918//3220
f 2911//3197 3782//3212 2918//3220 2406//3198
f 2910//3196 3779//3208 3782//3212 2911//3197
f 2909//3195 3776//3205 3779//3208 2910//3196
f 3785//3221 3786//3222 3789//3223 3788//3224
f 3786//3222 3787//3225 3790//3226 3789//3223
f 3788//3224 3789//3223 3792//3227 3791//3228
f 3789//3223 3790//3226 3793//3229 3792//3227
f 2307//2377 2549//3010 3785//3221 2453//2378
f 2549//3010 2550//3019 3786//3222 3785//3221
f 2550//3019 2551//3017 3787//3225 3786//3222
f 2551//3017 2341//3018 2921//3230 3787//3225
f 3787//3225 2921//3230 2922//3231 3790//3226
f 3790//3226 2922//3231 2923//3232 3793//3229
f 3793//3229 2923//3232 2399//3149 2956//3233
f 3792//3227 3793//3229 2956//3233 2955//3234
f 3791//3228 3792//3227 2955//3234 2954//3235
f 2455//2381 3791//3228 2954//3235 2317//2382
f 2454//2380 3788//3224 3791//3228 2455//2381
f 2453//2378 3785//3221 3788//3224 2454//2380
f 3794//3236 3795//3237 3798//3238 3797//3239
f 3795//3237 3796//3240 3799//3241 3798//3238
f 3797//3239 3798//3238 3801//3242 3800//3243
f 3798//3238 3799//3241 3802//3244 3801//3242
f 2341//3018 2552//3041 3794//3236 2921//3230
f 2552//3041 2553//3047 3795//3237 3794//3236
f 2553//3047 2554//3045 3796//3240 3795//3237
f 2554//3045 2342//3046 2924//3245 3796//3240
f 3796//3240 2924//3245 2925//3246 3799//3241
f 3799//3241 2925//3246 2926//3247 3802//3244
f 3802//3244 2926//3247 2400//3154 2887//3153
f 3801//3242 3802//3244 2887//3153 2886//3152
f 3800//3243 3801//3242 2886//3152 2885//3150
f 2923//3232 3800//3243 2885//3150 2399//3149
f 2922//3231 3797//3239 3800//3243 2923//3232
f 2921//3230 3794//3236 3797//3239 2922//3231
f 3803//3248 3804//3249 3807//3250 3806//3251
f 3804//3249 3805//3252 3808//3253 3807//3250
f 3806//3251 3807//3250 3810//3254 3809//3255
f 3807//3250 3808//3253 3811//3256 3810//3254
f 2342//3046 2555//3127 3803//3248 2924//3245
f 2555//3127 2556//3126 3804//3249 3803//3248
f 2556//3126 2557//3125 3805//3252 3804//3249
f 2557//3125 2343//3106 2927//3257 3805//3252
f 3805//3252 2927//3257 2928//3258 3808//3253
f 3808//3253 2928//3258 2929//3259 3811//3256
f 3811//3256 2929//3259 2401//3177 2890//3176
f 3810//3254 3811//3256 2890//3176 2889//3175
f 3809//3255 3810//3254 2889//3175 2888//3174
f 2926//3247 3809//3255 2888//3174 2400//3154
f 2925//3246 3806//3251 3809//3255 2926//3247
f 2924//3245 3803//3248 3806//3251 2925//3246
f 3812//3260 3813//3261 3816//3262 3815//3263
f 3813//3261 3814//3264 3817//3265 3816//3262
f 3815//3263 3816//3262 3819//3266 3818//3267
f 3816//3262 3817//3265 3820//3268 3819//3266
f 2343//3106 2558//3105 3812//3260 2927//3257
f 2558//3105 2559//3104 3813//3261 3812//3260
f 2559//3104 2560//3102 3814//3264 3813//3261
f 2560//3102 2316//3101 2644//3269 3814//3264
f 3814//3264 2644//3269 2643//3270 3817//3265
f 3817//3265 2643//3270 2642//3271 3820//3268
f 3820//3268 2642//3271 2364//3272 2930//3273
f 3819//3266 3820//3268 2930//3273 2931//3274
f 3818//3267 3819//3266 2931//3274 2932//3275
f 2929//3259 3818//3267 2932//3275 2401//3177
f 2928//3258 3815//3263 3818//3267 2929//3259
f 2927//3257 3812//3260 3815//3263 2928//3258
f 3821//3276 3822//3277 3825//3278 3824//3279
f 3822//3277 3823//3280 3826//3281 3825//3278
f 3824//3279 3825//3278 3828//3282 3827//3283
f 3825//3278 3826//3281 3829//3284 3828//3282
f 2401//3177 2932//3275 3821//3276 2897//3178
f 2932//3275 2931//3274 3822//3277 3821//3276
f 2931//3274 2930//3273 3823//3280 3822//3277
f 2930//3273 2364//3272 2641//3285 3823//3280
f 3823//3280 2641//3285 2640//3286 3826//3281
f 3826//3281 2640//3286 2639//3287 3829//3284
f 3829//3284 2639//3287 2363//3288 2933//3289
f 3828//3282 3829//3284 2933//3289 2934//3290
f 3827//3283 3828//3282 2934//3290 2935//3291
f 2899//3180 3827//3283 2935//3291 2404//3181
f 2898//3179 3824//3279 3827//3283 2899//3180
f 2897//3178 3821//3276 3824//3279 2898//3179
f 3830//3292 3831//3293 3834//3294 3833//3295
f 3831//3293 3832//3296 3835//3297 3834//3294
f 3833//3295 3834//3294 3837//3298 3836//3299
f 3834//3294 3835//3297 3838//3300 3837//3298
f 2404//3181 2935//3291 3830//3292 2912//3214
f 2935//3291 2934//3290 3831//3293 3830//3292
f 2934//3290 2933//3289 3832//3296 3831//3293
f 2933//3289 2363//3288 2638//3301 3832//3296
f 3832//3296 2638//3301 2637//3302 3835//3297
f 3835//3297 2637//3302 2636//3303 3838//3300
f 3838//3300 2636//3303 2362//3304 2936//3305
f 3837//3298 3838//3300 2936//3305 2937//3306
f 3836//3299 3837//3298 2937//3306 2938//3307
f 2914//3216 3836//3299 2938//3307 2407//3217
f 2913//3215 3833//3295 3836//3299 2914//3216
f 2912//3214 3830//3292 3833//3295 2913//3215
f 3839//3308 3840//3309 3843//3310 3842//3311
f 3840//3309 3841//3312 3844//3313 3843//3310
f 3842//3311 3843//3310 3846//3314 3845//3315
f 3843//3310 3844//3313 3847//3316 3846//3314
f 2407//3217 2938//3307 3839//3308 2941//3317
f 2938//3307 2937//3306 3840//3309 3839//3308
f 2937//3306 2936//3305 3841//3312 3840//3309
f 2936//3305 2362//3304 2635//3318 3841//3312
f 3841//3312 2635//3318 2634//3319 3844//3313
f 3844//3313 2634//3319 2633//3320 3847//3316
f 3847//3316 2633//3320 2315//3321 2548//3322
f 3846//3314 3847//3316 2548//3322 2547//3323
f 3845//3315 3846//3314 2547//3323 2546//3324
f 2939//3325 3845//3315 2546//3324 2340//3326
f 2940//3327 3842//3311 3845//3315 2939//3325
f 2941//3317 3839//3308 3842//3311 2940//3327
f 3848//3328 3849//3329 3852//3330 3851//3331
f 3849//3329 3850//3332 3853//3333 3852//3330
f 3851//3331 3852//3330 3855//3334 3854//3335
f 3852//3330 3853//3333 3856//3336 3855//3334
f 2406//3198 2918//3220 3848//3328 2944//3337
f 2918//3220 2919//3219 3849//3329 3848//3328
f 2919//3219 2920//3218 3850//3332 3849//3329
f 2920//3218 2407//3217 2941//3317 3850//3332
f 3850//3332 2941//3317 2940//3327 3853//3333
f 3853//3333 2940//3327 2939//3325 3856//3336
f 3856//3336 2939//3325 2340//3326 2545//3338
f 3855//3334 3856//3336 2545//3338 2544//3339
f 3854//3335 3855//3334 2544//3339 2543//3340
f 2942//3341 3854//3335 2543//3340 2339//3342
f 2943//3343 3851//3331 3854//3335 2942//3341
f 2944//3337 3848//3328 3851//3331 2943//3343
f 3857//3344 3858//3345 3861//3346 3860//3347
f 3858//3345 3859//3348 3862//3349 3861//3346
f 3860//3347 3861//3346 3864//3350 3863//3351
f 3861//3346 3862//3349 3865//3352 3864//3350
f 2405//3203 2915//3201 3857//3344 2947//3353
f 2915//3201 2916//3200 3858//3345 3857//3344
f 2916//3200 2917//3199 3859//3348 3858//3345
f 2917//3199 2406//3198 2944//3337 3859//3348
f 3859//3348 2944//3337 2943//3343 3862//3349
f 3862//3349 2943//3343 2942//3341 3865//3352
f 3865//3352 2942//3341 2339//3342 2542//3354
f 3864//3350 3865//3352 2542//3354 2541//3355
f 3863//3351 3864//3350 2541//3355 2540//3356
f 2945//3357 3863//3351 2540//3356 2338//3358
f 2946//3359 3860//3347 3863//3351 2945//3357
f 2947//3353 3857//3344 3860//3347 2946//3359
f 3866//3360 3867//3361 3870//3362 3869//3363
f 3867//3361 3868//3364 3871//3365 3870//3362
f 3869//3363 3870//3362 3873//3366 3872//3367
f 3870//3362 3871//3365 3874//3368 3873//3366
f 2319//2446 2948//3369 3866//3360 2462//2445
f 2948//3369 2949//3370 3867//3361 3866//3360
f 2949//3370 2950//3371 3868//3364 3867//3361
f 2950//3371 2405//3203 2947//3353 3868//3364
f 3868//3364 2947//3353 2946//3359 3871//3365
f 3871//3365 2946//3359 2945//3357 3874//3368
f 3874//3368 2945//3357 2338//3358 2539//3372
f 3873//3366 3874//3368 2539//3372 2538//3373
f 3872//3367 3873//3366 2538//3373 2537//3374
f 2464//2435 3872//3367 2537//3374 2308//2433
f 2463//2447 3869//3363 3872//3367 2464//2435
f 2462//2445 3866//3360 3869//3363 2463//2447
f 3875//3375 3876//3376 3879//3377 3878//3378
f 3876//3376 3877//3379 3880//3380 3879//3377
f 3878//3378 3879//3377 3882//3381 3881//3382
f 3879//3377 3880//3380 3883//3383 3882//3381
f 2318//2404 2951//3384 3875//3375 2459//2474
f 2951//3384 2952//3385 3876//3376 3875//3375
f 2952//3385 2953//3386 3877//3379 3876//3376
f 2953//3386 2402//3163 2906//3194 3877//3379
f 3877//3379 2906//3194 2907//3204 3880//3380
f 3880//3380 2907//3204 2908//3202 3883//3383
f 3883//3383 2908//3202 2405//3203 2950//3371
f 3882//3381 3883//3383 2950//3371 2949//3370
f 3881//3382 3882//3381 2949//3370 2948//3369
f 2461//2473 3881//3382 2948//3369 2319//2446
f 2460//2475 3878//3378 3881//3382 2461//2473
f 2459//2474 3875//3375 3878//3378 2460//2475
f 3884//3387 3885//3388 3888//3389 3887//3390
f 3885//3388 3886//3391 3889//3392 3888//3389
f 3887//3390 3888//3389 3891//3393 3890//3394
f 3888//3389 3889//3392 3892//3395 3891//3393
f 2317//2382 2954//3235 3884//3387 2456//2401
f 2954//3235 2955//3234 3885//3388 3884//3387
f 2955//3234 2956//3233 3886//3391 3885//3388
f 2956//3233 2399//3149 2891//3151 3886//3391
f 3886//3391 2891//3151 2892//3164 3889//3392
f 3889//3392 2892//3164 2893//3162 3892//3395
f 3892//3395 2893//3162 2402//3163 2953//3386
f 3891//3393 3892//3395 2953//3386 2952//3385
f 3890//3394 3891//3393 2952//3385 2951//3384
f 2458//2403 3890//3394 2951//3384 2318//2404
f 2457//2402 3887//3390 3890//3394 2458//2403
f 2456//2401 3884//3387 3887//3390 2457//2402
f 3893//3396 3894//3397 3897//3398 3896//3399
f 3894//3397 3895//3400 3898//3401 3897//3398
f 3896//3399 3897//3398 3900//3402 3899//3403
f 3897//3398 3898//3401 3901//3404 3900//3402
f 2408//3405 2957//3406 3893//3396 2963//3407
f 2957//3406 2958//3408 3894//3397 3893//3396
f 2958//3408 2959//3409 3895//3400 3894//3397
f 2959//3409 2409//3410 2966//3411 3895//3400
f 3895//3400 2966//3411 2967//3412 3898//3401
f 3898//3401 2967//3412 2968//3413 3901//3404
f 3901//3404 2968//3413 2412//3414 2974//3415
f 3900//3402 3901//3404 2974//3415 2973//3416
f 3899//3403 3900//3402 2973//3416 2972//3417
f 2965//3418 3899//3403 2972//3417 2411//3419
f 2964//3420 3896//3399 3899//3403 2965//3418
f 2963//3407 3893//3396 3896//3399 2964//3420
f 3902//3421 3903//3422 3906//3423 3905//3424
f 3903//3422 3904//3425 3907//3426 3906//3423
f 3905//3424 3906//3423 3909//3427 3908//3428
f 3906//3423 3907//3426 3910//3429 3909//3427
f 2409//3410 2960//3430 3902//3421 2966//3411
f 2960//3430 2961//3431 3903//3422 3902//3421
f 2961//3431 2962//3432 3904//3425 3903//3422
f 2962//3432 2410//3433 2969//3434 3904//3425
f 3904//3425 2969//3434 2970//3435 3907//3426
f 3907//3426 2970//3435 2971//3436 3910//3429
f 3910//3429 2971//3436 2413//3437 2977//3438
f 3909//3427 3910//3429 2977//3438 2976//3439
f 3908//3428 3909//3427 2976//3439 2975//3440
f 2968//3413 3908//3428 2975//3440 2412//3414
f 2967//3412 3905//3424 3908//3428 2968//3413
f 2966//3411 3902//3421 3905//3424 2967//3412
f 3911//3441 3912//3442 3915//3443 3914//3444
f 3912//3442 3913//3445 3916//3446 3915//3443
f 3914//3444 3915//3443 3918//3447 3917//3448
f 3915//3443 3916//3446 3919//3449 3918//3447
f 2411//3419 2972//3417 3911//3441 2978//3450
f 2972//3417 2973//3416 3912//3442 3911//3441
f 2973//3416 2974//3415 3913//3445 3912//3442
f 2974//3415 2412//3414 2981//3451 3913//3445
f 3913//3445 2981//3451 2982//3452 3916//3446
f 3916//3446 2982//3452 2983//3453 3919//3449
f 3919//3449 2983//3453 2415//3454 2989//3455
f 3918//3447 3919//3449 2989//3455 2988//3456
f 3917//3448 3918//3447 2988//3456 2987//3457
f 2980//3458 3917//3448 2987//3457 2414//3459
f 2979//3460 3914//3444 3917//3448 2980//3458
f 2978//3450 3911//3441 3914//3444 2979//3460
f 3920//3461 3921//3462 3924//3463 3923//3464
f 3921//3462 3922//3465 3925//3466 3924//3463
f 3923//3464 3924//3463 3927//3467 3926//3468
f 3924//3463 3925//3466 3928//3469 3927//3467
f 2412//3414 2975//3440 3920//3461 2981//3451
f 2975//3440 2976//3439 3921//3462 3920//3461
f 2976//3439 2977//3438 3922//3465 3921//3462
f 2977//3438 2413//3437 2984//3470 3922//3465
f 3922//3465 2984//3470 2985//3471 3925//3466
f 3925//3466 2985//3471 2986//3472 3928//3469
f 3928//3469 2986//3472 2416//3473 2992//3474
f 3927//3467 3928//3469 2992//3474 2991//3475
f 3926//3468 3927//3467 2991//3475 2990//3476
f 2983//3453 3926//3468 2990//3476 2415//3454
f 2982//3452 3923//3464 3926//3468 2983//3453
f 2981//3451 3920//3461 3923//3464 2982//3452
f 3929//3477 3930//3478 3933//3479 3932//3480
f 3930//3478 3931//3481 3934//3482 3933//3479
f 3932//3480 3933//3479 3936//3483 3935//3484
f 3933//3479 3934//3482 3937//3485 3936//3483
f 2307//2377 2477//2594 3929//3477 2501//2794
f 2477//2594 2478//2603 3930//3478 3929//3477
f 2478//2603 2479//2601 3931//3481 3930//3478
f 2479//2601 2323//2602 2993//3486 3931//3481
f 3931//3481 2993//3486 2994//3487 3934//3482
f 3934//3482 2994//3487 2995//3488 3937//3485
f 3937//3485 2995//3488 2408//3405 3028//3489
f 3936//3483 3937//3485 3028//3489 3027//3490
f 3935//3484 3936//3483 3027//3490 3026//3491
f 2503//2797 3935//3484 3026//3491 2329//2798
f 2502//2796 3932//3480 3935//3484 2503//2797
f 2501//2794 3929//3477 3932//3480 2502//2796
f 3938//3492 3939//3493 3942//3494 3941//3495
f 3939//3493 3940//3496 3943//3497 3942//3494
f 3941//3495 3942//3494 3945//3498 3944//3499
f 3942//3494 3943//3497 3946//3500 3945//3498
f 2323//2602 2480//2625 3938//3492 2993//3486
f 2480//2625 2481//2631 3939//3493 3938//3492
f 2481//2631 2482//2629 3940//3496 3939//3493
f 2482//2629 2324//2630 2996//3501 3940//3496
f 3940//3496 2996//3501 2997//3502 3943//3497
f 3943//3497 2997//3502 2998//3503 3946//3500
f 3946//3500 2998//3503 2409//3410 2959//3409
f 3945//3498 3946//3500 2959//3409 2958//3408
f 3944//3499 3945//3498 2958//3408 2957//3406
f 2995//3488 3944//3499 2957//3406 2408//3405
f 2994//3487 3941//3495 3944//3499 2995//3488
f 2993//3486 3938//3492 3941//3495 2994//3487
f 3947//3504 3948//3505 3951//3506 3950//3507
f 3948//3505 3949//3508 3952//3509 3951//3506
f 3950//3507 3951//3506 3954//3510 3953//3511
f 3951//3506 3952//3509 3955//3512 3954//3510
f 2324//2630 2483//2711 3947//3504 2996//3501
f 2483//2711 2484//2710 3948//3505 3947//3504
f 2484//2710 2485//2709 3949//3508 3948//3505
f 2485//2709 2325//2690 2999//3513 3949//3508
f 3949//3508 2999//3513 3000//3514 3952//3509
f 3952//3509 3000//3514 3001//3515 3955//3512
f 3955//3512 3001//3515 2410//3433 2962//3432
f 3954//3510 3955//3512 2962//3432 2961//3431
f 3953//3511 3954//3510 2961//3431 2960//3430
f 2998//3503 3953//3511 2960//3430 2409//3410
f 2997//3502 3950//3507 3953//3511 2998//3503
f 2996//3501 3947//3504 3950//3507 2997//3502
f 3956//3516 3957//3517 3960//3518 3959//3519
f 3957//3517 3958//3520 3961//3521 3960//3518
f 3959//3519 3960//3518 3963//3522 3962//3523
f 3960//3518 3961//3521 3964//3524 3963//3522
f 2325//2690 2486//2689 3956//3516 2999//3513
f 2486//2689 2487//2688 3957//3517 3956//3516
f 2487//2688 2488//2686 3958//3520 3957//3517
f 2488//2686 2310//2685 2489//3525 3958//3520
f 3958//3520 2489//3525 2490//3526 3961//3521
f 3961//3521 2490//3526 2491//3527 3964//3524
f 3964//3524 2491//3527 2326//3528 3002//3529
f 3963//3522 3964//3524 3002//3529 3003//3530
f 3962//3523 3963//3522 3003//3530 3004//3531
f 3001//3515 3962//3523 3004//3531 2410//3433
f 3000//3514 3959//3519 3962//3523 3001//3515
f 2999//3513 3956//3516 3959//3519 3000//3514
f 3965//3532 3966//3533 3969//3534 3968//3535
f 3966//3533 3967//3536 3970//3537 3969//3534
f 3968//3535 3969//3534 3972//3538 3971//3539
f 3969//3534 3970//3537 3973//3540 3972//3538
f 2410//3433 3004//3531 3965//3532 2969//3434
f 3004//3531 3003//3530 3966//3533 3965//3532
f 3003//3530 3002//3529 3967//3536 3966//3533
f 3002//3529 2326//3528 2492//3541 3967//3536
f 3967//3536 2492//3541 2493//3542 3970//3537
f 3970//3537 2493//3542 2494//3543 3973//3540
f 3973//3540 2494//3543 2327//3544 3005//3545
f 3972//3538 3973//3540 3005//3545 3006//3546
f 3971//3539 3972//3538 3006//3546 3007//3547
f 2971//3436 3971//3539 3007//3547 2413//3437
f 2970//3435 3968//3535 3971//3539 2971//3436
f 2969//3434 3965//3532 3968//3535 2970//3435
f 3974//3548 3975//3549 3978//3550 3977//3551
f 3975//3549 3976//3552 3979//3553 3978//3550
f 3977//3551 3978//3550 3981//3554 3980//3555
f 3978//3550 3979//3553 3982//3556 3981//3554
f 2413//3437 3007//3547 3974//3548 2984//3470
f 3007//3547 3006//3546 3975//3549 3974//3548
f 3006//3546 3005//3545 3976//3552 3975//3549
f 3005//3545 2327//3544 2495//3557 3976//3552
f 3976//3552 2495//3557 2496//3558 3979//3553
f 3979//3553 2496//3558 2497//3559 3982//3556
f 3982//3556 2497//3559 2328//3560 3008//3561
f 3981//3554 3982//3556 3008//3561 3009//3562
f 3980//3555 3981//3554 3009//3562 3010//3563
f 2986//3472 3980//3555 3010//3563 2416//3473
f 2985//3471 3977//3551 3980//3555 2986//3472
f 2984//3470 3974//3548 3977//3551 2985//3471
f 3983//3564 3984//3565 3987//3566 3986//3567
f 3984//3565 3985//3568 3988//3569 3987//3566
f 3986//3567 3987//3566 3990//3570 3989//3571
f 3987//3566 3988//3569 3991//3572 3990//3570
f 2416//3473 3010//3563 3983//3564 3013//3573
f 3010//3563 3009//3562 3984//3565 3983//3564
f 3009//3562 3008//3561 3985//3568 3984//3565
f 3008//3561 2328//3560 2498//3574 3985//3568
f 3985//3568 2498//3574 2499//3575 3988//3569
f 3988//3569 2499//3575 2500//3576 3991//3572
f 3991//3572 2500//3576 2311//3577 2657//3578
f 3990//3570 3991//3572 2657//3578 2658//3579
f 3989//3571 3990//3570 2658//3579 2659//3580
f 3011//3581 3989//3571 2659//3580 2368//3582
f 3012//3583 3986//3567 3989//3571 3011//3581
f 3013//3573 3983//3564 3986//3567 3012//3583
f 3992//3584 3993//3585 3996//3586 3995//3587
f 3993//3585 3994//3588 3997//3589 3996//3586
f 3995//3587 3996//3586 3999//3590 3998//3591
f 3996//3586 3997//3589 4000//3592 3999//3590
f 2415//3454 2990//3476 3992//3584 3016//3593
f 2990//3476 2991//3475 3993//3585 3992//3584
f 2991//3475 2992//3474 3994//3588 3993//3585
f 2992//3474 2416//3473 3013//3573 3994//3588
f 3994//3588 3013//3573 3012//3583 3997//3589
f 3997//3589 3012//3583 3011//3581 4000//3592
f 4000//3592 3011//3581 2368//3582 2660//3594
f 3999//3590 4000//3592 2660//3594 2661//3595
f 3998//3591 3999//3590 2661//3595 2662//3596
f 3014//3597 3998//3591 2662//3596 2369//3598
f 3015//3599 3995//3587 3998//3591 3014//3597
f 3016//3593 3992//3584 3995//3587 3015//3599
f 4001//3600 4002//3601 4005//3602 4004//3603
f 4002//3601 4003//3604 4006//3605 4005//3602
f 4004//3603 4005//3602 4008//3606 4007//3607
f 4005//3602 4006//3605 4009//3608 4008//3606
f 2414//3459 2987//3457 4001//3600 3019//3609
f 2987//3457 2988//3456 4002//3601 4001//3600
f 2988//3456 2989//3455 4003//3604 4002//3601
f 2989//3455 2415//3454 3016//3593 4003//3604
f 4003//3604 3016//3593 3015//3599 4006//3605
f 4006//3605 3015//3599 3014//3597 4009//3608
f 4009//3608 3014//3597 2369//3598 2663//3610
f 4008//3606 4009//3608 2663//3610 2664//3611
f 4007//3607 4008//3606 2664//3611 2665//3612
f 3017//3613 4007//3607 2665//3612 2370//3614
f 3018//3615 4004//3603 4007//3607 3017//3613
f 3019//3609 4001//3600 4004//3603 3018//3615
f 4010//3616 4011//3617 4014//3618 4013//3619
f 4011//3617 4012//3620 4015//3621 4014//3618
f 4013//3619 4014//3618 4017//3622 4016//3623
f 4014//3618 4015//3621 4018//3624 4017//3622
f 2331//2862 3020//3625 4010//3616 2510//2861
f 3020//3625 3021//3626 4011//3617 4010//3616
f 3021//3626 3022//3627 4012//3620 4011//3617
f 3022//3627 2414//3459 3019//3609 4012//3620
f 4012//3620 3019//3609 3018//3615 4015//3621
f 4015//3621 3018//3615 3017//3613 4018//3624
f 4018//3624 3017//3613 2370//3614 2666//3628
f 4017//3622 4018//3624 2666//3628 2667//3629
f 4016//3623 4017//3622 2667//3629 2668//3630
f 2512//2851 4016//3623 2668//3630 2312//2849
f 2511//2863 4013//3619 4016//3623 2512//2851
f 2510//2861 4010//3616 4013//3619 2511//2863
f 4019//3631 4020//3632 4023//3633 4022//3634
f 4020//3632 4021//3635 4024//3636 4023//3633
f 4022//3634 4023//3633 4026//3637 4025//3638
f 4023//3633 4024//3636 4027//3639 4026//3637
f 2330//2820 3023//3640 4019//3631 2507//2890
f 3023//3640 3024//3641 4020//3632 4019//3631
f 3024//3641 3025//3642 4021//3635 4020//3632
f 3025//3642 2411//3419 2978//3450 4021//3635
f 4021//3635 2978//3450 2979//3460 4024//3636
f 4024//3636 2979//3460 2980//3458 4027//3639
f 4027//3639 2980//3458 2414//3459 3022//3627
f 4026//3637 4027//3639 3022//3627 3021//3626
f 4025//3638 4026//3637 3021//3626 3020//3625
f 2509//2889 4025//3638 3020//3625 2331//2862
f 2508//2891 4022//3634 4025//3638 2509//2889
f 2507//2890 4019//3631 4022//3634 2508//2891
f 4028//3643 4029//3644 4032//3645 4031//3646
f 4029//3644 4030//3647 4033//3648 4032//3645
f 4031//3646 4032//3645 4035//3649 4034//3650
f 4032//3645 4033//3648 4036//3651 4035//3649
f 2329//2798 3026//3491 4028//3643 2504//2817
f 3026//3491 3027//3490 4029//3644 4028//3643
f 3027//3490 3028//3489 4030//3647 4029//3644
f 3028//3489 2408//3405 2963//3407 4030//3647
f 4030//3647 2963//3407 2964//3420 4033//3648
f 4033//3648 2964//3420 2965//3418 4036//3651
f 4036//3651 2965//3418 2411//3419 3025//3642
f 4035//3649 4036//3651 3025//3642 3024//3641
f 4034//3650 4035//3649 3024//3641 3023//3640
f 2506//2819 4034//3650 3023//3640 2330//2820
f 2505//2818 4031//3646 4034//3650 2506//2819
f 2504//2817 4028//3643 4031//3646 2505//2818
f 4037//3652 4038//3653 4041//3654 4040//3655
f 4038//3653 4039//3656 4042//3657 4041//3654
f 4040//3655 4041//3654 4044//3658 4043//3659
f 4041//3654 4042//3657 4045//3660 4044//3658
f 2417//3661 3029//3662 4037//3652 3035//3663
f 3029//3662 3030//3664 4038//3653 4037//3652
f 3030//3664 3031//3665 4039//3656 4038//3653
f 3031//3665 2418//3666 3038//3667 4039//3656
f 4039//3656 3038//3667 3039//3668 4042//3657
f 4042//3657 3039//3668 3040//3669 4045//3660
f 4045//3660 3040//3669 2421//3670 3046//3671
f 4044//3658 4045//3660 3046//3671 3045//3672
f 4043//3659 4044//3658 3045//3672 3044//3673
f 3037//3674 4043//3659 3044//3673 2420//3675
f 3036//3676 4040//3655 4043//3659 3037//3674
f 3035//3663 4037//3652 4040//3655 3036//3676
f 4046//3677 4047//3678 4050//3679 4049//3680
f 4047//3678 4048//3681 4051//3682 4050//3679
f 4049//3680 4050//3679 4053//3683 4052//3684
f 4050//3679 4051//3682 4054//3685 4053//3683
f 2418//3666 3032//3686 4046//3677 3038//3667
f 3032//3686 3033//3687 4047//3678 4046//3677
f 3033//3687 3034//3688 4048//3681 4047//3678
f 3034//3688 2419//3689 3041//3690 4048//3681
f 4048//3681 3041//3690 3042//3691 4051//3682
f 4051//3682 3042//3691 3043//3692 4054//3685
f 4054//3685 3043//3692 2422//3693 3049//3694
f 4053//3683 4054//3685 3049//3694 3048//3695
f 4052//3684 4053//3683 3048//3695 3047//3696
f 3040//3669 4052//3684 3047//3696 2421//3670
f 3039//3668 4049//3680 4052//3684 3040//3669
f 3038//3667 4046//3677 4049//3680 3039//3668
f 4055//3697 4056//3698 4059//3699 4058//3700
f 4056//3698 4057//3701 4060//3702 4059//3699
f 4058//3700 4059//3699 4062//3703 4061//3704
f 4059//3699 4060//3702 4063//3705 4062//3703
f 2420//3675 3044//3673 4055//3697 3050//3706
f 3044//3673 3045//3672 4056//3698 4055//3697
f 3045//3672 3046//3671 4057//3701 4056//3698
f 3046//3671 2421//3670 3053//3707 4057//3701
f 4057//3701 3053//3707 3054//3708 4060//3702
f 4060//3702 3054//3708 3055//3709 4063//3705
f 4063//3705 3055//3709 2424//3710 3061//3711
f 4062//3703 4063//3705 3061//3711 3060//3712
f 4061//3704 4062//3703 3060//3712 3059//3713
f 3052//3714 4061//3704 3059//3713 2423//3715
f 3051//3716 4058//3700 4061//3704 3052//3714
f 3050//3706 4055//3697 4058//3700 3051//3716
f 4064//3717 4065//3718 4068//3719 4067//3720
f 4065//3718 4066//3721 4069//3722 4068//3719
f 4067//3720 4068//3719 4071//3723 4070//3724
f 4068//3719 4069//3722 4072//3725 4071//3723
f 2421//3670 3047//3696 4064//3717 3053//3707
f 3047//3696 3048//3695 4065//3718 4064//3717
f 3048//3695 3049//3694 4066//3721 4065//3718
f 3049//3694 2422//3693 3056//3726 4066//3721
f 4066//3721 3056//3726 3057//3727 4069//3722
f 4069//3722 3057//3727 3058//3728 4072//3725
f 4072//3725 3058//3728 2425//3729 3064//3730
f 4071//3723 4072//3725 3064//3730 3063//3731
f 4070//3724 4071//3723 3063//3731 3062//3732
f 3055//3709 4070//3724 3062//3732 2424//3710
f 3054//3708 4067//3720 4070//3724 3055//3709
f 3053//3707 4064//3717 4067//3720 3054//3708
f 4073//3733 4074//3734 4077//3735 4076//3736
f 4074//3734 4075//3737 4078//3738 4077//3735
f 4076//3736 4077//3735 4080//3739 4079//3740
f 4077//3735 4078//3738 4081//3741 4080//3739
f 2308//2433 2537//3374 4073//3733 2561//2434
f 2537//3374 2538//3373 4074//3734 4073//3733
f 2538//3373 2539//3372 4075//3737 4074//3734
f 2539//3372 2338//3358 3065//3742 4075//3737
f 4075//3737 3065//3742 3066//3743 4078//3738
f 4078//3738 3066//3743 3067//3744 4081//3741
f 4081//3741 3067//3744 2417//3661 3100//3745
f 4080//3739 4081//3741 3100//3745 3099//3746
f 4079//3740 4080//3739 3099//3746 3098//3747
f 2563//2437 4079//3740 3098//3747 2344//2438
f 2562//2436 4076//3736 4079//3740 2563//2437
f 2561//2434 4073//3733 4076//3736 2562//2436
f 4082//3748 4083//3749 4086//3750 4085//3751
f 4083//3749 4084//3752 4087//3753 4086//3750
f 4085//3751 4086//3750 4089//3754 4088//3755
f 4086//3750 4087//3753 4090//3756 4089//3754
f 2338//3358 2540//3356 4082//3748 3065//3742
f 2540//3356 2541//3355 4083//3749 4082//3748
f 2541//3355 2542//3354 4084//3752 4083//3749
f 2542//3354 2339//3342 3068//3757 4084//3752
f 4084//3752 3068//3757 3069//3758 4087//3753
f 4087//3753 3069//3758 3070//3759 4090//3756
f 4090//3756 3070//3759 2418//3666 3031//3665
f 4089//3754 4090//3756 3031//3665 3030//3664
f 4088//3755 4089//3754 3030//3664 3029//3662
f 3067//3744 4088//3755 3029//3662 2417//3661
f 3066//3743 4085//3751 4088//3755 3067//3744
f 3065//3742 4082//3748 4085//3751 3066//3743
f 4091//3760 4092//3761 4095//3762 4094//3763
f 4092//3761 4093//3764 4096//3765 4095//3762
f 4094//3763 4095//3762 4098//3766 4097//3767
f 4095//3762 4096//3765 4099//3768 4098//3766
f 2339//3342 2543//3340 4091//3760 3068//3757
f 2543//3340 2544//3339 4092//3761 4091//3760
f 2544//3339 2545//3338 4093//3764 4092//3761
f 2545//3338 2340//3326 3071//3769 4093//3764
f 4093//3764 3071//3769 3072//3770 4096//3765
f 4096//3765 3072//3770 3073//3771 4099//3768
f 4099//3768 3073//3771 2419//3689 3034//3688
f 4098//3766 4099//3768 3034//3688 3033//3687
f 4097//3767 4098//3766 3033//3687 3032//3686
f 3070//3759 4097//3767 3032//3686 2418//3666
f 3069//3758 4094//3763 4097//3767 3070//3759
f 3068//3757 4091//3760 4094//3763 3069//3758
f 4100//3772 4101//3773 4104//3774 4103//3775
f 4101//3773 4102//3776 4105//3777 4104//3774
f 4103//3775 4104//3774 4107//3778 4106//3779
f 4104//3774 4105//3777 4108//3780 4107//3778
f 2340//3326 2546//3324 4100//3772 3071//3769
f 2546//3324 2547//3323 4101//3773 4100//3772
f 2547//3323 2548//3322 4102//3776 4101//3773
f 2548//3322 2315//3321 2632//3781 4102//3776
f 4102//3776 2632//3781 2631//3782 4105//3777
f 4105//3777 2631//3782 2630//3783 4108//3780
f 4108//3780 2630//3783 2361//3784 3074//3785
f 4107//3778 4108//3780 3074//3785 3075//3786
f 4106//3779 4107//3778 3075//3786 3076//3787
f 3073//3771 4106//3779 3076//3787 2419//3689
f 3072//3770 4103//3775 4106//3779 3073//3771
f 3071//3769 4100//3772 4103//3775 3072//3770
f 4109//3788 4110//3789 4113//3790 4112//3791
f 4110//3789 4111//3792 4114//3793 4113//3790
f 4112//3791 4113//3790 4116//3794 4115//3795
f 4113//3790 4114//3793 4117//3796 4116//3794
f 2419//3689 3076//3787 4109//3788 3041//3690
f 3076//3787 3075//3786 4110//3789 4109//3788
f 3075//3786 3074//3785 4111//3792 4110//3789
f 3074//3785 2361//3784 2629//3797 4111//3792
f 4111//3792 2629//3797 2628//3798 4114//3793
f 4114//3793 2628//3798 2627//3799 4117//3796
f 4117//3796 2627//3799 2360//3800 3077//3801
f 4116//3794 4117//3796 3077//3801 3078//3802
f 4115//3795 4116//3794 3078//3802 3079//3803
f 3043//3692 4115//3795 3079//3803 2422//3693
f 3042//3691 4112//3791 4115//3795 3043//3692
f 3041//3690 4109//3788 4112//3791 3042//3691
f 4118//3804 4119//3805 4122//3806 4121//3807
f 4119//3805 4120//3808 4123//3809 4122//3806
f 4121//3807 4122//3806 4125//3810 4124//3811
f 4122//3806 4123//3809 4126//3812 4125//3810
f 2422//3693 3079//3803 4118//3804 3056//3726
f 3079//3803 3078//3802 4119//3805 4118//3804
f 3078//3802 3077//3801 4120//3808 4119//3805
f 3077//3801 2360//3800 2626//3813 4120//3808
f 4120//3808 2626//3813 2625//3814 4123//3809
f 4123//3809 2625//3814 2624//3815 4126//3812
f 4126//3812 2624//3815 2359//3816 3080//3817
f 4125//3810 4126//3812 3080//3817 3081//3818
f 4124//3811 4125//3810 3081//3818 3082//3819
f 3058//3728 4124//3811 3082//3819 2425//3729
f 3057//3727 4121//3807 4124//3811 3058//3728
f 3056//3726 4118//3804 4121//3807 3057//3727
f 4127//3820 4128//3821 4131//3822 4130//3823
f 4128//3821 4129//3824 4132//3825 4131//3822
f 4130//3823 4131//3822 4134//3826 4133//3827
f 4131//3822 4132//3825 4135//3828 4134//3826
f 2425//3729 3082//3819 4127//3820 3085//3829
f 3082//3819 3081//3818 4128//3821 4127//3820
f 3081//3818 3080//3817 4129//3824 4128//3821
f 3080//3817 2359//3816 2623//3830 4129//3824
f 4129//3824 2623//3830 2622//3831 4132//3825
f 4132//3825 2622//3831 2621//3832 4135//3828
f 4135//3828 2621//3832 2314//3833 2656//3834
f 4134//3826 4135//3828 2656//3834 2655//3835
f 4133//3827 4134//3826 2655//3835 2654//3836
f 3083//3837 4133//3827 2654//3836 2367//3838
f 3084//3839 4130//3823 4133//3827 3083//3837
f 3085//3829 4127//3820 4130//3823 3084//3839
f 4136//3840 4137//3841 4140//3842 4139//3843
f 4137//3841 4138//3844 4141//3845 4140//3842
f 4139//3843 4140//3842 4143//3846 4142//3847
f 4140//3842 4141//3845 4144//3848 4143//3846
f 2424//3710 3062//3732 4136//3840 3088//3849
f 3062//3732 3063//3731 4137//3841 4136//3840
f 3063//3731 3064//3730 4138//3844 4137//3841
f 3064//3730 2425//3729 3085//3829 4138//3844
f 4138//3844 3085//3829 3084//3839 4141//3845
f 4141//3845 3084//3839 3083//3837 4144//3848
f 4144//3848 3083//3837 2367//3838 2653//3850
f 4143//3846 4144//3848 2653//3850 2652//3851
f 4142//3847 4143//3846 2652//3851 2651//3852
f 3086//3853 4142//3847 2651//3852 2366//3854
f 3087//3855 4139//3843 4142//3847 3086//3853
f 3088//3849 4136//3840 4139//3843 3087//3855
f 4145//3856 4146//3857 4149//3858 4148//3859
f 4146//3857 4147//3860 4150//3861 4149//3858
f 4148//3859 4149//3858 4152//3862 4151//3863
f 4149//3858 4150//3861 4153//3864 4152//3862
f 2423//3715 3059//3713 4145//3856 3091//3865
f 3059//3713 3060//3712 4146//3857 4145//3856
f 3060//3712 3061//3711 4147//3860 4146//3857
f 3061//3711 2424//3710 3088//3849 4147//3860
f 4147//3860 3088//3849 3087//3855 4150//3861
f 4150//3861 3087//3855 3086//3853 4153//3864
f 4153//3864 3086//3853 2366//3854 2650//3866
f 4152//3862 4153//3864 2650//3866 2649//3867
f 4151//3863 4152//3862 2649//3867 2648//3868
f 3089//3869 4151//3863 2648//3868 2365//3870
f 3090//3871 4148//3859 4151//3863 3089//3869
f 3091//3865 4145//3856 4148//3859 3090//3871
f 4154//3872 4155//3873 4158//3874 4157//3875
f 4155//3873 4156//3876 4159//3877 4158//3874
f 4157//3875 4158//3874 4161//3878 4160//3879
f 4158//3874 4159//3877 4162//3880 4161//3878
f 2346//2498 3092//3881 4154//3872 2570//2497
f 3092//3881 3093//3882 4155//3873 4154//3872
f 3093//3882 3094//3883 4156//3876 4155//3873
f 3094//3883 2423//3715 3091//3865 4156//3876
f 4156//3876 3091//3865 3090//3871 4159//3877
f 4159//3877 3090//3871 3089//3869 4162//3880
f 4162//3880 3089//3869 2365//3870 2647//3884
f 4161//3878 4162//3880 2647//3884 2646//3885
f 4160//3879 4161//3878 2646//3885 2645//3886
f 2572//2487 4160//3879 2645//3886 2309//2485
f 2571//2499 4157//3875 4160//3879 2572//2487
f 2570//2497 4154//3872 4157//3875 2571//2499
f 4163//3887 4164//3888 4167//3889 4166//3890
f 4164//3888 4165//3891 4168//3892 4167//3889
f 4166//3890 4167//3889 4170//3893 4169//3894
f 4167//3889 4168//3892 4171//3895 4170//3893
f 2345//2460 3095//3896 4163//3887 2567//2522
f 3095//3896 3096//3897 4164//3888 4163//3887
f 3096//3897 3097//3898 4165//3891 4164//3888
f 3097//3898 2420//3675 3050//3706 4165//3891
f 4165//3891 3050//3706 3051//3716 4168//3892
f 4168//3892 3051//3716 3052//3714 4171//3895
f 4171//3895 3052//3714 2423//3715 3094//3883
f 4170//3893 4171//3895 3094//3883 3093//3882
f 4169//3894 4170//3893 3093//3882 3092//3881
f 2569//2521 4169//3894 3092//3881 2346//2498
f 2568//2523 4166//3890 4169//3894 2569//2521
f 2567//2522 4163//3887 4166//3890 2568//2523
f 4172//3899 4173//3900 4176//3901 4175//3902
f 4173//3900 4174//3903 4177//3904 4176//3901
f 4175//3902 4176//3901 4179//3905 4178//3906
f 4176//3901 4177//3904 4180//3907 4179//3905
f 2344//2438 3098//3747 4172//3899 2564//2457
f 3098//3747 3099//3746 4173//3900 4172//3899
f 3099//3746 3100//3745 4174//3903 4173//3900
f 3100//3745 2417//3661 3035//3663 4174//3903
f 4174//3903 3035//3663 3036//3676 4177//3904
f 4177//3904 3036//3676 3037//3674 4180//3907
f 4180//3907 3037//3674 2420//3675 3097//3898
f 4179//3905 4180//3907 3097//3898 3096//3897
f 4178//3906 4179//3905 3096//3897 3095//3896
f 2566//2459 4178//3906 3095//3896 2345//2460
f 2565//2458 4175//3902 4178//3906 2566//2459
f 2564//2457 4172//3899 4175//3902 2565//2458
f 4181//3908 4182//3909 4185//3910 4184//3911
f 4182//3909 4183//3912 4186//3913 4185//3910
f 4184//3911 4185//3910 4188//3914 4187//3915
f 4185//3910 4186//3913 4189//3916 4188//3914
f 2426//3917 3101//3918 4181//3908 3107//3919
f 3101//3918 3102//3920 4182//3909 4181//3908
f 3102//3920 3103//3921 4183//3912 4182//3909
f 3103//3921 2427//3922 3110//3923 4183//3912
f 4183//3912 3110//3923 3111//3924 4186//3913
f 4186//3913 3111//3924 3112//3925 4189//3916
f 4189//3916 3112//3925 2430//3926 3118//3927
f 4188//3914 4189//3916 3118//3927 3117//3928
f 4187//3915 4188//3914 3117//3928 3116//3929
f 3109//3930 4187//3915 3116//3929 2429//3931
f 3108//3932 4184//3911 4187//3915 3109//3930
f 3107//3919 4181//3908 4184//3911 3108//3932
f 4190//3933 4191//3934 4194//3935 4193//3936
f 4191//3934 4192//3937 4195//3938 4194//3935
f 4193//3936 4194//3935 4197//3939 4196//3940
f 4194//3935 4195//3938 4198//3941 4197//3939
f 2427//3922 3104//3942 4190//3933 3110//3923
f 3104//3942 3105//3943 4191//3934 4190//3933
f 3105//3943 3106//3944 4192//3937 4191//3934
f 3106//3944 2428//3945 3113//3946 4192//3937
f 4192//3937 3113//3946 3114//3947 4195//3938
f 4195//3938 3114//3947 3115//3948 4198//3941
f 4198//3941 3115//3948 2431//3949 3121//3950
f 4197//3939 4198//3941 3121//3950 3120//3951
f 4196//3940 4197//3939 3120//3951 3119//3952
f 3112//3925 4196//3940 3119//3952 2430//3926
f 3111//3924 4193//3936 4196//3940 3112//3925
f 3110//3923 4190//3933 4193//3936 3111//3924
f 4199//3953 4200//3954 4203//3955 4202//3956
f 4200//3954 4201//3957 4204//3958 4203//3955
f 4202//3956 4203//3955 4206//3959 4205//3960
f 4203//3955 4204//3958 4207//3961 4206//3959
f 2429//3931 3116//3929 4199//3953 3122//3962
f 3116//3929 3117//3928 4200//3954 4199//3953
f 3117//3928 3118//3927 4201//3957 4200//3954
f 3118//3927 2430//3926 3125//3963 4201//3957
f 4201//3957 3125//3963 3126//3964 4204//3958
f 4204//3958 3126//3964 3127//3965 4207//3961
f 4207//3961 3127//3965 2433//3966 3133//3967
f 4206//3959 4207//3961 3133//3967 3132//3968
f 4205//3960 4206//3959 3132//3968 3131//3969
f 3124//3970 4205//3960 3131//3969 2432//3971
f 3123//3972 4202//3956 4205//3960 3124//3970
f 3122//3962 4199//3953 4202//3956 3123//3972
f 4208//3973 4209//3974 4212//3975 4211//3976
f 4209//3974 4210//3977 4213//3978 4212//3975
f 4211//3976 4212//3975 4215//3979 4214//3980
f 4212//3975 4213//3978 4216//3981 4215//3979
f 2430//3926 3119//3952 4208//3973 3125//3963
f 3119//3952 3120//3951 4209//3974 4208//3973
f 3120//3951 3121//3950 4210//3977 4209//3974
f 3121//3950 2431//3949 3128//3982 4210//3977
f 4210//3977 3128//3982 3129//3983 4213//3978
f 4213//3978 3129//3983 3130//3984 4216//3981
f 4216//3981 3130//3984 2434//3985 3136//3986
f 4215//3979 4216//3981 3136//3986 3135//3987
f 4214//3980 4215//3979 3135//3987 3134//3988
f 3127//3965 4214//3980 3134//3988 2433//3966
f 3126//3964 4211//3976 4214//3980 3127//3965
f 3125//3963 4208//3973 4211//3976 3126//3964
f 4217//3989 4218//3990 4221//3991 4220//3992
f 4218//3990 4219//3993 4222//3994 4221//3991
f 4220//3992 4221//3991 4224//3995 4223//3996
f 4221//3991 4222//3994 4225//3997 4224//3995
f 2309//2485 2645//3886 4217//3989 2609//2641
f 2645//3886 2646//3885 4218//3990 4217//3989
f 2646//3885 2647//3884 4219//3993 4218//3990
f 2647//3884 2365//3870 3137//3998 4219//3993
f 4219//3993 3137//3998 3138//3999 4222//3994
f 4222//3994 3138//3999 3139//4000 4225//3997
f 4225//3997 3139//4000 2426//3917 3172//4001
f 4224//3995 4225//3997 3172//4001 3171//4002
f 4223//3996 4224//3995 3171//4002 3170//4003
f 2611//2643 4223//3996 3170//4003 2356//2644
f 2610//2642 4220//3992 4223//3996 2611//2643
f 2609//2641 4217//3989 4220//3992 2610//2642
f 4226//4004 4227//4005 4230//4006 4229//4007
f 4227//4005 4228//4008 4231//4009 4230//4006
f 4229//4007 4230//4006 4233//4010 4232//4011
f 4230//4006 4231//4009 4234//4012 4233//4010
f 2365//3870 2648//3868 4226//4004 3137//3998
f 2648//3868 2649//3867 4227//4005 4226//4004
f 2649//3867 2650//3866 4228//4008 4227//4005
f 2650//3866 2366//3854 3140//4013 4228//4008
f 4228//4008 3140//4013 3141//4014 4231//4009
f 4231//4009 3141//4014 3142//4015 4234//4012
f 4234//4012 3142//4015 2427//3922 3103//3921
f 4233//4010 4234//4012 3103//3921 3102//3920
f 4232//4011 4233//4010 3102//3920 3101//3918
f 3139//4000 4232//4011 3101//3918 2426//3917
f 3138//3999 4229//4007 4232//4011 3139//4000
f 3137//3998 4226//4004 4229//4007 3138//3999
f 4235//4016 4236//4017 4239//4018 4238//4019
f 4236//4017 4237//4020 4240//4021 4239//4018
f 4238//4019 4239//4018 4242//4022 4241//4023
f 4239//4018 4240//4021 4243//4024 4242//4022
f 2366//3854 2651//3852 4235//4016 3140//4013
f 2651//3852 2652//3851 4236//4017 4235//4016
f 2652//3851 2653//3850 4237//4020 4236//4017
f 2653//3850 2367//3838 3143//4025 4237//4020
f 4237//4020 3143//4025 3144//4026 4240//4021
f 4240//4021 3144//4026 3145//4027 4243//4024
f 4243//4024 3145//4027 2428//3945 3106//3944
f 4242//4022 4243//4024 3106//3944 3105//3943
f 4241//4023 4242//4022 3105//3943 3104//3942
f 3142//4015 4241//4023 3104//3942 2427//3922
f 3141//4014 4238//4019 4241//4023 3142//4015
f 3140//4013 4235//4016 4238//4019 3141//4014
f 4244//4028 4245//4029 4248//4030 4247//4031
f 4245//4029 4246//4032 4249//4033 4248//4030
f 4247//4031 4248//4030 4251//4034 4250//4035
f 4248//4030 4249//4033 4252//4036 4251//4034
f 2367//3838 2654//3836 4244//4028 3143//4025
f 2654//3836 2655//3835 4245//4029 4244//4028
f 2655//3835 2656//3834 4246//4032 4245//4029
f 2656//3834 2314//3833 2596//4037 4246//4032
f 4246//4032 2596//4037 2595//4038 4249//4033
f 4249//4033 2595//4038 2594//4039 4252//4036
f 4252//4036 2594//4039 2352//4040 3146//4041
f 4251//4034 4252//4036 3146//4041 3147//4042
f 4250//4035 4251//4034 3147//4042 3148//4043
f 3145//4027 4250//4035 3148//4043 2428//3945
f 3144//4026 4247//4031 4250//4035 3145//4027
f 3143//4025 4244//4028 4247//4031 3144//4026
f 4253//4044 4254//4045 4257//4046 4256//4047
f 4254//4045 4255//4048 4258//4049 4257//4046
f 4256//4047 4257//4046 4260//4050 4259//4051
f 4257//4046 4258//4049 4261//4052 4260//4050
f 2428//3945 3148//4043 4253//4044 3113//3946
f 3148//4043 3147//4042 4254//4045 4253//4044
f 3147//4042 3146//4041 4255//4048 4254//4045
f 3146//4041 2352//4040 2593//4053 4255//4048
f 4255//4048 2593//4053 2592//4054 4258//4049
f 4258//4049 2592//4054 2591//4055 4261//4052
f 4261//4052 2591//4055 2351//4056 3149//4057
f 4260//4050 4261//4052 3149//4057 3150//4058
f 4259//4051 4260//4050 3150//4058 3151//4059
f 3115//3948 4259//4051 3151//4059 2431//3949
f 3114//3947 4256//4047 4259//4051 3115//3948
f 3113//3946 4253//4044 4256//4047 3114//3947
f 4262//4060 4263//4061 4266//4062 4265//4063
f 4263//4061 4264//4064 4267//4065 4266//4062
f 4265//4063 4266//4062 4269//4066 4268//4067
f 4266//4062 4267//4065 4270//4068 4269//4066
f 2431//3949 3151//4059 4262//4060 3128//3982
f 3151//4059 3150//4058 4263//4061 4262//4060
f 3150//4058 3149//4057 4264//4064 4263//4061
f 3149//4057 2351//4056 2590//4069 4264//4064
f 4264//4064 2590//4069 2589//4070 4267//4065
f 4267//4065 2589//4070 2588//4071 4270//4068
f 4270//4068 2588//4071 2350//4072 3152//4073
f 4269//4066 4270//4068 3152//4073 3153//4074
f 4268//4067 4269//4066 3153//4074 3154//4075
f 3130//3984 4268//4067 3154//4075 2434//3985
f 3129//3983 4265//4063 4268//4067 3130//3984
f 3128//3982 4262//4060 4265//4063 3129//3983
f 4271//4076 4272//4077 4275//4078 4274//4079
f 4272//4077 4273//4080 4276//4081 4275//4078
f 4274//4079 4275//4078 4278//4082 4277//4083
f 4275//4078 4276//4081 4279//4084 4278//4082
f 2434//3985 3154//4075 4271//4076 3157//4085
f 3154//4075 3153//4074 4272//4077 4271//4076
f 3153//4074 3152//4073 4273//4080 4272//4077
f 3152//4073 2350//4072 2587//4086 4273//4080
f 4273//4080 2587//4086 2586//4087 4276//4081
f 4276//4081 2586//4087 2585//4088 4279//4084
f 4279//4084 2585//4088 2311//3577 2500//3576
f 4278//4082 4279//4084 2500//3576 2499//3575
f 4277//4083 4278//4082 2499//3575 2498//3574
f 3155//4089 4277//4083 2498//3574 2328//3560
f 3156//4090 4274//4079 4277//4083 3155//4089
f 3157//4085 4271//4076 4274//4079 3156//4090
f 4280//4091 4281//4092 4284//4093 4283//4094
f 4281//4092 4282//4095 4285//4096 4284//4093
f 4283//4094 4284//4093 4287//4097 4286//4098
f 4284//4093 4285//4096 4288//4099 4287//4097
f 2433//3966 3134//3988 4280//4091 3160//4100
f 3134//3988 3135//3987 4281//4092 4280//4091
f 3135//3987 3136//3986 4282//4095 4281//4092
f 3136//3986 2434//3985 3157//4085 4282//4095
f 4282//4095 3157//4085 3156//4090 4285//4096
f 4285//4096 3156//4090 3155//4089 4288//4099
f 4288//4099 3155//4089 2328//3560 2497//3559
f 4287//4097 4288//4099 2497//3559 2496//3558
f 4286//4098 4287//4097 2496//3558 2495//3557
f 3158//4101 4286//4098 2495//3557 2327//3544
f 3159//4102 4283//4094 4286//4098 3158//4101
f 3160//4100 4280//4091 4283//4094 3159//4102
f 4289//4103 4290//4104 4293//4105 4292//4106
f 4290//4104 4291//4107 4294//4108 4293//4105
f 4292//4106 4293//4105 4296//4109 4295//4110
f 4293//4105 4294//4108 4297//4111 4296//4109
f 2432//3971 3131//3969 4289//4103 3163//4112
f 3131//3969 3132//3968 4290//4104 4289//4103
f 3132//3968 3133//3967 4291//4107 4290//4104
f 3133//3967 2433//3966 3160//4100 4291//4107
f 4291//4107 3160//4100 3159//4102 4294//4108
f 4294//4108 3159//4102 3158//4101 4297//4111
f 4297//4111 3158//4101 2327//3544 2494//3543
f 4296//4109 4297//4111 2494//3543 2493//3542
f 4295//4110 4296//4109 2493//3542 2492//3541
f 3161//4113 4295//4110 2492//3541 2326//3528
f 3162//4114 4292//4106 4295//4110 3161//4113
f 3163//4112 4289//4103 4292//4106 3162//4114
f 4298//4115 4299//4116 4302//4117 4301//4118
f 4299//4116 4300//4119 4303//4120 4302//4117
f 4301//4118 4302//4117 4305//4121 4304//4122
f 4302//4117 4303//4120 4306//4123 4305//4121
f 2358//2698 3164//4124 4298//4115 2618//2697
f 3164//4124 3165//4125 4299//4116 4298//4115
f 3165//4125 3166//4126 4300//4119 4299//4116
f 3166//4126 2432//3971 3163//4112 4300//4119
f 4300//4119 3163//4112 3162//4114 4303//4120
f 4303//4120 3162//4114 3161//4113 4306//4123
f 4306//4123 3161//4113 2326//3528 2491//3527
f 4305//4121 4306//4123 2491//3527 2490//3526
f 4304//4122 4305//4121 2490//3526 2489//3525
f 2620//2687 4304//4122 2489//3525 2310//2685
f 2619//2699 4301//4118 4304//4122 2620//2687
f 2618//2697 4298//4115 4301//4118 2619//2699
f 4307//4127 4308//4128 4311//4129 4310//4130
f 4308//4128 4309//4131 4312//4132 4311//4129
f 4310//4130 4311//4129 4314//4133 4313//4134
f 4311//4129 4312//4132 4315//4135 4314//4133
f 2357//2663 3167//4136 4307//4127 2615//2722
f 3167//4136 3168//4137 4308//4128 4307//4127
f 3168//4137 3169//4138 4309//4131 4308//4128
f 3169//4138 2429//3931 3122//3962 4309//4131
f 4309//4131 3122//3962 3123//3972 4312//4132
f 4312//4132 3123//3972 3124//3970 4315//4135
f 4315//4135 3124//3970 2432//3971 3166//4126
f 4314//4133 4315//4135 3166//4126 3165//4125
f 4313//4134 4314//4133 3165//4125 3164//4124
f 2617//2721 4313//4134 3164//4124 2358//2698
f 2616//2723 4310//4130 4313//4134 2617//2721
f 2615//2722 4307//4127 4310//4130 2616//2723
f 4316//4139 4317//4140 4320//4141 4319//4142
f 4317//4140 4318//4143 4321//4144 4320//4141
f 4319//4142 4320//4141 4323//4145 4322//4146
f 4320//4141 4321//4144 4324//4147 4323//4145
f 2356//2644 3170//4003 4316//4139 2612//2660
f 3170//4003 3171//4002 4317//4140 4316//4139
f 3171//4002 3172//4001 4318//4143 4317//4140
f 3172//4001 2426//3917 3107//3919 4318//4143
f 4318//4143 3107//3919 3108//3932 4321//4144
f 4321//4144 3108//3932 3109//3930 4324//4147
f 4324//4147 3109//3930 2429//3931 3169//4138
f 4323//4145 4324//4147 3169//4138 3168//4137
f 4322//4146 4323//4145 3168//4137 3167//4136
f 2614//2662 4322//4146 3167//4136 2357//2663
f 2613//2661 4319//4142 4322//4146 2614//2662
f 2612//2660 4316//4139 4319//4142 2613//2661
f 4325//4148 4326//4149 4329//4150 4328//4151
f 4326//4149 4327//4152 4330//4153 4329//4150
f 4328//4151 4329//4150 4332//4154 4331//4155
f 4329//4150 4330//4153 4333//4156 4332//4154
f 2435//4157 3173//4158 4325//4148 3179//4159
f 3173//4158 3174//4160 4326//4149 4325//4148
f 3174//4160 3175//4161 4327//4152 4326//4149
f 3175//4161 2436//4162 3182//4163 4327//4152
f 4327//4152 3182//4163 3183//4164 4330//4153
f 4330//4153 3183//4164 3184//4165 4333//4156
f 4333//4156 3184//4165 2439//4166 3190//4167
f 4332//4154 4333//4156 3190//4167 3189//4168
f 4331//4155 4332//4154 3189//4168 3188//4169
f 3181//4170 4331//4155 3188//4169 2438//4171
f 3180//4172 4328//4151 4331//4155 3181//4170
f 3179//4159 4325//4148 4328//4151 3180//4172
f 4334//4173 4335//4174 4338//4175 4337//4176
f 4335//4174 4336//4177 4339//4178 4338//4175
f 4337//4176 4338//4175 4341//4179 4340//4180
f 4338//4175 4339//4178 4342//4181 4341//4179
f 2436//4162 3176//4182 4334//4173 3182//4163
f 3176//4182 3177//4183 4335//4174 4334//4173
f 3177//4183 3178//4184 4336//4177 4335//4174
f 3178//4184 2437//4185 3185//4186 4336//4177
f 4336//4177 3185//4186 3186//4187 4339//4178
f 4339//4178 3186//4187 3187//4188 4342//4181
f 4342//4181 3187//4188 2440//4189 3193//4190
f 4341//4179 4342//4181 3193//4190 3192//4191
f 4340//4180 4341//4179 3192//4191 3191//4192
f 3184//4165 4340//4180 3191//4192 2439//4166
f 3183//4164 4337//4176 4340//4180 3184//4165
f 3182//4163 4334//4173 4337//4176 3183//4164
f 4343//4193 4344//4194 4347//4195 4346//4196
f 4344//4194 4345//4197 4348//4198 4347//4195
f 4346//4196 4347//4195 4350//4199 4349//4200
f 4347//4195 4348//4198 4351//4201 4350//4199
f 2438//4171 3188//4169 4343//4193 3194//4202
f 3188//4169 3189//4168 4344//4194 4343//4193
f 3189//4168 3190//4167 4345//4197 4344//4194
f 3190//4167 2439//4166 3197//4203 4345//4197
f 4345//4197 3197//4203 3198//4204 4348//4198
f 4348//4198 3198//4204 3199//4205 4351//4201
f 4351//4201 3199//4205 2442//4206 3205//4207
f 4350//4199 4351//4201 3205//4207 3204//4208
f 4349//4200 4350//4199 3204//4208 3203//4209
f 3196//4210 4349//4200 3203//4209 2441//4211
f 3195//4212 4346//4196 4349//4200 3196//4210
f 3194//4202 4343//4193 4346//4196 3195//4212
f 4352//4213 4353//4214 4356//4215 4355//4216
f 4353//4214 4354//4217 4357//4218 4356//4215
f 4355//4216 4356//4215 4359//4219 4358//4220
f 4356//4215 4357//4218 4360//4221 4359//4219
f 2439//4166 3191//4192 4352//4213 3197//4203
f 3191//4192 3192//4191 4353//4214 4352//4213
f 3192//4191 3193//4190 4354//4217 4353//4214
f 3193//4190 2440//4189 3200//4222 4354//4217
f 4354//4217 3200//4222 3201//4223 4357//4218
f 4357//4218 3201//4223 3202//4224 4360//4221
f 4360//4221 3202//4224 2443//4225 3208//4226
f 4359//4219 4360//4221 3208//4226 3207//4227
f 4358//4220 4359//4219 3207//4227 3206//4228
f 3199//4205 4358//4220 3206//4228 2442//4206
f 3198//4204 4355//4216 4358//4220 3199//4205
f 3197//4203 4352//4213 4355//4216 3198//4204
f 4361//4229 4362//4230 4365//4231 4364//4232
f 4362//4230 4363//4233 4366//4234 4365//4231
f 4364//4232 4365//4231 4368//4235 4367//4236
f 4365//4231 4366//4234 4369//4237 4368//4235
f 2311//3577 2585//4088 4361//4229 2657//3578
f 2585//4088 2586//4087 4362//4230 4361//4229
f 2586//4087 2587//4086 4363//4233 4362//4230
f 2587//4086 2350//4072 3209//4238 4363//4233
f 4363//4233 3209//4238 3210//4239 4366//4234
f 4366//4234 3210//4239 3211//4240 4369//4237
f 4369//4237 3211//4240 2435//4157 3244//4241
f 4368//4235 4369//4237 3244//4241 3243//4242
f 4367//4236 4368//4235 3243//4242 3242//4243
f 2659//3580 4367//4236 3242//4243 2368//3582
f 2658//3579 4364//4232 4367//4236 2659//3580
f 2657//3578 4361//4229 4364//4232 2658//3579
f 4370//4244 4371//4245 4374//4246 4373//4247
f 4371//4245 4372//4248 4375//4249 4374//4246
f 4373//4247 4374//4246 4377//4250 4376//4251
f 4374//4246 4375//4249 4378//4252 4377//4250
f 2350//4072 2588//4071 4370//4244 3209//4238
f 2588//4071 2589//4070 4371//4245 4370//4244
f 2589//4070 2590//4069 4372//4248 4371//4245
f 2590//4069 2351//4056 3212//4253 4372//4248
f 4372//4248 3212//4253 3213//4254 4375//4249
f 4375//4249 3213//4254 3214//4255 4378//4252
f 4378//4252 3214//4255 2436//4162 3175//4161
f 4377//4250 4378//4252 3175//4161 3174//4160
f 4376//4251 4377//4250 3174//4160 3173//4158
f 3211//4240 4376//4251 3173//4158 2435//4157
f 3210//4239 4373//4247 4376//4251 3211//4240
f 3209//4238 4370//4244 4373//4247 3210//4239
f 4379//4256 4380//4257 4383//4258 4382//4259
f 4380//4257 4381//4260 4384//4261 4383//4258
f 4382//4259 4383//4258 4386//4262 4385//4263
f 4383//4258 4384//4261 4387//4264 4386//4262
f 2351//4056 2591//4055 4379//4256 3212//4253
f 2591//4055 2592//4054 4380//4257 4379//4256
f 2592//4054 2593//4053 4381//4260 4380//4257
f 2593//4053 2352//4040 3215//4265 4381//4260
f 4381//4260 3215//4265 3216//4266 4384//4261
f 4384//4261 3216//4266 3217//4267 4387//4264
f 4387//4264 3217//4267 2437//4185 3178//4184
f 4386//4262 4387//4264 3178//4184 3177//4183
f 4385//4263 4386//4262 3177//4183 3176//4182
f 3214//4255 4385//4263 3176//4182 2436//4162
f 3213//4254 4382//4259 4385//4263 3214//4255
f 3212//4253 4379//4256 4382//4259 3213//4254
f 4388//4268 4389//4269 4392//4270 4391//4271
f 4389//4269 4390//4272 4393//4273 4392//4270
f 4391//4271 4392//4270 4395//4274 4394//4275
f 4392//4270 4393//4273 4396//4276 4395//4274
f 2352//4040 2594//4039 4388//4268 3215//4265
f 2594//4039 2595//4038 4389//4269 4388//4268
f 2595//4038 2596//4037 4390//4272 4389//4269
f 2596//4037 2314//3833 2584//4277 4390//4272
f 4390//4272 2584//4277 2583//4278 4393//4273
f 4393//4273 2583//4278 2582//4279 4396//4276
f 4396//4276 2582//4279 2349//4280 3218//4281
f 4395//4274 4396//4276 3218//4281 3219//4282
f 4394//4275 4395//4274 3219//4282 3220//4283
f 3217//4267 4394//4275 3220//4283 2437//4185
f 3216//4266 4391//4271 4394//4275 3217//4267
f 3215//4265 4388//4268 4391//4271 3216//4266
f 4397//4284 4398//4285 4401//4286 4400//4287
f 4398//4285 4399//4288 4402//4289 4401//4286
f 4400//4287 4401//4286 4404//4290 4403//4291
f 4401//4286 4402//4289 4405//4292 4404//4290
f 2437//4185 3220//4283 4397//4284 3185//4186
f 3220//4283 3219//4282 4398//4285 4397//4284
f 3219//4282 3218//4281 4399//4288 4398//4285
f 3218//4281 2349//4280 2581//4293 4399//4288
f 4399//4288 2581//4293 2580//4294 4402//4289
f 4402//4289 2580//4294 2579//4295 4405//4292
f 4405//4292 2579//4295 2348//4296 3221//4297
f 4404//4290 4405//4292 3221//4297 3222//4298
f 4403//4291 4404//4290 3222//4298 3223//4299
f 3187//4188 4403//4291 3223//4299 2440//4189
f 3186//4187 4400//4287 4403//4291 3187//4188
f 3185//4186 4397//4284 4400//4287 3186//4187
f 4406//4300 4407//4301 4410//4302 4409//4303
f 4407//4301 4408//4304 4411//4305 4410//4302
f 4409//4303 4410//4302 4413//4306 4412//4307
f 4410//4302 4411//4305 4414//4308 4413//4306
f 2440//4189 3223//4299 4406//4300 3200//4222
f 3223//4299 3222//4298 4407//4301 4406//4300
f 3222//4298 3221//4297 4408//4304 4407//4301
f 3221//4297 2348//4296 2578//4309 4408//4304
f 4408//4304 2578//4309 2577//4310 4411//4305
f 4411//4305 2577//4310 2576//4311 4414//4308
f 4414//4308 2576//4311 2347//4312 3224//4313
f 4413//4306 4414//4308 3224//4313 3225//4314
f 4412//4307 4413//4306 3225//4314 3226//4315
f 3202//4224 4412//4307 3226//4315 2443//4225
f 3201//4223 4409//4303 4412//4307 3202//4224
f 3200//4222 4406//4300 4409//4303 3201//4223
f 4415//4316 4416//4317 4419//4318 4418//4319
f 4416//4317 4417//4320 4420//4321 4419//4318
f 4418//4319 4419//4318 4422//4322 4421//4323
f 4419//4318 4420//4321 4423//4324 4422//4322
f 2443//4225 3226//4315 4415//4316 3229//4325
f 3226//4315 3225//4314 4416//4317 4415//4316
f 3225//4314 3224//4313 4417//4320 4416//4317
f 3224//4313 2347//4312 2575//4326 4417//4320
f 4417//4320 2575//4326 2574//4327 4420//4321
f 4420//4321 2574//4327 2573//4328 4423//4324
f 4423//4324 2573//4328 2313//2901 2536//2903
f 4422//4322 4423//4324 2536//2903 2535//2915
f 4421//4323 4422//4322 2535//2915 2534//2913
f 3227//4329 4421//4323 2534//2913 2337//2914
f 3228//4330 4418//4319 4421//4323 3227//4329
f 3229//4325 4415//4316 4418//4319 3228//4330
f 4424//4331 4425//4332 4428//4333 4427//4334
f 4425//4332 4426//4335 4429//4336 4428//4333
f 4427//4334 4428//4333 4431//4337 4430//4338
f 4428//4333 4429//4336 4432//4339 4431//4337
f 2442//4206 3206//4228 4424//4331 3232//4340
f 3206//4228 3207//4227 4425//4332 4424//4331
f 3207//4227 3208//4226 4426//4335 4425//4332
f 3208//4226 2443//4225 3229//4325 4426//4335
f 4426//4335 3229//4325 3228//4330 4429//4336
f 4429//4336 3228//4330 3227//4329 4432//4339
f 4432//4339 3227//4329 2337//2914 2533//2937
f 4431//4337 4432//4339 2533//2937 2532//2939
f 4430//4338 4431//4337 2532//2939 2531//2938
f 3230//4341 4430//4338 2531//2938 2336//2876
f 3231//4342 4427//4334 4430//4338 3230//4341
f 3232//4340 4424//4331 4427//4334 3231//4342
f 4433//4343 4434//4344 4437//4345 4436//4346
f 4434//4344 4435//4347 4438//4348 4437//4345
f 4436//4346 4437//4345 4440//4349 4439//4350
f 4437//4345 4438//4348 4441//4351 4440//4349
f 2441//4211 3203//4209 4433//4343 3235//4352
f 3203//4209 3204//4208 4434//4344 4433//4343
f 3204//4208 3205//4207 4435//4347 4434//4344
f 3205//4207 2442//4206 3232//4340 4435//4347
f 4435//4347 3232//4340 3231//4342 4438//4348
f 4438//4348 3231//4342 3230//4341 4441//4351
f 4441//4351 3230//4341 2336//2876 2530//2875
f 4440//4349 4441//4351 2530//2875 2529//2874
f 4439//4350 4440//4349 2529//2874 2528//2873
f 3233//4353 4439//4350 2528//2873 2335//2854
f 3234//4354 4436//4346 4439//4350 3233//4353
f 3235//4352 4433//4343 4436//4346 3234//4354
f 4442//4355 4443//4356 4446//4357 4445//4358
f 4443//4356 4444//4359 4447//4360 4446//4357
f 4445//4358 4446//4357 4449//4361 4448//4362
f 4446//4357 4447//4360 4450//4363 4449//4361
f 2370//3614 3236//4364 4442//4355 2666//3628
f 3236//4364 3237//4365 4443//4356 4442//4355
f 3237//4365 3238//4366 4444//4359 4443//4356
f 3238//4366 2441//4211 3235//4352 4444//4359
f 4444//4359 3235//4352 3234//4354 4447//4360
f 4447//4360 3234//4354 3233//4353 4450//4363
f 4450//4363 3233//4353 2335//2854 2527//2853
f 4449//4361 4450//4363 2527//2853 2526//2852
f 4448//4362 4449//4361 2526//2852 2525//2850
f 2668//3630 4448//4362 2525//2850 2312//2849
f 2667//3629 4445//4358 4448//4362 2668//3630
f 2666//3628 4442//4355 4445//4358 2667//3629
f 4451//4367 4452//4368 4455//4369 4454//4370
f 4452//4368 4453//4371 4456//4372 4455//4369
f 4454//4370 4455//4369 4458//4373 4457//4374
f 4455//4369 4456//4372 4459//4375 4458//4373
f 2369//3598 3239//4376 4451//4367 2663//3610
f 3239//4376 3240//4377 4452//4368 4451//4367
f 3240//4377 3241//4378 4453//4371 4452//4368
f 3241//4378 2438//4171 3194//4202 4453//4371
f 4453//4371 3194//4202 3195//4212 4456//4372
f 4456//4372 3195//4212 3196//4210 4459//4375
f 4459//4375 3196//4210 2441//4211 3238//4366
f 4458//4373 4459//4375 3238//4366 3237//4365
f 4457//4374 4458//4373 3237//4365 3236//4364
f 2665//3612 4457//4374 3236//4364 2370//3614
f 2664//3611 4454//4370 4457//4374 2665//3612
f 2663//3610 4451//4367 4454//4370 2664//3611
f 4460//4379 4461//4380 4464//4381 4463//4382
f 4461//4380 4462//4383 4465//4384 4464//4381
f 4463//4382 4464//4381 4467//4385 4466//4386
f 4464//4381 4465//4384 4468//4387 4467//4385
f 2368//3582 3242//4243 4460//4379 2660//3594
f 3242//4243 3243//4242 4461//4380 4460//4379
f 3243//4242 3244//4241 4462//4383 4461//4380
f 3244//4241 2435//4157 3179//4159 4462//4383
f 4462//4383 3179//4159 3180//4172 4465//4384
f 4465//4384 3180//4172 3181//4170 4468//4387
f 4468//4387 3181//4170 2438//4171 3241//4378
f 4467//4385 4468//4387 3241//4378 3240//4377
f 4466//4386 4467//4385 3240//4377 3239//4376
f 2662//3596 4466//4386 3239//4376 2369//3598
f 2661//3595 4463//4382 4466//4386 2662//3596
f 2660//3594 4460//4379 4463//4382 2661//3595
f 4469//4388 4470//4389 4473//4390 4472//4391
f 4470//4389 4471//4392 4474//4393 4473//4390
f 4472//4391 4473//4390 4476//4394 4475//4395
f 4473//4390 4474//4393 4477//4396 4476//4394
f 2444//4397 3245//4398 4469//4388 3251//4399
f 3245//4398 3246//4400 4470//4389 4469//4388
f 3246//4400 3247//4401 4471//4392 4470//4389
f 3247//4401 2445//4402 3254//4403 4471//4392
f 4471//4392 3254//4403 3255//4404 4474//4393
f 4474//4393 3255//4404 3256//4405 4477//4396
f 4477//4396 3256//4405 2448//4406 3262//4407
f 4476//4394 4477//4396 3262//4407 3261//4408
f 4475//4395 4476//4394 3261//4408 3260//4409
f 3253//4410 4475//4395 3260//4409 2447//4411
f 3252//4412 4472//4391 4475//4395 3253//4410
f 3251//4399 4469//4388 4472//4391 3252//4412
f 4478//4413 4479//4414 4482//4415 4481//4416
f 4479//4414 4480//4417 4483//4418 4482//4415
f 4481//4416 4482//4415 4485//4419 4484//4420
f 4482//4415 4483//4418 4486//4421 4485//4419
f 2445//4402 3248//4422 4478//4413 3254//4403
f 3248//4422 3249//4423 4479//4414 4478//4413
f 3249//4423 3250//4424 4480//4417 4479//4414
f 3250//4424 2446//4425 3257//4426 4480//4417
f 4480//4417 3257//4426 3258//4427 4483//4418
f 4483//4418 3258//4427 3259//4428 4486//4421
f 4486//4421 3259//4428 2449//4429 3265//4430
f 4485//4419 4486//4421 3265//4430 3264//4431
f 4484//4420 4485//4419 3264//4431 3263//4432
f 3256//4405 4484//4420 3263//4432 2448//4406
f 3255//4404 4481//4416 4484//4420 3256//4405
f 3254//4403 4478//4413 4481//4416 3255//4404
f 4487//4433 4488//4434 4491//4435 4490//4436
f 4488//4434 4489//4437 4492//4438 4491//4435
f 4490//4436 4491//4435 4494//4439 4493//4440
f 4491//4435 4492//4438 4495//4441 4494//4439
f 2447//4411 3260//4409 4487//4433 3266//4442
f 3260//4409 3261//4408 4488//4434 4487//4433
f 3261//4408 3262//4407 4489//4437 4488//4434
f 3262//4407 2448//4406 3269//4443 4489//4437
f 4489//4437 3269//4443 3270//4444 4492//4438
f 4492//4438 3270//4444 3271//4445 4495//4441
f 4495//4441 3271//4445 2451//4446 3277//4447
f 4494//4439 4495//4441 3277//4447 3276//4448
f 4493//4440 4494//4439 3276//4448 3275//4449
f 3268//4450 4493//4440 3275//4449 2450//4451
f 3267//4452 4490//4436 4493//4440 3268//4450
f 3266//4442 4487//4433 4490//4436 3267//4452
f 4496//4453 4497//4454 4500//4455 4499//4456
f 4497//4454 4498//4457 4501//4458 4500//4455
f 4499//4456 4500//4455 4503//4459 4502//4460
f 4500//4455 4501//4458 4504//4461 4503//4459
f 2448//4406 3263//4432 4496//4453 3269//4443
f 3263//4432 3264//4431 4497//4454 4496//4453
f 3264//4431 3265//4430 4498//4457 4497//4454
f 3265//4430 2449//4429 3272//4462 4498//4457
f 4498//4457 3272//4462 3273//4463 4501//4458
f 4501//4458 3273//4463 3274//4464 4504//4461
f 4504//4461 3274//4464 2452//4465 3280//4466
f 4503//4459 4504//4461 3280//4466 3279//4467
f 4502//4460 4503//4459 3279//4467 3278//4468
f 3271//4445 4502//4460 3278//4468 2451//4446
f 3270//4444 4499//4456 4502//4460 3271//4445
f 3269//4443 4496//4453 4499//4456 3270//4444
f 4505//4469 4506//4470 4509//4471 4508//4472
f 4506//4470 4507//4473 4510//4474 4509//4471
f 4508//4472 4509//4471 4512//4475 4511//4476
f 4509//4471 4510//4474 4513//4477 4512//4475
f 2313//2901 2573//4328 4505//4469 2597//3057
f 2573//4328 2574//4327 4506//4470 4505//4469
f 2574//4327 2575//4326 4507//4473 4506//4470
f 2575//4326 2347//4312 3281//4478 4507//4473
f 4507//4473 3281//4478 3282//4479 4510//4474
f 4510//4474 3282//4479 3283//4480 4513//4477
f 4513//4477 3283//4480 2444//4397 3316//4481
f 4512//4475 4513//4477 3316//4481 3315//4482
f 4511//4476 4512//4475 3315//4482 3314//4483
f 2599//3059 4511//4476 3314//4483 2353//3060
f 2598//3058 4508//4472 4511//4476 2599//3059
f 2597//3057 4505//4469 4508//4472 2598//3058
f 4514//4484 4515//4485 4518//4486 4517//4487
f 4515//4485 4516//4488 4519//4489 4518//4486
f 4517//4487 4518//4486 4521//4490 4520//4491
f 4518//4486 4519//4489 4522//4492 4521//4490
f 2347//4312 2576//4311 4514//4484 3281//4478
f 2576//4311 2577//4310 4515//4485 4514//4484
f 2577//4310 2578//4309 4516//4488 4515//4485
f 2578//4309 2348//4296 3284//4493 4516//4488
f 4516//4488 3284//4493 3285//4494 4519//4489
f 4519//4489 3285//4494 3286//4495 4522//4492
f 4522//4492 3286//4495 2445//4402 3247//4401
f 4521//4490 4522//4492 3247//4401 3246//4400
f 4520//4491 4521//4490 3246//4400 3245//4398
f 3283//4480 4520//4491 3245//4398 2444//4397
f 3282//4479 4517//4487 4520//4491 3283//4480
f 3281//4478 4514//4484 4517//4487 3282//4479
f 4523//4496 4524//4497 4527//4498 4526//4499
f 4524//4497 4525//4500 4528//4501 4527//4498
f 4526//4499 4527//4498 4530//4502 4529//4503
f 4527//4498 4528//4501 4531//4504 4530//4502
f 2348//4296 2579//4295 4523//4496 3284//4493
f 2579//4295 2580//4294 4524//4497 4523//4496
f 2580//4294 2581//4293 4525//4500 4524//4497
f 2581//4293 2349//4280 3287//4505 4525//4500
f 4525//4500 3287//4505 3288//4506 4528//4501
f 4528//4501 3288//4506 3289//4507 4531//4504
f 4531//4504 3289//4507 2446//4425 3250//4424
f 4530//4502 4531//4504 3250//4424 3249//4423
f 4529//4503 4530//4502 3249//4423 3248//4422
f 3286//4495 4529//4503 3248//4422 2445//4402
f 3285//4494 4526//4499 4529//4503 3286//4495
f 3284//4493 4523//4496 4526//4499 3285//4494
f 4532//4508 4533//4509 4536//4510 4535//4511
f 4533//4509 4534//4512 4537//4513 4536//4510
f 4535//4511 4536//4510 4539//4514 4538//4515
f 4536//4510 4537//4513 4540//4516 4539//4514
f 2349//4280 2582//4279 4532//4508 3287//4505
f 2582//4279 2583//4278 4533//4509 4532//4508
f 2583//4278 2584//4277 4534//4512 4533//4509
f 2584//4277 2314//3833 2621//3832 4534//4512
f 4534//4512 2621//3832 2622//3831 4537//4513
f 4537//4513 2622//3831 2623//3830 4540//4516
f 4540//4516 2623//3830 2359//3816 3290//4517
f 4539//4514 4540//4516 3290//4517 3291//4518
f 4538//4515 4539//4514 3291//4518 3292//4519
f 3289//4507 4538//4515 3292//4519 2446//4425
f 3288//4506 4535//4511 4538//4515 3289//4507
f 3287//4505 4532//4508 4535//4511 3288//4506
f 4541//4520 4542//4521 4545//4522 4544//4523
f 4542//4521 4543//4524 4546//4525 4545//4522
f 4544//4523 4545//4522 4548//4526 4547//4527
f 4545//4522 4546//4525 4549//4528 4548//4526
f 2446//4425 3292//4519 4541//4520 3257//4426
f 3292//4519 3291//4518 4542//4521 4541//4520
f 3291//4518 3290//4517 4543//4524 4542//4521
f 3290//4517 2359//3816 2624//3815 4543//4524
f 4543//4524 2624//3815 2625//3814 4546//4525
f 4546//4525 2625//3814 2626//3813 4549//4528
f 4549//4528 2626//3813 2360//3800 3293//4529
f 4548//4526 4549//4528 3293//4529 3294//4530
f 4547//4527 4548//4526 3294//4530 3295//4531
f 3259//4428 4547//4527 3295//4531 2449//4429
f 3258//4427 4544//4523 4547//4527 3259//4428
f 3257//4426 4541//4520 4544//4523 3258//4427
f 4550//4532 4551//4533 4554//4534 4553//4535
f 4551//4533 4552//4536 4555//4537 4554//4534
f 4553//4535 4554//4534 4557//4538 4556//4539
f 4554//4534 4555//4537 4558//4540 4557//4538
f 2449//4429 3295//4531 4550//4532 3272//4462
f 3295//4531 3294//4530 4551//4533 4550//4532
f 3294//4530 3293//4529 4552//4536 4551//4533
f 3293//4529 2360//3800 2627//3799 4552//4536
f 4552//4536 2627//3799 2628//3798 4555//4537
f 4555//4537 2628//3798 2629//3797 4558//4540
f 4558//4540 2629//3797 2361//3784 3296//4541
f 4557//4538 4558//4540 3296//4541 3297//4542
f 4556//4539 4557//4538 3297//4542 3298//4543
f 3274//4464 4556//4539 3298//4543 2452//4465
f 3273//4463 4553//4535 4556//4539 3274//4464
f 3272//4462 4550//4532 4553//4535 3273//4463
f 4559//4544 4560//4545 4563//4546 4562//4547
f 4560//4545 4561//4548 4564//4549 4563//4546
f 4562//4547 4563//4546 4566//4550 4565//4551
f 4563//4546 4564//4549 4567//4552 4566//4550
f 2452//4465 3298//4543 4559//4544 3301//4553
f 3298//4543 3297//4542 4560//4545 4559//4544
f 3297//4542 3296//4541 4561//4548 4560//4545
f 3296//4541 2361//3784 2630//3783 4561//4548
f 4561//4548 2630//3783 2631//3782 4564//4549
f 4564//4549 2631//3782 2632//3781 4567//4552
f 4567//4552 2632//3781 2315//3321 2633//3320
f 4566//4550 4567//4552 2633//3320 2634//3319
f 4565//4551 4566//4550 2634//3319 2635//3318
f 3299//4554 4565//4551 2635//3318 2362//3304
f 3300//4555 4562//4547 4565//4551 3299//4554
f 3301//4553 4559//4544 4562//4547 3300//4555
f 4568//4556 4569//4557 4572//4558 4571//4559
f 4569//4557 4570//4560 4573//4561 4572//4558
f 4571//4559 4572//4558 4575//4562 4574//4563
f 4572//4558 4573//4561 4576//4564 4575//4562
f 2451//4446 3278//4468 4568//4556 3304//4565
f 3278//4468 3279//4467 4569//4557 4568//4556
f 3279//4467 3280//4466 4570//4560 4569//4557
f 3280//4466 2452//4465 3301//4553 4570//4560
f 4570//4560 3301//4553 3300//4555 4573//4561
f 4573//4561 3300//4555 3299//4554 4576//4564
f 4576//4564 3299//4554 2362//3304 2636//3303
f 4575//4562 4576//4564 2636//3303 2637//3302
f 4574//4563 4575//4562 2637//3302 2638//3301
f 3302//4566 4574//4563 2638//3301 2363//3288
f 3303//4567 4571//4559 4574//4563 3302//4566
f 3304//4565 4568//4556 4571//4559 3303//4567
f 4577//4568 4578//4569 4581//4570 4580//4571
f 4578//4569 4579//4572 4582//4573 4581//4570
f 4580//4571 4581//4570 4584//4574 4583//4575
f 4581//4570 4582//4573 4585//4576 4584//4574
f 2450//4451 3275//4449 4577//4568 3307//4577
f 3275//4449 3276//4448 4578//4569 4577//4568
f 3276//4448 3277//4447 4579//4572 4578//4569
f 3277//4447 2451//4446 3304//4565 4579//4572
f 4579//4572 3304//4565 3303//4567 4582//4573
f 4582//4573 3303//4567 3302//4566 4585//4576
f 4585//4576 3302//4566 2363//3288 2639//3287
f 4584//4574 4585//4576 2639//3287 2640//3286
f 4583//4575 4584//4574 2640//3286 2641//3285
f 3305//4578 4583//4575 2641//3285 2364//3272
f 3306//4579 4580//4571 4583//4575 3305//4578
f 3307//4577 4577//4568 4580//4571 3306//4579
f 4586//4580 4587//4581 4590//4582 4589//4583
f 4587//4581 4588//4584 4591//4585 4590//4582
f 4589//4583 4590//4582 4593//4586 4592//4587
f 4590//4582 4591//4585 4594//4588 4593//4586
f 2355//3114 3308//4589 4586//4580 2606//3113
f 3308//4589 3309//4590 4587//4581 4586//4580
f 3309//4590 3310//4591 4588//4584 4587//4581
f 3310//4591 2450//4451 3307//4577 4588//4584
f 4588//4584 3307//4577 3306//4579 4591//4585
f 4591//4585 3306//4579 3305//4578 4594//4588
f 4594//4588 3305//4578 2364//3272 2642//3271
f 4593//4586 4594//4588 2642//3271 2643//3270
f 4592//4587 4593//4586 2643//3270 2644//3269
f 2608//3103 4592//4587 2644//3269 2316//3101
f 2607//3115 4589//4583 4592//4587 2608//3103
f 2606//3113 4586//4580 4589//4583 2607//3115
f 4595//4592 4596//4593 4599//4594 4598//4595
f 4596//4593 4597//4596 4600//4597 4599//4594
f 4598//4595 4599//4594 4602//4598 4601//4599
f 4599//4594 4600//4597 4603//4600 4602//4598
f 2354//3079 3311//4601 4595//4592 2603//3138
f 3311//4601 3312//4602 4596//4593 4595//4592
f 3312//4602 3313//4603 4597//4596 4596//4593
f 3313//4603 2447//4411 3266//4442 4597//4596
f 4597//4596 3266//4442 3267//4452 4600//4597
f 4600//4597 3267//4452 3268//4450 4603//4600
f 4603//4600 3268//4450 2450//4451 3310//4591
f 4602//4598 4603//4600 3310//4591 3309//4590
f 4601//4599 4602//4598 3309//4590 3308//4589
f 2605//3137 4601//4599 3308//4589 2355//3114
f 2604//3139 4598//4595 4601//4599 2605//3137
f 2603//3138 4595//4592 4598//4595 2604//3139
f 4604//4604 4605//4605 4608//4606 4607//4607
f 4605//4605 4606//4608 4609//4609 4608//4606
f 4607//4607 4608//4606 4611//4610 4610//4611
f 4608//4606 4609//4609 4612//4612 4611//4610
f 2353//3060 3314//4483 4604//4604 2600//3076
f 3314//4483 3315//4482 4605//4605 4604//4604
f 3315//4482 3316//4481 4606//4608 4605//4605
f 3316//4481 2444//4397 3251//4399 4606//4608
f 4606//4608 3251//4399 3252//4412 4609//4609
f 4609//4609 3252//4412 3253//4410 4612//4612
f 4612//4612 3253//4410 2447//4411 3313//4603
f 4611//4610 4612//4612 3313//4603 3312//4602
f 4610//4611 4611//4610 3312//4602 3311//4601
f 2602//3078 4610//4611 3311//4601 2354//3079
f 2601//3077 4607//4607 4610//4611 2602//3078
f 2600//3076 4604//4604 4607//4607 2601//3077
g rock.002_rock.002
v -1.989741 0.412950 1.186581
v 1.781221 0.532534 1.205348
v 0.155078 2.070324 1.385158
v -2.019122 0.631976 -1.032009
v 1.110075 0.629105 -1.169321
v 0.129483 2.251485 -1.378473
v -0.212233 2.423546 0.010187
v -0.529297 -0.155382 0.006488
v -1.139925 0.142023 1.553395
v -0.015079 0.158893 1.553054
v 1.006916 0.266683 1.456039
v -1.360863 1.098404 1.586478
v -0.738273 1.615471 1.693808
v -0.186599 1.923217 1.496623
v -2.437925 0.341780 0.585075
v -2.761363 0.338169 0.054319
v -2.644752 0.439234 -0.578559
v -1.287969 0.545365 -1.221736
v -0.556486 0.470766 -1.404620
v 0.277685 0.449164 -1.445870
v -1.400285 1.172404 -1.277413
v -0.799563 1.646342 -1.392383
v -0.236467 2.006524 -1.347429
v 1.605388 1.187866 0.866743
v 1.081972 1.615052 0.627682
v 0.538943 2.083766 0.338288
v -1.805901 0.111139 0.929142
v -1.444984 0.023362 0.651829
v -1.002175 -0.036964 0.338045
v 1.404380 1.130355 1.466566
v 0.962925 1.581564 1.464346
v 0.507728 1.881309 1.376868
v 0.776622 0.111145 -0.921307
v 0.343949 -0.000418 -0.606280
v -0.077638 0.007718 -0.298466
v 1.797298 0.454675 0.561972
v 1.757019 0.423177 0.016387
v 1.468704 0.499975 -0.507105
v -2.019133 1.137040 0.973438
v -1.599092 1.638505 0.630404
v -1.105800 2.170652 0.337025
v 0.106272 2.536072 -1.233118
v 0.002651 2.833495 -0.936386
v -0.140576 2.755746 -0.477178
v 1.366706 0.089848 0.943843
v 0.800457 -0.079913 0.674907
v 0.152695 -0.237130 0.365179
v 0.093133 2.367866 1.317273
v -0.011886 2.512363 0.966031
v -0.123121 2.501168 0.573424
v -2.050326 1.224008 -0.857735
v -1.607712 1.665500 -0.572274
v -1.060115 2.097318 -0.321242
v 0.832806 1.185153 -1.367255
v 0.582122 1.645781 -1.361936
v 0.349384 2.007662 -1.347488
v -1.945386 0.186776 -0.857223
v -1.608136 0.046866 -0.599159
v -1.131855 -0.036977 -0.309593
v 1.261037 1.269983 -0.878595
v 0.951387 1.762243 -0.595009
v 0.455855 2.130419 -0.312484
v 0.164921 1.101134 1.542464
v -0.715821 0.789822 1.764307
v 0.099048 0.709899 1.540472
v 0.844384 0.824883 1.511535
v 0.594696 1.297989 1.556959
v 0.196574 1.623519 1.494381
v -0.253882 1.284986 1.611516
v -0.182644 -0.068515 1.050283
v -1.022740 0.023644 1.183463
v -0.775845 -0.026660 0.902504
v -0.337588 -0.201934 0.642860
v 0.278923 0.019460 0.909830
v 0.704341 0.127785 1.167776
v -0.113584 0.022216 1.268458
v -2.183409 0.022641 0.024909
v -2.421084 -0.038073 -0.516398
v -1.996516 -0.133780 -0.274683
v -1.560328 -0.149948 0.019421
v -1.932619 0.054887 0.311433
v -2.253783 0.171667 0.492397
v -2.480008 0.068384 0.038342
v -0.694320 0.110386 -0.978717
v -1.329573 0.279897 -1.035478
v -0.662371 0.212106 -1.186519
v 0.055657 0.244628 -1.080863
v -0.246562 0.137131 -0.828508
v -0.661896 0.026558 -0.595284
v -1.118946 0.145378 -0.827814
v 1.240272 0.054263 0.013874
v 1.559544 0.216197 0.485886
v 1.121896 -0.046498 0.313208
v 0.548768 -0.256274 0.010728
v 0.902379 0.001557 -0.271063
v 1.237862 0.229009 -0.424585
v 1.532822 0.196572 0.023718
v -0.225859 1.202307 -1.533763
v -0.974710 0.947938 -1.410420
v -0.511222 1.377226 -1.490143
v -0.019297 1.718275 -1.473400
v 0.195207 1.378053 -1.503180
v 0.288693 0.942033 -1.522237
v -0.376563 0.858730 -1.555080
v 0.879135 2.083116 1.034300
v 1.301955 1.491655 1.107504
v 0.956724 1.884150 0.885424
v 0.487726 2.292297 0.668756
v 0.537341 2.401886 0.986001
v 0.580308 2.187404 1.270924
v 0.995494 1.861520 1.219330
v 1.420164 1.250915 -0.013511
v 1.777596 0.983738 0.449714
v 1.731960 0.900863 -0.026537
v 1.526835 1.013363 -0.489254
v 1.255056 1.516976 -0.288495
v 0.841835 1.828635 0.004100
v 1.260114 1.387420 0.285808
v 0.617625 2.142867 -1.010369
v 0.894617 1.570292 -1.072161
v 0.655278 1.921568 -1.157868
v 0.441520 2.270854 -1.168334
v 0.435068 2.471589 -0.938473
v 0.444077 2.445537 -0.607392
v 0.716533 1.978720 -0.853150
v -0.957181 2.159607 1.127654
v -1.421280 1.463473 1.155345
v -0.934729 1.910638 1.358251
v -0.429303 2.276697 1.414636
v -0.590422 2.498357 1.082478
v -0.834851 2.467524 0.705549
v -1.223028 1.925513 0.906667
v -2.390329 1.345552 0.033472
v -2.360165 0.868519 0.512949
v -2.087405 1.496631 0.333306
v -1.507666 1.764633 0.004954
v -2.040719 1.458464 -0.264060
v -2.526819 1.015785 -0.468990
v -2.589204 0.848488 0.038913
v -0.945950 2.204106 -1.049071
v -1.508284 1.582265 -1.105617
v -1.219299 1.952947 -0.840574
v -0.819039 2.460188 -0.653387
v -0.560858 2.543072 -0.999347
v -0.390046 2.314522 -1.228224
v -0.944256 1.968480 -1.239059
v -1.828246 0.316702 1.317648
v -1.640931 0.222550 1.464668
v -1.394236 0.174576 1.513014
v -0.878602 0.087703 1.628652
v -0.593528 0.040530 1.700055
v -0.296319 0.108218 1.611358
v 0.251545 0.206817 1.497518
v 0.514160 0.225593 1.489096
v 0.765233 0.243137 1.477818
v 1.241936 0.274017 1.464798
v 1.482713 0.292786 1.465587
v 1.696563 0.381182 1.379870
v -1.810336 0.603540 1.324106
v -1.669556 0.780629 1.476526
v -1.513049 0.939637 1.550360
v -1.190804 1.225657 1.594666
v -1.035911 1.360222 1.623852
v -0.889533 1.494762 1.670199
v -0.584339 1.714421 1.667513
v -0.442085 1.799209 1.615432
v -0.309231 1.864296 1.545531
v -0.076532 1.974294 1.458432
v 0.020142 2.017114 1.429002
v 0.101589 2.050985 1.408314
v -2.134597 0.387282 1.003009
v -2.240513 0.370313 0.852633
v -2.352411 0.352039 0.723515
v -2.526424 0.333140 0.458491
v -2.604434 0.329896 0.328580
v -2.682271 0.330584 0.196850
v -2.768101 0.357665 -0.109969
v -2.727311 0.380860 -0.262621
v -2.690381 0.407912 -0.416125
v -2.572243 0.475917 -0.750275
v -2.433953 0.520285 -0.880009
v -2.241078 0.570262 -0.948054
v -1.814026 0.595049 -1.102086
v -1.627503 0.579768 -1.130505
v -1.455610 0.563627 -1.173369
v -1.110734 0.536950 -1.246259
v -0.936760 0.514544 -1.305110
v -0.748012 0.499732 -1.343135
v -0.348112 0.440535 -1.461415
v -0.140861 0.447289 -1.449258
v 0.065288 0.456070 -1.437536
v 0.487648 0.470660 -1.408210
v 0.707775 0.476052 -1.401700
v 0.931786 0.512410 -1.352024
v -1.837227 0.785936 -1.097957
v -1.685990 0.917773 -1.166736
v -1.540895 1.044952 -1.223019
v -1.268914 1.301674 -1.353569
v -1.134351 1.436951 -1.434657
v -0.962341 1.544407 -1.410934
v -0.645648 1.744750 -1.379573
v -0.499584 1.836312 -1.362247
v -0.362902 1.924067 -1.351978
v -0.125443 2.086153 -1.365544
v -0.025057 2.156579 -1.379419
v 0.066290 2.213924 -1.376778
v 1.830652 0.752087 1.127037
v 1.810214 0.923629 1.033609
v 1.704891 1.055621 0.941728
v 1.473611 1.289328 0.803809
v 1.344115 1.394759 0.746691
v 1.220015 1.509480 0.687541
v 0.963427 1.742435 0.558252
v 0.859192 1.889603 0.477549
v 0.708840 2.001015 0.404518
v 0.379085 2.170151 0.266931
v 0.220042 2.257544 0.189527
v 0.038092 2.321512 0.110140
v -1.974284 0.268626 1.116878
v -1.919194 0.209088 1.048054
v -1.867974 0.155810 0.989903
v -1.728986 0.077642 0.864581
v -1.642156 0.045579 0.797651
v -1.547003 0.021823 0.726389
v -1.340298 0.034988 0.573783
v -1.230489 0.026527 0.495116
v -1.116958 0.004930 0.415568
v -0.886161 -0.086596 0.259171
v -0.771187 -0.154713 0.182745
v -0.650963 -0.207452 0.097011
v 1.769863 0.720787 1.398735
v 1.632686 0.869915 1.444725
v 1.509620 0.998376 1.452314
v 1.292711 1.251815 1.464730
v 1.187640 1.370876 1.469487
v 1.084828 1.488736 1.484466
v 0.842162 1.663391 1.427078
v 0.727002 1.738968 1.394807
v 0.615265 1.812342 1.379429
v 0.402837 1.939981 1.366886
v 0.305230 1.993832 1.369445
v 0.217823 2.039512 1.377506
v 1.022728 0.444694 -1.096180
v 0.931345 0.329030 -1.028105
v 0.856037 0.218531 -0.973853
v 0.679785 0.025789 -0.855795
v 0.564517 0.016842 -0.762838
v 0.454030 0.012951 -0.679733
v 0.241722 0.012679 -0.527631
v 0.136114 0.011496 -0.453536
v 0.030971 0.017195 -0.375214
v -0.188623 -0.013903 -0.221772
v -0.300653 -0.055753 -0.148257
v -0.412799 -0.114434 -0.076757
v 1.801925 0.511183 1.003083
v 1.796921 0.494105 0.843652
v 1.799531 0.473100 0.699116
v 1.785764 0.441276 0.429288
v 1.775678 0.430919 0.296986
v 1.758783 0.427139 0.162101
v 1.693910 0.433867 -0.118140
v 1.625625 0.448084 -0.249215
v 1.549199 0.471108 -0.376187
v 1.381783 0.534625 -0.643297
v 1.307972 0.563524 -0.799935
v 1.216419 0.600227 -0.962550
v -2.027174 0.607938 1.124417
v -2.051636 0.787214 1.083833
v -2.065182 0.971776 1.048508
v -1.922879 1.268727 0.875541
v -1.818199 1.387904 0.786480
v -1.707798 1.507954 0.704595
v -1.505206 1.791446 0.566555
v -1.404552 1.949966 0.494518
v -1.258423 2.062273 0.414273
v -0.941068 2.279081 0.264076
v -0.766618 2.408356 0.187014
v -0.520382 2.434171 0.110044
v 0.130680 2.303677 -1.342405
v 0.126648 2.377017 -1.308246
v 0.119567 2.457236 -1.276242
v 0.085035 2.609467 -1.173004
v 0.061411 2.688949 -1.110633
v 0.034205 2.770266 -1.034857
v -0.034636 2.853281 -0.818372
v -0.071655 2.871649 -0.696990
v -0.107046 2.829810 -0.580754
v -0.172034 2.675134 -0.376001
v -0.197836 2.585511 -0.274367
v -0.210371 2.503781 -0.158279
v 1.688290 0.339052 1.126188
v 1.572891 0.250187 1.063781
v 1.479743 0.160550 1.004428
v 1.245079 0.015389 0.881550
v 1.109519 -0.056080 0.817258
v 0.955613 -0.074156 0.747677
v 0.643666 -0.093469 0.599292
v 0.482948 -0.128626 0.526392
v 0.320133 -0.186662 0.456131
v -0.020911 -0.297365 0.263378
v -0.196322 -0.208415 0.176170
v -0.365285 -0.186999 0.083781
v 0.146748 2.121835 1.381973
v 0.131363 2.191402 1.363859
v 0.118027 2.280824 1.365792
v 0.067563 2.417275 1.231456
v 0.041958 2.455866 1.146399
v 0.015914 2.491977 1.059101
v -0.039152 2.526757 0.871565
v -0.067136 2.526358 0.775154
v -0.095632 2.514254 0.677026
v -0.150525 2.483334 0.463344
v -0.174099 2.464166 0.342181
v -0.194788 2.427494 0.204679
v -2.075838 0.791142 -0.997460
v -2.090236 0.939034 -0.961593
v -2.076789 1.079430 -0.907597
v -1.979743 1.355509 -0.790617
v -1.863880 1.463286 -0.709887
v -1.740117 1.567825 -0.637783
v -1.478631 1.772693 -0.511516
v -1.343967 1.877727 -0.450294
v -1.208904 1.990143 -0.387460
v -0.928461 2.239190 -0.244893
v -0.771581 2.393047 -0.157185
v -0.538372 2.486332 -0.067826
v 1.106173 0.761264 -1.351317
v 0.992331 0.912426 -1.346537
v 0.910017 1.053313 -1.362632
v 0.765378 1.311719 -1.372881
v 0.700609 1.429700 -1.371389
v 0.635825 1.538230 -1.360682
v 0.524689 1.745078 -1.356015
v 0.468623 1.839726 -1.353614
v 0.408845 1.926401 -1.347887
v 0.292878 2.084737 -1.357484
v 0.234017 2.152431 -1.363956
v 0.175673 2.208804 -1.364622
v -2.042970 0.468999 -1.002835
v -2.028408 0.356502 -0.960423
v -1.994643 0.268867 -0.904939
v -1.877897 0.125373 -0.798327
v -1.797907 0.096244 -0.727331
v -1.709041 0.082118 -0.657197
v -1.502792 0.041854 -0.527197
v -1.387034 0.011420 -0.461600
v -1.263569 -0.003078 -0.384725
v -0.995752 -0.116239 -0.247372
v -0.843043 -0.150286 -0.157293
v -0.685922 -0.153070 -0.077423
v 1.248774 0.818082 -1.118303
v 1.330550 0.987480 -1.066917
v 1.327844 1.143533 -0.982108
v 1.185102 1.389834 -0.792453
v 1.098686 1.503240 -0.716068
v 1.015040 1.623234 -0.650204
v 0.871004 1.890934 -0.518832
v 0.739909 1.981382 -0.441899
v 0.597885 2.058939 -0.374156
v 0.317641 2.203986 -0.245447
v 0.172741 2.271405 -0.176130
v 0.021785 2.346050 -0.096122
v -0.510576 0.746629 1.696139
v -0.304142 0.719576 1.637833
v -0.101621 0.708340 1.581233
v 0.795062 0.951002 1.524944
v 0.738722 1.072966 1.534305
v 0.672826 1.189310 1.551005
v 0.088935 1.554306 1.535312
v -0.018047 1.474709 1.598070
v -0.135308 1.382374 1.602909
v 0.293970 0.725354 1.496455
v 0.486174 0.750008 1.482986
v 0.670125 0.781374 1.504720
v 0.503087 1.389624 1.528788
v 0.404003 1.472230 1.509377
v 0.302046 1.551543 1.505926
v -0.370255 1.176679 1.635787
v -0.488687 1.056880 1.659290
v -0.604681 0.927807 1.706847
v 0.155858 1.036025 1.549081
v 0.141100 0.939977 1.544587
v 0.123807 0.828766 1.553166
v 0.246756 1.134324 1.540298
v 0.357404 1.181380 1.532081
v 0.475852 1.235722 1.541318
v 0.090585 1.131383 1.548309
v -0.015868 1.174253 1.549819
v -0.132966 1.225773 1.574263
v -1.050959 0.344882 1.667973
v -0.957425 0.488616 1.803586
v -0.837062 0.642800 1.807801
v 0.012990 0.318432 1.549377
v 0.039595 0.454088 1.521107
v 0.072023 0.584590 1.534814
v -1.249551 1.004400 1.696185
v -1.116507 0.931123 1.844461
v -0.921378 0.850420 1.837247
v 1.306080 1.027776 1.539351
v 1.160193 0.943196 1.536245
v 1.008190 0.879385 1.518528
v 0.890747 1.507702 1.503840
v 0.802762 1.434881 1.527881
v 0.704029 1.364982 1.547782
v 0.971880 0.425971 1.465937
v 0.931098 0.563913 1.470151
v 0.889313 0.696849 1.486958
v -0.100556 1.844136 1.498249
v -0.006398 1.768970 1.496424
v 0.094191 1.697083 1.498173
v -0.623601 1.516238 1.674019
v -0.503403 1.429360 1.655199
v -0.378681 1.352762 1.638196
v 0.451274 1.814264 1.398907
v 0.379433 1.752490 1.432140
v 0.294596 1.690402 1.466613
v -0.975166 0.026251 1.110343
v -0.920590 0.013021 1.039097
v -0.852631 0.004362 0.970017
v -0.162035 -0.147576 0.719923
v -0.005064 -0.074461 0.782578
v 0.146083 -0.039500 0.853549
v 0.511973 0.128077 1.203316
v 0.311510 0.106290 1.233400
v 0.102413 0.075823 1.253649
v -0.680150 -0.047674 0.836958
v -0.572025 -0.078168 0.771272
v -0.458321 -0.131368 0.706033
v 0.402131 0.049761 0.973742
v 0.513365 0.072109 1.039522
v 0.613615 0.094271 1.105538
v -0.337260 -0.064549 1.278072
v -0.577872 -0.111625 1.266291
v -0.811657 -0.042929 1.225943
v -0.289091 -0.092614 1.029089
v -0.440259 -0.140342 0.994038
v -0.606904 -0.075629 0.950053
v -0.100816 -0.037162 1.028151
v 0.014393 -0.005520 0.995322
v 0.144780 0.008153 0.957514
v -0.167191 -0.060925 1.091675
v -0.153109 -0.031359 1.145110
v -0.135663 -0.001687 1.204465
v -1.636338 0.050475 1.023989
v -1.435048 0.046497 1.083908
v -1.230880 0.052158 1.134540
v -1.285754 0.043549 0.723140
v -1.115649 0.046802 0.787663
v -0.942967 0.028324 0.847743
v -1.121868 0.059602 1.423760
v -1.095712 0.024617 1.336849
v -1.061735 0.025331 1.258987
v 0.040816 -0.227942 0.449151
v -0.084187 -0.208716 0.516721
v -0.211627 -0.204457 0.580649
v 0.681743 -0.025774 0.737507
v 0.549317 -0.006075 0.801792
v 0.414699 0.012088 0.858129
v -0.841563 -0.049448 0.417299
v -0.672473 -0.072941 0.491846
v -0.503872 -0.119742 0.566180
v 0.941529 0.200454 1.372421
v 0.865647 0.178168 1.300001
v 0.787585 0.156414 1.232290
v -0.040509 0.099052 1.468053
v -0.067002 0.076995 1.396081
v -0.088012 0.041276 1.334817
v 1.238241 0.046322 1.034059
v 1.065059 0.081299 1.083931
v 0.887665 0.109264 1.127828
v -2.315071 -0.095246 -0.459150
v -2.205757 -0.122236 -0.398495
v -2.098919 -0.123259 -0.337992
v -1.654647 -0.071389 0.098244
v -1.749731 -0.024471 0.176061
v -1.838991 0.029410 0.244241
v -2.331314 0.156232 0.382721
v -2.393407 0.136800 0.270240
v -2.444677 0.102346 0.158029
v -1.895019 -0.137426 -0.207046
v -1.789619 -0.134888 -0.135485
v -1.682011 -0.153350 -0.057373
v -2.020585 0.094095 0.366748
v -2.108277 0.111312 0.417738
v -2.186961 0.137498 0.459517
v -2.496947 0.035341 -0.089430
v -2.487350 0.018316 -0.226810
v -2.461129 -0.004328 -0.367893
v -2.158329 -0.002865 -0.025223
v -2.116321 -0.028933 -0.100359
v -2.064038 -0.076206 -0.179990
v -2.146660 0.044549 0.072095
v -2.090392 0.055004 0.143987
v -2.022254 0.040308 0.230056
v -2.240549 0.031780 0.025429
v -2.317405 0.035650 0.029995
v -2.398320 0.047850 0.034140
v -2.083112 0.130775 -0.798415
v -2.210535 0.069030 -0.722973
v -2.332042 -0.010345 -0.641622
v -1.713968 -0.008675 -0.533681
v -1.813369 -0.059232 -0.458363
v -1.910652 -0.098873 -0.368818
v -2.604380 0.284615 -0.583151
v -2.560006 0.156687 -0.575263
v -2.510559 0.043461 -0.560526
v -1.152488 -0.046096 0.256273
v -1.293431 -0.078565 0.176469
v -1.428682 -0.132253 0.099457
v -1.588430 0.010457 0.570920
v -1.716296 0.036288 0.484496
v -1.830964 0.050039 0.397520
v -1.242275 -0.074432 -0.237048
v -1.347972 -0.120229 -0.161740
v -1.454538 -0.163520 -0.073056
v -2.405939 0.284277 0.569216
v -2.366321 0.237518 0.550096
v -2.312336 0.203920 0.521837
v -2.707932 0.214115 0.049502
v -2.626387 0.147257 0.043923
v -2.557341 0.099499 0.042360
v -1.947616 0.135711 0.827853
v -2.063730 0.154648 0.717894
v -2.164275 0.170350 0.604328
v -1.169537 0.278395 -1.073890
v -1.007869 0.263640 -1.115771
v -0.842171 0.237767 -1.158722
v -0.011615 0.212921 -1.010416
v -0.083433 0.181505 -0.947314
v -0.161007 0.150346 -0.888919
v -0.797513 0.014131 -0.663606
v -0.919759 0.072758 -0.718561
v -1.027361 0.108762 -0.775063
v -0.478966 0.214957 -1.174611
v -0.301281 0.232745 -1.143799
v -0.123323 0.236790 -1.116578
v -0.340833 0.119964 -0.770883
v -0.442934 0.101797 -0.712516
v -0.549730 0.065979 -0.655602
v -1.194849 0.176727 -0.880030
v -1.255410 0.203632 -0.933701
v -1.300295 0.236339 -0.986426
v -0.691943 0.123033 -1.017822
v -0.685979 0.142496 -1.071190
v -0.676589 0.169051 -1.130406
v -0.616320 0.122058 -0.952900
v -0.508017 0.135358 -0.916629
v -0.383216 0.143587 -0.874243
v -0.775140 0.105478 -0.960403
v -0.884618 0.109822 -0.927179
v -0.998405 0.131911 -0.879517
v -1.325166 0.464470 -1.177379
v -1.342806 0.394480 -1.128860
v -1.344046 0.332579 -1.082733
v -0.591202 0.392417 -1.351542
v -0.617802 0.330366 -1.289183
v -0.641774 0.271433 -1.234259
v -1.798337 0.220798 -0.914287
v -1.645003 0.245649 -0.962334
v -1.487695 0.270642 -0.996751
v 0.605665 0.134722 -0.988565
v 0.421985 0.183601 -1.022898
v 0.238753 0.225286 -1.050387
v 0.196565 0.064426 -0.663539
v 0.045509 0.099222 -0.722855
v -0.102937 0.116368 -0.779693
v 0.231070 0.392756 -1.331491
v 0.178199 0.332006 -1.241953
v 0.119208 0.283484 -1.158111
v -1.018239 -0.024677 -0.386241
v -0.902077 -0.032391 -0.463698
v -0.781031 -0.015518 -0.530384
v -1.492403 0.096485 -0.658689
v -1.369243 0.125403 -0.718202
v -1.243550 0.145012 -0.773312
v -0.230546 0.013515 -0.381208
v -0.379200 0.024807 -0.456337
v -0.523371 0.032934 -0.526413
v 1.466570 0.160952 0.453607
v 1.363232 0.096252 0.415290
v 1.246533 0.029545 0.369394
v 0.638668 -0.179461 -0.065841
v 0.730275 -0.120919 -0.141824
v 0.816982 -0.059108 -0.211129
v 1.326406 0.232395 -0.310031
v 1.406677 0.225169 -0.200017
v 1.473321 0.216547 -0.088374
v 0.985925 -0.106243 0.245337
v 0.845120 -0.144320 0.171373
v 0.696107 -0.182490 0.097526
v 0.992539 0.055262 -0.323115
v 1.074283 0.122508 -0.360843
v 1.161247 0.171859 -0.397059
v 1.565692 0.199131 0.142864
v 1.569754 0.221711 0.258851
v 1.570849 0.223770 0.372458
v 1.228359 0.031934 0.064301
v 1.203886 0.005574 0.139194
v 1.174321 -0.039377 0.223160
v 1.188324 0.047963 -0.036615
v 1.108986 0.039715 -0.106354
v 1.010970 0.028484 -0.184723
v 1.300084 0.080810 0.015388
v 1.377404 0.118731 0.018690
v 1.460252 0.151919 0.020025
v 1.438511 0.151804 0.832495
v 1.491413 0.182765 0.715786
v 1.534207 0.199795 0.600101
v 0.906168 -0.131384 0.593180
v 0.995495 -0.122658 0.497058
v 1.069970 -0.085932 0.402826
v 1.753350 0.389027 0.554067
v 1.699327 0.331963 0.535627
v 1.635858 0.273223 0.512768
v 0.076722 -0.045843 -0.224161
v 0.230117 -0.116577 -0.150016
v 0.387192 -0.190994 -0.071234
v 0.497500 -0.055303 -0.538545
v 0.653646 -0.110626 -0.463035
v 0.784090 -0.040339 -0.362377
v 0.254612 -0.282263 0.282856
v 0.350967 -0.310723 0.188648
v 0.451193 -0.288038 0.097960
v 1.418947 0.421673 -0.487153
v 1.364178 0.354258 -0.467328
v 1.305187 0.289485 -0.447525
v 1.720147 0.345537 0.020887
v 1.661534 0.291407 0.023970
v 1.602849 0.238338 0.023629
v 0.910690 0.163061 -0.790831
v 1.023129 0.206550 -0.660632
v 1.131051 0.229887 -0.537043
v -0.878464 1.057075 -1.484999
v -0.767279 1.171937 -1.532877
v -0.637934 1.281283 -1.515565
v 0.041436 1.639511 -1.485532
v 0.099416 1.556567 -1.484866
v 0.151212 1.470871 -1.499201
v 0.124457 0.909410 -1.536265
v -0.040658 0.883352 -1.566445
v -0.209478 0.867567 -1.553143
v -0.383636 1.467650 -1.474386
v -0.258612 1.559548 -1.491237
v -0.134107 1.634958 -1.455963
v 0.230125 1.279047 -1.518678
v 0.256555 1.172430 -1.526268
v 0.275614 1.059625 -1.529179
v -0.542369 0.859865 -1.552845
v -0.700684 0.878749 -1.520797
v -0.840253 0.912480 -1.456246
v -0.278277 1.232148 -1.531634
v -0.350538 1.273580 -1.519888
v -0.429594 1.321346 -1.501183
v -0.148164 1.232195 -1.533400
v -0.041175 1.273420 -1.520233
v 0.075510 1.322980 -1.515027
v -0.252171 1.144787 -1.553089
v -0.289146 1.059510 -1.548993
v -0.331304 0.963464 -1.551401
v -1.319256 1.097802 -1.311610
v -1.224008 1.035149 -1.357874
v -1.102058 0.988272 -1.373946
v -0.738276 1.573914 -1.427848
v -0.667735 1.503143 -1.451375
v -0.591608 1.438592 -1.475696
v -1.228895 0.638519 -1.256756
v -1.157315 0.734907 -1.307675
v -1.069193 0.840312 -1.352056
v 0.285117 1.942297 -1.403600
v 0.198189 1.873341 -1.451522
v 0.091891 1.796015 -1.468120
v 0.514070 1.574724 -1.421270
v 0.426075 1.505450 -1.485476
v 0.312125 1.438190 -1.490680
v -0.187806 1.933656 -1.377705
v -0.133244 1.861034 -1.403364
v -0.075710 1.788685 -1.430023
v 0.291984 0.579213 -1.455222
v 0.298372 0.700261 -1.483596
v 0.296038 0.822357 -1.501443
v -0.515172 0.557006 -1.457199
v -0.472684 0.643924 -1.524275
v -0.424664 0.746808 -1.557362
v 0.742459 1.099824 -1.458436
v 0.600705 1.033286 -1.482745
v 0.449281 0.981848 -1.515499
v 1.226570 1.583794 1.048619
v 1.138939 1.676481 0.995355
v 1.055214 1.780769 0.940474
v 0.496173 2.335779 0.742667
v 0.509651 2.376234 0.815605
v 0.516863 2.382395 0.900833
v 0.693542 2.118987 1.261093
v 0.803552 2.042744 1.256772
v 0.898314 1.948480 1.234963
v 0.876931 2.007972 0.822378
v 0.783849 2.139734 0.755874
v 0.643487 2.232199 0.704718
v 0.558317 2.392795 1.079134
v 0.574007 2.347896 1.167115
v 0.580426 2.273135 1.231044
v 1.074276 1.765875 1.195613
v 1.151873 1.673490 1.171693
v 1.235092 1.588418 1.144361
v 0.904087 2.056769 1.006309
v 0.915921 2.004761 0.971940
v 0.937614 1.948928 0.931240
v 0.830826 2.148684 1.025593
v 0.779605 2.259043 1.014778
v 0.674933 2.357345 1.003281
v 0.904478 2.044517 1.069813
v 0.933671 1.987045 1.115676
v 0.957967 1.919247 1.162099
v 1.532065 1.250006 0.943683
v 1.454954 1.323046 1.008737
v 1.380895 1.407406 1.063177
v 1.047419 1.683523 0.701939
v 1.012748 1.750304 0.770337
v 0.987341 1.820894 0.830340
v 1.441129 1.233317 1.365218
v 1.413793 1.315776 1.259302
v 1.366490 1.403119 1.176294
v 0.039662 2.465520 0.579490
v 0.185062 2.397950 0.607704
v 0.335359 2.345985 0.636910
v 0.128051 2.488193 0.960103
v 0.266733 2.465165 0.963275
v 0.401184 2.429505 0.972471
v 0.509427 2.146757 0.421999
v 0.491251 2.197668 0.507886
v 0.486363 2.248261 0.589412
v 0.542634 1.948660 1.341290
v 0.563551 2.023469 1.316359
v 0.575158 2.103288 1.294916
v 1.009097 1.661948 1.413680
v 1.016065 1.724469 1.336794
v 1.005778 1.788232 1.270874
v 0.219713 2.341246 1.299421
v 0.341829 2.295895 1.279948
v 0.461271 2.243359 1.268163
v 1.758765 0.934149 0.336565
v 1.742408 0.903486 0.221412
v 1.746043 0.894704 0.101415
v 1.511055 1.174814 -0.461186
v 1.466059 1.324563 -0.419423
v 1.356881 1.422248 -0.354028
v 0.969037 1.739977 0.076750
v 1.047722 1.606972 0.153984
v 1.151116 1.496455 0.224332
v 1.688237 0.904677 -0.149348
v 1.654278 0.927502 -0.271276
v 1.591105 0.963139 -0.380367
v 1.160961 1.612572 -0.220234
v 1.060502 1.697567 -0.150617
v 0.948822 1.766514 -0.073862
v 1.384340 1.289005 0.337133
v 1.506751 1.183919 0.380452
v 1.643192 1.091774 0.416458
v 1.493695 1.203975 -0.016733
v 1.604551 1.146644 -0.023997
v 1.709130 1.049061 -0.036972
v 1.388198 1.294562 -0.062539
v 1.361913 1.375729 -0.126168
v 1.304969 1.438678 -0.205679
v 1.395116 1.275542 0.041062
v 1.350387 1.301690 0.115521
v 1.306556 1.341814 0.198729
v 1.811795 0.555483 0.551668
v 1.806258 0.682041 0.526421
v 1.801222 0.823521 0.491809
v 1.756348 0.526275 0.011265
v 1.758470 0.642473 -0.000791
v 1.748117 0.766979 -0.013622
v 1.654073 1.120533 0.777583
v 1.701109 1.066570 0.675402
v 1.737224 1.015435 0.566956
v 1.388295 1.225731 -0.823389
v 1.445036 1.154436 -0.723321
v 1.488019 1.077578 -0.607570
v 1.033411 1.710726 -0.520032
v 1.134194 1.669225 -0.448936
v 1.215478 1.609346 -0.373420
v 1.501391 0.606024 -0.516299
v 1.511419 0.731265 -0.511129
v 1.533201 0.865323 -0.508691
v 0.594022 2.025519 0.251570
v 0.659752 1.954543 0.168946
v 0.746187 1.894161 0.085125
v 1.126900 1.555466 0.545872
v 1.177948 1.503249 0.459819
v 1.218374 1.443051 0.373208
v 0.518173 2.048999 -0.228974
v 0.604555 1.969305 -0.146857
v 0.717473 1.902677 -0.068049
v 0.837790 1.663559 -1.111382
v 0.778754 1.752620 -1.138916
v 0.719534 1.839301 -1.155280
v 0.440077 2.330762 -1.120846
v 0.447331 2.393873 -1.075355
v 0.439453 2.438673 -1.010685
v 0.522664 2.321735 -0.675123
v 0.594518 2.204394 -0.738905
v 0.658480 2.090120 -0.797468
v 0.604750 2.011516 -1.162201
v 0.546825 2.096452 -1.158005
v 0.496000 2.185038 -1.161505
v 0.438298 2.490204 -0.860098
v 0.446953 2.493753 -0.778186
v 0.438516 2.471859 -0.695167
v 0.778279 1.875992 -0.908443
v 0.822760 1.769795 -0.960598
v 0.857210 1.665532 -1.012805
v 0.621154 2.101838 -1.039381
v 0.625790 2.043249 -1.074539
v 0.653309 1.990623 -1.120628
v 0.575759 2.194743 -0.995935
v 0.534080 2.276669 -0.977736
v 0.489819 2.371286 -0.957994
v 0.636610 2.119814 -0.987943
v 0.649610 2.075814 -0.950410
v 0.686403 2.033685 -0.906390
v 0.890105 1.278376 -1.284084
v 0.909190 1.372198 -1.201693
v 0.914504 1.472651 -1.135903
v 0.624567 1.715934 -1.303041
v 0.651585 1.787970 -1.253867
v 0.661219 1.856949 -1.205296
v 1.146400 1.324924 -0.927861
v 1.044038 1.393820 -0.976170
v 0.960167 1.477602 -1.025397
v 0.216034 2.490483 -1.203246
v 0.304490 2.425135 -1.188819
v 0.377085 2.350143 -1.176376
v 0.167311 2.773182 -0.911790
v 0.280733 2.671874 -0.910176
v 0.367507 2.573675 -0.922100
v 0.397843 2.077749 -1.306836
v 0.423064 2.143291 -1.258837
v 0.436759 2.208066 -1.213492
v 0.427886 2.220793 -0.387258
v 0.418856 2.302942 -0.461905
v 0.430866 2.382719 -0.531640
v 0.870664 1.809364 -0.662409
v 0.808463 1.865378 -0.729873
v 0.780415 1.936576 -0.798708
v 0.047882 2.697429 -0.481682
v 0.196149 2.615732 -0.514887
v 0.322321 2.532957 -0.560042
v -1.297886 1.574172 1.205288
v -1.171734 1.681962 1.251588
v -1.064029 1.802621 1.313980
v -0.467852 2.347556 1.345030
v -0.505571 2.421099 1.273990
v -0.545014 2.462673 1.178548
v -0.987612 2.380780 0.762526
v -1.078674 2.217144 0.811322
v -1.152417 2.064020 0.857498
v -0.819801 2.029090 1.414689
v -0.711058 2.156799 1.480937
v -0.570364 2.235266 1.466625
v -0.643261 2.518843 0.984495
v -0.700973 2.508948 0.887300
v -0.764453 2.489058 0.795678
v -1.286926 1.798108 0.959132
v -1.339632 1.677747 1.014771
v -1.386151 1.567469 1.079810
v -0.959066 2.114916 1.171580
v -0.959170 2.054055 1.229229
v -0.953804 1.985856 1.293290
v -0.911916 2.243465 1.134133
v -0.848233 2.366441 1.146724
v -0.742873 2.475125 1.136527
v -1.003797 2.120096 1.083008
v -1.068269 2.062879 1.026370
v -1.136446 1.992955 0.964636
v -1.405705 1.170459 1.446412
v -1.439106 1.267295 1.341842
v -1.446015 1.368510 1.247707
v -0.815119 1.690946 1.606270
v -0.870643 1.763752 1.515450
v -0.912543 1.839096 1.436380
v -1.868034 1.213518 1.036499
v -1.706254 1.277869 1.071993
v -1.559311 1.364960 1.113434
v -0.036057 2.365730 1.329825
v -0.165288 2.348933 1.351314
v -0.295855 2.317164 1.378381
v -0.154492 2.531107 0.982882
v -0.299713 2.528851 1.007457
v -0.445429 2.520388 1.041594
v -0.261579 2.008520 1.492372
v -0.325188 2.101057 1.489427
v -0.384164 2.197536 1.471959
v -1.037725 2.277341 0.426508
v -0.976450 2.374762 0.521228
v -0.914347 2.446530 0.613969
v -1.494657 1.703847 0.703852
v -1.402936 1.779573 0.777247
v -1.312802 1.854347 0.844908
v -0.294755 2.518742 0.584390
v -0.470378 2.499726 0.614387
v -0.649923 2.483792 0.653999
v -2.346801 1.041474 0.496034
v -2.318558 1.233963 0.470291
v -2.209260 1.377947 0.410400
v -1.632579 1.682765 -0.068463
v -1.759793 1.600471 -0.136346
v -1.897330 1.529566 -0.201163
v -2.562021 0.949868 -0.338687
v -2.584877 0.900435 -0.212483
v -2.585496 0.863668 -0.088722
v -1.937852 1.568302 0.244344
v -1.787822 1.634242 0.160582
v -1.650079 1.707512 0.080905
v -2.191393 1.383912 -0.325256
v -2.345572 1.298395 -0.387471
v -2.469637 1.176014 -0.438867
v -2.571571 0.842498 0.169704
v -2.509924 0.835507 0.289635
v -2.443075 0.845285 0.404478
v -2.339725 1.372463 0.090014
v -2.271108 1.412605 0.163887
v -2.190279 1.459023 0.247629
v -2.330520 1.369596 -0.027134
v -2.246018 1.398839 -0.104772
v -2.144080 1.419422 -0.183512
v -2.454663 1.258926 0.035689
v -2.503653 1.122569 0.035742
v -2.540702 0.982283 0.036583
v -2.150831 1.060973 0.886085
v -2.223341 0.973596 0.758003
v -2.297517 0.912897 0.636666
v -1.712659 1.583874 0.556246
v -1.837802 1.546876 0.485875
v -1.974517 1.535813 0.419970
v -2.432412 0.444243 0.576167
v -2.417782 0.575685 0.560869
v -2.399235 0.718177 0.542740
v -1.161066 2.015243 -0.237655
v -1.263159 1.922890 -0.155347
v -1.379354 1.838849 -0.073895
v -1.720135 1.613456 -0.499093
v -1.831147 1.563332 -0.423161
v -1.936404 1.508193 -0.343993
v -1.180936 2.054508 0.252610
v -1.277867 1.949600 0.166771
v -1.387971 1.852670 0.083598
v -2.629074 0.596305 -0.549321
v -2.600093 0.734809 -0.521042
v -2.582075 0.873698 -0.498170
v -2.730120 0.478466 0.049782
v -2.691861 0.605985 0.046657
v -2.639892 0.724089 0.042228
v -2.188325 1.165311 -0.784263
v -2.335129 1.128145 -0.710922
v -2.480494 1.097625 -0.615219
v -1.455284 1.669813 -1.025217
v -1.395656 1.766999 -0.957920
v -1.309894 1.853775 -0.894113
v -0.767243 2.537460 -0.743446
v -0.701468 2.577836 -0.838126
v -0.620867 2.561442 -0.918021
v -0.516667 2.227181 -1.216825
v -0.651966 2.139826 -1.218961
v -0.794528 2.053431 -1.228781
v -1.116841 2.057534 -0.792423
v -1.023244 2.184498 -0.747905
v -0.924518 2.318481 -0.702871
v -0.508189 2.503124 -1.070599
v -0.463595 2.448796 -1.131373
v -0.424518 2.384125 -1.181687
v -1.100646 1.886084 -1.241876
v -1.227173 1.772582 -1.188487
v -1.369046 1.678187 -1.150044
v -0.994224 2.161283 -1.010106
v -1.061284 2.099693 -0.957892
v -1.138679 2.030297 -0.901128
v -0.888902 2.280783 -1.048649
v -0.789799 2.362394 -1.029994
v -0.677971 2.450033 -1.011997
v -0.953599 2.168014 -1.090054
v -0.962301 2.117218 -1.146502
v -0.957673 2.046679 -1.194645
v -1.918818 1.301701 -0.932157
v -1.789928 1.394179 -1.004722
v -1.642832 1.480715 -1.053387
v -1.496910 1.722709 -0.642375
v -1.406844 1.806135 -0.712157
v -1.313847 1.882665 -0.778235
v -1.461810 1.261561 -1.246134
v -1.508984 1.365872 -1.222722
v -1.535087 1.482588 -1.188034
v -0.352984 2.778965 -0.502469
v -0.543776 2.720623 -0.553293
v -0.706791 2.615139 -0.603248
v -0.171514 2.793503 -0.962852
v -0.316416 2.722401 -0.982851
v -0.442786 2.638029 -0.993141
v -0.993067 2.199921 -0.403187
v -0.924237 2.288078 -0.486033
v -0.874810 2.380731 -0.568261
v -0.280025 2.083012 -1.321613
v -0.318526 2.160517 -1.292386
v -0.359887 2.244852 -1.282001
v -0.850621 1.724505 -1.358286
v -0.891664 1.807097 -1.325698
v -0.923426 1.890740 -1.288225
v -0.024022 2.529609 -1.259819
v -0.144737 2.460819 -1.238651
v -0.270233 2.397862 -1.248232
v -0.419146 0.881395 1.676214
v -0.238854 0.848395 1.617823
v -0.058338 0.831478 1.570907
v -0.329551 1.006975 1.630319
v -0.171974 0.969450 1.599063
v -0.015221 0.946177 1.565320
v -0.234739 1.121748 1.594130
v -0.099035 1.078301 1.570470
v 0.030931 1.047442 1.556601
v 0.636769 0.905536 1.507667
v 0.594963 1.021074 1.533784
v 0.542863 1.133649 1.539766
v 0.470388 0.869699 1.500548
v 0.446453 0.983508 1.510952
v 0.411064 1.088441 1.525884
v 0.298735 0.842936 1.519473
v 0.294749 0.953656 1.524304
v 0.281423 1.052420 1.536776
v 0.195137 1.482173 1.538769
v 0.084589 1.403349 1.547400
v -0.024982 1.318489 1.562995
v 0.297584 1.406260 1.536345
v 0.188011 1.333743 1.533869
v 0.082428 1.258046 1.547688
v 0.392680 1.325141 1.538345
v 0.281322 1.261443 1.529349
v 0.176731 1.198985 1.536621
v -1.675915 0.512177 1.426502
v -1.511099 0.444578 1.571641
v -1.285646 0.388578 1.609546
v -1.554485 0.684632 1.587130
v -1.381596 0.607874 1.675229
v -1.182628 0.534411 1.736798
v -1.416752 0.852596 1.692066
v -1.272102 0.769053 1.825722
v -1.069323 0.690723 1.887285
v -0.801382 0.310878 1.753883
v -0.522246 0.298921 1.702594
v -0.253038 0.304718 1.602833
v -0.702897 0.462384 1.760078
v -0.446210 0.448401 1.672018
v -0.200656 0.446140 1.588958
v -0.606260 0.607574 1.716861
v -0.370154 0.586442 1.664066
v -0.152432 0.580134 1.573601
v -1.088724 1.144436 1.708006
v -0.955099 1.067672 1.799949
v -0.779098 0.990039 1.761574
v -0.935200 1.282774 1.732892
v -0.795102 1.197193 1.740481
v -0.641653 1.120476 1.705913
v -0.778093 1.407184 1.716307
v -0.646395 1.317259 1.685278
v -0.508855 1.241570 1.664249
v 1.597786 0.601829 1.473407
v 1.489861 0.751788 1.514510
v 1.393728 0.890382 1.517485
v 1.393130 0.523782 1.510396
v 1.309790 0.671343 1.497312
v 1.235058 0.808819 1.514008
v 1.184971 0.469285 1.491383
v 1.125580 0.611040 1.495462
v 1.068001 0.746810 1.503200
v 1.216670 1.163380 1.561097
v 1.114846 1.289122 1.552472
v 1.007878 1.407167 1.542358
v 1.082500 1.075824 1.550395
v 1.000862 1.204947 1.567213
v 0.907865 1.329288 1.573672
v 0.943468 1.006431 1.545616
v 0.873847 1.132427 1.554907
v 0.796698 1.255167 1.572307
v 0.747208 0.390023 1.472874
v 0.723487 0.524793 1.471849
v 0.698777 0.656487 1.473766
v 0.511137 0.360960 1.463525
v 0.504846 0.494346 1.460703
v 0.497630 0.623210 1.484133
v 0.265030 0.337206 1.489368
v 0.276436 0.470552 1.482534
v 0.286856 0.600332 1.487975
v 0.168649 1.993422 1.402448
v 0.094352 1.948449 1.426467
v 0.003591 1.899045 1.457187
v 0.253302 1.936867 1.394429
v 0.181399 1.883388 1.423414
v 0.094446 1.828668 1.458231
v 0.348355 1.876863 1.390580
v 0.277548 1.819046 1.425860
v 0.192907 1.760879 1.464366
v -0.218123 1.781320 1.546242
v -0.346411 1.711421 1.613808
v -0.479440 1.618051 1.648094
v -0.116438 1.706079 1.555024
v -0.241515 1.627674 1.603755
v -0.368736 1.531727 1.629768
v -0.016083 1.628120 1.541248
v -0.130047 1.549465 1.599320
v -0.255061 1.453950 1.604642
v 0.558946 1.748596 1.420016
v 0.485426 1.683451 1.449215
v 0.398884 1.617509 1.475032
v 0.666843 1.669303 1.424005
v 0.590590 1.603323 1.454315
v 0.503055 1.540195 1.489167
v 0.777845 1.590021 1.455249
v 0.697315 1.523182 1.486216
v 0.605153 1.453567 1.501831
v -0.781039 -0.054691 1.151178
v -0.733179 -0.043150 1.081521
v -0.678999 -0.057874 1.014188
v -0.562914 -0.111252 1.190008
v -0.538641 -0.112934 1.119183
v -0.500837 -0.122250 1.054253
v -0.343190 -0.075976 1.207087
v -0.339338 -0.096465 1.142291
v -0.326282 -0.102635 1.082662
v -0.288218 -0.161387 0.778056
v -0.126071 -0.093170 0.839547
v 0.016572 -0.034584 0.897733
v -0.407721 -0.150074 0.831681
v -0.243173 -0.116275 0.892609
v -0.104251 -0.051440 0.942449
v -0.514766 -0.102035 0.889316
v -0.352420 -0.133355 0.941344
v -0.207605 -0.081958 0.986347
v 0.436951 0.086226 1.144771
v 0.250725 0.091077 1.168533
v 0.060837 0.052647 1.191268
v 0.350482 0.082791 1.075738
v 0.184849 0.061758 1.108266
v 0.016570 0.028361 1.131118
v 0.255386 0.040303 1.017683
v 0.107218 0.036435 1.048773
v -0.034386 0.003601 1.075024
v -1.820273 0.193031 1.242172
v -1.763890 0.127030 1.163677
v -1.699865 0.095222 1.092947
v -1.606528 0.108421 1.337192
v -1.552515 0.070206 1.243931
v -1.495971 0.058007 1.163160
v -1.364781 0.085476 1.380582
v -1.321505 0.076750 1.287484
v -1.279954 0.047814 1.211795
v -1.559247 0.033059 0.947278
v -1.474180 0.033656 0.872234
v -1.382857 0.033870 0.798122
v -1.367761 0.040762 1.007042
v -1.293065 0.044669 0.933196
v -1.209083 0.040196 0.860540
v -1.174016 0.050548 1.060780
v -1.108162 0.040426 0.988917
v -1.030246 0.045009 0.918121
v -0.877038 -0.022533 1.479943
v -0.859173 -0.037673 1.380526
v -0.835054 -0.030522 1.302296
v -0.595106 -0.096405 1.528376
v -0.590898 -0.094912 1.421667
v -0.587488 -0.127018 1.346253
v -0.307224 0.014564 1.496513
v -0.315507 -0.024661 1.417392
v -0.329523 -0.040431 1.347312
v -0.485443 -0.213908 0.179733
v -0.314902 -0.253213 0.259673
v -0.137475 -0.297101 0.348224
v -0.604745 -0.166176 0.261237
v -0.437343 -0.213088 0.342562
v -0.263614 -0.277272 0.425722
v -0.725218 -0.107858 0.341497
v -0.553232 -0.131742 0.416421
v -0.385839 -0.193123 0.495771
v 0.204686 -0.150601 0.522574
v 0.367780 -0.096518 0.595916
v 0.527235 -0.054437 0.666839
v 0.084712 -0.146322 0.594647
v 0.244700 -0.081625 0.663003
v 0.400401 -0.035871 0.732315
v -0.040347 -0.131835 0.654262
v 0.119525 -0.072828 0.724367
v 0.271069 -0.019622 0.789830
v -0.958740 -0.012433 0.495382
v -0.790765 -0.028300 0.566989
v -0.622928 -0.068007 0.637514
v -1.071133 0.028299 0.570242
v -0.905246 0.005933 0.641164
v -0.737367 -0.027003 0.708228
v -1.181382 0.042359 0.647013
v -1.014299 0.028631 0.714727
v -0.845136 0.003208 0.778121
v 1.592399 0.223347 1.250490
v 1.384060 0.180866 1.313016
v 1.162229 0.203271 1.336575
v 1.471909 0.148192 1.178708
v 1.277348 0.145199 1.231132
v 1.073865 0.167536 1.264244
v 1.357338 0.093797 1.109793
v 1.173811 0.119552 1.153931
v 0.983792 0.134279 1.197659
v 0.710787 0.195455 1.401084
v 0.468782 0.191849 1.419721
v 0.216889 0.164360 1.439963
v 0.647372 0.175928 1.332018
v 0.418987 0.159299 1.358616
v 0.178581 0.139021 1.375549
v 0.581550 0.156295 1.265871
v 0.369857 0.105851 1.304489
v 0.140916 0.107263 1.314634
v 1.109075 0.014721 0.959693
v 0.948638 0.064347 1.008189
v 0.783551 0.085979 1.059139
v 0.971834 0.001461 0.883696
v 0.823324 0.036040 0.940918
v 0.670191 0.053838 0.994911
v 0.829197 -0.014692 0.811496
v 0.690021 0.010770 0.873097
v 0.547702 0.041874 0.924050
v -2.363590 -0.052361 -0.325337
v -2.260899 -0.071080 -0.281109
v -2.160931 -0.078934 -0.232731
v -2.393953 -0.017314 -0.201748
v -2.299463 -0.037264 -0.172925
v -2.205145 -0.031283 -0.143043
v -2.407899 0.010384 -0.080196
v -2.319863 -0.003117 -0.068732
v -2.234663 0.001298 -0.055827
v -1.772116 -0.084304 0.028329
v -1.854106 -0.026568 0.099658
v -1.935281 0.023698 0.165223
v -1.868979 -0.063107 -0.053169
v -1.946548 -0.025306 0.024661
v -2.019061 0.011857 0.091756
v -1.968579 -0.071951 -0.119216
v -2.034092 -0.036806 -0.039723
v -2.088541 0.015588 0.021289
v -2.262302 0.132170 0.353693
v -2.322902 0.114971 0.247802
v -2.369193 0.083785 0.142723
v -2.185464 0.109682 0.318819
v -2.246814 0.097771 0.220546
v -2.291608 0.073581 0.124469
v -2.102450 0.090598 0.275412
v -2.168105 0.078762 0.187234
v -2.215858 0.059263 0.104237
v -2.221657 0.428001 -0.932126
v -2.189495 0.312378 -0.892896
v -2.145223 0.215814 -0.848328
v -2.396024 0.363680 -0.862773
v -2.348105 0.238711 -0.834385
v -2.287121 0.145795 -0.783227
v -2.542522 0.304236 -0.755960
v -2.489666 0.170240 -0.732826
v -2.421150 0.073804 -0.692986
v -2.004423 0.082339 -0.725489
v -1.913526 0.031292 -0.667777
v -1.818508 0.017502 -0.595522
v -2.119154 0.012824 -0.656861
v -2.020269 -0.023161 -0.590286
v -1.919836 -0.037404 -0.520437
v -2.227322 -0.070221 -0.578368
v -2.119584 -0.096752 -0.508453
v -2.015568 -0.094833 -0.436113
v -2.664842 0.262173 -0.425280
v -2.614245 0.144183 -0.420297
v -2.553887 0.052401 -0.404388
v -2.709841 0.238931 -0.271407
v -2.660064 0.123025 -0.268669
v -2.574944 0.065876 -0.248446
v -2.743047 0.213084 -0.113634
v -2.657232 0.128045 -0.106244
v -2.578708 0.076699 -0.098145
v -0.808708 -0.205011 0.013601
v -0.926637 -0.157650 0.101289
v -1.039742 -0.096354 0.179579
v -0.960952 -0.169628 -0.073704
v -1.074314 -0.180346 0.014999
v -1.184172 -0.123474 0.098987
v -1.106008 -0.120133 -0.160105
v -1.214941 -0.151745 -0.075051
v -1.322669 -0.178586 0.015653
v -1.265094 -0.013532 0.335601
v -1.375124 -0.001563 0.416646
v -1.482447 -0.002836 0.496099
v -1.401322 -0.057894 0.257874
v -1.508354 -0.052196 0.338250
v -1.613188 -0.002709 0.412408
v -1.534393 -0.100487 0.182906
v -1.633346 -0.029608 0.254501
v -1.732001 0.018971 0.327704
v -1.371312 -0.050308 -0.315830
v -1.473390 -0.099577 -0.242369
v -1.577250 -0.140929 -0.153810
v -1.493513 -0.028201 -0.389648
v -1.594494 -0.069371 -0.311623
v -1.692357 -0.133987 -0.232065
v -1.609345 -0.003066 -0.456906
v -1.706505 -0.064480 -0.387675
v -1.803046 -0.115454 -0.302647
v -2.099944 0.295296 0.972776
v -2.218749 0.290738 0.839107
v -2.329963 0.276816 0.712050
v -2.057824 0.232941 0.928034
v -2.181096 0.228119 0.807836
v -2.274655 0.244341 0.673880
v -2.004803 0.186216 0.877243
v -2.121311 0.198427 0.759663
v -2.224169 0.202785 0.641085
v -2.494648 0.266922 0.447241
v -2.572297 0.250173 0.321776
v -2.644225 0.231230 0.191286
v -2.447254 0.221486 0.429681
v -2.517246 0.200090 0.307387
v -2.578358 0.173219 0.180397
v -2.392892 0.183953 0.408410
v -2.458133 0.163465 0.290547
v -2.513308 0.134489 0.169527
v -1.875204 0.096382 0.771671
v -1.993898 0.115602 0.670035
v -2.098290 0.127537 0.565686
v -1.787543 0.071549 0.708827
v -1.908464 0.094120 0.613708
v -2.015424 0.106396 0.516009
v -1.691005 0.045024 0.641895
v -1.816678 0.063129 0.552311
v -1.925050 0.083151 0.459676
v -1.151211 0.228004 -1.031297
v -0.998923 0.218853 -1.068477
v -0.840182 0.209524 -1.094763
v -1.116751 0.193373 -0.980328
v -0.977488 0.180440 -1.020340
v -0.835441 0.166065 -1.050629
v -1.066524 0.162462 -0.929833
v -0.941139 0.145791 -0.972830
v -0.817057 0.134548 -1.003319
v -0.177783 0.196063 -1.053510
v -0.239216 0.184114 -0.986281
v -0.306106 0.162624 -0.928853
v -0.343158 0.196358 -1.081849
v -0.388914 0.170040 -1.022815
v -0.441712 0.150826 -0.967663
v -0.507308 0.181683 -1.111243
v -0.535420 0.153414 -1.053439
v -0.569288 0.143235 -0.997152
v -0.681218 0.061394 -0.716812
v -0.803503 0.059591 -0.777730
v -0.911644 0.094491 -0.830277
v -0.572958 0.097729 -0.769472
v -0.691985 0.082878 -0.825681
v -0.798485 0.082503 -0.879483
v -0.473061 0.125889 -0.821162
v -0.591784 0.111328 -0.870751
v -0.695327 0.096386 -0.917168
v -1.853068 0.484290 -1.041868
v -1.672892 0.479035 -1.097386
v -1.494530 0.478134 -1.125682
v -1.855644 0.386091 -1.000338
v -1.687204 0.386845 -1.063061
v -1.512953 0.397533 -1.088583
v -1.840240 0.286604 -0.976512
v -1.675512 0.311345 -1.012981
v -1.508799 0.331245 -1.040930
v -1.150591 0.454027 -1.216302
v -0.974435 0.434486 -1.267699
v -0.787572 0.416773 -1.308734
v -1.169357 0.389658 -1.164207
v -0.999102 0.362494 -1.226609
v -0.812906 0.351167 -1.256207
v -1.176505 0.328829 -1.121017
v -1.008921 0.307595 -1.171921
v -0.829877 0.295388 -1.202330
v -1.740600 0.173747 -0.849491
v -1.596739 0.201929 -0.900888
v -1.449462 0.225145 -0.944812
v -1.669289 0.126614 -0.792658
v -1.534294 0.169411 -0.840650
v -1.395455 0.195663 -0.887238
v -1.586429 0.113577 -0.723409
v -1.458214 0.142410 -0.781054
v -1.326802 0.169430 -0.830675
v 0.868453 0.388865 -1.252639
v 0.792617 0.271126 -1.177873
v 0.705129 0.183456 -1.089219
v 0.666088 0.364140 -1.322430
v 0.591786 0.293904 -1.210853
v 0.509833 0.234392 -1.111287
v 0.444406 0.388151 -1.320322
v 0.383182 0.318054 -1.226531
v 0.312984 0.254757 -1.141696
v 0.503366 0.098686 -0.898404
v 0.399472 0.071088 -0.817505
v 0.299483 0.070830 -0.735988
v 0.331873 0.151634 -0.938328
v 0.238119 0.121967 -0.864343
v 0.143508 0.110644 -0.790977
v 0.159636 0.189795 -0.975705
v 0.076224 0.149994 -0.911550
v -0.010642 0.132299 -0.843574
v 0.023554 0.390565 -1.344524
v -0.022950 0.341195 -1.256194
v -0.072252 0.289882 -1.181160
v -0.179889 0.383821 -1.360261
v -0.219233 0.323722 -1.283718
v -0.259329 0.270729 -1.213307
v -0.382730 0.378213 -1.376521
v -0.417326 0.306391 -1.312850
v -0.448837 0.250696 -1.246051
v -0.569275 -0.100579 -0.157741
v -0.723095 -0.097583 -0.236687
v -0.875798 -0.082559 -0.313944
v -0.454139 -0.059128 -0.235974
v -0.606322 -0.046790 -0.311478
v -0.755451 -0.056084 -0.388858
v -0.342113 -0.012776 -0.307537
v -0.491664 -0.007184 -0.385231
v -0.636245 -0.013526 -0.460784
v -1.150587 0.013097 -0.459299
v -1.274020 0.037504 -0.531723
v -1.387923 0.076845 -0.593463
v -1.034411 0.024101 -0.529375
v -1.157361 0.054464 -0.598412
v -1.268031 0.100832 -0.656296
v -0.917189 0.023795 -0.597700
v -1.039109 0.065696 -0.660615
v -1.147919 0.103544 -0.719538
v -0.120879 0.046741 -0.449735
v -0.268303 0.039753 -0.527596
v -0.412774 0.070947 -0.589392
v -0.013811 0.043157 -0.524373
v -0.160902 0.064897 -0.592801
v -0.304503 0.091421 -0.653413
v 0.092105 0.055985 -0.593783
v -0.055856 0.091580 -0.655610
v -0.200995 0.103760 -0.717001
v 1.489092 0.165835 0.347186
v 1.390896 0.109523 0.315873
v 1.288746 0.036161 0.277190
v 1.492858 0.168365 0.240343
v 1.411257 0.100489 0.217887
v 1.311254 0.043539 0.185257
v 1.488447 0.152146 0.131624
v 1.409812 0.092442 0.115812
v 1.320537 0.053979 0.094775
v 0.779211 -0.127124 0.015423
v 0.859200 -0.078895 -0.061264
v 0.935651 -0.027949 -0.128971
v 0.912631 -0.087333 0.090937
v 0.976673 -0.039353 0.015754
v 1.039784 0.003347 -0.050911
v 1.044048 -0.061501 0.159267
v 1.094539 -0.023425 0.079794
v 1.134969 0.024388 0.016457
v 1.254287 0.180043 -0.290446
v 1.336125 0.178105 -0.187098
v 1.405343 0.167724 -0.084933
v 1.174260 0.131189 -0.263752
v 1.257989 0.136247 -0.167804
v 1.327252 0.130704 -0.074946
v 1.092697 0.078920 -0.229942
v 1.181241 0.088619 -0.143141
v 1.256687 0.079630 -0.065436
v 1.728294 0.381255 0.980014
v 1.633786 0.296643 0.932968
v 1.546472 0.215022 0.884302
v 1.738961 0.395245 0.829012
v 1.677649 0.305227 0.797052
v 1.582743 0.251191 0.757772
v 1.749075 0.394664 0.687906
v 1.693724 0.321836 0.663813
v 1.623763 0.254575 0.634255
v 1.332364 0.068441 0.776776
v 1.204241 -0.004115 0.716859
v 1.065484 -0.095176 0.656936
v 1.383699 0.118312 0.668738
v 1.277220 0.027658 0.615506
v 1.138355 -0.036125 0.557567
v 1.430323 0.145856 0.560697
v 1.326276 0.066030 0.515381
v 1.202099 -0.004853 0.462932
v 1.755072 0.377292 0.424497
v 1.702405 0.327523 0.411053
v 1.644980 0.271981 0.393771
v 1.742508 0.370595 0.295462
v 1.695609 0.319443 0.286651
v 1.634345 0.273841 0.274159
v 1.728745 0.361359 0.163383
v 1.683704 0.305438 0.159172
v 1.629870 0.250744 0.152198
v -0.251801 -0.121484 0.014017
v -0.140228 -0.084201 -0.064618
v -0.030292 -0.056406 -0.143024
v -0.085369 -0.173962 0.093297
v 0.021734 -0.146407 0.011769
v 0.125988 -0.131510 -0.071256
v 0.083113 -0.263721 0.175569
v 0.182243 -0.235188 0.089077
v 0.285730 -0.203399 0.009674
v 0.179898 -0.050380 -0.306863
v 0.285297 -0.044812 -0.382679
v 0.390566 -0.045182 -0.458959
v 0.330238 -0.119264 -0.232835
v 0.434147 -0.117964 -0.311440
v 0.542653 -0.111959 -0.385735
v 0.487628 -0.190959 -0.152282
v 0.590979 -0.192618 -0.233754
v 0.689151 -0.112897 -0.300541
v 0.421745 -0.212754 0.372804
v 0.519345 -0.255839 0.283973
v 0.611534 -0.260200 0.183699
v 0.583293 -0.167562 0.447376
v 0.677116 -0.204577 0.355249
v 0.767348 -0.211421 0.260708
v 0.744289 -0.138298 0.520411
v 0.838769 -0.195436 0.431486
v 0.920963 -0.165070 0.334350
v 1.140531 0.461260 -0.931454
v 1.241005 0.454044 -0.773271
v 1.334854 0.438163 -0.626751
v 1.057973 0.355947 -0.880523
v 1.176582 0.357281 -0.740529
v 1.276215 0.357764 -0.601523
v 0.988035 0.254964 -0.837436
v 1.099886 0.282777 -0.699575
v 1.205976 0.292675 -0.569764
v 1.505415 0.397175 -0.360701
v 1.581292 0.378410 -0.234840
v 1.650882 0.363442 -0.107545
v 1.455451 0.333121 -0.347802
v 1.529783 0.321630 -0.223735
v 1.594928 0.312006 -0.098639
v 1.392183 0.283768 -0.327931
v 1.470994 0.272206 -0.211925
v 1.540145 0.258341 -0.095567
v 0.823471 0.073428 -0.740356
v 0.944182 0.125013 -0.620566
v 1.050382 0.165957 -0.502427
v 0.722906 -0.007575 -0.684736
v 0.860560 0.039416 -0.575521
v 0.969649 0.091554 -0.465833
v 0.613509 -0.060831 -0.618961
v 0.761720 -0.036914 -0.522388
v 0.879313 0.024610 -0.418542
v -0.756119 1.015938 -1.529708
v -0.652724 1.127302 -1.537543
v -0.542697 1.230032 -1.524485
v -0.622276 0.985031 -1.553224
v -0.535370 1.092006 -1.545432
v -0.446915 1.190827 -1.549564
v -0.478384 0.968412 -1.552774
v -0.414685 1.067813 -1.545489
v -0.351020 1.159855 -1.562410
v -0.073368 1.562971 -1.477575
v -0.015674 1.488047 -1.493546
v 0.035310 1.407738 -1.498119
v -0.192844 1.488308 -1.491921
v -0.131583 1.419927 -1.502792
v -0.078929 1.349456 -1.510862
v -0.312448 1.408395 -1.499575
v -0.244767 1.350690 -1.517319
v -0.185962 1.292415 -1.518577
v 0.124664 1.021573 -1.539646
v -0.027830 0.991887 -1.552566
v -0.180685 0.971704 -1.547659
v 0.118153 1.128851 -1.538874
v -0.020103 1.094070 -1.552542
v -0.156864 1.069316 -1.549970
v 0.102539 1.229453 -1.526758
v -0.022917 1.188599 -1.537391
v -0.142396 1.156764 -1.539335
v -1.706739 0.722080 -1.140715
v -1.582123 0.847203 -1.204255
v -1.455033 0.971391 -1.267310
v -1.551760 0.685610 -1.182965
v -1.450653 0.799449 -1.232636
v -1.344817 0.913832 -1.304718
v -1.393152 0.658369 -1.224231
v -1.310288 0.761938 -1.274525
v -1.213829 0.871184 -1.329586
v -1.193297 1.224009 -1.388078
v -1.062201 1.357695 -1.471121
v -0.895155 1.469103 -1.442587
v -1.093648 1.161242 -1.402867
v -0.972598 1.286794 -1.489435
v -0.816762 1.401032 -1.473467
v -0.992065 1.104546 -1.444515
v -0.874631 1.224193 -1.515507
v -0.730231 1.339321 -1.502128
v -1.060429 0.620829 -1.294723
v -0.994910 0.714414 -1.339531
v -0.919467 0.812856 -1.390792
v -0.888120 0.600180 -1.346465
v -0.833760 0.687768 -1.403488
v -0.767735 0.783376 -1.452168
v -0.703750 0.582846 -1.391043
v -0.654996 0.669396 -1.447864
v -0.601354 0.760170 -1.509553
v 0.110522 2.151925 -1.393986
v 0.166265 2.091157 -1.411529
v 0.226006 2.019995 -1.409320
v 0.023780 2.083881 -1.386927
v 0.077176 2.016322 -1.409380
v 0.136083 1.948150 -1.438214
v -0.075539 2.011403 -1.379905
v -0.022407 1.940395 -1.405611
v 0.033593 1.869637 -1.436927
v 0.345570 1.860424 -1.407255
v 0.403628 1.771609 -1.410779
v 0.462463 1.678211 -1.420908
v 0.259354 1.791964 -1.464635
v 0.321191 1.705992 -1.487038
v 0.377180 1.610126 -1.493692
v 0.151613 1.715546 -1.486638
v 0.209952 1.628877 -1.494436
v 0.263882 1.536553 -1.491812
v -0.311472 1.850232 -1.380089
v -0.256573 1.781036 -1.418078
v -0.195202 1.706161 -1.431665
v -0.445929 1.763411 -1.393985
v -0.387396 1.695160 -1.432038
v -0.323459 1.624912 -1.457116
v -0.587885 1.669231 -1.403091
v -0.523847 1.599072 -1.431643
v -0.456562 1.537405 -1.477602
v 0.914672 0.664189 -1.408862
v 0.701653 0.620835 -1.431071
v 0.494623 0.597152 -1.439315
v 0.858473 0.817312 -1.433680
v 0.675842 0.761749 -1.462469
v 0.487013 0.728020 -1.460288
v 0.800118 0.959975 -1.447901
v 0.639442 0.900490 -1.468373
v 0.471889 0.855190 -1.496442
v 0.091223 0.561846 -1.479675
v -0.106602 0.538488 -1.520236
v -0.311401 0.528958 -1.528428
v 0.108950 0.677435 -1.510625
v -0.082205 0.659821 -1.530936
v -0.276479 0.644168 -1.545463
v 0.119400 0.794022 -1.524983
v -0.061030 0.773735 -1.536984
v -0.241421 0.757548 -1.552466
v 0.684536 1.231964 -1.456276
v 0.562966 1.161122 -1.503118
v 0.420955 1.105649 -1.511179
v 0.627704 1.354880 -1.447486
v 0.520036 1.282534 -1.498414
v 0.389616 1.222888 -1.505430
v 0.567040 1.466250 -1.427238
v 0.474283 1.396855 -1.490360
v 0.353845 1.333941 -1.500484
v 1.163294 1.665668 1.087039
v 1.086337 1.749374 1.036485
v 1.020659 1.849982 0.983572
v 1.097572 1.747363 1.117230
v 1.042405 1.828606 1.068112
v 0.984080 1.914703 1.019467
v 1.035895 1.835866 1.142721
v 0.989386 1.904286 1.093985
v 0.945777 1.976693 1.048541
v 0.653410 2.292115 0.764924
v 0.645473 2.310539 0.844666
v 0.660462 2.346567 0.916294
v 0.780039 2.192055 0.814936
v 0.776332 2.232148 0.876163
v 0.765039 2.248001 0.944050
v 0.858578 2.060925 0.876353
v 0.841233 2.104415 0.926822
v 0.833787 2.139223 0.974336
v 0.698923 2.206838 1.229330
v 0.791439 2.106417 1.201431
v 0.879446 2.011734 1.181944
v 0.691726 2.271659 1.164950
v 0.785524 2.171747 1.148496
v 0.860557 2.072676 1.131302
v 0.679888 2.320988 1.088192
v 0.771046 2.218117 1.083959
v 0.842325 2.122679 1.079524
v 1.771343 0.868979 1.241258
v 1.714484 1.008666 1.117728
v 1.629659 1.132797 1.021260
v 1.648490 0.988012 1.293968
v 1.607969 1.102031 1.176440
v 1.548568 1.220986 1.085275
v 1.535443 1.105369 1.329160
v 1.519230 1.214659 1.227014
v 1.462257 1.313936 1.137124
v 1.409694 1.349313 0.880585
v 1.289407 1.455444 0.822582
v 1.166250 1.564863 0.764740
v 1.352906 1.426786 0.945169
v 1.237245 1.525061 0.889066
v 1.120760 1.630834 0.832917
v 1.286333 1.500412 1.002009
v 1.189264 1.601636 0.946102
v 1.081089 1.701830 0.892305
v 1.322592 1.337601 1.372108
v 1.319096 1.424355 1.287556
v 1.276185 1.497949 1.207064
v 1.216837 1.447083 1.383099
v 1.215085 1.523004 1.303824
v 1.194917 1.601063 1.234987
v 1.113631 1.555275 1.395503
v 1.109982 1.619018 1.314902
v 1.107421 1.699861 1.257521
v 0.006198 2.371743 0.236185
v 0.004202 2.400752 0.363341
v 0.014536 2.423553 0.479976
v 0.174642 2.289212 0.299258
v 0.164197 2.326097 0.408598
v 0.169303 2.360868 0.512709
v 0.340715 2.216029 0.363370
v 0.323353 2.256279 0.461070
v 0.326352 2.305120 0.550169
v 0.058116 2.478260 0.680944
v 0.079817 2.488998 0.776028
v 0.104349 2.497556 0.867961
v 0.202276 2.425636 0.698836
v 0.226655 2.461699 0.782613
v 0.245211 2.466667 0.873012
v 0.349651 2.384095 0.718428
v 0.364487 2.409637 0.801075
v 0.380801 2.422490 0.885571
v 0.680435 2.068510 0.481496
v 0.660984 2.128471 0.557895
v 0.650898 2.185335 0.631027
v 0.828103 1.955740 0.553724
v 0.812169 2.024526 0.623394
v 0.801309 2.088934 0.689208
v 0.930944 1.809347 0.633824
v 0.909854 1.879249 0.702198
v 0.896108 1.948282 0.763806
v 0.238053 2.100139 1.364992
v 0.333921 2.058979 1.348647
v 0.435969 2.007795 1.341606
v 0.238190 2.169990 1.344054
v 0.345997 2.132627 1.332429
v 0.453264 2.081511 1.318536
v 0.233066 2.252071 1.332468
v 0.347305 2.211358 1.309893
v 0.461476 2.161458 1.299543
v 0.653589 1.884069 1.350634
v 0.768829 1.818562 1.378471
v 0.887194 1.743229 1.397977
v 0.676996 1.960956 1.325789
v 0.790987 1.890197 1.332898
v 0.913003 1.822351 1.357734
v 0.688566 2.037761 1.292384
v 0.805149 1.971929 1.304818
v 0.910500 1.884562 1.291895
v 0.199684 2.403512 1.225945
v 0.334136 2.389824 1.238772
v 0.460246 2.338684 1.237703
v 0.178948 2.457629 1.145425
v 0.310197 2.418074 1.141625
v 0.442550 2.387753 1.152003
v 0.153655 2.476085 1.052537
v 0.287557 2.443289 1.052727
v 0.422336 2.419085 1.062597
v 1.683996 1.071937 0.306174
v 1.701059 1.047376 0.195668
v 1.717933 1.045321 0.080677
v 1.541395 1.152332 0.280154
v 1.584755 1.151070 0.179517
v 1.599106 1.137333 0.078197
v 1.426624 1.254061 0.244492
v 1.459012 1.221371 0.153460
v 1.481767 1.198527 0.066019
v 1.582688 1.123226 -0.363230
v 1.510053 1.260273 -0.322341
v 1.396192 1.346213 -0.266821
v 1.621939 1.077575 -0.254812
v 1.581357 1.230824 -0.223773
v 1.438881 1.283723 -0.180392
v 1.667147 1.053622 -0.147914
v 1.597899 1.179691 -0.125010
v 1.474633 1.233447 -0.097767
v 1.044999 1.666888 0.001071
v 1.115302 1.546666 0.074296
v 1.211035 1.447778 0.141890
v 1.123252 1.590334 -0.072833
v 1.196749 1.495939 0.000915
v 1.266544 1.396591 0.063598
v 1.210477 1.515333 -0.142298
v 1.275997 1.438305 -0.067375
v 1.329661 1.353726 -0.005690
v 1.829035 0.675761 0.973013
v 1.832165 0.624908 0.825665
v 1.821408 0.586131 0.686284
v 1.842757 0.845223 0.916278
v 1.835785 0.776323 0.784560
v 1.832786 0.722374 0.653512
v 1.771701 0.993290 0.844666
v 1.849029 0.952087 0.731098
v 1.833887 0.880189 0.610327
v 1.797416 0.533819 0.419957
v 1.775650 0.521796 0.288622
v 1.764787 0.519123 0.153483
v 1.793232 0.653205 0.398820
v 1.773907 0.636358 0.270792
v 1.757221 0.632462 0.139526
v 1.779991 0.786020 0.370939
v 1.759656 0.763613 0.248533
v 1.747690 0.756941 0.122040
v 1.533604 1.239990 0.716364
v 1.564036 1.170774 0.624541
v 1.598751 1.118641 0.524038
v 1.393869 1.338171 0.662467
v 1.434039 1.280320 0.572931
v 1.470538 1.226861 0.478365
v 1.258736 1.443819 0.606796
v 1.303795 1.389486 0.519028
v 1.343878 1.335542 0.429098
v 1.295795 0.750864 -0.957034
v 1.360183 0.905570 -0.927080
v 1.418435 1.070762 -0.896899
v 1.363592 0.695036 -0.802615
v 1.411451 0.835848 -0.788866
v 1.444274 0.987303 -0.763808
v 1.436507 0.645134 -0.657852
v 1.460142 0.779092 -0.648530
v 1.489412 0.920318 -0.636809
v 1.301082 1.350776 -0.733895
v 1.210894 1.470487 -0.657245
v 1.112329 1.578925 -0.581709
v 1.424309 1.317715 -0.667444
v 1.322703 1.433502 -0.587409
v 1.224417 1.547338 -0.515991
v 1.471903 1.247397 -0.568425
v 1.435624 1.404589 -0.516096
v 1.319105 1.503973 -0.443249
v 1.573842 0.572705 -0.385361
v 1.578319 0.692160 -0.384921
v 1.584175 0.820936 -0.384207
v 1.645250 0.547973 -0.257790
v 1.653465 0.664517 -0.265478
v 1.647488 0.789625 -0.266259
v 1.707355 0.533838 -0.125614
v 1.704310 0.649009 -0.132987
v 1.702133 0.772040 -0.143601
v 0.144793 2.273799 0.007488
v 0.279450 2.177529 0.098666
v 0.435510 2.104204 0.178956
v 0.260149 2.191667 -0.078337
v 0.372918 2.104542 0.012008
v 0.516918 2.040596 0.093509
v 0.385315 2.117011 -0.157033
v 0.485236 2.038661 -0.069437
v 0.611640 1.971881 0.011741
v 0.757526 1.937796 0.322654
v 0.892905 1.815813 0.399792
v 0.997011 1.671952 0.478350
v 0.814558 1.866944 0.240955
v 0.937235 1.743678 0.318797
v 1.048428 1.613476 0.394054
v 0.900131 1.817037 0.156785
v 0.988558 1.673110 0.236309
v 1.098782 1.553922 0.309141
v 0.654745 1.979939 -0.297546
v 0.730403 1.899179 -0.221533
v 0.829249 1.829365 -0.146256
v 0.791646 1.904091 -0.368046
v 0.868823 1.838099 -0.292871
v 0.957558 1.768663 -0.221908
v 0.947508 1.842957 -0.445068
v 1.000640 1.757306 -0.370460
v 1.082875 1.689082 -0.297170
v 0.817572 1.755155 -1.058900
v 0.758595 1.831621 -1.089417
v 0.699338 1.907033 -1.107653
v 0.774287 1.840880 -1.006064
v 0.728372 1.910260 -1.041746
v 0.671486 1.972281 -1.062865
v 0.741880 1.940446 -0.957983
v 0.690089 1.989826 -0.995088
v 0.647430 2.040215 -1.022518
v 0.511979 2.253941 -1.130293
v 0.505160 2.304732 -1.078669
v 0.492353 2.342847 -1.019529
v 0.547281 2.156853 -1.119303
v 0.544011 2.210461 -1.077314
v 0.540754 2.253632 -1.030769
v 0.597286 2.070883 -1.120139
v 0.586824 2.124591 -1.078890
v 0.579190 2.169665 -1.037889
v 0.510927 2.354652 -0.750108
v 0.571147 2.240823 -0.803306
v 0.628008 2.133257 -0.854938
v 0.501921 2.376185 -0.821339
v 0.547832 2.265290 -0.864326
v 0.597325 2.165285 -0.906779
v 0.494167 2.382601 -0.891243
v 0.535819 2.279311 -0.922304
v 0.587742 2.193105 -0.954031
v 1.189752 0.916786 -1.226660
v 1.079912 1.041361 -1.258803
v 0.974645 1.157791 -1.268383
v 1.210228 1.065410 -1.113619
v 1.094740 1.159352 -1.146340
v 0.997032 1.264825 -1.177567
v 1.199403 1.207094 -1.023209
v 1.084166 1.280523 -1.057711
v 0.992210 1.373408 -1.098509
v 0.813576 1.394793 -1.294151
v 0.746755 1.507301 -1.302375
v 0.686436 1.615395 -1.307970
v 0.845667 1.486044 -1.232716
v 0.778561 1.591389 -1.248610
v 0.724687 1.697723 -1.267104
v 0.843086 1.571226 -1.164931
v 0.787798 1.673212 -1.192930
v 0.728495 1.769199 -1.207484
v 1.080627 1.441317 -0.849413
v 0.990919 1.507059 -0.906996
v 0.919202 1.584822 -0.963214
v 1.009665 1.559667 -0.782479
v 0.941393 1.629709 -0.849026
v 0.871267 1.694638 -0.906167
v 0.944324 1.686496 -0.723944
v 0.873386 1.743815 -0.788776
v 0.826398 1.812640 -0.852849
v 0.208605 2.273629 -1.329449
v 0.222638 2.348067 -1.297766
v 0.220877 2.417076 -1.249577
v 0.272125 2.216190 -1.317224
v 0.293936 2.285746 -1.277483
v 0.304036 2.356143 -1.236117
v 0.334998 2.150286 -1.309919
v 0.358135 2.215992 -1.262956
v 0.374441 2.285292 -1.223684
v 0.206282 2.564597 -1.149863
v 0.198179 2.644332 -1.091712
v 0.180845 2.709853 -1.008259
v 0.306411 2.499586 -1.143286
v 0.295557 2.562568 -1.076434
v 0.291876 2.627078 -1.003110
v 0.377435 2.415819 -1.128563
v 0.383421 2.484626 -1.078520
v 0.371204 2.532419 -1.003841
v 0.449978 1.992131 -1.293950
v 0.478539 2.059927 -1.250485
v 0.491381 2.123482 -1.204746
v 0.509187 1.905842 -1.297110
v 0.537977 1.974910 -1.253188
v 0.545959 2.036183 -1.202340
v 0.567995 1.814092 -1.301907
v 0.594099 1.882855 -1.253276
v 0.602585 1.947284 -1.204002
v -0.015115 2.443513 -0.200063
v 0.138231 2.364411 -0.268989
v 0.284481 2.292387 -0.330604
v -0.012619 2.530820 -0.301696
v 0.144194 2.458980 -0.350327
v 0.280308 2.378923 -0.409815
v 0.015131 2.621424 -0.389845
v 0.166293 2.542835 -0.431607
v 0.290962 2.455622 -0.490418
v 0.566702 2.141525 -0.447879
v 0.715329 2.065861 -0.513043
v 0.804667 1.942830 -0.594630
v 0.558295 2.223246 -0.518439
v 0.679300 2.125781 -0.590346
v 0.752342 1.996962 -0.668982
v 0.554409 2.290315 -0.591561
v 0.635231 2.167876 -0.668723
v 0.695899 2.041488 -0.734607
v 0.083598 2.763812 -0.576975
v 0.229867 2.678734 -0.603016
v 0.350142 2.589194 -0.640308
v 0.123105 2.820725 -0.679250
v 0.261540 2.715589 -0.699430
v 0.355846 2.599084 -0.738012
v 0.148946 2.816289 -0.798418
v 0.273741 2.703828 -0.808530
v 0.367663 2.599481 -0.832017
v -1.277423 1.670544 1.134345
v -1.166788 1.771597 1.185506
v -1.067145 1.881443 1.244796
v -1.239931 1.768918 1.069648
v -1.144015 1.860952 1.123564
v -1.054279 1.956769 1.179456
v -1.197248 1.878814 1.016174
v -1.112412 1.957232 1.071067
v -1.033246 2.033434 1.123866
v -0.611621 2.312858 1.399876
v -0.648920 2.376178 1.317945
v -0.686483 2.420002 1.221950
v -0.747969 2.228092 1.407065
v -0.780985 2.293171 1.330072
v -0.821264 2.351322 1.250932
v -0.861030 2.106332 1.356402
v -0.873155 2.166361 1.281037
v -0.899555 2.223393 1.216962
v -0.928133 2.438292 0.850601
v -1.003885 2.271013 0.884495
v -1.071850 2.123516 0.921425
v -0.871307 2.484580 0.944277
v -0.955430 2.327764 0.968653
v -1.013602 2.184880 0.991769
v -0.801148 2.486229 1.037077
v -0.899010 2.360965 1.054648
v -0.959671 2.230025 1.062076
v -1.882222 0.742267 1.252380
v -1.754187 0.904931 1.399726
v -1.571757 1.037919 1.422218
v -1.936223 0.912943 1.215757
v -1.764926 1.026105 1.274098
v -1.597189 1.145974 1.309418
v -1.921474 1.068681 1.132067
v -1.747498 1.153237 1.167623
v -1.590461 1.254949 1.205973
v -1.261927 1.313350 1.490418
v -1.103070 1.436424 1.516132
v -0.956783 1.564629 1.557232
v -1.293921 1.395201 1.382558
v -1.145769 1.516243 1.418932
v -1.004589 1.639172 1.462826
v -1.302113 1.480304 1.285489
v -1.164760 1.595950 1.328072
v -1.036570 1.716925 1.379716
v -1.786205 1.332347 0.937355
v -1.646347 1.399390 0.987041
v -1.509900 1.475959 1.031665
v -1.688457 1.443263 0.847256
v -1.562061 1.509743 0.903222
v -1.453920 1.596536 0.964173
v -1.588977 1.565831 0.770282
v -1.481195 1.637798 0.835941
v -1.382180 1.717424 0.899603
v 0.056177 2.116078 1.398504
v 0.025563 2.194190 1.394995
v -0.004673 2.282686 1.379279
v -0.037626 2.093575 1.430652
v -0.083905 2.177413 1.426425
v -0.127356 2.269379 1.405717
v -0.144238 2.055856 1.456824
v -0.199086 2.146428 1.461038
v -0.251911 2.244336 1.444556
v -0.065218 2.417424 1.247443
v -0.093479 2.466297 1.166350
v -0.123217 2.504988 1.077574
v -0.198287 2.404688 1.272098
v -0.230370 2.456095 1.190869
v -0.263674 2.503683 1.104334
v -0.332214 2.379552 1.303640
v -0.367422 2.442775 1.227835
v -0.404670 2.495435 1.141096
v -0.388753 1.954324 1.544064
v -0.458412 2.050169 1.538673
v -0.521878 2.155790 1.532012
v -0.527817 1.893987 1.612364
v -0.604878 1.992520 1.599725
v -0.666413 2.082969 1.557673
v -0.682420 1.819332 1.672550
v -0.741388 1.888343 1.576136
v -0.782629 1.956560 1.488027
v -0.425552 2.441230 0.233576
v -0.658360 2.426573 0.291108
v -0.871165 2.390647 0.357430
v -0.375924 2.458564 0.362135
v -0.583445 2.460935 0.400403
v -0.792269 2.443265 0.454777
v -0.334302 2.491283 0.477406
v -0.522310 2.478253 0.509956
v -0.714759 2.461150 0.555674
v -1.183805 2.156886 0.503038
v -1.306505 2.013110 0.574777
v -1.409954 1.859633 0.645002
v -1.128813 2.257706 0.590518
v -1.222944 2.082812 0.655242
v -1.317679 1.927489 0.718206
v -1.048421 2.315581 0.675785
v -1.143403 2.148927 0.732804
v -1.229653 1.994730 0.787993
v -0.257102 2.533092 0.687931
v -0.423178 2.521921 0.713821
v -0.591380 2.501755 0.750220
v -0.220526 2.566716 0.785786
v -0.379916 2.545981 0.810699
v -0.539328 2.527005 0.844438
v -0.186522 2.556637 0.886514
v -0.338392 2.542778 0.909263
v -0.490782 2.537837 0.942501
v -2.408854 1.003758 0.382623
v -2.390327 1.182321 0.367165
v -2.328133 1.358284 0.323579
v -2.486952 0.988626 0.281273
v -2.443769 1.146782 0.259592
v -2.412532 1.327725 0.233075
v -2.535614 0.986451 0.161267
v -2.493825 1.133645 0.149906
v -2.457109 1.289799 0.134726
v -1.759947 1.623069 0.009022
v -1.878101 1.548061 -0.058888
v -2.004194 1.477456 -0.122808
v -1.888499 1.557070 0.087658
v -1.997145 1.493217 0.018150
v -2.114709 1.441626 -0.046630
v -2.032849 1.507513 0.164967
v -2.128583 1.455741 0.091593
v -2.224179 1.412191 0.025509
v -2.525141 1.105785 -0.318680
v -2.537642 1.040462 -0.198636
v -2.540643 0.999014 -0.082222
v -2.432381 1.250024 -0.288244
v -2.487756 1.194378 -0.182701
v -2.501750 1.142473 -0.073476
v -2.296484 1.354266 -0.240381
v -2.389908 1.324937 -0.150880
v -2.446559 1.288015 -0.058091
v -2.151680 0.532779 0.987399
v -2.153317 0.699781 0.950466
v -2.151163 0.871195 0.915212
v -2.270791 0.492658 0.859236
v -2.251175 0.641808 0.821374
v -2.240042 0.801277 0.790322
v -2.353654 0.463513 0.714437
v -2.341169 0.602165 0.692230
v -2.314545 0.749916 0.661804
v -2.058208 1.210492 0.802101
v -1.947755 1.341477 0.718074
v -1.830891 1.460778 0.635509
v -2.192456 1.163221 0.717908
v -2.074413 1.297864 0.638839
v -1.957574 1.426337 0.564673
v -2.274650 1.095469 0.607923
v -2.204352 1.266432 0.556874
v -2.085079 1.401348 0.491293
v -2.523443 0.438573 0.453691
v -2.492704 0.563168 0.434857
v -2.464779 0.697874 0.418053
v -2.589345 0.439553 0.319498
v -2.563859 0.563860 0.309876
v -2.550810 0.698650 0.307958
v -2.671778 0.455531 0.195056
v -2.634848 0.579356 0.184909
v -2.608585 0.708521 0.179513
v -0.710455 2.424043 0.015391
v -0.888883 2.289026 -0.077008
v -1.022865 2.138285 -0.161194
v -0.878790 2.288786 0.093289
v -1.007360 2.163740 0.004864
v -1.129966 2.034312 -0.077717
v -1.035431 2.168767 0.172784
v -1.144175 2.057687 0.085508
v -1.249541 1.934297 0.004897
v -1.304398 1.911096 -0.307246
v -1.448175 1.815350 -0.372978
v -1.575787 1.700651 -0.434579
v -1.412789 1.840765 -0.226807
v -1.547636 1.741186 -0.294184
v -1.684894 1.645735 -0.358065
v -1.518911 1.759479 -0.147493
v -1.655911 1.675953 -0.215286
v -1.785973 1.577643 -0.279514
v -1.336168 1.959272 0.328566
v -1.434193 1.871533 0.241547
v -1.537735 1.784989 0.159264
v -1.505872 1.882467 0.410483
v -1.603125 1.808327 0.322390
v -1.694049 1.722109 0.238256
v -1.613627 1.734055 0.488535
v -1.727073 1.681870 0.408843
v -1.839726 1.630012 0.327861
v -2.255852 0.726736 -0.935722
v -2.433030 0.686242 -0.848494
v -2.565683 0.645878 -0.717381
v -2.249285 0.876523 -0.889430
v -2.409179 0.834136 -0.801645
v -2.541375 0.793459 -0.681924
v -2.225396 1.019147 -0.836628
v -2.382986 0.980967 -0.764595
v -2.507508 0.935418 -0.646135
v -2.684870 0.557967 -0.396971
v -2.715796 0.525090 -0.249210
v -2.723954 0.496702 -0.102021
v -2.636415 0.685413 -0.375005
v -2.654976 0.644356 -0.234721
v -2.668632 0.615804 -0.097117
v -2.607123 0.815256 -0.358109
v -2.629592 0.771429 -0.224125
v -2.634054 0.739029 -0.093773
v -2.116146 1.303489 -0.719307
v -2.260907 1.275129 -0.646222
v -2.364844 1.221962 -0.545029
v -1.990273 1.413587 -0.639082
v -2.117591 1.377626 -0.562711
v -2.237226 1.337119 -0.477713
v -1.855984 1.513606 -0.565600
v -1.970144 1.464396 -0.488826
v -2.089554 1.435327 -0.410847
v -1.332185 1.761324 -1.075554
v -1.288674 1.853927 -1.012722
v -1.217867 1.936674 -0.951648
v -1.212210 1.857082 -1.124086
v -1.176310 1.934705 -1.060590
v -1.124488 2.012116 -1.004002
v -1.095811 1.960887 -1.175731
v -1.071289 2.024290 -1.108126
v -1.036620 2.086981 -1.051268
v -0.862619 2.387702 -0.781076
v -0.812162 2.453502 -0.864979
v -0.744966 2.471743 -0.944880
v -0.959166 2.256597 -0.818817
v -0.901224 2.319735 -0.890954
v -0.847381 2.364875 -0.965797
v -1.051210 2.136627 -0.857855
v -0.987833 2.203861 -0.921551
v -0.928065 2.253136 -0.983175
v -0.550404 2.298501 -1.178295
v -0.679338 2.209301 -1.175712
v -0.815576 2.125684 -1.185068
v -0.584511 2.359742 -1.127917
v -0.708105 2.272737 -1.131499
v -0.834657 2.192579 -1.142440
v -0.626651 2.413110 -1.075050
v -0.744029 2.328018 -1.086421
v -0.856075 2.249138 -1.098627
v -1.907478 0.894590 -1.060238
v -1.927173 1.022009 -1.010527
v -1.930260 1.157946 -0.970979
v -1.750448 1.013662 -1.124030
v -1.786246 1.129012 -1.087478
v -1.796612 1.256178 -1.046012
v -1.604001 1.135999 -1.186962
v -1.649959 1.244622 -1.162127
v -1.667857 1.366874 -1.121745
v -1.847577 1.424828 -0.857942
v -1.743965 1.532093 -0.778480
v -1.620897 1.622646 -0.705403
v -1.712746 1.499337 -0.917043
v -1.617229 1.596191 -0.838987
v -1.510127 1.692603 -0.771019
v -1.583976 1.584199 -0.973655
v -1.507042 1.682863 -0.900843
v -1.416062 1.781427 -0.835833
v -1.331578 1.391749 -1.327282
v -1.378689 1.495454 -1.299583
v -1.380558 1.584729 -1.221999
v -1.196704 1.528087 -1.408468
v -1.227381 1.613240 -1.341394
v -1.233874 1.692335 -1.261487
v -1.017268 1.628913 -1.382842
v -1.060863 1.718293 -1.350198
v -1.092935 1.808532 -1.308867
v -0.457652 2.552649 -0.165397
v -0.417654 2.621145 -0.278904
v -0.383919 2.693654 -0.394744
v -0.699476 2.498756 -0.236227
v -0.644010 2.585444 -0.332401
v -0.603370 2.678125 -0.435084
v -0.867599 2.349163 -0.327370
v -0.789963 2.425866 -0.418544
v -0.754191 2.526709 -0.506166
v -0.312395 2.818104 -0.621290
v -0.263562 2.820183 -0.738657
v -0.218683 2.822093 -0.853481
v -0.482623 2.742429 -0.667977
v -0.423255 2.749410 -0.775307
v -0.366117 2.740574 -0.878337
v -0.641194 2.666069 -0.707349
v -0.565317 2.669375 -0.806947
v -0.498460 2.657855 -0.899810
v -1.110802 2.058310 -0.468910
v -1.045934 2.152111 -0.547230
v -0.976457 2.232698 -0.625375
v -1.255362 1.955130 -0.527022
v -1.169042 2.029505 -0.602547
v -1.085514 2.101040 -0.676050
v -1.375609 1.834574 -0.584290
v -1.284546 1.908886 -0.656160
v -1.200164 1.985671 -0.725642
v 0.040060 2.284839 -1.350620
v -0.060871 2.231275 -1.352623
v -0.166118 2.162013 -1.339085
v 0.020305 2.363883 -1.323783
v -0.088027 2.306211 -1.313751
v -0.202759 2.241177 -1.314678
v 0.000495 2.442747 -1.286985
v -0.115167 2.383496 -1.277372
v -0.237482 2.321515 -1.288495
v -0.407630 1.999443 -1.319749
v -0.545363 1.909768 -1.322429
v -0.693993 1.819927 -1.342154
v -0.447676 2.076992 -1.289470
v -0.586499 1.988977 -1.294287
v -0.734227 1.897270 -1.304262
v -0.482884 2.152497 -1.252566
v -0.620506 2.063716 -1.253395
v -0.767597 1.976204 -1.267826
v -0.049997 2.595195 -1.190015
v -0.179531 2.537312 -1.195373
v -0.300600 2.462323 -1.185025
v -0.084394 2.669858 -1.131315
v -0.216805 2.603785 -1.132875
v -0.341453 2.530419 -1.133247
v -0.123373 2.731516 -1.051229
v -0.259558 2.661073 -1.058296
v -0.385552 2.585293 -1.064379
vn 0.2573 0.0775 0.9632
vn 0.2639 0.0192 0.9643
vn 0.2252 0.0642 0.9722
vn 0.2418 0.0892 0.9662
vn 0.1908 -0.0110 0.9816
vn 0.1555 0.0282 0.9874
vn 0.1755 0.0682 0.9821
vn 0.2327 0.0239 0.9722
vn 0.1108 0.0509 0.9925
vn 0.3283 0.0387 0.9438
vn 0.2745 0.0196 0.9614
vn 0.2893 0.1000 0.9520
vn 0.2868 -0.0280 0.9576
vn 0.2301 -0.0583 0.9714
vn 0.1928 -0.0992 0.9762
vn 0.1626 -0.0519 0.9853
vn 0.1262 -0.0117 0.9919
vn 0.0943 -0.0051 0.9955
vn 0.0627 0.0489 0.9968
vn 0.0732 0.0485 0.9961
vn 0.1219 0.0055 0.9925
vn 0.2087 -0.0771 0.9749
vn 0.2354 -0.0051 0.9719
vn 0.2075 -0.0416 0.9774
vn 0.2512 0.0752 0.9650
vn -0.0439 -0.1244 0.9913
vn -0.0374 -0.1389 0.9896
vn 0.0154 -0.1172 0.9930
vn 0.0236 -0.1220 0.9923
vn -0.0568 -0.0988 0.9935
vn 0.0062 -0.0856 0.9963
vn 0.1258 -0.0599 0.9902
vn 0.1485 -0.0968 0.9842
vn 0.0969 -0.0478 0.9941
vn -0.0244 -0.1590 0.9870
vn -0.0468 -0.1303 0.9904
vn -0.0312 -0.1290 0.9911
vn -0.0453 -0.1410 0.9890
vn -0.0521 -0.0817 0.9953
vn -0.0656 0.1015 0.9927
vn -0.0689 -0.0184 0.9975
vn -0.0052 -0.0152 0.9999
vn 0.0560 0.0388 0.9977
vn 0.1466 -0.1101 0.9830
vn 0.0210 -0.1025 0.9945
vn 0.1390 0.1349 0.9811
vn 0.1852 -0.0302 0.9822
vn 0.0650 -0.0164 0.9978
vn 0.0592 0.0800 0.9950
vn 0.1928 -0.1291 0.9727
vn 0.1067 -0.0108 0.9942
vn 0.0056 0.0043 1.0000
vn -0.0248 0.0613 0.9978
vn 0.0634 0.0364 0.9973
vn 0.1505 0.2565 0.9548
vn 0.2242 0.2197 0.9495
vn 0.1191 0.2479 0.9614
vn 0.2182 0.0534 0.9744
vn 0.1560 -0.0817 0.9844
vn -0.0056 0.2152 0.9765
vn 0.0844 0.2177 0.9724
vn -0.6449 -0.0491 0.7627
vn -0.4623 -0.2151 0.8602
vn -0.4925 -0.2909 0.8202
vn -0.6530 -0.0392 0.7563
vn -0.2786 -0.3837 0.8804
vn -0.3073 -0.4593 0.8334
vn -0.4510 -0.0040 0.8925
vn -0.5949 0.2184 0.7735
vn -0.0750 -0.1754 0.9816
vn -0.7146 -0.1419 0.6850
vn -0.6615 -0.2423 0.7098
vn -0.6726 -0.0061 0.7400
vn -0.4879 -0.4231 0.7635
vn -0.2319 -0.5988 0.7666
vn -0.2842 -0.6119 0.7382
vn -0.2770 -0.4091 0.8695
vn -0.0730 -0.3648 0.9282
vn 0.2417 -0.1042 0.9647
vn 0.2181 0.1143 0.9692
vn -0.2113 0.3541 0.9110
vn -0.4581 0.4708 0.7540
vn -0.5932 0.3834 0.7079
vn -0.5352 0.4989 0.6817
vn -0.6701 0.0914 0.7366
vn -0.0856 -0.2817 0.9557
vn 0.2215 -0.0950 0.9705
vn 0.3030 -0.0248 0.9527
vn 0.1939 -0.1084 0.9750
vn 0.2744 -0.0026 0.9616
vn 0.2863 -0.0109 0.9581
vn 0.2993 -0.0319 0.9536
vn 0.2874 -0.0193 0.9576
vn 0.2726 -0.0795 0.9588
vn -0.2818 -0.5694 0.7723
vn 0.0676 -0.5221 0.8502
vn 0.3242 -0.4433 0.8357
vn 0.2689 -0.4596 0.8464
vn 0.2116 0.0457 0.9763
vn 0.2093 0.0078 0.9778
vn 0.2030 -0.0922 0.9748
vn -0.3863 0.4476 0.8065
vn -0.0179 0.3030 0.9528
vn 0.1443 0.1512 0.9779
vn -0.2407 0.3096 0.9199
vn 0.2924 0.1257 0.9480
vn 0.2726 0.0773 0.9590
vn 0.2016 0.0709 0.9769
vn -0.0025 0.1472 0.9891
vn 0.2145 0.0338 0.9761
vn -0.5022 0.4796 0.7196
vn 0.1821 0.0257 0.9830
vn 0.1833 0.0307 0.9826
vn 0.1453 0.0352 0.9888
vn -0.4138 0.3563 0.8377
vn -0.1796 0.1903 0.9652
vn -0.5095 0.4267 0.7472
vn 0.4304 -0.0934 0.8978
vn 0.1893 0.0313 0.9814
vn -0.0050 -0.0523 0.9986
vn 0.0870 -0.0957 0.9916
vn 0.1857 0.0440 0.9816
vn 0.0001 -0.1136 0.9935
vn -0.0616 -0.0687 0.9957
vn -0.0589 -0.0870 0.9945
vn -0.0338 -0.1304 0.9909
vn 0.9292 -0.2780 0.2435
vn 0.7956 0.0808 0.6004
vn 0.7024 -0.4507 0.5509
vn 0.5448 0.3367 0.7680
vn 0.5321 0.3529 0.7696
vn 0.5455 0.3567 0.7584
vn 0.2478 0.0568 0.9671
vn 0.0103 -0.1401 0.9901
vn -0.0191 -0.1599 0.9870
vn -0.0290 -0.1402 0.9897
vn -0.0445 -0.0666 0.9968
vn -0.0231 -0.0504 0.9985
vn -0.0031 -0.5503 0.8350
vn 0.0351 -0.5190 0.8541
vn 0.2504 -0.5422 0.8021
vn 0.2644 0.1527 0.9522
vn 0.2715 0.2268 0.9353
vn 0.0365 -0.0234 0.9991
vn 0.0098 -0.1003 0.9949
vn 0.1738 0.3185 0.9319
vn 0.0098 0.1560 0.9877
vn -0.0425 -0.1252 0.9912
vn -0.0316 -0.1400 0.9897
vn -0.0553 -0.0000 0.9985
vn 0.5122 0.4375 0.7391
vn 0.5268 0.4418 0.7261
vn 0.4165 0.4542 0.7875
vn 0.1685 0.4542 0.8748
vn 0.0118 0.4126 0.9108
vn -0.0584 0.3449 0.9368
vn -0.0735 0.2384 0.9684
vn 0.0085 0.0260 0.9996
vn -0.0069 -0.0410 0.9991
vn 0.0320 -0.0406 0.9987
vn 0.0257 0.0688 0.9973
vn -0.0036 -0.1260 0.9920
vn 0.0298 -0.0880 0.9957
vn 0.1383 -0.0208 0.9902
vn 0.1378 0.0725 0.9878
vn 0.1336 -0.0842 0.9875
vn 0.0715 -0.4761 0.8765
vn 0.1829 -0.4742 0.8612
vn 0.0637 -0.4682 0.8813
vn 0.2274 0.2163 0.9495
vn 0.2035 0.2048 0.9574
vn 0.1962 0.2697 0.9427
vn 0.2016 0.2466 0.9479
vn 0.2129 0.2397 0.9472
vn 0.1884 0.2799 0.9414
vn 0.1778 0.3179 0.9313
vn 0.1491 0.2889 0.9457
vn 0.1699 0.2832 0.9439
vn 0.2325 0.1949 0.9529
vn 0.2230 0.2018 0.9537
vn 0.2240 0.1947 0.9549
vn 0.2081 0.1874 0.9600
vn 0.2136 0.2061 0.9549
vn 0.2333 0.2486 0.9401
vn 0.2290 0.2871 0.9301
vn 0.2234 0.2894 0.9308
vn 0.1973 0.2562 0.9463
vn 0.1335 0.2850 0.9492
vn 0.1234 0.3379 0.9331
vn 0.0993 0.3353 0.9369
vn 0.1401 0.2778 0.9504
vn 0.1260 0.3290 0.9359
vn 0.1939 0.2237 0.9552
vn 0.2518 0.3086 0.9173
vn 0.2391 0.2041 0.9493
vn 0.2001 0.1527 0.9678
vn 0.2487 0.2937 0.9230
vn 0.1876 0.0543 0.9807
vn 0.1727 0.0321 0.9845
vn 0.1643 0.1454 0.9756
vn 0.2511 0.2799 0.9266
vn 0.1253 0.0222 0.9919
vn 0.2803 0.2919 0.9145
vn 0.2701 0.2382 0.9329
vn 0.1074 0.1275 0.9860
vn 0.1267 0.3280 0.9362
vn 0.1099 0.3096 0.9445
vn 0.0857 0.3089 0.9472
vn 0.0804 0.3491 0.9336
vn 0.1024 0.2754 0.9559
vn 0.0812 0.2689 0.9597
vn -0.0212 0.3721 0.9280
vn -0.0152 0.4066 0.9135
vn -0.0097 0.3165 0.9486
vn 0.1047 0.3310 0.9378
vn 0.0078 0.3810 0.9245
vn 0.0281 0.3252 0.9452
vn -0.2841 -0.9506 -0.1250
vn -0.2861 -0.9477 -0.1412
vn -0.1182 -0.9928 0.0183
vn -0.0699 -0.9975 0.0051
vn -0.3154 -0.9478 -0.0468
vn -0.1351 -0.9900 0.0403
vn 0.1873 -0.9538 0.2349
vn 0.2346 -0.9533 0.1900
vn 0.1835 -0.9649 0.1880
vn -0.1949 -0.9784 -0.0689
vn -0.2181 -0.9732 -0.0735
vn -0.2939 -0.9539 -0.0609
vn -0.2175 -0.9693 -0.1149
vn -0.2624 -0.9637 -0.0495
vn -0.2889 -0.9569 -0.0315
vn -0.2956 -0.9525 -0.0737
vn -0.0555 -0.9983 0.0185
vn 0.2313 -0.9599 0.1584
vn 0.2993 -0.9514 0.0728
vn 0.3374 -0.9256 0.1717
vn 0.3283 -0.9046 0.2717
vn 0.3127 -0.9203 0.2352
vn 0.2822 -0.9508 0.1278
vn 0.3049 -0.9291 0.2093
vn -0.0436 -0.9990 0.0111
vn 0.0413 -0.9623 0.2687
vn 0.2506 -0.9159 0.3136
vn 0.2127 -0.9423 0.2585
vn -0.1511 -0.9843 0.0907
vn 0.1969 -0.9308 0.3079
vn 0.2886 -0.9282 0.2347
vn 0.0746 -0.9835 0.1649
vn -0.2614 -0.9633 -0.0616
vn 0.2908 -0.9414 0.1708
vn -0.1576 -0.9714 0.1777
vn 0.1995 -0.9255 0.3218
vn -0.3172 -0.9461 0.0656
vn 0.2101 -0.9291 0.3044
vn 0.1753 -0.9348 0.3090
vn 0.1465 -0.9474 0.2845
vn 0.1596 -0.9240 0.3476
vn 0.2442 -0.9290 0.2781
vn 0.3505 -0.9256 0.1431
vn -0.2916 -0.9556 -0.0430
vn -0.3330 -0.9429 0.0085
vn 0.0663 -0.9628 0.2619
vn 0.1343 -0.9720 0.1930
vn 0.1708 -0.9539 0.2470
vn 0.0791 -0.9648 0.2509
vn 0.2406 -0.9468 0.2138
vn 0.2770 -0.9373 0.2117
vn 0.1935 -0.9434 0.2693
vn 0.1346 -0.9465 0.2932
vn 0.3335 -0.9165 0.2210
vn 0.0395 -0.9270 0.3730
vn 0.1239 -0.9568 0.2629
vn 0.0526 -0.9330 0.3561
vn 0.1137 -0.9722 0.2048
vn 0.2072 -0.9591 0.1929
vn 0.0715 -0.9493 0.3062
vn 0.0217 -0.9700 0.2423
vn -0.5999 -0.6708 0.4361
vn -0.4391 -0.8775 0.1928
vn -0.1947 -0.9624 0.1896
vn -0.3470 -0.8361 0.4250
vn -0.3390 -0.9281 0.1542
vn -0.1229 -0.9793 0.1608
vn -0.1242 -0.9766 0.1756
vn -0.1657 -0.9135 0.3717
vn -0.0918 -0.9935 0.0678
vn -0.6546 -0.5863 0.4772
vn -0.5125 -0.8129 0.2769
vn -0.4430 -0.8630 0.2429
vn -0.3611 -0.9126 0.1916
vn -0.2405 -0.9609 0.1374
vn -0.0437 -0.9936 0.1043
vn -0.0476 -0.9988 -0.0108
vn -0.1884 -0.9811 -0.0441
vn -0.2331 -0.9689 0.0831
vn -0.2638 -0.8981 0.3518
vn -0.1151 -0.9921 0.0501
vn -0.0265 -0.9983 0.0516
vn 0.0178 -0.9991 0.0384
vn 0.0166 -0.9982 0.0571
vn 0.0363 -0.9984 0.0427
vn 0.0140 -0.9999 -0.0041
vn -0.0700 -0.9975 0.0014
vn -0.0542 -0.9985 0.0075
vn -0.1063 -0.9937 -0.0354
vn -0.2535 -0.9635 0.0865
vn -0.1713 -0.9830 0.0660
vn -0.0685 -0.9941 0.0838
vn 0.0538 -0.9953 0.0804
vn 0.0457 -0.9989 0.0083
vn -0.0494 -0.9984 0.0286
vn -0.1963 -0.9802 0.0241
vn -0.3061 -0.8882 0.3427
vn -0.2690 -0.9622 0.0420
vn 0.0130 -0.9874 0.1575
vn 0.0279 -0.9239 0.3817
vn -0.2754 -0.9609 -0.0289
vn -0.0266 -0.9950 0.0961
vn 0.3241 -0.9130 0.2477
vn 0.3307 -0.8496 0.4109
vn 0.3073 -0.9283 0.2094
vn 0.3108 -0.9136 0.2624
vn 0.3095 -0.9065 0.2871
vn 0.2875 -0.8758 0.3877
vn -0.1147 -0.9889 -0.0940
vn -0.1605 -0.9663 -0.2013
vn -0.3477 -0.9236 0.1615
vn -0.2655 -0.9245 0.2735
vn -0.0182 -0.9985 0.0522
vn -0.1725 -0.9537 0.2463
vn -0.3540 -0.8978 0.2619
vn -0.2673 -0.9110 0.3142
vn -0.3247 -0.9222 0.2100
vn 0.1100 -0.9290 -0.3535
vn 0.0631 -0.9130 -0.4031
vn -0.0344 -0.9993 -0.0124
vn -0.0520 -0.8887 -0.4555
vn -0.0083 -0.9912 -0.1319
vn 0.1000 -0.9381 0.3316
vn 0.1527 -0.9050 0.3970
vn 0.1057 -0.8906 0.4424
vn 0.0286 -0.9380 0.3455
vn -0.3726 -0.9204 0.1181
vn -0.2844 -0.9345 0.2140
vn -0.2220 -0.9432 0.2469
vn -0.2124 -0.9072 0.3630
vn -0.1662 -0.9410 0.2947
vn -0.2059 -0.9164 0.3432
vn 0.1303 -0.8861 0.4448
vn 0.0741 -0.8901 0.4498
vn 0.1254 -0.9018 0.4136
vn 0.1543 -0.8836 0.4421
vn 0.0078 -0.9130 0.4080
vn 0.0593 -0.9263 0.3720
vn 0.1663 -0.9221 0.3494
vn 0.1888 -0.9007 0.3913
vn 0.1317 -0.9323 0.3368
vn 0.0766 -0.8741 0.4797
vn 0.0317 -0.8823 0.4697
vn -0.0616 -0.8940 0.4438
vn -0.1183 -0.9009 0.4176
vn -0.0704 -0.9253 0.3726
vn -0.0006 -0.9415 0.3369
vn 0.0536 -0.9411 0.3338
vn -0.1842 -0.9630 0.1966
vn -0.2319 -0.9600 0.1566
vn -0.1924 -0.9747 0.1134
vn -0.1252 -0.9836 0.1301
vn -0.3286 -0.9397 0.0942
vn -0.2695 -0.9619 0.0460
vn -0.1363 -0.9885 0.0654
vn -0.0340 -0.9970 0.0699
vn -0.2325 -0.9726 0.0061
vn -0.1020 -0.9646 0.2432
vn 0.0740 -0.9901 0.1192
vn -0.0025 -0.9834 0.1817
vn 0.5866 -0.7923 0.1679
vn 0.1582 -0.8774 0.4528
vn 0.0360 -0.9069 0.4198
vn 0.4027 -0.9024 0.1532
vn 0.0126 -0.8803 0.4743
vn 0.0040 -0.9250 0.3800
vn -0.0000 -0.8955 0.4451
vn 0.2743 -0.9295 0.2466
vn -0.0090 -0.9164 0.4001
vn 0.7807 -0.6247 0.0155
vn 0.0646 -0.9062 0.4179
vn 0.0265 -0.9508 0.3086
vn 0.0155 -0.9415 0.3366
vn -0.0216 -0.9277 0.3728
vn -0.0434 -0.9008 0.4320
vn 0.1608 -0.9299 0.3307
vn 0.5705 -0.8211 -0.0176
vn 0.4794 -0.8772 0.0262
vn 0.6377 -0.7684 -0.0537
vn 0.0682 -0.9252 0.3734
vn 0.0886 -0.9147 0.3942
vn 0.1275 -0.9140 0.3851
vn 0.0758 -0.9541 0.2898
vn 0.1870 -0.9003 0.3931
vn 0.1756 -0.9087 0.3788
vn 0.1301 -0.9446 0.3013
vn 0.1220 -0.9467 0.2982
vn 0.1745 -0.9310 0.3205
vn 0.0184 -0.9130 0.4076
vn -0.0623 -0.9168 0.3944
vn -0.0298 -0.9243 0.3804
vn -0.0786 -0.8908 0.4476
vn 0.0094 -0.9284 0.3714
vn -0.0046 -0.9415 0.3369
vn -0.0381 -0.9483 0.3151
vn -0.1022 -0.9096 0.4027
vn -0.0082 -0.9500 0.3123
vn 0.3765 -0.9163 0.1368
vn -0.0318 -0.9206 0.3892
vn 0.1855 -0.9410 0.2830
vn -0.3777 -0.9135 0.1512
vn -0.2296 -0.9377 0.2606
vn -0.1674 -0.9486 0.2687
vn -0.3169 -0.9341 0.1643
vn -0.1862 -0.9232 0.3362
vn -0.1204 -0.9344 0.3352
vn -0.1105 -0.9438 0.3114
vn -0.2466 -0.9372 0.2467
vn -0.0805 -0.9408 0.3294
vn -0.4655 -0.8573 -0.2198
vn -0.3011 -0.9487 -0.0965
vn -0.5075 -0.8608 0.0390
vn -0.1264 -0.9918 0.0168
vn -0.0573 -0.9968 0.0548
vn -0.0874 -0.9943 0.0608
vn -0.2232 -0.9072 0.3565
vn -0.1879 -0.9201 0.3437
vn -0.1441 -0.9214 0.3610
vn -0.0970 -0.9126 0.3972
vn -0.0733 -0.9272 0.3674
vn -0.0781 -0.9311 0.3564
vn -0.1731 -0.9269 0.3329
vn -0.3740 -0.9094 0.1819
vn -0.3027 -0.9020 0.3078
vn -0.4402 -0.8944 0.0792
vn -0.2932 -0.8849 0.3618
vn -0.2537 -0.9070 0.3363
vn -0.2301 -0.9193 0.3194
vn -0.2799 -0.8984 0.3384
vn -0.1890 -0.9419 0.2778
vn -0.2479 -0.9233 0.2935
vn -0.2066 -0.9167 0.3421
vn -0.2164 -0.9025 0.3723
vn -0.2058 -0.9073 0.3667
vn -0.1636 -0.9606 0.2245
vn -0.2610 -0.8901 0.3736
vn -0.1873 -0.9668 0.1741
vn -0.2606 -0.9043 0.3381
vn -0.2017 -0.9458 0.2543
vn -0.1924 -0.9556 0.2233
vn -0.2207 -0.9423 0.2516
vn -0.2363 -0.9410 0.2421
vn -0.1352 -0.9297 0.3425
vn -0.1186 -0.9845 0.1289
vn -0.1878 -0.9723 0.1389
vn -0.2117 -0.9460 0.2453
vn -0.1536 -0.9446 0.2900
vn -0.1191 -0.9591 0.2567
vn -0.1587 -0.9684 0.1926
vn -0.1306 -0.9320 0.3382
vn -0.0796 -0.9414 0.3278
vn -0.1629 -0.9557 0.2453
vn -0.2081 -0.9515 0.2264
vn -0.0870 -0.9416 0.3253
vn -0.3190 -0.9038 0.2853
vn -0.2605 -0.9163 0.3042
vn -0.2730 -0.9374 0.2163
vn -0.2384 -0.9135 0.3297
vn -0.2510 -0.9004 0.3553
vn -0.2066 -0.9586 0.1958
vn -0.1821 -0.9742 0.1332
vn -0.2814 -0.2492 -0.9267
vn -0.1942 -0.4297 -0.8819
vn -0.2706 -0.4342 -0.8592
vn -0.4032 -0.2479 -0.8809
vn -0.1261 -0.5494 -0.8260
vn -0.1553 -0.5828 -0.7977
vn -0.6013 -0.4706 -0.6457
vn -0.7312 -0.2728 -0.6252
vn -0.4104 -0.6448 -0.6448
vn -0.3340 -0.0618 -0.9405
vn -0.2599 -0.2718 -0.9266
vn -0.3520 -0.0321 -0.9355
vn -0.2107 -0.4239 -0.8809
vn -0.1793 -0.5436 -0.8200
vn -0.0935 -0.6947 -0.7132
vn -0.0511 -0.6860 -0.7258
vn -0.0415 -0.6918 -0.7209
vn -0.2147 -0.7762 -0.5927
vn -0.6676 -0.6661 -0.3326
vn -0.8211 -0.4333 -0.3716
vn -0.8904 -0.2716 -0.3652
vn -0.8179 -0.0168 -0.5752
vn -0.9398 -0.0336 -0.3401
vn -0.5220 -0.0144 -0.8528
vn 0.0257 -0.7889 -0.6140
vn 0.1193 -0.8462 -0.5194
vn 0.1473 -0.8450 -0.5141
vn 0.0666 -0.7718 -0.6324
vn 0.1534 -0.8595 -0.4876
vn 0.1544 -0.8945 -0.4197
vn 0.1038 -0.9232 -0.3701
vn -0.0487 -0.8667 -0.4964
vn 0.1422 -0.9416 -0.3054
vn 0.0065 -0.8005 -0.5992
vn 0.1038 -0.8703 -0.4815
vn 0.1167 -0.8838 -0.4530
vn 0.1337 -0.8920 -0.4319
vn 0.1695 -0.8760 -0.4515
vn 0.1394 -0.9064 -0.3987
vn 0.0964 -0.9481 -0.3030
vn -0.9094 -0.2624 -0.3227
vn -0.8274 -0.4855 -0.2822
vn -0.7594 -0.6336 -0.1478
vn -0.9210 -0.3027 -0.2453
vn -0.6743 -0.7283 -0.1216
vn -0.5614 -0.8275 -0.0094
vn -0.6611 -0.7457 0.0826
vn -0.8971 -0.4413 -0.0225
vn -0.5032 -0.8528 0.1399
vn -0.9602 -0.0326 -0.2773
vn -0.4511 -0.8433 0.2920
vn -0.5746 -0.7704 0.2762
vn -0.7916 -0.5452 0.2761
vn -0.9979 0.0119 -0.0635
vn -0.9631 -0.0627 0.2616
vn -0.9766 0.0064 -0.2152
vn -0.0255 -0.9988 -0.0410
vn -0.1457 -0.9355 0.3220
vn -0.0798 -0.9918 0.1002
vn -0.0650 -0.9813 -0.1814
vn -0.1316 -0.8918 0.4329
vn -0.0409 -0.9182 0.3940
vn -0.0052 -0.9761 -0.2175
vn -0.0914 -0.9223 -0.3756
vn -0.0025 -0.9904 0.1385
vn 0.1370 -0.9316 -0.3367
vn -0.0662 -0.9217 0.3821
vn 0.0290 -0.8969 0.4412
vn -0.0500 -0.9326 0.3575
vn -0.0139 -0.9917 -0.1278
vn 0.0605 -0.9220 -0.3825
vn 0.0090 -0.8980 -0.4400
vn -0.1022 -0.9030 -0.4173
vn -0.0962 -0.9016 -0.4216
vn 0.0504 -0.9372 -0.3451
vn 0.0356 -0.9505 0.3088
vn 0.0881 -0.9616 0.2600
vn -0.0669 -0.9550 0.2891
vn 0.0628 -0.9330 0.3543
vn 0.0192 -0.9803 0.1966
vn -0.1943 -0.9647 0.1780
vn -0.2722 -0.9246 0.2663
vn -0.1571 -0.9299 0.3327
vn -0.2542 -0.9474 0.1946
vn -0.1082 -0.9882 0.1082
vn -0.2225 -0.9689 0.1084
vn -0.2239 -0.9648 0.1381
vn 0.0909 -0.9015 -0.4232
vn 0.0884 -0.9075 -0.4107
vn 0.1309 -0.8957 -0.4250
vn 0.0860 -0.8966 -0.4345
vn 0.0290 -0.9707 -0.2384
vn 0.0685 -0.9607 -0.2692
vn 0.1830 -0.9047 -0.3848
vn 0.1754 -0.9056 -0.3861
vn 0.0889 -0.9573 -0.2752
vn 0.0271 -0.9346 -0.3547
vn 0.0981 -0.9101 -0.4026
vn 0.0362 -0.9152 -0.4014
vn -0.6351 -0.5583 0.5337
vn -0.6297 -0.5423 0.5562
vn -0.4495 -0.8115 0.3735
vn -0.4645 -0.7936 0.3930
vn -0.6487 -0.5974 0.4715
vn -0.4551 -0.8317 0.3180
vn -0.3871 -0.8770 0.2847
vn -0.4069 -0.8555 0.3204
vn -0.3887 -0.8803 0.2719
vn -0.7500 -0.2209 0.6234
vn -0.7496 -0.2291 0.6210
vn -0.8040 -0.1952 0.5618
vn -0.8170 -0.1992 0.5411
vn -0.6451 -0.6119 0.4576
vn -0.4593 -0.8045 0.3765
vn -0.3585 -0.8723 0.3325
vn -0.3750 -0.8902 0.2587
vn -0.3909 -0.8806 0.2680
vn -0.3712 -0.8890 0.2680
vn -0.6460 -0.5813 0.4948
vn -0.6846 -0.5582 0.4688
vn -0.4848 -0.7757 0.4040
vn -0.4717 -0.7745 0.4214
vn -0.7138 -0.5537 0.4290
vn -0.5139 -0.7710 0.3761
vn -0.3548 -0.8613 0.3636
vn -0.3408 -0.8697 0.3572
vn -0.3876 -0.8457 0.3668
vn -0.8185 -0.1823 0.5448
vn -0.8474 -0.1368 0.5130
vn -0.8670 -0.1172 0.4844
vn -0.2678 -0.9513 0.1527
vn -0.2862 -0.9455 0.1552
vn -0.2188 -0.9723 0.0820
vn -0.2222 -0.9707 0.0918
vn -0.2969 -0.9374 0.1821
vn -0.1990 -0.9754 0.0951
vn -0.2299 -0.9684 0.0963
vn -0.1986 -0.9763 0.0856
vn -0.2235 -0.9669 0.1229
vn -0.2053 -0.7973 -0.5675
vn -0.2018 -0.7886 -0.5808
vn -0.2002 -0.8394 -0.5053
vn -0.2016 -0.8900 -0.4090
vn -0.2224 -0.8025 -0.5537
vn -0.2027 -0.8250 -0.5275
vn -0.2211 -0.8897 -0.3994
vn -0.2217 -0.9205 -0.3219
vn -0.1668 -0.8800 -0.4448
vn -0.1594 -0.7156 -0.6801
vn -0.2138 -0.7120 -0.6688
vn -0.1407 -0.8293 -0.5408
vn -0.2292 -0.7337 -0.6397
vn -0.2253 -0.7311 -0.6440
vn -0.1019 -0.7633 -0.6379
vn -0.0821 -0.8629 -0.4986
vn -0.0501 -0.9111 -0.4092
vn 0.0174 -0.9418 -0.3357
vn 0.0786 -0.9533 -0.2917
vn -0.0706 -0.9336 -0.3512
vn -0.1979 -0.9270 -0.3185
vn -0.2396 -0.9321 -0.2716
vn -0.1464 -0.9367 -0.3179
vn -0.1785 -0.9299 -0.3216
vn -0.1319 -0.9119 -0.3887
vn 0.1028 -0.9376 -0.3321
vn 0.0846 -0.9599 -0.2671
vn 0.1342 -0.9609 -0.2421
vn 0.1224 -0.9287 -0.3501
vn 0.0785 -0.9677 -0.2396
vn 0.1287 -0.9767 -0.1717
vn 0.1306 -0.9516 -0.2783
vn 0.1270 -0.8999 -0.4172
vn 0.1474 -0.9674 -0.2057
vn 0.0307 -0.8955 -0.4439
vn 0.0502 -0.9104 -0.4108
vn 0.1217 -0.8856 -0.4483
vn 0.0223 -0.9334 -0.3581
vn -0.0010 -0.9457 -0.3250
vn -0.0044 -0.9646 -0.2637
vn 0.0801 -0.9766 -0.1994
vn 0.1494 -0.9733 -0.1741
vn 0.1835 -0.9588 -0.2169
vn 0.0863 -0.8623 -0.4989
vn 0.1320 -0.8878 -0.4409
vn 0.1498 -0.9488 -0.2782
vn -0.0395 -0.9618 -0.2709
vn 0.1321 -0.9741 -0.1836
vn 0.1650 -0.9592 -0.2294
vn -0.2008 -0.9545 -0.2203
vn -0.0517 -0.9704 -0.2357
vn 0.1830 -0.9685 -0.1687
vn 0.1185 -0.9729 -0.1983
vn 0.1128 -0.9736 -0.1982
vn 0.1625 -0.9435 -0.2889
vn -0.0099 -0.9518 -0.3065
vn 0.1648 -0.9441 -0.2855
vn -0.1696 -0.9359 -0.3088
vn -0.1799 -0.9328 -0.3124
vn 0.0248 -0.9694 -0.2442
vn 0.0926 -0.9620 -0.2568
vn -0.2472 -0.3089 -0.9184
vn -0.2142 -0.3299 -0.9194
vn -0.1953 -0.4194 -0.8865
vn -0.2268 -0.3866 -0.8939
vn -0.2212 -0.3643 -0.9046
vn -0.1622 -0.4854 -0.8591
vn -0.1201 -0.5712 -0.8120
vn -0.1932 -0.5477 -0.8141
vn -0.1222 -0.6053 -0.7865
vn -0.2720 -0.1820 -0.9449
vn -0.2275 -0.2689 -0.9359
vn -0.2648 -0.3083 -0.9137
vn -0.2311 -0.3108 -0.9220
vn -0.2401 -0.4270 -0.8718
vn -0.2125 -0.5289 -0.8217
vn -0.1816 -0.6221 -0.7616
vn -0.0905 -0.7159 -0.6923
vn -0.0571 -0.7342 -0.6766
vn -0.0877 -0.7325 -0.6751
vn -0.2583 -0.3987 -0.8800
vn -0.2694 -0.3735 -0.8876
vn -0.2592 -0.5573 -0.7888
vn -0.2606 -0.5471 -0.7955
vn -0.2311 -0.4456 -0.8649
vn -0.1962 -0.5973 -0.7777
vn -0.2510 -0.6589 -0.7091
vn -0.2367 -0.6421 -0.7291
vn -0.1963 -0.6353 -0.7469
vn -0.2532 -0.2891 -0.9232
vn -0.2747 -0.2939 -0.9155
vn -0.2676 -0.3419 -0.9008
vn -0.2920 -0.4549 -0.8413
vn -0.2205 -0.5478 -0.8070
vn -0.1785 -0.6427 -0.7451
vn -0.1438 -0.6761 -0.7226
vn -0.0100 -0.8197 -0.5728
vn -0.0144 -0.8286 -0.5596
vn 0.0352 -0.8864 -0.4617
vn 0.0485 -0.8933 -0.4467
vn -0.0505 -0.8412 -0.5384
vn -0.0279 -0.9014 -0.4321
vn 0.0471 -0.9221 -0.3840
vn 0.0727 -0.9191 -0.3873
vn -0.0291 -0.9291 -0.3687
vn -0.0866 -0.9302 -0.3567
vn 0.0106 -0.9343 -0.3564
vn 0.0764 -0.9234 -0.3762
vn 0.4855 -0.6880 -0.5395
vn 0.3613 -0.7711 -0.5242
vn -0.0103 -0.7877 -0.6160
vn 0.0979 -0.7203 -0.6867
vn 0.1831 -0.8182 -0.5450
vn -0.0736 -0.8222 -0.5644
vn -0.0290 -0.8152 -0.5785
vn 0.0018 -0.7896 -0.6136
vn -0.0530 -0.8574 -0.5119
vn 0.7504 -0.4620 -0.4727
vn 0.6781 -0.6136 -0.4045
vn 0.5094 -0.5106 -0.6927
vn 0.6195 -0.6821 -0.3885
vn 0.5527 -0.7224 -0.4155
vn 0.3936 -0.7997 -0.4534
vn -0.0118 -0.8254 -0.5644
vn -0.1131 -0.8622 -0.4938
vn -0.0741 -0.8890 -0.4519
vn -0.0097 -0.8684 -0.4958
vn -0.0043 -0.8353 -0.5498
vn 0.0221 -0.8421 -0.5388
vn 0.0660 -0.4859 -0.8715
vn 0.0787 -0.5683 -0.8191
vn 0.1498 -0.4655 -0.8723
vn -0.1397 -0.8537 -0.5016
vn -0.1836 -0.9021 -0.3905
vn -0.1094 -0.9119 -0.3955
vn -0.1147 -0.8639 -0.4904
vn -0.1843 -0.9233 -0.3369
vn -0.0972 -0.9547 -0.2813
vn -0.0463 -0.9075 -0.4174
vn -0.0479 -0.8765 -0.4790
vn -0.0414 -0.9490 -0.3125
vn 0.1484 -0.8894 -0.4324
vn -0.0868 -0.9158 -0.3921
vn -0.1931 -0.9085 -0.3706
vn -0.2291 -0.9202 -0.3175
vn -0.1679 -0.9362 -0.3087
vn -0.0730 -0.9635 -0.2577
vn -0.0299 -0.9697 -0.2424
vn 0.0462 -0.8488 -0.5267
vn 0.0710 -0.8531 -0.5169
vn 0.1382 -0.8157 -0.5617
vn 0.0885 -0.8206 -0.5646
vn 0.1033 -0.8570 -0.5048
vn 0.1549 -0.8539 -0.4969
vn 0.0001 -0.7363 -0.6766
vn -0.0469 -0.7193 -0.6931
vn 0.0322 -0.8118 -0.5830
vn 0.0680 -0.6566 -0.7512
vn -0.1113 -0.6464 -0.7548
vn 0.0841 -0.7164 -0.6926
vn 0.1447 -0.9243 -0.3532
vn 0.1328 -0.9294 -0.3444
vn 0.1467 -0.9399 -0.3084
vn 0.1485 -0.9260 -0.3472
vn -0.0174 -0.9256 -0.3782
vn 0.0765 -0.9560 -0.2833
vn 0.1336 -0.9435 -0.3032
vn 0.1195 -0.9531 -0.2781
vn 0.1570 -0.9456 -0.2851
vn 0.1371 -0.9104 -0.3904
vn -0.1448 -0.9154 -0.3756
vn -0.1064 -0.9411 -0.3209
vn 0.0336 -0.9583 -0.2836
vn 0.1417 -0.9433 -0.3002
vn 0.0736 -0.9565 -0.2823
vn 0.0731 -0.9736 -0.2164
vn 0.0394 -0.9498 -0.3105
vn -0.0552 -0.9564 -0.2869
vn 0.1253 -0.9228 -0.3644
vn -0.0728 -0.9540 -0.2907
vn -0.0420 -0.9300 -0.3652
vn -0.1025 -0.9316 -0.3488
vn -0.1310 -0.9426 -0.3072
vn 0.0073 -0.9136 -0.4065
vn -0.0830 -0.9134 -0.3984
vn -0.1381 -0.9291 -0.3432
vn -0.1357 -0.9329 -0.3336
vn -0.1373 -0.9149 -0.3797
vn 0.0027 -0.9830 -0.1834
vn 0.0265 -0.9626 -0.2695
vn -0.0057 -0.9653 -0.2612
vn -0.0746 -0.9719 -0.2232
vn 0.0665 -0.9490 -0.3081
vn 0.0071 -0.9544 -0.2985
vn -0.0379 -0.9619 -0.2708
vn -0.1197 -0.9510 -0.2852
vn -0.0123 -0.9643 -0.2646
vn -0.1539 -0.9566 -0.2476
vn -0.2088 -0.9389 -0.2735
vn -0.1757 -0.9475 -0.2673
vn 0.5406 -0.8403 0.0414
vn 0.5178 -0.8510 0.0880
vn 0.5369 -0.8400 0.0780
vn 0.5596 -0.8250 0.0787
vn 0.4974 -0.8642 0.0760
vn 0.4540 -0.8905 -0.0279
vn 0.5057 -0.8529 -0.1294
vn 0.5524 -0.8327 -0.0393
vn 0.3993 -0.8909 -0.2162
vn 0.5389 -0.8423 0.0097
vn 0.5218 -0.8526 0.0273
vn 0.5671 -0.8236 0.0083
vn 0.5257 -0.8503 0.0250
vn 0.5101 -0.8593 0.0371
vn 0.4613 -0.8868 -0.0279
vn 0.4140 -0.9077 -0.0684
vn 0.3786 -0.9004 -0.2142
vn 0.3220 -0.9083 -0.2670
vn 0.3279 -0.9057 -0.2685
vn 0.4161 -0.8510 -0.3204
vn 0.4361 -0.8419 -0.3179
vn 0.4875 -0.8258 -0.2836
vn 0.5612 -0.8276 0.0116
vn 0.5205 -0.8160 -0.2514
vn 0.5794 -0.8129 0.0590
vn 0.4146 -0.8872 -0.2025
vn 0.4094 -0.8907 -0.1976
vn 0.3681 -0.8970 -0.2449
vn 0.3632 -0.8977 -0.2494
vn 0.4122 -0.8797 -0.2372
vn 0.3655 -0.8980 -0.2450
vn 0.3328 -0.8922 -0.3051
vn 0.3306 -0.9165 -0.2253
vn 0.3135 -0.9106 -0.2691
vn 0.1963 -0.9329 -0.3020
vn 0.3300 -0.9286 -0.1701
vn 0.4242 -0.8730 -0.2407
vn 0.4234 -0.8931 -0.1520
vn 0.4581 -0.8603 -0.2238
vn 0.4387 -0.8680 -0.2326
vn 0.3995 -0.8785 -0.2620
vn 0.3511 -0.8950 -0.2750
vn 0.3134 -0.9128 -0.2617
vn 0.4010 -0.8935 -0.2022
vn 0.3860 -0.8765 -0.2877
vn 0.4381 -0.8319 -0.3406
vn 0.4330 -0.8266 -0.3595
vn 0.4076 -0.8405 -0.3570
vn 0.4140 -0.8525 -0.3192
vn 0.4387 -0.8240 -0.3585
vn 0.4143 -0.8429 -0.3433
vn 0.3903 -0.8495 -0.3549
vn 0.4184 -0.8536 -0.3103
vn 0.4064 -0.8500 -0.3352
vn 0.4820 -0.7787 -0.4015
vn 0.4892 -0.7813 -0.3876
vn 0.4405 -0.8240 -0.3564
vn 0.4853 -0.7833 -0.3885
vn 0.4899 -0.7837 -0.3819
vn 0.4523 -0.8521 -0.2634
vn 0.4545 -0.8313 -0.3200
vn 0.7910 -0.6093 0.0555
vn 0.6589 -0.7512 0.0384
vn 0.6827 -0.7284 0.0573
vn 0.8121 -0.5807 0.0581
vn 0.5980 -0.8015 -0.0020
vn 0.5623 -0.8255 0.0479
vn 0.7124 -0.7013 0.0250
vn 0.8143 -0.5783 0.0492
vn 0.5956 -0.8028 0.0281
vn 0.9374 -0.3401 0.0754
vn 0.5640 -0.8247 -0.0419
vn 0.5370 -0.8433 0.0201
vn 0.5169 -0.8556 0.0276
vn 0.6302 -0.7764 0.0037
vn 0.7079 -0.7060 0.0221
vn 0.7981 -0.6016 0.0343
vn 0.9266 -0.3743 0.0363
vn 0.9366 -0.3504 -0.0037
vn 0.9295 -0.3670 0.0374
vn 0.5562 -0.8310 -0.0089
vn 0.4739 -0.8805 0.0150
vn 0.5382 -0.8428 -0.0062
vn 0.5648 -0.8252 0.0096
vn 0.3045 -0.9464 0.1079
vn 0.4716 -0.8818 -0.0031
vn 0.5486 -0.8360 -0.0127
vn 0.5361 -0.8439 0.0206
vn 0.5064 -0.8617 -0.0315
vn 0.0705 -0.9536 0.2926
vn 0.3688 -0.9254 0.0871
vn 0.4948 -0.8685 -0.0306
vn 0.8018 -0.5976 0.0047
vn 0.6880 -0.7255 0.0179
vn 0.6982 -0.7159 -0.0016
vn 0.8206 -0.5700 -0.0407
vn 0.6230 -0.7822 0.0052
vn 0.6261 -0.7790 0.0323
vn 0.7067 -0.7075 0.0027
vn 0.8313 -0.5552 -0.0264
vn 0.6383 -0.7696 0.0178
vn 0.9519 -0.3014 -0.0548
vn 0.6004 -0.7602 -0.2483
vn 0.6686 -0.7056 -0.2347
vn 0.7816 -0.5836 -0.2201
vn 0.9684 -0.2427 -0.0575
vn 0.9405 -0.2593 -0.2194
vn 0.9611 -0.2623 -0.0867
vn 0.0619 -0.8910 -0.4498
vn -0.0336 -0.8985 -0.4376
vn -0.1648 -0.8596 -0.4837
vn -0.1046 -0.8562 -0.5059
vn -0.1278 -0.9040 -0.4079
vn -0.1952 -0.8732 -0.4465
vn -0.1781 -0.8965 -0.4056
vn -0.1179 -0.9534 -0.2777
vn -0.1806 -0.8754 -0.4484
vn -0.2093 -0.9114 -0.3543
vn -0.2400 -0.9014 -0.3603
vn -0.1680 -0.9065 -0.3874
vn 0.0539 -0.9695 -0.2389
vn -0.0167 -0.9995 -0.0264
vn 0.0002 -0.9769 0.2136
vn -0.2461 -0.9143 -0.3216
vn -0.2315 -0.9113 -0.3405
vn -0.1973 -0.9035 -0.3805
vn -0.2594 -0.9071 -0.3315
vn -0.2413 -0.9264 -0.2892
vn -0.0558 -0.9417 -0.3318
vn 0.1491 -0.9553 -0.2554
vn -0.0647 -0.9541 -0.2923
vn 0.3577 -0.9088 -0.2147
vn -0.1815 -0.9346 -0.3058
vn 0.1741 -0.9635 -0.2035
vn 0.4594 -0.8758 -0.1479
vn 0.0751 -0.8884 0.4528
vn 0.1321 -0.9411 0.3112
vn 0.0806 -0.9526 0.2934
vn 0.0105 -0.8972 0.4416
vn 0.3013 -0.9533 -0.0207
vn 0.2984 -0.9486 -0.1053
vn 0.1497 -0.9683 0.2000
vn -0.0484 -0.9182 0.3931
vn 0.3848 -0.9173 -0.1023
vn 0.6698 -0.5894 -0.4516
vn 0.6735 -0.5654 -0.4762
vn 0.5962 -0.6759 -0.4332
vn 0.6126 -0.6677 -0.4231
vn 0.6781 -0.5568 -0.4798
vn 0.5960 -0.6764 -0.4328
vn 0.5676 -0.7353 -0.3704
vn 0.6164 -0.6838 -0.3905
vn 0.5248 -0.7514 -0.3999
vn 0.7525 -0.4596 -0.4718
vn 0.7496 -0.4460 -0.4891
vn 0.7455 -0.4397 -0.5009
vn 0.7376 -0.4164 -0.5316
vn 0.6468 -0.5643 -0.5131
vn 0.5772 -0.6680 -0.4697
vn 0.5211 -0.7383 -0.4282
vn 0.5046 -0.7748 -0.3808
vn 0.5822 -0.7505 -0.3127
vn 0.6020 -0.7275 -0.3292
vn 0.6442 -0.5718 -0.5080
vn 0.6668 -0.5939 -0.4502
vn 0.5919 -0.6914 -0.4142
vn 0.5655 -0.6794 -0.4676
vn 0.6791 -0.5950 -0.4300
vn 0.6023 -0.6826 -0.4138
vn 0.5169 -0.7611 -0.3918
vn 0.5086 -0.7512 -0.4207
vn 0.5392 -0.7426 -0.3973
vn 0.7519 -0.3929 -0.5293
vn 0.7900 -0.3729 -0.4867
vn 0.8403 -0.3187 -0.4386
vn 0.5096 -0.8112 -0.2869
vn 0.5881 -0.7586 -0.2803
vn 0.5365 -0.8113 -0.2320
vn 0.2944 -0.9075 -0.2996
vn 0.5193 -0.7900 -0.3258
vn 0.5365 -0.8022 -0.2620
vn 0.4201 -0.8857 -0.1976
vn 0.0408 -0.9285 -0.3692
vn 0.5025 -0.8456 -0.1801
vn -0.2738 -0.1133 -0.9551
vn -0.0909 0.0914 -0.9917
vn -0.0600 0.0753 -0.9954
vn -0.1323 -0.0227 -0.9909
vn -0.0347 0.2062 -0.9779
vn -0.0599 0.1859 -0.9807
vn -0.0203 -0.0073 -0.9998
vn -0.0186 0.0220 -0.9996
vn 0.0131 0.1049 -0.9944
vn -0.3414 -0.2467 -0.9070
vn -0.3372 -0.1938 -0.9213
vn -0.3871 -0.2606 -0.8844
vn -0.1476 0.0419 -0.9882
vn -0.0014 0.1972 -0.9804
vn -0.0071 0.1813 -0.9834
vn -0.0577 0.2486 -0.9669
vn -0.0447 0.2575 -0.9652
vn 0.0353 0.2245 -0.9738
vn 0.0413 0.2027 -0.9784
vn 0.0631 0.0927 -0.9937
vn 0.0149 -0.0249 -0.9996
vn 0.0048 0.0317 -0.9995
vn -0.1392 -0.1193 -0.9830
vn -0.0194 -0.0088 -0.9998
vn -0.3046 -0.2359 -0.9228
vn -0.0413 0.1350 -0.9900
vn -0.0093 0.1111 -0.9938
vn 0.0096 0.1458 -0.9893
vn -0.0138 0.1719 -0.9850
vn -0.0002 0.1197 -0.9928
vn 0.0222 0.1393 -0.9900
vn -0.0265 0.1519 -0.9880
vn -0.0850 0.1615 -0.9832
vn 0.0102 0.1438 -0.9895
vn -0.1775 0.1931 -0.9650
vn -0.0825 0.0737 -0.9939
vn -0.0899 0.2351 -0.9678
vn -0.0382 0.0537 -0.9978
vn -0.0012 0.0739 -0.9973
vn 0.0323 0.1124 -0.9931
vn 0.0036 0.1448 -0.9895
vn 0.0088 0.1626 -0.9866
vn 0.0130 0.1687 -0.9856
vn -0.0684 0.1349 -0.9885
vn -0.0357 0.2114 -0.9767
vn 0.0935 0.0036 -0.9956
vn 0.0358 0.0324 -0.9988
vn 0.0237 0.0693 -0.9973
vn 0.0636 0.0692 -0.9956
vn -0.0199 0.0378 -0.9991
vn 0.0021 0.0315 -0.9995
vn 0.0136 0.1477 -0.9889
vn 0.0283 0.1368 -0.9902
vn 0.0125 0.1288 -0.9916
vn 0.0903 -0.0826 -0.9925
vn 0.1240 -0.0787 -0.9892
vn 0.0878 0.0126 -0.9961
vn 0.0547 -0.0493 -0.9973
vn 0.0014 -0.0119 -0.9999
vn 0.0593 0.1200 -0.9910
vn 0.0863 0.0709 -0.9937
vn -0.3002 -0.1225 -0.9460
vn -0.3452 -0.1105 -0.9320
vn -0.3086 -0.1951 -0.9310
vn -0.2727 -0.2170 -0.9373
vn -0.3709 -0.0425 -0.9277
vn -0.3169 -0.1462 -0.9371
vn -0.2666 -0.2502 -0.9308
vn -0.2706 -0.2414 -0.9319
vn -0.2414 -0.2170 -0.9458
vn -0.3760 0.0114 -0.9265
vn -0.4088 0.0097 -0.9126
vn -0.4083 0.0449 -0.9117
vn -0.4313 0.0021 -0.9022
vn -0.3936 -0.0194 -0.9191
vn -0.3062 -0.1072 -0.9459
vn -0.2862 -0.1835 -0.9404
vn -0.2600 -0.2308 -0.9376
vn -0.2318 -0.2703 -0.9345
vn -0.2238 -0.2956 -0.9287
vn -0.4105 -0.1136 -0.9048
vn -0.2570 0.0656 -0.9642
vn -0.2438 0.0207 -0.9696
vn -0.3473 -0.1727 -0.9217
vn -0.0819 0.3069 -0.9482
vn -0.0794 0.2829 -0.9558
vn -0.2312 0.0277 -0.9725
vn -0.3627 -0.1873 -0.9129
vn -0.0528 0.2535 -0.9659
vn -0.4702 -0.0608 -0.8805
vn -0.2838 0.1202 -0.9513
vn -0.0710 0.3168 -0.9458
vn -0.0987 0.3266 -0.9400
vn -0.0824 0.3068 -0.9482
vn -0.0861 0.3086 -0.9473
vn -0.0600 0.2514 -0.9660
vn -0.2741 -0.2958 -0.9151
vn -0.3033 -0.2520 -0.9190
vn -0.3274 -0.3014 -0.8955
vn -0.2914 -0.3268 -0.8990
vn -0.3543 -0.2331 -0.9056
vn -0.3605 -0.2859 -0.8879
vn -0.3262 -0.3594 -0.8743
vn -0.3009 -0.3807 -0.8744
vn -0.2870 -0.2730 -0.9182
vn -0.1193 -0.1413 -0.9828
vn -0.2603 -0.2835 -0.9230
vn -0.3289 -0.3823 -0.8635
vn 0.0102 0.1906 -0.9816
vn 0.1119 0.2463 -0.9627
vn -0.1460 0.1926 -0.9703
vn -0.1538 0.1264 -0.9800
vn 0.2742 0.2400 -0.9312
vn -0.0167 0.2205 -0.9752
vn -0.1934 0.2168 -0.9568
vn -0.1765 0.1546 -0.9721
vn -0.1821 0.2470 -0.9517
vn 0.1385 0.3317 -0.9332
vn 0.2939 0.3061 -0.9055
vn -0.0666 0.2390 -0.9687
vn 0.3697 0.3202 -0.8722
vn 0.4312 0.2800 -0.8577
vn 0.4518 0.2771 -0.8480
vn 0.3536 0.2849 -0.8910
vn 0.1200 0.2473 -0.9615
vn -0.0903 0.2161 -0.9722
vn -0.1870 0.2463 -0.9510
vn -0.1465 0.2398 -0.9597
vn -0.1668 0.2412 -0.9560
vn -0.2197 0.1465 -0.9645
vn -0.1972 0.2198 -0.9554
vn -0.1653 0.1619 -0.9729
vn 0.3791 0.3383 -0.8613
vn 0.4235 0.3469 -0.8369
vn 0.2218 0.2428 -0.9444
vn 0.1822 0.2778 -0.9432
vn 0.4723 0.2953 -0.8305
vn 0.2633 0.1436 -0.9540
vn -0.0181 0.0630 -0.9979
vn -0.0231 0.1328 -0.9909
vn 0.0163 0.0198 -0.9997
vn 0.4530 0.3293 -0.8285
vn 0.4642 0.3406 -0.8176
vn 0.4874 0.3215 -0.8118
vn 0.4986 0.2912 -0.8165
vn 0.4788 0.2479 -0.8422
vn 0.2550 0.1300 -0.9582
vn 0.0430 0.0595 -0.9973
vn -0.1402 0.3184 -0.9375
vn -0.0941 0.2881 -0.9530
vn -0.1279 0.3199 -0.9388
vn -0.1339 0.3159 -0.9393
vn -0.0830 0.2750 -0.9579
vn -0.0672 0.2717 -0.9600
vn -0.1416 0.3160 -0.9381
vn -0.0985 0.2989 -0.9492
vn -0.1032 0.2223 -0.9695
vn -0.1520 0.2972 -0.9426
vn -0.1087 0.3346 -0.9361
vn -0.1276 0.3312 -0.9349
vn 0.3786 -0.2087 -0.9017
vn 0.1173 -0.2025 -0.9722
vn 0.1143 -0.1216 -0.9860
vn 0.2869 0.0279 -0.9576
vn 0.0867 -0.1908 -0.9778
vn 0.0919 -0.1789 -0.9796
vn 0.1547 -0.0663 -0.9857
vn 0.3385 0.0780 -0.9377
vn 0.1210 -0.1421 -0.9824
vn 0.6485 -0.1220 -0.7514
vn 0.1182 -0.2076 -0.9710
vn 0.1340 -0.1943 -0.9717
vn 0.1160 -0.1576 -0.9807
vn 0.1277 -0.0624 -0.9899
vn 0.1895 -0.0286 -0.9815
vn 0.3821 0.1176 -0.9166
vn 0.5273 0.2440 -0.8139
vn 0.5685 0.2765 -0.7749
vn 0.4592 0.2236 -0.8597
vn 0.1272 -0.2895 -0.9487
vn 0.1148 -0.3733 -0.9206
vn 0.1094 -0.1303 -0.9854
vn 0.1419 -0.1749 -0.9743
vn -0.1010 -0.4055 -0.9085
vn -0.0224 -0.1673 -0.9857
vn 0.0821 -0.1268 -0.9885
vn 0.1340 -0.1434 -0.9805
vn 0.0292 -0.0839 -0.9960
vn 0.4156 0.1924 -0.8890
vn 0.1800 0.0532 -0.9822
vn 0.1743 0.1402 -0.9747
vn 0.4061 0.2780 -0.8705
vn 0.0967 0.0227 -0.9951
vn 0.0735 0.0689 -0.9949
vn 0.2051 0.1704 -0.9638
vn 0.4243 0.2908 -0.8576
vn 0.0557 0.0956 -0.9939
vn 0.5714 0.2986 -0.7644
vn 0.4900 0.3060 -0.8163
vn 0.5235 0.3295 -0.7857
vn 0.7684 0.6374 -0.0572
vn 0.8129 0.5744 -0.0961
vn 0.8340 0.5505 -0.0375
vn 0.8019 0.5974 0.0074
vn 0.8239 0.5336 -0.1912
vn 0.8394 0.5326 -0.1080
vn 0.8209 0.5609 0.1073
vn 0.7957 0.5938 0.1194
vn 0.8576 0.5139 -0.0202
vn 0.7723 0.6336 0.0453
vn 0.7685 0.6281 -0.1217
vn 0.7837 0.6151 0.0864
vn 0.7758 0.6024 -0.1875
vn 0.8047 0.5487 -0.2267
vn 0.8229 0.5096 -0.2512
vn 0.8283 0.5074 -0.2376
vn 0.8385 0.5010 -0.2141
vn 0.8366 0.5351 -0.1169
vn 0.7978 0.5994 0.0646
vn 0.8080 0.5656 0.1651
vn 0.7958 0.5540 0.2445
vn 0.7492 0.5978 0.2851
vn 0.7583 0.6002 0.2545
vn 0.7046 0.5969 0.3837
vn 0.7674 0.6257 0.1400
vn 0.4956 0.7416 -0.4521
vn 0.4931 0.8169 -0.2990
vn 0.7583 0.6204 -0.2003
vn 0.7626 0.5610 -0.3221
vn 0.4908 0.8316 -0.2599
vn 0.7712 0.6071 -0.1915
vn 0.8570 0.4757 -0.1980
vn 0.8596 0.4660 -0.2099
vn 0.8485 0.5123 -0.1326
vn 0.3796 0.7838 -0.4915
vn 0.3477 0.8136 -0.4660
vn 0.4996 0.7019 -0.5077
vn 0.3279 0.8973 -0.2957
vn 0.2972 0.9293 -0.2194
vn 0.2761 0.9595 -0.0567
vn 0.5325 0.8464 0.0106
vn 0.7904 0.6096 0.0612
vn 0.8380 0.5423 0.0607
vn 0.8557 0.4752 -0.2048
vn 0.7469 0.5662 -0.3487
vn 0.4792 0.4986 0.7224
vn 0.6460 0.5094 0.5685
vn 0.7365 0.5602 0.3792
vn 0.5792 0.6630 0.4744
vn 0.7130 0.5612 0.4203
vn 0.7506 0.5560 0.3570
vn 0.7560 0.5892 0.2851
vn 0.5687 0.7594 0.3161
vn 0.7937 0.5706 0.2110
vn 0.2091 0.3328 0.9195
vn 0.3318 0.3884 0.8597
vn 0.2981 0.5381 0.7884
vn 0.5126 0.5164 0.6860
vn 0.6572 0.5779 0.4839
vn 0.3072 0.9182 0.2499
vn 0.3576 0.7927 0.4937
vn 0.8582 0.3813 0.3437
vn 0.7738 0.5841 0.2452
vn 0.7580 0.5869 0.2847
vn 0.7108 0.5540 0.4334
vn 0.7460 0.6493 0.1477
vn 0.7614 0.6363 0.1243
vn 0.7658 0.5761 0.2858
vn 0.7242 0.5101 0.4640
vn 0.7438 0.6527 0.1443
vn 0.9835 0.0599 0.1707
vn 0.8981 0.4173 0.1388
vn 0.7717 0.6315 0.0754
vn 0.7115 0.7026 0.0134
vn 0.7005 0.7136 0.0088
vn 0.7250 0.6880 -0.0326
vn 0.7347 0.6782 0.0145
vn 0.7432 0.6447 0.1789
vn 0.7162 0.6160 0.3279
vn 0.6699 0.5305 0.5195
vn 0.6762 0.7302 -0.0974
vn 0.6897 0.7124 -0.1297
vn 0.7106 0.6769 -0.1923
vn 0.7108 0.6914 -0.1293
vn 0.7073 0.6898 -0.1546
vn 0.7434 0.6332 -0.2153
vn 0.7423 0.6327 -0.2208
vn 0.7391 0.6644 -0.1107
vn 0.7762 0.5710 -0.2674
vn 0.6437 0.7624 -0.0667
vn 0.6660 0.7390 -0.1015
vn 0.6819 0.7167 -0.1461
vn 0.7172 0.6725 -0.1829
vn 0.7574 0.6241 -0.1919
vn 0.7971 0.5587 -0.2292
vn 0.8183 0.5140 -0.2574
vn 0.6123 0.5509 0.5671
vn 0.7036 0.6060 0.3712
vn 0.6731 0.5868 0.4502
vn 0.6201 0.5349 0.5739
vn 0.7630 0.6030 0.2327
vn 0.7245 0.5840 0.3661
vn 0.6531 0.5531 0.5173
vn 0.5946 0.5444 0.5917
vn 0.6981 0.5765 0.4245
vn 0.6589 0.5643 0.4974
vn 0.5961 0.5470 0.5877
vn 0.4319 0.5184 0.7381
vn 0.3961 0.8982 -0.1907
vn 0.3978 0.8879 -0.2308
vn 0.4546 0.8486 -0.2708
vn 0.4654 0.8645 -0.1898
vn 0.3766 0.8762 -0.3008
vn 0.4235 0.8287 -0.3661
vn 0.4322 0.8291 -0.3547
vn 0.4700 0.8462 -0.2510
vn 0.3994 0.8149 -0.4200
vn 0.2333 0.9503 0.2060
vn 0.1826 0.9706 -0.1567
vn 0.4165 0.9062 -0.0728
vn 0.1621 0.9615 -0.2219
vn 0.1733 0.9549 -0.2411
vn 0.1690 0.9594 -0.2260
vn 0.3377 0.8930 -0.2976
vn 0.3901 0.8454 -0.3647
vn 0.3654 0.8277 -0.4258
vn 0.4081 0.7893 -0.4588
vn 0.4323 0.7955 -0.4247
vn 0.4785 0.7973 -0.3679
vn 0.5182 0.8190 -0.2463
vn 0.5187 0.7964 -0.3109
vn 0.4917 0.8540 -0.1698
vn 0.2914 0.9293 -0.2267
vn 0.2372 0.9539 -0.1837
vn 0.2876 0.9242 -0.2513
vn 0.3340 0.8793 -0.3395
vn 0.1997 0.9792 -0.0349
vn 0.2583 0.9619 -0.0900
vn 0.3145 0.9056 -0.2844
vn 0.3339 0.8434 -0.4209
vn 0.2877 0.9463 -0.1472
vn 0.1802 0.9633 -0.1989
vn 0.2140 0.9666 -0.1407
vn 0.2043 0.9787 0.0206
vn 0.1625 0.9772 0.1368
vn 0.1785 0.9804 0.0831
vn 0.2262 0.9734 0.0369
vn 0.2375 0.9708 -0.0324
vn 0.5760 0.7123 -0.4011
vn 0.5438 0.7099 -0.4476
vn 0.7573 0.5495 -0.3529
vn 0.7639 0.5825 -0.2778
vn 0.5167 0.7292 -0.4488
vn 0.7446 0.5777 -0.3345
vn 0.8383 0.4799 -0.2589
vn 0.8183 0.5419 -0.1916
vn 0.8519 0.4718 -0.2272
vn 0.5972 0.7386 -0.3127
vn 0.8002 0.5790 -0.1562
vn 0.7650 0.6127 -0.1985
vn 0.2150 0.2019 0.9555
vn 0.2008 0.2157 0.9556
vn 0.2126 0.2231 0.9513
vn 0.2304 0.2063 0.9510
vn 0.1690 0.2698 0.9480
vn 0.1765 0.2337 0.9562
vn 0.2376 0.2859 0.9283
vn 0.2655 0.2706 0.9253
vn 0.1872 0.2780 0.9422
vn 0.2235 0.2161 0.9505
vn 0.1339 0.3114 0.9408
vn 0.1353 0.2763 0.9515
vn 0.1741 0.2801 0.9441
vn 0.2019 0.3432 0.9173
vn 0.2260 0.4042 0.8863
vn 0.2292 0.5744 0.7858
vn 0.2124 0.3099 0.9267
vn 0.1482 0.6979 0.7007
vn 0.2286 0.1665 0.9592
vn 0.0874 0.3370 0.9374
vn 0.0471 0.3658 0.9295
vn 0.1711 0.4377 0.8827
vn 0.1114 0.3326 0.9364
vn 0.1650 0.4299 0.8877
vn 0.4035 0.5374 0.7405
vn 0.3442 0.4676 0.8142
vn 0.1895 0.3575 0.9145
vn 0.5355 0.5460 0.6443
vn 0.1469 0.8342 0.5315
vn 0.2170 0.7562 0.6173
vn 0.2109 0.9343 0.2872
vn 0.1408 0.9358 0.3231
vn 0.2587 0.6258 0.7358
vn 0.2331 0.8988 0.3712
vn 0.2153 0.9628 0.1632
vn 0.1601 0.9708 0.1786
vn 0.1880 0.9634 0.1914
vn 0.0862 0.8687 0.4878
vn 0.1210 0.9636 0.2382
vn 0.0823 0.9206 0.3816
vn 0.7274 0.6849 -0.0418
vn 0.8267 0.5622 0.0212
vn 0.5660 0.8240 0.0255
vn 0.5776 0.8157 0.0301
vn 0.8682 0.4960 0.0110
vn 0.5656 0.8242 0.0284
vn 0.5737 0.8191 -0.0020
vn 0.6167 0.7871 -0.0110
vn 0.5400 0.8413 0.0243
vn 0.8694 0.4824 -0.1068
vn 0.9443 0.2923 -0.1510
vn 0.6273 0.7781 -0.0310
vn 0.9805 0.1873 -0.0587
vn 0.9914 0.1292 -0.0222
vn 0.9729 0.1095 -0.2039
vn 0.8922 0.4325 -0.1302
vn 0.6065 0.7918 0.0715
vn 0.5154 0.8427 0.1558
vn 0.6425 0.7571 0.1179
vn 0.6734 0.7352 0.0779
vn 0.6641 0.7460 0.0493
vn 0.6689 0.7434 0.0013
vn 0.6501 0.7573 -0.0619
vn 0.6791 0.7327 -0.0445
vn 0.6186 0.7851 -0.0292
vn 0.8832 0.2807 -0.3758
vn 0.7682 0.6363 -0.0704
vn 0.7429 0.6693 -0.0060
vn 0.9182 0.2812 -0.2791
vn 0.6886 0.7112 0.1415
vn 0.6173 0.7628 0.1926
vn 0.7041 0.7049 0.0857
vn 0.9169 0.3359 -0.2158
vn 0.5403 0.7969 0.2703
vn 0.9231 0.0961 -0.3725
vn 0.9252 0.2578 -0.2785
vn 0.8933 0.0731 -0.4435
vn 0.8508 0.5241 0.0392
vn 0.7304 0.6401 0.2382
vn 0.7355 0.6361 0.2332
vn 0.7230 0.6728 0.1567
vn 0.7339 0.6542 0.1828
vn 0.7196 0.6627 0.2075
vn 0.9404 0.0962 -0.3261
vn 0.9213 0.0738 -0.3817
vn 0.7188 0.6690 0.1891
vn 0.7269 0.6662 0.1669
vn 0.7065 0.6804 0.1946
vn 0.7186 0.6559 0.2311
vn 0.7087 0.6994 0.0924
vn 0.7128 0.6816 0.1651
vn 0.7013 0.6807 0.2118
vn 0.7124 0.6715 0.2040
vn 0.7255 0.6519 0.2206
vn 0.5477 0.8343 -0.0636
vn 0.7121 0.6981 0.0746
vn 0.5766 0.8147 0.0611
vn 0.7622 0.6390 0.1041
vn 0.7134 0.7007 0.0078
vn 0.7005 0.6804 0.2151
vn 0.6458 0.7505 0.1401
vn 0.9937 -0.0955 0.0587
vn 0.9908 -0.1354 0.0096
vn 0.9997 0.0088 0.0210
vn 0.9786 0.1906 0.0781
vn 0.9910 -0.1289 -0.0357
vn 0.9932 -0.0524 -0.1040
vn 0.9104 0.4129 -0.0270
vn 0.8202 0.5681 0.0672
vn 0.9641 0.2150 -0.1561
vn 0.9930 -0.0874 -0.0792
vn 0.9889 -0.0109 -0.1481
vn 0.9802 0.0993 -0.1716
vn 0.7447 0.6544 -0.1312
vn 0.6800 0.7226 -0.1246
vn 0.7064 0.7063 -0.0467
vn 0.9922 -0.0510 -0.1134
vn 0.9926 -0.0237 -0.1192
vn 0.9899 0.0425 -0.1352
vn 0.9891 0.0297 -0.1439
vn 0.9977 -0.0065 -0.0670
vn 0.9970 0.0500 -0.0589
vn 0.9893 0.0763 -0.1247
vn 0.9827 0.0718 -0.1709
vn 0.9966 0.0700 -0.0436
vn 0.9789 -0.0294 -0.2020
vn 0.9828 0.0235 -0.1831
vn 0.9809 0.0576 -0.1858
vn 0.6632 0.7338 -0.1470
vn 0.6632 0.7266 -0.1794
vn 0.6633 0.7267 -0.1785
vn 0.6511 0.7437 -0.1515
vn 0.6294 0.7727 -0.0829
vn 0.6578 0.7461 -0.1034
vn 0.6747 0.7262 -0.1322
vn 0.6733 0.7254 -0.1430
vn 0.6720 0.7302 -0.1235
vn 0.6922 0.7127 -0.1138
vn 0.6849 0.7213 -0.1030
vn 0.6872 0.7142 -0.1331
vn 0.8268 -0.3442 -0.4448
vn 0.8886 -0.1986 -0.4134
vn 0.8871 -0.1985 -0.4167
vn 0.8268 -0.3028 -0.4741
vn 0.9025 0.1329 -0.4097
vn 0.9429 -0.0382 -0.3307
vn 0.9010 -0.1483 -0.4077
vn 0.8436 -0.2641 -0.4675
vn 0.9383 -0.0417 -0.3434
vn 0.8331 -0.2547 -0.4909
vn 0.8039 0.0630 -0.5914
vn 0.6677 0.4420 -0.5990
vn 0.5420 0.6616 -0.5182
vn 0.7340 0.4993 -0.4604
vn 0.9236 0.2248 -0.3105
vn 0.9540 0.1121 -0.2779
vn 0.9185 -0.0398 -0.3933
vn 0.8974 -0.0929 -0.4314
vn 0.8465 -0.1983 -0.4941
vn 0.5390 0.6764 -0.5019
vn 0.5013 0.7214 -0.4777
vn 0.5550 0.7165 -0.4225
vn 0.7559 0.5085 -0.4124
vn 0.5649 0.6696 -0.4823
vn 0.5650 0.7249 -0.3941
vn 0.7874 0.6033 -0.1270
vn 0.9274 0.2841 -0.2433
vn 0.6921 0.7211 -0.0317
vn 0.5347 0.6901 -0.4877
vn 0.5936 0.6826 -0.4262
vn 0.6869 0.6043 -0.4038
vn 0.7189 0.5895 -0.3685
vn 0.6749 0.6556 -0.3385
vn 0.6196 0.7555 -0.2128
vn 0.6850 0.7271 0.0458
vn 0.8412 -0.1535 -0.5185
vn 0.8704 -0.0442 -0.4903
vn 0.8919 -0.0246 -0.4515
vn 0.8713 -0.1314 -0.4729
vn 0.8816 -0.0319 -0.4709
vn 0.9023 -0.0034 -0.4311
vn 0.9275 -0.0125 -0.3736
vn 0.9127 -0.0856 -0.3996
vn 0.9352 0.0315 -0.3528
vn 0.5082 0.8613 -0.0009
vn 0.5475 0.8239 -0.1467
vn 0.5343 0.8442 -0.0434
vn 0.5682 0.8157 0.1087
vn 0.5225 0.8232 -0.2220
vn 0.5117 0.8478 -0.1395
vn 0.5244 0.8509 0.0322
vn 0.5586 0.8023 0.2103
vn 0.5148 0.8550 -0.0626
vn 0.4803 0.8330 0.2747
vn 0.5356 0.8113 -0.2343
vn 0.5374 0.8291 -0.1544
vn 0.5227 0.8492 -0.0755
vn 0.5205 0.8536 -0.0215
vn 0.5363 0.8380 0.1007
vn 0.5529 0.7891 0.2676
vn 0.5606 0.7288 0.3932
vn 0.5646 0.7061 0.4273
vn 0.5607 0.7670 0.3120
vn 0.6235 0.7457 -0.2350
vn 0.7698 0.6241 -0.1339
vn 0.7610 0.6487 -0.0017
vn 0.6326 0.7690 -0.0920
vn 0.7661 0.6353 -0.0979
vn 0.7300 0.6805 -0.0635
vn 0.7711 0.6346 0.0527
vn 0.6632 0.7485 0.0039
vn 0.7243 0.6865 -0.0644
vn 0.5577 0.7748 0.2976
vn 0.5305 0.8319 0.1627
vn 0.5314 0.8173 0.2229
vn 0.5481 0.7920 0.2688
vn 0.5052 0.8610 0.0591
vn 0.5385 0.8381 0.0874
vn 0.6061 0.7911 0.0824
vn 0.6476 0.7617 0.0208
vn 0.6028 0.7915 0.1007
vn 0.5676 0.6985 0.4358
vn 0.6977 0.7129 -0.0715
vn 0.6274 0.7168 0.3044
vn 0.8653 0.4381 -0.2436
vn 0.8048 0.4920 -0.3318
vn 0.7957 0.5149 -0.3188
vn 0.8632 0.4627 -0.2021
vn 0.7713 0.4931 -0.4024
vn 0.8213 0.5073 -0.2609
vn 0.8081 0.5137 -0.2881
vn 0.8514 0.4974 -0.1664
vn 0.8649 0.4021 -0.3003
vn 0.8400 0.4310 -0.3295
vn 0.8517 0.3853 -0.3552
vn 0.8785 0.4318 -0.2042
vn 0.7939 0.4244 -0.4354
vn 0.7276 0.4774 -0.4927
vn 0.7071 0.4373 -0.5557
vn 0.7993 0.4702 -0.3742
vn 0.8490 0.4490 -0.2786
vn 0.8261 0.3915 -0.4053
vn 0.7858 0.5294 -0.3198
vn 0.8909 0.4352 -0.1299
vn 0.8611 0.4905 -0.1339
vn 0.8406 0.5302 -0.1108
vn 0.8564 0.4772 -0.1971
vn 0.8298 0.5460 -0.1153
vn 0.8819 0.4375 -0.1758
vn 0.7214 0.3944 -0.5692
vn 0.7979 0.4756 -0.3703
vn 0.8702 0.3917 -0.2989
vn 0.7677 0.3658 -0.5261
vn 0.8578 0.4822 -0.1776
vn 0.8788 0.4412 -0.1819
vn 0.8067 0.4353 -0.3995
vn 0.7655 0.4642 -0.4456
vn 0.8073 0.4738 -0.3517
vn 0.6019 0.4221 -0.6779
vn 0.6170 0.4653 -0.6347
vn 0.6698 0.3502 -0.6548
vn 0.7435 0.5019 -0.4419
vn 0.8140 0.5363 -0.2232
vn 0.8245 0.5346 -0.1855
vn 0.8733 0.4662 -0.1414
vn 0.8766 0.4651 -0.1239
vn 0.8317 0.5256 -0.1790
vn 0.6653 0.4266 -0.6126
vn 0.6790 0.4038 -0.6131
vn 0.8827 0.4677 0.0447
vn 0.8715 0.4865 -0.0613
vn 0.8869 0.4565 -0.0704
vn 0.8975 0.4402 -0.0272
vn 0.8504 0.5168 -0.0991
vn 0.8642 0.5022 -0.0306
vn 0.8919 0.4468 -0.0700
vn 0.8886 0.4467 -0.1038
vn 0.8548 0.5184 -0.0261
vn 0.7465 0.5563 0.3650
vn 0.8381 0.5418 0.0639
vn 0.8295 0.5266 0.1859
vn 0.8467 0.5260 -0.0799
vn 0.8423 0.5281 -0.1084
vn 0.8404 0.5322 -0.1024
vn 0.8489 0.5258 0.0543
vn 0.7130 0.1289 -0.6892
vn 0.5674 0.3817 -0.7296
vn 0.6160 0.4717 -0.6309
vn 0.6085 0.3918 -0.6901
vn 0.6021 0.3733 -0.7057
vn 0.6767 0.4308 -0.5970
vn 0.6473 0.5366 -0.5413
vn 0.5487 0.5723 -0.6094
vn 0.7392 0.4663 -0.4859
vn 0.6399 0.3409 -0.6887
vn 0.7130 0.3644 -0.5990
vn 0.7905 0.4023 -0.4619
vn 0.7960 0.4986 -0.3432
vn 0.6987 0.5800 -0.4189
vn 0.5835 0.6504 -0.4864
vn 0.6332 0.3091 -0.7096
vn 0.5649 0.2881 -0.7732
vn 0.6857 0.2962 -0.6649
vn 0.7126 0.3249 -0.6217
vn 0.5071 0.2800 -0.8151
vn 0.5846 0.3500 -0.7320
vn 0.7891 0.3594 -0.4982
vn 0.7967 0.3635 -0.4828
vn 0.6822 0.4466 -0.5790
vn 0.4711 0.3284 -0.8186
vn 0.5285 0.3995 -0.7491
vn 0.6332 0.4533 -0.6274
vn 0.6497 0.6372 -0.4145
vn 0.7532 0.5518 -0.3580
vn 0.7861 0.5366 -0.3068
vn 0.7297 0.5953 -0.3364
vn 0.8171 0.4931 -0.2988
vn 0.8401 0.4816 -0.2498
vn 0.8160 0.5320 -0.2262
vn 0.7586 0.5709 -0.3141
vn 0.8656 0.4682 -0.1774
vn 0.8309 0.5314 -0.1649
vn 0.8471 0.5046 -0.1667
vn 0.7632 0.5654 -0.3128
vn 0.3877 0.3449 -0.8548
vn 0.3952 0.4068 -0.8236
vn 0.5011 0.3519 -0.7906
vn 0.4561 0.3261 -0.8280
vn 0.4272 0.4783 -0.7673
vn 0.5340 0.4420 -0.7207
vn 0.5090 0.3613 -0.7813
vn 0.4688 0.3373 -0.8164
vn 0.5709 0.4020 -0.7159
vn 0.1537 0.3984 -0.9043
vn 0.1748 0.4145 -0.8931
vn 0.2310 0.4523 -0.8614
vn 0.2486 0.5702 -0.7830
vn 0.4284 0.5270 -0.7340
vn 0.5340 0.4727 -0.7010
vn 0.6230 0.4503 -0.6396
vn 0.6197 0.3839 -0.6846
vn 0.5656 0.3544 -0.7446
vn 0.5061 0.2956 -0.8102
vn 0.4301 0.5944 -0.6795
vn 0.4520 0.6615 -0.5984
vn 0.5877 0.6206 -0.5191
vn 0.5361 0.5307 -0.6565
vn 0.4862 0.7449 -0.4569
vn 0.6445 0.6696 -0.3691
vn 0.6869 0.5575 -0.4663
vn 0.6228 0.4493 -0.6405
vn 0.7325 0.6091 -0.3040
vn 0.2049 0.6439 -0.7371
vn 0.1736 0.6949 -0.6978
vn 0.1508 0.7980 -0.5835
vn 0.1033 0.9207 -0.3763
vn 0.4951 0.8198 -0.2878
vn 0.6733 0.6991 -0.2404
vn 0.7615 0.6138 -0.2082
vn 0.4919 0.3126 -0.8126
vn 0.5883 0.3497 -0.7291
vn 0.5624 0.3800 -0.7344
vn 0.4861 0.3477 -0.8018
vn 0.6665 0.3828 -0.6398
vn 0.6385 0.4189 -0.6456
vn 0.5801 0.3714 -0.7249
vn 0.5194 0.3330 -0.7870
vn 0.6677 0.4170 -0.6167
vn 0.4561 0.7112 0.5349
vn 0.5530 0.6291 0.5463
vn 0.5381 0.5482 0.6403
vn 0.3965 0.6410 0.6571
vn 0.5525 0.6208 0.5562
vn 0.5560 0.5474 0.6254
vn 0.5332 0.5223 0.6655
vn 0.3644 0.6304 0.6855
vn 0.5630 0.5050 0.6542
vn 0.2437 0.8098 0.5338
vn 0.5620 0.6148 0.5533
vn 0.5600 0.5648 0.6061
vn 0.6210 0.5569 0.5516
vn 0.6136 0.5252 0.5897
vn 0.5310 0.5519 0.6430
vn 0.3623 0.6729 0.6449
vn 0.1470 0.7421 0.6540
vn 0.1145 0.7983 0.5913
vn 0.1995 0.7585 0.6203
vn 0.5892 0.6282 0.5081
vn 0.7168 0.6441 0.2671
vn 0.7828 0.6151 0.0941
vn 0.6629 0.5979 0.4507
vn 0.7967 0.5932 -0.1159
vn 0.8276 0.5445 -0.1364
vn 0.8190 0.5690 -0.0738
vn 0.7673 0.5937 0.2424
vn 0.8093 0.5613 -0.1730
vn 0.3743 0.7386 0.5606
vn 0.5789 0.6281 0.5200
vn 0.6750 0.7006 0.2313
vn 0.4211 0.8672 0.2660
vn 0.7164 0.5932 0.3673
vn 0.7766 0.6167 0.1284
vn 0.7035 0.7083 -0.0587
vn 0.4606 0.8840 -0.0801
vn 0.7744 0.6286 -0.0725
vn 0.0615 0.9051 0.4207
vn 0.0449 0.9872 -0.1527
vn 0.0247 0.9924 0.1206
vn -0.7047 0.5288 0.4731
vn -0.7334 0.4821 0.4792
vn -0.7526 0.4985 0.4301
vn -0.7292 0.5236 0.4406
vn -0.7220 0.4639 0.5133
vn -0.7507 0.4881 0.4452
vn -0.7665 0.5033 0.3989
vn -0.7407 0.5240 0.4205
vn -0.7673 0.4794 0.4261
vn -0.6374 0.5863 0.4999
vn -0.6637 0.5279 0.5299
vn -0.6686 0.5659 0.4825
vn -0.6839 0.4505 0.5739
vn -0.6842 0.4129 0.6011
vn -0.6562 0.3863 0.6482
vn -0.7145 0.4018 0.5727
vn -0.7741 0.4246 0.4696
vn -0.8085 0.4119 0.4204
vn -0.8220 0.4171 0.3877
vn -0.7903 0.4471 0.4190
vn -0.7954 0.4831 0.3661
vn -0.7585 0.5218 0.3905
vn -0.7213 0.5383 0.4359
vn -0.7356 0.5455 0.4017
vn -0.6979 0.5591 0.4476
vn -0.1373 0.6814 0.7189
vn -0.2005 0.7709 0.6046
vn -0.5588 0.5458 0.6244
vn -0.5276 0.4877 0.6955
vn -0.2418 0.8306 0.5017
vn -0.6187 0.5959 0.5119
vn -0.7761 0.3543 0.5216
vn -0.7316 0.3316 0.5957
vn -0.8300 0.3700 0.4173
vn 0.0438 0.6785 0.7333
vn 0.0405 0.7331 0.6790
vn -0.0788 0.6387 0.7654
vn -0.0215 0.8252 0.5644
vn -0.0754 0.9007 0.4279
vn -0.0760 0.9476 0.3104
vn -0.3222 0.8575 0.4010
vn -0.7136 0.5739 0.4017
vn -0.8387 0.4078 0.3609
vn -0.6837 0.3019 0.6644
vn -0.4866 0.4443 0.7522
vn -0.6437 0.7615 0.0759
vn -0.8265 0.4658 0.3161
vn -0.8303 0.4550 0.3219
vn -0.5454 0.8265 0.1397
vn -0.7914 0.4812 0.3770
vn -0.8343 0.4376 0.3355
vn -0.7636 0.4933 0.4166
vn -0.4341 0.8579 0.2748
vn -0.8122 0.4055 0.4193
vn -0.3054 0.9484 -0.0847
vn -0.6949 0.7026 0.1536
vn -0.2247 0.9645 -0.1389
vn -0.7990 0.5071 0.3233
vn -0.7634 0.5189 0.3845
vn -0.1151 0.9876 0.1064
vn -0.1661 0.9832 -0.0763
vn -0.7017 0.0536 0.7105
vn -0.6391 0.2741 0.7187
vn -0.5602 0.4897 0.6681
vn -0.6790 0.2402 0.6937
vn -0.5513 0.5091 0.6610
vn -0.5415 0.5664 0.6213
vn -0.4902 0.5934 0.6384
vn -0.5721 0.4870 0.6600
vn -0.5631 0.5962 0.5723
vn -0.7364 0.0479 0.6749
vn -0.5843 0.5285 0.6159
vn -0.5897 0.5319 0.6077
vn -0.6096 0.5751 0.5455
vn -0.5732 0.6261 0.5286
vn -0.4894 0.6510 0.5802
vn -0.5038 0.6542 0.5641
vn -0.7566 0.2673 0.5967
vn -0.6392 0.5674 0.5192
vn -0.7729 0.0814 0.6293
vn -0.5718 0.5126 0.6405
vn -0.5673 0.4846 0.6658
vn -0.6022 0.5077 0.6161
vn -0.6024 0.5307 0.5962
vn -0.5937 0.4398 0.6739
vn -0.6263 0.4326 0.6485
vn -0.6412 0.4796 0.5991
vn -0.6240 0.5458 0.5591
vn -0.6535 0.4078 0.6377
vn -0.5473 0.3583 0.7563
vn -0.6426 0.3841 0.6630
vn -0.6468 0.3939 0.6531
vn -0.5064 0.7327 0.4547
vn -0.5370 0.6939 0.4798
vn -0.6176 0.6743 0.4049
vn -0.5455 0.7360 0.4008
vn -0.6080 0.6280 0.4857
vn -0.6662 0.6059 0.4347
vn -0.6957 0.6126 0.3751
vn -0.6188 0.6762 0.3999
vn -0.7094 0.5690 0.4159
vn -0.5408 0.7274 0.4224
vn -0.7333 0.5557 0.3918
vn -0.7301 0.5655 0.3837
vn -0.6972 0.5987 0.3942
vn -0.5523 0.7306 0.4016
vn -0.6289 0.6493 0.4276
vn -0.5180 0.7533 0.4052
vn 0.2329 0.2022 0.9512
vn 0.2215 0.1876 0.9569
vn 0.2240 0.2167 0.9502
vn 0.2279 0.1664 0.9594
vn 0.1424 0.3887 0.9103
vn 0.1417 0.4546 0.8794
vn 0.1943 0.2005 0.9602
vn 0.2132 0.1611 0.9636
vn 0.0930 0.4629 0.8815
vn 0.0583 0.7204 0.6911
vn 0.0279 0.7197 0.6938
vn -0.0003 0.7007 0.7135
vn 0.1294 0.4632 0.8767
vn 0.2180 0.2229 0.9502
vn 0.2377 0.2073 0.9490
vn 0.0431 0.8631 0.5032
vn 0.0726 0.8973 0.4355
vn 0.0391 0.8636 0.5026
vn 0.0061 0.8230 0.5680
vn 0.0851 0.9478 0.3073
vn 0.0353 0.9354 0.3518
vn 0.0318 0.8344 0.5503
vn 0.0166 0.7716 0.6358
vn -0.0144 0.9244 0.3813
vn 0.0846 0.9762 0.1998
vn 0.0007 0.9765 0.2156
vn -0.0415 0.9700 0.2396
vn 0.2850 0.2741 0.9185
vn 0.2464 0.2848 0.9264
vn -0.0889 0.3591 0.9291
vn 0.1838 0.3149 0.9312
vn 0.0740 0.4797 0.8743
vn -0.3564 0.3968 0.8459
vn -0.5284 0.3731 0.7626
vn -0.2340 0.3149 0.9198
vn -0.6462 0.3396 0.6834
vn -0.0245 0.9935 -0.1116
vn -0.1787 0.9720 -0.1529
vn -0.1026 0.9798 -0.1714
vn -0.0351 0.9803 -0.1945
vn -0.4573 0.8525 -0.2531
vn -0.2671 0.9381 -0.2205
vn -0.0991 0.9830 -0.1546
vn -0.0384 0.9793 -0.1989
vn -0.1464 0.9788 -0.1429
vn -0.0669 0.9941 0.0850
vn -0.3937 0.9129 -0.1076
vn -0.6096 0.7476 -0.2635
vn -0.6475 0.7019 -0.2968
vn -0.6324 0.7116 -0.3060
vn -0.5581 0.8086 -0.1863
vn -0.4285 0.8998 -0.0823
vn -0.1202 0.9834 -0.1358
vn -0.1198 0.9818 -0.1475
vn -0.0200 0.9845 -0.1741
vn -0.7323 0.6720 -0.1105
vn -0.7349 0.6540 0.1793
vn -0.7768 0.5797 0.2459
vn -0.7552 0.6552 0.0213
vn -0.7218 0.5896 0.3626
vn -0.7390 0.5815 0.3401
vn -0.7878 0.5372 0.3014
vn -0.7334 0.6671 0.1307
vn -0.7567 0.5559 0.3441
vn -0.6533 0.7343 -0.1843
vn -0.6766 0.7264 0.1202
vn -0.6823 0.6098 0.4032
vn 0.0013 0.9797 -0.2004
vn -0.1308 0.9776 -0.1647
vn -0.1140 0.9898 -0.0858
vn 0.0393 0.9933 -0.1083
vn -0.1322 0.9803 -0.1468
vn -0.1257 0.9874 -0.0961
vn -0.0511 0.9917 0.1176
vn 0.0772 0.9914 0.1052
vn -0.0720 0.9936 0.0875
vn -0.8468 0.1893 0.4971
vn -0.8267 0.2881 0.4833
vn -0.8707 0.2539 0.4213
vn -0.8643 0.2249 0.4498
vn -0.6545 0.6653 0.3591
vn -0.7618 0.5952 0.2558
vn -0.9439 0.2704 0.1896
vn -0.9364 0.2643 0.2307
vn -0.8447 0.5264 0.0967
vn -0.8577 0.2028 0.4725
vn -0.8497 0.1938 0.4903
vn -0.8293 0.2174 0.5147
vn -0.7313 0.4304 0.5292
vn -0.5451 0.7041 0.4552
vn -0.4760 0.8556 0.2034
vn -0.4459 0.8922 0.0713
vn -0.4492 0.8926 -0.0390
vn -0.4896 0.8701 -0.0567
vn -0.6122 0.7890 -0.0515
vn -0.8659 0.5000 -0.0169
vn -0.9583 0.2846 0.0240
vn -0.9565 0.2879 0.0478
vn -0.9162 0.2808 0.2858
vn -0.9405 0.3305 0.0791
vn -0.8456 0.2345 0.4795
vn -0.4983 0.8546 -0.1462
vn -0.4606 0.8837 -0.0829
vn -0.4037 0.9065 -0.1237
vn -0.4654 0.8716 -0.1540
vn -0.4027 0.9137 -0.0554
vn -0.3394 0.9360 -0.0931
vn -0.3589 0.9214 -0.1492
vn -0.3981 0.9056 -0.1466
vn -0.3456 0.9343 -0.0877
vn -0.5063 0.8549 -0.1135
vn -0.5152 0.8542 -0.0705
vn -0.4958 0.8450 -0.2002
vn -0.5018 0.8628 -0.0619
vn -0.4465 0.8941 -0.0345
vn -0.4177 0.9083 -0.0234
vn -0.3631 0.9271 -0.0926
vn -0.3666 0.9253 -0.0971
vn -0.4586 0.8868 -0.0577
vn -0.4662 0.8807 -0.0843
vn -0.5139 0.8406 -0.1714
vn -0.9088 0.4063 -0.0949
vn -0.9488 0.3153 0.0213
vn -0.8728 0.4839 -0.0641
vn -0.7186 0.6811 -0.1405
vn -0.9542 0.2949 0.0501
vn -0.9418 0.3357 0.0149
vn -0.6166 0.7760 -0.1329
vn -0.4702 0.8685 -0.1569
vn -0.7876 0.6143 -0.0470
vn -0.9158 0.3621 -0.1740
vn -0.9472 0.3148 -0.0607
vn -0.7857 0.5871 -0.1950
vn -0.9487 0.3153 0.0242
vn -0.9400 0.3376 0.0491
vn -0.4438 0.8903 -0.1021
vn -0.5711 0.7968 -0.1975
vn -0.7799 0.0443 0.6244
vn -0.8108 0.1200 0.5729
vn -0.8307 0.1828 0.5259
vn -0.8105 0.0394 0.5844
vn -0.8394 0.1393 0.5254
vn -0.8584 0.1575 0.4882
vn -0.8542 0.1917 0.4834
vn -0.8515 0.0736 0.5191
vn -0.8600 0.2051 0.4673
vn -0.7791 0.3760 0.5016
vn -0.8559 0.2184 0.4688
vn -0.8733 0.1837 0.4511
vn -0.8516 0.2231 0.4744
vn -0.8503 0.1952 0.4888
vn -0.8422 0.1244 0.5246
vn -0.6001 0.6669 0.4418
vn -0.5106 0.7436 0.4317
vn -0.5333 0.7029 0.4707
vn -0.7283 0.5084 0.4594
vn -0.4996 0.7527 0.4288
vn -0.4581 0.7300 0.5072
vn -0.6175 0.5947 0.5148
vn -0.8124 0.3092 0.4943
vn -0.4831 0.7089 0.5139
vn -0.5569 0.6963 0.4528
vn -0.4681 0.7445 0.4760
vn -0.4650 0.8023 0.3744
vn -0.8439 0.1583 0.5126
vn -0.8409 0.2074 0.4998
vn -0.8423 0.2015 0.4999
vn -0.8477 0.1770 0.5000
vn -0.8345 0.2113 0.5089
vn -0.8428 0.2075 0.4967
vn -0.8674 0.2421 0.4348
vn -0.8557 0.1980 0.4781
vn -0.8944 0.2657 0.3597
vn -0.9349 0.3356 0.1156
vn -0.9326 0.3259 0.1550
vn -0.9401 0.2684 0.2101
vn -0.4050 0.9133 0.0424
vn -0.6671 0.7450 -0.0027
vn -0.6845 0.7249 -0.0773
vn -0.6213 0.7797 -0.0777
vn -0.7043 0.7096 -0.0216
vn -0.6757 0.7355 -0.0491
vn -0.6621 0.7343 -0.1496
vn -0.6520 0.7329 -0.1943
vn -0.6241 0.7743 -0.1049
vn -0.1727 0.9175 0.3583
vn -0.6049 0.7792 0.1641
vn -0.7421 0.6654 0.0806
vn -0.6976 0.7151 0.0444
vn -0.6350 0.7712 0.0447
vn -0.5953 0.8016 0.0550
vn -0.5518 0.8340 0.0092
vn -0.5393 0.8224 -0.1811
vn -0.5959 0.7758 -0.2075
vn -0.6366 0.7315 -0.2444
vn -0.5817 0.8128 0.0313
vn -0.5903 0.8049 -0.0602
vn -0.5724 0.8186 -0.0475
vn -0.5564 0.8289 0.0578
vn -0.5604 0.8224 -0.0984
vn -0.5251 0.8491 -0.0572
vn -0.5535 0.8328 -0.0088
vn -0.5425 0.8394 0.0325
vn -0.4986 0.8668 -0.0042
vn -0.6190 0.7849 0.0266
vn -0.6124 0.7884 -0.0583
vn -0.5954 0.7906 -0.1426
vn -0.5432 0.8230 -0.1662
vn -0.5063 0.8505 -0.1426
vn -0.4855 0.8698 -0.0875
vn -0.4430 0.8949 -0.0532
vn -0.5636 0.7883 -0.2468
vn -0.5007 0.8255 -0.2604
vn -0.5728 0.8185 -0.0440
vn -0.6161 0.7855 0.0586
vn -0.4844 0.8387 -0.2488
vn -0.5407 0.8314 -0.1280
vn -0.5798 0.7522 0.3131
vn -0.6354 0.6608 0.3995
vn -0.5195 0.8464 0.1173
vn -0.4246 0.1727 -0.8887
vn -0.5894 0.2146 -0.7788
vn -0.6049 0.3125 -0.7324
vn -0.4792 0.3035 -0.8236
vn -0.8427 0.2051 -0.4978
vn -0.8350 0.2735 -0.4774
vn -0.5806 0.3503 -0.7350
vn -0.5000 0.3763 -0.7800
vn -0.8243 0.3053 -0.4768
vn -0.3990 0.1395 -0.9063
vn -0.9415 0.1970 -0.2736
vn -0.9445 0.2395 -0.2249
vn -0.9446 0.2729 -0.1824
vn -0.7706 0.4757 -0.4241
vn -0.5541 0.5050 -0.6618
vn -0.5085 0.4805 -0.7146
vn -0.5117 0.3404 -0.7888
vn -0.5678 0.4694 -0.6762
vn -0.4573 0.2798 -0.8442
vn -0.9552 0.2312 -0.1850
vn -0.9550 0.2815 -0.0933
vn -0.9439 0.3287 -0.0307
vn -0.9519 0.2824 -0.1190
vn -0.9499 0.3104 -0.0378
vn -0.9372 0.3476 -0.0295
vn -0.9604 0.2781 -0.0154
vn -0.9600 0.2679 -0.0810
vn -0.9482 0.3177 -0.0012
vn -0.4885 0.7030 -0.5169
vn -0.5183 0.7207 -0.4604
vn -0.4437 0.8469 -0.2932
vn -0.4683 0.8307 -0.3011
vn -0.6265 0.7076 -0.3269
vn -0.5063 0.8365 -0.2096
vn -0.4533 0.8669 -0.2073
vn -0.4994 0.8361 -0.2271
vn -0.4433 0.8867 -0.1314
vn -0.5612 0.7055 -0.4327
vn -0.5228 0.8265 -0.2088
vn -0.5310 0.8047 -0.2655
vn -0.6407 0.6327 -0.4350
vn -0.6744 0.6774 -0.2937
vn -0.6801 0.6575 -0.3242
vn -0.6647 0.5877 -0.4614
vn -0.6928 0.6981 -0.1806
vn -0.7009 0.6663 -0.2544
vn -0.6626 0.6297 -0.4056
vn -0.5790 0.5832 -0.5698
vn -0.7173 0.6241 -0.3099
vn -0.6158 0.6272 -0.4768
vn -0.6381 0.6763 -0.3681
vn -0.5918 0.6175 -0.5181
vn -0.6600 0.6982 -0.2771
vn -0.6680 0.7263 -0.1618
vn -0.6913 0.7143 -0.1085
vn -0.7293 0.6733 -0.1216
vn -0.7396 0.6360 -0.2201
vn -0.7481 0.6035 -0.2760
vn -0.7111 0.5877 -0.3859
vn -0.6197 0.6013 -0.5044
vn -0.4981 0.5933 -0.6324
vn -0.3555 0.5332 -0.7676
vn -0.4904 0.5439 -0.6810
vn -0.2393 0.5033 -0.8303
vn -0.6261 0.5521 -0.5506
vn -0.8030 0.5907 -0.0791
vn -0.7277 0.6400 -0.2467
vn -0.7776 0.6070 -0.1641
vn -0.7877 0.6097 -0.0885
vn -0.5363 0.6802 -0.4998
vn -0.6666 0.6503 -0.3643
vn -0.7655 0.6194 -0.1742
vn -0.7686 0.6322 -0.0982
vn -0.7448 0.6181 -0.2513
vn -0.8049 0.5933 0.0148
vn -0.7486 0.6541 -0.1084
vn -0.8068 0.5907 -0.0150
vn -0.5840 0.7305 -0.3539
vn -0.4734 0.7156 -0.5136
vn -0.4500 0.6563 -0.6057
vn -0.4303 0.6504 -0.6260
vn -0.4712 0.6517 -0.5943
vn -0.5999 0.6361 -0.4853
vn -0.7396 0.6714 -0.0471
vn -0.7875 0.6160 -0.0182
vn -0.3115 0.4236 -0.8506
vn -0.2592 0.4476 -0.8559
vn -0.2840 0.4903 -0.8240
vn -0.3397 0.4840 -0.8065
vn -0.2256 0.4754 -0.8503
vn -0.2969 0.5259 -0.7971
vn -0.3367 0.5708 -0.7489
vn -0.3760 0.5629 -0.7360
vn -0.4113 0.5779 -0.7049
vn -0.3592 0.3981 -0.8441
vn -0.2980 0.3674 -0.8810
vn -0.3396 0.4402 -0.8312
vn -0.2113 0.3932 -0.8949
vn -0.1820 0.4346 -0.8820
vn -0.3931 0.5711 -0.7206
vn -0.3519 0.4998 -0.7914
vn -0.4386 0.1323 -0.8889
vn -0.4961 0.2306 -0.8371
vn -0.5481 0.1569 -0.8216
vn -0.4724 0.1003 -0.8757
vn -0.5575 0.2678 -0.7858
vn -0.6008 0.2466 -0.7604
vn -0.5094 0.1109 -0.8534
vn -0.4373 0.0581 -0.8974
vn -0.5968 0.3074 -0.7412
vn -0.6197 0.4649 -0.6323
vn -0.6247 0.5246 -0.5784
vn -0.6304 0.5952 -0.4984
vn -0.6003 0.4166 -0.6827
vn -0.5087 0.1159 -0.8531
vn -0.4494 0.0046 -0.8933
vn -0.5957 0.7211 -0.3537
vn -0.5498 0.7992 -0.2429
vn -0.6020 0.7731 -0.1996
vn -0.5905 0.7317 -0.3405
vn -0.5552 0.8113 -0.1833
vn -0.6515 0.7515 -0.1034
vn -0.6570 0.7251 -0.2064
vn -0.6301 0.7074 -0.3202
vn -0.6667 0.7320 -0.1403
vn -0.6112 0.7771 -0.1500
vn -0.6710 0.7396 -0.0512
vn -0.6615 0.7430 -0.1021
vn -0.4963 0.0080 -0.8681
vn -0.5571 0.2671 -0.7864
vn -0.4514 0.4184 -0.7882
vn -0.3269 0.2099 -0.9215
vn -0.5673 0.5205 -0.6382
vn -0.5560 0.5172 -0.6507
vn -0.2099 0.4045 -0.8901
vn -0.0897 0.3394 -0.9364
vn -0.3747 0.4878 -0.7884
vn -0.1407 0.4501 -0.8818
vn -0.0781 0.3662 -0.9272
vn -0.0852 0.3394 -0.9368
vn -0.0918 0.8535 0.5129
vn -0.0685 0.8258 0.5597
vn -0.5200 0.7632 0.3836
vn -0.5494 0.7730 0.3173
vn -0.0949 0.8303 0.5491
vn -0.4815 0.8012 0.3553
vn -0.7557 0.6328 0.1685
vn -0.7456 0.6539 0.1287
vn -0.7641 0.6163 0.1908
vn -0.1715 0.9030 0.3940
vn -0.4387 0.8830 0.1666
vn -0.6924 0.7200 0.0471
vn -0.8021 0.5832 0.1281
vn -0.7744 0.6278 0.0782
vn -0.7611 0.6420 0.0928
vn -0.2456 0.9602 0.1332
vn -0.2883 0.9534 -0.0885
vn -0.4018 0.8848 -0.2360
vn -0.4092 0.9097 -0.0708
vn -0.2819 0.9281 -0.2432
vn -0.4209 0.8453 -0.3289
vn -0.4607 0.8198 -0.3401
vn -0.5614 0.8180 -0.1255
vn -0.4629 0.7730 -0.4339
vn -0.2343 0.8459 -0.4791
vn -0.3714 0.7463 -0.5524
vn -0.4338 0.6879 -0.5819
vn -0.6883 0.7214 0.0768
vn -0.7482 0.6624 0.0383
vn -0.6947 0.7193 -0.0007
vn -0.6535 0.7563 -0.0289
vn -0.7917 0.6094 0.0438
vn -0.7422 0.6693 -0.0347
vn -0.6743 0.7367 -0.0503
vn -0.6450 0.7596 -0.0829
vn -0.6873 0.7229 -0.0715
vn -0.1085 0.3565 -0.9280
vn -0.2102 0.2763 -0.9378
vn -0.2027 0.3221 -0.9247
vn -0.0931 0.3689 -0.9248
vn -0.2646 0.2098 -0.9413
vn -0.2117 0.2280 -0.9504
vn -0.1982 0.3434 -0.9180
vn -0.0928 0.3642 -0.9267
vn -0.2078 0.3209 -0.9241
vn -0.2292 0.2236 -0.9473
vn -0.2327 0.1852 -0.9548
vn -0.3001 0.2621 -0.9172
vn -0.2863 0.4440 -0.8490
vn -0.2521 0.4255 -0.8691
vn -0.1043 0.4994 -0.8601
vn -0.1701 0.2870 -0.9427
vn -0.1415 0.3371 -0.9308
vn -0.1597 0.3418 -0.9261
vn -0.2006 0.2741 -0.9406
vn -0.1176 0.3593 -0.9258
vn -0.1144 0.3654 -0.9238
vn -0.1839 0.3690 -0.9111
vn -0.2630 0.3048 -0.9154
vn -0.1434 0.4022 -0.9042
vn -0.1130 0.6057 -0.7876
vn -0.2900 0.5141 -0.8072
vn -0.3115 0.5882 -0.7463
vn -0.1472 0.6541 -0.7419
vn -0.3259 0.4771 -0.8162
vn -0.3422 0.5383 -0.7701
vn -0.3181 0.6425 -0.6971
vn -0.1913 0.7254 -0.6613
vn -0.3628 0.5971 -0.7154
s 1
g off
g rock.002_warna_batu
usemtl warna_batu
f 5623//4613 5624//4614 5627//4615 5626//4616
f 5624//4614 5625//4617 5628//4618 5627//4615
f 5626//4616 5627//4615 5630//4619 5629//4620
f 5627//4615 5628//4618 5631//4621 5630//4619
f 4676//4622 4975//4623 5623//4613 4992//4624
f 4975//4623 4976//4625 5624//4614 5623//4613
f 4976//4625 4977//4626 5625//4617 5624//4614
f 4977//4626 4677//4627 4995//4628 5625//4617
f 5625//4617 4995//4628 4994//4629 5628//4618
f 5628//4618 4994//4629 4993//4630 5631//4621
f 5631//4621 4993//4630 4675//4631 4999//4632
f 5630//4619 5631//4621 4999//4632 5000//4633
f 5629//4620 5630//4619 5000//4633 5001//4634
f 4990//4635 5629//4620 5001//4634 4681//4636
f 4991//4637 5626//4616 5629//4620 4990//4635
f 4992//4624 5623//4613 5626//4616 4991//4637
f 5632//4638 5633//4639 5636//4640 5635//4641
f 5633//4639 5634//4642 5637//4643 5636//4640
f 5635//4641 5636//4640 5639//4644 5638//4645
f 5636//4640 5637//4643 5640//4646 5639//4644
f 4678//4647 4978//4648 5632//4638 4986//4649
f 4978//4648 4979//4650 5633//4639 5632//4638
f 4979//4650 4980//4651 5634//4642 5633//4639
f 4980//4651 4679//4652 4998//4653 5634//4642
f 5634//4642 4998//4653 4997//4654 5637//4643
f 5637//4643 4997//4654 4996//4655 5640//4646
f 5640//4646 4996//4655 4675//4631 4993//4630
f 5639//4644 5640//4646 4993//4630 4994//4629
f 5638//4645 5639//4644 4994//4629 4995//4628
f 4984//4656 5638//4645 4995//4628 4677//4627
f 4985//4657 5635//4641 5638//4645 4984//4656
f 4986//4649 5632//4638 5635//4641 4985//4657
f 5641//4658 5642//4659 5645//4660 5644//4661
f 5642//4659 5643//4662 5646//4663 5645//4660
f 5644//4661 5645//4660 5648//4664 5647//4665
f 5645//4660 5646//4663 5649//4666 5648//4664
f 4680//4667 4981//4668 5641//4658 4989//4669
f 4981//4668 4982//4670 5642//4659 5641//4658
f 4982//4670 4983//4671 5643//4662 5642//4659
f 4983//4671 4681//4636 5001//4634 5643//4662
f 5643//4662 5001//4634 5000//4633 5646//4663
f 5646//4663 5000//4633 4999//4632 5649//4666
f 5649//4666 4999//4632 4675//4631 4996//4655
f 5648//4664 5649//4666 4996//4655 4997//4654
f 5647//4665 5648//4664 4997//4654 4998//4653
f 4987//4672 5647//4665 4998//4653 4679//4652
f 4988//4673 5644//4661 5647//4665 4987//4672
f 4989//4669 5641//4658 5644//4661 4988//4673
f 5650//4674 5651//4675 5654//4676 5653//4677
f 5651//4675 5652//4678 5655//4679 5654//4676
f 5653//4677 5654//4676 5657//4680 5656//4681
f 5654//4676 5655//4679 5658//4682 5657//4680
f 4613//4683 4759//4684 5650//4674 4771//4685
f 4759//4684 4760//4686 5651//4675 5650//4674
f 4760//4686 4761//4687 5652//4678 5651//4675
f 4761//4687 4621//4688 5002//4689 5652//4678
f 5652//4678 5002//4689 5003//4690 5655//4679
f 5655//4679 5003//4690 5004//4691 5658//4682
f 5658//4682 5004//4691 4676//4622 5010//4692
f 5657//4680 5658//4682 5010//4692 5009//4693
f 5656//4681 5657//4680 5009//4693 5008//4694
f 4773//4695 5656//4681 5008//4694 4624//4696
f 4772//4697 5653//4677 5656//4681 4773//4695
f 4771//4685 5650//4674 5653//4677 4772//4697
f 5659//4698 5660//4699 5663//4700 5662//4701
f 5660//4699 5661//4702 5664//4703 5663//4700
f 5662//4701 5663//4700 5666//4704 5665//4705
f 5663//4700 5664//4703 5667//4706 5666//4704
f 4621//4688 4762//4707 5659//4698 5002//4689
f 4762//4707 4763//4708 5660//4699 5659//4698
f 4763//4708 4764//4709 5661//4702 5660//4699
f 4764//4709 4622//4710 5005//4711 5661//4702
f 5661//4702 5005//4711 5006//4712 5664//4703
f 5664//4703 5006//4712 5007//4713 5667//4706
f 5667//4706 5007//4713 4677//4627 4977//4626
f 5666//4704 5667//4706 4977//4626 4976//4625
f 5665//4705 5666//4704 4976//4625 4975//4623
f 5004//4691 5665//4705 4975//4623 4676//4622
f 5003//4690 5662//4701 5665//4705 5004//4691
f 5002//4689 5659//4698 5662//4701 5003//4690
f 5668//4714 5669//4715 5672//4716 5671//4717
f 5669//4715 5670//4718 5673//4719 5672//4716
f 5671//4717 5672//4716 5675//4720 5674//4721
f 5672//4716 5673//4719 5676//4722 5675//4720
f 4624//4696 5008//4694 5668//4714 4774//4723
f 5008//4694 5009//4693 5669//4715 5668//4714
f 5009//4693 5010//4692 5670//4718 5669//4715
f 5010//4692 4676//4622 4992//4624 5670//4718
f 5670//4718 4992//4624 4991//4637 5673//4719
f 5673//4719 4991//4637 4990//4635 5676//4722
f 5676//4722 4990//4635 4681//4636 5025//4724
f 5675//4720 5676//4722 5025//4724 5024//4725
f 5674//4721 5675//4720 5024//4725 5023//4726
f 4776//4727 5674//4721 5023//4726 4625//4728
f 4775//4729 5671//4717 5674//4721 4776//4727
f 4774//4723 5668//4714 5671//4717 4775//4729
f 5677//4730 5678//4731 5681//4732 5680//4733
f 5678//4731 5679//4734 5682//4735 5681//4732
f 5680//4733 5681//4732 5684//4736 5683//4737
f 5681//4732 5682//4735 5685//4738 5684//4736
f 4614//4739 4843//4740 5677//4730 4770//4741
f 4843//4740 4844//4742 5678//4731 5677//4730
f 4844//4742 4845//4743 5679//4734 5678//4731
f 4845//4743 4642//4744 5011//4745 5679//4734
f 5679//4734 5011//4745 5012//4746 5682//4735
f 5682//4735 5012//4746 5013//4747 5685//4738
f 5685//4738 5013//4747 4678//4647 5019//4748
f 5684//4736 5685//4738 5019//4748 5018//4749
f 5683//4737 5684//4736 5018//4749 5017//4750
f 4768//4751 5683//4737 5017//4750 4623//4752
f 4769//4753 5680//4733 5683//4737 4768//4751
f 4770//4741 5677//4730 5680//4733 4769//4753
f 5686//4754 5687//4755 5690//4756 5689//4757
f 5687//4755 5688//4758 5691//4759 5690//4756
f 5689//4757 5690//4756 5693//4760 5692//4761
f 5690//4756 5691//4759 5694//4762 5693//4760
f 4642//4744 4846//4763 5686//4754 5011//4745
f 4846//4763 4847//4764 5687//4755 5686//4754
f 4847//4764 4848//4765 5688//4758 5687//4755
f 4848//4765 4643//4766 5014//4767 5688//4758
f 5688//4758 5014//4767 5015//4768 5691//4759
f 5691//4759 5015//4768 5016//4769 5694//4762
f 5694//4762 5016//4769 4679//4652 4980//4651
f 5693//4760 5694//4762 4980//4651 4979//4650
f 5692//4761 5693//4760 4979//4650 4978//4648
f 5013//4747 5692//4761 4978//4648 4678//4647
f 5012//4746 5689//4757 5692//4761 5013//4747
f 5011//4745 5686//4754 5689//4757 5012//4746
f 5695//4770 5696//4771 5699//4772 5698//4773
f 5696//4771 5697//4774 5700//4775 5699//4772
f 5698//4773 5699//4772 5702//4776 5701//4777
f 5699//4772 5700//4775 5703//4778 5702//4776
f 4623//4752 5017//4750 5695//4770 4767//4779
f 5017//4750 5018//4749 5696//4771 5695//4770
f 5018//4749 5019//4748 5697//4774 5696//4771
f 5019//4748 4678//4647 4986//4649 5697//4774
f 5697//4774 4986//4649 4985//4657 5700//4775
f 5700//4775 4985//4657 4984//4656 5703//4778
f 5703//4778 4984//4656 4677//4627 5007//4713
f 5702//4776 5703//4778 5007//4713 5006//4712
f 5701//4777 5702//4776 5006//4712 5005//4711
f 4765//4780 5701//4777 5005//4711 4622//4710
f 4766//4781 5698//4773 5701//4777 4765//4780
f 4767//4779 5695//4770 5698//4773 4766//4781
f 5704//4782 5705//4783 5708//4784 5707//4785
f 5705//4783 5706//4786 5709//4787 5708//4784
f 5707//4785 5708//4784 5711//4788 5710//4789
f 5708//4784 5709//4787 5712//4790 5711//4788
f 4615//4791 4782//4792 5704//4782 4854//4793
f 4782//4792 4781//4794 5705//4783 5704//4782
f 4781//4794 4780//4795 5706//4786 5705//4783
f 4780//4795 4626//4796 5020//4797 5706//4786
f 5706//4786 5020//4797 5021//4798 5709//4787
f 5709//4787 5021//4798 5022//4799 5712//4790
f 5712//4790 5022//4799 4680//4667 5028//4800
f 5711//4788 5712//4790 5028//4800 5027//4801
f 5710//4789 5711//4788 5027//4801 5026//4802
f 4852//4803 5710//4789 5026//4802 4644//4804
f 4853//4805 5707//4785 5710//4789 4852//4803
f 4854//4793 5704//4782 5707//4785 4853//4805
f 5713//4806 5714//4807 5717//4808 5716//4809
f 5714//4807 5715//4810 5718//4811 5717//4808
f 5716//4809 5717//4808 5720//4812 5719//4813
f 5717//4808 5718//4811 5721//4814 5720//4812
f 4626//4796 4779//4815 5713//4806 5020//4797
f 4779//4815 4778//4816 5714//4807 5713//4806
f 4778//4816 4777//4817 5715//4810 5714//4807
f 4777//4817 4625//4728 5023//4726 5715//4810
f 5715//4810 5023//4726 5024//4725 5718//4811
f 5718//4811 5024//4725 5025//4724 5721//4814
f 5721//4814 5025//4724 4681//4636 4983//4671
f 5720//4812 5721//4814 4983//4671 4982//4670
f 5719//4813 5720//4812 4982//4670 4981//4668
f 5022//4799 5719//4813 4981//4668 4680//4667
f 5021//4798 5716//4809 5719//4813 5022//4799
f 5020//4797 5713//4806 5716//4809 5021//4798
f 5722//4818 5723//4819 5726//4820 5725//4821
f 5723//4819 5724//4822 5727//4823 5726//4820
f 5725//4821 5726//4820 5729//4824 5728//4825
f 5726//4820 5727//4823 5730//4826 5729//4824
f 4644//4804 5026//4802 5722//4818 4851//4827
f 5026//4802 5027//4801 5723//4819 5722//4818
f 5027//4801 5028//4800 5724//4822 5723//4819
f 5028//4800 4680//4667 4989//4669 5724//4822
f 5724//4822 4989//4669 4988//4673 5727//4823
f 5727//4823 4988//4673 4987//4672 5730//4826
f 5730//4826 4987//4672 4679//4652 5016//4769
f 5729//4824 5730//4826 5016//4769 5015//4768
f 5728//4825 5729//4824 5015//4768 5014//4767
f 4849//4828 5728//4825 5014//4767 4643//4766
f 4850//4829 5725//4821 5728//4825 4849//4828
f 4851//4827 5722//4818 5725//4821 4850//4829
f 5731//4830 5732//4831 5735//4832 5734//4833
f 5732//4831 5733//4834 5736//4835 5735//4832
f 5734//4833 5735//4832 5738//4836 5737//4837
f 5735//4832 5736//4835 5739//4838 5738//4836
f 4683//4839 5029//4840 5731//4830 5046//4841
f 5029//4840 5030//4842 5732//4831 5731//4830
f 5030//4842 5031//4843 5733//4834 5732//4831
f 5031//4843 4684//4844 5049//4845 5733//4834
f 5733//4834 5049//4845 5048//4846 5736//4835
f 5736//4835 5048//4846 5047//4847 5739//4838
f 5739//4838 5047//4847 4682//4848 5053//4849
f 5738//4836 5739//4838 5053//4849 5054//4850
f 5737//4837 5738//4836 5054//4850 5055//4851
f 5044//4852 5737//4837 5055//4851 4688//4853
f 5045//4854 5734//4833 5737//4837 5044//4852
f 5046//4841 5731//4830 5734//4833 5045//4854
f 5740//4855 5741//4856 5744//4857 5743//4858
f 5741//4856 5742//4859 5745//4860 5744//4857
f 5743//4858 5744//4857 5747//4861 5746//4862
f 5744//4857 5745//4860 5748//4863 5747//4861
f 4685//4864 5032//4865 5740//4855 5040//4866
f 5032//4865 5033//4867 5741//4856 5740//4855
f 5033//4867 5034//4868 5742//4859 5741//4856
f 5034//4868 4686//4869 5052//4870 5742//4859
f 5742//4859 5052//4870 5051//4871 5745//4860
f 5745//4860 5051//4871 5050//4872 5748//4863
f 5748//4863 5050//4872 4682//4848 5047//4847
f 5747//4861 5748//4863 5047//4847 5048//4846
f 5746//4862 5747//4861 5048//4846 5049//4845
f 5038//4873 5746//4862 5049//4845 4684//4844
f 5039//4874 5743//4858 5746//4862 5038//4873
f 5040//4866 5740//4855 5743//4858 5039//4874
f 5749//4875 5750//4876 5753//4877 5752//4878
f 5750//4876 5751//4879 5754//4880 5753//4877
f 5752//4878 5753//4877 5756//4881 5755//4882
f 5753//4877 5754//4880 5757//4883 5756//4881
f 4687//4884 5035//4885 5749//4875 5043//4886
f 5035//4885 5036//4887 5750//4876 5749//4875
f 5036//4887 5037//4888 5751//4879 5750//4876
f 5037//4888 4688//4853 5055//4851 5751//4879
f 5751//4879 5055//4851 5054//4850 5754//4880
f 5754//4880 5054//4850 5053//4849 5757//4883
f 5757//4883 5053//4849 4682//4848 5050//4872
f 5756//4881 5757//4883 5050//4872 5051//4871
f 5755//4882 5756//4881 5051//4871 5052//4870
f 5041//4889 5755//4882 5052//4870 4686//4869
f 5042//4890 5752//4878 5755//4882 5041//4889
f 5043//4886 5749//4875 5752//4878 5042//4890
f 5758//4891 5759//4892 5762//4893 5761//4894
f 5759//4892 5760//4895 5763//4896 5762//4893
f 5761//4894 5762//4893 5765//4897 5764//4898
f 5762//4893 5763//4896 5766//4899 5765//4897
f 4613//4683 4831//4900 5758//4891 4759//4684
f 4831//4900 4832//4901 5759//4892 5758//4891
f 4832//4901 4833//4902 5760//4895 5759//4892
f 4833//4902 4639//4903 5056//4904 5760//4895
f 5760//4895 5056//4904 5057//4905 5763//4896
f 5763//4896 5057//4905 5058//4906 5766//4899
f 5766//4899 5058//4906 4683//4839 5064//4907
f 5765//4897 5766//4899 5064//4907 5063//4908
f 5764//4898 5765//4897 5063//4908 5062//4909
f 4761//4687 5764//4898 5062//4909 4621//4688
f 4760//4686 5761//4894 5764//4898 4761//4687
f 4759//4684 5758//4891 5761//4894 4760//4686
f 5767//4910 5768//4911 5771//4912 5770//4913
f 5768//4911 5769//4914 5772//4915 5771//4912
f 5770//4913 5771//4912 5774//4916 5773//4917
f 5771//4912 5772//4915 5775//4918 5774//4916
f 4639//4903 4834//4919 5767//4910 5056//4904
f 4834//4919 4835//4920 5768//4911 5767//4910
f 4835//4920 4836//4921 5769//4914 5768//4911
f 4836//4921 4640//4922 5059//4923 5769//4914
f 5769//4914 5059//4923 5060//4924 5772//4915
f 5772//4915 5060//4924 5061//4925 5775//4918
f 5775//4918 5061//4925 4684//4844 5031//4843
f 5774//4916 5775//4918 5031//4843 5030//4842
f 5773//4917 5774//4916 5030//4842 5029//4840
f 5058//4906 5773//4917 5029//4840 4683//4839
f 5057//4905 5770//4913 5773//4917 5058//4906
f 5056//4904 5767//4910 5770//4913 5057//4905
f 5776//4926 5777//4927 5780//4928 5779//4929
f 5777//4927 5778//4930 5781//4931 5780//4928
f 5779//4929 5780//4928 5783//4932 5782//4933
f 5780//4928 5781//4931 5784//4934 5783//4932
f 4621//4688 5062//4909 5776//4926 4762//4707
f 5062//4909 5063//4908 5777//4927 5776//4926
f 5063//4908 5064//4907 5778//4930 5777//4927
f 5064//4907 4683//4839 5046//4841 5778//4930
f 5778//4930 5046//4841 5045//4854 5781//4931
f 5781//4931 5045//4854 5044//4852 5784//4934
f 5784//4934 5044//4852 4688//4853 5079//4935
f 5783//4932 5784//4934 5079//4935 5078//4936
f 5782//4933 5783//4932 5078//4936 5077//4937
f 4764//4709 5782//4933 5077//4937 4622//4710
f 4763//4708 5779//4929 5782//4933 4764//4709
f 4762//4707 5776//4926 5779//4929 4763//4708
f 5785//4938 5786//4939 5789//4940 5788//4941
f 5786//4939 5787//4942 5790//4943 5789//4940
f 5788//4941 5789//4940 5792//4944 5791//4945
f 5789//4940 5790//4943 5793//4946 5792//4944
f 4620//4947 4914//4948 5785//4938 4842//4949
f 4914//4948 4913//4950 5786//4939 5785//4938
f 4913//4950 4912//4951 5787//4942 5786//4939
f 4912//4951 4659//4952 5065//4953 5787//4942
f 5787//4942 5065//4953 5066//4954 5790//4943
f 5790//4943 5066//4954 5067//4955 5793//4946
f 5793//4946 5067//4955 4685//4864 5073//4956
f 5792//4944 5793//4946 5073//4956 5072//4957
f 5791//4945 5792//4944 5072//4957 5071//4958
f 4840//4959 5791//4945 5071//4958 4641//4960
f 4841//4961 5788//4941 5791//4945 4840//4959
f 4842//4949 5785//4938 5788//4941 4841//4961
f 5794//4962 5795//4963 5798//4964 5797//4965
f 5795//4963 5796//4966 5799//4967 5798//4964
f 5797//4965 5798//4964 5801//4968 5800//4969
f 5798//4964 5799//4967 5802//4970 5801//4968
f 4659//4952 4911//4971 5794//4962 5065//4953
f 4911//4971 4910//4972 5795//4963 5794//4962
f 4910//4972 4909//4973 5796//4966 5795//4963
f 4909//4973 4658//4974 5068//4975 5796//4966
f 5796//4966 5068//4975 5069//4976 5799//4967
f 5799//4967 5069//4976 5070//4977 5802//4970
f 5802//4970 5070//4977 4686//4869 5034//4868
f 5801//4968 5802//4970 5034//4868 5033//4867
f 5800//4969 5801//4968 5033//4867 5032//4865
f 5067//4955 5800//4969 5032//4865 4685//4864
f 5066//4954 5797//4965 5800//4969 5067//4955
f 5065//4953 5794//4962 5797//4965 5066//4954
f 5803//4978 5804//4979 5807//4980 5806//4981
f 5804//4979 5805//4982 5808//4983 5807//4980
f 5806//4981 5807//4980 5810//4984 5809//4985
f 5807//4980 5808//4983 5811//4986 5810//4984
f 4641//4960 5071//4958 5803//4978 4839//4987
f 5071//4958 5072//4957 5804//4979 5803//4978
f 5072//4957 5073//4956 5805//4982 5804//4979
f 5073//4956 4685//4864 5040//4866 5805//4982
f 5805//4982 5040//4866 5039//4874 5808//4983
f 5808//4983 5039//4874 5038//4873 5811//4986
f 5811//4986 5038//4873 4684//4844 5061//4925
f 5810//4984 5811//4986 5061//4925 5060//4924
f 5809//4985 5810//4984 5060//4924 5059//4923
f 4837//4988 5809//4985 5059//4923 4640//4922
f 4838//4989 5806//4981 5809//4985 4837//4988
f 4839//4987 5803//4978 5806//4981 4838//4989
f 5812//4990 5813//4991 5816//4992 5815//4993
f 5813//4991 5814//4994 5817//4995 5816//4992
f 5815//4993 5816//4992 5819//4996 5818//4997
f 5816//4992 5817//4995 5820//4998 5819//4996
f 4614//4739 4770//4741 5812//4990 4903//4999
f 4770//4741 4769//4753 5813//4991 5812//4990
f 4769//4753 4768//4751 5814//4994 5813//4991
f 4768//4751 4623//4752 5074//5000 5814//4994
f 5814//4994 5074//5000 5075//5001 5817//4995
f 5817//4995 5075//5001 5076//5002 5820//4998
f 5820//4998 5076//5002 4687//4884 5082//5003
f 5819//4996 5820//4998 5082//5003 5081//5004
f 5818//4997 5819//4996 5081//5004 5080//5005
f 4905//5006 5818//4997 5080//5005 4657//5007
f 4904//5008 5815//4993 5818//4997 4905//5006
f 4903//4999 5812//4990 5815//4993 4904//5008
f 5821//5009 5822//5010 5825//5011 5824//5012
f 5822//5010 5823//5013 5826//5014 5825//5011
f 5824//5012 5825//5011 5828//5015 5827//5016
f 5825//5011 5826//5014 5829//5017 5828//5015
f 4623//4752 4767//4779 5821//5009 5074//5000
f 4767//4779 4766//4781 5822//5010 5821//5009
f 4766//4781 4765//4780 5823//5013 5822//5010
f 4765//4780 4622//4710 5077//4937 5823//5013
f 5823//5013 5077//4937 5078//4936 5826//5014
f 5826//5014 5078//4936 5079//4935 5829//5017
f 5829//5017 5079//4935 4688//4853 5037//4888
f 5828//5015 5829//5017 5037//4888 5036//4887
f 5827//5016 5828//5015 5036//4887 5035//4885
f 5076//5002 5827//5016 5035//4885 4687//4884
f 5075//5001 5824//5012 5827//5016 5076//5002
f 5074//5000 5821//5009 5824//5012 5075//5001
f 5830//5018 5831//5019 5834//5020 5833//5021
f 5831//5019 5832//5022 5835//5023 5834//5020
f 5833//5021 5834//5020 5837//5024 5836//5025
f 5834//5020 5835//5023 5838//5026 5837//5024
f 4657//5007 5080//5005 5830//5018 4906//5027
f 5080//5005 5081//5004 5831//5019 5830//5018
f 5081//5004 5082//5003 5832//5022 5831//5019
f 5082//5003 4687//4884 5043//4886 5832//5022
f 5832//5022 5043//4886 5042//4890 5835//5023
f 5835//5023 5042//4890 5041//4889 5838//5026
f 5838//5026 5041//4889 4686//4869 5070//4977
f 5837//5024 5838//5026 5070//4977 5069//4976
f 5836//5025 5837//5024 5069//4976 5068//4975
f 4908//5028 5836//5025 5068//4975 4658//4974
f 4907//5029 5833//5021 5836//5025 4908//5028
f 4906//5027 5830//5018 5833//5021 4907//5029
f 5839//5030 5840//5031 5843//5032 5842//5033
f 5840//5031 5841//5034 5844//5035 5843//5032
f 5842//5033 5843//5032 5846//5036 5845//5037
f 5843//5032 5844//5035 5847//5038 5846//5036
f 4690//5039 5083//5040 5839//5030 5100//5041
f 5083//5040 5084//5042 5840//5031 5839//5030
f 5084//5042 5085//5043 5841//5034 5840//5031
f 5085//5043 4691//5044 5103//5045 5841//5034
f 5841//5034 5103//5045 5102//5046 5844//5035
f 5844//5035 5102//5046 5101//5047 5847//5038
f 5847//5038 5101//5047 4689//5048 5107//5049
f 5846//5036 5847//5038 5107//5049 5108//5050
f 5845//5037 5846//5036 5108//5050 5109//5051
f 5098//5052 5845//5037 5109//5051 4695//5053
f 5099//5054 5842//5033 5845//5037 5098//5052
f 5100//5041 5839//5030 5842//5033 5099//5054
f 5848//5055 5849//5056 5852//5057 5851//5058
f 5849//5056 5850//5059 5853//5060 5852//5057
f 5851//5058 5852//5057 5855//5061 5854//5062
f 5852//5057 5853//5060 5856//5063 5855//5061
f 4692//5064 5086//5065 5848//5055 5094//5066
f 5086//5065 5087//5067 5849//5056 5848//5055
f 5087//5067 5088//5068 5850//5059 5849//5056
f 5088//5068 4693//5069 5106//5070 5850//5059
f 5850//5059 5106//5070 5105//5071 5853//5060
f 5853//5060 5105//5071 5104//5072 5856//5063
f 5856//5063 5104//5072 4689//5048 5101//5047
f 5855//5061 5856//5063 5101//5047 5102//5046
f 5854//5062 5855//5061 5102//5046 5103//5045
f 5092//5073 5854//5062 5103//5045 4691//5044
f 5093//5074 5851//5058 5854//5062 5092//5073
f 5094//5066 5848//5055 5851//5058 5093//5074
f 5857//5075 5858//5076 5861//5077 5860//5078
f 5858//5076 5859//5079 5862//5080 5861//5077
f 5860//5078 5861//5077 5864//5081 5863//5082
f 5861//5077 5862//5080 5865//5083 5864//5081
f 4694//5084 5089//5085 5857//5075 5097//5086
f 5089//5085 5090//5087 5858//5076 5857//5075
f 5090//5087 5091//5088 5859//5079 5858//5076
f 5091//5088 4695//5053 5109//5051 5859//5079
f 5859//5079 5109//5051 5108//5050 5862//5080
f 5862//5080 5108//5050 5107//5049 5865//5083
f 5865//5083 5107//5049 4689//5048 5104//5072
f 5864//5081 5865//5083 5104//5072 5105//5071
f 5863//5082 5864//5081 5105//5071 5106//5070
f 5095//5089 5863//5082 5106//5070 4693//5069
f 5096//5090 5860//5078 5863//5082 5095//5089
f 5097//5086 5857//5075 5860//5078 5096//5090
f 5866//5091 5867//5092 5870//5093 5869//5094
f 5867//5092 5868//5095 5871//5096 5870//5093
f 5869//5094 5870//5093 5873//5097 5872//5098
f 5870//5093 5871//5096 5874//5099 5873//5097
f 4616//5100 4951//5101 5866//5091 4794//5102
f 4951//5101 4952//5103 5867//5092 5866//5091
f 4952//5103 4953//5104 5868//5095 5867//5092
f 4953//5104 4669//5105 5110//5106 5868//5095
f 5868//5095 5110//5106 5111//5107 5871//5096
f 5871//5096 5111//5107 5112//5108 5874//5099
f 5874//5099 5112//5108 4690//5039 5118//5109
f 5873//5097 5874//5099 5118//5109 5117//5110
f 5872//5098 5873//5097 5117//5110 5116//5111
f 4792//5112 5872//5098 5116//5111 4629//5113
f 4793//5114 5869//5094 5872//5098 4792//5112
f 4794//5102 5866//5091 5869//5094 4793//5114
f 5875//5115 5876//5116 5879//5117 5878//5118
f 5876//5116 5877//5119 5880//5120 5879//5117
f 5878//5118 5879//5117 5882//5121 5881//5122
f 5879//5117 5880//5120 5883//5123 5882//5121
f 4669//5105 4954//5124 5875//5115 5110//5106
f 4954//5124 4955//5125 5876//5116 5875//5115
f 4955//5125 4956//5126 5877//5119 5876//5116
f 4956//5126 4670//5127 5113//5128 5877//5119
f 5877//5119 5113//5128 5114//5129 5880//5120
f 5880//5120 5114//5129 5115//5130 5883//5123
f 5883//5123 5115//5130 4691//5044 5085//5043
f 5882//5121 5883//5123 5085//5043 5084//5042
f 5881//5122 5882//5121 5084//5042 5083//5040
f 5112//5108 5881//5122 5083//5040 4690//5039
f 5111//5107 5878//5118 5881//5122 5112//5108
f 5110//5106 5875//5115 5878//5118 5111//5107
f 5884//5131 5885//5132 5888//5133 5887//5134
f 5885//5132 5886//5135 5889//5136 5888//5133
f 5887//5134 5888//5133 5891//5137 5890//5138
f 5888//5133 5889//5136 5892//5139 5891//5137
f 4629//5113 5116//5111 5884//5131 4791//5140
f 5116//5111 5117//5110 5885//5132 5884//5131
f 5117//5110 5118//5109 5886//5135 5885//5132
f 5118//5109 4690//5039 5100//5041 5886//5135
f 5886//5135 5100//5041 5099//5054 5889//5136
f 5889//5136 5099//5054 5098//5052 5892//5139
f 5892//5139 5098//5052 4695//5053 5133//5141
f 5891//5137 5892//5139 5133//5141 5132//5142
f 5890//5138 5891//5137 5132//5142 5131//5143
f 4789//5144 5890//5138 5131//5143 4628//5145
f 4790//5146 5887//5134 5890//5138 4789//5144
f 4791//5140 5884//5131 5887//5134 4790//5146
f 5893//5147 5894//5148 5897//5149 5896//5150
f 5894//5148 5895//5151 5898//5152 5897//5149
f 5896//5150 5897//5149 5900//5153 5899//5154
f 5897//5149 5898//5152 5901//5155 5900//5153
f 4620//4947 4842//4949 5893//5147 4962//5156
f 4842//4949 4841//4961 5894//5148 5893//5147
f 4841//4961 4840//4959 5895//5151 5894//5148
f 4840//4959 4641//4960 5119//5157 5895//5151
f 5895//5151 5119//5157 5120//5158 5898//5152
f 5898//5152 5120//5158 5121//5159 5901//5155
f 5901//5155 5121//5159 4692//5064 5127//5160
f 5900//5153 5901//5155 5127//5160 5126//5161
f 5899//5154 5900//5153 5126//5161 5125//5162
f 4960//5163 5899//5154 5125//5162 4671//5164
f 4961//5165 5896//5150 5899//5154 4960//5163
f 4962//5156 5893//5147 5896//5150 4961//5165
f 5902//5166 5903//5167 5906//5168 5905//5169
f 5903//5167 5904//5170 5907//5171 5906//5168
f 5905//5169 5906//5168 5909//5172 5908//5173
f 5906//5168 5907//5171 5910//5174 5909//5172
f 4641//4960 4839//4987 5902//5166 5119//5157
f 4839//4987 4838//4989 5903//5167 5902//5166
f 4838//4989 4837//4988 5904//5170 5903//5167
f 4837//4988 4640//4922 5122//5175 5904//5170
f 5904//5170 5122//5175 5123//5176 5907//5171
f 5907//5171 5123//5176 5124//5177 5910//5174
f 5910//5174 5124//5177 4693//5069 5088//5068
f 5909//5172 5910//5174 5088//5068 5087//5067
f 5908//5173 5909//5172 5087//5067 5086//5065
f 5121//5159 5908//5173 5086//5065 4692//5064
f 5120//5158 5905//5169 5908//5173 5121//5159
f 5119//5157 5902//5166 5905//5169 5120//5158
f 5911//5178 5912//5179 5915//5180 5914//5181
f 5912//5179 5913//5182 5916//5183 5915//5180
f 5914//5181 5915//5180 5918//5184 5917//5185
f 5915//5180 5916//5183 5919//5186 5918//5184
f 4671//5164 5125//5162 5911//5178 4959//5187
f 5125//5162 5126//5161 5912//5179 5911//5178
f 5126//5161 5127//5160 5913//5182 5912//5179
f 5127//5160 4692//5064 5094//5066 5913//5182
f 5913//5182 5094//5066 5093//5074 5916//5183
f 5916//5183 5093//5074 5092//5073 5919//5186
f 5919//5186 5092//5073 4691//5044 5115//5130
f 5918//5184 5919//5186 5115//5130 5114//5129
f 5917//5185 5918//5184 5114//5129 5113//5128
f 4957//5188 5917//5185 5113//5128 4670//5127
f 4958//5189 5914//5181 5917//5185 4957//5188
f 4959//5187 5911//5178 5914//5181 4958//5189
f 5920//5190 5921//5191 5924//5192 5923//5193
f 5921//5191 5922//5194 5925//5195 5924//5192
f 5923//5193 5924//5192 5927//5196 5926//5197
f 5924//5192 5925//5195 5928//5198 5927//5196
f 4613//4683 4783//5199 5920//5190 4831//4900
f 4783//5199 4784//5200 5921//5191 5920//5190
f 4784//5200 4785//5201 5922//5194 5921//5191
f 4785//5201 4627//5202 5128//5203 5922//5194
f 5922//5194 5128//5203 5129//5204 5925//5195
f 5925//5195 5129//5204 5130//5205 5928//5198
f 5928//5198 5130//5205 4694//5084 5136//5206
f 5927//5196 5928//5198 5136//5206 5135//5207
f 5926//5197 5927//5196 5135//5207 5134//5208
f 4833//4902 5926//5197 5134//5208 4639//4903
f 4832//4901 5923//5193 5926//5197 4833//4902
f 4831//4900 5920//5190 5923//5193 4832//4901
f 5929//5209 5930//5210 5933//5211 5932//5212
f 5930//5210 5931//5213 5934//5214 5933//5211
f 5932//5212 5933//5211 5936//5215 5935//5216
f 5933//5211 5934//5214 5937//5217 5936//5215
f 4627//5202 4786//5218 5929//5209 5128//5203
f 4786//5218 4787//5219 5930//5210 5929//5209
f 4787//5219 4788//5220 5931//5213 5930//5210
f 4788//5220 4628//5145 5131//5143 5931//5213
f 5931//5213 5131//5143 5132//5142 5934//5214
f 5934//5214 5132//5142 5133//5141 5937//5217
f 5937//5217 5133//5141 4695//5053 5091//5088
f 5936//5215 5937//5217 5091//5088 5090//5087
f 5935//5216 5936//5215 5090//5087 5089//5085
f 5130//5205 5935//5216 5089//5085 4694//5084
f 5129//5204 5932//5212 5935//5216 5130//5205
f 5128//5203 5929//5209 5932//5212 5129//5204
f 5938//5221 5939//5222 5942//5223 5941//5224
f 5939//5222 5940//5225 5943//5226 5942//5223
f 5941//5224 5942//5223 5945//5227 5944//5228
f 5942//5223 5943//5226 5946//5229 5945//5227
f 4639//4903 5134//5208 5938//5221 4834//4919
f 5134//5208 5135//5207 5939//5222 5938//5221
f 5135//5207 5136//5206 5940//5225 5939//5222
f 5136//5206 4694//5084 5097//5086 5940//5225
f 5940//5225 5097//5086 5096//5090 5943//5226
f 5943//5226 5096//5090 5095//5089 5946//5229
f 5946//5229 5095//5089 4693//5069 5124//5177
f 5945//5227 5946//5229 5124//5177 5123//5176
f 5944//5228 5945//5227 5123//5176 5122//5175
f 4836//4921 5944//5228 5122//5175 4640//4922
f 4835//4920 5941//5224 5944//5228 4836//4921
f 4834//4919 5938//5221 5941//5224 4835//4920
f 5947//5230 5948//5231 5951//5232 5950//5233
f 5948//5231 5949//5234 5952//5235 5951//5232
f 5950//5233 5951//5232 5954//5236 5953//5237
f 5951//5232 5952//5235 5955//5238 5954//5236
f 4697//5239 5137//5240 5947//5230 5154//5241
f 5137//5240 5138//5242 5948//5231 5947//5230
f 5138//5242 5139//5243 5949//5234 5948//5231
f 5139//5243 4698//5244 5157//5245 5949//5234
f 5949//5234 5157//5245 5156//5246 5952//5235
f 5952//5235 5156//5246 5155//5247 5955//5238
f 5955//5238 5155//5247 4696//5248 5161//5249
f 5954//5236 5955//5238 5161//5249 5162//5250
f 5953//5237 5954//5236 5162//5250 5163//5251
f 5152//5252 5953//5237 5163//5251 4702//5253
f 5153//5254 5950//5233 5953//5237 5152//5252
f 5154//5241 5947//5230 5950//5233 5153//5254
f 5956//5255 5957//5256 5960//5257 5959//5258
f 5957//5256 5958//5259 5961//5260 5960//5257
f 5959//5258 5960//5257 5963//5261 5962//5262
f 5960//5257 5961//5260 5964//5263 5963//5261
f 4699//5264 5140//5265 5956//5255 5148//5266
f 5140//5265 5141//5267 5957//5256 5956//5255
f 5141//5267 5142//5268 5958//5259 5957//5256
f 5142//5268 4700//5269 5160//5270 5958//5259
f 5958//5259 5160//5270 5159//5271 5961//5260
f 5961//5260 5159//5271 5158//5272 5964//5263
f 5964//5263 5158//5272 4696//5248 5155//5247
f 5963//5261 5964//5263 5155//5247 5156//5246
f 5962//5262 5963//5261 5156//5246 5157//5245
f 5146//5273 5962//5262 5157//5245 4698//5244
f 5147//5274 5959//5258 5962//5262 5146//5273
f 5148//5266 5956//5255 5959//5258 5147//5274
f 5965//5275 5966//5276 5969//5277 5968//5278
f 5966//5276 5967//5279 5970//5280 5969//5277
f 5968//5278 5969//5277 5972//5281 5971//5282
f 5969//5277 5970//5280 5973//5283 5972//5281
f 4701//5284 5143//5285 5965//5275 5151//5286
f 5143//5285 5144//5287 5966//5276 5965//5275
f 5144//5287 5145//5288 5967//5279 5966//5276
f 5145//5288 4702//5253 5163//5251 5967//5279
f 5967//5279 5163//5251 5162//5250 5970//5280
f 5970//5280 5162//5250 5161//5249 5973//5283
f 5973//5283 5161//5249 4696//5248 5158//5272
f 5972//5281 5973//5283 5158//5272 5159//5271
f 5971//5282 5972//5281 5159//5271 5160//5270
f 5149//5289 5971//5282 5160//5270 4700//5269
f 5150//5290 5968//5278 5971//5282 5149//5289
f 5151//5286 5965//5275 5968//5278 5150//5290
f 5974//5291 5975//5292 5978//5293 5977//5294
f 5975//5292 5976//5295 5979//5296 5978//5293
f 5977//5294 5978//5293 5981//5297 5980//5298
f 5978//5293 5979//5296 5982//5299 5981//5297
f 4616//5100 4795//5300 5974//5291 4951//5101
f 4795//5300 4796//5301 5975//5292 5974//5291
f 4796//5301 4797//5302 5976//5295 5975//5292
f 4797//5302 4630//5303 5164//5304 5976//5295
f 5976//5295 5164//5304 5165//5305 5979//5296
f 5979//5296 5165//5305 5166//5306 5982//5299
f 5982//5299 5166//5306 4697//5239 5172//5307
f 5981//5297 5982//5299 5172//5307 5171//5308
f 5980//5298 5981//5297 5171//5308 5170//5309
f 4953//5104 5980//5298 5170//5309 4669//5105
f 4952//5103 5977//5294 5980//5298 4953//5104
f 4951//5101 5974//5291 5977//5294 4952//5103
f 5983//5310 5984//5311 5987//5312 5986//5313
f 5984//5311 5985//5314 5988//5315 5987//5312
f 5986//5313 5987//5312 5990//5316 5989//5317
f 5987//5312 5988//5315 5991//5318 5990//5316
f 4630//5303 4798//5319 5983//5310 5164//5304
f 4798//5319 4799//5320 5984//5311 5983//5310
f 4799//5320 4800//5321 5985//5314 5984//5311
f 4800//5321 4631//5322 5167//5323 5985//5314
f 5985//5314 5167//5323 5168//5324 5988//5315
f 5988//5315 5168//5324 5169//5325 5991//5318
f 5991//5318 5169//5325 4698//5244 5139//5243
f 5990//5316 5991//5318 5139//5243 5138//5242
f 5989//5317 5990//5316 5138//5242 5137//5240
f 5166//5306 5989//5317 5137//5240 4697//5239
f 5165//5305 5986//5313 5989//5317 5166//5306
f 5164//5304 5983//5310 5986//5313 5165//5305
f 5992//5326 5993//5327 5996//5328 5995//5329
f 5993//5327 5994//5330 5997//5331 5996//5328
f 5995//5329 5996//5328 5999//5332 5998//5333
f 5996//5328 5997//5331 6000//5334 5999//5332
f 4669//5105 5170//5309 5992//5326 4954//5124
f 5170//5309 5171//5308 5993//5327 5992//5326
f 5171//5308 5172//5307 5994//5330 5993//5327
f 5172//5307 4697//5239 5154//5241 5994//5330
f 5994//5330 5154//5241 5153//5254 5997//5331
f 5997//5331 5153//5254 5152//5252 6000//5334
f 6000//5334 5152//5252 4702//5253 5187//5335
f 5999//5332 6000//5334 5187//5335 5186//5336
f 5998//5333 5999//5332 5186//5336 5185//5337
f 4956//5126 5998//5333 5185//5337 4670//5127
f 4955//5125 5995//5329 5998//5333 4956//5126
f 4954//5124 5992//5326 5995//5329 4955//5125
f 6001//5338 6002//5339 6005//5340 6004//5341
f 6002//5339 6003//5342 6006//5343 6005//5340
f 6004//5341 6005//5340 6008//5344 6007//5345
f 6005//5340 6006//5343 6009//5346 6008//5344
f 4617//5347 4855//5348 6001//5338 4806//5349
f 4855//5348 4856//5350 6002//5339 6001//5338
f 4856//5350 4857//5351 6003//5342 6002//5339
f 4857//5351 4645//5352 5173//5353 6003//5342
f 6003//5342 5173//5353 5174//5354 6006//5343
f 6006//5343 5174//5354 5175//5355 6009//5346
f 6009//5346 5175//5355 4699//5264 5181//5356
f 6008//5344 6009//5346 5181//5356 5180//5357
f 6007//5345 6008//5344 5180//5357 5179//5358
f 4804//5359 6007//5345 5179//5358 4632//5360
f 4805//5361 6004//5341 6007//5345 4804//5359
f 4806//5349 6001//5338 6004//5341 4805//5361
f 6010//5362 6011//5363 6014//5364 6013//5365
f 6011//5363 6012//5366 6015//5367 6014//5364
f 6013//5365 6014//5364 6017//5368 6016//5369
f 6014//5364 6015//5367 6018//5370 6017//5368
f 4645//5352 4858//5371 6010//5362 5173//5353
f 4858//5371 4859//5372 6011//5363 6010//5362
f 4859//5372 4860//5373 6012//5366 6011//5363
f 4860//5373 4646//5374 5176//5375 6012//5366
f 6012//5366 5176//5375 5177//5376 6015//5367
f 6015//5367 5177//5376 5178//5377 6018//5370
f 6018//5370 5178//5377 4700//5269 5142//5268
f 6017//5368 6018//5370 5142//5268 5141//5267
f 6016//5369 6017//5368 5141//5267 5140//5265
f 5175//5355 6016//5369 5140//5265 4699//5264
f 5174//5354 6013//5365 6016//5369 5175//5355
f 5173//5353 6010//5362 6013//5365 5174//5354
f 6019//5378 6020//5379 6023//5380 6022//5381
f 6020//5379 6021//5382 6024//5383 6023//5380
f 6022//5381 6023//5380 6026//5384 6025//5385
f 6023//5380 6024//5383 6027//5386 6026//5384
f 4632//5360 5179//5358 6019//5378 4803//5387
f 5179//5358 5180//5357 6020//5379 6019//5378
f 5180//5357 5181//5356 6021//5382 6020//5379
f 5181//5356 4699//5264 5148//5266 6021//5382
f 6021//5382 5148//5266 5147//5274 6024//5383
f 6024//5383 5147//5274 5146//5273 6027//5386
f 6027//5386 5146//5273 4698//5244 5169//5325
f 6026//5384 6027//5386 5169//5325 5168//5324
f 6025//5385 6026//5384 5168//5324 5167//5323
f 4801//5388 6025//5385 5167//5323 4631//5322
f 4802//5389 6022//5381 6025//5385 4801//5388
f 4803//5387 6019//5378 6022//5381 4802//5389
f 6028//5390 6029//5391 6032//5392 6031//5393
f 6029//5391 6030//5394 6033//5395 6032//5392
f 6031//5393 6032//5392 6035//5396 6034//5397
f 6032//5392 6033//5395 6036//5398 6035//5396
f 4620//4947 4962//5156 6028//5390 4866//5399
f 4962//5156 4961//5165 6029//5391 6028//5390
f 4961//5165 4960//5163 6030//5394 6029//5391
f 4960//5163 4671//5164 5182//5400 6030//5394
f 6030//5394 5182//5400 5183//5401 6033//5395
f 6033//5395 5183//5401 5184//5402 6036//5398
f 6036//5398 5184//5402 4701//5284 5190//5403
f 6035//5396 6036//5398 5190//5403 5189//5404
f 6034//5397 6035//5396 5189//5404 5188//5405
f 4864//5406 6034//5397 5188//5405 4647//5407
f 4865//5408 6031//5393 6034//5397 4864//5406
f 4866//5399 6028//5390 6031//5393 4865//5408
f 6037//5409 6038//5410 6041//5411 6040//5412
f 6038//5410 6039//5413 6042//5414 6041//5411
f 6040//5412 6041//5411 6044//5415 6043//5416
f 6041//5411 6042//5414 6045//5417 6044//5415
f 4671//5164 4959//5187 6037//5409 5182//5400
f 4959//5187 4958//5189 6038//5410 6037//5409
f 4958//5189 4957//5188 6039//5413 6038//5410
f 4957//5188 4670//5127 5185//5337 6039//5413
f 6039//5413 5185//5337 5186//5336 6042//5414
f 6042//5414 5186//5336 5187//5335 6045//5417
f 6045//5417 5187//5335 4702//5253 5145//5288
f 6044//5415 6045//5417 5145//5288 5144//5287
f 6043//5416 6044//5415 5144//5287 5143//5285
f 5184//5402 6043//5416 5143//5285 4701//5284
f 5183//5401 6040//5412 6043//5416 5184//5402
f 5182//5400 6037//5409 6040//5412 5183//5401
f 6046//5418 6047//5419 6050//5420 6049//5421
f 6047//5419 6048//5422 6051//5423 6050//5420
f 6049//5421 6050//5420 6053//5424 6052//5425
f 6050//5420 6051//5423 6054//5426 6053//5424
f 4647//5407 5188//5405 6046//5418 4863//5427
f 5188//5405 5189//5404 6047//5419 6046//5418
f 5189//5404 5190//5403 6048//5422 6047//5419
f 5190//5403 4701//5284 5151//5286 6048//5422
f 6048//5422 5151//5286 5150//5290 6051//5423
f 6051//5423 5150//5290 5149//5289 6054//5426
f 6054//5426 5149//5289 4700//5269 5178//5377
f 6053//5424 6054//5426 5178//5377 5177//5376
f 6052//5425 6053//5424 5177//5376 5176//5375
f 4861//5428 6052//5425 5176//5375 4646//5374
f 4862//5429 6049//5421 6052//5425 4861//5428
f 4863//5427 6046//5418 6049//5421 4862//5429
f 6055//5430 6056//5431 6059//5432 6058//5433
f 6056//5431 6057//5434 6060//5435 6059//5432
f 6058//5433 6059//5432 6062//5436 6061//5437
f 6059//5432 6060//5435 6063//5438 6062//5436
f 4704//5439 5191//5440 6055//5430 5208//5441
f 5191//5440 5192//5442 6056//5431 6055//5430
f 5192//5442 5193//5443 6057//5434 6056//5431
f 5193//5443 4705//5444 5211//5445 6057//5434
f 6057//5434 5211//5445 5210//5446 6060//5435
f 6060//5435 5210//5446 5209//5447 6063//5438
f 6063//5438 5209//5447 4703//5448 5215//5449
f 6062//5436 6063//5438 5215//5449 5216//5450
f 6061//5437 6062//5436 5216//5450 5217//5451
f 5206//5452 6061//5437 5217//5451 4709//5453
f 5207//5454 6058//5433 6061//5437 5206//5452
f 5208//5441 6055//5430 6058//5433 5207//5454
f 6064//5455 6065//5456 6068//5457 6067//5458
f 6065//5456 6066//5459 6069//5460 6068//5457
f 6067//5458 6068//5457 6071//5461 6070//5462
f 6068//5457 6069//5460 6072//5463 6071//5461
f 4706//5464 5194//5465 6064//5455 5202//5466
f 5194//5465 5195//5467 6065//5456 6064//5455
f 5195//5467 5196//5468 6066//5459 6065//5456
f 5196//5468 4707//5469 5214//5470 6066//5459
f 6066//5459 5214//5470 5213//5471 6069//5460
f 6069//5460 5213//5471 5212//5472 6072//5463
f 6072//5463 5212//5472 4703//5448 5209//5447
f 6071//5461 6072//5463 5209//5447 5210//5446
f 6070//5462 6071//5461 5210//5446 5211//5445
f 5200//5473 6070//5462 5211//5445 4705//5444
f 5201//5474 6067//5458 6070//5462 5200//5473
f 5202//5466 6064//5455 6067//5458 5201//5474
f 6073//5475 6074//5476 6077//5477 6076//5478
f 6074//5476 6075//5479 6078//5480 6077//5477
f 6076//5478 6077//5477 6080//5481 6079//5482
f 6077//5477 6078//5480 6081//5483 6080//5481
f 4708//5484 5197//5485 6073//5475 5205//5486
f 5197//5485 5198//5487 6074//5476 6073//5475
f 5198//5487 5199//5488 6075//5479 6074//5476
f 5199//5488 4709//5453 5217//5451 6075//5479
f 6075//5479 5217//5451 5216//5450 6078//5480
f 6078//5480 5216//5450 5215//5449 6081//5483
f 6081//5483 5215//5449 4703//5448 5212//5472
f 6080//5481 6081//5483 5212//5472 5213//5471
f 6079//5482 6080//5481 5213//5471 5214//5470
f 5203//5489 6079//5482 5214//5470 4707//5469
f 5204//5490 6076//5478 6079//5482 5203//5489
f 5205//5486 6073//5475 6076//5478 5204//5490
f 6082//5491 6083//5492 6086//5493 6085//5494
f 6083//5492 6084//5495 6087//5496 6086//5493
f 6085//5494 6086//5493 6089//5497 6088//5498
f 6086//5493 6087//5496 6090//5499 6089//5497
f 4614//4739 4903//4999 6082//5491 4867//5500
f 4903//4999 4904//5008 6083//5492 6082//5491
f 4904//5008 4905//5006 6084//5495 6083//5492
f 4905//5006 4657//5007 5218//5501 6084//5495
f 6084//5495 5218//5501 5219//5502 6087//5496
f 6087//5496 5219//5502 5220//5503 6090//5499
f 6090//5499 5220//5503 4704//5439 5226//5504
f 6089//5497 6090//5499 5226//5504 5225//5505
f 6088//5498 6089//5497 5225//5505 5224//5506
f 4869//5507 6088//5498 5224//5506 4648//5508
f 4868//5509 6085//5494 6088//5498 4869//5507
f 4867//5500 6082//5491 6085//5494 4868//5509
f 6091//5510 6092//5511 6095//5512 6094//5513
f 6092//5511 6093//5514 6096//5515 6095//5512
f 6094//5513 6095//5512 6098//5516 6097//5517
f 6095//5512 6096//5515 6099//5518 6098//5516
f 4657//5007 4906//5027 6091//5510 5218//5501
f 4906//5027 4907//5029 6092//5511 6091//5510
f 4907//5029 4908//5028 6093//5514 6092//5511
f 4908//5028 4658//4974 5221//5519 6093//5514
f 6093//5514 5221//5519 5222//5520 6096//5515
f 6096//5515 5222//5520 5223//5521 6099//5518
f 6099//5518 5223//5521 4705//5444 5193//5443
f 6098//5516 6099//5518 5193//5443 5192//5442
f 6097//5517 6098//5516 5192//5442 5191//5440
f 5220//5503 6097//5517 5191//5440 4704//5439
f 5219//5502 6094//5513 6097//5517 5220//5503
f 5218//5501 6091//5510 6094//5513 5219//5502
f 6100//5522 6101//5523 6104//5524 6103//5525
f 6101//5523 6102//5526 6105//5527 6104//5524
f 6103//5525 6104//5524 6107//5528 6106//5529
f 6104//5524 6105//5527 6108//5530 6107//5528
f 4648//5508 5224//5506 6100//5522 4870//5531
f 5224//5506 5225//5505 6101//5523 6100//5522
f 5225//5505 5226//5504 6102//5526 6101//5523
f 5226//5504 4704//5439 5208//5441 6102//5526
f 6102//5526 5208//5441 5207//5454 6105//5527
f 6105//5527 5207//5454 5206//5452 6108//5530
f 6108//5530 5206//5452 4709//5453 5241//5532
f 6107//5528 6108//5530 5241//5532 5240//5533
f 6106//5529 6107//5528 5240//5533 5239//5534
f 4872//5535 6106//5529 5239//5534 4649//5536
f 4871//5537 6103//5525 6106//5529 4872//5535
f 4870//5531 6100//5522 6103//5525 4871//5537
f 6109//5538 6110//5539 6113//5540 6112//5541
f 6110//5539 6111//5542 6114//5543 6113//5540
f 6112//5541 6113//5540 6116//5544 6115//5545
f 6113//5540 6114//5543 6117//5546 6116//5544
f 4620//4947 4866//5399 6109//5538 4914//4948
f 4866//5399 4865//5408 6110//5539 6109//5538
f 4865//5408 4864//5406 6111//5542 6110//5539
f 4864//5406 4647//5407 5227//5547 6111//5542
f 6111//5542 5227//5547 5228//5548 6114//5543
f 6114//5543 5228//5548 5229//5549 6117//5546
f 6117//5546 5229//5549 4706//5464 5235//5550
f 6116//5544 6117//5546 5235//5550 5234//5551
f 6115//5545 6116//5544 5234//5551 5233//5552
f 4912//4951 6115//5545 5233//5552 4659//4952
f 4913//4950 6112//5541 6115//5545 4912//4951
f 4914//4948 6109//5538 6112//5541 4913//4950
f 6118//5553 6119//5554 6122//5555 6121//5556
f 6119//5554 6120//5557 6123//5558 6122//5555
f 6121//5556 6122//5555 6125//5559 6124//5560
f 6122//5555 6123//5558 6126//5561 6125//5559
f 4647//5407 4863//5427 6118//5553 5227//5547
f 4863//5427 4862//5429 6119//5554 6118//5553
f 4862//5429 4861//5428 6120//5557 6119//5554
f 4861//5428 4646//5374 5230//5562 6120//5557
f 6120//5557 5230//5562 5231//5563 6123//5558
f 6123//5558 5231//5563 5232//5564 6126//5561
f 6126//5561 5232//5564 4707//5469 5196//5468
f 6125//5559 6126//5561 5196//5468 5195//5467
f 6124//5560 6125//5559 5195//5467 5194//5465
f 5229//5549 6124//5560 5194//5465 4706//5464
f 5228//5548 6121//5556 6124//5560 5229//5549
f 5227//5547 6118//5553 6121//5556 5228//5548
f 6127//5565 6128//5566 6131//5567 6130//5568
f 6128//5566 6129//5569 6132//5570 6131//5567
f 6130//5568 6131//5567 6134//5571 6133//5572
f 6131//5567 6132//5570 6135//5573 6134//5571
f 4659//4952 5233//5552 6127//5565 4911//4971
f 5233//5552 5234//5551 6128//5566 6127//5565
f 5234//5551 5235//5550 6129//5569 6128//5566
f 5235//5550 4706//5464 5202//5466 6129//5569
f 6129//5569 5202//5466 5201//5474 6132//5570
f 6132//5570 5201//5474 5200//5473 6135//5573
f 6135//5573 5200//5473 4705//5444 5223//5521
f 6134//5571 6135//5573 5223//5521 5222//5520
f 6133//5572 6134//5571 5222//5520 5221//5519
f 4909//4973 6133//5572 5221//5519 4658//4974
f 4910//4972 6130//5568 6133//5572 4909//4973
f 4911//4971 6127//5565 6130//5568 4910//4972
f 6136//5574 6137//5575 6140//5576 6139//5577
f 6137//5575 6138//5578 6141//5579 6140//5576
f 6139//5577 6140//5576 6143//5580 6142//5581
f 6140//5576 6141//5579 6144//5582 6143//5580
f 4617//5347 4878//5583 6136//5574 4855//5348
f 4878//5583 4877//5584 6137//5575 6136//5574
f 4877//5584 4876//5585 6138//5578 6137//5575
f 4876//5585 4650//5586 5236//5587 6138//5578
f 6138//5578 5236//5587 5237//5588 6141//5579
f 6141//5579 5237//5588 5238//5589 6144//5582
f 6144//5582 5238//5589 4708//5484 5244//5590
f 6143//5580 6144//5582 5244//5590 5243//5591
f 6142//5581 6143//5580 5243//5591 5242//5592
f 4857//5351 6142//5581 5242//5592 4645//5352
f 4856//5350 6139//5577 6142//5581 4857//5351
f 4855//5348 6136//5574 6139//5577 4856//5350
f 6145//5593 6146//5594 6149//5595 6148//5596
f 6146//5594 6147//5597 6150//5598 6149//5595
f 6148//5596 6149//5595 6152//5599 6151//5600
f 6149//5595 6150//5598 6153//5601 6152//5599
f 4650//5586 4875//5602 6145//5593 5236//5587
f 4875//5602 4874//5603 6146//5594 6145//5593
f 4874//5603 4873//5604 6147//5597 6146//5594
f 4873//5604 4649//5536 5239//5534 6147//5597
f 6147//5597 5239//5534 5240//5533 6150//5598
f 6150//5598 5240//5533 5241//5532 6153//5601
f 6153//5601 5241//5532 4709//5453 5199//5488
f 6152//5599 6153//5601 5199//5488 5198//5487
f 6151//5600 6152//5599 5198//5487 5197//5485
f 5238//5589 6151//5600 5197//5485 4708//5484
f 5237//5588 6148//5596 6151//5600 5238//5589
f 5236//5587 6145//5593 6148//5596 5237//5588
f 6154//5605 6155//5606 6158//5607 6157//5608
f 6155//5606 6156//5609 6159//5610 6158//5607
f 6157//5608 6158//5607 6161//5611 6160//5612
f 6158//5607 6159//5610 6162//5613 6161//5611
f 4645//5352 5242//5592 6154//5605 4858//5371
f 5242//5592 5243//5591 6155//5606 6154//5605
f 5243//5591 5244//5590 6156//5609 6155//5606
f 5244//5590 4708//5484 5205//5486 6156//5609
f 6156//5609 5205//5486 5204//5490 6159//5610
f 6159//5610 5204//5490 5203//5489 6162//5613
f 6162//5613 5203//5489 4707//5469 5232//5564
f 6161//5611 6162//5613 5232//5564 5231//5563
f 6160//5612 6161//5611 5231//5563 5230//5562
f 4860//5373 6160//5612 5230//5562 4646//5374
f 4859//5372 6157//5608 6160//5612 4860//5373
f 4858//5371 6154//5605 6157//5608 4859//5372
f 6163//5614 6164//5615 6167//5616 6166//5617
f 6164//5615 6165//5618 6168//5619 6167//5616
f 6166//5617 6167//5616 6170//5620 6169//5621
f 6167//5616 6168//5619 6171//5622 6170//5620
f 4711//5623 5245//5624 6163//5614 5262//5625
f 5245//5624 5246//5626 6164//5615 6163//5614
f 5246//5626 5247//5627 6165//5618 6164//5615
f 5247//5627 4712//5628 5265//5629 6165//5618
f 6165//5618 5265//5629 5264//5630 6168//5619
f 6168//5619 5264//5630 5263//5631 6171//5622
f 6171//5622 5263//5631 4710//5632 5269//5633
f 6170//5620 6171//5622 5269//5633 5270//5634
f 6169//5621 6170//5620 5270//5634 5271//5635
f 5260//5636 6169//5621 5271//5635 4716//5637
f 5261//5638 6166//5617 6169//5621 5260//5636
f 5262//5625 6163//5614 6166//5617 5261//5638
f 6172//5639 6173//5640 6176//5641 6175//5642
f 6173//5640 6174//5643 6177//5644 6176//5641
f 6175//5642 6176//5641 6179//5645 6178//5646
f 6176//5641 6177//5644 6180//5647 6179//5645
f 4713//5648 5248//5649 6172//5639 5256//5650
f 5248//5649 5249//5651 6173//5640 6172//5639
f 5249//5651 5250//5652 6174//5643 6173//5640
f 5250//5652 4714//5653 5268//5654 6174//5643
f 6174//5643 5268//5654 5267//5655 6177//5644
f 6177//5644 5267//5655 5266//5656 6180//5647
f 6180//5647 5266//5656 4710//5632 5263//5631
f 6179//5645 6180//5647 5263//5631 5264//5630
f 6178//5646 6179//5645 5264//5630 5265//5629
f 5254//5657 6178//5646 5265//5629 4712//5628
f 5255//5658 6175//5642 6178//5646 5254//5657
f 5256//5650 6172//5639 6175//5642 5255//5658
f 6181//5659 6182//5660 6185//5661 6184//5662
f 6182//5660 6183//5663 6186//5664 6185//5661
f 6184//5662 6185//5661 6188//5665 6187//5666
f 6185//5661 6186//5664 6189//5667 6188//5665
f 4715//5668 5251//5669 6181//5659 5259//5670
f 5251//5669 5252//5671 6182//5660 6181//5659
f 5252//5671 5253//5672 6183//5663 6182//5660
f 5253//5672 4716//5637 5271//5635 6183//5663
f 6183//5663 5271//5635 5270//5634 6186//5664
f 6186//5664 5270//5634 5269//5633 6189//5667
f 6189//5667 5269//5633 4710//5632 5266//5656
f 6188//5665 6189//5667 5266//5656 5267//5655
f 6187//5666 6188//5665 5267//5655 5268//5654
f 5257//5673 6187//5666 5268//5654 4714//5653
f 5258//5674 6184//5662 6187//5666 5257//5673
f 5259//5670 6181//5659 6184//5662 5258//5674
f 6190//5675 6191//5676 6194//5677 6193//5678
f 6191//5676 6192//5679 6195//5680 6194//5677
f 6193//5678 6194//5677 6197//5681 6196//5682
f 6194//5677 6195//5680 6198//5683 6197//5681
f 4616//5100 4807//5684 6190//5675 4795//5300
f 4807//5684 4808//5685 6191//5676 6190//5675
f 4808//5685 4809//5686 6192//5679 6191//5676
f 4809//5686 4633//5687 5272//5688 6192//5679
f 6192//5679 5272//5688 5273//5689 6195//5680
f 6195//5680 5273//5689 5274//5690 6198//5683
f 6198//5683 5274//5690 4711//5623 5280//5691
f 6197//5681 6198//5683 5280//5691 5279//5692
f 6196//5682 6197//5681 5279//5692 5278//5693
f 4797//5302 6196//5682 5278//5693 4630//5303
f 4796//5301 6193//5678 6196//5682 4797//5302
f 4795//5300 6190//5675 6193//5678 4796//5301
f 6199//5694 6200//5695 6203//5696 6202//5697
f 6200//5695 6201//5698 6204//5699 6203//5696
f 6202//5697 6203//5696 6206//5700 6205//5701
f 6203//5696 6204//5699 6207//5702 6206//5700
f 4633//5687 4810//5703 6199//5694 5272//5688
f 4810//5703 4811//5704 6200//5695 6199//5694
f 4811//5704 4812//5705 6201//5698 6200//5695
f 4812//5705 4634//5706 5275//5707 6201//5698
f 6201//5698 5275//5707 5276//5708 6204//5699
f 6204//5699 5276//5708 5277//5709 6207//5702
f 6207//5702 5277//5709 4712//5628 5247//5627
f 6206//5700 6207//5702 5247//5627 5246//5626
f 6205//5701 6206//5700 5246//5626 5245//5624
f 5274//5690 6205//5701 5245//5624 4711//5623
f 5273//5689 6202//5697 6205//5701 5274//5690
f 5272//5688 6199//5694 6202//5697 5273//5689
f 6208//5710 6209//5711 6212//5712 6211//5713
f 6209//5711 6210//5714 6213//5715 6212//5712
f 6211//5713 6212//5712 6215//5716 6214//5717
f 6212//5712 6213//5715 6216//5718 6215//5716
f 4630//5303 5278//5693 6208//5710 4798//5319
f 5278//5693 5279//5692 6209//5711 6208//5710
f 5279//5692 5280//5691 6210//5714 6209//5711
f 5280//5691 4711//5623 5262//5625 6210//5714
f 6210//5714 5262//5625 5261//5638 6213//5715
f 6213//5715 5261//5638 5260//5636 6216//5718
f 6216//5718 5260//5636 4716//5637 5295//5719
f 6215//5716 6216//5718 5295//5719 5294//5720
f 6214//5717 6215//5716 5294//5720 5293//5721
f 4800//5321 6214//5717 5293//5721 4631//5322
f 4799//5320 6211//5713 6214//5717 4800//5321
f 4798//5319 6208//5710 6211//5713 4799//5320
f 6217//5722 6218//5723 6221//5724 6220//5725
f 6218//5723 6219//5726 6222//5727 6221//5724
f 6220//5725 6221//5724 6224//5728 6223//5729
f 6221//5724 6222//5727 6225//5730 6224//5728
f 4618//5731 4950//5732 6217//5722 4818//5733
f 4950//5732 4949//5734 6218//5723 6217//5722
f 4949//5734 4948//5735 6219//5726 6218//5723
f 4948//5735 4668//5736 5281//5737 6219//5726
f 6219//5726 5281//5737 5282//5738 6222//5727
f 6222//5727 5282//5738 5283//5739 6225//5730
f 6225//5730 5283//5739 4713//5648 5289//5740
f 6224//5728 6225//5730 5289//5740 5288//5741
f 6223//5729 6224//5728 5288//5741 5287//5742
f 4816//5743 6223//5729 5287//5742 4635//5744
f 4817//5745 6220//5725 6223//5729 4816//5743
f 4818//5733 6217//5722 6220//5725 4817//5745
f 6226//5746 6227//5747 6230//5748 6229//5749
f 6227//5747 6228//5750 6231//5751 6230//5748
f 6229//5749 6230//5748 6233//5752 6232//5753
f 6230//5748 6231//5751 6234//5754 6233//5752
f 4668//5736 4947//5755 6226//5746 5281//5737
f 4947//5755 4946//5756 6227//5747 6226//5746
f 4946//5756 4945//5757 6228//5750 6227//5747
f 4945//5757 4667//5758 5284//5759 6228//5750
f 6228//5750 5284//5759 5285//5760 6231//5751
f 6231//5751 5285//5760 5286//5761 6234//5754
f 6234//5754 5286//5761 4714//5653 5250//5652
f 6233//5752 6234//5754 5250//5652 5249//5651
f 6232//5753 6233//5752 5249//5651 5248//5649
f 5283//5739 6232//5753 5248//5649 4713//5648
f 5282//5738 6229//5749 6232//5753 5283//5739
f 5281//5737 6226//5746 6229//5749 5282//5738
f 6235//5762 6236//5763 6239//5764 6238//5765
f 6236//5763 6237//5766 6240//5767 6239//5764
f 6238//5765 6239//5764 6242//5768 6241//5769
f 6239//5764 6240//5767 6243//5770 6242//5768
f 4635//5744 5287//5742 6235//5762 4815//5771
f 5287//5742 5288//5741 6236//5763 6235//5762
f 5288//5741 5289//5740 6237//5766 6236//5763
f 5289//5740 4713//5648 5256//5650 6237//5766
f 6237//5766 5256//5650 5255//5658 6240//5767
f 6240//5767 5255//5658 5254//5657 6243//5770
f 6243//5770 5254//5657 4712//5628 5277//5709
f 6242//5768 6243//5770 5277//5709 5276//5708
f 6241//5769 6242//5768 5276//5708 5275//5707
f 4813//5772 6241//5769 5275//5707 4634//5706
f 4814//5773 6238//5765 6241//5769 4813//5772
f 4815//5771 6235//5762 6238//5765 4814//5773
f 6244//5774 6245//5775 6248//5776 6247//5777
f 6245//5775 6246//5778 6249//5779 6248//5776
f 6247//5777 6248//5776 6251//5780 6250//5781
f 6248//5776 6249//5779 6252//5782 6251//5780
f 4617//5347 4806//5349 6244//5774 4939//5783
f 4806//5349 4805//5361 6245//5775 6244//5774
f 4805//5361 4804//5359 6246//5778 6245//5775
f 4804//5359 4632//5360 5290//5784 6246//5778
f 6246//5778 5290//5784 5291//5785 6249//5779
f 6249//5779 5291//5785 5292//5786 6252//5782
f 6252//5782 5292//5786 4715//5668 5298//5787
f 6251//5780 6252//5782 5298//5787 5297//5788
f 6250//5781 6251//5780 5297//5788 5296//5789
f 4941//5790 6250//5781 5296//5789 4666//5791
f 4940//5792 6247//5777 6250//5781 4941//5790
f 4939//5783 6244//5774 6247//5777 4940//5792
f 6253//5793 6254//5794 6257//5795 6256//5796
f 6254//5794 6255//5797 6258//5798 6257//5795
f 6256//5796 6257//5795 6260//5799 6259//5800
f 6257//5795 6258//5798 6261//5801 6260//5799
f 4632//5360 4803//5387 6253//5793 5290//5784
f 4803//5387 4802//5389 6254//5794 6253//5793
f 4802//5389 4801//5388 6255//5797 6254//5794
f 4801//5388 4631//5322 5293//5721 6255//5797
f 6255//5797 5293//5721 5294//5720 6258//5798
f 6258//5798 5294//5720 5295//5719 6261//5801
f 6261//5801 5295//5719 4716//5637 5253//5672
f 6260//5799 6261//5801 5253//5672 5252//5671
f 6259//5800 6260//5799 5252//5671 5251//5669
f 5292//5786 6259//5800 5251//5669 4715//5668
f 5291//5785 6256//5796 6259//5800 5292//5786
f 5290//5784 6253//5793 6256//5796 5291//5785
f 6262//5802 6263//5803 6266//5804 6265//5805
f 6263//5803 6264//5806 6267//5807 6266//5804
f 6265//5805 6266//5804 6269//5808 6268//5809
f 6266//5804 6267//5807 6270//5810 6269//5808
f 4666//5791 5296//5789 6262//5802 4942//5811
f 5296//5789 5297//5788 6263//5803 6262//5802
f 5297//5788 5298//5787 6264//5806 6263//5803
f 5298//5787 4715//5668 5259//5670 6264//5806
f 6264//5806 5259//5670 5258//5674 6267//5807
f 6267//5807 5258//5674 5257//5673 6270//5810
f 6270//5810 5257//5673 4714//5653 5286//5761
f 6269//5808 6270//5810 5286//5761 5285//5760
f 6268//5809 6269//5808 5285//5760 5284//5759
f 4944//5812 6268//5809 5284//5759 4667//5758
f 4943//5813 6265//5805 6268//5809 4944//5812
f 4942//5811 6262//5802 6265//5805 4943//5813
f 6271//5814 6272//5815 6275//5816 6274//5817
f 6272//5815 6273//5818 6276//5819 6275//5816
f 6274//5817 6275//5816 6278//5820 6277//5821
f 6275//5816 6276//5819 6279//5822 6278//5820
f 4718//5823 5299//5824 6271//5814 5316//5825
f 5299//5824 5300//5826 6272//5815 6271//5814
f 5300//5826 5301//5827 6273//5818 6272//5815
f 5301//5827 4719//5828 5319//5829 6273//5818
f 6273//5818 5319//5829 5318//5830 6276//5819
f 6276//5819 5318//5830 5317//5831 6279//5822
f 6279//5822 5317//5831 4717//5832 5323//5833
f 6278//5820 6279//5822 5323//5833 5324//5834
f 6277//5821 6278//5820 5324//5834 5325//5835
f 5314//5836 6277//5821 5325//5835 4723//5837
f 5315//5838 6274//5817 6277//5821 5314//5836
f 5316//5825 6271//5814 6274//5817 5315//5838
f 6280//5839 6281//5840 6284//5841 6283//5842
f 6281//5840 6282//5843 6285//5844 6284//5841
f 6283//5842 6284//5841 6287//5845 6286//5846
f 6284//5841 6285//5844 6288//5847 6287//5845
f 4720//5848 5302//5849 6280//5839 5310//5850
f 5302//5849 5303//5851 6281//5840 6280//5839
f 5303//5851 5304//5852 6282//5843 6281//5840
f 5304//5852 4721//5853 5322//5854 6282//5843
f 6282//5843 5322//5854 5321//5855 6285//5844
f 6285//5844 5321//5855 5320//5856 6288//5847
f 6288//5847 5320//5856 4717//5832 5317//5831
f 6287//5845 6288//5847 5317//5831 5318//5830
f 6286//5846 6287//5845 5318//5830 5319//5829
f 5308//5857 6286//5846 5319//5829 4719//5828
f 5309//5858 6283//5842 6286//5846 5308//5857
f 5310//5850 6280//5839 6283//5842 5309//5858
f 6289//5859 6290//5860 6293//5861 6292//5862
f 6290//5860 6291//5863 6294//5864 6293//5861
f 6292//5862 6293//5861 6296//5865 6295//5866
f 6293//5861 6294//5864 6297//5867 6296//5865
f 4722//5868 5305//5869 6289//5859 5313//5870
f 5305//5869 5306//5871 6290//5860 6289//5859
f 5306//5871 5307//5872 6291//5863 6290//5860
f 5307//5872 4723//5837 5325//5835 6291//5863
f 6291//5863 5325//5835 5324//5834 6294//5864
f 6294//5864 5324//5834 5323//5833 6297//5867
f 6297//5867 5323//5833 4717//5832 5320//5856
f 6296//5865 6297//5867 5320//5856 5321//5855
f 6295//5866 6296//5865 5321//5855 5322//5854
f 5311//5873 6295//5866 5322//5854 4721//5853
f 5312//5874 6292//5862 6295//5866 5311//5873
f 5313//5870 6289//5859 6292//5862 5312//5874
f 6298//5875 6299//5876 6302//5877 6301//5878
f 6299//5876 6300//5879 6303//5880 6302//5877
f 6301//5878 6302//5877 6305//5881 6304//5882
f 6302//5877 6303//5880 6306//5883 6305//5881
f 4614//4739 4819//5884 6298//5875 4843//4740
f 4819//5884 4820//5885 6299//5876 6298//5875
f 4820//5885 4821//5886 6300//5879 6299//5876
f 4821//5886 4636//5887 5326//5888 6300//5879
f 6300//5879 5326//5888 5327//5889 6303//5880
f 6303//5880 5327//5889 5328//5890 6306//5883
f 6306//5883 5328//5890 4718//5823 5334//5891
f 6305//5881 6306//5883 5334//5891 5333//5892
f 6304//5882 6305//5881 5333//5892 5332//5893
f 4845//4743 6304//5882 5332//5893 4642//4744
f 4844//4742 6301//5878 6304//5882 4845//4743
f 4843//4740 6298//5875 6301//5878 4844//4742
f 6307//5894 6308//5895 6311//5896 6310//5897
f 6308//5895 6309//5898 6312//5899 6311//5896
f 6310//5897 6311//5896 6314//5900 6313//5901
f 6311//5896 6312//5899 6315//5902 6314//5900
f 4636//5887 4822//5903 6307//5894 5326//5888
f 4822//5903 4823//5904 6308//5895 6307//5894
f 4823//5904 4824//5905 6309//5898 6308//5895
f 4824//5905 4637//5906 5329//5907 6309//5898
f 6309//5898 5329//5907 5330//5908 6312//5899
f 6312//5899 5330//5908 5331//5909 6315//5902
f 6315//5902 5331//5909 4719//5828 5301//5827
f 6314//5900 6315//5902 5301//5827 5300//5826
f 6313//5901 6314//5900 5300//5826 5299//5824
f 5328//5890 6313//5901 5299//5824 4718//5823
f 5327//5889 6310//5897 6313//5901 5328//5890
f 5326//5888 6307//5894 6310//5897 5327//5889
f 6316//5910 6317//5911 6320//5912 6319//5913
f 6317//5911 6318//5914 6321//5915 6320//5912
f 6319//5913 6320//5912 6323//5916 6322//5917
f 6320//5912 6321//5915 6324//5918 6323//5916
f 4642//4744 5332//5893 6316//5910 4846//4763
f 5332//5893 5333//5892 6317//5911 6316//5910
f 5333//5892 5334//5891 6318//5914 6317//5911
f 5334//5891 4718//5823 5316//5825 6318//5914
f 6318//5914 5316//5825 5315//5838 6321//5915
f 6321//5915 5315//5838 5314//5836 6324//5918
f 6324//5918 5314//5836 4723//5837 5349//5919
f 6323//5916 6324//5918 5349//5919 5348//5920
f 6322//5917 6323//5916 5348//5920 5347//5921
f 4848//4765 6322//5917 5347//5921 4643//4766
f 4847//4764 6319//5913 6322//5917 4848//4765
f 4846//4763 6316//5910 6319//5913 4847//4764
f 6325//5922 6326//5923 6329//5924 6328//5925
f 6326//5923 6327//5926 6330//5927 6329//5924
f 6328//5925 6329//5924 6332//5928 6331//5929
f 6329//5924 6330//5927 6333//5930 6332//5928
f 4619//5931 4926//5932 6325//5922 4830//5933
f 4926//5932 4925//5934 6326//5923 6325//5922
f 4925//5934 4924//5935 6327//5926 6326//5923
f 4924//5935 4662//5936 5335//5937 6327//5926
f 6327//5926 5335//5937 5336//5938 6330//5927
f 6330//5927 5336//5938 5337//5939 6333//5930
f 6333//5930 5337//5939 4720//5848 5343//5940
f 6332//5928 6333//5930 5343//5940 5342//5941
f 6331//5929 6332//5928 5342//5941 5341//5942
f 4828//5943 6331//5929 5341//5942 4638//5944
f 4829//5945 6328//5925 6331//5929 4828//5943
f 4830//5933 6325//5922 6328//5925 4829//5945
f 6334//5946 6335//5947 6338//5948 6337//5949
f 6335//5947 6336//5950 6339//5951 6338//5948
f 6337//5949 6338//5948 6341//5952 6340//5953
f 6338//5948 6339//5951 6342//5954 6341//5952
f 4662//5936 4923//5955 6334//5946 5335//5937
f 4923//5955 4922//5956 6335//5947 6334//5946
f 4922//5956 4921//5957 6336//5950 6335//5947
f 4921//5957 4661//5958 5338//5959 6336//5950
f 6336//5950 5338//5959 5339//5960 6339//5951
f 6339//5951 5339//5960 5340//5961 6342//5954
f 6342//5954 5340//5961 4721//5853 5304//5852
f 6341//5952 6342//5954 5304//5852 5303//5851
f 6340//5953 6341//5952 5303//5851 5302//5849
f 5337//5939 6340//5953 5302//5849 4720//5848
f 5336//5938 6337//5949 6340//5953 5337//5939
f 5335//5937 6334//5946 6337//5949 5336//5938
f 6343//5962 6344//5963 6347//5964 6346//5965
f 6344//5963 6345//5966 6348//5967 6347//5964
f 6346//5965 6347//5964 6350//5968 6349//5969
f 6347//5964 6348//5967 6351//5970 6350//5968
f 4638//5944 5341//5942 6343//5962 4827//5971
f 5341//5942 5342//5941 6344//5963 6343//5962
f 5342//5941 5343//5940 6345//5966 6344//5963
f 5343//5940 4720//5848 5310//5850 6345//5966
f 6345//5966 5310//5850 5309//5858 6348//5967
f 6348//5967 5309//5858 5308//5857 6351//5970
f 6351//5970 5308//5857 4719//5828 5331//5909
f 6350//5968 6351//5970 5331//5909 5330//5908
f 6349//5969 6350//5968 5330//5908 5329//5907
f 4825//5972 6349//5969 5329//5907 4637//5906
f 4826//5973 6346//5965 6349//5969 4825//5972
f 4827//5971 6343//5962 6346//5965 4826//5973
f 6352//5974 6353//5975 6356//5976 6355//5977
f 6353//5975 6354//5978 6357//5979 6356//5976
f 6355//5977 6356//5976 6359//5980 6358//5981
f 6356//5976 6357//5979 6360//5982 6359//5980
f 4615//4791 4854//4793 6352//5974 4915//5983
f 4854//4793 4853//4805 6353//5975 6352//5974
f 4853//4805 4852//4803 6354//5978 6353//5975
f 4852//4803 4644//4804 5344//5984 6354//5978
f 6354//5978 5344//5984 5345//5985 6357//5979
f 6357//5979 5345//5985 5346//5986 6360//5982
f 6360//5982 5346//5986 4722//5868 5352//5987
f 6359//5980 6360//5982 5352//5987 5351//5988
f 6358//5981 6359//5980 5351//5988 5350//5989
f 4917//5990 6358//5981 5350//5989 4660//5991
f 4916//5992 6355//5977 6358//5981 4917//5990
f 4915//5983 6352//5974 6355//5977 4916//5992
f 6361//5993 6362//5994 6365//5995 6364//5996
f 6362//5994 6363//5997 6366//5998 6365//5995
f 6364//5996 6365//5995 6368//5999 6367//6000
f 6365//5995 6366//5998 6369//6001 6368//5999
f 4644//4804 4851//4827 6361//5993 5344//5984
f 4851//4827 4850//4829 6362//5994 6361//5993
f 4850//4829 4849//4828 6363//5997 6362//5994
f 4849//4828 4643//4766 5347//5921 6363//5997
f 6363//5997 5347//5921 5348//5920 6366//5998
f 6366//5998 5348//5920 5349//5919 6369//6001
f 6369//6001 5349//5919 4723//5837 5307//5872
f 6368//5999 6369//6001 5307//5872 5306//5871
f 6367//6000 6368//5999 5306//5871 5305//5869
f 5346//5986 6367//6000 5305//5869 4722//5868
f 5345//5985 6364//5996 6367//6000 5346//5986
f 5344//5984 6361//5993 6364//5996 5345//5985
f 6370//6002 6371//6003 6374//6004 6373//6005
f 6371//6003 6372//6006 6375//6007 6374//6004
f 6373//6005 6374//6004 6377//6008 6376//6009
f 6374//6004 6375//6007 6378//6010 6377//6008
f 4660//5991 5350//5989 6370//6002 4918//6011
f 5350//5989 5351//5988 6371//6003 6370//6002
f 5351//5988 5352//5987 6372//6006 6371//6003
f 5352//5987 4722//5868 5313//5870 6372//6006
f 6372//6006 5313//5870 5312//5874 6375//6007
f 6375//6007 5312//5874 5311//5873 6378//6010
f 6378//6010 5311//5873 4721//5853 5340//5961
f 6377//6008 6378//6010 5340//5961 5339//5960
f 6376//6009 6377//6008 5339//5960 5338//5959
f 4920//6012 6376//6009 5338//5959 4661//5958
f 4919//6013 6373//6005 6376//6009 4920//6012
f 4918//6011 6370//6002 6373//6005 4919//6013
f 6379//6014 6380//6015 6383//6016 6382//6017
f 6380//6015 6381//6018 6384//6019 6383//6016
f 6382//6017 6383//6016 6386//6020 6385//6021
f 6383//6016 6384//6019 6387//6022 6386//6020
f 4725//6023 5353//6024 6379//6014 5370//6025
f 5353//6024 5354//6026 6380//6015 6379//6014
f 5354//6026 5355//6027 6381//6018 6380//6015
f 5355//6027 4726//6028 5373//6029 6381//6018
f 6381//6018 5373//6029 5372//6030 6384//6019
f 6384//6019 5372//6030 5371//6031 6387//6022
f 6387//6022 5371//6031 4724//6032 5377//6033
f 6386//6020 6387//6022 5377//6033 5378//6034
f 6385//6021 6386//6020 5378//6034 5379//6035
f 5368//6036 6385//6021 5379//6035 4730//6037
f 5369//6038 6382//6017 6385//6021 5368//6036
f 5370//6025 6379//6014 6382//6017 5369//6038
f 6388//6039 6389//6040 6392//6041 6391//6042
f 6389//6040 6390//6043 6393//6044 6392//6041
f 6391//6042 6392//6041 6395//6045 6394//6046
f 6392//6041 6393//6044 6396//6047 6395//6045
f 4727//6048 5356//6049 6388//6039 5364//6050
f 5356//6049 5357//6051 6389//6040 6388//6039
f 5357//6051 5358//6052 6390//6043 6389//6040
f 5358//6052 4728//6053 5376//6054 6390//6043
f 6390//6043 5376//6054 5375//6055 6393//6044
f 6393//6044 5375//6055 5374//6056 6396//6047
f 6396//6047 5374//6056 4724//6032 5371//6031
f 6395//6045 6396//6047 5371//6031 5372//6030
f 6394//6046 6395//6045 5372//6030 5373//6029
f 5362//6057 6394//6046 5373//6029 4726//6028
f 5363//6058 6391//6042 6394//6046 5362//6057
f 5364//6050 6388//6039 6391//6042 5363//6058
f 6397//6059 6398//6060 6401//6061 6400//6062
f 6398//6060 6399//6063 6402//6064 6401//6061
f 6400//6062 6401//6061 6404//6065 6403//6066
f 6401//6061 6402//6064 6405//6067 6404//6065
f 4729//6068 5359//6069 6397//6059 5367//6070
f 5359//6069 5360//6071 6398//6060 6397//6059
f 5360//6071 5361//6072 6399//6063 6398//6060
f 5361//6072 4730//6037 5379//6035 6399//6063
f 6399//6063 5379//6035 5378//6034 6402//6064
f 6402//6064 5378//6034 5377//6033 6405//6067
f 6405//6067 5377//6033 4724//6032 5374//6056
f 6404//6065 6405//6067 5374//6056 5375//6055
f 6403//6066 6404//6065 5375//6055 5376//6054
f 5365//6073 6403//6066 5376//6054 4728//6053
f 5366//6074 6400//6062 6403//6066 5365//6073
f 5367//6070 6397//6059 6400//6062 5366//6074
f 6406//6075 6407//6076 6410//6077 6409//6078
f 6407//6076 6408//6079 6411//6080 6410//6077
f 6409//6078 6410//6077 6413//6081 6412//6082
f 6410//6077 6411//6080 6414//6083 6413//6081
f 4614//4739 4867//5500 6406//6075 4819//5884
f 4867//5500 4868//5509 6407//6076 6406//6075
f 4868//5509 4869//5507 6408//6079 6407//6076
f 4869//5507 4648//5508 5380//6084 6408//6079
f 6408//6079 5380//6084 5381//6085 6411//6080
f 6411//6080 5381//6085 5382//6086 6414//6083
f 6414//6083 5382//6086 4725//6023 5388//6087
f 6413//6081 6414//6083 5388//6087 5387//6088
f 6412//6082 6413//6081 5387//6088 5386//6089
f 4821//5886 6412//6082 5386//6089 4636//5887
f 4820//5885 6409//6078 6412//6082 4821//5886
f 4819//5884 6406//6075 6409//6078 4820//5885
f 6415//6090 6416//6091 6419//6092 6418//6093
f 6416//6091 6417//6094 6420//6095 6419//6092
f 6418//6093 6419//6092 6422//6096 6421//6097
f 6419//6092 6420//6095 6423//6098 6422//6096
f 4648//5508 4870//5531 6415//6090 5380//6084
f 4870//5531 4871//5537 6416//6091 6415//6090
f 4871//5537 4872//5535 6417//6094 6416//6091
f 4872//5535 4649//5536 5383//6099 6417//6094
f 6417//6094 5383//6099 5384//6100 6420//6095
f 6420//6095 5384//6100 5385//6101 6423//6098
f 6423//6098 5385//6101 4726//6028 5355//6027
f 6422//6096 6423//6098 5355//6027 5354//6026
f 6421//6097 6422//6096 5354//6026 5353//6024
f 5382//6086 6421//6097 5353//6024 4725//6023
f 5381//6085 6418//6093 6421//6097 5382//6086
f 5380//6084 6415//6090 6418//6093 5381//6085
f 6424//6102 6425//6103 6428//6104 6427//6105
f 6425//6103 6426//6106 6429//6107 6428//6104
f 6427//6105 6428//6104 6431//6108 6430//6109
f 6428//6104 6429//6107 6432//6110 6431//6108
f 4636//5887 5386//6089 6424//6102 4822//5903
f 5386//6089 5387//6088 6425//6103 6424//6102
f 5387//6088 5388//6087 6426//6106 6425//6103
f 5388//6087 4725//6023 5370//6025 6426//6106
f 6426//6106 5370//6025 5369//6038 6429//6107
f 6429//6107 5369//6038 5368//6036 6432//6110
f 6432//6110 5368//6036 4730//6037 5403//6111
f 6431//6108 6432//6110 5403//6111 5402//6112
f 6430//6109 6431//6108 5402//6112 5401//6113
f 4824//5905 6430//6109 5401//6113 4637//5906
f 4823//5904 6427//6105 6430//6109 4824//5905
f 4822//5903 6424//6102 6427//6105 4823//5904
f 6433//6114 6434//6115 6437//6116 6436//6117
f 6434//6115 6435//6118 6438//6119 6437//6116
f 6436//6117 6437//6116 6440//6120 6439//6121
f 6437//6116 6438//6119 6441//6122 6440//6120
f 4617//5347 4963//6123 6433//6114 4878//5583
f 4963//6123 4964//6124 6434//6115 6433//6114
f 4964//6124 4965//6125 6435//6118 6434//6115
f 4965//6125 4672//6126 5389//6127 6435//6118
f 6435//6118 5389//6127 5390//6128 6438//6119
f 6438//6119 5390//6128 5391//6129 6441//6122
f 6441//6122 5391//6129 4727//6048 5397//6130
f 6440//6120 6441//6122 5397//6130 5396//6131
f 6439//6121 6440//6120 5396//6131 5395//6132
f 4876//5585 6439//6121 5395//6132 4650//5586
f 4877//5584 6436//6117 6439//6121 4876//5585
f 4878//5583 6433//6114 6436//6117 4877//5584
f 6442//6133 6443//6134 6446//6135 6445//6136
f 6443//6134 6444//6137 6447//6138 6446//6135
f 6445//6136 6446//6135 6449//6139 6448//6140
f 6446//6135 6447//6138 6450//6141 6449//6139
f 4672//6126 4966//6142 6442//6133 5389//6127
f 4966//6142 4967//6143 6443//6134 6442//6133
f 4967//6143 4968//6144 6444//6137 6443//6134
f 4968//6144 4673//6145 5392//6146 6444//6137
f 6444//6137 5392//6146 5393//6147 6447//6138
f 6447//6138 5393//6147 5394//6148 6450//6141
f 6450//6141 5394//6148 4728//6053 5358//6052
f 6449//6139 6450//6141 5358//6052 5357//6051
f 6448//6140 6449//6139 5357//6051 5356//6049
f 5391//6129 6448//6140 5356//6049 4727//6048
f 5390//6128 6445//6136 6448//6140 5391//6129
f 5389//6127 6442//6133 6445//6136 5390//6128
f 6451//6149 6452//6150 6455//6151 6454//6152
f 6452//6150 6453//6153 6456//6154 6455//6151
f 6454//6152 6455//6151 6458//6155 6457//6156
f 6455//6151 6456//6154 6459//6157 6458//6155
f 4650//5586 5395//6132 6451//6149 4875//5602
f 5395//6132 5396//6131 6452//6150 6451//6149
f 5396//6131 5397//6130 6453//6153 6452//6150
f 5397//6130 4727//6048 5364//6050 6453//6153
f 6453//6153 5364//6050 5363//6058 6456//6154
f 6456//6154 5363//6058 5362//6057 6459//6157
f 6459//6157 5362//6057 4726//6028 5385//6101
f 6458//6155 6459//6157 5385//6101 5384//6100
f 6457//6156 6458//6155 5384//6100 5383//6099
f 4873//5604 6457//6156 5383//6099 4649//5536
f 4874//5603 6454//6152 6457//6156 4873//5604
f 4875//5602 6451//6149 6454//6152 4874//5603
f 6460//6158 6461//6159 6464//6160 6463//6161
f 6461//6159 6462//6162 6465//6163 6464//6160
f 6463//6161 6464//6160 6467//6164 6466//6165
f 6464//6160 6465//6163 6468//6166 6467//6164
f 4619//5931 4830//5933 6460//6158 4974//6167
f 4830//5933 4829//5945 6461//6159 6460//6158
f 4829//5945 4828//5943 6462//6162 6461//6159
f 4828//5943 4638//5944 5398//6168 6462//6162
f 6462//6162 5398//6168 5399//6169 6465//6163
f 6465//6163 5399//6169 5400//6170 6468//6166
f 6468//6166 5400//6170 4729//6068 5406//6171
f 6467//6164 6468//6166 5406//6171 5405//6172
f 6466//6165 6467//6164 5405//6172 5404//6173
f 4972//6174 6466//6165 5404//6173 4674//6175
f 4973//6176 6463//6161 6466//6165 4972//6174
f 4974//6167 6460//6158 6463//6161 4973//6176
f 6469//6177 6470//6178 6473//6179 6472//6180
f 6470//6178 6471//6181 6474//6182 6473//6179
f 6472//6180 6473//6179 6476//6183 6475//6184
f 6473//6179 6474//6182 6477//6185 6476//6183
f 4638//5944 4827//5971 6469//6177 5398//6168
f 4827//5971 4826//5973 6470//6178 6469//6177
f 4826//5973 4825//5972 6471//6181 6470//6178
f 4825//5972 4637//5906 5401//6113 6471//6181
f 6471//6181 5401//6113 5402//6112 6474//6182
f 6474//6182 5402//6112 5403//6111 6477//6185
f 6477//6185 5403//6111 4730//6037 5361//6072
f 6476//6183 6477//6185 5361//6072 5360//6071
f 6475//6184 6476//6183 5360//6071 5359//6069
f 5400//6170 6475//6184 5359//6069 4729//6068
f 5399//6169 6472//6180 6475//6184 5400//6170
f 5398//6168 6469//6177 6472//6180 5399//6169
f 6478//6186 6479//6187 6482//6188 6481//6189
f 6479//6187 6480//6190 6483//6191 6482//6188
f 6481//6189 6482//6188 6485//6192 6484//6193
f 6482//6188 6483//6191 6486//6194 6485//6192
f 4674//6175 5404//6173 6478//6186 4971//6195
f 5404//6173 5405//6172 6479//6187 6478//6186
f 5405//6172 5406//6171 6480//6190 6479//6187
f 5406//6171 4729//6068 5367//6070 6480//6190
f 6480//6190 5367//6070 5366//6074 6483//6191
f 6483//6191 5366//6074 5365//6073 6486//6194
f 6486//6194 5365//6073 4728//6053 5394//6148
f 6485//6192 6486//6194 5394//6148 5393//6147
f 6484//6193 6485//6192 5393//6147 5392//6146
f 4969//6196 6484//6193 5392//6146 4673//6145
f 4970//6197 6481//6189 6484//6193 4969//6196
f 4971//6195 6478//6186 6481//6189 4970//6197
f 6487//6198 6488//6199 6491//6200 6490//6201
f 6488//6199 6489//6202 6492//6203 6491//6200
f 6490//6201 6491//6200 6494//6204 6493//6205
f 6491//6200 6492//6203 6495//6206 6494//6204
f 4732//6207 5407//6208 6487//6198 5424//6209
f 5407//6208 5408//6210 6488//6199 6487//6198
f 5408//6210 5409//6211 6489//6202 6488//6199
f 5409//6211 4733//6212 5427//6213 6489//6202
f 6489//6202 5427//6213 5426//6214 6492//6203
f 6492//6203 5426//6214 5425//6215 6495//6206
f 6495//6206 5425//6215 4731//6216 5431//6217
f 6494//6204 6495//6206 5431//6217 5432//6218
f 6493//6205 6494//6204 5432//6218 5433//6219
f 5422//6220 6493//6205 5433//6219 4737//6221
f 5423//6222 6490//6201 6493//6205 5422//6220
f 5424//6209 6487//6198 6490//6201 5423//6222
f 6496//6223 6497//6224 6500//6225 6499//6226
f 6497//6224 6498//6227 6501//6228 6500//6225
f 6499//6226 6500//6225 6503//6229 6502//6230
f 6500//6225 6501//6228 6504//6231 6503//6229
f 4734//6232 5410//6233 6496//6223 5418//6234
f 5410//6233 5411//6235 6497//6224 6496//6223
f 5411//6235 5412//6236 6498//6227 6497//6224
f 5412//6236 4735//6237 5430//6238 6498//6227
f 6498//6227 5430//6238 5429//6239 6501//6228
f 6501//6228 5429//6239 5428//6240 6504//6231
f 6504//6231 5428//6240 4731//6216 5425//6215
f 6503//6229 6504//6231 5425//6215 5426//6214
f 6502//6230 6503//6229 5426//6214 5427//6213
f 5416//6241 6502//6230 5427//6213 4733//6212
f 5417//6242 6499//6226 6502//6230 5416//6241
f 5418//6234 6496//6223 6499//6226 5417//6242
f 6505//6243 6506//6244 6509//6245 6508//6246
f 6506//6244 6507//6247 6510//6248 6509//6245
f 6508//6246 6509//6245 6512//6249 6511//6250
f 6509//6245 6510//6248 6513//6251 6512//6249
f 4736//6252 5413//6253 6505//6243 5421//6254
f 5413//6253 5414//6255 6506//6244 6505//6243
f 5414//6255 5415//6256 6507//6247 6506//6244
f 5415//6256 4737//6221 5433//6219 6507//6247
f 6507//6247 5433//6219 5432//6218 6510//6248
f 6510//6248 5432//6218 5431//6217 6513//6251
f 6513//6251 5431//6217 4731//6216 5428//6240
f 6512//6249 6513//6251 5428//6240 5429//6239
f 6511//6250 6512//6249 5429//6239 5430//6238
f 5419//6257 6511//6250 5430//6238 4735//6237
f 5420//6258 6508//6246 6511//6250 5419//6257
f 5421//6254 6505//6243 6508//6246 5420//6258
f 6514//6259 6515//6260 6518//6261 6517//6262
f 6515//6260 6516//6263 6519//6264 6518//6261
f 6517//6262 6518//6261 6521//6265 6520//6266
f 6518//6261 6519//6264 6522//6267 6521//6265
f 4617//5347 4939//5783 6514//6259 4963//6123
f 4939//5783 4940//5792 6515//6260 6514//6259
f 4940//5792 4941//5790 6516//6263 6515//6260
f 4941//5790 4666//5791 5434//6268 6516//6263
f 6516//6263 5434//6268 5435//6269 6519//6264
f 6519//6264 5435//6269 5436//6270 6522//6267
f 6522//6267 5436//6270 4732//6207 5442//6271
f 6521//6265 6522//6267 5442//6271 5441//6272
f 6520//6266 6521//6265 5441//6272 5440//6273
f 4965//6125 6520//6266 5440//6273 4672//6126
f 4964//6124 6517//6262 6520//6266 4965//6125
f 4963//6123 6514//6259 6517//6262 4964//6124
f 6523//6274 6524//6275 6527//6276 6526//6277
f 6524//6275 6525//6278 6528//6279 6527//6276
f 6526//6277 6527//6276 6530//6280 6529//6281
f 6527//6276 6528//6279 6531//6282 6530//6280
f 4666//5791 4942//5811 6523//6274 5434//6268
f 4942//5811 4943//5813 6524//6275 6523//6274
f 4943//5813 4944//5812 6525//6278 6524//6275
f 4944//5812 4667//5758 5437//6283 6525//6278
f 6525//6278 5437//6283 5438//6284 6528//6279
f 6528//6279 5438//6284 5439//6285 6531//6282
f 6531//6282 5439//6285 4733//6212 5409//6211
f 6530//6280 6531//6282 5409//6211 5408//6210
f 6529//6281 6530//6280 5408//6210 5407//6208
f 5436//6270 6529//6281 5407//6208 4732//6207
f 5435//6269 6526//6277 6529//6281 5436//6270
f 5434//6268 6523//6274 6526//6277 5435//6269
f 6532//6286 6533//6287 6536//6288 6535//6289
f 6533//6287 6534//6290 6537//6291 6536//6288
f 6535//6289 6536//6288 6539//6292 6538//6293
f 6536//6288 6537//6291 6540//6294 6539//6292
f 4672//6126 5440//6273 6532//6286 4966//6142
f 5440//6273 5441//6272 6533//6287 6532//6286
f 5441//6272 5442//6271 6534//6290 6533//6287
f 5442//6271 4732//6207 5424//6209 6534//6290
f 6534//6290 5424//6209 5423//6222 6537//6291
f 6537//6291 5423//6222 5422//6220 6540//6294
f 6540//6294 5422//6220 4737//6221 5457//6295
f 6539//6292 6540//6294 5457//6295 5456//6296
f 6538//6293 6539//6292 5456//6296 5455//6297
f 4968//6144 6538//6293 5455//6297 4673//6145
f 4967//6143 6535//6289 6538//6293 4968//6144
f 4966//6142 6532//6286 6535//6289 4967//6143
f 6541//6298 6542//6299 6545//6300 6544//6301
f 6542//6299 6543//6302 6546//6303 6545//6300
f 6544//6301 6545//6300 6548//6304 6547//6305
f 6545//6300 6546//6303 6549//6306 6548//6304
f 4618//5731 4891//6307 6541//6298 4950//5732
f 4891//6307 4892//6308 6542//6299 6541//6298
f 4892//6308 4893//6309 6543//6302 6542//6299
f 4893//6309 4654//6310 5443//6311 6543//6302
f 6543//6302 5443//6311 5444//6312 6546//6303
f 6546//6303 5444//6312 5445//6313 6549//6306
f 6549//6306 5445//6313 4734//6232 5451//6314
f 6548//6304 6549//6306 5451//6314 5450//6315
f 6547//6305 6548//6304 5450//6315 5449//6316
f 4948//5735 6547//6305 5449//6316 4668//5736
f 4949//5734 6544//6301 6547//6305 4948//5735
f 4950//5732 6541//6298 6544//6301 4949//5734
f 6550//6317 6551//6318 6554//6319 6553//6320
f 6551//6318 6552//6321 6555//6322 6554//6319
f 6553//6320 6554//6319 6557//6323 6556//6324
f 6554//6319 6555//6322 6558//6325 6557//6323
f 4654//6310 4894//6326 6550//6317 5443//6311
f 4894//6326 4895//6327 6551//6318 6550//6317
f 4895//6327 4896//6328 6552//6321 6551//6318
f 4896//6328 4655//6329 5446//6330 6552//6321
f 6552//6321 5446//6330 5447//6331 6555//6322
f 6555//6322 5447//6331 5448//6332 6558//6325
f 6558//6325 5448//6332 4735//6237 5412//6236
f 6557//6323 6558//6325 5412//6236 5411//6235
f 6556//6324 6557//6323 5411//6235 5410//6233
f 5445//6313 6556//6324 5410//6233 4734//6232
f 5444//6312 6553//6320 6556//6324 5445//6313
f 5443//6311 6550//6317 6553//6320 5444//6312
f 6559//6333 6560//6334 6563//6335 6562//6336
f 6560//6334 6561//6337 6564//6338 6563//6335
f 6562//6336 6563//6335 6566//6339 6565//6340
f 6563//6335 6564//6338 6567//6341 6566//6339
f 4668//5736 5449//6316 6559//6333 4947//5755
f 5449//6316 5450//6315 6560//6334 6559//6333
f 5450//6315 5451//6314 6561//6337 6560//6334
f 5451//6314 4734//6232 5418//6234 6561//6337
f 6561//6337 5418//6234 5417//6242 6564//6338
f 6564//6338 5417//6242 5416//6241 6567//6341
f 6567//6341 5416//6241 4733//6212 5439//6285
f 6566//6339 6567//6341 5439//6285 5438//6284
f 6565//6340 6566//6339 5438//6284 5437//6283
f 4945//5757 6565//6340 5437//6283 4667//5758
f 4946//5756 6562//6336 6565//6340 4945//5757
f 4947//5755 6559//6333 6562//6336 4946//5756
f 6568//6342 6569//6343 6572//6344 6571//6345
f 6569//6343 6570//6346 6573//6347 6572//6344
f 6571//6345 6572//6344 6575//6348 6574//6349
f 6572//6344 6573//6347 6576//6350 6575//6348
f 4619//5931 4974//6167 6568//6342 4902//6351
f 4974//6167 4973//6176 6569//6343 6568//6342
f 4973//6176 4972//6174 6570//6346 6569//6343
f 4972//6174 4674//6175 5452//6352 6570//6346
f 6570//6346 5452//6352 5453//6353 6573//6347
f 6573//6347 5453//6353 5454//6354 6576//6350
f 6576//6350 5454//6354 4736//6252 5460//6355
f 6575//6348 6576//6350 5460//6355 5459//6356
f 6574//6349 6575//6348 5459//6356 5458//6357
f 4900//6358 6574//6349 5458//6357 4656//6359
f 4901//6360 6571//6345 6574//6349 4900//6358
f 4902//6351 6568//6342 6571//6345 4901//6360
f 6577//6361 6578//6362 6581//6363 6580//6364
f 6578//6362 6579//6365 6582//6366 6581//6363
f 6580//6364 6581//6363 6584//6367 6583//6368
f 6581//6363 6582//6366 6585//6369 6584//6367
f 4674//6175 4971//6195 6577//6361 5452//6352
f 4971//6195 4970//6197 6578//6362 6577//6361
f 4970//6197 4969//6196 6579//6365 6578//6362
f 4969//6196 4673//6145 5455//6297 6579//6365
f 6579//6365 5455//6297 5456//6296 6582//6366
f 6582//6366 5456//6296 5457//6295 6585//6369
f 6585//6369 5457//6295 4737//6221 5415//6256
f 6584//6367 6585//6369 5415//6256 5414//6255
f 6583//6368 6584//6367 5414//6255 5413//6253
f 5454//6354 6583//6368 5413//6253 4736//6252
f 5453//6353 6580//6364 6583//6368 5454//6354
f 5452//6352 6577//6361 6580//6364 5453//6353
f 6586//6370 6587//6371 6590//6372 6589//6373
f 6587//6371 6588//6374 6591//6375 6590//6372
f 6589//6373 6590//6372 6593//6376 6592//6377
f 6590//6372 6591//6375 6594//6378 6593//6376
f 4656//6359 5458//6357 6586//6370 4899//6379
f 5458//6357 5459//6356 6587//6371 6586//6370
f 5459//6356 5460//6355 6588//6374 6587//6371
f 5460//6355 4736//6252 5421//6254 6588//6374
f 6588//6374 5421//6254 5420//6258 6591//6375
f 6591//6375 5420//6258 5419//6257 6594//6378
f 6594//6378 5419//6257 4735//6237 5448//6332
f 6593//6376 6594//6378 5448//6332 5447//6331
f 6592//6377 6593//6376 5447//6331 5446//6330
f 4897//6380 6592//6377 5446//6330 4655//6329
f 4898//6381 6589//6373 6592//6377 4897//6380
f 4899//6379 6586//6370 6589//6373 4898//6381
f 6595//6382 6596//6383 6599//6384 6598//6385
f 6596//6383 6597//6386 6600//6387 6599//6384
f 6598//6385 6599//6384 6602//6388 6601//6389
f 6599//6384 6600//6387 6603//6390 6602//6388
f 4739//6391 5461//6392 6595//6382 5478//6393
f 5461//6392 5462//6394 6596//6383 6595//6382
f 5462//6394 5463//6395 6597//6386 6596//6383
f 5463//6395 4740//6396 5481//6397 6597//6386
f 6597//6386 5481//6397 5480//6398 6600//6387
f 6600//6387 5480//6398 5479//6399 6603//6390
f 6603//6390 5479//6399 4738//6400 5485//6401
f 6602//6388 6603//6390 5485//6401 5486//6402
f 6601//6389 6602//6388 5486//6402 5487//6403
f 5476//6404 6601//6389 5487//6403 4744//6405
f 5477//6406 6598//6385 6601//6389 5476//6404
f 5478//6393 6595//6382 6598//6385 5477//6406
f 6604//6407 6605//6408 6608//6409 6607//6410
f 6605//6408 6606//6411 6609//6412 6608//6409
f 6607//6410 6608//6409 6611//6413 6610//6414
f 6608//6409 6609//6412 6612//6415 6611//6413
f 4741//6416 5464//6417 6604//6407 5472//6418
f 5464//6417 5465//6419 6605//6408 6604//6407
f 5465//6419 5466//6420 6606//6411 6605//6408
f 5466//6420 4742//6421 5484//6422 6606//6411
f 6606//6411 5484//6422 5483//6423 6609//6412
f 6609//6412 5483//6423 5482//6424 6612//6415
f 6612//6415 5482//6424 4738//6400 5479//6399
f 6611//6413 6612//6415 5479//6399 5480//6398
f 6610//6414 6611//6413 5480//6398 5481//6397
f 5470//6425 6610//6414 5481//6397 4740//6396
f 5471//6426 6607//6410 6610//6414 5470//6425
f 5472//6418 6604//6407 6607//6410 5471//6426
f 6613//6427 6614//6428 6617//6429 6616//6430
f 6614//6428 6615//6431 6618//6432 6617//6429
f 6616//6430 6617//6429 6620//6433 6619//6434
f 6617//6429 6618//6432 6621//6435 6620//6433
f 4743//6436 5467//6437 6613//6427 5475//6438
f 5467//6437 5468//6439 6614//6428 6613//6427
f 5468//6439 5469//6440 6615//6431 6614//6428
f 5469//6440 4744//6405 5487//6403 6615//6431
f 6615//6431 5487//6403 5486//6402 6618//6432
f 6618//6432 5486//6402 5485//6401 6621//6435
f 6621//6435 5485//6401 4738//6400 5482//6424
f 6620//6433 6621//6435 5482//6424 5483//6423
f 6619//6434 6620//6433 5483//6423 5484//6422
f 5473//6441 6619//6434 5484//6422 4742//6421
f 5474//6442 6616//6430 6619//6434 5473//6441
f 5475//6438 6613//6427 6616//6430 5474//6442
f 6622//6443 6623//6444 6626//6445 6625//6446
f 6623//6444 6624//6447 6627//6448 6626//6445
f 6625//6446 6626//6445 6629//6449 6628//6450
f 6626//6445 6627//6448 6630//6451 6629//6449
f 4613//4683 4771//4685 6622//6443 4879//6452
f 4771//4685 4772//4697 6623//6444 6622//6443
f 4772//4697 4773//4695 6624//6447 6623//6444
f 4773//4695 4624//4696 5488//6453 6624//6447
f 6624//6447 5488//6453 5489//6454 6627//6448
f 6627//6448 5489//6454 5490//6455 6630//6451
f 6630//6451 5490//6455 4739//6391 5496//6456
f 6629//6449 6630//6451 5496//6456 5495//6457
f 6628//6450 6629//6449 5495//6457 5494//6458
f 4881//6459 6628//6450 5494//6458 4651//6460
f 4880//6461 6625//6446 6628//6450 4881//6459
f 4879//6452 6622//6443 6625//6446 4880//6461
f 6631//6462 6632//6463 6635//6464 6634//6465
f 6632//6463 6633//6466 6636//6467 6635//6464
f 6634//6465 6635//6464 6638//6468 6637//6469
f 6635//6464 6636//6467 6639//6470 6638//6468
f 4624//4696 4774//4723 6631//6462 5488//6453
f 4774//4723 4775//4729 6632//6463 6631//6462
f 4775//4729 4776//4727 6633//6466 6632//6463
f 4776//4727 4625//4728 5491//6471 6633//6466
f 6633//6466 5491//6471 5492//6472 6636//6467
f 6636//6467 5492//6472 5493//6473 6639//6470
f 6639//6470 5493//6473 4740//6396 5463//6395
f 6638//6468 6639//6470 5463//6395 5462//6394
f 6637//6469 6638//6468 5462//6394 5461//6392
f 5490//6455 6637//6469 5461//6392 4739//6391
f 5489//6454 6634//6465 6637//6469 5490//6455
f 5488//6453 6631//6462 6634//6465 5489//6454
f 6640//6474 6641//6475 6644//6476 6643//6477
f 6641//6475 6642//6478 6645//6479 6644//6476
f 6643//6477 6644//6476 6647//6480 6646//6481
f 6644//6476 6645//6479 6648//6482 6647//6480
f 4651//6460 5494//6458 6640//6474 4882//6483
f 5494//6458 5495//6457 6641//6475 6640//6474
f 5495//6457 5496//6456 6642//6478 6641//6475
f 5496//6456 4739//6391 5478//6393 6642//6478
f 6642//6478 5478//6393 5477//6406 6645//6479
f 6645//6479 5477//6406 5476//6404 6648//6482
f 6648//6482 5476//6404 4744//6405 5511//6484
f 6647//6480 6648//6482 5511//6484 5510//6485
f 6646//6481 6647//6480 5510//6485 5509//6486
f 4884//6487 6646//6481 5509//6486 4652//6488
f 4883//6489 6643//6477 6646//6481 4884//6487
f 4882//6483 6640//6474 6643//6477 4883//6489
f 6649//6490 6650//6491 6653//6492 6652//6493
f 6650//6491 6651//6494 6654//6495 6653//6492
f 6652//6493 6653//6492 6656//6496 6655//6497
f 6653//6492 6654//6495 6657//6498 6656//6496
f 4615//4791 4915//5983 6649//6490 4782//4792
f 4915//5983 4916//5992 6650//6491 6649//6490
f 4916//5992 4917//5990 6651//6494 6650//6491
f 4917//5990 4660//5991 5497//6499 6651//6494
f 6651//6494 5497//6499 5498//6500 6654//6495
f 6654//6495 5498//6500 5499//6501 6657//6498
f 6657//6498 5499//6501 4741//6416 5505//6502
f 6656//6496 6657//6498 5505//6502 5504//6503
f 6655//6497 6656//6496 5504//6503 5503//6504
f 4780//4795 6655//6497 5503//6504 4626//4796
f 4781//4794 6652//6493 6655//6497 4780//4795
f 4782//4792 6649//6490 6652//6493 4781//4794
f 6658//6505 6659//6506 6662//6507 6661//6508
f 6659//6506 6660//6509 6663//6510 6662//6507
f 6661//6508 6662//6507 6665//6511 6664//6512
f 6662//6507 6663//6510 6666//6513 6665//6511
f 4660//5991 4918//6011 6658//6505 5497//6499
f 4918//6011 4919//6013 6659//6506 6658//6505
f 4919//6013 4920//6012 6660//6509 6659//6506
f 4920//6012 4661//5958 5500//6514 6660//6509
f 6660//6509 5500//6514 5501//6515 6663//6510
f 6663//6510 5501//6515 5502//6516 6666//6513
f 6666//6513 5502//6516 4742//6421 5466//6420
f 6665//6511 6666//6513 5466//6420 5465//6419
f 6664//6512 6665//6511 5465//6419 5464//6417
f 5499//6501 6664//6512 5464//6417 4741//6416
f 5498//6500 6661//6508 6664//6512 5499//6501
f 5497//6499 6658//6505 6661//6508 5498//6500
f 6667//6517 6668//6518 6671//6519 6670//6520
f 6668//6518 6669//6521 6672//6522 6671//6519
f 6670//6520 6671//6519 6674//6523 6673//6524
f 6671//6519 6672//6522 6675//6525 6674//6523
f 4626//4796 5503//6504 6667//6517 4779//4815
f 5503//6504 5504//6503 6668//6518 6667//6517
f 5504//6503 5505//6502 6669//6521 6668//6518
f 5505//6502 4741//6416 5472//6418 6669//6521
f 6669//6521 5472//6418 5471//6426 6672//6522
f 6672//6522 5471//6426 5470//6425 6675//6525
f 6675//6525 5470//6425 4740//6396 5493//6473
f 6674//6523 6675//6525 5493//6473 5492//6472
f 6673//6524 6674//6523 5492//6472 5491//6471
f 4777//4817 6673//6524 5491//6471 4625//4728
f 4778//4816 6670//6520 6673//6524 4777//4817
f 4779//4815 6667//6517 6670//6520 4778//4816
f 6676//6526 6677//6527 6680//6528 6679//6529
f 6677//6527 6678//6530 6681//6531 6680//6528
f 6679//6529 6680//6528 6683//6532 6682//6533
f 6680//6528 6681//6531 6684//6534 6683//6532
f 4619//5931 4890//6535 6676//6526 4926//5932
f 4890//6535 4889//6536 6677//6527 6676//6526
f 4889//6536 4888//6537 6678//6530 6677//6527
f 4888//6537 4653//6538 5506//6539 6678//6530
f 6678//6530 5506//6539 5507//6540 6681//6531
f 6681//6531 5507//6540 5508//6541 6684//6534
f 6684//6534 5508//6541 4743//6436 5514//6542
f 6683//6532 6684//6534 5514//6542 5513//6543
f 6682//6533 6683//6532 5513//6543 5512//6544
f 4924//5935 6682//6533 5512//6544 4662//5936
f 4925//5934 6679//6529 6682//6533 4924//5935
f 4926//5932 6676//6526 6679//6529 4925//5934
f 6685//6545 6686//6546 6689//6547 6688//6548
f 6686//6546 6687//6549 6690//6550 6689//6547
f 6688//6548 6689//6547 6692//6551 6691//6552
f 6689//6547 6690//6550 6693//6553 6692//6551
f 4653//6538 4887//6554 6685//6545 5506//6539
f 4887//6554 4886//6555 6686//6546 6685//6545
f 4886//6555 4885//6556 6687//6549 6686//6546
f 4885//6556 4652//6488 5509//6486 6687//6549
f 6687//6549 5509//6486 5510//6485 6690//6550
f 6690//6550 5510//6485 5511//6484 6693//6553
f 6693//6553 5511//6484 4744//6405 5469//6440
f 6692//6551 6693//6553 5469//6440 5468//6439
f 6691//6552 6692//6551 5468//6439 5467//6437
f 5508//6541 6691//6552 5467//6437 4743//6436
f 5507//6540 6688//6548 6691//6552 5508//6541
f 5506//6539 6685//6545 6688//6548 5507//6540
f 6694//6557 6695//6558 6698//6559 6697//6560
f 6695//6558 6696//6561 6699//6562 6698//6559
f 6697//6560 6698//6559 6701//6563 6700//6564
f 6698//6559 6699//6562 6702//6565 6701//6563
f 4662//5936 5512//6544 6694//6557 4923//5955
f 5512//6544 5513//6543 6695//6558 6694//6557
f 5513//6543 5514//6542 6696//6561 6695//6558
f 5514//6542 4743//6436 5475//6438 6696//6561
f 6696//6561 5475//6438 5474//6442 6699//6562
f 6699//6562 5474//6442 5473//6441 6702//6565
f 6702//6565 5473//6441 4742//6421 5502//6516
f 6701//6563 6702//6565 5502//6516 5501//6515
f 6700//6564 6701//6563 5501//6515 5500//6514
f 4921//5957 6700//6564 5500//6514 4661//5958
f 4922//5956 6697//6560 6700//6564 4921//5957
f 4923//5955 6694//6557 6697//6560 4922//5956
f 6703//6566 6704//6567 6707//6568 6706//6569
f 6704//6567 6705//6570 6708//6571 6707//6568
f 6706//6569 6707//6568 6710//6572 6709//6573
f 6707//6568 6708//6571 6711//6574 6710//6572
f 4746//6575 5515//6576 6703//6566 5532//6577
f 5515//6576 5516//6578 6704//6567 6703//6566
f 5516//6578 5517//6579 6705//6570 6704//6567
f 5517//6579 4747//6580 5535//6581 6705//6570
f 6705//6570 5535//6581 5534//6582 6708//6571
f 6708//6571 5534//6582 5533//6583 6711//6574
f 6711//6574 5533//6583 4745//6584 5539//6585
f 6710//6572 6711//6574 5539//6585 5540//6586
f 6709//6573 6710//6572 5540//6586 5541//6587
f 5530//6588 6709//6573 5541//6587 4751//6589
f 5531//6590 6706//6569 6709//6573 5530//6588
f 5532//6577 6703//6566 6706//6569 5531//6590
f 6712//6591 6713//6592 6716//6593 6715//6594
f 6713//6592 6714//6595 6717//6596 6716//6593
f 6715//6594 6716//6593 6719//6597 6718//6598
f 6716//6593 6717//6596 6720//6599 6719//6597
f 4748//6600 5518//6601 6712//6591 5526//6602
f 5518//6601 5519//6603 6713//6592 6712//6591
f 5519//6603 5520//6604 6714//6595 6713//6592
f 5520//6604 4749//6605 5538//6606 6714//6595
f 6714//6595 5538//6606 5537//6607 6717//6596
f 6717//6596 5537//6607 5536//6608 6720//6599
f 6720//6599 5536//6608 4745//6584 5533//6583
f 6719//6597 6720//6599 5533//6583 5534//6582
f 6718//6598 6719//6597 5534//6582 5535//6581
f 5524//6609 6718//6598 5535//6581 4747//6580
f 5525//6610 6715//6594 6718//6598 5524//6609
f 5526//6602 6712//6591 6715//6594 5525//6610
f 6721//6611 6722//6612 6725//6613 6724//6614
f 6722//6612 6723//6615 6726//6616 6725//6613
f 6724//6614 6725//6613 6728//6617 6727//6618
f 6725//6613 6726//6616 6729//6619 6728//6617
f 4750//6620 5521//6621 6721//6611 5529//6622
f 5521//6621 5522//6623 6722//6612 6721//6611
f 5522//6623 5523//6624 6723//6615 6722//6612
f 5523//6624 4751//6589 5541//6587 6723//6615
f 6723//6615 5541//6587 5540//6586 6726//6616
f 6726//6616 5540//6586 5539//6585 6729//6619
f 6729//6619 5539//6585 4745//6584 5536//6608
f 6728//6617 6729//6619 5536//6608 5537//6607
f 6727//6618 6728//6617 5537//6607 5538//6606
f 5527//6625 6727//6618 5538//6606 4749//6605
f 5528//6626 6724//6614 6727//6618 5527//6625
f 5529//6622 6721//6611 6724//6614 5528//6626
f 6730//6627 6731//6628 6734//6629 6733//6630
f 6731//6628 6732//6631 6735//6632 6734//6629
f 6733//6630 6734//6629 6737//6633 6736//6634
f 6734//6629 6735//6632 6738//6635 6737//6633
f 4613//4683 4879//6452 6730//6627 4783//5199
f 4879//6452 4880//6461 6731//6628 6730//6627
f 4880//6461 4881//6459 6732//6631 6731//6628
f 4881//6459 4651//6460 5542//6636 6732//6631
f 6732//6631 5542//6636 5543//6637 6735//6632
f 6735//6632 5543//6637 5544//6638 6738//6635
f 6738//6635 5544//6638 4746//6575 5550//6639
f 6737//6633 6738//6635 5550//6639 5549//6640
f 6736//6634 6737//6633 5549//6640 5548//6641
f 4785//5201 6736//6634 5548//6641 4627//5202
f 4784//5200 6733//6630 6736//6634 4785//5201
f 4783//5199 6730//6627 6733//6630 4784//5200
f 6739//6642 6740//6643 6743//6644 6742//6645
f 6740//6643 6741//6646 6744//6647 6743//6644
f 6742//6645 6743//6644 6746//6648 6745//6649
f 6743//6644 6744//6647 6747//6650 6746//6648
f 4651//6460 4882//6483 6739//6642 5542//6636
f 4882//6483 4883//6489 6740//6643 6739//6642
f 4883//6489 4884//6487 6741//6646 6740//6643
f 4884//6487 4652//6488 5545//6651 6741//6646
f 6741//6646 5545//6651 5546//6652 6744//6647
f 6744//6647 5546//6652 5547//6653 6747//6650
f 6747//6650 5547//6653 4747//6580 5517//6579
f 6746//6648 6747//6650 5517//6579 5516//6578
f 6745//6649 6746//6648 5516//6578 5515//6576
f 5544//6638 6745//6649 5515//6576 4746//6575
f 5543//6637 6742//6645 6745//6649 5544//6638
f 5542//6636 6739//6642 6742//6645 5543//6637
f 6748//6654 6749//6655 6752//6656 6751//6657
f 6749//6655 6750//6658 6753//6659 6752//6656
f 6751//6657 6752//6656 6755//6660 6754//6661
f 6752//6656 6753//6659 6756//6662 6755//6660
f 4627//5202 5548//6641 6748//6654 4786//5218
f 5548//6641 5549//6640 6749//6655 6748//6654
f 5549//6640 5550//6639 6750//6658 6749//6655
f 5550//6639 4746//6575 5532//6577 6750//6658
f 6750//6658 5532//6577 5531//6590 6753//6659
f 6753//6659 5531//6590 5530//6588 6756//6662
f 6756//6662 5530//6588 4751//6589 5565//6663
f 6755//6660 6756//6662 5565//6663 5564//6664
f 6754//6661 6755//6660 5564//6664 5563//6665
f 4788//5220 6754//6661 5563//6665 4628//5145
f 4787//5219 6751//6657 6754//6661 4788//5220
f 4786//5218 6748//6654 6751//6657 4787//5219
f 6757//6666 6758//6667 6761//6668 6760//6669
f 6758//6667 6759//6670 6762//6671 6761//6668
f 6760//6669 6761//6668 6764//6672 6763//6673
f 6761//6668 6762//6671 6765//6674 6764//6672
f 4619//5931 4938//6675 6757//6666 4890//6535
f 4938//6675 4937//6676 6758//6667 6757//6666
f 4937//6676 4936//6677 6759//6670 6758//6667
f 4936//6677 4665//6678 5551//6679 6759//6670
f 6759//6670 5551//6679 5552//6680 6762//6671
f 6762//6671 5552//6680 5553//6681 6765//6674
f 6765//6674 5553//6681 4748//6600 5559//6682
f 6764//6672 6765//6674 5559//6682 5558//6683
f 6763//6673 6764//6672 5558//6683 5557//6684
f 4888//6537 6763//6673 5557//6684 4653//6538
f 4889//6536 6760//6669 6763//6673 4888//6537
f 4890//6535 6757//6666 6760//6669 4889//6536
f 6766//6685 6767//6686 6770//6687 6769//6688
f 6767//6686 6768//6689 6771//6690 6770//6687
f 6769//6688 6770//6687 6773//6691 6772//6692
f 6770//6687 6771//6690 6774//6693 6773//6691
f 4665//6678 4935//6694 6766//6685 5551//6679
f 4935//6694 4934//6695 6767//6686 6766//6685
f 4934//6695 4933//6696 6768//6689 6767//6686
f 4933//6696 4664//6697 5554//6698 6768//6689
f 6768//6689 5554//6698 5555//6699 6771//6690
f 6771//6690 5555//6699 5556//6700 6774//6693
f 6774//6693 5556//6700 4749//6605 5520//6604
f 6773//6691 6774//6693 5520//6604 5519//6603
f 6772//6692 6773//6691 5519//6603 5518//6601
f 5553//6681 6772//6692 5518//6601 4748//6600
f 5552//6680 6769//6688 6772//6692 5553//6681
f 5551//6679 6766//6685 6769//6688 5552//6680
f 6775//6701 6776//6702 6779//6703 6778//6704
f 6776//6702 6777//6705 6780//6706 6779//6703
f 6778//6704 6779//6703 6782//6707 6781//6708
f 6779//6703 6780//6706 6783//6709 6782//6707
f 4653//6538 5557//6684 6775//6701 4887//6554
f 5557//6684 5558//6683 6776//6702 6775//6701
f 5558//6683 5559//6682 6777//6705 6776//6702
f 5559//6682 4748//6600 5526//6602 6777//6705
f 6777//6705 5526//6602 5525//6610 6780//6706
f 6780//6706 5525//6610 5524//6609 6783//6709
f 6783//6709 5524//6609 4747//6580 5547//6653
f 6782//6707 6783//6709 5547//6653 5546//6652
f 6781//6708 6782//6707 5546//6652 5545//6651
f 4885//6556 6781//6708 5545//6651 4652//6488
f 4886//6555 6778//6704 6781//6708 4885//6556
f 4887//6554 6775//6701 6778//6704 4886//6555
f 6784//6710 6785//6711 6788//6712 6787//6713
f 6785//6711 6786//6714 6789//6715 6788//6712
f 6787//6713 6788//6712 6791//6716 6790//6717
f 6788//6712 6789//6715 6792//6718 6791//6716
f 4616//5100 4794//5102 6784//6710 4927//6719
f 4794//5102 4793//5114 6785//6711 6784//6710
f 4793//5114 4792//5112 6786//6714 6785//6711
f 4792//5112 4629//5113 5560//6720 6786//6714
f 6786//6714 5560//6720 5561//6721 6789//6715
f 6789//6715 5561//6721 5562//6722 6792//6718
f 6792//6718 5562//6722 4750//6620 5568//6723
f 6791//6716 6792//6718 5568//6723 5567//6724
f 6790//6717 6791//6716 5567//6724 5566//6725
f 4929//6726 6790//6717 5566//6725 4663//6727
f 4928//6728 6787//6713 6790//6717 4929//6726
f 4927//6719 6784//6710 6787//6713 4928//6728
f 6793//6729 6794//6730 6797//6731 6796//6732
f 6794//6730 6795//6733 6798//6734 6797//6731
f 6796//6732 6797//6731 6800//6735 6799//6736
f 6797//6731 6798//6734 6801//6737 6800//6735
f 4629//5113 4791//5140 6793//6729 5560//6720
f 4791//5140 4790//5146 6794//6730 6793//6729
f 4790//5146 4789//5144 6795//6733 6794//6730
f 4789//5144 4628//5145 5563//6665 6795//6733
f 6795//6733 5563//6665 5564//6664 6798//6734
f 6798//6734 5564//6664 5565//6663 6801//6737
f 6801//6737 5565//6663 4751//6589 5523//6624
f 6800//6735 6801//6737 5523//6624 5522//6623
f 6799//6736 6800//6735 5522//6623 5521//6621
f 5562//6722 6799//6736 5521//6621 4750//6620
f 5561//6721 6796//6732 6799//6736 5562//6722
f 5560//6720 6793//6729 6796//6732 5561//6721
f 6802//6738 6803//6739 6806//6740 6805//6741
f 6803//6739 6804//6742 6807//6743 6806//6740
f 6805//6741 6806//6740 6809//6744 6808//6745
f 6806//6740 6807//6743 6810//6746 6809//6744
f 4663//6727 5566//6725 6802//6738 4930//6747
f 5566//6725 5567//6724 6803//6739 6802//6738
f 5567//6724 5568//6723 6804//6742 6803//6739
f 5568//6723 4750//6620 5529//6622 6804//6742
f 6804//6742 5529//6622 5528//6626 6807//6743
f 6807//6743 5528//6626 5527//6625 6810//6746
f 6810//6746 5527//6625 4749//6605 5556//6700
f 6809//6744 6810//6746 5556//6700 5555//6699
f 6808//6745 6809//6744 5555//6699 5554//6698
f 4932//6748 6808//6745 5554//6698 4664//6697
f 4931//6749 6805//6741 6808//6745 4932//6748
f 4930//6747 6802//6738 6805//6741 4931//6749
f 6811//6750 6812//6751 6815//6752 6814//6753
f 6812//6751 6813//6754 6816//6755 6815//6752
f 6814//6753 6815//6752 6818//6756 6817//6757
f 6815//6752 6816//6755 6819//6758 6818//6756
f 4753//6759 5569//6760 6811//6750 5586//6761
f 5569//6760 5570//6762 6812//6751 6811//6750
f 5570//6762 5571//6763 6813//6754 6812//6751
f 5571//6763 4754//6764 5589//6765 6813//6754
f 6813//6754 5589//6765 5588//6766 6816//6755
f 6816//6755 5588//6766 5587//6767 6819//6758
f 6819//6758 5587//6767 4752//6768 5593//6769
f 6818//6756 6819//6758 5593//6769 5594//6770
f 6817//6757 6818//6756 5594//6770 5595//6771
f 5584//6772 6817//6757 5595//6771 4758//6773
f 5585//6774 6814//6753 6817//6757 5584//6772
f 5586//6761 6811//6750 6814//6753 5585//6774
f 6820//6775 6821//6776 6824//6777 6823//6778
f 6821//6776 6822//6779 6825//6780 6824//6777
f 6823//6778 6824//6777 6827//6781 6826//6782
f 6824//6777 6825//6780 6828//6783 6827//6781
f 4755//6784 5572//6785 6820//6775 5580//6786
f 5572//6785 5573//6787 6821//6776 6820//6775
f 5573//6787 5574//6788 6822//6779 6821//6776
f 5574//6788 4756//6789 5592//6790 6822//6779
f 6822//6779 5592//6790 5591//6791 6825//6780
f 6825//6780 5591//6791 5590//6792 6828//6783
f 6828//6783 5590//6792 4752//6768 5587//6767
f 6827//6781 6828//6783 5587//6767 5588//6766
f 6826//6782 6827//6781 5588//6766 5589//6765
f 5578//6793 6826//6782 5589//6765 4754//6764
f 5579//6794 6823//6778 6826//6782 5578//6793
f 5580//6786 6820//6775 6823//6778 5579//6794
f 6829//6795 6830//6796 6833//6797 6832//6798
f 6830//6796 6831//6799 6834//6800 6833//6797
f 6832//6798 6833//6797 6836//6801 6835//6802
f 6833//6797 6834//6800 6837//6803 6836//6801
f 4757//6804 5575//6805 6829//6795 5583//6806
f 5575//6805 5576//6807 6830//6796 6829//6795
f 5576//6807 5577//6808 6831//6799 6830//6796
f 5577//6808 4758//6773 5595//6771 6831//6799
f 6831//6799 5595//6771 5594//6770 6834//6800
f 6834//6800 5594//6770 5593//6769 6837//6803
f 6837//6803 5593//6769 4752//6768 5590//6792
f 6836//6801 6837//6803 5590//6792 5591//6791
f 6835//6802 6836//6801 5591//6791 5592//6790
f 5581//6809 6835//6802 5592//6790 4756//6789
f 5582//6810 6832//6798 6835//6802 5581//6809
f 5583//6806 6829//6795 6832//6798 5582//6810
f 6838//6811 6839//6812 6842//6813 6841//6814
f 6839//6812 6840//6815 6843//6816 6842//6813
f 6841//6814 6842//6813 6845//6817 6844//6818
f 6842//6813 6843//6816 6846//6819 6845//6817
f 4616//5100 4927//6719 6838//6811 4807//5684
f 4927//6719 4928//6728 6839//6812 6838//6811
f 4928//6728 4929//6726 6840//6815 6839//6812
f 4929//6726 4663//6727 5596//6820 6840//6815
f 6840//6815 5596//6820 5597//6821 6843//6816
f 6843//6816 5597//6821 5598//6822 6846//6819
f 6846//6819 5598//6822 4753//6759 5604//6823
f 6845//6817 6846//6819 5604//6823 5603//6824
f 6844//6818 6845//6817 5603//6824 5602//6825
f 4809//5686 6844//6818 5602//6825 4633//5687
f 4808//5685 6841//6814 6844//6818 4809//5686
f 4807//5684 6838//6811 6841//6814 4808//5685
f 6847//6826 6848//6827 6851//6828 6850//6829
f 6848//6827 6849//6830 6852//6831 6851//6828
f 6850//6829 6851//6828 6854//6832 6853//6833
f 6851//6828 6852//6831 6855//6834 6854//6832
f 4663//6727 4930//6747 6847//6826 5596//6820
f 4930//6747 4931//6749 6848//6827 6847//6826
f 4931//6749 4932//6748 6849//6830 6848//6827
f 4932//6748 4664//6697 5599//6835 6849//6830
f 6849//6830 5599//6835 5600//6836 6852//6831
f 6852//6831 5600//6836 5601//6837 6855//6834
f 6855//6834 5601//6837 4754//6764 5571//6763
f 6854//6832 6855//6834 5571//6763 5570//6762
f 6853//6833 6854//6832 5570//6762 5569//6760
f 5598//6822 6853//6833 5569//6760 4753//6759
f 5597//6821 6850//6829 6853//6833 5598//6822
f 5596//6820 6847//6826 6850//6829 5597//6821
f 6856//6838 6857//6839 6860//6840 6859//6841
f 6857//6839 6858//6842 6861//6843 6860//6840
f 6859//6841 6860//6840 6863//6844 6862//6845
f 6860//6840 6861//6843 6864//6846 6863//6844
f 4633//5687 5602//6825 6856//6838 4810//5703
f 5602//6825 5603//6824 6857//6839 6856//6838
f 5603//6824 5604//6823 6858//6842 6857//6839
f 5604//6823 4753//6759 5586//6761 6858//6842
f 6858//6842 5586//6761 5585//6774 6861//6843
f 6861//6843 5585//6774 5584//6772 6864//6846
f 6864//6846 5584//6772 4758//6773 5619//6847
f 6863//6844 6864//6846 5619//6847 5618//6848
f 6862//6845 6863//6844 5618//6848 5617//6849
f 4812//5705 6862//6845 5617//6849 4634//5706
f 4811//5704 6859//6841 6862//6845 4812//5705
f 4810//5703 6856//6838 6859//6841 4811//5704
f 6865//6850 6866//6851 6869//6852 6868//6853
f 6866//6851 6867//6854 6870//6855 6869//6852
f 6868//6853 6869//6852 6872//6856 6871//6857
f 6869//6852 6870//6855 6873//6858 6872//6856
f 4619//5931 4902//6351 6865//6850 4938//6675
f 4902//6351 4901//6360 6866//6851 6865//6850
f 4901//6360 4900//6358 6867//6854 6866//6851
f 4900//6358 4656//6359 5605//6859 6867//6854
f 6867//6854 5605//6859 5606//6860 6870//6855
f 6870//6855 5606//6860 5607//6861 6873//6858
f 6873//6858 5607//6861 4755//6784 5613//6862
f 6872//6856 6873//6858 5613//6862 5612//6863
f 6871//6857 6872//6856 5612//6863 5611//6864
f 4936//6677 6871//6857 5611//6864 4665//6678
f 4937//6676 6868//6853 6871//6857 4936//6677
f 4938//6675 6865//6850 6868//6853 4937//6676
f 6874//6865 6875//6866 6878//6867 6877//6868
f 6875//6866 6876//6869 6879//6870 6878//6867
f 6877//6868 6878//6867 6881//6871 6880//6872
f 6878//6867 6879//6870 6882//6873 6881//6871
f 4656//6359 4899//6379 6874//6865 5605//6859
f 4899//6379 4898//6381 6875//6866 6874//6865
f 4898//6381 4897//6380 6876//6869 6875//6866
f 4897//6380 4655//6329 5608//6874 6876//6869
f 6876//6869 5608//6874 5609//6875 6879//6870
f 6879//6870 5609//6875 5610//6876 6882//6873
f 6882//6873 5610//6876 4756//6789 5574//6788
f 6881//6871 6882//6873 5574//6788 5573//6787
f 6880//6872 6881//6871 5573//6787 5572//6785
f 5607//6861 6880//6872 5572//6785 4755//6784
f 5606//6860 6877//6868 6880//6872 5607//6861
f 5605//6859 6874//6865 6877//6868 5606//6860
f 6883//6877 6884//6878 6887//6879 6886//6880
f 6884//6878 6885//6881 6888//6882 6887//6879
f 6886//6880 6887//6879 6890//6883 6889//6884
f 6887//6879 6888//6882 6891//6885 6890//6883
f 4665//6678 5611//6864 6883//6877 4935//6694
f 5611//6864 5612//6863 6884//6878 6883//6877
f 5612//6863 5613//6862 6885//6881 6884//6878
f 5613//6862 4755//6784 5580//6786 6885//6881
f 6885//6881 5580//6786 5579//6794 6888//6882
f 6888//6882 5579//6794 5578//6793 6891//6885
f 6891//6885 5578//6793 4754//6764 5601//6837
f 6890//6883 6891//6885 5601//6837 5600//6836
f 6889//6884 6890//6883 5600//6836 5599//6835
f 4933//6696 6889//6884 5599//6835 4664//6697
f 4934//6695 6886//6880 6889//6884 4933//6696
f 4935//6694 6883//6877 6886//6880 4934//6695
f 6892//6886 6893//6887 6896//6888 6895//6889
f 6893//6887 6894//6890 6897//6891 6896//6888
f 6895//6889 6896//6888 6899//6892 6898//6893
f 6896//6888 6897//6891 6900//6894 6899//6892
f 4618//5731 4818//5733 6892//6886 4891//6307
f 4818//5733 4817//5745 6893//6887 6892//6886
f 4817//5745 4816//5743 6894//6890 6893//6887
f 4816//5743 4635//5744 5614//6895 6894//6890
f 6894//6890 5614//6895 5615//6896 6897//6891
f 6897//6891 5615//6896 5616//6897 6900//6894
f 6900//6894 5616//6897 4757//6804 5622//6898
f 6899//6892 6900//6894 5622//6898 5621//6899
f 6898//6893 6899//6892 5621//6899 5620//6900
f 4893//6309 6898//6893 5620//6900 4654//6310
f 4892//6308 6895//6889 6898//6893 4893//6309
f 4891//6307 6892//6886 6895//6889 4892//6308
f 6901//6901 6902//6902 6905//6903 6904//6904
f 6902//6902 6903//6905 6906//6906 6905//6903
f 6904//6904 6905//6903 6908//6907 6907//6908
f 6905//6903 6906//6906 6909//6909 6908//6907
f 4635//5744 4815//5771 6901//6901 5614//6895
f 4815//5771 4814//5773 6902//6902 6901//6901
f 4814//5773 4813//5772 6903//6905 6902//6902
f 4813//5772 4634//5706 5617//6849 6903//6905
f 6903//6905 5617//6849 5618//6848 6906//6906
f 6906//6906 5618//6848 5619//6847 6909//6909
f 6909//6909 5619//6847 4758//6773 5577//6808
f 6908//6907 6909//6909 5577//6808 5576//6807
f 6907//6908 6908//6907 5576//6807 5575//6805
f 5616//6897 6907//6908 5575//6805 4757//6804
f 5615//6896 6904//6904 6907//6908 5616//6897
f 5614//6895 6901//6901 6904//6904 5615//6896
f 6910//6910 6911//6911 6914//6912 6913//6913
f 6911//6911 6912//6914 6915//6915 6914//6912
f 6913//6913 6914//6912 6917//6916 6916//6917
f 6914//6912 6915//6915 6918//6918 6917//6916
f 4654//6310 5620//6900 6910//6910 4894//6326
f 5620//6900 5621//6899 6911//6911 6910//6910
f 5621//6899 5622//6898 6912//6914 6911//6911
f 5622//6898 4757//6804 5583//6806 6912//6914
f 6912//6914 5583//6806 5582//6810 6915//6915
f 6915//6915 5582//6810 5581//6809 6918//6918
f 6918//6918 5581//6809 4756//6789 5610//6876
f 6917//6916 6918//6918 5610//6876 5609//6875
f 6916//6917 6917//6916 5609//6875 5608//6874
f 4896//6328 6916//6917 5608//6874 4655//6329
f 4895//6327 6913//6913 6916//6917 4896//6328
f 4894//6326 6910//6910 6913//6913 4895//6327
