# 3ds Max Wavefront OBJ Exporter v0.94b - (c)2007 guruware
# File Created: 10.01.2013 17:55:29

mtllib Anthias1.mtl

#
# object Anthias01
#

v  -0.2014 -0.3899 -2.0563
v  -0.2285 -0.4452 -1.9331
v  -0.2867 -0.3928 -1.9322
v  -0.2471 -0.3433 -2.0529
v  -0.2557 -0.4959 -1.7855
v  -0.3271 -0.4316 -1.7853
v  -0.3616 -0.3618 -1.7828
v  -0.3140 -0.3332 -1.9221
v  -0.2540 -0.2795 -2.0727
v  -0.2734 -0.5181 -1.6395
v  -0.3543 -0.4308 -1.6395
v  -0.2838 -0.5189 -1.4924
v  -0.3720 -0.4039 -1.4922
v  -0.4136 -0.2383 -1.5003
v  -0.3937 -0.3412 -1.6449
v  -0.2890 -0.5053 -1.3414
v  -0.3838 -0.3647 -1.3405
v  -0.2907 -0.4881 -1.1948
v  -0.3902 -0.3267 -1.1931
v  -0.4306 -0.1172 -1.1919
v  -0.4201 -0.1687 -1.3398
v  -0.2903 -0.4781 -1.0608
v  -0.3918 -0.3040 -1.0586
v  -0.2933 -0.4797 -0.9228
v  -0.3948 -0.2829 -0.9512
v  -0.4462 -0.0744 -0.9175
v  -0.4341 -0.0822 -1.0572
v  -0.2844 -0.4830 -0.6502
v  -0.2743 -0.4670 -0.5198
v  -0.3690 -0.2629 -0.5057
v  -0.3775 -0.2739 -0.5999
v  -0.2642 -0.4605 -0.3814
v  -0.3534 -0.2545 -0.3751
v  -0.3899 -0.0072 -0.3822
v  -0.4083 -0.0150 -0.5102
v  -0.4330 -0.0483 -0.6272
v  -0.2520 -0.4458 -0.2175
v  -0.3349 -0.2428 -0.2157
v  -0.2392 -0.4270 -0.0457
v  -0.3153 -0.2291 -0.0459
v  -0.3452 0.0108 -0.0540
v  -0.3683 0.0017 -0.2240
v  -0.2272 -0.4083 0.1161
v  -0.2962 -0.2151 0.1161
v  -0.2161 -0.3892 0.2665
v  -0.2788 -0.2018 0.2681
v  -0.3016 0.0259 0.2646
v  -0.3224 0.0195 0.1096
v  -0.2061 -0.3690 0.4039
v  -0.2642 -0.1903 0.4083
v  -0.1948 -0.3446 0.5643
v  -0.2495 -0.1777 0.5711
v  -0.2689 0.0279 0.5752
v  -0.2849 0.0284 0.4089
v  -0.1802 -0.3127 0.7838
v  -0.2316 -0.1610 0.7908
v  -0.1652 -0.2777 1.0142
v  -0.2135 -0.1425 1.0205
v  -0.2321 0.0216 1.0253
v  -0.2507 0.0251 0.7959
v  -0.1529 -0.2437 1.2073
v  -0.1981 -0.1247 1.2134
v  -0.1420 -0.2144 1.3758
v  -0.1839 -0.1094 1.3820
v  -0.1996 0.0163 1.3855
v  -0.2154 0.0190 1.2175
v  -0.1188 -0.1810 1.6856
v  -0.1032 -0.1768 1.8440
v  -0.1346 -0.0903 1.8486
v  -0.1537 -0.0924 1.6918
v  -0.0879 -0.1888 1.9924
v  -0.1164 -0.0972 1.9952
v  -0.1280 -0.0017 1.9967
v  -0.1468 0.0032 1.8510
v  -0.1667 0.0081 1.6949
v  -0.3050 -0.0933 -1.8968
v  -0.3267 -0.1230 -1.8497
v  -0.3115 -0.0254 -1.8579
v  -0.2926 -0.0309 -1.9158
v  -0.3537 -0.1336 -1.7732
v  -0.3313 -0.0193 -1.7844
v  -0.3054 0.0943 -1.7947
v  -0.2919 0.0712 -1.8682
v  -0.2850 0.0331 -1.9088
v  -0.3693 -0.1123 -1.7005
v  -0.3472 -0.0139 -1.7117
v  -0.3693 -0.0755 -1.6600
v  -0.3566 -0.0102 -1.6540
v  -0.3365 0.0531 -1.6721
v  -0.3223 0.0841 -1.7190
v  -0.3771 0.1298 -1.3405
v  -0.3654 0.0764 -1.4705
v  -0.3874 0.1805 -1.1927
v  -0.2866 0.4749 -1.1941
v  -0.2790 0.4286 -1.3414
v  -0.2761 0.3704 -1.5047
v  -0.3908 0.2172 -1.0572
v  -0.3897 0.2442 -0.9259
v  -0.2886 0.5360 -0.9299
v  -0.2892 0.5096 -1.0578
v  -0.3689 0.2943 -0.5389
v  -0.3804 0.2823 -0.6591
v  -0.3534 0.3039 -0.4087
v  -0.2651 0.6016 -0.4361
v  -0.2751 0.5896 -0.5699
v  -0.2824 0.5754 -0.6885
v  -0.3349 0.3132 -0.2476
v  -0.3153 0.3197 -0.0740
v  -0.2402 0.6178 -0.0949
v  -0.2530 0.6126 -0.2717
v  -0.2962 0.3207 0.0934
v  -0.2788 0.3164 0.2525
v  -0.2171 0.5982 0.2387
v  -0.2282 0.6121 0.0761
v  -0.2642 0.3073 0.4011
v  -0.2495 0.2900 0.5703
v  -0.1956 0.5464 0.5618
v  -0.2070 0.5787 0.3904
v  -0.2316 0.2613 0.7916
v  -0.2135 0.2289 1.0207
v  -0.1652 0.4353 1.0125
v  -0.1805 0.4942 0.7836
v  -0.1981 0.2006 1.2134
v  -0.1839 0.1746 1.3820
v  -0.1427 0.3344 1.3749
v  -0.1532 0.3831 1.2057
v  -0.1346 0.1032 1.8486
v  -0.1537 0.1247 1.6918
v  -0.1164 0.0905 1.9949
v  -0.0879 0.1797 1.9920
v  -0.1032 0.2022 1.8440
v  -0.1189 0.2406 1.6855
v  -0.0051 -0.4596 -2.0655
v  -0.0051 -0.5257 -1.9368
v  -0.1275 -0.4987 -1.9354
v  -0.1138 -0.4364 -2.0621
v  -0.0051 -0.5924 -1.7865
v  -0.1412 -0.5602 -1.7861
v  -0.0051 -0.6397 -1.6395
v  -0.1499 -0.6001 -1.6395
v  -0.0051 -0.6741 -1.4925
v  -0.1547 -0.6241 -1.4925
v  -0.0051 -0.7020 -1.3418
v  -0.1565 -0.6378 -1.3418
v  -0.0051 -0.7158 -1.1962
v  -0.1565 -0.6413 -1.1958
v  -0.0051 -0.7082 -1.0645
v  -0.1559 -0.6345 -1.0632
v  -0.0051 -0.7302 -0.9391
v  -0.1478 -0.6351 -0.9578
v  -0.0051 -0.7494 -0.7348
v  -0.0051 -0.7277 -0.5638
v  -0.1477 -0.6452 -0.5470
v  -0.1410 -0.6480 -0.6685
v  -0.0051 -0.7363 -0.4039
v  -0.1427 -0.6475 -0.3952
v  -0.0051 -0.7225 -0.2287
v  -0.1367 -0.6329 -0.2241
v  -0.0051 -0.6968 -0.0524
v  -0.1304 -0.6094 -0.0495
v  -0.0051 -0.6701 0.1106
v  -0.1246 -0.5855 0.1130
v  -0.0051 -0.6394 0.2608
v  -0.1192 -0.5590 0.2630
v  -0.1020 -0.4460 0.7823
v  -0.0948 -0.3983 1.0139
v  -0.1086 -0.4905 0.5609
v  -0.0051 -0.6052 0.5612
v  -0.0334 -0.5410 0.7871
v  -0.0336 -0.4859 1.0189
v  -0.0869 -0.3515 1.2054
v  -0.0794 -0.3105 1.3714
v  -0.0296 -0.4304 1.2089
v  -0.0051 -0.3892 1.3619
v  -0.0051 -0.3004 1.6762
v  -0.0051 -0.2932 1.8380
v  -0.0577 -0.2557 1.8399
v  -0.0664 -0.2619 1.6793
v  -0.0051 -0.3069 1.9891
v  -0.0491 -0.2694 1.9901
v  -0.0051 -0.8080 3.2703
v  -0.0051 -0.4594 3.2626
v  -0.0060 -0.4743 3.1853
v  -0.0062 -0.8387 3.2008
v  -0.0051 -0.0708 3.3081
v  -0.0059 -0.0577 3.2304
v  -0.0058 -0.0469 3.1393
v  -0.0058 -0.4810 3.0963
v  -0.0057 -0.9234 3.1070
v  -0.0051 0.5311 3.7789
v  -0.0051 0.6393 3.8115
v  -0.0056 0.6349 3.7747
v  -0.0058 0.5789 3.7278
v  -0.0051 0.7633 3.7549
v  -0.0058 0.6950 3.7158
v  -0.0062 0.6343 3.6813
v  -0.0051 0.3088 1.9890
v  -0.0051 0.3355 1.8380
v  -0.0577 0.2925 1.8399
v  -0.0491 0.2662 1.9899
v  -0.0051 0.4121 1.7022
v  -0.0668 0.3390 1.6789
v  -0.0333 0.7136 1.0076
v  -0.0946 0.5967 1.0064
v  -0.0881 0.5292 1.1991
v  -0.0316 0.6370 1.2003
v  -0.0821 0.4643 1.3676
v  -0.0294 0.5601 1.3720
v  -0.0375 0.8644 0.5533
v  -0.1117 0.7347 0.5549
v  -0.1032 0.6703 0.7773
v  -0.0354 0.7945 0.7772
v  -0.0404 0.9349 0.2268
v  -0.1230 0.7996 0.2298
v  -0.1179 0.7750 0.3826
v  -0.0391 0.9082 0.3802
v  -0.0432 0.9621 -0.1095
v  -0.1342 0.8252 -0.1056
v  -0.1284 0.8173 0.0661
v  -0.0417 0.9537 0.0622
v  -0.0462 0.9456 -0.4470
v  -0.1465 0.8087 -0.4461
v  -0.1405 0.8205 -0.2819
v  -0.0447 0.9576 -0.2843
v  -0.0484 0.9145 -0.7019
v  -0.1550 0.7794 -0.7000
v  -0.1514 0.7953 -0.5813
v  -0.0475 0.9315 -0.5826
v  -0.0051 0.8085 -1.1776
v  -0.1542 0.6748 -1.1946
v  -0.1568 0.7105 -1.0580
v  -0.0459 0.8423 -1.0589
v  -0.1577 0.7374 -0.9315
v  -0.0483 0.8699 -0.9321
v  -0.0051 0.6219 -1.5007
v  -0.1442 0.5553 -1.4993
v  -0.1499 0.6258 -1.3418
v  -0.0051 0.6990 -1.3418
v  -0.0051 0.5105 -1.6723
v  -0.1376 0.4554 -1.6670
v  -0.0051 0.3831 -1.8367
v  -0.1306 0.3395 -1.8281
v  -0.2277 0.2614 -1.8132
v  -0.2407 0.3462 -1.6657
v  -0.0051 0.2579 -1.9743
v  -0.1235 0.2212 -1.9658
v  -0.0051 0.1505 -2.0784
v  -0.1161 0.1180 -2.0718
v  -0.2143 0.0352 -2.0591
v  -0.2155 0.1625 -1.9445
v  -0.0051 -0.1511 -2.2688
v  -0.0051 -0.1848 -2.2655
v  -0.0795 -0.1845 -2.2572
v  -0.0708 -0.1509 -2.2616
v  -0.0051 -0.2117 -2.2589
v  -0.0819 -0.2130 -2.2509
v  -0.1462 -0.2160 -2.2281
v  -0.1417 -0.1803 -2.2347
v  -0.1209 -0.1372 -2.2412
v  -0.0051 -0.2308 -2.2580
v  -0.0051 -0.2412 -2.2671
v  -0.0726 -0.2410 -2.2615
v  -0.0730 -0.2313 -2.2529
v  -0.0051 -0.2585 -2.2736
v  -0.0735 -0.2564 -2.2670
v  -0.1145 -0.2540 -2.2555
v  -0.1269 -0.2426 -2.2497
v  -0.1278 -0.2329 -2.2416
v  -0.1312 -0.1935 1.5324
v  -0.1696 -0.0987 1.5388
v  -0.1838 0.0125 1.5422
v  -0.1696 0.1489 1.5388
v  -0.1317 0.2858 1.5319
v  -0.0731 -0.2804 1.5262
v  -0.0051 -0.3219 1.5233
v  -0.0750 0.3986 1.5245
v  -0.0255 0.4781 1.5394
v  -0.2429 -0.1177 -2.0733
v  -0.2250 -0.1396 -2.1193
v  -0.2340 -0.2358 -2.1138
v  -0.1885 -0.0287 -2.1277
v  -0.1715 -0.0694 -2.1709
v  -0.2037 -0.1543 -2.1596
v  -0.2113 -0.2267 -2.1499
v  -0.1079 0.0470 -2.1375
v  -0.0051 0.0761 -2.1428
v  -0.0051 0.0183 -2.1846
v  -0.0985 -0.0072 -2.1803
v  -0.0051 -0.2772 -2.0940
v  -0.1230 -0.2777 -2.0939
v  -0.1151 -0.2652 -2.1150
v  -0.0051 -0.2646 -2.1156
v  -0.1866 -0.2756 -2.0981
v  -0.1994 -0.2663 -2.1138
v  -0.1815 -0.2513 -2.1449
v  -0.1052 -0.2504 -2.1472
v  -0.0051 -0.2497 -2.1490
v  -0.1795 -0.1691 -2.2001
v  -0.1857 -0.2203 -2.1912
v  -0.1517 -0.1078 -2.2099
v  -0.0875 -0.0600 -2.2177
v  -0.0051 -0.0395 -2.2211
v  -0.0051 -0.0887 -2.2491
v  -0.0728 -0.1024 -2.2460
v  -0.0930 -0.2372 -2.1906
v  -0.0051 -0.2362 -2.1947
v  -0.1600 -0.2385 -2.1852
v  -0.1330 -0.2311 -2.2139
v  -0.0835 -0.2275 -2.2287
v  -0.0051 -0.2261 -2.2352
v  -0.2221 -0.3124 -2.1200
v  -0.1840 -0.3538 -2.1292
v  -0.2334 -0.2809 -2.1144
v  -0.2129 -0.2646 -2.1480
v  -0.2045 -0.2919 -2.1579
v  -0.1713 -0.3277 -2.1725
v  -0.1866 -0.2776 -2.0985
v  -0.1230 -0.2799 -2.0942
v  -0.1152 -0.2687 -2.1156
v  -0.1996 -0.2692 -2.1143
v  -0.0051 -0.2798 -2.0944
v  -0.0051 -0.2686 -2.1163
v  -0.0051 -0.2551 -2.1473
v  -0.1053 -0.2554 -2.1461
v  -0.1820 -0.2558 -2.1444
v  -0.1049 -0.3941 -2.1410
v  -0.0051 -0.4141 -2.1475
v  -0.0982 -0.3621 -2.1899
v  -0.0051 -0.3790 -2.1993
v  -0.1870 -0.2736 -2.1912
v  -0.1581 -0.3027 -2.2071
v  -0.1925 -0.2513 -2.1810
v  -0.1733 -0.2416 -2.2092
v  -0.1703 -0.2587 -2.2179
v  -0.1452 -0.2808 -2.2327
v  -0.0931 -0.2434 -2.1837
v  -0.1610 -0.2439 -2.1808
v  -0.0051 -0.2430 -2.1854
v  -0.0051 -0.2341 -2.2189
v  -0.0820 -0.2344 -2.2166
v  -0.1420 -0.2351 -2.2123
v  -0.0911 -0.3306 -2.2265
v  -0.0051 -0.3442 -2.2371
v  -0.0842 -0.3014 -2.2512
v  -0.0051 -0.3114 -2.2614
v  -0.1548 -0.2485 -2.2363
v  -0.1334 -0.2639 -2.2487
v  -0.1565 -0.2359 -2.2282
v  -0.0758 -0.2305 -2.2329
v  -0.1304 -0.2313 -2.2276
v  -0.0051 -0.2300 -2.2363
v  -0.0051 -0.2287 -2.2447
v  -0.0731 -0.2293 -2.2402
v  -0.1132 -0.2301 -2.2346
v  -0.0778 -0.2766 -2.2641
v  -0.0051 -0.2823 -2.2726
v  -0.0522 -0.1253 -2.2617
v  -0.0051 -0.1211 -2.2654
v  -0.1030 -0.1178 2.1176
v  -0.1144 -0.0064 2.1181
v  -0.0764 -0.2249 2.1154
v  -0.0664 -0.2906 2.2317
v  -0.0916 -0.1553 2.2337
v  -0.1030 -0.0125 2.2332
v  -0.0426 -0.3106 2.1119
v  -0.0051 -0.3481 2.1099
v  -0.0051 -0.4232 2.2222
v  -0.0369 -0.3857 2.2260
v  -0.0426 0.2672 2.1108
v  -0.0051 0.3085 2.1093
v  -0.0764 0.1821 2.1138
v  -0.0664 0.2046 2.2282
v  -0.0369 0.2911 2.2236
v  -0.0051 0.3311 2.2210
v  -0.1030 0.0923 2.1165
v  -0.0916 0.1055 2.2314
v  -0.0792 -0.2131 2.3615
v  -0.0907 -0.0215 2.3600
v  -0.0557 -0.3916 2.3598
v  -0.0453 -0.5195 2.5058
v  -0.0664 -0.2855 2.5074
v  -0.0772 -0.0300 2.5092
v  -0.0307 -0.5012 2.3527
v  -0.0051 -0.5387 2.3478
v  -0.0051 -0.6904 2.4929
v  -0.0250 -0.6506 2.4982
v  -0.0307 0.3335 2.3489
v  -0.0051 0.3731 2.3459
v  -0.0557 0.2423 2.3541
v  -0.0453 0.3111 2.5259
v  -0.0250 0.4171 2.5259
v  -0.0051 0.4602 2.5239
v  -0.0792 0.1271 2.3577
v  -0.0664 0.1655 2.5179
v  -0.0394 -0.3671 2.6776
v  -0.0622 -0.0346 2.6916
v  -0.0274 -0.6657 2.6755
v  -0.0060 -0.7919 2.8411
v  -0.0064 -0.4362 2.8454
v  -0.0353 -0.0374 2.8735
v  -0.0206 -0.8275 2.6683
v  -0.0051 -0.8741 2.6634
v  -0.0051 -1.0435 2.8249
v  -0.0176 -0.9865 2.8312
v  -0.0206 0.5645 2.7940
v  -0.0051 0.6179 2.7950
v  -0.0366 0.4272 2.7781
v  -0.0299 0.5343 3.0368
v  -0.0176 0.7046 3.0670
v  -0.0051 0.7704 3.0691
v  -0.0535 0.2288 2.7345
v  -0.0328 0.2865 2.9548
v  -0.0061 -0.4713 2.9840
v  -0.0062 -0.0409 3.0215
v  -0.0059 -0.8596 2.9748
v  -0.0055 -1.0822 2.9553
v  -0.0051 -1.1520 2.9430
v  -0.0051 -1.2648 3.0737
v  -0.0055 -1.1371 3.0673
v  -0.0055 0.7664 3.2587
v  -0.0051 0.8417 3.2559
v  -0.0059 0.5764 3.2282
v  -0.0057 0.5840 3.4082
v  -0.0055 0.7722 3.4149
v  -0.0051 0.8792 3.4519
v  -0.0061 0.3078 3.1261
v  -0.0058 0.2981 3.2523
v  -0.0060 0.2627 3.3376
v  -0.0060 0.4708 3.4767
v  -0.0051 0.2145 3.4024
v  -0.0051 0.3968 3.5284
v  -0.0060 -1.1023 3.2973
v  -0.0057 -1.1813 3.3031
v  -0.0055 -1.1499 3.3622
v  -0.0057 -1.0709 3.3490
v  -0.0051 -1.2840 3.3022
v  -0.0051 -1.1831 3.3792
v  -0.0051 -1.0631 3.3939
v  -0.0054 0.7446 3.5815
v  -0.0051 0.8652 3.5971
v  -0.0055 0.6357 3.5828
v  -0.0058 0.5502 3.6176
v  -0.0051 0.4763 3.6692
v  -0.0060 -1.1736 3.1941
v  -0.0064 -1.0595 3.2247
v  -0.0051 -1.3163 3.1734
v  -0.0060 -1.0023 3.2753
v  -0.0051 -0.9737 3.3359
v  -0.1141 -0.5277 0.4000
v  -0.0051 -0.6021 0.3983
v  -0.0051 -0.6245 0.5880
v  -0.0105 -0.5781 0.7990
v  -0.0051 -0.6492 0.6244
v  -0.0105 -0.6006 0.8391
v  -0.0132 -0.5427 1.0644
v  -0.0132 -0.5219 1.0281
v  -0.0105 -0.4625 1.2187
v  -0.0105 -0.4734 1.2544
v  -0.0051 -0.4123 1.3960
v  -0.0051 -0.4153 1.3515
v  -0.0051 -0.7023 0.7010
v  -0.0105 -0.6521 0.9285
v  -0.0051 -0.7703 0.8234
v  -0.0109 -0.7138 1.0453
v  -0.0138 -0.6337 1.2585
v  -0.0132 -0.5846 1.1507
v  -0.0054 -0.4885 1.3357
v  -0.0054 -0.5061 1.4337
v  -0.0051 -0.3652 1.5840
v  -0.0051 -0.3951 1.4765
v  -0.0051 -0.8281 0.9605
v  -0.0121 -0.7672 1.1679
v  -0.0051 -0.8819 1.1181
v  -0.0133 -0.8187 1.2956
v  -0.0174 -0.7207 1.4610
v  -0.0156 -0.6761 1.3594
v  -0.0054 -0.5248 1.5192
v  -0.0055 -0.5529 1.6023
v  -0.0051 -0.3502 1.7316
v  -0.0051 -0.3432 1.6632
v  -0.0051 -0.9342 1.2746
v  -0.0137 -0.8749 1.4278
v  -0.0051 -0.9825 1.4266
v  -0.0137 -0.9283 1.5551
v  -0.0180 -0.8358 1.6750
v  -0.0180 -0.7763 1.5706
v  -0.0055 -0.5990 1.6928
v  -0.0055 -0.6665 1.7774
v  -0.0051 -0.4589 1.8711
v  -0.0051 -0.3823 1.8046
v  -0.0051 -1.0242 1.5706
v  -0.0137 -0.9714 1.6681
v  -0.0051 -1.0573 1.7048
v  -0.0137 -1.0067 1.7717
v  -0.0180 -0.9434 1.8372
v  -0.0180 -0.8919 1.7606
v  -0.0055 -0.7589 1.8429
v  -0.0055 -0.8545 1.8996
v  -0.0051 -0.7530 1.9606
v  -0.0051 -0.5992 1.9201
v  -0.0051 -1.0798 1.8273
v  -0.0137 -1.0365 1.8709
v  -0.0051 -1.0942 1.9317
v  -0.0055 -1.0605 1.9586
v  -0.0056 -1.0261 1.9859
v  -0.0180 -0.9886 1.9145
v  -0.0055 -0.9316 1.9581
v  -0.0055 -0.9903 2.0140
v  -0.0051 -0.9537 2.0425
v  -0.0051 -0.8701 2.0018
v  -0.0051 -1.1029 2.0113
v  -0.0055 -1.0784 2.0277
v  -0.0051 -1.1105 2.0755
v  -0.0055 -1.0933 2.0853
v  -0.0056 -1.0761 2.0959
v  -0.0056 -1.0542 2.0446
v  -0.0055 -1.0305 2.0628
v  -0.0055 -1.0588 2.1080
v  -0.0051 -1.0416 2.1209
v  -0.0051 -1.0071 2.0816
v  -0.0051 -1.1216 2.1333
v  -0.0055 -1.1081 2.1387
v  -0.0051 -1.1318 2.1826
v  -0.0055 -1.1205 2.1825
v  -0.0056 -1.1104 2.1874
v  -0.0056 -1.0948 2.1449
v  -0.0055 -1.0817 2.1530
v  -0.0055 -1.0998 2.1915
v  -0.0051 -1.0920 2.2000
v  -0.0051 -1.0687 2.1620
v  -0.0119 0.6175 1.3998
v  -0.0128 0.7046 1.2162
v  -0.0116 0.6674 1.4438
v  -0.0125 0.7613 1.2464
v  -0.0125 0.8440 1.0485
v  -0.0128 0.7862 1.0213
v  -0.0128 0.8716 0.7878
v  -0.0125 0.9305 0.8100
v  -0.0125 1.0051 0.5777
v  -0.0128 0.9450 0.5608
v  -0.0128 0.9905 0.3857
v  -0.0125 1.0518 0.3987
v  -0.0125 1.0810 0.2399
v  -0.0128 1.0183 0.2305
v  -0.0128 1.0387 0.0634
v  -0.0125 1.1032 0.0683
v  -0.0125 1.1145 -0.1088
v  -0.0128 1.0485 -0.1102
v  -0.0128 1.0444 -0.2851
v  -0.0125 1.1111 -0.2843
v  -0.0125 1.0991 -0.4462
v  -0.0128 1.0324 -0.4473
v  -0.0128 1.0180 -0.5830
v  -0.0125 1.0847 -0.5821
v  -0.0125 1.0673 -0.7022
v  -0.0128 1.0008 -0.7025
v  -0.0119 0.9554 -0.9330
v  -0.0090 0.9275 -1.0614
v  -0.0116 1.0215 -0.9339
v  -0.0088 0.9929 -1.0644
v  -0.0051 0.9776 -1.1329
v  -0.0052 0.9127 -1.1285
v  -0.0051 0.4053 1.8074
v  -0.0090 0.5152 1.5996
v  -0.0051 0.4134 1.9375
v  -0.0088 0.5470 1.6808
v  -0.0107 0.7406 1.4967
v  -0.0115 0.8361 1.2907
v  -0.0093 0.8422 1.5662
v  -0.0099 0.9354 1.3517
v  -0.0099 1.0099 1.1456
v  -0.0115 0.9164 1.0902
v  -0.0115 1.0002 0.8448
v  -0.0099 1.0872 0.8935
v  -0.0099 1.1561 0.6451
v  -0.0115 1.0736 0.6044
v  -0.0115 1.1222 0.4190
v  -0.0099 1.2055 0.4503
v  -0.0099 1.2402 0.2759
v  -0.0115 1.1544 0.2541
v  -0.0115 1.1782 0.0757
v  -0.0099 1.2651 0.0886
v  -0.0099 1.2780 -0.0992
v  -0.0115 1.1904 -0.1064
v  -0.0115 1.1875 -0.2821
v  -0.0099 1.2766 -0.2755
v  -0.0099 1.2665 -0.4353
v  -0.0115 1.1757 -0.4428
v  -0.0115 1.1612 -0.5797
v  -0.0099 1.2531 -0.5739
v  -0.0099 1.2356 -0.6977
v  -0.0115 1.1434 -0.7014
v  -0.0107 1.0957 -0.9350
v  -0.0083 1.0651 -1.0669
v  -0.0093 1.1834 -0.9328
v  -0.0075 1.1455 -1.0673
v  -0.0051 1.1244 -1.1384
v  -0.0051 1.0487 -1.1362
v  -0.0051 0.4642 2.0487
v  -0.0083 0.6110 1.7587
v  -0.0051 0.5560 2.1516
v  -0.0075 0.7091 1.8432
v  -0.0073 0.9771 1.6594
v  -0.0077 1.0652 1.4323
v  -0.0051 1.1286 1.7647
v  -0.0051 1.2102 1.5227
v  -0.0051 1.2658 1.2897
v  -0.0077 1.1310 1.2144
v  -0.0077 1.1979 0.9574
v  -0.0051 1.3206 1.0290
v  -0.0051 1.3709 0.7720
v  -0.0077 1.2585 0.7040
v  -0.0077 1.3052 0.4966
v  -0.0051 1.4133 0.5504
v  -0.0051 1.4471 0.3450
v  -0.0077 1.3401 0.3079
v  -0.0077 1.3651 0.1105
v  -0.0051 1.4717 0.1368
v  -0.0051 1.4872 -0.0632
v  -0.0077 1.3792 -0.0834
v  -0.0077 1.3811 -0.2614
v  -0.0051 1.4935 -0.2437
v  -0.0051 1.4933 -0.4056
v  -0.0077 1.3753 -0.4219
v  -0.0077 1.3660 -0.5631
v  -0.0051 1.4894 -0.5498
v  -0.0051 1.4774 -0.6779
v  -0.0077 1.3508 -0.6891
v  -0.0073 1.2902 -0.9239
v  -0.0064 1.2351 -1.0642
v  -0.0051 1.4064 -0.9118
v  -0.0051 1.3293 -1.0593
v  -0.0051 1.2030 -1.1394
v  -0.0051 0.6872 2.2568
v  -0.0064 0.8435 1.9438
v  -0.0051 0.8398 2.2589
v  -0.0051 0.9961 2.0525
v  -0.3222 -0.2586 -1.8924
v  -0.2805 -0.1904 -1.9826
v  -0.3651 -0.2809 -1.7753
v  -0.3574 -0.2126 -1.7684
v  -0.3227 -0.1939 -1.8619
v  -0.2882 -0.1359 -1.9357
v  -0.3924 -0.2523 -1.6610
v  -0.3935 -0.1543 -1.5775
v  -0.3776 -0.1102 -1.6160
v  -0.3771 -0.1831 -1.6792
v  -0.3579 0.0317 -1.5529
v  -0.3128 0.1985 -1.5878
v  -0.3236 0.1057 -1.6304
v  -0.3549 0.0013 -1.6003
v  -0.2853 0.2392 -1.6830
v  -0.2683 0.2014 -1.8035
v  -0.2800 0.1605 -1.7984
v  -0.2988 0.1573 -1.7046
v  -0.2547 0.1329 -1.9143
v  -0.2494 0.0374 -1.9926
v  -0.2625 0.0461 -1.9498
v  -0.2671 0.1194 -1.8871
v  -0.2571 -0.0811 -2.0156
v  -0.2688 -0.0474 -1.9655
v  -0.0051 -1.1366 2.2216
v  -0.0054 -1.1282 2.2117
v  -0.0051 -1.1323 2.2405
v  -0.0054 -1.1230 2.2190
v  -0.0054 -1.1140 2.2171
v  -0.0051 -1.1153 2.2297
v  -0.3273 -0.1639 -1.8494
v  -0.2965 -0.1119 -1.9145
v  -0.3580 -0.1807 -1.7678
v  -0.3743 -0.1525 -1.6910
v  -0.3745 -0.0913 -1.6375
v  -0.3568 -0.0089 -1.6254
v  -0.3314 0.0707 -1.6526
v  -0.3086 0.1234 -1.7166
v  -0.2903 0.1395 -1.7974
v  -0.2783 0.1092 -1.8748
v  -0.2742 0.0465 -1.9295
v  -0.2795 -0.0345 -1.9420
v  -0.4423 -0.0069 -0.7702
v  -0.3868 0.2657 -0.7907
v  -0.2866 0.5577 -0.8077
v  -0.0489 0.8940 -0.8158
v  -0.1571 0.7602 -0.8145
v  -0.0125 1.0463 -0.8163
v  -0.0128 0.9799 -0.8162
v  -0.0099 1.2129 -0.8135
v  -0.0115 1.1216 -0.8165
v  -0.0051 1.4527 -0.7916
v  -0.0077 1.3271 -0.8041
v  -0.4052 -0.2500 -0.8851
v  -0.4378 -0.1679 -0.8440
v  -0.3649 -0.3431 -0.8675
v  -0.4051 -0.2622 -0.8354
v  -0.4240 -0.2137 -0.8418
v  -0.4310 -0.1874 -0.8037
v  -0.2877 -0.4882 -0.7845
v  -0.3417 -0.3923 -0.7822
v  -0.3427 -0.3813 -0.6897
v  -0.3702 -0.3312 -0.6959
v  -0.3834 -0.3096 -0.7699
v  -0.3745 -0.2938 -0.6500
v  -0.4139 -0.1952 -0.6692
v  -0.3950 -0.2516 -0.6761
v  -0.3767 -0.3025 -0.6637
v  -0.4379 -0.1515 -0.7529
v  -0.4172 -0.2066 -0.7356
v  -0.1254 -0.6609 -0.8936
v  -0.1889 -0.6017 -0.8568
v  -0.0586 -0.7245 -0.8942
v  -0.0716 -0.7305 -0.8696
v  -0.1048 -0.6975 -0.8515
v  -0.1324 -0.6687 -0.8175
v  -0.0051 -0.7614 -0.8484
v  -0.0326 -0.7534 -0.8543
v  -0.0497 -0.7404 -0.7979
v  -0.0559 -0.7437 -0.8252
v  -0.0538 -0.7475 -0.8565
v  -0.1121 -0.6782 -0.7489
v  -0.1779 -0.6117 -0.7361
v  -0.1154 -0.6809 -0.7670
v  -0.0829 -0.7144 -0.7882
v  -0.2049 -0.5858 -0.7882
v  -0.1339 -0.6644 -0.7831
v  -0.4242 -0.2110 -0.7150
v  -0.4053 -0.2523 -0.6620
v  -0.4443 -0.1798 -0.7732
v  -0.4691 -0.1508 -0.7353
v  -0.4451 -0.1871 -0.6796
v  -0.4266 -0.2286 -0.6251
v  -0.4666 -0.1575 -0.6183
v  -0.4407 -0.2113 -0.5633
v  -0.4970 -0.1060 -0.6731
v  -0.5265 -0.0495 -0.5953
v  -0.4896 -0.1170 -0.5320
v  -0.4544 -0.1855 -0.4686
v  -0.5151 -0.0605 -0.4218
v  -0.4749 -0.1361 -0.3328
v  -0.5563 0.0146 -0.5108
v  -0.5854 0.0806 -0.4280
v  -0.5430 0.0056 -0.3061
v  -0.5015 -0.0699 -0.1841
v  -0.5729 0.0748 -0.2029
v  -0.5335 0.0061 -0.0504
v  -0.6133 0.1430 -0.3553
v  -0.6470 0.2176 -0.2827
v  -0.6100 0.1581 -0.1055
v  -0.5739 0.0981 0.0717
v  -0.6593 0.2663 -0.0074
v  -0.6256 0.2123 0.1854
v  -0.6941 0.3199 -0.2000
v  -0.7375 0.4118 -0.1394
v  -0.7014 0.3566 0.0666
v  -0.6694 0.3077 0.2782
v  -0.4093 -0.2835 -0.6734
v  -0.4291 -0.2515 -0.7361
v  -0.4429 -0.2439 -0.6273
v  -0.4668 -0.2073 -0.6841
v  -0.4852 -0.1657 -0.7398
v  -0.4477 -0.2093 -0.7934
v  -0.4541 -0.2179 -0.5627
v  -0.4845 -0.1663 -0.6176
v  -0.4600 -0.1882 -0.4683
v  -0.4970 -0.1207 -0.5317
v  -0.5321 -0.0522 -0.5951
v  -0.5104 -0.1126 -0.6725
v  -0.4779 -0.1375 -0.3327
v  -0.5191 -0.0625 -0.4217
v  -0.5045 -0.0714 -0.1839
v  -0.5469 0.0036 -0.3059
v  -0.5884 0.0791 -0.4279
v  -0.5592 0.0131 -0.5107
v  -0.5365 0.0046 -0.0502
v  -0.5769 0.0728 -0.2027
v  -0.5769 0.0966 0.0718
v  -0.6139 0.1561 -0.1054
v  -0.6500 0.2161 -0.2825
v  -0.6162 0.1416 -0.3552
v  -0.6285 0.2108 0.1855
v  -0.6633 0.2644 -0.0072
v  -0.6715 0.3067 0.2782
v  -0.7044 0.3552 0.0667
v  -0.7395 0.4108 -0.1394
v  -0.6970 0.3184 -0.1999
v  -0.4009 -0.2801 -0.6484
v  -0.4277 -0.2492 -0.6076
v  -0.4380 -0.2322 -0.5447
v  -0.4452 -0.2095 -0.4473
v  -0.4629 -0.1619 -0.3031
v  -0.4890 -0.0958 -0.1433
v  -0.5217 -0.0175 0.0005
v  -0.5632 0.0774 0.1308
v  -0.6156 0.1936 0.2497
v  -0.6735 0.3205 0.3629
v  -0.7168 0.3861 0.0913
v  -0.7600 0.4517 -0.1803
v  -0.7070 0.3371 -0.2642
v  -0.6607 0.2368 -0.3416
v  -0.6280 0.1651 -0.4061
v  -0.6009 0.1049 -0.4686
v  -0.5713 0.0389 -0.5404
v  -0.5413 -0.0282 -0.6163
v  -0.5131 -0.0917 -0.6911
v  -0.4842 -0.1452 -0.7561
v  -0.4524 -0.1823 -0.8026
v  -0.0623 -0.7940 -0.7707
v  -0.0828 -0.7606 -0.7404
v  -0.0990 -0.8114 -0.6468
v  -0.0686 -0.8734 -0.6660
v  -0.1098 -0.7290 -0.7134
v  -0.1339 -0.7512 -0.6291
v  -0.1668 -0.7683 -0.5242
v  -0.1219 -0.8616 -0.5336
v  -0.0792 -0.9558 -0.5437
v  -0.1493 -0.8854 -0.4290
v  -0.0953 -1.0025 -0.4419
v  -0.2047 -0.7690 -0.4166
v  -0.2514 -0.7560 -0.2962
v  -0.1874 -0.8888 -0.3131
v  -0.1248 -1.0221 -0.3304
v  -0.2425 -0.8775 -0.1657
v  -0.1758 -1.0237 -0.1789
v  -0.3106 -0.7320 -0.1531
v  -0.3654 -0.7168 -0.0115
v  -0.2985 -0.8669 -0.0150
v  -0.2330 -1.0177 -0.0189
v  -0.3393 -0.8721 0.1113
v  -0.2810 -1.0145 0.1178
v  -0.3991 -0.7302 0.1042
v  -0.4172 -0.7681 0.2052
v  -0.3693 -0.8899 0.2218
v  -0.3229 -1.0123 0.2379
v  -0.3928 -0.9172 0.3254
v  -0.3618 -1.0089 0.3477
v  -0.4252 -0.8262 0.3025
v  -0.4330 -0.8825 0.3965
v  -0.4147 -0.9412 0.4198
v  -0.3978 -1.0004 0.4426
v  -0.0819 -0.7994 -0.7805
v  -0.0820 -0.8792 -0.6705
v  -0.1169 -0.8191 -0.6529
v  -0.1090 -0.7678 -0.7536
v  -0.0857 -0.9587 -0.5459
v  -0.1306 -0.8654 -0.5365
v  -0.1733 -0.7711 -0.5264
v  -0.1473 -0.7570 -0.6337
v  -0.1296 -0.7343 -0.7233
v  -0.0995 -1.0043 -0.4434
v  -0.1549 -0.8879 -0.4309
v  -0.1290 -1.0239 -0.3319
v  -0.1930 -0.8912 -0.3150
v  -0.2556 -0.7578 -0.2976
v  -0.2089 -0.7708 -0.4180
v  -0.1800 -1.0255 -0.1803
v  -0.2481 -0.8800 -0.1676
v  -0.2372 -1.0195 -0.0204
v  -0.3041 -0.8693 -0.0169
v  -0.3696 -0.7186 -0.0129
v  -0.3148 -0.7338 -0.1545
v  -0.2852 -1.0163 0.1164
v  -0.3449 -0.8745 0.1094
v  -0.3271 -1.0141 0.2365
v  -0.3749 -0.8923 0.2199
v  -0.4214 -0.7699 0.2037
v  -0.4033 -0.7320 0.1028
v  -0.3660 -1.0107 0.3463
v  -0.3984 -0.9197 0.3235
v  -0.4020 -1.0022 0.4412
v  -0.4203 -0.9436 0.4179
v  -0.4372 -0.8843 0.3950
v  -0.4294 -0.8280 0.3011
v  -0.0644 -0.8967 -0.6744
v  -0.0642 -0.8075 -0.7852
v  -0.0679 -0.9885 -0.5481
v  -0.0792 -1.0423 -0.4469
v  -0.1059 -1.0674 -0.3369
v  -0.1555 -1.0732 -0.1839
v  -0.2130 -1.0687 -0.0209
v  -0.2634 -1.0628 0.1194
v  -0.3093 -1.0539 0.2426
v  -0.3534 -1.0402 0.3546
v  -0.3941 -1.0210 0.4496
v  -0.4804 -0.9468 0.6147
v  -0.4830 -0.9417 0.6180
v  -0.4874 -0.9417 0.6228
v  -0.4837 -0.9468 0.6186
v  -0.4832 -0.9384 0.6124
v  -0.4865 -0.9383 0.6161
v  -0.4863 -0.9398 0.6114
v  -0.4872 -0.9435 0.6166
v  -0.4835 -0.9481 0.6137
v  -0.4379 -0.7967 0.2942
v  -0.4409 -0.8638 0.3881
v  -0.4350 -0.7283 0.1990
v  -0.4209 -0.6837 0.1012
v  -0.3896 -0.6675 -0.0110
v  -0.3351 -0.6843 -0.1495
v  -0.2746 -0.7126 -0.2912
v  -0.2251 -0.7310 -0.4130
v  -0.1847 -0.7385 -0.5220
v  -0.1515 -0.7338 -0.6252
v  -0.1276 -0.7208 -0.7088
v  -0.4398 -0.9486 0.5027
v  -0.4309 -0.9830 0.5177
v  -0.4501 -0.9147 0.4873
v  -0.4681 -0.9303 0.5600
v  -0.4621 -0.9470 0.5661
v  -0.4574 -0.9644 0.5717
v  -0.4553 -0.9042 0.4815
v  -0.4543 -0.9165 0.4859
v  -0.4723 -0.9321 0.5586
v  -0.4720 -0.9255 0.5573
v  -0.4454 -0.9510 0.5008
v  -0.4351 -0.9849 0.5162
v  -0.4616 -0.9662 0.5703
v  -0.4677 -0.9495 0.5642
v  -0.4298 -0.9953 0.5220
v  -0.4577 -0.9710 0.5730
v  -0.4755 -0.9441 0.6018
v  -0.4735 -0.9522 0.6036
v  -0.4789 -0.9366 0.5996
v  -0.4819 -0.9349 0.5982
v  -0.4831 -0.9384 0.5982
v  -0.4811 -0.9465 0.5999
v  -0.4777 -0.9540 0.6022
v  -0.4747 -0.9557 0.6036
v  -0.0753 -0.7351 -0.7865
v  -0.0981 -0.7128 -0.7594
v  -0.0591 -0.7561 -0.8199
v  -0.0625 -0.7617 -0.8397
v  -0.0789 -0.7527 -0.8393
v  -0.1021 -0.7302 -0.8123
v  -0.1186 -0.7089 -0.7788
v  -0.1149 -0.7036 -0.7590
v  -0.0051 -0.2861 -2.0814
v  -0.1311 -0.2862 -2.0814
v  -0.1288 -0.2842 -2.0837
v  -0.0051 -0.2839 -2.0837
v  -0.2164 -0.2803 -2.0910
v  -0.2322 -0.2673 -2.1126
v  -0.2104 -0.2512 -2.1454
v  -0.1850 -0.2382 -2.1858
v  -0.1456 -0.2287 -2.2228
v  -0.0815 -0.2234 -2.2451
v  -0.0051 -0.2217 -2.2527
v  -0.1287 -0.2852 -2.0839
v  -0.2165 -0.2814 -2.0912
v  -0.0051 -0.2852 -2.0839
v  -0.0727 -0.2285 -2.2463
v  -0.0051 -0.2278 -2.2512
v  -0.1265 -0.2299 -2.2363
v  -0.1528 -0.2316 -2.2257
v  -0.1681 -0.2356 -2.2085
v  -0.1890 -0.2439 -2.1787
v  -0.2116 -0.2557 -2.1442
v  -0.2324 -0.2699 -2.1132
v  0.1911 -0.3899 -2.0563
v  0.2368 -0.3433 -2.0529
v  0.2764 -0.3928 -1.9322
v  0.2182 -0.4452 -1.9331
v  0.2437 -0.2795 -2.0727
v  0.3037 -0.3332 -1.9221
v  0.3513 -0.3618 -1.7828
v  0.3168 -0.4316 -1.7853
v  0.2454 -0.4959 -1.7855
v  0.3440 -0.4308 -1.6395
v  0.2631 -0.5181 -1.6395
v  0.3834 -0.3412 -1.6449
v  0.4033 -0.2383 -1.5003
v  0.3617 -0.4039 -1.4922
v  0.2735 -0.5189 -1.4924
v  0.3735 -0.3647 -1.3405
v  0.2787 -0.5053 -1.3414
v  0.4098 -0.1687 -1.3398
v  0.4203 -0.1172 -1.1919
v  0.3799 -0.3267 -1.1931
v  0.2804 -0.4881 -1.1948
v  0.3816 -0.3040 -1.0586
v  0.2800 -0.4781 -1.0608
v  0.4239 -0.0822 -1.0572
v  0.4360 -0.0744 -0.9175
v  0.3845 -0.2829 -0.9512
v  0.2831 -0.4797 -0.9228
v  0.2742 -0.4830 -0.6502
v  0.3672 -0.2739 -0.5999
v  0.3587 -0.2629 -0.5057
v  0.2640 -0.4670 -0.5198
v  0.4227 -0.0483 -0.6272
v  0.3981 -0.0150 -0.5102
v  0.3796 -0.0072 -0.3822
v  0.3431 -0.2545 -0.3751
v  0.2539 -0.4605 -0.3814
v  0.3247 -0.2428 -0.2157
v  0.2418 -0.4458 -0.2175
v  0.3580 0.0017 -0.2240
v  0.3349 0.0108 -0.0540
v  0.3051 -0.2291 -0.0459
v  0.2290 -0.4270 -0.0457
v  0.2860 -0.2151 0.1161
v  0.2169 -0.4083 0.1161
v  0.3121 0.0195 0.1096
v  0.2913 0.0259 0.2646
v  0.2685 -0.2018 0.2681
v  0.2058 -0.3892 0.2665
v  0.2540 -0.1903 0.4083
v  0.1958 -0.3690 0.4039
v  0.2746 0.0284 0.4089
v  0.2586 0.0279 0.5752
v  0.2392 -0.1777 0.5711
v  0.1846 -0.3446 0.5643
v  0.2214 -0.1610 0.7908
v  0.1699 -0.3127 0.7838
v  0.2404 0.0251 0.7959
v  0.2219 0.0216 1.0253
v  0.2033 -0.1425 1.0205
v  0.1550 -0.2777 1.0142
v  0.1878 -0.1247 1.2134
v  0.1427 -0.2437 1.2073
v  0.2051 0.0190 1.2175
v  0.1893 0.0163 1.3855
v  0.1736 -0.1094 1.3820
v  0.1318 -0.2144 1.3758
v  0.1085 -0.1810 1.6856
v  0.1434 -0.0924 1.6918
v  0.1243 -0.0903 1.8486
v  0.0929 -0.1768 1.8440
v  0.1565 0.0081 1.6949
v  0.1365 0.0032 1.8510
v  0.1177 -0.0017 1.9967
v  0.1061 -0.0972 1.9952
v  0.0776 -0.1888 1.9924
v  0.2947 -0.0933 -1.8968
v  0.2823 -0.0309 -1.9158
v  0.3012 -0.0254 -1.8579
v  0.3164 -0.1230 -1.8497
v  0.2748 0.0331 -1.9088
v  0.2817 0.0712 -1.8682
v  0.2951 0.0943 -1.7947
v  0.3210 -0.0193 -1.7844
v  0.3434 -0.1336 -1.7732
v  0.3370 -0.0139 -1.7117
v  0.3590 -0.1123 -1.7005
v  0.3120 0.0841 -1.7190
v  0.3262 0.0531 -1.6721
v  0.3463 -0.0102 -1.6540
v  0.3590 -0.0755 -1.6600
v  0.3552 0.0764 -1.4705
v  0.3668 0.1298 -1.3405
v  0.2658 0.3704 -1.5047
v  0.2688 0.4286 -1.3414
v  0.2763 0.4749 -1.1941
v  0.3771 0.1805 -1.1927
v  0.3805 0.2172 -1.0572
v  0.2789 0.5096 -1.0578
v  0.2783 0.5360 -0.9299
v  0.3795 0.2442 -0.9259
v  0.3701 0.2823 -0.6591
v  0.3586 0.2943 -0.5389
v  0.2722 0.5754 -0.6885
v  0.2648 0.5896 -0.5699
v  0.2548 0.6016 -0.4361
v  0.3431 0.3039 -0.4087
v  0.3247 0.3132 -0.2476
v  0.2427 0.6126 -0.2717
v  0.2299 0.6178 -0.0949
v  0.3051 0.3197 -0.0740
v  0.2860 0.3207 0.0934
v  0.2179 0.6121 0.0761
v  0.2068 0.5982 0.2387
v  0.2685 0.3164 0.2525
v  0.2540 0.3073 0.4011
v  0.1967 0.5787 0.3904
v  0.1853 0.5464 0.5618
v  0.2392 0.2900 0.5703
v  0.2214 0.2613 0.7916
v  0.1702 0.4942 0.7836
v  0.1549 0.4353 1.0125
v  0.2033 0.2289 1.0207
v  0.1878 0.2006 1.2134
v  0.1429 0.3831 1.2057
v  0.1324 0.3344 1.3749
v  0.1736 0.1746 1.3820
v  0.1434 0.1247 1.6918
v  0.1243 0.1032 1.8486
v  0.1086 0.2406 1.6855
v  0.0929 0.2022 1.8440
v  0.0776 0.1797 1.9920
v  0.1061 0.0905 1.9949
v  0.1035 -0.4364 -2.0621
v  0.1172 -0.4987 -1.9354
v  0.1309 -0.5602 -1.7861
v  0.1396 -0.6001 -1.6395
v  0.1444 -0.6241 -1.4925
v  0.1462 -0.6378 -1.3418
v  0.1463 -0.6413 -1.1958
v  0.1457 -0.6345 -1.0632
v  0.1376 -0.6351 -0.9578
v  0.1308 -0.6480 -0.6685
v  0.1374 -0.6452 -0.5470
v  0.1325 -0.6475 -0.3952
v  0.1264 -0.6329 -0.2241
v  0.1201 -0.6094 -0.0495
v  0.1143 -0.5855 0.1130
v  0.1089 -0.5590 0.2630
v  0.0845 -0.3983 1.0139
v  0.0918 -0.4460 0.7823
v  0.0233 -0.4859 1.0189
v  0.0231 -0.5410 0.7871
v  0.0983 -0.4905 0.5609
v  0.0692 -0.3105 1.3714
v  0.0767 -0.3515 1.2054
v  0.0193 -0.4304 1.2089
v  0.0561 -0.2619 1.6793
v  0.0474 -0.2557 1.8399
v  0.0388 -0.2694 1.9901
v  -0.0041 -0.8387 3.2008
v  -0.0043 -0.4743 3.1853
v  -0.0045 -0.9234 3.1070
v  -0.0045 -0.4810 3.0963
v  -0.0045 -0.0469 3.1393
v  -0.0043 -0.0577 3.2304
v  -0.0044 0.5789 3.7278
v  -0.0047 0.6349 3.7747
v  -0.0040 0.6343 3.6813
v  -0.0044 0.6950 3.7158
v  0.0388 0.2662 1.9899
v  0.0474 0.2925 1.8399
v  0.0566 0.3390 1.6789
v  0.0229 0.7136 1.0076
v  0.0213 0.6370 1.2003
v  0.0778 0.5292 1.1991
v  0.0842 0.5967 1.0064
v  0.0191 0.5601 1.3720
v  0.0718 0.4643 1.3676
v  0.0272 0.8644 0.5533
v  0.0250 0.7945 0.7772
v  0.0929 0.6703 0.7773
v  0.1014 0.7347 0.5549
v  0.0300 0.9349 0.2268
v  0.0287 0.9082 0.3802
v  0.1076 0.7750 0.3826
v  0.1127 0.7996 0.2298
v  0.0328 0.9621 -0.1095
v  0.0313 0.9537 0.0622
v  0.1181 0.8173 0.0661
v  0.1239 0.8252 -0.1056
v  0.0359 0.9456 -0.4470
v  0.0344 0.9576 -0.2843
v  0.1302 0.8205 -0.2819
v  0.1362 0.8087 -0.4461
v  0.0380 0.9145 -0.7019
v  0.0371 0.9315 -0.5826
v  0.1411 0.7953 -0.5813
v  0.1447 0.7794 -0.7000
v  0.0356 0.8423 -1.0589
v  0.1465 0.7105 -1.0580
v  0.1439 0.6748 -1.1946
v  0.0379 0.8699 -0.9321
v  0.1474 0.7374 -0.9315
v  0.1396 0.6258 -1.3418
v  0.1339 0.5553 -1.4993
v  0.1273 0.4554 -1.6670
v  0.2305 0.3462 -1.6657
v  0.2174 0.2614 -1.8132
v  0.1203 0.3395 -1.8281
v  0.1132 0.2212 -1.9658
v  0.2052 0.1625 -1.9445
v  0.2041 0.0352 -2.0591
v  0.1058 0.1180 -2.0718
v  0.0605 -0.1509 -2.2616
v  0.0692 -0.1845 -2.2572
v  0.1107 -0.1372 -2.2412
v  0.1314 -0.1803 -2.2347
v  0.1359 -0.2160 -2.2281
v  0.0716 -0.2130 -2.2509
v  0.0627 -0.2313 -2.2529
v  0.0623 -0.2410 -2.2615
v  0.1175 -0.2329 -2.2416
v  0.1166 -0.2426 -2.2497
v  0.1042 -0.2540 -2.2555
v  0.0633 -0.2564 -2.2670
v  0.1593 -0.0987 1.5388
v  0.1209 -0.1935 1.5324
v  0.1736 0.0125 1.5422
v  0.1593 0.1489 1.5388
v  0.1214 0.2858 1.5319
v  0.0628 -0.2804 1.5262
v  0.0152 0.4781 1.5394
v  0.0647 0.3986 1.5245
v  0.2237 -0.2358 -2.1138
v  0.2147 -0.1396 -2.1193
v  0.2326 -0.1177 -2.0733
v  0.2010 -0.2267 -2.1499
v  0.1934 -0.1543 -2.1596
v  0.1612 -0.0694 -2.1709
v  0.1783 -0.0287 -2.1277
v  0.0976 0.0470 -2.1375
v  0.0883 -0.0072 -2.1803
v  0.1049 -0.2652 -2.1150
v  0.1127 -0.2777 -2.0939
v  0.0949 -0.2504 -2.1472
v  0.1712 -0.2513 -2.1449
v  0.1891 -0.2663 -2.1138
v  0.1763 -0.2756 -2.0981
v  0.1754 -0.2203 -2.1912
v  0.1692 -0.1691 -2.2001
v  0.1415 -0.1078 -2.2099
v  0.0773 -0.0600 -2.2177
v  0.0625 -0.1024 -2.2460
v  0.0828 -0.2372 -2.1906
v  0.0733 -0.2275 -2.2287
v  0.1227 -0.2311 -2.2139
v  0.1497 -0.2385 -2.1852
v  0.1738 -0.3538 -2.1292
v  0.2118 -0.3124 -2.1200
v  0.1611 -0.3277 -2.1725
v  0.1942 -0.2919 -2.1579
v  0.2026 -0.2646 -2.1480
v  0.2231 -0.2809 -2.1144
v  0.1763 -0.2776 -2.0985
v  0.1893 -0.2692 -2.1143
v  0.1050 -0.2687 -2.1156
v  0.1127 -0.2799 -2.0942
v  0.1717 -0.2558 -2.1444
v  0.0951 -0.2554 -2.1461
v  0.0946 -0.3941 -2.1410
v  0.0879 -0.3621 -2.1899
v  0.1478 -0.3027 -2.2071
v  0.1768 -0.2736 -2.1912
v  0.1349 -0.2808 -2.2327
v  0.1600 -0.2587 -2.2179
v  0.1630 -0.2416 -2.2092
v  0.1822 -0.2513 -2.1810
v  0.1508 -0.2439 -2.1808
v  0.0828 -0.2434 -2.1837
v  0.1317 -0.2351 -2.2123
v  0.0718 -0.2344 -2.2166
v  0.0809 -0.3306 -2.2265
v  0.0739 -0.3014 -2.2512
v  0.1232 -0.2639 -2.2487
v  0.1446 -0.2485 -2.2363
v  0.1462 -0.2359 -2.2282
v  0.1201 -0.2313 -2.2276
v  0.0655 -0.2305 -2.2329
v  0.1029 -0.2301 -2.2346
v  0.0628 -0.2293 -2.2402
v  0.0676 -0.2766 -2.2641
v  0.0419 -0.1253 -2.2617
v  0.1042 -0.0064 2.1181
v  0.0927 -0.1178 2.1176
v  0.0927 -0.0125 2.2332
v  0.0813 -0.1553 2.2337
v  0.0561 -0.2906 2.2317
v  0.0661 -0.2249 2.1154
v  0.0323 -0.3106 2.1119
v  0.0266 -0.3857 2.2260
v  0.0323 0.2672 2.1108
v  0.0266 0.2911 2.2236
v  0.0561 0.2046 2.2282
v  0.0661 0.1821 2.1138
v  0.0927 0.0923 2.1165
v  0.0813 0.1055 2.2314
v  0.0804 -0.0215 2.3600
v  0.0690 -0.2131 2.3615
v  0.0669 -0.0300 2.5092
v  0.0562 -0.2855 2.5074
v  0.0350 -0.5195 2.5058
v  0.0454 -0.3916 2.3598
v  0.0205 -0.5012 2.3527
v  0.0147 -0.6506 2.4982
v  0.0205 0.3335 2.3489
v  0.0147 0.4171 2.5259
v  0.0350 0.3111 2.5259
v  0.0454 0.2423 2.3541
v  0.0690 0.1271 2.3577
v  0.0562 0.1655 2.5179
v  0.0519 -0.0346 2.6916
v  0.0291 -0.3671 2.6776
v  0.0250 -0.0374 2.8735
v  -0.0038 -0.4362 2.8454
v  -0.0043 -0.7919 2.8411
v  0.0171 -0.6657 2.6755
v  0.0104 -0.8275 2.6683
v  0.0074 -0.9865 2.8312
v  0.0104 0.5645 2.7940
v  0.0074 0.7046 3.0670
v  0.0196 0.5343 3.0368
v  0.0263 0.4272 2.7781
v  0.0432 0.2288 2.7345
v  0.0225 0.2865 2.9548
v  -0.0041 -0.0409 3.0215
v  -0.0042 -0.4713 2.9840
v  -0.0044 -0.8596 2.9748
v  -0.0048 -1.0822 2.9553
v  -0.0048 -1.1371 3.0673
v  -0.0048 0.7664 3.2587
v  -0.0048 0.7722 3.4149
v  -0.0046 0.5840 3.4082
v  -0.0044 0.5764 3.2282
v  -0.0042 0.3078 3.1261
v  -0.0045 0.2981 3.2523
v  -0.0043 0.4708 3.4767
v  -0.0043 0.2627 3.3376
v  -0.0043 -1.1023 3.2973
v  -0.0046 -1.0709 3.3490
v  -0.0048 -1.1499 3.3622
v  -0.0046 -1.1813 3.3031
v  -0.0049 0.7446 3.5815
v  -0.0048 0.6357 3.5828
v  -0.0045 0.5502 3.6176
v  -0.0039 -1.0595 3.2247
v  -0.0043 -1.1736 3.1941
v  -0.0043 -1.0023 3.2753
v  0.1038 -0.5277 0.4000
v  0.0002 -0.5781 0.7990
v  0.0029 -0.5219 1.0281
v  0.0029 -0.5427 1.0644
v  0.0002 -0.6006 0.8391
v  0.0002 -0.4625 1.2187
v  0.0002 -0.4734 1.2544
v  0.0002 -0.6521 0.9285
v  0.0029 -0.5846 1.1507
v  0.0035 -0.6337 1.2585
v  0.0006 -0.7138 1.0453
v  -0.0049 -0.4885 1.3357
v  -0.0049 -0.5061 1.4337
v  0.0018 -0.7672 1.1679
v  0.0053 -0.6761 1.3594
v  0.0071 -0.7207 1.4610
v  0.0030 -0.8187 1.2956
v  -0.0049 -0.5248 1.5192
v  -0.0048 -0.5529 1.6023
v  0.0034 -0.8749 1.4278
v  0.0077 -0.7763 1.5706
v  0.0077 -0.8358 1.6750
v  0.0034 -0.9283 1.5551
v  -0.0048 -0.5990 1.6928
v  -0.0048 -0.6665 1.7774
v  0.0034 -0.9714 1.6681
v  0.0077 -0.8919 1.7606
v  0.0077 -0.9434 1.8372
v  0.0034 -1.0067 1.7717
v  -0.0048 -0.7589 1.8429
v  -0.0048 -0.8545 1.8996
v  0.0034 -1.0365 1.8709
v  0.0077 -0.9886 1.9145
v  -0.0046 -1.0261 1.9859
v  -0.0048 -1.0605 1.9586
v  -0.0048 -0.9316 1.9581
v  -0.0048 -0.9903 2.0140
v  -0.0048 -1.0784 2.0277
v  -0.0046 -1.0542 2.0446
v  -0.0046 -1.0761 2.0959
v  -0.0048 -1.0933 2.0853
v  -0.0048 -1.0305 2.0628
v  -0.0048 -1.0588 2.1080
v  -0.0048 -1.1081 2.1387
v  -0.0046 -1.0948 2.1449
v  -0.0047 -1.1104 2.1874
v  -0.0048 -1.1205 2.1825
v  -0.0048 -1.0817 2.1530
v  -0.0048 -1.0998 2.1915
v  0.0024 0.7046 1.2162
v  0.0015 0.6175 1.3998
v  0.0024 0.7862 1.0213
v  0.0021 0.8440 1.0485
v  0.0021 0.7613 1.2464
v  0.0012 0.6674 1.4438
v  0.0024 0.8716 0.7878
v  0.0024 0.9450 0.5608
v  0.0021 1.0051 0.5777
v  0.0021 0.9305 0.8100
v  0.0024 0.9905 0.3857
v  0.0024 1.0183 0.2305
v  0.0021 1.0810 0.2399
v  0.0021 1.0518 0.3987
v  0.0024 1.0387 0.0634
v  0.0024 1.0485 -0.1102
v  0.0021 1.1145 -0.1088
v  0.0021 1.1032 0.0683
v  0.0024 1.0444 -0.2851
v  0.0024 1.0324 -0.4473
v  0.0021 1.0991 -0.4462
v  0.0021 1.1111 -0.2843
v  0.0024 1.0180 -0.5830
v  0.0024 1.0008 -0.7025
v  0.0021 1.0673 -0.7022
v  0.0021 1.0847 -0.5821
v  -0.0014 0.9275 -1.0614
v  0.0015 0.9554 -0.9330
v  -0.0015 0.9929 -1.0644
v  0.0012 1.0215 -0.9339
v  -0.0014 0.5152 1.5996
v  -0.0015 0.5470 1.6808
v  0.0012 0.8361 1.2907
v  0.0004 0.7406 1.4967
v  0.0012 0.9164 1.0902
v  -0.0004 1.0099 1.1456
v  -0.0004 0.9354 1.3517
v  -0.0010 0.8422 1.5662
v  0.0012 1.0002 0.8448
v  0.0012 1.0736 0.6044
v  -0.0004 1.1561 0.6451
v  -0.0004 1.0872 0.8935
v  0.0012 1.1222 0.4190
v  0.0012 1.1544 0.2541
v  -0.0004 1.2402 0.2759
v  -0.0004 1.2055 0.4503
v  0.0012 1.1782 0.0757
v  0.0012 1.1904 -0.1064
v  -0.0004 1.2780 -0.0992
v  -0.0004 1.2651 0.0886
v  0.0012 1.1875 -0.2821
v  0.0012 1.1757 -0.4428
v  -0.0004 1.2665 -0.4353
v  -0.0004 1.2766 -0.2755
v  0.0012 1.1612 -0.5797
v  0.0012 1.1434 -0.7014
v  -0.0004 1.2356 -0.6977
v  -0.0004 1.2531 -0.5739
v  -0.0020 1.0651 -1.0669
v  0.0004 1.0957 -0.9350
v  -0.0028 1.1455 -1.0673
v  -0.0010 1.1834 -0.9328
v  -0.0020 0.6110 1.7587
v  -0.0028 0.7091 1.8432
v  -0.0026 1.0652 1.4323
v  -0.0029 0.9771 1.6594
v  -0.0026 1.1310 1.2144
v  -0.0026 1.1979 0.9574
v  -0.0026 1.2585 0.7040
v  -0.0026 1.3052 0.4966
v  -0.0026 1.3401 0.3079
v  -0.0026 1.3651 0.1105
v  -0.0026 1.3792 -0.0834
v  -0.0026 1.3811 -0.2614
v  -0.0026 1.3753 -0.4219
v  -0.0026 1.3660 -0.5631
v  -0.0026 1.3508 -0.6891
v  -0.0039 1.2351 -1.0642
v  -0.0029 1.2902 -0.9239
v  -0.0039 0.8435 1.9438
v  0.2702 -0.1904 -1.9826
v  0.3119 -0.2586 -1.8924
v  0.2779 -0.1359 -1.9357
v  0.3125 -0.1939 -1.8619
v  0.3471 -0.2126 -1.7684
v  0.3549 -0.2809 -1.7753
v  0.3821 -0.2523 -1.6610
v  0.3668 -0.1831 -1.6792
v  0.3673 -0.1102 -1.6160
v  0.3832 -0.1543 -1.5775
v  0.3476 0.0317 -1.5529
v  0.3446 0.0013 -1.6003
v  0.3134 0.1057 -1.6304
v  0.3025 0.1985 -1.5878
v  0.2750 0.2392 -1.6830
v  0.2885 0.1573 -1.7046
v  0.2697 0.1605 -1.7984
v  0.2580 0.2014 -1.8035
v  0.2445 0.1329 -1.9143
v  0.2568 0.1194 -1.8871
v  0.2522 0.0461 -1.9498
v  0.2391 0.0374 -1.9926
v  0.2468 -0.0811 -2.0156
v  0.2585 -0.0474 -1.9655
v  -0.0049 -1.1282 2.2117
v  -0.0049 -1.1230 2.2190
v  -0.0049 -1.1140 2.2171
v  0.2862 -0.1119 -1.9145
v  0.3171 -0.1639 -1.8494
v  0.3477 -0.1807 -1.7678
v  0.3640 -0.1525 -1.6910
v  0.3643 -0.0913 -1.6375
v  0.3465 -0.0089 -1.6254
v  0.3211 0.0707 -1.6526
v  0.2983 0.1234 -1.7166
v  0.2800 0.1395 -1.7974
v  0.2680 0.1092 -1.8748
v  0.2639 0.0465 -1.9295
v  0.2692 -0.0345 -1.9420
v  0.3765 0.2657 -0.7907
v  0.4320 -0.0069 -0.7702
v  0.2764 0.5577 -0.8077
v  0.1468 0.7602 -0.8145
v  0.0385 0.8940 -0.8158
v  0.0024 0.9799 -0.8162
v  0.0021 1.0463 -0.8163
v  0.0012 1.1216 -0.8165
v  -0.0004 1.2129 -0.8135
v  -0.0026 1.3271 -0.8041
v  0.4275 -0.1679 -0.8440
v  0.3949 -0.2500 -0.8851
v  0.4208 -0.1874 -0.8037
v  0.4137 -0.2137 -0.8418
v  0.3949 -0.2622 -0.8354
v  0.3546 -0.3431 -0.8675
v  0.3315 -0.3923 -0.7822
v  0.2774 -0.4882 -0.7845
v  0.3732 -0.3096 -0.7699
v  0.3599 -0.3312 -0.6959
v  0.3324 -0.3813 -0.6897
v  0.3642 -0.2938 -0.6500
v  0.3664 -0.3025 -0.6637
v  0.3847 -0.2516 -0.6761
v  0.4037 -0.1952 -0.6692
v  0.4276 -0.1515 -0.7529
v  0.4070 -0.2066 -0.7356
v  0.1786 -0.6017 -0.8568
v  0.1151 -0.6609 -0.8936
v  0.1221 -0.6687 -0.8175
v  0.0945 -0.6975 -0.8515
v  0.0614 -0.7305 -0.8696
v  0.0483 -0.7245 -0.8942
v  0.0223 -0.7534 -0.8543
v  0.0435 -0.7475 -0.8565
v  0.0457 -0.7437 -0.8252
v  0.0394 -0.7404 -0.7979
v  0.1019 -0.6782 -0.7489
v  0.0726 -0.7144 -0.7882
v  0.1051 -0.6809 -0.7670
v  0.1676 -0.6117 -0.7361
v  0.1947 -0.5858 -0.7882
v  0.1236 -0.6644 -0.7831
v  0.3950 -0.2523 -0.6620
v  0.4139 -0.2110 -0.7150
v  0.4164 -0.2286 -0.6251
v  0.4349 -0.1871 -0.6796
v  0.4588 -0.1508 -0.7353
v  0.4340 -0.1798 -0.7732
v  0.4304 -0.2113 -0.5633
v  0.4563 -0.1575 -0.6183
v  0.4442 -0.1855 -0.4686
v  0.4793 -0.1170 -0.5320
v  0.5163 -0.0495 -0.5953
v  0.4867 -0.1060 -0.6731
v  0.4647 -0.1361 -0.3328
v  0.5048 -0.0605 -0.4218
v  0.4912 -0.0699 -0.1841
v  0.5327 0.0056 -0.3061
v  0.5752 0.0806 -0.4280
v  0.5460 0.0146 -0.5108
v  0.5233 0.0061 -0.0504
v  0.5626 0.0748 -0.2029
v  0.5636 0.0981 0.0717
v  0.5997 0.1581 -0.1055
v  0.6368 0.2176 -0.2827
v  0.6030 0.1430 -0.3553
v  0.6153 0.2123 0.1854
v  0.6491 0.2663 -0.0074
v  0.6591 0.3077 0.2782
v  0.6912 0.3566 0.0666
v  0.7272 0.4118 -0.1394
v  0.6838 0.3199 -0.2000
v  0.4188 -0.2515 -0.7361
v  0.3990 -0.2835 -0.6734
v  0.4374 -0.2093 -0.7934
v  0.4749 -0.1657 -0.7398
v  0.4565 -0.2073 -0.6841
v  0.4327 -0.2439 -0.6273
v  0.4742 -0.1663 -0.6176
v  0.4438 -0.2179 -0.5627
v  0.5001 -0.1126 -0.6725
v  0.5218 -0.0522 -0.5951
v  0.4867 -0.1207 -0.5317
v  0.4497 -0.1882 -0.4683
v  0.5088 -0.0625 -0.4217
v  0.4676 -0.1375 -0.3327
v  0.5490 0.0131 -0.5107
v  0.5781 0.0791 -0.4279
v  0.5367 0.0036 -0.3059
v  0.4942 -0.0714 -0.1839
v  0.5666 0.0728 -0.2027
v  0.5262 0.0046 -0.0502
v  0.6060 0.1416 -0.3552
v  0.6397 0.2161 -0.2825
v  0.6037 0.1561 -0.1054
v  0.5666 0.0966 0.0718
v  0.6530 0.2644 -0.0072
v  0.6183 0.2108 0.1855
v  0.6868 0.3184 -0.1999
v  0.7293 0.4108 -0.1394
v  0.6941 0.3552 0.0667
v  0.6612 0.3067 0.2782
v  0.3906 -0.2801 -0.6484
v  0.4174 -0.2492 -0.6076
v  0.4277 -0.2322 -0.5447
v  0.4349 -0.2095 -0.4473
v  0.4526 -0.1619 -0.3031
v  0.4787 -0.0958 -0.1433
v  0.5114 -0.0175 0.0005
v  0.5529 0.0774 0.1308
v  0.6054 0.1936 0.2497
v  0.6633 0.3205 0.3629
v  0.7065 0.3861 0.0913
v  0.7498 0.4517 -0.1803
v  0.6967 0.3371 -0.2642
v  0.6504 0.2368 -0.3416
v  0.6178 0.1651 -0.4061
v  0.5906 0.1049 -0.4686
v  0.5610 0.0389 -0.5404
v  0.5311 -0.0282 -0.6163
v  0.5028 -0.0917 -0.6911
v  0.4739 -0.1452 -0.7561
v  0.4422 -0.1823 -0.8026
v  0.0520 -0.7940 -0.7707
v  0.0583 -0.8734 -0.6660
v  0.0888 -0.8114 -0.6468
v  0.0725 -0.7606 -0.7404
v  0.0690 -0.9558 -0.5437
v  0.1117 -0.8616 -0.5336
v  0.1565 -0.7683 -0.5242
v  0.1237 -0.7512 -0.6291
v  0.0995 -0.7290 -0.7134
v  0.0850 -1.0025 -0.4419
v  0.1390 -0.8854 -0.4290
v  0.1146 -1.0221 -0.3304
v  0.1771 -0.8888 -0.3131
v  0.2411 -0.7560 -0.2962
v  0.1944 -0.7690 -0.4166
v  0.1656 -1.0237 -0.1789
v  0.2322 -0.8775 -0.1657
v  0.2227 -1.0177 -0.0189
v  0.2882 -0.8669 -0.0150
v  0.3551 -0.7168 -0.0115
v  0.3003 -0.7320 -0.1531
v  0.2707 -1.0145 0.1178
v  0.3291 -0.8721 0.1113
v  0.3126 -1.0123 0.2379
v  0.3591 -0.8899 0.2218
v  0.4069 -0.7681 0.2052
v  0.3888 -0.7302 0.1042
v  0.3516 -1.0089 0.3477
v  0.3826 -0.9172 0.3254
v  0.3875 -1.0004 0.4426
v  0.4044 -0.9412 0.4198
v  0.4227 -0.8825 0.3965
v  0.4150 -0.8262 0.3025
v  0.0716 -0.7994 -0.7805
v  0.0987 -0.7678 -0.7536
v  0.1066 -0.8191 -0.6529
v  0.0717 -0.8792 -0.6705
v  0.1193 -0.7343 -0.7233
v  0.1371 -0.7570 -0.6337
v  0.1630 -0.7711 -0.5264
v  0.1203 -0.8654 -0.5365
v  0.0755 -0.9587 -0.5459
v  0.1446 -0.8879 -0.4309
v  0.0892 -1.0043 -0.4434
v  0.1986 -0.7708 -0.4180
v  0.2453 -0.7578 -0.2976
v  0.1827 -0.8912 -0.3150
v  0.1188 -1.0239 -0.3319
v  0.2378 -0.8800 -0.1676
v  0.1698 -1.0255 -0.1803
v  0.3045 -0.7338 -0.1545
v  0.3593 -0.7186 -0.0129
v  0.2938 -0.8693 -0.0169
v  0.2269 -1.0195 -0.0204
v  0.3347 -0.8745 0.1094
v  0.2749 -1.0163 0.1164
v  0.3930 -0.7320 0.1028
v  0.4111 -0.7699 0.2037
v  0.3647 -0.8923 0.2199
v  0.3168 -1.0141 0.2365
v  0.3882 -0.9197 0.3235
v  0.3558 -1.0107 0.3463
v  0.4192 -0.8280 0.3011
v  0.4269 -0.8843 0.3950
v  0.4100 -0.9436 0.4179
v  0.3917 -1.0022 0.4412
v  0.0539 -0.8075 -0.7852
v  0.0542 -0.8967 -0.6744
v  0.0576 -0.9885 -0.5481
v  0.0689 -1.0423 -0.4469
v  0.0956 -1.0674 -0.3369
v  0.1452 -1.0732 -0.1839
v  0.2027 -1.0687 -0.0209
v  0.2531 -1.0628 0.1194
v  0.2990 -1.0539 0.2426
v  0.3431 -1.0402 0.3546
v  0.3838 -1.0210 0.4496
v  0.4701 -0.9468 0.6147
v  0.4734 -0.9468 0.6186
v  0.4771 -0.9417 0.6228
v  0.4727 -0.9417 0.6180
v  0.4732 -0.9481 0.6137
v  0.4769 -0.9435 0.6166
v  0.4760 -0.9398 0.6114
v  0.4762 -0.9383 0.6161
v  0.4729 -0.9384 0.6124
v  0.4307 -0.8638 0.3881
v  0.4276 -0.7967 0.2942
v  0.4247 -0.7283 0.1990
v  0.4106 -0.6837 0.1012
v  0.3793 -0.6675 -0.0110
v  0.3248 -0.6843 -0.1495
v  0.2643 -0.7126 -0.2912
v  0.2148 -0.7310 -0.4130
v  0.1744 -0.7385 -0.5220
v  0.1412 -0.7338 -0.6252
v  0.1173 -0.7208 -0.7088
v  0.4206 -0.9830 0.5177
v  0.4295 -0.9486 0.5027
v  0.4471 -0.9644 0.5717
v  0.4518 -0.9470 0.5661
v  0.4579 -0.9303 0.5600
v  0.4398 -0.9147 0.4873
v  0.4451 -0.9042 0.4815
v  0.4617 -0.9255 0.5573
v  0.4621 -0.9321 0.5586
v  0.4440 -0.9165 0.4858
v  0.4351 -0.9510 0.5008
v  0.4574 -0.9495 0.5642
v  0.4513 -0.9662 0.5703
v  0.4248 -0.9849 0.5162
v  0.4195 -0.9953 0.5220
v  0.4474 -0.9710 0.5730
v  0.4633 -0.9522 0.6036
v  0.4652 -0.9441 0.6018
v  0.4686 -0.9366 0.5996
v  0.4716 -0.9349 0.5982
v  0.4728 -0.9384 0.5982
v  0.4708 -0.9465 0.5999
v  0.4675 -0.9540 0.6022
v  0.4645 -0.9557 0.6036
v  0.0878 -0.7128 -0.7594
v  0.0650 -0.7351 -0.7865
v  0.0488 -0.7561 -0.8199
v  0.0522 -0.7617 -0.8397
v  0.0687 -0.7527 -0.8393
v  0.0919 -0.7302 -0.8123
v  0.1083 -0.7089 -0.7788
v  0.1047 -0.7036 -0.7590
v  0.1185 -0.2842 -2.0837
v  0.1209 -0.2862 -2.0814
v  0.2062 -0.2803 -2.0910
v  0.2220 -0.2673 -2.1126
v  0.2001 -0.2512 -2.1454
v  0.1747 -0.2382 -2.1858
v  0.1353 -0.2287 -2.2228
v  0.0713 -0.2234 -2.2451
v  0.2062 -0.2814 -2.0912
v  0.1185 -0.2852 -2.0839
v  0.0624 -0.2285 -2.2463
v  0.1162 -0.2299 -2.2363
v  0.1425 -0.2316 -2.2257
v  0.1579 -0.2356 -2.2085
v  0.1787 -0.2439 -2.1787
v  0.2014 -0.2557 -2.1442
v  0.2222 -0.2699 -2.1132
# 1751 vertices

vt 0.0381 0.1998 0.0000
vt 0.0581 0.1900 0.0000
vt 0.0583 0.1993 0.0000
vt 0.0386 0.2081 0.0000
vt 0.0821 0.1809 0.0000
vt 0.0822 0.1924 0.0000
vt 0.0826 0.2048 0.0000
vt 0.0599 0.2099 0.0000
vt 0.0354 0.2195 0.0000
vt 0.1059 0.1770 0.0000
vt 0.1059 0.1925 0.0000
vt 0.1298 0.1768 0.0000
vt 0.1299 0.1973 0.0000
vt 0.1285 0.2268 0.0000
vt 0.1050 0.2085 0.0000
vt 0.1544 0.1793 0.0000
vt 0.1545 0.2043 0.0000
vt 0.1782 0.1823 0.0000
vt 0.1785 0.2110 0.0000
vt 0.1787 0.2483 0.0000
vt 0.1547 0.2392 0.0000
vt 0.2001 0.1841 0.0000
vt 0.2004 0.2151 0.0000
vt 0.2225 0.1838 0.0000
vt 0.2179 0.2188 0.0000
vt 0.2234 0.2560 0.0000
vt 0.2006 0.2546 0.0000
vt 0.2669 0.1832 0.0000
vt 0.2881 0.1861 0.0000
vt 0.2904 0.2224 0.0000
vt 0.2750 0.2205 0.0000
vt 0.3106 0.1872 0.0000
vt 0.3116 0.2239 0.0000
vt 0.3105 0.2679 0.0000
vt 0.2896 0.2665 0.0000
vt 0.2706 0.2606 0.0000
vt 0.3373 0.1899 0.0000
vt 0.3376 0.2260 0.0000
vt 0.3652 0.1932 0.0000
vt 0.3652 0.2284 0.0000
vt 0.3639 0.2711 0.0000
vt 0.3362 0.2695 0.0000
vt 0.3915 0.1965 0.0000
vt 0.3915 0.2309 0.0000
vt 0.4160 0.1999 0.0000
vt 0.4163 0.2333 0.0000
vt 0.4157 0.2738 0.0000
vt 0.3905 0.2727 0.0000
vt 0.4384 0.2035 0.0000
vt 0.4391 0.2353 0.0000
vt 0.4645 0.2079 0.0000
vt 0.4656 0.2376 0.0000
vt 0.4662 0.2742 0.0000
vt 0.4392 0.2743 0.0000
vt 0.5002 0.2135 0.0000
vt 0.5013 0.2405 0.0000
vt 0.5377 0.2198 0.0000
vt 0.5387 0.2438 0.0000
vt 0.5395 0.2730 0.0000
vt 0.5022 0.2737 0.0000
vt 0.5691 0.2258 0.0000
vt 0.5701 0.2470 0.0000
vt 0.5965 0.2310 0.0000
vt 0.5975 0.2497 0.0000
vt 0.5981 0.2721 0.0000
vt 0.5707 0.2726 0.0000
vt 0.6469 0.2370 0.0000
vt 0.6727 0.2377 0.0000
vt 0.6734 0.2531 0.0000
vt 0.6479 0.2527 0.0000
vt 0.6968 0.2356 0.0000
vt 0.6973 0.2519 0.0000
vt 0.6975 0.2689 0.0000
vt 0.6738 0.2698 0.0000
vt 0.6484 0.2706 0.0000
vt 0.0640 0.2526 0.0000
vt 0.0717 0.2473 0.0000
vt 0.0704 0.2647 0.0000
vt 0.0609 0.2637 0.0000
vt 0.0841 0.2454 0.0000
vt 0.0823 0.2658 0.0000
vt 0.0806 0.2860 0.0000
vt 0.0687 0.2819 0.0000
vt 0.0621 0.2751 0.0000
vt 0.0960 0.2492 0.0000
vt 0.0941 0.2667 0.0000
vt 0.1026 0.2558 0.0000
vt 0.1035 0.2674 0.0000
vt 0.1006 0.2786 0.0000
vt 0.0930 0.2842 0.0000
vt 0.1545 0.2923 0.0000
vt 0.1334 0.2828 0.0000
vt 0.1786 0.3013 0.0000
vt 0.1784 0.3537 0.0000
vt 0.1544 0.3455 0.0000
vt 0.1278 0.3351 0.0000
vt 0.2006 0.3078 0.0000
vt 0.2220 0.3127 0.0000
vt 0.2214 0.3646 0.0000
vt 0.2005 0.3599 0.0000
vt 0.2850 0.3216 0.0000
vt 0.2654 0.3194 0.0000
vt 0.3062 0.3233 0.0000
vt 0.3017 0.3763 0.0000
vt 0.2799 0.3741 0.0000
vt 0.2606 0.3716 0.0000
vt 0.3324 0.3249 0.0000
vt 0.3606 0.3261 0.0000
vt 0.3572 0.3791 0.0000
vt 0.3284 0.3782 0.0000
vt 0.3879 0.3263 0.0000
vt 0.4137 0.3255 0.0000
vt 0.4115 0.3757 0.0000
vt 0.3850 0.3781 0.0000
vt 0.4379 0.3239 0.0000
vt 0.4655 0.3208 0.0000
vt 0.4641 0.3665 0.0000
vt 0.4362 0.3722 0.0000
vt 0.5015 0.3157 0.0000
vt 0.5387 0.3099 0.0000
vt 0.5374 0.3467 0.0000
vt 0.5001 0.3571 0.0000
vt 0.5701 0.3049 0.0000
vt 0.5975 0.3003 0.0000
vt 0.5964 0.3287 0.0000
vt 0.5688 0.3374 0.0000
vt 0.6734 0.2876 0.0000
vt 0.6479 0.2914 0.0000
vt 0.6972 0.2853 0.0000
vt 0.6968 0.3012 0.0000
vt 0.6727 0.3052 0.0000
vt 0.6469 0.3120 0.0000
vt 0.0366 0.1874 0.0000
vt 0.0575 0.1756 0.0000
vt 0.0578 0.1804 0.0000
vt 0.0371 0.1915 0.0000
vt 0.0820 0.1638 0.0000
vt 0.0820 0.1695 0.0000
vt 0.1059 0.1553 0.0000
vt 0.1059 0.1624 0.0000
vt 0.1298 0.1492 0.0000
vt 0.1298 0.1581 0.0000
vt 0.1543 0.1443 0.0000
vt 0.1543 0.1557 0.0000
vt 0.1780 0.1418 0.0000
vt 0.1781 0.1551 0.0000
vt 0.1995 0.1432 0.0000
vt 0.1997 0.1563 0.0000
vt 0.2199 0.1393 0.0000
vt 0.2168 0.1562 0.0000
vt 0.2531 0.1358 0.0000
vt 0.2809 0.1397 0.0000
vt 0.2837 0.1544 0.0000
vt 0.2639 0.1539 0.0000
vt 0.3069 0.1382 0.0000
vt 0.3084 0.1540 0.0000
vt 0.3354 0.1406 0.0000
vt 0.3362 0.1566 0.0000
vt 0.3641 0.1452 0.0000
vt 0.3646 0.1607 0.0000
vt 0.3907 0.1499 0.0000
vt 0.3910 0.1650 0.0000
vt 0.4151 0.1554 0.0000
vt 0.4154 0.1697 0.0000
vt 0.4999 0.1898 0.0000
vt 0.5376 0.1983 0.0000
vt 0.4639 0.1819 0.0000
vt 0.4640 0.1615 0.0000
vt 0.5007 0.1729 0.0000
vt 0.5384 0.1827 0.0000
vt 0.5688 0.2066 0.0000
vt 0.5958 0.2139 0.0000
vt 0.5694 0.1926 0.0000
vt 0.5942 0.1999 0.0000
vt 0.6454 0.2157 0.0000
vt 0.6717 0.2170 0.0000
vt 0.6720 0.2237 0.0000
vt 0.6459 0.2226 0.0000
vt 0.6963 0.2146 0.0000
vt 0.6965 0.2213 0.0000
vt 0.9048 0.1254 0.0000
vt 0.9035 0.1874 0.0000
vt 0.8909 0.1848 0.0000
vt 0.8935 0.1199 0.0000
vt 0.9109 0.2566 0.0000
vt 0.8983 0.2589 0.0000
vt 0.8834 0.2608 0.0000
vt 0.8765 0.1836 0.0000
vt 0.8782 0.1049 0.0000
vt 0.9875 0.3637 0.0000
vt 0.9928 0.3830 0.0000
vt 0.9868 0.3822 0.0000
vt 0.9792 0.3722 0.0000
vt 0.9836 0.4050 0.0000
vt 0.9772 0.3929 0.0000
vt 0.9716 0.3821 0.0000
vt 0.6963 0.3242 0.0000
vt 0.6717 0.3289 0.0000
vt 0.6720 0.3213 0.0000
vt 0.6964 0.3166 0.0000
vt 0.6496 0.3425 0.0000
vt 0.6458 0.3295 0.0000
vt 0.5366 0.3962 0.0000
vt 0.5364 0.3754 0.0000
vt 0.5677 0.3634 0.0000
vt 0.5680 0.3826 0.0000
vt 0.5952 0.3518 0.0000
vt 0.5959 0.3689 0.0000
vt 0.4627 0.4230 0.0000
vt 0.4629 0.4000 0.0000
vt 0.4991 0.3885 0.0000
vt 0.4991 0.4106 0.0000
vt 0.4096 0.4356 0.0000
vt 0.4100 0.4115 0.0000
vt 0.4349 0.4071 0.0000
vt 0.4345 0.4308 0.0000
vt 0.3548 0.4404 0.0000
vt 0.3555 0.4161 0.0000
vt 0.3834 0.4147 0.0000
vt 0.3828 0.4389 0.0000
vt 0.2999 0.4375 0.0000
vt 0.3001 0.4131 0.0000
vt 0.3268 0.4152 0.0000
vt 0.3264 0.4396 0.0000
vt 0.2584 0.4320 0.0000
vt 0.2588 0.4079 0.0000
vt 0.2781 0.4107 0.0000
vt 0.2779 0.4350 0.0000
vt 0.1811 0.4131 0.0000
vt 0.1783 0.3893 0.0000
vt 0.2005 0.3956 0.0000
vt 0.2004 0.4191 0.0000
vt 0.2211 0.4004 0.0000
vt 0.2210 0.4240 0.0000
vt 0.1285 0.3799 0.0000
vt 0.1287 0.3680 0.0000
vt 0.1543 0.3806 0.0000
vt 0.1543 0.3936 0.0000
vt 0.1006 0.3601 0.0000
vt 0.1014 0.3502 0.0000
vt 0.0738 0.3374 0.0000
vt 0.0752 0.3296 0.0000
vt 0.0776 0.3157 0.0000
vt 0.1016 0.3308 0.0000
vt 0.0514 0.3151 0.0000
vt 0.0528 0.3086 0.0000
vt 0.0345 0.2960 0.0000
vt 0.0356 0.2902 0.0000
vt 0.0376 0.2755 0.0000
vt 0.0563 0.2981 0.0000
vt 0.0035 0.2423 0.0000
vt 0.0040 0.2363 0.0000
vt 0.0054 0.2364 0.0000
vt 0.0047 0.2423 0.0000
vt 0.0051 0.2315 0.0000
vt 0.0064 0.2313 0.0000
vt 0.0101 0.2308 0.0000
vt 0.0090 0.2371 0.0000
vt 0.0080 0.2448 0.0000
vt 0.0053 0.2281 0.0000
vt 0.0038 0.2263 0.0000
vt 0.0047 0.2263 0.0000
vt 0.0061 0.2280 0.0000
vt 0.0027 0.2232 0.0000
vt 0.0038 0.2236 0.0000
vt 0.0057 0.2240 0.0000
vt 0.0066 0.2260 0.0000
vt 0.0079 0.2278 0.0000
vt 0.6220 0.2348 0.0000
vt 0.6230 0.2516 0.0000
vt 0.6236 0.2714 0.0000
vt 0.6230 0.2957 0.0000
vt 0.6219 0.3201 0.0000
vt 0.6210 0.2193 0.0000
vt 0.6205 0.2119 0.0000
vt 0.6207 0.3401 0.0000
vt 0.6231 0.3543 0.0000
vt 0.0353 0.2483 0.0000
vt 0.0278 0.2443 0.0000
vt 0.0287 0.2272 0.0000
vt 0.0265 0.2641 0.0000
vt 0.0194 0.2569 0.0000
vt 0.0213 0.2417 0.0000
vt 0.0228 0.2289 0.0000
vt 0.0249 0.2776 0.0000
vt 0.0240 0.2827 0.0000
vt 0.0172 0.2724 0.0000
vt 0.0179 0.2679 0.0000
vt 0.0319 0.2199 0.0000
vt 0.0320 0.2198 0.0000
vt 0.0285 0.2220 0.0000
vt 0.0284 0.2221 0.0000
vt 0.0313 0.2201 0.0000
vt 0.0287 0.2218 0.0000
vt 0.0237 0.2245 0.0000
vt 0.0233 0.2246 0.0000
vt 0.0230 0.2248 0.0000
vt 0.0147 0.2391 0.0000
vt 0.0161 0.2300 0.0000
vt 0.0131 0.2500 0.0000
vt 0.0118 0.2585 0.0000
vt 0.0113 0.2622 0.0000
vt 0.0067 0.2534 0.0000
vt 0.0072 0.2510 0.0000
vt 0.0162 0.2270 0.0000
vt 0.0156 0.2272 0.0000
vt 0.0171 0.2268 0.0000
vt 0.0124 0.2281 0.0000
vt 0.0100 0.2287 0.0000
vt 0.0090 0.2290 0.0000
vt 0.0277 0.2136 0.0000
vt 0.0262 0.2062 0.0000
vt 0.0286 0.2192 0.0000
vt 0.0232 0.2221 0.0000
vt 0.0215 0.2172 0.0000
vt 0.0192 0.2109 0.0000
vt 0.0312 0.2198 0.0000
vt 0.0319 0.2194 0.0000
vt 0.0284 0.2214 0.0000
vt 0.0286 0.2213 0.0000
vt 0.0283 0.2214 0.0000
vt 0.0233 0.2238 0.0000
vt 0.0235 0.2237 0.0000
vt 0.0237 0.2237 0.0000
vt 0.0243 0.1991 0.0000
vt 0.0232 0.1955 0.0000
vt 0.0163 0.2047 0.0000
vt 0.0148 0.2018 0.0000
vt 0.0161 0.2205 0.0000
vt 0.0135 0.2153 0.0000
vt 0.0178 0.2245 0.0000
vt 0.0132 0.2262 0.0000
vt 0.0118 0.2232 0.0000
vt 0.0094 0.2192 0.0000
vt 0.0173 0.2259 0.0000
vt 0.0178 0.2258 0.0000
vt 0.0171 0.2260 0.0000
vt 0.0116 0.2275 0.0000
vt 0.0120 0.2275 0.0000
vt 0.0127 0.2274 0.0000
vt 0.0104 0.2104 0.0000
vt 0.0087 0.2079 0.0000
vt 0.0064 0.2156 0.0000
vt 0.0047 0.2138 0.0000
vt 0.0088 0.2250 0.0000
vt 0.0068 0.2222 0.0000
vt 0.0101 0.2272 0.0000
vt 0.0093 0.2282 0.0000
vt 0.0102 0.2280 0.0000
vt 0.0088 0.2283 0.0000
vt 0.0074 0.2285 0.0000
vt 0.0082 0.2284 0.0000
vt 0.0091 0.2282 0.0000
vt 0.0043 0.2200 0.0000
vt 0.0029 0.2190 0.0000
vt 0.0047 0.2469 0.0000
vt 0.0040 0.2476 0.0000
vt 0.7172 0.2482 0.0000
vt 0.7173 0.2681 0.0000
vt 0.7168 0.2292 0.0000
vt 0.7358 0.2175 0.0000
vt 0.7361 0.2416 0.0000
vt 0.7360 0.2670 0.0000
vt 0.7163 0.2139 0.0000
vt 0.7159 0.2072 0.0000
vt 0.7342 0.1939 0.0000
vt 0.7348 0.2006 0.0000
vt 0.7161 0.3167 0.0000
vt 0.7159 0.3241 0.0000
vt 0.7166 0.3016 0.0000
vt 0.7352 0.3056 0.0000
vt 0.7345 0.3210 0.0000
vt 0.7340 0.3281 0.0000
vt 0.7170 0.2856 0.0000
vt 0.7357 0.2880 0.0000
vt 0.7569 0.2313 0.0000
vt 0.7566 0.2654 0.0000
vt 0.7566 0.1995 0.0000
vt 0.7804 0.1767 0.0000
vt 0.7806 0.2184 0.0000
vt 0.7809 0.2639 0.0000
vt 0.7555 0.1800 0.0000
vt 0.7547 0.1733 0.0000
vt 0.7783 0.1463 0.0000
vt 0.7791 0.1534 0.0000
vt 0.7548 0.3286 0.0000
vt 0.7543 0.3356 0.0000
vt 0.7557 0.3123 0.0000
vt 0.7836 0.3246 0.0000
vt 0.7836 0.3434 0.0000
vt 0.7833 0.3511 0.0000
vt 0.7563 0.2918 0.0000
vt 0.7823 0.2987 0.0000
vt 0.8083 0.2039 0.0000
vt 0.8106 0.2630 0.0000
vt 0.8080 0.1507 0.0000
vt 0.8349 0.1283 0.0000
vt 0.8356 0.1916 0.0000
vt 0.8402 0.2625 0.0000
vt 0.8068 0.1219 0.0000
vt 0.8060 0.1136 0.0000
vt 0.8323 0.0835 0.0000
vt 0.8333 0.0936 0.0000
vt 0.8273 0.3697 0.0000
vt 0.8274 0.3792 0.0000
vt 0.8247 0.3452 0.0000
vt 0.8668 0.3643 0.0000
vt 0.8717 0.3946 0.0000
vt 0.8720 0.4063 0.0000
vt 0.8176 0.3099 0.0000
vt 0.8534 0.3202 0.0000
vt 0.8582 0.1853 0.0000
vt 0.8643 0.2619 0.0000
vt 0.8567 0.1162 0.0000
vt 0.8535 0.0766 0.0000
vt 0.8515 0.0642 0.0000
vt 0.8728 0.0441 0.0000
vt 0.8717 0.0668 0.0000
vt 0.9029 0.4056 0.0000
vt 0.9024 0.4190 0.0000
vt 0.8979 0.3718 0.0000
vt 0.9272 0.3731 0.0000
vt 0.9283 0.4066 0.0000
vt 0.9343 0.4257 0.0000
vt 0.8813 0.3240 0.0000
vt 0.9018 0.3223 0.0000
vt 0.9157 0.3160 0.0000
vt 0.9383 0.3530 0.0000
vt 0.9262 0.3074 0.0000
vt 0.9467 0.3398 0.0000
vt 0.9091 0.0730 0.0000
vt 0.9101 0.0590 0.0000
vt 0.9197 0.0645 0.0000
vt 0.9176 0.0786 0.0000
vt 0.9099 0.0407 0.0000
vt 0.9225 0.0586 0.0000
vt 0.9249 0.0800 0.0000
vt 0.9554 0.4017 0.0000
vt 0.9579 0.4232 0.0000
vt 0.9556 0.3823 0.0000
vt 0.9613 0.3671 0.0000
vt 0.9697 0.3540 0.0000
vt 0.8924 0.0603 0.0000
vt 0.8973 0.0806 0.0000
vt 0.8890 0.0349 0.0000
vt 0.9056 0.0908 0.0000
vt 0.9154 0.0959 0.0000
vt 0.4377 0.1753 0.0000
vt 0.4375 0.1620 0.0000
vt 0.4683 0.1581 0.0000
vt 0.5027 0.1663 0.0000
vt 0.4742 0.1537 0.0000
vt 0.5092 0.1623 0.0000
vt 0.5458 0.1726 0.0000
vt 0.5399 0.1763 0.0000
vt 0.5709 0.1869 0.0000
vt 0.5768 0.1849 0.0000
vt 0.5998 0.1958 0.0000
vt 0.5926 0.1953 0.0000
vt 0.4867 0.1442 0.0000
vt 0.5237 0.1531 0.0000
vt 0.5066 0.1321 0.0000
vt 0.5427 0.1422 0.0000
vt 0.5774 0.1564 0.0000
vt 0.5599 0.1652 0.0000
vt 0.5900 0.1823 0.0000
vt 0.6059 0.1791 0.0000
vt 0.6304 0.2042 0.0000
vt 0.6129 0.1989 0.0000
vt 0.5289 0.1218 0.0000
vt 0.5627 0.1327 0.0000
vt 0.5546 0.1123 0.0000
vt 0.5835 0.1235 0.0000
vt 0.6104 0.1409 0.0000
vt 0.5938 0.1489 0.0000
vt 0.6198 0.1758 0.0000
vt 0.6334 0.1708 0.0000
vt 0.6544 0.2069 0.0000
vt 0.6433 0.2081 0.0000
vt 0.5800 0.1029 0.0000
vt 0.6050 0.1135 0.0000
vt 0.6048 0.0943 0.0000
vt 0.6257 0.1040 0.0000
vt 0.6452 0.1205 0.0000
vt 0.6282 0.1310 0.0000
vt 0.6481 0.1626 0.0000
vt 0.6618 0.1506 0.0000
vt 0.6771 0.1875 0.0000
vt 0.6663 0.2012 0.0000
vt 0.6282 0.0869 0.0000
vt 0.6441 0.0963 0.0000
vt 0.6500 0.0810 0.0000
vt 0.6609 0.0900 0.0000
vt 0.6716 0.1013 0.0000
vt 0.6591 0.1105 0.0000
vt 0.6725 0.1341 0.0000
vt 0.6817 0.1171 0.0000
vt 0.6917 0.1352 0.0000
vt 0.6851 0.1626 0.0000
vt 0.6700 0.0770 0.0000
vt 0.6771 0.0847 0.0000
vt 0.6869 0.0745 0.0000
vt 0.6913 0.0805 0.0000
vt 0.6958 0.0866 0.0000
vt 0.6842 0.0933 0.0000
vt 0.6913 0.1034 0.0000
vt 0.7003 0.0930 0.0000
vt 0.7050 0.0995 0.0000
vt 0.6984 0.1143 0.0000
vt 0.6999 0.0729 0.0000
vt 0.7026 0.0773 0.0000
vt 0.7104 0.0716 0.0000
vt 0.7119 0.0746 0.0000
vt 0.7137 0.0777 0.0000
vt 0.7053 0.0816 0.0000
vt 0.7083 0.0858 0.0000
vt 0.7156 0.0808 0.0000
vt 0.7177 0.0838 0.0000
vt 0.7113 0.0900 0.0000
vt 0.7198 0.0696 0.0000
vt 0.7206 0.0720 0.0000
vt 0.7278 0.0678 0.0000
vt 0.7278 0.0698 0.0000
vt 0.7286 0.0716 0.0000
vt 0.7217 0.0744 0.0000
vt 0.7230 0.0767 0.0000
vt 0.7292 0.0735 0.0000
vt 0.7306 0.0748 0.0000
vt 0.7244 0.0790 0.0000
vt 0.6004 0.3791 0.0000
vt 0.5705 0.3946 0.0000
vt 0.6076 0.3880 0.0000
vt 0.5755 0.4047 0.0000
vt 0.5433 0.4194 0.0000
vt 0.5388 0.4091 0.0000
vt 0.5008 0.4243 0.0000
vt 0.5044 0.4348 0.0000
vt 0.4667 0.4481 0.0000
vt 0.4639 0.4374 0.0000
vt 0.4354 0.4455 0.0000
vt 0.4375 0.4564 0.0000
vt 0.4117 0.4616 0.0000
vt 0.4102 0.4504 0.0000
vt 0.3830 0.4541 0.0000
vt 0.3838 0.4655 0.0000
vt 0.3550 0.4676 0.0000
vt 0.3547 0.4558 0.0000
vt 0.3263 0.4551 0.0000
vt 0.3264 0.4669 0.0000
vt 0.3001 0.4648 0.0000
vt 0.2999 0.4529 0.0000
vt 0.2778 0.4504 0.0000
vt 0.2779 0.4623 0.0000
vt 0.2584 0.4592 0.0000
vt 0.2583 0.4473 0.0000
vt 0.2209 0.4392 0.0000
vt 0.2000 0.4343 0.0000
vt 0.2207 0.4510 0.0000
vt 0.1995 0.4459 0.0000
vt 0.1883 0.4432 0.0000
vt 0.1890 0.4316 0.0000
vt 0.6667 0.3413 0.0000
vt 0.6329 0.3609 0.0000
vt 0.6879 0.3428 0.0000
vt 0.6461 0.3665 0.0000
vt 0.6162 0.4010 0.0000
vt 0.5827 0.4180 0.0000
vt 0.6275 0.4191 0.0000
vt 0.5926 0.4357 0.0000
vt 0.5591 0.4489 0.0000
vt 0.5500 0.4323 0.0000
vt 0.5101 0.4472 0.0000
vt 0.5180 0.4627 0.0000
vt 0.4776 0.4750 0.0000
vt 0.4710 0.4603 0.0000
vt 0.4408 0.4689 0.0000
vt 0.4459 0.4837 0.0000
vt 0.4175 0.4899 0.0000
vt 0.4140 0.4747 0.0000
vt 0.3850 0.4789 0.0000
vt 0.3871 0.4944 0.0000
vt 0.3565 0.4966 0.0000
vt 0.3553 0.4811 0.0000
vt 0.3267 0.4805 0.0000
vt 0.3278 0.4964 0.0000
vt 0.3018 0.4946 0.0000
vt 0.3006 0.4784 0.0000
vt 0.2783 0.4759 0.0000
vt 0.2793 0.4922 0.0000
vt 0.2591 0.4891 0.0000
vt 0.2585 0.4727 0.0000
vt 0.2205 0.4642 0.0000
vt 0.1991 0.4588 0.0000
vt 0.2209 0.4798 0.0000
vt 0.1990 0.4731 0.0000
vt 0.1874 0.4693 0.0000
vt 0.1878 0.4558 0.0000
vt 0.7060 0.3518 0.0000
vt 0.6588 0.3779 0.0000
vt 0.7227 0.3682 0.0000
vt 0.6726 0.3954 0.0000
vt 0.6427 0.4431 0.0000
vt 0.6057 0.4588 0.0000
vt 0.6598 0.4701 0.0000
vt 0.6204 0.4846 0.0000
vt 0.5825 0.4945 0.0000
vt 0.5702 0.4705 0.0000
vt 0.5284 0.4824 0.0000
vt 0.5401 0.5042 0.0000
vt 0.4983 0.5132 0.0000
vt 0.4872 0.4932 0.0000
vt 0.4535 0.5015 0.0000
vt 0.4622 0.5207 0.0000
vt 0.4288 0.5267 0.0000
vt 0.4227 0.5077 0.0000
vt 0.3906 0.5122 0.0000
vt 0.3949 0.5311 0.0000
vt 0.3624 0.5339 0.0000
vt 0.3591 0.5147 0.0000
vt 0.3301 0.5150 0.0000
vt 0.3330 0.5350 0.0000
vt 0.3067 0.5350 0.0000
vt 0.3040 0.5140 0.0000
vt 0.2810 0.5123 0.0000
vt 0.2832 0.5343 0.0000
vt 0.2624 0.5321 0.0000
vt 0.2605 0.5096 0.0000
vt 0.2223 0.4988 0.0000
vt 0.1995 0.4890 0.0000
vt 0.2243 0.5195 0.0000
vt 0.2003 0.5058 0.0000
vt 0.1873 0.4833 0.0000
vt 0.7399 0.3915 0.0000
vt 0.6889 0.4193 0.0000
vt 0.7402 0.4187 0.0000
vt 0.7066 0.4465 0.0000
vt 0.0647 0.2232 0.0000
vt 0.0501 0.2353 0.0000
vt 0.0838 0.2192 0.0000
vt 0.0849 0.2314 0.0000
vt 0.0697 0.2347 0.0000
vt 0.0577 0.2450 0.0000
vt 0.1024 0.2243 0.0000
vt 0.1160 0.2417 0.0000
vt 0.1097 0.2496 0.0000
vt 0.0994 0.2366 0.0000
vt 0.1200 0.2748 0.0000
vt 0.1143 0.3045 0.0000
vt 0.1074 0.2880 0.0000
vt 0.1123 0.2694 0.0000
vt 0.0988 0.3118 0.0000
vt 0.0792 0.3050 0.0000
vt 0.0800 0.2978 0.0000
vt 0.0953 0.2972 0.0000
vt 0.0612 0.2928 0.0000
vt 0.0484 0.2759 0.0000
vt 0.0554 0.2774 0.0000
vt 0.0656 0.2905 0.0000
vt 0.0447 0.2548 0.0000
vt 0.0529 0.2608 0.0000
vt 0.7341 0.0669 0.0000
vt 0.7325 0.0684 0.0000
vt 0.7372 0.0677 0.0000
vt 0.7337 0.0693 0.0000
vt 0.7334 0.0709 0.0000
vt 0.7354 0.0707 0.0000
vt 0.0717 0.2400 0.0000
vt 0.0611 0.2493 0.0000
vt 0.0850 0.2370 0.0000
vt 0.0975 0.2421 0.0000
vt 0.1062 0.2530 0.0000
vt 0.1082 0.2676 0.0000
vt 0.1038 0.2818 0.0000
vt 0.0933 0.2912 0.0000
vt 0.0802 0.2940 0.0000
vt 0.0676 0.2886 0.0000
vt 0.0587 0.2775 0.0000
vt 0.0567 0.2631 0.0000
vt 0.2473 0.2680 0.0000
vt 0.2440 0.3165 0.0000
vt 0.2412 0.3685 0.0000
vt 0.2399 0.4283 0.0000
vt 0.2401 0.4045 0.0000
vt 0.2398 0.4554 0.0000
vt 0.2398 0.4436 0.0000
vt 0.2403 0.4851 0.0000
vt 0.2398 0.4688 0.0000
vt 0.2438 0.5277 0.0000
vt 0.2418 0.5054 0.0000
vt 0.2286 0.2247 0.0000
vt 0.2353 0.2393 0.0000
vt 0.2315 0.2081 0.0000
vt 0.2367 0.2225 0.0000
vt 0.2357 0.2312 0.0000
vt 0.2419 0.2359 0.0000
vt 0.2450 0.1823 0.0000
vt 0.2454 0.1994 0.0000
vt 0.2604 0.2013 0.0000
vt 0.2594 0.2103 0.0000
vt 0.2474 0.2141 0.0000
vt 0.2669 0.2169 0.0000
vt 0.2638 0.2345 0.0000
vt 0.2627 0.2244 0.0000
vt 0.2647 0.2154 0.0000
vt 0.2501 0.2422 0.0000
vt 0.2530 0.2324 0.0000
vt 0.2273 0.1516 0.0000
vt 0.2332 0.1621 0.0000
vt 0.2272 0.1403 0.0000
vt 0.2312 0.1392 0.0000
vt 0.2341 0.1451 0.0000
vt 0.2396 0.1502 0.0000
vt 0.2346 0.1337 0.0000
vt 0.2336 0.1351 0.0000
vt 0.2428 0.1374 0.0000
vt 0.2384 0.1368 0.0000
vt 0.2333 0.1362 0.0000
vt 0.2508 0.1485 0.0000
vt 0.2529 0.1603 0.0000
vt 0.2479 0.1480 0.0000
vt 0.2444 0.1421 0.0000
vt 0.2444 0.1650 0.0000
vt 0.2452 0.1510 0.0000
vt 0.6174 0.6459 0.0000
vt 0.5979 0.6616 0.0000
vt 0.6046 0.6601 0.0000
vt 0.6219 0.6457 0.0000
vt 0.5756 0.6683 0.0000
vt 0.5856 0.6710 0.0000
vt 0.5980 0.6811 0.0000
vt 0.6162 0.6684 0.0000
vt 0.6340 0.6540 0.0000
vt 0.6362 0.6788 0.0000
vt 0.6542 0.6600 0.0000
vt 0.6183 0.6968 0.0000
vt 0.6437 0.7165 0.0000
vt 0.6644 0.6929 0.0000
vt 0.6851 0.6690 0.0000
vt 0.7004 0.7126 0.0000
vt 0.7295 0.6862 0.0000
vt 0.6713 0.7388 0.0000
vt 0.6984 0.7619 0.0000
vt 0.7382 0.7357 0.0000
vt 0.7781 0.7093 0.0000
vt 0.7720 0.7599 0.0000
vt 0.8218 0.7359 0.0000
vt 0.7221 0.7837 0.0000
vt 0.7459 0.8097 0.0000
vt 0.8038 0.7889 0.0000
vt 0.8616 0.7680 0.0000
vt 0.8358 0.8267 0.0000
vt 0.8988 0.8079 0.0000
vt 0.7729 0.8454 0.0000
vt 0.7927 0.8775 0.0000
vt 0.8600 0.8583 0.0000
vt 0.9291 0.8412 0.0000
vt 0.6109 0.6181 0.0000
vt 0.6182 0.6348 0.0000
vt 0.5978 0.6460 0.0000
vt 0.5867 0.6257 0.0000
vt 0.6333 0.6486 0.0000
vt 0.6147 0.6614 0.0000
vt 0.5965 0.6759 0.0000
vt 0.5790 0.6607 0.0000
vt 0.5653 0.6422 0.0000
vt 0.6544 0.6577 0.0000
vt 0.6365 0.6757 0.0000
vt 0.6852 0.6680 0.0000
vt 0.6645 0.6916 0.0000
vt 0.6438 0.7155 0.0000
vt 0.6185 0.6945 0.0000
vt 0.7295 0.6857 0.0000
vt 0.7005 0.7120 0.0000
vt 0.7781 0.7088 0.0000
vt 0.7383 0.7350 0.0000
vt 0.6984 0.7614 0.0000
vt 0.6714 0.7383 0.0000
vt 0.8218 0.7354 0.0000
vt 0.7720 0.7592 0.0000
vt 0.8617 0.7675 0.0000
vt 0.8038 0.7883 0.0000
vt 0.7459 0.8092 0.0000
vt 0.7222 0.7832 0.0000
vt 0.8988 0.8074 0.0000
vt 0.8359 0.8261 0.0000
vt 0.9291 0.8408 0.0000
vt 0.8600 0.8578 0.0000
vt 0.7927 0.8772 0.0000
vt 0.7729 0.8449 0.0000
vt 0.6264 0.6360 0.0000
vt 0.6214 0.6282 0.0000
vt 0.6397 0.6468 0.0000
vt 0.6603 0.6527 0.0000
vt 0.6921 0.6606 0.0000
vt 0.7392 0.6772 0.0000
vt 0.7914 0.7003 0.0000
vt 0.8384 0.7276 0.0000
vt 0.8810 0.7608 0.0000
vt 0.9198 0.8014 0.0000
vt 0.9568 0.8456 0.0000
vt 0.8681 0.8686 0.0000
vt 0.7793 0.8915 0.0000
vt 0.7519 0.8514 0.0000
vt 0.7266 0.8164 0.0000
vt 0.7056 0.7914 0.0000
vt 0.6851 0.7704 0.0000
vt 0.6617 0.7473 0.0000
vt 0.6369 0.7239 0.0000
vt 0.6124 0.7017 0.0000
vt 0.5912 0.6831 0.0000
vt 0.5760 0.6701 0.0000
vt 0.5632 0.6592 0.0000
vt 0.1093 0.7430 0.0000
vt 0.1172 0.7532 0.0000
vt 0.1418 0.7376 0.0000
vt 0.1368 0.7186 0.0000
vt 0.1243 0.7628 0.0000
vt 0.1465 0.7560 0.0000
vt 0.1741 0.7508 0.0000
vt 0.1716 0.7222 0.0000
vt 0.1689 0.6934 0.0000
vt 0.1991 0.7150 0.0000
vt 0.1957 0.6791 0.0000
vt 0.2024 0.7506 0.0000
vt 0.2340 0.7546 0.0000
vt 0.2296 0.7139 0.0000
vt 0.2250 0.6731 0.0000
vt 0.2683 0.7174 0.0000
vt 0.2649 0.6726 0.0000
vt 0.2717 0.7619 0.0000
vt 0.3089 0.7666 0.0000
vt 0.3080 0.7206 0.0000
vt 0.3069 0.6745 0.0000
vt 0.3412 0.7190 0.0000
vt 0.3429 0.6754 0.0000
vt 0.3393 0.7625 0.0000
vt 0.3659 0.7509 0.0000
vt 0.3702 0.7136 0.0000
vt 0.3745 0.6761 0.0000
vt 0.3975 0.7052 0.0000
vt 0.4034 0.6772 0.0000
vt 0.3915 0.7331 0.0000
vt 0.4162 0.7158 0.0000
vt 0.4223 0.6979 0.0000
vt 0.4283 0.6798 0.0000
vt 0.1067 0.7413 0.0000
vt 0.1356 0.7169 0.0000
vt 0.1402 0.7353 0.0000
vt 0.1138 0.7510 0.0000
vt 0.1684 0.6925 0.0000
vt 0.1708 0.7211 0.0000
vt 0.1735 0.7499 0.0000
vt 0.1453 0.7543 0.0000
vt 0.1217 0.7612 0.0000
vt 0.1953 0.6786 0.0000
vt 0.1986 0.7142 0.0000
vt 0.2246 0.6726 0.0000
vt 0.2291 0.7132 0.0000
vt 0.2337 0.7540 0.0000
vt 0.2020 0.7500 0.0000
vt 0.2645 0.6721 0.0000
vt 0.2678 0.7166 0.0000
vt 0.3066 0.6739 0.0000
vt 0.3075 0.7199 0.0000
vt 0.3085 0.7660 0.0000
vt 0.2713 0.7614 0.0000
vt 0.3425 0.6749 0.0000
vt 0.3407 0.7183 0.0000
vt 0.3741 0.6756 0.0000
vt 0.3697 0.7129 0.0000
vt 0.3655 0.7503 0.0000
vt 0.3389 0.7619 0.0000
vt 0.4030 0.6766 0.0000
vt 0.3970 0.7045 0.0000
vt 0.4279 0.6792 0.0000
vt 0.4218 0.6972 0.0000
vt 0.4158 0.7153 0.0000
vt 0.3911 0.7325 0.0000
vt 0.1346 0.7115 0.0000
vt 0.1055 0.7388 0.0000
vt 0.1678 0.6834 0.0000
vt 0.1944 0.6669 0.0000
vt 0.2233 0.6593 0.0000
vt 0.2636 0.6575 0.0000
vt 0.3064 0.6588 0.0000
vt 0.3433 0.6607 0.0000
vt 0.3757 0.6634 0.0000
vt 0.4051 0.6676 0.0000
vt 0.4301 0.6735 0.0000
vt 0.4736 0.6962 0.0000
vt 0.4744 0.6977 0.0000
vt 0.4757 0.6977 0.0000
vt 0.4746 0.6962 0.0000
vt 0.4730 0.6987 0.0000
vt 0.4739 0.6988 0.0000
vt 0.4727 0.6983 0.0000
vt 0.4741 0.6972 0.0000
vt 0.4733 0.6958 0.0000
vt 0.3893 0.7421 0.0000
vt 0.4140 0.7216 0.0000
vt 0.3642 0.7631 0.0000
vt 0.3385 0.7767 0.0000
vt 0.3090 0.7817 0.0000
vt 0.2726 0.7765 0.0000
vt 0.2353 0.7679 0.0000
vt 0.2033 0.7622 0.0000
vt 0.1746 0.7599 0.0000
vt 0.1475 0.7614 0.0000
vt 0.1255 0.7653 0.0000
vt 0.4441 0.6956 0.0000
vt 0.4480 0.6851 0.0000
vt 0.4400 0.7060 0.0000
vt 0.4592 0.7012 0.0000
vt 0.4608 0.6961 0.0000
vt 0.4623 0.6908 0.0000
vt 0.4385 0.7092 0.0000
vt 0.4397 0.7054 0.0000
vt 0.4588 0.7007 0.0000
vt 0.4585 0.7027 0.0000
vt 0.4436 0.6949 0.0000
vt 0.4477 0.6845 0.0000
vt 0.4619 0.6902 0.0000
vt 0.4603 0.6954 0.0000
vt 0.4492 0.6813 0.0000
vt 0.4626 0.6888 0.0000
vt 0.4702 0.6970 0.0000
vt 0.4706 0.6945 0.0000
vt 0.4696 0.6993 0.0000
vt 0.4692 0.6998 0.0000
vt 0.4692 0.6987 0.0000
vt 0.4697 0.6963 0.0000
vt 0.4703 0.6940 0.0000
vt 0.4706 0.6934 0.0000
vt 0.1051 0.7610 0.0000
vt 0.1122 0.7678 0.0000
vt 0.0963 0.7545 0.0000
vt 0.0949 0.7583 0.0000
vt 0.1047 0.7673 0.0000
vt 0.1102 0.7776 0.0000
vt 0.0911 0.7528 0.0000
vt 0.0912 0.7556 0.0000
vt 0.0833 0.7624 0.0000
vt 0.0867 0.7572 0.0000
vt 0.0983 0.7625 0.0000
vt 0.1071 0.7690 0.0000
vt 0.0969 0.7813 0.0000
vt 0.0880 0.7725 0.0000
vt 0.1123 0.7706 0.0000
vt 0.1060 0.7826 0.0000
vt 0.0340 0.2183 0.0000
vt 0.0336 0.2186 0.0000
vt 0.0336 0.2187 0.0000
vt 0.0324 0.2193 0.0000
vt 0.0289 0.2216 0.0000
vt 0.0236 0.2245 0.0000
vt 0.0170 0.2268 0.0000
vt 0.0110 0.2285 0.0000
vt 0.0074 0.2294 0.0000
vt 0.0061 0.2297 0.0000
vt 0.0336 0.2184 0.0000
vt 0.0324 0.2191 0.0000
vt 0.0072 0.2285 0.0000
vt 0.0064 0.2287 0.0000
vt 0.0105 0.2280 0.0000
vt 0.0133 0.2273 0.0000
vt 0.0182 0.2258 0.0000
vt 0.0238 0.2237 0.0000
vt 0.0288 0.2212 0.0000
vt 0.6397 0.6467 0.0000
# 969 texture coords

g Anthias01
usemtl Neon_Anthias
s 1
f 1/1 2/2 3/3 4/4 
f 5/5 6/6 3/3 2/2 
f 7/7 8/8 3/3 6/6 
f 9/9 4/4 3/3 8/8 
f 5/5 10/10 11/11 6/6 
f 12/12 13/13 11/11 10/10 
f 14/14 15/15 11/11 13/13 
f 7/7 6/6 11/11 15/15 
f 12/12 16/16 17/17 13/13 
f 18/18 19/19 17/17 16/16 
f 20/20 21/21 17/17 19/19 
f 14/14 13/13 17/17 21/21 
f 18/18 22/22 23/23 19/19 
f 24/24 25/25 23/23 22/22 
f 26/26 27/27 23/23 25/25 
f 20/20 19/19 23/23 27/27 
f 28/28 29/29 30/30 31/31 
f 32/32 33/33 30/30 29/29 
f 34/34 35/35 30/30 33/33 
f 36/36 31/31 30/30 35/35 
f 32/32 37/37 38/38 33/33 
f 39/39 40/40 38/38 37/37 
f 41/41 42/42 38/38 40/40 
f 34/34 33/33 38/38 42/42 
f 39/39 43/43 44/44 40/40 
f 45/45 46/46 44/44 43/43 
f 47/47 48/48 44/44 46/46 
f 41/41 40/40 44/44 48/48 
f 45/45 49/49 50/50 46/46 
f 51/51 52/52 50/50 49/49 
f 53/53 54/54 50/50 52/52 
f 47/47 46/46 50/50 54/54 
f 51/51 55/55 56/56 52/52 
f 57/57 58/58 56/56 55/55 
f 59/59 60/60 56/56 58/58 
f 53/53 52/52 56/56 60/60 
f 57/57 61/61 62/62 58/58 
f 63/63 64/64 62/62 61/61 
f 65/65 66/66 62/62 64/64 
f 59/59 58/58 62/62 66/66 
f 67/67 68/68 69/69 70/70 
f 71/71 72/72 69/69 68/68 
f 73/73 74/74 69/69 72/72 
f 75/75 70/70 69/69 74/74 
f 76/76 77/77 78/78 79/79 
f 80/80 81/81 78/78 77/77 
f 82/82 83/83 78/78 81/81 
f 84/84 79/79 78/78 83/83 
f 80/80 85/85 86/86 81/81 
f 87/87 88/88 86/86 85/85 
f 89/89 90/90 86/86 88/88 
f 82/82 81/81 86/86 90/90 
f 14/14 21/21 91/91 92/92 
f 20/20 93/93 91/91 21/21 
f 94/94 95/95 91/91 93/93 
f 96/96 92/92 91/91 95/95 
f 20/20 27/27 97/97 93/93 
f 26/26 98/98 97/97 27/27 
f 99/99 100/100 97/97 98/98 
f 94/94 93/93 97/97 100/100 
f 36/36 35/35 101/101 102/102 
f 34/34 103/103 101/101 35/35 
f 104/104 105/105 101/101 103/103 
f 106/106 102/102 101/101 105/105 
f 34/34 42/42 107/107 103/103 
f 41/41 108/108 107/107 42/42 
f 109/109 110/110 107/107 108/108 
f 104/104 103/103 107/107 110/110 
f 41/41 48/48 111/111 108/108 
f 47/47 112/112 111/111 48/48 
f 113/113 114/114 111/111 112/112 
f 109/109 108/108 111/111 114/114 
f 47/47 54/54 115/115 112/112 
f 53/53 116/116 115/115 54/54 
f 117/117 118/118 115/115 116/116 
f 113/113 112/112 115/115 118/118 
f 53/53 60/60 119/119 116/116 
f 59/59 120/120 119/119 60/60 
f 121/121 122/122 119/119 120/120 
f 117/117 116/116 119/119 122/122 
f 59/59 66/66 123/123 120/120 
f 65/65 124/124 123/123 66/66 
f 125/125 126/126 123/123 124/124 
f 121/121 120/120 123/123 126/126 
f 75/75 74/74 127/127 128/128 
f 73/73 129/129 127/127 74/74 
f 130/130 131/131 127/127 129/129 
f 132/132 128/128 127/127 131/131 
f 133/133 134/134 135/135 136/136 
f 137/137 138/138 135/135 134/134 
f 5/5 2/2 135/135 138/138 
f 1/1 136/136 135/135 2/2 
f 137/137 139/139 140/140 138/138 
f 141/141 142/142 140/140 139/139 
f 12/12 10/10 140/140 142/142 
f 5/5 138/138 140/140 10/10 
f 141/141 143/143 144/144 142/142 
f 145/145 146/146 144/144 143/143 
f 18/18 16/16 144/144 146/146 
f 12/12 142/142 144/144 16/16 
f 145/145 147/147 148/148 146/146 
f 149/149 150/150 148/148 147/147 
f 24/24 22/22 148/148 150/150 
f 18/18 146/146 148/148 22/22 
f 151/151 152/152 153/153 154/154 
f 155/155 156/156 153/153 152/152 
f 32/32 29/29 153/153 156/156 
f 28/28 154/154 153/153 29/29 
f 155/155 157/157 158/158 156/156 
f 159/159 160/160 158/158 157/157 
f 39/39 37/37 158/158 160/160 
f 32/32 156/156 158/158 37/37 
f 159/159 161/161 162/162 160/160 
f 163/163 164/164 162/162 161/161 
f 45/45 43/43 162/162 164/164 
f 39/39 160/160 162/162 43/43 
f 57/57 55/55 165/165 166/166 
f 51/51 167/167 165/165 55/55 
s 3
f 168/168 169/169 165/165 167/167 
s 1
f 170/170 166/166 165/165 169/169 
f 63/63 61/61 171/171 172/172 
f 57/57 166/166 171/171 61/61 
f 170/170 173/173 171/171 166/166 
s 3
f 174/174 172/172 171/171 173/173 
s 1
f 175/175 176/176 177/177 178/178 
f 179/179 180/180 177/177 176/176 
f 71/71 68/68 177/177 180/180 
f 67/67 178/178 177/177 68/68 
s 2
f 181/181 182/182 183/183 184/184 
f 185/185 186/186 183/183 182/182 
s 3
f 187/187 188/188 183/183 186/186 
f 189/189 184/184 183/183 188/188 
s 2
f 190/190 191/191 192/192 193/193 
f 194/194 195/195 192/192 191/191 
s 3
f 196/196 193/193 192/192 195/195 
s 1
f 197/197 198/198 199/199 200/200 
f 201/201 202/202 199/199 198/198 
f 132/132 131/131 199/199 202/202 
f 130/130 200/200 199/199 131/131 
f 203/203 204/204 205/205 206/206 
f 121/121 126/126 205/205 204/204 
f 125/125 207/207 205/205 126/126 
f 208/208 206/206 205/205 207/207 
f 209/209 210/210 211/211 212/212 
f 117/117 122/122 211/211 210/210 
f 121/121 204/204 211/211 122/122 
f 203/203 212/212 211/211 204/204 
f 213/213 214/214 215/215 216/216 
f 113/113 118/118 215/215 214/214 
f 117/117 210/210 215/215 118/118 
f 209/209 216/216 215/215 210/210 
f 217/217 218/218 219/219 220/220 
f 109/109 114/114 219/219 218/218 
f 113/113 214/214 219/219 114/114 
f 213/213 220/220 219/219 214/214 
f 221/221 222/222 223/223 224/224 
f 104/104 110/110 223/223 222/222 
f 109/109 218/218 223/223 110/110 
f 217/217 224/224 223/223 218/218 
f 225/225 226/226 227/227 228/228 
f 106/106 105/105 227/227 226/226 
f 104/104 222/222 227/227 105/105 
f 221/221 228/228 227/227 222/222 
f 229/229 230/230 231/231 232/232 
f 94/94 100/100 231/231 230/230 
f 99/99 233/233 231/231 100/100 
f 234/234 232/232 231/231 233/233 
f 235/235 236/236 237/237 238/238 
f 96/96 95/95 237/237 236/236 
f 94/94 230/230 237/237 95/95 
f 229/229 238/238 237/237 230/230 
f 235/235 239/239 240/240 236/236 
f 241/241 242/242 240/240 239/239 
f 243/243 244/244 240/240 242/242 
f 96/96 236/236 240/240 244/244 
f 241/241 245/245 246/246 242/242 
f 247/247 248/248 246/246 245/245 
f 249/249 250/250 246/246 248/248 
f 243/243 242/242 246/246 250/250 
f 251/251 252/252 253/253 254/254 
f 255/255 256/256 253/253 252/252 
f 257/257 258/258 253/253 256/256 
f 259/259 254/254 253/253 258/258 
f 260/260 261/261 262/262 263/263 
f 264/264 265/265 262/262 261/261 
f 266/266 267/267 262/262 265/265 
f 268/268 263/263 262/262 267/267 
f 63/63 269/269 270/270 64/64 
f 67/67 70/70 270/270 269/269 
f 75/75 271/271 270/270 70/70 
f 65/65 64/64 270/270 271/271 
f 65/65 271/271 272/272 124/124 
f 75/75 128/128 272/272 271/271 
f 132/132 273/273 272/272 128/128 
f 125/125 124/124 272/272 273/273 
f 175/175 178/178 274/274 275/275 
f 67/67 269/269 274/274 178/178 
f 63/63 172/172 274/274 269/269 
f 174/174 275/275 274/274 172/172 
f 208/208 207/207 276/276 277/277 
f 125/125 273/273 276/276 207/207 
f 132/132 202/202 276/276 273/273 
s 3
f 201/201 277/277 276/276 202/202 
s 1
f 9/9 278/278 279/279 280/280 
f 249/249 281/281 279/279 278/278 
f 282/282 283/283 279/279 281/281 
f 284/284 280/280 279/279 283/283 
f 249/249 248/248 285/285 281/281 
f 247/247 286/286 285/285 248/248 
f 287/287 288/288 285/285 286/286 
f 282/282 281/281 285/285 288/288 
f 289/289 290/290 291/291 292/292 
f 293/293 294/294 291/291 290/290 
f 295/295 296/296 291/291 294/294 
f 297/297 292/292 291/291 296/296 
f 284/284 283/283 298/298 299/299 
f 282/282 300/300 298/298 283/283 
f 259/259 258/258 298/298 300/300 
f 257/257 299/299 298/298 258/258 
f 282/282 288/288 301/301 300/300 
f 287/287 302/302 301/301 288/288 
f 303/303 304/304 301/301 302/302 
f 259/259 300/300 301/301 304/304 
f 297/297 296/296 305/305 306/306 
f 295/295 307/307 305/305 296/296 
f 308/308 309/309 305/305 307/307 
f 310/310 306/306 305/305 309/309 
f 1/1 4/4 311/311 312/312 
f 9/9 313/313 311/311 4/4 
f 314/314 315/315 311/311 313/313 
f 316/316 312/312 311/311 315/315 
f 317/317 318/318 319/319 320/320 
f 321/318 322/321 319/319 318/318 
f 323/322 324/323 319/319 322/321 
f 325/324 320/320 319/319 324/323 
f 133/133 136/136 326/325 327/326 
f 1/1 312/312 326/325 136/136 
f 316/316 328/327 326/325 312/312 
f 329/328 327/326 326/325 328/327 
f 316/316 315/315 330/329 331/330 
f 314/314 332/331 330/329 315/315 
f 333/332 334/333 330/329 332/331 
f 335/334 331/330 330/329 334/333 
f 325/324 324/323 336/335 337/336 
f 323/322 338/337 336/335 324/323 
f 339/338 340/339 336/335 338/337 
f 341/340 337/336 336/335 340/339 
f 329/328 328/327 342/341 343/342 
f 316/316 331/330 342/341 328/327 
f 335/334 344/343 342/341 331/330 
f 345/344 343/342 342/341 344/343 
f 335/334 334/333 346/345 347/346 
f 333/332 348/347 346/345 334/333 
f 268/268 267/267 346/345 348/347 
f 266/266 347/346 346/345 267/267 
f 341/340 340/339 349/348 350/349 
f 339/338 351/350 349/348 340/339 
f 352/351 353/352 349/348 351/350 
f 354/353 350/349 349/348 353/352 
f 345/344 344/343 355/354 356/355 
f 335/334 347/346 355/354 344/343 
f 266/266 265/265 355/354 347/346 
f 264/264 356/355 355/354 265/265 
f 259/259 304/304 357/356 254/254 
f 303/303 358/357 357/356 304/304 
f 251/251 254/254 357/356 358/357 
f 73/73 72/72 359/358 360/359 
f 71/71 361/360 359/358 72/72 
f 362/361 363/362 359/358 361/360 
f 364/363 360/359 359/358 363/362 
f 71/71 180/180 365/364 361/360 
f 179/179 366/365 365/364 180/180 
f 367/366 368/367 365/364 366/365 
f 362/361 361/360 365/364 368/367 
f 197/197 200/200 369/368 370/369 
f 130/130 371/370 369/368 200/200 
f 372/371 373/372 369/368 371/370 
f 374/373 370/369 369/368 373/372 
f 130/130 129/129 375/374 371/370 
f 73/73 360/359 375/374 129/129 
f 364/363 376/375 375/374 360/359 
f 372/371 371/370 375/374 376/375 
f 364/363 363/362 377/376 378/377 
f 362/361 379/378 377/376 363/362 
f 380/379 381/380 377/376 379/378 
f 382/381 378/377 377/376 381/380 
f 362/361 368/367 383/382 379/378 
f 367/366 384/383 383/382 368/367 
f 385/384 386/385 383/382 384/383 
f 380/379 379/378 383/382 386/385 
f 374/373 373/372 387/386 388/387 
f 372/371 389/388 387/386 373/372 
f 390/389 391/390 387/386 389/388 
f 392/391 388/387 387/386 391/390 
f 372/371 376/375 393/392 389/388 
f 364/363 378/377 393/392 376/375 
f 382/381 394/393 393/392 378/377 
f 390/389 389/388 393/392 394/393 
f 382/381 381/380 395/394 396/395 
f 380/379 397/396 395/394 381/380 
f 398/397 399/398 395/394 397/396 
f 400/399 396/395 395/394 399/398 
f 380/379 386/385 401/400 397/396 
f 385/384 402/401 401/400 386/385 
f 403/402 404/403 401/400 402/401 
f 398/397 397/396 401/400 404/403 
f 392/391 391/390 405/404 406/405 
f 390/389 407/406 405/404 391/390 
f 408/407 409/408 405/404 407/406 
f 410/409 406/405 405/404 409/408 
f 390/389 394/393 411/410 407/406 
f 382/381 396/395 411/410 394/393 
f 400/399 412/411 411/410 396/395 
f 408/407 407/406 411/410 412/411 
f 400/399 399/398 413/412 414/413 
f 398/397 415/414 413/412 399/398 
f 189/189 188/188 413/412 415/414 
f 187/187 414/413 413/412 188/188 
f 398/397 404/403 416/415 415/414 
f 403/402 417/416 416/415 404/403 
s 3
f 418/417 419/418 416/415 417/416 
s 1
f 189/189 415/414 416/415 419/418 
f 410/409 409/408 420/419 421/420 
f 408/407 422/421 420/419 409/408 
f 423/422 424/423 420/419 422/421 
s 3
f 425/424 421/420 420/419 424/423 
s 1
f 408/407 412/411 426/425 422/421 
f 400/399 414/413 426/425 412/411 
f 187/187 427/426 426/425 414/413 
f 423/422 422/421 426/425 427/426 
s 3
f 423/422 427/426 428/427 429/428 
f 187/187 186/186 428/427 427/426 
s 2
f 185/185 430/429 428/427 186/186 
f 431/430 429/428 428/427 430/429 
s 3
f 432/431 433/432 434/433 435/434 
s 2
f 436/435 437/436 434/433 433/432 
f 438/437 435/434 434/433 437/436 
f 425/424 424/423 439/438 440/439 
s 3
f 423/422 441/440 439/438 424/423 
f 196/196 195/195 439/438 441/440 
s 2
f 194/194 440/439 439/438 195/195 
s 3
f 423/422 429/428 442/441 441/440 
s 2
f 431/430 443/442 442/441 429/428 
f 190/190 193/193 442/441 443/442 
s 3
f 196/196 441/440 442/441 193/193 
f 189/189 419/418 444/443 445/444 
s 2
f 418/417 446/445 444/443 419/418 
f 436/435 433/432 444/443 446/445 
s 3
f 432/431 445/444 444/443 433/432 
s 2
f 181/181 184/184 447/446 448/447 
s 3
f 189/189 445/444 447/446 184/184 
f 432/431 435/434 447/446 445/444 
s 2
f 438/437 448/447 447/446 435/434 
s 1
f 168/168 167/167 449/448 450/449 
f 51/51 49/49 449/448 167/167 
f 45/45 164/164 449/448 49/49 
f 163/163 450/449 449/448 164/164 
s 2
f 168/168 451/450 452/451 169/169 
f 453/452 454/453 452/451 451/450 
s 3
f 455/454 456/455 452/451 454/453 
f 170/170 169/169 452/451 456/455 
f 170/170 456/455 457/456 173/173 
f 455/454 458/457 457/456 456/455 
s 2
f 459/458 460/459 457/456 458/457 
f 174/174 173/173 457/456 460/459 
f 453/452 461/460 462/461 454/453 
f 463/462 464/463 462/461 461/460 
s 3
f 465/464 466/465 462/461 464/463 
f 455/454 454/453 462/461 466/465 
f 455/454 466/465 467/466 458/457 
f 465/464 468/467 467/466 466/465 
s 2
f 469/468 470/469 467/466 468/467 
f 459/458 458/457 467/466 470/469 
f 463/462 471/470 472/471 464/463 
f 473/472 474/473 472/471 471/470 
s 3
f 475/474 476/475 472/471 474/473 
f 465/464 464/463 472/471 476/475 
f 465/464 476/475 477/476 468/467 
f 475/474 478/477 477/476 476/475 
s 2
f 479/478 480/479 477/476 478/477 
f 469/468 468/467 477/476 480/479 
f 473/472 481/480 482/481 474/473 
f 483/482 484/483 482/481 481/480 
s 3
f 485/484 486/485 482/481 484/483 
f 475/474 474/473 482/481 486/485 
f 475/474 486/485 487/486 478/477 
f 485/484 488/487 487/486 486/485 
s 2
f 489/488 490/489 487/486 488/487 
f 479/478 478/477 487/486 490/489 
f 483/482 491/490 492/491 484/483 
f 493/492 494/493 492/491 491/490 
s 3
f 495/494 496/495 492/491 494/493 
f 485/484 484/483 492/491 496/495 
f 485/484 496/495 497/496 488/487 
f 495/494 498/497 497/496 496/495 
s 2
f 499/498 500/499 497/496 498/497 
f 489/488 488/487 497/496 500/499 
f 493/492 501/500 502/501 494/493 
f 503/502 504/503 502/501 501/500 
s 3
f 505/504 506/505 502/501 504/503 
f 495/494 494/493 502/501 506/505 
f 495/494 506/505 507/506 498/497 
f 505/504 508/507 507/506 506/505 
s 2
f 509/508 510/509 507/506 508/507 
f 499/498 498/497 507/506 510/509 
f 503/502 511/510 512/511 504/503 
f 513/512 514/513 512/511 511/510 
s 3
f 515/514 516/515 512/511 514/513 
f 505/504 504/503 512/511 516/515 
f 505/504 516/515 517/516 508/507 
f 515/514 518/517 517/516 516/515 
s 2
f 519/518 520/519 517/516 518/517 
f 509/508 508/507 517/516 520/519 
f 513/512 521/520 522/521 514/513 
f 523/522 524/523 522/521 521/520 
s 3
f 525/524 526/525 522/521 524/523 
f 515/514 514/513 522/521 526/525 
f 515/514 526/525 527/526 518/517 
f 525/524 528/527 527/526 526/525 
s 2
f 529/528 530/529 527/526 528/527 
f 519/518 518/517 527/526 530/529 
s 1
f 208/208 531/530 532/531 206/206 
f 533/532 534/533 532/531 531/530 
f 535/534 536/535 532/531 534/533 
f 203/203 206/206 532/531 536/535 
f 203/203 536/535 537/536 212/212 
f 535/534 538/537 537/536 536/535 
f 539/538 540/539 537/536 538/537 
f 209/209 212/212 537/536 540/539 
f 209/209 540/539 541/540 216/216 
f 539/538 542/541 541/540 540/539 
f 543/542 544/543 541/540 542/541 
f 213/213 216/216 541/540 544/543 
f 213/213 544/543 545/544 220/220 
f 543/542 546/545 545/544 544/543 
f 547/546 548/547 545/544 546/545 
f 217/217 220/220 545/544 548/547 
f 217/217 548/547 549/548 224/224 
f 547/546 550/549 549/548 548/547 
f 551/550 552/551 549/548 550/549 
f 221/221 224/224 549/548 552/551 
f 221/221 552/551 553/552 228/228 
f 551/550 554/553 553/552 552/551 
f 555/554 556/555 553/552 554/553 
f 225/225 228/228 553/552 556/555 
f 234/234 557/556 558/557 232/232 
f 559/558 560/559 558/557 557/556 
f 561/560 562/561 558/557 560/559 
f 229/229 232/232 558/557 562/561 
s 2
f 201/201 563/562 564/563 277/277 
f 565/564 566/565 564/563 563/562 
s 3
f 533/532 531/530 564/563 566/565 
f 208/208 277/277 564/563 531/530 
s 1
f 533/532 567/566 568/567 534/533 
f 569/568 570/569 568/567 567/566 
f 571/570 572/571 568/567 570/569 
f 535/534 534/533 568/567 572/571 
f 535/534 572/571 573/572 538/537 
f 571/570 574/573 573/572 572/571 
f 575/574 576/575 573/572 574/573 
f 539/538 538/537 573/572 576/575 
f 539/538 576/575 577/576 542/541 
f 575/574 578/577 577/576 576/575 
f 579/578 580/579 577/576 578/577 
f 543/542 542/541 577/576 580/579 
f 543/542 580/579 581/580 546/545 
f 579/578 582/581 581/580 580/579 
f 583/582 584/583 581/580 582/581 
f 547/546 546/545 581/580 584/583 
f 547/546 584/583 585/584 550/549 
f 583/582 586/585 585/584 584/583 
f 587/586 588/587 585/584 586/585 
f 551/550 550/549 585/584 588/587 
f 551/550 588/587 589/588 554/553 
f 587/586 590/589 589/588 588/587 
f 591/590 592/591 589/588 590/589 
f 555/554 554/553 589/588 592/591 
f 559/558 593/592 594/593 560/559 
f 595/594 596/595 594/593 593/592 
f 597/596 598/597 594/593 596/595 
f 561/560 560/559 594/593 598/597 
s 2
f 565/564 599/598 600/599 566/565 
f 601/600 602/601 600/599 599/598 
s 3
f 569/568 567/566 600/599 602/601 
f 533/532 566/565 600/599 567/566 
f 569/568 603/602 604/603 570/569 
s 2
f 605/604 606/605 604/603 603/602 
f 607/606 608/607 604/603 606/605 
s 3
f 571/570 570/569 604/603 608/607 
f 571/570 608/607 609/608 574/573 
s 2
f 607/606 610/609 609/608 608/607 
f 611/610 612/611 609/608 610/609 
s 3
f 575/574 574/573 609/608 612/611 
f 575/574 612/611 613/612 578/577 
s 2
f 611/610 614/613 613/612 612/611 
f 615/614 616/615 613/612 614/613 
s 3
f 579/578 578/577 613/612 616/615 
f 579/578 616/615 617/616 582/581 
s 2
f 615/614 618/617 617/616 616/615 
f 619/618 620/619 617/616 618/617 
s 3
f 583/582 582/581 617/616 620/619 
f 583/582 620/619 621/620 586/585 
s 2
f 619/618 622/621 621/620 620/619 
f 623/622 624/623 621/620 622/621 
s 3
f 587/586 586/585 621/620 624/623 
f 587/586 624/623 625/624 590/589 
s 2
f 623/622 626/625 625/624 624/623 
f 627/626 628/627 625/624 626/625 
s 3
f 591/590 590/589 625/624 628/627 
f 595/594 629/628 630/629 596/595 
s 2
f 631/630 632/631 630/629 629/628 
s 6
f 633/632 630/629 632/631 
s 3
f 597/596 596/595 630/629 633/632 
s 2
f 601/600 634/633 635/634 602/601 
f 636/635 637/636 635/634 634/633 
f 605/604 603/602 635/634 637/636 
s 3
f 569/568 602/601 635/634 603/602 
s 1
f 9/9 8/8 638/637 639/638 
f 7/7 640/639 638/637 8/8 
f 641/640 642/641 638/637 640/639 
f 643/642 639/638 638/637 642/641 
f 7/7 15/15 644/643 640/639 
f 14/14 645/644 644/643 15/15 
f 646/645 647/646 644/643 645/644 
f 641/640 640/639 644/643 647/646 
f 14/14 92/92 648/647 645/644 
f 96/96 649/648 648/647 92/92 
f 650/649 651/650 648/647 649/648 
f 646/645 645/644 648/647 651/650 
f 96/96 244/244 652/651 649/648 
f 243/243 653/652 652/651 244/244 
f 654/653 655/654 652/651 653/652 
f 650/649 649/648 652/651 655/654 
f 243/243 250/250 656/655 653/652 
f 249/249 657/656 656/655 250/250 
f 658/657 659/658 656/655 657/656 
f 654/653 653/652 656/655 659/658 
f 249/249 278/278 660/659 657/656 
f 9/9 639/638 660/659 278/278 
f 643/642 661/660 660/659 639/638 
f 658/657 657/656 660/659 661/660 
s 2
f 523/522 662/661 663/662 524/523 
f 664/663 665/664 663/662 662/661 
s 3
f 525/524 524/523 663/662 665/664 
f 525/524 665/664 666/665 528/527 
s 2
f 664/663 667/666 666/665 665/664 
f 529/528 528/527 666/665 667/666 
s 1
f 643/642 642/641 668/667 669/668 
f 641/640 670/669 668/667 642/641 
f 80/80 77/77 668/667 670/669 
f 76/76 669/668 668/667 77/77 
f 641/640 647/646 671/670 670/669 
f 646/645 672/671 671/670 647/646 
f 87/87 85/85 671/670 672/671 
f 80/80 670/669 671/670 85/85 
f 646/645 651/650 673/672 672/671 
f 650/649 674/673 673/672 651/650 
f 89/89 88/88 673/672 674/673 
f 87/87 672/671 673/672 88/88 
f 650/649 655/654 675/674 674/673 
f 654/653 676/675 675/674 655/654 
f 82/82 90/90 675/674 676/675 
f 89/89 674/673 675/674 90/90 
f 654/653 659/658 677/676 676/675 
f 658/657 678/677 677/676 659/658 
f 84/84 83/83 677/676 678/677 
f 82/82 676/675 677/676 83/83 
f 658/657 661/660 679/678 678/677 
f 643/642 669/668 679/678 661/660 
f 76/76 79/79 679/678 669/668 
f 84/84 678/677 679/678 79/79 
f 26/26 680/679 681/680 98/98 
f 36/36 102/102 681/680 680/679 
f 106/106 682/681 681/680 102/102 
f 99/99 98/98 681/680 682/681 
f 225/225 683/682 684/683 226/226 
f 234/234 233/233 684/683 683/682 
f 99/99 682/681 684/683 233/233 
f 106/106 226/226 684/683 682/681 
f 555/554 685/684 686/685 556/555 
f 559/558 557/556 686/685 685/684 
f 234/234 683/682 686/685 557/556 
f 225/225 556/555 686/685 683/682 
f 591/590 687/686 688/687 592/591 
f 595/594 593/592 688/687 687/686 
f 559/558 685/684 688/687 593/592 
f 555/554 592/591 688/687 685/684 
s 2
f 627/626 689/688 690/689 628/627 
f 631/630 629/628 690/689 689/688 
s 3
f 595/594 687/686 690/689 629/628 
f 591/590 628/627 690/689 687/686 
s 1
f 26/26 25/25 691/690 692/691 
f 24/24 693/692 691/690 25/25 
f 694/693 695/694 691/690 693/692 
f 696/695 692/691 691/690 695/694 
f 24/24 697/696 698/697 693/692 
f 28/28 699/698 698/697 697/696 
f 700/699 701/700 698/697 699/698 
f 694/693 693/692 698/697 701/700 
f 28/28 31/31 702/701 699/698 
f 36/36 703/702 702/701 31/31 
f 704/703 705/704 702/701 703/702 
f 700/699 699/698 702/701 705/704 
f 36/36 680/679 706/705 703/702 
f 26/26 692/691 706/705 680/679 
f 696/695 707/706 706/705 692/691 
f 704/703 703/702 706/705 707/706 
f 24/24 150/150 708/707 709/708 
f 149/149 710/709 708/707 150/150 
f 711/710 712/711 708/707 710/709 
f 713/712 709/708 708/707 712/711 
f 149/149 714/713 715/714 710/709 
f 151/151 716/715 715/714 714/713 
f 717/716 718/717 715/714 716/715 
f 711/710 710/709 715/714 718/717 
f 151/151 154/154 719/718 716/715 
f 28/28 720/719 719/718 154/154 
f 721/720 722/721 719/718 720/719 
f 717/716 716/715 719/718 722/721 
f 28/28 697/696 723/722 720/719 
f 24/24 709/708 723/722 697/696 
f 713/712 724/723 723/722 709/708 
f 721/720 720/719 723/722 724/723 
f 704/724 707/725 725/726 726/727 
f 696/728 727/729 725/726 707/725 
f 728/730 729/731 725/726 727/729 
f 730/732 726/727 725/726 729/731 
f 730/732 729/731 731/733 732/734 
f 728/730 733/735 731/733 729/731 
f 734/736 735/737 731/733 733/735 
f 736/738 732/734 731/733 735/737 
f 736/738 735/737 737/739 738/740 
f 734/736 739/741 737/739 735/737 
f 740/742 741/743 737/739 739/741 
f 742/744 738/740 737/739 741/743 
f 742/744 741/743 743/745 744/746 
f 740/742 745/747 743/745 741/743 
f 746/748 747/749 743/745 745/747 
f 748/750 744/746 743/745 747/749 
f 748/750 747/749 749/751 750/752 
f 746/748 751/753 749/751 747/749 
s 7
f 752/754 753/755 749/751 751/753 
f 754/756 750/752 749/751 753/755 
s 1
f 700/757 755/758 756/759 701/760 
f 757/761 758/762 756/759 755/758 
f 759/763 760/764 756/759 758/762 
f 694/765 701/760 756/759 760/764 
f 757/761 761/766 762/767 758/762 
f 763/768 764/769 762/767 761/766 
f 765/770 766/771 762/767 764/769 
f 759/763 758/762 762/767 766/771 
f 763/768 767/772 768/773 764/769 
f 769/774 770/775 768/773 767/772 
f 771/776 772/777 768/773 770/775 
f 765/770 764/769 768/773 772/777 
f 769/774 773/778 774/779 770/775 
f 775/780 776/781 774/779 773/778 
f 777/782 778/783 774/779 776/781 
f 771/776 770/775 774/779 778/783 
f 775/780 779/784 780/785 776/781 
s 7
f 781/786 782/787 780/785 779/784 
f 783/788 784/789 780/785 782/787 
s 1
f 777/782 776/781 780/785 784/789 
f 704/724 726/727 785/790 705/791 
f 730/732 786/792 785/790 726/727 
f 757/761 755/758 785/790 786/792 
f 700/757 705/791 785/790 755/758 
f 730/732 732/734 787/793 786/792 
f 736/738 788/794 787/793 732/734 
f 763/768 761/766 787/793 788/794 
f 757/761 786/792 787/793 761/766 
f 736/738 738/740 789/795 788/794 
f 742/744 790/796 789/795 738/740 
f 769/774 767/772 789/795 790/796 
f 763/768 788/794 789/795 767/772 
f 742/744 744/746 791/797 790/796 
f 748/750 792/798 791/797 744/746 
f 775/780 773/778 791/797 792/798 
f 769/774 790/796 791/797 773/778 
s 3
f 748/750 750/752 793/799 792/798 
s 2
f 754/756 794/800 793/799 750/752 
f 781/786 779/784 793/799 794/800 
s 3
f 775/780 792/798 793/799 779/784 
s 4
f 754/756 753/755 795/801 794/800 
f 752/754 796/802 795/801 753/755 
f 783/788 782/787 795/801 796/802 
f 781/786 794/800 795/801 782/787 
s 2
f 752/754 751/753 797/803 796/802 
s 3
f 746/748 798/804 797/803 751/753 
f 777/782 784/789 797/803 798/804 
s 2
f 783/788 796/802 797/803 784/789 
s 1
f 746/748 745/747 799/805 798/804 
f 740/742 800/806 799/805 745/747 
f 771/776 778/783 799/805 800/806 
f 777/782 798/804 799/805 778/783 
f 740/742 739/741 801/807 800/806 
f 734/736 802/808 801/807 739/741 
f 765/770 772/777 801/807 802/808 
f 771/776 800/806 801/807 772/777 
f 734/736 733/735 803/809 802/808 
f 728/730 804/810 803/809 733/735 
f 759/763 766/771 803/809 804/810 
f 765/770 802/808 803/809 766/771 
f 728/730 727/729 805/811 804/810 
f 696/728 695/812 805/811 727/729 
f 694/765 760/764 805/811 695/812 
f 759/763 804/810 805/811 760/764 
f 806/813 807/814 808/815 809/816 
f 810/817 811/818 808/815 807/814 
f 812/819 813/820 808/815 811/818 
f 814/821 809/816 808/815 813/820 
f 814/821 813/820 815/822 816/823 
f 812/819 817/824 815/822 813/820 
f 818/825 819/826 815/822 817/824 
f 820/827 816/823 815/822 819/826 
f 820/827 819/826 821/828 822/829 
f 818/825 823/830 821/828 819/826 
f 824/831 825/832 821/828 823/830 
f 826/833 822/829 821/828 825/832 
f 826/833 825/832 827/834 828/835 
f 824/831 829/836 827/834 825/832 
f 830/837 831/838 827/834 829/836 
f 832/839 828/835 827/834 831/838 
f 832/839 831/838 833/840 834/841 
f 830/837 835/842 833/840 831/838 
f 836/843 837/844 833/840 835/842 
f 838/845 834/841 833/840 837/844 
f 839/846 840/847 841/848 842/849 
f 843/850 844/851 841/848 840/847 
f 845/852 846/853 841/848 844/851 
f 847/854 842/849 841/848 846/853 
f 843/850 848/855 849/856 844/851 
f 850/857 851/858 849/856 848/855 
f 852/859 853/860 849/856 851/858 
f 845/852 844/851 849/856 853/860 
f 850/857 854/861 855/862 851/858 
f 856/863 857/864 855/862 854/861 
f 858/865 859/866 855/862 857/864 
f 852/859 851/858 855/862 859/866 
f 856/863 860/867 861/868 857/864 
f 862/869 863/870 861/868 860/867 
f 864/871 865/872 861/868 863/870 
f 858/865 857/864 861/868 865/872 
f 862/869 866/873 867/874 863/870 
f 868/875 869/876 867/874 866/873 
f 870/877 871/878 867/874 869/876 
f 864/871 863/870 867/874 871/878 
f 806/813 809/816 872/879 873/880 
f 814/821 874/881 872/879 809/816 
f 843/850 840/847 872/879 874/881 
f 839/846 873/880 872/879 840/847 
f 814/821 816/823 875/882 874/881 
f 820/827 876/883 875/882 816/823 
f 850/857 848/855 875/882 876/883 
f 843/850 874/881 875/882 848/855 
f 820/827 822/829 877/884 876/883 
f 826/833 878/885 877/884 822/829 
f 856/863 854/861 877/884 878/885 
f 850/857 876/883 877/884 854/861 
f 826/833 828/835 879/886 878/885 
f 832/839 880/887 879/886 828/835 
f 862/869 860/867 879/886 880/887 
f 856/863 878/885 879/886 860/867 
f 832/839 834/841 881/888 880/887 
f 838/845 882/889 881/888 834/841 
f 868/875 866/873 881/888 882/889 
f 862/869 880/887 881/888 866/873 
f 883/890 884/891 885/892 886/893 
f 887/894 888/895 885/892 884/891 
f 889/896 890/897 885/892 888/895 
f 891/898 886/893 885/892 890/897 
f 836/843 835/842 892/899 893/900 
f 830/837 894/901 892/899 835/842 
f 864/871 871/878 892/899 894/901 
f 870/877 893/900 892/899 871/878 
f 830/837 829/836 895/902 894/901 
f 824/831 896/903 895/902 829/836 
f 858/865 865/872 895/902 896/903 
f 864/871 894/901 895/902 865/872 
f 824/831 823/830 897/904 896/903 
f 818/825 898/905 897/904 823/830 
f 852/859 859/866 897/904 898/905 
f 858/865 896/903 897/904 859/866 
f 818/825 817/824 899/906 898/905 
f 812/819 900/907 899/906 817/824 
f 845/852 853/860 899/906 900/907 
f 852/859 898/905 899/906 853/860 
f 812/819 811/818 901/908 900/907 
f 810/817 902/909 901/908 811/818 
f 847/854 846/853 901/908 902/909 
f 845/852 900/907 901/908 846/853 
f 838/845 837/844 903/910 904/911 
f 836/843 905/912 903/910 837/844 
f 906/913 907/914 903/910 905/912 
f 908/915 904/911 903/910 907/914 
f 836/843 893/900 909/916 905/912 
f 870/877 910/917 909/916 893/900 
f 911/918 912/919 909/916 910/917 
f 906/913 905/912 909/916 912/919 
f 870/877 869/876 913/920 910/917 
f 868/875 914/921 913/920 869/876 
f 915/922 916/923 913/920 914/921 
f 911/918 910/917 913/920 916/923 
f 868/875 882/889 917/924 914/921 
f 838/845 904/911 917/924 882/889 
f 908/915 918/925 917/924 904/911 
f 915/922 914/921 917/924 918/925 
f 908/915 907/914 919/926 920/927 
f 906/913 921/928 919/926 907/914 
f 887/894 884/891 919/926 921/928 
f 883/890 920/927 919/926 884/891 
f 906/913 912/919 922/929 921/928 
f 911/918 923/930 922/929 912/919 
f 889/896 888/895 922/929 923/930 
f 887/894 921/928 922/929 888/895 
f 911/918 916/923 924/931 923/930 
f 915/922 925/932 924/931 916/923 
f 891/898 890/897 924/931 925/932 
f 889/896 923/930 924/931 890/897 
f 915/922 918/925 926/933 925/932 
f 908/915 920/927 926/933 918/925 
f 883/890 886/893 926/933 920/927 
f 891/898 925/932 926/933 886/893 
f 810/817 807/814 927/934 928/935 
f 806/813 929/936 927/934 807/814 
f 717/937 722/938 927/934 929/936 
f 721/939 928/935 927/934 722/938 
f 806/813 873/880 930/940 929/936 
f 839/846 931/941 930/940 873/880 
f 711/942 718/943 930/940 931/941 
f 717/937 929/936 930/940 718/943 
f 839/846 842/849 932/944 931/941 
f 847/854 933/945 932/944 842/849 
f 713/946 712/947 932/944 933/945 
f 711/942 931/941 932/944 712/947 
f 847/854 902/909 934/948 933/945 
f 810/817 928/935 934/948 902/909 
f 721/939 724/949 934/948 928/935 
f 713/946 933/945 934/948 724/949 
f 935/950 936/950 937/951 938/952 
f 9/9 939/953 937/951 936/950 
f 293/293 290/290 937/951 939/953 
f 289/289 938/952 937/951 290/290 
f 9/9 280/280 940/954 939/953 
f 284/284 941/955 940/954 280/280 
f 295/295 294/294 940/954 941/955 
f 293/293 939/953 940/954 294/294 
f 284/284 299/299 942/956 941/955 
f 257/257 943/957 942/956 299/299 
f 308/308 307/307 942/956 943/957 
f 295/295 941/955 942/956 307/307 
f 257/257 256/256 944/958 943/957 
f 255/255 945/959 944/958 256/256 
f 310/310 309/309 944/958 945/959 
f 308/308 943/957 944/958 309/309 
f 9/9 936/950 946/960 947/961 
f 935/950 948/960 946/960 936/950 
f 321/318 318/318 946/960 948/960 
f 317/317 947/961 946/960 318/318 
f 260/260 263/263 949/962 950/963 
f 268/268 951/350 949/962 263/263 
f 354/353 353/352 949/962 951/350 
f 352/351 950/963 949/962 353/352 
f 268/268 348/347 952/964 951/350 
f 333/332 953/965 952/964 348/347 
f 341/340 350/349 952/964 953/965 
f 354/353 951/350 952/964 350/349 
f 333/332 332/331 954/966 953/965 
f 314/314 955/967 954/966 332/331 
f 325/324 337/336 954/966 955/967 
f 341/340 953/965 954/966 337/336 
f 314/314 313/313 956/968 955/967 
f 9/9 947/961 956/968 313/313 
f 317/317 320/320 956/968 947/961 
f 325/324 955/967 956/968 320/320 
f 957/1 958/4 959/3 960/2 
f 961/9 962/8 959/3 958/4 
f 963/7 964/6 959/3 962/8 
f 965/5 960/2 959/3 964/6 
f 965/5 964/6 966/11 967/10 
f 963/7 968/15 966/11 964/6 
f 969/14 970/13 966/11 968/15 
f 971/12 967/10 966/11 970/13 
f 971/12 970/13 972/17 973/16 
f 969/14 974/21 972/17 970/13 
f 975/20 976/19 972/17 974/21 
f 977/18 973/16 972/17 976/19 
f 977/18 976/19 978/23 979/22 
f 975/20 980/27 978/23 976/19 
f 981/26 982/25 978/23 980/27 
f 983/24 979/22 978/23 982/25 
f 984/28 985/31 986/30 987/29 
f 988/36 989/35 986/30 985/31 
f 990/34 991/33 986/30 989/35 
f 992/32 987/29 986/30 991/33 
f 992/32 991/33 993/38 994/37 
f 990/34 995/42 993/38 991/33 
f 996/41 997/40 993/38 995/42 
f 998/39 994/37 993/38 997/40 
f 998/39 997/40 999/44 1000/43 
f 996/41 1001/48 999/44 997/40 
f 1002/47 1003/46 999/44 1001/48 
f 1004/45 1000/43 999/44 1003/46 
f 1004/45 1003/46 1005/50 1006/49 
f 1002/47 1007/54 1005/50 1003/46 
f 1008/53 1009/52 1005/50 1007/54 
f 1010/51 1006/49 1005/50 1009/52 
f 1010/51 1009/52 1011/56 1012/55 
f 1008/53 1013/60 1011/56 1009/52 
f 1014/59 1015/58 1011/56 1013/60 
f 1016/57 1012/55 1011/56 1015/58 
f 1016/57 1015/58 1017/62 1018/61 
f 1014/59 1019/66 1017/62 1015/58 
f 1020/65 1021/64 1017/62 1019/66 
f 1022/63 1018/61 1017/62 1021/64 
f 1023/67 1024/70 1025/69 1026/68 
f 1027/75 1028/74 1025/69 1024/70 
f 1029/73 1030/72 1025/69 1028/74 
f 1031/71 1026/68 1025/69 1030/72 
f 1032/76 1033/79 1034/78 1035/77 
f 1036/84 1037/83 1034/78 1033/79 
f 1038/82 1039/81 1034/78 1037/83 
f 1040/80 1035/77 1034/78 1039/81 
f 1040/80 1039/81 1041/86 1042/85 
f 1038/82 1043/90 1041/86 1039/81 
f 1044/89 1045/88 1041/86 1043/90 
f 1046/87 1042/85 1041/86 1045/88 
f 969/14 1047/92 1048/91 974/21 
f 1049/96 1050/95 1048/91 1047/92 
f 1051/94 1052/93 1048/91 1050/95 
f 975/20 974/21 1048/91 1052/93 
f 975/20 1052/93 1053/97 980/27 
f 1051/94 1054/100 1053/97 1052/93 
f 1055/99 1056/98 1053/97 1054/100 
f 981/26 980/27 1053/97 1056/98 
f 988/36 1057/102 1058/101 989/35 
f 1059/106 1060/105 1058/101 1057/102 
f 1061/104 1062/103 1058/101 1060/105 
f 990/34 989/35 1058/101 1062/103 
f 990/34 1062/103 1063/107 995/42 
f 1061/104 1064/110 1063/107 1062/103 
f 1065/109 1066/108 1063/107 1064/110 
f 996/41 995/42 1063/107 1066/108 
f 996/41 1066/108 1067/111 1001/48 
f 1065/109 1068/114 1067/111 1066/108 
f 1069/113 1070/112 1067/111 1068/114 
f 1002/47 1001/48 1067/111 1070/112 
f 1002/47 1070/112 1071/115 1007/54 
f 1069/113 1072/118 1071/115 1070/112 
f 1073/117 1074/116 1071/115 1072/118 
f 1008/53 1007/54 1071/115 1074/116 
f 1008/53 1074/116 1075/119 1013/60 
f 1073/117 1076/122 1075/119 1074/116 
f 1077/121 1078/120 1075/119 1076/122 
f 1014/59 1013/60 1075/119 1078/120 
f 1014/59 1078/120 1079/123 1019/66 
f 1077/121 1080/126 1079/123 1078/120 
f 1081/125 1082/124 1079/123 1080/126 
f 1020/65 1019/66 1079/123 1082/124 
f 1027/75 1083/128 1084/127 1028/74 
f 1085/132 1086/131 1084/127 1083/128 
f 1087/130 1088/129 1084/127 1086/131 
f 1029/73 1028/74 1084/127 1088/129 
f 133/133 1089/136 1090/135 134/134 
f 957/1 960/2 1090/135 1089/136 
f 965/5 1091/138 1090/135 960/2 
f 137/137 134/134 1090/135 1091/138 
f 137/137 1091/138 1092/140 139/139 
f 965/5 967/10 1092/140 1091/138 
f 971/12 1093/142 1092/140 967/10 
f 141/141 139/139 1092/140 1093/142 
f 141/141 1093/142 1094/144 143/143 
f 971/12 973/16 1094/144 1093/142 
f 977/18 1095/146 1094/144 973/16 
f 145/145 143/143 1094/144 1095/146 
f 145/145 1095/146 1096/148 147/147 
f 977/18 979/22 1096/148 1095/146 
f 983/24 1097/150 1096/148 979/22 
f 149/149 147/147 1096/148 1097/150 
f 151/151 1098/154 1099/153 152/152 
f 984/28 987/29 1099/153 1098/154 
f 992/32 1100/156 1099/153 987/29 
f 155/155 152/152 1099/153 1100/156 
f 155/155 1100/156 1101/158 157/157 
f 992/32 994/37 1101/158 1100/156 
f 998/39 1102/160 1101/158 994/37 
f 159/159 157/157 1101/158 1102/160 
f 159/159 1102/160 1103/162 161/161 
f 998/39 1000/43 1103/162 1102/160 
f 1004/45 1104/164 1103/162 1000/43 
f 163/163 161/161 1103/162 1104/164 
f 1016/57 1105/166 1106/165 1012/55 
f 1107/170 1108/169 1106/165 1105/166 
s 5
f 168/168 1109/167 1106/165 1108/169 
s 1
f 1010/51 1012/55 1106/165 1109/167 
f 1022/63 1110/172 1111/171 1018/61 
s 5
f 174/174 1112/173 1111/171 1110/172 
s 1
f 1107/170 1105/166 1111/171 1112/173 
f 1016/57 1018/61 1111/171 1105/166 
f 175/175 1113/178 1114/177 176/176 
f 1023/67 1026/68 1114/177 1113/178 
f 1031/71 1115/180 1114/177 1026/68 
f 179/179 176/176 1114/177 1115/180 
s 4
f 181/181 1116/184 1117/183 182/182 
s 5
f 1118/189 1119/188 1117/183 1116/184 
f 1120/187 1121/186 1117/183 1119/188 
s 4
f 185/185 182/182 1117/183 1121/186 
f 190/190 1122/193 1123/192 191/191 
s 5
f 1124/196 1125/195 1123/192 1122/193 
s 4
f 194/194 191/191 1123/192 1125/195 
s 1
f 197/197 1126/200 1127/199 198/198 
f 1087/130 1086/131 1127/199 1126/200 
f 1085/132 1128/202 1127/199 1086/131 
f 201/201 198/198 1127/199 1128/202 
f 1129/203 1130/206 1131/205 1132/204 
f 1133/208 1134/207 1131/205 1130/206 
f 1081/125 1080/126 1131/205 1134/207 
f 1077/121 1132/204 1131/205 1080/126 
f 1135/209 1136/212 1137/211 1138/210 
f 1129/203 1132/204 1137/211 1136/212 
f 1077/121 1076/122 1137/211 1132/204 
f 1073/117 1138/210 1137/211 1076/122 
f 1139/213 1140/216 1141/215 1142/214 
f 1135/209 1138/210 1141/215 1140/216 
f 1073/117 1072/118 1141/215 1138/210 
f 1069/113 1142/214 1141/215 1072/118 
f 1143/217 1144/220 1145/219 1146/218 
f 1139/213 1142/214 1145/219 1144/220 
f 1069/113 1068/114 1145/219 1142/214 
f 1065/109 1146/218 1145/219 1068/114 
f 1147/221 1148/224 1149/223 1150/222 
f 1143/217 1146/218 1149/223 1148/224 
f 1065/109 1064/110 1149/223 1146/218 
f 1061/104 1150/222 1149/223 1064/110 
f 1151/225 1152/228 1153/227 1154/226 
f 1147/221 1150/222 1153/227 1152/228 
f 1061/104 1060/105 1153/227 1150/222 
f 1059/106 1154/226 1153/227 1060/105 
f 229/229 1155/232 1156/231 1157/230 
f 1158/234 1159/233 1156/231 1155/232 
f 1055/99 1054/100 1156/231 1159/233 
f 1051/94 1157/230 1156/231 1054/100 
f 229/229 1157/230 1160/237 238/238 
f 1051/94 1050/95 1160/237 1157/230 
f 1049/96 1161/236 1160/237 1050/95 
f 235/235 238/238 1160/237 1161/236 
f 235/235 1161/236 1162/240 239/239 
f 1049/96 1163/244 1162/240 1161/236 
f 1164/243 1165/242 1162/240 1163/244 
f 241/241 239/239 1162/240 1165/242 
f 241/241 1165/242 1166/246 245/245 
f 1164/243 1167/250 1166/246 1165/242 
f 1168/249 1169/248 1166/246 1167/250 
f 247/247 245/245 1166/246 1169/248 
f 251/251 1170/254 1171/253 252/252 
f 1172/259 1173/258 1171/253 1170/254 
f 1174/257 1175/256 1171/253 1173/258 
f 255/255 252/252 1171/253 1175/256 
f 260/260 1176/263 1177/262 261/261 
f 1178/268 1179/267 1177/262 1176/263 
f 1180/266 1181/265 1177/262 1179/267 
f 264/264 261/261 1177/262 1181/265 
f 1022/63 1021/64 1182/270 1183/269 
f 1020/65 1184/271 1182/270 1021/64 
f 1027/75 1024/70 1182/270 1184/271 
f 1023/67 1183/269 1182/270 1024/70 
f 1020/65 1082/124 1185/272 1184/271 
f 1081/125 1186/273 1185/272 1082/124 
f 1085/132 1083/128 1185/272 1186/273 
f 1027/75 1184/271 1185/272 1083/128 
f 175/175 275/275 1187/274 1113/178 
f 174/174 1110/172 1187/274 275/275 
f 1022/63 1183/269 1187/274 1110/172 
f 1023/67 1113/178 1187/274 1183/269 
f 1133/208 1188/277 1189/276 1134/207 
s 5
f 201/201 1128/202 1189/276 1188/277 
s 1
f 1085/132 1186/273 1189/276 1128/202 
f 1081/125 1134/207 1189/276 1186/273 
f 961/9 1190/280 1191/279 1192/278 
f 1193/284 1194/283 1191/279 1190/280 
f 1195/282 1196/281 1191/279 1194/283 
f 1168/249 1192/278 1191/279 1196/281 
f 1168/249 1196/281 1197/285 1169/248 
f 1195/282 1198/288 1197/285 1196/281 
f 287/287 286/286 1197/285 1198/288 
f 247/247 1169/248 1197/285 286/286 
f 289/289 292/292 1199/291 1200/290 
f 297/297 1201/296 1199/291 292/292 
f 1202/295 1203/294 1199/291 1201/296 
f 1204/293 1200/290 1199/291 1203/294 
f 1193/284 1205/299 1206/298 1194/283 
f 1174/257 1173/258 1206/298 1205/299 
f 1172/259 1207/300 1206/298 1173/258 
f 1195/282 1194/283 1206/298 1207/300 
f 1195/282 1207/300 1208/301 1198/288 
f 1172/259 1209/304 1208/301 1207/300 
f 303/303 302/302 1208/301 1209/304 
f 287/287 1198/288 1208/301 302/302 
f 297/297 306/306 1210/305 1201/296 
f 310/310 1211/309 1210/305 306/306 
f 1212/308 1213/307 1210/305 1211/309 
f 1202/295 1201/296 1210/305 1213/307 
f 957/1 1214/312 1215/311 958/4 
f 1216/316 1217/315 1215/311 1214/312 
f 1218/314 1219/313 1215/311 1217/315 
f 961/9 958/4 1215/311 1219/313 
f 1220/317 1221/320 1222/319 1223/318 
f 1224/324 1225/323 1222/319 1221/320 
f 323/322 322/321 1222/319 1225/323 
f 321/318 1223/318 1222/319 322/321 
f 133/133 327/326 1226/325 1089/136 
f 329/328 1227/327 1226/325 327/326 
f 1216/316 1214/312 1226/325 1227/327 
f 957/1 1089/136 1226/325 1214/312 
f 1216/316 1228/330 1229/329 1217/315 
f 1230/334 1231/333 1229/329 1228/330 
f 1232/332 1233/331 1229/329 1231/333 
f 1218/314 1217/315 1229/329 1233/331 
f 1224/324 1234/336 1235/335 1225/323 
f 1236/340 1237/339 1235/335 1234/336 
f 339/338 338/337 1235/335 1237/339 
f 323/322 1225/323 1235/335 338/337 
f 329/328 343/342 1238/341 1227/327 
f 345/344 1239/343 1238/341 343/342 
f 1230/334 1228/330 1238/341 1239/343 
f 1216/316 1227/327 1238/341 1228/330 
f 1230/334 1240/346 1241/345 1231/333 
f 1180/266 1179/267 1241/345 1240/346 
f 1178/268 1242/347 1241/345 1179/267 
f 1232/332 1231/333 1241/345 1242/347 
f 1236/340 1243/349 1244/348 1237/339 
f 1245/353 1246/352 1244/348 1243/349 
f 352/351 351/350 1244/348 1246/352 
f 339/338 1237/339 1244/348 351/350 
f 345/344 356/355 1247/354 1239/343 
f 264/264 1181/265 1247/354 356/355 
f 1180/266 1240/346 1247/354 1181/265 
f 1230/334 1239/343 1247/354 1240/346 
f 1172/259 1170/254 1248/356 1209/304 
f 251/251 358/357 1248/356 1170/254 
f 303/303 1209/304 1248/356 358/357 
f 1029/73 1249/359 1250/358 1030/72 
f 1251/363 1252/362 1250/358 1249/359 
f 1253/361 1254/360 1250/358 1252/362 
f 1031/71 1030/72 1250/358 1254/360 
f 1031/71 1254/360 1255/364 1115/180 
f 1253/361 1256/367 1255/364 1254/360 
f 367/366 366/365 1255/364 1256/367 
f 179/179 1115/180 1255/364 366/365 
f 197/197 370/369 1257/368 1126/200 
f 374/373 1258/372 1257/368 370/369 
f 1259/371 1260/370 1257/368 1258/372 
f 1087/130 1126/200 1257/368 1260/370 
f 1087/130 1260/370 1261/374 1088/129 
f 1259/371 1262/375 1261/374 1260/370 
f 1251/363 1249/359 1261/374 1262/375 
f 1029/73 1088/129 1261/374 1249/359 
f 1251/363 1263/377 1264/376 1252/362 
f 1265/381 1266/380 1264/376 1263/377 
f 1267/379 1268/378 1264/376 1266/380 
f 1253/361 1252/362 1264/376 1268/378 
f 1253/361 1268/378 1269/382 1256/367 
f 1267/379 1270/385 1269/382 1268/378 
f 385/384 384/383 1269/382 1270/385 
f 367/366 1256/367 1269/382 384/383 
f 374/373 388/387 1271/386 1258/372 
f 392/391 1272/390 1271/386 388/387 
f 1273/389 1274/388 1271/386 1272/390 
f 1259/371 1258/372 1271/386 1274/388 
f 1259/371 1274/388 1275/392 1262/375 
f 1273/389 1276/393 1275/392 1274/388 
f 1265/381 1263/377 1275/392 1276/393 
f 1251/363 1262/375 1275/392 1263/377 
f 1265/381 1277/395 1278/394 1266/380 
f 1279/399 1280/398 1278/394 1277/395 
f 1281/397 1282/396 1278/394 1280/398 
f 1267/379 1266/380 1278/394 1282/396 
f 1267/379 1282/396 1283/400 1270/385 
f 1281/397 1284/403 1283/400 1282/396 
f 403/402 402/401 1283/400 1284/403 
f 385/384 1270/385 1283/400 402/401 
f 392/391 406/405 1285/404 1272/390 
f 410/409 1286/408 1285/404 406/405 
f 1287/407 1288/406 1285/404 1286/408 
f 1273/389 1272/390 1285/404 1288/406 
f 1273/389 1288/406 1289/410 1276/393 
f 1287/407 1290/411 1289/410 1288/406 
f 1279/399 1277/395 1289/410 1290/411 
f 1265/381 1276/393 1289/410 1277/395 
f 1279/399 1291/413 1292/412 1280/398 
f 1120/187 1119/188 1292/412 1291/413 
f 1118/189 1293/414 1292/412 1119/188 
f 1281/397 1280/398 1292/412 1293/414 
f 1281/397 1293/414 1294/415 1284/403 
f 1118/189 1295/418 1294/415 1293/414 
s 5
f 418/417 417/416 1294/415 1295/418 
s 1
f 403/402 1284/403 1294/415 417/416 
f 410/409 421/420 1296/419 1286/408 
s 5
f 425/424 1297/423 1296/419 421/420 
s 1
f 1298/422 1299/421 1296/419 1297/423 
f 1287/407 1286/408 1296/419 1299/421 
f 1287/407 1299/421 1300/425 1290/411 
f 1298/422 1301/426 1300/425 1299/421 
f 1120/187 1291/413 1300/425 1301/426 
f 1279/399 1290/411 1300/425 1291/413 
s 5
f 1298/422 1302/428 1303/427 1301/426 
s 4
f 431/430 430/429 1303/427 1302/428 
f 185/185 1121/186 1303/427 430/429 
s 5
f 1120/187 1301/426 1303/427 1121/186 
f 1304/431 1305/434 1306/433 1307/432 
s 4
f 438/437 437/436 1306/433 1305/434 
f 436/435 1307/432 1306/433 437/436 
f 425/424 440/439 1308/438 1297/423 
f 194/194 1125/195 1308/438 440/439 
s 5
f 1124/196 1309/440 1308/438 1125/195 
f 1298/422 1297/423 1308/438 1309/440 
f 1298/422 1309/440 1310/441 1302/428 
f 1124/196 1122/193 1310/441 1309/440 
s 4
f 190/190 443/442 1310/441 1122/193 
f 431/430 1302/428 1310/441 443/442 
s 5
f 1118/189 1311/444 1312/443 1295/418 
f 1304/431 1307/432 1312/443 1311/444 
s 4
f 436/435 446/445 1312/443 1307/432 
f 418/417 1295/418 1312/443 446/445 
f 181/181 448/447 1313/446 1116/184 
f 438/437 1305/434 1313/446 448/447 
s 5
f 1304/431 1311/444 1313/446 1305/434 
f 1118/189 1116/184 1313/446 1311/444 
s 1
f 163/163 1104/164 1314/448 450/449 
f 1004/45 1006/49 1314/448 1104/164 
f 1010/51 1109/167 1314/448 1006/49 
f 168/168 450/449 1314/448 1109/167 
s 4
f 168/168 1108/169 1315/451 451/450 
s 5
f 1107/170 1316/455 1315/451 1108/169 
f 1317/454 1318/453 1315/451 1316/455 
s 4
f 453/452 451/450 1315/451 1318/453 
s 5
f 1107/170 1112/173 1319/456 1316/455 
s 4
f 174/174 460/459 1319/456 1112/173 
f 459/458 1320/457 1319/456 460/459 
s 5
f 1317/454 1316/455 1319/456 1320/457 
s 4
f 453/452 1318/453 1321/461 461/460 
s 5
f 1317/454 1322/465 1321/461 1318/453 
f 1323/464 1324/463 1321/461 1322/465 
s 4
f 463/462 461/460 1321/461 1324/463 
s 5
f 1317/454 1320/457 1325/466 1322/465 
s 4
f 459/458 470/469 1325/466 1320/457 
f 469/468 1326/467 1325/466 470/469 
s 5
f 1323/464 1322/465 1325/466 1326/467 
s 4
f 463/462 1324/463 1327/471 471/470 
s 5
f 1323/464 1328/475 1327/471 1324/463 
f 1329/474 1330/473 1327/471 1328/475 
s 4
f 473/472 471/470 1327/471 1330/473 
s 5
f 1323/464 1326/467 1331/476 1328/475 
s 4
f 469/468 480/479 1331/476 1326/467 
f 479/478 1332/477 1331/476 480/479 
s 5
f 1329/474 1328/475 1331/476 1332/477 
s 4
f 473/472 1330/473 1333/481 481/480 
s 5
f 1329/474 1334/485 1333/481 1330/473 
f 1335/484 1336/483 1333/481 1334/485 
s 4
f 483/482 481/480 1333/481 1336/483 
s 5
f 1329/474 1332/477 1337/486 1334/485 
s 4
f 479/478 490/489 1337/486 1332/477 
f 489/488 1338/487 1337/486 490/489 
s 5
f 1335/484 1334/485 1337/486 1338/487 
s 4
f 483/482 1336/483 1339/491 491/490 
s 5
f 1335/484 1340/495 1339/491 1336/483 
f 1341/494 1342/493 1339/491 1340/495 
s 4
f 493/492 491/490 1339/491 1342/493 
s 5
f 1335/484 1338/487 1343/496 1340/495 
s 4
f 489/488 500/499 1343/496 1338/487 
f 499/498 1344/497 1343/496 500/499 
s 5
f 1341/494 1340/495 1343/496 1344/497 
s 4
f 493/492 1342/493 1345/501 501/500 
s 5
f 1341/494 1346/505 1345/501 1342/493 
f 1347/504 1348/503 1345/501 1346/505 
s 4
f 503/502 501/500 1345/501 1348/503 
s 5
f 1341/494 1344/497 1349/506 1346/505 
s 4
f 499/498 510/509 1349/506 1344/497 
f 509/508 1350/507 1349/506 510/509 
s 5
f 1347/504 1346/505 1349/506 1350/507 
s 4
f 503/502 1348/503 1351/511 511/510 
s 5
f 1347/504 1352/515 1351/511 1348/503 
f 1353/514 1354/513 1351/511 1352/515 
s 4
f 513/512 511/510 1351/511 1354/513 
s 5
f 1347/504 1350/507 1355/516 1352/515 
s 4
f 509/508 520/519 1355/516 1350/507 
f 519/518 1356/517 1355/516 520/519 
s 5
f 1353/514 1352/515 1355/516 1356/517 
s 4
f 513/512 1354/513 1357/521 521/520 
s 5
f 1353/514 1358/525 1357/521 1354/513 
f 1359/524 1360/523 1357/521 1358/525 
s 4
f 523/522 521/520 1357/521 1360/523 
s 5
f 1353/514 1356/517 1361/526 1358/525 
s 4
f 519/518 530/529 1361/526 1356/517 
f 529/528 1362/527 1361/526 530/529 
s 5
f 1359/524 1358/525 1361/526 1362/527 
s 1
f 1133/208 1130/206 1363/531 1364/530 
f 1129/203 1365/535 1363/531 1130/206 
f 1366/534 1367/533 1363/531 1365/535 
f 1368/532 1364/530 1363/531 1367/533 
f 1129/203 1136/212 1369/536 1365/535 
f 1135/209 1370/539 1369/536 1136/212 
f 1371/538 1372/537 1369/536 1370/539 
f 1366/534 1365/535 1369/536 1372/537 
f 1135/209 1140/216 1373/540 1370/539 
f 1139/213 1374/543 1373/540 1140/216 
f 1375/542 1376/541 1373/540 1374/543 
f 1371/538 1370/539 1373/540 1376/541 
f 1139/213 1144/220 1377/544 1374/543 
f 1143/217 1378/547 1377/544 1144/220 
f 1379/546 1380/545 1377/544 1378/547 
f 1375/542 1374/543 1377/544 1380/545 
f 1143/217 1148/224 1381/548 1378/547 
f 1147/221 1382/551 1381/548 1148/224 
f 1383/550 1384/549 1381/548 1382/551 
f 1379/546 1378/547 1381/548 1384/549 
f 1147/221 1152/228 1385/552 1382/551 
f 1151/225 1386/555 1385/552 1152/228 
f 1387/554 1388/553 1385/552 1386/555 
f 1383/550 1382/551 1385/552 1388/553 
f 1158/234 1155/232 1389/557 1390/556 
f 229/229 562/561 1389/557 1155/232 
f 561/560 1391/559 1389/557 562/561 
f 1392/558 1390/556 1389/557 1391/559 
s 4
f 201/201 1188/277 1393/563 563/562 
s 5
f 1133/208 1364/530 1393/563 1188/277 
f 1368/532 1394/565 1393/563 1364/530 
s 4
f 565/564 563/562 1393/563 1394/565 
s 1
f 1368/532 1367/533 1395/567 1396/566 
f 1366/534 1397/571 1395/567 1367/533 
f 1398/570 1399/569 1395/567 1397/571 
f 1400/568 1396/566 1395/567 1399/569 
f 1366/534 1372/537 1401/572 1397/571 
f 1371/538 1402/575 1401/572 1372/537 
f 1403/574 1404/573 1401/572 1402/575 
f 1398/570 1397/571 1401/572 1404/573 
f 1371/538 1376/541 1405/576 1402/575 
f 1375/542 1406/579 1405/576 1376/541 
f 1407/578 1408/577 1405/576 1406/579 
f 1403/574 1402/575 1405/576 1408/577 
f 1375/542 1380/545 1409/580 1406/579 
f 1379/546 1410/583 1409/580 1380/545 
f 1411/582 1412/581 1409/580 1410/583 
f 1407/578 1406/579 1409/580 1412/581 
f 1379/546 1384/549 1413/584 1410/583 
f 1383/550 1414/587 1413/584 1384/549 
f 1415/586 1416/585 1413/584 1414/587 
f 1411/582 1410/583 1413/584 1416/585 
f 1383/550 1388/553 1417/588 1414/587 
f 1387/554 1418/591 1417/588 1388/553 
f 1419/590 1420/589 1417/588 1418/591 
f 1415/586 1414/587 1417/588 1420/589 
f 1392/558 1391/559 1421/593 1422/592 
f 561/560 598/597 1421/593 1391/559 
f 597/596 1423/595 1421/593 598/597 
f 1424/594 1422/592 1421/593 1423/595 
s 4
f 565/564 1394/565 1425/599 599/598 
s 5
f 1368/532 1396/566 1425/599 1394/565 
f 1400/568 1426/601 1425/599 1396/566 
s 4
f 601/600 599/598 1425/599 1426/601 
s 5
f 1400/568 1399/569 1427/603 1428/602 
f 1398/570 1429/607 1427/603 1399/569 
s 4
f 607/606 606/605 1427/603 1429/607 
f 605/604 1428/602 1427/603 606/605 
s 5
f 1398/570 1404/573 1430/608 1429/607 
f 1403/574 1431/611 1430/608 1404/573 
s 4
f 611/610 610/609 1430/608 1431/611 
f 607/606 1429/607 1430/608 610/609 
s 5
f 1403/574 1408/577 1432/612 1431/611 
f 1407/578 1433/615 1432/612 1408/577 
s 4
f 615/614 614/613 1432/612 1433/615 
f 611/610 1431/611 1432/612 614/613 
s 5
f 1407/578 1412/581 1434/616 1433/615 
f 1411/582 1435/619 1434/616 1412/581 
s 4
f 619/618 618/617 1434/616 1435/619 
f 615/614 1433/615 1434/616 618/617 
s 5
f 1411/582 1416/585 1436/620 1435/619 
f 1415/586 1437/623 1436/620 1416/585 
s 4
f 623/622 622/621 1436/620 1437/623 
f 619/618 1435/619 1436/620 622/621 
s 5
f 1415/586 1420/589 1438/624 1437/623 
f 1419/590 1439/627 1438/624 1420/589 
s 4
f 627/626 626/625 1438/624 1439/627 
f 623/622 1437/623 1438/624 626/625 
s 5
f 1424/594 1423/595 1440/629 1441/628 
f 597/596 633/632 1440/629 1423/595 
s 4
f 632/631 1440/629 633/632 
f 631/630 1441/628 1440/629 632/631 
f 601/600 1426/601 1442/634 634/633 
s 5
f 1400/568 1428/602 1442/634 1426/601 
s 4
f 605/604 637/636 1442/634 1428/602 
f 636/635 634/633 1442/634 637/636 
s 1
f 961/9 1443/638 1444/637 962/8 
f 1445/642 1446/641 1444/637 1443/638 
f 1447/640 1448/639 1444/637 1446/641 
f 963/7 962/8 1444/637 1448/639 
f 963/7 1448/639 1449/643 968/15 
f 1447/640 1450/646 1449/643 1448/639 
f 1451/645 1452/644 1449/643 1450/646 
f 969/14 968/15 1449/643 1452/644 
f 969/14 1452/644 1453/647 1047/92 
f 1451/645 1454/650 1453/647 1452/644 
f 1455/649 1456/648 1453/647 1454/650 
f 1049/96 1047/92 1453/647 1456/648 
f 1049/96 1456/648 1457/651 1163/244 
f 1455/649 1458/654 1457/651 1456/648 
f 1459/653 1460/652 1457/651 1458/654 
f 1164/243 1163/244 1457/651 1460/652 
f 1164/243 1460/652 1461/655 1167/250 
f 1459/653 1462/658 1461/655 1460/652 
f 1463/657 1464/656 1461/655 1462/658 
f 1168/249 1167/250 1461/655 1464/656 
f 1168/249 1464/656 1465/659 1192/278 
f 1463/657 1466/660 1465/659 1464/656 
f 1445/642 1443/638 1465/659 1466/660 
f 961/9 1192/278 1465/659 1443/638 
s 4
f 523/522 1360/523 1467/662 662/661 
s 5
f 1359/524 1468/664 1467/662 1360/523 
s 4
f 664/663 662/661 1467/662 1468/664 
s 5
f 1359/524 1362/527 1469/665 1468/664 
s 4
f 529/528 667/666 1469/665 1362/527 
f 664/663 1468/664 1469/665 667/666 
s 1
f 1445/642 1470/668 1471/667 1446/641 
f 1032/76 1035/77 1471/667 1470/668 
f 1040/80 1472/669 1471/667 1035/77 
f 1447/640 1446/641 1471/667 1472/669 
f 1447/640 1472/669 1473/670 1450/646 
f 1040/80 1042/85 1473/670 1472/669 
f 1046/87 1474/671 1473/670 1042/85 
f 1451/645 1450/646 1473/670 1474/671 
f 1451/645 1474/671 1475/672 1454/650 
f 1046/87 1045/88 1475/672 1474/671 
f 1044/89 1476/673 1475/672 1045/88 
f 1455/649 1454/650 1475/672 1476/673 
f 1455/649 1476/673 1477/674 1458/654 
f 1044/89 1043/90 1477/674 1476/673 
f 1038/82 1478/675 1477/674 1043/90 
f 1459/653 1458/654 1477/674 1478/675 
f 1459/653 1478/675 1479/676 1462/658 
f 1038/82 1037/83 1479/676 1478/675 
f 1036/84 1480/677 1479/676 1037/83 
f 1463/657 1462/658 1479/676 1480/677 
f 1463/657 1480/677 1481/678 1466/660 
f 1036/84 1033/79 1481/678 1480/677 
f 1032/76 1470/668 1481/678 1033/79 
f 1445/642 1466/660 1481/678 1470/668 
f 981/26 1056/98 1482/680 1483/679 
f 1055/99 1484/681 1482/680 1056/98 
f 1059/106 1057/102 1482/680 1484/681 
f 988/36 1483/679 1482/680 1057/102 
f 1151/225 1154/226 1485/683 1486/682 
f 1059/106 1484/681 1485/683 1154/226 
f 1055/99 1159/233 1485/683 1484/681 
f 1158/234 1486/682 1485/683 1159/233 
f 1387/554 1386/555 1487/685 1488/684 
f 1151/225 1486/682 1487/685 1386/555 
f 1158/234 1390/556 1487/685 1486/682 
f 1392/558 1488/684 1487/685 1390/556 
f 1419/590 1418/591 1489/687 1490/686 
f 1387/554 1488/684 1489/687 1418/591 
f 1392/558 1422/592 1489/687 1488/684 
f 1424/594 1490/686 1489/687 1422/592 
s 4
f 627/626 1439/627 1491/689 689/688 
s 5
f 1419/590 1490/686 1491/689 1439/627 
f 1424/594 1441/628 1491/689 1490/686 
s 4
f 631/630 689/688 1491/689 1441/628 
s 1
f 981/26 1492/691 1493/690 982/25 
f 1494/695 1495/694 1493/690 1492/691 
f 1496/693 1497/692 1493/690 1495/694 
f 983/24 982/25 1493/690 1497/692 
f 983/24 1497/692 1498/697 1499/696 
f 1496/693 1500/700 1498/697 1497/692 
f 1501/699 1502/698 1498/697 1500/700 
f 984/28 1499/696 1498/697 1502/698 
f 984/28 1502/698 1503/701 985/31 
f 1501/699 1504/704 1503/701 1502/698 
f 1505/703 1506/702 1503/701 1504/704 
f 988/36 985/31 1503/701 1506/702 
f 988/36 1506/702 1507/705 1483/679 
f 1505/703 1508/706 1507/705 1506/702 
f 1494/695 1492/691 1507/705 1508/706 
f 981/26 1483/679 1507/705 1492/691 
f 983/24 1509/708 1510/707 1097/150 
f 1511/712 1512/711 1510/707 1509/708 
f 1513/710 1514/709 1510/707 1512/711 
f 149/149 1097/150 1510/707 1514/709 
f 149/149 1514/709 1515/714 714/713 
f 1513/710 1516/717 1515/714 1514/709 
f 1517/716 1518/715 1515/714 1516/717 
f 151/151 714/713 1515/714 1518/715 
f 151/151 1518/715 1519/718 1098/154 
f 1517/716 1520/721 1519/718 1518/715 
f 1521/720 1522/719 1519/718 1520/721 
f 984/28 1098/154 1519/718 1522/719 
f 984/28 1522/719 1523/722 1499/696 
f 1521/720 1524/723 1523/722 1522/719 
f 1511/712 1509/708 1523/722 1524/723 
f 983/24 1499/696 1523/722 1509/708 
f 1505/724 1525/727 1526/726 1508/725 
f 1527/732 1528/731 1526/726 1525/727 
f 1529/730 1530/729 1526/726 1528/731 
f 1494/728 1508/725 1526/726 1530/729 
f 1527/732 1531/734 1532/733 1528/731 
f 1533/738 1534/737 1532/733 1531/734 
f 1535/736 1536/735 1532/733 1534/737 
f 1529/730 1528/731 1532/733 1536/735 
f 1533/738 1537/740 1538/739 1534/737 
f 1539/744 1540/743 1538/739 1537/740 
f 1541/742 1542/741 1538/739 1540/743 
f 1535/736 1534/737 1538/739 1542/741 
f 1539/744 1543/746 1544/745 1540/743 
f 1545/750 1546/749 1544/745 1543/746 
f 1547/748 1548/747 1544/745 1546/749 
f 1541/742 1540/743 1544/745 1548/747 
f 1545/750 1549/752 1550/751 1546/749 
s 7
f 1551/756 1552/755 1550/751 1549/752 
f 1553/754 1554/753 1550/751 1552/755 
s 1
f 1547/748 1546/749 1550/751 1554/753 
f 1501/757 1500/760 1555/759 1556/758 
f 1496/765 1557/764 1555/759 1500/760 
f 1558/763 1559/762 1555/759 1557/764 
f 1560/761 1556/758 1555/759 1559/762 
f 1560/761 1559/762 1561/767 1562/766 
f 1558/763 1563/771 1561/767 1559/762 
f 1564/770 1565/769 1561/767 1563/771 
f 1566/768 1562/766 1561/767 1565/769 
f 1566/768 1565/769 1567/773 1568/772 
f 1564/770 1569/777 1567/773 1565/769 
f 1570/776 1571/775 1567/773 1569/777 
f 1572/774 1568/772 1567/773 1571/775 
f 1572/774 1571/775 1573/779 1574/778 
f 1570/776 1575/783 1573/779 1571/775 
f 1576/782 1577/781 1573/779 1575/783 
f 1578/780 1574/778 1573/779 1577/781 
f 1578/780 1577/781 1579/785 1580/784 
f 1576/782 1581/789 1579/785 1577/781 
s 7
f 1582/788 1583/787 1579/785 1581/789 
f 1584/786 1580/784 1579/785 1583/787 
s 1
f 1505/724 1504/791 1585/790 1525/727 
f 1501/757 1556/758 1585/790 1504/791 
f 1560/761 1586/969 1585/790 1556/758 
f 1527/732 1525/727 1585/790 1586/969 
f 1527/732 1586/969 1587/793 1531/734 
f 1560/761 1562/766 1587/793 1586/969 
f 1566/768 1588/794 1587/793 1562/766 
f 1533/738 1531/734 1587/793 1588/794 
f 1533/738 1588/794 1589/795 1537/740 
f 1566/768 1568/772 1589/795 1588/794 
f 1572/774 1590/796 1589/795 1568/772 
f 1539/744 1537/740 1589/795 1590/796 
f 1539/744 1590/796 1591/797 1543/746 
f 1572/774 1574/778 1591/797 1590/796 
f 1578/780 1592/798 1591/797 1574/778 
f 1545/750 1543/746 1591/797 1592/798 
s 3
f 1545/750 1592/798 1593/799 1549/752 
f 1578/780 1580/784 1593/799 1592/798 
s 2
f 1584/786 1594/800 1593/799 1580/784 
f 1551/756 1549/752 1593/799 1594/800 
s 4
f 1551/756 1594/800 1595/801 1552/755 
f 1584/786 1583/787 1595/801 1594/800 
f 1582/788 1596/802 1595/801 1583/787 
f 1553/754 1552/755 1595/801 1596/802 
s 2
f 1553/754 1596/802 1597/803 1554/753 
f 1582/788 1581/789 1597/803 1596/802 
s 3
f 1576/782 1598/804 1597/803 1581/789 
f 1547/748 1554/753 1597/803 1598/804 
s 1
f 1547/748 1598/804 1599/805 1548/747 
f 1576/782 1575/783 1599/805 1598/804 
f 1570/776 1600/806 1599/805 1575/783 
f 1541/742 1548/747 1599/805 1600/806 
f 1541/742 1600/806 1601/807 1542/741 
f 1570/776 1569/777 1601/807 1600/806 
f 1564/770 1602/808 1601/807 1569/777 
f 1535/736 1542/741 1601/807 1602/808 
f 1535/736 1602/808 1603/809 1536/735 
f 1564/770 1563/771 1603/809 1602/808 
f 1558/763 1604/810 1603/809 1563/771 
f 1529/730 1536/735 1603/809 1604/810 
f 1529/730 1604/810 1605/811 1530/729 
f 1558/763 1557/764 1605/811 1604/810 
f 1496/765 1495/812 1605/811 1557/764 
f 1494/728 1530/729 1605/811 1495/812 
f 1606/813 1607/816 1608/815 1609/814 
f 1610/821 1611/820 1608/815 1607/816 
f 1612/819 1613/818 1608/815 1611/820 
f 1614/817 1609/814 1608/815 1613/818 
f 1610/821 1615/823 1616/822 1611/820 
f 1617/827 1618/826 1616/822 1615/823 
f 1619/825 1620/824 1616/822 1618/826 
f 1612/819 1611/820 1616/822 1620/824 
f 1617/827 1621/829 1622/828 1618/826 
f 1623/833 1624/832 1622/828 1621/829 
f 1625/831 1626/830 1622/828 1624/832 
f 1619/825 1618/826 1622/828 1626/830 
f 1623/833 1627/835 1628/834 1624/832 
f 1629/839 1630/838 1628/834 1627/835 
f 1631/837 1632/836 1628/834 1630/838 
f 1625/831 1624/832 1628/834 1632/836 
f 1629/839 1633/841 1634/840 1630/838 
f 1635/845 1636/844 1634/840 1633/841 
f 1637/843 1638/842 1634/840 1636/844 
f 1631/837 1630/838 1634/840 1638/842 
f 1639/846 1640/849 1641/848 1642/847 
f 1643/854 1644/853 1641/848 1640/849 
f 1645/852 1646/851 1641/848 1644/853 
f 1647/850 1642/847 1641/848 1646/851 
f 1647/850 1646/851 1648/856 1649/855 
f 1645/852 1650/860 1648/856 1646/851 
f 1651/859 1652/858 1648/856 1650/860 
f 1653/857 1649/855 1648/856 1652/858 
f 1653/857 1652/858 1654/862 1655/861 
f 1651/859 1656/866 1654/862 1652/858 
f 1657/865 1658/864 1654/862 1656/866 
f 1659/863 1655/861 1654/862 1658/864 
f 1659/863 1658/864 1660/868 1661/867 
f 1657/865 1662/872 1660/868 1658/864 
f 1663/871 1664/870 1660/868 1662/872 
f 1665/869 1661/867 1660/868 1664/870 
f 1665/869 1664/870 1666/874 1667/873 
f 1663/871 1668/878 1666/874 1664/870 
f 1669/877 1670/876 1666/874 1668/878 
f 1671/875 1667/873 1666/874 1670/876 
f 1606/813 1672/880 1673/879 1607/816 
f 1639/846 1642/847 1673/879 1672/880 
f 1647/850 1674/881 1673/879 1642/847 
f 1610/821 1607/816 1673/879 1674/881 
f 1610/821 1674/881 1675/882 1615/823 
f 1647/850 1649/855 1675/882 1674/881 
f 1653/857 1676/883 1675/882 1649/855 
f 1617/827 1615/823 1675/882 1676/883 
f 1617/827 1676/883 1677/884 1621/829 
f 1653/857 1655/861 1677/884 1676/883 
f 1659/863 1678/885 1677/884 1655/861 
f 1623/833 1621/829 1677/884 1678/885 
f 1623/833 1678/885 1679/886 1627/835 
f 1659/863 1661/867 1679/886 1678/885 
f 1665/869 1680/887 1679/886 1661/867 
f 1629/839 1627/835 1679/886 1680/887 
f 1629/839 1680/887 1681/888 1633/841 
f 1665/869 1667/873 1681/888 1680/887 
f 1671/875 1682/889 1681/888 1667/873 
f 1635/845 1633/841 1681/888 1682/889 
f 1683/890 1684/893 1685/892 1686/891 
f 1687/898 1688/897 1685/892 1684/893 
f 1689/896 1690/895 1685/892 1688/897 
f 1691/894 1686/891 1685/892 1690/895 
f 1637/843 1692/900 1693/899 1638/842 
f 1669/877 1668/878 1693/899 1692/900 
f 1663/871 1694/901 1693/899 1668/878 
f 1631/837 1638/842 1693/899 1694/901 
f 1631/837 1694/901 1695/902 1632/836 
f 1663/871 1662/872 1695/902 1694/901 
f 1657/865 1696/903 1695/902 1662/872 
f 1625/831 1632/836 1695/902 1696/903 
f 1625/831 1696/903 1697/904 1626/830 
f 1657/865 1656/866 1697/904 1696/903 
f 1651/859 1698/905 1697/904 1656/866 
f 1619/825 1626/830 1697/904 1698/905 
f 1619/825 1698/905 1699/906 1620/824 
f 1651/859 1650/860 1699/906 1698/905 
f 1645/852 1700/907 1699/906 1650/860 
f 1612/819 1620/824 1699/906 1700/907 
f 1612/819 1700/907 1701/908 1613/818 
f 1645/852 1644/853 1701/908 1700/907 
f 1643/854 1702/909 1701/908 1644/853 
f 1614/817 1613/818 1701/908 1702/909 
f 1635/845 1703/911 1704/910 1636/844 
f 1705/915 1706/914 1704/910 1703/911 
f 1707/913 1708/912 1704/910 1706/914 
f 1637/843 1636/844 1704/910 1708/912 
f 1637/843 1708/912 1709/916 1692/900 
f 1707/913 1710/919 1709/916 1708/912 
f 1711/918 1712/917 1709/916 1710/919 
f 1669/877 1692/900 1709/916 1712/917 
f 1669/877 1712/917 1713/920 1670/876 
f 1711/918 1714/923 1713/920 1712/917 
f 1715/922 1716/921 1713/920 1714/923 
f 1671/875 1670/876 1713/920 1716/921 
f 1671/875 1716/921 1717/924 1682/889 
f 1715/922 1718/925 1717/924 1716/921 
f 1705/915 1703/911 1717/924 1718/925 
f 1635/845 1682/889 1717/924 1703/911 
f 1705/915 1719/927 1720/926 1706/914 
f 1683/890 1686/891 1720/926 1719/927 
f 1691/894 1721/928 1720/926 1686/891 
f 1707/913 1706/914 1720/926 1721/928 
f 1707/913 1721/928 1722/929 1710/919 
f 1691/894 1690/895 1722/929 1721/928 
f 1689/896 1723/930 1722/929 1690/895 
f 1711/918 1710/919 1722/929 1723/930 
f 1711/918 1723/930 1724/931 1714/923 
f 1689/896 1688/897 1724/931 1723/930 
f 1687/898 1725/932 1724/931 1688/897 
f 1715/922 1714/923 1724/931 1725/932 
f 1715/922 1725/932 1726/933 1718/925 
f 1687/898 1684/893 1726/933 1725/932 
f 1683/890 1719/927 1726/933 1684/893 
f 1705/915 1718/925 1726/933 1719/927 
f 1614/817 1727/935 1728/934 1609/814 
f 1521/939 1520/938 1728/934 1727/935 
f 1517/937 1729/936 1728/934 1520/938 
f 1606/813 1609/814 1728/934 1729/936 
f 1606/813 1729/936 1730/940 1672/880 
f 1517/937 1516/943 1730/940 1729/936 
f 1513/942 1731/941 1730/940 1516/943 
f 1639/846 1672/880 1730/940 1731/941 
f 1639/846 1731/941 1732/944 1640/849 
f 1513/942 1512/947 1732/944 1731/941 
f 1511/946 1733/945 1732/944 1512/947 
f 1643/854 1640/849 1732/944 1733/945 
f 1643/854 1733/945 1734/948 1702/909 
f 1511/946 1524/949 1734/948 1733/945 
f 1521/939 1727/935 1734/948 1524/949 
f 1614/817 1702/909 1734/948 1727/935 
f 935/950 938/952 1735/951 1736/950 
f 289/289 1200/290 1735/951 938/952 
f 1204/293 1737/953 1735/951 1200/290 
f 961/9 1736/950 1735/951 1737/953 
f 961/9 1737/953 1738/954 1190/280 
f 1204/293 1203/294 1738/954 1737/953 
f 1202/295 1739/955 1738/954 1203/294 
f 1193/284 1190/280 1738/954 1739/955 
f 1193/284 1739/955 1740/956 1205/299 
f 1202/295 1213/307 1740/956 1739/955 
f 1212/308 1741/957 1740/956 1213/307 
f 1174/257 1205/299 1740/956 1741/957 
f 1174/257 1741/957 1742/958 1175/256 
f 1212/308 1211/309 1742/958 1741/957 
f 310/310 945/959 1742/958 1211/309 
f 255/255 1175/256 1742/958 945/959 
f 961/9 1743/961 1744/960 1736/950 
f 1220/317 1223/318 1744/960 1743/961 
f 321/318 948/960 1744/960 1223/318 
f 935/950 1736/950 1744/960 948/960 
f 260/260 950/963 1745/962 1176/263 
f 352/351 1246/352 1745/962 950/963 
f 1245/353 1746/350 1745/962 1246/352 
f 1178/268 1176/263 1745/962 1746/350 
f 1178/268 1746/350 1747/964 1242/347 
f 1245/353 1243/349 1747/964 1746/350 
f 1236/340 1748/965 1747/964 1243/349 
f 1232/332 1242/347 1747/964 1748/965 
f 1232/332 1748/965 1749/966 1233/331 
f 1236/340 1234/336 1749/966 1748/965 
f 1224/324 1750/967 1749/966 1234/336 
f 1218/314 1233/331 1749/966 1750/967 
f 1218/314 1750/967 1751/968 1219/313 
f 1224/324 1221/320 1751/968 1750/967 
f 1220/317 1743/961 1751/968 1221/320 
f 961/9 1219/313 1751/968 1743/961 
# 1748 polygons - 2 triangles

