# 3ds Max Wavefront OBJ Exporter v0.97b - (c)2007 guruware
# File Created: 05.05.2014 12:14:19

mtllib Butterfly.mtl

#
# object Butterfly_Fish
#

v  202.3770 -24.8049 -23.5786
v  203.3351 -32.1082 -21.6655
v  197.2348 -30.3217 -23.3160
v  196.0919 -21.8565 -25.8510
v  108.4314 -4.4312 -37.8704
v  108.8930 -21.9112 -34.4359
v  91.5079 -18.7739 -33.1974
v  90.7731 -5.7591 -35.6625
v  74.3184 -6.8729 -32.0887
v  74.9139 -17.7857 -30.2491
v  59.7347 -16.9694 -26.7885
v  58.9482 -8.0893 -28.2856
v  33.9451 -7.7754 -21.7977
v  34.1341 -13.6639 -21.1566
v  22.5934 -12.7350 -18.7913
v  22.4356 -8.0567 -19.4135
v  205.8571 -2.9156 -19.5068
v  204.6859 -3.6228 -21.1215
v  202.3076 -0.6883 -20.8433
v  203.1179 0.6000 -19.8194
v  148.9911 83.5599 -16.6923
v  143.1589 61.7643 -20.5439
v  137.0761 63.8219 -21.3690
v  142.3677 87.2828 -16.6923
v  108.0111 64.6855 -24.1096
v  88.3074 59.9026 -24.4472
v  88.4423 85.2228 -14.2462
v  111.6518 94.8750 -16.3411
v  68.6464 49.3477 -23.1412
v  52.4887 37.4491 -21.3902
v  44.4445 47.5156 -15.0296
v  62.7939 66.3239 -15.0332
v  29.2999 16.4155 -19.0616
v  20.7675 5.1995 -18.0444
v  19.0678 7.5442 -15.5350
v  23.8818 24.7353 -15.0305
v  125.3071 65.4593 -22.5268
v  132.4101 91.7560 -16.6922
v  124.7105 -4.5032 -35.0609
v  126.9327 -25.9309 -32.6252
v  158.9771 -28.0353 -29.7840
v  152.5069 -10.2006 -31.9060
v  171.1246 -12.0519 -29.6078
v  174.6680 -28.2391 -26.8483
v  168.9385 40.3465 -20.1627
v  176.7822 54.8486 -16.6925
v  183.8707 42.3906 -16.6925
v  176.2224 29.6761 -20.7853
v  208.9179 -26.1329 -22.1359
v  209.0612 -32.1067 -20.7437
v  206.7499 -7.1766 -20.6775
v  205.2519 -7.4048 -21.6877
v  214.8798 -31.5569 -20.3795
v  215.4302 -27.4530 -21.0277
v  223.5110 -28.4670 -19.7459
v  223.4351 -31.8854 -19.3522
v  223.8258 -22.3578 -17.9605
v  215.3003 -20.0255 -18.7852
v  216.0334 -17.9437 -16.1181
v  224.7519 -20.6928 -16.1911
v  33.3720 -1.4794 -21.9109
v  22.5456 -3.0134 -19.4516
v  22.2325 0.4404 -19.0415
v  32.5968 4.1422 -21.5519
v  73.6280 5.9338 -32.7876
v  58.5936 3.3415 -28.9942
v  57.9412 14.5354 -27.8995
v  72.7804 19.2671 -31.3521
v  89.7656 8.7305 -36.1562
v  89.3019 23.7812 -33.9207
v  106.7387 12.1135 -36.4073
v  106.4434 26.6320 -33.8975
v  123.1490 13.2295 -33.5741
v  122.8236 26.6132 -31.3080
v  137.7686 25.4232 -28.1100
v  140.0557 14.1414 -29.9887
v  136.9034 13.3465 -30.8933
v  133.2519 25.9517 -28.8360
v  159.0538 12.3399 -26.6833
v  158.9647 19.5482 -25.3346
v  168.5668 11.7464 -24.7803
v  168.5533 5.6390 -25.9320
v  141.2486 -6.7318 -32.3171
v  138.0563 -6.2442 -32.9146
v  199.7084 -14.3579 -24.1209
v  200.0939 -15.7565 -23.6927
v  195.8802 -16.0027 -25.5508
v  195.7558 -14.1562 -24.9233
v  215.7513 -23.2443 -20.2838
v  223.6759 -25.2273 -19.2116
v  30.3981 -32.9571 -17.1950
v  29.7999 -39.8742 -14.6379
v  19.3684 -25.5994 -14.7034
v  20.7394 -23.8010 -16.1319
v  66.4494 -54.5014 -19.3318
v  62.3828 -65.0899 -14.5732
v  50.0544 -57.8359 -14.6010
v  52.8082 -48.6987 -18.5842
v  90.5688 -59.0886 -20.9838
v  90.2146 -72.0032 -15.3278
v  115.8315 -58.8603 -21.8149
v  119.4897 -70.5547 -16.6214
v  133.1671 -58.7835 -20.7595
v  135.9234 -69.4221 -16.2694
v  156.7742 -52.9316 -23.3946
v  164.9585 -62.1777 -16.7338
v  159.4690 -63.8823 -16.7329
v  151.2506 -54.5160 -22.1076
v  183.1710 -56.4301 -16.6606
v  174.1590 -49.0905 -19.9766
v  184.8636 -48.0101 -18.6029
v  189.2913 -54.5966 -16.6360
v  205.4386 -45.2917 -16.5895
v  200.9101 -47.8348 -16.6006
v  199.7489 -43.2495 -18.9907
v  204.6533 -41.1751 -18.9320
v  209.0976 -38.6045 -18.7021
v  210.4192 -40.8972 -16.5897
v  213.8860 -37.8383 -16.5898
v  213.5418 -36.0339 -18.4721
v  223.3250 -35.4849 -17.7305
v  223.5634 -37.0153 -16.3119
v  13.8028 9.6272 -17.2164
v  8.0978 35.5357 -16.9043
v  55.6829 79.6366 -15.8413
v  79.0672 98.2281 -16.6814
v  36.1735 64.5946 -15.9104
v  97.9054 97.0275 -16.6877
v  23.3895 51.6407 -15.7326
v  37.1779 39.4781 -15.0307
v  40.5940 27.5717 -19.9145
v  45.1961 1.1018 -25.3850
v  44.6938 9.4879 -24.6590
v  45.8767 -7.8371 -24.7974
v  46.1842 -15.5846 -23.7063
v  41.2859 -41.6887 -17.7244
v  39.6148 -50.3137 -14.6154
v  69.3693 97.9820 -16.6815
v  44.5597 89.8595 -15.5724
v  6.5080 48.9831 -16.7563
v  11.6884 67.6351 -15.2042
v  23.6284 79.3195 -15.3652
v  59.6321 98.6282 -14.8572
v  34.0588 99.1452 -14.8544
v  10.4629 96.2650 -14.8567
v  -1.2452 84.2255 -14.8579
v  5.4620 57.8309 -14.8617
v  18.8783 -44.6696 -15.9460
v  15.0034 -23.1266 -17.0559
v  77.7316 -80.2601 -16.6443
v  54.5618 -73.5808 -15.7734
v  28.0702 -56.9281 -15.8299
v  39.0289 -65.6532 -15.7992
v  2.2999 -42.3016 -16.6708
v  6.7862 -57.2318 -15.6294
v  59.5966 -83.0736 -16.6386
v  43.3293 -79.8637 -15.5695
v  15.5738 -66.7816 -15.5667
v  25.7971 -74.0210 -15.5711
v  -9.0149 -66.3428 -15.5461
v  -4.7831 -73.6850 -15.5468
v  43.8484 -84.4719 -15.5441
v  27.2959 -82.5792 -15.5473
v  3.3844 -78.9341 -15.5470
v  14.0409 -81.1364 -15.5471
v  188.8110 -8.8165 -26.2152
v  190.4508 -8.2572 -24.9713
v  192.3280 -12.0741 -25.4189
v  191.5271 -13.3163 -26.2745
v  190.3030 -20.1584 -26.9148
v  190.8502 -30.0051 -24.4729
v  183.1674 -28.8813 -26.0217
v  182.4270 -15.0322 -28.0959
v  196.0550 -50.6288 -16.6168
v  191.7050 -53.1103 -16.6256
v  189.2709 -46.7993 -18.8251
v  194.3575 -45.3482 -18.8848
v  204.6756 -10.6881 -22.2208
v  206.0239 -11.5727 -21.5975
v  203.6830 -14.4246 -22.7073
v  202.6413 -13.1648 -23.1517
v  195.0720 0.3739 -22.5534
v  191.9162 -2.2164 -24.0216
v  190.5987 -0.7574 -23.5129
v  194.3635 1.8323 -21.3435
v  161.3314 27.3501 -23.4991
v  169.9523 17.7871 -23.6310
v  140.6143 42.7967 -24.4396
v  134.2092 44.0507 -25.5060
v  122.2719 44.8662 -27.4469
v  106.4135 44.1331 -29.5752
v  88.8380 39.7442 -29.9917
v  71.5631 33.2605 -27.7220
v  56.2724 25.4563 -25.2023
v  43.3578 17.7384 -22.9004
v  31.6044 9.6702 -20.5623
v  21.5356 2.7689 -18.6356
v  198.4500 0.8249 -21.5461
v  198.5554 2.3261 -20.5748
v  12.1159 -19.7251 -15.4902
v  11.8380 -17.8888 -17.3471
v  11.2087 -3.5921 -19.6622
v  10.8704 -8.0954 -19.4675
v  12.4452 4.2055 -17.9915
v  12.6595 7.5442 -17.4593
v  11.5875 -0.5959 -19.2015
v  11.0961 -13.2805 -18.6345
v  10.9896 -12.6188 -18.8193
v  22.5380 -14.5774 -18.3159
v  12.6282 9.6272 -17.1484
v  12.5891 -23.0864 -16.9764
v  11.9309 1.4761 -18.5643
v  -15.8412 -32.7040 -15.8538
v  3.6336 -17.8156 -15.1676
v  4.7255 -19.3290 -15.1374
v  -14.1762 -39.4174 -15.8343
v  -19.9207 -2.6752 -16.3033
v  0.2092 -2.7096 -15.4709
v  -0.8532 -7.6918 -15.2458
v  -20.9081 -9.0325 -16.0499
v  5.2107 7.5442 -15.4999
v  3.3658 3.9108 -15.5243
v  -16.5064 17.6468 -16.5205
v  -13.6365 26.1082 -16.4804
v  0.8466 -1.1376 -15.4894
v  -19.1287 5.6131 -16.4105
v  -19.1625 -20.9461 -15.9326
v  -20.5184 -15.3981 -15.9600
v  0.2918 -12.8476 -15.2139
v  0.7114 -13.4713 -15.2081
v  8.7943 9.6272 -15.5365
v  -11.6021 38.8393 -16.6382
v  7.9625 -23.1266 -15.4595
v  -12.5097 -52.3066 -16.6605
v  1.5111 0.3759 -15.5002
v  -18.3611 10.4537 -16.4708
v  -36.5616 -44.5588 -14.9577
v  -31.9843 -51.2833 -14.9580
v  -43.6640 -1.9967 -14.9521
v  -44.6276 -10.0455 -14.9567
v  -37.9546 30.1141 -14.9504
v  -31.6475 40.4031 -14.9515
v  -41.9969 12.8825 -14.9517
v  -40.7724 -30.1502 -14.9571
v  -43.7976 -19.0040 -14.9570
v  -21.5668 45.3196 -14.9515
v  -23.8669 -56.7584 -14.9580
v  -41.2627 18.1772 -14.9512
v  175.2792 -49.1377 -18.9211
v  181.0313 -57.1369 -16.7003
v  177.9182 -58.1535 -16.7306
v  171.6275 -50.3586 -18.7010
v  155.1781 -9.2464 -30.4930
v  162.6997 -28.1699 -28.1520
v  156.7310 -27.0586 -29.6667
v  148.2251 -7.7974 -31.0400
v  153.7538 16.6639 -27.1686
v  146.9449 15.8786 -28.0513
v  153.8201 22.2418 -25.6720
v  146.8416 23.9157 -26.6647
v  161.3403 48.8375 -19.5189
v  169.1956 65.7243 -16.7055
v  152.8234 55.5909 -19.8730
v  162.3611 73.3564 -16.6924
v  156.3809 33.6135 -22.8314
v  150.0692 38.2550 -23.2562
v  192.8772 21.8526 -16.6154
v  185.8739 17.1098 -20.7767
v  183.5886 7.1889 -23.6156
v  183.1106 2.0967 -24.7794
v  182.6140 -3.1922 -26.0172
v  190.5383 -5.0916 -24.4938
v  188.8851 -3.9024 -24.6581
v  208.6244 -20.4055 -21.7579
v  209.8390 -15.9526 -20.0188
v  211.7334 -11.6542 -16.5592
v  204.1052 2.8874 -16.5839
v  207.5661 -3.3704 -16.5589
v  200.3254 9.1416 -16.5902
v  209.7292 -7.9288 -16.5590
v  202.2986 -12.7090 -24.3283
v  199.5733 -13.8176 -25.2289
v  198.4041 0.2846 -22.8364
v  195.2627 -0.1521 -23.7723
v  195.8938 -13.6578 -25.9700
v  192.6880 -11.7346 -26.4297
v  192.3330 -2.5360 -25.1366
v  204.7406 -7.3257 -22.9680
v  204.2164 -10.4019 -23.4633
v  191.0434 -5.2099 -25.5744
v  201.9929 -1.1435 -22.1834
v  204.1977 -3.7664 -22.4418
v  190.9621 -8.1559 -26.0115
v  199.3393 -12.8815 -24.8963
v  201.7047 -11.9193 -24.1147
v  195.5932 -1.0633 -23.6321
v  198.3245 -0.6514 -22.8198
v  193.3118 -11.1466 -25.9343
v  196.1328 -12.7944 -25.5395
v  193.0551 -3.0898 -24.8163
v  203.4207 -9.9062 -23.3639
v  203.8546 -7.1887 -22.9340
v  191.9187 -5.4148 -25.1932
v  201.4475 -1.9323 -22.2530
v  203.4191 -4.2848 -22.4774
v  191.8481 -7.9804 -25.5750
v  199.2716 -12.6106 -23.7897
v  201.5327 -11.6908 -23.0425
v  195.6888 -1.3271 -22.5812
v  198.3014 -0.9224 -21.8046
v  193.4923 -10.9763 -24.7774
v  196.2020 -12.5444 -24.4046
v  193.2641 -3.2501 -23.7132
v  203.1903 -9.7627 -22.3248
v  203.5981 -7.1491 -21.9139
v  192.1720 -5.4742 -24.0735
v  203.1743 -4.3568 -21.4773
v  201.2897 -2.1606 -21.2628
v  192.1046 -7.9295 -24.4339
v  199.3308 -12.8474 -20.1664
v  201.6830 -11.8905 -19.3890
v  195.6052 -1.0965 -18.9092
v  198.3216 -0.6856 -18.1013
v  193.3345 -11.1251 -21.1938
v  196.1415 -12.7629 -20.8060
v  193.0814 -3.1100 -20.0867
v  203.3916 -9.8881 -18.6424
v  203.8223 -7.1837 -18.2149
v  191.9506 -5.4223 -20.4616
v  203.3883 -4.2939 -17.7608
v  201.4276 -1.9611 -17.5377
v  191.8804 -7.9740 -20.8365
v  137.9933 -31.0575 -32.8258
v  145.0545 -55.2067 -20.7962
v  158.5062 -64.1812 -16.7331
v  129.7742 -72.3592 -16.2156
v  119.6337 -71.7702 -16.6123
v  147.4684 -68.5186 -16.6650
v  124.8738 -73.8232 -16.1952
v  118.2141 -72.4218 -16.6061
v  125.4841 -74.9644 -16.6603
v  99.5825 -72.9819 -19.9724
v  107.7109 -73.0391 -16.6013
v  108.1172 -75.1170 -20.3144
v  97.7949 -75.4484 -20.6522
v  108.2473 -77.0322 -18.7023
v  98.2664 -77.1253 -20.1008
v  117.6421 -75.1163 -18.2958
v  115.5379 -72.8700 -16.6013
v  118.3933 -76.1151 -17.0698
v  93.1462 -73.4091 -16.6013
v  86.1367 -75.1064 -20.3591
v  85.0652 -76.8100 -20.3745
v  172.0163 -50.5032 -20.0307
v  176.9553 -58.4525 -16.7337
v  169.1264 -60.8835 -16.7362
v  162.6058 -51.3370 -22.9996
v  153.4055 -26.8557 -31.0085
v  149.5063 -27.1528 -30.2634
v  143.6723 -7.1020 -31.8803
v  142.4491 14.7449 -29.3098
v  142.3220 24.8372 -27.5988
v  145.1839 41.3423 -23.7651
v  147.6304 59.3577 -20.1110
v  155.1770 79.1627 -16.6924
v  110.7142 -7.8555 -38.0168
v  111.5177 9.0122 -36.7058
v  111.4879 9.1247 -39.3263
v  110.6804 -7.7278 -40.6449
v  164.6303 -39.0850 -24.1450
v  165.7531 -40.1092 -26.2124
v  159.9129 -30.4171 -31.9766
v  158.1057 -28.5728 -29.2214
v  119.7766 32.4334 -37.9595
v  119.8034 32.3323 -35.3457
v  128.6414 34.2696 -34.2968
v  129.9283 34.6109 -36.9056
v  134.8833 -20.3560 -36.0411
v  137.4684 -32.0394 -33.7056
v  138.5693 -31.2581 -33.1786
v  144.1072 -28.7797 -31.1861
v  137.6306 -32.3055 -34.3345
v  131.4296 -30.6043 -33.5498
v  131.3957 -30.4766 -36.1924
v  144.2857 -28.7070 -33.5464
v  135.0649 -20.4297 -40.1253
v  153.1587 -26.8424 -32.8285
v  149.5172 -27.1337 -33.2340
v  141.1938 -10.3200 -39.3006
v  150.3267 -1.4763 -37.2892
v  149.0399 -1.8176 -34.6937
v  120.6885 -23.4450 -37.8559
v  125.5210 -10.1791 -36.1362
v  120.6546 -23.3173 -40.5137
v  125.4911 -10.0666 -42.0222
v  133.6018 4.2908 -35.5492
v  140.6672 -9.3568 -35.4276
v  141.2533 14.9329 -34.7650
v  133.5750 4.3919 -41.1361
v  142.5402 15.2743 -37.4010
v  137.9855 -34.0127 -35.5241
v  137.7194 -32.1843 -33.1599
v  139.8031 -34.3984 -33.7510
v  139.9615 -34.3920 -35.0245
v  144.2205 -31.3450 -34.7121
v  144.5021 -32.1492 -34.0983
v  149.1620 -29.8721 -33.3639
v  149.9409 -28.7666 -33.8537
v  153.9208 -28.2616 -32.4005
v  153.2251 -28.4652 -31.6758
v  155.7325 -27.3688 -29.6154
v  157.0907 -27.8361 -32.4942
v  138.2593 -31.4683 -31.9543
v  158.5028 -29.1275 -32.0027
v  156.9200 -27.9712 -29.4189
v  153.4389 -42.3341 -34.7878
v  150.6354 -29.8679 -34.2332
v  148.6665 -46.1416 -34.0716
v  144.5197 -32.8712 -35.1192
v  143.8765 -49.4623 -32.0788
v  139.0513 -39.3880 -35.3530
v  169.4935 -39.4940 -23.1667
v  157.8622 -46.6782 -29.0997
v  152.5787 -49.4180 -28.9197
v  147.4347 -51.9008 -27.2675
v  134.8502 -37.5342 -31.7704
v  125.4015 -32.5109 -30.0650
v  126.1876 -41.6210 -26.8680
v  129.8128 -49.6169 -23.9182
v  111.7013 -49.4157 -25.1377
v  109.4846 -40.4012 -28.1221
v  108.9873 -31.1633 -31.5127
v  91.6207 -29.2880 -30.6147
v  74.5264 -27.7852 -27.7032
v  59.1867 -25.5282 -24.8577
v  45.9075 -22.2370 -22.4924
v  33.9057 -18.4209 -20.3807
v  194.6808 22.5591 -14.2530
v  185.6530 45.1120 -14.2530
v  192.1821 -53.5593 -14.2530
v  189.3185 -55.2318 -14.2530
v  114.7618 98.2673 -14.2530
v  132.6879 94.4269 -14.2530
v  90.5056 -72.9042 -14.2530
v  122.8811 -72.3521 -14.2530
v  142.9662 90.2550 -14.2530
v  209.9178 -41.3396 -14.2530
v  205.4386 -45.2917 -14.2530
v  209.0215 -3.0966 -14.2530
v  211.4352 -7.6177 -14.2530
v  213.8860 -37.8383 -14.2530
v  223.6291 -37.5466 -14.3025
v  217.3605 -17.3002 -13.9758
v  225.0230 -19.8421 -14.3102
v  13.8408 10.3741 -14.2530
v  7.9547 37.1047 -14.2530
v  100.6120 100.5477 -14.2530
v  81.1760 101.7863 -14.2530
v  71.1770 101.5813 -14.2530
v  34.7395 102.7326 -14.2530
v  61.2416 102.2545 -14.2530
v  6.3145 50.9788 -14.2530
v  5.2353 60.1073 -14.2530
v  -1.6848 87.3394 -14.2530
v  10.3949 99.7610 -14.2530
v  78.6259 -81.3234 -14.2530
v  15.0424 -23.4773 -14.2504
v  1.9729 -43.2025 -14.2530
v  61.0876 -85.2682 -14.2530
v  -9.7010 -68.0065 -14.2530
v  -5.3348 -75.5817 -14.2530
v  44.8397 -86.7109 -14.2530
v  27.7620 -84.7581 -14.2530
v  3.0918 -80.9973 -14.2530
v  14.0864 -83.2696 -14.2530
v  200.9101 -47.8348 -14.2530
v  196.1511 -51.0440 -14.2530
v  205.4508 3.1779 -14.2530
v  12.6289 10.3741 -14.2530
v  12.6361 -23.4190 -14.2530
v  8.6734 10.3741 -14.2530
v  -12.3703 40.5131 -14.2530
v  7.8151 -23.4190 -14.2530
v  -13.3066 -53.5250 -14.2530
v  -33.4712 -52.4020 -14.2530
v  -38.1217 -45.5313 -14.2530
v  -46.4437 -9.9228 -14.2530
v  -45.4256 -1.3210 -14.2530
v  -39.5589 31.5111 -14.2530
v  -33.0517 42.1265 -14.2530
v  -43.7295 13.7327 -14.2530
v  -42.4662 -30.6655 -14.2530
v  -45.5106 -19.4537 -14.2530
v  -22.6512 47.1990 -14.2530
v  -25.0243 -58.1180 -14.2530
v  -42.9720 19.1953 -14.2530
v  184.8059 -57.3451 -14.2530
v  179.2516 56.7266 -14.2530
v  179.2128 -59.5574 -14.2530
v  182.5984 -58.0743 -14.2530
v  171.6055 67.7100 -14.2530
v  164.4156 75.3124 -14.2530
v  201.2059 11.0411 -14.2530
v  213.3817 -11.3400 -14.2530
v  150.1487 86.4335 -14.2530
v  123.0298 -73.6062 -14.2530
v  148.1875 -69.2015 -14.2530
v  159.5321 -65.2554 -14.2530
v  121.5652 -74.2784 -14.2530
v  90.0282 -75.2971 -14.2530
v  85.9954 -77.0482 -14.2530
v  126.1617 -75.7016 -14.2530
v  85.4977 -77.6770 -14.2530
v  102.3424 -73.3780 -14.2530
v  107.5628 -73.5848 -14.5058
v  98.5097 -78.0023 -14.2530
v  108.2430 -77.8195 -14.2530
v  118.8040 -73.1186 -14.2530
v  118.8080 -76.9702 -14.2530
v  157.3953 81.1834 -14.2530
v  160.5255 -64.9469 -14.2530
v  165.9287 -63.1449 -14.2530
v  178.2194 -59.8659 -14.2530
v  170.3157 -61.6793 -14.2530
v  202.3531 -22.9743 -4.9130
v  196.1717 -21.9086 -2.7433
v  197.2530 -29.9718 -4.9830
v  203.1770 -30.1304 -6.3752
v  108.4314 -4.4312 9.3644
v  90.9062 -5.3116 7.0092
v  91.4526 -19.0044 4.6087
v  108.9703 -22.0347 6.0234
v  75.2130 -5.2559 3.8203
v  60.6953 -5.5240 0.3233
v  60.6691 -15.4306 -1.0509
v  75.7003 -16.7238 1.8524
v  22.9528 -7.2122 -8.5132
v  23.0554 -11.8112 -8.9206
v  35.1609 -12.3729 -7.1501
v  34.9968 -6.5381 -6.6058
v  205.8571 -2.9156 -8.9992
v  203.1179 0.6000 -8.6867
v  202.3076 -0.6883 -7.6627
v  204.6859 -3.6228 -7.3846
v  148.9911 83.5599 -11.8137
v  142.3677 87.2828 -11.8137
v  136.6012 64.6441 -7.3295
v  144.2198 62.7328 -8.1663
v  88.4423 85.2228 -14.2625
v  88.2904 60.1095 -4.2645
v  108.0111 64.6855 -4.3965
v  111.6518 94.8750 -11.8630
v  46.6686 51.7234 -13.3044
v  52.7237 39.0512 -7.6021
v  68.6895 50.0449 -5.9778
v  62.7939 66.3239 -13.2960
v  19.0523 7.6035 -13.2921
v  20.6178 7.6507 -11.4068
v  29.2999 16.4155 -9.4444
v  23.8818 24.7353 -13.2986
v  125.3946 65.2804 -5.9450
v  132.4101 91.7560 -11.8138
v  124.7105 -4.5032 6.5549
v  126.9327 -25.9309 4.1191
v  171.1246 -12.0519 1.1017
v  152.5069 -10.2006 3.3999
v  158.9771 -28.0353 1.3791
v  174.5674 -28.1345 -1.6333
v  183.8707 42.3906 -11.8136
v  176.7822 54.8486 -11.8136
v  169.3549 40.4002 -8.3228
v  176.6349 29.5518 -7.7251
v  208.3244 -24.5378 -6.2365
v  208.1057 -30.2598 -7.3580
v  205.2519 -7.4048 -6.8183
v  206.7499 -7.1766 -7.8285
v  223.2838 -27.9466 -8.6643
v  215.1587 -26.4114 -7.6407
v  214.7512 -31.1577 -8.6328
v  223.1564 -31.6498 -9.2091
v  224.8549 -20.5507 -12.6398
v  217.1415 -17.6161 -13.0246
v  216.4464 -19.4661 -11.0674
v  224.3180 -22.0609 -11.3363
v  22.5330 1.7254 -9.2425
v  22.8064 -2.4614 -8.5680
v  34.4190 -0.5325 -6.5141
v  33.4963 5.5069 -7.0195
v  58.3404 15.2337 -0.4634
v  59.7794 4.5949 0.6399
v  74.4168 7.1452 4.2308
v  73.0621 19.9802 2.9721
v  89.9758 9.2287 7.3624
v  89.3471 23.9366 5.5872
v  106.6767 12.3917 7.8785
v  106.2188 26.0697 5.5527
v  123.1490 13.2295 5.0681
v  122.8248 26.6114 2.8023
v  136.5286 25.9220 0.3272
v  136.9034 13.3465 2.3873
v  140.0557 14.1414 1.4826
v  139.8318 25.6185 -0.4338
v  159.0538 12.3399 -1.8227
v  168.5533 5.6390 -2.5741
v  168.6566 11.7405 -3.7322
v  159.0967 19.5183 -3.1930
v  223.7218 -24.6228 -9.3856
v  224.0518 -23.2051 -10.4651
v  216.2261 -20.7463 -9.8432
v  215.9532 -22.3325 -8.3265
v  138.0563 2.0593 4.0741
v  141.2486 -6.7318 3.8110
v  199.7084 -14.3579 -4.3851
v  195.7558 -14.1562 -3.5828
v  195.8802 -16.0027 -2.9553
v  200.0939 -15.7565 -4.8134
v  30.3750 -30.0912 -11.1000
v  20.8462 -24.0820 -12.5761
v  18.4743 -28.0418 -13.1743
v  27.4223 -36.6355 -13.7399
v  54.9648 -48.8192 -9.7789
v  50.0544 -57.8359 -13.9181
v  62.3828 -65.0899 -13.9458
v  70.3365 -54.6723 -8.8459
v  90.2146 -72.0032 -13.1913
v  90.6225 -59.1160 -7.5270
v  115.9027 -58.8345 -6.6741
v  119.4897 -70.5547 -11.8846
v  133.1671 -58.7835 -7.7466
v  135.9234 -69.4221 -12.2367
v  156.8346 -54.8057 -5.4663
v  152.1339 -55.8188 -7.3124
v  159.4690 -63.8823 -11.7732
v  164.9585 -62.1777 -11.7723
v  184.8636 -48.0101 -9.9031
v  176.7379 -49.0905 -8.5294
v  183.1710 -56.4301 -11.8454
v  189.2913 -54.5966 -11.8700
v  199.7146 -43.0879 -9.4688
v  200.9101 -47.8348 -11.9055
v  205.4386 -45.2917 -11.9165
v  204.6373 -41.1180 -9.5799
v  210.0133 -41.6951 -12.4871
v  209.0898 -39.0251 -10.4396
v  223.5727 -37.1161 -12.2292
v  223.2992 -35.6273 -10.7378
v  215.6492 -35.7024 -10.8874
v  215.0836 -38.1423 -12.8045
v  22.9581 -15.2034 -9.4339
v  34.9229 -17.5957 -7.9535
v  60.5794 -23.9192 -2.9092
v  75.7987 -26.7377 -0.4100
v  91.7697 -29.9586 1.7872
v  109.0525 -32.5993 2.7804
v  124.3108 -34.2450 0.5711
v  151.5336 -45.3755 3.3362
v  145.2155 -34.3104 7.4916
v  140.7933 -40.9528 3.8052
v  145.6791 -49.4939 -0.1311
v  167.3784 -39.6866 -4.4515
v  180.0803 -39.0683 -6.1275
v  198.5086 -37.1098 -7.4119
v  203.9607 -36.1334 -8.0892
v  208.6526 -35.1003 -9.0569
v  215.2481 -33.6726 -9.8804
v  223.2354 -33.8508 -10.0550
v  13.8028 9.6272 -11.2897
v  8.0978 35.5357 -11.6017
v  55.6829 79.6366 -12.6647
v  79.0672 98.2281 -11.8247
v  36.1735 64.5946 -12.5957
v  97.9054 97.0275 -11.8184
v  34.5817 39.0547 -13.3020
v  23.3895 51.6407 -12.7734
v  39.9457 28.0058 -9.9828
v  46.2313 1.6810 -2.9172
v  44.9145 9.8438 -3.6398
v  47.2509 -6.0985 -3.3488
v  47.5258 -13.6521 -4.2349
v  47.2869 -20.5767 -5.5330
v  42.3065 -40.7056 -10.6914
v  39.6293 -50.3223 -13.9047
v  69.3693 97.9820 -11.8245
v  44.5597 89.8595 -12.9336
v  6.5080 48.9831 -11.7498
v  11.6884 67.6351 -13.3018
v  23.6284 79.3195 -13.1409
v  59.6321 98.6282 -13.6487
v  34.0588 99.1452 -13.6517
v  10.4629 96.2650 -13.6494
v  -1.2452 84.2255 -13.6482
v  5.4620 57.8309 -13.6443
v  18.8783 -44.6696 -12.5600
v  14.6721 -24.4781 -11.4955
v  77.7316 -80.2601 -11.8617
v  54.5618 -73.5808 -12.7326
v  28.0702 -56.9281 -12.6762
v  39.0289 -65.6532 -12.7069
v  2.2999 -42.3016 -11.8352
v  6.7862 -57.2318 -12.8767
v  59.5966 -83.0736 -11.8674
v  43.3293 -79.8637 -12.9365
v  15.5738 -66.7816 -12.9394
v  25.7971 -74.0210 -12.9350
v  -9.0149 -66.3428 -12.9528
v  -4.7831 -73.6850 -12.9490
v  43.8484 -84.4719 -12.9629
v  27.2959 -82.5792 -12.9466
v  3.3844 -78.9341 -12.9483
v  14.0409 -81.1364 -12.9477
v  188.8110 -8.8165 -2.2908
v  191.5271 -13.3163 -2.2315
v  192.3280 -12.0741 -3.0872
v  190.4508 -8.2572 -3.5348
v  190.3238 -20.1228 -1.6181
v  182.4270 -15.0322 -0.4102
v  183.2590 -28.4456 -2.4536
v  190.9249 -29.4400 -3.7918
v  186.3742 -38.2834 -6.2845
v  192.6972 -37.9050 -6.8412
v  189.2696 -46.7448 -9.6569
v  191.7050 -53.1103 -11.8805
v  196.0550 -50.6288 -11.8892
v  194.3754 -45.1211 -9.5369
v  202.6413 -13.1648 -5.3544
v  203.6830 -14.4246 -5.7987
v  204.9784 -12.8464 -6.4129
v  203.7671 -11.7942 -5.8695
v  195.0720 0.3739 -5.9527
v  194.3635 1.8323 -7.1626
v  190.5987 -0.7574 -4.9932
v  191.9162 -2.2164 -4.4844
v  163.1566 27.8221 -5.3766
v  171.1185 18.1194 -5.1000
v  134.5002 43.3547 -2.8947
v  140.8860 43.2073 -4.2160
v  106.7846 40.7245 1.9625
v  123.8649 40.7964 -0.6849
v  88.8534 39.9300 1.3801
v  71.5479 34.2075 -0.5312
v  56.3092 26.5925 -3.3747
v  43.1065 18.4225 -5.6373
v  31.9550 11.0122 -8.2245
v  22.0048 5.2414 -10.2867
v  198.5554 2.3261 -7.9313
v  198.4500 0.8249 -6.9600
v  12.1138 -19.8101 -13.0389
v  11.8642 -18.1038 -11.1960
v  11.2087 -3.5921 -8.8438
v  10.8704 -8.0954 -9.0386
v  12.6595 7.5442 -11.0467
v  12.4452 4.2055 -10.5146
v  11.5875 -0.5959 -9.3045
v  11.0085 -12.5587 -9.7023
v  12.6282 9.6272 -11.3577
v  12.5891 -23.0864 -11.5296
v  11.9309 1.4761 -9.9418
v  -16.0173 -32.5434 -12.6479
v  -14.1762 -39.4174 -12.6718
v  4.7255 -19.3290 -13.3686
v  3.6336 -17.8156 -13.3384
v  -21.2023 -2.1449 -12.2334
v  -22.4240 -8.8164 -12.4579
v  -1.3263 -7.7413 -13.2484
v  0.2092 -2.7096 -13.0351
v  -16.5064 17.6468 -11.9856
v  3.3658 3.9108 -12.9818
v  5.2107 7.5442 -13.0061
v  -13.6365 26.1082 -12.0256
v  -19.4060 5.4770 -12.1000
v  0.8466 -1.1376 -13.0167
v  -22.0414 -15.2546 -12.5702
v  -0.5900 -12.8263 -13.3069
v  8.7943 9.6272 -12.9695
v  -11.6021 38.8393 -11.8678
v  -12.5097 -52.3066 -11.8455
v  7.9625 -23.1266 -13.0465
v  -18.3743 10.4511 -12.0357
v  1.5111 0.3759 -13.0059
v  -36.5616 -44.5588 -13.5483
v  -31.9843 -51.2833 -13.5481
v  -43.6640 -1.9967 -13.5539
v  -44.6276 -10.0455 -13.5494
v  -37.9546 30.1141 -13.5557
v  -31.6475 40.4031 -13.5546
v  -41.9969 12.8825 -13.5544
v  -43.7976 -19.0040 -13.5490
v  -21.5668 45.3196 -13.5546
v  -23.8669 -56.7584 -13.5481
v  -41.2627 18.1772 -13.5548
v  175.2792 -49.1377 -9.5849
v  171.6275 -50.3586 -9.8051
v  177.9182 -58.1535 -11.7754
v  181.0313 -57.1369 -11.8058
v  165.5883 -40.6285 -5.1064
v  169.6609 -39.7729 -5.4622
v  162.6997 -28.1699 -1.4763
v  158.1057 -28.5728 0.7153
v  155.1781 -9.2464 1.9869
v  148.2251 -7.7974 2.5340
v  156.2963 -26.9986 1.3986
v  153.7538 14.3042 -1.3374
v  146.9449 15.8786 -0.4547
v  154.0891 22.5091 -2.9442
v  147.3918 24.5378 -2.0715
v  163.0240 48.8798 -9.0188
v  169.1956 65.7243 -11.8005
v  156.7832 55.1777 -9.1072
v  162.3611 73.3564 -11.8137
v  157.3735 34.4162 -5.8982
v  151.5343 39.0093 -5.7369
v  185.8880 17.0909 -7.7303
v  192.8772 21.8526 -11.8906
v  183.5886 7.1889 -4.8905
v  183.1106 2.0967 -3.7266
v  182.6140 -3.1922 -2.4888
v  188.8851 -3.9024 -3.8480
v  190.5383 -5.0916 -4.0122
v  209.6500 -18.8044 -7.0198
v  211.7334 -11.6542 -11.9469
v  210.6510 -15.5992 -8.9005
v  204.1052 2.8874 -11.9221
v  207.5661 -3.3704 -11.9471
v  200.3254 9.1416 -11.9159
v  210.2039 -17.0308 -8.0606
v  209.7292 -7.9288 -11.9470
v  204.6756 -10.6881 -6.2853
v  206.0239 -11.5727 -6.9086
v  202.2986 -12.7090 -4.1778
v  199.5733 -13.8176 -3.2772
v  198.4041 0.2846 -5.6697
v  195.2627 -0.1521 -4.7337
v  195.8938 -13.6578 -2.5361
v  192.6880 -11.7346 -2.0764
v  192.3330 -2.5360 -3.3694
v  204.7406 -7.3257 -5.5380
v  204.2164 -10.4019 -5.0427
v  191.0434 -5.2099 -2.9317
v  201.9929 -1.1435 -6.3227
v  204.1977 -3.7664 -6.0642
v  190.9621 -8.1559 -2.4945
v  203.3598 -11.4324 -4.6564
v  199.3393 -12.8815 -3.6097
v  201.7047 -11.9193 -4.3914
v  195.5932 -1.0633 -4.8739
v  198.3245 -0.6514 -5.6862
v  193.3118 -11.1466 -2.5718
v  196.1328 -12.7944 -2.9665
v  193.0551 -3.0898 -3.6898
v  203.4207 -9.9062 -5.1421
v  203.8546 -7.1887 -5.5720
v  191.9187 -5.4148 -3.3128
v  201.4475 -1.9323 -6.2530
v  203.4191 -4.2848 -6.0287
v  191.8481 -7.9804 -2.9311
v  202.6542 -10.8053 -4.8068
v  199.2716 -12.6106 -4.7163
v  201.5327 -11.6908 -5.4636
v  195.6888 -1.3271 -5.9248
v  198.3014 -0.9224 -6.7014
v  193.4923 -10.9763 -3.7286
v  196.2020 -12.5444 -4.1014
v  193.2641 -3.2501 -4.7929
v  203.1903 -9.7627 -6.1813
v  203.5981 -7.1491 -6.5922
v  192.1720 -5.4742 -4.4325
v  203.1743 -4.3568 -7.0288
v  201.2897 -2.1606 -7.2432
v  192.1046 -7.9295 -4.0721
v  202.4500 -10.6238 -5.8607
v  199.3308 -12.8474 -8.3397
v  201.6830 -11.8905 -9.1170
v  195.6052 -1.0965 -9.5969
v  198.3216 -0.6856 -10.4047
v  193.3345 -11.1251 -7.3123
v  196.1415 -12.7629 -7.7001
v  193.0814 -3.1100 -8.4194
v  203.3916 -9.8881 -9.8636
v  203.8223 -7.1837 -10.2911
v  191.9506 -5.4223 -8.0444
v  203.3883 -4.2939 -10.7453
v  201.4276 -1.9611 -10.9684
v  191.8804 -7.9740 -7.6696
v  202.6285 -10.7824 -9.5302
v  137.9933 -31.0575 4.3198
v  134.7140 -35.9253 2.2493
v  126.7106 -42.8631 -2.4305
v  136.3270 -42.5391 0.1117
v  146.6595 -56.7154 -8.1230
v  158.5062 -64.1812 -11.7730
v  129.7742 -72.3592 -12.2905
v  119.6337 -71.7702 -11.8937
v  147.4684 -68.5186 -11.8410
v  124.8738 -73.8232 -12.3109
v  118.2141 -72.4218 -11.8999
v  125.4841 -74.9644 -11.8458
v  99.5825 -72.9819 -8.5336
v  97.7949 -75.4484 -7.8538
v  108.1172 -75.1170 -8.1917
v  107.7109 -73.0391 -11.9047
v  98.2664 -77.1253 -8.4052
v  108.2473 -77.0322 -9.8038
v  117.6421 -75.1163 -10.2102
v  115.5379 -72.8700 -11.9047
v  118.3933 -76.1151 -11.4362
v  93.1462 -73.4091 -11.9047
v  86.1367 -75.1064 -8.1469
v  85.0652 -76.8100 -8.1315
v  172.0163 -50.5032 -8.4753
v  163.8842 -53.3110 -5.6835
v  169.1264 -60.8835 -11.7698
v  176.9553 -58.4525 -11.7724
v  158.3525 -42.8157 2.5081
v  166.6106 -41.5322 -3.1400
v  159.9129 -30.4171 3.4705
v  151.3289 -30.9677 6.5772
v  149.5063 -27.1528 1.7574
v  153.4055 -26.8557 2.5025
v  142.4491 14.7449 0.8037
v  143.6723 -7.1020 3.3742
v  142.5745 25.2369 -1.0449
v  145.8891 41.7979 -5.0436
v  150.4672 59.6456 -8.7951
v  155.1702 79.0731 -11.8045
v  111.4879 9.1247 10.8202
v  111.5177 9.0122 8.1997
v  110.7142 -7.8555 9.5108
v  110.6804 -7.7278 12.1389
v  142.9378 -49.7003 -3.0815
v  119.7766 32.4334 9.4535
v  129.9283 34.6109 8.3995
v  128.6414 34.2696 5.7908
v  119.8034 32.3323 6.8396
v  131.4965 -30.0385 5.7490
v  134.8833 -20.3560 7.5351
v  144.1072 -28.7797 2.6801
v  138.5693 -31.2581 4.6725
v  138.0121 -32.2139 4.8470
v  137.6306 -32.4666 6.1034
v  131.3957 -30.4766 7.6863
v  143.2093 -29.5442 5.1435
v  135.0649 -20.4297 11.6192
v  141.1938 -10.3200 10.7946
v  148.3550 -27.5650 5.2115
v  153.1495 -26.8507 4.4006
v  150.3267 -1.4763 8.7832
v  149.0399 -1.8176 6.1876
v  120.6885 -23.4450 9.3498
v  125.5210 -10.1791 7.6302
v  120.6546 -23.3173 12.0077
v  125.4911 -10.0666 13.5162
v  133.6018 4.2908 7.0432
v  141.2533 14.9329 6.2589
v  140.6672 -9.3568 6.9215
v  133.5750 4.3919 12.6301
v  142.5402 15.2743 8.8950
v  137.9855 -34.0127 7.0181
v  139.9615 -34.3920 6.5185
v  139.8031 -34.3984 5.2450
v  137.7194 -32.1843 4.6539
v  144.2205 -31.3450 5.7337
v  144.4833 -32.1492 5.5194
v  149.1751 -29.8721 5.0300
v  149.9409 -28.7666 5.2093
v  153.6449 -29.2965 3.3834
v  157.0907 -27.8361 3.8497
v  156.8270 -27.6161 0.8588
v  152.9188 -29.9141 2.2877
v  158.5028 -29.1275 3.4966
v  150.6354 -29.8679 5.7272
v  144.5197 -32.8712 6.6132
v  139.4171 -36.5075 5.8284
v  11.1363 -13.3380 -9.9170
v  -20.8267 -20.8561 -12.6226
v  0.0648 -13.8118 -13.3069
v  -40.7724 -30.1502 -13.5489
v  232.8533 -24.3387 -17.4231
v  234.1670 -23.0245 -15.8637
v  231.8743 -26.6195 -18.5011
v  231.5754 -29.2139 -18.9066
v  232.0259 -31.9434 -18.5505
v  233.3453 -35.1599 -17.2160
v  233.3864 -36.3961 -15.9443
v  232.8588 -36.6538 -14.2380
v  232.3297 -36.2366 -12.4520
v  232.0111 -34.9818 -11.1380
v  231.6453 -33.5256 -10.5771
v  231.1921 -31.7212 -9.8822
v  230.9990 -28.9564 -9.5024
v  231.6157 -26.4261 -9.9956
v  232.5742 -25.0155 -10.8389
v  233.3478 -23.8770 -11.5196
v  234.1044 -22.8031 -12.7824
v  234.3345 -22.4508 -14.3312
v  240.9772 -25.7687 -16.8667
v  242.3418 -24.7986 -15.6485
v  239.2729 -27.7115 -17.7737
v  238.7895 -29.8731 -18.1390
v  239.2622 -32.1421 -17.8665
v  239.8878 -34.6583 -16.7475
v  240.4404 -35.5952 -15.6154
v  241.0797 -36.0685 -14.2783
v  240.4117 -35.6290 -12.7944
v  239.9129 -34.6525 -11.7214
v  239.6225 -33.4195 -11.2113
v  239.2625 -31.8917 -10.5792
v  238.8729 -29.7672 -10.2956
v  239.3855 -27.7333 -10.6227
v  240.4156 -26.5325 -11.2266
v  241.2470 -25.5633 -11.7140
v  242.3401 -24.7072 -12.8403
v  242.9248 -24.5024 -14.2406
v  247.2284 -26.6887 -17.5358
v  248.4914 -25.5499 -16.1334
v  245.1998 -28.5329 -18.1201
v  244.9587 -30.3594 -18.4986
v  246.3475 -32.2004 -18.5211
v  247.4195 -34.4307 -17.4630
v  247.9051 -35.6292 -16.0947
v  247.9902 -36.0499 -14.2760
v  248.0362 -35.4332 -12.3493
v  247.7882 -34.8945 -11.1051
v  247.2921 -33.6527 -10.5614
v  246.6775 -32.1141 -9.8878
v  245.4094 -30.3484 -9.7820
v  245.6679 -28.5551 -9.9373
v  246.5069 -27.5335 -10.4417
v  247.1840 -26.7089 -10.8487
v  248.4935 -25.5500 -12.3610
v  248.5685 -25.4830 -13.9877
v  254.3718 -27.9409 -17.1841
v  254.5614 -27.5545 -16.0201
v  249.1186 -29.7675 -17.7011
v  249.3191 -30.4387 -18.2230
v  253.6041 -31.4908 -18.0161
v  254.2163 -33.8446 -17.0117
v  254.4242 -34.5039 -15.6483
v  254.6774 -34.9084 -14.2648
v  254.2672 -34.5824 -12.8085
v  253.7433 -33.9495 -11.4100
v  252.0082 -32.8414 -10.9348
v  249.8584 -31.4685 -10.3460
v  249.5025 -30.4227 -10.4130
v  250.2599 -29.5619 -10.2294
v  250.9224 -28.6073 -10.4091
v  251.4571 -27.8369 -10.5542
v  254.7818 -27.4250 -12.4460
v  254.8424 -27.3922 -14.0849
v  255.5316 -29.4214 -16.7263
v  255.7263 -29.2781 -15.6569
v  249.5618 -30.0947 -17.4494
v  249.0643 -30.7626 -17.9843
v  249.6073 -30.6568 -18.1739
v  249.6821 -30.4440 -17.7227
v  248.9862 -30.2829 -17.6804
v  250.0987 -31.2199 -17.9372
v  252.3274 -31.1153 -18.0755
v  254.5843 -31.1880 -17.7041
v  255.5282 -32.0179 -16.7309
v  255.8574 -32.4354 -15.5358
v  255.9033 -32.5709 -14.2455
v  255.7118 -32.5103 -12.8612
v  255.1378 -32.0710 -11.5509
v  254.2589 -31.7316 -11.1057
v  253.1699 -31.3112 -10.5541
v  250.1414 -30.4834 -10.7934
v  250.3813 -30.0179 -10.4189
v  252.6241 -29.7883 -10.8077
v  254.4343 -29.6030 -11.1215
v  255.7799 -29.3242 -12.6951
v  255.8957 -29.2669 -14.1850
v  244.2200 -30.7275 -10.7600
v  244.2179 -30.7324 -11.2614
v  244.2158 -30.5757 -10.9134
v  244.2173 -30.5546 -10.5566
v  244.2163 -30.7363 -11.6661
v  244.2149 -30.7363 -12.9594
v  244.2138 -30.5308 -12.7672
v  244.2147 -30.5178 -11.2809
v  244.2141 -30.7363 -14.2096
v  244.2135 -30.4813 -14.2138
v  244.2148 -30.7363 -15.3262
v  244.2137 -30.5274 -15.5524
v  244.2158 -30.7363 -16.2078
v  244.2140 -30.4430 -16.5947
v  247.4215 -30.9860 -17.3500
v  247.5504 -30.3950 -17.3693
v  244.2142 -31.1255 -16.6502
v  248.9180 -31.2940 -17.4957
v  244.2136 -31.1837 -15.5035
v  244.2135 -31.2148 -14.2400
v  244.2138 -31.2304 -12.8764
v  244.2144 -31.1428 -11.5914
v  244.2156 -31.0570 -11.1785
v  244.2171 -30.9507 -10.6669
v  249.9876 -30.2625 -10.7312
v  249.6754 -30.4733 -10.9028
v  252.2430 -30.1181 -10.8881
v  255.3421 -30.0369 -12.7395
v  254.0633 -30.1197 -11.2289
v  255.5762 -30.0401 -14.2138
v  255.4556 -30.0414 -15.5524
v  255.2261 -30.0395 -16.5947
v  249.6462 -30.1762 -17.3330
v  255.1659 -31.4927 -16.6502
v  254.1266 -31.1009 -17.6144
v  255.5276 -31.6211 -15.5035
v  255.5930 -31.6898 -14.2400
v  255.3902 -31.7243 -12.8764
v  254.7993 -31.5310 -11.5914
v  253.0203 -31.2418 -10.6140
v  254.0048 -31.4018 -11.1548
v  137.4610 -46.7592 -28.1604
v  141.1251 -50.8353 -24.6070
v  91.3182 -39.0345 -27.6771
v  72.7175 -37.4132 -24.8653
v  57.5559 -33.8648 -22.6452
v  45.1398 -28.4017 -21.2119
v  33.2908 -22.9256 -19.5568
v  22.3860 -16.3760 -17.9872
v  11.2059 -13.9626 -18.4439
v  1.1440 -14.1144 -15.2021
v  -18.3114 -23.1881 -15.9141
v  -40.1491 -32.2831 -14.9572
v  -41.8231 -32.8661 -14.2530
v  -40.1491 -32.2831 -13.5488
v  -19.7403 -24.0263 -12.6405
v  0.8425 -14.3871 -13.3098
v  11.2702 -14.1837 -10.1636
v  22.6434 -18.1638 -10.2533
v  34.1934 -22.3157 -9.0341
v  46.3199 -27.0987 -7.0332
v  59.7996 -31.9991 -4.8080
v  75.4201 -35.9782 -2.8137
v  92.4768 -39.6730 -1.1153
v  110.8779 -42.9954 -0.7705
v  91.0065 -48.4953 -24.4860
v  69.1791 -46.3362 -21.8365
v  55.3386 -41.2754 -20.7085
v  43.4405 -35.0172 -19.8291
v  32.1617 -28.1499 -18.5309
v  22.0443 -20.9246 -17.0041
v  11.5109 -15.8571 -17.9147
v  2.3453 -15.9003 -15.1855
v  -17.0119 -27.6672 -15.8845
v  -38.4180 -38.2065 -14.9575
v  -40.0371 -38.9774 -14.2530
v  -38.4180 -38.2065 -13.5486
v  -17.7986 -27.5720 -12.6144
v  2.3453 -15.9003 -13.3206
v  11.5735 -16.1078 -10.6679
v  22.1170 -21.0733 -11.6202
v  32.7403 -26.5522 -10.2707
v  44.4053 -33.4788 -8.5383
v  57.7954 -40.5034 -7.0553
v  73.8555 -45.1363 -5.4587
v  92.2219 -48.8903 -4.0966
v  113.3025 -50.6382 -3.6192
v  129.8260 -50.5451 -4.9956
# 1159 vertices

vn 0.2620 -0.1471 -0.9538
vn 0.1731 -0.2604 -0.9499
vn 0.1721 -0.2705 -0.9472
vn 0.2417 -0.0831 -0.9668
vn 0.0423 -0.0591 -0.9974
vn -0.0090 -0.2258 -0.9741
vn -0.1454 -0.2142 -0.9659
vn -0.1545 -0.1187 -0.9808
vn -0.2166 -0.1201 -0.9688
vn -0.2072 -0.2059 -0.9564
vn -0.2246 -0.1913 -0.9555
vn -0.2384 -0.1246 -0.9631
vn -0.2269 -0.0745 -0.9711
vn -0.2246 -0.1345 -0.9651
vn -0.1411 -0.2056 -0.9684
vn -0.2007 -0.0709 -0.9771
vn 0.5527 0.4663 -0.6907
vn 0.5669 0.5200 -0.6390
vn 0.4258 0.4247 -0.7990
vn 0.4111 0.3946 -0.8218
vn 0.1072 0.1581 -0.9816
vn 0.1733 0.1462 -0.9740
vn 0.1468 0.1654 -0.9752
vn 0.0960 0.1814 -0.9787
vn -0.0056 0.2698 -0.9629
vn -0.1436 0.3167 -0.9376
vn -0.1815 0.3269 -0.9275
vn -0.0602 0.2424 -0.9683
vn -0.2603 0.2837 -0.9229
vn -0.3022 0.2558 -0.9183
vn -0.1513 0.1390 -0.9787
vn -0.1598 0.2005 -0.9666
vn -0.3373 0.1763 -0.9247
vn -0.2524 0.3297 -0.9097
vn -0.2549 0.4279 -0.8671
vn -0.1956 0.1309 -0.9719
vn 0.0943 0.2061 -0.9740
vn 0.0506 0.2033 -0.9778
vn 0.1448 0.0062 -0.9894
vn -0.0268 -0.2329 -0.9721
vn -0.8147 -0.5228 -0.2510
vn -0.9450 0.0408 -0.3245
vn 0.1393 0.0532 -0.9888
vn 0.1304 -0.2322 -0.9639
vn 0.1487 0.1685 -0.9744
vn 0.1579 0.1224 -0.9798
vn 0.2343 0.1420 -0.9617
vn 0.2156 0.1627 -0.9628
vn 0.1862 -0.0678 -0.9802
vn 0.1424 -0.2714 -0.9519
vn 0.1646 -0.2497 -0.9542
vn 0.1649 -0.2296 -0.9592
vn 0.6248 0.2714 -0.7321
vn 0.0981 -0.2846 -0.9536
vn 0.1511 -0.0179 -0.9884
vn 0.1466 0.0026 -0.9892
vn 0.1045 -0.2709 -0.9569
vn 0.2172 0.5448 -0.8100
vn 0.2386 0.6028 -0.7614
vn 0.2498 0.7140 -0.6540
vn 0.2016 0.6585 -0.7251
vn -0.2496 -0.0089 -0.9683
vn -0.2196 0.0373 -0.9749
vn -0.2494 0.0815 -0.9650
vn -0.2731 0.0747 -0.9591
vn -0.2276 0.0133 -0.9737
vn -0.2521 0.0048 -0.9677
vn -0.2710 0.1333 -0.9533
vn -0.2353 0.1606 -0.9586
vn -0.1320 0.0589 -0.9895
vn -0.1194 0.1922 -0.9741
vn 0.0608 0.1313 -0.9895
vn 0.0601 0.2064 -0.9766
vn 0.1795 0.1408 -0.9736
vn 0.1855 0.1856 -0.9650
vn 0.1631 0.1931 -0.9675
vn 0.2289 0.1552 -0.9610
vn 0.2075 0.1566 -0.9656
vn 0.2039 0.1826 -0.9618
vn 0.2007 0.1656 -0.9656
vn 0.1893 0.1880 -0.9638
vn 0.1618 0.1706 -0.9720
vn 0.1555 0.1920 -0.9690
vn 0.1895 0.0463 -0.9808
vn 0.1816 0.0509 -0.9821
vn 0.3689 -0.0520 -0.9280
vn 0.3185 -0.0423 -0.9470
vn 0.2941 0.2654 -0.9182
vn 0.2871 0.3305 -0.8991
vn 0.1933 0.3126 -0.9300
vn 0.1942 0.2587 -0.9462
vn -0.3025 -0.2445 -0.9213
vn -0.3173 -0.2964 -0.9008
vn -0.2866 -0.3134 -0.9054
vn -0.2665 -0.3197 -0.9093
vn -0.1503 -0.3045 -0.9406
vn -0.1628 -0.3566 -0.9200
vn -0.2123 -0.3352 -0.9179
vn -0.1988 -0.2748 -0.9407
vn -0.0819 -0.3537 -0.9318
vn -0.0721 -0.4001 -0.9136
vn 0.0190 -0.3608 -0.9325
vn 0.0217 -0.3968 -0.9176
vn 0.0528 -0.3767 -0.9248
vn 0.0654 -0.3634 -0.9293
vn 0.1407 -0.6320 -0.7621
vn 0.1533 -0.4757 -0.8662
vn 0.1067 -0.4975 -0.8609
vn 0.0485 -0.7684 -0.6382
vn 0.1118 -0.2593 -0.9593
vn -0.7074 -0.6456 -0.2878
vn 0.0890 -0.2950 -0.9513
vn 0.0992 -0.2551 -0.9618
vn 0.2158 -0.4298 -0.8768
vn 0.1965 -0.3904 -0.8994
vn 0.1521 -0.3596 -0.9206
vn 0.1600 -0.3521 -0.9222
vn 0.2951 -0.3731 -0.8796
vn 0.2903 -0.4072 -0.8660
vn 0.3814 -0.4736 -0.7939
vn 0.3604 -0.4085 -0.8386
vn 0.2641 -0.6441 -0.7179
vn 0.1877 -0.5152 -0.8363
vn 0.0876 -0.5549 -0.8273
vn 0.0782 -0.6711 -0.7372
vn 0.1798 0.0223 -0.9835
vn 0.0626 -0.0833 -0.9946
vn 0.0037 -0.0097 -0.9999
vn -0.0044 -0.0158 -0.9999
vn -0.0098 -0.1950 -0.9808
vn 0.0314 0.0022 -0.9995
vn -0.1541 0.1335 -0.9790
vn 0.0848 -0.0080 -0.9964
vn -0.3036 0.2395 -0.9222
vn -0.2674 -0.0084 -0.9635
vn -0.2819 0.1101 -0.9531
vn -0.2515 -0.1084 -0.9618
vn -0.2339 -0.1578 -0.9594
vn -0.2421 -0.2574 -0.9355
vn -0.2568 -0.2938 -0.9207
vn -0.0257 0.0069 -0.9996
vn 0.0012 -0.0466 -0.9989
vn -0.0217 0.0465 -0.9987
vn 0.0076 0.0556 -0.9984
vn -0.0323 0.0202 -0.9993
vn -0.0193 0.0195 -0.9996
vn -0.1252 0.2924 -0.9481
vn -0.0145 0.0460 -0.9988
vn -0.0113 0.0212 -0.9997
vn -0.0222 0.0079 -0.9997
vn -0.2441 0.1214 -0.9621
vn 0.2242 0.0576 -0.9728
vn 0.0061 0.1413 -0.9899
vn 0.0805 0.0614 -0.9949
vn 0.0501 0.0884 -0.9948
vn 0.0587 0.0746 -0.9955
vn 0.0364 -0.0505 -0.9981
vn -0.0303 0.0748 -0.9967
vn -0.0092 -0.0158 -0.9998
vn -0.0068 -0.0182 -0.9998
vn -0.0092 -0.0139 -0.9999
vn 0.0177 -0.0398 -0.9991
vn -0.0339 -0.0093 -0.9994
vn 0.0003 -0.0038 -1.0000
vn -0.0006 -0.0029 -1.0000
vn -0.0008 -0.0013 -1.0000
vn 0.4849 0.3251 -0.8119
vn 0.4935 0.3368 -0.8019
vn 0.4142 0.3298 -0.8483
vn 0.3965 0.3265 -0.8580
vn 0.1413 -0.0808 -0.9867
vn 0.1450 -0.2822 -0.9483
vn 0.0968 -0.2578 -0.9613
vn 0.1275 0.0093 -0.9918
vn 0.1594 -0.3206 -0.9337
vn 0.1627 -0.2682 -0.9495
vn 0.0808 -0.3188 -0.9444
vn 0.1159 -0.3448 -0.9315
vn 0.4366 0.0369 -0.8989
vn 0.4359 0.0321 -0.8994
vn 0.3533 0.0560 -0.9338
vn 0.4043 0.0117 -0.9146
vn 0.0718 0.6282 -0.7747
vn 0.0724 0.3246 -0.9431
vn 0.0448 0.4130 -0.9096
vn 0.0655 0.6364 -0.7686
vn 0.1451 0.1812 -0.9727
vn 0.1635 0.1597 -0.9735
vn 0.1944 0.1706 -0.9660
vn 0.1833 0.1839 -0.9657
vn 0.1389 0.2157 -0.9665
vn 0.0409 0.2442 -0.9689
vn -0.1240 0.2447 -0.9616
vn -0.2374 0.2246 -0.9451
vn -0.2771 0.2039 -0.9390
vn -0.2848 0.1775 -0.9420
vn -0.2782 0.1238 -0.9525
vn -0.1532 0.1542 -0.9761
vn 0.2165 0.5397 -0.8135
vn 0.3188 0.4295 -0.8449
vn -0.1907 -0.3010 -0.9344
vn -0.1638 -0.4523 -0.8767
vn -0.1696 -0.0249 -0.9852
vn 0.0190 -0.0080 -0.9998
vn 0.0088 -0.0756 -0.9971
vn -0.1733 -0.0795 -0.9817
vn -0.0968 0.2374 -0.9666
vn -0.0252 0.1384 -0.9901
vn -0.1604 0.2339 -0.9589
vn -0.0109 0.1488 -0.9888
vn 0.0047 0.1240 -0.9923
vn -0.1723 0.1682 -0.9706
vn -0.1482 -0.2867 -0.9465
vn -0.1592 -0.2876 -0.9444
vn -0.1128 -0.2046 -0.9723
vn 0.0011 -0.1318 -0.9913
vn -0.1569 -0.1429 -0.9772
vn 0.1574 0.0287 -0.9871
vn -0.2288 0.1404 -0.9633
vn 0.5654 0.1715 -0.8068
vn -0.1419 -0.4690 -0.8717
vn -0.1560 0.2634 -0.9520
vn -0.0021 -0.0047 -1.0000
vn -0.1192 -0.1005 -0.9878
vn -0.1062 -0.1274 -0.9862
vn -0.0128 -0.0075 -0.9999
vn 0.0423 -0.0497 -0.9979
vn 0.0418 -0.0110 -0.9991
vn -0.1508 0.0567 -0.9869
vn -0.1950 0.0297 -0.9803
vn -0.0108 -0.0122 -0.9999
vn -0.0117 -0.0101 -0.9999
vn -0.0032 -0.0070 -1.0000
vn -0.0052 -0.0062 -1.0000
vn -0.1774 -0.0775 -0.9811
vn -0.1401 -0.1046 -0.9846
vn 0.0384 -0.0054 -0.9992
vn 0.0254 -0.0227 -0.9994
vn -0.0277 0.0605 -0.9978
vn 0.0375 -0.0199 -0.9991
vn -0.0356 -0.0161 -0.9992
vn -0.0338 -0.0230 -0.9992
vn -0.0514 -0.0103 -0.9986
vn -0.0578 0.0304 -0.9979
vn -0.0605 0.0037 -0.9982
vn -0.0625 0.0073 -0.9980
vn -0.0396 -0.0115 -0.9992
vn -0.0405 -0.0116 -0.9991
vn -0.0436 -0.0093 -0.9990
vn -0.0802 0.0461 -0.9957
vn -0.0872 -0.0016 -0.9962
vn -0.0629 0.0144 -0.9979
vn -0.7098 -0.6217 -0.3311
vn 0.0785 -0.2763 -0.9579
vn 0.0671 -0.2170 -0.9739
vn 0.0573 -0.3105 -0.9488
vn -0.9659 -0.0995 -0.2392
vn -0.8410 -0.5272 -0.1214
vn 0.2055 -0.1601 -0.9655
vn 0.1412 0.0534 -0.9885
vn 0.1561 0.1959 -0.9681
vn 0.1801 0.1599 -0.9706
vn 0.1643 0.2097 -0.9639
vn 0.2106 0.1766 -0.9615
vn 0.1369 0.1466 -0.9797
vn 0.1297 0.1056 -0.9859
vn 0.1486 0.1380 -0.9792
vn 0.1142 0.1201 -0.9862
vn 0.1540 0.1830 -0.9710
vn 0.1979 0.1698 -0.9654
vn 0.3538 0.2150 -0.9103
vn 0.2910 0.2298 -0.9287
vn 0.2155 0.2107 -0.9535
vn 0.1832 0.2046 -0.9615
vn 0.1710 0.2081 -0.9630
vn -0.1972 0.0942 -0.9758
vn -0.0208 -0.0083 -0.9998
vn -0.0632 0.0088 -0.9980
vn 0.1591 0.0853 -0.9836
vn 0.1105 0.1709 -0.9791
vn 0.1678 0.1800 -0.9693
vn 0.1855 0.0777 -0.9796
vn 0.2856 0.0590 -0.9565
vn 0.3864 0.0718 -0.9195
vn 0.3082 0.1533 -0.9389
vn 0.2400 0.0602 -0.9689
vn 0.4721 0.2705 -0.8390
vn 0.5770 0.3425 -0.7415
vn 0.5726 0.4821 -0.6632
vn 0.4505 0.4639 -0.7628
vn 0.7699 0.4569 -0.4456
vn 0.5388 0.6016 -0.5897
vn 0.5846 0.4850 -0.6504
vn 0.8036 0.4429 -0.3975
vn 0.5315 0.3204 -0.7841
vn 0.4257 0.3292 -0.8429
vn 0.2358 0.1843 -0.9542
vn 0.2821 0.2417 -0.9284
vn 0.2359 0.2454 -0.9403
vn 0.8085 0.3436 -0.4777
vn 0.5293 0.0798 -0.8446
vn 0.5484 0.0836 -0.8320
vn 0.6010 0.3234 -0.7309
vn 0.3303 -0.1295 -0.9349
vn 0.4184 0.2139 -0.8827
vn 0.4588 -0.7753 -0.4340
vn -0.0086 0.9202 -0.3915
vn -0.4213 -0.7998 -0.4276
vn -0.4578 0.7911 -0.4057
vn 0.9237 -0.1000 -0.3699
vn -0.7888 0.4482 -0.4206
vn 0.7053 0.6156 -0.3515
vn 0.0451 -0.8999 -0.4337
vn 0.3988 0.8382 -0.3719
vn -0.8308 -0.3545 -0.4291
vn 0.9146 0.1912 -0.3563
vn 0.7736 -0.4868 -0.4058
vn -0.8979 0.0893 -0.4311
vn 0.1550 0.3649 -0.9181
vn 0.2906 -0.0417 -0.9559
vn 0.3351 0.3569 -0.8720
vn 0.4146 0.0118 -0.9099
vn -0.0179 0.1605 -0.9869
vn 0.3868 -0.0375 -0.9214
vn -0.0089 0.0892 -0.9960
vn 0.1953 0.3824 -0.9031
vn 0.1669 -0.0302 -0.9855
vn 0.3939 0.2869 -0.8732
vn -0.0324 0.1455 -0.9888
vn 0.0646 0.3015 -0.9513
vn 0.4196 0.1221 -0.8994
vn -0.2951 0.9237 -0.2442
vn 0.2189 -0.9427 -0.2517
vn 0.5131 0.8326 -0.2086
vn 0.6699 -0.7048 -0.2335
vn -0.9519 0.1884 -0.2418
vn 0.8890 -0.3991 -0.2244
vn -0.7511 -0.6132 -0.2445
vn 0.0690 0.9717 -0.2259
vn -0.3283 -0.9092 -0.2560
vn 0.8797 0.4273 -0.2084
vn -0.9645 -0.1077 -0.2411
vn -0.6872 0.6817 -0.2511
vn 0.9755 0.0057 -0.2200
vn -0.3947 0.9164 0.0663
vn 0.1324 -0.9891 0.0638
vn 0.4954 0.8666 0.0594
vn 0.6033 -0.7951 0.0624
vn -0.9874 0.1462 0.0601
vn 0.8923 -0.4472 0.0617
vn -0.7582 -0.6494 0.0588
vn 0.0114 0.9980 0.0629
vn -0.3902 -0.9186 0.0623
vn 0.9099 0.4105 0.0594
vn -0.9857 -0.1580 0.0588
vn -0.7698 0.6350 0.0650
vn 0.9974 -0.0365 0.0617
vn -0.4548 -0.5838 -0.6726
vn 0.0048 -0.6099 -0.7925
vn 0.0589 -0.3371 -0.9396
vn 0.0293 -0.0575 -0.9979
vn -0.0403 0.0785 -0.9961
vn 0.0396 -0.1008 -0.9941
vn -0.0807 0.2720 -0.9589
vn 0.0119 0.1393 -0.9902
vn 0.0485 0.4218 -0.9054
vn -0.0919 0.3127 -0.9454
vn -0.0613 0.3466 -0.9360
vn -0.0989 0.4480 -0.8885
vn 0.0838 0.8735 -0.4796
vn 0.1683 0.1464 -0.9748
vn -0.1183 0.1304 -0.9844
vn 0.1395 -0.6365 -0.7586
vn 0.0190 -0.3244 -0.9457
vn 0.2033 -0.0954 -0.9745
vn 0.0469 0.6795 -0.7321
vn 0.2592 -0.6189 -0.7415
vn -0.0726 0.8549 -0.5137
vn 0.0186 0.1908 -0.9815
vn 0.0206 -0.0039 -0.9998
vn 0.6646 -0.0155 -0.7470
vn 0.1017 -0.3266 -0.9397
vn 0.1751 -0.3989 -0.9001
vn 0.3050 -0.4547 -0.8368
vn 0.6237 0.0899 -0.7765
vn -0.1729 0.0701 -0.9824
vn 0.1864 0.0489 -0.9813
vn 0.2317 0.1469 -0.9616
vn 0.1829 0.1840 -0.9658
vn 0.1975 0.1713 -0.9652
vn 0.1576 0.1418 -0.9773
vn 0.1083 0.1368 -0.9847
vn -0.0813 -0.5303 -0.8439
vn -0.9988 0.0467 0.0150
vn -0.9807 0.1946 0.0194
vn -0.7478 0.1914 -0.6358
vn -0.5762 0.0477 -0.8159
vn 0.7848 0.4019 -0.4718
vn 0.8047 0.5740 0.1519
vn 0.8813 0.1908 -0.4324
vn 0.7216 0.4057 -0.5610
vn 0.6395 0.7687 -0.0077
vn -0.2149 0.9761 0.0308
vn -0.1812 0.0987 0.9785
vn -0.5904 -0.4385 0.6776
vn -0.9618 0.1981 0.1890
vn -0.1262 0.9695 -0.2100
vn -0.2997 -0.6977 -0.6507
vn -0.1938 -0.3019 0.9334
vn 0.0476 -0.6584 -0.7511
vn 0.1420 -0.1699 -0.9752
vn 0.2025 -0.2299 -0.9519
vn 0.7266 -0.0635 -0.6841
vn 0.1636 -0.1628 -0.9730
vn 0.2659 -0.0959 -0.9592
vn 0.9790 0.0760 -0.1892
vn 0.8828 0.1777 0.4349
vn -0.1438 0.0815 0.9862
vn -0.0682 -0.0474 0.9965
vn -0.5450 -0.8378 -0.0334
vn 0.0162 -0.1939 -0.9809
vn 0.0167 -0.0211 -0.9996
vn -0.0654 -0.0256 0.9975
vn 0.2430 0.0591 -0.9682
vn 0.8098 0.3789 0.4479
vn -0.1369 -0.0729 0.9879
vn -0.1376 -0.0779 0.9874
vn -0.1087 -0.0526 0.9927
vn -0.0771 -0.0381 0.9963
vn -0.8422 -0.5390 -0.0152
vn -0.0701 -0.0532 0.9961
vn 0.1400 0.1538 -0.9781
vn 0.7589 0.4842 0.4354
vn 0.0109 0.0506 -0.9987
vn -0.8496 0.3262 -0.4144
vn -0.9425 0.3335 0.0226
vn -0.0568 -0.0212 0.9982
vn -0.0601 -0.0368 0.9975
vn -0.1318 0.0201 0.9911
vn -0.0459 -0.0149 0.9988
vn -0.1072 0.1693 0.9797
vn 0.3212 0.6093 -0.7249
vn -0.9019 0.4021 0.1576
vn -0.5786 0.4025 -0.7093
vn -0.4704 0.8495 0.2390
vn -0.4286 0.8818 -0.1967
vn -0.4307 0.8658 -0.2549
vn -0.3566 0.8654 -0.3521
vn -0.2881 0.9341 -0.2107
vn 0.0031 0.9982 -0.0600
vn 0.6028 0.7881 -0.1243
vn 0.3609 0.1649 -0.9179
vn 0.3924 0.6871 -0.6114
vn -0.7736 -0.1528 -0.6150
vn 0.5688 0.5933 -0.5696
vn 0.4979 0.8672 0.0062
vn 0.2965 -0.2556 -0.9202
vn 0.1246 0.2271 -0.9659
vn 0.1311 -0.4738 -0.8708
vn 0.0469 0.1164 -0.9921
vn -0.1040 -0.7619 -0.6393
vn 0.0470 -0.0975 -0.9941
vn -0.8050 -0.5886 -0.0747
vn 0.1693 -0.3227 -0.9312
vn 0.2275 -0.0094 -0.9737
vn 0.4436 -0.5226 -0.7281
vn 0.2498 -0.7204 -0.6470
vn -0.0040 -0.8587 -0.5124
vn -0.2959 -0.1789 -0.9383
vn -0.0673 -0.3161 -0.9463
vn -0.1136 -0.3610 -0.9256
vn -0.0717 -0.3983 -0.9145
vn 0.0071 -0.3203 -0.9473
vn -0.0007 -0.3284 -0.9445
vn -0.0138 -0.3223 -0.9465
vn -0.1375 -0.2649 -0.9544
vn -0.1960 -0.2398 -0.9508
vn -0.2077 -0.2082 -0.9558
vn -0.2202 -0.1713 -0.9603
vn -0.2234 -0.1481 -0.9634
vn 0.6646 0.2769 -0.6940
vn 0.4986 -0.8322 -0.2426
vn 0.0936 0.5616 -0.8221
vn 0.0122 -0.7807 -0.6248
vn 0.2598 0.6081 -0.7501
vn 0.6616 -0.7499 0.0000
vn 0.7421 0.3741 -0.5562
vn 0.0583 -0.9908 -0.1220
vn 0.2683 0.8634 -0.4272
vn -0.9741 -0.2149 0.0704
vn 0.0889 0.4919 -0.8661
vn 0.0349 0.5497 -0.8346
vn -0.0130 0.5663 -0.8241
vn 0.0031 0.1639 -0.9865
vn -0.9929 -0.1175 0.0164
vn -0.8449 -0.2147 0.4900
vn -0.0206 0.1694 -0.9853
vn -0.1693 0.1647 -0.9717
vn -0.0570 0.4092 -0.9107
vn -0.9922 -0.1206 0.0316
vn 0.4916 -0.6747 -0.5505
vn -0.8301 0.5508 0.0862
vn 0.1479 -0.7811 -0.6066
vn -0.9033 0.4263 0.0480
vn -0.5823 -0.3356 -0.7405
vn 0.0292 -0.6283 -0.7774
vn -0.0592 -0.5187 -0.8529
vn -0.3050 -0.4745 -0.8257
vn -0.0565 -0.5187 -0.8531
vn -0.1069 -0.5173 -0.8491
vn 0.5278 -0.8451 -0.0852
vn 0.7527 0.4213 -0.5060
vn 0.4897 -0.8719 -0.0000
vn -0.0034 0.9686 -0.2485
vn -0.0141 0.9696 -0.2442
vn -0.0503 0.9677 -0.2470
vn -0.0404 0.9591 -0.2803
vn -0.0225 -0.9727 -0.2310
vn -0.0909 -0.9932 -0.0724
vn 0.8089 0.5615 -0.1745
vn 0.8186 -0.5738 -0.0260
vn -0.2949 -0.2001 -0.9343
vn -0.3564 0.0427 -0.9333
vn -0.2691 0.1649 -0.9489
vn -0.3560 0.0400 -0.9336
vn -0.9625 -0.2713 -0.0000
vn -0.9651 -0.2620 -0.0000
vn -0.3565 -0.0968 -0.9293
vn -0.3558 -0.1002 -0.9292
vn -0.3675 -0.0350 -0.9294
vn 0.4144 0.7101 -0.5693
vn -0.1346 0.2760 -0.9517
vn 0.2839 -0.8184 -0.4996
vn -0.2074 -0.3071 -0.9288
vn -0.3293 0.0913 -0.9398
vn 0.3211 -0.8627 -0.3906
vn 0.5527 0.3097 -0.7737
vn 0.3028 -0.7805 -0.5470
vn 0.2764 -0.8230 -0.4963
vn 0.5078 0.3534 -0.7856
vn 0.4667 0.4303 -0.7727
vn 0.7302 0.4148 -0.5428
vn 0.5032 -0.8374 -0.2137
vn 0.6861 0.3950 -0.6109
vn -0.3527 0.0489 -0.9345
vn 0.6998 0.4400 -0.5628
vn 0.7217 0.3828 -0.5768
vn 0.3034 0.5552 -0.7744
vn -0.5943 -0.0675 0.8014
vn 0.3142 -0.8523 -0.4182
vn -0.2521 0.5529 0.7942
vn -0.3679 0.8921 0.2623
vn 0.2651 -0.9014 -0.3424
vn -0.8212 0.5515 0.1463
vn -0.0090 0.9924 0.1226
vn 0.0252 -0.9868 -0.1601
vn 0.1258 0.9594 0.2526
vn 0.1654 -0.9332 -0.3190
vn -0.0719 0.9605 0.2687
vn -0.0227 -0.9895 -0.1429
vn -0.0353 0.9792 0.1998
vn 0.1004 -0.9692 -0.2247
vn 0.4094 0.4980 -0.7645
vn 0.2614 -0.8416 -0.4727
vn 0.2724 -0.8462 -0.4579
vn 0.2442 -0.7836 -0.5713
vn 0.2275 -0.8429 -0.4876
vn 0.2776 -0.8608 -0.4265
vn 0.3701 0.5153 -0.7730
vn -0.0386 0.9095 -0.4140
vn 0.0000 0.8643 -0.5030
vn -0.2631 0.3439 -0.9014
vn -0.2567 0.2008 -0.9454
vn -0.2803 0.1545 -0.9474
vn -0.3395 -0.0248 -0.9403
vn -0.0980 -0.5211 -0.8479
vn -0.0000 -1.0000 -0.0000
vn 0.2547 -0.0545 0.9655
vn 0.2468 -0.0865 0.9652
vn 0.1927 -0.2556 0.9474
vn 0.1929 -0.2202 0.9562
vn 0.0363 -0.0551 0.9978
vn -0.1611 -0.1074 0.9811
vn -0.1546 -0.2119 0.9650
vn -0.0116 -0.2215 0.9751
vn -0.2099 -0.1064 0.9719
vn -0.2407 -0.0940 0.9660
vn -0.2286 -0.1718 0.9583
vn -0.1986 -0.1950 0.9605
vn -0.0932 -0.0439 0.9947
vn -0.1012 -0.1218 0.9874
vn -0.1987 -0.1201 0.9727
vn -0.2077 -0.0637 0.9761
vn 0.6895 0.4669 0.5537
vn 0.4906 0.5195 0.6996
vn 0.4258 0.4247 0.7990
vn 0.5669 0.5200 0.6390
vn 0.1050 0.1579 0.9819
vn 0.0857 0.1725 0.9813
vn 0.1350 0.1723 0.9758
vn 0.1530 0.1479 0.9771
vn -0.1834 0.3215 0.9290
vn -0.1467 0.3127 0.9384
vn -0.0066 0.2630 0.9648
vn -0.0587 0.2358 0.9700
vn -0.1293 0.1269 0.9834
vn -0.2994 0.2400 0.9235
vn -0.2507 0.2897 0.9237
vn -0.1533 0.1993 0.9679
vn -0.2556 0.8494 0.4617
vn -0.3493 0.5202 0.7793
vn -0.3290 0.1696 0.9290
vn -0.1737 0.1094 0.9787
vn 0.0998 0.2020 0.9743
vn 0.0608 0.1932 0.9793
vn 0.1443 0.0030 0.9895
vn -0.0324 -0.2302 0.9726
vn 0.1402 0.0542 0.9886
vn -0.9455 0.0402 0.3231
vn -0.7986 -0.4748 0.3698
vn 0.1316 -0.2364 0.9627
vn 0.2405 0.1449 0.9598
vn 0.1678 0.1264 0.9777
vn 0.1535 0.1644 0.9744
vn 0.2191 0.1611 0.9623
vn 0.2022 -0.0529 0.9779
vn 0.1746 -0.2424 0.9543
vn 0.6248 0.2714 0.7321
vn 0.1115 0.0002 0.9938
vn 0.1616 -0.0433 0.9859
vn 0.1183 -0.3063 0.9446
vn 0.0495 -0.2963 0.9538
vn 0.2210 0.6073 0.7631
vn 0.4200 0.5649 0.7103
vn 0.4024 0.5813 0.7072
vn 0.2041 0.5739 0.7931
vn -0.1474 0.1962 0.9694
vn -0.1061 0.0757 0.9915
vn -0.2364 0.0036 0.9717
vn -0.2792 0.0878 0.9562
vn -0.2672 0.1275 0.9552
vn -0.2455 0.0064 0.9694
vn -0.2203 0.0142 0.9753
vn -0.2326 0.1444 0.9618
vn -0.1336 0.0496 0.9898
vn -0.1124 0.1859 0.9761
vn 0.0578 0.1270 0.9902
vn 0.0610 0.2051 0.9768
vn 0.1740 0.1343 0.9755
vn 0.1678 0.1975 0.9658
vn 0.2065 0.1836 0.9611
vn 0.2119 0.1432 0.9667
vn 0.2382 0.1428 0.9607
vn 0.2354 0.1765 0.9557
vn 0.1714 0.1715 0.9702
vn 0.1555 0.1915 0.9691
vn 0.1620 0.1702 0.9720
vn 0.1680 0.1762 0.9699
vn 0.2035 0.4378 0.8757
vn 0.2042 0.5579 0.8044
vn 0.3786 0.5894 0.7136
vn 0.2979 0.3634 0.8827
vn 0.3338 0.1342 0.9330
vn 0.0705 0.0080 0.9975
vn 0.3689 -0.0520 0.9280
vn 0.2871 0.3305 0.8991
vn 0.2908 0.1378 0.9468
vn 0.3394 0.0058 0.9406
vn -0.2154 -0.1807 0.9596
vn -0.1631 -0.1708 0.9717
vn -0.0718 -0.0498 0.9962
vn -0.2414 -0.2639 0.9338
vn -0.1948 -0.2773 0.9408
vn -0.2030 -0.3151 0.9271
vn -0.1547 -0.3391 0.9279
vn -0.1464 -0.3174 0.9369
vn -0.0779 -0.3949 0.9154
vn -0.0877 -0.3568 0.9300
vn 0.0220 -0.3673 0.9298
vn 0.0216 -0.3972 0.9175
vn 0.0367 -0.3777 0.9252
vn 0.0611 -0.3705 0.9268
vn 0.0413 -0.6200 0.7835
vn -0.0797 -0.7198 0.6896
vn 0.0887 -0.5509 0.8299
vn 0.1619 -0.5401 0.8259
vn 0.1072 -0.2926 0.9502
vn -0.1504 -0.4463 0.8821
vn 0.1264 -0.2739 0.9534
vn 0.0991 -0.2556 0.9617
vn 0.1569 -0.3655 0.9175
vn 0.1960 -0.3861 0.9014
vn 0.2910 -0.4110 0.8640
vn 0.2614 -0.3508 0.8992
vn 0.3878 -0.4528 0.8029
vn 0.3195 -0.3966 0.8606
vn 0.0000 -0.6884 0.7254
vn 0.0163 -0.4903 0.8714
vn 0.1285 -0.5142 0.8480
vn 0.2461 -0.6100 0.7532
vn -0.1173 -0.1993 0.9729
vn -0.1992 -0.1694 0.9652
vn -0.2162 -0.2050 0.9546
vn -0.1890 -0.2299 0.9547
vn -0.1399 -0.2713 0.9523
vn -0.0126 -0.3149 0.9490
vn -0.0243 -0.3543 0.9348
vn 0.0948 -0.4679 0.8787
vn -0.0941 0.0289 0.9951
vn -0.2251 -0.5099 0.8303
vn -0.2769 -0.6514 0.7064
vn -0.7147 -0.6973 0.0548
vn 0.1117 -0.3216 0.9403
vn 0.1519 -0.2854 0.9463
vn 0.2062 -0.2626 0.9426
vn 0.2201 -0.3131 0.9239
vn 0.1111 -0.4201 0.9007
vn 0.0368 -0.3609 0.9319
vn 0.1797 0.0109 0.9837
vn 0.0617 -0.0774 0.9951
vn 0.0010 -0.0080 1.0000
vn -0.0067 -0.0129 0.9999
vn -0.0183 -0.1887 0.9819
vn 0.0633 -0.0060 0.9980
vn -0.1086 0.0837 0.9906
vn 0.0293 0.0126 0.9995
vn -0.2926 0.2268 0.9290
vn -0.2719 -0.0213 0.9621
vn -0.2903 0.0973 0.9520
vn -0.2570 -0.0999 0.9612
vn -0.2451 -0.1450 0.9586
vn -0.2363 -0.1811 0.9546
vn -0.2351 -0.2352 0.9431
vn -0.2364 -0.2617 0.9357
vn -0.0257 0.0069 0.9996
vn -0.0217 0.0465 0.9987
vn 0.0012 -0.0466 0.9989
vn 0.0076 0.0556 0.9984
vn -0.0323 0.0202 0.9993
vn -0.0193 0.0195 0.9996
vn -0.1251 0.2924 0.9481
vn -0.0145 0.0460 0.9988
vn -0.0113 0.0212 0.9997
vn -0.0222 0.0079 0.9997
vn -0.2441 0.1214 0.9621
vn 0.2112 0.0412 0.9766
vn 0.0064 0.1425 0.9898
vn 0.0794 0.0547 0.9953
vn 0.0506 0.0894 0.9947
vn 0.0593 0.0754 0.9954
vn 0.0364 -0.0508 0.9980
vn -0.0303 0.0748 0.9967
vn -0.0092 -0.0158 0.9998
vn -0.0068 -0.0182 0.9998
vn -0.0092 -0.0139 0.9999
vn 0.0180 -0.0395 0.9991
vn -0.0335 -0.0095 0.9994
vn 0.0007 -0.0034 1.0000
vn -0.0003 -0.0014 1.0000
vn -0.0005 -0.0005 1.0000
vn 0.2583 0.2230 0.9400
vn 0.2785 0.1844 0.9426
vn 0.4142 0.3298 0.8483
vn 0.4935 0.3368 0.8019
vn 0.1427 -0.0789 0.9866
vn 0.1282 0.0083 0.9917
vn 0.0944 -0.2514 0.9633
vn 0.1359 -0.2728 0.9524
vn 0.0856 -0.3398 0.9366
vn 0.1158 -0.3171 0.9413
vn 0.0791 -0.3212 0.9437
vn 0.1633 -0.2691 0.9492
vn 0.1596 -0.3210 0.9335
vn 0.1161 -0.3511 0.9291
vn 0.6476 -0.2618 0.7156
vn 0.3292 0.0689 0.9417
vn 0.4022 0.0395 0.9147
vn 0.6465 -0.2632 0.7161
vn 0.0718 0.6282 0.7747
vn 0.1698 0.3873 0.9062
vn 0.1811 0.3194 0.9302
vn 0.0724 0.3246 0.9431
vn 0.1460 0.1734 0.9740
vn 0.1627 0.1596 0.9737
vn 0.1750 0.1938 0.9653
vn 0.2018 0.1805 0.9626
vn 0.0517 0.2456 0.9680
vn 0.1477 0.2161 0.9651
vn -0.1193 0.2593 0.9584
vn -0.2376 0.2441 0.9402
vn -0.3005 0.2162 0.9290
vn -0.3051 0.2192 0.9267
vn -0.2937 0.1103 0.9495
vn -0.1963 0.2668 0.9435
vn 0.3188 0.4295 0.8449
vn 0.2165 0.5397 0.8135
vn -0.1749 -0.3313 0.9272
vn -0.1629 -0.4565 0.8747
vn -0.1946 0.0688 0.9785
vn -0.1914 -0.0758 0.9786
vn -0.0847 0.1852 0.9790
vn -0.1349 0.2075 0.9689
vn -0.1850 0.2356 0.9541
vn -0.1703 -0.2172 0.9611
vn 0.1865 0.0122 0.9824
vn -0.2288 0.1404 0.9633
vn -0.1788 -0.2931 0.9392
vn 0.6983 0.0825 0.7110
vn -0.1745 0.2720 0.9463
vn -0.0012 -0.0053 1.0000
vn -0.0122 -0.0080 0.9999
vn -0.1073 -0.1279 0.9860
vn -0.1184 -0.0990 0.9880
vn 0.0379 -0.0463 0.9982
vn 0.0418 -0.0110 0.9991
vn -0.0118 -0.0116 0.9999
vn -0.0175 -0.0134 0.9998
vn -0.1963 0.0393 0.9798
vn -0.1520 0.0565 0.9868
vn 0.0368 -0.0112 0.9993
vn 0.0254 -0.0227 0.9994
vn -0.0277 0.0605 0.9978
vn 0.0375 -0.0199 0.9991
vn -0.1632 -0.0513 0.9853
vn -0.0338 -0.0230 0.9992
vn -0.0538 -0.0069 0.9985
vn -0.0578 0.0304 0.9979
vn -0.0613 0.0048 0.9981
vn -0.0627 0.0074 0.9980
vn -0.0458 -0.0109 0.9989
vn -0.0802 0.0461 0.9957
vn -0.0872 -0.0016 0.9962
vn -0.0629 0.0145 0.9979
vn -0.2154 -0.4431 0.8702
vn 0.4497 -0.0349 0.8925
vn 0.0671 -0.2170 0.9739
vn 0.0725 -0.2926 0.9535
vn 0.7578 0.2282 0.6113
vn -0.6793 -0.7308 0.0663
vn -0.7736 -0.4857 0.4070
vn 0.6657 0.5582 0.4953
vn -0.9460 -0.2605 0.1932
vn 0.1535 0.0477 0.9870
vn 0.3938 0.0211 0.9189
vn 0.1549 0.1623 0.9745
vn 0.1996 0.1557 0.9674
vn 0.1664 0.1843 0.9687
vn 0.2064 0.1766 0.9624
vn 0.1304 0.1489 0.9802
vn 0.1295 0.1108 0.9854
vn 0.1373 0.1353 0.9812
vn 0.1122 0.1189 0.9865
vn 0.1452 0.1790 0.9731
vn 0.1812 0.1678 0.9690
vn 0.2930 0.2278 0.9286
vn 0.3566 0.2140 0.9094
vn 0.2160 0.2101 0.9535
vn 0.1833 0.2045 0.9615
vn 0.1710 0.2081 0.9630
vn -0.1974 0.0942 0.9758
vn -0.0195 -0.0082 0.9998
vn -0.0632 0.0089 0.9980
vn 0.1966 0.2223 0.9549
vn 0.1591 0.0853 0.9836
vn 0.3462 0.2200 0.9120
vn 0.5770 0.3941 0.7154
vn 0.5282 0.3337 0.7808
vn 0.5846 0.4850 0.6504
vn 0.8036 0.4429 0.3975
vn 0.4571 0.3271 0.8271
vn 0.4718 0.3282 0.8183
vn 0.8085 0.3436 0.4777
vn 0.5293 0.0798 0.8446
vn 0.5588 -0.1052 0.8226
vn 0.4365 0.0302 0.8992
vn 0.5484 0.0836 0.8320
vn 0.6942 0.2349 0.6804
vn 0.3303 -0.1295 0.9349
vn 0.4184 0.2139 0.8827
vn 0.4588 -0.7753 0.4340
vn -0.0086 0.9202 0.3915
vn -0.4213 -0.7998 0.4276
vn -0.4578 0.7911 0.4057
vn 0.9237 -0.1000 0.3699
vn -0.7888 0.4482 0.4206
vn 0.7053 0.6156 0.3515
vn 0.0451 -0.8999 0.4337
vn 0.3988 0.8382 0.3719
vn -0.8308 -0.3545 0.4291
vn 0.9146 0.1912 0.3563
vn 0.5213 -0.1158 0.8455
vn 0.5382 -0.1355 0.8319
vn -0.8979 0.0893 0.4311
vn 0.1550 0.3649 0.9181
vn 0.2906 -0.0417 0.9559
vn 0.3351 0.3569 0.8720
vn 0.4146 0.0118 0.9099
vn -0.0179 0.1605 0.9869
vn 0.3868 -0.0375 0.9214
vn -0.0089 0.0892 0.9960
vn 0.1953 0.3824 0.9031
vn 0.1669 -0.0302 0.9855
vn 0.3939 0.2869 0.8732
vn -0.0324 0.1455 0.9888
vn -0.2843 0.5395 0.7926
vn -0.3724 0.5867 0.7191
vn 0.4196 0.1221 0.8994
vn -0.2951 0.9237 0.2442
vn 0.2189 -0.9427 0.2517
vn 0.5131 0.8326 0.2086
vn 0.6699 -0.7048 0.2335
vn -0.9519 0.1884 0.2418
vn 0.8890 -0.3991 0.2244
vn -0.7511 -0.6132 0.2445
vn 0.0690 0.9717 0.2259
vn -0.3283 -0.9092 0.2560
vn 0.8797 0.4273 0.2084
vn -0.9645 -0.1077 0.2411
vn -0.7300 0.6721 0.1242
vn -0.7381 0.6682 0.0933
vn 0.9755 0.0057 0.2200
vn -0.3947 0.9164 -0.0663
vn 0.1324 -0.9891 -0.0638
vn 0.4954 0.8666 -0.0594
vn 0.6033 -0.7951 -0.0624
vn -0.9874 0.1462 -0.0601
vn 0.8923 -0.4472 -0.0617
vn -0.7582 -0.6494 -0.0588
vn 0.0114 0.9980 -0.0629
vn -0.3902 -0.9186 -0.0623
vn 0.9099 0.4105 -0.0594
vn -0.9857 -0.1580 -0.0588
vn -0.7704 0.6342 -0.0652
vn -0.7706 0.6341 -0.0643
vn 0.9974 -0.0365 -0.0617
vn -0.3845 0.0360 0.9224
vn -0.2326 -0.2950 0.9267
vn -0.0582 -0.3394 0.9388
vn -0.2319 -0.4781 0.8471
vn 0.0255 -0.5410 0.8407
vn 0.0633 -0.3554 0.9326
vn 0.0293 -0.0575 0.9979
vn -0.0403 0.0785 0.9961
vn 0.0119 0.1393 0.9902
vn -0.0807 0.2720 0.9589
vn 0.0396 -0.1008 0.9941
vn 0.0485 0.4218 0.9054
vn -0.0613 0.3466 0.9360
vn -0.0919 0.3127 0.9454
vn -0.0989 0.4480 0.8885
vn -0.1183 0.1304 0.9844
vn 0.1683 0.1464 0.9748
vn 0.0838 0.8735 0.4796
vn 0.0190 -0.3244 0.9457
vn 0.1395 -0.6365 0.7585
vn 0.2033 -0.0954 0.9745
vn 0.0469 0.6795 0.7321
vn 0.2592 -0.6189 0.7415
vn -0.0726 0.8549 0.5137
vn 0.0186 0.1908 0.9815
vn 0.0206 -0.0039 0.9998
vn 0.7095 0.0030 0.7047
vn 0.2980 -0.4501 0.8418
vn 0.2146 -0.4364 0.8738
vn 0.1017 -0.3266 0.9397
vn 0.3871 -0.3050 0.8701
vn 0.8762 0.2178 0.4300
vn 0.7344 0.3801 0.5623
vn 0.1477 0.2739 0.9503
vn -0.1729 0.0701 0.9824
vn 0.1332 0.0346 0.9905
vn 0.2320 0.1469 0.9616
vn 0.1864 0.0489 0.9813
vn 0.2322 0.1739 0.9570
vn 0.2023 0.1686 0.9647
vn 0.1538 0.1372 0.9785
vn 0.1104 0.1368 0.9844
vn -0.0206 -0.4827 0.8755
vn -0.7478 0.1914 0.6358
vn -0.7416 0.1125 -0.6614
vn -0.6114 -0.0343 -0.7906
vn -0.5762 0.0477 0.8159
vn -0.3056 -0.5927 0.7452
vn 0.7848 0.4019 0.4718
vn -0.2149 0.9761 -0.0308
vn -0.3373 -0.2823 -0.8981
vn -0.1925 0.1078 -0.9754
vn 0.0686 0.9876 0.1415
vn -0.9775 -0.1993 -0.0685
vn -0.8673 -0.4789 0.1358
vn -0.5093 -0.8197 -0.2622
vn 0.0058 -0.7063 0.7078
vn 0.1580 0.0226 0.9872
vn 0.1320 -0.1419 0.9810
vn 0.1985 -0.2265 0.9536
vn 0.2641 -0.0939 0.9599
vn 0.1619 -0.1744 0.9713
vn 0.7430 -0.0462 0.6677
vn 0.9791 0.0764 0.1883
vn 0.8836 0.1760 -0.4340
vn 0.9930 0.1132 0.0337
vn -0.1381 0.0072 -0.9904
vn -0.0895 -0.0501 -0.9947
vn -0.5553 -0.8285 -0.0722
vn 0.0162 -0.1939 0.9809
vn 0.0167 -0.0211 0.9996
vn -0.0654 -0.0256 -0.9975
vn 0.2430 0.0591 0.9682
vn 0.8098 0.3789 -0.4479
vn -0.8422 -0.5390 0.0152
vn -0.0701 -0.0532 -0.9961
vn 0.1400 0.1538 0.9781
vn 0.7589 0.4842 -0.4354
vn 0.0109 0.0506 0.9987
vn -0.8496 0.3262 0.4144
vn -0.8424 0.2722 -0.4651
vn -0.0534 -0.0192 -0.9984
vn -0.1318 0.0201 -0.9911
vn -0.1072 0.1693 -0.9797
vn 0.4875 0.8111 0.3233
vn -0.6523 0.7540 0.0773
vn -0.5966 0.4065 0.6919
vn -0.5435 0.3871 0.7448
vn -0.4304 0.8915 -0.1417
vn -0.4306 0.8968 0.1015
vn -0.4904 0.6765 -0.5495
vn 0.0071 -0.3343 0.9424
vn -0.4328 0.8793 0.1985
vn -0.3539 0.9314 0.0857
vn 0.2246 0.8992 -0.3754
vn 0.2518 0.7759 0.5785
vn 0.3925 0.4504 0.8019
vn 0.1972 0.7924 -0.5773
vn 0.3931 -0.1804 0.9016
vn 0.5793 0.6002 0.5516
vn 0.0092 0.5090 0.8607
vn -0.1453 0.4037 0.9033
vn -0.0277 -0.3553 0.9343
vn -0.1665 -0.2879 0.9431
vn -0.1665 -0.0634 0.9840
vn -0.0054 -0.0105 0.9999
vn -0.0050 -0.0080 1.0000
vn -0.1144 -0.0963 0.9888
vn -0.2071 -0.0568 0.9767
vn -0.2018 -0.0570 0.9778
vn 0.6646 0.2769 0.6940
vn 0.4986 -0.8322 0.2426
vn 0.1039 0.5835 0.8055
vn 0.0120 -0.7796 0.6262
vn 0.2598 0.6081 0.7501
vn 0.6352 -0.7680 -0.0814
vn 0.7421 0.3741 0.5562
vn 0.0717 -0.9973 0.0126
vn 0.3085 0.8697 0.3854
vn -0.9741 -0.2149 -0.0704
vn 0.0843 0.5217 0.8490
vn 0.0349 0.5497 0.8346
vn -0.0130 0.5663 0.8241
vn 0.0031 0.1639 0.9865
vn -0.9929 -0.1175 -0.0164
vn -0.8449 -0.2147 -0.4900
vn -0.0206 0.1694 0.9853
vn -0.1693 0.1647 0.9717
vn -0.0570 0.4092 0.9107
vn -0.9922 -0.1206 -0.0316
vn 0.4913 -0.6738 0.5519
vn -0.8279 0.5609 0.0039
vn 0.1479 -0.7811 0.6066
vn -0.9033 0.4262 -0.0479
vn -0.5845 -0.3367 0.7382
vn 0.0292 -0.6282 0.7775
vn -0.0591 -0.5202 0.8520
vn -0.3067 -0.4772 0.8236
vn -0.0569 -0.5222 0.8510
vn -0.1076 -0.5205 0.8471
vn 0.5278 -0.8451 0.0852
vn 0.7527 0.4213 0.5060
vn -0.0034 0.9686 0.2485
vn -0.0404 0.9591 0.2803
vn -0.0503 0.9677 0.2470
vn -0.0141 0.9696 0.2442
vn 0.8089 0.5615 0.1745
vn 0.8186 -0.5738 0.0260
vn -0.2949 -0.2001 0.9343
vn -0.3564 0.0427 0.9333
vn -0.2691 0.1649 0.9489
vn -0.3560 0.0400 0.9336
vn -0.3675 -0.0350 0.9294
vn 0.4144 0.7101 0.5693
vn -0.1346 0.2760 0.9517
vn 0.2839 -0.8184 0.4996
vn -0.2074 -0.3071 0.9288
vn -0.3293 0.0913 0.9398
vn 0.3211 -0.8627 0.3906
vn 0.5527 0.3097 0.7737
vn 0.3028 -0.7805 0.5470
vn 0.2764 -0.8230 0.4963
vn 0.5078 0.3534 0.7856
vn 0.4667 0.4303 0.7727
vn 0.7302 0.4148 0.5428
vn 0.5032 -0.8374 0.2137
vn 0.6861 0.3950 0.6109
vn -0.3527 0.0489 0.9345
vn 0.6968 0.5151 0.4991
vn 0.7217 0.3828 0.5768
vn 0.3034 0.5552 0.7744
vn -0.5943 -0.0675 -0.8014
vn 0.3142 -0.8523 0.4182
vn -0.2521 0.5529 -0.7942
vn -0.3679 0.8921 -0.2623
vn 0.2651 -0.9014 0.3424
vn -0.8212 0.5515 -0.1462
vn -0.0119 0.9932 -0.1162
vn 0.0252 -0.9868 0.1601
vn 0.1258 0.9594 -0.2526
vn 0.1654 -0.9332 0.3190
vn -0.0719 0.9605 -0.2687
vn -0.0227 -0.9895 0.1429
vn -0.0304 0.9837 -0.1771
vn 0.1004 -0.9692 0.2247
vn 0.4052 0.4964 0.7677
vn 0.2614 -0.8416 0.4727
vn 0.2724 -0.8462 0.4579
vn 0.2442 -0.7836 0.5712
vn 0.2275 -0.8429 0.4876
vn 0.2776 -0.8608 0.4265
vn 0.3697 0.5105 0.7764
vn 0.0000 0.8643 0.5030
vn -0.0386 0.9095 0.4140
vn -0.2631 0.3439 0.9014
vn -0.2567 0.2008 0.9454
vn -0.2803 0.1545 0.9474
vn -0.3263 -0.0020 0.9453
vn -0.0952 -0.5183 0.8499
vn 0.2685 0.2507 -0.9301
vn 0.1894 0.6649 -0.7225
vn 0.1410 0.3821 -0.9133
vn 0.1132 0.1492 -0.9823
vn 0.0919 -0.1150 -0.9891
vn 0.0706 -0.3863 -0.9196
vn 0.0649 -0.6923 -0.7187
vn 0.0820 -0.9769 -0.1972
vn 0.0975 -0.9689 0.2276
vn 0.0865 -0.7031 0.7058
vn 0.0731 -0.3437 0.9362
vn 0.0727 -0.3438 0.9362
vn 0.0850 -0.1402 0.9865
vn 0.1230 0.1803 0.9759
vn 0.1414 0.4474 0.8831
vn 0.1290 0.4442 0.8866
vn 0.1589 0.6545 0.7391
vn 0.2418 0.9123 0.3306
vn 0.2399 0.8846 -0.3999
vn 0.1669 0.6765 -0.7173
vn 0.1336 0.3507 -0.9269
vn 0.1174 0.1400 -0.9832
vn 0.0931 -0.1073 -0.9899
vn 0.0855 -0.3674 -0.9261
vn 0.1093 -0.7238 -0.6813
vn 0.0923 -0.9674 -0.2357
vn 0.0766 -0.9573 0.2788
vn 0.0821 -0.7139 0.6954
vn -0.0060 -0.3839 0.9234
vn 0.0034 -0.3798 0.9251
vn 0.0848 -0.1240 0.9887
vn 0.1095 0.1495 0.9827
vn 0.0676 0.4082 0.9104
vn 0.0372 0.4257 0.9041
vn 0.1666 0.7000 0.6945
vn 0.2217 0.9452 0.2398
vn 0.2159 0.9199 -0.3273
vn 0.0415 0.7577 -0.6513
vn -0.0219 0.3849 -0.9227
vn -0.0368 0.1897 -0.9812
vn -0.0799 -0.0965 -0.9921
vn -0.0788 -0.4388 -0.8951
vn -0.0410 -0.7681 -0.6390
vn -0.0100 -0.9627 -0.2704
vn 0.0050 -0.9550 0.2966
vn -0.0393 -0.8421 0.5379
vn 0.0357 -0.3771 0.9255
vn 0.0301 -0.3885 0.9210
vn -0.0931 -0.1384 0.9860
vn -0.0770 0.1399 0.9872
vn 0.0239 0.4274 0.9038
vn 0.0358 0.4088 0.9119
vn 0.0555 0.7685 0.6375
vn 0.1444 0.9823 0.1196
vn 0.1417 0.9818 -0.1266
vn 0.2134 0.7821 -0.5855
vn 0.0938 0.1107 -0.9894
vn 0.1314 0.3343 -0.9333
vn 0.0636 0.0612 -0.9961
vn 0.0975 -0.3783 -0.9205
vn 0.1422 -0.8013 -0.5811
vn 0.1721 -0.9494 -0.2629
vn 0.1558 -0.9471 0.2807
vn 0.1579 -0.8848 0.4384
vn 0.1187 -0.2724 0.9548
vn 0.1651 -0.0279 0.9859
vn 0.1425 0.0687 0.9874
vn 0.0996 -0.0487 0.9938
vn 0.3104 -0.0159 0.9505
vn 0.1275 0.0792 0.9887
vn 0.2023 0.7550 0.6238
vn 0.2887 0.9565 0.0412
vn 0.3014 0.9502 -0.0798
vn 0.7748 -0.0642 -0.6290
vn 0.5291 0.1461 -0.8359
vn 0.8199 0.5265 -0.2248
vn 0.9806 0.0957 -0.1710
vn 0.4975 -0.4475 -0.7431
vn 0.4539 -0.0688 -0.8884
vn 0.0932 -0.7336 0.6731
vn 0.0424 0.8176 0.5743
vn -0.0051 0.9547 0.2976
vn 0.1492 0.4910 0.8583
vn 0.2175 0.6023 0.7681
vn 0.2965 0.1434 -0.9442
vn 0.5474 0.5120 -0.6620
vn 0.8635 0.0373 -0.5029
vn 0.7037 -0.4258 -0.5688
vn 0.9765 -0.1244 -0.1762
vn 0.8165 -0.4980 -0.2920
vn 0.9936 -0.1098 0.0252
vn 0.8665 -0.4992 0.0040
vn 0.9466 -0.1042 0.3051
vn 0.7520 -0.5138 0.4130
vn 0.7661 0.0374 0.6416
vn 0.4320 -0.3508 0.8309
vn 0.4323 0.1143 0.8945
vn 0.3398 0.3549 0.8710
vn 0.4363 0.8151 -0.3811
vn 0.5140 0.2279 0.8269
vn 0.2835 -0.5574 0.7803
vn 0.1836 -0.2243 0.9571
vn 0.5511 -0.1065 0.8276
vn 0.9349 -0.0270 0.3538
vn 0.7532 0.4427 0.4865
vn 0.1806 0.1572 0.9709
vn 0.9976 0.0678 -0.0141
vn 0.8687 0.4939 -0.0380
vn 1.0000 0.0074 -0.0034
vn 1.0000 0.0045 -0.0031
vn 0.7580 -0.6512 -0.0365
vn 0.4287 -0.9020 0.0516
vn 1.0000 0.0075 -0.0009
vn 1.0000 0.0035 -0.0003
vn 1.0000 0.0036 0.0003
vn 1.0000 0.0070 0.0009
vn 0.2718 0.3691 0.8887
vn 0.2153 -0.3174 0.9235
vn 1.0000 -0.0039 0.0007
vn 1.0000 -0.0020 0.0004
vn 1.0000 -0.0017 -0.0004
vn 1.0000 -0.0033 -0.0007
vn 0.7219 0.6769 -0.1438
vn 0.6779 0.7194 -0.1514
vn 0.6486 0.6032 -0.4642
vn 0.0869 -0.9718 0.2192
vn 0.5215 -0.4072 0.7499
vn 0.0717 0.5061 0.8595
vn -0.0546 0.7199 -0.6919
vn 0.3158 -0.6523 -0.6890
vn 0.1269 -0.7880 0.6025
vn 0.0425 -0.9991 -0.0052
vn 0.0416 -0.9991 -0.0125
vn 0.0410 -0.9990 0.0158
vn 0.0399 -0.9982 -0.0457
vn 0.0475 -0.9988 -0.0118
vn 0.0117 0.9892 0.1458
vn 0.0360 0.9965 0.0754
vn 0.0401 0.9985 0.0384
vn 0.0429 0.9988 0.0216
vn 0.0403 0.9942 -0.0994
vn 0.1533 0.9724 0.1757
vn 0.3316 0.9027 0.2740
vn -0.0068 -0.3793 -0.9253
vn 0.2131 0.4517 -0.8663
vn 0.7794 -0.5148 0.3572
vn 0.3688 -0.4888 0.7906
vn 0.9142 -0.4054 -0.0013
vn 0.9234 -0.3544 -0.1475
vn 0.5838 -0.4109 -0.7003
vn 0.1942 -0.7959 -0.5735
vn 0.1013 -0.9886 0.1114
vn 0.3092 -0.2580 0.9153
vn 0.1967 0.6894 0.6972
vn 0.2029 0.6319 0.7480
vn 0.0755 0.8920 -0.4456
vn 0.7549 0.6240 -0.2019
vn 0.9077 0.4102 -0.0882
vn 0.9356 0.3483 0.0576
vn 0.8931 0.3952 0.2150
vn 0.6159 0.5825 0.5304
vn 0.6616 -0.7498 0.0000
vn 0.5616 -0.7365 -0.3770
vn -0.5351 -0.4203 0.7328
vn -0.7873 -0.1465 0.5989
vn 0.0746 -0.3433 0.9362
vn -0.0140 -0.3868 0.9220
vn 0.0418 -0.3766 0.9254
vn 0.7153 0.6835 -0.1454
vn 1.0000 0.0001 -0.0041
vn 0.8581 -0.5075 -0.0785
vn 0.0327 0.4037 0.9143
vn 0.0134 0.4396 0.8981
vn 0.1204 0.4437 0.8881
vn 0.5764 -0.1771 0.7977
vn -0.3871 0.5953 0.7041
vn -0.7444 0.6644 0.0669
vn -0.7708 0.6339 -0.0637
vn -0.6353 -0.4648 -0.6168
vn -0.2075 -0.7337 -0.6471
vn -0.3084 -0.6467 -0.6977
vn -0.1163 -0.3011 -0.9465
vn -0.1772 -0.2530 -0.9511
vn -0.1848 -0.2091 -0.9603
vn -0.2026 -0.1668 -0.9650
vn -0.2232 -0.1484 -0.9634
vn -0.1225 -0.1842 -0.9752
vn -0.1467 -0.2829 -0.9479
vn -0.1376 -0.1028 -0.9851
vn -0.0001 -0.0072 -1.0000
vn -0.0383 -0.0116 -0.9992
vn -0.3548 -0.1037 -0.9292
vn -0.9599 -0.2805 -0.0000
vn -0.2000 -0.0585 0.9781
vn -0.0075 -0.0023 1.0000
vn -0.1302 -0.1700 0.9768
vn -0.1785 -0.2888 0.9406
vn -0.1486 -0.3180 0.9364
vn -0.2177 -0.2016 0.9550
vn -0.2294 -0.1755 0.9574
vn -0.2021 -0.2061 0.9574
vn -0.1684 -0.2469 0.9543
vn -0.1138 -0.2980 0.9477
vn 0.0157 -0.3286 0.9443
vn -0.0987 -0.3090 -0.9459
vn -0.1508 -0.2510 -0.9562
vn -0.1719 -0.2112 -0.9622
vn -0.2011 -0.1944 -0.9601
vn -0.2322 -0.1594 -0.9595
vn -0.1574 -0.2063 -0.9657
vn -0.1458 -0.2801 -0.9488
vn -0.1321 -0.1021 -0.9860
vn -0.0007 -0.0063 -1.0000
vn -0.0373 -0.0111 -0.9992
vn -0.3549 -0.1037 -0.9291
vn -0.1994 -0.0586 0.9782
vn -0.0031 -0.0015 1.0000
vn -0.1347 -0.1303 0.9823
vn -0.1675 -0.2778 0.9459
vn -0.1611 -0.3004 0.9401
vn -0.2114 -0.1478 0.9662
vn -0.2228 -0.1871 0.9567
vn -0.1913 -0.2318 0.9538
vn -0.1513 -0.2708 0.9507
vn -0.0929 -0.3079 0.9469
vn 0.0250 -0.3351 0.9419
vn -0.0363 -0.3510 0.9357
vn 0.7973 0.5798 0.1676
vn -0.3550 -0.1037 -0.9291
vn 0.2490 -0.5287 0.8115
vn 0.1575 -0.1857 -0.9699
vn 0.6460 0.3476 0.6796
vn 0.7141 0.2010 -0.6705
vn -0.7860 0.0424 -0.6167
# 1368 vertex normals

vt 0.6665 0.1671 0.0000
vt 0.6689 0.1484 0.0000
vt 0.6535 0.1530 0.0000
vt 0.6506 0.1747 0.0000
vt 0.4295 0.2193 0.0000
vt 0.4306 0.1745 0.0000
vt 0.3868 0.1825 0.0000
vt 0.3849 0.2159 0.0000
vt 0.3434 0.2130 0.0000
vt 0.3449 0.1851 0.0000
vt 0.3066 0.1872 0.0000
vt 0.3046 0.2099 0.0000
vt 0.2416 0.2107 0.0000
vt 0.2420 0.1956 0.0000
vt 0.2129 0.1980 0.0000
vt 0.2125 0.2100 0.0000
vt 0.6752 0.2232 0.0000
vt 0.6723 0.2214 0.0000
vt 0.6667 0.2295 0.0000
vt 0.6687 0.2325 0.0000
vt 0.5318 0.4448 0.0000
vt 0.5171 0.3889 0.0000
vt 0.5017 0.3942 0.0000
vt 0.5151 0.4543 0.0000
vt 0.4284 0.3964 0.0000
vt 0.3787 0.3841 0.0000
vt 0.3790 0.4490 0.0000
vt 0.4350 0.4690 0.0000
vt 0.3291 0.3571 0.0000
vt 0.2883 0.3266 0.0000
vt 0.2680 0.3524 0.0000
vt 0.3143 0.4006 0.0000
vt 0.2298 0.2727 0.0000
vt 0.2083 0.2440 0.0000
vt 0.2040 0.2500 0.0000
vt 0.2162 0.2940 0.0000
vt 0.4720 0.3984 0.0000
vt 0.4900 0.4658 0.0000
vt 0.4705 0.2191 0.0000
vt 0.4761 0.1642 0.0000
vt 0.5570 0.1588 0.0000
vt 0.5407 0.2045 0.0000
vt 0.5876 0.1998 0.0000
vt 0.5966 0.1583 0.0000
vt 0.5821 0.3340 0.0000
vt 0.6019 0.3712 0.0000
vt 0.6198 0.3393 0.0000
vt 0.6005 0.3067 0.0000
vt 0.6830 0.1637 0.0000
vt 0.6833 0.1484 0.0000
vt 0.6775 0.2123 0.0000
vt 0.6737 0.2117 0.0000
vt 0.6980 0.1498 0.0000
vt 0.6994 0.1603 0.0000
vt 0.7198 0.1577 0.0000
vt 0.7196 0.1490 0.0000
vt 0.7206 0.1734 0.0000
vt 0.6991 0.1793 0.0000
vt 0.7009 0.1847 0.0000
vt 0.7229 0.1776 0.0000
vt 0.2401 0.2269 0.0000
vt 0.2128 0.2229 0.0000
vt 0.2120 0.2318 0.0000
vt 0.2382 0.2413 0.0000
vt 0.3417 0.2459 0.0000
vt 0.3037 0.2392 0.0000
vt 0.3021 0.2679 0.0000
vt 0.3395 0.2800 0.0000
vt 0.3824 0.2530 0.0000
vt 0.3812 0.2916 0.0000
vt 0.4252 0.2617 0.0000
vt 0.4245 0.2989 0.0000
vt 0.4666 0.2646 0.0000
vt 0.4658 0.2988 0.0000
vt 0.5035 0.2958 0.0000
vt 0.5092 0.2669 0.0000
vt 0.5013 0.2649 0.0000
vt 0.4921 0.2972 0.0000
vt 0.5572 0.2623 0.0000
vt 0.5569 0.2807 0.0000
vt 0.5812 0.2608 0.0000
vt 0.5811 0.2451 0.0000
vt 0.5123 0.2134 0.0000
vt 0.5042 0.2147 0.0000
vt 0.6597 0.1939 0.0000
vt 0.6607 0.1903 0.0000
vt 0.6501 0.1896 0.0000
vt 0.6498 0.1944 0.0000
vt 0.7002 0.1711 0.0000
vt 0.7202 0.1660 0.0000
vt 0.2326 0.1462 0.0000
vt 0.2311 0.1285 0.0000
vt 0.2048 0.1651 0.0000
vt 0.2082 0.1697 0.0000
vt 0.3236 0.0910 0.0000
vt 0.3133 0.0639 0.0000
vt 0.2822 0.0825 0.0000
vt 0.2891 0.1059 0.0000
vt 0.3844 0.0792 0.0000
vt 0.3835 0.0462 0.0000
vt 0.4481 0.0798 0.0000
vt 0.4574 0.0499 0.0000
vt 0.4919 0.0800 0.0000
vt 0.4988 0.0528 0.0000
vt 0.5514 0.0950 0.0000
vt 0.5721 0.0713 0.0000
vt 0.5582 0.0670 0.0000
vt 0.5375 0.0910 0.0000
vt 0.6180 0.0861 0.0000
vt 0.5953 0.1049 0.0000
vt 0.6223 0.1076 0.0000
vt 0.6335 0.0908 0.0000
vt 0.6742 0.1146 0.0000
vt 0.6628 0.1081 0.0000
vt 0.6598 0.1198 0.0000
vt 0.6722 0.1251 0.0000
vt 0.6834 0.1317 0.0000
vt 0.6868 0.1259 0.0000
vt 0.6955 0.1337 0.0000
vt 0.6946 0.1383 0.0000
vt 0.7193 0.1397 0.0000
vt 0.7199 0.1358 0.0000
vt 0.1907 0.2553 0.0000
vt 0.1764 0.3217 0.0000
vt 0.2964 0.4347 0.0000
vt 0.3554 0.4824 0.0000
vt 0.2472 0.3962 0.0000
vt 0.4029 0.4793 0.0000
vt 0.2149 0.3630 0.0000
vt 0.2497 0.3318 0.0000
vt 0.2583 0.3013 0.0000
vt 0.2699 0.2335 0.0000
vt 0.2687 0.2550 0.0000
vt 0.2717 0.2106 0.0000
vt 0.2724 0.1907 0.0000
vt 0.2601 0.1238 0.0000
vt 0.2559 0.1017 0.0000
vt 0.3314 0.4857 0.0000
vt 0.2683 0.4609 0.0000
vt 0.1723 0.3562 0.0000
vt 0.1854 0.4040 0.0000
vt 0.2155 0.4339 0.0000
vt 0.3157 0.4879 0.0000
vt 0.2418 0.4847 0.0000
vt 0.1823 0.4773 0.0000
vt 0.1528 0.4465 0.0000
vt 0.1697 0.3788 0.0000
vt 0.2036 0.1162 0.0000
vt 0.1938 0.1714 0.0000
vt 0.3520 0.0250 0.0000
vt 0.2936 0.0421 0.0000
vt 0.2267 0.0848 0.0000
vt 0.2544 0.0624 0.0000
vt 0.1617 0.1223 0.0000
vt 0.1730 0.0840 0.0000
vt 0.3063 0.0178 0.0000
vt 0.2652 0.0260 0.0000
vt 0.1952 0.0595 0.0000
vt 0.2210 0.0410 0.0000
vt 0.1332 0.0607 0.0000
vt 0.1439 0.0418 0.0000
vt 0.2665 0.0142 0.0000
vt 0.2248 0.0191 0.0000
vt 0.1645 0.0284 0.0000
vt 0.1913 0.0228 0.0000
vt 0.6322 0.2081 0.0000
vt 0.6364 0.2095 0.0000
vt 0.6411 0.1997 0.0000
vt 0.6391 0.1965 0.0000
vt 0.6360 0.1790 0.0000
vt 0.6374 0.1538 0.0000
vt 0.6180 0.1567 0.0000
vt 0.6161 0.1921 0.0000
vt 0.6505 0.1009 0.0000
vt 0.6395 0.0946 0.0000
vt 0.6334 0.1107 0.0000
vt 0.6462 0.1145 0.0000
vt 0.6723 0.2033 0.0000
vt 0.6757 0.2010 0.0000
vt 0.6698 0.1937 0.0000
vt 0.6671 0.1969 0.0000
vt 0.6480 0.2316 0.0000
vt 0.6401 0.2250 0.0000
vt 0.6368 0.2287 0.0000
vt 0.6463 0.2354 0.0000
vt 0.5629 0.3007 0.0000
vt 0.5847 0.2762 0.0000
vt 0.5107 0.3403 0.0000
vt 0.4945 0.3435 0.0000
vt 0.4644 0.3456 0.0000
vt 0.4244 0.3437 0.0000
vt 0.3800 0.3325 0.0000
vt 0.3365 0.3159 0.0000
vt 0.2979 0.2959 0.0000
vt 0.2653 0.2761 0.0000
vt 0.2357 0.2554 0.0000
vt 0.2103 0.2377 0.0000
vt 0.6566 0.2328 0.0000
vt 0.6567 0.2375 0.0000
vt 0.1865 0.1801 0.0000
vt 0.1858 0.1848 0.0000
vt 0.1842 0.2215 0.0000
vt 0.1833 0.2099 0.0000
vt 0.1873 0.2414 0.0000
vt 0.1879 0.2500 0.0000
vt 0.1852 0.2291 0.0000
vt 0.1839 0.1966 0.0000
vt 0.1837 0.1983 0.0000
vt 0.2128 0.1933 0.0000
vt 0.1878 0.2553 0.0000
vt 0.1877 0.1715 0.0000
vt 0.1860 0.2344 0.0000
vt 0.1160 0.1469 0.0000
vt 0.1651 0.1850 0.0000
vt 0.1678 0.1811 0.0000
vt 0.1202 0.1297 0.0000
vt 0.1057 0.2238 0.0000
vt 0.1565 0.2237 0.0000
vt 0.1538 0.2109 0.0000
vt 0.1032 0.2075 0.0000
vt 0.1691 0.2500 0.0000
vt 0.1644 0.2407 0.0000
vt 0.1143 0.2759 0.0000
vt 0.1215 0.2976 0.0000
vt 0.1581 0.2277 0.0000
vt 0.1077 0.2450 0.0000
vt 0.1076 0.1770 0.0000
vt 0.1042 0.1912 0.0000
vt 0.1567 0.1977 0.0000
vt 0.1577 0.1961 0.0000
vt 0.1781 0.2553 0.0000
vt 0.1267 0.3302 0.0000
vt 0.1760 0.1714 0.0000
vt 0.1244 0.0966 0.0000
vt 0.1597 0.2316 0.0000
vt 0.1096 0.2574 0.0000
vt 0.0637 0.1165 0.0000
vt 0.0752 0.0992 0.0000
vt 0.0458 0.2255 0.0000
vt 0.0433 0.2049 0.0000
vt 0.0602 0.3078 0.0000
vt 0.0761 0.3342 0.0000
vt 0.0500 0.2637 0.0000
vt 0.0531 0.1534 0.0000
vt 0.0454 0.1820 0.0000
vt 0.1015 0.3468 0.0000
vt 0.0957 0.0852 0.0000
vt 0.0518 0.2772 0.0000
vt 0.5981 0.1047 0.0000
vt 0.6126 0.0842 0.0000
vt 0.6048 0.0816 0.0000
vt 0.5889 0.1016 0.0000
vt 0.5474 0.2070 0.0000
vt 0.5675 0.1566 0.0000
vt 0.5513 0.1613 0.0000
vt 0.5299 0.2107 0.0000
vt 0.5438 0.2734 0.0000
vt 0.5266 0.2713 0.0000
vt 0.5440 0.2876 0.0000
vt 0.5264 0.2919 0.0000
vt 0.5629 0.3558 0.0000
vt 0.5828 0.3991 0.0000
vt 0.5415 0.3731 0.0000
vt 0.5655 0.4186 0.0000
vt 0.5504 0.3168 0.0000
vt 0.5345 0.3287 0.0000
vt 0.6425 0.2867 0.0000
vt 0.6248 0.2745 0.0000
vt 0.6191 0.2491 0.0000
vt 0.6179 0.2360 0.0000
vt 0.6166 0.2225 0.0000
vt 0.6366 0.2176 0.0000
vt 0.6324 0.2207 0.0000
vt 0.6822 0.1784 0.0000
vt 0.6853 0.1898 0.0000
vt 0.6901 0.2008 0.0000
vt 0.6708 0.2381 0.0000
vt 0.6796 0.2220 0.0000
vt 0.6613 0.2541 0.0000
vt 0.6850 0.2103 0.0000
vt 0.6663 0.1981 0.0000
vt 0.6594 0.1953 0.0000
vt 0.6564 0.2314 0.0000
vt 0.6485 0.2303 0.0000
vt 0.6501 0.1957 0.0000
vt 0.6420 0.2006 0.0000
vt 0.6411 0.2242 0.0000
vt 0.6724 0.2119 0.0000
vt 0.6711 0.2040 0.0000
vt 0.6379 0.2173 0.0000
vt 0.6659 0.2284 0.0000
vt 0.6711 0.2210 0.0000
vt 0.6377 0.2098 0.0000
vt 0.6588 0.1976 0.0000
vt 0.6648 0.2001 0.0000
vt 0.6494 0.2279 0.0000
vt 0.6562 0.2290 0.0000
vt 0.6436 0.2021 0.0000
vt 0.6507 0.1979 0.0000
vt 0.6429 0.2227 0.0000
vt 0.6691 0.2053 0.0000
vt 0.6702 0.2122 0.0000
vt 0.6401 0.2168 0.0000
vt 0.6645 0.2263 0.0000
vt 0.6691 0.2197 0.0000
vt 0.6399 0.2102 0.0000
vt 0.6586 0.1983 0.0000
vt 0.6643 0.2007 0.0000
vt 0.6496 0.2273 0.0000
vt 0.6562 0.2283 0.0000
vt 0.6441 0.2025 0.0000
vt 0.6509 0.1985 0.0000
vt 0.6435 0.2223 0.0000
vt 0.6685 0.2056 0.0000
vt 0.6695 0.2123 0.0000
vt 0.6407 0.2166 0.0000
vt 0.6685 0.2195 0.0000
vt 0.6641 0.2257 0.0000
vt 0.6406 0.2103 0.0000
vt 0.6588 0.1977 0.0000
vt 0.6647 0.2002 0.0000
vt 0.6494 0.2278 0.0000
vt 0.6562 0.2289 0.0000
vt 0.6437 0.2021 0.0000
vt 0.6507 0.1980 0.0000
vt 0.6430 0.2227 0.0000
vt 0.6690 0.2053 0.0000
vt 0.6701 0.2122 0.0000
vt 0.6402 0.2168 0.0000
vt 0.6690 0.2197 0.0000
vt 0.6400 0.2102 0.0000
vt 0.5046 0.1515 0.0000
vt 0.5219 0.0892 0.0000
vt 0.5558 0.0662 0.0000
vt 0.4544 0.0377 0.0000
vt 0.4816 0.0404 0.0000
vt 0.4714 0.0390 0.0000
vt 0.4546 0.0377 0.0000
vt 0.5187 0.0462 0.0000
vt 0.5005 0.0437 0.0000
vt 0.4634 0.0379 0.0000
vt 0.4523 0.0374 0.0000
vt 0.4642 0.0391 0.0000
vt 0.4205 0.0412 0.0000
vt 0.4349 0.0352 0.0000
vt 0.4345 0.0437 0.0000
vt 0.4174 0.0423 0.0000
vt 0.4352 0.0401 0.0000
vt 0.4183 0.0412 0.0000
vt 0.4508 0.0412 0.0000
vt 0.4478 0.0368 0.0000
vt 0.4524 0.0385 0.0000
vt 0.4109 0.0321 0.0000
vt 0.3982 0.0392 0.0000
vt 0.3965 0.0390 0.0000
vt 0.5899 0.1012 0.0000
vt 0.6023 0.0809 0.0000
vt 0.5826 0.0746 0.0000
vt 0.5661 0.0991 0.0000
vt 0.5429 0.1618 0.0000
vt 0.5331 0.1611 0.0000
vt 0.5184 0.2125 0.0000
vt 0.5153 0.2684 0.0000
vt 0.5150 0.2943 0.0000
vt 0.5222 0.3366 0.0000
vt 0.5284 0.3828 0.0000
vt 0.5474 0.4335 0.0000
vt 0.9763 0.9247 0.0000
vt 0.9487 0.9513 0.0000
vt 0.9487 0.9515 0.0000
vt 0.9762 0.9250 0.0000
vt 0.5712 0.1305 0.0000
vt 0.5741 0.1279 0.0000
vt 0.5593 0.1527 0.0000
vt 0.5548 0.1574 0.0000
vt 0.8913 0.9709 0.0000
vt 0.8914 0.9707 0.0000
vt 0.8647 0.9527 0.0000
vt 0.8607 0.9502 0.0000
vt 0.9300 0.8456 0.0000
vt 0.9409 0.8195 0.0000
vt 0.9365 0.8184 0.0000
vt 0.9179 0.8093 0.0000
vt 0.9409 0.8186 0.0000
vt 0.9548 0.8367 0.0000
vt 0.9547 0.8370 0.0000
vt 0.9173 0.8090 0.0000
vt 0.9297 0.8451 0.0000
vt 0.8906 0.7908 0.0000
vt 0.9009 0.7991 0.0000
vt 0.8980 0.8474 0.0000
vt 0.8601 0.8404 0.0000
vt 0.8641 0.8429 0.0000
vt 0.8900 0.7902 0.0000
vt 0.9729 0.8745 0.0000
vt 0.9399 0.8853 0.0000
vt 0.9728 0.8748 0.0000
vt 0.9398 0.8855 0.0000
vt 0.8964 0.8903 0.0000
vt 0.8979 0.8503 0.0000
vt 0.8598 0.8899 0.0000
vt 0.8963 0.8905 0.0000
vt 0.8558 0.8873 0.0000
vt 0.5195 0.1569 0.0000
vt 0.5055 0.1506 0.0000
vt 0.9422 0.8152 0.0000
vt 0.9402 0.8189 0.0000
vt 0.9379 0.8102 0.0000
vt 0.9375 0.8098 0.0000
vt 0.5198 0.1503 0.0000
vt 0.5040 0.1435 0.0000
vt 0.5090 0.1425 0.0000
vt 0.5205 0.1483 0.0000
vt 0.5322 0.1541 0.0000
vt 0.5342 0.1569 0.0000
vt 0.5442 0.1582 0.0000
vt 0.5425 0.1577 0.0000
vt 0.5488 0.1605 0.0000
vt 0.5522 0.1593 0.0000
vt 0.5047 0.1500 0.0000
vt 0.5034 0.1482 0.0000
vt 0.5027 0.1481 0.0000
vt 0.5086 0.1425 0.0000
vt 0.5558 0.1560 0.0000
vt 0.5518 0.1590 0.0000
vt 0.5430 0.1222 0.0000
vt 0.5359 0.1541 0.0000
vt 0.5310 0.1124 0.0000
vt 0.5205 0.1464 0.0000
vt 0.5189 0.1039 0.0000
vt 0.5067 0.1297 0.0000
vt 0.8929 0.7879 0.0000
vt 0.8907 0.7866 0.0000
vt 0.9059 0.7953 0.0000
vt 0.9219 0.8027 0.0000
vt 0.5835 0.1295 0.0000
vt 0.5542 0.1110 0.0000
vt 0.5408 0.1040 0.0000
vt 0.5279 0.0977 0.0000
vt 0.4961 0.1345 0.0000
vt 0.4723 0.1473 0.0000
vt 0.4743 0.1240 0.0000
vt 0.4834 0.1035 0.0000
vt 0.4377 0.1040 0.0000
vt 0.4321 0.1271 0.0000
vt 0.4309 0.1508 0.0000
vt 0.3871 0.1556 0.0000
vt 0.3439 0.1595 0.0000
vt 0.3052 0.1652 0.0000
vt 0.2717 0.1737 0.0000
vt 0.2415 0.1835 0.0000
vt 0.6471 0.2885 0.0000
vt 0.6243 0.3462 0.0000
vt 0.6407 0.0934 0.0000
vt 0.6335 0.0891 0.0000
vt 0.4428 0.4776 0.0000
vt 0.4907 0.4726 0.0000
vt 0.3842 0.0438 0.0000
vt 0.4659 0.0453 0.0000
vt 0.5166 0.4619 0.0000
vt 0.6855 0.1247 0.0000
vt 0.6832 0.2227 0.0000
vt 0.6893 0.2111 0.0000
vt 0.7201 0.1344 0.0000
vt 0.7043 0.1863 0.0000
vt 0.7227 0.1769 0.0000
vt 0.1908 0.2572 0.0000
vt 0.1760 0.3257 0.0000
vt 0.4097 0.4883 0.0000
vt 0.3607 0.4915 0.0000
vt 0.3360 0.4949 0.0000
vt 0.2436 0.4939 0.0000
vt 0.3197 0.4971 0.0000
vt 0.1719 0.3613 0.0000
vt 0.1691 0.3847 0.0000
vt 0.1517 0.4545 0.0000
vt 0.1822 0.4863 0.0000
vt 0.3543 0.0223 0.0000
vt 0.1939 0.1705 0.0000
vt 0.1609 0.1200 0.0000
vt 0.3100 0.0122 0.0000
vt 0.1315 0.0564 0.0000
vt 0.1425 0.0370 0.0000
vt 0.2690 0.0085 0.0000
vt 0.2260 0.0135 0.0000
vt 0.1637 0.0231 0.0000
vt 0.1915 0.0173 0.0000
vt 0.6508 0.0999 0.0000
vt 0.6742 0.2388 0.0000
vt 0.1878 0.2572 0.0000
vt 0.1878 0.1706 0.0000
vt 0.1778 0.2572 0.0000
vt 0.1247 0.3345 0.0000
vt 0.1756 0.1706 0.0000
vt 0.1224 0.0935 0.0000
vt 0.0715 0.0964 0.0000
vt 0.0598 0.1140 0.0000
vt 0.0388 0.2052 0.0000
vt 0.0413 0.2273 0.0000
vt 0.0561 0.3114 0.0000
vt 0.0725 0.3386 0.0000
vt 0.0456 0.2658 0.0000
vt 0.0488 0.1521 0.0000
vt 0.0411 0.1808 0.0000
vt 0.0988 0.3516 0.0000
vt 0.0928 0.0817 0.0000
vt 0.0475 0.2798 0.0000
vt 0.6221 0.0837 0.0000
vt 0.6081 0.3760 0.0000
vt 0.6080 0.0780 0.0000
vt 0.6166 0.0818 0.0000
vt 0.5888 0.4042 0.0000
vt 0.5707 0.4236 0.0000
vt 0.6635 0.2589 0.0000
vt 0.6942 0.2016 0.0000
vt 0.5347 0.4521 0.0000
vt 0.4606 0.0330 0.0000
vt 0.4609 0.0331 0.0000
vt 0.5024 0.0384 0.0000
vt 0.5211 0.0408 0.0000
vt 0.4585 0.0327 0.0000
vt 0.4064 0.0261 0.0000
vt 0.3998 0.0252 0.0000
vt 0.4661 0.0337 0.0000
vt 0.4507 0.0422 0.0000
vt 0.4511 0.0469 0.0000
vt 0.4485 0.0427 0.0000
vt 0.4496 0.0406 0.0000
vt 0.4268 0.0287 0.0000
vt 0.4353 0.0304 0.0000
vt 0.4204 0.0279 0.0000
vt 0.4365 0.0299 0.0000
vt 0.4539 0.0322 0.0000
vt 0.3990 0.0251 0.0000
vt 0.5530 0.4387 0.0000
vt 0.5584 0.0634 0.0000
vt 0.5609 0.0642 0.0000
vt 0.5745 0.0689 0.0000
vt 0.6055 0.0773 0.0000
vt 0.5856 0.0726 0.0000
vt 0.6617 0.6679 0.0000
vt 0.6462 0.6706 0.0000
vt 0.6489 0.6499 0.0000
vt 0.6638 0.6495 0.0000
vt 0.4248 0.7154 0.0000
vt 0.3806 0.7131 0.0000
vt 0.3820 0.6780 0.0000
vt 0.4262 0.6703 0.0000
vt 0.3409 0.7131 0.0000
vt 0.3044 0.7126 0.0000
vt 0.3043 0.6872 0.0000
vt 0.3422 0.6839 0.0000
vt 0.2092 0.7083 0.0000
vt 0.2094 0.6965 0.0000
vt 0.2400 0.6950 0.0000
vt 0.2396 0.7100 0.0000
vt 0.6706 0.7193 0.0000
vt 0.6640 0.7286 0.0000
vt 0.6620 0.7256 0.0000
vt 0.6676 0.7175 0.0000
vt 0.5271 0.9409 0.0000
vt 0.5104 0.9504 0.0000
vt 0.4967 0.8914 0.0000
vt 0.5151 0.8873 0.0000
vt 0.3744 0.9451 0.0000
vt 0.3740 0.8808 0.0000
vt 0.4238 0.8925 0.0000
vt 0.4303 0.9650 0.0000
vt 0.2690 0.8593 0.0000
vt 0.2843 0.8268 0.0000
vt 0.3246 0.8550 0.0000
vt 0.3097 0.8967 0.0000
vt 0.1993 0.7462 0.0000
vt 0.2033 0.7463 0.0000
vt 0.2252 0.7688 0.0000
vt 0.2115 0.7901 0.0000
vt 0.4685 0.8929 0.0000
vt 0.4853 0.9619 0.0000
vt 0.4659 0.7152 0.0000
vt 0.4715 0.6603 0.0000
vt 0.5830 0.6959 0.0000
vt 0.5360 0.7006 0.0000
vt 0.5523 0.6549 0.0000
vt 0.5917 0.6547 0.0000
vt 0.6151 0.8354 0.0000
vt 0.5972 0.8673 0.0000
vt 0.5785 0.8303 0.0000
vt 0.5969 0.8025 0.0000
vt 0.6768 0.6639 0.0000
vt 0.6763 0.6492 0.0000
vt 0.6691 0.7078 0.0000
vt 0.6728 0.7084 0.0000
vt 0.7146 0.6551 0.0000
vt 0.6941 0.6591 0.0000
vt 0.6930 0.6469 0.0000
vt 0.7142 0.6456 0.0000
vt 0.7185 0.6741 0.0000
vt 0.6991 0.6816 0.0000
vt 0.6973 0.6769 0.0000
vt 0.7172 0.6702 0.0000
vt 0.2081 0.7312 0.0000
vt 0.2088 0.7204 0.0000
vt 0.2381 0.7254 0.0000
vt 0.2358 0.7409 0.0000
vt 0.2984 0.7658 0.0000
vt 0.3021 0.7385 0.0000
vt 0.3387 0.7450 0.0000
vt 0.3356 0.7779 0.0000
vt 0.3783 0.7504 0.0000
vt 0.3767 0.7881 0.0000
vt 0.4204 0.7585 0.0000
vt 0.4192 0.7935 0.0000
vt 0.4619 0.7606 0.0000
vt 0.4611 0.7949 0.0000
vt 0.4957 0.7932 0.0000
vt 0.4966 0.7609 0.0000
vt 0.5046 0.7630 0.0000
vt 0.5040 0.7924 0.0000
vt 0.5525 0.7584 0.0000
vt 0.5765 0.7412 0.0000
vt 0.5767 0.7568 0.0000
vt 0.5526 0.7768 0.0000
vt 0.7157 0.6637 0.0000
vt 0.7165 0.6673 0.0000
vt 0.6967 0.6736 0.0000
vt 0.6961 0.6695 0.0000
vt 0.4995 0.7107 0.0000
vt 0.5076 0.7095 0.0000
vt 0.6551 0.6900 0.0000
vt 0.6451 0.6905 0.0000
vt 0.6454 0.6857 0.0000
vt 0.6560 0.6864 0.0000
vt 0.2279 0.6496 0.0000
vt 0.2039 0.6650 0.0000
vt 0.1979 0.6549 0.0000
vt 0.2204 0.6329 0.0000
vt 0.2899 0.6017 0.0000
vt 0.2775 0.5785 0.0000
vt 0.3086 0.5600 0.0000
vt 0.3287 0.5867 0.0000
vt 0.3789 0.5422 0.0000
vt 0.3799 0.5753 0.0000
vt 0.4437 0.5760 0.0000
vt 0.4527 0.5460 0.0000
vt 0.4872 0.5761 0.0000
vt 0.4942 0.5489 0.0000
vt 0.5469 0.5863 0.0000
vt 0.5351 0.5837 0.0000
vt 0.5536 0.5631 0.0000
vt 0.5674 0.5674 0.0000
vt 0.6176 0.6037 0.0000
vt 0.5971 0.6010 0.0000
vt 0.6134 0.5822 0.0000
vt 0.6288 0.5868 0.0000
vt 0.6551 0.6163 0.0000
vt 0.6581 0.6042 0.0000
vt 0.6695 0.6107 0.0000
vt 0.6675 0.6214 0.0000
vt 0.6811 0.6199 0.0000
vt 0.6787 0.6267 0.0000
vt 0.7153 0.6316 0.0000
vt 0.7146 0.6355 0.0000
vt 0.6953 0.6353 0.0000
vt 0.6939 0.6290 0.0000
vt 0.2092 0.6878 0.0000
vt 0.2394 0.6817 0.0000
vt 0.3041 0.6655 0.0000
vt 0.3425 0.6582 0.0000
vt 0.3828 0.6500 0.0000
vt 0.4264 0.6432 0.0000
vt 0.4649 0.6390 0.0000
vt 0.5335 0.6105 0.0000
vt 0.5176 0.6388 0.0000
vt 0.5064 0.6218 0.0000
vt 0.5188 0.5999 0.0000
vt 0.5735 0.6251 0.0000
vt 0.6056 0.6266 0.0000
vt 0.6521 0.6317 0.0000
vt 0.6658 0.6342 0.0000
vt 0.6776 0.6368 0.0000
vt 0.6943 0.6405 0.0000
vt 0.7144 0.6400 0.0000
vt 0.1861 0.7514 0.0000
vt 0.1717 0.8178 0.0000
vt 0.2917 0.9308 0.0000
vt 0.3507 0.9784 0.0000
vt 0.2425 0.8923 0.0000
vt 0.3983 0.9754 0.0000
vt 0.2385 0.8268 0.0000
vt 0.2103 0.8591 0.0000
vt 0.2520 0.7985 0.0000
vt 0.2679 0.7311 0.0000
vt 0.2646 0.7520 0.0000
vt 0.2705 0.7111 0.0000
vt 0.2712 0.6918 0.0000
vt 0.2706 0.6740 0.0000
vt 0.2580 0.6224 0.0000
vt 0.2512 0.5978 0.0000
vt 0.3268 0.9818 0.0000
vt 0.2637 0.9570 0.0000
vt 0.1677 0.8523 0.0000
vt 0.1808 0.9001 0.0000
vt 0.2109 0.9300 0.0000
vt 0.3110 0.9839 0.0000
vt 0.2372 0.9808 0.0000
vt 0.1777 0.9734 0.0000
vt 0.1481 0.9426 0.0000
vt 0.1650 0.8749 0.0000
vt 0.1989 0.6123 0.0000
vt 0.1883 0.6640 0.0000
vt 0.3474 0.5211 0.0000
vt 0.2889 0.5382 0.0000
vt 0.2221 0.5809 0.0000
vt 0.2497 0.5585 0.0000
vt 0.1571 0.6184 0.0000
vt 0.1684 0.5801 0.0000
vt 0.3016 0.5139 0.0000
vt 0.2606 0.5221 0.0000
vt 0.1906 0.5556 0.0000
vt 0.2163 0.5371 0.0000
vt 0.1285 0.5568 0.0000
vt 0.1392 0.5379 0.0000
vt 0.2619 0.5103 0.0000
vt 0.2201 0.5151 0.0000
vt 0.1598 0.5245 0.0000
vt 0.1867 0.5188 0.0000
vt 0.6276 0.7042 0.0000
vt 0.6344 0.6926 0.0000
vt 0.6365 0.6958 0.0000
vt 0.6317 0.7056 0.0000
vt 0.6314 0.6752 0.0000
vt 0.6115 0.6882 0.0000
vt 0.6136 0.6539 0.0000
vt 0.6329 0.6513 0.0000
vt 0.6214 0.6287 0.0000
vt 0.6374 0.6296 0.0000
vt 0.6287 0.6070 0.0000
vt 0.6349 0.5907 0.0000
vt 0.6459 0.5970 0.0000
vt 0.6416 0.6111 0.0000
vt 0.6625 0.6930 0.0000
vt 0.6651 0.6898 0.0000
vt 0.6684 0.6938 0.0000
vt 0.6653 0.6965 0.0000
vt 0.6434 0.7277 0.0000
vt 0.6416 0.7314 0.0000
vt 0.6321 0.7248 0.0000
vt 0.6354 0.7211 0.0000
vt 0.5629 0.7980 0.0000
vt 0.5830 0.7732 0.0000
vt 0.4906 0.8378 0.0000
vt 0.5067 0.8375 0.0000
vt 0.4207 0.8311 0.0000
vt 0.4637 0.8313 0.0000
vt 0.3754 0.8291 0.0000
vt 0.3318 0.8144 0.0000
vt 0.2933 0.7949 0.0000
vt 0.2600 0.7740 0.0000
vt 0.2319 0.7550 0.0000
vt 0.2068 0.7402 0.0000
vt 0.6521 0.7335 0.0000
vt 0.6519 0.7289 0.0000
vt 0.1818 0.6760 0.0000
vt 0.1812 0.6804 0.0000
vt 0.1795 0.7175 0.0000
vt 0.1787 0.7060 0.0000
vt 0.1832 0.7461 0.0000
vt 0.1827 0.7375 0.0000
vt 0.1805 0.7252 0.0000
vt 0.1790 0.6946 0.0000
vt 0.1831 0.7514 0.0000
vt 0.1830 0.6676 0.0000
vt 0.1814 0.7305 0.0000
vt 0.1109 0.6434 0.0000
vt 0.1155 0.6257 0.0000
vt 0.1632 0.6772 0.0000
vt 0.1604 0.6811 0.0000
vt 0.0978 0.7212 0.0000
vt 0.0947 0.7042 0.0000
vt 0.1479 0.7069 0.0000
vt 0.1518 0.7198 0.0000
vt 0.1096 0.7720 0.0000
vt 0.1598 0.7368 0.0000
vt 0.1644 0.7461 0.0000
vt 0.1169 0.7936 0.0000
vt 0.1023 0.7408 0.0000
vt 0.1534 0.7238 0.0000
vt 0.0957 0.6877 0.0000
vt 0.1498 0.6939 0.0000
vt 0.1735 0.7514 0.0000
vt 0.1220 0.8263 0.0000
vt 0.1197 0.5927 0.0000
vt 0.1714 0.6675 0.0000
vt 0.1049 0.7535 0.0000
vt 0.1551 0.7277 0.0000
vt 0.0590 0.6126 0.0000
vt 0.0706 0.5953 0.0000
vt 0.0411 0.7216 0.0000
vt 0.0387 0.7010 0.0000
vt 0.0555 0.8039 0.0000
vt 0.0714 0.8303 0.0000
vt 0.0453 0.7598 0.0000
vt 0.0408 0.6781 0.0000
vt 0.0969 0.8429 0.0000
vt 0.0911 0.5813 0.0000
vt 0.0472 0.7733 0.0000
vt 0.5934 0.6008 0.0000
vt 0.5842 0.5977 0.0000
vt 0.6001 0.5777 0.0000
vt 0.6080 0.5803 0.0000
vt 0.5690 0.6226 0.0000
vt 0.5793 0.6248 0.0000
vt 0.5617 0.6546 0.0000
vt 0.5486 0.6543 0.0000
vt 0.5427 0.7031 0.0000
vt 0.5252 0.7068 0.0000
vt 0.5456 0.6576 0.0000
vt 0.5391 0.7634 0.0000
vt 0.5220 0.7674 0.0000
vt 0.5400 0.7844 0.0000
vt 0.5231 0.7896 0.0000
vt 0.5625 0.8520 0.0000
vt 0.5781 0.8952 0.0000
vt 0.5468 0.8681 0.0000
vt 0.5609 0.9147 0.0000
vt 0.5483 0.8149 0.0000
vt 0.5335 0.8267 0.0000
vt 0.6202 0.7705 0.0000
vt 0.6378 0.7827 0.0000
vt 0.6144 0.7452 0.0000
vt 0.6132 0.7321 0.0000
vt 0.6120 0.7186 0.0000
vt 0.6278 0.7167 0.0000
vt 0.6319 0.7137 0.0000
vt 0.6802 0.6786 0.0000
vt 0.6854 0.6969 0.0000
vt 0.6827 0.6868 0.0000
vt 0.6662 0.7341 0.0000
vt 0.6749 0.7181 0.0000
vt 0.6566 0.7502 0.0000
vt 0.6816 0.6831 0.0000
vt 0.6804 0.7064 0.0000
vt 0.6676 0.6994 0.0000
vt 0.6710 0.6971 0.0000
vt 0.6616 0.6942 0.0000
vt 0.6547 0.6913 0.0000
vt 0.6518 0.7275 0.0000
vt 0.6439 0.7264 0.0000
vt 0.6455 0.6917 0.0000
vt 0.6374 0.6967 0.0000
vt 0.6365 0.7202 0.0000
vt 0.6678 0.7080 0.0000
vt 0.6664 0.7001 0.0000
vt 0.6332 0.7134 0.0000
vt 0.6612 0.7244 0.0000
vt 0.6664 0.7171 0.0000
vt 0.6330 0.7058 0.0000
vt 0.6643 0.6975 0.0000
vt 0.6541 0.6937 0.0000
vt 0.6601 0.6962 0.0000
vt 0.6447 0.7240 0.0000
vt 0.6516 0.7251 0.0000
vt 0.6389 0.6982 0.0000
vt 0.6461 0.6940 0.0000
vt 0.6383 0.7188 0.0000
vt 0.6644 0.7014 0.0000
vt 0.6655 0.7083 0.0000
vt 0.6354 0.7129 0.0000
vt 0.6599 0.7224 0.0000
vt 0.6644 0.7158 0.0000
vt 0.6352 0.7063 0.0000
vt 0.6625 0.6991 0.0000
vt 0.6540 0.6944 0.0000
vt 0.6597 0.6968 0.0000
vt 0.6449 0.7233 0.0000
vt 0.6515 0.7244 0.0000
vt 0.6394 0.6986 0.0000
vt 0.6462 0.6946 0.0000
vt 0.6388 0.7184 0.0000
vt 0.6639 0.7017 0.0000
vt 0.6649 0.7084 0.0000
vt 0.6361 0.7127 0.0000
vt 0.6638 0.7156 0.0000
vt 0.6595 0.7218 0.0000
vt 0.6359 0.7064 0.0000
vt 0.6620 0.6995 0.0000
vt 0.6541 0.6938 0.0000
vt 0.6601 0.6963 0.0000
vt 0.6447 0.7239 0.0000
vt 0.6516 0.7250 0.0000
vt 0.6390 0.6982 0.0000
vt 0.6384 0.7188 0.0000
vt 0.6355 0.7129 0.0000
vt 0.6644 0.7157 0.0000
vt 0.6598 0.7223 0.0000
vt 0.6353 0.7063 0.0000
vt 0.6624 0.6991 0.0000
vt 0.4997 0.6466 0.0000
vt 0.4911 0.6347 0.0000
vt 0.4709 0.6169 0.0000
vt 0.4952 0.6177 0.0000
vt 0.5212 0.5814 0.0000
vt 0.5511 0.5623 0.0000
vt 0.4726 0.0300 0.0000
vt 0.4828 0.0312 0.0000
vt 0.4557 0.0269 0.0000
vt 0.4560 0.0269 0.0000
vt 0.5019 0.0327 0.0000
vt 0.5202 0.0349 0.0000
vt 0.4645 0.0290 0.0000
vt 0.4536 0.0267 0.0000
vt 0.4656 0.0281 0.0000
vt 0.4239 0.0150 0.0000
vt 0.4211 0.0131 0.0000
vt 0.4381 0.0160 0.0000
vt 0.4363 0.0244 0.0000
vt 0.4217 0.0144 0.0000
vt 0.4378 0.0198 0.0000
vt 0.4532 0.0227 0.0000
vt 0.4492 0.0261 0.0000
vt 0.4541 0.0256 0.0000
vt 0.4123 0.0214 0.0000
vt 0.4018 0.0113 0.0000
vt 0.4000 0.0110 0.0000
vt 0.5852 0.5973 0.0000
vt 0.5647 0.5901 0.0000
vt 0.5779 0.5707 0.0000
vt 0.5977 0.5770 0.0000
vt 0.5507 0.6170 0.0000
vt 0.5716 0.6203 0.0000
vt 0.5547 0.6488 0.0000
vt 0.5330 0.6474 0.0000
vt 0.5284 0.6572 0.0000
vt 0.5383 0.6579 0.0000
vt 0.5106 0.7645 0.0000
vt 0.5137 0.7085 0.0000
vt 0.5109 0.7914 0.0000
vt 0.5193 0.8338 0.0000
vt 0.5309 0.8796 0.0000
vt 0.5427 0.9294 0.0000
vt 0.8937 0.7804 0.0000
vt 0.8936 0.7802 0.0000
vt 0.8659 0.7574 0.0000
vt 0.8660 0.7577 0.0000
vt 0.5119 0.5994 0.0000
vt 0.9489 0.7942 0.0000
vt 0.9761 0.7725 0.0000
vt 0.9726 0.7751 0.0000
vt 0.9488 0.7940 0.0000
vt 0.8809 0.6738 0.0000
vt 0.9037 0.6796 0.0000
vt 0.9125 0.6446 0.0000
vt 0.8957 0.6546 0.0000
vt 0.8929 0.6546 0.0000
vt 0.8916 0.6551 0.0000
vt 0.8800 0.6734 0.0000
vt 0.9092 0.6457 0.0000
vt 0.9040 0.6791 0.0000
vt 0.9339 0.6789 0.0000
vt 0.9244 0.6360 0.0000
vt 0.9368 0.6252 0.0000
vt 0.9690 0.6694 0.0000
vt 0.9654 0.6720 0.0000
vt 0.9374 0.6246 0.0000
vt 0.8655 0.7100 0.0000
vt 0.8972 0.7176 0.0000
vt 0.8656 0.7103 0.0000
vt 0.8973 0.7178 0.0000
vt 0.9384 0.7190 0.0000
vt 0.9727 0.7158 0.0000
vt 0.9341 0.6816 0.0000
vt 0.9385 0.7192 0.0000
vt 0.9763 0.7131 0.0000
vt 0.9277 0.6337 0.0000
vt 0.5148 0.6530 0.0000
vt 0.4994 0.6396 0.0000
vt 0.5044 0.6386 0.0000
vt 0.5040 0.6386 0.0000
vt 0.4987 0.6443 0.0000
vt 0.5151 0.6464 0.0000
vt 0.5158 0.6444 0.0000
vt 0.5276 0.6502 0.0000
vt 0.5295 0.6530 0.0000
vt 0.5389 0.6517 0.0000
vt 0.5476 0.6554 0.0000
vt 0.5469 0.6560 0.0000
vt 0.5370 0.6501 0.0000
vt 0.5008 0.6467 0.0000
vt 0.4994 0.6442 0.0000
vt 0.5511 0.6521 0.0000
vt 0.5313 0.6502 0.0000
vt 0.5159 0.6425 0.0000
vt 0.5030 0.6332 0.0000
vt 0.9342 0.6204 0.0000
vt 0.9316 0.6213 0.0000
vt 0.9228 0.6306 0.0000
vt 0.9083 0.6387 0.0000
vt 0.8942 0.6466 0.0000
vt 0.4985 0.6436 0.0000
vt 0.1794 0.6926 0.0000
vt 0.0987 0.6733 0.0000
vt 0.1514 0.6914 0.0000
vt 0.0484 0.6495 0.0000
vt 0.6424 0.7846 0.0000
vt 0.6196 0.8423 0.0000
vt 0.6361 0.5895 0.0000
vt 0.6289 0.5852 0.0000
vt 0.4382 0.9737 0.0000
vt 0.4860 0.9687 0.0000
vt 0.3796 0.5399 0.0000
vt 0.4613 0.5414 0.0000
vt 0.5119 0.9580 0.0000
vt 0.6808 0.6208 0.0000
vt 0.6786 0.7188 0.0000
vt 0.6847 0.7072 0.0000
vt 0.7154 0.6305 0.0000
vt 0.6908 0.6298 0.0000
vt 0.6996 0.6824 0.0000
vt 0.7189 0.6759 0.0000
vt 0.1862 0.7533 0.0000
vt 0.1713 0.8218 0.0000
vt 0.4051 0.9844 0.0000
vt 0.3561 0.9876 0.0000
vt 0.3313 0.9910 0.0000
vt 0.2389 0.9900 0.0000
vt 0.3151 0.9932 0.0000
vt 0.1672 0.8574 0.0000
vt 0.1645 0.8808 0.0000
vt 0.1470 0.9505 0.0000
vt 0.1775 0.9824 0.0000
vt 0.3496 0.5184 0.0000
vt 0.1562 0.6160 0.0000
vt 0.1892 0.6666 0.0000
vt 0.3054 0.5083 0.0000
vt 0.1268 0.5525 0.0000
vt 0.1378 0.5331 0.0000
vt 0.2644 0.5046 0.0000
vt 0.2213 0.5096 0.0000
vt 0.1591 0.5192 0.0000
vt 0.1868 0.5134 0.0000
vt 0.6461 0.5960 0.0000
vt 0.6696 0.7349 0.0000
vt 0.1831 0.7533 0.0000
vt 0.1831 0.6667 0.0000
vt 0.1732 0.7533 0.0000
vt 0.1201 0.8306 0.0000
vt 0.1710 0.6667 0.0000
vt 0.1177 0.5896 0.0000
vt 0.0668 0.5925 0.0000
vt 0.0551 0.6101 0.0000
vt 0.0341 0.7013 0.0000
vt 0.0367 0.7234 0.0000
vt 0.0515 0.8075 0.0000
vt 0.0679 0.8347 0.0000
vt 0.0410 0.7619 0.0000
vt 0.0365 0.6769 0.0000
vt 0.0941 0.8477 0.0000
vt 0.0881 0.5778 0.0000
vt 0.0429 0.7759 0.0000
vt 0.6175 0.5798 0.0000
vt 0.6035 0.8721 0.0000
vt 0.6034 0.5741 0.0000
vt 0.6119 0.5779 0.0000
vt 0.5842 0.9002 0.0000
vt 0.5660 0.9197 0.0000
vt 0.6589 0.7550 0.0000
vt 0.6896 0.6977 0.0000
vt 0.5301 0.9482 0.0000
vt 0.4463 0.5486 0.0000
vt 0.4452 0.5470 0.0000
vt 0.4441 0.5491 0.0000
vt 0.4467 0.5532 0.0000
vt 0.5483 0.9348 0.0000
vt 0.5537 0.5595 0.0000
vt 0.5562 0.5603 0.0000
vt 0.5699 0.5649 0.0000
vt 0.6009 0.5733 0.0000
vt 0.5809 0.5687 0.0000
vt 0.0441 0.6482 0.0000
vt 0.7433 0.1683 0.0000
vt 0.7467 0.1717 0.0000
vt 0.7409 0.1624 0.0000
vt 0.7401 0.1558 0.0000
vt 0.7413 0.1488 0.0000
vt 0.7446 0.1406 0.0000
vt 0.7447 0.1374 0.0000
vt 0.7434 0.1367 0.0000
vt 0.7374 0.6339 0.0000
vt 0.7387 0.6328 0.0000
vt 0.7366 0.6371 0.0000
vt 0.7356 0.6408 0.0000
vt 0.7345 0.6455 0.0000
vt 0.7340 0.6525 0.0000
vt 0.7356 0.6590 0.0000
vt 0.7380 0.6626 0.0000
vt 0.7399 0.6656 0.0000
vt 0.7418 0.6683 0.0000
vt 0.7424 0.6692 0.0000
vt 0.7448 0.1711 0.0000
vt 0.7638 0.1646 0.0000
vt 0.7673 0.1671 0.0000
vt 0.7595 0.1596 0.0000
vt 0.7583 0.1541 0.0000
vt 0.7595 0.1483 0.0000
vt 0.7611 0.1418 0.0000
vt 0.7625 0.1394 0.0000
vt 0.7641 0.1382 0.0000
vt 0.7578 0.6355 0.0000
vt 0.7594 0.6343 0.0000
vt 0.7565 0.6380 0.0000
vt 0.7558 0.6411 0.0000
vt 0.7549 0.6450 0.0000
vt 0.7539 0.6505 0.0000
vt 0.7552 0.6557 0.0000
vt 0.7578 0.6588 0.0000
vt 0.7599 0.6612 0.0000
vt 0.7626 0.6634 0.0000
vt 0.7641 0.6640 0.0000
vt 0.7662 0.1656 0.0000
vt 0.7796 0.1623 0.0000
vt 0.7827 0.1646 0.0000
vt 0.7745 0.1575 0.0000
vt 0.7739 0.1529 0.0000
vt 0.7774 0.1481 0.0000
vt 0.7801 0.1424 0.0000
vt 0.7813 0.1394 0.0000
vt 0.7815 0.1383 0.0000
vt 0.7770 0.6360 0.0000
vt 0.7769 0.6344 0.0000
vt 0.7764 0.6373 0.0000
vt 0.7751 0.6405 0.0000
vt 0.7736 0.6445 0.0000
vt 0.7704 0.6490 0.0000
vt 0.7710 0.6536 0.0000
vt 0.7731 0.6562 0.0000
vt 0.7748 0.6583 0.0000
vt 0.7781 0.6613 0.0000
vt 0.7783 0.6614 0.0000
vt 0.7817 0.1639 0.0000
vt 0.7976 0.1591 0.0000
vt 0.7981 0.1601 0.0000
vt 0.7844 0.1544 0.0000
vt 0.7849 0.1527 0.0000
vt 0.7957 0.1500 0.0000
vt 0.7972 0.1439 0.0000
vt 0.7978 0.1422 0.0000
vt 0.7984 0.1412 0.0000
vt 0.7927 0.6381 0.0000
vt 0.7937 0.6373 0.0000
vt 0.7914 0.6398 0.0000
vt 0.7870 0.6426 0.0000
vt 0.7816 0.6461 0.0000
vt 0.7807 0.6488 0.0000
vt 0.7826 0.6510 0.0000
vt 0.7843 0.6534 0.0000
vt 0.7856 0.6554 0.0000
vt 0.7940 0.6565 0.0000
vt 0.7942 0.6566 0.0000
vt 0.7988 0.1605 0.0000
vt 0.8006 0.1553 0.0000
vt 0.8011 0.1556 0.0000
vt 0.7855 0.1535 0.0000
vt 0.7842 0.1518 0.0000
vt 0.7856 0.1521 0.0000
vt 0.7858 0.1526 0.0000
vt 0.7840 0.1531 0.0000
vt 0.7869 0.1507 0.0000
vt 0.7925 0.1509 0.0000
vt 0.7982 0.1507 0.0000
vt 0.8006 0.1486 0.0000
vt 0.8014 0.1475 0.0000
vt 0.8015 0.1472 0.0000
vt 0.7964 0.6434 0.0000
vt 0.7968 0.6433 0.0000
vt 0.7949 0.6446 0.0000
vt 0.7927 0.6454 0.0000
vt 0.7899 0.6465 0.0000
vt 0.7823 0.6486 0.0000
vt 0.7829 0.6498 0.0000
vt 0.7886 0.6504 0.0000
vt 0.7931 0.6509 0.0000
vt 0.7965 0.6516 0.0000
vt 0.7968 0.6518 0.0000
vt 0.8015 0.1557 0.0000
vt 0.7674 0.6480 0.0000
vt 0.7674 0.6484 0.0000
vt 0.7674 0.6482 0.0000
vt 0.7674 0.6485 0.0000
vt 0.7674 0.6486 0.0000
vt 0.7720 0.1519 0.0000
vt 0.7720 0.1524 0.0000
vt 0.7720 0.1526 0.0000
vt 0.7801 0.1513 0.0000
vt 0.7804 0.1528 0.0000
vt 0.7720 0.1509 0.0000
vt 0.7839 0.1505 0.0000
vt 0.7720 0.1508 0.0000
vt 0.7720 0.1507 0.0000
vt 0.7674 0.6467 0.0000
vt 0.7674 0.6468 0.0000
vt 0.7674 0.6469 0.0000
vt 0.7674 0.6472 0.0000
vt 0.7674 0.6474 0.0000
vt 0.7819 0.6496 0.0000
vt 0.7811 0.6487 0.0000
vt 0.7876 0.6496 0.0000
vt 0.7954 0.6498 0.0000
vt 0.7922 0.6496 0.0000
vt 0.7960 0.6498 0.0000
vt 0.8004 0.1537 0.0000
vt 0.8007 0.1537 0.0000
vt 0.7998 0.1537 0.0000
vt 0.7857 0.1533 0.0000
vt 0.7996 0.1500 0.0000
vt 0.7970 0.1510 0.0000
vt 0.8005 0.1496 0.0000
vt 0.8007 0.1495 0.0000
vt 0.7955 0.6455 0.0000
vt 0.7961 0.6455 0.0000
vt 0.7941 0.6460 0.0000
vt 0.7896 0.6467 0.0000
vt 0.7921 0.6463 0.0000
vt 0.5027 0.1108 0.0000
vt 0.5119 0.1004 0.0000
vt 0.3863 0.1306 0.0000
vt 0.3394 0.1348 0.0000
vt 0.3011 0.1439 0.0000
vt 0.2698 0.1579 0.0000
vt 0.2399 0.1719 0.0000
vt 0.2124 0.1887 0.0000
vt 0.1842 0.1949 0.0000
vt 0.1588 0.1945 0.0000
vt 0.1097 0.1712 0.0000
vt 0.0546 0.1479 0.0000
vt 0.0504 0.1464 0.0000
vt 0.0500 0.6440 0.0000
vt 0.0458 0.6425 0.0000
vt 0.1015 0.6652 0.0000
vt 0.1534 0.6899 0.0000
vt 0.1797 0.6904 0.0000
vt 0.2084 0.6802 0.0000
vt 0.2375 0.6696 0.0000
vt 0.2681 0.6573 0.0000
vt 0.3021 0.6448 0.0000
vt 0.3415 0.6346 0.0000
vt 0.3846 0.6251 0.0000
vt 0.4310 0.6166 0.0000
vt 0.3855 0.1064 0.0000
vt 0.3304 0.1119 0.0000
vt 0.2955 0.1249 0.0000
vt 0.2655 0.1409 0.0000
vt 0.2371 0.1585 0.0000
vt 0.2115 0.1770 0.0000
vt 0.1850 0.1900 0.0000
vt 0.1618 0.1899 0.0000
vt 0.1130 0.1598 0.0000
vt 0.0590 0.1328 0.0000
vt 0.0549 0.1308 0.0000
vt 0.0544 0.6288 0.0000
vt 0.0503 0.6269 0.0000
vt 0.1064 0.6561 0.0000
vt 0.1572 0.6860 0.0000
vt 0.1805 0.6855 0.0000
vt 0.2071 0.6727 0.0000
vt 0.2339 0.6587 0.0000
vt 0.2633 0.6410 0.0000
vt 0.2971 0.6230 0.0000
vt 0.3376 0.6111 0.0000
vt 0.3839 0.6015 0.0000
vt 0.4371 0.5970 0.0000
vt 0.4788 0.5972 0.0000
# 1271 texture coords

g Butterfly_Fish
usemtl Buterfly_Fish
s 1
f 1/1/1 2/2/2 3/3/3 4/4/4 
f 5/5/5 6/6/6 7/7/7 8/8/8 
f 9/9/9 10/10/10 11/11/11 12/12/12 
f 13/13/13 14/14/14 15/15/15 16/16/16 
s 5
f 17/17/17 18/18/18 19/19/19 20/20/20 
s 1
f 21/21/21 22/22/22 23/23/23 24/24/24 
f 25/25/25 26/26/26 27/27/27 28/28/28 
f 29/29/29 30/30/30 31/31/31 32/32/32 
f 33/33/33 34/34/34 35/35/35 36/36/36 
f 26/26/26 29/29/29 32/32/32 27/27/27 
f 8/8/8 7/7/7 10/10/10 9/9/9 
f 37/37/37 25/25/25 28/28/28 38/38/38 
f 39/39/39 40/40/40 6/6/6 5/5/5 
f 41/41/41 42/42/42 43/43/43 44/44/44 
f 45/45/45 46/46/46 47/47/47 48/48/48 
s 12
f 49/49/49 50/50/50 2/2/51 1/1/52 
s off
f 18/18/53 17/17/53 51/51/53 52/52/53 
s 13
f 53/53/54 54/54/55 55/55/56 56/56/57 
s 14
f 57/57/58 58/58/59 59/59/60 60/60/61 
s 1
f 61/61/62 62/62/63 63/63/64 64/64/65 
f 65/65/66 66/66/67 67/67/68 68/68/69 
f 69/69/70 65/65/66 68/68/69 70/70/71 
f 71/71/72 69/69/70 70/70/71 72/72/73 
f 73/73/74 71/71/72 72/72/73 74/74/75 
f 75/75/76 76/76/77 77/77/78 78/78/79 
f 79/79/80 80/80/81 81/81/82 82/82/83 
f 13/13/13 16/16/16 62/62/63 61/61/62 
f 9/9/9 12/12/12 66/66/67 65/65/66 
f 8/8/8 9/9/9 65/65/66 69/69/70 
f 5/5/5 8/8/8 69/69/70 71/71/72 
f 73/73/74 39/39/39 5/5/5 71/71/72 
f 83/83/84 84/84/85 77/77/78 76/76/77 
f 42/42/42 79/79/80 82/82/83 43/43/43 
s 18
f 85/85/86 86/86/87 87/87/88 88/88/89 
s 14
f 54/54/55 89/89/90 90/90/91 55/55/56 
s 1
f 91/91/92 92/92/93 93/93/94 94/94/95 
f 95/95/96 96/96/97 97/97/98 98/98/99 
f 99/99/100 100/100/101 96/96/97 95/95/96 
f 101/101/102 102/102/103 100/100/101 99/99/100 
f 103/103/104 104/104/105 102/102/103 101/101/102 
s 21
f 105/105/106 106/106/107 107/107/108 108/108/109 
s 1
f 109/109/110 110/110/111 111/111/112 112/112/113 
f 113/113/114 114/114/115 115/115/116 116/116/117 
s 12
f 116/116/118 117/117/119 118/118/120 113/113/121 
s 13
f 119/119/122 120/120/123 121/121/124 122/122/125 
s off
f 36/36/126 35/35/126 123/123/126 124/124/126 
f 27/27/127 32/32/127 125/125/127 126/126/127 
s 23
f 32/32/32 31/31/31 127/127/128 125/125/129 
s off
f 128/128/130 28/28/130 27/27/130 126/126/130 
s 23
f 129/129/131 130/130/132 36/36/36 124/124/133 
s 1
f 131/131/134 33/33/33 36/36/36 130/130/132 
f 132/132/135 61/61/62 64/64/65 133/133/136 
f 134/134/137 13/13/13 61/61/62 132/132/135 
f 134/134/137 135/135/138 14/14/14 13/13/13 
f 136/136/139 137/137/140 92/92/93 91/91/92 
s 24
f 138/138/141 126/126/142 125/125/129 139/139/143 
s 25
f 129/129/131 124/124/133 140/140/144 141/141/145 
s 26
f 139/139/143 125/125/129 127/127/128 142/142/146 
s 1
f 98/98/99 97/97/98 137/137/140 136/136/139 
f 135/135/138 134/134/137 12/12/12 11/11/11 
f 12/12/12 134/134/137 132/132/135 66/66/67 
f 66/66/67 132/132/135 133/133/136 67/67/68 
f 30/30/30 131/131/134 130/130/132 31/31/31 
s 23
f 31/31/31 130/130/132 129/129/131 127/127/128 
s 25
f 127/127/128 129/129/131 141/141/145 142/142/146 
s 24
f 143/143/147 138/138/141 139/139/143 144/144/148 
s 26
f 144/144/148 139/139/143 142/142/146 145/145/149 
s 25
f 142/142/146 141/141/145 146/146/150 145/145/149 
f 147/147/151 146/146/150 141/141/145 140/140/144 
s off
f 93/93/152 92/92/152 148/148/152 149/149/152 
f 96/96/153 100/100/153 150/150/153 151/151/153 
f 92/92/154 137/137/154 152/152/154 148/148/154 
f 97/97/155 96/96/155 151/151/155 153/153/155 
f 137/137/156 97/97/156 153/153/156 152/152/156 
f 154/154/157 149/149/157 148/148/157 155/155/157 
f 151/151/158 150/150/158 156/156/158 157/157/158 
f 155/155/159 148/148/159 152/152/159 158/158/159 
f 153/153/160 151/151/160 157/157/160 159/159/160 
f 152/152/161 153/153/161 159/159/161 158/158/161 
f 160/160/162 154/154/162 155/155/162 161/161/162 
f 157/157/163 156/156/163 162/162/163 163/163/163 
f 161/161/164 155/155/164 158/158/164 164/164/164 
f 159/159/165 157/157/165 163/163/165 165/165/165 
f 158/158/166 159/159/166 165/165/166 164/164/166 
s 18
f 166/166/167 167/167/168 168/168/169 169/169/170 
s 1
f 170/170/171 171/171/172 172/172/173 173/173/174 
f 174/174/175 175/175/176 176/176/177 177/177/178 
s 27
f 178/178/179 179/179/180 180/180/181 181/181/182 
s 14
f 57/57/58 90/90/91 89/89/90 58/58/59 
s 28
f 182/182/183 183/183/184 184/184/185 185/185/186 
s 1
f 186/186/187 45/45/45 48/48/48 187/187/188 
f 22/22/22 188/188/189 189/189/190 23/23/23 
f 190/190/191 191/191/192 25/25/25 37/37/37 
f 191/191/192 192/192/193 26/26/26 25/25/25 
f 192/192/193 193/193/194 29/29/29 26/26/26 
f 193/193/194 194/194/195 30/30/30 29/29/29 
f 194/194/195 195/195/196 131/131/134 30/30/30 
f 195/195/196 196/196/197 33/33/33 131/131/134 
f 196/196/197 197/197/198 34/34/34 33/33/33 
s 5
f 19/19/19 198/198/199 199/199/200 20/20/20 
s 18
f 88/88/89 87/87/88 169/169/170 168/168/169 
s 1
f 4/4/4 3/3/3 171/171/172 170/170/171 
f 114/114/115 174/174/175 177/177/178 115/115/116 
s 29
f 94/94/95 93/93/94 200/200/201 201/201/202 
s 30
f 202/202/203 62/62/204 16/16/205 203/203/206 
s 31
f 35/35/35 34/34/34 204/204/207 205/205/208 
s 32
f 206/206/209 63/63/210 62/62/211 202/202/212 
s 29
f 207/207/213 208/208/214 15/15/15 209/209/215 
s 34
f 16/16/205 15/15/216 208/208/217 203/203/206 
s 35
f 123/123/218 35/35/35 205/205/208 210/210/219 
s 36
f 200/200/201 93/93/94 149/149/220 211/211/221 
s 37
f 204/204/207 34/34/34 197/197/198 212/212/222 
s 38
f 213/213/223 214/214/224 215/215/225 216/216/226 
s off
f 217/217/227 218/218/227 219/219/227 220/220/227 
f 221/221/228 222/222/228 223/223/228 224/224/228 
s 39
f 225/225/229 218/218/230 217/217/231 226/226/232 
s 38
f 227/227/233 228/228/234 229/229/235 230/230/236 
s off
f 219/219/237 229/229/237 228/228/237 220/220/237 
f 231/231/238 221/221/238 224/224/238 232/232/238 
f 216/216/239 215/215/239 233/233/239 234/234/239 
f 222/222/240 235/235/240 236/236/240 223/223/240 
s 41
f 237/237/241 213/213/223 216/216/226 238/238/242 
s off
f 239/239/243 217/217/243 220/220/243 240/240/243 
f 224/224/244 223/223/244 241/241/244 242/242/244 
s 42
f 226/226/232 217/217/231 239/239/245 243/243/246 
s 41
f 227/227/233 244/244/247 245/245/248 228/228/234 
s off
f 240/240/249 220/220/249 228/228/249 245/245/249 
f 232/232/250 224/224/250 242/242/250 246/246/250 
f 238/238/251 216/216/251 234/234/251 247/247/251 
f 223/223/252 236/236/252 248/248/252 241/241/252 
s 1
f 249/249/253 250/250/254 251/251/255 252/252/256 
f 250/250/254 249/249/253 110/110/111 109/109/110 
f 253/253/257 42/42/42 41/41/41 254/254/258 
f 255/255/259 256/256/260 253/253/257 254/254/258 
f 257/257/261 253/253/257 256/256/260 258/258/262 
f 79/79/80 42/42/42 253/253/257 257/257/261 
f 259/259/263 257/257/261 258/258/262 260/260/264 
f 80/80/81 79/79/80 257/257/261 259/259/263 
f 261/261/265 262/262/266 46/46/46 45/45/45 
f 263/263/267 264/264/268 262/262/266 261/261/265 
f 265/265/269 261/261/265 45/45/45 186/186/187 
f 266/266/270 263/263/267 261/261/265 265/265/269 
f 267/267/271 268/268/272 48/48/48 47/47/47 
f 268/268/272 269/269/273 187/187/188 48/48/48 
f 270/270/274 271/271/275 82/82/83 81/81/82 
f 271/271/275 173/173/174 43/43/43 82/82/83 
f 173/173/174 172/172/173 44/44/44 43/43/43 
f 176/176/177 175/175/176 112/112/113 111/111/112 
s 28
f 198/198/199 182/182/183 185/185/186 199/199/200 
s 1
f 269/269/273 270/270/274 81/81/82 187/187/188 
f 80/80/81 186/186/187 187/187/188 81/81/82 
f 186/186/187 80/80/81 259/259/263 265/265/269 
f 265/265/269 259/259/263 260/260/264 266/266/270 
f 188/188/189 75/75/76 78/78/79 189/189/190 
f 74/74/75 72/72/73 191/191/192 190/190/191 
f 72/72/73 70/70/71 192/192/193 191/191/192 
f 70/70/71 68/68/69 193/193/194 192/192/193 
f 68/68/69 67/67/68 194/194/195 193/193/194 
f 67/67/68 133/133/136 195/195/196 194/194/195 
f 133/133/136 64/64/65 196/196/197 195/195/196 
f 64/64/65 63/63/64 197/197/198 196/196/197 
s 32
f 63/63/210 206/206/209 212/212/222 197/197/198 
s 39
f 235/235/276 225/225/229 226/226/232 236/236/277 
s 42
f 236/236/277 226/226/232 243/243/246 248/248/278 
s 28
f 183/183/184 272/272/279 273/273/280 184/184/185 
s 1
f 173/173/174 271/271/275 166/166/281 
f 173/173/174 166/166/281 169/169/282 170/170/171 
f 87/87/283 4/4/4 170/170/171 169/169/282 
f 86/86/284 1/1/1 4/4/4 87/87/283 
s 48
f 86/86/87 180/180/181 274/274/285 1/1/286 
s 49
f 275/275/287 276/276/288 59/59/289 58/58/290 
s 50
f 17/17/291 20/20/292 277/277/293 278/278/294 
f 277/277/293 20/20/292 199/199/200 279/279/295 
s 1
f 268/268/272 267/267/271 279/279/296 
f 185/185/297 184/184/298 269/269/273 268/268/272 
f 184/184/298 273/273/299 270/270/274 269/269/273 
f 273/273/299 166/166/281 271/271/275 270/270/274 
s 48
f 180/180/181 179/179/180 275/275/287 274/274/285 
s off
f 278/278/300 280/280/300 51/51/300 17/17/300 
s 27
f 52/52/301 51/51/302 179/179/180 178/178/179 
s off
f 280/280/303 276/276/303 275/275/303 
f 181/181/304 180/180/304 86/86/304 85/85/304 
f 166/166/305 273/273/305 272/272/305 167/167/305 
f 281/281/306 181/181/306 85/85/306 282/282/306 
f 182/182/307 198/198/307 283/283/307 284/284/307 
f 285/285/308 88/88/308 168/168/308 286/286/308 
f 183/183/309 182/182/309 284/284/309 287/287/309 
f 288/288/310 52/52/310 178/178/310 289/289/310 
f 272/272/311 183/183/311 287/287/311 290/290/311 
f 291/291/312 19/19/312 18/18/312 292/292/312 
f 282/282/313 85/85/313 88/88/313 285/285/313 
f 198/198/314 19/19/314 291/291/314 283/283/314 
f 168/168/315 167/167/315 293/293/315 286/286/315 
f 292/292/316 18/18/316 52/52/316 288/288/316 
f 289/289/317 178/178/317 181/181/317 281/281/317 
f 167/167/318 272/272/318 290/290/318 293/293/318 
f 281/281/319 282/282/319 294/294/319 295/295/319 
f 296/296/320 284/284/320 283/283/320 297/297/320 
f 285/285/321 286/286/321 298/298/321 299/299/321 
f 300/300/322 287/287/322 284/284/322 296/296/322 
f 288/288/323 289/289/323 301/301/323 302/302/323 
f 303/303/324 290/290/324 287/287/324 300/300/324 
f 304/304/325 291/291/325 292/292/325 305/305/325 
f 282/282/326 285/285/326 299/299/326 294/294/326 
f 297/297/327 283/283/327 291/291/327 304/304/327 
f 298/298/328 286/286/328 293/293/328 306/306/328 
f 305/305/329 292/292/329 288/288/329 302/302/329 
f 289/289/330 281/281/330 295/295/330 301/301/330 
f 306/306/331 293/293/331 290/290/331 303/303/331 
f 295/295/332 294/294/332 307/307/332 308/308/332 
f 309/309/333 296/296/333 297/297/333 310/310/333 
f 299/299/334 298/298/334 311/311/334 312/312/334 
f 313/313/335 300/300/335 296/296/335 309/309/335 
f 302/302/336 301/301/336 314/314/336 315/315/336 
f 316/316/337 303/303/337 300/300/337 313/313/337 
f 304/304/338 305/305/338 317/317/338 318/318/338 
f 294/294/339 299/299/339 312/312/339 307/307/339 
f 310/310/340 297/297/340 304/304/340 318/318/340 
f 311/311/341 298/298/341 306/306/341 319/319/341 
f 305/305/342 302/302/342 315/315/342 317/317/342 
f 301/301/343 295/295/343 308/308/343 314/314/343 
f 319/319/344 306/306/344 303/303/344 316/316/344 
f 308/308/345 307/307/345 320/320/345 321/321/345 
f 322/322/346 309/309/346 310/310/346 323/323/346 
f 312/312/347 311/311/347 324/324/347 325/325/347 
f 326/326/348 313/313/348 309/309/348 322/322/348 
f 315/315/349 314/314/349 327/327/349 328/328/349 
f 329/329/350 316/316/350 313/313/350 326/326/350 
f 318/318/351 317/317/351 330/330/351 331/304/351 
f 307/307/352 312/312/352 325/325/352 320/320/352 
f 323/323/353 310/310/353 318/318/353 331/304/353 
f 324/324/354 311/311/354 319/319/354 332/331/354 
f 317/317/355 315/315/355 328/328/355 330/330/355 
f 314/314/356 308/308/356 321/321/356 327/327/356 
f 332/331/357 319/319/357 316/316/357 329/329/357 
s 1
f 24/24/24 23/23/23 37/37/37 38/38/38 
f 189/189/190 190/190/191 37/37/37 23/23/23 
f 189/189/190 78/78/79 74/74/75 190/190/191 
f 78/78/79 77/77/78 73/73/74 74/74/75 
f 77/77/78 84/84/85 39/39/39 73/73/74 
f 333/332/358 40/40/40 39/39/39 84/84/85 
f 334/333/359 335/334/360 104/104/105 103/103/104 
s off
f 102/335/361 104/336/361 336/337/361 337/338/361 
f 104/336/362 335/339/362 338/340/362 336/337/362 
s 51
f 337/338/363 336/337/364 339/341/365 340/342/366 
s 52
f 336/337/364 338/340/367 341/343/368 339/341/365 
s 51
f 342/344/369 343/345/370 344/346/371 345/347/372 
s 52
f 344/346/371 346/348/373 347/349/374 345/347/372 
s 51
f 340/342/366 339/341/365 348/350/375 349/351/376 
s 52
f 339/341/365 341/343/368 350/352/377 348/350/375 
s 51
f 351/353/378 342/344/369 345/347/372 352/354/379 
s 52
f 352/354/379 345/347/372 347/349/374 353/355/380 
s 51
f 349/351/376 348/350/375 344/346/371 343/345/370 
s 52
f 348/350/375 350/352/377 346/348/373 344/346/371 
s 21
f 354/356/381 355/357/382 356/358/383 357/359/384 
s 1
f 358/360/385 359/361/386 256/256/260 255/255/259 
f 256/256/260 360/362/387 361/363/388 258/258/262 
f 258/258/262 361/363/388 362/364/389 260/260/264 
f 362/364/389 363/365/390 266/266/270 260/260/264 
f 363/365/390 364/366/391 263/263/267 266/266/270 
f 364/366/391 365/367/392 264/264/268 263/263/267 
s off
f 335/334/393 334/333/393 108/108/393 107/107/393 
s 55
f 366/368/394 367/369/395 368/370/396 369/371/397 
s off
f 252/252/398 251/251/398 355/357/398 354/356/398 
s 56
f 370/372/399 371/373/400 372/374/401 373/375/402 
s off
f 374/376/403 375/377/403 376/378/403 377/379/403 
s 57
f 378/380/404 379/381/405 380/382/406 381/383/407 
s 58
f 382/384/408 379/381/405 383/385/409 384/386/410 
s 21
f 385/387/411 382/384/408 384/386/410 386/388/412 
s 60
f 387/389/413 388/390/414 389/391/415 390/392/416 
s 61
f 391/393/417 358/394/385 387/389/413 390/392/416 
s 62
f 392/395/418 383/385/409 378/380/404 393/396/419 
s off
f 384/386/420 383/385/420 392/395/420 394/397/420 
s 63
f 386/388/412 384/386/410 394/397/421 395/398/422 
s off
f 396/399/423 397/400/423 391/393/423 398/401/423 
f 390/392/424 389/391/424 399/402/424 400/403/424 
f 391/393/425 390/392/425 400/403/425 398/401/425 
s 64
f 366/368/426 392/395/427 393/396/428 367/369/429 
s off
f 394/397/430 392/395/430 366/368/430 369/371/430 
s 65
f 395/398/422 394/397/421 369/371/397 368/370/396 
s off
f 375/377/431 396/399/431 398/401/431 376/378/431 
f 400/403/432 399/402/432 374/376/432 377/379/432 
f 398/401/433 400/403/433 377/379/433 376/378/433 
s 21
f 357/359/384 356/358/383 106/106/107 105/105/106 
f 388/390/414 385/387/411 386/388/412 389/391/415 
s 63
f 389/391/415 386/388/412 395/398/422 399/402/434 
s 65
f 399/402/434 395/398/422 368/370/396 374/376/435 
s 55
f 367/369/395 375/377/436 374/376/435 368/370/396 
s 64
f 367/369/429 393/396/428 396/399/437 375/377/438 
s 62
f 393/396/419 378/380/404 397/400/439 396/399/440 
s 57
f 378/380/404 381/383/407 359/390/386 397/400/439 
s 1
f 381/404/407 83/83/84 360/362/387 359/361/386 
f 83/83/84 76/76/77 361/363/388 360/362/387 
f 76/76/77 75/75/76 362/364/389 361/363/388 
f 75/75/76 188/188/189 363/365/390 362/364/389 
f 188/188/189 22/22/22 364/366/391 363/365/390 
f 22/22/22 21/21/21 365/367/392 364/366/391 
f 84/84/85 381/404/407 380/405/406 333/332/358 
s off
f 397/400/441 359/390/441 358/394/441 391/393/441 
s 58
f 401/406/442 402/407/443 403/408/444 404/409/445 
s 21
f 405/410/446 401/411/442 404/412/445 406/413/447 
f 405/410/446 406/413/447 407/414/448 408/415/449 
s 61
f 409/416/450 410/417/451 411/418/452 412/419/453 
s 60
f 409/416/450 412/419/453 408/415/449 407/414/448 
s 1
f 380/405/406 413/420/454 333/332/358 
s 57
f 380/405/406 402/421/443 413/420/454 
f 379/422/405 403/423/444 402/421/443 380/405/406 
s 1
f 358/360/385 255/255/259 411/418/452 410/417/451 
s 56
f 373/375/402 372/374/401 414/424/455 415/425/456 
s 21
f 372/374/401 416/426/457 417/427/458 414/424/455 
f 416/426/457 418/428/459 419/429/460 417/427/458 
f 418/428/459 420/430/461 421/431/462 419/429/460 
s 61
f 387/389/413 358/394/385 410/432/451 409/433/450 
s 60
f 409/433/450 407/434/448 388/390/414 387/389/413 
s 21
f 407/434/448 406/435/447 385/387/411 388/390/414 
f 406/435/447 404/409/445 382/384/408 385/387/411 
s 58
f 403/408/444 379/381/405 382/384/408 404/409/445 
s 56
f 415/425/456 414/424/455 412/419/453 411/418/452 
s 21
f 412/419/453 414/424/455 417/427/458 408/415/449 
f 417/427/458 419/429/460 405/410/446 408/415/449 
f 419/429/460 421/431/462 401/411/442 405/410/446 
s 13
f 53/53/54 56/56/57 121/121/124 120/120/123 
s 12
f 2/2/51 50/50/50 117/117/119 116/116/118 
s 1
f 115/115/116 3/3/3 2/2/2 116/116/117 
f 177/177/178 171/171/172 3/3/3 115/115/116 
f 176/176/177 172/172/173 171/171/172 177/177/178 
f 111/111/112 44/44/44 172/172/173 176/176/177 
f 44/44/44 111/111/112 110/110/111 41/41/41 
f 249/249/253 422/436/463 41/41/41 110/110/111 
f 254/254/258 422/436/463 370/372/464 373/375/465 
s 21
f 416/426/457 372/374/401 371/373/400 423/437/466 
f 424/438/467 418/428/459 416/426/457 423/437/466 
f 425/439/468 420/430/461 418/428/459 424/438/467 
s 1
f 426/440/469 427/441/470 413/420/454 402/421/443 
f 40/40/40 333/332/358 413/420/454 427/441/470 
f 428/442/471 429/443/472 430/444/473 431/445/474 
f 6/6/6 432/446/475 433/447/476 7/7/7 
f 7/7/7 433/447/476 434/448/477 10/10/10 
f 11/11/11 10/10/10 434/448/477 435/449/478 
f 436/450/479 135/135/138 11/11/11 435/449/478 
f 437/451/480 14/14/14 135/135/138 436/450/479 
f 14/14/14 437/451/480 209/209/215 15/15/15 
s off
f 438/452/481 267/267/481 47/47/481 439/453/481 
f 112/112/482 175/175/482 440/454/482 441/455/482 
f 38/38/483 28/28/483 442/456/483 443/457/483 
f 444/458/484 100/100/484 102/102/484 445/459/484 
f 446/460/485 24/24/485 38/38/485 443/457/485 
f 113/113/486 118/118/486 447/461/486 448/113/486 
f 280/280/487 278/278/487 449/462/487 450/463/487 
f 451/119/488 119/119/488 122/122/488 452/464/488 
f 60/60/489 59/59/489 453/465/489 454/466/489 
f 124/124/490 123/123/490 455/467/490 456/468/490 
f 28/28/491 128/128/491 457/469/491 442/456/491 
f 128/128/492 126/126/492 458/470/492 457/469/492 
f 126/126/493 138/138/493 459/471/493 458/470/493 
f 143/143/494 144/144/494 460/472/494 461/473/494 
f 140/140/495 124/124/495 456/468/495 462/474/495 
f 146/146/496 147/147/496 463/475/496 464/476/496 
f 144/144/497 145/145/497 465/477/497 460/472/497 
f 145/145/498 146/146/498 464/476/498 465/477/498 
f 138/138/499 143/143/499 461/473/499 459/471/499 
f 147/147/500 140/140/500 462/474/500 463/475/500 
f 150/150/501 100/100/501 444/458/501 466/478/501 
f 467/479/502 149/149/502 154/154/502 468/480/502 
f 469/481/503 156/156/503 150/150/503 466/478/503 
f 468/480/504 154/154/504 160/160/504 470/482/504 
f 470/482/505 160/160/505 161/161/505 471/483/505 
f 472/484/506 162/162/506 156/156/506 469/481/506 
f 473/485/507 163/163/507 162/162/507 472/484/507 
f 471/483/508 161/161/508 164/164/508 474/486/508 
f 475/487/509 165/165/509 163/163/509 473/485/509 
f 474/486/510 164/164/510 165/165/510 475/487/510 
f 174/174/511 114/114/511 476/114/511 477/488/511 
f 278/278/512 277/277/512 478/489/512 449/462/512 
f 114/114/513 113/113/513 448/113/513 476/114/513 
s 68
f 455/467/514 123/123/515 210/210/516 479/490/517 
s 69
f 211/211/221 149/149/220 467/479/518 480/491/519 
s off
f 481/492/520 231/231/520 232/232/520 482/493/520 
f 234/234/521 233/233/521 483/494/521 484/495/521 
f 237/237/522 238/238/522 485/496/522 486/497/522 
f 239/239/523 240/240/523 487/498/523 488/499/523 
f 242/242/524 241/241/524 489/500/524 490/501/524 
f 243/243/525 239/239/525 488/499/525 491/502/525 
s 70
f 492/503/526 493/504/527 245/245/528 244/244/529 
s off
f 240/240/530 245/245/530 493/504/530 487/498/530 
f 482/493/531 232/232/531 246/246/531 494/505/531 
f 494/505/532 246/246/532 242/242/532 490/501/532 
f 247/247/533 234/234/533 484/495/533 495/506/533 
f 238/238/534 247/247/534 495/506/534 485/496/534 
f 241/241/535 248/248/535 496/507/535 489/500/535 
f 497/508/536 109/109/536 112/112/536 441/455/536 
f 439/453/537 47/47/537 46/46/537 498/509/537 
f 499/510/538 251/251/538 250/250/538 500/511/538 
f 500/511/539 250/250/539 109/109/539 497/508/539 
f 498/509/540 46/46/540 262/262/540 501/512/540 
f 262/262/541 264/264/541 502/513/541 501/512/541 
f 478/489/542 277/277/542 279/279/542 503/514/542 
f 440/454/543 175/175/543 174/174/543 477/488/543 
f 503/514/544 279/279/544 267/267/544 438/452/544 
f 248/248/545 243/243/545 491/502/545 496/507/545 
f 59/59/546 276/276/546 504/515/546 453/465/546 
f 276/276/547 280/280/547 450/463/547 504/515/547 
f 505/516/548 21/21/548 24/24/548 446/460/548 
f 445/517/549 102/335/549 337/338/549 506/518/549 
f 507/519/550 338/340/550 335/339/550 508/520/550 
f 337/338/551 340/342/551 509/521/551 506/518/551 
f 510/522/552 351/353/552 352/354/552 511/523/552 
f 512/524/553 341/343/553 338/340/553 507/519/553 
f 511/525/554 352/526/554 353/527/554 513/528/554 
f 343/345/555 342/344/555 514/529/555 515/530/555 
f 516/531/556 347/349/556 346/348/556 517/532/556 
f 340/342/557 349/351/557 518/533/557 509/521/557 
f 519/533/558 350/352/558 341/343/558 512/524/558 
f 514/529/559 342/344/559 351/353/559 510/522/559 
f 513/534/560 353/355/560 347/349/560 516/531/560 
f 349/351/561 343/345/561 515/530/561 518/533/561 
f 517/532/562 346/348/562 350/352/562 519/533/562 
f 264/264/563 365/367/563 520/535/563 502/513/563 
f 508/536/564 335/334/564 107/107/564 521/537/564 
f 521/537/565 107/107/565 106/106/565 522/538/565 
f 523/539/566 355/357/566 251/251/566 499/510/566 
f 524/540/567 356/358/567 355/357/567 523/539/567 
f 522/538/568 106/106/568 356/358/568 524/540/568 
f 520/535/569 365/367/569 21/21/569 505/516/569 
s 68
f 479/490/517 210/210/516 231/231/570 481/492/571 
s 35
f 231/231/572 210/210/219 205/205/208 221/221/573 
s 31
f 221/221/573 205/205/208 204/204/207 222/222/574 
s 37
f 222/222/574 204/204/207 212/212/222 235/235/276 
s 32
f 206/206/209 225/225/229 235/235/276 212/212/222 
f 225/225/229 206/206/209 202/202/212 218/218/230 
s 30
f 218/218/230 202/202/203 203/203/206 219/219/575 
s 34
f 203/203/206 208/208/217 229/229/235 219/219/575 
s 29
f 208/208/214 207/207/213 230/230/236 229/229/235 
f 201/201/202 200/200/201 215/215/225 214/214/224 
s 36
f 200/200/201 211/211/221 233/233/576 215/215/225 
s 69
f 233/233/576 211/211/221 480/491/519 483/494/577 
s 71
f 525/541/578 526/542/579 527/543/580 528/544/581 
f 529/545/582 530/546/583 531/547/584 532/548/585 
f 533/549/586 534/550/587 535/551/588 536/552/589 
f 537/553/590 538/554/591 539/555/592 540/556/593 
s 75
f 541/557/594 542/558/595 543/559/596 544/560/597 
s 71
f 545/561/598 546/562/599 547/563/600 548/564/601 
f 549/565/602 550/566/603 551/567/604 552/568/605 
f 553/569/606 554/570/607 555/571/608 556/572/609 
f 557/573/610 558/574/611 559/575/612 560/576/613 
f 556/572/609 555/571/608 550/566/603 549/565/602 
f 530/546/583 533/549/586 536/552/589 531/547/584 
f 552/568/605 551/567/604 561/577/614 562/578/615 
f 563/579/616 529/545/582 532/548/585 564/580/617 
f 565/581/618 566/582/619 567/583/620 568/584/621 
f 569/585/622 570/586/623 571/587/624 572/588/625 
s 82
f 573/589/626 525/541/578 528/544/581 574/590/627 
s off
f 544/560/628 575/591/628 576/592/628 541/557/628 
s 83
f 577/593/629 578/594/630 579/595/631 580/596/632 
s 84
f 581/597/633 582/598/634 583/599/635 584/600/636 
s 71
f 585/601/637 586/602/638 587/603/639 588/604/640 
f 589/605/641 590/606/642 591/607/643 592/608/644 
f 592/608/644 591/607/643 593/609/645 594/610/646 
f 594/610/646 593/609/645 595/611/647 596/612/648 
f 596/612/648 595/611/647 597/613/649 598/614/650 
f 599/615/651 600/616/652 601/617/653 602/618/654 
f 603/619/655 604/620/656 605/621/657 606/622/658 
s 84
f 607/623/659 608/624/660 609/625/661 610/626/662 
s 71
f 586/602/638 537/553/590 540/556/593 587/603/639 
f 590/606/642 534/550/587 533/549/586 591/607/643 
f 591/607/643 533/549/586 530/546/583 593/609/645 
f 593/609/645 530/546/583 529/545/582 595/611/647 
f 597/613/649 595/611/647 529/545/582 563/579/616 
f 600/616/652 611/627/663 612/628/664 601/617/653 
f 566/582/619 565/581/618 604/620/656 603/619/655 
s 87
f 613/629/665 614/630/666 615/631/667 616/632/668 
s 84
f 578/594/630 577/593/629 607/623/659 610/626/662 
s 71
f 617/633/669 618/634/670 619/635/671 620/636/672 
f 621/637/673 622/638/674 623/639/675 624/640/676 
f 624/640/676 623/639/675 625/641/677 626/642/678 
f 627/643/679 626/642/678 625/641/677 628/644/680 
f 629/645/681 627/643/679 628/644/680 630/646/682 
s 90
f 631/647/683 632/648/684 633/649/685 634/650/686 
s 71
f 635/651/687 636/652/688 637/653/689 638/654/690 
f 639/655/691 640/656/692 641/657/693 642/658/694 
s 82
f 643/659/695 644/660/696 642/658/694 641/657/693 
s 83
f 645/661/697 646/662/698 647/663/699 648/664/700 
s 71
f 649/665/701 650/666/702 539/555/592 538/554/591 
f 651/667/703 652/668/704 536/552/589 535/551/588 
f 652/668/704 653/669/705 531/547/584 536/552/589 
f 653/669/705 654/670/706 532/548/585 531/547/584 
f 564/580/617 532/548/585 654/670/706 655/671/707 
s 90
f 656/672/708 657/673/709 658/674/710 659/675/711 
s 71
f 660/676/712 661/677/713 568/584/621 567/583/620 
f 662/678/714 663/679/715 528/544/581 527/543/580 
s 82
f 663/679/715 664/680/716 574/590/627 528/544/581 
s 83
f 665/681/717 666/682/718 580/596/632 579/595/631 
s off
f 667/683/719 557/573/719 560/576/719 668/684/719 
f 669/685/720 556/572/720 549/565/720 670/686/720 
s 96
f 671/687/721 553/569/606 556/572/609 669/685/722 
s off
f 672/688/723 670/686/723 549/565/723 552/568/723 
s 96
f 668/684/724 560/576/613 673/689/725 674/690/726 
s 71
f 560/576/613 559/575/612 675/691/727 673/689/725 
f 588/604/640 587/603/639 676/692/728 677/693/729 
f 587/603/639 540/556/593 678/694/730 676/692/728 
f 678/694/730 540/556/593 539/555/592 679/695/731 
f 650/666/702 680/696/732 679/695/731 539/555/592 
f 681/697/733 617/633/669 620/636/672 682/698/734 
s 97
f 683/699/735 684/700/736 669/685/722 670/686/737 
s 98
f 685/701/738 668/684/724 674/690/726 686/702/739 
s 99
f 684/700/736 687/703/740 671/687/721 669/685/722 
s 71
f 621/637/673 681/697/733 682/698/734 622/638/674 
f 680/696/732 651/667/703 535/551/588 679/695/731 
f 534/550/587 678/694/730 679/695/731 535/551/588 
f 534/550/587 590/606/642 676/692/728 678/694/730 
f 590/606/642 589/605/641 677/693/729 676/692/728 
f 554/570/607 553/569/606 673/689/725 675/691/727 
s 96
f 553/569/606 671/687/721 674/690/726 673/689/725 
s 98
f 671/687/721 687/703/740 686/702/739 674/690/726 
s 97
f 688/704/741 689/705/742 684/700/736 683/699/735 
s 99
f 689/705/742 690/706/743 687/703/740 684/700/736 
s 98
f 687/703/740 690/706/743 691/707/744 686/702/739 
f 686/702/739 691/707/744 692/708/745 685/701/738 
s off
f 693/709/746 620/636/746 619/635/746 694/710/746 
f 695/711/747 625/641/747 623/639/747 696/712/747 
f 697/713/748 682/698/748 620/636/748 693/709/748 
f 696/712/749 623/639/749 622/638/749 698/714/749 
f 698/714/750 622/638/750 682/698/750 697/713/750 
f 699/715/751 700/716/751 693/709/751 694/710/751 
f 701/717/752 695/711/752 696/712/752 702/718/752 
f 700/716/753 703/719/753 697/713/753 693/709/753 
f 702/718/754 696/712/754 698/714/754 704/720/754 
f 704/720/755 698/714/755 697/713/755 703/719/755 
f 705/721/756 706/722/756 700/716/756 699/715/756 
f 707/723/757 701/717/757 702/718/757 708/724/757 
f 706/722/758 709/725/758 703/719/758 700/716/758 
f 708/724/759 702/718/759 704/720/759 710/726/759 
f 710/726/760 704/720/760 703/719/760 709/725/760 
s 87
f 711/727/761 712/728/762 713/729/763 714/730/764 
s 71
f 715/731/765 716/732/766 717/733/767 718/734/768 
f 719/735/769 720/736/770 718/734/768 717/733/767 
f 721/737/771 722/738/772 723/739/773 724/740/774 
s 101
f 725/741/775 726/742/776 727/743/777 728/744/778 
s 102
f 729/745/779 730/746/780 731/747/781 732/748/782 
s 71
f 733/749/783 734/750/784 572/588/625 571/587/624 
f 547/563/600 735/751/785 736/752/786 548/564/601 
f 551/567/604 737/753/787 738/754/788 561/577/614 
f 550/566/603 739/755/789 737/753/787 551/567/604 
f 555/571/608 740/756/790 739/755/789 550/566/603 
f 554/570/607 741/757/791 740/756/790 555/571/608 
f 741/757/791 554/570/607 675/691/727 742/758/792 
f 559/575/612 743/759/793 742/758/792 675/691/727 
f 558/574/611 744/760/794 743/759/793 559/575/612 
s 75
f 745/761/795 746/762/796 543/559/596 542/558/595 
s 87
f 614/630/666 713/729/763 712/728/762 615/631/667 
s 71
f 526/542/579 715/731/765 718/734/768 527/543/580 
f 720/736/770 662/678/714 527/543/580 718/734/768 
f 724/740/774 723/739/773 640/656/692 639/655/691 
s 103
f 747/763/797 619/635/671 618/634/670 748/764/798 
s 104
f 749/765/799 750/766/800 537/553/590 586/602/638 
s 105
f 751/767/801 752/768/802 558/574/611 557/573/610 
s 106
f 753/769/803 749/765/799 586/602/638 585/601/637 
s 107
f 750/766/800 754/770/804 538/554/591 537/553/590 
s 108
f 751/767/801 557/573/610 667/683/805 755/771/806 
s 109
f 747/763/797 756/772/807 694/710/808 619/635/671 
s 110
f 752/768/802 757/773/809 744/760/794 558/574/611 
s 111
f 758/774/810 759/775/811 760/776/812 761/777/813 
s off
f 762/778/814 763/779/814 764/780/814 765/781/814 
f 766/782/815 767/783/815 768/784/815 769/785/815 
s 112
f 770/786/816 762/778/817 765/781/818 771/787/819 
s off
f 772/788/820 773/789/820 764/780/820 763/779/820 
f 769/785/821 768/784/821 774/790/821 775/791/821 
f 759/775/822 776/792/822 777/793/822 760/776/822 
f 778/794/823 779/795/823 767/783/823 766/782/823 
s 113
f 780/796/824 781/797/825 759/775/811 758/774/810 
s off
f 782/798/826 783/799/826 763/779/826 762/778/826 
f 784/800/827 766/782/827 769/785/827 785/801/827 
s 114
f 782/798/828 762/778/817 770/786/816 786/802/829 
s off
f 783/799/830 787/803/830 772/788/830 763/779/830 
f 785/801/831 769/785/831 775/791/831 788/804/831 
f 781/797/832 789/805/832 776/792/832 759/775/832 
f 790/806/833 778/794/833 766/782/833 784/800/833 
s 71
f 791/807/834 792/808/835 793/809/836 794/810/837 
f 636/652/688 791/807/834 794/810/837 637/653/689 
f 795/811/838 796/812/839 797/813/840 798/814/841 
f 797/813/840 796/812/839 660/676/712 567/583/620 
f 567/583/620 566/582/619 799/815/842 797/813/840 
f 797/813/840 799/815/842 800/816/843 801/817/844 
f 802/818/845 803/819/846 800/816/843 799/815/842 
f 799/815/842 566/582/619 603/619/655 802/818/845 
f 804/820/847 805/821/848 803/819/846 802/818/845 
f 606/622/658 804/820/847 802/818/845 603/619/655 
f 806/822/849 571/587/624 570/586/623 807/823/850 
f 808/824/851 806/822/849 807/823/850 809/825/852 
f 810/826/853 733/749/783 571/587/624 806/822/849 
f 811/827/854 810/826/853 806/822/849 808/824/851 
f 572/588/625 812/828/855 813/829/856 569/585/622 
f 812/828/855 572/588/625 734/750/784 814/830/857 
f 815/831/858 605/621/657 604/620/656 816/832/859 
f 816/832/859 604/620/656 565/581/618 716/732/766 
f 716/732/766 565/581/618 568/584/621 717/733/767 
f 661/677/713 719/735/769 717/733/767 568/584/621 
f 721/737/771 635/651/687 638/654/690 722/738/772 
s 102
f 730/746/780 729/745/779 746/762/796 745/761/795 
s 71
f 814/830/857 734/750/784 605/621/657 815/831/858 
f 606/622/658 605/621/657 734/750/784 733/749/783 
f 733/749/783 810/826/853 804/820/847 606/622/658 
f 810/826/853 811/827/854 805/821/848 804/820/847 
f 736/752/786 735/751/785 599/615/651 602/618/654 
f 737/753/787 596/612/648 598/614/650 738/754/788 
f 739/755/789 594/610/646 596/612/648 737/753/787 
f 740/756/790 592/608/644 594/610/646 739/755/789 
f 741/757/791 589/605/641 592/608/644 740/756/790 
f 589/605/641 741/757/791 742/758/792 677/693/729 
f 743/759/793 588/604/640 677/693/729 742/758/792 
f 744/760/794 585/601/637 588/604/640 743/759/793 
s 106
f 757/773/809 753/769/803 585/601/637 744/760/794 
s 112
f 779/795/860 778/794/861 770/786/816 771/787/819 
s 114
f 778/794/861 790/806/862 786/802/829 770/786/816 
s 102
f 732/748/782 731/747/781 817/833/863 818/834/864 
s 71
f 716/732/766 711/727/761 816/832/859 
f 716/732/766 715/731/765 712/728/762 711/727/761 
f 615/631/667 712/728/762 715/731/765 526/542/579 
f 616/632/668 615/631/667 526/542/579 525/541/578 
s 116
f 525/541/578 573/589/626 819/835/865 
s 117
f 582/598/634 820/836/866 821/837/867 583/599/635 
s 118
f 822/838/868 542/558/595 541/557/594 823/839/869 
f 745/761/795 542/558/595 822/838/868 824/840/870 
s 71
f 824/840/870 813/829/856 812/828/855 
f 730/746/780 812/828/855 814/830/857 731/747/781 
f 731/747/781 814/830/857 815/831/858 817/833/863 
f 816/832/859 711/727/761 817/833/863 815/831/858 
s 116
f 726/742/776 819/835/865 825/841/871 727/743/777 
s off
f 823/839/872 541/557/872 576/592/872 826/842/872 
s 101
f 575/591/873 827/843/874 828/844/875 576/592/876 
s off
f 826/842/877 576/592/877 828/844/877 821/837/877 
f 616/632/878 726/742/878 725/741/878 613/629/878 
f 818/834/879 817/833/879 711/727/879 714/730/879 
f 829/845/880 830/846/880 613/629/880 725/741/880 
f 831/847/881 746/762/881 729/745/881 832/848/881 
f 833/849/882 834/850/882 713/729/882 614/630/882 
f 832/848/883 729/745/883 732/748/883 835/851/883 
f 836/852/884 837/853/884 827/843/884 575/591/884 
f 835/851/885 732/748/885 818/834/885 838/854/885 
f 839/855/886 840/856/886 544/560/886 543/559/886 
f 830/846/887 833/849/887 614/630/887 613/629/887 
f 839/855/888 543/559/888 746/762/888 831/847/888 
f 841/857/889 714/730/889 713/729/889 834/850/889 
f 840/856/890 836/852/890 575/591/890 544/560/890 
s 119
f 842/858/891 829/845/892 725/741/775 728/744/778 
s off
f 838/854/893 818/834/893 714/730/893 841/857/893 
f 843/859/894 830/846/894 829/845/894 844/860/894 
f 845/861/895 846/862/895 831/847/895 832/848/895 
f 847/863/896 834/850/896 833/849/896 848/864/896 
f 849/865/897 845/861/897 832/848/897 835/851/897 
f 850/866/898 837/853/898 836/852/898 851/867/898 
f 852/868/899 849/865/899 835/851/899 838/854/899 
f 853/869/900 854/870/900 840/856/900 839/855/900 
f 848/864/901 833/849/901 830/846/901 843/859/901 
f 846/862/902 853/869/902 839/855/902 831/847/902 
f 847/863/903 855/871/903 841/857/903 834/850/903 
f 854/870/904 851/867/904 836/852/904 840/856/904 
s 120
f 844/860/905 829/845/892 842/858/891 856/872/906 
s off
f 855/871/907 852/868/907 838/854/907 841/857/907 
f 857/873/908 843/859/908 844/860/908 858/874/908 
f 859/875/909 860/876/909 846/862/909 845/861/909 
f 861/877/910 847/863/910 848/864/910 862/878/910 
f 863/879/911 859/875/911 845/861/911 849/865/911 
f 864/880/912 850/866/912 851/867/912 865/881/912 
f 866/882/913 863/879/913 849/865/913 852/868/913 
f 867/883/914 854/870/914 853/869/914 868/884/914 
f 862/878/915 848/864/915 843/859/915 857/873/915 
f 860/876/916 868/884/916 853/869/916 846/862/916 
f 861/877/917 869/885/917 855/871/917 847/863/917 
f 865/881/918 851/867/918 854/870/918 867/883/918 
s 121
f 858/874/919 844/860/905 856/872/906 870/886/920 
s off
f 869/885/921 866/882/921 852/868/921 855/871/921 
f 871/887/922 857/873/922 858/874/922 872/888/922 
f 873/889/923 874/890/923 860/876/923 859/875/923 
f 875/891/924 861/877/924 862/878/924 876/864/924 
f 877/892/925 873/889/925 859/875/925 863/879/925 
f 878/866/926 864/880/926 865/881/926 879/867/926 
f 880/893/927 877/892/927 863/879/927 866/882/927 
f 881/894/928 867/883/928 868/884/928 882/895/928 
f 876/864/929 862/878/929 857/873/929 871/887/929 
f 874/890/930 882/895/930 868/884/930 860/876/930 
f 875/891/931 883/896/931 869/885/931 861/877/931 
f 879/867/932 865/881/932 867/883/932 881/894/932 
s 122
f 872/888/933 858/874/919 870/886/920 884/897/934 
s off
f 883/896/935 880/893/935 866/882/935 869/885/935 
s 71
f 562/578/615 561/577/614 547/563/600 546/562/599 
f 561/577/614 738/754/788 735/751/785 547/563/600 
f 738/754/788 598/614/650 599/615/651 735/751/785 
f 599/615/651 598/614/650 597/613/649 600/616/652 
f 600/616/652 597/613/649 563/579/616 611/627/663 
f 885/898/936 611/627/663 563/579/616 564/580/617 
f 886/899/937 655/671/707 887/900/938 888/901/939 
f 889/902/940 629/645/681 630/646/682 890/903/941 
s off
f 891/904/942 630/905/942 628/906/942 892/907/942 
f 893/908/943 890/909/943 630/905/943 891/904/943 
s 124
f 894/910/944 891/904/945 892/907/946 895/911/947 
s 125
f 896/912/948 893/908/949 891/904/945 894/910/944 
s 124
f 897/913/950 898/914/951 899/915/952 900/916/953 
s 125
f 901/917/954 902/918/955 899/915/952 898/914/951 
s 124
f 903/919/956 894/910/944 895/911/947 904/920/957 
s 125
f 905/921/958 896/912/948 894/910/944 903/919/956 
s 124
f 906/922/959 907/923/960 898/914/951 897/913/950 
s 125
f 907/923/960 908/924/961 901/917/954 898/914/951 
s 124
f 899/915/952 903/919/956 904/920/957 900/916/953 
s 125
f 902/918/955 905/921/958 903/919/956 899/915/952 
s 90
f 909/925/962 910/926/963 911/927/964 912/928/965 
f 913/929/966 914/930/967 915/931/968 916/932/969 
s 71
f 800/816/843 917/933/970 918/934/971 801/817/844 
f 800/816/843 803/819/846 919/935/972 920/936/973 
f 803/819/846 805/821/848 921/937/974 919/935/972 
f 811/827/854 922/938/975 921/937/974 805/821/848 
f 808/824/851 923/939/976 922/938/975 811/827/854 
f 809/825/852 924/940/977 923/939/976 808/824/851 
s off
f 632/648/978 889/902/978 890/903/978 633/649/978 
s 130
f 925/941/979 926/942/980 927/943/981 928/944/982 
s 131
f 929/945/983 659/675/711 658/674/710 888/901/939 
s off
f 912/928/984 793/809/984 792/808/984 909/925/984 
f 930/946/985 931/947/985 932/948/985 933/949/985 
s 132
f 934/950/986 935/951/987 936/952/988 937/953/989 
s 133
f 934/950/986 938/954/990 939/955/991 940/956/992 
s 90
f 940/956/992 939/955/993 941/957/994 942/958/995 
s 135
f 943/959/996 944/960/997 945/961/998 946/962/999 
s 136
f 947/963/1000 946/962/999 945/961/998 918/964/1001 
s 137
f 948/965/1002 949/966/1003 935/951/987 934/950/986 
s off
f 948/965/1004 934/950/1004 940/956/1004 950/967/1004 
s 138
f 950/967/1005 940/956/992 942/958/995 951/968/1006 
s off
f 952/969/1007 953/970/1007 947/963/1007 954/971/1007 
f 955/972/1008 943/959/1008 946/962/1008 956/973/1008 
f 956/973/1009 946/962/1009 947/963/1009 953/970/1009 
s 139
f 927/943/981 926/942/980 949/966/1003 948/965/1002 
s off
f 927/943/1010 948/965/1010 950/967/1010 928/944/1010 
s 140
f 928/944/982 950/967/1005 951/968/1006 925/941/979 
s off
f 933/949/1011 932/948/1011 953/970/1011 952/969/1011 
f 930/946/1012 955/972/1012 956/973/1012 931/947/1012 
f 931/947/1013 956/973/1013 953/970/1013 932/948/1013 
s 90
f 910/926/963 631/647/683 634/650/686 911/927/964 
f 656/672/708 913/929/966 916/932/969 657/673/709 
f 944/960/997 943/959/996 942/958/995 941/957/994 
s 138
f 943/959/996 955/972/1014 951/968/1006 942/958/995 
s 140
f 955/972/1014 930/946/1015 925/941/979 951/968/1006 
s 130
f 930/946/1015 933/949/1016 926/942/980 925/941/979 
s 139
f 926/942/980 933/949/1016 952/969/1017 949/966/1003 
s 137
f 949/966/1003 952/969/1017 954/971/1018 935/951/987 
s 132
f 935/951/987 954/971/1018 917/974/970 936/952/988 
s 71
f 920/936/973 612/628/664 936/975/988 917/933/970 
f 919/935/972 601/617/653 612/628/664 920/936/973 
f 919/935/972 921/937/974 602/618/654 601/617/653 
f 922/938/975 736/752/786 602/618/654 921/937/974 
f 923/939/976 548/564/601 736/752/786 922/938/975 
f 924/940/977 545/561/598 548/564/601 923/939/976 
s off
f 954/971/1019 947/963/1019 918/964/1019 917/974/1019 
s 133
f 957/976/1020 958/977/1021 959/978/1022 960/979/1023 
s 90
f 961/980/1024 962/981/1025 958/977/1026 957/976/1027 
f 963/982/1028 962/981/1025 961/980/1024 964/983/1029 
s 136
f 965/984/1030 966/985/1031 967/986/1032 968/987/1033 
s 135
f 964/983/1029 966/985/1031 965/984/1030 963/982/1028 
s 199
f 937/988/989 885/898/936 960/979/1023 
s 132
f 960/979/1023 959/978/1022 938/989/990 937/988/989 
s off
f 918/934/1034 968/987/1034 967/986/1034 801/817/1034 
s 143
f 798/814/841 969/990/1035 915/931/968 
s 90
f 969/990/1035 970/991/1036 916/932/969 915/931/968 
f 971/992/1037 657/673/709 916/932/969 970/991/1036 
f 972/993/1038 658/674/710 657/673/709 971/992/1037 
s 136
f 965/994/1030 968/995/1033 918/964/1001 945/961/998 
s 135
f 945/961/998 944/960/997 963/996/1028 965/994/1030 
s 90
f 963/996/1028 944/960/997 941/957/994 962/997/1025 
f 941/957/994 939/955/993 958/998/1026 962/997/1025 
s 133
f 939/999/991 938/989/990 959/978/1022 958/977/1021 
s 143
f 966/985/1031 969/990/1035 798/814/841 967/986/1032 
s 90
f 966/985/1031 964/983/1029 970/991/1036 969/990/1035 
f 961/980/1024 971/992/1037 970/991/1036 964/983/1029 
f 957/976/1027 972/993/1038 971/992/1037 961/980/1024 
s 143
f 795/811/838 798/814/841 915/931/968 914/930/967 
s 103
f 538/554/591 754/770/804 973/1000/1039 649/665/701 
s 111
f 773/789/1040 772/788/1041 974/1001/1042 975/1002/1043 
s 113
f 787/803/1044 976/1003/1045 974/1001/1042 772/788/1041 
s off
f 438/1004/1046 439/1005/1046 569/585/1046 813/829/1046 
f 440/1006/1047 722/738/1047 638/654/1047 441/1007/1047 
f 442/1008/1048 552/568/1048 562/578/1048 443/1009/1048 
f 444/1010/1049 445/1011/1049 628/644/1049 625/641/1049 
f 446/1012/1050 443/1009/1050 562/578/1050 546/562/1050 
f 448/657/1051 447/1013/1051 643/659/1051 641/657/1051 
f 449/1014/1052 823/839/1052 826/842/1052 450/1015/1052 
f 452/1016/1053 645/661/1053 648/664/1053 451/1017/1053 
f 453/1018/1054 582/598/1054 581/597/1054 454/1019/1054 
f 455/1020/1055 667/683/1055 668/684/1055 456/1021/1055 
f 457/1022/1056 672/688/1056 552/568/1056 442/1008/1056 
f 458/1023/1057 670/686/1057 672/688/1057 457/1022/1057 
f 459/1024/1058 683/699/1058 670/686/1058 458/1023/1058 
f 460/1025/1059 689/705/1059 688/704/1059 461/1026/1059 
f 456/1021/1060 668/684/1060 685/701/1060 462/1027/1060 
f 463/1028/1061 692/708/1061 691/707/1061 464/1029/1061 
f 465/1030/1062 690/706/1062 689/705/1062 460/1025/1062 
f 464/1029/1063 691/707/1063 690/706/1063 465/1030/1063 
f 461/1026/1064 688/704/1064 683/699/1064 459/1024/1064 
f 462/1027/1065 685/701/1065 692/708/1065 463/1028/1065 
f 444/1010/1066 625/641/1066 695/711/1066 466/1031/1066 
f 468/1032/1067 699/715/1067 694/710/1067 467/1033/1067 
f 469/1034/1068 466/1031/1068 695/711/1068 701/717/1068 
f 468/1032/1069 470/1035/1069 705/721/1069 699/715/1069 
f 470/1035/1070 471/1036/1070 706/722/1070 705/721/1070 
f 472/1037/1071 469/1034/1071 701/717/1071 707/723/1071 
f 473/1038/1072 472/1037/1072 707/723/1072 708/724/1072 
f 471/1036/1073 474/1039/1073 709/725/1073 706/722/1073 
f 475/1040/1074 473/1038/1074 708/724/1074 710/726/1074 
f 474/1039/1075 475/1040/1075 710/726/1075 709/725/1075 
f 476/656/1076 640/656/1076 723/739/1076 477/1041/1076 
f 478/1042/1077 822/838/1077 823/839/1077 449/1014/1077 
f 448/657/513 641/657/513 640/656/513 476/656/513 
s 147
f 455/1020/1078 479/1043/1079 755/771/1080 667/683/1081 
s 148
f 480/1044/519 467/1033/518 694/710/808 756/772/807 
s off
f 481/1045/1082 482/1046/1082 775/791/1082 774/790/1082 
f 483/1047/1083 777/793/1083 776/792/1083 484/1048/1083 
f 485/1049/1084 781/797/1084 780/796/1084 486/1050/1084 
f 487/1051/1085 783/799/1085 782/798/1085 488/1052/1085 
f 489/1053/1086 784/800/1086 785/801/1086 490/1054/1086 
f 488/1052/1087 782/798/1087 786/802/1087 491/1055/1087 
f 493/1056/1088 787/803/1088 783/799/1088 487/1051/1088 
f 482/1046/1089 494/1057/1089 788/804/1089 775/791/1089 
f 494/1057/1090 490/1054/1090 785/801/1090 788/804/1090 
f 484/1048/1091 776/792/1091 789/805/1091 495/1058/1091 
f 495/1058/1092 789/805/1092 781/797/1092 485/1049/1092 
f 496/1059/1093 790/806/1093 784/800/1093 489/1053/1093 
f 497/1060/1094 441/1007/1094 638/654/1094 637/653/1094 
f 439/1005/1095 498/1061/1095 570/586/1095 569/585/1095 
f 499/1062/1096 500/1063/1096 794/810/1096 793/809/1096 
f 500/1063/1097 497/1060/1097 637/653/1097 794/810/1097 
f 498/1061/1098 501/1064/1098 807/823/1098 570/586/1098 
f 502/1065/1099 809/825/1099 807/823/1099 501/1064/1099 
f 478/1042/1100 503/1066/1100 824/840/1100 822/838/1100 
f 440/1006/1101 477/1041/1101 723/739/1101 722/738/1101 
f 503/1066/1102 438/1004/1102 813/829/1102 824/840/1102 
f 491/1055/1103 786/802/1103 790/806/1103 496/1059/1103 
f 504/1067/1104 820/836/1104 582/598/1104 453/1018/1104 
f 450/1015/1105 826/842/1105 820/836/1105 504/1067/1105 
f 505/1068/1106 446/1012/1106 546/562/1106 545/561/1106 
f 445/517/1107 506/518/1107 892/907/1107 628/906/1107 
f 507/519/1108 508/520/1108 890/909/1108 893/908/1108 
f 509/521/1109 895/911/1109 892/907/1109 506/518/1109 
f 510/522/1110 511/523/1110 907/923/1110 906/922/1110 
f 512/524/1111 507/519/1111 893/908/1111 896/912/1111 
f 511/1069/1112 513/1070/1112 908/1071/1112 907/1072/1112 
f 514/529/1113 897/913/1113 900/916/1113 515/530/1113 
f 516/531/1114 517/532/1114 902/918/1114 901/917/1114 
f 518/533/1115 904/920/1115 895/911/1115 509/521/1115 
f 519/533/1116 512/524/1116 896/912/1116 905/921/1116 
f 514/529/1117 510/522/1117 906/922/1117 897/913/1117 
f 513/534/1118 516/531/1118 901/917/1118 908/924/1118 
f 515/530/1119 900/916/1119 904/920/1119 518/533/1119 
f 517/532/1120 519/533/1120 905/921/1120 902/918/1120 
f 520/1073/1121 924/940/1121 809/825/1121 502/1065/1121 
f 508/1074/1122 521/1075/1122 633/649/1122 890/903/1122 
f 521/1075/1123 522/1076/1123 634/650/1123 633/649/1123 
f 523/1077/1124 499/1062/1124 793/809/1124 912/928/1124 
f 524/1078/1125 523/1077/1125 912/928/1125 911/927/1125 
f 522/1076/1126 524/1078/1126 911/927/1126 634/650/1126 
f 520/1073/1127 505/1068/1127 545/561/1127 924/940/1127 
s 149
f 787/803/1044 493/1056/527 492/1079/526 976/1003/1045 
s 147
f 479/1043/1079 481/1045/1128 774/790/1129 755/771/1080 
s 108
f 774/790/1130 768/784/1131 751/767/801 755/771/806 
s 105
f 768/784/1131 767/783/1132 752/768/802 751/767/801 
s 110
f 767/783/1132 779/795/860 757/773/809 752/768/802 
s 106
f 779/795/860 771/787/819 753/769/803 757/773/809 
f 771/787/819 765/781/818 749/765/799 753/769/803 
s 104
f 765/781/818 764/780/1133 750/766/800 749/765/799 
s 107
f 773/789/1040 754/770/804 750/766/800 764/780/1133 
s 103
f 754/770/804 773/789/1040 975/1002/1043 973/1000/1039 
f 760/776/812 747/763/797 748/764/798 761/777/813 
s 109
f 777/793/1134 756/772/807 747/763/797 760/776/812 
s 148
f 777/793/1134 483/1047/577 480/1044/519 756/772/807 
s 49
f 58/58/290 89/89/1135 274/274/285 275/275/287 
f 49/49/49 274/274/285 89/89/1135 54/54/55 
s 150
f 54/54/55 53/53/54 50/50/50 49/49/49 
f 50/50/50 53/53/54 120/120/123 117/117/119 
s off
f 977/1080/1136 57/57/1136 60/60/1136 978/1081/1136 
f 57/57/1137 977/1080/1137 979/1082/1137 90/90/1137 
f 979/1082/1138 980/1083/1138 55/55/1138 90/90/1138 
f 980/1083/1139 981/1084/1139 56/56/1139 55/55/1139 
f 981/1084/1140 982/1085/1140 121/121/1140 56/56/1140 
f 982/1085/1141 983/1086/1141 122/122/1141 121/121/1141 
f 984/1087/1142 452/464/1142 122/122/1142 983/1086/1142 
f 985/1088/1143 645/661/1143 452/1016/1143 984/1089/1143 
f 986/1090/1144 646/662/1144 645/661/1144 985/1088/1144 
s 151
f 666/682/718 987/1091/1145 988/1092/1146 580/596/632 
s off
f 989/1093/1147 577/593/1147 580/596/1147 988/1092/1147 
f 989/1093/1148 990/1094/1148 607/623/1148 577/593/1148 
s 152
f 990/1094/1149 991/1095/1150 608/624/660 607/623/659 
s off
f 992/1096/1151 993/1097/1151 581/597/1151 584/600/1151 
f 993/1097/1152 994/1098/1152 454/1019/1152 581/597/1152 
f 978/1081/1153 60/60/1153 454/466/1153 994/1099/1153 
f 995/1100/1154 977/1080/1154 978/1081/1154 996/1101/1154 
f 977/1080/1155 995/1100/1155 997/1102/1155 979/1082/1155 
f 998/1103/1156 980/1083/1156 979/1082/1156 997/1102/1156 
f 998/1103/1157 999/1104/1157 981/1084/1157 980/1083/1157 
f 999/1104/1158 1000/1105/1158 982/1085/1158 981/1084/1158 
f 1000/1105/1159 1001/1106/1159 983/1086/1159 982/1085/1159 
f 1001/1106/1160 1002/1107/1160 984/1087/1160 983/1086/1160 
f 1003/1108/1161 985/1088/1161 984/1089/1161 1002/1109/1161 
f 1004/1110/1162 986/1090/1162 985/1088/1162 1003/1108/1162 
s 153
f 987/1091/1145 1005/1111/1163 1006/1112/1164 988/1092/1146 
s off
f 1007/1113/1165 989/1093/1165 988/1092/1165 1006/1112/1165 
f 1007/1113/1166 1008/1114/1166 990/1094/1166 989/1093/1166 
s 154
f 1008/1114/1167 1009/1115/1168 991/1095/1150 990/1094/1149 
s off
f 1010/1116/1169 1011/1117/1169 993/1097/1169 992/1096/1169 
f 1011/1117/1170 1012/1118/1170 994/1098/1170 993/1097/1170 
f 996/1101/1171 978/1081/1171 994/1099/1171 1012/1119/1171 
f 1013/1120/1172 995/1100/1172 996/1101/1172 1014/1121/1172 
f 995/1100/1173 1013/1120/1173 1015/1122/1173 997/1102/1173 
f 1016/1123/1174 998/1103/1174 997/1102/1174 1015/1122/1174 
f 1016/1123/1175 1017/1124/1175 999/1104/1175 998/1103/1175 
f 1017/1124/1176 1018/1125/1176 1000/1105/1176 999/1104/1176 
f 1018/1125/1177 1019/1126/1177 1001/1106/1177 1000/1105/1177 
f 1019/1126/1178 1020/1127/1178 1002/1107/1178 1001/1106/1178 
f 1021/1128/1179 1003/1108/1179 1002/1109/1179 1020/1129/1179 
f 1022/1130/1180 1004/1110/1180 1003/1108/1180 1021/1128/1180 
s 155
f 1005/1111/1163 1023/1131/1181 1024/1132/1182 1006/1112/1164 
s off
f 1025/1133/1183 1007/1113/1183 1006/1112/1183 1024/1132/1183 
f 1025/1133/1184 1026/1134/1184 1008/1114/1184 1007/1113/1184 
s 156
f 1026/1134/1185 1027/1135/1186 1009/1115/1168 1008/1114/1167 
s off
f 1028/1136/1187 1029/1137/1187 1011/1117/1187 1010/1116/1187 
f 1029/1137/1188 1030/1138/1188 1012/1118/1188 1011/1117/1188 
f 1014/1121/1189 996/1101/1189 1012/1119/1189 1030/1139/1189 
f 1031/1140/1190 1013/1120/1190 1014/1121/1190 1032/1141/1190 
f 1013/1120/1191 1031/1140/1191 1033/1142/1191 1015/1122/1191 
f 1033/1142/1192 1034/1143/1192 1016/1123/1192 1015/1122/1192 
f 1034/1143/1193 1035/1144/1193 1017/1124/1193 1016/1123/1193 
f 1035/1144/1194 1036/1145/1194 1018/1125/1194 1017/1124/1194 
f 1036/1145/1195 1037/1146/1195 1019/1126/1195 1018/1125/1195 
f 1037/1146/1196 1038/1147/1196 1020/1127/1196 1019/1126/1196 
f 1039/1148/1197 1021/1128/1197 1020/1129/1197 1038/1149/1197 
f 1040/1150/1198 1022/1130/1198 1021/1128/1198 1039/1148/1198 
s 157
f 1023/1131/1181 1041/1151/1199 1042/1152/1200 1024/1132/1182 
s off
f 1043/1153/1201 1025/1133/1201 1024/1132/1201 1042/1152/1201 
f 1043/1153/1202 1044/1154/1202 1026/1134/1202 1025/1133/1202 
s 158
f 1044/1154/1203 1045/1155/1204 1027/1135/1186 1026/1134/1185 
s off
f 1046/1156/1205 1047/1157/1205 1029/1137/1205 1028/1136/1205 
f 1047/1157/1206 1048/1158/1206 1030/1138/1206 1029/1137/1206 
f 1032/1141/1207 1014/1121/1207 1030/1139/1207 1048/1159/1207 
s 159
f 1049/1160/1208 1031/1140/1209 1032/1141/1210 1050/1161/1211 
s 160
f 1031/1140/1209 1049/1160/1208 1051/1162/1212 1033/1142/1213 
s off
f 1052/1163/1214 1053/1164/1214 1054/1165/1214 1055/1166/1214 
s 161
f 1056/1167/1215 1057/1168/1216 1053/1164/1217 1052/1163/1218 
s 162
f 1035/1144/1219 1058/1169/1220 1059/1170/1221 1036/1145/1222 
s 163
f 1060/1171/1223 1037/1146/1224 1036/1145/1222 1059/1170/1221 
s 164
f 1061/1172/1225 1038/1147/1226 1037/1146/1224 1060/1171/1223 
s 165
f 1062/1173/1227 1039/1148/1228 1038/1149/1226 1061/1174/1225 
s 166
f 1062/1173/1227 1063/1175/1229 1040/1150/1230 1039/1148/1228 
s 167
f 1041/1151/1199 1064/1176/1231 1065/1177/1232 1042/1152/1200 
s 168
f 1066/1178/1233 1043/1153/1234 1042/1152/1200 1065/1177/1232 
s 170
f 1045/1155/1204 1044/1154/1203 1067/1179/1235 1068/1180/1236 
s 171
f 1069/1181/1237 1070/1182/1238 1047/1157/1239 1046/1156/1240 
s 172
f 1070/1182/1238 1071/1183/1241 1048/1158/1242 1047/1157/1239 
s 173
f 1050/1161/1211 1032/1141/1210 1048/1159/1242 1071/1184/1241 
s 174
f 1072/1185/1243 1073/1185/1244 1074/1186/1245 1075/1187/1246 
s off
f 1076/1185/1247 1077/1185/1247 1078/1188/1247 1079/1188/1247 
f 1077/1185/1248 1080/1185/1248 1081/1189/1248 1078/1188/1248 
f 1082/1190/1249 1083/1191/1249 1081/1192/1249 1080/1190/1249 
f 1084/1190/1250 1085/1192/1250 1083/1191/1250 1082/1190/1250 
f 1085/1192/1251 1084/1190/1251 1086/1193/1251 1087/1194/1251 
f 1088/1195/1252 1089/1196/1252 1086/1193/1252 1084/1190/1252 
f 1084/1190/1253 1082/1190/1253 1090/1197/1253 1088/1195/1253 
f 1082/1190/1254 1080/1190/1254 1091/1198/1254 1090/1197/1254 
f 1077/1185/1255 1092/1199/1255 1091/1200/1255 1080/1185/1255 
f 1076/1185/1256 1093/1201/1256 1092/1199/1256 1077/1185/1256 
s 175
f 1094/1202/1257 1073/1185/1244 1072/1185/1243 1095/1203/1258 
s off
f 1054/1165/1259 1053/1164/1259 1034/1143/1259 1033/1142/1259 
s 176
f 1051/1162/1212 1055/1166/1260 1054/1165/1261 1033/1142/1213 
s off
f 1053/1164/1262 1057/1168/1262 1035/1144/1262 1034/1143/1262 
s 177
f 1057/1168/1216 1056/1167/1215 1058/1169/1220 1035/1144/1219 
s off
f 1075/1187/1263 1096/1204/1263 1097/1205/1263 1072/1185/1263 
s 178
f 1096/1204/1264 1075/1187/1246 1074/1186/1245 1098/1206/1265 
s off
f 1078/1188/1266 1099/1207/1266 1100/1208/1266 1079/1188/1266 
f 1081/1189/1267 1101/1209/1267 1099/1207/1267 1078/1188/1267 
f 1081/1192/1268 1083/1191/1268 1102/1210/1268 1101/1211/1268 
f 1083/1191/1269 1085/1192/1269 1103/1212/1269 1102/1210/1269 
f 1104/1213/1270 1103/1212/1270 1085/1192/1270 1087/1194/1270 
f 1105/1214/1271 1106/1215/1271 1089/1196/1271 1088/1195/1271 
f 1090/1197/1272 1107/1216/1272 1105/1214/1272 1088/1195/1272 
f 1091/1198/1273 1108/1217/1273 1107/1216/1273 1090/1197/1273 
f 1091/1200/1274 1092/1199/1274 1109/1218/1274 1108/1219/1274 
f 1092/1199/1275 1093/1201/1275 1110/1220/1275 1109/1218/1275 
s 179
f 1111/1221/1276 1112/1222/1277 1094/1202/1257 1095/1203/1258 
s off
f 1095/1203/1278 1072/1185/1278 1097/1205/1278 1111/1221/1278 
s 169
f 1096/1204/1264 1067/1179/1235 1066/1178/1233 1097/1205/1279 
s 170
f 1067/1179/1235 1096/1204/1264 1098/1206/1265 1068/1180/1236 
s 171
f 1099/1207/1280 1070/1182/1238 1069/1181/1237 1100/1208/1281 
s 172
f 1101/1209/1282 1071/1183/1241 1070/1182/1238 1099/1207/1280 
s 173
f 1102/1210/1283 1050/1161/1211 1071/1184/1241 1101/1211/1282 
s 159
f 1103/1212/1284 1049/1160/1208 1050/1161/1211 1102/1210/1283 
s 160
f 1051/1162/1212 1049/1160/1208 1103/1212/1284 1104/1213/1285 
s 176
f 1104/1213/1285 1087/1194/1286 1055/1166/1260 1051/1162/1212 
s off
f 1087/1194/1287 1086/1193/1287 1052/1163/1287 1055/1166/1287 
s 161
f 1089/1196/1288 1056/1167/1215 1052/1163/1218 1086/1193/1289 
s 177
f 1056/1167/1215 1089/1196/1288 1106/1215/1290 1058/1169/1220 
s 162
f 1058/1169/1220 1106/1215/1290 1105/1214/1291 1059/1170/1221 
s 163
f 1107/1216/1292 1060/1171/1223 1059/1170/1221 1105/1214/1291 
s 164
f 1108/1217/1293 1061/1172/1225 1060/1171/1223 1107/1216/1292 
s 165
f 1108/1219/1293 1109/1218/1294 1062/1173/1227 1061/1174/1225 
s 166
f 1109/1218/1294 1110/1220/1295 1063/1175/1229 1062/1173/1227 
s 167
f 1065/1177/1232 1064/1176/1231 1112/1222/1277 1111/1221/1276 
s 168
f 1111/1221/1276 1097/1205/1279 1066/1178/1233 1065/1177/1232 
s 150
f 117/117/119 120/120/123 119/119/122 118/118/120 
s off
f 118/118/1296 119/119/1296 451/119/1296 447/461/1296 
f 451/1017/1297 648/664/1297 643/659/1297 447/1013/1297 
s 180
f 648/664/700 647/663/699 644/660/696 643/659/695 
f 664/680/716 665/681/717 579/595/631 574/590/627 
f 578/594/630 573/589/626 574/590/627 579/595/631 
s 117
f 573/589/626 578/594/630 610/626/662 819/835/865 
f 609/625/661 825/841/871 819/835/865 610/626/662 
s off
f 886/899/1298 888/901/1298 658/674/1298 972/993/1298 
f 886/899/1299 972/993/1299 957/976/1299 960/979/1299 
s 131
f 889/902/940 632/648/684 659/675/711 929/945/983 
s 90
f 631/647/683 656/672/708 659/675/711 632/648/684 
f 631/647/683 910/926/963 913/929/966 656/672/708 
f 910/926/963 909/925/962 914/930/967 913/929/966 
s 143
f 792/808/835 795/811/838 914/930/967 909/925/962 
s 71
f 792/808/835 791/807/834 796/812/839 795/811/838 
f 796/812/839 791/807/834 636/652/688 660/676/712 
f 636/652/688 635/651/687 661/677/713 660/676/712 
f 635/651/687 721/737/771 719/735/769 661/677/713 
f 721/737/771 724/740/774 720/736/770 719/735/769 
f 639/655/691 662/678/714 720/736/770 724/740/774 
f 642/658/694 663/679/715 662/678/714 639/655/691 
s 82
f 644/660/696 664/680/716 663/679/715 642/658/694 
s 180
f 647/663/699 665/681/717 664/680/716 644/660/696 
s 83
f 647/663/699 646/662/698 666/682/718 665/681/717 
s 151
f 646/662/698 986/1090/1300 987/1091/1145 666/682/718 
s 153
f 986/1090/1300 1004/1110/1301 1005/1111/1163 987/1091/1145 
s 155
f 1004/1110/1301 1022/1130/1302 1023/1131/1181 1005/1111/1163 
s 157
f 1022/1130/1302 1040/1150/1230 1041/1151/1199 1023/1131/1181 
s 167
f 1040/1150/1230 1063/1175/1229 1064/1176/1231 1041/1151/1199 
f 1064/1176/1231 1063/1175/1229 1110/1220/1295 1112/1222/1277 
s 179
f 1112/1222/1277 1110/1220/1295 1093/1201/1303 1094/1202/1257 
s 175
f 1093/1201/1303 1076/1185/1304 1073/1185/1244 1094/1202/1257 
s 174
f 1073/1185/1244 1076/1185/1304 1079/1188/1305 1074/1186/1245 
s 178
f 1079/1188/1305 1100/1208/1281 1098/1206/1265 1074/1186/1245 
s 170
f 1100/1208/1281 1069/1181/1237 1068/1180/1236 1098/1206/1265 
f 1046/1156/1240 1045/1155/1204 1068/1180/1236 1069/1181/1237 
s 158
f 1045/1155/1204 1046/1156/1240 1028/1136/1306 1027/1135/1186 
s 156
f 1027/1135/1186 1028/1136/1306 1010/1116/1307 1009/1115/1168 
s 154
f 1009/1115/1168 1010/1116/1307 992/1096/1308 991/1095/1150 
s 152
f 991/1095/1150 992/1096/1308 584/600/636 608/624/660 
s 84
f 609/625/661 608/624/660 584/600/636 583/599/635 
s 117
f 583/599/635 821/837/867 825/841/871 609/625/661 
s 116
f 727/743/777 825/841/871 821/837/867 828/844/875 
s 101
f 827/843/874 728/744/778 727/743/777 828/844/875 
s 119
f 837/853/1309 842/858/891 728/744/778 827/843/874 
s 120
f 850/866/1310 856/872/906 842/858/891 837/853/1309 
s 121
f 850/866/1310 864/880/1311 870/886/920 856/872/906 
s 122
f 864/880/1311 878/866/1312 884/897/934 870/886/920 
s off
f 421/431/1313 420/430/1313 1113/1223/1313 426/440/1313 
s 183
f 420/430/461 425/439/468 1114/1224/1314 1113/1223/1315 
s 1
f 426/440/469 1113/1223/1315 428/442/471 427/441/470 
f 1113/1223/1315 1114/1224/1314 429/443/472 428/442/471 
f 432/446/475 431/445/474 1115/1225/1316 433/447/476 
f 434/448/477 433/447/476 1115/1225/1316 1116/1226/1317 
f 1116/1226/1317 1117/1227/1318 435/449/478 434/448/477 
f 1118/1228/1319 436/450/479 435/449/478 1117/1227/1318 
f 1119/1229/1320 437/451/480 436/450/479 1118/1228/1319 
f 437/451/480 1119/1229/1320 1120/1230/1321 209/209/215 
s 29
f 1121/1231/1322 207/207/213 209/209/215 1120/1230/1321 
f 207/207/213 1121/1231/1322 1122/1232/1323 230/230/236 
s 38
f 1123/1233/1324 227/227/233 230/230/236 1122/1232/1323 
s 41
f 1123/1233/1324 1124/1234/1325 244/244/247 227/227/233 
s 70
f 1124/1234/1326 1125/1235/1327 492/503/526 244/244/529 
s 149
f 1126/1236/1328 976/1003/1045 492/1079/526 1125/1237/1327 
s 113
f 976/1003/1045 1126/1236/1328 1127/1238/1329 974/1001/1042 
s 111
f 1127/1238/1329 1128/1239/1330 975/1002/1043 974/1001/1042 
s 103
f 1128/1239/1330 1129/1240/1331 973/1000/1039 975/1002/1043 
f 1129/1240/1331 1130/1241/1332 649/665/701 973/1000/1039 
s 71
f 1130/1241/1332 1131/1242/1333 650/666/702 649/665/701 
f 1131/1242/1333 1132/1243/1334 680/696/732 650/666/702 
f 1132/1243/1334 1133/1244/1335 651/667/703 680/696/732 
f 1133/1244/1335 1134/1245/1336 652/668/704 651/667/703 
f 1134/1245/1336 1135/1246/1337 653/669/705 652/668/704 
f 1135/1246/1337 1136/1247/1338 654/670/706 653/669/705 
s 1
f 431/445/474 430/444/473 1137/1248/1339 1115/1225/1316 
f 1116/1226/1317 1115/1225/1316 1137/1248/1339 1138/1249/1340 
f 1138/1249/1340 1139/1250/1341 1117/1227/1318 1116/1226/1317 
f 1140/1251/1342 1118/1228/1319 1117/1227/1318 1139/1250/1341 
f 1141/1252/1343 1119/1229/1320 1118/1228/1319 1140/1251/1342 
f 1119/1229/1320 1141/1252/1343 1142/1253/1344 1120/1230/1321 
s 29
f 1143/1254/1345 1121/1231/1322 1120/1230/1321 1142/1253/1344 
f 1121/1231/1322 1143/1254/1345 1144/1255/1346 1122/1232/1323 
s 38
f 1144/1255/1346 1145/1256/1347 1123/1233/1324 1122/1232/1323 
s 41
f 1145/1256/1347 1146/1257/1348 1124/1234/1325 1123/1233/1324 
s 70
f 1146/1257/1349 1147/1258/1327 1125/1235/1327 1124/1234/1326 
s 149
f 1148/1259/1350 1126/1236/1328 1125/1237/1327 1147/1260/1327 
s 113
f 1126/1236/1328 1148/1259/1350 1149/1261/1351 1127/1238/1329 
s 111
f 1149/1261/1351 1150/1262/1352 1128/1239/1330 1127/1238/1329 
s 103
f 1150/1262/1352 1151/1263/1353 1129/1240/1331 1128/1239/1330 
f 1151/1263/1353 1152/1264/1354 1130/1241/1332 1129/1240/1331 
s 71
f 1152/1264/1354 1153/1265/1355 1131/1242/1333 1130/1241/1332 
f 1153/1265/1355 1154/1266/1356 1132/1243/1334 1131/1242/1333 
f 1154/1266/1356 1155/1267/1357 1133/1244/1335 1132/1243/1334 
f 1155/1267/1357 1156/1268/1358 1134/1245/1336 1133/1244/1335 
f 1156/1268/1358 1157/1269/1359 1135/1246/1337 1134/1245/1336 
f 1157/1269/1359 1158/1270/1360 1136/1247/1338 1135/1246/1337 
s 1
f 40/40/40 427/441/470 432/446/475 6/6/6 
f 427/441/470 428/442/471 431/445/474 432/446/475 
s 71
f 1136/1247/1338 887/900/938 655/671/707 654/670/706 
f 1158/1270/1360 1159/1271/1361 887/900/938 1136/1247/1338 
f 888/901/939 887/900/938 1159/1271/1361 929/945/983 
s 1
f 252/252/256 370/372/464 422/436/463 249/249/253 
s 56
f 252/252/1362 354/356/381 371/373/400 370/372/399 
s 21
f 357/359/384 423/437/466 371/373/400 354/356/381 
f 105/105/106 424/438/467 423/437/466 357/359/384 
f 108/108/109 425/439/468 424/438/467 105/105/106 
s 183
f 425/439/468 108/108/109 334/333/359 1114/1224/1314 
s 1
f 1114/1224/1314 334/333/359 103/103/104 429/443/472 
f 429/443/472 103/103/104 101/101/102 430/444/473 
f 430/444/473 101/101/102 99/99/100 1137/1248/1339 
f 1138/1249/1340 1137/1248/1339 99/99/100 95/95/96 
f 98/98/99 1139/1250/1341 1138/1249/1340 95/95/96 
f 136/136/139 1140/1251/1342 1139/1250/1341 98/98/99 
f 91/91/92 1141/1252/1343 1140/1251/1342 136/136/139 
f 1141/1252/1343 91/91/92 94/94/95 1142/1253/1344 
s 29
f 201/201/202 1143/1254/1345 1142/1253/1344 94/94/95 
f 1143/1254/1345 201/201/202 214/214/224 1144/1255/1346 
s 38
f 214/214/224 213/213/223 1145/1256/1347 1144/1255/1346 
s 41
f 213/213/223 237/237/241 1146/1257/1348 1145/1256/1347 
s 70
f 237/237/1363 486/497/1327 1147/1258/1327 1146/1257/1349 
s 149
f 780/796/824 1148/1259/1350 1147/1260/1327 486/1050/1327 
s 113
f 1148/1259/1350 780/796/824 758/774/810 1149/1261/1351 
s 111
f 761/777/813 1150/1262/1352 1149/1261/1351 758/774/810 
s 103
f 761/777/813 748/764/798 1151/1263/1353 1150/1262/1352 
f 748/764/798 618/634/670 1152/1264/1354 1151/1263/1353 
s 71
f 1152/1264/1354 618/634/670 617/633/669 1153/1265/1355 
f 617/633/669 681/697/733 1154/1266/1356 1153/1265/1355 
f 681/697/733 621/637/673 1155/1267/1357 1154/1266/1356 
f 1155/1267/1357 621/637/673 624/640/676 1156/1268/1358 
f 1156/1268/1358 624/640/676 626/642/678 1157/1269/1359 
f 626/642/678 627/643/679 1158/1270/1360 1157/1269/1359 
f 627/643/679 629/645/681 1159/1271/1361 1158/1270/1360 
f 629/645/681 889/902/940 929/945/983 1159/1271/1361 
s off
f 1043/1153/1364 1066/1178/1364 1067/1179/1364 1044/1154/1364 
s 1
f 415/425/1365 411/418/452 255/255/259 
f 415/425/1365 255/255/259 254/254/258 373/375/465 
s off
f 821/837/1366 820/836/1366 826/842/1366 
f 179/179/1367 51/51/1367 280/280/1367 275/275/1367 
s 48
f 274/274/285 49/49/49 1/1/286 
s 116
f 726/742/776 616/632/668 525/541/578 819/835/865 
s 1
f 268/268/272 279/279/296 199/199/200 185/185/297 
s 71
f 812/828/855 730/746/780 745/761/795 824/840/870 
s off
f 401/411/1368 421/431/1368 426/440/1368 402/421/1368 
s 71
f 885/898/936 655/671/707 886/899/937 960/979/1023 
f 885/898/936 564/580/617 655/671/707 
s 57
f 378/380/404 383/385/409 379/381/405 
s 1
f 84/84/85 83/83/84 381/404/407 
f 422/436/463 254/254/258 41/41/41 
s 71
f 967/986/1032 798/814/841 797/813/840 801/817/844 
f 937/988/989 936/975/988 611/627/663 885/898/936 
s 132
f 937/953/989 938/954/990 934/950/986 
s 71
f 936/975/988 612/628/664 611/627/663 
s 1
f 359/361/386 360/362/387 256/256/260 
s 71
f 800/816/843 920/936/973 917/933/970 
# 1135 polygons - 21 triangles

#
# object Eye_Left_Buterfly
#

v  200.3204 -5.0049 -25.3769
v  200.6851 -5.7087 -25.3987
v  199.5653 -6.0518 -25.9325
v  199.3806 -5.6955 -25.9214
v  199.0968 -5.4120 -25.9355
v  199.7596 -4.4448 -25.4046
v  198.7415 -5.2290 -25.9733
v  199.0577 -4.0834 -25.4793
v  198.3495 -5.1645 -26.0311
v  198.2834 -3.9559 -25.5935
v  197.9592 -5.2247 -26.1032
v  197.5124 -4.0749 -25.7361
v  196.8203 -4.4287 -25.8931
v  197.6088 -5.4038 -26.1828
v  197.3326 -5.6843 -26.2618
v  196.2747 -4.9826 -26.0492
v  197.1577 -6.0386 -26.3326
v  195.9292 -5.6825 -26.1891
v  197.1011 -6.4321 -26.3883
v  195.8174 -6.4599 -26.2991
v  197.1685 -6.8263 -26.4234
v  195.9504 -7.2386 -26.3685
v  196.3152 -7.9424 -26.3903
v  197.3531 -7.1826 -26.4345
v  197.6370 -7.4661 -26.4204
v  196.8759 -8.5025 -26.3626
v  197.9923 -7.6491 -26.3826
v  197.5778 -8.8639 -26.2879
v  198.3843 -7.7136 -26.3248
v  198.3521 -8.9914 -26.1737
v  199.1231 -8.8724 -26.0311
v  198.7746 -7.6534 -26.2526
v  199.1249 -7.4743 -26.1731
v  199.8152 -8.5186 -25.8741
v  199.4011 -7.1938 -26.0941
v  200.3608 -7.9647 -25.7180
v  199.5760 -6.8395 -26.0233
v  200.7063 -7.2647 -25.5781
v  199.6326 -6.4460 -25.9676
v  200.8181 -6.4874 -25.4681
v  201.7152 -5.4065 -24.6888
v  201.1794 -4.3725 -24.6566
v  200.3555 -3.5497 -24.6974
v  199.3243 -3.0187 -24.8070
v  198.1867 -2.8314 -24.9748
v  197.0541 -3.0062 -25.1843
v  196.0373 -3.5260 -25.4151
v  195.2358 -4.3398 -25.6444
v  194.7281 -5.3681 -25.8500
v  194.5639 -6.5102 -26.0116
v  194.7593 -7.6542 -26.1134
v  195.2952 -8.6882 -26.1455
v  196.1190 -9.5110 -26.1048
v  197.1502 -10.0420 -25.9951
v  198.2878 -10.2293 -25.8273
v  199.4204 -10.0545 -25.6178
v  200.4373 -9.5347 -25.3871
v  201.2387 -8.7209 -25.1578
v  201.7464 -7.6926 -24.9522
v  201.9106 -6.5505 -24.7906
v  201.9365 -3.8140 -23.7785
v  202.6303 -5.1527 -23.8200
v  200.8699 -2.7487 -23.8312
v  199.5348 -2.0612 -23.9732
v  198.0620 -1.8187 -24.1904
v  196.5955 -2.0450 -24.4617
v  195.2790 -2.7180 -24.7604
v  194.2413 -3.7717 -25.0573
v  193.5840 -5.1030 -25.3234
v  193.3715 -6.5816 -25.5327
v  193.6245 -8.0628 -25.6645
v  194.3182 -9.4016 -25.7061
v  195.3848 -10.4668 -25.6533
v  196.7199 -11.1544 -25.5114
v  198.1928 -11.3968 -25.2942
v  199.6592 -11.1705 -25.0229
v  200.9757 -10.4975 -24.7242
v  202.0134 -9.4438 -24.4272
v  202.6707 -8.1125 -24.1611
v  202.8832 -6.6339 -23.9519
v  202.5732 -3.3431 -22.7639
v  203.4077 -4.9536 -22.8140
v  201.2900 -2.0615 -22.8274
v  199.6839 -1.2344 -22.9982
v  197.9120 -0.9428 -23.2595
v  196.1479 -1.2150 -23.5858
v  194.5641 -2.0246 -23.9452
v  193.3158 -3.2922 -24.3024
v  192.5251 -4.8938 -24.6226
v  192.2694 -6.6726 -24.8743
v  192.5737 -8.4544 -25.0329
v  193.4083 -10.0649 -25.0829
v  194.6915 -11.3465 -25.0194
v  196.2976 -12.1735 -24.8487
v  198.0694 -12.4652 -24.5873
v  199.8336 -12.1930 -24.2610
v  201.4173 -11.3834 -23.9017
v  202.6656 -10.1158 -23.5444
v  203.4564 -8.5142 -23.2243
v  203.7121 -6.7354 -22.9726
v  203.0736 -2.9713 -21.6381
v  204.0285 -4.8140 -21.6953
v  201.6056 -1.5051 -21.7107
v  199.7679 -0.5588 -21.9061
v  197.7408 -0.2251 -22.2051
v  195.7224 -0.5366 -22.5784
v  193.9104 -1.4628 -22.9896
v  192.4821 -2.9131 -23.3983
v  191.5774 -4.7456 -23.7646
v  191.2849 -6.7807 -24.0525
v  191.6331 -8.8194 -24.2340
v  192.5879 -10.6620 -24.2912
v  194.0560 -12.1282 -24.2186
v  195.8936 -13.0745 -24.0232
v  197.9208 -13.4082 -23.7242
v  199.9392 -13.0967 -23.3509
v  201.7512 -12.1705 -22.9397
v  203.1795 -10.7202 -22.5310
v  204.0841 -8.8878 -22.1648
v  204.3767 -6.8526 -21.8768
v  203.4256 -2.7080 -20.4286
v  204.4772 -4.7373 -20.4916
v  201.8087 -1.0932 -20.5086
v  199.7849 -0.0510 -20.7237
v  197.5523 0.3166 -21.0530
v  195.3293 -0.0265 -21.4642
v  193.3337 -1.0466 -21.9170
v  191.7607 -2.6439 -22.3672
v  190.7643 -4.6620 -22.7706
v  190.4421 -6.9034 -23.0877
v  190.8256 -9.1487 -23.2876
v  191.8772 -11.1780 -23.3506
v  193.4941 -12.7928 -23.2706
v  195.5179 -13.8350 -23.0555
v  197.7506 -14.2026 -22.7262
v  199.9735 -13.8595 -22.3150
v  201.9692 -12.8394 -21.8622
v  203.5421 -11.2421 -21.4120
v  204.5385 -9.2240 -21.0086
v  204.8607 -6.9826 -20.6915
v  203.6204 -2.5594 -19.1652
v  204.7429 -4.7256 -19.2325
v  201.8946 -0.8358 -19.2506
v  199.7344 0.2766 -19.4803
v  197.3513 0.6690 -19.8318
v  194.9785 0.3028 -20.2707
v  192.8483 -0.7861 -20.7540
v  191.1693 -2.4910 -21.2345
v  190.1058 -4.6452 -21.6651
v  189.7619 -7.0376 -22.0036
v  190.1712 -9.4342 -22.2169
v  191.2937 -11.6004 -22.2842
v  193.0196 -13.3240 -22.1988
v  195.1798 -14.4364 -21.9692
v  197.5629 -14.8288 -21.6177
v  199.9357 -14.4626 -21.1788
v  202.0658 -13.3737 -20.6954
v  203.7448 -11.6688 -20.2150
v  204.8083 -9.5146 -19.7844
v  205.1523 -7.1222 -19.4458
v  203.6533 -2.5294 -17.8791
v  204.8190 -4.7790 -17.9490
v  201.8610 -0.7394 -17.9678
v  199.6176 0.4159 -18.2063
v  197.1426 0.8234 -18.5713
v  194.6785 0.4430 -19.0271
v  192.4663 -0.6878 -19.5291
v  190.7226 -2.4584 -20.0281
v  189.6181 -4.6955 -20.4752
v  189.2610 -7.1801 -20.8268
v  189.6860 -9.6690 -21.0484
v  190.8518 -11.9185 -21.1183
v  192.6441 -13.7086 -21.0296
v  194.8875 -14.8639 -20.7911
v  197.3624 -15.2713 -20.4260
v  199.8266 -14.8910 -19.9702
v  202.0388 -13.7602 -19.4683
v  203.7825 -11.9896 -18.9693
v  204.8869 -9.7525 -18.5221
v  205.2441 -7.2679 -18.1706
v  203.5233 -2.6186 -16.6020
v  204.7036 -4.8962 -16.6727
v  201.7087 -0.8062 -16.6917
v  199.4373 0.3634 -16.9332
v  196.9315 0.7759 -17.3028
v  194.4367 0.3909 -17.7643
v  192.1969 -0.7540 -18.2725
v  190.4315 -2.5467 -18.7777
v  189.3132 -4.8117 -19.2304
v  188.9516 -7.3272 -19.5864
v  189.3820 -9.8472 -19.8107
v  190.5623 -12.1248 -19.8815
v  192.3770 -13.9371 -19.7917
v  194.6483 -15.1068 -19.5502
v  197.1541 -15.5193 -19.1806
v  199.6490 -15.1343 -18.7191
v  201.8887 -13.9894 -18.2109
v  203.6542 -12.1967 -17.7057
v  204.7724 -9.9317 -17.2530
v  205.1340 -7.4161 -16.8970
v  203.2338 -2.8248 -15.3652
v  204.3996 -5.0744 -15.4351
v  201.4415 -1.0348 -15.4538
v  199.1981 0.1205 -15.6924
v  196.7232 0.5279 -16.0574
v  194.2590 0.1476 -16.5132
v  192.0468 -0.9832 -17.0152
v  190.3032 -2.7538 -17.5141
v  189.1987 -4.9909 -17.9613
v  188.8415 -7.4755 -18.3129
v  189.2666 -9.9644 -18.5344
v  190.4324 -12.2140 -18.6043
v  192.2247 -14.0040 -18.5156
v  194.4681 -15.1593 -18.2771
v  196.9430 -15.5667 -17.9121
v  199.4072 -15.1864 -17.4563
v  201.6194 -14.0556 -16.9543
v  203.3630 -12.2850 -16.4553
v  204.4675 -10.0479 -16.0082
v  204.8247 -7.5633 -15.6566
v  203.9144 -5.3092 -14.2665
v  202.7919 -3.1430 -14.1992
v  201.0661 -1.4194 -14.2846
v  198.9059 -0.3069 -14.5143
v  196.5227 0.0854 -14.8658
v  194.1500 -0.2808 -15.3047
v  192.0198 -1.3697 -15.7880
v  190.3408 -3.0746 -16.2685
v  189.2773 -5.2287 -16.6991
v  188.9334 -7.6212 -17.0376
v  189.3427 -10.0178 -17.2509
v  190.4652 -12.1839 -17.3182
v  192.1911 -13.9076 -17.2328
v  194.3513 -15.0200 -17.0032
v  196.7344 -15.4123 -16.6517
v  199.1071 -15.0461 -16.2128
v  201.2373 -13.9573 -15.7294
v  202.9163 -12.2523 -15.2490
v  203.9798 -10.0982 -14.8184
v  204.3237 -7.7057 -14.4798
v  202.2084 -3.5653 -13.1328
v  203.2601 -5.5947 -13.1958
v  200.5916 -1.9505 -13.2128
v  198.5677 -0.9083 -13.4280
v  196.3351 -0.5408 -13.7573
v  194.1121 -0.8838 -14.1684
v  192.1165 -1.9040 -14.6213
v  190.5435 -3.5012 -15.0714
v  189.5471 -5.5194 -15.4748
v  189.2249 -7.7608 -15.7920
v  189.6084 -10.0060 -15.9918
v  190.6600 -12.0354 -16.0549
v  192.2769 -13.6502 -15.9749
v  194.3007 -14.6924 -15.7597
v  196.5334 -15.0600 -15.4304
v  198.7563 -14.7169 -15.0192
v  200.7520 -13.6968 -14.5664
v  202.3250 -12.0995 -14.1163
v  203.3213 -10.0814 -13.7129
v  203.6435 -7.8400 -13.3957
v  202.4526 -5.9240 -12.2494
v  201.4977 -4.0814 -12.1922
v  200.0296 -2.6151 -12.2648
v  198.1920 -1.6689 -12.4602
v  196.1648 -1.3351 -12.7592
v  194.1464 -1.6466 -13.1325
v  192.3344 -2.5729 -13.5437
v  190.9062 -4.0232 -13.9524
v  190.0015 -5.8556 -14.3187
v  189.7089 -7.8907 -14.6067
v  190.0571 -9.9294 -14.7881
v  191.0120 -11.7720 -14.8454
v  192.4801 -13.2382 -14.7727
v  194.3177 -14.1845 -14.5774
v  196.3449 -14.5183 -14.2784
v  198.3633 -14.2068 -13.9050
v  200.1753 -13.2805 -13.4939
v  201.6035 -11.8302 -13.0851
v  202.5082 -9.9978 -12.7189
v  202.8008 -7.9627 -12.4309
v  200.6773 -4.6784 -11.4005
v  201.5119 -6.2889 -11.4505
v  199.3942 -3.3969 -11.4640
v  197.7881 -2.5698 -11.6348
v  196.0162 -2.2781 -11.8961
v  194.2521 -2.5504 -12.2224
v  192.6683 -3.3600 -12.5818
v  191.4200 -4.6276 -12.9390
v  190.6293 -6.2292 -13.2592
v  190.3736 -8.0079 -13.5108
v  190.6779 -9.7898 -13.6695
v  191.5125 -11.4003 -13.7195
v  192.7957 -12.6818 -13.6560
v  194.4017 -13.5089 -13.4852
v  196.1736 -13.8006 -13.2239
v  197.9377 -13.5284 -12.8976
v  199.5215 -12.7188 -12.5382
v  200.7698 -11.4512 -12.1810
v  201.5605 -9.8496 -11.8609
v  201.8162 -8.0708 -11.6092
v  199.7674 -5.3418 -10.7773
v  200.4612 -6.6805 -10.8189
v  198.7008 -4.2765 -10.8301
v  197.3657 -3.5890 -10.9720
v  195.8929 -3.3465 -11.1893
v  194.4264 -3.5729 -11.4605
v  193.1099 -4.2458 -11.7593
v  192.0722 -5.2995 -12.0562
v  191.4150 -6.6309 -12.3223
v  191.2024 -8.1095 -12.5315
v  191.4554 -9.5907 -12.6634
v  192.1491 -10.9294 -12.7050
v  193.2158 -11.9947 -12.6522
v  194.5508 -12.6822 -12.5103
v  196.0237 -12.9247 -12.2930
v  197.4901 -12.6983 -12.0218
v  198.8066 -12.0254 -11.7231
v  199.8443 -10.9717 -11.4261
v  200.5016 -9.6404 -11.1600
v  200.7142 -8.1617 -10.9508
v  198.7905 -6.0552 -10.3379
v  199.3263 -7.0892 -10.3700
v  197.9666 -5.2324 -10.3787
v  196.9355 -4.7014 -10.4883
v  195.7979 -4.5141 -10.6561
v  194.6652 -4.6889 -10.8656
v  193.6484 -5.2086 -11.0963
v  192.8469 -6.0225 -11.3257
v  192.3392 -7.0508 -11.5312
v  192.1750 -8.1928 -11.6928
v  192.3705 -9.3369 -11.7947
v  192.9063 -10.3709 -11.8268
v  193.7301 -11.1937 -11.7860
v  194.7613 -11.7247 -11.6764
v  195.8989 -11.9120 -11.5086
v  197.0315 -11.7372 -11.2991
v  198.0484 -11.2174 -11.0684
v  198.8499 -10.4035 -10.8390
v  199.3575 -9.3753 -10.6335
v  199.5217 -8.2332 -10.4719
v  197.7704 -6.8009 -10.0931
v  198.1352 -7.5048 -10.1150
v  197.2097 -6.2409 -10.1209
v  196.5078 -5.8794 -10.1955
v  195.7335 -5.7520 -10.3097
v  194.9625 -5.8709 -10.4523
v  194.2704 -6.2247 -10.6094
v  193.7249 -6.7787 -10.7655
v  193.3793 -7.4786 -10.9054
v  193.2676 -8.2560 -11.0154
v  193.4006 -9.0347 -11.0847
v  193.7653 -9.7385 -11.1066
v  194.3260 -10.2986 -11.0788
v  195.0279 -10.6600 -11.0042
v  195.8023 -10.7875 -10.8900
v  196.5732 -10.6685 -10.7474
v  197.2653 -10.3147 -10.5903
v  197.8109 -9.7607 -10.4342
v  198.1564 -9.0608 -10.2943
v  198.2682 -8.2835 -10.1843
v  196.7325 -7.5608 -10.0490
v  196.9172 -7.9171 -10.0600
v  196.4487 -7.2773 -10.0630
v  196.0934 -7.0943 -10.1008
v  195.7014 -7.0297 -10.1586
v  195.3111 -7.0900 -10.2308
v  194.9607 -7.2691 -10.3103
v  194.6845 -7.5495 -10.3893
v  194.5096 -7.9038 -10.4602
v  194.4530 -8.2974 -10.5159
v  194.5204 -8.6916 -10.5509
v  194.7050 -9.0479 -10.5620
v  194.9889 -9.3314 -10.5480
v  195.3442 -9.5144 -10.5102
v  195.7362 -9.5789 -10.4524
v  196.1265 -9.5187 -10.3802
v  196.4768 -9.3395 -10.3007
v  196.7530 -9.0591 -10.2217
v  196.9279 -8.7048 -10.1508
v  196.9845 -8.3113 -10.0951
v  197.9655 -5.6877 -26.1566
v  195.7023 -8.3159 -10.2066
v  197.9757 -6.4369 -26.2429
v  197.9811 -6.8308 -26.2883
v  197.9704 -6.0430 -26.1976
v  197.9860 -7.1861 -26.3293
v  198.7478 -5.6920 -26.0266
v  198.7526 -6.0473 -26.0675
v  198.7580 -6.4412 -26.1129
v  198.7634 -6.8351 -26.1583
v  198.7682 -7.1904 -26.1993
v  198.3566 -5.6899 -26.0916
v  198.3615 -6.0452 -26.1325
v  198.3669 -6.4391 -26.1779
v  198.3723 -6.8329 -26.2233
v  198.3771 -7.1882 -26.2643
# 396 vertices

vn 0.3995 0.2885 -0.8701
vn 0.4440 0.2027 -0.8728
vn 0.3075 0.1609 -0.9378
vn 0.2850 0.2043 -0.9365
vn 0.2504 0.2389 -0.9382
vn 0.3312 0.3568 -0.8735
vn 0.2071 0.2612 -0.9428
vn 0.2457 0.4008 -0.8826
vn 0.1593 0.2691 -0.9499
vn 0.1513 0.4164 -0.8965
vn 0.1118 0.2617 -0.9586
vn 0.0573 0.4019 -0.9139
vn -0.0270 0.3588 -0.9330
vn 0.0691 0.2399 -0.9683
vn 0.0354 0.2057 -0.9780
vn -0.0935 0.2912 -0.9521
vn 0.0141 0.1625 -0.9866
vn -0.1356 0.2059 -0.9691
vn 0.0072 0.1146 -0.9934
vn -0.1493 0.1112 -0.9825
vn 0.0154 0.0665 -0.9977
vn -0.1331 0.0163 -0.9910
vn -0.0886 -0.0695 -0.9936
vn 0.0379 0.0231 -0.9990
vn 0.0725 -0.0114 -0.9973
vn -0.0203 -0.1378 -0.9903
vn 0.1158 -0.0337 -0.9927
vn 0.0653 -0.1818 -0.9812
vn 0.1636 -0.0416 -0.9857
vn 0.1597 -0.1974 -0.9672
vn 0.2536 -0.1828 -0.9499
vn 0.2111 -0.0343 -0.9769
vn 0.2538 -0.0124 -0.9672
vn 0.3380 -0.1397 -0.9307
vn 0.2875 0.0217 -0.9575
vn 0.4045 -0.0722 -0.9117
vn 0.3088 0.0649 -0.9489
vn 0.4466 0.0131 -0.8946
vn 0.3157 0.1129 -0.9421
vn 0.4602 0.1078 -0.8812
vn 0.5696 0.2396 -0.7863
vn 0.5043 0.3656 -0.7823
vn 0.4038 0.4659 -0.7873
vn 0.2782 0.5306 -0.8007
vn 0.1395 0.5534 -0.8211
vn 0.0015 0.5321 -0.8467
vn -0.1225 0.4688 -0.8748
vn -0.2202 0.3696 -0.9027
vn -0.2820 0.2443 -0.9278
vn -0.3021 0.1051 -0.9475
vn -0.2782 -0.0344 -0.9599
vn -0.2129 -0.1604 -0.9638
vn -0.1125 -0.2607 -0.9588
vn 0.0132 -0.3254 -0.9455
vn 0.1518 -0.3482 -0.9250
vn 0.2899 -0.3269 -0.8995
vn 0.4138 -0.2636 -0.8714
vn 0.5115 -0.1644 -0.8434
vn 0.5734 -0.0391 -0.8184
vn 0.5934 0.1001 -0.7987
vn 0.5966 0.4337 -0.6753
vn 0.6811 0.2705 -0.6804
vn 0.4665 0.5635 -0.6817
vn 0.3038 0.6473 -0.6990
vn 0.1243 0.6769 -0.7255
vn -0.0545 0.6493 -0.7586
vn -0.2149 0.5673 -0.7950
vn -0.3414 0.4389 -0.8312
vn -0.4215 0.2766 -0.8636
vn -0.4474 0.0963 -0.8891
vn -0.4166 -0.0842 -0.9052
vn -0.3320 -0.2474 -0.9103
vn -0.2020 -0.3772 -0.9038
vn -0.0393 -0.4610 -0.8865
vn 0.1402 -0.4906 -0.8600
vn 0.3190 -0.4630 -0.8270
vn 0.4794 -0.3810 -0.7906
vn 0.6059 -0.2525 -0.7544
vn 0.6860 -0.0903 -0.7219
vn 0.7120 0.0900 -0.6964
vn 0.6742 0.4911 -0.5516
vn 0.7759 0.2948 -0.5577
vn 0.5178 0.6473 -0.5593
vn 0.3220 0.7481 -0.5802
vn 0.1060 0.7837 -0.6120
vn -0.1090 0.7505 -0.6518
vn -0.3021 0.6518 -0.6956
vn -0.4542 0.4973 -0.7391
vn -0.5506 0.3021 -0.7782
vn -0.5818 0.0853 -0.8088
vn -0.5447 -0.1319 -0.8282
vn -0.4430 -0.3283 -0.8343
vn -0.2866 -0.4845 -0.8265
vn -0.0908 -0.5853 -0.8057
vn 0.1252 -0.6208 -0.7739
vn 0.3402 -0.5877 -0.7341
vn 0.5333 -0.4890 -0.6903
vn 0.6855 -0.3345 -0.6467
vn 0.7818 -0.1392 -0.6077
vn 0.8130 0.0776 -0.5770
vn 0.7352 0.5365 -0.4143
vn 0.8516 0.3118 -0.4213
vn 0.5563 0.7152 -0.4232
vn 0.3323 0.8305 -0.4470
vn 0.0851 0.8712 -0.4834
vn -0.1609 0.8333 -0.5290
vn -0.3818 0.7203 -0.5791
vn -0.5559 0.5435 -0.6289
vn -0.6662 0.3202 -0.6736
vn -0.7019 0.0721 -0.7087
vn -0.6594 -0.1764 -0.7308
vn -0.5430 -0.4011 -0.7378
vn -0.3640 -0.5798 -0.7289
vn -0.1400 -0.6952 -0.7051
vn 0.1071 -0.7358 -0.6686
vn 0.3531 -0.6979 -0.6231
vn 0.5740 -0.5850 -0.5730
vn 0.7481 -0.4082 -0.5232
vn 0.8584 -0.1848 -0.4785
vn 0.8941 0.0633 -0.4434
vn 0.7782 0.5686 -0.2668
vn 0.9064 0.3212 -0.2745
vn 0.5810 0.7654 -0.2766
vn 0.3343 0.8925 -0.3028
vn 0.0621 0.9373 -0.3430
vn -0.2088 0.8955 -0.3931
vn -0.4521 0.7711 -0.4483
vn -0.6439 0.5764 -0.5032
vn -0.7654 0.3304 -0.5523
vn -0.8046 0.0571 -0.5910
vn -0.7579 -0.2166 -0.6154
vn -0.6297 -0.4640 -0.6231
vn -0.4326 -0.6609 -0.6133
vn -0.1859 -0.7879 -0.5871
vn 0.0863 -0.8327 -0.5469
vn 0.3573 -0.7909 -0.4968
vn 0.6006 -0.6665 -0.4416
vn 0.7924 -0.4718 -0.3867
vn 0.9138 -0.2258 -0.3375
vn 0.9531 0.0475 -0.2989
vn 0.8019 0.5867 -0.1127
vn 0.9388 0.3226 -0.1209
vn 0.5915 0.7968 -0.1232
vn 0.3282 0.9324 -0.1512
vn 0.0376 0.9803 -0.1940
vn -0.2516 0.9356 -0.2475
vn -0.5113 0.8029 -0.3064
vn -0.7160 0.5950 -0.3650
vn -0.8457 0.3324 -0.4175
vn -0.8876 0.0407 -0.4588
vn -0.8377 -0.2514 -0.4848
vn -0.7009 -0.5155 -0.4930
vn -0.4905 -0.7256 -0.4826
vn -0.2271 -0.8613 -0.4546
vn 0.0634 -0.9091 -0.4117
vn 0.3527 -0.8645 -0.3582
vn 0.6124 -0.7317 -0.2993
vn 0.8171 -0.5239 -0.2407
vn 0.9467 -0.2612 -0.1882
vn 0.9887 0.0304 -0.1470
vn 0.8059 0.5904 0.0441
vn 0.9481 0.3161 0.0356
vn 0.5874 0.8086 0.0333
vn 0.3139 0.9494 0.0042
vn 0.0122 0.9991 -0.0403
vn -0.2882 0.9528 -0.0958
vn -0.5579 0.8149 -0.1570
vn -0.7705 0.5990 -0.2179
vn -0.9052 0.3263 -0.2724
vn -0.9487 0.0234 -0.3152
vn -0.8969 -0.2801 -0.3423
vn -0.7548 -0.5543 -0.3508
vn -0.5363 -0.7726 -0.3400
vn -0.2628 -0.9134 -0.3109
vn 0.0390 -0.9631 -0.2664
vn 0.3394 -0.9167 -0.2108
vn 0.6091 -0.7789 -0.1496
vn 0.8217 -0.5630 -0.0888
vn 0.9563 -0.2902 -0.0343
vn 0.9999 0.0127 0.0086
vn 0.7901 0.5795 0.1999
vn 0.9340 0.3018 0.1913
vn 0.5688 0.8004 0.1890
vn 0.2919 0.9430 0.1595
vn -0.0136 0.9933 0.1145
vn -0.3177 0.9464 0.0582
vn -0.5908 0.8068 -0.0038
vn -0.8060 0.5883 -0.0653
vn -0.9424 0.3121 -0.1205
vn -0.9865 0.0054 -0.1639
vn -0.9340 -0.3018 -0.1913
vn -0.7901 -0.5795 -0.1999
vn -0.5688 -0.8004 -0.1890
vn -0.2919 -0.9430 -0.1595
vn 0.0136 -0.9933 -0.1145
vn 0.3177 -0.9464 -0.0582
vn 0.5908 -0.8068 0.0038
vn 0.8060 -0.5883 0.0653
vn 0.9424 -0.3121 0.1205
vn 0.9865 -0.0054 0.1639
vn 0.7548 0.5543 0.3508
vn 0.8969 0.2801 0.3423
vn 0.5363 0.7726 0.3400
vn 0.2628 0.9134 0.3109
vn -0.0390 0.9631 0.2664
vn -0.3394 0.9167 0.2108
vn -0.6091 0.7789 0.1496
vn -0.8217 0.5630 0.0888
vn -0.9563 0.2902 0.0343
vn -0.9999 -0.0127 -0.0086
vn -0.9481 -0.3161 -0.0356
vn -0.8059 -0.5904 -0.0441
vn -0.5874 -0.8086 -0.0333
vn -0.3139 -0.9494 -0.0042
vn -0.0122 -0.9991 0.0403
vn 0.2882 -0.9528 0.0958
vn 0.5579 -0.8149 0.1570
vn 0.7705 -0.5990 0.2179
vn 0.9052 -0.3263 0.2724
vn 0.9487 -0.0234 0.3152
vn 0.8377 0.2514 0.4848
vn 0.7009 0.5155 0.4930
vn 0.4905 0.7256 0.4826
vn 0.2271 0.8613 0.4546
vn -0.0634 0.9091 0.4117
vn -0.3527 0.8644 0.3582
vn -0.6124 0.7317 0.2993
vn -0.8171 0.5239 0.2407
vn -0.9467 0.2612 0.1882
vn -0.9887 -0.0304 0.1470
vn -0.9388 -0.3226 0.1209
vn -0.8019 -0.5867 0.1127
vn -0.5915 -0.7968 0.1232
vn -0.3282 -0.9324 0.1512
vn -0.0376 -0.9803 0.1940
vn 0.2516 -0.9356 0.2475
vn 0.5113 -0.8029 0.3064
vn 0.7160 -0.5950 0.3650
vn 0.8457 -0.3324 0.4175
vn 0.8876 -0.0407 0.4588
vn 0.6297 0.4640 0.6231
vn 0.7579 0.2166 0.6154
vn 0.4326 0.6609 0.6133
vn 0.1859 0.7879 0.5871
vn -0.0863 0.8327 0.5469
vn -0.3573 0.7909 0.4968
vn -0.6006 0.6665 0.4416
vn -0.7924 0.4718 0.3867
vn -0.9138 0.2258 0.3375
vn -0.9531 -0.0475 0.2989
vn -0.9064 -0.3212 0.2745
vn -0.7782 -0.5686 0.2668
vn -0.5810 -0.7654 0.2766
vn -0.3343 -0.8925 0.3028
vn -0.0621 -0.9373 0.3430
vn 0.2089 -0.8955 0.3931
vn 0.4521 -0.7711 0.4483
vn 0.6439 -0.5764 0.5032
vn 0.7654 -0.3304 0.5523
vn 0.8046 -0.0571 0.5910
vn 0.6594 0.1764 0.7308
vn 0.5430 0.4011 0.7378
vn 0.3640 0.5798 0.7289
vn 0.1400 0.6952 0.7051
vn -0.1071 0.7358 0.6686
vn -0.3531 0.6979 0.6231
vn -0.5740 0.5850 0.5730
vn -0.7481 0.4082 0.5232
vn -0.8584 0.1848 0.4785
vn -0.8941 -0.0633 0.4434
vn -0.8516 -0.3118 0.4213
vn -0.7352 -0.5365 0.4143
vn -0.5563 -0.7152 0.4232
vn -0.3323 -0.8305 0.4470
vn -0.0851 -0.8712 0.4834
vn 0.1609 -0.8333 0.5290
vn 0.3818 -0.7203 0.5791
vn 0.5559 -0.5435 0.6289
vn 0.6662 -0.3202 0.6736
vn 0.7019 -0.0721 0.7087
vn 0.4430 0.3283 0.8343
vn 0.5447 0.1319 0.8282
vn 0.2866 0.4845 0.8265
vn 0.0908 0.5853 0.8057
vn -0.1252 0.6208 0.7739
vn -0.3402 0.5877 0.7341
vn -0.5333 0.4890 0.6903
vn -0.6855 0.3345 0.6467
vn -0.7818 0.1392 0.6077
vn -0.8130 -0.0776 0.5770
vn -0.7759 -0.2948 0.5577
vn -0.6742 -0.4911 0.5516
vn -0.5178 -0.6473 0.5593
vn -0.3220 -0.7481 0.5802
vn -0.1060 -0.7837 0.6120
vn 0.1090 -0.7505 0.6518
vn 0.3021 -0.6518 0.6956
vn 0.4542 -0.4973 0.7391
vn 0.5506 -0.3021 0.7782
vn 0.5818 -0.0853 0.8088
vn 0.3320 0.2474 0.9103
vn 0.4166 0.0842 0.9052
vn 0.2020 0.3772 0.9038
vn 0.0393 0.4610 0.8865
vn -0.1402 0.4906 0.8600
vn -0.3190 0.4630 0.8270
vn -0.4794 0.3810 0.7906
vn -0.6059 0.2525 0.7544
vn -0.6860 0.0903 0.7219
vn -0.7120 -0.0900 0.6964
vn -0.6811 -0.2705 0.6804
vn -0.5966 -0.4337 0.6753
vn -0.4665 -0.5635 0.6817
vn -0.3038 -0.6473 0.6990
vn -0.1243 -0.6769 0.7255
vn 0.0545 -0.6493 0.7586
vn 0.2149 -0.5673 0.7950
vn 0.3414 -0.4389 0.8312
vn 0.4215 -0.2766 0.8636
vn 0.4474 -0.0963 0.8891
vn 0.2129 0.1604 0.9638
vn 0.2782 0.0344 0.9599
vn 0.1125 0.2607 0.9588
vn -0.0132 0.3254 0.9455
vn -0.1518 0.3482 0.9250
vn -0.2899 0.3269 0.8995
vn -0.4138 0.2636 0.8714
vn -0.5115 0.1644 0.8434
vn -0.5734 0.0391 0.8184
vn -0.5934 -0.1001 0.7987
vn -0.5696 -0.2396 0.7863
vn -0.5043 -0.3656 0.7823
vn -0.4038 -0.4659 0.7873
vn -0.2782 -0.5306 0.8007
vn -0.1395 -0.5534 0.8211
vn -0.0015 -0.5321 0.8467
vn 0.1225 -0.4688 0.8748
vn 0.2202 -0.3696 0.9027
vn 0.2820 -0.2443 0.9278
vn 0.3021 -0.1051 0.9475
vn 0.0886 0.0695 0.9936
vn 0.1331 -0.0163 0.9910
vn 0.0203 0.1378 0.9903
vn -0.0653 0.1818 0.9812
vn -0.1597 0.1974 0.9672
vn -0.2536 0.1828 0.9499
vn -0.3380 0.1397 0.9307
vn -0.4045 0.0722 0.9117
vn -0.4466 -0.0131 0.8946
vn -0.4602 -0.1078 0.8812
vn -0.4440 -0.2027 0.8728
vn -0.3995 -0.2885 0.8701
vn -0.3312 -0.3568 0.8735
vn -0.2457 -0.4008 0.8826
vn -0.1513 -0.4164 0.8965
vn -0.0573 -0.4019 0.9139
vn 0.0270 -0.3588 0.9330
vn 0.0935 -0.2912 0.9521
vn 0.1356 -0.2059 0.9691
vn 0.1493 -0.1112 0.9825
vn -0.0379 -0.0231 0.9990
vn -0.0154 -0.0665 0.9977
vn -0.0725 0.0114 0.9973
vn -0.1158 0.0337 0.9927
vn -0.1636 0.0416 0.9857
vn -0.2111 0.0343 0.9769
vn -0.2538 0.0124 0.9672
vn -0.2875 -0.0217 0.9575
vn -0.3088 -0.0649 0.9489
vn -0.3157 -0.1129 0.9421
vn -0.3075 -0.1609 0.9378
vn -0.2850 -0.2043 0.9365
vn -0.2504 -0.2389 0.9382
vn -0.2071 -0.2612 0.9428
vn -0.1593 -0.2691 0.9499
vn -0.1118 -0.2617 0.9586
vn -0.0691 -0.2399 0.9683
vn -0.0354 -0.2057 0.9780
vn -0.0141 -0.1625 0.9866
vn -0.0072 -0.1146 0.9934
vn 0.1635 0.1151 -0.9798
vn -0.1635 -0.1151 0.9798
vn 0.1635 0.1152 -0.9798
# 383 vertex normals

vt 0.7383 0.4700 0.0000
vt 0.7353 0.4640 0.0000
vt 0.7453 0.4609 0.0000
vt 0.7468 0.4639 0.0000
vt 0.7492 0.4663 0.0000
vt 0.7429 0.4747 0.0000
vt 0.7521 0.4679 0.0000
vt 0.7488 0.4778 0.0000
vt 0.7554 0.4685 0.0000
vt 0.7553 0.4790 0.0000
vt 0.7588 0.4680 0.0000
vt 0.7619 0.4780 0.0000
vt 0.7678 0.4751 0.0000
vt 0.7618 0.4665 0.0000
vt 0.7642 0.4642 0.0000
vt 0.7726 0.4704 0.0000
vt 0.7658 0.4612 0.0000
vt 0.7757 0.4646 0.0000
vt 0.7663 0.4579 0.0000
vt 0.7768 0.4580 0.0000
vt 0.7659 0.4546 0.0000
vt 0.7759 0.4514 0.0000
vt 0.7729 0.4455 0.0000
vt 0.7644 0.4515 0.0000
vt 0.7620 0.4491 0.0000
vt 0.7683 0.4407 0.0000
vt 0.7591 0.4476 0.0000
vt 0.7624 0.4376 0.0000
vt 0.7557 0.4470 0.0000
vt 0.7559 0.4365 0.0000
vt 0.7493 0.4374 0.0000
vt 0.7524 0.4475 0.0000
vt 0.7494 0.4490 0.0000
vt 0.7434 0.4404 0.0000
vt 0.7470 0.4513 0.0000
vt 0.7386 0.4450 0.0000
vt 0.7454 0.4543 0.0000
vt 0.7355 0.4509 0.0000
vt 0.7449 0.4576 0.0000
vt 0.7344 0.4574 0.0000
vt 0.7258 0.4669 0.0000
vt 0.7301 0.4757 0.0000
vt 0.7369 0.4827 0.0000
vt 0.7455 0.4872 0.0000
vt 0.7552 0.4889 0.0000
vt 0.7648 0.4875 0.0000
vt 0.7736 0.4832 0.0000
vt 0.7806 0.4764 0.0000
vt 0.7851 0.4677 0.0000
vt 0.7868 0.4581 0.0000
vt 0.7854 0.4485 0.0000
vt 0.7811 0.4397 0.0000
vt 0.7743 0.4327 0.0000
vt 0.7656 0.4282 0.0000
vt 0.7560 0.4265 0.0000
vt 0.7464 0.4279 0.0000
vt 0.7376 0.4322 0.0000
vt 0.7306 0.4390 0.0000
vt 0.7261 0.4476 0.0000
vt 0.7244 0.4572 0.0000
vt 0.7226 0.4809 0.0000
vt 0.7170 0.4696 0.0000
vt 0.7314 0.4900 0.0000
vt 0.7426 0.4959 0.0000
vt 0.7550 0.4980 0.0000
vt 0.7675 0.4962 0.0000
vt 0.7789 0.4906 0.0000
vt 0.7879 0.4818 0.0000
vt 0.7938 0.4707 0.0000
vt 0.7960 0.4582 0.0000
vt 0.7942 0.4457 0.0000
vt 0.7886 0.4344 0.0000
vt 0.7798 0.4253 0.0000
vt 0.7686 0.4194 0.0000
vt 0.7562 0.4172 0.0000
vt 0.7437 0.4191 0.0000
vt 0.7323 0.4246 0.0000
vt 0.7233 0.4334 0.0000
vt 0.7174 0.4446 0.0000
vt 0.7152 0.4571 0.0000
vt 0.7159 0.4856 0.0000
vt 0.7092 0.4719 0.0000
vt 0.7265 0.4965 0.0000
vt 0.7399 0.5036 0.0000
vt 0.7549 0.5062 0.0000
vt 0.7699 0.5040 0.0000
vt 0.7836 0.4973 0.0000
vt 0.7945 0.4867 0.0000
vt 0.8016 0.4732 0.0000
vt 0.8041 0.4583 0.0000
vt 0.8020 0.4432 0.0000
vt 0.7953 0.4296 0.0000
vt 0.7847 0.4187 0.0000
vt 0.7712 0.4116 0.0000
vt 0.7563 0.4090 0.0000
vt 0.7412 0.4112 0.0000
vt 0.7276 0.4179 0.0000
vt 0.7167 0.4285 0.0000
vt 0.7096 0.4419 0.0000
vt 0.7070 0.4569 0.0000
vt 0.7102 0.4896 0.0000
vt 0.7025 0.4739 0.0000
vt 0.7223 0.5020 0.0000
vt 0.7377 0.5101 0.0000
vt 0.7548 0.5131 0.0000
vt 0.7720 0.5106 0.0000
vt 0.7876 0.5029 0.0000
vt 0.8001 0.4908 0.0000
vt 0.8082 0.4754 0.0000
vt 0.8111 0.4583 0.0000
vt 0.8087 0.4411 0.0000
vt 0.8010 0.4255 0.0000
vt 0.7889 0.4130 0.0000
vt 0.7735 0.4049 0.0000
vt 0.7564 0.4019 0.0000
vt 0.7392 0.4044 0.0000
vt 0.7236 0.4121 0.0000
vt 0.7111 0.4242 0.0000
vt 0.7030 0.4396 0.0000
vt 0.7000 0.4567 0.0000
vt 0.7056 0.4927 0.0000
vt 0.6971 0.4755 0.0000
vt 0.7189 0.5065 0.0000
vt 0.7359 0.5154 0.0000
vt 0.7547 0.5187 0.0000
vt 0.7737 0.5159 0.0000
vt 0.7908 0.5075 0.0000
vt 0.8046 0.4941 0.0000
vt 0.8135 0.4772 0.0000
vt 0.8168 0.4583 0.0000
vt 0.8140 0.4393 0.0000
vt 0.8056 0.4221 0.0000
vt 0.7922 0.4084 0.0000
vt 0.7753 0.3995 0.0000
vt 0.7564 0.3962 0.0000
vt 0.7375 0.3989 0.0000
vt 0.7203 0.4074 0.0000
vt 0.7066 0.4208 0.0000
vt 0.6977 0.4377 0.0000
vt 0.6944 0.4566 0.0000
vt 0.7022 0.4950 0.0000
vt 0.6932 0.4767 0.0000
vt 0.7165 0.5097 0.0000
vt 0.7345 0.5192 0.0000
vt 0.7547 0.5227 0.0000
vt 0.7749 0.5198 0.0000
vt 0.7932 0.5108 0.0000
vt 0.8079 0.4965 0.0000
vt 0.8174 0.4784 0.0000
vt 0.8209 0.4583 0.0000
vt 0.8180 0.4380 0.0000
vt 0.8089 0.4197 0.0000
vt 0.7947 0.4050 0.0000
vt 0.7766 0.3955 0.0000
vt 0.7565 0.3920 0.0000
vt 0.7363 0.3949 0.0000
vt 0.7179 0.4039 0.0000
vt 0.7033 0.4182 0.0000
vt 0.6938 0.4363 0.0000
vt 0.6903 0.4564 0.0000
vt 0.7002 0.4964 0.0000
vt 0.6908 0.4773 0.0000
vt 0.7149 0.5116 0.0000
vt 0.7337 0.5215 0.0000
vt 0.7546 0.5251 0.0000
vt 0.7756 0.5221 0.0000
vt 0.7947 0.5127 0.0000
vt 0.8099 0.4979 0.0000
vt 0.8198 0.4791 0.0000
vt 0.8234 0.4582 0.0000
vt 0.8204 0.4372 0.0000
vt 0.8110 0.4181 0.0000
vt 0.7962 0.4029 0.0000
vt 0.7774 0.3930 0.0000
vt 0.7565 0.3894 0.0000
vt 0.7355 0.3924 0.0000
vt 0.7165 0.4018 0.0000
vt 0.7013 0.4166 0.0000
vt 0.6914 0.4354 0.0000
vt 0.6878 0.4563 0.0000
vt 0.6995 0.4968 0.0000
vt 0.6900 0.4775 0.0000
vt 0.7144 0.5122 0.0000
vt 0.7334 0.5222 0.0000
vt 0.7546 0.5259 0.0000
vt 0.7759 0.5228 0.0000
vt 0.7952 0.5133 0.0000
vt 0.8106 0.4983 0.0000
vt 0.8206 0.4793 0.0000
vt 0.8242 0.4581 0.0000
vt 0.8212 0.4369 0.0000
vt 0.8117 0.4176 0.0000
vt 0.7967 0.4022 0.0000
vt 0.7777 0.3921 0.0000
vt 0.7565 0.3885 0.0000
vt 0.7353 0.3915 0.0000
vt 0.7160 0.4010 0.0000
vt 0.7006 0.4160 0.0000
vt 0.6906 0.4350 0.0000
vt 0.6869 0.4562 0.0000
vt 0.7001 0.4962 0.0000
vt 0.6908 0.4772 0.0000
vt 0.7149 0.5114 0.0000
vt 0.7337 0.5213 0.0000
vt 0.7546 0.5250 0.0000
vt 0.7756 0.5219 0.0000
vt 0.7947 0.5126 0.0000
vt 0.8099 0.4978 0.0000
vt 0.8198 0.4790 0.0000
vt 0.8234 0.4580 0.0000
vt 0.8204 0.4370 0.0000
vt 0.8110 0.4180 0.0000
vt 0.7962 0.4027 0.0000
vt 0.7774 0.3928 0.0000
vt 0.7565 0.3892 0.0000
vt 0.7355 0.3923 0.0000
vt 0.7165 0.4016 0.0000
vt 0.7013 0.4164 0.0000
vt 0.6914 0.4352 0.0000
vt 0.6878 0.4561 0.0000
vt 0.6932 0.4763 0.0000
vt 0.7022 0.4947 0.0000
vt 0.7164 0.5093 0.0000
vt 0.7345 0.5189 0.0000
vt 0.7546 0.5224 0.0000
vt 0.7749 0.5194 0.0000
vt 0.7932 0.5104 0.0000
vt 0.8079 0.4962 0.0000
vt 0.8174 0.4781 0.0000
vt 0.8209 0.4579 0.0000
vt 0.8180 0.4377 0.0000
vt 0.8089 0.4193 0.0000
vt 0.7947 0.4047 0.0000
vt 0.7766 0.3951 0.0000
vt 0.7565 0.3917 0.0000
vt 0.7363 0.3946 0.0000
vt 0.7179 0.4036 0.0000
vt 0.7033 0.4179 0.0000
vt 0.6937 0.4359 0.0000
vt 0.6903 0.4561 0.0000
vt 0.7056 0.4922 0.0000
vt 0.6971 0.4750 0.0000
vt 0.7189 0.5059 0.0000
vt 0.7358 0.5149 0.0000
vt 0.7547 0.5181 0.0000
vt 0.7736 0.5154 0.0000
vt 0.7908 0.5070 0.0000
vt 0.8045 0.4936 0.0000
vt 0.8135 0.4767 0.0000
vt 0.8167 0.4578 0.0000
vt 0.8140 0.4388 0.0000
vt 0.8056 0.4216 0.0000
vt 0.7922 0.4079 0.0000
vt 0.7753 0.3990 0.0000
vt 0.7564 0.3957 0.0000
vt 0.7375 0.3984 0.0000
vt 0.7203 0.4069 0.0000
vt 0.7066 0.4202 0.0000
vt 0.6976 0.4372 0.0000
vt 0.6944 0.4561 0.0000
vt 0.7025 0.4733 0.0000
vt 0.7102 0.4889 0.0000
vt 0.7223 0.5014 0.0000
vt 0.7376 0.5095 0.0000
vt 0.7548 0.5124 0.0000
vt 0.7720 0.5100 0.0000
vt 0.7876 0.5023 0.0000
vt 0.8000 0.4902 0.0000
vt 0.8081 0.4748 0.0000
vt 0.8111 0.4576 0.0000
vt 0.8086 0.4404 0.0000
vt 0.8010 0.4248 0.0000
vt 0.7888 0.4123 0.0000
vt 0.7735 0.4042 0.0000
vt 0.7563 0.4013 0.0000
vt 0.7391 0.4037 0.0000
vt 0.7235 0.4114 0.0000
vt 0.7111 0.4235 0.0000
vt 0.7030 0.4389 0.0000
vt 0.7000 0.4561 0.0000
vt 0.7159 0.4848 0.0000
vt 0.7092 0.4711 0.0000
vt 0.7265 0.4957 0.0000
vt 0.7399 0.5028 0.0000
vt 0.7549 0.5054 0.0000
vt 0.7699 0.5032 0.0000
vt 0.7835 0.4965 0.0000
vt 0.7944 0.4859 0.0000
vt 0.8015 0.4724 0.0000
vt 0.8041 0.4575 0.0000
vt 0.8019 0.4424 0.0000
vt 0.7952 0.4288 0.0000
vt 0.7846 0.4179 0.0000
vt 0.7712 0.4108 0.0000
vt 0.7562 0.4082 0.0000
vt 0.7412 0.4104 0.0000
vt 0.7276 0.4171 0.0000
vt 0.7167 0.4277 0.0000
vt 0.7096 0.4411 0.0000
vt 0.7070 0.4561 0.0000
vt 0.7226 0.4800 0.0000
vt 0.7170 0.4687 0.0000
vt 0.7314 0.4891 0.0000
vt 0.7425 0.4950 0.0000
vt 0.7550 0.4971 0.0000
vt 0.7675 0.4953 0.0000
vt 0.7788 0.4897 0.0000
vt 0.7879 0.4809 0.0000
vt 0.7938 0.4697 0.0000
vt 0.7959 0.4573 0.0000
vt 0.7941 0.4448 0.0000
vt 0.7885 0.4334 0.0000
vt 0.7797 0.4244 0.0000
vt 0.7686 0.4185 0.0000
vt 0.7561 0.4163 0.0000
vt 0.7436 0.4181 0.0000
vt 0.7323 0.4237 0.0000
vt 0.7232 0.4325 0.0000
vt 0.7173 0.4437 0.0000
vt 0.7152 0.4562 0.0000
vt 0.7301 0.4747 0.0000
vt 0.7258 0.4659 0.0000
vt 0.7369 0.4817 0.0000
vt 0.7455 0.4862 0.0000
vt 0.7551 0.4879 0.0000
vt 0.7648 0.4865 0.0000
vt 0.7735 0.4822 0.0000
vt 0.7805 0.4754 0.0000
vt 0.7851 0.4667 0.0000
vt 0.7867 0.4571 0.0000
vt 0.7853 0.4474 0.0000
vt 0.7810 0.4387 0.0000
vt 0.7742 0.4317 0.0000
vt 0.7656 0.4271 0.0000
vt 0.7560 0.4255 0.0000
vt 0.7463 0.4269 0.0000
vt 0.7376 0.4312 0.0000
vt 0.7306 0.4380 0.0000
vt 0.7260 0.4466 0.0000
vt 0.7244 0.4562 0.0000
vt 0.7382 0.4689 0.0000
vt 0.7353 0.4629 0.0000
vt 0.7428 0.4736 0.0000
vt 0.7487 0.4767 0.0000
vt 0.7552 0.4779 0.0000
vt 0.7618 0.4769 0.0000
vt 0.7678 0.4740 0.0000
vt 0.7725 0.4694 0.0000
vt 0.7756 0.4635 0.0000
vt 0.7768 0.4569 0.0000
vt 0.7758 0.4504 0.0000
vt 0.7729 0.4444 0.0000
vt 0.7683 0.4396 0.0000
vt 0.7624 0.4365 0.0000
vt 0.7558 0.4354 0.0000
vt 0.7493 0.4364 0.0000
vt 0.7433 0.4393 0.0000
vt 0.7386 0.4439 0.0000
vt 0.7355 0.4498 0.0000
vt 0.7343 0.4563 0.0000
vt 0.7468 0.4628 0.0000
vt 0.7453 0.4598 0.0000
vt 0.7491 0.4652 0.0000
vt 0.7521 0.4668 0.0000
vt 0.7554 0.4674 0.0000
vt 0.7587 0.4669 0.0000
vt 0.7617 0.4654 0.0000
vt 0.7641 0.4631 0.0000
vt 0.7657 0.4601 0.0000
vt 0.7663 0.4568 0.0000
vt 0.7658 0.4534 0.0000
vt 0.7643 0.4504 0.0000
vt 0.7620 0.4480 0.0000
vt 0.7590 0.4464 0.0000
vt 0.7557 0.4459 0.0000
vt 0.7524 0.4463 0.0000
vt 0.7494 0.4478 0.0000
vt 0.7469 0.4502 0.0000
vt 0.7454 0.4532 0.0000
vt 0.7448 0.4565 0.0000
vt 0.7588 0.4641 0.0000
vt 0.7555 0.4566 0.0000
vt 0.7589 0.4578 0.0000
vt 0.7590 0.4545 0.0000
vt 0.7589 0.4611 0.0000
vt 0.7590 0.4515 0.0000
vt 0.7522 0.4640 0.0000
vt 0.7522 0.4610 0.0000
vt 0.7523 0.4577 0.0000
vt 0.7523 0.4544 0.0000
vt 0.7524 0.4514 0.0000
vt 0.7555 0.4641 0.0000
vt 0.7556 0.4611 0.0000
vt 0.7556 0.4577 0.0000
vt 0.7556 0.4544 0.0000
vt 0.7557 0.4514 0.0000
# 396 texture coords

g Eye_Left_Buterfly
usemtl Buterfly_Fish
s 1
f 1160/1272/1369 1161/1273/1370 1162/1274/1371 1163/1275/1372 
f 1163/1275/1372 1164/1276/1373 1165/1277/1374 1160/1272/1369 
f 1166/1278/1375 1167/1279/1376 1165/1277/1374 1164/1276/1373 
f 1166/1278/1375 1168/1280/1377 1169/1281/1378 1167/1279/1376 
f 1170/1282/1379 1171/1283/1380 1169/1281/1378 1168/1280/1377 
f 1172/1284/1381 1171/1283/1380 1170/1282/1379 1173/1285/1382 
f 1173/1285/1382 1174/1286/1383 1175/1287/1384 1172/1284/1381 
f 1174/1286/1383 1176/1288/1385 1177/1289/1386 1175/1287/1384 
f 1178/1290/1387 1179/1291/1388 1177/1289/1386 1176/1288/1385 
f 1180/1292/1389 1181/1293/1390 1179/1291/1388 1178/1290/1387 
f 1182/1294/1391 1181/1293/1390 1180/1292/1389 1183/1295/1392 
f 1182/1294/1391 1183/1295/1392 1184/1296/1393 1185/1297/1394 
f 1184/1296/1393 1186/1298/1395 1187/1299/1396 1185/1297/1394 
f 1186/1298/1395 1188/1300/1397 1189/1301/1398 1187/1299/1396 
f 1190/1302/1399 1189/1301/1398 1188/1300/1397 1191/1303/1400 
f 1192/1304/1401 1193/1305/1402 1190/1302/1399 1191/1303/1400 
f 1194/1306/1403 1195/1307/1404 1193/1305/1402 1192/1304/1401 
f 1196/1308/1405 1197/1309/1406 1195/1307/1404 1194/1306/1403 
f 1196/1308/1405 1198/1310/1407 1199/1311/1408 1197/1309/1406 
f 1161/1273/1370 1199/1311/1408 1198/1310/1407 1162/1274/1371 
f 1200/1312/1409 1161/1273/1370 1160/1272/1369 1201/1313/1410 
f 1202/1314/1411 1201/1313/1410 1160/1272/1369 1165/1277/1374 
f 1203/1315/1412 1202/1314/1411 1165/1277/1374 1167/1279/1376 
f 1203/1315/1412 1167/1279/1376 1169/1281/1378 1204/1316/1413 
f 1169/1281/1378 1171/1283/1380 1205/1317/1414 1204/1316/1413 
f 1172/1284/1381 1206/1318/1415 1205/1317/1414 1171/1283/1380 
f 1175/1287/1384 1207/1319/1416 1206/1318/1415 1172/1284/1381 
f 1207/1319/1416 1175/1287/1384 1177/1289/1386 1208/1320/1417 
f 1208/1320/1417 1177/1289/1386 1179/1291/1388 1209/1321/1418 
f 1209/1321/1418 1179/1291/1388 1181/1293/1390 1210/1322/1419 
f 1210/1322/1419 1181/1293/1390 1182/1294/1391 1211/1323/1420 
f 1211/1323/1420 1182/1294/1391 1185/1297/1394 1212/1324/1421 
f 1212/1324/1421 1185/1297/1394 1187/1299/1396 1213/1325/1422 
f 1187/1299/1396 1189/1301/1398 1214/1326/1423 1213/1325/1422 
f 1189/1301/1398 1190/1302/1399 1215/1327/1424 1214/1326/1423 
f 1193/1305/1402 1216/1328/1425 1215/1327/1424 1190/1302/1399 
f 1216/1328/1425 1193/1305/1402 1195/1307/1404 1217/1329/1426 
f 1217/1329/1426 1195/1307/1404 1197/1309/1406 1218/1330/1427 
f 1197/1309/1406 1199/1311/1408 1219/1331/1428 1218/1330/1427 
f 1199/1311/1408 1161/1273/1370 1200/1312/1409 1219/1331/1428 
f 1201/1313/1410 1220/1332/1429 1221/1333/1430 1200/1312/1409 
f 1201/1313/1410 1202/1314/1411 1222/1334/1431 1220/1332/1429 
f 1223/1335/1432 1222/1334/1431 1202/1314/1411 1203/1315/1412 
f 1224/1336/1433 1223/1335/1432 1203/1315/1412 1204/1316/1413 
f 1205/1317/1414 1225/1337/1434 1224/1336/1433 1204/1316/1413 
f 1206/1318/1415 1226/1338/1435 1225/1337/1434 1205/1317/1414 
f 1227/1339/1436 1226/1338/1435 1206/1318/1415 1207/1319/1416 
f 1207/1319/1416 1208/1320/1417 1228/1340/1437 1227/1339/1436 
f 1228/1340/1437 1208/1320/1417 1209/1321/1418 1229/1341/1438 
f 1209/1321/1418 1210/1322/1419 1230/1342/1439 1229/1341/1438 
f 1210/1322/1419 1211/1323/1420 1231/1343/1440 1230/1342/1439 
f 1232/1344/1441 1231/1343/1440 1211/1323/1420 1212/1324/1421 
f 1233/1345/1442 1232/1344/1441 1212/1324/1421 1213/1325/1422 
f 1214/1326/1423 1234/1346/1443 1233/1345/1442 1213/1325/1422 
f 1234/1346/1443 1214/1326/1423 1215/1327/1424 1235/1347/1444 
f 1215/1327/1424 1216/1328/1425 1236/1348/1445 1235/1347/1444 
f 1216/1328/1425 1217/1329/1426 1237/1349/1446 1236/1348/1445 
f 1217/1329/1426 1218/1330/1427 1238/1350/1447 1237/1349/1446 
f 1238/1350/1447 1218/1330/1427 1219/1331/1428 1239/1351/1448 
f 1221/1333/1430 1239/1351/1448 1219/1331/1428 1200/1312/1409 
f 1240/1352/1449 1241/1353/1450 1221/1333/1430 1220/1332/1429 
f 1242/1354/1451 1240/1352/1449 1220/1332/1429 1222/1334/1431 
f 1243/1355/1452 1242/1354/1451 1222/1334/1431 1223/1335/1432 
f 1243/1355/1452 1223/1335/1432 1224/1336/1433 1244/1356/1453 
f 1225/1337/1434 1245/1357/1454 1244/1356/1453 1224/1336/1433 
f 1246/1358/1455 1245/1357/1454 1225/1337/1434 1226/1338/1435 
f 1226/1338/1435 1227/1339/1436 1247/1359/1456 1246/1358/1455 
f 1228/1340/1437 1248/1360/1457 1247/1359/1456 1227/1339/1436 
f 1228/1340/1437 1229/1341/1438 1249/1361/1458 1248/1360/1457 
f 1249/1361/1458 1229/1341/1438 1230/1342/1439 1250/1362/1459 
f 1230/1342/1439 1231/1343/1440 1251/1363/1460 1250/1362/1459 
f 1231/1343/1440 1232/1344/1441 1252/1364/1461 1251/1363/1460 
f 1232/1344/1441 1233/1345/1442 1253/1365/1462 1252/1364/1461 
f 1254/1366/1463 1253/1365/1462 1233/1345/1442 1234/1346/1443 
f 1255/1367/1464 1254/1366/1463 1234/1346/1443 1235/1347/1444 
f 1236/1348/1445 1256/1368/1465 1255/1367/1464 1235/1347/1444 
f 1236/1348/1445 1237/1349/1446 1257/1369/1466 1256/1368/1465 
f 1258/1370/1467 1257/1369/1466 1237/1349/1446 1238/1350/1447 
f 1258/1370/1467 1238/1350/1447 1239/1351/1448 1259/1371/1468 
f 1239/1351/1448 1221/1333/1430 1241/1353/1450 1259/1371/1468 
f 1241/1353/1450 1240/1352/1449 1260/1372/1469 1261/1373/1470 
f 1260/1372/1469 1240/1352/1449 1242/1354/1451 1262/1374/1471 
f 1262/1374/1471 1242/1354/1451 1243/1355/1452 1263/1375/1472 
f 1263/1375/1472 1243/1355/1452 1244/1356/1453 1264/1376/1473 
f 1264/1376/1473 1244/1356/1453 1245/1357/1454 1265/1377/1474 
f 1245/1357/1454 1246/1358/1455 1266/1378/1475 1265/1377/1474 
f 1267/1379/1476 1266/1378/1475 1246/1358/1455 1247/1359/1456 
f 1247/1359/1456 1248/1360/1457 1268/1380/1477 1267/1379/1476 
f 1269/1381/1478 1268/1380/1477 1248/1360/1457 1249/1361/1458 
f 1250/1362/1459 1270/1382/1479 1269/1381/1478 1249/1361/1458 
f 1251/1363/1460 1271/1383/1480 1270/1382/1479 1250/1362/1459 
f 1252/1364/1461 1272/1384/1481 1271/1383/1480 1251/1363/1460 
f 1273/1385/1482 1272/1384/1481 1252/1364/1461 1253/1365/1462 
f 1254/1366/1463 1274/1386/1483 1273/1385/1482 1253/1365/1462 
f 1275/1387/1484 1274/1386/1483 1254/1366/1463 1255/1367/1464 
f 1256/1368/1465 1276/1388/1485 1275/1387/1484 1255/1367/1464 
f 1276/1388/1485 1256/1368/1465 1257/1369/1466 1277/1389/1486 
f 1277/1389/1486 1257/1369/1466 1258/1370/1467 1278/1390/1487 
f 1259/1371/1468 1279/1391/1488 1278/1390/1487 1258/1370/1467 
f 1241/1353/1450 1261/1373/1470 1279/1391/1488 1259/1371/1468 
f 1260/1372/1469 1280/1392/1489 1281/1393/1490 1261/1373/1470 
f 1262/1374/1471 1282/1394/1491 1280/1392/1489 1260/1372/1469 
f 1263/1375/1472 1283/1395/1492 1282/1394/1491 1262/1374/1471 
f 1263/1375/1472 1264/1376/1473 1284/1396/1493 1283/1395/1492 
f 1265/1377/1474 1285/1397/1494 1284/1396/1493 1264/1376/1473 
f 1286/1398/1495 1285/1397/1494 1265/1377/1474 1266/1378/1475 
f 1286/1398/1495 1266/1378/1475 1267/1379/1476 1287/1399/1496 
f 1268/1380/1477 1288/1400/1497 1287/1399/1496 1267/1379/1476 
f 1269/1381/1478 1289/1401/1498 1288/1400/1497 1268/1380/1477 
f 1290/1402/1499 1289/1401/1498 1269/1381/1478 1270/1382/1479 
f 1270/1382/1479 1271/1383/1480 1291/1403/1500 1290/1402/1499 
f 1291/1403/1500 1271/1383/1480 1272/1384/1481 1292/1404/1501 
f 1273/1385/1482 1293/1405/1502 1292/1404/1501 1272/1384/1481 
f 1273/1385/1482 1274/1386/1483 1294/1406/1503 1293/1405/1502 
f 1274/1386/1483 1275/1387/1484 1295/1407/1504 1294/1406/1503 
f 1276/1388/1485 1296/1408/1505 1295/1407/1504 1275/1387/1484 
f 1277/1389/1486 1297/1409/1506 1296/1408/1505 1276/1388/1485 
f 1297/1409/1506 1277/1389/1486 1278/1390/1487 1298/1410/1507 
f 1278/1390/1487 1279/1391/1488 1299/1411/1508 1298/1410/1507 
f 1279/1391/1488 1261/1373/1470 1281/1393/1490 1299/1411/1508 
f 1280/1392/1489 1300/1412/1509 1301/1413/1510 1281/1393/1490 
f 1280/1392/1489 1282/1394/1491 1302/1414/1511 1300/1412/1509 
f 1283/1395/1492 1303/1415/1512 1302/1414/1511 1282/1394/1491 
f 1303/1415/1512 1283/1395/1492 1284/1396/1493 1304/1416/1513 
f 1304/1416/1513 1284/1396/1493 1285/1397/1494 1305/1417/1514 
f 1285/1397/1494 1286/1398/1495 1306/1418/1515 1305/1417/1514 
f 1286/1398/1495 1287/1399/1496 1307/1419/1516 1306/1418/1515 
f 1287/1399/1496 1288/1400/1497 1308/1420/1517 1307/1419/1516 
f 1308/1420/1517 1288/1400/1497 1289/1401/1498 1309/1421/1518 
f 1289/1401/1498 1290/1402/1499 1310/1422/1519 1309/1421/1518 
f 1310/1422/1519 1290/1402/1499 1291/1403/1500 1311/1423/1520 
f 1312/1424/1521 1311/1423/1520 1291/1403/1500 1292/1404/1501 
f 1313/1425/1522 1312/1424/1521 1292/1404/1501 1293/1405/1502 
f 1294/1406/1503 1314/1426/1523 1313/1425/1522 1293/1405/1502 
f 1315/1427/1524 1314/1426/1523 1294/1406/1503 1295/1407/1504 
f 1315/1427/1524 1295/1407/1504 1296/1408/1505 1316/1428/1525 
f 1297/1409/1506 1317/1429/1526 1316/1428/1525 1296/1408/1505 
f 1297/1409/1506 1298/1410/1507 1318/1430/1527 1317/1429/1526 
f 1318/1430/1527 1298/1410/1507 1299/1411/1508 1319/1431/1528 
f 1301/1413/1510 1319/1431/1528 1299/1411/1508 1281/1393/1490 
f 1301/1413/1510 1300/1412/1509 1320/1432/1529 1321/1433/1530 
f 1300/1412/1509 1302/1414/1511 1322/1434/1531 1320/1432/1529 
f 1302/1414/1511 1303/1415/1512 1323/1435/1532 1322/1434/1531 
f 1324/1436/1533 1323/1435/1532 1303/1415/1512 1304/1416/1513 
f 1304/1416/1513 1305/1417/1514 1325/1437/1534 1324/1436/1533 
f 1326/1438/1535 1325/1437/1534 1305/1417/1514 1306/1418/1515 
f 1327/1439/1536 1326/1438/1535 1306/1418/1515 1307/1419/1516 
f 1308/1420/1517 1328/1440/1537 1327/1439/1536 1307/1419/1516 
f 1309/1421/1518 1329/1441/1538 1328/1440/1537 1308/1420/1517 
f 1310/1422/1519 1330/1442/1539 1329/1441/1538 1309/1421/1518 
f 1331/1443/1540 1330/1442/1539 1310/1422/1519 1311/1423/1520 
f 1331/1443/1540 1311/1423/1520 1312/1424/1521 1332/1444/1541 
f 1312/1424/1521 1313/1425/1522 1333/1445/1542 1332/1444/1541 
f 1313/1425/1522 1314/1426/1523 1334/1446/1543 1333/1445/1542 
f 1314/1426/1523 1315/1427/1524 1335/1447/1544 1334/1446/1543 
f 1316/1428/1525 1336/1448/1545 1335/1447/1544 1315/1427/1524 
f 1336/1448/1545 1316/1428/1525 1317/1429/1526 1337/1449/1546 
f 1317/1429/1526 1318/1430/1527 1338/1450/1547 1337/1449/1546 
f 1319/1431/1528 1339/1451/1548 1338/1450/1547 1318/1430/1527 
f 1301/1413/1510 1321/1433/1530 1339/1451/1548 1319/1431/1528 
f 1321/1433/1530 1320/1432/1529 1340/1452/1549 1341/1453/1550 
f 1340/1452/1549 1320/1432/1529 1322/1434/1531 1342/1454/1551 
f 1323/1435/1532 1343/1455/1552 1342/1454/1551 1322/1434/1531 
f 1344/1456/1553 1343/1455/1552 1323/1435/1532 1324/1436/1533 
f 1324/1436/1533 1325/1437/1534 1345/1457/1554 1344/1456/1553 
f 1326/1438/1535 1346/1458/1555 1345/1457/1554 1325/1437/1534 
f 1346/1458/1555 1326/1438/1535 1327/1439/1536 1347/1459/1556 
f 1347/1459/1556 1327/1439/1536 1328/1440/1537 1348/1460/1557 
f 1328/1440/1537 1329/1441/1538 1349/1461/1558 1348/1460/1557 
f 1330/1442/1539 1350/1462/1559 1349/1461/1558 1329/1441/1538 
f 1350/1462/1559 1330/1442/1539 1331/1443/1540 1351/1463/1560 
f 1332/1444/1541 1352/1464/1561 1351/1463/1560 1331/1443/1540 
f 1333/1445/1542 1353/1465/1562 1352/1464/1561 1332/1444/1541 
f 1334/1446/1543 1354/1466/1563 1353/1465/1562 1333/1445/1542 
f 1335/1447/1544 1355/1467/1564 1354/1466/1563 1334/1446/1543 
f 1335/1447/1544 1336/1448/1545 1356/1468/1565 1355/1467/1564 
f 1357/1469/1566 1356/1468/1565 1336/1448/1545 1337/1449/1546 
f 1338/1450/1547 1358/1470/1567 1357/1469/1566 1337/1449/1546 
f 1339/1451/1548 1359/1471/1568 1358/1470/1567 1338/1450/1547 
f 1341/1453/1550 1359/1471/1568 1339/1451/1548 1321/1433/1530 
f 1341/1453/1550 1340/1452/1549 1360/1472/1569 1361/1473/1570 
f 1362/1474/1571 1360/1472/1569 1340/1452/1549 1342/1454/1551 
f 1363/1475/1572 1362/1474/1571 1342/1454/1551 1343/1455/1552 
f 1364/1476/1573 1363/1475/1572 1343/1455/1552 1344/1456/1553 
f 1365/1477/1574 1364/1476/1573 1344/1456/1553 1345/1457/1554 
f 1366/1478/1575 1365/1477/1574 1345/1457/1554 1346/1458/1555 
f 1367/1479/1576 1366/1478/1575 1346/1458/1555 1347/1459/1556 
f 1367/1479/1576 1347/1459/1556 1348/1460/1557 1368/1480/1577 
f 1369/1481/1578 1368/1480/1577 1348/1460/1557 1349/1461/1558 
f 1370/1482/1579 1369/1481/1578 1349/1461/1558 1350/1462/1559 
f 1371/1483/1580 1370/1482/1579 1350/1462/1559 1351/1463/1560 
f 1372/1484/1581 1371/1483/1580 1351/1463/1560 1352/1464/1561 
f 1373/1485/1582 1372/1484/1581 1352/1464/1561 1353/1465/1562 
f 1374/1486/1583 1373/1485/1582 1353/1465/1562 1354/1466/1563 
f 1354/1466/1563 1355/1467/1564 1375/1487/1584 1374/1486/1583 
f 1375/1487/1584 1355/1467/1564 1356/1468/1565 1376/1488/1585 
f 1356/1468/1565 1357/1469/1566 1377/1489/1586 1376/1488/1585 
f 1378/1490/1587 1377/1489/1586 1357/1469/1566 1358/1470/1567 
f 1358/1470/1567 1359/1471/1568 1379/1491/1588 1378/1490/1587 
f 1361/1473/1570 1379/1491/1588 1359/1471/1568 1341/1453/1550 
f 1380/1492/1589 1361/1473/1570 1360/1472/1569 1381/1493/1590 
f 1360/1472/1569 1362/1474/1571 1382/1494/1591 1381/1493/1590 
f 1362/1474/1571 1363/1475/1572 1383/1495/1592 1382/1494/1591 
f 1383/1495/1592 1363/1475/1572 1364/1476/1573 1384/1496/1593 
f 1364/1476/1573 1365/1477/1574 1385/1497/1594 1384/1496/1593 
f 1386/1498/1595 1385/1497/1594 1365/1477/1574 1366/1478/1575 
f 1387/1499/1596 1386/1498/1595 1366/1478/1575 1367/1479/1576 
f 1388/1500/1597 1387/1499/1596 1367/1479/1576 1368/1480/1577 
f 1369/1481/1578 1389/1501/1598 1388/1500/1597 1368/1480/1577 
f 1389/1501/1598 1369/1481/1578 1370/1482/1579 1390/1502/1599 
f 1391/1503/1600 1390/1502/1599 1370/1482/1579 1371/1483/1580 
f 1371/1483/1580 1372/1484/1581 1392/1504/1601 1391/1503/1600 
f 1392/1504/1601 1372/1484/1581 1373/1485/1582 1393/1505/1602 
f 1373/1485/1582 1374/1486/1583 1394/1506/1603 1393/1505/1602 
f 1394/1506/1603 1374/1486/1583 1375/1487/1584 1395/1507/1604 
f 1376/1488/1585 1396/1508/1605 1395/1507/1604 1375/1487/1584 
f 1397/1509/1606 1396/1508/1605 1376/1488/1585 1377/1489/1586 
f 1398/1510/1607 1397/1509/1606 1377/1489/1586 1378/1490/1587 
f 1399/1511/1608 1398/1510/1607 1378/1490/1587 1379/1491/1588 
f 1379/1491/1588 1361/1473/1570 1380/1492/1589 1399/1511/1608 
f 1400/1512/1609 1401/1513/1610 1380/1492/1589 1381/1493/1590 
f 1400/1512/1609 1381/1493/1590 1382/1494/1591 1402/1514/1611 
f 1402/1514/1611 1382/1494/1591 1383/1495/1592 1403/1515/1612 
f 1384/1496/1593 1404/1516/1613 1403/1515/1612 1383/1495/1592 
f 1405/1517/1614 1404/1516/1613 1384/1496/1593 1385/1497/1594 
f 1406/1518/1615 1405/1517/1614 1385/1497/1594 1386/1498/1595 
f 1386/1498/1595 1387/1499/1596 1407/1519/1616 1406/1518/1615 
f 1407/1519/1616 1387/1499/1596 1388/1500/1597 1408/1520/1617 
f 1408/1520/1617 1388/1500/1597 1389/1501/1598 1409/1521/1618 
f 1409/1521/1618 1389/1501/1598 1390/1502/1599 1410/1522/1619 
f 1411/1523/1620 1410/1522/1619 1390/1502/1599 1391/1503/1600 
f 1412/1524/1621 1411/1523/1620 1391/1503/1600 1392/1504/1601 
f 1392/1504/1601 1393/1505/1602 1413/1525/1622 1412/1524/1621 
f 1414/1526/1623 1413/1525/1622 1393/1505/1602 1394/1506/1603 
f 1414/1526/1623 1394/1506/1603 1395/1507/1604 1415/1527/1624 
f 1415/1527/1624 1395/1507/1604 1396/1508/1605 1416/1528/1625 
f 1397/1509/1606 1417/1529/1626 1416/1528/1625 1396/1508/1605 
f 1417/1529/1626 1397/1509/1606 1398/1510/1607 1418/1530/1627 
f 1419/1531/1628 1418/1530/1627 1398/1510/1607 1399/1511/1608 
f 1419/1531/1628 1399/1511/1608 1380/1492/1589 1401/1513/1610 
f 1420/1532/1629 1401/1513/1610 1400/1512/1609 1421/1533/1630 
f 1421/1533/1630 1400/1512/1609 1402/1514/1611 1422/1534/1631 
f 1422/1534/1631 1402/1514/1611 1403/1515/1612 1423/1535/1632 
f 1424/1536/1633 1423/1535/1632 1403/1515/1612 1404/1516/1613 
f 1425/1537/1634 1424/1536/1633 1404/1516/1613 1405/1517/1614 
f 1405/1517/1614 1406/1518/1615 1426/1538/1635 1425/1537/1634 
f 1426/1538/1635 1406/1518/1615 1407/1519/1616 1427/1539/1636 
f 1407/1519/1616 1408/1520/1617 1428/1540/1637 1427/1539/1636 
f 1408/1520/1617 1409/1521/1618 1429/1541/1638 1428/1540/1637 
f 1429/1541/1638 1409/1521/1618 1410/1522/1619 1430/1542/1639 
f 1410/1522/1619 1411/1523/1620 1431/1543/1640 1430/1542/1639 
f 1432/1544/1641 1431/1543/1640 1411/1523/1620 1412/1524/1621 
f 1413/1525/1622 1433/1545/1642 1432/1544/1641 1412/1524/1621 
f 1413/1525/1622 1414/1526/1623 1434/1546/1643 1433/1545/1642 
f 1435/1547/1644 1434/1546/1643 1414/1526/1623 1415/1527/1624 
f 1416/1528/1625 1436/1548/1645 1435/1547/1644 1415/1527/1624 
f 1416/1528/1625 1417/1529/1626 1437/1549/1646 1436/1548/1645 
f 1437/1549/1646 1417/1529/1626 1418/1530/1627 1438/1550/1647 
f 1438/1550/1647 1418/1530/1627 1419/1531/1628 1439/1551/1648 
f 1401/1513/1610 1420/1532/1629 1439/1551/1648 1419/1531/1628 
f 1440/1552/1649 1441/1553/1650 1420/1532/1629 1421/1533/1630 
f 1442/1554/1651 1440/1552/1649 1421/1533/1630 1422/1534/1631 
f 1423/1535/1632 1443/1555/1652 1442/1554/1651 1422/1534/1631 
f 1444/1556/1653 1443/1555/1652 1423/1535/1632 1424/1536/1633 
f 1444/1556/1653 1424/1536/1633 1425/1537/1634 1445/1557/1654 
f 1445/1557/1654 1425/1537/1634 1426/1538/1635 1446/1558/1655 
f 1427/1539/1636 1447/1559/1656 1446/1558/1655 1426/1538/1635 
f 1428/1540/1637 1448/1560/1657 1447/1559/1656 1427/1539/1636 
f 1448/1560/1657 1428/1540/1637 1429/1541/1638 1449/1561/1658 
f 1449/1561/1658 1429/1541/1638 1430/1542/1639 1450/1562/1659 
f 1450/1562/1659 1430/1542/1639 1431/1543/1640 1451/1563/1660 
f 1432/1544/1641 1452/1564/1661 1451/1563/1660 1431/1543/1640 
f 1433/1545/1642 1453/1565/1662 1452/1564/1661 1432/1544/1641 
f 1434/1546/1643 1454/1566/1663 1453/1565/1662 1433/1545/1642 
f 1435/1547/1644 1455/1567/1664 1454/1566/1663 1434/1546/1643 
f 1455/1567/1664 1435/1547/1644 1436/1548/1645 1456/1568/1665 
f 1437/1549/1646 1457/1569/1666 1456/1568/1665 1436/1548/1645 
f 1457/1569/1666 1437/1549/1646 1438/1550/1647 1458/1570/1667 
f 1438/1550/1647 1439/1551/1648 1459/1571/1668 1458/1570/1667 
f 1420/1532/1629 1441/1553/1650 1459/1571/1668 1439/1551/1648 
f 1440/1552/1649 1460/1572/1669 1461/1573/1670 1441/1553/1650 
f 1440/1552/1649 1442/1554/1651 1462/1574/1671 1460/1572/1669 
f 1462/1574/1671 1442/1554/1651 1443/1555/1652 1463/1575/1672 
f 1464/1576/1673 1463/1575/1672 1443/1555/1652 1444/1556/1653 
f 1464/1576/1673 1444/1556/1653 1445/1557/1654 1465/1577/1674 
f 1446/1558/1655 1466/1578/1675 1465/1577/1674 1445/1557/1654 
f 1467/1579/1676 1466/1578/1675 1446/1558/1655 1447/1559/1656 
f 1447/1559/1656 1448/1560/1657 1468/1580/1677 1467/1579/1676 
f 1468/1580/1677 1448/1560/1657 1449/1561/1658 1469/1581/1678 
f 1470/1582/1679 1469/1581/1678 1449/1561/1658 1450/1562/1659 
f 1470/1582/1679 1450/1562/1659 1451/1563/1660 1471/1583/1680 
f 1471/1583/1680 1451/1563/1660 1452/1564/1661 1472/1584/1681 
f 1472/1584/1681 1452/1564/1661 1453/1565/1662 1473/1585/1682 
f 1473/1585/1682 1453/1565/1662 1454/1566/1663 1474/1586/1683 
f 1475/1587/1684 1474/1586/1683 1454/1566/1663 1455/1567/1664 
f 1455/1567/1664 1456/1568/1665 1476/1588/1685 1475/1587/1684 
f 1477/1589/1686 1476/1588/1685 1456/1568/1665 1457/1569/1666 
f 1458/1570/1667 1478/1590/1687 1477/1589/1686 1457/1569/1666 
f 1459/1571/1668 1479/1591/1688 1478/1590/1687 1458/1570/1667 
f 1459/1571/1668 1441/1553/1650 1461/1573/1670 1479/1591/1688 
f 1461/1573/1670 1460/1572/1669 1480/1592/1689 1481/1593/1690 
f 1480/1592/1689 1460/1572/1669 1462/1574/1671 1482/1594/1691 
f 1463/1575/1672 1483/1595/1692 1482/1594/1691 1462/1574/1671 
f 1484/1596/1693 1483/1595/1692 1463/1575/1672 1464/1576/1673 
f 1464/1576/1673 1465/1577/1674 1485/1597/1694 1484/1596/1693 
f 1465/1577/1674 1466/1578/1675 1486/1598/1695 1485/1597/1694 
f 1486/1598/1695 1466/1578/1675 1467/1579/1676 1487/1599/1696 
f 1467/1579/1676 1468/1580/1677 1488/1600/1697 1487/1599/1696 
f 1488/1600/1697 1468/1580/1677 1469/1581/1678 1489/1601/1698 
f 1469/1581/1678 1470/1582/1679 1490/1602/1699 1489/1601/1698 
f 1471/1583/1680 1491/1603/1700 1490/1602/1699 1470/1582/1679 
f 1472/1584/1681 1492/1604/1701 1491/1603/1700 1471/1583/1680 
f 1492/1604/1701 1472/1584/1681 1473/1585/1682 1493/1605/1702 
f 1473/1585/1682 1474/1586/1683 1494/1606/1703 1493/1605/1702 
f 1495/1607/1704 1494/1606/1703 1474/1586/1683 1475/1587/1684 
f 1476/1588/1685 1496/1608/1705 1495/1607/1704 1475/1587/1684 
f 1477/1589/1686 1497/1609/1706 1496/1608/1705 1476/1588/1685 
f 1497/1609/1706 1477/1589/1686 1478/1590/1687 1498/1610/1707 
f 1498/1610/1707 1478/1590/1687 1479/1591/1688 1499/1611/1708 
f 1499/1611/1708 1479/1591/1688 1461/1573/1670 1481/1593/1690 
f 1480/1592/1689 1500/1612/1709 1501/1613/1710 1481/1593/1690 
f 1480/1592/1689 1482/1594/1691 1502/1614/1711 1500/1612/1709 
f 1483/1595/1692 1503/1615/1712 1502/1614/1711 1482/1594/1691 
f 1503/1615/1712 1483/1595/1692 1484/1596/1693 1504/1616/1713 
f 1485/1597/1694 1505/1617/1714 1504/1616/1713 1484/1596/1693 
f 1486/1598/1695 1506/1618/1715 1505/1617/1714 1485/1597/1694 
f 1486/1598/1695 1487/1599/1696 1507/1619/1716 1506/1618/1715 
f 1488/1600/1697 1508/1620/1717 1507/1619/1716 1487/1599/1696 
f 1488/1600/1697 1489/1601/1698 1509/1621/1718 1508/1620/1717 
f 1510/1622/1719 1509/1621/1718 1489/1601/1698 1490/1602/1699 
f 1511/1623/1720 1510/1622/1719 1490/1602/1699 1491/1603/1700 
f 1512/1624/1721 1511/1623/1720 1491/1603/1700 1492/1604/1701 
f 1493/1605/1702 1513/1625/1722 1512/1624/1721 1492/1604/1701 
f 1513/1625/1722 1493/1605/1702 1494/1606/1703 1514/1626/1723 
f 1494/1606/1703 1495/1607/1704 1515/1627/1724 1514/1626/1723 
f 1516/1628/1725 1515/1627/1724 1495/1607/1704 1496/1608/1705 
f 1496/1608/1705 1497/1609/1706 1517/1629/1726 1516/1628/1725 
f 1518/1630/1727 1517/1629/1726 1497/1609/1706 1498/1610/1707 
f 1519/1631/1728 1518/1630/1727 1498/1610/1707 1499/1611/1708 
f 1481/1593/1690 1501/1613/1710 1519/1631/1728 1499/1611/1708 
f 1500/1612/1709 1520/1632/1729 1521/1633/1730 1501/1613/1710 
f 1520/1632/1729 1500/1612/1709 1502/1614/1711 1522/1634/1731 
f 1522/1634/1731 1502/1614/1711 1503/1615/1712 1523/1635/1732 
f 1503/1615/1712 1504/1616/1713 1524/1636/1733 1523/1635/1732 
f 1524/1636/1733 1504/1616/1713 1505/1617/1714 1525/1637/1734 
f 1505/1617/1714 1506/1618/1715 1526/1638/1735 1525/1637/1734 
f 1506/1618/1715 1507/1619/1716 1527/1639/1736 1526/1638/1735 
f 1508/1620/1717 1528/1640/1737 1527/1639/1736 1507/1619/1716 
f 1529/1641/1738 1528/1640/1737 1508/1620/1717 1509/1621/1718 
f 1509/1621/1718 1510/1622/1719 1530/1642/1739 1529/1641/1738 
f 1530/1642/1739 1510/1622/1719 1511/1623/1720 1531/1643/1740 
f 1532/1644/1741 1531/1643/1740 1511/1623/1720 1512/1624/1721 
f 1533/1645/1742 1532/1644/1741 1512/1624/1721 1513/1625/1722 
f 1514/1626/1723 1534/1646/1743 1533/1645/1742 1513/1625/1722 
f 1535/1647/1744 1534/1646/1743 1514/1626/1723 1515/1627/1724 
f 1515/1627/1724 1516/1628/1725 1536/1648/1745 1535/1647/1744 
f 1516/1628/1725 1517/1629/1726 1537/1649/1746 1536/1648/1745 
f 1538/1650/1747 1537/1649/1746 1517/1629/1726 1518/1630/1727 
f 1538/1650/1747 1518/1630/1727 1519/1631/1728 1539/1651/1748 
f 1519/1631/1728 1501/1613/1710 1521/1633/1730 1539/1651/1748 
f 1173/1285/1749 1170/1282/1749 1540/1652/1749 1174/1286/1749 
f 1521/1633/1730 1520/1632/1729 1541/1653/1750 
f 1520/1632/1729 1522/1634/1731 1541/1653/1750 
f 1522/1634/1731 1523/1635/1732 1541/1653/1750 
f 1523/1635/1732 1524/1636/1733 1541/1653/1750 
f 1524/1636/1733 1525/1637/1734 1541/1653/1750 
f 1525/1637/1734 1526/1638/1735 1541/1653/1750 
f 1526/1638/1735 1527/1639/1736 1541/1653/1750 
f 1527/1639/1736 1528/1640/1737 1541/1653/1750 
f 1528/1640/1737 1529/1641/1738 1541/1653/1750 
f 1529/1641/1738 1530/1642/1739 1541/1653/1750 
f 1530/1642/1739 1531/1643/1740 1541/1653/1750 
f 1531/1643/1740 1532/1644/1741 1541/1653/1750 
f 1532/1644/1741 1533/1645/1742 1541/1653/1750 
f 1533/1645/1742 1534/1646/1743 1541/1653/1750 
f 1534/1646/1743 1535/1647/1744 1541/1653/1750 
f 1535/1647/1744 1536/1648/1745 1541/1653/1750 
f 1536/1648/1745 1537/1649/1746 1541/1653/1750 
f 1537/1649/1746 1538/1650/1747 1541/1653/1750 
f 1538/1650/1747 1539/1651/1748 1541/1653/1750 
f 1539/1651/1748 1521/1633/1730 1541/1653/1750 
f 1180/1292/1749 1178/1290/1749 1542/1654/1749 1543/1655/1749 
f 1176/1288/1749 1544/1656/1749 1542/1654/1749 1178/1290/1749 
f 1186/1298/1749 1184/1296/1749 1183/1295/1749 1545/1657/1749 
f 1183/1295/1749 1180/1292/1749 1543/1655/1749 1545/1657/1749 
f 1544/1656/1749 1176/1288/1749 1174/1286/1749 1540/1652/1749 
f 1164/1276/1749 1163/1275/1749 1546/1658/1749 1166/1278/1749 
f 1163/1275/1749 1162/1274/1749 1547/1659/1749 1546/1658/1749 
f 1162/1274/1749 1198/1310/1749 1548/1660/1749 1547/1659/1749 
f 1548/1660/1749 1198/1310/1749 1196/1308/1749 1549/1661/1749 
f 1549/1661/1749 1196/1308/1749 1194/1306/1749 1550/1662/1749 
f 1194/1306/1749 1192/1304/1751 1191/1303/1751 1550/1662/1749 
f 1166/1278/1749 1546/1658/1749 1551/1663/1749 1168/1280/1749 
f 1546/1658/1749 1547/1659/1749 1552/1664/1749 1551/1663/1749 
f 1547/1659/1749 1548/1660/1749 1553/1665/1749 1552/1664/1749 
f 1548/1660/1749 1549/1661/1749 1554/1666/1749 1553/1665/1749 
f 1549/1661/1749 1550/1662/1749 1555/1667/1749 1554/1666/1749 
f 1555/1667/1749 1550/1662/1749 1191/1303/1751 1188/1300/1751 
f 1170/1282/1749 1168/1280/1749 1551/1663/1749 1540/1652/1749 
f 1551/1663/1749 1552/1664/1749 1544/1656/1749 1540/1652/1749 
f 1552/1664/1749 1553/1665/1749 1542/1654/1749 1544/1656/1749 
f 1553/1665/1749 1554/1666/1749 1543/1655/1749 1542/1654/1749 
f 1554/1666/1749 1555/1667/1749 1545/1657/1749 1543/1655/1749 
f 1186/1298/1749 1545/1657/1749 1555/1667/1749 1188/1300/1751 
# 384 polygons - 20 triangles

#
# object Eye_Right_Buterfly
#

v  197.9667 -6.5144 -18.4873
v  198.3286 -7.2200 -18.4818
v  197.1110 -7.6253 -18.5805
v  196.9277 -7.2681 -18.5832
v  196.6445 -6.9842 -18.5658
v  197.4071 -5.9535 -18.4529
v  196.2889 -6.8012 -18.5300
v  196.7048 -5.5922 -18.3822
v  195.8959 -6.7373 -18.4792
v  195.9283 -5.4658 -18.2819
v  195.5038 -6.7985 -18.4186
v  195.1538 -5.5868 -18.1620
v  194.4571 -5.9432 -18.0342
v  195.1511 -6.9789 -18.3538
v  194.8722 -7.2609 -18.2915
v  193.9062 -6.5002 -17.9110
v  194.6945 -7.6168 -18.2375
v  193.5552 -7.2033 -17.8044
v  194.6354 -8.0119 -18.1972
v  193.4385 -7.9836 -17.7248
v  194.7007 -8.4073 -18.1746
v  193.5674 -8.7648 -17.6802
v  193.9293 -9.4704 -17.6748
v  194.8839 -8.7645 -18.1719
v  195.1672 -9.0485 -18.1893
v  194.4889 -10.0313 -17.7091
v  195.5227 -9.2314 -18.2251
v  195.1912 -10.3926 -17.7799
v  195.9158 -9.2954 -18.2758
v  195.9676 -10.5190 -17.8801
v  196.7422 -10.3981 -18.0000
v  196.3079 -9.2341 -18.3365
v  196.6606 -9.0537 -18.4012
v  197.4389 -10.0416 -18.1278
v  196.9394 -8.7717 -18.4636
v  197.9897 -9.4846 -18.2511
v  197.1171 -8.4158 -18.5176
v  198.3407 -8.7815 -18.3577
v  197.1762 -8.0208 -18.5578
v  198.4575 -8.0012 -18.4372
v  199.5146 -6.8185 -18.1838
v  198.9828 -5.7818 -18.1918
v  198.1608 -4.9578 -18.1413
v  197.1289 -4.4269 -18.0373
v  195.9882 -4.2413 -17.8901
v  194.8504 -4.4190 -17.7139
v  193.8267 -4.9426 -17.5262
v  193.0175 -5.7609 -17.3451
v  192.5018 -6.7939 -17.1885
v  192.3303 -7.9403 -17.0717
v  192.5197 -9.0880 -17.0061
v  193.0514 -10.1246 -16.9981
v  193.8734 -10.9486 -17.0486
v  194.9053 -11.4795 -17.1525
v  196.0460 -11.6651 -17.2997
v  197.1839 -11.4875 -17.4759
v  198.2075 -10.9638 -17.6637
v  199.0168 -10.1455 -17.8448
v  199.5324 -9.1126 -18.0014
v  199.7039 -7.9661 -18.1182
v  199.9512 -5.0884 -17.7039
v  200.6396 -6.4305 -17.6936
v  198.8869 -4.0215 -17.6386
v  197.5510 -3.3342 -17.5040
v  196.0741 -3.0938 -17.3134
v  194.6009 -3.3239 -17.0853
v  193.2756 -4.0018 -16.8422
v  192.2278 -5.0613 -16.6078
v  191.5602 -6.3987 -16.4050
v  191.3382 -7.8830 -16.2538
v  191.5833 -9.3689 -16.1688
v  192.2718 -10.7110 -16.1585
v  193.3361 -11.7779 -16.2238
v  194.6720 -12.4652 -16.3584
v  196.1489 -12.7056 -16.5491
v  197.6221 -12.4755 -16.7771
v  198.9474 -11.7976 -17.0203
v  199.9952 -10.7381 -17.2547
v  200.6628 -9.4007 -17.4574
v  200.8848 -7.9164 -17.6087
v  200.8480 -4.4512 -17.0359
v  201.6762 -6.0658 -17.0235
v  199.5677 -3.1677 -16.9573
v  197.9605 -2.3409 -16.7954
v  196.1838 -2.0517 -16.5660
v  194.4116 -2.3285 -16.2917
v  192.8172 -3.1440 -15.9992
v  191.5567 -4.4186 -15.7172
v  190.7537 -6.0275 -15.4732
v  190.4865 -7.8131 -15.2913
v  190.7814 -9.6006 -15.1891
v  191.6096 -11.2152 -15.1767
v  192.8899 -12.4987 -15.2553
v  194.4971 -13.3255 -15.4172
v  196.2738 -13.6147 -15.6465
v  198.0461 -13.3379 -15.9209
v  199.6405 -12.5223 -16.2134
v  200.9009 -11.2477 -16.4954
v  201.7040 -9.6389 -16.7393
v  201.9711 -7.8533 -16.9213
v  201.6511 -3.8859 -16.2039
v  202.5986 -5.7332 -16.1897
v  200.1862 -2.4174 -16.1140
v  198.3474 -1.4715 -15.9288
v  196.3147 -1.1406 -15.6664
v  194.2870 -1.4572 -15.3525
v  192.4628 -2.3903 -15.0178
v  191.0208 -3.8486 -14.6952
v  190.1019 -5.6893 -14.4161
v  189.7962 -7.7323 -14.2079
v  190.1337 -9.7775 -14.0910
v  191.0812 -11.6247 -14.0768
v  192.5461 -13.0932 -14.1668
v  194.3849 -14.0392 -14.3520
v  196.4176 -14.3700 -14.6144
v  198.4453 -14.0534 -14.9283
v  200.2695 -13.1203 -15.2629
v  201.7116 -11.6620 -15.5856
v  202.6304 -9.8213 -15.8647
v  202.9361 -7.7783 -16.0728
v  202.3407 -3.4064 -15.2287
v  203.3843 -5.4409 -15.2130
v  200.7274 -1.7891 -15.1297
v  198.7023 -0.7473 -14.9257
v  196.4635 -0.3829 -14.6367
v  194.2303 -0.7316 -14.2910
v  192.2213 -1.7593 -13.9224
v  190.6331 -3.3654 -13.5670
v  189.6211 -5.3926 -13.2597
v  189.2845 -7.6426 -13.0304
v  189.6561 -9.8951 -12.9016
v  190.6997 -11.9295 -12.8860
v  192.3130 -13.5468 -12.9850
v  194.3381 -14.5887 -13.1890
v  196.5769 -14.9531 -13.4780
v  198.8101 -14.6044 -13.8237
v  200.8191 -13.5767 -14.1923
v  202.4073 -11.9706 -14.5477
v  203.4193 -9.9433 -14.8550
v  203.7559 -7.6934 -15.0843
v  202.8999 -3.0246 -14.1341
v  204.0138 -5.1962 -14.1174
v  201.1779 -1.2983 -14.0284
v  199.0162 -0.1863 -13.8106
v  196.6266 0.2027 -13.5022
v  194.2429 -0.1695 -13.1332
v  192.0984 -1.2665 -12.7398
v  190.4032 -2.9808 -12.3605
v  189.3230 -5.1447 -12.0324
v  188.9637 -7.5463 -11.7876
v  189.3604 -9.9505 -11.6502
v  190.4743 -12.1221 -11.6335
v  192.1963 -13.8484 -11.7392
v  194.3580 -14.9605 -11.9570
v  196.7476 -15.3494 -12.2654
v  199.1313 -14.9772 -12.6344
v  201.2757 -13.8802 -13.0278
v  202.9710 -12.1659 -13.4072
v  204.0512 -10.0021 -13.7352
v  204.4105 -7.6004 -13.9800
v  203.3148 -2.7498 -12.9471
v  204.4716 -5.0050 -12.9298
v  201.5265 -0.9570 -12.8373
v  199.2816 0.1979 -12.6112
v  196.7999 0.6018 -12.2908
v  194.3244 0.2152 -11.9076
v  192.0974 -0.9240 -11.4991
v  190.3368 -2.7043 -11.1052
v  189.2150 -4.9515 -10.7644
v  188.8418 -7.4457 -10.5103
v  189.2538 -9.9425 -10.3676
v  190.4106 -12.1977 -10.3502
v  192.1990 -13.9905 -10.4600
v  194.4439 -15.1454 -10.6861
v  196.9256 -15.5494 -11.0065
v  199.4011 -15.1628 -11.3897
v  201.6281 -14.0236 -11.7983
v  203.3887 -12.2432 -12.1922
v  204.5105 -9.9960 -12.5329
v  204.8836 -7.5019 -12.7871
v  203.5753 -2.5888 -11.6970
v  204.7466 -4.8722 -11.6794
v  201.7647 -0.7737 -11.5858
v  199.4918 0.3956 -11.3569
v  196.9792 0.8046 -11.0325
v  194.4728 0.4132 -10.6445
v  192.2180 -0.7402 -10.2309
v  190.4355 -2.5428 -9.8321
v  189.2997 -4.8180 -9.4871
v  188.9220 -7.3432 -9.2298
v  189.3391 -9.8712 -9.0853
v  190.5103 -12.1545 -9.0677
v  192.3210 -13.9697 -9.1789
v  194.5938 -15.1390 -9.4078
v  197.1064 -15.5479 -9.7322
v  199.6128 -15.1566 -10.1202
v  201.8676 -14.0031 -10.5338
v  203.6501 -12.2006 -10.9326
v  204.7859 -9.9254 -11.2776
v  205.1637 -7.4002 -11.5349
v  203.6750 -2.5456 -10.4145
v  204.8318 -4.8008 -10.3972
v  201.8866 -0.7528 -10.3047
v  199.6417 0.4021 -10.0786
v  197.1601 0.8060 -9.7582
v  194.6845 0.4194 -9.3750
v  192.4575 -0.7198 -8.9665
v  190.6969 -2.5001 -8.5725
v  189.5752 -4.7473 -8.2318
v  189.2020 -7.2415 -7.9777
v  189.6140 -9.7383 -7.8349
v  190.7708 -11.9935 -7.8176
v  192.5592 -13.7863 -7.9274
v  194.8041 -14.9412 -8.1535
v  197.2857 -15.3452 -8.4739
v  199.7613 -14.9586 -8.8571
v  201.9883 -13.8194 -9.2656
v  203.7489 -12.0390 -9.6596
v  204.8706 -9.7918 -10.0003
v  205.2438 -7.2977 -10.2544
v  204.7253 -4.7928 -9.1145
v  203.6114 -2.6212 -9.1312
v  201.8893 -0.8949 -9.0255
v  199.7277 0.2171 -8.8077
v  197.3380 0.6061 -8.4993
v  194.9543 0.2339 -8.1303
v  192.8099 -0.8631 -7.7369
v  191.1146 -2.5774 -7.3576
v  190.0345 -4.7413 -7.0295
v  189.6752 -7.1429 -6.7847
v  190.0719 -9.5472 -6.6473
v  191.1857 -11.7187 -6.6306
v  192.9078 -13.4451 -6.7363
v  195.0694 -14.5571 -6.9541
v  197.4590 -14.9461 -7.2626
v  199.8427 -14.5739 -7.6315
v  201.9872 -13.4769 -8.0250
v  203.6825 -11.7626 -8.4043
v  204.7626 -9.5987 -8.7323
v  205.1219 -7.1971 -8.9771
v  203.3860 -2.8138 -7.8787
v  204.4295 -4.8483 -7.8631
v  201.7726 -1.1965 -7.7797
v  199.7475 -0.1547 -7.5757
v  197.5088 0.2097 -7.2867
v  195.2756 -0.1390 -6.9410
v  193.2665 -1.1667 -6.5724
v  191.6783 -2.7728 -6.2171
v  190.6663 -4.8000 -5.9097
v  190.3297 -7.0500 -5.6804
v  190.7014 -9.3025 -5.5517
v  191.7449 -11.3369 -5.5360
v  193.3582 -12.9542 -5.6351
v  195.3834 -13.9961 -5.8391
v  197.6221 -14.3605 -6.1281
v  199.8553 -14.0117 -6.4738
v  201.8644 -12.9841 -6.8423
v  203.4526 -11.3780 -7.1977
v  204.4646 -9.3507 -7.5050
v  204.8012 -7.1008 -7.7343
v  203.9519 -4.9659 -6.6737
v  203.0044 -3.1187 -6.6879
v  201.5395 -1.6502 -6.5980
v  199.7007 -0.7042 -6.4127
v  197.6680 -0.3733 -6.1503
v  195.6403 -0.6900 -5.8365
v  193.8161 -1.6231 -5.5018
v  192.3740 -3.0814 -5.1791
v  191.4552 -4.9221 -4.9001
v  191.1495 -6.9650 -4.6919
v  191.4870 -9.0102 -4.5750
v  192.4345 -10.8574 -4.5608
v  193.8994 -12.3259 -4.6507
v  195.7382 -13.2719 -4.8359
v  197.7709 -13.6028 -5.0983
v  199.7986 -13.2861 -5.4122
v  201.6228 -12.3530 -5.7469
v  203.0649 -10.8947 -6.0695
v  203.9837 -9.0540 -6.3486
v  204.2894 -7.0111 -6.5568
v  202.4760 -3.5282 -5.5880
v  203.3042 -5.1428 -5.5756
v  201.1957 -2.2447 -5.5094
v  199.5885 -1.4179 -5.3475
v  197.8119 -1.1287 -5.1182
v  196.0396 -1.4054 -4.8438
v  194.4452 -2.2210 -4.5513
v  193.1848 -3.4956 -4.2693
v  192.3817 -5.1045 -4.0254
v  192.1145 -6.8900 -3.8434
v  192.4095 -8.6776 -3.7413
v  193.2376 -10.2922 -3.7289
v  194.5180 -11.5757 -3.8075
v  196.1251 -12.4025 -3.9694
v  197.9018 -12.6917 -4.1987
v  199.6741 -12.4149 -4.4730
v  201.2685 -11.5993 -4.7655
v  202.5289 -10.3247 -5.0475
v  203.3320 -8.7159 -5.2915
v  203.5991 -6.9303 -5.4734
v  201.8139 -4.0324 -4.6062
v  202.5023 -5.3745 -4.5959
v  200.7496 -2.9655 -4.5409
v  199.4136 -2.2782 -4.4063
v  197.9368 -2.0378 -4.2157
v  196.4635 -2.2678 -3.9876
v  195.1382 -2.9458 -3.7445
v  194.0905 -4.0053 -3.5100
v  193.4229 -5.3427 -3.3073
v  193.2008 -6.8269 -3.1560
v  193.4460 -8.3128 -3.0711
v  194.1344 -9.6549 -3.0608
v  195.1987 -10.7219 -3.1261
v  196.5347 -11.4091 -3.2607
v  198.0115 -11.6495 -3.4513
v  199.4847 -11.4195 -3.6794
v  200.8101 -10.7415 -3.9225
v  201.8578 -9.6820 -4.1569
v  202.5254 -8.3447 -4.3597
v  202.7475 -6.8604 -4.5110
v  201.0342 -4.6188 -3.7666
v  201.5659 -5.6554 -3.7587
v  200.2122 -3.7947 -3.7162
v  199.1803 -3.2639 -3.6122
v  198.0396 -3.0782 -3.4650
v  196.9018 -3.2559 -3.2888
v  195.8781 -3.7795 -3.1010
v  195.0689 -4.5979 -2.9200
v  194.5533 -5.6308 -2.7634
v  194.3817 -6.7772 -2.6465
v  194.5711 -7.9249 -2.5809
v  195.1028 -8.9615 -2.5730
v  195.9248 -9.7856 -2.6234
v  196.9567 -10.3164 -2.7274
v  198.0974 -10.5021 -2.8746
v  199.2353 -10.3244 -3.0508
v  200.2589 -9.8008 -3.2386
v  201.0682 -8.9824 -3.4196
v  201.5838 -7.9495 -3.5762
v  201.7553 -6.8031 -3.6931
v  200.1563 -5.2730 -3.0899
v  200.5182 -5.9786 -3.0845
v  199.5968 -4.7121 -3.0556
v  198.8944 -4.3507 -2.9848
v  198.1180 -4.2244 -2.8846
v  197.3435 -4.3453 -2.7647
v  196.6467 -4.7017 -2.6369
v  196.0959 -5.2587 -2.5136
v  195.7449 -5.9618 -2.4071
v  195.6282 -6.7422 -2.3275
v  195.7570 -7.5234 -2.2829
v  196.1190 -8.2289 -2.2775
v  196.6785 -8.7899 -2.3118
v  197.3809 -9.1512 -2.3826
v  198.1573 -9.2776 -2.4828
v  198.9318 -9.1566 -2.6027
v  199.6286 -8.8002 -2.7305
v  200.1794 -8.2432 -2.8538
v  200.5304 -7.5401 -2.9603
v  200.6471 -6.7598 -3.0399
v  199.2018 -5.9788 -2.5928
v  199.3849 -6.3360 -2.5901
v  198.9185 -5.6949 -2.5754
v  198.5616 -5.5244 -2.5384
v  198.1699 -5.4480 -2.4889
v  197.7778 -5.5092 -2.4282
v  197.4250 -5.6897 -2.3635
v  197.1462 -5.9716 -2.3011
v  196.9685 -6.3276 -2.2471
v  196.9094 -6.7226 -2.2069
v  196.9747 -7.1181 -2.1843
v  197.1579 -7.4752 -2.1815
v  197.4412 -7.7592 -2.1989
v  197.7967 -7.9421 -2.2347
v  198.1898 -8.0061 -2.2855
v  198.5818 -7.9449 -2.3462
v  198.9346 -7.7644 -2.4109
v  199.2134 -7.4825 -2.4733
v  199.3911 -7.1265 -2.5272
v  199.4502 -6.7315 -2.5675
v  195.8916 -8.0243 -18.4772
v  198.5709 -6.7284 -2.4427
v  198.5745 -7.1237 -2.4113
v  198.5642 -5.9766 -2.5023
v  198.5674 -6.3332 -2.4740
v  198.1740 -5.9752 -2.4470
v  198.1768 -6.3318 -2.4186
v  198.1798 -6.7271 -2.3872
v  198.1829 -7.1223 -2.3557
v  197.7814 -5.9739 -2.3912
v  197.7842 -6.3304 -2.3629
v  197.7872 -6.7257 -2.3315
v  197.7903 -7.1209 -2.3000
v  197.7931 -7.4775 -2.2717
v  198.1857 -7.4789 -2.3274
v  198.5777 -7.4802 -2.3830
# 396 vertices

vn 0.1126 0.1045 -0.9881
vn 0.1567 0.0185 -0.9875
vn 0.0083 -0.0309 -0.9995
vn -0.0141 0.0126 -0.9998
vn -0.0486 0.0472 -0.9977
vn 0.0444 0.1729 -0.9839
vn -0.0919 0.0695 -0.9933
vn -0.0412 0.2169 -0.9753
vn -0.1398 0.0773 -0.9872
vn -0.1359 0.2323 -0.9631
vn -0.1876 0.0699 -0.9798
vn -0.2303 0.2176 -0.9485
vn -0.3152 0.1741 -0.9329
vn -0.2306 0.0479 -0.9719
vn -0.2646 0.0135 -0.9643
vn -0.3824 0.1062 -0.9179
vn -0.2863 -0.0299 -0.9577
vn -0.4252 0.0205 -0.9049
vn -0.2935 -0.0780 -0.9528
vn -0.4394 -0.0746 -0.8952
vn -0.2855 -0.1263 -0.9500
vn -0.4237 -0.1698 -0.8898
vn -0.3796 -0.2558 -0.8891
vn -0.2632 -0.1698 -0.9497
vn -0.2287 -0.2044 -0.9518
vn -0.3113 -0.3242 -0.8933
vn -0.1853 -0.2267 -0.9562
vn -0.2257 -0.3683 -0.9019
vn -0.1374 -0.2345 -0.9624
vn -0.1311 -0.3837 -0.9141
vn -0.0367 -0.3689 -0.9287
vn -0.0896 -0.2270 -0.9698
vn -0.0466 -0.2050 -0.9776
vn 0.0483 -0.3255 -0.9443
vn -0.0126 -0.1707 -0.9852
vn 0.1154 -0.2576 -0.9593
vn 0.0090 -0.1273 -0.9918
vn 0.1582 -0.1719 -0.9723
vn 0.0162 -0.0791 -0.9967
vn 0.1724 -0.0768 -0.9820
vn 0.3013 0.0674 -0.9511
vn 0.2365 0.1938 -0.9521
vn 0.1363 0.2942 -0.9460
vn 0.0105 0.3590 -0.9333
vn -0.1286 0.3816 -0.9153
vn -0.2673 0.3599 -0.8939
vn -0.3921 0.2961 -0.8710
vn -0.4907 0.1963 -0.8489
vn -0.5536 0.0704 -0.8298
vn -0.5745 -0.0693 -0.8156
vn -0.5514 -0.2092 -0.8076
vn -0.4866 -0.3356 -0.8066
vn -0.3864 -0.4360 -0.8128
vn -0.2606 -0.5008 -0.8254
vn -0.1215 -0.5234 -0.8434
vn 0.0172 -0.5017 -0.8649
vn 0.1420 -0.4379 -0.8877
vn 0.2406 -0.3381 -0.9098
vn 0.3035 -0.2122 -0.9289
vn 0.3244 -0.0725 -0.9431
vn 0.3545 0.2783 -0.8927
vn 0.4385 0.1147 -0.8914
vn 0.2248 0.4084 -0.8847
vn 0.0619 0.4922 -0.8683
vn -0.1181 0.5215 -0.8450
vn -0.2977 0.4934 -0.8172
vn -0.4593 0.4108 -0.7876
vn -0.5870 0.2816 -0.7590
vn -0.6684 0.1186 -0.7343
vn -0.6954 -0.0623 -0.7159
vn -0.6656 -0.2435 -0.7055
vn -0.5816 -0.4071 -0.7043
vn -0.4519 -0.5371 -0.7122
vn -0.2890 -0.6209 -0.7286
vn -0.1090 -0.6502 -0.7519
vn 0.0706 -0.6222 -0.7797
vn 0.2322 -0.5395 -0.8093
vn 0.3599 -0.4104 -0.8379
vn 0.4413 -0.2474 -0.8626
vn 0.4683 -0.0664 -0.8810
vn 0.4639 0.3560 -0.8112
vn 0.5648 0.1592 -0.8097
vn 0.3078 0.5125 -0.8016
vn 0.1119 0.6133 -0.7819
vn -0.1047 0.6485 -0.7539
vn -0.3208 0.6148 -0.7205
vn -0.5152 0.5154 -0.6848
vn -0.6688 0.3600 -0.6505
vn -0.7667 0.1639 -0.6207
vn -0.7993 -0.0538 -0.5985
vn -0.7633 -0.2717 -0.5861
vn -0.6624 -0.4686 -0.5846
vn -0.5063 -0.6250 -0.5942
vn -0.3104 -0.7258 -0.6139
vn -0.0938 -0.7611 -0.6418
vn 0.1223 -0.7273 -0.6753
vn 0.3167 -0.6279 -0.7110
vn 0.4703 -0.4725 -0.7453
vn 0.5682 -0.2764 -0.7751
vn 0.6008 -0.0587 -0.7972
vn 0.5618 0.4249 -0.7098
vn 0.6773 0.1997 -0.7081
vn 0.3832 0.6040 -0.6988
vn 0.1590 0.7193 -0.6763
vn -0.0888 0.7596 -0.6443
vn -0.3360 0.7210 -0.6060
vn -0.5584 0.6073 -0.5652
vn -0.7342 0.4295 -0.5259
vn -0.8462 0.2051 -0.4918
vn -0.8834 -0.0440 -0.4665
vn -0.8423 -0.2933 -0.4522
vn -0.7268 -0.5185 -0.4505
vn -0.5482 -0.6975 -0.4614
vn -0.3240 -0.8128 -0.4840
vn -0.0762 -0.8532 -0.5160
vn 0.1710 -0.8146 -0.5543
vn 0.3934 -0.7008 -0.5951
vn 0.5692 -0.5230 -0.6344
vn 0.6812 -0.2986 -0.6684
vn 0.7184 -0.0496 -0.6938
vn 0.6459 0.4834 -0.5909
vn 0.7731 0.2354 -0.5890
vn 0.4492 0.6806 -0.5788
vn 0.2023 0.8076 -0.5540
vn -0.0706 0.8520 -0.5187
vn -0.3429 0.8095 -0.4766
vn -0.5878 0.6842 -0.4316
vn -0.7814 0.4884 -0.3883
vn -0.9048 0.2413 -0.3508
vn -0.9459 -0.0330 -0.3229
vn -0.9005 -0.3076 -0.3072
vn -0.7733 -0.5557 -0.3053
vn -0.5766 -0.7528 -0.3174
vn -0.3297 -0.8799 -0.3422
vn -0.0568 -0.9243 -0.3775
vn 0.2154 -0.8818 -0.4196
vn 0.4604 -0.7565 -0.4645
vn 0.6540 -0.5607 -0.5079
vn 0.7774 -0.3135 -0.5453
vn 0.8184 -0.0392 -0.5733
vn 0.7141 0.5300 -0.4574
vn 0.8499 0.2652 -0.4554
vn 0.5041 0.7404 -0.4446
vn 0.2406 0.8760 -0.4180
vn -0.0508 0.9234 -0.3804
vn -0.3414 0.8781 -0.3354
vn -0.6028 0.7443 -0.2874
vn -0.8095 0.5353 -0.2412
vn -0.9412 0.2715 -0.2012
vn -0.9850 -0.0213 -0.1714
vn -0.9366 -0.3144 -0.1546
vn -0.8008 -0.5792 -0.1526
vn -0.5909 -0.7896 -0.1655
vn -0.3273 -0.9252 -0.1920
vn -0.0360 -0.9726 -0.2296
vn 0.2546 -0.9272 -0.2746
vn 0.5160 -0.7935 -0.3226
vn 0.7227 -0.5845 -0.3688
vn 0.8544 -0.3207 -0.4088
vn 0.8982 -0.0279 -0.4387
vn 0.7647 0.5635 -0.3127
vn 0.9057 0.2885 -0.3106
vn 0.5466 0.7821 -0.2993
vn 0.2729 0.9229 -0.2718
vn -0.0296 0.9721 -0.2327
vn -0.3314 0.9250 -0.1860
vn -0.6029 0.7861 -0.1362
vn -0.8176 0.5690 -0.0881
vn -0.9543 0.2951 -0.0466
vn -0.9998 -0.0090 -0.0156
vn -0.9496 -0.3134 0.0018
vn -0.8086 -0.5884 0.0039
vn -0.5905 -0.8069 -0.0095
vn -0.3169 -0.9477 -0.0371
vn -0.0143 -0.9970 -0.0761
vn 0.2875 -0.9499 -0.1228
vn 0.5590 -0.8110 -0.1726
vn 0.7737 -0.5939 -0.2207
vn 0.9104 -0.3200 -0.2622
vn 0.9559 -0.0159 -0.2932
vn 0.7964 0.5831 -0.1603
vn 0.9392 0.3047 -0.1581
vn 0.5757 0.8044 -0.1467
vn 0.2986 0.9470 -0.1188
vn -0.0078 0.9968 -0.0793
vn -0.3133 0.9491 -0.0320
vn -0.5882 0.8085 0.0185
vn -0.8055 0.5887 0.0671
vn -0.9440 0.3113 0.1091
vn -0.9901 0.0035 0.1405
vn -0.9392 -0.3047 0.1581
vn -0.7964 -0.5831 0.1603
vn -0.5757 -0.8044 0.1467
vn -0.2986 -0.9470 0.1188
vn 0.0078 -0.9968 0.0793
vn 0.3133 -0.9491 0.0320
vn 0.5882 -0.8085 -0.0185
vn 0.8055 -0.5887 -0.0671
vn 0.9440 -0.3113 -0.1091
vn 0.9901 -0.0035 -0.1405
vn 0.8086 0.5884 -0.0039
vn 0.9496 0.3134 -0.0018
vn 0.5905 0.8069 0.0095
vn 0.3169 0.9477 0.0371
vn 0.0143 0.9970 0.0761
vn -0.2875 0.9499 0.1228
vn -0.5590 0.8110 0.1726
vn -0.7737 0.5939 0.2207
vn -0.9104 0.3200 0.2622
vn -0.9559 0.0159 0.2932
vn -0.9057 -0.2885 0.3106
vn -0.7647 -0.5635 0.3127
vn -0.5466 -0.7821 0.2993
vn -0.2729 -0.9229 0.2718
vn 0.0296 -0.9721 0.2327
vn 0.3314 -0.9250 0.1860
vn 0.6029 -0.7861 0.1362
vn 0.8176 -0.5690 0.0881
vn 0.9543 -0.2951 0.0466
vn 0.9998 0.0090 0.0156
vn 0.9366 0.3144 0.1546
vn 0.8008 0.5792 0.1526
vn 0.5909 0.7896 0.1655
vn 0.3273 0.9252 0.1920
vn 0.0360 0.9726 0.2296
vn -0.2546 0.9272 0.2746
vn -0.5161 0.7935 0.3226
vn -0.7227 0.5845 0.3688
vn -0.8544 0.3207 0.4088
vn -0.8982 0.0279 0.4387
vn -0.8499 -0.2652 0.4554
vn -0.7141 -0.5300 0.4574
vn -0.5041 -0.7404 0.4446
vn -0.2406 -0.8760 0.4180
vn 0.0508 -0.9234 0.3804
vn 0.3414 -0.8781 0.3354
vn 0.6028 -0.7443 0.2874
vn 0.8095 -0.5353 0.2412
vn 0.9412 -0.2715 0.2012
vn 0.9850 0.0213 0.1714
vn 0.7733 0.5557 0.3053
vn 0.9005 0.3076 0.3072
vn 0.5766 0.7528 0.3174
vn 0.3297 0.8799 0.3422
vn 0.0568 0.9243 0.3775
vn -0.2154 0.8818 0.4196
vn -0.4604 0.7565 0.4645
vn -0.6540 0.5607 0.5079
vn -0.7774 0.3135 0.5453
vn -0.8184 0.0392 0.5733
vn -0.7731 -0.2354 0.5890
vn -0.6459 -0.4834 0.5909
vn -0.4492 -0.6806 0.5788
vn -0.2023 -0.8076 0.5540
vn 0.0706 -0.8520 0.5187
vn 0.3429 -0.8095 0.4766
vn 0.5878 -0.6842 0.4316
vn 0.7814 -0.4884 0.3883
vn 0.9048 -0.2413 0.3508
vn 0.9459 0.0330 0.3229
vn 0.8423 0.2933 0.4522
vn 0.7268 0.5185 0.4505
vn 0.5482 0.6975 0.4614
vn 0.3240 0.8128 0.4840
vn 0.0762 0.8532 0.5160
vn -0.1710 0.8146 0.5543
vn -0.3934 0.7008 0.5951
vn -0.5692 0.5230 0.6344
vn -0.6812 0.2986 0.6684
vn -0.7184 0.0496 0.6938
vn -0.6773 -0.1997 0.7081
vn -0.5618 -0.4249 0.7098
vn -0.3832 -0.6040 0.6988
vn -0.1590 -0.7193 0.6763
vn 0.0888 -0.7596 0.6443
vn 0.3360 -0.7210 0.6060
vn 0.5584 -0.6073 0.5652
vn 0.7342 -0.4295 0.5259
vn 0.8462 -0.2051 0.4918
vn 0.8834 0.0440 0.4665
vn 0.6624 0.4686 0.5846
vn 0.7633 0.2717 0.5861
vn 0.5063 0.6250 0.5942
vn 0.3104 0.7258 0.6139
vn 0.0938 0.7611 0.6418
vn -0.1223 0.7273 0.6753
vn -0.3167 0.6279 0.7110
vn -0.4703 0.4725 0.7453
vn -0.5682 0.2764 0.7751
vn -0.6008 0.0587 0.7973
vn -0.5648 -0.1592 0.8097
vn -0.4639 -0.3560 0.8112
vn -0.3078 -0.5125 0.8016
vn -0.1119 -0.6133 0.7819
vn 0.1047 -0.6485 0.7539
vn 0.3208 -0.6148 0.7205
vn 0.5152 -0.5154 0.6848
vn 0.6688 -0.3600 0.6505
vn 0.7667 -0.1639 0.6207
vn 0.7993 0.0538 0.5985
vn 0.5816 0.4071 0.7043
vn 0.6656 0.2435 0.7055
vn 0.4519 0.5371 0.7122
vn 0.2890 0.6209 0.7286
vn 0.1090 0.6502 0.7519
vn -0.0706 0.6222 0.7797
vn -0.2322 0.5395 0.8093
vn -0.3599 0.4104 0.8379
vn -0.4413 0.2474 0.8626
vn -0.4683 0.0664 0.8810
vn -0.4385 -0.1147 0.8914
vn -0.3545 -0.2783 0.8927
vn -0.2248 -0.4084 0.8847
vn -0.0619 -0.4922 0.8683
vn 0.1181 -0.5215 0.8450
vn 0.2977 -0.4934 0.8172
vn 0.4593 -0.4108 0.7876
vn 0.5870 -0.2816 0.7590
vn 0.6684 -0.1186 0.7343
vn 0.6954 0.0623 0.7159
vn 0.4866 0.3356 0.8066
vn 0.5514 0.2092 0.8076
vn 0.3864 0.4360 0.8128
vn 0.2606 0.5008 0.8254
vn 0.1215 0.5234 0.8434
vn -0.0172 0.5017 0.8649
vn -0.1420 0.4379 0.8877
vn -0.2406 0.3381 0.9098
vn -0.3035 0.2122 0.9289
vn -0.3244 0.0725 0.9431
vn -0.3013 -0.0674 0.9511
vn -0.2365 -0.1938 0.9521
vn -0.1363 -0.2942 0.9460
vn -0.0105 -0.3590 0.9333
vn 0.1286 -0.3816 0.9153
vn 0.2673 -0.3599 0.8939
vn 0.3921 -0.2961 0.8710
vn 0.4907 -0.1963 0.8489
vn 0.5536 -0.0704 0.8298
vn 0.5745 0.0693 0.8156
vn 0.3796 0.2558 0.8891
vn 0.4237 0.1698 0.8898
vn 0.3113 0.3242 0.8933
vn 0.2257 0.3683 0.9019
vn 0.1311 0.3837 0.9141
vn 0.0367 0.3689 0.9287
vn -0.0483 0.3255 0.9443
vn -0.1154 0.2576 0.9593
vn -0.1582 0.1719 0.9723
vn -0.1724 0.0768 0.9820
vn -0.1567 -0.0185 0.9875
vn -0.1126 -0.1045 0.9881
vn -0.0444 -0.1729 0.9839
vn 0.0412 -0.2169 0.9753
vn 0.1359 -0.2323 0.9631
vn 0.2303 -0.2176 0.9485
vn 0.3152 -0.1741 0.9329
vn 0.3824 -0.1062 0.9179
vn 0.4252 -0.0205 0.9049
vn 0.4394 0.0746 0.8952
vn 0.2632 0.1698 0.9497
vn 0.2855 0.1263 0.9500
vn 0.2287 0.2044 0.9518
vn 0.1853 0.2267 0.9562
vn 0.1374 0.2345 0.9624
vn 0.0896 0.2270 0.9698
vn 0.0466 0.2050 0.9776
vn 0.0126 0.1707 0.9852
vn -0.0090 0.1273 0.9918
vn -0.0162 0.0791 0.9967
vn -0.0083 0.0309 0.9995
vn 0.0141 -0.0126 0.9998
vn 0.0486 -0.0472 0.9977
vn 0.0919 -0.0695 0.9933
vn 0.1398 -0.0773 0.9872
vn 0.1876 -0.0699 0.9798
vn 0.2306 -0.0479 0.9719
vn 0.2646 -0.0135 0.9643
vn 0.2863 0.0299 0.9577
vn 0.2935 0.0781 0.9528
vn -0.1403 -0.0796 -0.9869
vn 0.1403 0.0796 0.9869
vn 0.1403 0.0795 0.9869
vn 0.1404 0.0796 0.9869
# 384 vertex normals

vt 0.9231 0.4671 0.0000
vt 0.9261 0.4612 0.0000
vt 0.9161 0.4579 0.0000
vt 0.9146 0.4609 0.0000
vt 0.9122 0.4633 0.0000
vt 0.9184 0.4718 0.0000
vt 0.9093 0.4648 0.0000
vt 0.9125 0.4748 0.0000
vt 0.9059 0.4654 0.0000
vt 0.9059 0.4759 0.0000
vt 0.9026 0.4648 0.0000
vt 0.8994 0.4749 0.0000
vt 0.8935 0.4718 0.0000
vt 0.8996 0.4633 0.0000
vt 0.8972 0.4609 0.0000
vt 0.8888 0.4671 0.0000
vt 0.8957 0.4579 0.0000
vt 0.8857 0.4612 0.0000
vt 0.8952 0.4546 0.0000
vt 0.8847 0.4546 0.0000
vt 0.8957 0.4513 0.0000
vt 0.8857 0.4481 0.0000
vt 0.8887 0.4421 0.0000
vt 0.8972 0.4483 0.0000
vt 0.8996 0.4459 0.0000
vt 0.8934 0.4374 0.0000
vt 0.9026 0.4444 0.0000
vt 0.8993 0.4344 0.0000
vt 0.9059 0.4438 0.0000
vt 0.9059 0.4333 0.0000
vt 0.9124 0.4344 0.0000
vt 0.9092 0.4443 0.0000
vt 0.9122 0.4459 0.0000
vt 0.9184 0.4374 0.0000
vt 0.9146 0.4483 0.0000
vt 0.9231 0.4421 0.0000
vt 0.9161 0.4513 0.0000
vt 0.9261 0.4480 0.0000
vt 0.9167 0.4546 0.0000
vt 0.9271 0.4546 0.0000
vt 0.9356 0.4642 0.0000
vt 0.9311 0.4730 0.0000
vt 0.9243 0.4799 0.0000
vt 0.9156 0.4843 0.0000
vt 0.9059 0.4859 0.0000
vt 0.8963 0.4844 0.0000
vt 0.8876 0.4799 0.0000
vt 0.8807 0.4730 0.0000
vt 0.8763 0.4643 0.0000
vt 0.8747 0.4547 0.0000
vt 0.8762 0.4450 0.0000
vt 0.8806 0.4363 0.0000
vt 0.8875 0.4294 0.0000
vt 0.8962 0.4249 0.0000
vt 0.9059 0.4234 0.0000
vt 0.9155 0.4249 0.0000
vt 0.9242 0.4293 0.0000
vt 0.9311 0.4362 0.0000
vt 0.9355 0.4449 0.0000
vt 0.9371 0.4546 0.0000
vt 0.9386 0.4784 0.0000
vt 0.9443 0.4671 0.0000
vt 0.9296 0.4874 0.0000
vt 0.9184 0.4931 0.0000
vt 0.9059 0.4951 0.0000
vt 0.8934 0.4932 0.0000
vt 0.8822 0.4874 0.0000
vt 0.8732 0.4785 0.0000
vt 0.8675 0.4672 0.0000
vt 0.8655 0.4547 0.0000
vt 0.8675 0.4422 0.0000
vt 0.8732 0.4309 0.0000
vt 0.8821 0.4219 0.0000
vt 0.8933 0.4162 0.0000
vt 0.9058 0.4142 0.0000
vt 0.9183 0.4161 0.0000
vt 0.9296 0.4219 0.0000
vt 0.9385 0.4308 0.0000
vt 0.9442 0.4421 0.0000
vt 0.9462 0.4546 0.0000
vt 0.9452 0.4833 0.0000
vt 0.9520 0.4697 0.0000
vt 0.9344 0.4940 0.0000
vt 0.9209 0.5010 0.0000
vt 0.9059 0.5034 0.0000
vt 0.8909 0.5010 0.0000
vt 0.8774 0.4941 0.0000
vt 0.8666 0.4834 0.0000
vt 0.8597 0.4698 0.0000
vt 0.8573 0.4547 0.0000
vt 0.8596 0.4397 0.0000
vt 0.8665 0.4261 0.0000
vt 0.8772 0.4153 0.0000
vt 0.8908 0.4084 0.0000
vt 0.9058 0.4060 0.0000
vt 0.9208 0.4083 0.0000
vt 0.9343 0.4152 0.0000
vt 0.9451 0.4260 0.0000
vt 0.9520 0.4396 0.0000
vt 0.9544 0.4546 0.0000
vt 0.9508 0.4874 0.0000
vt 0.9587 0.4719 0.0000
vt 0.9385 0.4997 0.0000
vt 0.9230 0.5077 0.0000
vt 0.9059 0.5104 0.0000
vt 0.8887 0.5077 0.0000
vt 0.8732 0.4998 0.0000
vt 0.8609 0.4875 0.0000
vt 0.8530 0.4720 0.0000
vt 0.8503 0.4548 0.0000
vt 0.8529 0.4376 0.0000
vt 0.8608 0.4220 0.0000
vt 0.8731 0.4097 0.0000
vt 0.8886 0.4017 0.0000
vt 0.9057 0.3990 0.0000
vt 0.9229 0.4017 0.0000
vt 0.9384 0.4096 0.0000
vt 0.9507 0.4219 0.0000
vt 0.9586 0.4374 0.0000
vt 0.9614 0.4546 0.0000
vt 0.9553 0.4908 0.0000
vt 0.9640 0.4736 0.0000
vt 0.9418 0.5044 0.0000
vt 0.9248 0.5131 0.0000
vt 0.9059 0.5161 0.0000
vt 0.8869 0.5131 0.0000
vt 0.8699 0.5044 0.0000
vt 0.8563 0.4909 0.0000
vt 0.8476 0.4738 0.0000
vt 0.8446 0.4548 0.0000
vt 0.8476 0.4359 0.0000
vt 0.8562 0.4188 0.0000
vt 0.8697 0.4052 0.0000
vt 0.8868 0.3964 0.0000
vt 0.9057 0.3934 0.0000
vt 0.9246 0.3964 0.0000
vt 0.9417 0.4051 0.0000
vt 0.9552 0.4186 0.0000
vt 0.9639 0.4357 0.0000
vt 0.9670 0.4547 0.0000
vt 0.9586 0.4932 0.0000
vt 0.9679 0.4750 0.0000
vt 0.9442 0.5077 0.0000
vt 0.9260 0.5171 0.0000
vt 0.9058 0.5203 0.0000
vt 0.8856 0.5171 0.0000
vt 0.8674 0.5078 0.0000
vt 0.8529 0.4934 0.0000
vt 0.8436 0.4751 0.0000
vt 0.8404 0.4549 0.0000
vt 0.8436 0.4346 0.0000
vt 0.8528 0.4164 0.0000
vt 0.8673 0.4019 0.0000
vt 0.8855 0.3925 0.0000
vt 0.9056 0.3893 0.0000
vt 0.9258 0.3925 0.0000
vt 0.9440 0.4018 0.0000
vt 0.9585 0.4162 0.0000
vt 0.9678 0.4345 0.0000
vt 0.9710 0.4547 0.0000
vt 0.9606 0.4948 0.0000
vt 0.9702 0.4758 0.0000
vt 0.9456 0.5098 0.0000
vt 0.9267 0.5195 0.0000
vt 0.9058 0.5229 0.0000
vt 0.8848 0.5196 0.0000
vt 0.8659 0.5099 0.0000
vt 0.8509 0.4949 0.0000
vt 0.8412 0.4759 0.0000
vt 0.8379 0.4549 0.0000
vt 0.8412 0.4339 0.0000
vt 0.8508 0.4149 0.0000
vt 0.8657 0.3999 0.0000
vt 0.8846 0.3902 0.0000
vt 0.9056 0.3868 0.0000
vt 0.9266 0.3901 0.0000
vt 0.9455 0.3998 0.0000
vt 0.9605 0.4148 0.0000
vt 0.9702 0.4337 0.0000
vt 0.9735 0.4548 0.0000
vt 0.9613 0.4953 0.0000
vt 0.9710 0.4761 0.0000
vt 0.9461 0.5106 0.0000
vt 0.9269 0.5204 0.0000
vt 0.9057 0.5238 0.0000
vt 0.8845 0.5204 0.0000
vt 0.8654 0.5107 0.0000
vt 0.8501 0.4954 0.0000
vt 0.8404 0.4763 0.0000
vt 0.8370 0.4550 0.0000
vt 0.8403 0.4337 0.0000
vt 0.8500 0.4145 0.0000
vt 0.8652 0.3992 0.0000
vt 0.8843 0.3894 0.0000
vt 0.9056 0.3860 0.0000
vt 0.9268 0.3894 0.0000
vt 0.9459 0.3991 0.0000
vt 0.9611 0.4143 0.0000
vt 0.9709 0.4335 0.0000
vt 0.9743 0.4548 0.0000
vt 0.9605 0.4948 0.0000
vt 0.9701 0.4759 0.0000
vt 0.9455 0.5099 0.0000
vt 0.9266 0.5196 0.0000
vt 0.9057 0.5230 0.0000
vt 0.8847 0.5197 0.0000
vt 0.8658 0.5100 0.0000
vt 0.8508 0.4950 0.0000
vt 0.8411 0.4760 0.0000
vt 0.8378 0.4550 0.0000
vt 0.8411 0.4340 0.0000
vt 0.8507 0.4150 0.0000
vt 0.8657 0.4000 0.0000
vt 0.8846 0.3903 0.0000
vt 0.9055 0.3869 0.0000
vt 0.9265 0.3902 0.0000
vt 0.9454 0.3999 0.0000
vt 0.9604 0.4149 0.0000
vt 0.9701 0.4338 0.0000
vt 0.9734 0.4548 0.0000
vt 0.9677 0.4751 0.0000
vt 0.9584 0.4934 0.0000
vt 0.9440 0.5079 0.0000
vt 0.9258 0.5172 0.0000
vt 0.9056 0.5205 0.0000
vt 0.8855 0.5173 0.0000
vt 0.8672 0.5080 0.0000
vt 0.8528 0.4936 0.0000
vt 0.8435 0.4753 0.0000
vt 0.8402 0.4551 0.0000
vt 0.8434 0.4348 0.0000
vt 0.8527 0.4166 0.0000
vt 0.8671 0.4020 0.0000
vt 0.8853 0.3927 0.0000
vt 0.9055 0.3895 0.0000
vt 0.9257 0.3927 0.0000
vt 0.9439 0.4019 0.0000
vt 0.9583 0.4164 0.0000
vt 0.9676 0.4347 0.0000
vt 0.9709 0.4549 0.0000
vt 0.9551 0.4910 0.0000
vt 0.9637 0.4739 0.0000
vt 0.9415 0.5046 0.0000
vt 0.9245 0.5134 0.0000
vt 0.9056 0.5164 0.0000
vt 0.8867 0.5134 0.0000
vt 0.8696 0.5047 0.0000
vt 0.8561 0.4912 0.0000
vt 0.8473 0.4741 0.0000
vt 0.8443 0.4551 0.0000
vt 0.8473 0.4361 0.0000
vt 0.8560 0.4190 0.0000
vt 0.8695 0.4054 0.0000
vt 0.8865 0.3967 0.0000
vt 0.9054 0.3937 0.0000
vt 0.9243 0.3966 0.0000
vt 0.9414 0.4053 0.0000
vt 0.9550 0.4189 0.0000
vt 0.9637 0.4360 0.0000
vt 0.9667 0.4549 0.0000
vt 0.9583 0.4722 0.0000
vt 0.9505 0.4878 0.0000
vt 0.9382 0.5001 0.0000
vt 0.9227 0.5080 0.0000
vt 0.9056 0.5108 0.0000
vt 0.8884 0.5081 0.0000
vt 0.8729 0.5002 0.0000
vt 0.8606 0.4879 0.0000
vt 0.8527 0.4724 0.0000
vt 0.8499 0.4551 0.0000
vt 0.8526 0.4379 0.0000
vt 0.8605 0.4224 0.0000
vt 0.8728 0.4100 0.0000
vt 0.8882 0.4021 0.0000
vt 0.9054 0.3994 0.0000
vt 0.9226 0.4021 0.0000
vt 0.9381 0.4099 0.0000
vt 0.9504 0.4223 0.0000
vt 0.9583 0.4378 0.0000
vt 0.9610 0.4550 0.0000
vt 0.9448 0.4837 0.0000
vt 0.9516 0.4701 0.0000
vt 0.9340 0.4945 0.0000
vt 0.9205 0.5014 0.0000
vt 0.9055 0.5038 0.0000
vt 0.8905 0.5014 0.0000
vt 0.8770 0.4945 0.0000
vt 0.8662 0.4838 0.0000
vt 0.8593 0.4702 0.0000
vt 0.8569 0.4552 0.0000
vt 0.8592 0.4401 0.0000
vt 0.8661 0.4265 0.0000
vt 0.8768 0.4157 0.0000
vt 0.8904 0.4088 0.0000
vt 0.9054 0.4064 0.0000
vt 0.9204 0.4088 0.0000
vt 0.9339 0.4157 0.0000
vt 0.9447 0.4264 0.0000
vt 0.9516 0.4400 0.0000
vt 0.9540 0.4550 0.0000
vt 0.9381 0.4789 0.0000
vt 0.9438 0.4676 0.0000
vt 0.9292 0.4879 0.0000
vt 0.9179 0.4936 0.0000
vt 0.9055 0.4956 0.0000
vt 0.8930 0.4936 0.0000
vt 0.8817 0.4879 0.0000
vt 0.8728 0.4790 0.0000
vt 0.8670 0.4677 0.0000
vt 0.8651 0.4552 0.0000
vt 0.8670 0.4427 0.0000
vt 0.8727 0.4314 0.0000
vt 0.8816 0.4224 0.0000
vt 0.8929 0.4167 0.0000
vt 0.9054 0.4147 0.0000
vt 0.9178 0.4166 0.0000
vt 0.9291 0.4224 0.0000
vt 0.9380 0.4313 0.0000
vt 0.9438 0.4426 0.0000
vt 0.9458 0.4551 0.0000
vt 0.9306 0.4735 0.0000
vt 0.9351 0.4648 0.0000
vt 0.9237 0.4804 0.0000
vt 0.9151 0.4849 0.0000
vt 0.9054 0.4864 0.0000
vt 0.8958 0.4849 0.0000
vt 0.8871 0.4805 0.0000
vt 0.8802 0.4736 0.0000
vt 0.8758 0.4649 0.0000
vt 0.8742 0.4552 0.0000
vt 0.8757 0.4455 0.0000
vt 0.8801 0.4368 0.0000
vt 0.8870 0.4299 0.0000
vt 0.8957 0.4254 0.0000
vt 0.9054 0.4239 0.0000
vt 0.9150 0.4254 0.0000
vt 0.9237 0.4298 0.0000
vt 0.9306 0.4367 0.0000
vt 0.9350 0.4455 0.0000
vt 0.9366 0.4551 0.0000
vt 0.9226 0.4677 0.0000
vt 0.9256 0.4617 0.0000
vt 0.9179 0.4724 0.0000
vt 0.9120 0.4754 0.0000
vt 0.9054 0.4765 0.0000
vt 0.8988 0.4754 0.0000
vt 0.8929 0.4724 0.0000
vt 0.8882 0.4677 0.0000
vt 0.8852 0.4618 0.0000
vt 0.8842 0.4552 0.0000
vt 0.8852 0.4486 0.0000
vt 0.8882 0.4427 0.0000
vt 0.8929 0.4380 0.0000
vt 0.8988 0.4349 0.0000
vt 0.9053 0.4339 0.0000
vt 0.9119 0.4349 0.0000
vt 0.9178 0.4379 0.0000
vt 0.9225 0.4426 0.0000
vt 0.9255 0.4486 0.0000
vt 0.9266 0.4551 0.0000
vt 0.9141 0.4615 0.0000
vt 0.9156 0.4585 0.0000
vt 0.9117 0.4639 0.0000
vt 0.9087 0.4653 0.0000
vt 0.9054 0.4660 0.0000
vt 0.9021 0.4654 0.0000
vt 0.8991 0.4639 0.0000
vt 0.8967 0.4615 0.0000
vt 0.8952 0.4585 0.0000
vt 0.8946 0.4552 0.0000
vt 0.8951 0.4519 0.0000
vt 0.8967 0.4489 0.0000
vt 0.8990 0.4465 0.0000
vt 0.9020 0.4449 0.0000
vt 0.9054 0.4444 0.0000
vt 0.9087 0.4449 0.0000
vt 0.9117 0.4465 0.0000
vt 0.9140 0.4488 0.0000
vt 0.9156 0.4518 0.0000
vt 0.9161 0.4552 0.0000
vt 0.9059 0.4546 0.0000
vt 0.9087 0.4552 0.0000
vt 0.9087 0.4519 0.0000
vt 0.9087 0.4615 0.0000
vt 0.9087 0.4585 0.0000
vt 0.9054 0.4615 0.0000
vt 0.9054 0.4585 0.0000
vt 0.9054 0.4552 0.0000
vt 0.9054 0.4519 0.0000
vt 0.9021 0.4615 0.0000
vt 0.9020 0.4585 0.0000
vt 0.9020 0.4552 0.0000
vt 0.9020 0.4519 0.0000
vt 0.9020 0.4489 0.0000
vt 0.9054 0.4489 0.0000
vt 0.9087 0.4489 0.0000
# 396 texture coords

g Eye_Right_Buterfly
usemtl Buterfly_Fish
s 1
f 1556/1668/1752 1557/1669/1753 1558/1670/1754 1559/1671/1755 
f 1559/1671/1755 1560/1672/1756 1561/1673/1757 1556/1668/1752 
f 1562/1674/1758 1563/1675/1759 1561/1673/1757 1560/1672/1756 
f 1562/1674/1758 1564/1676/1760 1565/1677/1761 1563/1675/1759 
f 1566/1678/1762 1567/1679/1763 1565/1677/1761 1564/1676/1760 
f 1568/1680/1764 1567/1679/1763 1566/1678/1762 1569/1681/1765 
f 1569/1681/1765 1570/1682/1766 1571/1683/1767 1568/1680/1764 
f 1570/1682/1766 1572/1684/1768 1573/1685/1769 1571/1683/1767 
f 1574/1686/1770 1575/1687/1771 1573/1685/1769 1572/1684/1768 
f 1576/1688/1772 1577/1689/1773 1575/1687/1771 1574/1686/1770 
f 1578/1690/1774 1577/1689/1773 1576/1688/1772 1579/1691/1775 
f 1578/1690/1774 1579/1691/1775 1580/1692/1776 1581/1693/1777 
f 1580/1692/1776 1582/1694/1778 1583/1695/1779 1581/1693/1777 
f 1582/1694/1778 1584/1696/1780 1585/1697/1781 1583/1695/1779 
f 1586/1698/1782 1585/1697/1781 1584/1696/1780 1587/1699/1783 
f 1588/1700/1784 1589/1701/1785 1586/1698/1782 1587/1699/1783 
f 1590/1702/1786 1591/1703/1787 1589/1701/1785 1588/1700/1784 
f 1592/1704/1788 1593/1705/1789 1591/1703/1787 1590/1702/1786 
f 1592/1704/1788 1594/1706/1790 1595/1707/1791 1593/1705/1789 
f 1557/1669/1753 1595/1707/1791 1594/1706/1790 1558/1670/1754 
f 1596/1708/1792 1557/1669/1753 1556/1668/1752 1597/1709/1793 
f 1598/1710/1794 1597/1709/1793 1556/1668/1752 1561/1673/1757 
f 1599/1711/1795 1598/1710/1794 1561/1673/1757 1563/1675/1759 
f 1599/1711/1795 1563/1675/1759 1565/1677/1761 1600/1712/1796 
f 1565/1677/1761 1567/1679/1763 1601/1713/1797 1600/1712/1796 
f 1568/1680/1764 1602/1714/1798 1601/1713/1797 1567/1679/1763 
f 1571/1683/1767 1603/1715/1799 1602/1714/1798 1568/1680/1764 
f 1603/1715/1799 1571/1683/1767 1573/1685/1769 1604/1716/1800 
f 1604/1716/1800 1573/1685/1769 1575/1687/1771 1605/1717/1801 
f 1605/1717/1801 1575/1687/1771 1577/1689/1773 1606/1718/1802 
f 1606/1718/1802 1577/1689/1773 1578/1690/1774 1607/1719/1803 
f 1607/1719/1803 1578/1690/1774 1581/1693/1777 1608/1720/1804 
f 1608/1720/1804 1581/1693/1777 1583/1695/1779 1609/1721/1805 
f 1583/1695/1779 1585/1697/1781 1610/1722/1806 1609/1721/1805 
f 1585/1697/1781 1586/1698/1782 1611/1723/1807 1610/1722/1806 
f 1589/1701/1785 1612/1724/1808 1611/1723/1807 1586/1698/1782 
f 1612/1724/1808 1589/1701/1785 1591/1703/1787 1613/1725/1809 
f 1613/1725/1809 1591/1703/1787 1593/1705/1789 1614/1726/1810 
f 1593/1705/1789 1595/1707/1791 1615/1727/1811 1614/1726/1810 
f 1595/1707/1791 1557/1669/1753 1596/1708/1792 1615/1727/1811 
f 1597/1709/1793 1616/1728/1812 1617/1729/1813 1596/1708/1792 
f 1597/1709/1793 1598/1710/1794 1618/1730/1814 1616/1728/1812 
f 1619/1731/1815 1618/1730/1814 1598/1710/1794 1599/1711/1795 
f 1620/1732/1816 1619/1731/1815 1599/1711/1795 1600/1712/1796 
f 1601/1713/1797 1621/1733/1817 1620/1732/1816 1600/1712/1796 
f 1602/1714/1798 1622/1734/1818 1621/1733/1817 1601/1713/1797 
f 1623/1735/1819 1622/1734/1818 1602/1714/1798 1603/1715/1799 
f 1603/1715/1799 1604/1716/1800 1624/1736/1820 1623/1735/1819 
f 1624/1736/1820 1604/1716/1800 1605/1717/1801 1625/1737/1821 
f 1605/1717/1801 1606/1718/1802 1626/1738/1822 1625/1737/1821 
f 1606/1718/1802 1607/1719/1803 1627/1739/1823 1626/1738/1822 
f 1628/1740/1824 1627/1739/1823 1607/1719/1803 1608/1720/1804 
f 1629/1741/1825 1628/1740/1824 1608/1720/1804 1609/1721/1805 
f 1610/1722/1806 1630/1742/1826 1629/1741/1825 1609/1721/1805 
f 1630/1742/1826 1610/1722/1806 1611/1723/1807 1631/1743/1827 
f 1611/1723/1807 1612/1724/1808 1632/1744/1828 1631/1743/1827 
f 1612/1724/1808 1613/1725/1809 1633/1745/1829 1632/1744/1828 
f 1613/1725/1809 1614/1726/1810 1634/1746/1830 1633/1745/1829 
f 1634/1746/1830 1614/1726/1810 1615/1727/1811 1635/1747/1831 
f 1617/1729/1813 1635/1747/1831 1615/1727/1811 1596/1708/1792 
f 1636/1748/1832 1637/1749/1833 1617/1729/1813 1616/1728/1812 
f 1638/1750/1834 1636/1748/1832 1616/1728/1812 1618/1730/1814 
f 1639/1751/1835 1638/1750/1834 1618/1730/1814 1619/1731/1815 
f 1639/1751/1835 1619/1731/1815 1620/1732/1816 1640/1752/1836 
f 1621/1733/1817 1641/1753/1837 1640/1752/1836 1620/1732/1816 
f 1642/1754/1838 1641/1753/1837 1621/1733/1817 1622/1734/1818 
f 1622/1734/1818 1623/1735/1819 1643/1755/1839 1642/1754/1838 
f 1624/1736/1820 1644/1756/1840 1643/1755/1839 1623/1735/1819 
f 1624/1736/1820 1625/1737/1821 1645/1757/1841 1644/1756/1840 
f 1645/1757/1841 1625/1737/1821 1626/1738/1822 1646/1758/1842 
f 1626/1738/1822 1627/1739/1823 1647/1759/1843 1646/1758/1842 
f 1627/1739/1823 1628/1740/1824 1648/1760/1844 1647/1759/1843 
f 1628/1740/1824 1629/1741/1825 1649/1761/1845 1648/1760/1844 
f 1650/1762/1846 1649/1761/1845 1629/1741/1825 1630/1742/1826 
f 1651/1763/1847 1650/1762/1846 1630/1742/1826 1631/1743/1827 
f 1632/1744/1828 1652/1764/1848 1651/1763/1847 1631/1743/1827 
f 1632/1744/1828 1633/1745/1829 1653/1765/1849 1652/1764/1848 
f 1654/1766/1850 1653/1765/1849 1633/1745/1829 1634/1746/1830 
f 1654/1766/1850 1634/1746/1830 1635/1747/1831 1655/1767/1851 
f 1635/1747/1831 1617/1729/1813 1637/1749/1833 1655/1767/1851 
f 1637/1749/1833 1636/1748/1832 1656/1768/1852 1657/1769/1853 
f 1656/1768/1852 1636/1748/1832 1638/1750/1834 1658/1770/1854 
f 1658/1770/1854 1638/1750/1834 1639/1751/1835 1659/1771/1855 
f 1659/1771/1855 1639/1751/1835 1640/1752/1836 1660/1772/1856 
f 1660/1772/1856 1640/1752/1836 1641/1753/1837 1661/1773/1857 
f 1641/1753/1837 1642/1754/1838 1662/1774/1858 1661/1773/1857 
f 1663/1775/1859 1662/1774/1858 1642/1754/1838 1643/1755/1839 
f 1643/1755/1839 1644/1756/1840 1664/1776/1860 1663/1775/1859 
f 1665/1777/1861 1664/1776/1860 1644/1756/1840 1645/1757/1841 
f 1646/1758/1842 1666/1778/1862 1665/1777/1861 1645/1757/1841 
f 1647/1759/1843 1667/1779/1863 1666/1778/1862 1646/1758/1842 
f 1648/1760/1844 1668/1780/1864 1667/1779/1863 1647/1759/1843 
f 1669/1781/1865 1668/1780/1864 1648/1760/1844 1649/1761/1845 
f 1650/1762/1846 1670/1782/1866 1669/1781/1865 1649/1761/1845 
f 1671/1783/1867 1670/1782/1866 1650/1762/1846 1651/1763/1847 
f 1652/1764/1848 1672/1784/1868 1671/1783/1867 1651/1763/1847 
f 1672/1784/1868 1652/1764/1848 1653/1765/1849 1673/1785/1869 
f 1673/1785/1869 1653/1765/1849 1654/1766/1850 1674/1786/1870 
f 1655/1767/1851 1675/1787/1871 1674/1786/1870 1654/1766/1850 
f 1637/1749/1833 1657/1769/1853 1675/1787/1871 1655/1767/1851 
f 1656/1768/1852 1676/1788/1872 1677/1789/1873 1657/1769/1853 
f 1658/1770/1854 1678/1790/1874 1676/1788/1872 1656/1768/1852 
f 1659/1771/1855 1679/1791/1875 1678/1790/1874 1658/1770/1854 
f 1659/1771/1855 1660/1772/1856 1680/1792/1876 1679/1791/1875 
f 1661/1773/1857 1681/1793/1877 1680/1792/1876 1660/1772/1856 
f 1682/1794/1878 1681/1793/1877 1661/1773/1857 1662/1774/1858 
f 1682/1794/1878 1662/1774/1858 1663/1775/1859 1683/1795/1879 
f 1664/1776/1860 1684/1796/1880 1683/1795/1879 1663/1775/1859 
f 1665/1777/1861 1685/1797/1881 1684/1796/1880 1664/1776/1860 
f 1686/1798/1882 1685/1797/1881 1665/1777/1861 1666/1778/1862 
f 1666/1778/1862 1667/1779/1863 1687/1799/1883 1686/1798/1882 
f 1687/1799/1883 1667/1779/1863 1668/1780/1864 1688/1800/1884 
f 1669/1781/1865 1689/1801/1885 1688/1800/1884 1668/1780/1864 
f 1669/1781/1865 1670/1782/1866 1690/1802/1886 1689/1801/1885 
f 1670/1782/1866 1671/1783/1867 1691/1803/1887 1690/1802/1886 
f 1672/1784/1868 1692/1804/1888 1691/1803/1887 1671/1783/1867 
f 1673/1785/1869 1693/1805/1889 1692/1804/1888 1672/1784/1868 
f 1693/1805/1889 1673/1785/1869 1674/1786/1870 1694/1806/1890 
f 1674/1786/1870 1675/1787/1871 1695/1807/1891 1694/1806/1890 
f 1675/1787/1871 1657/1769/1853 1677/1789/1873 1695/1807/1891 
f 1676/1788/1872 1696/1808/1892 1697/1809/1893 1677/1789/1873 
f 1676/1788/1872 1678/1790/1874 1698/1810/1894 1696/1808/1892 
f 1679/1791/1875 1699/1811/1895 1698/1810/1894 1678/1790/1874 
f 1699/1811/1895 1679/1791/1875 1680/1792/1876 1700/1812/1896 
f 1700/1812/1896 1680/1792/1876 1681/1793/1877 1701/1813/1897 
f 1681/1793/1877 1682/1794/1878 1702/1814/1898 1701/1813/1897 
f 1682/1794/1878 1683/1795/1879 1703/1815/1899 1702/1814/1898 
f 1683/1795/1879 1684/1796/1880 1704/1816/1900 1703/1815/1899 
f 1704/1816/1900 1684/1796/1880 1685/1797/1881 1705/1817/1901 
f 1685/1797/1881 1686/1798/1882 1706/1818/1902 1705/1817/1901 
f 1706/1818/1902 1686/1798/1882 1687/1799/1883 1707/1819/1903 
f 1708/1820/1904 1707/1819/1903 1687/1799/1883 1688/1800/1884 
f 1709/1821/1905 1708/1820/1904 1688/1800/1884 1689/1801/1885 
f 1690/1802/1886 1710/1822/1906 1709/1821/1905 1689/1801/1885 
f 1711/1823/1907 1710/1822/1906 1690/1802/1886 1691/1803/1887 
f 1711/1823/1907 1691/1803/1887 1692/1804/1888 1712/1824/1908 
f 1693/1805/1889 1713/1825/1909 1712/1824/1908 1692/1804/1888 
f 1693/1805/1889 1694/1806/1890 1714/1826/1910 1713/1825/1909 
f 1714/1826/1910 1694/1806/1890 1695/1807/1891 1715/1827/1911 
f 1697/1809/1893 1715/1827/1911 1695/1807/1891 1677/1789/1873 
f 1697/1809/1893 1696/1808/1892 1716/1828/1912 1717/1829/1913 
f 1696/1808/1892 1698/1810/1894 1718/1830/1914 1716/1828/1912 
f 1698/1810/1894 1699/1811/1895 1719/1831/1915 1718/1830/1914 
f 1720/1832/1916 1719/1831/1915 1699/1811/1895 1700/1812/1896 
f 1700/1812/1896 1701/1813/1897 1721/1833/1917 1720/1832/1916 
f 1722/1834/1918 1721/1833/1917 1701/1813/1897 1702/1814/1898 
f 1723/1835/1919 1722/1834/1918 1702/1814/1898 1703/1815/1899 
f 1704/1816/1900 1724/1836/1920 1723/1835/1919 1703/1815/1899 
f 1705/1817/1901 1725/1837/1921 1724/1836/1920 1704/1816/1900 
f 1706/1818/1902 1726/1838/1922 1725/1837/1921 1705/1817/1901 
f 1727/1839/1923 1726/1838/1922 1706/1818/1902 1707/1819/1903 
f 1727/1839/1923 1707/1819/1903 1708/1820/1904 1728/1840/1924 
f 1708/1820/1904 1709/1821/1905 1729/1841/1925 1728/1840/1924 
f 1709/1821/1905 1710/1822/1906 1730/1842/1926 1729/1841/1925 
f 1710/1822/1906 1711/1823/1907 1731/1843/1927 1730/1842/1926 
f 1712/1824/1908 1732/1844/1928 1731/1843/1927 1711/1823/1907 
f 1732/1844/1928 1712/1824/1908 1713/1825/1909 1733/1845/1929 
f 1713/1825/1909 1714/1826/1910 1734/1846/1930 1733/1845/1929 
f 1715/1827/1911 1735/1847/1931 1734/1846/1930 1714/1826/1910 
f 1697/1809/1893 1717/1829/1913 1735/1847/1931 1715/1827/1911 
f 1717/1829/1913 1716/1828/1912 1736/1848/1932 1737/1849/1933 
f 1736/1848/1932 1716/1828/1912 1718/1830/1914 1738/1850/1934 
f 1719/1831/1915 1739/1851/1935 1738/1850/1934 1718/1830/1914 
f 1740/1852/1936 1739/1851/1935 1719/1831/1915 1720/1832/1916 
f 1720/1832/1916 1721/1833/1917 1741/1853/1937 1740/1852/1936 
f 1722/1834/1918 1742/1854/1938 1741/1853/1937 1721/1833/1917 
f 1742/1854/1938 1722/1834/1918 1723/1835/1919 1743/1855/1939 
f 1743/1855/1939 1723/1835/1919 1724/1836/1920 1744/1856/1940 
f 1724/1836/1920 1725/1837/1921 1745/1857/1941 1744/1856/1940 
f 1726/1838/1922 1746/1858/1942 1745/1857/1941 1725/1837/1921 
f 1746/1858/1942 1726/1838/1922 1727/1839/1923 1747/1859/1943 
f 1728/1840/1924 1748/1860/1944 1747/1859/1943 1727/1839/1923 
f 1729/1841/1925 1749/1861/1945 1748/1860/1944 1728/1840/1924 
f 1730/1842/1926 1750/1862/1946 1749/1861/1945 1729/1841/1925 
f 1731/1843/1927 1751/1863/1947 1750/1862/1946 1730/1842/1926 
f 1731/1843/1927 1732/1844/1928 1752/1864/1948 1751/1863/1947 
f 1753/1865/1949 1752/1864/1948 1732/1844/1928 1733/1845/1929 
f 1734/1846/1930 1754/1866/1950 1753/1865/1949 1733/1845/1929 
f 1735/1847/1931 1755/1867/1951 1754/1866/1950 1734/1846/1930 
f 1737/1849/1933 1755/1867/1951 1735/1847/1931 1717/1829/1913 
f 1737/1849/1933 1736/1848/1932 1756/1868/1952 1757/1869/1953 
f 1758/1870/1954 1756/1868/1952 1736/1848/1932 1738/1850/1934 
f 1759/1871/1955 1758/1870/1954 1738/1850/1934 1739/1851/1935 
f 1760/1872/1956 1759/1871/1955 1739/1851/1935 1740/1852/1936 
f 1761/1873/1957 1760/1872/1956 1740/1852/1936 1741/1853/1937 
f 1762/1874/1958 1761/1873/1957 1741/1853/1937 1742/1854/1938 
f 1763/1875/1959 1762/1874/1958 1742/1854/1938 1743/1855/1939 
f 1763/1875/1959 1743/1855/1939 1744/1856/1940 1764/1876/1960 
f 1765/1877/1961 1764/1876/1960 1744/1856/1940 1745/1857/1941 
f 1766/1878/1962 1765/1877/1961 1745/1857/1941 1746/1858/1942 
f 1767/1879/1963 1766/1878/1962 1746/1858/1942 1747/1859/1943 
f 1768/1880/1964 1767/1879/1963 1747/1859/1943 1748/1860/1944 
f 1769/1881/1965 1768/1880/1964 1748/1860/1944 1749/1861/1945 
f 1770/1882/1966 1769/1881/1965 1749/1861/1945 1750/1862/1946 
f 1750/1862/1946 1751/1863/1947 1771/1883/1967 1770/1882/1966 
f 1771/1883/1967 1751/1863/1947 1752/1864/1948 1772/1884/1968 
f 1752/1864/1948 1753/1865/1949 1773/1885/1969 1772/1884/1968 
f 1774/1886/1970 1773/1885/1969 1753/1865/1949 1754/1866/1950 
f 1754/1866/1950 1755/1867/1951 1775/1887/1971 1774/1886/1970 
f 1757/1869/1953 1775/1887/1971 1755/1867/1951 1737/1849/1933 
f 1776/1888/1972 1757/1869/1953 1756/1868/1952 1777/1889/1973 
f 1756/1868/1952 1758/1870/1954 1778/1890/1974 1777/1889/1973 
f 1758/1870/1954 1759/1871/1955 1779/1891/1975 1778/1890/1974 
f 1779/1891/1975 1759/1871/1955 1760/1872/1956 1780/1892/1976 
f 1760/1872/1956 1761/1873/1957 1781/1893/1977 1780/1892/1976 
f 1782/1894/1978 1781/1893/1977 1761/1873/1957 1762/1874/1958 
f 1783/1895/1979 1782/1894/1978 1762/1874/1958 1763/1875/1959 
f 1784/1896/1980 1783/1895/1979 1763/1875/1959 1764/1876/1960 
f 1765/1877/1961 1785/1897/1981 1784/1896/1980 1764/1876/1960 
f 1785/1897/1981 1765/1877/1961 1766/1878/1962 1786/1898/1982 
f 1787/1899/1983 1786/1898/1982 1766/1878/1962 1767/1879/1963 
f 1767/1879/1963 1768/1880/1964 1788/1900/1984 1787/1899/1983 
f 1788/1900/1984 1768/1880/1964 1769/1881/1965 1789/1901/1985 
f 1769/1881/1965 1770/1882/1966 1790/1902/1986 1789/1901/1985 
f 1790/1902/1986 1770/1882/1966 1771/1883/1967 1791/1903/1987 
f 1772/1884/1968 1792/1904/1988 1791/1903/1987 1771/1883/1967 
f 1793/1905/1989 1792/1904/1988 1772/1884/1968 1773/1885/1969 
f 1794/1906/1990 1793/1905/1989 1773/1885/1969 1774/1886/1970 
f 1795/1907/1991 1794/1906/1990 1774/1886/1970 1775/1887/1971 
f 1775/1887/1971 1757/1869/1953 1776/1888/1972 1795/1907/1991 
f 1796/1908/1992 1797/1909/1993 1776/1888/1972 1777/1889/1973 
f 1796/1908/1992 1777/1889/1973 1778/1890/1974 1798/1910/1994 
f 1798/1910/1994 1778/1890/1974 1779/1891/1975 1799/1911/1995 
f 1780/1892/1976 1800/1912/1996 1799/1911/1995 1779/1891/1975 
f 1801/1913/1997 1800/1912/1996 1780/1892/1976 1781/1893/1977 
f 1802/1914/1998 1801/1913/1997 1781/1893/1977 1782/1894/1978 
f 1782/1894/1978 1783/1895/1979 1803/1915/1999 1802/1914/1998 
f 1803/1915/1999 1783/1895/1979 1784/1896/1980 1804/1916/2000 
f 1804/1916/2000 1784/1896/1980 1785/1897/1981 1805/1917/2001 
f 1805/1917/2001 1785/1897/1981 1786/1898/1982 1806/1918/2002 
f 1807/1919/2003 1806/1918/2002 1786/1898/1982 1787/1899/1983 
f 1808/1920/2004 1807/1919/2003 1787/1899/1983 1788/1900/1984 
f 1788/1900/1984 1789/1901/1985 1809/1921/2005 1808/1920/2004 
f 1810/1922/2006 1809/1921/2005 1789/1901/1985 1790/1902/1986 
f 1810/1922/2006 1790/1902/1986 1791/1903/1987 1811/1923/2007 
f 1811/1923/2007 1791/1903/1987 1792/1904/1988 1812/1924/2008 
f 1793/1905/1989 1813/1925/2009 1812/1924/2008 1792/1904/1988 
f 1813/1925/2009 1793/1905/1989 1794/1906/1990 1814/1926/2010 
f 1815/1927/2011 1814/1926/2010 1794/1906/1990 1795/1907/1991 
f 1815/1927/2011 1795/1907/1991 1776/1888/1972 1797/1909/1993 
f 1816/1928/2012 1797/1909/1993 1796/1908/1992 1817/1929/2013 
f 1817/1929/2013 1796/1908/1992 1798/1910/1994 1818/1930/2014 
f 1818/1930/2014 1798/1910/1994 1799/1911/1995 1819/1931/2015 
f 1820/1932/2016 1819/1931/2015 1799/1911/1995 1800/1912/1996 
f 1821/1933/2017 1820/1932/2016 1800/1912/1996 1801/1913/1997 
f 1801/1913/1997 1802/1914/1998 1822/1934/2018 1821/1933/2017 
f 1822/1934/2018 1802/1914/1998 1803/1915/1999 1823/1935/2019 
f 1803/1915/1999 1804/1916/2000 1824/1936/2020 1823/1935/2019 
f 1804/1916/2000 1805/1917/2001 1825/1937/2021 1824/1936/2020 
f 1825/1937/2021 1805/1917/2001 1806/1918/2002 1826/1938/2022 
f 1806/1918/2002 1807/1919/2003 1827/1939/2023 1826/1938/2022 
f 1828/1940/2024 1827/1939/2023 1807/1919/2003 1808/1920/2004 
f 1809/1921/2005 1829/1941/2025 1828/1940/2024 1808/1920/2004 
f 1809/1921/2005 1810/1922/2006 1830/1942/2026 1829/1941/2025 
f 1831/1943/2027 1830/1942/2026 1810/1922/2006 1811/1923/2007 
f 1812/1924/2008 1832/1944/2028 1831/1943/2027 1811/1923/2007 
f 1812/1924/2008 1813/1925/2009 1833/1945/2029 1832/1944/2028 
f 1833/1945/2029 1813/1925/2009 1814/1926/2010 1834/1946/2030 
f 1834/1946/2030 1814/1926/2010 1815/1927/2011 1835/1947/2031 
f 1797/1909/1993 1816/1928/2012 1835/1947/2031 1815/1927/2011 
f 1836/1948/2032 1837/1949/2033 1816/1928/2012 1817/1929/2013 
f 1838/1950/2034 1836/1948/2032 1817/1929/2013 1818/1930/2014 
f 1819/1931/2015 1839/1951/2035 1838/1950/2034 1818/1930/2014 
f 1840/1952/2036 1839/1951/2035 1819/1931/2015 1820/1932/2016 
f 1840/1952/2036 1820/1932/2016 1821/1933/2017 1841/1953/2037 
f 1841/1953/2037 1821/1933/2017 1822/1934/2018 1842/1954/2038 
f 1823/1935/2019 1843/1955/2039 1842/1954/2038 1822/1934/2018 
f 1824/1936/2020 1844/1956/2040 1843/1955/2039 1823/1935/2019 
f 1844/1956/2040 1824/1936/2020 1825/1937/2021 1845/1957/2041 
f 1845/1957/2041 1825/1937/2021 1826/1938/2022 1846/1958/2042 
f 1846/1958/2042 1826/1938/2022 1827/1939/2023 1847/1959/2043 
f 1828/1940/2024 1848/1960/2044 1847/1959/2043 1827/1939/2023 
f 1829/1941/2025 1849/1961/2045 1848/1960/2044 1828/1940/2024 
f 1830/1942/2026 1850/1962/2046 1849/1961/2045 1829/1941/2025 
f 1831/1943/2027 1851/1963/2047 1850/1962/2046 1830/1942/2026 
f 1851/1963/2047 1831/1943/2027 1832/1944/2028 1852/1964/2048 
f 1833/1945/2029 1853/1965/2049 1852/1964/2048 1832/1944/2028 
f 1853/1965/2049 1833/1945/2029 1834/1946/2030 1854/1966/2050 
f 1834/1946/2030 1835/1947/2031 1855/1967/2051 1854/1966/2050 
f 1816/1928/2012 1837/1949/2033 1855/1967/2051 1835/1947/2031 
f 1836/1948/2032 1856/1968/2052 1857/1969/2053 1837/1949/2033 
f 1836/1948/2032 1838/1950/2034 1858/1970/2054 1856/1968/2052 
f 1858/1970/2054 1838/1950/2034 1839/1951/2035 1859/1971/2055 
f 1860/1972/2056 1859/1971/2055 1839/1951/2035 1840/1952/2036 
f 1860/1972/2056 1840/1952/2036 1841/1953/2037 1861/1973/2057 
f 1842/1954/2038 1862/1974/2058 1861/1973/2057 1841/1953/2037 
f 1863/1975/2059 1862/1974/2058 1842/1954/2038 1843/1955/2039 
f 1843/1955/2039 1844/1956/2040 1864/1976/2060 1863/1975/2059 
f 1864/1976/2060 1844/1956/2040 1845/1957/2041 1865/1977/2061 
f 1866/1978/2062 1865/1977/2061 1845/1957/2041 1846/1958/2042 
f 1866/1978/2062 1846/1958/2042 1847/1959/2043 1867/1979/2063 
f 1867/1979/2063 1847/1959/2043 1848/1960/2044 1868/1980/2064 
f 1868/1980/2064 1848/1960/2044 1849/1961/2045 1869/1981/2065 
f 1869/1981/2065 1849/1961/2045 1850/1962/2046 1870/1982/2066 
f 1871/1983/2067 1870/1982/2066 1850/1962/2046 1851/1963/2047 
f 1851/1963/2047 1852/1964/2048 1872/1984/2068 1871/1983/2067 
f 1873/1985/2069 1872/1984/2068 1852/1964/2048 1853/1965/2049 
f 1854/1966/2050 1874/1986/2070 1873/1985/2069 1853/1965/2049 
f 1855/1967/2051 1875/1987/2071 1874/1986/2070 1854/1966/2050 
f 1855/1967/2051 1837/1949/2033 1857/1969/2053 1875/1987/2071 
f 1857/1969/2053 1856/1968/2052 1876/1988/2072 1877/1989/2073 
f 1876/1988/2072 1856/1968/2052 1858/1970/2054 1878/1990/2074 
f 1859/1971/2055 1879/1991/2075 1878/1990/2074 1858/1970/2054 
f 1880/1992/2076 1879/1991/2075 1859/1971/2055 1860/1972/2056 
f 1860/1972/2056 1861/1973/2057 1881/1993/2077 1880/1992/2076 
f 1861/1973/2057 1862/1974/2058 1882/1994/2078 1881/1993/2077 
f 1882/1994/2078 1862/1974/2058 1863/1975/2059 1883/1995/2079 
f 1863/1975/2059 1864/1976/2060 1884/1996/2080 1883/1995/2079 
f 1884/1996/2080 1864/1976/2060 1865/1977/2061 1885/1997/2081 
f 1865/1977/2061 1866/1978/2062 1886/1998/2082 1885/1997/2081 
f 1867/1979/2063 1887/1999/2083 1886/1998/2082 1866/1978/2062 
f 1868/1980/2064 1888/2000/2084 1887/1999/2083 1867/1979/2063 
f 1888/2000/2084 1868/1980/2064 1869/1981/2065 1889/2001/2085 
f 1869/1981/2065 1870/1982/2066 1890/2002/2086 1889/2001/2085 
f 1891/2003/2087 1890/2002/2086 1870/1982/2066 1871/1983/2067 
f 1872/1984/2068 1892/2004/2088 1891/2003/2087 1871/1983/2067 
f 1873/1985/2069 1893/2005/2089 1892/2004/2088 1872/1984/2068 
f 1893/2005/2089 1873/1985/2069 1874/1986/2070 1894/2006/2090 
f 1894/2006/2090 1874/1986/2070 1875/1987/2071 1895/2007/2091 
f 1895/2007/2091 1875/1987/2071 1857/1969/2053 1877/1989/2073 
f 1876/1988/2072 1896/2008/2092 1897/2009/2093 1877/1989/2073 
f 1876/1988/2072 1878/1990/2074 1898/2010/2094 1896/2008/2092 
f 1879/1991/2075 1899/2011/2095 1898/2010/2094 1878/1990/2074 
f 1899/2011/2095 1879/1991/2075 1880/1992/2076 1900/2012/2096 
f 1881/1993/2077 1901/2013/2097 1900/2012/2096 1880/1992/2076 
f 1882/1994/2078 1902/2014/2098 1901/2013/2097 1881/1993/2077 
f 1882/1994/2078 1883/1995/2079 1903/2015/2099 1902/2014/2098 
f 1884/1996/2080 1904/2016/2100 1903/2015/2099 1883/1995/2079 
f 1884/1996/2080 1885/1997/2081 1905/2017/2101 1904/2016/2100 
f 1906/2018/2102 1905/2017/2101 1885/1997/2081 1886/1998/2082 
f 1907/2019/2103 1906/2018/2102 1886/1998/2082 1887/1999/2083 
f 1908/2020/2104 1907/2019/2103 1887/1999/2083 1888/2000/2084 
f 1889/2001/2085 1909/2021/2105 1908/2020/2104 1888/2000/2084 
f 1909/2021/2105 1889/2001/2085 1890/2002/2086 1910/2022/2106 
f 1890/2002/2086 1891/2003/2087 1911/2023/2107 1910/2022/2106 
f 1912/2024/2108 1911/2023/2107 1891/2003/2087 1892/2004/2088 
f 1892/2004/2088 1893/2005/2089 1913/2025/2109 1912/2024/2108 
f 1914/2026/2110 1913/2025/2109 1893/2005/2089 1894/2006/2090 
f 1915/2027/2111 1914/2026/2110 1894/2006/2090 1895/2007/2091 
f 1877/1989/2073 1897/2009/2093 1915/2027/2111 1895/2007/2091 
f 1896/2008/2092 1916/2028/2112 1917/2029/2113 1897/2009/2093 
f 1916/2028/2112 1896/2008/2092 1898/2010/2094 1918/2030/2114 
f 1918/2030/2114 1898/2010/2094 1899/2011/2095 1919/2031/2115 
f 1899/2011/2095 1900/2012/2096 1920/2032/2116 1919/2031/2115 
f 1920/2032/2116 1900/2012/2096 1901/2013/2097 1921/2033/2117 
f 1901/2013/2097 1902/2014/2098 1922/2034/2118 1921/2033/2117 
f 1902/2014/2098 1903/2015/2099 1923/2035/2119 1922/2034/2118 
f 1904/2016/2100 1924/2036/2120 1923/2035/2119 1903/2015/2099 
f 1925/2037/2121 1924/2036/2120 1904/2016/2100 1905/2017/2101 
f 1905/2017/2101 1906/2018/2102 1926/2038/2122 1925/2037/2121 
f 1926/2038/2122 1906/2018/2102 1907/2019/2103 1927/2039/2123 
f 1928/2040/2124 1927/2039/2123 1907/2019/2103 1908/2020/2104 
f 1929/2041/2125 1928/2040/2124 1908/2020/2104 1909/2021/2105 
f 1910/2022/2106 1930/2042/2126 1929/2041/2125 1909/2021/2105 
f 1931/2043/2127 1930/2042/2126 1910/2022/2106 1911/2023/2107 
f 1911/2023/2107 1912/2024/2108 1932/2044/2128 1931/2043/2127 
f 1912/2024/2108 1913/2025/2109 1933/2045/2129 1932/2044/2128 
f 1934/2046/2130 1933/2045/2129 1913/2025/2109 1914/2026/2110 
f 1934/2046/2130 1914/2026/2110 1915/2027/2111 1935/2047/2131 
f 1915/2027/2111 1897/2009/2093 1917/2029/2113 1935/2047/2131 
f 1559/1671/1755 1558/1670/1754 1936/2048/2132 
f 1560/1672/1756 1559/1671/1755 1936/2048/2132 
f 1562/1674/1758 1560/1672/1756 1936/2048/2132 
f 1564/1676/1760 1562/1674/1758 1936/2048/2132 
f 1566/1678/1762 1564/1676/1760 1936/2048/2132 
f 1569/1681/1765 1566/1678/1762 1936/2048/2132 
f 1570/1682/1766 1569/1681/1765 1936/2048/2132 
f 1572/1684/1768 1570/1682/1766 1936/2048/2132 
f 1574/1686/1770 1572/1684/1768 1936/2048/2132 
f 1576/1688/1772 1574/1686/1770 1936/2048/2132 
f 1579/1691/1775 1576/1688/1772 1936/2048/2132 
f 1580/1692/1776 1579/1691/1775 1936/2048/2132 
f 1582/1694/1778 1580/1692/1776 1936/2048/2132 
f 1584/1696/1780 1582/1694/1778 1936/2048/2132 
f 1587/1699/1783 1584/1696/1780 1936/2048/2132 
f 1588/1700/1784 1587/1699/1783 1936/2048/2132 
f 1590/1702/1786 1588/1700/1784 1936/2048/2132 
f 1592/1704/1788 1590/1702/1786 1936/2048/2132 
f 1594/1706/1790 1592/1704/1788 1936/2048/2132 
f 1558/1670/1754 1594/1706/1790 1936/2048/2132 
f 1934/2046/2133 1935/2047/2133 1937/2049/2133 1938/2050/2133 
f 1916/2028/2134 1939/2051/2133 1940/2052/2134 1917/2029/2133 
f 1937/2049/2133 1935/2047/2133 1917/2029/2133 1940/2052/2134 
f 1916/2028/2134 1918/2030/2135 1919/2031/2133 1939/2051/2133 
f 1920/2032/2133 1941/2053/2133 1939/2051/2133 1919/2031/2133 
f 1941/2053/2133 1942/2054/2134 1940/2052/2134 1939/2051/2118 
f 1942/2054/2134 1943/2055/2133 1937/2049/2133 1940/2052/2119 
f 1943/2055/2133 1944/2056/2133 1938/2050/2133 1937/2049/2133 
f 1921/2033/2133 1945/2057/2133 1941/2053/2133 1920/2032/2133 
f 1945/2057/2133 1946/2058/2134 1942/2054/2134 1941/2053/2122 
f 1946/2058/2134 1947/2059/2133 1943/2055/2133 1942/2054/2123 
f 1947/2059/2133 1948/2060/2135 1944/2056/2133 1943/2055/2133 
f 1922/2034/2126 1923/2035/2133 1945/2057/2133 1921/2033/2125 
f 1923/2035/2127 1924/2036/2133 1946/2058/2134 1945/2057/2126 
f 1924/2036/2128 1925/2037/2133 1947/2059/2133 1946/2058/2127 
f 1947/2059/2133 1925/2037/2133 1926/2038/2135 1948/2060/2135 
f 1928/2040/2133 1929/2041/2133 1949/2061/2135 1927/2039/2133 
f 1929/2041/2131 1930/2042/2133 1950/2062/2135 1949/2061/2135 
f 1950/2062/2135 1930/2042/2113 1931/2043/2133 1951/2063/2133 
f 1951/2063/2133 1931/2043/2133 1932/2044/2133 1933/2045/2133 
f 1933/2045/2133 1934/2046/2133 1938/2050/2133 1951/2063/2133 
f 1938/2050/2133 1944/2056/2133 1950/2062/2135 1951/2063/2133 
f 1944/2056/2133 1948/2060/2135 1949/2061/2135 1950/2062/2135 
f 1948/2060/2135 1926/2038/2135 1927/2039/2133 1949/2061/2135 
# 384 polygons - 20 triangles

